ISO-10303-21;
HEADER;
FILE_DESCRIPTION (( 'STEP AP214' ),
    '1' );
FILE_NAME ('hull_number_stencil.STEP',
    '2026-07-06T02:39:31',
    ( '' ),
    ( '' ),
    'SwSTEP 2.0',
    'SolidWorks 2024',
    '' );
FILE_SCHEMA (( 'AUTOMOTIVE_DESIGN' ));
ENDSEC;

DATA;
#1 = CARTESIAN_POINT ( 'NONE',  ( -0.5672259383584375980, -4.400000000000011013, 0.01574803149606299191 ) ) ;
#2 = EDGE_LOOP ( 'NONE', ( #443, #395, #630, #581, #1410, #1253, #216, #1416 ) ) ;
#3 = ADVANCED_FACE ( 'NONE', ( #1385 ), #239, .F. ) ;
#4 = VERTEX_POINT ( 'NONE', #280 ) ;
#5 = DIRECTION ( 'NONE',  ( 0.000000000000000000, 1.000000000000000000, -0.000000000000000000 ) ) ;
#6 = CARTESIAN_POINT ( 'NONE',  ( 0.3000000000000115352, -2.750000000000000000, 0.000000000000000000 ) ) ;
#7 = EDGE_CURVE ( 'NONE', #84, #947, #48, .T. ) ;
#8 = ORIENTED_EDGE ( 'NONE', *, *, #360, .T. ) ;
#9 = DIRECTION ( 'NONE',  ( -0.000000000000000000, -0.000000000000000000, -1.000000000000000000 ) ) ;
#10 = ORIENTED_EDGE ( 'NONE', *, *, #115, .F. ) ;
#11 = PLANE ( 'NONE',  #1157 ) ;
#12 = CARTESIAN_POINT ( 'NONE',  ( 0.000000000000000000, 0.5000000000000000000, 0.01574803149606299191 ) ) ;
#13 = PLANE ( 'NONE',  #607 ) ;
#14 = ORIENTED_EDGE ( 'NONE', *, *, #1322, .T. ) ;
#15 = CARTESIAN_POINT ( 'NONE',  ( 0.3834477668897911529, -0.3499999999999999778, 0.000000000000000000 ) ) ;
#16 = ORIENTED_EDGE ( 'NONE', *, *, #53, .T. ) ;
#17 = LINE ( 'NONE', #1039, #318 ) ;
#18 = VECTOR ( 'NONE', #1300, 39.37007874015748143 ) ;
#19 = AXIS2_PLACEMENT_3D ( 'NONE', #1205, #985, #1448 ) ;
#20 = VECTOR ( 'NONE', #85, 39.37007874015748143 ) ;
#21 = ORIENTED_EDGE ( 'NONE', *, *, #248, .F. ) ;
#22 = DIRECTION ( 'NONE',  ( -0.000000000000000000, -0.000000000000000000, -1.000000000000000000 ) ) ;
#23 = DIRECTION ( 'NONE',  ( -0.000000000000000000, 0.000000000000000000, 1.000000000000000000 ) ) ;
#24 = ORIENTED_EDGE ( 'NONE', *, *, #360, .F. ) ;
#25 = EDGE_LOOP ( 'NONE', ( #328, #1442, #74, #387 ) ) ;
#26 = LINE ( 'NONE', #129, #63 ) ;
#27 = EDGE_LOOP ( 'NONE', ( #1370, #296, #695, #867, #429, #912, #652, #1409 ) ) ;
#28 = CARTESIAN_POINT ( 'NONE',  ( 1.438918918918926426, -1.046486486486498668, 0.000000000000000000 ) ) ;
#29 = CARTESIAN_POINT ( 'NONE',  ( -0.000000000000000000, -4.750000000000000000, 0.000000000000000000 ) ) ;
#30 = DIRECTION ( 'NONE',  ( 0.000000000000000000, 1.000000000000000000, -0.000000000000000000 ) ) ;
#31 = ORIENTED_EDGE ( 'NONE', *, *, #225, .F. ) ;
#32 = PLANE ( 'NONE',  #506 ) ;
#33 = EDGE_CURVE ( 'NONE', #1404, #4, #167, .T. ) ;
#34 = FACE_OUTER_BOUND ( 'NONE', #1243, .T. ) ;
#35 = ADVANCED_FACE ( 'NONE', ( #835 ), #369, .F. ) ;
#36 = ORIENTED_EDGE ( 'NONE', *, *, #489, .F. ) ;
#37 = LINE ( 'NONE', #1396, #184 ) ;
#38 = CARTESIAN_POINT ( 'NONE',  ( -1.500000000000000222, -1.821231995776175972E-16, 0.000000000000000000 ) ) ;
#39 = CARTESIAN_POINT ( 'NONE',  ( 0.000000000000000000, -2.750000000000000000, 0.01574803149606299191 ) ) ;
#40 = ORIENTED_EDGE ( 'NONE', *, *, #1169, .F. ) ;
#41 = DIRECTION ( 'NONE',  ( -1.000000000000000000, -3.902639990948949427E-16, 0.000000000000000000 ) ) ;
#42 = DIRECTION ( 'NONE',  ( 1.000000000000000000, 0.000000000000000000, 0.000000000000000000 ) ) ;
#43 = VECTOR ( 'NONE', #1366, 39.37007874015748143 ) ;
#44 = LINE ( 'NONE', #373, #1462 ) ;
#45 = SURFACE_SIDE_STYLE ('',( #1279 ) ) ;
#46 = LINE ( 'NONE', #614, #651 ) ;
#47 = VERTEX_POINT ( 'NONE', #821 ) ;
#48 = LINE ( 'NONE', #158, #1250 ) ;
#49 = FACE_OUTER_BOUND ( 'NONE', #1363, .T. ) ;
#50 = ORIENTED_EDGE ( 'NONE', *, *, #1262, .T. ) ;
#51 = EDGE_CURVE ( 'NONE', #958, #595, #384, .T. ) ;
#52 = ORIENTED_EDGE ( 'NONE', *, *, #1117, .F. ) ;
#53 = EDGE_CURVE ( 'NONE', #737, #1119, #60, .T. ) ;
#54 = ADVANCED_FACE ( 'NONE', ( #364 ), #494, .F. ) ;
#55 = DIRECTION ( 'NONE',  ( 8.278327253528068342E-17, -1.000000000000000000, 0.000000000000000000 ) ) ;
#56 = LINE ( 'NONE', #719, #609 ) ;
#57 = DIRECTION ( 'NONE',  ( -0.000000000000000000, -0.000000000000000000, -1.000000000000000000 ) ) ;
#58 = VERTEX_POINT ( 'NONE', #1054 ) ;
#59 = LINE ( 'NONE', #738, #160 ) ;
#60 = LINE ( 'NONE', #717, #1453 ) ;
#61 = LINE ( 'NONE', #1077, #228 ) ;
#62 = LINE ( 'NONE', #735, #18 ) ;
#63 = VECTOR ( 'NONE', #339, 39.37007874015748854 ) ;
#64 = ORIENTED_EDGE ( 'NONE', *, *, #723, .F. ) ;
#65 = VECTOR ( 'NONE', #256, 39.37007874015748143 ) ;
#66 = AXIS2_PLACEMENT_3D ( 'NONE', #613, #495, #945 ) ;
#67 = DIRECTION ( 'NONE',  ( 0.5125703686733641407, 0.8586452219386371265, 0.000000000000000000 ) ) ;
#68 = EDGE_CURVE ( 'NONE', #399, #536, #948, .T. ) ;
#69 = FACE_OUTER_BOUND ( 'NONE', #257, .T. ) ;
#70 = DIRECTION ( 'NONE',  ( 0.000000000000000000, 0.000000000000000000, 1.000000000000000000 ) ) ;
#71 = VERTEX_POINT ( 'NONE', #1298 ) ;
#72 = CARTESIAN_POINT ( 'NONE',  ( 1.000000000000000222, -4.400000000000011013, 0.01574803149606299191 ) ) ;
#73 = CARTESIAN_POINT ( 'NONE',  ( -3.350983181174965021E-15, -2.500000000000001332, 0.01574803149606299191 ) ) ;
#74 = ORIENTED_EDGE ( 'NONE', *, *, #554, .F. ) ;
#75 = FACE_OUTER_BOUND ( 'NONE', #1193, .T. ) ;
#76 = EDGE_CURVE ( 'NONE', #1131, #753, #928, .T. ) ;
#77 = DIRECTION ( 'NONE',  ( -1.214154663850783899E-16, 1.000000000000000000, 0.000000000000000000 ) ) ;
#78 = ORIENTED_EDGE ( 'NONE', *, *, #217, .F. ) ;
#79 = VERTEX_POINT ( 'NONE', #1180 ) ;
#80 = LINE ( 'NONE', #525, #1196 ) ;
#81 = VERTEX_POINT ( 'NONE', #1274 ) ;
#82 = LINE ( 'NONE', #1337, #819 ) ;
#83 = CARTESIAN_POINT ( 'NONE',  ( 0.6500000000000238920, -2.841121913410937877E-15, 0.01574803149606299191 ) ) ;
#84 = VERTEX_POINT ( 'NONE', #1167 ) ;
#85 = DIRECTION ( 'NONE',  ( -0.000000000000000000, -1.000000000000000000, -0.000000000000000000 ) ) ;
#86 = VECTOR ( 'NONE', #1047, 39.37007874015748143 ) ;
#87 = DIRECTION ( 'NONE',  ( 1.000000000000000000, 0.000000000000000000, 0.000000000000000000 ) ) ;
#88 = DIRECTION ( 'NONE',  ( -0.000000000000000000, -0.000000000000000000, -1.000000000000000000 ) ) ;
#89 = VERTEX_POINT ( 'NONE', #250 ) ;
#90 = CARTESIAN_POINT ( 'NONE',  ( 1.499999999999999334, 3.375000000000001776, 0.01574803149606299191 ) ) ;
#91 = VECTOR ( 'NONE', #260, 39.37007874015748143 ) ;
#92 = DIRECTION ( 'NONE',  ( -4.370956789862820361E-15, -1.000000000000000000, 0.000000000000000000 ) ) ;
#93 = EDGE_LOOP ( 'NONE', ( #615, #1005, #1336, #122 ) ) ;
#94 = VERTEX_POINT ( 'NONE', #612 ) ;
#95 = DIRECTION ( 'NONE',  ( 0.000000000000000000, 0.000000000000000000, 1.000000000000000000 ) ) ;
#96 = DIRECTION ( 'NONE',  ( -0.8087360843031887736, 0.5881716976750459569, 0.000000000000000000 ) ) ;
#97 = ADVANCED_FACE ( 'NONE', ( #730 ), #944, .F. ) ;
#98 = ADVANCED_FACE ( 'NONE', ( #265 ), #844, .F. ) ;
#99 = FACE_OUTER_BOUND ( 'NONE', #533, .T. ) ;
#100 = CARTESIAN_POINT ( 'NONE',  ( 0.2374999999999997113, -4.750000000000000000, -2.000976324197765610 ) ) ;
#101 = EDGE_LOOP ( 'NONE', ( #334, #291, #800, #1130 ) ) ;
#102 = VERTEX_POINT ( 'NONE', #1305 ) ;
#103 = LINE ( 'NONE', #317, #488 ) ;
#104 = LINE ( 'NONE', #546, #162 ) ;
#105 = EDGE_LOOP ( 'NONE', ( #946, #716, #278, #1025 ) ) ;
#106 = CARTESIAN_POINT ( 'NONE',  ( 0.3000000000000115352, 0.000000000000000000, 0.01574803149606299191 ) ) ;
#107 = CARTESIAN_POINT ( 'NONE',  ( -1.296216216216216299, 0.9427027027027021777, 0.01574803149606299191 ) ) ;
#108 = ORIENTED_EDGE ( 'NONE', *, *, #765, .T. ) ;
#109 = LINE ( 'NONE', #12, #1028 ) ;
#110 = VECTOR ( 'NONE', #1403, 39.37007874015748143 ) ;
#111 = DIRECTION ( 'NONE',  ( -0.8087360843031866642, 0.5881716976750489545, 0.000000000000000000 ) ) ;
#112 = ORIENTED_EDGE ( 'NONE', *, *, #481, .F. ) ;
#113 = AXIS2_PLACEMENT_3D ( 'NONE', #759, #1355, #411 ) ;
#114 = CARTESIAN_POINT ( 'NONE',  ( 0.9999999999999996669, 0.9999999999999998890, 0.01574803149606299191 ) ) ;
#115 = EDGE_CURVE ( 'NONE', #622, #995, #1401, .T. ) ;
#116 = PRODUCT ( 'hull_number_stencil', 'hull_number_stencil', '', ( #596 ) ) ;
#117 = VERTEX_POINT ( 'NONE', #378 ) ;
#118 = DIRECTION ( 'NONE',  ( -1.000000000000000000, -1.050710766793947430E-16, 0.000000000000000000 ) ) ;
#119 = DIRECTION ( 'NONE',  ( -0.000000000000000000, -0.000000000000000000, -1.000000000000000000 ) ) ;
#120 = PRODUCT_DEFINITION_CONTEXT ( 'detailed design', #467, 'design' ) ;
#121 = DIRECTION ( 'NONE',  ( 0.000000000000000000, 0.000000000000000000, 1.000000000000000000 ) ) ;
#122 = ORIENTED_EDGE ( 'NONE', *, *, #1056, .T. ) ;
#123 = ADVANCED_FACE ( 'NONE', ( #259 ), #32, .F. ) ;
#124 = ADVANCED_FACE ( 'NONE', ( #170 ), #704, .F. ) ;
#125 = CARTESIAN_POINT ( 'NONE',  ( 1.721976548425033116, -1.252346580672760057, 0.01574803149606299191 ) ) ;
#126 = CARTESIAN_POINT ( 'NONE',  ( 0.000000000000000000, 3.375000000000001776, 0.01574803149606299191 ) ) ;
#127 = ORIENTED_EDGE ( 'NONE', *, *, #217, .T. ) ;
#128 = ORIENTED_EDGE ( 'NONE', *, *, #1080, .F. ) ;
#129 = CARTESIAN_POINT ( 'NONE',  ( 1.438918918918926426, -1.046486486486498668, 0.01574803149606299191 ) ) ;
#130 = DIRECTION ( 'NONE',  ( 0.000000000000000000, 1.000000000000000000, 0.000000000000000000 ) ) ;
#131 = DIRECTION ( 'NONE',  ( 1.000000000000000000, 0.000000000000000000, 0.000000000000000000 ) ) ;
#132 = EDGE_LOOP ( 'NONE', ( #31, #964, #1019, #1036 ) ) ;
#133 = VERTEX_POINT ( 'NONE', #485 ) ;
#134 = CARTESIAN_POINT ( 'NONE',  ( 0.3000000000000115352, -2.750000000000000000, 0.01574803149606299191 ) ) ;
#135 = MECHANICAL_DESIGN_GEOMETRIC_PRESENTATION_REPRESENTATION (  '', ( #1195 ), #528 ) ;
#136 = LINE ( 'NONE', #1040, #432 ) ;
#137 = DIRECTION ( 'NONE',  ( 1.000000000000000000, 0.000000000000000000, 0.000000000000000000 ) ) ;
#138 = DIRECTION ( 'NONE',  ( 1.000000000000000000, 0.000000000000000000, 0.000000000000000000 ) ) ;
#139 = VECTOR ( 'NONE', #787, 39.37007874015748143 ) ;
#140 = DIRECTION ( 'NONE',  ( -0.000000000000000000, -0.000000000000000000, -1.000000000000000000 ) ) ;
#141 = ORIENTED_EDGE ( 'NONE', *, *, #1128, .T. ) ;
#142 = EDGE_CURVE ( 'NONE', #534, #643, #848, .T. ) ;
#143 = AXIS2_PLACEMENT_3D ( 'NONE', #1383, #1282, #1033 ) ;
#144 = DIRECTION ( 'NONE',  ( 1.000000000000000000, -1.340393272469985693E-15, 0.000000000000000000 ) ) ;
#145 = EDGE_CURVE ( 'NONE', #102, #1075, #62, .T. ) ;
#146 = ADVANCED_BREP_SHAPE_REPRESENTATION ( 'hull_number_stencil', ( #349, #143 ), #654 ) ;
#147 = CARTESIAN_POINT ( 'NONE',  ( 0.2999999999999997113, 0.000000000000000000, 0.01574803149606299191 ) ) ;
#148 = DIRECTION ( 'NONE',  ( 0.5881716976750486214, 0.8087360843031865532, 0.000000000000000000 ) ) ;
#149 = CARTESIAN_POINT ( 'NONE',  ( 0.3834477668897911529, -0.3499999999999999778, 0.01574803149606299191 ) ) ;
#150 = CARTESIAN_POINT ( 'NONE',  ( 0.000000000000000000, 0.000000000000000000, 0.000000000000000000 ) ) ;
#151 = VERTEX_POINT ( 'NONE', #1207 ) ;
#152 = PLANE ( 'NONE',  #408 ) ;
#153 = DIRECTION ( 'NONE',  ( 1.000000000000000000, 8.278327253528016573E-17, -0.000000000000000000 ) ) ;
#154 = DIRECTION ( 'NONE',  ( 1.000000000000000000, 0.000000000000000000, 0.000000000000000000 ) ) ;
#155 = CARTESIAN_POINT ( 'NONE',  ( 0.2999999999999997113, 0.000000000000000000, 0.000000000000000000 ) ) ;
#156 = ORIENTED_EDGE ( 'NONE', *, *, #357, .T. ) ;
#157 = LINE ( 'NONE', #1378, #511 ) ;
#158 = CARTESIAN_POINT ( 'NONE',  ( 0.6499999999999994671, -1.775701195881770352E-16, 0.01574803149606299191 ) ) ;
#159 = CARTESIAN_POINT ( 'NONE',  ( 1.500000000000000666, -5.624999999999998224, 0.000000000000000000 ) ) ;
#160 = VECTOR ( 'NONE', #180, 39.37007874015748143 ) ;
#161 = EDGE_CURVE ( 'NONE', #71, #668, #294, .T. ) ;
#162 = VECTOR ( 'NONE', #336, 39.37007874015748143 ) ;
#163 = ORIENTED_EDGE ( 'NONE', *, *, #1150, .F. ) ;
#164 = EDGE_CURVE ( 'NONE', #498, #1136, #1084, .T. ) ;
#165 = VECTOR ( 'NONE', #911, 39.37007874015748143 ) ;
#166 = ORIENTED_EDGE ( 'NONE', *, *, #1169, .T. ) ;
#167 = LINE ( 'NONE', #1076, #552 ) ;
#168 = DIRECTION ( 'NONE',  ( 0.000000000000000000, 1.000000000000000000, 0.000000000000000000 ) ) ;
#169 = ORIENTED_EDGE ( 'NONE', *, *, #266, .T. ) ;
#170 = FACE_OUTER_BOUND ( 'NONE', #25, .T. ) ;
#171 = CARTESIAN_POINT ( 'NONE',  ( 0.6500000000000010214, -5.250000000000000000, 0.01574803149606299191 ) ) ;
#172 = ORIENTED_EDGE ( 'NONE', *, *, #424, .F. ) ;
#173 = ORIENTED_EDGE ( 'NONE', *, *, #225, .T. ) ;
#174 = EDGE_CURVE ( 'NONE', #234, #331, #276, .T. ) ;
#175 = DIRECTION ( 'NONE',  ( 1.974666524494732798E-16, -1.000000000000000000, 0.000000000000000000 ) ) ;
#176 = PLANE ( 'NONE',  #556 ) ;
#177 = VECTOR ( 'NONE', #637, 39.37007874015748143 ) ;
#178 = EDGE_LOOP ( 'NONE', ( #732, #1198, #1377, #419 ) ) ;
#179 = AXIS2_PLACEMENT_3D ( 'NONE', #679, #350, #1242 ) ;
#180 = DIRECTION ( 'NONE',  ( 1.000000000000000000, 0.000000000000000000, 0.000000000000000000 ) ) ;
#181 = VECTOR ( 'NONE', #1185, 39.37007874015748143 ) ;
#182 = EDGE_CURVE ( 'NONE', #81, #1124, #633, .T. ) ;
#183 = CARTESIAN_POINT ( 'NONE',  ( -0.000000000000000000, -5.250000000000000000, 0.000000000000000000 ) ) ;
#184 = VECTOR ( 'NONE', #714, 39.37007874015748143 ) ;
#185 = ADVANCED_FACE ( 'NONE', ( #69 ), #401, .F. ) ;
#186 = EDGE_LOOP ( 'NONE', ( #420, #368, #24, #744 ) ) ;
#187 = PLANE ( 'NONE',  #1431 ) ;
#188 = VERTEX_POINT ( 'NONE', #623 ) ;
#189 = ORIENTED_EDGE ( 'NONE', *, *, #1308, .F. ) ;
#190 = FACE_OUTER_BOUND ( 'NONE', #224, .T. ) ;
#191 = ORIENTED_EDGE ( 'NONE', *, *, #572, .T. ) ;
#192 = CARTESIAN_POINT ( 'NONE',  ( 1.500000000000000666, -5.624999999999998224, 0.01574803149606299191 ) ) ;
#193 = CARTESIAN_POINT ( 'NONE',  ( 0.2374999999999997113, 3.000000000000000444, 0.01574803149606299191 ) ) ;
#194 = EDGE_CURVE ( 'NONE', #151, #553, #616, .T. ) ;
#195 = DIRECTION ( 'NONE',  ( -0.000000000000000000, -0.000000000000000000, -1.000000000000000000 ) ) ;
#196 = EDGE_LOOP ( 'NONE', ( #1178, #163, #1236, #413 ) ) ;
#197 = EDGE_CURVE ( 'NONE', #1096, #204, #59, .T. ) ;
#198 = EDGE_CURVE ( 'NONE', #641, #530, #503, .T. ) ;
#199 = CARTESIAN_POINT ( 'NONE',  ( 0.2374999999999997113, -4.750000000000000000, 0.01574803149606299191 ) ) ;
#200 = AXIS2_PLACEMENT_3D ( 'NONE', #856, #168, #729 ) ;
#201 = CARTESIAN_POINT ( 'NONE',  ( 0.000000000000000000, 0.5000000000000000000, 0.01574803149606299191 ) ) ;
#202 = VECTOR ( 'NONE', #1197, 39.37007874015748143 ) ;
#203 = FACE_OUTER_BOUND ( 'NONE', #571, .T. ) ;
#204 = VERTEX_POINT ( 'NONE', #72 ) ;
#205 = DIRECTION ( 'NONE',  ( 0.000000000000000000, -0.000000000000000000, 1.000000000000000000 ) ) ;
#206 = CARTESIAN_POINT ( 'NONE',  ( 1.721976548425033116, -1.252346580672760057, 0.000000000000000000 ) ) ;
#207 = ORIENTED_EDGE ( 'NONE', *, *, #340, .F. ) ;
#208 = CARTESIAN_POINT ( 'NONE',  ( -1.050710766793947306E-16, 1.000000000000000000, 0.01574803149606299191 ) ) ;
#209 = DIRECTION ( 'NONE',  ( -0.000000000000000000, 0.000000000000000000, -1.000000000000000000 ) ) ;
#210 = ORIENTED_EDGE ( 'NONE', *, *, #508, .T. ) ;
#211 = CARTESIAN_POINT ( 'NONE',  ( -0.5672259383584375980, -4.400000000000011013, 0.000000000000000000 ) ) ;
#212 = LINE ( 'NONE', #871, #351 ) ;
#213 = ORIENTED_EDGE ( 'NONE', *, *, #1097, .T. ) ;
#214 = ORIENTED_EDGE ( 'NONE', *, *, #227, .T. ) ;
#215 = CARTESIAN_POINT ( 'NONE',  ( -1.296216216216216299, 0.9427027027027021777, 0.01574803149606299191 ) ) ;
#216 = ORIENTED_EDGE ( 'NONE', *, *, #600, .T. ) ;
#217 = EDGE_CURVE ( 'NONE', #967, #1131, #1353, .T. ) ;
#218 = DIRECTION ( 'NONE',  ( 0.000000000000000000, -1.000000000000000000, 0.000000000000000000 ) ) ;
#219 = CARTESIAN_POINT ( 'NONE',  ( 0.000000000000000000, 3.000000000000000444, 0.01574803149606299191 ) ) ;
#220 = ORIENTED_EDGE ( 'NONE', *, *, #632, .T. ) ;
#221 = CARTESIAN_POINT ( 'NONE',  ( 0.1999999999999997891, 3.000000000000000444, 0.01574803149606299191 ) ) ;
#222 = DIRECTION ( 'NONE',  ( 1.000000000000000000, 0.000000000000000000, 0.000000000000000000 ) ) ;
#223 = VECTOR ( 'NONE', #1340, 39.37007874015748143 ) ;
#224 = EDGE_LOOP ( 'NONE', ( #108, #1324, #301, #229 ) ) ;
#225 = EDGE_CURVE ( 'NONE', #991, #523, #1022, .T. ) ;
#226 = LINE ( 'NONE', #1010, #935 ) ;
#227 = EDGE_CURVE ( 'NONE', #298, #81, #883, .T. ) ;
#228 = VECTOR ( 'NONE', #954, 39.37007874015748143 ) ;
#229 = ORIENTED_EDGE ( 'NONE', *, *, #680, .T. ) ;
#230 = CARTESIAN_POINT ( 'NONE',  ( -1.296216216216216299, 0.9427027027027021777, 0.000000000000000000 ) ) ;
#231 = DIRECTION ( 'NONE',  ( 0.000000000000000000, 0.000000000000000000, -1.000000000000000000 ) ) ;
#232 = CARTESIAN_POINT ( 'NONE',  ( 0.000000000000000000, -5.250000000000000000, 0.01574803149606299191 ) ) ;
#233 = ORIENTED_EDGE ( 'NONE', *, *, #197, .T. ) ;
#234 = VERTEX_POINT ( 'NONE', #421 ) ;
#235 = DIRECTION ( 'NONE',  ( -1.517693329813479812E-16, 1.000000000000000000, 0.000000000000000000 ) ) ;
#236 =( NAMED_UNIT ( * ) PLANE_ANGLE_UNIT ( ) SI_UNIT ( $, .RADIAN. ) );
#237 = DIRECTION ( 'NONE',  ( 0.000000000000000000, -1.000000000000000000, 0.000000000000000000 ) ) ;
#238 = ORIENTED_EDGE ( 'NONE', *, *, #289, .T. ) ;
#239 = PLANE ( 'NONE',  #249 ) ;
#240 = CARTESIAN_POINT ( 'NONE',  ( -0.9999999999999998890, -4.400000000000000355, 0.000000000000000000 ) ) ;
#241 = EDGE_CURVE ( 'NONE', #188, #89, #666, .T. ) ;
#242 = CARTESIAN_POINT ( 'NONE',  ( 1.000000000000000222, -4.750000000000000000, 0.01574803149606299191 ) ) ;
#243 = CARTESIAN_POINT ( 'NONE',  ( -1.000000000000000222, 0.9999999999999998890, 0.000000000000000000 ) ) ;
#244 = SURFACE_STYLE_USAGE ( .BOTH. , #45 ) ;
#245 = DIRECTION ( 'NONE',  ( 0.000000000000000000, -0.000000000000000000, -1.000000000000000000 ) ) ;
#246 = ADVANCED_FACE ( 'NONE', ( #1255 ), #447, .F. ) ;
#247 = ORIENTED_EDGE ( 'NONE', *, *, #1399, .T. ) ;
#248 = EDGE_CURVE ( 'NONE', #737, #920, #1007, .T. ) ;
#249 = AXIS2_PLACEMENT_3D ( 'NONE', #1456, #689, #937 ) ;
#250 = CARTESIAN_POINT ( 'NONE',  ( 0.9999999999999996669, 1.349999999999999867, 0.000000000000000000 ) ) ;
#251 = VECTOR ( 'NONE', #1352, 39.37007874015748143 ) ;
#252 = ORIENTED_EDGE ( 'NONE', *, *, #799, .T. ) ;
#253 = VECTOR ( 'NONE', #92, 39.37007874015748143 ) ;
#254 = PRESENTATION_STYLE_ASSIGNMENT (( #244 ) ) ;
#255 = VECTOR ( 'NONE', #725, 39.37007874015748143 ) ;
#256 = DIRECTION ( 'NONE',  ( -0.5125703686733642517, -0.8586452219386371265, 0.000000000000000000 ) ) ;
#257 = EDGE_LOOP ( 'NONE', ( #895, #1316, #806, #402 ) ) ;
#258 = LINE ( 'NONE', #936, #1277 ) ;
#259 = FACE_OUTER_BOUND ( 'NONE', #1344, .T. ) ;
#260 = DIRECTION ( 'NONE',  ( 0.000000000000000000, 1.000000000000000000, 0.000000000000000000 ) ) ;
#261 = DIRECTION ( 'NONE',  ( 8.278327253528015340E-17, -1.000000000000000000, 0.000000000000000000 ) ) ;
#262 = DIRECTION ( 'NONE',  ( 0.000000000000000000, -0.000000000000000000, 1.000000000000000000 ) ) ;
#263 = VERTEX_POINT ( 'NONE', #1139 ) ;
#264 = EDGE_CURVE ( 'NONE', #1075, #991, #1122, .T. ) ;
#265 = FACE_OUTER_BOUND ( 'NONE', #804, .T. ) ;
#266 = EDGE_CURVE ( 'NONE', #947, #1049, #109, .T. ) ;
#267 = CARTESIAN_POINT ( 'NONE',  ( 0.6499999999999995781, 3.000000000000000444, 0.000000000000000000 ) ) ;
#268 = CARTESIAN_POINT ( 'NONE',  ( 0.2374999999999997113, 1.000000000000000000, 0.000000000000000000 ) ) ;
#269 = DIRECTION ( 'NONE',  ( -0.000000000000000000, -0.000000000000000000, -1.000000000000000000 ) ) ;
#270 = ORIENTED_EDGE ( 'NONE', *, *, #592, .F. ) ;
#271 = CARTESIAN_POINT ( 'NONE',  ( 0.4367457894795283568, -0.2607164689330322971, 0.000000000000000000 ) ) ;
#272 = FACE_BOUND ( 'NONE', #1327, .T. ) ;
#273 = VECTOR ( 'NONE', #1170, 39.37007874015748143 ) ;
#274 = AXIS2_PLACEMENT_3D ( 'NONE', #1109, #111, #559 ) ;
#275 = CARTESIAN_POINT ( 'NONE',  ( 0.6499999999999998002, 1.349999999999999867, 0.01574803149606299191 ) ) ;
#276 = LINE ( 'NONE', #1073, #1127 ) ;
#277 = DIRECTION ( 'NONE',  ( 1.000000000000000000, 0.000000000000000000, 0.000000000000000000 ) ) ;
#278 = ORIENTED_EDGE ( 'NONE', *, *, #1414, .F. ) ;
#279 = VECTOR ( 'NONE', #1365, 39.37007874015748143 ) ;
#280 = CARTESIAN_POINT ( 'NONE',  ( 0.6499999999999998002, 1.349999999999999867, 0.000000000000000000 ) ) ;
#281 = DIRECTION ( 'NONE',  ( 0.000000000000000000, 1.000000000000000000, -0.000000000000000000 ) ) ;
#282 =( CONVERSION_BASED_UNIT ( 'INCH', #1301 ) LENGTH_UNIT ( ) NAMED_UNIT ( #1348 ) );
#283 = VERTEX_POINT ( 'NONE', #874 ) ;
#284 = CARTESIAN_POINT ( 'NONE',  ( -0.9000000000000001332, -2.500000000000000000, 0.01574803149606299191 ) ) ;
#285 = CARTESIAN_POINT ( 'NONE',  ( 0.7372716171580513400, -0.4401160979687098185, 0.01574803149606299191 ) ) ;
#286 = CARTESIAN_POINT ( 'NONE',  ( 0.2999999999999997113, 3.000000000000000444, -2.000976324197765610 ) ) ;
#287 = ADVANCED_FACE ( 'NONE', ( #310 ), #1219, .F. ) ;
#288 = ORIENTED_EDGE ( 'NONE', *, *, #76, .T. ) ;
#289 = EDGE_CURVE ( 'NONE', #283, #298, #342, .T. ) ;
#290 = CARTESIAN_POINT ( 'NONE',  ( 6.911332835731564917E-17, -0.3500000000000000333, 0.01574803149606299191 ) ) ;
#291 = ORIENTED_EDGE ( 'NONE', *, *, #723, .T. ) ;
#292 = DIRECTION ( 'NONE',  ( 0.000000000000000000, 1.000000000000000000, 0.000000000000000000 ) ) ;
#293 = AXIS2_PLACEMENT_3D ( 'NONE', #1406, #1412, #389 ) ;
#294 = LINE ( 'NONE', #742, #843 ) ;
#295 = LINE ( 'NONE', #973, #939 ) ;
#296 = ORIENTED_EDGE ( 'NONE', *, *, #306, .T. ) ;
#297 = VECTOR ( 'NONE', #706, 39.37007874015748143 ) ;
#298 = VERTEX_POINT ( 'NONE', #1114 ) ;
#299 = CARTESIAN_POINT ( 'NONE',  ( 0.2374999999999997113, 1.000000000000000000, -2.000976324197765610 ) ) ;
#300 = EDGE_LOOP ( 'NONE', ( #760, #426, #562, #1463 ) ) ;
#301 = ORIENTED_EDGE ( 'NONE', *, *, #923, .F. ) ;
#302 = PLANE ( 'NONE',  #1417 ) ;
#303 = ADVANCED_FACE ( 'NONE', ( #1445 ), #1106, .F. ) ;
#304 = ORIENTED_EDGE ( 'NONE', *, *, #289, .F. ) ;
#305 = PLANE ( 'NONE',  #971 ) ;
#306 = EDGE_CURVE ( 'NONE', #523, #678, #989, .T. ) ;
#307 = EDGE_CURVE ( 'NONE', #671, #1093, #104, .T. ) ;
#308 = DIRECTION ( 'NONE',  ( 1.214154663850783899E-16, -1.000000000000000000, 0.000000000000000000 ) ) ;
#309 = ORIENTED_EDGE ( 'NONE', *, *, #1292, .T. ) ;
#310 = FACE_OUTER_BOUND ( 'NONE', #756, .T. ) ;
#311 = CARTESIAN_POINT ( 'NONE',  ( 1.865748365121865150E-32, -1.365923996832131609E-16, 0.01574803149606299191 ) ) ;
#312 = ORIENTED_EDGE ( 'NONE', *, *, #227, .F. ) ;
#313 = CARTESIAN_POINT ( 'NONE',  ( 0.2374999999999997113, -3.293501834757166513, 0.000000000000000000 ) ) ;
#314 = LINE ( 'NONE', #755, #1134 ) ;
#315 = ORIENTED_EDGE ( 'NONE', *, *, #639, .T. ) ;
#316 = VERTEX_POINT ( 'NONE', #997 ) ;
#317 = CARTESIAN_POINT ( 'NONE',  ( 0.9999999999999998890, -1.516480271171051896E-32, 0.01574803149606299191 ) ) ;
#318 = VECTOR ( 'NONE', #1118, 39.37007874015748143 ) ;
#319 = CARTESIAN_POINT ( 'NONE',  ( 0.6500000000000007994, -4.400000000000011013, 0.01574803149606299191 ) ) ;
#320 = DIRECTION ( 'NONE',  ( 0.000000000000000000, -1.000000000000000000, 0.000000000000000000 ) ) ;
#321 = VECTOR ( 'NONE', #577, 39.37007874015748143 ) ;
#322 = VECTOR ( 'NONE', #464, 39.37007874015748143 ) ;
#323 = DIRECTION ( 'NONE',  ( 0.000000000000000000, 0.000000000000000000, 1.000000000000000000 ) ) ;
#324 = AXIS2_PLACEMENT_3D ( 'NONE', #219, #1154, #1251 ) ;
#325 = VERTEX_POINT ( 'NONE', #892 ) ;
#326 = CARTESIAN_POINT ( 'NONE',  ( 0.2374999999999997113, 1.000000000000000000, 0.01574803149606299191 ) ) ;
#327 = VERTEX_POINT ( 'NONE', #1464 ) ;
#328 = ORIENTED_EDGE ( 'NONE', *, *, #1411, .T. ) ;
#329 = DIRECTION ( 'NONE',  ( -1.000000000000000000, 0.000000000000000000, 0.000000000000000000 ) ) ;
#330 = ADVANCED_FACE ( 'NONE', ( #781 ), #441, .F. ) ;
#331 = VERTEX_POINT ( 'NONE', #1361 ) ;
#332 = ORIENTED_EDGE ( 'NONE', *, *, #385, .F. ) ;
#333 = LINE ( 'NONE', #326, #579 ) ;
#334 = ORIENTED_EDGE ( 'NONE', *, *, #1188, .F. ) ;
#335 = ORIENTED_EDGE ( 'NONE', *, *, #879, .F. ) ;
#336 = DIRECTION ( 'NONE',  ( -0.5881716976750459569, -0.8087360843031886626, 0.000000000000000000 ) ) ;
#337 = EDGE_CURVE ( 'NONE', #901, #79, #1246, .T. ) ;
#338 = ORIENTED_EDGE ( 'NONE', *, *, #76, .F. ) ;
#339 = DIRECTION ( 'NONE',  ( 0.5881716976750486214, 0.8087360843031865532, 0.000000000000000000 ) ) ;
#340 = EDGE_CURVE ( 'NONE', #1120, #882, #563, .T. ) ;
#341 = ORIENTED_EDGE ( 'NONE', *, *, #1411, .F. ) ;
#342 = LINE ( 'NONE', #1452, #696 ) ;
#343 = LINE ( 'NONE', #1135, #321 ) ;
#344 = ORIENTED_EDGE ( 'NONE', *, *, #7, .F. ) ;
#345 = VECTOR ( 'NONE', #917, 39.37007874015748143 ) ;
#346 = DIRECTION ( 'NONE',  ( 1.000000000000000000, -4.370956789862821150E-15, 0.000000000000000000 ) ) ;
#347 = VERTEX_POINT ( 'NONE', #1050 ) ;
#348 = VECTOR ( 'NONE', #1367, 39.37007874015748143 ) ;
#349 = MANIFOLD_SOLID_BREP ( 'Boss-Extrude2', #645 ) ;
#350 = DIRECTION ( 'NONE',  ( -0.8087360843031867752, 0.5881716976750486214, 0.000000000000000000 ) ) ;
#351 = VECTOR ( 'NONE', #414, 39.37007874015748143 ) ;
#352 = CARTESIAN_POINT ( 'NONE',  ( 0.000000000000000000, 1.349999999999999867, 0.01574803149606299191 ) ) ;
#353 = CARTESIAN_POINT ( 'NONE',  ( 0.000000000000000000, 0.9999999999999998890, 0.01574803149606299191 ) ) ;
#354 = ORIENTED_EDGE ( 'NONE', *, *, #68, .F. ) ;
#355 = VERTEX_POINT ( 'NONE', #149 ) ;
#356 = PLANE ( 'NONE',  #179 ) ;
#357 = EDGE_CURVE ( 'NONE', #355, #1400, #1163, .T. ) ;
#358 = PLANE ( 'NONE',  #324 ) ;
#359 = EDGE_CURVE ( 'NONE', #71, #1338, #1294, .T. ) ;
#360 = EDGE_CURVE ( 'NONE', #665, #668, #610, .T. ) ;
#361 = LENGTH_MEASURE_WITH_UNIT ( LENGTH_MEASURE( 0.02539999999999999897 ), #490 );
#362 = DIRECTION ( 'NONE',  ( -0.000000000000000000, -0.000000000000000000, -1.000000000000000000 ) ) ;
#363 = ORIENTED_EDGE ( 'NONE', *, *, #33, .T. ) ;
#364 = FACE_OUTER_BOUND ( 'NONE', #178, .T. ) ;
#365 = LINE ( 'NONE', #1278, #1438 ) ;
#366 =( NAMED_UNIT ( * ) SI_UNIT ( $, .STERADIAN. ) SOLID_ANGLE_UNIT ( ) );
#367 = CARTESIAN_POINT ( 'NONE',  ( 0.2374999999999997113, -4.400000000000011013, 0.000000000000000000 ) ) ;
#368 = ORIENTED_EDGE ( 'NONE', *, *, #161, .T. ) ;
#369 = PLANE ( 'NONE',  #624 ) ;
#370 = VECTOR ( 'NONE', #138, 39.37007874015748143 ) ;
#371 = DIRECTION ( 'NONE',  ( -0.000000000000000000, 0.000000000000000000, 1.000000000000000000 ) ) ;
#372 = AXIS2_PLACEMENT_3D ( 'NONE', #667, #650, #775 ) ;
#373 = CARTESIAN_POINT ( 'NONE',  ( 1.000000000000000222, -4.750000000000000000, 0.01574803149606299191 ) ) ;
#374 = CARTESIAN_POINT ( 'NONE',  ( 0.3834477668897911529, -0.3499999999999999778, 0.01574803149606299191 ) ) ;
#375 = LINE ( 'NONE', #39, #1003 ) ;
#376 = EDGE_LOOP ( 'NONE', ( #1439, #1427, #1110, #793, #865, #1290, #1052, #169 ) ) ;
#377 = EDGE_CURVE ( 'NONE', #536, #540, #1029, .T. ) ;
#378 = CARTESIAN_POINT ( 'NONE',  ( -1.000000000000000000, -2.731847993664263218E-16, 0.000000000000000000 ) ) ;
#379 = DIRECTION ( 'NONE',  ( 1.000000000000000000, -2.731847993664264205E-16, 0.000000000000000000 ) ) ;
#380 = DIRECTION ( 'NONE',  ( -1.000000000000000000, -1.974666524494732798E-16, 0.000000000000000000 ) ) ;
#381 =( LENGTH_UNIT ( ) NAMED_UNIT ( * ) SI_UNIT ( $, .METRE. ) );
#382 = VERTEX_POINT ( 'NONE', #715 ) ;
#383 = EDGE_CURVE ( 'NONE', #355, #753, #1177, .T. ) ;
#384 = LINE ( 'NONE', #604, #740 ) ;
#385 = EDGE_CURVE ( 'NONE', #1093, #71, #453, .T. ) ;
#386 = DIRECTION ( 'NONE',  ( 1.000000000000000000, 1.365923996832131609E-16, 0.000000000000000000 ) ) ;
#387 = ORIENTED_EDGE ( 'NONE', *, *, #1117, .T. ) ;
#388 = ORIENTED_EDGE ( 'NONE', *, *, #551, .T. ) ;
#389 = DIRECTION ( 'NONE',  ( -8.278327253528068342E-17, 1.000000000000000000, 0.000000000000000000 ) ) ;
#390 = VECTOR ( 'NONE', #952, 39.37007874015748143 ) ;
#391 = LINE ( 'NONE', #1413, #1325 ) ;
#392 = AXIS2_PLACEMENT_3D ( 'NONE', #520, #878, #404 ) ;
#393 = VECTOR ( 'NONE', #130, 39.37007874015748143 ) ;
#394 = AXIS2_PLACEMENT_3D ( 'NONE', #1147, #1247, #121 ) ;
#395 = ORIENTED_EDGE ( 'NONE', *, *, #264, .F. ) ;
#396 = CARTESIAN_POINT ( 'NONE',  ( 0.2374999999999997113, 1.000000000000000000, 0.000000000000000000 ) ) ;
#397 = EDGE_CURVE ( 'NONE', #643, #263, #1067, .T. ) ;
#398 = EDGE_CURVE ( 'NONE', #595, #133, #1158, .T. ) ;
#399 = VERTEX_POINT ( 'NONE', #1289 ) ;
#400 = LINE ( 'NONE', #183, #1395 ) ;
#401 = PLANE ( 'NONE',  #200 ) ;
#402 = ORIENTED_EDGE ( 'NONE', *, *, #1347, .T. ) ;
#403 = ORIENTED_EDGE ( 'NONE', *, *, #1083, .F. ) ;
#404 = DIRECTION ( 'NONE',  ( 0.000000000000000000, -0.000000000000000000, 1.000000000000000000 ) ) ;
#405 = VECTOR ( 'NONE', #428, 39.37007874015748143 ) ;
#406 = DIRECTION ( 'NONE',  ( 1.000000000000000000, 0.000000000000000000, 0.000000000000000000 ) ) ;
#407 = ORIENTED_EDGE ( 'NONE', *, *, #1414, .T. ) ;
#408 = AXIS2_PLACEMENT_3D ( 'NONE', #1053, #1172, #597 ) ;
#409 = ADVANCED_FACE ( 'NONE', ( #814 ), #1043, .F. ) ;
#410 = EDGE_CURVE ( 'NONE', #47, #331, #709, .T. ) ;
#411 = DIRECTION ( 'NONE',  ( 0.000000000000000000, 0.000000000000000000, 1.000000000000000000 ) ) ;
#412 = DIRECTION ( 'NONE',  ( -1.000000000000000000, -1.050710766793947430E-16, 0.000000000000000000 ) ) ;
#413 = ORIENTED_EDGE ( 'NONE', *, *, #424, .T. ) ;
#414 = DIRECTION ( 'NONE',  ( -0.000000000000000000, -1.000000000000000000, -0.000000000000000000 ) ) ;
#415 = ORIENTED_EDGE ( 'NONE', *, *, #1068, .F. ) ;
#416 = LINE ( 'NONE', #783, #720 ) ;
#417 = VERTEX_POINT ( 'NONE', #475 ) ;
#418 = DIRECTION ( 'NONE',  ( 0.5125703686733642517, 0.8586452219386371265, 0.000000000000000000 ) ) ;
#419 = ORIENTED_EDGE ( 'NONE', *, *, #746, .T. ) ;
#420 = ORIENTED_EDGE ( 'NONE', *, *, #359, .F. ) ;
#421 = CARTESIAN_POINT ( 'NONE',  ( 0.6500000000000031308, -4.750000000000000000, 0.01574803149606299191 ) ) ;
#422 = LINE ( 'NONE', #884, #1304 ) ;
#423 = DIRECTION ( 'NONE',  ( 0.000000000000000000, -0.000000000000000000, -1.000000000000000000 ) ) ;
#424 = EDGE_CURVE ( 'NONE', #1124, #417, #1375, .T. ) ;
#425 = CARTESIAN_POINT ( 'NONE',  ( -1.500000000000000222, -1.821231995776175972E-16, 0.01574803149606299191 ) ) ;
#426 = ORIENTED_EDGE ( 'NONE', *, *, #509, .F. ) ;
#427 = VECTOR ( 'NONE', #931, 39.37007874015748143 ) ;
#428 = DIRECTION ( 'NONE',  ( 0.000000000000000000, 1.000000000000000000, 0.000000000000000000 ) ) ;
#429 = ORIENTED_EDGE ( 'NONE', *, *, #1203, .F. ) ;
#430 = VECTOR ( 'NONE', #977, 39.37007874015748143 ) ;
#431 = DIRECTION ( 'NONE',  ( -1.000000000000000000, 0.000000000000000000, 0.000000000000000000 ) ) ;
#432 = VECTOR ( 'NONE', #1386, 39.37007874015748143 ) ;
#433 = VERTEX_POINT ( 'NONE', #1058 ) ;
#434 = LINE ( 'NONE', #1249, #510 ) ;
#435 = VECTOR ( 'NONE', #137, 39.37007874015748143 ) ;
#436 = CARTESIAN_POINT ( 'NONE',  ( 0.000000000000000000, -2.750000000000000000, 0.000000000000000000 ) ) ;
#437 = ORIENTED_EDGE ( 'NONE', *, *, #1190, .T. ) ;
#438 = EDGE_CURVE ( 'NONE', #851, #967, #468, .T. ) ;
#439 = VERTEX_POINT ( 'NONE', #955 ) ;
#440 = PLANE ( 'NONE',  #864 ) ;
#441 = PLANE ( 'NONE',  #886 ) ;
#442 = DIRECTION ( 'NONE',  ( -0.000000000000000000, 0.000000000000000000, -1.000000000000000000 ) ) ;
#443 = ORIENTED_EDGE ( 'NONE', *, *, #1239, .T. ) ;
#444 = DIRECTION ( 'NONE',  ( 0.000000000000000000, 0.000000000000000000, 1.000000000000000000 ) ) ;
#445 = CARTESIAN_POINT ( 'NONE',  ( -0.000000000000000000, 1.349999999999999867, 0.000000000000000000 ) ) ;
#446 = VERTEX_POINT ( 'NONE', #242 ) ;
#447 = PLANE ( 'NONE',  #1129 ) ;
#448 = LINE ( 'NONE', #1390, #1179 ) ;
#449 = ORIENTED_EDGE ( 'NONE', *, *, #1261, .T. ) ;
#450 = LINE ( 'NONE', #478, #1062 ) ;
#451 = ORIENTED_EDGE ( 'NONE', *, *, #817, .T. ) ;
#452 = DIRECTION ( 'NONE',  ( 0.000000000000000000, -1.000000000000000000, 0.000000000000000000 ) ) ;
#453 = LINE ( 'NONE', #352, #370 ) ;
#454 = CARTESIAN_POINT ( 'NONE',  ( 0.3000000000000115352, 0.000000000000000000, 0.01574803149606299191 ) ) ;
#455 = ORIENTED_EDGE ( 'NONE', *, *, #721, .T. ) ;
#456 = AXIS2_PLACEMENT_3D ( 'NONE', #1162, #829, #1071 ) ;
#457 = EDGE_CURVE ( 'NONE', #89, #283, #807, .T. ) ;
#458 = VECTOR ( 'NONE', #575, 39.37007874015748143 ) ;
#459 = VERTEX_POINT ( 'NONE', #586 ) ;
#460 = EDGE_CURVE ( 'NONE', #1443, #355, #82, .T. ) ;
#461 = AXIS2_PLACEMENT_3D ( 'NONE', #1115, #431, #323 ) ;
#462 = ADVANCED_FACE ( 'NONE', ( #748 ), #515, .T. ) ;
#463 = CARTESIAN_POINT ( 'NONE',  ( 1.000000000000000222, -4.400000000000011013, 0.01574803149606299191 ) ) ;
#464 = DIRECTION ( 'NONE',  ( 0.000000000000000000, 1.000000000000000000, -0.000000000000000000 ) ) ;
#465 = VECTOR ( 'NONE', #42, 39.37007874015748143 ) ;
#466 = EDGE_LOOP ( 'NONE', ( #1281, #207, #907, #335, #611, #1017, #1425, #341 ) ) ;
#467 = APPLICATION_CONTEXT ( 'automotive_design' ) ;
#468 = LINE ( 'NONE', #924, #718 ) ;
#469 = FACE_OUTER_BOUND ( 'NONE', #683, .T. ) ;
#470 = ORIENTED_EDGE ( 'NONE', *, *, #876, .F. ) ;
#471 = EDGE_LOOP ( 'NONE', ( #549, #40, #517, #771 ) ) ;
#472 = CARTESIAN_POINT ( 'NONE',  ( 0.000000000000000000, -4.750000000000000000, 0.01574803149606299191 ) ) ;
#473 = ORIENTED_EDGE ( 'NONE', *, *, #1013, .T. ) ;
#474 = CARTESIAN_POINT ( 'NONE',  ( -0.000000000000000000, 3.000000000000000444, 0.000000000000000000 ) ) ;
#475 = CARTESIAN_POINT ( 'NONE',  ( 0.2999999999999997113, 3.000000000000000444, 0.000000000000000000 ) ) ;
#476 = CARTESIAN_POINT ( 'NONE',  ( 0.1999999999999997891, 3.000000000000000444, 0.01574803149606299191 ) ) ;
#477 = VERTEX_POINT ( 'NONE', #193 ) ;
#478 = CARTESIAN_POINT ( 'NONE',  ( 0.7372716171580513400, -0.4401160979687098185, 0.000000000000000000 ) ) ;
#479 = CARTESIAN_POINT ( 'NONE',  ( -1.000000000000001554, -3.902639990948955344E-16, 0.01574803149606299191 ) ) ;
#480 = CARTESIAN_POINT ( 'NONE',  ( 0.3000000000000115352, -5.250000000000000000, 0.000000000000000000 ) ) ;
#481 = EDGE_CURVE ( 'NONE', #665, #1338, #1421, .T. ) ;
#482 = LINE ( 'NONE', #826, #1258 ) ;
#483 = CARTESIAN_POINT ( 'NONE',  ( -0.9999999999999996669, -4.750000000000000000, 0.01574803149606299191 ) ) ;
#484 = ORIENTED_EDGE ( 'NONE', *, *, #1331, .T. ) ;
#485 = CARTESIAN_POINT ( 'NONE',  ( 0.6499999999999998002, 1.349999999999999867, 0.01574803149606299191 ) ) ;
#486 = COLOUR_RGB ( '',0.7921568627450980005, 0.8196078431372548767, 0.9333333333333333481 ) ;
#487 = CARTESIAN_POINT ( 'NONE',  ( -1.000000000000001554, -3.902639990948955344E-16, 0.000000000000000000 ) ) ;
#488 = VECTOR ( 'NONE', #873, 39.37007874015748143 ) ;
#489 = EDGE_CURVE ( 'NONE', #133, #188, #855, .T. ) ;
#490 =( LENGTH_UNIT ( ) NAMED_UNIT ( * ) SI_UNIT ( $, .METRE. ) );
#491 = ADVANCED_FACE ( 'NONE', ( #1191 ), #176, .F. ) ;
#492 = ORIENTED_EDGE ( 'NONE', *, *, #198, .F. ) ;
#493 = CARTESIAN_POINT ( 'NONE',  ( 0.000000000000000000, -5.250000000000000000, 0.01574803149606299191 ) ) ;
#494 = PLANE ( 'NONE',  #456 ) ;
#495 = DIRECTION ( 'NONE',  ( 0.000000000000000000, 1.000000000000000000, 0.000000000000000000 ) ) ;
#496 = ORIENTED_EDGE ( 'NONE', *, *, #1369, .F. ) ;
#497 = LINE ( 'NONE', #28, #825 ) ;
#498 = VERTEX_POINT ( 'NONE', #90 ) ;
#499 = DIRECTION ( 'NONE',  ( 0.000000000000000000, -1.000000000000000000, 0.000000000000000000 ) ) ;
#500 = CARTESIAN_POINT ( 'NONE',  ( 0.6500000000000006883, -2.750000000000000000, 0.01574803149606299191 ) ) ;
#501 = LINE ( 'NONE', #1311, #728 ) ;
#502 = ORIENTED_EDGE ( 'NONE', *, *, #266, .F. ) ;
#503 = LINE ( 'NONE', #1087, #1220 ) ;
#504 = ADVANCED_FACE ( 'NONE', ( #1199 ), #187, .T. ) ;
#505 = CARTESIAN_POINT ( 'NONE',  ( 0.000000000000000000, -4.750000000000000000, 0.01574803149606299191 ) ) ;
#506 = AXIS2_PLACEMENT_3D ( 'NONE', #479, #41, #1392 ) ;
#507 = PLANE ( 'NONE',  #866 ) ;
#508 = EDGE_CURVE ( 'NONE', #84, #298, #631, .T. ) ;
#509 = EDGE_CURVE ( 'NONE', #316, #263, #535, .T. ) ;
#510 = VECTOR ( 'NONE', #797, 39.37007874015748143 ) ;
#511 = VECTOR ( 'NONE', #1035, 39.37007874015748143 ) ;
#512 =( NAMED_UNIT ( * ) SI_UNIT ( $, .STERADIAN. ) SOLID_ANGLE_UNIT ( ) );
#513 = EDGE_LOOP ( 'NONE', ( #1217, #898, #1215, #1267 ) ) ;
#514 = LINE ( 'NONE', #192, #558 ) ;
#515 = PLANE ( 'NONE',  #19 ) ;
#516 = FACE_OUTER_BOUND ( 'NONE', #1004, .T. ) ;
#517 = ORIENTED_EDGE ( 'NONE', *, *, #1263, .F. ) ;
#518 = CARTESIAN_POINT ( 'NONE',  ( -1.050710766793947306E-16, 1.000000000000000000, 0.000000000000000000 ) ) ;
#519 = ORIENTED_EDGE ( 'NONE', *, *, #198, .T. ) ;
#520 = CARTESIAN_POINT ( 'NONE',  ( 0.000000000000000000, 1.349999999999999867, 0.01574803149606299191 ) ) ;
#521 = ADVANCED_FACE ( 'NONE', ( #190 ), #527, .F. ) ;
#522 = LINE ( 'NONE', #206, #824 ) ;
#523 = VERTEX_POINT ( 'NONE', #313 ) ;
#524 = ADVANCED_FACE ( 'NONE', ( #75 ), #1213, .F. ) ;
#525 = CARTESIAN_POINT ( 'NONE',  ( 6.911332835731564917E-17, -0.3500000000000000333, 0.000000000000000000 ) ) ;
#526 = ORIENTED_EDGE ( 'NONE', *, *, #1034, .T. ) ;
#527 = PLANE ( 'NONE',  #845 ) ;
#528 =( GEOMETRIC_REPRESENTATION_CONTEXT ( 3 ) GLOBAL_UNCERTAINTY_ASSIGNED_CONTEXT ( ( #642 ) ) GLOBAL_UNIT_ASSIGNED_CONTEXT ( ( #1389, #236, #366 ) ) REPRESENTATION_CONTEXT ( 'NONE', 'WORKASPACE' ) );
#529 = ORIENTED_EDGE ( 'NONE', *, *, #1203, .T. ) ;
#530 = VERTEX_POINT ( 'NONE', #863 ) ;
#531 = LINE ( 'NONE', #1444, #794 ) ;
#532 = ADVANCED_FACE ( 'NONE', ( #761 ), #305, .T. ) ;
#533 = EDGE_LOOP ( 'NONE', ( #1208, #270, #403, #1302 ) ) ;
#534 = VERTEX_POINT ( 'NONE', #885 ) ;
#535 = LINE ( 'NONE', #541, #790 ) ;
#536 = VERTEX_POINT ( 'NONE', #1000 ) ;
#537 = LINE ( 'NONE', #208, #675 ) ;
#538 = DIRECTION ( 'NONE',  ( -0.5881716976750458459, -0.8087360843031886626, 0.000000000000000000 ) ) ;
#539 = PLANE ( 'NONE',  #1102 ) ;
#540 = VERTEX_POINT ( 'NONE', #1126 ) ;
#541 = CARTESIAN_POINT ( 'NONE',  ( -1.499999999999999556, -5.624999999999998224, 0.01574803149606299191 ) ) ;
#542 = LINE ( 'NONE', #1426, #957 ) ;
#543 = EDGE_LOOP ( 'NONE', ( #809, #21, #1092, #560 ) ) ;
#544 = EDGE_LOOP ( 'NONE', ( #238, #803, #1021, #1116 ) ) ;
#545 = CARTESIAN_POINT ( 'NONE',  ( 0.2374999999999997113, -2.750000000000000000, 0.000000000000000000 ) ) ;
#546 = CARTESIAN_POINT ( 'NONE',  ( -1.013158586710100062, 0.7368426085164360151, 0.01574803149606299191 ) ) ;
#547 = PLANE ( 'NONE',  #113 ) ;
#548 = EDGE_CURVE ( 'NONE', #477, #671, #333, .T. ) ;
#549 = ORIENTED_EDGE ( 'NONE', *, *, #879, .T. ) ;
#550 = LINE ( 'NONE', #669, #345 ) ;
#551 = EDGE_CURVE ( 'NONE', #263, #1152, #17, .T. ) ;
#552 = VECTOR ( 'NONE', #55, 39.37007874015748143 ) ;
#553 = VERTEX_POINT ( 'NONE', #777 ) ;
#554 = EDGE_CURVE ( 'NONE', #530, #1096, #434, .T. ) ;
#555 = LINE ( 'NONE', #789, #251 ) ;
#556 = AXIS2_PLACEMENT_3D ( 'NONE', #1436, #292, #205 ) ;
#557 = CARTESIAN_POINT ( 'NONE',  ( 0.2374999999999997113, -4.750000000000000000, 0.000000000000000000 ) ) ;
#558 = VECTOR ( 'NONE', #88, 39.37007874015748143 ) ;
#559 = DIRECTION ( 'NONE',  ( -0.5881716976750488435, -0.8087360843031865532, 0.000000000000000000 ) ) ;
#560 = ORIENTED_EDGE ( 'NONE', *, *, #705, .F. ) ;
#561 = PLANE ( 'NONE',  #820 ) ;
#562 = ORIENTED_EDGE ( 'NONE', *, *, #1283, .F. ) ;
#563 = LINE ( 'NONE', #1015, #1276 ) ;
#564 = LINE ( 'NONE', #808, #165 ) ;
#565 = ORIENTED_EDGE ( 'NONE', *, *, #1068, .T. ) ;
#566 = CARTESIAN_POINT ( 'NONE',  ( 0.6499999999999995781, 3.000000000000000444, 0.01574803149606299191 ) ) ;
#567 = VERTEX_POINT ( 'NONE', #240 ) ;
#568 = DIRECTION ( 'NONE',  ( -1.000000000000000000, 1.340393272469985496E-15, 0.000000000000000000 ) ) ;
#569 = LINE ( 'NONE', #1023, #1457 ) ;
#570 = ADVANCED_FACE ( 'NONE', ( #908 ), #1020, .F. ) ;
#571 = EDGE_LOOP ( 'NONE', ( #994, #173, #1078, #1144 ) ) ;
#572 = EDGE_CURVE ( 'NONE', #595, #1404, #550, .T. ) ;
#573 = ORIENTED_EDGE ( 'NONE', *, *, #1429, .T. ) ;
#574 = PLANE ( 'NONE',  #1252 ) ;
#575 = DIRECTION ( 'NONE',  ( 0.000000000000000000, 1.000000000000000000, -0.000000000000000000 ) ) ;
#576 = VECTOR ( 'NONE', #231, 39.37007874015748143 ) ;
#577 = DIRECTION ( 'NONE',  ( -0.000000000000000000, -0.000000000000000000, -1.000000000000000000 ) ) ;
#578 = EDGE_LOOP ( 'NONE', ( #1259, #942, #1138, #987 ) ) ;
#579 = VECTOR ( 'NONE', #1137, 39.37007874015748143 ) ;
#580 = VECTOR ( 'NONE', #1099, 39.37007874015748143 ) ;
#581 = ORIENTED_EDGE ( 'NONE', *, *, #705, .T. ) ;
#582 = VECTOR ( 'NONE', #444, 39.37007874015748143 ) ;
#583 = CARTESIAN_POINT ( 'NONE',  ( -1.500000000000000666, 3.375000000000001776, 0.000000000000000000 ) ) ;
#584 = LINE ( 'NONE', #445, #139 ) ;
#585 = VECTOR ( 'NONE', #897, 39.37007874015748143 ) ;
#586 = CARTESIAN_POINT ( 'NONE',  ( 0.9999999999999998890, -1.516480271171051896E-32, 0.01574803149606299191 ) ) ;
#587 = CARTESIAN_POINT ( 'NONE',  ( 0.6499999999999999112, 5.380912714793243436E-17, 0.01574803149606299191 ) ) ;
#588 = FACE_OUTER_BOUND ( 'NONE', #608, .T. ) ;
#589 = ORIENTED_EDGE ( 'NONE', *, *, #1057, .T. ) ;
#590 = DIRECTION ( 'NONE',  ( -1.000000000000000000, 0.000000000000000000, 0.000000000000000000 ) ) ;
#591 = LINE ( 'NONE', #500, #1437 ) ;
#592 = EDGE_CURVE ( 'NONE', #1041, #283, #1143, .T. ) ;
#593 = DIRECTION ( 'NONE',  ( -3.902639990948949427E-16, 1.000000000000000000, 0.000000000000000000 ) ) ;
#594 = LINE ( 'NONE', #1016, #972 ) ;
#595 = VERTEX_POINT ( 'NONE', #566 ) ;
#596 = PRODUCT_CONTEXT ( 'NONE', #1164, 'mechanical' ) ;
#597 = DIRECTION ( 'NONE',  ( 0.000000000000000000, -0.000000000000000000, 1.000000000000000000 ) ) ;
#598 = DIRECTION ( 'NONE',  ( -8.278327253528016573E-17, 1.000000000000000000, 0.000000000000000000 ) ) ;
#599 = CARTESIAN_POINT ( 'NONE',  ( -0.9000000000000001332, -2.500000000000000000, 0.000000000000000000 ) ) ;
#600 = EDGE_CURVE ( 'NONE', #540, #622, #26, .T. ) ;
#601 = ADVANCED_FACE ( 'NONE', ( #1357 ), #356, .F. ) ;
#602 = ORIENTED_EDGE ( 'NONE', *, *, #1283, .T. ) ;
#603 = VECTOR ( 'NONE', #811, 39.37007874015748854 ) ;
#604 = CARTESIAN_POINT ( 'NONE',  ( 0.000000000000000000, 3.000000000000000444, 0.01574803149606299191 ) ) ;
#605 = PRESENTATION_LAYER_ASSIGNMENT (  '', '', ( #1195 ) ) ;
#606 = CARTESIAN_POINT ( 'NONE',  ( 1.865748365121865150E-32, -1.365923996832131609E-16, 0.000000000000000000 ) ) ;
#607 = AXIS2_PLACEMENT_3D ( 'NONE', #232, #237, #245 ) ;
#608 = EDGE_LOOP ( 'NONE', ( #589, #881, #861, #166 ) ) ;
#609 = VECTOR ( 'NONE', #1072, 39.37007874015748143 ) ;
#610 = LINE ( 'NONE', #268, #393 ) ;
#611 = ORIENTED_EDGE ( 'NONE', *, *, #410, .F. ) ;
#612 = CARTESIAN_POINT ( 'NONE',  ( 1.000000000000000222, -4.400000000000011013, 0.000000000000000000 ) ) ;
#613 = CARTESIAN_POINT ( 'NONE',  ( 0.000000000000000000, 1.349999999999999867, 0.01574803149606299191 ) ) ;
#614 = CARTESIAN_POINT ( 'NONE',  ( 0.000000000000000000, 3.000000000000000444, 0.01574803149606299191 ) ) ;
#615 = ORIENTED_EDGE ( 'NONE', *, *, #1292, .F. ) ;
#616 = LINE ( 'NONE', #1194, #815 ) ;
#617 = ADVANCED_FACE ( 'NONE', ( #770 ), #561, .F. ) ;
#618 = ADVANCED_FACE ( 'NONE', ( #902 ), #574, .F. ) ;
#619 = CARTESIAN_POINT ( 'NONE',  ( 0.6500000000000004663, 5.380912714793213854E-17, 0.01574803149606299191 ) ) ;
#620 = DIRECTION ( 'NONE',  ( -0.000000000000000000, -0.000000000000000000, -1.000000000000000000 ) ) ;
#621 = DIRECTION ( 'NONE',  ( 1.000000000000000000, 1.050710766793947430E-16, 0.000000000000000000 ) ) ;
#622 = VERTEX_POINT ( 'NONE', #685 ) ;
#623 = CARTESIAN_POINT ( 'NONE',  ( 0.9999999999999996669, 1.349999999999999867, 0.01574803149606299191 ) ) ;
#624 = AXIS2_PLACEMENT_3D ( 'NONE', #1285, #499, #1063 ) ;
#625 = LINE ( 'NONE', #518, #1032 ) ;
#626 = VECTOR ( 'NONE', #827, 39.37007874015748143 ) ;
#627 = ORIENTED_EDGE ( 'NONE', *, *, #1308, .T. ) ;
#628 = DIRECTION ( 'NONE',  ( -0.5881716976750459569, -0.8087360843031886626, 0.000000000000000000 ) ) ;
#629 = DIRECTION ( 'NONE',  ( -0.000000000000000000, -0.000000000000000000, -1.000000000000000000 ) ) ;
#630 = ORIENTED_EDGE ( 'NONE', *, *, #145, .F. ) ;
#631 = LINE ( 'NONE', #870, #862 ) ;
#632 = EDGE_CURVE ( 'NONE', #94, #47, #226, .T. ) ;
#633 = LINE ( 'NONE', #1415, #670 ) ;
#634 = CARTESIAN_POINT ( 'NONE',  ( -0.000000000000000000, 3.000000000000000444, 0.000000000000000000 ) ) ;
#635 = ORIENTED_EDGE ( 'NONE', *, *, #397, .F. ) ;
#636 = VERTEX_POINT ( 'NONE', #211 ) ;
#637 = DIRECTION ( 'NONE',  ( 0.000000000000000000, 0.000000000000000000, 1.000000000000000000 ) ) ;
#638 = ADVANCED_FACE ( 'NONE', ( #896 ), #11, .T. ) ;
#639 = EDGE_CURVE ( 'NONE', #204, #94, #1268, .T. ) ;
#640 = ORIENTED_EDGE ( 'NONE', *, *, #438, .T. ) ;
#641 = VERTEX_POINT ( 'NONE', #134 ) ;
#642 = UNCERTAINTY_MEASURE_WITH_UNIT (LENGTH_MEASURE( 1.000000000000000082E-05 ), #1389, 'distance_accuracy_value', 'NONE');
#643 = VERTEX_POINT ( 'NONE', #583 ) ;
#644 = DIRECTION ( 'NONE',  ( -1.000000000000000000, 0.000000000000000000, 0.000000000000000000 ) ) ;
#645 = CLOSED_SHELL ( 'NONE', ( #837, #707, #961, #462, #1082, #303, #782, #97, #524, #1002, #35, #1206, #287, #981, #1428, #123, #601, #409, #124, #185, #246, #617, #762, #838, #570, #1038, #54, #979, #521, #98, #638, #860, #1238, #618, #3, #491, #330, #1125, #859, #1098, #962, #504, #982, #532 ) ) ;
#646 = ORIENTED_EDGE ( 'NONE', *, *, #1309, .F. ) ;
#647 = VECTOR ( 'NONE', #1153, 39.37007874015748143 ) ;
#648 = DIRECTION ( 'NONE',  ( 0.000000000000000000, -0.000000000000000000, 1.000000000000000000 ) ) ;
#649 = CARTESIAN_POINT ( 'NONE',  ( 0.6499999999999994671, -1.775701195881770352E-16, 0.000000000000000000 ) ) ;
#650 = DIRECTION ( 'NONE',  ( 0.8087360843031887736, -0.5881716976750459569, 0.000000000000000000 ) ) ;
#651 = VECTOR ( 'NONE', #277, 39.37007874015748143 ) ;
#652 = ORIENTED_EDGE ( 'NONE', *, *, #248, .T. ) ;
#653 = DIRECTION ( 'NONE',  ( 1.000000000000000000, 0.000000000000000000, 0.000000000000000000 ) ) ;
#654 =( GEOMETRIC_REPRESENTATION_CONTEXT ( 3 ) GLOBAL_UNCERTAINTY_ASSIGNED_CONTEXT ( ( #980 ) ) GLOBAL_UNIT_ASSIGNED_CONTEXT ( ( #282, #736, #512 ) ) REPRESENTATION_CONTEXT ( 'NONE', 'WORKASPACE' ) );
#655 = DIRECTION ( 'NONE',  ( 0.5881716976750488435, 0.8087360843031865532, 0.000000000000000000 ) ) ;
#656 = ORIENTED_EDGE ( 'NONE', *, *, #398, .F. ) ;
#657 = DIRECTION ( 'NONE',  ( 0.000000000000000000, -0.000000000000000000, -1.000000000000000000 ) ) ;
#658 = EDGE_CURVE ( 'NONE', #737, #399, #1346, .T. ) ;
#659 = EDGE_CURVE ( 'NONE', #1329, #459, #1364, .T. ) ;
#660 = CARTESIAN_POINT ( 'NONE',  ( 0.000000000000000000, -4.400000000000011013, 0.000000000000000000 ) ) ;
#661 = ORIENTED_EDGE ( 'NONE', *, *, #906, .F. ) ;
#662 = CARTESIAN_POINT ( 'NONE',  ( 1.499999999999999778, 2.276539994720219349E-16, 0.01574803149606299191 ) ) ;
#663 = LINE ( 'NONE', #107, #1182 ) ;
#664 = ORIENTED_EDGE ( 'NONE', *, *, #852, .T. ) ;
#665 = VERTEX_POINT ( 'NONE', #773 ) ;
#666 = LINE ( 'NONE', #1231, #1001 ) ;
#667 = CARTESIAN_POINT ( 'NONE',  ( -1.013158586710100062, 0.7368426085164360151, 0.01574803149606299191 ) ) ;
#668 = VERTEX_POINT ( 'NONE', #1121 ) ;
#669 = CARTESIAN_POINT ( 'NONE',  ( 0.6499999999999995781, 3.000000000000000444, 0.01574803149606299191 ) ) ;
#670 = VECTOR ( 'NONE', #1090, 39.37007874015748143 ) ;
#671 = VERTEX_POINT ( 'NONE', #1441 ) ;
#672 = LINE ( 'NONE', #1132, #1323 ) ;
#673 = CARTESIAN_POINT ( 'NONE',  ( 0.2374999999999997113, -3.293501834757166513, -2.000976324197765610 ) ) ;
#674 = FACE_BOUND ( 'NONE', #27, .T. ) ;
#675 = VECTOR ( 'NONE', #118, 39.37007874015748143 ) ;
#676 = FACE_OUTER_BOUND ( 'NONE', #779, .T. ) ;
#677 = VECTOR ( 'NONE', #1070, 39.37007874015748143 ) ;
#678 = VERTEX_POINT ( 'NONE', #545 ) ;
#679 = CARTESIAN_POINT ( 'NONE',  ( 1.438918918918926426, -1.046486486486498668, 0.01574803149606299191 ) ) ;
#680 = EDGE_CURVE ( 'NONE', #459, #433, #103, .T. ) ;
#681 = CARTESIAN_POINT ( 'NONE',  ( 0.2374999999999997113, -4.750000000000000000, 0.000000000000000000 ) ) ;
#682 = LINE ( 'NONE', #792, #1345 ) ;
#683 = EDGE_LOOP ( 'NONE', ( #970, #778, #14, #1244 ) ) ;
#684 = ORIENTED_EDGE ( 'NONE', *, *, #1056, .F. ) ;
#685 = CARTESIAN_POINT ( 'NONE',  ( 0.2000000000000080880, -2.750000000000000000, 0.01574803149606299191 ) ) ;
#686 = ORIENTED_EDGE ( 'NONE', *, *, #194, .F. ) ;
#687 = CARTESIAN_POINT ( 'NONE',  ( -0.4923811242904556074, -2.500000000000000444, 0.01574803149606299191 ) ) ;
#688 = ORIENTED_EDGE ( 'NONE', *, *, #357, .F. ) ;
#689 = DIRECTION ( 'NONE',  ( -0.8586452219386372375, 0.5125703686733642517, 0.000000000000000000 ) ) ;
#690 = DIRECTION ( 'NONE',  ( 0.000000000000000000, 0.000000000000000000, 1.000000000000000000 ) ) ;
#691 = LINE ( 'NONE', #474, #435 ) ;
#692 = CARTESIAN_POINT ( 'NONE',  ( -1.000000000000001554, -3.902639990948955344E-16, 0.01574803149606299191 ) ) ;
#693 = VECTOR ( 'NONE', #757, 39.37007874015748143 ) ;
#694 = LINE ( 'NONE', #483, #1226 ) ;
#695 = ORIENTED_EDGE ( 'NONE', *, *, #1095, .F. ) ;
#696 = VECTOR ( 'NONE', #791, 39.37007874015748143 ) ;
#697 = EDGE_CURVE ( 'NONE', #498, #1142, #555, .T. ) ;
#698 = AXIS2_PLACEMENT_3D ( 'NONE', #150, #23, #222 ) ;
#699 = PLANE ( 'NONE',  #953 ) ;
#700 = DIRECTION ( 'NONE',  ( -1.340393272469985693E-15, -1.000000000000000000, 0.000000000000000000 ) ) ;
#701 = PRODUCT_DEFINITION_SHAPE ( 'NONE', 'NONE',  #1108 ) ;
#702 = CARTESIAN_POINT ( 'NONE',  ( -1.000000000000000000, -0.3500000000000002554, 0.000000000000000000 ) ) ;
#703 = ORIENTED_EDGE ( 'NONE', *, *, #457, .F. ) ;
#704 = PLANE ( 'NONE',  #1320 ) ;
#705 = EDGE_CURVE ( 'NONE', #102, #399, #1006, .T. ) ;
#706 = DIRECTION ( 'NONE',  ( -0.000000000000000000, -0.000000000000000000, -1.000000000000000000 ) ) ;
#707 = ADVANCED_FACE ( 'NONE', ( #1218 ), #440, .F. ) ;
#708 = DIRECTION ( 'NONE',  ( -0.000000000000000000, -0.000000000000000000, -1.000000000000000000 ) ) ;
#709 = LINE ( 'NONE', #29, #273 ) ;
#710 = EDGE_LOOP ( 'NONE', ( #772, #999, #602, #252 ) ) ;
#711 = DIRECTION ( 'NONE',  ( -0.5125703686733642517, -0.8586452219386371265, 0.000000000000000000 ) ) ;
#712 = CARTESIAN_POINT ( 'NONE',  ( -3.350983181174965021E-15, -2.500000000000001332, 0.01574803149606299191 ) ) ;
#713 = PLANE ( 'NONE',  #795 ) ;
#714 = DIRECTION ( 'NONE',  ( -1.000000000000000000, 0.000000000000000000, 0.000000000000000000 ) ) ;
#715 = CARTESIAN_POINT ( 'NONE',  ( -1.000000000000000222, 0.9999999999999998890, 0.01574803149606299191 ) ) ;
#716 = ORIENTED_EDGE ( 'NONE', *, *, #174, .F. ) ;
#717 = CARTESIAN_POINT ( 'NONE',  ( -0.000000000000000000, -4.750000000000000000, 0.000000000000000000 ) ) ;
#718 = VECTOR ( 'NONE', #1380, 39.37007874015748143 ) ;
#719 = CARTESIAN_POINT ( 'NONE',  ( 1.000000000000000222, 0.000000000000000000, 0.01574803149606299191 ) ) ;
#720 = VECTOR ( 'NONE', #875, 39.37007874015748143 ) ;
#721 = EDGE_CURVE ( 'NONE', #882, #641, #1105, .T. ) ;
#722 = VECTOR ( 'NONE', #763, 39.37007874015748143 ) ;
#723 = EDGE_CURVE ( 'NONE', #151, #671, #672, .T. ) ;
#724 = EDGE_CURVE ( 'NONE', #1338, #382, #537, .T. ) ;
#725 = DIRECTION ( 'NONE',  ( -0.000000000000000000, -0.000000000000000000, -1.000000000000000000 ) ) ;
#726 = DIRECTION ( 'NONE',  ( 0.000000000000000000, 1.000000000000000000, -0.000000000000000000 ) ) ;
#727 = ORIENTED_EDGE ( 'NONE', *, *, #1371, .F. ) ;
#728 = VECTOR ( 'NONE', #269, 39.37007874015748143 ) ;
#729 = DIRECTION ( 'NONE',  ( 0.000000000000000000, -0.000000000000000000, 1.000000000000000000 ) ) ;
#730 = FACE_OUTER_BOUND ( 'NONE', #747, .T. ) ;
#731 = LINE ( 'NONE', #171, #1460 ) ;
#732 = ORIENTED_EDGE ( 'NONE', *, *, #1350, .T. ) ;
#733 = EDGE_LOOP ( 'NONE', ( #849, #1212, #627, #905 ) ) ;
#734 = LINE ( 'NONE', #487, #745 ) ;
#735 = CARTESIAN_POINT ( 'NONE',  ( 0.000000000000000000, -4.400000000000011013, 0.01574803149606299191 ) ) ;
#736 =( NAMED_UNIT ( * ) PLANE_ANGLE_UNIT ( ) SI_UNIT ( $, .RADIAN. ) );
#737 = VERTEX_POINT ( 'NONE', #988 ) ;
#738 = CARTESIAN_POINT ( 'NONE',  ( 0.000000000000000000, -4.400000000000011013, 0.01574803149606299191 ) ) ;
#739 = EDGE_CURVE ( 'NONE', #327, #79, #1254, .T. ) ;
#740 = VECTOR ( 'NONE', #1291, 39.37007874015748143 ) ;
#741 = AXIS2_PLACEMENT_3D ( 'NONE', #126, #919, #1381 ) ;
#742 = CARTESIAN_POINT ( 'NONE',  ( 0.2374999999999997113, 1.349999999999999867, -2.000976324197765610 ) ) ;
#743 = LINE ( 'NONE', #634, #722 ) ;
#744 = ORIENTED_EDGE ( 'NONE', *, *, #481, .T. ) ;
#745 = VECTOR ( 'NONE', #1048, 39.37007874015748143 ) ;
#746 = EDGE_CURVE ( 'NONE', #1400, #926, #531, .T. ) ;
#747 = EDGE_LOOP ( 'NONE', ( #363, #496, #656, #191 ) ) ;
#748 = FACE_OUTER_BOUND ( 'NONE', #101, .T. ) ;
#749 = ORIENTED_EDGE ( 'NONE', *, *, #1013, .F. ) ;
#750 = ORIENTED_EDGE ( 'NONE', *, *, #1034, .F. ) ;
#751 = EDGE_LOOP ( 'NONE', ( #189, #172, #1107, #312, #304, #703, #828, #1382 ) ) ;
#752 = DIRECTION ( 'NONE',  ( 1.000000000000000000, 1.974666524494732798E-16, 0.000000000000000000 ) ) ;
#753 = VERTEX_POINT ( 'NONE', #15 ) ;
#754 = CARTESIAN_POINT ( 'NONE',  ( 0.000000000000000000, -4.400000000000011013, 0.01574803149606299191 ) ) ;
#755 = CARTESIAN_POINT ( 'NONE',  ( -1.500000000000000222, -1.821231995776175972E-16, 0.01574803149606299191 ) ) ;
#756 = EDGE_LOOP ( 'NONE', ( #951, #1184, #502, #484 ) ) ;
#757 = DIRECTION ( 'NONE',  ( -2.731847993664264205E-16, -1.000000000000000000, 0.000000000000000000 ) ) ;
#758 = EDGE_LOOP ( 'NONE', ( #526, #1104, #688, #872 ) ) ;
#759 = CARTESIAN_POINT ( 'NONE',  ( 0.2999999999999997113, 0.000000000000000000, 0.01574803149606299191 ) ) ;
#760 = ORIENTED_EDGE ( 'NONE', *, *, #397, .T. ) ;
#761 = FACE_OUTER_BOUND ( 'NONE', #513, .T. ) ;
#762 = ADVANCED_FACE ( 'NONE', ( #1284 ), #699, .F. ) ;
#763 = DIRECTION ( 'NONE',  ( 1.000000000000000000, 0.000000000000000000, 0.000000000000000000 ) ) ;
#764 = ORIENTED_EDGE ( 'NONE', *, *, #956, .T. ) ;
#765 = EDGE_CURVE ( 'NONE', #433, #967, #450, .T. ) ;
#766 = DIRECTION ( 'NONE',  ( -0.000000000000000000, -0.000000000000000000, -1.000000000000000000 ) ) ;
#767 = VECTOR ( 'NONE', #1332, 39.37007874015748143 ) ;
#768 = DIRECTION ( 'NONE',  ( -1.000000000000000000, -1.365923996832131609E-16, 0.000000000000000000 ) ) ;
#769 = ORIENTED_EDGE ( 'NONE', *, *, #377, .F. ) ;
#770 = FACE_OUTER_BOUND ( 'NONE', #105, .T. ) ;
#771 = ORIENTED_EDGE ( 'NONE', *, *, #174, .T. ) ;
#772 = ORIENTED_EDGE ( 'NONE', *, *, #697, .F. ) ;
#773 = CARTESIAN_POINT ( 'NONE',  ( 0.2374999999999997113, 1.000000000000000000, 0.000000000000000000 ) ) ;
#774 = CARTESIAN_POINT ( 'NONE',  ( -1.000000000000000222, 0.000000000000000000, 0.01574803149606299191 ) ) ;
#775 = DIRECTION ( 'NONE',  ( 0.5881716976750458459, 0.8087360843031886626, 0.000000000000000000 ) ) ;
#776 = ORIENTED_EDGE ( 'NONE', *, *, #460, .T. ) ;
#777 = CARTESIAN_POINT ( 'NONE',  ( -0.5672259383584176140, 1.349999999999999867, 0.000000000000000000 ) ) ;
#778 = ORIENTED_EDGE ( 'NONE', *, *, #142, .F. ) ;
#779 = EDGE_LOOP ( 'NONE', ( #64, #1451, #1089, #963 ) ) ;
#780 = CARTESIAN_POINT ( 'NONE',  ( 0.000000000000000000, -2.750000000000000000, 0.01574803149606299191 ) ) ;
#781 = FACE_OUTER_BOUND ( 'NONE', #1160, .T. ) ;
#782 = ADVANCED_FACE ( 'NONE', ( #927 ), #152, .F. ) ;
#783 = CARTESIAN_POINT ( 'NONE',  ( -1.000000000000000000, -2.731847993664263218E-16, 0.01574803149606299191 ) ) ;
#784 = EDGE_LOOP ( 'NONE', ( #354, #921, #16, #1333 ) ) ;
#785 = EDGE_CURVE ( 'NONE', #678, #1430, #258, .T. ) ;
#786 = DIRECTION ( 'NONE',  ( -0.000000000000000000, -0.000000000000000000, -1.000000000000000000 ) ) ;
#787 = DIRECTION ( 'NONE',  ( 1.000000000000000000, 0.000000000000000000, 0.000000000000000000 ) ) ;
#788 = ORIENTED_EDGE ( 'NONE', *, *, #1037, .T. ) ;
#789 = CARTESIAN_POINT ( 'NONE',  ( 1.499999999999999778, 2.276539994720219349E-16, 0.01574803149606299191 ) ) ;
#790 = VECTOR ( 'NONE', #992, 39.37007874015748143 ) ;
#791 = DIRECTION ( 'NONE',  ( -1.000000000000000000, 0.000000000000000000, 0.000000000000000000 ) ) ;
#792 = CARTESIAN_POINT ( 'NONE',  ( -1.000000000000000222, 0.000000000000000000, 0.000000000000000000 ) ) ;
#793 = ORIENTED_EDGE ( 'NONE', *, *, #489, .T. ) ;
#794 = VECTOR ( 'NONE', #9, 39.37007874015748143 ) ;
#795 = AXIS2_PLACEMENT_3D ( 'NONE', #425, #1112, #77 ) ;
#796 = ORIENTED_EDGE ( 'NONE', *, *, #724, .T. ) ;
#797 = DIRECTION ( 'NONE',  ( 8.278327253528015340E-17, -1.000000000000000000, 0.000000000000000000 ) ) ;
#798 = AXIS2_PLACEMENT_3D ( 'NONE', #1315, #1059, #621 ) ;
#799 = EDGE_CURVE ( 'NONE', #316, #1142, #157, .T. ) ;
#800 = ORIENTED_EDGE ( 'NONE', *, *, #548, .F. ) ;
#801 = FILL_AREA_STYLE_COLOUR ( '', #486 ) ;
#802 = LINE ( 'NONE', #816, #65 ) ;
#803 = ORIENTED_EDGE ( 'NONE', *, *, #508, .F. ) ;
#804 = EDGE_LOOP ( 'NONE', ( #127, #1149, #749, #640 ) ) ;
#805 = DIRECTION ( 'NONE',  ( 0.000000000000000000, -1.000000000000000000, 0.000000000000000000 ) ) ;
#806 = ORIENTED_EDGE ( 'NONE', *, *, #197, .F. ) ;
#807 = LINE ( 'NONE', #1269, #1224 ) ;
#808 = CARTESIAN_POINT ( 'NONE',  ( 0.6500000000000238920, -2.841121913410937877E-15, 0.000000000000000000 ) ) ;
#809 = ORIENTED_EDGE ( 'NONE', *, *, #880, .F. ) ;
#810 = APPLICATION_PROTOCOL_DEFINITION ( 'draft international standard', 'automotive_design', 1998, #1164 ) ;
#811 = DIRECTION ( 'NONE',  ( 0.5125703686733641407, 0.8586452219386371265, 0.000000000000000000 ) ) ;
#812 = FACE_OUTER_BOUND ( 'NONE', #733, .T. ) ;
#813 = EDGE_CURVE ( 'NONE', #882, #439, #1018, .T. ) ;
#814 = FACE_OUTER_BOUND ( 'NONE', #1202, .T. ) ;
#815 = VECTOR ( 'NONE', #628, 39.37007874015748143 ) ;
#816 = CARTESIAN_POINT ( 'NONE',  ( 0.7372716171580513400, -0.4401160979687098185, 0.01574803149606299191 ) ) ;
#817 = EDGE_CURVE ( 'NONE', #540, #567, #569, .T. ) ;
#818 = ORIENTED_EDGE ( 'NONE', *, *, #1262, .F. ) ;
#819 = VECTOR ( 'NONE', #67, 39.37007874015748854 ) ;
#820 = AXIS2_PLACEMENT_3D ( 'NONE', #1260, #452, #1234 ) ;
#821 = CARTESIAN_POINT ( 'NONE',  ( 1.000000000000000222, -4.750000000000000000, 0.000000000000000000 ) ) ;
#822 = EDGE_CURVE ( 'NONE', #1049, #1124, #343, .T. ) ;
#823 = CARTESIAN_POINT ( 'NONE',  ( 1.499999999999999334, 3.375000000000001776, 0.000000000000000000 ) ) ;
#824 = VECTOR ( 'NONE', #655, 39.37007874015748143 ) ;
#825 = VECTOR ( 'NONE', #148, 39.37007874015748854 ) ;
#826 = CARTESIAN_POINT ( 'NONE',  ( 0.3000000000000115352, -5.250000000000000000, 0.01574803149606299191 ) ) ;
#827 = DIRECTION ( 'NONE',  ( 8.278327253528068342E-17, -1.000000000000000000, 0.000000000000000000 ) ) ;
#828 = ORIENTED_EDGE ( 'NONE', *, *, #1128, .F. ) ;
#829 = DIRECTION ( 'NONE',  ( -1.000000000000000000, 0.000000000000000000, 0.000000000000000000 ) ) ;
#830 = DIRECTION ( 'NONE',  ( 2.731847993664264205E-16, 1.000000000000000000, 0.000000000000000000 ) ) ;
#831 = LINE ( 'NONE', #286, #1183 ) ;
#832 = ORIENTED_EDGE ( 'NONE', *, *, #1095, .T. ) ;
#833 = LINE ( 'NONE', #1297, #677 ) ;
#834 = EDGE_CURVE ( 'NONE', #1359, #327, #682, .T. ) ;
#835 = FACE_OUTER_BOUND ( 'NONE', #544, .T. ) ;
#836 = CARTESIAN_POINT ( 'NONE',  ( -0.9999999999999996669, -4.750000000000000000, 0.000000000000000000 ) ) ;
#837 = ADVANCED_FACE ( 'NONE', ( #1272 ), #1165, .T. ) ;
#838 = ADVANCED_FACE ( 'NONE', ( #588 ), #13, .F. ) ;
#839 = ORIENTED_EDGE ( 'NONE', *, *, #1148, .T. ) ;
#840 = LINE ( 'NONE', #275, #255 ) ;
#841 = DIRECTION ( 'NONE',  ( -0.000000000000000000, -0.000000000000000000, -1.000000000000000000 ) ) ;
#842 = ORIENTED_EDGE ( 'NONE', *, *, #739, .F. ) ;
#843 = VECTOR ( 'NONE', #1192, 39.37007874015748143 ) ;
#844 = PLANE ( 'NONE',  #1155 ) ;
#845 = AXIS2_PLACEMENT_3D ( 'NONE', #285, #1094, #418 ) ;
#846 = LINE ( 'NONE', #606, #975 ) ;
#847 = VECTOR ( 'NONE', #131, 39.37007874015748143 ) ;
#848 = LINE ( 'NONE', #1314, #1341 ) ;
#849 = ORIENTED_EDGE ( 'NONE', *, *, #51, .F. ) ;
#850 = PLANE ( 'NONE',  #66 ) ;
#851 = VERTEX_POINT ( 'NONE', #687 ) ;
#852 = EDGE_CURVE ( 'NONE', #536, #1119, #694, .T. ) ;
#853 = EDGE_LOOP ( 'NONE', ( #1296, #966, #796, #565, #50, #573, #984, #1319 ) ) ;
#854 = DIRECTION ( 'NONE',  ( -1.000000000000000000, 0.000000000000000000, 0.000000000000000000 ) ) ;
#855 = LINE ( 'NONE', #1317, #1321 ) ;
#856 = CARTESIAN_POINT ( 'NONE',  ( 0.000000000000000000, -4.400000000000011013, 0.01574803149606299191 ) ) ;
#857 = LINE ( 'NONE', #83, #253 ) ;
#858 = ORIENTED_EDGE ( 'NONE', *, *, #813, .T. ) ;
#859 = ADVANCED_FACE ( 'NONE', ( #674, #933, #1140, #1030, #1044, #1159 ), #1256, .F. ) ;
#860 = ADVANCED_FACE ( 'NONE', ( #469 ), #904, .T. ) ;
#861 = ORIENTED_EDGE ( 'NONE', *, *, #1328, .F. ) ;
#862 = VECTOR ( 'NONE', #1330, 39.37007874015748143 ) ;
#863 = CARTESIAN_POINT ( 'NONE',  ( 0.6500000000000006883, -2.750000000000000000, 0.01574803149606299191 ) ) ;
#864 = AXIS2_PLACEMENT_3D ( 'NONE', #780, #1245, #648 ) ;
#865 = ORIENTED_EDGE ( 'NONE', *, *, #1083, .T. ) ;
#866 = AXIS2_PLACEMENT_3D ( 'NONE', #929, #371, #154 ) ;
#867 = ORIENTED_EDGE ( 'NONE', *, *, #1399, .F. ) ;
#868 = CARTESIAN_POINT ( 'NONE',  ( 0.6500000000000010214, -5.250000000000000000, 0.01574803149606299191 ) ) ;
#869 = FACE_OUTER_BOUND ( 'NONE', #758, .T. ) ;
#870 = CARTESIAN_POINT ( 'NONE',  ( 0.6499999999999998002, 0.9999999999999998890, 0.01574803149606299191 ) ) ;
#871 = CARTESIAN_POINT ( 'NONE',  ( 0.2374999999999997113, -4.750000000000000000, 0.01574803149606299191 ) ) ;
#872 = ORIENTED_EDGE ( 'NONE', *, *, #383, .T. ) ;
#873 = DIRECTION ( 'NONE',  ( -0.000000000000000000, -0.000000000000000000, -1.000000000000000000 ) ) ;
#874 = CARTESIAN_POINT ( 'NONE',  ( 0.9999999999999996669, 0.9999999999999998890, 0.000000000000000000 ) ) ;
#875 = DIRECTION ( 'NONE',  ( -0.000000000000000000, -0.000000000000000000, -1.000000000000000000 ) ) ;
#876 = EDGE_CURVE ( 'NONE', #1264, #641, #925, .T. ) ;
#877 = ORIENTED_EDGE ( 'NONE', *, *, #659, .F. ) ;
#878 = DIRECTION ( 'NONE',  ( 0.000000000000000000, 1.000000000000000000, 0.000000000000000000 ) ) ;
#879 = EDGE_CURVE ( 'NONE', #331, #325, #564, .T. ) ;
#880 = EDGE_CURVE ( 'NONE', #920, #102, #594, .T. ) ;
#881 = ORIENTED_EDGE ( 'NONE', *, *, #1423, .F. ) ;
#882 = VERTEX_POINT ( 'NONE', #6 ) ;
#883 = LINE ( 'NONE', #649, #693 ) ;
#884 = CARTESIAN_POINT ( 'NONE',  ( -0.5672259383584375980, -4.400000000000011013, 0.01574803149606299191 ) ) ;
#885 = CARTESIAN_POINT ( 'NONE',  ( -1.500000000000000666, 3.375000000000001776, 0.01574803149606299191 ) ) ;
#886 = AXIS2_PLACEMENT_3D ( 'NONE', #774, #1237, #899 ) ;
#887 = VECTOR ( 'NONE', #996, 39.37007874015748143 ) ;
#888 = CARTESIAN_POINT ( 'NONE',  ( -0.000000000000000000, 3.375000000000001776, 0.000000000000000000 ) ) ;
#889 = EDGE_LOOP ( 'NONE', ( #8, #128, #686, #1440, #727, #842, #1176, #1248 ) ) ;
#890 = ORIENTED_EDGE ( 'NONE', *, *, #241, .F. ) ;
#891 = CARTESIAN_POINT ( 'NONE',  ( 0.2374999999999997113, 1.000000000000000000, 0.01574803149606299191 ) ) ;
#892 = CARTESIAN_POINT ( 'NONE',  ( 0.6500000000000010214, -5.250000000000000000, 0.000000000000000000 ) ) ;
#893 = VECTOR ( 'NONE', #281, 39.37007874015748143 ) ;
#894 = FACE_OUTER_BOUND ( 'NONE', #196, .T. ) ;
#895 = ORIENTED_EDGE ( 'NONE', *, *, #943, .T. ) ;
#896 = FACE_OUTER_BOUND ( 'NONE', #93, .T. ) ;
#897 = DIRECTION ( 'NONE',  ( 1.000000000000000000, 0.000000000000000000, 0.000000000000000000 ) ) ;
#898 = ORIENTED_EDGE ( 'NONE', *, *, #880, .T. ) ;
#899 = DIRECTION ( 'NONE',  ( 0.000000000000000000, 0.000000000000000000, 1.000000000000000000 ) ) ;
#900 = CARTESIAN_POINT ( 'NONE',  ( 0.2999999999999997113, 3.000000000000000444, 0.01574803149606299191 ) ) ;
#901 = VERTEX_POINT ( 'NONE', #476 ) ;
#902 = FACE_OUTER_BOUND ( 'NONE', #784, .T. ) ;
#903 = CARTESIAN_POINT ( 'NONE',  ( -3.350983181174965021E-15, -2.500000000000001332, 0.000000000000000000 ) ) ;
#904 = PLANE ( 'NONE',  #741 ) ;
#905 = ORIENTED_EDGE ( 'NONE', *, *, #572, .F. ) ;
#906 = EDGE_CURVE ( 'NONE', #382, #1359, #448, .T. ) ;
#907 = ORIENTED_EDGE ( 'NONE', *, *, #1057, .F. ) ;
#908 = FACE_OUTER_BOUND ( 'NONE', #1066, .T. ) ;
#909 = AXIS2_PLACEMENT_3D ( 'NONE', #201, #320, #657 ) ;
#910 = CARTESIAN_POINT ( 'NONE',  ( 0.000000000000000000, -2.750000000000000000, 0.01574803149606299191 ) ) ;
#911 = DIRECTION ( 'NONE',  ( -4.370956789862820361E-15, -1.000000000000000000, 0.000000000000000000 ) ) ;
#912 = ORIENTED_EDGE ( 'NONE', *, *, #53, .F. ) ;
#913 = AXIS2_PLACEMENT_3D ( 'NONE', #311, #1433, #768 ) ;
#914 = DIRECTION ( 'NONE',  ( 0.000000000000000000, 0.000000000000000000, 1.000000000000000000 ) ) ;
#915 = VECTOR ( 'NONE', #195, 39.37007874015748143 ) ;
#916 = ORIENTED_EDGE ( 'NONE', *, *, #340, .T. ) ;
#917 = DIRECTION ( 'NONE',  ( -0.000000000000000000, -0.000000000000000000, -1.000000000000000000 ) ) ;
#918 = DIRECTION ( 'NONE',  ( 0.000000000000000000, 1.000000000000000000, 0.000000000000000000 ) ) ;
#919 = DIRECTION ( 'NONE',  ( 0.000000000000000000, 1.000000000000000000, 0.000000000000000000 ) ) ;
#920 = VERTEX_POINT ( 'NONE', #367 ) ;
#921 = ORIENTED_EDGE ( 'NONE', *, *, #658, .F. ) ;
#922 = EDGE_CURVE ( 'NONE', #1041, #84, #1398, .T. ) ;
#923 = EDGE_CURVE ( 'NONE', #459, #851, #802, .T. ) ;
#924 = CARTESIAN_POINT ( 'NONE',  ( -0.4923811242904556074, -2.500000000000000444, 0.01574803149606299191 ) ) ;
#925 = LINE ( 'NONE', #454, #1432 ) ;
#926 = VERTEX_POINT ( 'NONE', #702 ) ;
#927 = FACE_OUTER_BOUND ( 'NONE', #578, .T. ) ;
#928 = LINE ( 'NONE', #271, #603 ) ;
#929 = CARTESIAN_POINT ( 'NONE',  ( 0.000000000000000000, 0.000000000000000000, 0.01574803149606299191 ) ) ;
#930 = DIRECTION ( 'NONE',  ( 0.000000000000000000, 1.000000000000000000, -0.000000000000000000 ) ) ;
#931 = DIRECTION ( 'NONE',  ( 1.214154663850783899E-16, -1.000000000000000000, 0.000000000000000000 ) ) ;
#932 = VECTOR ( 'NONE', #950, 39.37007874015748143 ) ;
#933 = FACE_BOUND ( 'NONE', #466, .T. ) ;
#934 = ORIENTED_EDGE ( 'NONE', *, *, #765, .F. ) ;
#935 = VECTOR ( 'NONE', #805, 39.37007874015748143 ) ;
#936 = CARTESIAN_POINT ( 'NONE',  ( 0.2374999999999997113, -2.750000000000000000, -2.000976324197765610 ) ) ;
#937 = DIRECTION ( 'NONE',  ( -0.5125703686733641407, -0.8586452219386371265, 0.000000000000000000 ) ) ;
#938 = PLANE ( 'NONE',  #1065 ) ;
#939 = VECTOR ( 'NONE', #1214, 39.37007874015748143 ) ;
#940 = LINE ( 'NONE', #1074, #978 ) ;
#941 = EDGE_CURVE ( 'NONE', #622, #1430, #375, .T. ) ;
#942 = ORIENTED_EDGE ( 'NONE', *, *, #1175, .T. ) ;
#943 = EDGE_CURVE ( 'NONE', #347, #94, #1343, .T. ) ;
#944 = PLANE ( 'NONE',  #293 ) ;
#945 = DIRECTION ( 'NONE',  ( 0.000000000000000000, -0.000000000000000000, 1.000000000000000000 ) ) ;
#946 = ORIENTED_EDGE ( 'NONE', *, *, #410, .T. ) ;
#947 = VERTEX_POINT ( 'NONE', #1455 ) ;
#948 = LINE ( 'NONE', #505, #390 ) ;
#949 = CARTESIAN_POINT ( 'NONE',  ( -0.000000000000000000, 1.349999999999999867, 0.000000000000000000 ) ) ;
#950 = DIRECTION ( 'NONE',  ( -0.000000000000000000, -0.000000000000000000, -1.000000000000000000 ) ) ;
#951 = ORIENTED_EDGE ( 'NONE', *, *, #182, .T. ) ;
#952 = DIRECTION ( 'NONE',  ( -1.000000000000000000, 0.000000000000000000, 0.000000000000000000 ) ) ;
#953 = AXIS2_PLACEMENT_3D ( 'NONE', #1046, #346, #1384 ) ;
#954 = DIRECTION ( 'NONE',  ( 0.000000000000000000, 0.000000000000000000, 1.000000000000000000 ) ) ;
#955 = CARTESIAN_POINT ( 'NONE',  ( 0.6500000000000006883, -2.750000000000000000, 0.000000000000000000 ) ) ;
#956 = EDGE_CURVE ( 'NONE', #1329, #117, #416, .T. ) ;
#957 = VECTOR ( 'NONE', #406, 39.37007874015748143 ) ;
#958 = VERTEX_POINT ( 'NONE', #900 ) ;
#959 = DIRECTION ( 'NONE',  ( 1.000000000000000000, 0.000000000000000000, 0.000000000000000000 ) ) ;
#960 = ORIENTED_EDGE ( 'NONE', *, *, #1350, .F. ) ;
#961 = ADVANCED_FACE ( 'NONE', ( #990 ), #1362, .T. ) ;
#962 = ADVANCED_FACE ( 'NONE', ( #676 ), #1240, .F. ) ;
#963 = ORIENTED_EDGE ( 'NONE', *, *, #307, .F. ) ;
#964 = ORIENTED_EDGE ( 'NONE', *, *, #1239, .F. ) ;
#965 = ORIENTED_EDGE ( 'NONE', *, *, #115, .T. ) ;
#966 = ORIENTED_EDGE ( 'NONE', *, *, #359, .T. ) ;
#967 = VERTEX_POINT ( 'NONE', #1335 ) ;
#968 = VECTOR ( 'NONE', #568, 39.37007874015748143 ) ;
#969 = LINE ( 'NONE', #73, #202 ) ;
#970 = ORIENTED_EDGE ( 'NONE', *, *, #1261, .F. ) ;
#971 = AXIS2_PLACEMENT_3D ( 'NONE', #754, #1225, #423 ) ;
#972 = VECTOR ( 'NONE', #1280, 39.37007874015748143 ) ;
#973 = CARTESIAN_POINT ( 'NONE',  ( 1.499999999999999778, 2.276539994720219349E-16, 0.000000000000000000 ) ) ;
#974 = ORIENTED_EDGE ( 'NONE', *, *, #785, .T. ) ;
#975 = VECTOR ( 'NONE', #386, 39.37007874015748143 ) ;
#976 = ORIENTED_EDGE ( 'NONE', *, *, #337, .F. ) ;
#977 = DIRECTION ( 'NONE',  ( 0.000000000000000000, 0.000000000000000000, 1.000000000000000000 ) ) ;
#978 = VECTOR ( 'NONE', #726, 39.37007874015748143 ) ;
#979 = ADVANCED_FACE ( 'NONE', ( #998 ), #1222, .F. ) ;
#980 = UNCERTAINTY_MEASURE_WITH_UNIT (LENGTH_MEASURE( 1.000000000000000082E-05 ), #282, 'distance_accuracy_value', 'NONE');
#981 = ADVANCED_FACE ( 'NONE', ( #894 ), #547, .F. ) ;
#982 = ADVANCED_FACE ( 'NONE', ( #203 ), #1123, .T. ) ;
#983 = DIRECTION ( 'NONE',  ( 1.000000000000000000, 0.000000000000000000, 0.000000000000000000 ) ) ;
#984 = ORIENTED_EDGE ( 'NONE', *, *, #548, .T. ) ;
#985 = DIRECTION ( 'NONE',  ( -1.000000000000000000, 0.000000000000000000, 0.000000000000000000 ) ) ;
#986 = VERTEX_POINT ( 'NONE', #868 ) ;
#987 = ORIENTED_EDGE ( 'NONE', *, *, #337, .T. ) ;
#988 = CARTESIAN_POINT ( 'NONE',  ( 0.2374999999999997113, -4.750000000000000000, 0.000000000000000000 ) ) ;
#989 = LINE ( 'NONE', #557, #405 ) ;
#990 = FACE_OUTER_BOUND ( 'NONE', #186, .T. ) ;
#991 = VERTEX_POINT ( 'NONE', #1008 ) ;
#992 = DIRECTION ( 'NONE',  ( -0.000000000000000000, -0.000000000000000000, -1.000000000000000000 ) ) ;
#993 = LINE ( 'NONE', #493, #181 ) ;
#994 = ORIENTED_EDGE ( 'NONE', *, *, #264, .T. ) ;
#995 = VERTEX_POINT ( 'NONE', #1465 ) ;
#996 = DIRECTION ( 'NONE',  ( 1.000000000000000000, 1.365923996832131609E-16, 0.000000000000000000 ) ) ;
#997 = CARTESIAN_POINT ( 'NONE',  ( -1.499999999999999556, -5.624999999999998224, 0.01574803149606299191 ) ) ;
#998 = FACE_OUTER_BOUND ( 'NONE', #1435, .T. ) ;
#999 = ORIENTED_EDGE ( 'NONE', *, *, #1322, .F. ) ;
#1000 = CARTESIAN_POINT ( 'NONE',  ( -0.9999999999999996669, -4.750000000000000000, 0.01574803149606299191 ) ) ;
#1001 = VECTOR ( 'NONE', #766, 39.37007874015748143 ) ;
#1002 = ADVANCED_FACE ( 'NONE', ( #99 ), #539, .F. ) ;
#1003 = VECTOR ( 'NONE', #983, 39.37007874015748143 ) ;
#1004 = EDGE_LOOP ( 'NONE', ( #1166, #112, #788, #661 ) ) ;
#1005 = ORIENTED_EDGE ( 'NONE', *, *, #164, .F. ) ;
#1006 = LINE ( 'NONE', #199, #20 ) ;
#1007 = LINE ( 'NONE', #681, #223 ) ;
#1008 = CARTESIAN_POINT ( 'NONE',  ( 0.2374999999999997946, -3.293501834757166513, 0.01574803149606294334 ) ) ;
#1009 = ORIENTED_EDGE ( 'NONE', *, *, #834, .T. ) ;
#1010 = CARTESIAN_POINT ( 'NONE',  ( 1.000000000000000222, 0.000000000000000000, 0.000000000000000000 ) ) ;
#1011 = LINE ( 'NONE', #1027, #322 ) ;
#1012 = EDGE_CURVE ( 'NONE', #1075, #636, #422, .T. ) ;
#1013 = EDGE_CURVE ( 'NONE', #851, #1443, #969, .T. ) ;
#1014 = ORIENTED_EDGE ( 'NONE', *, *, #509, .T. ) ;
#1015 = CARTESIAN_POINT ( 'NONE',  ( 0.3000000000000115352, 0.000000000000000000, 0.000000000000000000 ) ) ;
#1016 = CARTESIAN_POINT ( 'NONE',  ( 0.2374999999999997113, -4.400000000000011013, -2.000976324197765610 ) ) ;
#1017 = ORIENTED_EDGE ( 'NONE', *, *, #632, .F. ) ;
#1018 = LINE ( 'NONE', #1265, #847 ) ;
#1019 = ORIENTED_EDGE ( 'NONE', *, *, #785, .F. ) ;
#1020 = PLANE ( 'NONE',  #1394 ) ;
#1021 = ORIENTED_EDGE ( 'NONE', *, *, #922, .F. ) ;
#1022 = LINE ( 'NONE', #673, #576 ) ;
#1023 = CARTESIAN_POINT ( 'NONE',  ( -0.9999999999999998890, -4.400000000000000355, 0.01574803149606299191 ) ) ;
#1024 = EDGE_LOOP ( 'NONE', ( #220, #1204, #1045, #315 ) ) ;
#1025 = ORIENTED_EDGE ( 'NONE', *, *, #1387, .T. ) ;
#1026 = DIRECTION ( 'NONE',  ( 1.000000000000000000, 1.517693329813479812E-16, -0.000000000000000000 ) ) ;
#1027 = CARTESIAN_POINT ( 'NONE',  ( -1.000000000000000222, 0.000000000000000000, 0.01574803149606299191 ) ) ;
#1028 = VECTOR ( 'NONE', #329, 39.37007874015748143 ) ;
#1029 = LINE ( 'NONE', #692, #1079 ) ;
#1030 = FACE_BOUND ( 'NONE', #751, .T. ) ;
#1031 = ORIENTED_EDGE ( 'NONE', *, *, #554, .T. ) ;
#1032 = VECTOR ( 'NONE', #412, 39.37007874015748143 ) ;
#1033 = DIRECTION ( 'NONE',  ( 1.000000000000000000, 0.000000000000000000, 0.000000000000000000 ) ) ;
#1034 = EDGE_CURVE ( 'NONE', #753, #926, #80, .T. ) ;
#1035 = DIRECTION ( 'NONE',  ( 1.000000000000000000, 0.000000000000000000, 0.000000000000000000 ) ) ;
#1036 = ORIENTED_EDGE ( 'NONE', *, *, #306, .F. ) ;
#1037 = EDGE_CURVE ( 'NONE', #665, #1359, #625, .T. ) ;
#1038 = ADVANCED_FACE ( 'NONE', ( #869 ), #302, .F. ) ;
#1039 = CARTESIAN_POINT ( 'NONE',  ( 0.000000000000000000, -5.624999999999998224, 0.000000000000000000 ) ) ;
#1040 = CARTESIAN_POINT ( 'NONE',  ( 0.9999999999999996669, 0.000000000000000000, 0.01574803149606299191 ) ) ;
#1041 = VERTEX_POINT ( 'NONE', #1211 ) ;
#1042 = CARTESIAN_POINT ( 'NONE',  ( 0.2374999999999997113, 3.000000000000000444, 0.000000000000000000 ) ) ;
#1043 = PLANE ( 'NONE',  #1061 ) ;
#1044 = FACE_BOUND ( 'NONE', #1354, .T. ) ;
#1045 = ORIENTED_EDGE ( 'NONE', *, *, #1097, .F. ) ;
#1046 = CARTESIAN_POINT ( 'NONE',  ( 0.6500000000000238920, -2.841121913410937877E-15, 0.01574803149606299191 ) ) ;
#1047 = DIRECTION ( 'NONE',  ( -0.000000000000000000, -0.000000000000000000, -1.000000000000000000 ) ) ;
#1048 = DIRECTION ( 'NONE',  ( -3.902639990948949427E-16, 1.000000000000000000, 0.000000000000000000 ) ) ;
#1049 = VERTEX_POINT ( 'NONE', #1081 ) ;
#1050 = CARTESIAN_POINT ( 'NONE',  ( 0.6500000000000007994, -4.400000000000011013, 0.000000000000000000 ) ) ;
#1051 = DIRECTION ( 'NONE',  ( 0.000000000000000000, 1.000000000000000000, -0.000000000000000000 ) ) ;
#1052 = ORIENTED_EDGE ( 'NONE', *, *, #7, .T. ) ;
#1053 = CARTESIAN_POINT ( 'NONE',  ( 0.000000000000000000, 3.000000000000000444, 0.01574803149606299191 ) ) ;
#1054 = CARTESIAN_POINT ( 'NONE',  ( -1.000000000000000222, 1.349999999999999201, 0.01574803149606299191 ) ) ;
#1055 = FACE_BOUND ( 'NONE', #2, .T. ) ;
#1056 = EDGE_CURVE ( 'NONE', #1142, #1152, #514, .T. ) ;
#1057 = EDGE_CURVE ( 'NONE', #325, #1120, #400, .T. ) ;
#1058 = CARTESIAN_POINT ( 'NONE',  ( 0.9999999999999998890, -1.516480271171051896E-32, 0.000000000000000000 ) ) ;
#1059 = DIRECTION ( 'NONE',  ( 1.050710766793947430E-16, -1.000000000000000000, 0.000000000000000000 ) ) ;
#1060 = ORIENTED_EDGE ( 'NONE', *, *, #817, .F. ) ;
#1061 = AXIS2_PLACEMENT_3D ( 'NONE', #910, #918, #262 ) ;
#1062 = VECTOR ( 'NONE', #711, 39.37007874015748143 ) ;
#1063 = DIRECTION ( 'NONE',  ( 0.000000000000000000, -0.000000000000000000, -1.000000000000000000 ) ) ;
#1064 = CARTESIAN_POINT ( 'NONE',  ( 0.2999999999999997113, 0.5000000000000000000, 0.000000000000000000 ) ) ;
#1065 = AXIS2_PLACEMENT_3D ( 'NONE', #1402, #379, #830 ) ;
#1066 = EDGE_LOOP ( 'NONE', ( #916, #455, #470, #1360 ) ) ;
#1067 = LINE ( 'NONE', #38, #427 ) ;
#1068 = EDGE_CURVE ( 'NONE', #382, #58, #1011, .T. ) ;
#1069 = EDGE_LOOP ( 'NONE', ( #492, #1171, #858, #52 ) ) ;
#1070 = DIRECTION ( 'NONE',  ( -0.000000000000000000, -0.000000000000000000, -1.000000000000000000 ) ) ;
#1071 = DIRECTION ( 'NONE',  ( 0.000000000000000000, 0.000000000000000000, 1.000000000000000000 ) ) ;
#1072 = DIRECTION ( 'NONE',  ( 0.000000000000000000, -1.000000000000000000, 0.000000000000000000 ) ) ;
#1073 = CARTESIAN_POINT ( 'NONE',  ( 0.6500000000000031308, -4.750000000000000000, 0.01574803149606299191 ) ) ;
#1074 = CARTESIAN_POINT ( 'NONE',  ( -1.000000000000000000, 0.000000000000000000, 0.01574803149606299191 ) ) ;
#1075 = VERTEX_POINT ( 'NONE', #1 ) ;
#1076 = CARTESIAN_POINT ( 'NONE',  ( 0.6499999999999999112, 5.380912714793243436E-17, 0.000000000000000000 ) ) ;
#1077 = CARTESIAN_POINT ( 'NONE',  ( 0.2374999999999997113, 3.000000000000000444, -2.000976324197765610 ) ) ;
#1078 = ORIENTED_EDGE ( 'NONE', *, *, #1310, .F. ) ;
#1079 = VECTOR ( 'NONE', #593, 39.37007874015748143 ) ;
#1080 = EDGE_CURVE ( 'NONE', #553, #668, #584, .T. ) ;
#1081 = CARTESIAN_POINT ( 'NONE',  ( 0.2999999999999997113, 0.5000000000000000000, 0.01574803149606299191 ) ) ;
#1082 = ADVANCED_FACE ( 'NONE', ( #812 ), #358, .F. ) ;
#1083 = EDGE_CURVE ( 'NONE', #188, #1041, #136, .T. ) ;
#1084 = LINE ( 'NONE', #1200, #932 ) ;
#1085 = CARTESIAN_POINT ( 'NONE',  ( -0.9000000000000001332, -2.500000000000000000, 0.01574803149606299191 ) ) ;
#1086 = ORIENTED_EDGE ( 'NONE', *, *, #1263, .T. ) ;
#1087 = CARTESIAN_POINT ( 'NONE',  ( 0.000000000000000000, -2.750000000000000000, 0.01574803149606299191 ) ) ;
#1088 = DIMENSIONAL_EXPONENTS ( 1.000000000000000000, 0.000000000000000000, 0.000000000000000000, 0.000000000000000000, 0.000000000000000000, 0.000000000000000000, 0.000000000000000000 ) ;
#1089 = ORIENTED_EDGE ( 'NONE', *, *, #1450, .F. ) ;
#1090 = DIRECTION ( 'NONE',  ( -1.000000000000000000, 0.000000000000000000, 0.000000000000000000 ) ) ;
#1091 = LINE ( 'NONE', #1227, #915 ) ;
#1092 = ORIENTED_EDGE ( 'NONE', *, *, #658, .T. ) ;
#1093 = VERTEX_POINT ( 'NONE', #1275 ) ;
#1094 = DIRECTION ( 'NONE',  ( 0.8586452219386371265, -0.5125703686733642517, 0.000000000000000000 ) ) ;
#1095 = EDGE_CURVE ( 'NONE', #995, #678, #1459, .T. ) ;
#1096 = VERTEX_POINT ( 'NONE', #1358 ) ;
#1097 = EDGE_CURVE ( 'NONE', #204, #446, #56, .T. ) ;
#1098 = ADVANCED_FACE ( 'NONE', ( #49 ), #850, .F. ) ;
#1099 = DIRECTION ( 'NONE',  ( 0.5881716976750459569, 0.8087360843031886626, 0.000000000000000000 ) ) ;
#1100 = ORIENTED_EDGE ( 'NONE', *, *, #659, .T. ) ;
#1101 = VECTOR ( 'NONE', #380, 39.37007874015748143 ) ;
#1102 = AXIS2_PLACEMENT_3D ( 'NONE', #1446, #1232, #442 ) ;
#1103 = DIRECTION ( 'NONE',  ( 0.5881716976750459569, 0.8087360843031886626, 0.000000000000000000 ) ) ;
#1104 = ORIENTED_EDGE ( 'NONE', *, *, #746, .F. ) ;
#1105 = LINE ( 'NONE', #1229, #430 ) ;
#1106 = PLANE ( 'NONE',  #1221 ) ;
#1107 = ORIENTED_EDGE ( 'NONE', *, *, #182, .F. ) ;
#1108 = PRODUCT_DEFINITION ( 'UNKNOWN', '', #1286, #120 ) ;
#1109 = CARTESIAN_POINT ( 'NONE',  ( 1.721976548425033116, -1.252346580672760057, 0.01574803149606299191 ) ) ;
#1110 = ORIENTED_EDGE ( 'NONE', *, *, #398, .T. ) ;
#1111 = DIRECTION ( 'NONE',  ( 0.000000000000000000, 0.000000000000000000, 1.000000000000000000 ) ) ;
#1112 = DIRECTION ( 'NONE',  ( 1.000000000000000000, 1.214154663850783899E-16, -0.000000000000000000 ) ) ;
#1113 = ORIENTED_EDGE ( 'NONE', *, *, #1148, .F. ) ;
#1114 = CARTESIAN_POINT ( 'NONE',  ( 0.6499999999999998002, 0.9999999999999998890, 0.000000000000000000 ) ) ;
#1115 = CARTESIAN_POINT ( 'NONE',  ( 0.2374999999999997113, 1.000000000000000000, -2.000976324197765610 ) ) ;
#1116 = ORIENTED_EDGE ( 'NONE', *, *, #592, .T. ) ;
#1117 = EDGE_CURVE ( 'NONE', #530, #439, #591, .T. ) ;
#1118 = DIRECTION ( 'NONE',  ( 1.000000000000000000, 0.000000000000000000, 0.000000000000000000 ) ) ;
#1119 = VERTEX_POINT ( 'NONE', #836 ) ;
#1120 = VERTEX_POINT ( 'NONE', #480 ) ;
#1121 = CARTESIAN_POINT ( 'NONE',  ( 0.2374999999999997113, 1.349999999999999867, 0.000000000000000000 ) ) ;
#1122 = LINE ( 'NONE', #125, #43 ) ;
#1123 = PLANE ( 'NONE',  #274 ) ;
#1124 = VERTEX_POINT ( 'NONE', #1064 ) ;
#1125 = ADVANCED_FACE ( 'NONE', ( #1055, #272, #1174, #1393, #1187, #1168 ), #507, .T. ) ;
#1126 = CARTESIAN_POINT ( 'NONE',  ( -0.9999999999999998890, -4.400000000000000355, 0.01574803149606299191 ) ) ;
#1127 = VECTOR ( 'NONE', #57, 39.37007874015748143 ) ;
#1128 = EDGE_CURVE ( 'NONE', #4, #89, #1181, .T. ) ;
#1129 = AXIS2_PLACEMENT_3D ( 'NONE', #1334, #1133, #209 ) ;
#1130 = ORIENTED_EDGE ( 'NONE', *, *, #1175, .F. ) ;
#1131 = VERTEX_POINT ( 'NONE', #599 ) ;
#1132 = CARTESIAN_POINT ( 'NONE',  ( 0.2374999999999997113, 2.456498165242825049, -2.000976324197765610 ) ) ;
#1133 = DIRECTION ( 'NONE',  ( 1.000000000000000000, 0.000000000000000000, -0.000000000000000000 ) ) ;
#1134 = VECTOR ( 'NONE', #308, 39.37007874015748143 ) ;
#1135 = CARTESIAN_POINT ( 'NONE',  ( 0.2999999999999997113, 0.5000000000000000000, 0.01574803149606299191 ) ) ;
#1136 = VERTEX_POINT ( 'NONE', #823 ) ;
#1137 = DIRECTION ( 'NONE',  ( -0.000000000000000000, -1.000000000000000000, -0.000000000000000000 ) ) ;
#1138 = ORIENTED_EDGE ( 'NONE', *, *, #1429, .F. ) ;
#1139 = CARTESIAN_POINT ( 'NONE',  ( -1.499999999999999556, -5.624999999999998224, 0.000000000000000000 ) ) ;
#1140 = FACE_BOUND ( 'NONE', #889, .T. ) ;
#1141 = EDGE_LOOP ( 'NONE', ( #388, #684, #1257, #1014 ) ) ;
#1142 = VERTEX_POINT ( 'NONE', #1408 ) ;
#1143 = LINE ( 'NONE', #114, #1342 ) ;
#1144 = ORIENTED_EDGE ( 'NONE', *, *, #1012, .F. ) ;
#1145 = EDGE_CURVE ( 'NONE', #920, #636, #391, .T. ) ;
#1146 = CARTESIAN_POINT ( 'NONE',  ( 0.2374999999999997113, 1.000000000000000000, 0.01574803149606299191 ) ) ;
#1147 = CARTESIAN_POINT ( 'NONE',  ( 0.2374999999999997113, -4.750000000000000000, -2.000976324197765610 ) ) ;
#1148 = EDGE_CURVE ( 'NONE', #117, #433, #846, .T. ) ;
#1149 = ORIENTED_EDGE ( 'NONE', *, *, #1190, .F. ) ;
#1150 = EDGE_CURVE ( 'NONE', #1049, #958, #1306, .T. ) ;
#1151 = APPLICATION_PROTOCOL_DEFINITION ( 'draft international standard', 'automotive_design', 1998, #467 ) ;
#1152 = VERTEX_POINT ( 'NONE', #159 ) ;
#1153 = DIRECTION ( 'NONE',  ( -0.000000000000000000, -0.000000000000000000, -1.000000000000000000 ) ) ;
#1154 = DIRECTION ( 'NONE',  ( 0.000000000000000000, 1.000000000000000000, 0.000000000000000000 ) ) ;
#1155 = AXIS2_PLACEMENT_3D ( 'NONE', #712, #700, #144 ) ;
#1156 = DIRECTION ( 'NONE',  ( 0.000000000000000000, -1.000000000000000000, 0.000000000000000000 ) ) ;
#1157 = AXIS2_PLACEMENT_3D ( 'NONE', #662, #1026, #235 ) ;
#1158 = LINE ( 'NONE', #587, #626 ) ;
#1159 = FACE_OUTER_BOUND ( 'NONE', #1326, .T. ) ;
#1160 = EDGE_LOOP ( 'NONE', ( #1009, #646, #415, #1189 ) ) ;
#1161 = SHAPE_DEFINITION_REPRESENTATION ( #701, #146 ) ;
#1162 = CARTESIAN_POINT ( 'NONE',  ( -1.000000000000000000, 0.000000000000000000, 0.01574803149606299191 ) ) ;
#1163 = LINE ( 'NONE', #1271, #1101 ) ;
#1164 = APPLICATION_CONTEXT ( 'automotive_design' ) ;
#1165 = PLANE ( 'NONE',  #394 ) ;
#1166 = ORIENTED_EDGE ( 'NONE', *, *, #724, .F. ) ;
#1167 = CARTESIAN_POINT ( 'NONE',  ( 0.6499999999999998002, 0.9999999999999998890, 0.01574803149606299191 ) ) ;
#1168 = FACE_BOUND ( 'NONE', #1223, .T. ) ;
#1169 = EDGE_CURVE ( 'NONE', #986, #325, #731, .T. ) ;
#1170 = DIRECTION ( 'NONE',  ( -1.000000000000000000, 0.000000000000000000, 0.000000000000000000 ) ) ;
#1171 = ORIENTED_EDGE ( 'NONE', *, *, #721, .F. ) ;
#1172 = DIRECTION ( 'NONE',  ( 0.000000000000000000, 1.000000000000000000, 0.000000000000000000 ) ) ;
#1173 = DIRECTION ( 'NONE',  ( -2.731847993664264205E-16, -1.000000000000000000, 0.000000000000000000 ) ) ;
#1174 = FACE_BOUND ( 'NONE', #853, .T. ) ;
#1175 = EDGE_CURVE ( 'NONE', #1379, #477, #61, .T. ) ;
#1176 = ORIENTED_EDGE ( 'NONE', *, *, #834, .F. ) ;
#1177 = LINE ( 'NONE', #374, #1454 ) ;
#1178 = ORIENTED_EDGE ( 'NONE', *, *, #1449, .T. ) ;
#1179 = VECTOR ( 'NONE', #1376, 39.37007874015748143 ) ;
#1180 = CARTESIAN_POINT ( 'NONE',  ( 0.1999999999999997891, 3.000000000000000444, 0.000000000000000000 ) ) ;
#1181 = LINE ( 'NONE', #949, #465 ) ;
#1182 = VECTOR ( 'NONE', #1103, 39.37007874015748143 ) ;
#1183 = VECTOR ( 'NONE', #70, 39.37007874015748143 ) ;
#1184 = ORIENTED_EDGE ( 'NONE', *, *, #822, .F. ) ;
#1185 = DIRECTION ( 'NONE',  ( -1.000000000000000000, 0.000000000000000000, 0.000000000000000000 ) ) ;
#1186 = CARTESIAN_POINT ( 'NONE',  ( 0.2000000000000080880, -2.750000000000000000, 0.01574803149606299191 ) ) ;
#1187 = FACE_OUTER_BOUND ( 'NONE', #710, .T. ) ;
#1188 = EDGE_CURVE ( 'NONE', #151, #1379, #1418, .T. ) ;
#1189 = ORIENTED_EDGE ( 'NONE', *, *, #906, .T. ) ;
#1190 = EDGE_CURVE ( 'NONE', #1443, #1131, #1313, .T. ) ;
#1191 = FACE_OUTER_BOUND ( 'NONE', #1141, .T. ) ;
#1192 = DIRECTION ( 'NONE',  ( 0.000000000000000000, 0.000000000000000000, -1.000000000000000000 ) ) ;
#1193 = EDGE_LOOP ( 'NONE', ( #141, #890, #36, #1235 ) ) ;
#1194 = CARTESIAN_POINT ( 'NONE',  ( -1.013158586710100062, 0.7368426085164360151, 0.000000000000000000 ) ) ;
#1195 = STYLED_ITEM ( 'NONE', ( #254 ), #349 ) ;
#1196 = VECTOR ( 'NONE', #1434, 39.37007874015748143 ) ;
#1197 = DIRECTION ( 'NONE',  ( -1.000000000000000000, 1.340393272469985496E-15, 0.000000000000000000 ) ) ;
#1198 = ORIENTED_EDGE ( 'NONE', *, *, #956, .F. ) ;
#1199 = FACE_OUTER_BOUND ( 'NONE', #543, .T. ) ;
#1200 = CARTESIAN_POINT ( 'NONE',  ( 1.499999999999999334, 3.375000000000001776, 0.01574803149606299191 ) ) ;
#1201 = LINE ( 'NONE', #888, #767 ) ;
#1202 = EDGE_LOOP ( 'NONE', ( #832, #974, #1339, #965 ) ) ;
#1203 = EDGE_CURVE ( 'NONE', #1119, #567, #734, .T. ) ;
#1204 = ORIENTED_EDGE ( 'NONE', *, *, #1387, .F. ) ;
#1205 = CARTESIAN_POINT ( 'NONE',  ( 0.2374999999999997113, 1.000000000000000000, -2.000976324197765610 ) ) ;
#1206 = ADVANCED_FACE ( 'NONE', ( #34 ), #938, .F. ) ;
#1207 = CARTESIAN_POINT ( 'NONE',  ( 0.2374999999999997113, 2.456498165242824161, 0.000000000000000000 ) ) ;
#1208 = ORIENTED_EDGE ( 'NONE', *, *, #457, .T. ) ;
#1209 = ORIENTED_EDGE ( 'NONE', *, *, #383, .F. ) ;
#1210 = EDGE_LOOP ( 'NONE', ( #247, #10, #1420, #451 ) ) ;
#1211 = CARTESIAN_POINT ( 'NONE',  ( 0.9999999999999996669, 0.9999999999999998890, 0.01574803149606299191 ) ) ;
#1212 = ORIENTED_EDGE ( 'NONE', *, *, #1449, .F. ) ;
#1213 = PLANE ( 'NONE',  #392 ) ;
#1214 = DIRECTION ( 'NONE',  ( 1.517693329813479812E-16, -1.000000000000000000, 0.000000000000000000 ) ) ;
#1215 = ORIENTED_EDGE ( 'NONE', *, *, #145, .T. ) ;
#1216 = PRODUCT_RELATED_PRODUCT_CATEGORY ( 'part', '', ( #116 ) ) ;
#1217 = ORIENTED_EDGE ( 'NONE', *, *, #1145, .F. ) ;
#1218 = FACE_OUTER_BOUND ( 'NONE', #1069, .T. ) ;
#1219 = PLANE ( 'NONE',  #909 ) ;
#1220 = VECTOR ( 'NONE', #959, 39.37007874015748143 ) ;
#1221 = AXIS2_PLACEMENT_3D ( 'NONE', #215, #96, #538 ) ;
#1222 = PLANE ( 'NONE',  #913 ) ;
#1223 = EDGE_LOOP ( 'NONE', ( #156, #1349, #1100, #1266, #473, #776 ) ) ;
#1224 = VECTOR ( 'NONE', #1156, 39.37007874015748143 ) ;
#1225 = DIRECTION ( 'NONE',  ( 0.000000000000000000, -1.000000000000000000, 0.000000000000000000 ) ) ;
#1226 = VECTOR ( 'NONE', #140, 39.37007874015748143 ) ;
#1227 = CARTESIAN_POINT ( 'NONE',  ( -1.000000000000000222, 1.349999999999999201, 0.01574803149606299191 ) ) ;
#1228 = ORIENTED_EDGE ( 'NONE', *, *, #1309, .T. ) ;
#1229 = CARTESIAN_POINT ( 'NONE',  ( 0.3000000000000115352, -2.750000000000000000, -2.000976324197765610 ) ) ;
#1230 = LINE ( 'NONE', #1270, #1307 ) ;
#1231 = CARTESIAN_POINT ( 'NONE',  ( 0.9999999999999996669, 1.349999999999999867, 0.01574803149606299191 ) ) ;
#1232 = DIRECTION ( 'NONE',  ( 1.000000000000000000, 0.000000000000000000, -0.000000000000000000 ) ) ;
#1233 = ORIENTED_EDGE ( 'NONE', *, *, #1328, .T. ) ;
#1234 = DIRECTION ( 'NONE',  ( 0.000000000000000000, -0.000000000000000000, -1.000000000000000000 ) ) ;
#1235 = ORIENTED_EDGE ( 'NONE', *, *, #1369, .T. ) ;
#1236 = ORIENTED_EDGE ( 'NONE', *, *, #822, .T. ) ;
#1237 = DIRECTION ( 'NONE',  ( -1.000000000000000000, 0.000000000000000000, 0.000000000000000000 ) ) ;
#1238 = ADVANCED_FACE ( 'NONE', ( #1293 ), #713, .F. ) ;
#1239 = EDGE_CURVE ( 'NONE', #1430, #991, #212, .T. ) ;
#1240 = PLANE ( 'NONE',  #372 ) ;
#1241 = ORIENTED_EDGE ( 'NONE', *, *, #876, .T. ) ;
#1242 = DIRECTION ( 'NONE',  ( -0.5881716976750486214, -0.8087360843031867752, 0.000000000000000000 ) ) ;
#1243 = EDGE_LOOP ( 'NONE', ( #214, #1312, #344, #210 ) ) ;
#1244 = ORIENTED_EDGE ( 'NONE', *, *, #164, .T. ) ;
#1245 = DIRECTION ( 'NONE',  ( 0.000000000000000000, 1.000000000000000000, 0.000000000000000000 ) ) ;
#1246 = LINE ( 'NONE', #221, #1303 ) ;
#1247 = DIRECTION ( 'NONE',  ( -1.000000000000000000, 0.000000000000000000, 0.000000000000000000 ) ) ;
#1248 = ORIENTED_EDGE ( 'NONE', *, *, #1037, .F. ) ;
#1249 = CARTESIAN_POINT ( 'NONE',  ( 0.6500000000000004663, 5.380912714793213854E-17, 0.01574803149606299191 ) ) ;
#1250 = VECTOR ( 'NONE', #1173, 39.37007874015748143 ) ;
#1251 = DIRECTION ( 'NONE',  ( 0.000000000000000000, -0.000000000000000000, 1.000000000000000000 ) ) ;
#1252 = AXIS2_PLACEMENT_3D ( 'NONE', #472, #218, #1458 ) ;
#1253 = ORIENTED_EDGE ( 'NONE', *, *, #377, .T. ) ;
#1254 = LINE ( 'NONE', #230, #580 ) ;
#1255 = FACE_OUTER_BOUND ( 'NONE', #1024, .T. ) ;
#1256 = PLANE ( 'NONE',  #698 ) ;
#1257 = ORIENTED_EDGE ( 'NONE', *, *, #799, .F. ) ;
#1258 = VECTOR ( 'NONE', #708, 39.37007874015748143 ) ;
#1259 = ORIENTED_EDGE ( 'NONE', *, *, #1371, .T. ) ;
#1260 = CARTESIAN_POINT ( 'NONE',  ( 0.000000000000000000, -4.750000000000000000, 0.01574803149606299191 ) ) ;
#1261 = EDGE_CURVE ( 'NONE', #643, #1136, #1201, .T. ) ;
#1262 = EDGE_CURVE ( 'NONE', #58, #901, #663, .T. ) ;
#1263 = EDGE_CURVE ( 'NONE', #234, #986, #857, .T. ) ;
#1264 = VERTEX_POINT ( 'NONE', #1318 ) ;
#1265 = CARTESIAN_POINT ( 'NONE',  ( 0.000000000000000000, -2.750000000000000000, 0.000000000000000000 ) ) ;
#1266 = ORIENTED_EDGE ( 'NONE', *, *, #923, .T. ) ;
#1267 = ORIENTED_EDGE ( 'NONE', *, *, #1012, .T. ) ;
#1268 = LINE ( 'NONE', #463, #647 ) ;
#1269 = CARTESIAN_POINT ( 'NONE',  ( 0.9999999999999996669, 0.000000000000000000, 0.000000000000000000 ) ) ;
#1270 = CARTESIAN_POINT ( 'NONE',  ( -1.000000000000000000, 0.000000000000000000, 0.000000000000000000 ) ) ;
#1271 = CARTESIAN_POINT ( 'NONE',  ( 6.911332835731564917E-17, -0.3500000000000000333, 0.01574803149606299191 ) ) ;
#1272 = FACE_OUTER_BOUND ( 'NONE', #132, .T. ) ;
#1273 = EDGE_LOOP ( 'NONE', ( #288, #1209, #1466, #437 ) ) ;
#1274 = CARTESIAN_POINT ( 'NONE',  ( 0.6499999999999995781, 0.5000000000000000000, 0.000000000000000000 ) ) ;
#1275 = CARTESIAN_POINT ( 'NONE',  ( -0.5672259383584176140, 1.349999999999999867, 0.01574803149606299191 ) ) ;
#1276 = VECTOR ( 'NONE', #5, 39.37007874015748143 ) ;
#1277 = VECTOR ( 'NONE', #914, 39.37007874015748143 ) ;
#1278 = CARTESIAN_POINT ( 'NONE',  ( 0.6500000000000004663, 5.380912714793213854E-17, 0.000000000000000000 ) ) ;
#1279 = SURFACE_STYLE_FILL_AREA ( #1397 ) ;
#1280 = DIRECTION ( 'NONE',  ( 0.000000000000000000, 0.000000000000000000, 1.000000000000000000 ) ) ;
#1281 = ORIENTED_EDGE ( 'NONE', *, *, #813, .F. ) ;
#1282 = DIRECTION ( 'NONE',  ( 0.000000000000000000, 0.000000000000000000, 1.000000000000000000 ) ) ;
#1283 = EDGE_CURVE ( 'NONE', #534, #316, #314, .T. ) ;
#1284 = FACE_OUTER_BOUND ( 'NONE', #471, .T. ) ;
#1285 = CARTESIAN_POINT ( 'NONE',  ( 0.000000000000000000, 0.9999999999999998890, 0.01574803149606299191 ) ) ;
#1286 = PRODUCT_DEFINITION_FORMATION_WITH_SPECIFIED_SOURCE ( 'ANY', '', #116, .NOT_KNOWN. ) ;
#1287 = DIRECTION ( 'NONE',  ( -1.000000000000000000, 0.000000000000000000, 0.000000000000000000 ) ) ;
#1288 = DIRECTION ( 'NONE',  ( -0.000000000000000000, -0.000000000000000000, -1.000000000000000000 ) ) ;
#1289 = CARTESIAN_POINT ( 'NONE',  ( 0.2374999999999997113, -4.750000000000000000, 0.01574803149606299191 ) ) ;
#1290 = ORIENTED_EDGE ( 'NONE', *, *, #922, .T. ) ;
#1291 = DIRECTION ( 'NONE',  ( 1.000000000000000000, 0.000000000000000000, 0.000000000000000000 ) ) ;
#1292 = EDGE_CURVE ( 'NONE', #1136, #1152, #295, .T. ) ;
#1293 = FACE_OUTER_BOUND ( 'NONE', #300, .T. ) ;
#1294 = LINE ( 'NONE', #1146, #110 ) ;
#1295 = CARTESIAN_POINT ( 'NONE',  ( 0.2374999999999997113, -2.750000000000000000, 0.01574803149606299191 ) ) ;
#1296 = ORIENTED_EDGE ( 'NONE', *, *, #385, .T. ) ;
#1297 = CARTESIAN_POINT ( 'NONE',  ( 0.6499999999999995781, 0.5000000000000000000, 0.01574803149606299191 ) ) ;
#1298 = CARTESIAN_POINT ( 'NONE',  ( 0.2374999999999997113, 1.349999999999999867, 0.01574803149606299191 ) ) ;
#1299 = DIRECTION ( 'NONE',  ( -0.000000000000000000, -0.000000000000000000, -1.000000000000000000 ) ) ;
#1300 = DIRECTION ( 'NONE',  ( -1.000000000000000000, 0.000000000000000000, 0.000000000000000000 ) ) ;
#1301 = LENGTH_MEASURE_WITH_UNIT ( LENGTH_MEASURE( 0.02539999999999999897 ), #381 );
#1302 = ORIENTED_EDGE ( 'NONE', *, *, #241, .T. ) ;
#1303 = VECTOR ( 'NONE', #119, 39.37007874015748143 ) ;
#1304 = VECTOR ( 'NONE', #629, 39.37007874015748143 ) ;
#1305 = CARTESIAN_POINT ( 'NONE',  ( 0.2374999999999997113, -4.400000000000011013, 0.01574803149606299191 ) ) ;
#1306 = LINE ( 'NONE', #147, #893 ) ;
#1307 = VECTOR ( 'NONE', #930, 39.37007874015748143 ) ;
#1308 = EDGE_CURVE ( 'NONE', #417, #1404, #743, .T. ) ;
#1309 = EDGE_CURVE ( 'NONE', #58, #327, #1091, .T. ) ;
#1310 = EDGE_CURVE ( 'NONE', #636, #523, #522, .T. ) ;
#1311 = CARTESIAN_POINT ( 'NONE',  ( -0.5672259383584176140, 1.349999999999999867, 0.01574803149606299191 ) ) ;
#1312 = ORIENTED_EDGE ( 'NONE', *, *, #1331, .F. ) ;
#1313 = LINE ( 'NONE', #284, #297 ) ;
#1314 = CARTESIAN_POINT ( 'NONE',  ( -1.500000000000000666, 3.375000000000001776, 0.01574803149606299191 ) ) ;
#1315 = CARTESIAN_POINT ( 'NONE',  ( -1.050710766793947306E-16, 1.000000000000000000, 0.01574803149606299191 ) ) ;
#1316 = ORIENTED_EDGE ( 'NONE', *, *, #639, .F. ) ;
#1317 = CARTESIAN_POINT ( 'NONE',  ( 0.000000000000000000, 1.349999999999999867, 0.01574803149606299191 ) ) ;
#1318 = CARTESIAN_POINT ( 'NONE',  ( 0.3000000000000115352, -5.250000000000000000, 0.01574803149606299191 ) ) ;
#1319 = ORIENTED_EDGE ( 'NONE', *, *, #307, .T. ) ;
#1320 = AXIS2_PLACEMENT_3D ( 'NONE', #619, #153, #598 ) ;
#1321 = VECTOR ( 'NONE', #653, 39.37007874015748143 ) ;
#1322 = EDGE_CURVE ( 'NONE', #534, #498, #542, .T. ) ;
#1323 = VECTOR ( 'NONE', #95, 39.37007874015748143 ) ;
#1324 = ORIENTED_EDGE ( 'NONE', *, *, #438, .F. ) ;
#1325 = VECTOR ( 'NONE', #1287, 39.37007874015748143 ) ;
#1326 = EDGE_LOOP ( 'NONE', ( #309, #1391, #635, #449 ) ) ;
#1327 = EDGE_LOOP ( 'NONE', ( #1241, #519, #1031, #233, #213, #407, #1086, #1233 ) ) ;
#1328 = EDGE_CURVE ( 'NONE', #986, #1264, #993, .T. ) ;
#1329 = VERTEX_POINT ( 'NONE', #1405 ) ;
#1330 = DIRECTION ( 'NONE',  ( -0.000000000000000000, -0.000000000000000000, -1.000000000000000000 ) ) ;
#1331 = EDGE_CURVE ( 'NONE', #947, #81, #833, .T. ) ;
#1332 = DIRECTION ( 'NONE',  ( 1.000000000000000000, 0.000000000000000000, 0.000000000000000000 ) ) ;
#1333 = ORIENTED_EDGE ( 'NONE', *, *, #852, .F. ) ;
#1334 = CARTESIAN_POINT ( 'NONE',  ( 1.000000000000000222, 0.000000000000000000, 0.01574803149606299191 ) ) ;
#1335 = CARTESIAN_POINT ( 'NONE',  ( -0.4923811242904556074, -2.500000000000000444, 0.000000000000000000 ) ) ;
#1336 = ORIENTED_EDGE ( 'NONE', *, *, #697, .T. ) ;
#1337 = CARTESIAN_POINT ( 'NONE',  ( 0.4367457894795283568, -0.2607164689330322971, 0.01574803149606299191 ) ) ;
#1338 = VERTEX_POINT ( 'NONE', #891 ) ;
#1339 = ORIENTED_EDGE ( 'NONE', *, *, #941, .F. ) ;
#1340 = DIRECTION ( 'NONE',  ( 0.000000000000000000, 1.000000000000000000, 0.000000000000000000 ) ) ;
#1341 = VECTOR ( 'NONE', #841, 39.37007874015748143 ) ;
#1342 = VECTOR ( 'NONE', #786, 39.37007874015748143 ) ;
#1343 = LINE ( 'NONE', #660, #1373 ) ;
#1344 = EDGE_LOOP ( 'NONE', ( #529, #1060, #769, #664 ) ) ;
#1345 = VECTOR ( 'NONE', #1051, 39.37007874015748143 ) ;
#1346 = LINE ( 'NONE', #1467, #582 ) ;
#1347 = EDGE_CURVE ( 'NONE', #1096, #347, #1374, .T. ) ;
#1348 = DIMENSIONAL_EXPONENTS ( 1.000000000000000000, 0.000000000000000000, 0.000000000000000000, 0.000000000000000000, 0.000000000000000000, 0.000000000000000000, 0.000000000000000000 ) ;
#1349 = ORIENTED_EDGE ( 'NONE', *, *, #1447, .T. ) ;
#1350 = EDGE_CURVE ( 'NONE', #926, #117, #1230, .T. ) ;
#1351 = ORIENTED_EDGE ( 'NONE', *, *, #161, .F. ) ;
#1352 = DIRECTION ( 'NONE',  ( 1.517693329813479812E-16, -1.000000000000000000, 0.000000000000000000 ) ) ;
#1353 = LINE ( 'NONE', #903, #968 ) ;
#1354 = EDGE_LOOP ( 'NONE', ( #750, #338, #78, #934, #1113, #960 ) ) ;
#1355 = DIRECTION ( 'NONE',  ( -1.000000000000000000, 0.000000000000000000, 0.000000000000000000 ) ) ;
#1356 = ORIENTED_EDGE ( 'NONE', *, *, #1080, .T. ) ;
#1357 = FACE_OUTER_BOUND ( 'NONE', #1210, .T. ) ;
#1358 = CARTESIAN_POINT ( 'NONE',  ( 0.6500000000000007994, -4.400000000000011013, 0.01574803149606299191 ) ) ;
#1359 = VERTEX_POINT ( 'NONE', #243 ) ;
#1360 = ORIENTED_EDGE ( 'NONE', *, *, #1423, .T. ) ;
#1361 = CARTESIAN_POINT ( 'NONE',  ( 0.6500000000000031308, -4.750000000000000000, 0.000000000000000000 ) ) ;
#1362 = PLANE ( 'NONE',  #461 ) ;
#1363 = EDGE_LOOP ( 'NONE', ( #1351, #332, #1422, #1356 ) ) ;
#1364 = LINE ( 'NONE', #1407, #887 ) ;
#1365 = DIRECTION ( 'NONE',  ( -0.000000000000000000, -0.000000000000000000, -1.000000000000000000 ) ) ;
#1366 = DIRECTION ( 'NONE',  ( 0.5881716976750488435, 0.8087360843031865532, 0.000000000000000000 ) ) ;
#1367 = DIRECTION ( 'NONE',  ( -1.000000000000000000, 0.000000000000000000, 0.000000000000000000 ) ) ;
#1368 = ORIENTED_EDGE ( 'NONE', *, *, #680, .F. ) ;
#1369 = EDGE_CURVE ( 'NONE', #133, #4, #840, .T. ) ;
#1370 = ORIENTED_EDGE ( 'NONE', *, *, #1310, .T. ) ;
#1371 = EDGE_CURVE ( 'NONE', #79, #1379, #691, .T. ) ;
#1372 = DIRECTION ( 'NONE',  ( -1.000000000000000000, 0.000000000000000000, 0.000000000000000000 ) ) ;
#1373 = VECTOR ( 'NONE', #87, 39.37007874015748143 ) ;
#1374 = LINE ( 'NONE', #319, #279 ) ;
#1375 = LINE ( 'NONE', #155, #458 ) ;
#1376 = DIRECTION ( 'NONE',  ( -0.000000000000000000, -0.000000000000000000, -1.000000000000000000 ) ) ;
#1377 = ORIENTED_EDGE ( 'NONE', *, *, #1447, .F. ) ;
#1378 = CARTESIAN_POINT ( 'NONE',  ( 0.000000000000000000, -5.624999999999998224, 0.01574803149606299191 ) ) ;
#1379 = VERTEX_POINT ( 'NONE', #1042 ) ;
#1380 = DIRECTION ( 'NONE',  ( -0.000000000000000000, -0.000000000000000000, -1.000000000000000000 ) ) ;
#1381 = DIRECTION ( 'NONE',  ( 0.000000000000000000, -0.000000000000000000, 1.000000000000000000 ) ) ;
#1382 = ORIENTED_EDGE ( 'NONE', *, *, #33, .F. ) ;
#1383 = CARTESIAN_POINT ( 'NONE',  ( 0.000000000000000000, 0.000000000000000000, 0.000000000000000000 ) ) ;
#1384 = DIRECTION ( 'NONE',  ( 4.370956789862821150E-15, 1.000000000000000000, 0.000000000000000000 ) ) ;
#1385 = FACE_OUTER_BOUND ( 'NONE', #1273, .T. ) ;
#1386 = DIRECTION ( 'NONE',  ( 0.000000000000000000, -1.000000000000000000, 0.000000000000000000 ) ) ;
#1387 = EDGE_CURVE ( 'NONE', #446, #47, #44, .T. ) ;
#1388 = CARTESIAN_POINT ( 'NONE',  ( -1.000000000000000000, -0.3500000000000002554, 0.01574803149606299191 ) ) ;
#1389 =( CONVERSION_BASED_UNIT ( 'INCH', #361 ) LENGTH_UNIT ( ) NAMED_UNIT ( #1088 ) );
#1390 = CARTESIAN_POINT ( 'NONE',  ( -1.000000000000000222, 0.9999999999999998890, 0.01574803149606299191 ) ) ;
#1391 = ORIENTED_EDGE ( 'NONE', *, *, #551, .F. ) ;
#1392 = DIRECTION ( 'NONE',  ( 3.902639990948949427E-16, -1.000000000000000000, 0.000000000000000000 ) ) ;
#1393 = FACE_BOUND ( 'NONE', #376, .T. ) ;
#1394 = AXIS2_PLACEMENT_3D ( 'NONE', #106, #1372, #690 ) ;
#1395 = VECTOR ( 'NONE', #854, 39.37007874015748143 ) ;
#1396 = CARTESIAN_POINT ( 'NONE',  ( 0.000000000000000000, -4.750000000000000000, 0.01574803149606299191 ) ) ;
#1397 = FILL_AREA_STYLE ('',( #801 ) ) ;
#1398 = LINE ( 'NONE', #353, #348 ) ;
#1399 = EDGE_CURVE ( 'NONE', #567, #995, #497, .T. ) ;
#1400 = VERTEX_POINT ( 'NONE', #1388 ) ;
#1401 = LINE ( 'NONE', #1186, #86 ) ;
#1402 = CARTESIAN_POINT ( 'NONE',  ( 0.6499999999999994671, -1.775701195881770352E-16, 0.01574803149606299191 ) ) ;
#1403 = DIRECTION ( 'NONE',  ( -0.000000000000000000, -1.000000000000000000, -0.000000000000000000 ) ) ;
#1404 = VERTEX_POINT ( 'NONE', #267 ) ;
#1405 = CARTESIAN_POINT ( 'NONE',  ( -1.000000000000000000, -2.731847993664263218E-16, 0.01574803149606299191 ) ) ;
#1406 = CARTESIAN_POINT ( 'NONE',  ( 0.6499999999999999112, 5.380912714793243436E-17, 0.01574803149606299191 ) ) ;
#1407 = CARTESIAN_POINT ( 'NONE',  ( 1.865748365121865150E-32, -1.365923996832131609E-16, 0.01574803149606299191 ) ) ;
#1408 = CARTESIAN_POINT ( 'NONE',  ( 1.500000000000000666, -5.624999999999998224, 0.01574803149606299191 ) ) ;
#1409 = ORIENTED_EDGE ( 'NONE', *, *, #1145, .T. ) ;
#1410 = ORIENTED_EDGE ( 'NONE', *, *, #68, .T. ) ;
#1411 = EDGE_CURVE ( 'NONE', #439, #347, #365, .T. ) ;
#1412 = DIRECTION ( 'NONE',  ( 1.000000000000000000, 8.278327253528068342E-17, -0.000000000000000000 ) ) ;
#1413 = CARTESIAN_POINT ( 'NONE',  ( -0.000000000000000000, -4.400000000000011013, 0.000000000000000000 ) ) ;
#1414 = EDGE_CURVE ( 'NONE', #446, #234, #37, .T. ) ;
#1415 = CARTESIAN_POINT ( 'NONE',  ( 0.000000000000000000, 0.5000000000000000000, 0.000000000000000000 ) ) ;
#1416 = ORIENTED_EDGE ( 'NONE', *, *, #941, .T. ) ;
#1417 = AXIS2_PLACEMENT_3D ( 'NONE', #290, #175, #752 ) ;
#1418 = LINE ( 'NONE', #396, #91 ) ;
#1419 = PLANE ( 'NONE',  #798 ) ;
#1420 = ORIENTED_EDGE ( 'NONE', *, *, #600, .F. ) ;
#1421 = LINE ( 'NONE', #299, #177 ) ;
#1422 = ORIENTED_EDGE ( 'NONE', *, *, #1450, .T. ) ;
#1423 = EDGE_CURVE ( 'NONE', #1264, #1120, #482, .T. ) ;
#1424 = ORIENTED_EDGE ( 'NONE', *, *, #739, .T. ) ;
#1425 = ORIENTED_EDGE ( 'NONE', *, *, #943, .F. ) ;
#1426 = CARTESIAN_POINT ( 'NONE',  ( 0.000000000000000000, 3.375000000000001776, 0.01574803149606299191 ) ) ;
#1427 = ORIENTED_EDGE ( 'NONE', *, *, #51, .T. ) ;
#1428 = ADVANCED_FACE ( 'NONE', ( #516 ), #1419, .F. ) ;
#1429 = EDGE_CURVE ( 'NONE', #901, #477, #46, .T. ) ;
#1430 = VERTEX_POINT ( 'NONE', #1295 ) ;
#1431 = AXIS2_PLACEMENT_3D ( 'NONE', #100, #644, #1111 ) ;
#1432 = VECTOR ( 'NONE', #30, 39.37007874015748143 ) ;
#1433 = DIRECTION ( 'NONE',  ( -1.365923996832131609E-16, 1.000000000000000000, 0.000000000000000000 ) ) ;
#1434 = DIRECTION ( 'NONE',  ( -1.000000000000000000, -1.974666524494732798E-16, 0.000000000000000000 ) ) ;
#1435 = EDGE_LOOP ( 'NONE', ( #839, #1368, #877, #764 ) ) ;
#1436 = CARTESIAN_POINT ( 'NONE',  ( 0.000000000000000000, -5.624999999999998224, 0.01574803149606299191 ) ) ;
#1437 = VECTOR ( 'NONE', #1299, 39.37007874015748143 ) ;
#1438 = VECTOR ( 'NONE', #261, 39.37007874015748143 ) ;
#1439 = ORIENTED_EDGE ( 'NONE', *, *, #1150, .T. ) ;
#1440 = ORIENTED_EDGE ( 'NONE', *, *, #1188, .T. ) ;
#1441 = CARTESIAN_POINT ( 'NONE',  ( 0.2374999999999997946, 2.456498165242824161, 0.01574803149606294334 ) ) ;
#1442 = ORIENTED_EDGE ( 'NONE', *, *, #1347, .F. ) ;
#1443 = VERTEX_POINT ( 'NONE', #1085 ) ;
#1444 = CARTESIAN_POINT ( 'NONE',  ( -1.000000000000000000, -0.3500000000000002554, 0.01574803149606299191 ) ) ;
#1445 = FACE_OUTER_BOUND ( 'NONE', #1461, .T. ) ;
#1446 = CARTESIAN_POINT ( 'NONE',  ( 0.9999999999999996669, 0.000000000000000000, 0.01574803149606299191 ) ) ;
#1447 = EDGE_CURVE ( 'NONE', #1400, #1329, #940, .T. ) ;
#1448 = DIRECTION ( 'NONE',  ( 0.000000000000000000, 0.000000000000000000, 1.000000000000000000 ) ) ;
#1449 = EDGE_CURVE ( 'NONE', #417, #958, #831, .T. ) ;
#1450 = EDGE_CURVE ( 'NONE', #1093, #553, #501, .T. ) ;
#1451 = ORIENTED_EDGE ( 'NONE', *, *, #194, .T. ) ;
#1452 = CARTESIAN_POINT ( 'NONE',  ( 0.000000000000000000, 0.9999999999999998890, 0.000000000000000000 ) ) ;
#1453 = VECTOR ( 'NONE', #590, 39.37007874015748143 ) ;
#1454 = VECTOR ( 'NONE', #22, 39.37007874015748143 ) ;
#1455 = CARTESIAN_POINT ( 'NONE',  ( 0.6499999999999995781, 0.5000000000000000000, 0.01574803149606299191 ) ) ;
#1456 = CARTESIAN_POINT ( 'NONE',  ( 0.4367457894795283568, -0.2607164689330322971, 0.01574803149606299191 ) ) ;
#1457 = VECTOR ( 'NONE', #362, 39.37007874015748143 ) ;
#1458 = DIRECTION ( 'NONE',  ( 0.000000000000000000, -0.000000000000000000, -1.000000000000000000 ) ) ;
#1459 = LINE ( 'NONE', #436, #585 ) ;
#1460 = VECTOR ( 'NONE', #620, 39.37007874015748143 ) ;
#1461 = EDGE_LOOP ( 'NONE', ( #1424, #976, #818, #1228 ) ) ;
#1462 = VECTOR ( 'NONE', #1288, 39.37007874015748143 ) ;
#1463 = ORIENTED_EDGE ( 'NONE', *, *, #142, .T. ) ;
#1464 = CARTESIAN_POINT ( 'NONE',  ( -1.000000000000000222, 1.349999999999999201, 0.000000000000000000 ) ) ;
#1465 = CARTESIAN_POINT ( 'NONE',  ( 0.2000000000000080880, -2.750000000000000000, 0.000000000000000000 ) ) ;
#1466 = ORIENTED_EDGE ( 'NONE', *, *, #460, .F. ) ;
#1467 = CARTESIAN_POINT ( 'NONE',  ( 0.2374999999999997113, -4.750000000000000000, -2.000976324197765610 ) ) ;
ENDSEC;
END-ISO-10303-21;
