ISO-10303-21;
HEADER;
FILE_DESCRIPTION (( 'STEP AP214' ),
    '1' );
FILE_NAME ('mcrn_insignia.STEP',
    '2026-06-20T19:41:46',
    ( '' ),
    ( '' ),
    'SwSTEP 2.0',
    'SolidWorks 2024',
    '' );
FILE_SCHEMA (( 'AUTOMOTIVE_DESIGN' ));
ENDSEC;

DATA;
#1 = VERTEX_POINT ( 'NONE', #767 ) ;
#2 = CARTESIAN_POINT ( 'NONE',  ( 2.070282218537319974, 0.01574803149606299191, 2.249999999999999556 ) ) ;
#3 = EDGE_CURVE ( 'NONE', #657, #340, #52, .T. ) ;
#4 = CARTESIAN_POINT ( 'NONE',  ( 2.062500000000000888, 0.01574803149606299191, 5.875000000000000000 ) ) ;
#5 = ORIENTED_EDGE ( 'NONE', *, *, #131, .T. ) ;
#6 = ORIENTED_EDGE ( 'NONE', *, *, #1434, .T. ) ;
#7 = AXIS2_PLACEMENT_3D ( 'NONE', #1633, #9, #1018 ) ;
#8 = CARTESIAN_POINT ( 'NONE',  ( 1.062500000000001332, 0.01574803149606299191, 2.874999999999999112 ) ) ;
#9 = DIRECTION ( 'NONE',  ( -0.000000000000000000, -1.000000000000000000, -0.000000000000000000 ) ) ;
#10 = CARTESIAN_POINT ( 'NONE',  ( 1.062500000000001332, 0.01574803149606299191, 1.749999999999999556 ) ) ;
#11 = LINE ( 'NONE', #166, #51 ) ;
#12 = AXIS2_PLACEMENT_3D ( 'NONE', #1396, #825, #93 ) ;
#13 = CARTESIAN_POINT ( 'NONE',  ( 1.237500000000000044, 0.01574803149606299191, 4.439344646909149244E-17 ) ) ;
#14 = EDGE_CURVE ( 'NONE', #1375, #948, #1232, .T. ) ;
#15 = CARTESIAN_POINT ( 'NONE',  ( 0.06250000000000098532, 0.01574803149606299191, 7.875000000000000888 ) ) ;
#16 = VECTOR ( 'NONE', #1380, 39.37007874015748143 ) ;
#17 = ORIENTED_EDGE ( 'NONE', *, *, #206, .T. ) ;
#18 = FILL_AREA_STYLE ('',( #1754 ) ) ;
#19 = CARTESIAN_POINT ( 'NONE',  ( 1.237500000000000044, 0.000000000000000000, 4.439344646909149244E-17 ) ) ;
#20 = CARTESIAN_POINT ( 'NONE',  ( 2.124999999999999556, 0.000000000000000000, -2.000000000000000444 ) ) ;
#21 = LINE ( 'NONE', #591, #1846 ) ;
#22 = SURFACE_STYLE_USAGE ( .BOTH. , #1030 ) ;
#23 = EDGE_CURVE ( 'NONE', #335, #69, #71, .T. ) ;
#24 = AXIS2_PLACEMENT_3D ( 'NONE', #1718, #986, #696 ) ;
#25 = ORIENTED_EDGE ( 'NONE', *, *, #793, .T. ) ;
#26 = DIRECTION ( 'NONE',  ( -1.000000000000000000, -0.000000000000000000, -0.000000000000000000 ) ) ;
#27 = DIRECTION ( 'NONE',  ( -0.000000000000000000, -1.000000000000000000, -0.000000000000000000 ) ) ;
#28 = CARTESIAN_POINT ( 'NONE',  ( 1.035228893933486827, 0.01574803149606299191, 4.699999999999999289 ) ) ;
#29 = DIRECTION ( 'NONE',  ( 0.000000000000000000, 0.000000000000000000, 1.000000000000000000 ) ) ;
#30 = SURFACE_STYLE_FILL_AREA ( #1022 ) ;
#31 = ADVANCED_FACE ( 'NONE', ( #1536 ), #658, .F. ) ;
#32 = VERTEX_POINT ( 'NONE', #524 ) ;
#33 = DIRECTION ( 'NONE',  ( 1.365923996832127073E-15, 0.000000000000000000, -1.000000000000000000 ) ) ;
#34 = DIRECTION ( 'NONE',  ( -0.000000000000000000, -1.000000000000000000, -0.000000000000000000 ) ) ;
#35 = ORIENTED_EDGE ( 'NONE', *, *, #861, .F. ) ;
#36 = DIRECTION ( 'NONE',  ( -0.000000000000000000, -1.000000000000000000, -0.000000000000000000 ) ) ;
#37 = VECTOR ( 'NONE', #1098, 39.37007874015748143 ) ;
#38 = PLANE ( 'NONE',  #1792 ) ;
#39 = DIRECTION ( 'NONE',  ( 0.4190189500198027162, -0.000000000000000000, -0.9079774884457775252 ) ) ;
#40 = VECTOR ( 'NONE', #1381, 39.37007874015748143 ) ;
#41 = EDGE_LOOP ( 'NONE', ( #100, #1648, #621, #1259 ) ) ;
#42 = CARTESIAN_POINT ( 'NONE',  ( 2.062500000000000888, 0.000000000000000000, 7.875000000000000888 ) ) ;
#43 = DIRECTION ( 'NONE',  ( -1.000000000000000000, 0.000000000000000000, 5.203519987931925010E-16 ) ) ;
#44 = EDGE_CURVE ( 'NONE', #1670, #412, #362, .T. ) ;
#45 = DIRECTION ( 'NONE',  ( 0.5735764363510502672, 0.000000000000000000, 0.8191520442889890230 ) ) ;
#46 = ORIENTED_EDGE ( 'NONE', *, *, #1651, .T. ) ;
#47 = ADVANCED_FACE ( 'NONE', ( #807 ), #496, .F. ) ;
#48 = DIRECTION ( 'NONE',  ( 2.561107494060244672E-16, 0.000000000000000000, -1.000000000000000000 ) ) ;
#49 = PLANE ( 'NONE',  #1325 ) ;
#50 = ORIENTED_EDGE ( 'NONE', *, *, #1602, .F. ) ;
#51 = VECTOR ( 'NONE', #1636, 39.37007874015748143 ) ;
#52 = LINE ( 'NONE', #180, #966 ) ;
#53 = PLANE ( 'NONE',  #83 ) ;
#54 = ORIENTED_EDGE ( 'NONE', *, *, #277, .F. ) ;
#55 = DIRECTION ( 'NONE',  ( -0.000000000000000000, -0.000000000000000000, -1.000000000000000000 ) ) ;
#56 = DIMENSIONAL_EXPONENTS ( 1.000000000000000000, 0.000000000000000000, 0.000000000000000000, 0.000000000000000000, 0.000000000000000000, 0.000000000000000000, 0.000000000000000000 ) ;
#57 = CARTESIAN_POINT ( 'NONE',  ( 0.000000000000000000, 0.01574803149606299191, 0.000000000000000000 ) ) ;
#58 = STYLED_ITEM ( 'NONE', ( #763 ), #474 ) ;
#59 = VECTOR ( 'NONE', #797, 39.37007874015748143 ) ;
#60 = ORIENTED_EDGE ( 'NONE', *, *, #1843, .T. ) ;
#61 = EDGE_LOOP ( 'NONE', ( #1713, #895, #1026, #373 ) ) ;
#62 = CARTESIAN_POINT ( 'NONE',  ( 1.775000000000000133, 0.01574803149606299191, -1.164715581518546594 ) ) ;
#63 = CARTESIAN_POINT ( 'NONE',  ( 1.774999999999999689, 0.01574803149606299191, -2.000000000000000444 ) ) ;
#64 = ORIENTED_EDGE ( 'NONE', *, *, #875, .T. ) ;
#65 = CARTESIAN_POINT ( 'NONE',  ( 1.062500000000001332, 0.000000000000000000, 2.562499999999999112 ) ) ;
#66 = FACE_OUTER_BOUND ( 'NONE', #110, .T. ) ;
#67 = CARTESIAN_POINT ( 'NONE',  ( 1.711201698915527425, 0.000000000000000000, 7.344919660103016668 ) ) ;
#68 = AXIS2_PLACEMENT_3D ( 'NONE', #1278, #542, #530 ) ;
#69 = VERTEX_POINT ( 'NONE', #940 ) ;
#70 = AXIS2_PLACEMENT_3D ( 'NONE', #817, #1245, #223 ) ;
#71 = LINE ( 'NONE', #1261, #1699 ) ;
#72 = FACE_OUTER_BOUND ( 'NONE', #569, .T. ) ;
#73 = ORIENTED_EDGE ( 'NONE', *, *, #808, .T. ) ;
#74 = LINE ( 'NONE', #1066, #107 ) ;
#75 = VECTOR ( 'NONE', #771, 39.37007874015748854 ) ;
#76 = LINE ( 'NONE', #1645, #388 ) ;
#77 = LINE ( 'NONE', #647, #608 ) ;
#78 = ORIENTED_EDGE ( 'NONE', *, *, #277, .T. ) ;
#79 = EDGE_CURVE ( 'NONE', #1475, #957, #1118, .T. ) ;
#80 = FILL_AREA_STYLE ('',( #1384 ) ) ;
#81 = EDGE_CURVE ( 'NONE', #1076, #1414, #1859, .T. ) ;
#82 = STYLED_ITEM ( 'NONE', ( #1122 ), #1742 ) ;
#83 = AXIS2_PLACEMENT_3D ( 'NONE', #1511, #1378, #1055 ) ;
#84 = STYLED_ITEM ( 'NONE', ( #119 ), #1105 ) ;
#85 =( LENGTH_UNIT ( ) NAMED_UNIT ( * ) SI_UNIT ( $, .METRE. ) );
#86 = ORIENTED_EDGE ( 'NONE', *, *, #902, .F. ) ;
#87 = DIRECTION ( 'NONE',  ( 0.000000000000000000, 0.000000000000000000, 1.000000000000000000 ) ) ;
#88 = CARTESIAN_POINT ( 'NONE',  ( 1.062500000000001332, 0.000000000000000000, 1.749999999999999556 ) ) ;
#89 = CARTESIAN_POINT ( 'NONE',  ( 1.595394924501261080, 0.01574803149606299191, 5.500000000000000000 ) ) ;
#90 = ORIENTED_EDGE ( 'NONE', *, *, #708, .F. ) ;
#91 = CARTESIAN_POINT ( 'NONE',  ( 1.775000000000000133, 0.01574803149606299191, 4.286263797015734746E-17 ) ) ;
#92 = EDGE_CURVE ( 'NONE', #1810, #1573, #391, .T. ) ;
#93 = DIRECTION ( 'NONE',  ( 0.000000000000000000, 0.000000000000000000, -1.000000000000000000 ) ) ;
#94 = ORIENTED_EDGE ( 'NONE', *, *, #1447, .F. ) ;
#95 = DIRECTION ( 'NONE',  ( 1.000000000000000000, -0.000000000000000000, -8.660002365399138054E-16 ) ) ;
#96 = EDGE_CURVE ( 'NONE', #1706, #577, #1243, .T. ) ;
#97 = CARTESIAN_POINT ( 'NONE',  ( 0.06250000000000102696, 0.01574803149606299191, 3.499999999999999112 ) ) ;
#98 = LINE ( 'NONE', #1526, #1777 ) ;
#99 = DIRECTION ( 'NONE',  ( -0.000000000000000000, -1.000000000000000000, -0.000000000000000000 ) ) ;
#100 = ORIENTED_EDGE ( 'NONE', *, *, #92, .T. ) ;
#101 = LENGTH_MEASURE_WITH_UNIT ( LENGTH_MEASURE( 0.02539999999999999897 ), #1661 );
#102 = DIRECTION ( 'NONE',  ( -0.000000000000000000, -1.000000000000000000, -0.000000000000000000 ) ) ;
#103 = EDGE_LOOP ( 'NONE', ( #1006, #619, #1279, #1876 ) ) ;
#104 = DIRECTION ( 'NONE',  ( -1.000000000000000000, -0.000000000000000000, -0.000000000000000000 ) ) ;
#105 = EDGE_CURVE ( 'NONE', #130, #1569, #537, .T. ) ;
#106 = CARTESIAN_POINT ( 'NONE',  ( 2.062500000000000888, 0.01574803149606299191, 5.875000000000000000 ) ) ;
#107 = VECTOR ( 'NONE', #55, 39.37007874015748143 ) ;
#108 = EDGE_CURVE ( 'NONE', #201, #479, #949, .T. ) ;
#109 = PLANE ( 'NONE',  #871 ) ;
#110 = EDGE_LOOP ( 'NONE', ( #1084, #1209, #568, #357, #1512, #1272, #1646, #1054 ) ) ;
#111 =( NAMED_UNIT ( * ) PLANE_ANGLE_UNIT ( ) SI_UNIT ( $, .RADIAN. ) );
#112 = AXIS2_PLACEMENT_3D ( 'NONE', #268, #511, #842 ) ;
#113 = CARTESIAN_POINT ( 'NONE',  ( 0.000000000000000000, 0.01574803149606299191, 0.000000000000000000 ) ) ;
#114 = COLOUR_RGB ( '',0.7921568627450980005, 0.8196078431372548767, 0.9333333333333333481 ) ;
#115 = VERTEX_POINT ( 'NONE', #1073 ) ;
#116 = CARTESIAN_POINT ( 'NONE',  ( 2.070282218537319974, 0.000000000000000000, 2.249999999999999556 ) ) ;
#117 =( NAMED_UNIT ( * ) SI_UNIT ( $, .STERADIAN. ) SOLID_ANGLE_UNIT ( ) );
#118 = FACE_OUTER_BOUND ( 'NONE', #611, .T. ) ;
#119 = PRESENTATION_STYLE_ASSIGNMENT (( #1138 ) ) ;
#120 = CARTESIAN_POINT ( 'NONE',  ( 0.000000000000000000, 0.01574803149606299191, -2.000000000000000000 ) ) ;
#121 = EDGE_CURVE ( 'NONE', #1603, #1189, #381, .T. ) ;
#122 = EDGE_LOOP ( 'NONE', ( #50, #1130, #199, #920, #1087, #648, #361, #1502, #90 ) ) ;
#123 = LINE ( 'NONE', #659, #762 ) ;
#124 = ORIENTED_EDGE ( 'NONE', *, *, #429, .T. ) ;
#125 = PLANE ( 'NONE',  #316 ) ;
#126 = ORIENTED_EDGE ( 'NONE', *, *, #1794, .T. ) ;
#127 = LINE ( 'NONE', #684, #1729 ) ;
#128 = PLANE ( 'NONE',  #1376 ) ;
#129 = DIRECTION ( 'NONE',  ( 1.000000000000000000, -0.000000000000000000, 6.210708767104436077E-16 ) ) ;
#130 = VERTEX_POINT ( 'NONE', #230 ) ;
#131 = EDGE_CURVE ( 'NONE', #69, #1529, #1547, .T. ) ;
#132 = AXIS2_PLACEMENT_3D ( 'NONE', #1830, #1851, #685 ) ;
#133 = ORIENTED_EDGE ( 'NONE', *, *, #768, .T. ) ;
#134 = DIRECTION ( 'NONE',  ( -1.000000000000000000, -0.000000000000000000, -0.000000000000000000 ) ) ;
#135 = SURFACE_STYLE_FILL_AREA ( #1437 ) ;
#136 = DIRECTION ( 'NONE',  ( -1.000000000000000000, 0.000000000000000000, -0.000000000000000000 ) ) ;
#137 = AXIS2_PLACEMENT_3D ( 'NONE', #89, #773, #929 ) ;
#138 = LINE ( 'NONE', #1421, #172 ) ;
#139 = VERTEX_POINT ( 'NONE', #62 ) ;
#140 = ADVANCED_FACE ( 'NONE', ( #1085 ), #109, .T. ) ;
#141 = ORIENTED_EDGE ( 'NONE', *, *, #1061, .T. ) ;
#142 = DIRECTION ( 'NONE',  ( 1.000000000000000000, 0.000000000000000000, -0.000000000000000000 ) ) ;
#143 = DIRECTION ( 'NONE',  ( 1.000000000000000000, -0.000000000000000000, 6.210708767104436077E-16 ) ) ;
#144 = PRESENTATION_STYLE_ASSIGNMENT (( #425 ) ) ;
#145 =( GEOMETRIC_REPRESENTATION_CONTEXT ( 3 ) GLOBAL_UNCERTAINTY_ASSIGNED_CONTEXT ( ( #1354 ) ) GLOBAL_UNIT_ASSIGNED_CONTEXT ( ( #169, #610, #452 ) ) REPRESENTATION_CONTEXT ( 'NONE', 'WORKASPACE' ) );
#146 = CARTESIAN_POINT ( 'NONE',  ( 0.4124999999999996447, 0.000000000000000000, 3.849999999999998757 ) ) ;
#147 = EDGE_LOOP ( 'NONE', ( #719, #460, #1542, #969 ) ) ;
#148 = ORIENTED_EDGE ( 'NONE', *, *, #1791, .F. ) ;
#149 = AXIS2_PLACEMENT_3D ( 'NONE', #1197, #1340, #194 ) ;
#150 = CARTESIAN_POINT ( 'NONE',  ( 1.062500000000000000, 0.01574803149606299191, -0.4560746942661110248 ) ) ;
#151 = APPLICATION_PROTOCOL_DEFINITION ( 'draft international standard', 'automotive_design', 1998, #1271 ) ;
#152 = EDGE_CURVE ( 'NONE', #439, #1063, #1148, .T. ) ;
#153 = VECTOR ( 'NONE', #1816, 39.37007874015748143 ) ;
#154 = LENGTH_MEASURE_WITH_UNIT ( LENGTH_MEASURE( 0.02539999999999999897 ), #866 );
#155 = LINE ( 'NONE', #1489, #1266 ) ;
#156 = VERTEX_POINT ( 'NONE', #398 ) ;
#157 = FACE_OUTER_BOUND ( 'NONE', #147, .T. ) ;
#158 = CARTESIAN_POINT ( 'NONE',  ( 2.062500000000000888, 0.01574803149606299191, 7.875000000000000888 ) ) ;
#159 = EDGE_CURVE ( 'NONE', #985, #1402, #1269, .T. ) ;
#160 = STYLED_ITEM ( 'NONE', ( #1711 ), #938 ) ;
#161 = LINE ( 'NONE', #1040, #314 ) ;
#162 =( CONVERSION_BASED_UNIT ( 'INCH', #1473 ) LENGTH_UNIT ( ) NAMED_UNIT ( #1493 ) );
#163 = VECTOR ( 'NONE', #1550, 39.37007874015748143 ) ;
#164 = EDGE_LOOP ( 'NONE', ( #1778, #593, #1453, #133 ) ) ;
#165 = LINE ( 'NONE', #1074, #413 ) ;
#166 = CARTESIAN_POINT ( 'NONE',  ( 0.4124999999999996447, 0.01574803149606299191, 3.849999999999998757 ) ) ;
#167 = PLANE ( 'NONE',  #716 ) ;
#168 = PRESENTATION_LAYER_ASSIGNMENT (  '', '', ( #834 ) ) ;
#169 =( CONVERSION_BASED_UNIT ( 'INCH', #1767 ) LENGTH_UNIT ( ) NAMED_UNIT ( #1341 ) );
#170 = VECTOR ( 'NONE', #27, 39.37007874015748143 ) ;
#171 = EDGE_CURVE ( 'NONE', #644, #1359, #1731, .T. ) ;
#172 = VECTOR ( 'NONE', #705, 39.37007874015748143 ) ;
#173 = ORIENTED_EDGE ( 'NONE', *, *, #1361, .F. ) ;
#174 = CARTESIAN_POINT ( 'NONE',  ( 1.062500000000000000, 0.000000000000000000, -0.4560746942661110248 ) ) ;
#175 = CARTESIAN_POINT ( 'NONE',  ( 1.035228893933486827, 0.01574803149606299191, 4.699999999999999289 ) ) ;
#176 = EDGE_LOOP ( 'NONE', ( #814, #854, #512, #1225, #1109, #212, #977, #1692, #276, #1349 ) ) ;
#177 = FACE_BOUND ( 'NONE', #346, .T. ) ;
#178 = DIRECTION ( 'NONE',  ( -0.9079774884457776363, 0.000000000000000000, 0.4190189500198026606 ) ) ;
#179 = EDGE_CURVE ( 'NONE', #1844, #270, #677, .T. ) ;
#180 = CARTESIAN_POINT ( 'NONE',  ( 1.062500000000001332, 0.01574803149606299191, 0.3030817048028856542 ) ) ;
#181 = CARTESIAN_POINT ( 'NONE',  ( 1.775000000000000133, 0.01574803149606299191, 4.286263797015734746E-17 ) ) ;
#182 = CARTESIAN_POINT ( 'NONE',  ( 1.712500000000001021, 0.01574803149606299191, 7.875000000000000888 ) ) ;
#183 = VERTEX_POINT ( 'NONE', #408 ) ;
#184 = FACE_OUTER_BOUND ( 'NONE', #1564, .T. ) ;
#185 = SURFACE_STYLE_USAGE ( .BOTH. , #1656 ) ;
#186 =( LENGTH_UNIT ( ) NAMED_UNIT ( * ) SI_UNIT ( $, .METRE. ) );
#187 = ORIENTED_EDGE ( 'NONE', *, *, #585, .T. ) ;
#188 = AXIS2_PLACEMENT_3D ( 'NONE', #518, #981, #1570 ) ;
#189 = ORIENTED_EDGE ( 'NONE', *, *, #1219, .F. ) ;
#190 = EDGE_CURVE ( 'NONE', #420, #1706, #1139, .T. ) ;
#191 = DIRECTION ( 'NONE',  ( -0.000000000000000000, -1.000000000000000000, -0.000000000000000000 ) ) ;
#192 = ORIENTED_EDGE ( 'NONE', *, *, #1165, .T. ) ;
#193 = CARTESIAN_POINT ( 'NONE',  ( 1.462500000000000133, 0.000000000000000000, 4.099999999999999645 ) ) ;
#194 = DIRECTION ( 'NONE',  ( 2.731847993664263218E-16, 0.000000000000000000, 1.000000000000000000 ) ) ;
#195 = DIRECTION ( 'NONE',  ( -0.000000000000000000, -1.000000000000000000, -0.000000000000000000 ) ) ;
#196 = AXIS2_PLACEMENT_3D ( 'NONE', #885, #1586, #1774 ) ;
#197 =( GEOMETRIC_REPRESENTATION_CONTEXT ( 3 ) GLOBAL_UNCERTAINTY_ASSIGNED_CONTEXT ( ( #1639 ) ) GLOBAL_UNIT_ASSIGNED_CONTEXT ( ( #1306, #423, #117 ) ) REPRESENTATION_CONTEXT ( 'NONE', 'WORKASPACE' ) );
#198 = DIMENSIONAL_EXPONENTS ( 1.000000000000000000, 0.000000000000000000, 0.000000000000000000, 0.000000000000000000, 0.000000000000000000, 0.000000000000000000, 0.000000000000000000 ) ;
#199 = ORIENTED_EDGE ( 'NONE', *, *, #1783, .F. ) ;
#200 = STYLED_ITEM ( 'NONE', ( #144 ), #1083 ) ;
#201 = VERTEX_POINT ( 'NONE', #1553 ) ;
#202 = ORIENTED_EDGE ( 'NONE', *, *, #1459, .F. ) ;
#203 = LINE ( 'NONE', #1652, #1151 ) ;
#204 = VERTEX_POINT ( 'NONE', #1258 ) ;
#205 = CARTESIAN_POINT ( 'NONE',  ( 1.462500000000000133, 0.01574803149606299191, 3.849999999999999645 ) ) ;
#206 = EDGE_CURVE ( 'NONE', #1798, #1659, #1544, .T. ) ;
#207 = FILL_AREA_STYLE ('',( #1497 ) ) ;
#208 = FACE_OUTER_BOUND ( 'NONE', #1491, .T. ) ;
#209 = PRESENTATION_LAYER_ASSIGNMENT (  '', '', ( #58 ) ) ;
#210 = VECTOR ( 'NONE', #968, 39.37007874015748143 ) ;
#211 = ORIENTED_EDGE ( 'NONE', *, *, #1499, .T. ) ;
#212 = ORIENTED_EDGE ( 'NONE', *, *, #1295, .F. ) ;
#213 = DIRECTION ( 'NONE',  ( 1.000000000000000000, -0.000000000000000000, 0.000000000000000000 ) ) ;
#214 = CARTESIAN_POINT ( 'NONE',  ( 2.062500000000000888, 0.000000000000000000, 7.875000000000000888 ) ) ;
#215 = VERTEX_POINT ( 'NONE', #248 ) ;
#216 = CARTESIAN_POINT ( 'NONE',  ( 1.775000000000000133, 0.01574803149606299191, 4.286263797015734746E-17 ) ) ;
#217 = CARTESIAN_POINT ( 'NONE',  ( 1.237500000000000044, 0.000000000000000000, 4.439344646909149244E-17 ) ) ;
#218 = CARTESIAN_POINT ( 'NONE',  ( 1.062500000000001332, 0.01574803149606299191, 2.562499999999999112 ) ) ;
#219 = AXIS2_PLACEMENT_3D ( 'NONE', #829, #417, #235 ) ;
#220 = ADVANCED_FACE ( 'NONE', ( #1115 ), #545, .F. ) ;
#221 = ORIENTED_EDGE ( 'NONE', *, *, #935, .F. ) ;
#222 = DIRECTION ( 'NONE',  ( -0.000000000000000000, -1.000000000000000000, -0.000000000000000000 ) ) ;
#223 = DIRECTION ( 'NONE',  ( 0.000000000000000000, 0.000000000000000000, -1.000000000000000000 ) ) ;
#224 = EDGE_LOOP ( 'NONE', ( #911, #202, #1379, #1467 ) ) ;
#225 = LINE ( 'NONE', #1387, #1819 ) ;
#226 = DIRECTION ( 'NONE',  ( 0.000000000000000000, 0.000000000000000000, 1.000000000000000000 ) ) ;
#227 = CARTESIAN_POINT ( 'NONE',  ( 0.06250000000000098532, 0.01574803149606299191, 5.875000000000000000 ) ) ;
#228 = ORIENTED_EDGE ( 'NONE', *, *, #159, .F. ) ;
#229 = EDGE_CURVE ( 'NONE', #183, #335, #1104, .T. ) ;
#230 = CARTESIAN_POINT ( 'NONE',  ( 2.070282218537319974, 0.000000000000000000, 2.249999999999999556 ) ) ;
#231 = CIRCLE ( 'NONE', #1202, 1.446918295197114013 ) ;
#232 = AXIS2_PLACEMENT_3D ( 'NONE', #856, #994, #293 ) ;
#233 = ORIENTED_EDGE ( 'NONE', *, *, #1192, .T. ) ;
#234 = DIRECTION ( 'NONE',  ( -0.6621127514304391282, -0.000000000000000000, -0.7494042329699063254 ) ) ;
#235 = DIRECTION ( 'NONE',  ( 0.000000000000000000, 0.000000000000000000, 1.000000000000000000 ) ) ;
#236 = ORIENTED_EDGE ( 'NONE', *, *, #190, .F. ) ;
#237 = FACE_OUTER_BOUND ( 'NONE', #1641, .T. ) ;
#239 = ORIENTED_EDGE ( 'NONE', *, *, #23, .T. ) ;
#238 = MECHANICAL_DESIGN_GEOMETRIC_PRESENTATION_REPRESENTATION (  '', ( #58 ), #1870 ) ;
#240 = EDGE_CURVE ( 'NONE', #918, #1393, #1291, .T. ) ;
#241 =( LENGTH_UNIT ( ) NAMED_UNIT ( * ) SI_UNIT ( $, .METRE. ) );
#242 = ADVANCED_FACE ( 'NONE', ( #1688 ), #378, .F. ) ;
#243 = ORIENTED_EDGE ( 'NONE', *, *, #883, .T. ) ;
#244 = LINE ( 'NONE', #528, #1143 ) ;
#245 = DIRECTION ( 'NONE',  ( 1.000000000000000000, 0.000000000000000000, 0.000000000000000000 ) ) ;
#246 = DIRECTION ( 'NONE',  ( 0.000000000000000000, 0.000000000000000000, 1.000000000000000000 ) ) ;
#247 = CARTESIAN_POINT ( 'NONE',  ( 1.462500000000000133, 0.000000000000000000, 3.500000000000000000 ) ) ;
#248 = CARTESIAN_POINT ( 'NONE',  ( 0.4124999999999989231, 0.000000000000000000, 4.350000000000000533 ) ) ;
#249 = ORIENTED_EDGE ( 'NONE', *, *, #687, .F. ) ;
#250 = DIRECTION ( 'NONE',  ( -0.4190189500198022166, -0.000000000000000000, 0.9079774884457776363 ) ) ;
#251 =( GEOMETRIC_REPRESENTATION_CONTEXT ( 3 ) GLOBAL_UNCERTAINTY_ASSIGNED_CONTEXT ( ( #1658 ) ) GLOBAL_UNIT_ASSIGNED_CONTEXT ( ( #1847, #836, #252 ) ) REPRESENTATION_CONTEXT ( 'NONE', 'WORKASPACE' ) );
#252 =( NAMED_UNIT ( * ) SI_UNIT ( $, .STERADIAN. ) SOLID_ANGLE_UNIT ( ) );
#253 = ORIENTED_EDGE ( 'NONE', *, *, #1313, .T. ) ;
#254 = CARTESIAN_POINT ( 'NONE',  ( 0.4125000000000009215, 0.01574803149606299191, 7.875000000000000888 ) ) ;
#255 =( LENGTH_UNIT ( ) NAMED_UNIT ( * ) SI_UNIT ( $, .METRE. ) );
#256 = EDGE_CURVE ( 'NONE', #586, #215, #1164, .T. ) ;
#257 = DIRECTION ( 'NONE',  ( -0.000000000000000000, -1.000000000000000000, -0.000000000000000000 ) ) ;
#258 = AXIS2_PLACEMENT_3D ( 'NONE', #1539, #1057, #1236 ) ;
#259 =( NAMED_UNIT ( * ) PLANE_ANGLE_UNIT ( ) SI_UNIT ( $, .RADIAN. ) );
#260 = LENGTH_MEASURE_WITH_UNIT ( LENGTH_MEASURE( 0.02539999999999999897 ), #1566 );
#261 = ORIENTED_EDGE ( 'NONE', *, *, #1760, .T. ) ;
#262 = MECHANICAL_DESIGN_GEOMETRIC_PRESENTATION_REPRESENTATION (  '', ( #82 ), #197 ) ;
#263 = ORIENTED_EDGE ( 'NONE', *, *, #159, .T. ) ;
#264 = FACE_OUTER_BOUND ( 'NONE', #502, .T. ) ;
#265 = LINE ( 'NONE', #672, #411 ) ;
#266 = FACE_OUTER_BOUND ( 'NONE', #1666, .T. ) ;
#267 = EDGE_CURVE ( 'NONE', #1733, #412, #315, .T. ) ;
#268 = CARTESIAN_POINT ( 'NONE',  ( 0.000000000000000000, 0.01574803149606299191, 0.000000000000000000 ) ) ;
#269 = VERTEX_POINT ( 'NONE', #146 ) ;
#270 = VERTEX_POINT ( 'NONE', #1463 ) ;
#271 = CARTESIAN_POINT ( 'NONE',  ( 0.4125000000000009215, 0.01574803149606299191, 6.403610873667444636 ) ) ;
#272 = CARTESIAN_POINT ( 'NONE',  ( 0.4125000000000003664, 0.01574803149606299191, 5.500000000000000000 ) ) ;
#273 =( CONVERSION_BASED_UNIT ( 'INCH', #154 ) LENGTH_UNIT ( ) NAMED_UNIT ( #1058 ) );
#274 = PRODUCT_DEFINITION ( 'UNKNOWN', '', #1374, #1409 ) ;
#275 = FILL_AREA_STYLE ('',( #1855 ) ) ;
#276 = ORIENTED_EDGE ( 'NONE', *, *, #1407, .F. ) ;
#277 = EDGE_CURVE ( 'NONE', #933, #702, #21, .T. ) ;
#278 = ORIENTED_EDGE ( 'NONE', *, *, #1313, .F. ) ;
#279 = CARTESIAN_POINT ( 'NONE',  ( 0.4125000000000009215, 0.01574803149606299191, 7.875000000000000888 ) ) ;
#280 = CARTESIAN_POINT ( 'NONE',  ( 1.711201698915527647, 0.01574803149606299191, 5.875000000000000000 ) ) ;
#281 = DIRECTION ( 'NONE',  ( -0.000000000000000000, -1.000000000000000000, -0.000000000000000000 ) ) ;
#282 = CIRCLE ( 'NONE', #1563, 0.8124999999999995559 ) ;
#283 = SURFACE_SIDE_STYLE ('',( #1853 ) ) ;
#284 = DIRECTION ( 'NONE',  ( -2.731847993664263218E-16, -0.000000000000000000, -1.000000000000000000 ) ) ;
#285 =( GEOMETRIC_REPRESENTATION_CONTEXT ( 3 ) GLOBAL_UNCERTAINTY_ASSIGNED_CONTEXT ( ( #676 ) ) GLOBAL_UNIT_ASSIGNED_CONTEXT ( ( #595, #587, #1179 ) ) REPRESENTATION_CONTEXT ( 'NONE', 'WORKASPACE' ) );
#286 = EDGE_LOOP ( 'NONE', ( #1100, #1106, #389, #1487 ) ) ;
#287 = EDGE_CURVE ( 'NONE', #409, #1659, #714, .T. ) ;
#288 = ORIENTED_EDGE ( 'NONE', *, *, #1514, .F. ) ;
#289 = ADVANCED_FACE ( 'NONE', ( #1766 ), #451, .F. ) ;
#290 = SURFACE_STYLE_FILL_AREA ( #18 ) ;
#291 = VECTOR ( 'NONE', #1173, 39.37007874015748143 ) ;
#292 = FACE_OUTER_BOUND ( 'NONE', #1781, .T. ) ;
#293 = DIRECTION ( 'NONE',  ( 0.000000000000000000, 0.000000000000000000, -1.000000000000000000 ) ) ;
#294 = DIRECTION ( 'NONE',  ( -0.000000000000000000, -1.000000000000000000, -0.000000000000000000 ) ) ;
#295 = FACE_OUTER_BOUND ( 'NONE', #61, .T. ) ;
#296 = EDGE_CURVE ( 'NONE', #485, #600, #155, .T. ) ;
#297 = VERTEX_POINT ( 'NONE', #426 ) ;
#298 = AXIS2_PLACEMENT_3D ( 'NONE', #1617, #868, #304 ) ;
#299 = DIRECTION ( 'NONE',  ( 0.000000000000000000, 0.000000000000000000, 1.000000000000000000 ) ) ;
#300 = DIRECTION ( 'NONE',  ( 1.000000000000000000, 0.000000000000000000, -0.000000000000000000 ) ) ;
#301 = EDGE_CURVE ( 'NONE', #818, #489, #161, .T. ) ;
#302 = VECTOR ( 'NONE', #1708, 39.37007874015748143 ) ;
#303 =( NAMED_UNIT ( * ) PLANE_ANGLE_UNIT ( ) SI_UNIT ( $, .RADIAN. ) );
#304 = DIRECTION ( 'NONE',  ( 0.000000000000000000, 0.000000000000000000, -1.000000000000000000 ) ) ;
#305 = FACE_OUTER_BOUND ( 'NONE', #1048, .T. ) ;
#306 = ORIENTED_EDGE ( 'NONE', *, *, #1712, .F. ) ;
#307 = AXIS2_PLACEMENT_3D ( 'NONE', #840, #1840, #386 ) ;
#308 = CARTESIAN_POINT ( 'NONE',  ( 1.462500000000000133, 0.01574803149606299191, 4.099999999999999645 ) ) ;
#309 = DIMENSIONAL_EXPONENTS ( 1.000000000000000000, 0.000000000000000000, 0.000000000000000000, 0.000000000000000000, 0.000000000000000000, 0.000000000000000000, 0.000000000000000000 ) ;
#310 = CARTESIAN_POINT ( 'NONE',  ( 0.06250000000000102696, 0.000000000000000000, 3.499999999999999112 ) ) ;
#311 = DIRECTION ( 'NONE',  ( -0.000000000000000000, -1.000000000000000000, -0.000000000000000000 ) ) ;
#312 = ADVANCED_FACE ( 'NONE', ( #1183 ), #1002, .F. ) ;
#313 = VECTOR ( 'NONE', #488, 39.37007874015748143 ) ;
#314 = VECTOR ( 'NONE', #575, 39.37007874015748143 ) ;
#315 = LINE ( 'NONE', #1757, #291 ) ;
#316 = AXIS2_PLACEMENT_3D ( 'NONE', #1849, #414, #1703 ) ;
#317 = ORIENTED_EDGE ( 'NONE', *, *, #1589, .T. ) ;
#318 = PLANE ( 'NONE',  #406 ) ;
#319 = PLANE ( 'NONE',  #466 ) ;
#320 = LINE ( 'NONE', #922, #1141 ) ;
#321 = EDGE_LOOP ( 'NONE', ( #779, #620, #484, #517 ) ) ;
#322 = FILL_AREA_STYLE ('',( #556 ) ) ;
#323 = LINE ( 'NONE', #13, #963 ) ;
#324 = EDGE_CURVE ( 'NONE', #1844, #1475, #898, .T. ) ;
#325 = MECHANICAL_DESIGN_GEOMETRIC_PRESENTATION_REPRESENTATION (  '', ( #1095 ), #1887 ) ;
#326 = COLOUR_RGB ( '',0.7921568627450980005, 0.8196078431372548767, 0.9333333333333333481 ) ;
#327 = PLANE ( 'NONE',  #1786 ) ;
#328 = LENGTH_MEASURE_WITH_UNIT ( LENGTH_MEASURE( 0.02539999999999999897 ), #759 );
#329 = DIRECTION ( 'NONE',  ( 1.000000000000000000, 0.000000000000000000, 0.000000000000000000 ) ) ;
#330 = ORIENTED_EDGE ( 'NONE', *, *, #171, .F. ) ;
#331 =( LENGTH_UNIT ( ) NAMED_UNIT ( * ) SI_UNIT ( $, .METRE. ) );
#332 = CARTESIAN_POINT ( 'NONE',  ( 0.000000000000000000, 0.01574803149606299191, 0.000000000000000000 ) ) ;
#333 = ORIENTED_EDGE ( 'NONE', *, *, #1257, .F. ) ;
#334 = DIRECTION ( 'NONE',  ( -1.365923996832127073E-15, 0.000000000000000000, 1.000000000000000000 ) ) ;
#335 = VERTEX_POINT ( 'NONE', #1159 ) ;
#336 = DIRECTION ( 'NONE',  ( 0.000000000000000000, -0.000000000000000000, -1.000000000000000000 ) ) ;
#337 =( NAMED_UNIT ( * ) PLANE_ANGLE_UNIT ( ) SI_UNIT ( $, .RADIAN. ) );
#338 = DIRECTION ( 'NONE',  ( 0.6621127514304391282, 0.000000000000000000, 0.7494042329699062144 ) ) ;
#339 = UNCERTAINTY_MEASURE_WITH_UNIT (LENGTH_MEASURE( 1.000000000000000082E-05 ), #1470, 'distance_accuracy_value', 'NONE');
#340 = VERTEX_POINT ( 'NONE', #1300 ) ;
#341 = ORIENTED_EDGE ( 'NONE', *, *, #240, .T. ) ;
#342 = EDGE_CURVE ( 'NONE', #1529, #201, #323, .T. ) ;
#343 = AXIS2_PLACEMENT_3D ( 'NONE', #654, #925, #1247 ) ;
#344 = ORIENTED_EDGE ( 'NONE', *, *, #900, .F. ) ;
#345 = LINE ( 'NONE', #1788, #483 ) ;
#346 = EDGE_LOOP ( 'NONE', ( #471, #1753, #1825, #1650 ) ) ;
#347 = CARTESIAN_POINT ( 'NONE',  ( 1.462500000000000133, 0.000000000000000000, 4.099999999999999645 ) ) ;
#348 = DIRECTION ( 'NONE',  ( -0.4190189500198022166, -0.000000000000000000, 0.9079774884457776363 ) ) ;
#349 = CARTESIAN_POINT ( 'NONE',  ( 0.4125000000000009215, 0.01574803149606299191, 6.403610873667444636 ) ) ;
#350 =( GEOMETRIC_REPRESENTATION_CONTEXT ( 3 ) GLOBAL_UNCERTAINTY_ASSIGNED_CONTEXT ( ( #1776 ) ) GLOBAL_UNIT_ASSIGNED_CONTEXT ( ( #1410, #832, #987 ) ) REPRESENTATION_CONTEXT ( 'NONE', 'WORKASPACE' ) );
#351 = VECTOR ( 'NONE', #1745, 39.37007874015748143 ) ;
#352 = ORIENTED_EDGE ( 'NONE', *, *, #1854, .T. ) ;
#353 = VECTOR ( 'NONE', #1677, 39.37007874015748143 ) ;
#354 = APPLICATION_CONTEXT ( 'automotive_design' ) ;
#355 = EDGE_CURVE ( 'NONE', #1200, #1798, #1187, .T. ) ;
#356 = DIRECTION ( 'NONE',  ( -0.000000000000000000, -1.000000000000000000, -0.000000000000000000 ) ) ;
#357 = ORIENTED_EDGE ( 'NONE', *, *, #1131, .F. ) ;
#358 = LINE ( 'NONE', #625, #435 ) ;
#359 = CARTESIAN_POINT ( 'NONE',  ( 0.3499999999999995892, 0.01574803149606299191, -2.000000000000000000 ) ) ;
#360 = DIRECTION ( 'NONE',  ( 0.000000000000000000, 1.000000000000000000, 0.000000000000000000 ) ) ;
#361 = ORIENTED_EDGE ( 'NONE', *, *, #782, .F. ) ;
#362 = LINE ( 'NONE', #514, #390 ) ;
#363 = PLANE ( 'NONE',  #70 ) ;
#364 = VERTEX_POINT ( 'NONE', #1029 ) ;
#365 = CARTESIAN_POINT ( 'NONE',  ( 1.035228893933486827, 0.01574803149606299191, 4.699999999999999289 ) ) ;
#366 = LINE ( 'NONE', #627, #533 ) ;
#367 = EDGE_CURVE ( 'NONE', #1659, #1063, #706, .T. ) ;
#368 = CARTESIAN_POINT ( 'NONE',  ( 1.712500000000001021, 0.01574803149606299191, 7.875000000000000888 ) ) ;
#369 = AXIS2_PLACEMENT_3D ( 'NONE', #158, #874, #136 ) ;
#370 = VERTEX_POINT ( 'NONE', #1021 ) ;
#371 = CARTESIAN_POINT ( 'NONE',  ( 0.4124999999999996447, 0.01574803149606299191, 3.849999999999998757 ) ) ;
#372 = DIRECTION ( 'NONE',  ( -0.5735764363510499342, 0.000000000000000000, -0.8191520442889891340 ) ) ;
#373 = ORIENTED_EDGE ( 'NONE', *, *, #1131, .T. ) ;
#374 = CARTESIAN_POINT ( 'NONE',  ( 2.062500000000000888, 0.01574803149606299191, 7.875000000000000888 ) ) ;
#375 = DIRECTION ( 'NONE',  ( -0.000000000000000000, -1.000000000000000000, -0.000000000000000000 ) ) ;
#376 = LINE ( 'NONE', #349, #40 ) ;
#377 = ADVANCED_FACE ( 'NONE', ( #295 ), #1739, .T. ) ;
#378 = PLANE ( 'NONE',  #860 ) ;
#379 = VERTEX_POINT ( 'NONE', #876 ) ;
#380 = VECTOR ( 'NONE', #129, 39.37007874015748143 ) ;
#381 = LINE ( 'NONE', #815, #59 ) ;
#382 = VECTOR ( 'NONE', #395, 39.37007874015748143 ) ;
#383 = PRESENTATION_STYLE_ASSIGNMENT (( #1537 ) ) ;
#384 = EDGE_LOOP ( 'NONE', ( #1140, #1882, #1274, #1584, #1160, #1411, #1848, #1144, #1682 ) ) ;
#385 = LINE ( 'NONE', #999, #163 ) ;
#386 = DIRECTION ( 'NONE',  ( -1.000000000000000000, 0.000000000000000000, -0.000000000000000000 ) ) ;
#387 =( NAMED_UNIT ( * ) SI_UNIT ( $, .STERADIAN. ) SOLID_ANGLE_UNIT ( ) );
#389 = ORIENTED_EDGE ( 'NONE', *, *, #1546, .F. ) ;
#388 = VECTOR ( 'NONE', #348, 39.37007874015748854 ) ;
#390 = VECTOR ( 'NONE', #931, 39.37007874015748143 ) ;
#391 = LINE ( 'NONE', #1826, #1214 ) ;
#392 = ADVANCED_FACE ( 'NONE', ( #1480 ), #167, .F. ) ;
#393 = ORIENTED_EDGE ( 'NONE', *, *, #1283, .F. ) ;
#394 = CARTESIAN_POINT ( 'NONE',  ( 1.711201698915527425, 0.01574803149606299191, 7.344919660103016668 ) ) ;
#395 = DIRECTION ( 'NONE',  ( -0.000000000000000000, -1.000000000000000000, -0.000000000000000000 ) ) ;
#396 = CYLINDRICAL_SURFACE ( 'NONE', #698, 1.124999999999999778 ) ;
#397 = CARTESIAN_POINT ( 'NONE',  ( 1.062500000000001332, 0.01574803149606299191, 1.749999999999999556 ) ) ;
#398 = CARTESIAN_POINT ( 'NONE',  ( 1.712500000000001021, 0.000000000000000000, 7.875000000000000888 ) ) ;
#399 = EDGE_LOOP ( 'NONE', ( #1304, #1690, #670, #715 ) ) ;
#400 = MECHANICAL_DESIGN_GEOMETRIC_PRESENTATION_REPRESENTATION (  '', ( #1807 ), #251 ) ;
#401 = EDGE_CURVE ( 'NONE', #1032, #1631, #1607, .T. ) ;
#402 = FACE_OUTER_BOUND ( 'NONE', #1296, .T. ) ;
#403 = VERTEX_POINT ( 'NONE', #646 ) ;
#404 = CARTESIAN_POINT ( 'NONE',  ( 0.8875000000000000666, 0.01574803149606299191, 1.515500413944849381E-16 ) ) ;
#405 = LINE ( 'NONE', #1685, #1773 ) ;
#406 = AXIS2_PLACEMENT_3D ( 'NONE', #2, #299, #1017 ) ;
#407 = SURFACE_SIDE_STYLE ('',( #1565 ) ) ;
#408 = CARTESIAN_POINT ( 'NONE',  ( 0.000000000000000000, 0.01574803149606299191, 0.000000000000000000 ) ) ;
#409 = VERTEX_POINT ( 'NONE', #1637 ) ;
#410 =( NAMED_UNIT ( * ) PLANE_ANGLE_UNIT ( ) SI_UNIT ( $, .RADIAN. ) );
#411 = VECTOR ( 'NONE', #541, 39.37007874015748143 ) ;
#412 = VERTEX_POINT ( 'NONE', #1239 ) ;
#413 = VECTOR ( 'NONE', #34, 39.37007874015748143 ) ;
#414 = DIRECTION ( 'NONE',  ( -0.8191520442889891340, 0.000000000000000000, 0.5735764363510499342 ) ) ;
#415 = DIRECTION ( 'NONE',  ( -0.000000000000000000, -0.000000000000000000, -1.000000000000000000 ) ) ;
#416 = CIRCLE ( 'NONE', #1850, 1.124999999999999556 ) ;
#417 = DIRECTION ( 'NONE',  ( -0.000000000000000000, -1.000000000000000000, -0.000000000000000000 ) ) ;
#418 = EDGE_CURVE ( 'NONE', #957, #644, #366, .T. ) ;
#419 = CARTESIAN_POINT ( 'NONE',  ( 0.06250000000000102696, 0.01574803149606299191, 3.499999999999999112 ) ) ;
#420 = VERTEX_POINT ( 'NONE', #754 ) ;
#421 = ORIENTED_EDGE ( 'NONE', *, *, #418, .F. ) ;
#422 = DIRECTION ( 'NONE',  ( 1.000000000000000000, -0.000000000000000000, 1.858501568359733736E-16 ) ) ;
#423 =( NAMED_UNIT ( * ) PLANE_ANGLE_UNIT ( ) SI_UNIT ( $, .RADIAN. ) );
#424 = DIRECTION ( 'NONE',  ( 0.9079774884457777473, -0.000000000000000000, 0.4190189500198022721 ) ) ;
#425 = SURFACE_STYLE_USAGE ( .BOTH. , #283 ) ;
#426 = CARTESIAN_POINT ( 'NONE',  ( 1.462499999999999023, 0.01574803149606299191, 4.699999999999999289 ) ) ;
#427 = EDGE_CURVE ( 'NONE', #653, #980, #76, .T. ) ;
#428 = ORIENTED_EDGE ( 'NONE', *, *, #229, .F. ) ;
#429 = EDGE_CURVE ( 'NONE', #657, #1603, #778, .T. ) ;
#430 = ORIENTED_EDGE ( 'NONE', *, *, #1490, .F. ) ;
#431 = CARTESIAN_POINT ( 'NONE',  ( 0.000000000000000000, 0.01574803149606299191, -2.000000000000000000 ) ) ;
#432 = CARTESIAN_POINT ( 'NONE',  ( 2.062500000000000888, 0.01574803149606299191, 7.875000000000000888 ) ) ;
#433 = DIRECTION ( 'NONE',  ( -1.040703997586385594E-15, 0.000000000000000000, 1.000000000000000000 ) ) ;
#434 = DIRECTION ( 'NONE',  ( -0.000000000000000000, -1.000000000000000000, -0.000000000000000000 ) ) ;
#435 = VECTOR ( 'NONE', #234, 39.37007874015748143 ) ;
#436 = ORIENTED_EDGE ( 'NONE', *, *, #1546, .T. ) ;
#437 = EDGE_CURVE ( 'NONE', #1706, #183, #927, .T. ) ;
#438 = ADVANCED_FACE ( 'NONE', ( #1090 ), #1218, .F. ) ;
#439 = VERTEX_POINT ( 'NONE', #944 ) ;
#440 = SURFACE_STYLE_USAGE ( .BOTH. , #1311 ) ;
#441 = DIRECTION ( 'NONE',  ( -0.000000000000000000, -1.000000000000000000, -0.000000000000000000 ) ) ;
#442 = DIRECTION ( 'NONE',  ( 0.000000000000000000, 0.000000000000000000, 1.000000000000000000 ) ) ;
#443 = COLOUR_RGB ( '',0.7921568627450980005, 0.8196078431372548767, 0.9333333333333333481 ) ;
#444 = CARTESIAN_POINT ( 'NONE',  ( 0.06250000000000102696, 0.01574803149606299191, 3.499999999999999112 ) ) ;
#445 = LINE ( 'NONE', #15, #956 ) ;
#446 = ADVANCED_FACE ( 'NONE', ( #636 ), #616, .F. ) ;
#447 = EDGE_LOOP ( 'NONE', ( #776, #306, #1252, #1250 ) ) ;
#448 = FACE_OUTER_BOUND ( 'NONE', #1723, .T. ) ;
#449 = VECTOR ( 'NONE', #1842, 39.37007874015748143 ) ;
#450 = CARTESIAN_POINT ( 'NONE',  ( 0.8875000000000000666, 0.01574803149606299191, 1.515500413944849381E-16 ) ) ;
#451 = PLANE ( 'NONE',  #196 ) ;
#452 =( NAMED_UNIT ( * ) SI_UNIT ( $, .STERADIAN. ) SOLID_ANGLE_UNIT ( ) );
#453 = VERTEX_POINT ( 'NONE', #790 ) ;
#454 = VECTOR ( 'NONE', #673, 39.37007874015748143 ) ;
#455 = CARTESIAN_POINT ( 'NONE',  ( 1.062500000000001332, 0.01574803149606299191, 1.749999999999999556 ) ) ;
#456 = ADVANCED_FACE ( 'NONE', ( #66 ), #38, .F. ) ;
#457 = PLANE ( 'NONE',  #1818 ) ;
#458 = DIRECTION ( 'NONE',  ( 1.000000000000000000, -0.000000000000000000, -3.061616997868383634E-16 ) ) ;
#459 = FACE_OUTER_BOUND ( 'NONE', #639, .T. ) ;
#460 = ORIENTED_EDGE ( 'NONE', *, *, #1785, .F. ) ;
#461 = CARTESIAN_POINT ( 'NONE',  ( 0.4125000000000009215, 0.000000000000000000, 5.875000000000000000 ) ) ;
#462 = ORIENTED_EDGE ( 'NONE', *, *, #700, .T. ) ;
#463 = LINE ( 'NONE', #1596, #1240 ) ;
#464 = DIRECTION ( 'NONE',  ( 0.000000000000000000, 1.000000000000000000, 0.000000000000000000 ) ) ;
#465 = EDGE_CURVE ( 'NONE', #1507, #985, #1784, .T. ) ;
#466 = AXIS2_PLACEMENT_3D ( 'NONE', #1044, #1201, #43 ) ;
#467 = AXIS2_PLACEMENT_3D ( 'NONE', #1755, #1299, #1181 ) ;
#468 = EDGE_LOOP ( 'NONE', ( #17, #1120, #851, #679 ) ) ;
#469 = DIMENSIONAL_EXPONENTS ( 1.000000000000000000, 0.000000000000000000, 0.000000000000000000, 0.000000000000000000, 0.000000000000000000, 0.000000000000000000, 0.000000000000000000 ) ;
#470 = DIRECTION ( 'NONE',  ( -0.000000000000000000, -1.000000000000000000, -0.000000000000000000 ) ) ;
#471 = ORIENTED_EDGE ( 'NONE', *, *, #689, .T. ) ;
#472 = LINE ( 'NONE', #480, #1069 ) ;
#473 = CLOSED_SHELL ( 'NONE', ( #1051, #958, #1675, #507, #31, #756, #630, #576, #1740, #1445, #140, #1431 ) ) ;
#474 = ADVANCED_FACE ( 'NONE', ( #1050 ), #909, .T. ) ;
#475 = EDGE_LOOP ( 'NONE', ( #1804, #837, #236, #1263 ) ) ;
#476 = ORIENTED_EDGE ( 'NONE', *, *, #81, .F. ) ;
#477 = ORIENTED_EDGE ( 'NONE', *, *, #1221, .T. ) ;
#478 = LINE ( 'NONE', #63, #649 ) ;
#479 = VERTEX_POINT ( 'NONE', #217 ) ;
#480 = CARTESIAN_POINT ( 'NONE',  ( 1.775000000000000133, 0.000000000000000000, -1.164715581518546594 ) ) ;
#481 = DIRECTION ( 'NONE',  ( 0.000000000000000000, -0.000000000000000000, 1.000000000000000000 ) ) ;
#482 = LINE ( 'NONE', #1543, #1444 ) ;
#483 = VECTOR ( 'NONE', #1036, 39.37007874015748143 ) ;
#484 = ORIENTED_EDGE ( 'NONE', *, *, #1499, .F. ) ;
#485 = VERTEX_POINT ( 'NONE', #554 ) ;
#486 = VECTOR ( 'NONE', #1436, 39.37007874015748143 ) ;
#487 = ADVANCED_FACE ( 'NONE', ( #1430 ), #663, .F. ) ;
#488 = DIRECTION ( 'NONE',  ( -0.000000000000000000, -1.000000000000000000, -0.000000000000000000 ) ) ;
#489 = VERTEX_POINT ( 'NONE', #822 ) ;
#490 = DIRECTION ( 'NONE',  ( -0.000000000000000000, -1.000000000000000000, -0.000000000000000000 ) ) ;
#491 = DIRECTION ( 'NONE',  ( 0.6621127514304390171, -0.000000000000000000, 0.7494042329699063254 ) ) ;
#492 = VECTOR ( 'NONE', #245, 39.37007874015748143 ) ;
#493 = ORIENTED_EDGE ( 'NONE', *, *, #152, .T. ) ;
#494 = PRESENTATION_LAYER_ASSIGNMENT (  '', '', ( #1095 ) ) ;
#495 = AXIS2_PLACEMENT_3D ( 'NONE', #945, #1533, #656 ) ;
#496 = PLANE ( 'NONE',  #1464 ) ;
#497 = EDGE_CURVE ( 'NONE', #1359, #1733, #1255, .T. ) ;
#498 = ORIENTED_EDGE ( 'NONE', *, *, #852, .F. ) ;
#499 = PLANE ( 'NONE',  #1351 ) ;
#500 = DIRECTION ( 'NONE',  ( -0.000000000000000000, -0.000000000000000000, 1.000000000000000000 ) ) ;
#501 = CARTESIAN_POINT ( 'NONE',  ( 0.4125000000000009215, 0.01574803149606299191, 5.875000000000000000 ) ) ;
#502 = EDGE_LOOP ( 'NONE', ( #859, #1701, #221, #558 ) ) ;
#503 = CARTESIAN_POINT ( 'NONE',  ( 0.000000000000000000, 0.01574803149606299191, -2.000000000000000000 ) ) ;
#504 = LENGTH_MEASURE_WITH_UNIT ( LENGTH_MEASURE( 0.02539999999999999897 ), #85 );
#505 = EDGE_LOOP ( 'NONE', ( #1231, #239, #5, #766, #1246, #1310, #436, #844, #1016, #1442, #1741, #907, #1891 ) ) ;
#506 = LINE ( 'NONE', #1217, #555 ) ;
#507 = ADVANCED_FACE ( 'NONE', ( #976 ), #1572, .F. ) ;
#508 = CARTESIAN_POINT ( 'NONE',  ( 2.124999999999999556, 0.01574803149606299191, -2.000000000000000444 ) ) ;
#509 = ORIENTED_EDGE ( 'NONE', *, *, #1490, .T. ) ;
#510 = CARTESIAN_POINT ( 'NONE',  ( 0.06250000000000098532, 0.01574803149606299191, 7.875000000000000888 ) ) ;
#511 = DIRECTION ( 'NONE',  ( 0.000000000000000000, -1.000000000000000000, 0.000000000000000000 ) ) ;
#512 = ORIENTED_EDGE ( 'NONE', *, *, #206, .F. ) ;
#513 = COLOUR_RGB ( '',0.9098039215686274384, 0.4431372549019607643, 0.03137254901960784270 ) ;
#514 = CARTESIAN_POINT ( 'NONE',  ( 1.595394924501261080, 0.01574803149606299191, 5.500000000000000000 ) ) ;
#515 = AXIS2_PLACEMENT_3D ( 'NONE', #347, #645, #810 ) ;
#516 = LINE ( 'NONE', #1094, #729 ) ;
#517 = ORIENTED_EDGE ( 'NONE', *, *, #287, .T. ) ;
#518 = CARTESIAN_POINT ( 'NONE',  ( 0.4125000000000003664, 0.01574803149606299191, 5.500000000000000000 ) ) ;
#519 = PLANE ( 'NONE',  #1188 ) ;
#520 = ADVANCED_FACE ( 'NONE', ( #266 ), #128, .F. ) ;
#521 = DIRECTION ( 'NONE',  ( -0.000000000000000000, -1.000000000000000000, -0.000000000000000000 ) ) ;
#522 = SURFACE_STYLE_FILL_AREA ( #275 ) ;
#523 = ORIENTED_EDGE ( 'NONE', *, *, #1099, .T. ) ;
#524 = CARTESIAN_POINT ( 'NONE',  ( 1.062500000000001332, 0.01574803149606299191, 2.874999999999999112 ) ) ;
#525 = PRODUCT ( 'mcrn_insignia', 'mcrn_insignia', '', ( #749 ) ) ;
#526 = LINE ( 'NONE', #113, #1034 ) ;
#527 = EDGE_LOOP ( 'NONE', ( #1334, #86, #738, #523 ) ) ;
#528 = CARTESIAN_POINT ( 'NONE',  ( 0.06250000000000102696, 0.01574803149606299191, 3.499999999999999112 ) ) ;
#529 = DIRECTION ( 'NONE',  ( 0.000000000000000000, 0.000000000000000000, 1.000000000000000000 ) ) ;
#530 = DIRECTION ( 'NONE',  ( 0.000000000000000000, 0.000000000000000000, -1.000000000000000000 ) ) ;
#531 = EDGE_LOOP ( 'NONE', ( #1592, #94, #1184, #1527 ) ) ;
#532 = PRESENTATION_STYLE_ASSIGNMENT (( #1441 ) ) ;
#534 = ORIENTED_EDGE ( 'NONE', *, *, #1407, .T. ) ;
#533 = VECTOR ( 'NONE', #48, 39.37007874015748143 ) ;
#535 = EDGE_CURVE ( 'NONE', #1569, #403, #546, .T. ) ;
#536 = VECTOR ( 'NONE', #1698, 39.37007874015748143 ) ;
#537 = CIRCLE ( 'NONE', #781, 1.124999999999999556 ) ;
#538 = CARTESIAN_POINT ( 'NONE',  ( 0.4125000000000009215, 0.01574803149606299191, 5.875000000000000000 ) ) ;
#539 = ORIENTED_EDGE ( 'NONE', *, *, #828, .T. ) ;
#540 = LINE ( 'NONE', #993, #1752 ) ;
#541 = DIRECTION ( 'NONE',  ( -0.000000000000000000, -1.000000000000000000, -0.000000000000000000 ) ) ;
#542 = DIRECTION ( 'NONE',  ( -0.000000000000000000, -1.000000000000000000, -0.000000000000000000 ) ) ;
#543 = ORIENTED_EDGE ( 'NONE', *, *, #267, .T. ) ;
#544 = DIRECTION ( 'NONE',  ( -0.4190189500198026606, -0.000000000000000000, -0.9079774884457776363 ) ) ;
#545 = PLANE ( 'NONE',  #112 ) ;
#547 = ORIENTED_EDGE ( 'NONE', *, *, #301, .F. ) ;
#546 = CIRCLE ( 'NONE', #941, 1.124999999999999556 ) ;
#548 = PRODUCT_RELATED_PRODUCT_CATEGORY ( 'part', '', ( #525 ) ) ;
#549 = VECTOR ( 'NONE', #372, 39.37007874015748143 ) ;
#550 = EDGE_CURVE ( 'NONE', #1475, #1, #405, .T. ) ;
#551 = EDGE_LOOP ( 'NONE', ( #1787, #930 ) ) ;
#552 = CARTESIAN_POINT ( 'NONE',  ( 1.775000000000000133, 0.01574803149606299191, 4.286263797015734746E-17 ) ) ;
#553 = CARTESIAN_POINT ( 'NONE',  ( 2.022666030567772832, 0.01574803149606299191, 5.500000000000000000 ) ) ;
#554 = CARTESIAN_POINT ( 'NONE',  ( 2.125000000000000000, 0.01574803149606299191, -2.602374448188125843E-16 ) ) ;
#555 = VECTOR ( 'NONE', #490, 39.37007874015748143 ) ;
#556 = FILL_AREA_STYLE_COLOUR ( '', #1177 ) ;
#557 = DIRECTION ( 'NONE',  ( -1.000000000000000000, -0.000000000000000000, -0.000000000000000000 ) ) ;
#558 = ORIENTED_EDGE ( 'NONE', *, *, #1791, .T. ) ;
#559 = VERTEX_POINT ( 'NONE', #1418 ) ;
#560 = VECTOR ( 'NONE', #1764, 39.37007874015748143 ) ;
#561 = LINE ( 'NONE', #1134, #1568 ) ;
#562 = EDGE_CURVE ( 'NONE', #600, #702, #1124, .T. ) ;
#563 = CARTESIAN_POINT ( 'NONE',  ( 1.774999999999999689, 0.01574803149606299191, -2.000000000000000444 ) ) ;
#564 = DIRECTION ( 'NONE',  ( -0.000000000000000000, -1.000000000000000000, -0.000000000000000000 ) ) ;
#565 = EDGE_CURVE ( 'NONE', #412, #1356, #1289, .T. ) ;
#566 = DIRECTION ( 'NONE',  ( -1.858501568359733243E-16, -0.000000000000000000, 1.000000000000000000 ) ) ;
#567 = ORIENTED_EDGE ( 'NONE', *, *, #1004, .F. ) ;
#568 = ORIENTED_EDGE ( 'NONE', *, *, #585, .F. ) ;
#569 = EDGE_LOOP ( 'NONE', ( #1003, #333, #428, #243 ) ) ;
#570 =( LENGTH_UNIT ( ) NAMED_UNIT ( * ) SI_UNIT ( $, .METRE. ) );
#571 = CARTESIAN_POINT ( 'NONE',  ( 1.035228893933486827, 0.000000000000000000, 4.699999999999999289 ) ) ;
#572 = FACE_OUTER_BOUND ( 'NONE', #41, .T. ) ;
#573 = EDGE_CURVE ( 'NONE', #403, #988, #1031, .T. ) ;
#574 = FILL_AREA_STYLE ('',( #830 ) ) ;
#575 = DIRECTION ( 'NONE',  ( 0.4190189500198031047, -0.000000000000000000, 0.9079774884457773032 ) ) ;
#576 = ADVANCED_FACE ( 'NONE', ( #118 ), #519, .F. ) ;
#577 = VERTEX_POINT ( 'NONE', #801 ) ;
#578 = ORIENTED_EDGE ( 'NONE', *, *, #1324, .T. ) ;
#579 = FACE_OUTER_BOUND ( 'NONE', #634, .T. ) ;
#580 = DIRECTION ( 'NONE',  ( 0.000000000000000000, 0.000000000000000000, 1.000000000000000000 ) ) ;
#581 = DIRECTION ( 'NONE',  ( 1.000000000000000000, 0.000000000000000000, 1.040703997586385594E-15 ) ) ;
#582 = DIRECTION ( 'NONE',  ( -0.000000000000000000, -1.000000000000000000, -0.000000000000000000 ) ) ;
#583 = CIRCLE ( 'NONE', #515, 0.5999999999999996447 ) ;
#584 = FILL_AREA_STYLE ('',( #1638 ) ) ;
#585 = EDGE_CURVE ( 'NONE', #1189, #1235, #1680, .T. ) ;
#586 = VERTEX_POINT ( 'NONE', #1865 ) ;
#587 =( NAMED_UNIT ( * ) PLANE_ANGLE_UNIT ( ) SI_UNIT ( $, .RADIAN. ) );
#588 = LINE ( 'NONE', #1329, #1268 ) ;
#589 = FILL_AREA_STYLE ('',( #1439 ) ) ;
#590 = DIRECTION ( 'NONE',  ( -0.000000000000000000, -1.000000000000000000, -0.000000000000000000 ) ) ;
#591 = CARTESIAN_POINT ( 'NONE',  ( 2.124999999999999556, 0.000000000000000000, -2.000000000000000444 ) ) ;
#592 = DIRECTION ( 'NONE',  ( -0.000000000000000000, -1.000000000000000000, -0.000000000000000000 ) ) ;
#593 = ORIENTED_EDGE ( 'NONE', *, *, #1663, .F. ) ;
#594 = ADVANCED_FACE ( 'NONE', ( #953 ), #1248, .F. ) ;
#595 =( CONVERSION_BASED_UNIT ( 'INCH', #728 ) LENGTH_UNIT ( ) NAMED_UNIT ( #469 ) );
#596 = LINE ( 'NONE', #1613, #560 ) ;
#597 = CARTESIAN_POINT ( 'NONE',  ( 2.420282218537320063, 0.01574803149606299191, 2.249999999999999556 ) ) ;
#598 = DIRECTION ( 'NONE',  ( -2.859903368367275033E-16, 0.000000000000000000, 1.000000000000000000 ) ) ;
#599 = SURFACE_STYLE_USAGE ( .BOTH. , #1628 ) ;
#600 = VERTEX_POINT ( 'NONE', #508 ) ;
#601 = AXIS2_PLACEMENT_3D ( 'NONE', #1449, #424, #1771 ) ;
#602 = CARTESIAN_POINT ( 'NONE',  ( 0.4124999999999996447, 0.01574803149606299191, 3.849999999999998757 ) ) ;
#603 = APPLICATION_PROTOCOL_DEFINITION ( 'draft international standard', 'automotive_design', 1998, #354 ) ;
#604 = EDGE_CURVE ( 'NONE', #1425, #1506, #811, .T. ) ;
#605 = LINE ( 'NONE', #769, #1575 ) ;
#606 = VERTEX_POINT ( 'NONE', #1705 ) ;
#607 = DIRECTION ( 'NONE',  ( 0.000000000000000000, 0.000000000000000000, 1.000000000000000000 ) ) ;
#608 = VECTOR ( 'NONE', #521, 39.37007874015748143 ) ;
#609 = CARTESIAN_POINT ( 'NONE',  ( 1.062500000000001332, 0.000000000000000000, 1.749999999999999556 ) ) ;
#610 =( NAMED_UNIT ( * ) PLANE_ANGLE_UNIT ( ) SI_UNIT ( $, .RADIAN. ) );
#611 = EDGE_LOOP ( 'NONE', ( #261, #1166, #278, #1062 ) ) ;
#612 = DIRECTION ( 'NONE',  ( -0.6621127514304391282, -0.000000000000000000, -0.7494042329699063254 ) ) ;
#613 = ORIENTED_EDGE ( 'NONE', *, *, #862, .T. ) ;
#614 = CARTESIAN_POINT ( 'NONE',  ( 0.3499999999999998113, 0.000000000000000000, -1.164715581518545928 ) ) ;
#615 = DIMENSIONAL_EXPONENTS ( 1.000000000000000000, 0.000000000000000000, 0.000000000000000000, 0.000000000000000000, 0.000000000000000000, 0.000000000000000000, 0.000000000000000000 ) ;
#616 = PLANE ( 'NONE',  #623 ) ;
#617 = PRESENTATION_LAYER_ASSIGNMENT (  '', '', ( #1080 ) ) ;
#618 =( LENGTH_UNIT ( ) NAMED_UNIT ( * ) SI_UNIT ( $, .METRE. ) );
#619 = ORIENTED_EDGE ( 'NONE', *, *, #808, .F. ) ;
#620 = ORIENTED_EDGE ( 'NONE', *, *, #152, .F. ) ;
#621 = ORIENTED_EDGE ( 'NONE', *, *, #427, .F. ) ;
#622 = DIRECTION ( 'NONE',  ( 2.561107494060244672E-16, 0.000000000000000000, -1.000000000000000000 ) ) ;
#623 = AXIS2_PLACEMENT_3D ( 'NONE', #359, #178, #1802 ) ;
#624 = VERTEX_POINT ( 'NONE', #1389 ) ;
#625 = CARTESIAN_POINT ( 'NONE',  ( 0.4125000000000009215, 0.01574803149606299191, 5.875000000000000000 ) ) ;
#626 = AXIS2_PLACEMENT_3D ( 'NONE', #1107, #1555, #1368 ) ;
#627 = CARTESIAN_POINT ( 'NONE',  ( 0.4125000000000003664, 0.01574803149606299191, 5.500000000000000000 ) ) ;
#628 = ADVANCED_FACE ( 'NONE', ( #1695 ), #396, .F. ) ;
#629 = CARTESIAN_POINT ( 'NONE',  ( 0.4125000000000005884, 0.000000000000000000, 4.699999999999999289 ) ) ;
#630 = ADVANCED_FACE ( 'NONE', ( #1399 ), #984, .F. ) ;
#631 = ORIENTED_EDGE ( 'NONE', *, *, #1257, .T. ) ;
#632 = EDGE_LOOP ( 'NONE', ( #567, #707, #914, #1071 ) ) ;
#633 = CARTESIAN_POINT ( 'NONE',  ( 1.062500000000001332, 0.000000000000000000, 1.749999999999999556 ) ) ;
#634 = EDGE_LOOP ( 'NONE', ( #1427, #1222, #823, #1796 ) ) ;
#635 = LINE ( 'NONE', #216, #1170 ) ;
#636 = FACE_OUTER_BOUND ( 'NONE', #447, .T. ) ;
#637 = CARTESIAN_POINT ( 'NONE',  ( 1.062500000000001332, 0.01574803149606299191, 2.562499999999999112 ) ) ;
#638 =( GEOMETRIC_REPRESENTATION_CONTEXT ( 3 ) GLOBAL_UNCERTAINTY_ASSIGNED_CONTEXT ( ( #1199 ) ) GLOBAL_UNIT_ASSIGNED_CONTEXT ( ( #950, #410, #1285 ) ) REPRESENTATION_CONTEXT ( 'NONE', 'WORKASPACE' ) );
#639 = EDGE_LOOP ( 'NONE', ( #534, #35, #1092, #864 ) ) ;
#640 = ADVANCED_FACE ( 'NONE', ( #572 ), #1469, .F. ) ;
#641 = CIRCLE ( 'NONE', #343, 0.2499999999999998057 ) ;
#642 = DIRECTION ( 'NONE',  ( -0.000000000000000000, -1.000000000000000000, -0.000000000000000000 ) ) ;
#643 = LINE ( 'NONE', #1665, #1838 ) ;
#644 = VERTEX_POINT ( 'NONE', #704 ) ;
#645 = DIRECTION ( 'NONE',  ( 0.000000000000000000, 1.000000000000000000, -0.000000000000000000 ) ) ;
#646 = CARTESIAN_POINT ( 'NONE',  ( 1.062500000000001332, 0.000000000000000000, 0.6249999999999998890 ) ) ;
#647 = CARTESIAN_POINT ( 'NONE',  ( 1.062500000000001332, 0.01574803149606299191, 0.9374999999999998890 ) ) ;
#648 = ORIENTED_EDGE ( 'NONE', *, *, #1525, .F. ) ;
#649 = VECTOR ( 'NONE', #1046, 39.37007874015748143 ) ;
#650 = AXIS2_PLACEMENT_3D ( 'NONE', #1331, #1186, #442 ) ;
#651 = ADVANCED_FACE ( 'NONE', ( #1019 ), #722, .T. ) ;
#652 = SURFACE_STYLE_FILL_AREA ( #80 ) ;
#653 = VERTEX_POINT ( 'NONE', #563 ) ;
#654 = CARTESIAN_POINT ( 'NONE',  ( 1.462500000000000133, 0.01574803149606299191, 4.099999999999999645 ) ) ;
#655 = CARTESIAN_POINT ( 'NONE',  ( 2.124999999999999556, 0.01574803149606299191, -2.000000000000000444 ) ) ;
#656 = DIRECTION ( 'NONE',  ( 0.000000000000000000, 0.000000000000000000, -1.000000000000000000 ) ) ;
#657 = VERTEX_POINT ( 'NONE', #1157 ) ;
#658 = PLANE ( 'NONE',  #1212 ) ;
#659 = CARTESIAN_POINT ( 'NONE',  ( 1.062500000000001332, 0.01574803149606299191, 0.6249999999999998890 ) ) ;
#660 = ORIENTED_EDGE ( 'NONE', *, *, #816, .F. ) ;
#661 = LINE ( 'NONE', #1724, #1880 ) ;
#662 = EDGE_CURVE ( 'NONE', #1161, #1660, #1330, .T. ) ;
#663 = PLANE ( 'NONE',  #1616 ) ;
#664 = CARTESIAN_POINT ( 'NONE',  ( 0.4125000000000003664, 0.01574803149606299191, 5.500000000000000000 ) ) ;
#665 = DIRECTION ( 'NONE',  ( -1.000000000000000000, -0.000000000000000000, -0.000000000000000000 ) ) ;
#666 = ORIENTED_EDGE ( 'NONE', *, *, #1039, .T. ) ;
#667 =( CONVERSION_BASED_UNIT ( 'INCH', #101 ) LENGTH_UNIT ( ) NAMED_UNIT ( #753 ) );
#668 = PRESENTATION_LAYER_ASSIGNMENT (  '', '', ( #1477 ) ) ;
#669 = FACE_OUTER_BOUND ( 'NONE', #942, .T. ) ;
#670 = ORIENTED_EDGE ( 'NONE', *, *, #1710, .F. ) ;
#671 = CARTESIAN_POINT ( 'NONE',  ( 1.711201698915527425, 0.01574803149606299191, 7.344919660103016668 ) ) ;
#672 = CARTESIAN_POINT ( 'NONE',  ( 1.774999999999999689, 0.01574803149606299191, -2.000000000000000444 ) ) ;
#673 = DIRECTION ( 'NONE',  ( -0.000000000000000000, -1.000000000000000000, -0.000000000000000000 ) ) ;
#674 = EDGE_CURVE ( 'NONE', #1507, #988, #596, .T. ) ;
#675 =( CONVERSION_BASED_UNIT ( 'INCH', #847 ) LENGTH_UNIT ( ) NAMED_UNIT ( #740 ) );
#676 = UNCERTAINTY_MEASURE_WITH_UNIT (LENGTH_MEASURE( 1.000000000000000082E-05 ), #595, 'distance_accuracy_value', 'NONE');
#677 = LINE ( 'NONE', #419, #1280 ) ;
#678 = ADVANCED_FACE ( 'NONE', ( #448 ), #731, .T. ) ;
#679 = ORIENTED_EDGE ( 'NONE', *, *, #355, .T. ) ;
#680 = VECTOR ( 'NONE', #1612, 39.37007874015748143 ) ;
#681 = SURFACE_STYLE_FILL_AREA ( #1413 ) ;
#682 = ORIENTED_EDGE ( 'NONE', *, *, #1481, .F. ) ;
#683 = LINE ( 'NONE', #271, #1590 ) ;
#684 = CARTESIAN_POINT ( 'NONE',  ( 2.062500000000000888, 0.000000000000000000, 5.875000000000000000 ) ) ;
#685 = DIRECTION ( 'NONE',  ( 0.000000000000000000, 0.000000000000000000, 1.000000000000000000 ) ) ;
#686 =( CONVERSION_BASED_UNIT ( 'INCH', #857 ) LENGTH_UNIT ( ) NAMED_UNIT ( #912 ) );
#687 = EDGE_CURVE ( 'NONE', #559, #933, #1595, .T. ) ;
#688 = VERTEX_POINT ( 'NONE', #1312 ) ;
#689 = EDGE_CURVE ( 'NONE', #379, #1866, #1730, .T. ) ;
#690 = COLOUR_RGB ( '',0.5019607843137254832, 0.5019607843137254832, 0.5019607843137254832 ) ;
#691 = FILL_AREA_STYLE ('',( #798 ) ) ;
#692 = ORIENTED_EDGE ( 'NONE', *, *, #862, .F. ) ;
#693 = FACE_OUTER_BOUND ( 'NONE', #727, .T. ) ;
#694 = CARTESIAN_POINT ( 'NONE',  ( 2.062500000000000888, 0.000000000000000000, 5.875000000000000000 ) ) ;
#695 = DIRECTION ( 'NONE',  ( 1.000000000000000000, 0.000000000000000000, 0.000000000000000000 ) ) ;
#696 = DIRECTION ( 'NONE',  ( 0.000000000000000000, 0.000000000000000000, 1.000000000000000000 ) ) ;
#697 = AXIS2_PLACEMENT_3D ( 'NONE', #1458, #1185, #905 ) ;
#699 = ORIENTED_EDGE ( 'NONE', *, *, #565, .T. ) ;
#698 = AXIS2_PLACEMENT_3D ( 'NONE', #1136, #375, #1541 ) ;
#700 = EDGE_CURVE ( 'NONE', #1435, #32, #990, .T. ) ;
#701 = VECTOR ( 'NONE', #1348, 39.37007874015748143 ) ;
#702 = VERTEX_POINT ( 'NONE', #20 ) ;
#703 = CARTESIAN_POINT ( 'NONE',  ( 1.462500000000000133, 0.01574803149606299191, 3.500000000000000000 ) ) ;
#704 = CARTESIAN_POINT ( 'NONE',  ( 0.4125000000000005884, 0.01574803149606299191, 4.699999999999999289 ) ) ;
#705 = DIRECTION ( 'NONE',  ( 1.000000000000000000, 0.000000000000000000, -5.203519987931925010E-16 ) ) ;
#706 = LINE ( 'NONE', #1888, #1123 ) ;
#707 = ORIENTED_EDGE ( 'NONE', *, *, #1294, .F. ) ;
#708 = EDGE_CURVE ( 'NONE', #270, #1, #1028, .T. ) ;
#709 = AXIS2_PLACEMENT_3D ( 'NONE', #1618, #1775, #1353 ) ;
#710 = ORIENTED_EDGE ( 'NONE', *, *, #1099, .F. ) ;
#711 = FACE_OUTER_BOUND ( 'NONE', #224, .T. ) ;
#712 = LINE ( 'NONE', #272, #351 ) ;
#713 =( NAMED_UNIT ( * ) PLANE_ANGLE_UNIT ( ) SI_UNIT ( $, .RADIAN. ) );
#714 = LINE ( 'NONE', #1748, #1013 ) ;
#715 = ORIENTED_EDGE ( 'NONE', *, *, #108, .T. ) ;
#716 = AXIS2_PLACEMENT_3D ( 'NONE', #1472, #1322, #1452 ) ;
#717 = CLOSED_SHELL ( 'NONE', ( #1640, #1254, #487, #242, #1805, #1534, #1175, #520, #1014, #1471, #1333, #1244, #1615, #1829, #594 ) ) ;
#718 = VECTOR ( 'NONE', #222, 39.37007874015748143 ) ;
#719 = ORIENTED_EDGE ( 'NONE', *, *, #1072, .T. ) ;
#720 = DIRECTION ( 'NONE',  ( -0.000000000000000000, -1.000000000000000000, -0.000000000000000000 ) ) ;
#721 =( NAMED_UNIT ( * ) PLANE_ANGLE_UNIT ( ) SI_UNIT ( $, .RADIAN. ) );
#722 = PLANE ( 'NONE',  #467 ) ;
#723 = PRESENTATION_STYLE_ASSIGNMENT (( #1020 ) ) ;
#724 = EDGE_CURVE ( 'NONE', #688, #379, #165, .T. ) ;
#725 = DIRECTION ( 'NONE',  ( 2.859903368367275033E-16, 0.000000000000000000, -1.000000000000000000 ) ) ;
#726 = PLANE ( 'NONE',  #709 ) ;
#727 = EDGE_LOOP ( 'NONE', ( #784, #692, #421, #775 ) ) ;
#728 = LENGTH_MEASURE_WITH_UNIT ( LENGTH_MEASURE( 0.02539999999999999897 ), #570 );
#729 = VECTOR ( 'NONE', #959, 39.37007874015748143 ) ;
#730 = CARTESIAN_POINT ( 'NONE',  ( 0.06250000000000102696, 0.01574803149606299191, 3.499999999999999112 ) ) ;
#731 = CYLINDRICAL_SURFACE ( 'NONE', #1482, 1.446918295197114013 ) ;
#732 = CARTESIAN_POINT ( 'NONE',  ( 1.062500000000001332, 0.01574803149606299191, 1.749999999999999556 ) ) ;
#733 = CARTESIAN_POINT ( 'NONE',  ( 0.4124999999999989231, 0.01574803149606299191, 4.350000000000000533 ) ) ;
#734 = EDGE_CURVE ( 'NONE', #980, #420, #1234, .T. ) ;
#735 = VECTOR ( 'NONE', #720, 39.37007874015748143 ) ;
#736 = SURFACE_STYLE_FILL_AREA ( #584 ) ;
#737 = EDGE_CURVE ( 'NONE', #364, #1425, #605, .T. ) ;
#738 = ORIENTED_EDGE ( 'NONE', *, *, #131, .F. ) ;
#739 = DIRECTION ( 'NONE',  ( -0.000000000000000000, -1.000000000000000000, -0.000000000000000000 ) ) ;
#740 = DIMENSIONAL_EXPONENTS ( 1.000000000000000000, 0.000000000000000000, 0.000000000000000000, 0.000000000000000000, 0.000000000000000000, 0.000000000000000000, 0.000000000000000000 ) ;
#741 = COLOUR_RGB ( '',0.7921568627450980005, 0.8196078431372548767, 0.9333333333333333481 ) ;
#742 = CARTESIAN_POINT ( 'NONE',  ( 1.462500000000000133, 0.01574803149606299191, 3.849999999999999645 ) ) ;
#743 = AXIS2_PLACEMENT_3D ( 'NONE', #193, #800, #336 ) ;
#744 = CARTESIAN_POINT ( 'NONE',  ( 1.062500000000001332, 0.01574803149606299191, 1.749999999999999556 ) ) ;
#745 = DIRECTION ( 'NONE',  ( -1.000000000000000000, 0.000000000000000000, -0.000000000000000000 ) ) ;
#746 = ADVANCED_FACE ( 'NONE', ( #72 ), #53, .F. ) ;
#747 = ORIENTED_EDGE ( 'NONE', *, *, #550, .T. ) ;
#748 = FACE_BOUND ( 'NONE', #1355, .T. ) ;
#749 = PRODUCT_CONTEXT ( 'NONE', #1271, 'mechanical' ) ;
#750 = DIRECTION ( 'NONE',  ( 0.000000000000000000, 1.000000000000000000, 0.000000000000000000 ) ) ;
#751 = ORIENTED_EDGE ( 'NONE', *, *, #1342, .T. ) ;
#752 = LINE ( 'NONE', #742, #1357 ) ;
#753 = DIMENSIONAL_EXPONENTS ( 1.000000000000000000, 0.000000000000000000, 0.000000000000000000, 0.000000000000000000, 0.000000000000000000, 0.000000000000000000, 0.000000000000000000 ) ;
#754 = CARTESIAN_POINT ( 'NONE',  ( 0.3499999999999995892, 0.01574803149606299191, -2.000000000000000000 ) ) ;
#755 = CARTESIAN_POINT ( 'NONE',  ( 1.775000000000000133, 0.01574803149606299191, -1.164715581518546594 ) ) ;
#756 = ADVANCED_FACE ( 'NONE', ( #760 ), #457, .F. ) ;
#757 = DIRECTION ( 'NONE',  ( -0.000000000000000000, -1.000000000000000000, -0.000000000000000000 ) ) ;
#758 = CARTESIAN_POINT ( 'NONE',  ( 1.711201698915527647, 0.000000000000000000, 5.875000000000000000 ) ) ;
#759 =( LENGTH_UNIT ( ) NAMED_UNIT ( * ) SI_UNIT ( $, .METRE. ) );
#760 = FACE_OUTER_BOUND ( 'NONE', #103, .T. ) ;
#761 = ORIENTED_EDGE ( 'NONE', *, *, #1165, .F. ) ;
#762 = VECTOR ( 'NONE', #1836, 39.37007874015748143 ) ;
#763 = PRESENTATION_STYLE_ASSIGNMENT (( #185 ) ) ;
#764 = CARTESIAN_POINT ( 'NONE',  ( 0.3499999999999995892, 0.01574803149606299191, -2.000000000000000000 ) ) ;
#765 = AXIS2_PLACEMENT_3D ( 'NONE', #1667, #1097, #1654 ) ;
#766 = ORIENTED_EDGE ( 'NONE', *, *, #342, .T. ) ;
#767 = CARTESIAN_POINT ( 'NONE',  ( 0.06250000000000045797, 0.000000000000000000, 5.500000000000000000 ) ) ;
#768 = EDGE_CURVE ( 'NONE', #139, #1583, #1486, .T. ) ;
#769 = CARTESIAN_POINT ( 'NONE',  ( 0.4125000000000009215, 0.000000000000000000, 7.875000000000000888 ) ) ;
#770 = EDGE_LOOP ( 'NONE', ( #1343, #1371, #1852, #747 ) ) ;
#771 = DIRECTION ( 'NONE',  ( 0.6621127514304390171, -0.000000000000000000, 0.7494042329699063254 ) ) ;
#772 = EDGE_CURVE ( 'NONE', #600, #653, #478, .T. ) ;
#773 = DIRECTION ( 'NONE',  ( 0.000000000000000000, 0.000000000000000000, -1.000000000000000000 ) ) ;
#774 = UNCERTAINTY_MEASURE_WITH_UNIT (LENGTH_MEASURE( 1.000000000000000082E-05 ), #686, 'distance_accuracy_value', 'NONE');
#775 = ORIENTED_EDGE ( 'NONE', *, *, #1726, .T. ) ;
#776 = ORIENTED_EDGE ( 'NONE', *, *, #1114, .T. ) ;
#777 = CARTESIAN_POINT ( 'NONE',  ( 0.3499999999999998113, 0.000000000000000000, -1.164715581518545928 ) ) ;
#778 = CIRCLE ( 'NONE', #1858, 1.446918295197114013 ) ;
#779 = ORIENTED_EDGE ( 'NONE', *, *, #367, .T. ) ;
#780 = FACE_OUTER_BOUND ( 'NONE', #286, .T. ) ;
#781 = AXIS2_PLACEMENT_3D ( 'NONE', #1377, #642, #1093 ) ;
#782 = EDGE_CURVE ( 'NONE', #624, #973, #203, .T. ) ;
#783 = CARTESIAN_POINT ( 'NONE',  ( 2.070282218537319974, 0.000000000000000000, 1.249999999999999778 ) ) ;
#784 = ORIENTED_EDGE ( 'NONE', *, *, #782, .T. ) ;
#785 = CARTESIAN_POINT ( 'NONE',  ( 0.8875000000000000666, 0.01574803149606299191, 1.515500413944849381E-16 ) ) ;
#786 = LINE ( 'NONE', #175, #1649 ) ;
#787 = VECTOR ( 'NONE', #695, 39.37007874015748143 ) ;
#788 = ORIENTED_EDGE ( 'NONE', *, *, #1270, .F. ) ;
#789 = CARTESIAN_POINT ( 'NONE',  ( 0.4125000000000009215, 0.000000000000000000, 7.875000000000000888 ) ) ;
#790 = CARTESIAN_POINT ( 'NONE',  ( 0.4125000000000009215, 0.01574803149606299191, 7.875000000000000888 ) ) ;
#791 = CARTESIAN_POINT ( 'NONE',  ( 2.420282218537320063, 0.01574803149606299191, 1.249999999999999778 ) ) ;
#792 = AXIS2_PLACEMENT_3D ( 'NONE', #633, #1624, #1799 ) ;
#793 = EDGE_CURVE ( 'NONE', #297, #606, #1224, .T. ) ;
#794 = EDGE_LOOP ( 'NONE', ( #1696, #317, #1743, #344 ) ) ;
#795 = EDGE_CURVE ( 'NONE', #1583, #559, #345, .T. ) ;
#796 = AXIS2_PLACEMENT_3D ( 'NONE', #1275, #1154, #845 ) ;
#797 = DIRECTION ( 'NONE',  ( -0.000000000000000000, -1.000000000000000000, -0.000000000000000000 ) ) ;
#798 = FILL_AREA_STYLE_COLOUR ( '', #1191 ) ;
#799 = ORIENTED_EDGE ( 'NONE', *, *, #1117, .F. ) ;
#800 = DIRECTION ( 'NONE',  ( 0.000000000000000000, -1.000000000000000000, 0.000000000000000000 ) ) ;
#801 = CARTESIAN_POINT ( 'NONE',  ( 0.000000000000000000, 0.000000000000000000, -2.000000000000000000 ) ) ;
#802 = CARTESIAN_POINT ( 'NONE',  ( 1.062500000000001332, 0.000000000000000000, 0.9374999999999998890 ) ) ;
#803 = VECTOR ( 'NONE', #1704, 39.37007874015748143 ) ;
#804 = ORIENTED_EDGE ( 'NONE', *, *, #179, .T. ) ;
#805 = EDGE_CURVE ( 'NONE', #1670, #1837, #320, .T. ) ;
#806 =( GEOMETRIC_REPRESENTATION_CONTEXT ( 3 ) GLOBAL_UNCERTAINTY_ASSIGNED_CONTEXT ( ( #774 ) ) GLOBAL_UNIT_ASSIGNED_CONTEXT ( ( #686, #259, #387 ) ) REPRESENTATION_CONTEXT ( 'NONE', 'WORKASPACE' ) );
#807 = FACE_OUTER_BOUND ( 'NONE', #164, .T. ) ;
#808 = EDGE_CURVE ( 'NONE', #1635, #156, #643, .T. ) ;
#809 = ORIENTED_EDGE ( 'NONE', *, *, #401, .F. ) ;
#810 = DIRECTION ( 'NONE',  ( 0.000000000000000000, 0.000000000000000000, -1.000000000000000000 ) ) ;
#811 = LINE ( 'NONE', #1112, #37 ) ;
#812 = PLANE ( 'NONE',  #1717 ) ;
#813 = DIRECTION ( 'NONE',  ( 0.000000000000000000, 1.000000000000000000, 0.000000000000000000 ) ) ;
#814 = ORIENTED_EDGE ( 'NONE', *, *, #875, .F. ) ;
#815 = CARTESIAN_POINT ( 'NONE',  ( 1.062500000000001332, 0.01574803149606299191, 3.196918295197113569 ) ) ;
#816 = EDGE_CURVE ( 'NONE', #1359, #1670, #786, .T. ) ;
#817 = CARTESIAN_POINT ( 'NONE',  ( 0.000000000000000000, 0.000000000000000000, 0.000000000000000000 ) ) ;
#818 = VERTEX_POINT ( 'NONE', #777 ) ;
#819 = CARTESIAN_POINT ( 'NONE',  ( 2.070282218537319974, 0.01574803149606299191, 1.249999999999999778 ) ) ;
#820 = CARTESIAN_POINT ( 'NONE',  ( 2.022666030567772832, 0.000000000000000000, 5.500000000000000000 ) ) ;
#821 =( GEOMETRIC_REPRESENTATION_CONTEXT ( 3 ) GLOBAL_UNCERTAINTY_ASSIGNED_CONTEXT ( ( #1102 ) ) GLOBAL_UNIT_ASSIGNED_CONTEXT ( ( #891, #721, #881 ) ) REPRESENTATION_CONTEXT ( 'NONE', 'WORKASPACE' ) );
#822 = CARTESIAN_POINT ( 'NONE',  ( 0.8875000000000000666, 0.000000000000000000, 1.515500413944849381E-16 ) ) ;
#823 = ORIENTED_EDGE ( 'NONE', *, *, #1556, .F. ) ;
#824 = VECTOR ( 'NONE', #1531, 39.37007874015748143 ) ;
#825 = DIRECTION ( 'NONE',  ( -0.000000000000000000, -1.000000000000000000, -0.000000000000000000 ) ) ;
#826 = ORIENTED_EDGE ( 'NONE', *, *, #1004, .T. ) ;
#827 = PLANE ( 'NONE',  #1721 ) ;
#828 = EDGE_CURVE ( 'NONE', #1402, #340, #1474, .T. ) ;
#829 = CARTESIAN_POINT ( 'NONE',  ( 1.062500000000001332, 0.000000000000000000, 1.749999999999999556 ) ) ;
#830 = FILL_AREA_STYLE_COLOUR ( '', #326 ) ;
#831 = EDGE_CURVE ( 'NONE', #269, #215, #1370, .T. ) ;
#832 =( NAMED_UNIT ( * ) PLANE_ANGLE_UNIT ( ) SI_UNIT ( $, .RADIAN. ) );
#833 = EDGE_LOOP ( 'NONE', ( #1456, #1216, #578, #1673 ) ) ;
#834 = STYLED_ITEM ( 'NONE', ( #877 ), #1719 ) ;
#835 = MECHANICAL_DESIGN_GEOMETRIC_PRESENTATION_REPRESENTATION (  '', ( #84 ), #806 ) ;
#836 =( NAMED_UNIT ( * ) PLANE_ANGLE_UNIT ( ) SI_UNIT ( $, .RADIAN. ) );
#837 = ORIENTED_EDGE ( 'NONE', *, *, #96, .F. ) ;
#838 = LINE ( 'NONE', #1253, #1008 ) ;
#839 = CARTESIAN_POINT ( 'NONE',  ( 2.125000000000000000, 0.01574803149606299191, -2.602374448188125843E-16 ) ) ;
#840 = CARTESIAN_POINT ( 'NONE',  ( 0.4125000000000009215, 0.01574803149606299191, 7.875000000000000888 ) ) ;
#841 = CARTESIAN_POINT ( 'NONE',  ( 0.3499999999999998113, 0.01574803149606299191, -1.164715581518545928 ) ) ;
#842 = DIRECTION ( 'NONE',  ( 0.000000000000000000, 0.000000000000000000, -1.000000000000000000 ) ) ;
#843 = ORIENTED_EDGE ( 'NONE', *, *, #1854, .F. ) ;
#844 = ORIENTED_EDGE ( 'NONE', *, *, #296, .T. ) ;
#845 = DIRECTION ( 'NONE',  ( 0.000000000000000000, 0.000000000000000000, -1.000000000000000000 ) ) ;
#846 = FILL_AREA_STYLE_COLOUR ( '', #1817 ) ;
#847 = LENGTH_MEASURE_WITH_UNIT ( LENGTH_MEASURE( 0.02539999999999999897 ), #1728 );
#848 = SURFACE_SIDE_STYLE ('',( #522 ) ) ;
#849 = ORIENTED_EDGE ( 'NONE', *, *, #852, .T. ) ;
#851 = ORIENTED_EDGE ( 'NONE', *, *, #910, .F. ) ;
#850 = VECTOR ( 'NONE', #1874, 39.37007874015748143 ) ;
#852 = EDGE_CURVE ( 'NONE', #1414, #1076, #282, .T. ) ;
#853 = AXIS2_PLACEMENT_3D ( 'NONE', #501, #1813, #338 ) ;
#854 = ORIENTED_EDGE ( 'NONE', *, *, #367, .F. ) ;
#855 = FACE_OUTER_BOUND ( 'NONE', #1620, .T. ) ;
#856 = CARTESIAN_POINT ( 'NONE',  ( 1.462500000000000133, 0.000000000000000000, 4.099999999999999645 ) ) ;
#857 = LENGTH_MEASURE_WITH_UNIT ( LENGTH_MEASURE( 0.02539999999999999897 ), #1738 );
#858 = DIRECTION ( 'NONE',  ( -2.731847993664263218E-16, -0.000000000000000000, -1.000000000000000000 ) ) ;
#859 = ORIENTED_EDGE ( 'NONE', *, *, #1783, .T. ) ;
#860 = AXIS2_PLACEMENT_3D ( 'NONE', #1608, #1308, #725 ) ;
#861 = EDGE_CURVE ( 'NONE', #998, #364, #1501, .T. ) ;
#862 = EDGE_CURVE ( 'NONE', #644, #973, #1634, .T. ) ;
#863 = AXIS2_PLACEMENT_3D ( 'NONE', #732, #590, #1195 ) ;
#864 = ORIENTED_EDGE ( 'NONE', *, *, #983, .T. ) ;
#865 = LINE ( 'NONE', #8, #735 ) ;
#866 =( LENGTH_UNIT ( ) NAMED_UNIT ( * ) SI_UNIT ( $, .METRE. ) );
#867 = PLANE ( 'NONE',  #1015 ) ;
#868 = DIRECTION ( 'NONE',  ( -0.000000000000000000, -1.000000000000000000, -0.000000000000000000 ) ) ;
#869 =( NAMED_UNIT ( * ) PLANE_ANGLE_UNIT ( ) SI_UNIT ( $, .RADIAN. ) );
#870 = VECTOR ( 'NONE', #1206, 39.37007874015748143 ) ;
#871 = AXIS2_PLACEMENT_3D ( 'NONE', #1582, #813, #1129 ) ;
#872 = ORIENTED_EDGE ( 'NONE', *, *, #296, .F. ) ;
#873 = EDGE_CURVE ( 'NONE', #156, #1660, #1494, .T. ) ;
#874 = DIRECTION ( 'NONE',  ( 0.000000000000000000, 0.000000000000000000, -1.000000000000000000 ) ) ;
#875 = EDGE_CURVE ( 'NONE', #1063, #115, #1780, .T. ) ;
#876 = CARTESIAN_POINT ( 'NONE',  ( 1.462500000000000133, 0.000000000000000000, 4.349999999999999645 ) ) ;
#877 = PRESENTATION_STYLE_ASSIGNMENT (( #22 ) ) ;
#878 = ORIENTED_EDGE ( 'NONE', *, *, #497, .T. ) ;
#879 = CARTESIAN_POINT ( 'NONE',  ( 1.775000000000000133, 0.000000000000000000, -1.164715581518546594 ) ) ;
#880 = AXIS2_PLACEMENT_3D ( 'NONE', #1598, #1314, #1626 ) ;
#881 =( NAMED_UNIT ( * ) SI_UNIT ( $, .STERADIAN. ) SOLID_ANGLE_UNIT ( ) );
#882 = DIRECTION ( 'NONE',  ( -2.859903368367275033E-16, 0.000000000000000000, 1.000000000000000000 ) ) ;
#883 = EDGE_CURVE ( 'NONE', #183, #204, #526, .T. ) ;
#884 = DIRECTION ( 'NONE',  ( 0.000000000000000000, 0.000000000000000000, -1.000000000000000000 ) ) ;
#885 = CARTESIAN_POINT ( 'NONE',  ( 1.237500000000000044, 0.01574803149606299191, 4.439344646909149244E-17 ) ) ;
#886 = AXIS2_PLACEMENT_3D ( 'NONE', #1503, #1811, #87 ) ;
#887 = ADVANCED_FACE ( 'NONE', ( #402 ), #1086, .T. ) ;
#888 = UNCERTAINTY_MEASURE_WITH_UNIT (LENGTH_MEASURE( 1.000000000000000082E-05 ), #675, 'distance_accuracy_value', 'NONE');
#889 = EDGE_LOOP ( 'NONE', ( #960, #710, #1545, #631 ) ) ;
#890 = CARTESIAN_POINT ( 'NONE',  ( 0.4124999999999989231, 0.000000000000000000, 4.350000000000000533 ) ) ;
#891 =( CONVERSION_BASED_UNIT ( 'INCH', #328 ) LENGTH_UNIT ( ) NAMED_UNIT ( #615 ) );
#892 = VECTOR ( 'NONE', #1429, 39.37007874015748143 ) ;
#893 = CARTESIAN_POINT ( 'NONE',  ( 1.062500000000001332, 0.000000000000000000, 1.749999999999999556 ) ) ;
#894 = VECTOR ( 'NONE', #882, 39.37007874015748143 ) ;
#895 = ORIENTED_EDGE ( 'NONE', *, *, #429, .F. ) ;
#896 = DIRECTION ( 'NONE',  ( -0.000000000000000000, -1.000000000000000000, -0.000000000000000000 ) ) ;
#897 = MECHANICAL_DESIGN_GEOMETRIC_PRESENTATION_REPRESENTATION (  '', ( #200 ), #991 ) ;
#898 = LINE ( 'NONE', #444, #1210 ) ;
#899 = LINE ( 'NONE', #764, #1150 ) ;
#900 = EDGE_CURVE ( 'NONE', #370, #403, #123, .T. ) ;
#901 = DIMENSIONAL_EXPONENTS ( 1.000000000000000000, 0.000000000000000000, 0.000000000000000000, 0.000000000000000000, 0.000000000000000000, 0.000000000000000000, 0.000000000000000000 ) ;
#902 = EDGE_CURVE ( 'NONE', #1529, #489, #1132, .T. ) ;
#903 = ORIENTED_EDGE ( 'NONE', *, *, #92, .F. ) ;
#904 = CARTESIAN_POINT ( 'NONE',  ( 0.06250000000000098532, 0.000000000000000000, 5.875000000000000000 ) ) ;
#905 = DIRECTION ( 'NONE',  ( 1.000000000000000000, 0.000000000000000000, 0.000000000000000000 ) ) ;
#906 = DIRECTION ( 'NONE',  ( -0.6621127514304391282, 0.000000000000000000, -0.7494042329699063254 ) ) ;
#907 = ORIENTED_EDGE ( 'NONE', *, *, #190, .T. ) ;
#908 = LENGTH_MEASURE_WITH_UNIT ( LENGTH_MEASURE( 0.02539999999999999897 ), #331 );
#909 = PLANE ( 'NONE',  #1135 ) ;
#910 = EDGE_CURVE ( 'NONE', #1200, #409, #516, .T. ) ;
#911 = ORIENTED_EDGE ( 'NONE', *, *, #831, .F. ) ;
#912 = DIMENSIONAL_EXPONENTS ( 1.000000000000000000, 0.000000000000000000, 0.000000000000000000, 0.000000000000000000, 0.000000000000000000, 0.000000000000000000, 0.000000000000000000 ) ;
#913 = DIRECTION ( 'NONE',  ( 0.000000000000000000, 0.000000000000000000, 1.000000000000000000 ) ) ;
#914 = ORIENTED_EDGE ( 'NONE', *, *, #1025, .T. ) ;
#915 = DIRECTION ( 'NONE',  ( -0.000000000000000000, -1.000000000000000000, -0.000000000000000000 ) ) ;
#916 = DIRECTION ( 'NONE',  ( 0.000000000000000000, 0.000000000000000000, 1.000000000000000000 ) ) ;
#917 = CARTESIAN_POINT ( 'NONE',  ( 1.062500000000001332, 0.000000000000000000, 1.749999999999999556 ) ) ;
#918 = VERTEX_POINT ( 'NONE', #538 ) ;
#919 = ORIENTED_EDGE ( 'NONE', *, *, #14, .F. ) ;
#920 = ORIENTED_EDGE ( 'NONE', *, *, #565, .F. ) ;
#921 = ADVANCED_FACE ( 'NONE', ( #1548 ), #363, .T. ) ;
#922 = CARTESIAN_POINT ( 'NONE',  ( 1.595394924501261080, 0.01574803149606299191, 5.500000000000000000 ) ) ;
#923 = MECHANICAL_DESIGN_GEOMETRIC_PRESENTATION_REPRESENTATION (  '', ( #1597 ), #350 ) ;
#924 = ORIENTED_EDGE ( 'NONE', *, *, #1233, .T. ) ;
#925 = DIRECTION ( 'NONE',  ( 0.000000000000000000, 1.000000000000000000, -0.000000000000000000 ) ) ;
#926 = VECTOR ( 'NONE', #592, 39.37007874015748143 ) ;
#927 = LINE ( 'NONE', #332, #1023 ) ;
#928 = MECHANICAL_DESIGN_GEOMETRIC_PRESENTATION_REPRESENTATION (  '', ( #1080 ), #1326 ) ;
#929 = DIRECTION ( 'NONE',  ( -1.000000000000000000, 0.000000000000000000, -0.000000000000000000 ) ) ;
#930 = ORIENTED_EDGE ( 'NONE', *, *, #401, .T. ) ;
#931 = DIRECTION ( 'NONE',  ( -0.000000000000000000, -1.000000000000000000, -0.000000000000000000 ) ) ;
#932 = CARTESIAN_POINT ( 'NONE',  ( 0.4125000000000005884, 0.01574803149606299191, 4.699999999999999289 ) ) ;
#933 = VERTEX_POINT ( 'NONE', #1403 ) ;
#934 = CARTESIAN_POINT ( 'NONE',  ( 2.022666030567772832, 0.000000000000000000, 5.500000000000000000 ) ) ;
#935 = EDGE_CURVE ( 'NONE', #1837, #297, #1385, .T. ) ;
#936 = DIRECTION ( 'NONE',  ( 0.000000000000000000, 1.000000000000000000, 0.000000000000000000 ) ) ;
#937 = CARTESIAN_POINT ( 'NONE',  ( 1.062500000000000000, 0.01574803149606299191, -0.4560746942661110248 ) ) ;
#938 = ADVANCED_FACE ( 'NONE', ( #669 ), #1363, .F. ) ;
#939 = ORIENTED_EDGE ( 'NONE', *, *, #1525, .T. ) ;
#940 = CARTESIAN_POINT ( 'NONE',  ( 0.3499999999999998113, 0.01574803149606299191, -1.164715581518545928 ) ) ;
#941 = AXIS2_PLACEMENT_3D ( 'NONE', #88, #1552, #246 ) ;
#942 = EDGE_LOOP ( 'NONE', ( #476, #498 ) ) ;
#943 = CARTESIAN_POINT ( 'NONE',  ( 2.420282218537320063, 0.000000000000000000, 1.249999999999999778 ) ) ;
#944 = CARTESIAN_POINT ( 'NONE',  ( 1.711201698915527425, 0.01574803149606299191, 7.344919660103016668 ) ) ;
#945 = CARTESIAN_POINT ( 'NONE',  ( 1.462500000000000133, 0.01574803149606299191, 4.099999999999999645 ) ) ;
#946 = UNCERTAINTY_MEASURE_WITH_UNIT (LENGTH_MEASURE( 1.000000000000000082E-05 ), #1228, 'distance_accuracy_value', 'NONE');
#947 = VECTOR ( 'NONE', #1068, 39.37007874015748143 ) ;
#948 = VERTEX_POINT ( 'NONE', #1669 ) ;
#949 = LINE ( 'NONE', #1681, #1795 ) ;
#950 =( CONVERSION_BASED_UNIT ( 'INCH', #504 ) LENGTH_UNIT ( ) NAMED_UNIT ( #56 ) );
#951 = ORIENTED_EDGE ( 'NONE', *, *, #1751, .F. ) ;
#952 = DIRECTION ( 'NONE',  ( 1.000000000000000000, -0.000000000000000000, -0.000000000000000000 ) ) ;
#953 = FACE_OUTER_BOUND ( 'NONE', #1549, .T. ) ;
#954 = ORIENTED_EDGE ( 'NONE', *, *, #108, .F. ) ;
#955 = PLANE ( 'NONE',  #1530 ) ;
#956 = VECTOR ( 'NONE', #1609, 39.37007874015748143 ) ;
#957 = VERTEX_POINT ( 'NONE', #664 ) ;
#958 = ADVANCED_FACE ( 'NONE', ( #208 ), #955, .F. ) ;
#959 = DIRECTION ( 'NONE',  ( -1.000000000000000000, -0.000000000000000000, -0.000000000000000000 ) ) ;
#960 = ORIENTED_EDGE ( 'NONE', *, *, #1284, .T. ) ;
#961 = DIRECTION ( 'NONE',  ( 1.858501568359733736E-16, 0.000000000000000000, -1.000000000000000000 ) ) ;
#962 = LINE ( 'NONE', #1276, #803 ) ;
#963 = VECTOR ( 'NONE', #458, 39.37007874015748143 ) ;
#964 = DIRECTION ( 'NONE',  ( 0.8191520442889889120, 0.000000000000000000, -0.5735764363510502672 ) ) ;
#965 = CARTESIAN_POINT ( 'NONE',  ( 0.3499999999999995892, 0.000000000000000000, -2.000000000000000000 ) ) ;
#966 = VECTOR ( 'NONE', #757, 39.37007874015748143 ) ;
#967 = COLOUR_RGB ( '',0.5019607843137254832, 0.5019607843137254832, 0.5019607843137254832 ) ;
#968 = DIRECTION ( 'NONE',  ( 1.000000000000000000, -0.000000000000000000, -0.000000000000000000 ) ) ;
#969 = ORIENTED_EDGE ( 'NONE', *, *, #562, .T. ) ;
#970 = EDGE_CURVE ( 'NONE', #1, #624, #482, .T. ) ;
#971 = DIRECTION ( 'NONE',  ( 0.000000000000000000, 0.000000000000000000, -1.000000000000000000 ) ) ;
#972 = ADVANCED_FACE ( 'NONE', ( #237 ), #812, .F. ) ;
#973 = VERTEX_POINT ( 'NONE', #629 ) ;
#974 = CARTESIAN_POINT ( 'NONE',  ( 2.420282218537320063, 0.01574803149606299191, 2.249999999999999556 ) ) ;
#975 = LINE ( 'NONE', #839, #892 ) ;
#976 = FACE_OUTER_BOUND ( 'NONE', #531, .T. ) ;
#977 = ORIENTED_EDGE ( 'NONE', *, *, #604, .F. ) ;
#978 = PRESENTATION_LAYER_ASSIGNMENT (  '', '', ( #1807 ) ) ;
#979 = AXIS2_PLACEMENT_3D ( 'NONE', #431, #1457, #142 ) ;
#980 = VERTEX_POINT ( 'NONE', #937 ) ;
#981 = DIRECTION ( 'NONE',  ( -1.000000000000000000, 0.000000000000000000, -2.561107494060244672E-16 ) ) ;
#982 = SURFACE_STYLE_USAGE ( .BOTH. , #1864 ) ;
#983 = EDGE_CURVE ( 'NONE', #1393, #1301, #98, .T. ) ;
#984 = PLANE ( 'NONE',  #369 ) ;
#985 = VERTEX_POINT ( 'NONE', #791 ) ;
#986 = DIRECTION ( 'NONE',  ( 0.000000000000000000, 1.000000000000000000, 0.000000000000000000 ) ) ;
#987 =( NAMED_UNIT ( * ) SI_UNIT ( $, .STERADIAN. ) SOLID_ANGLE_UNIT ( ) );
#988 = VERTEX_POINT ( 'NONE', #783 ) ;
#989 = AXIS2_PLACEMENT_3D ( 'NONE', #1725, #1884, #1000 ) ;
#990 = CIRCLE ( 'NONE', #1047, 1.124999999999999556 ) ;
#991 =( GEOMETRIC_REPRESENTATION_CONTEXT ( 3 ) GLOBAL_UNCERTAINTY_ASSIGNED_CONTEXT ( ( #888 ) ) GLOBAL_UNIT_ASSIGNED_CONTEXT ( ( #675, #1126, #1707 ) ) REPRESENTATION_CONTEXT ( 'NONE', 'WORKASPACE' ) );
#992 = ORIENTED_EDGE ( 'NONE', *, *, #1342, .F. ) ;
#993 = CARTESIAN_POINT ( 'NONE',  ( 0.4124999999999996447, 0.000000000000000000, 3.849999999999998757 ) ) ;
#994 = DIRECTION ( 'NONE',  ( 0.000000000000000000, 1.000000000000000000, -0.000000000000000000 ) ) ;
#995 = EDGE_CURVE ( 'NONE', #1890, #1506, #376, .T. ) ;
#996 = CARTESIAN_POINT ( 'NONE',  ( 1.711201698915527647, 0.000000000000000000, 5.875000000000000000 ) ) ;
#997 = ORIENTED_EDGE ( 'NONE', *, *, #1039, .F. ) ;
#998 = VERTEX_POINT ( 'NONE', #510 ) ;
#999 = CARTESIAN_POINT ( 'NONE',  ( 0.4124999999999996447, 0.01574803149606299191, 3.849999999999998757 ) ) ;
#1000 = DIRECTION ( 'NONE',  ( -1.000000000000000000, 0.000000000000000000, -0.000000000000000000 ) ) ;
#1001 = FILL_AREA_STYLE_COLOUR ( '', #443 ) ;
#1002 = PLANE ( 'NONE',  #880 ) ;
#1003 = ORIENTED_EDGE ( 'NONE', *, *, #1737, .T. ) ;
#1004 = EDGE_CURVE ( 'NONE', #1032, #1414, #1803, .T. ) ;
#1005 = AXIS2_PLACEMENT_3D ( 'NONE', #1113, #1241, #1516 ) ;
#1006 = ORIENTED_EDGE ( 'NONE', *, *, #1295, .T. ) ;
#1007 = PLANE ( 'NONE',  #1260 ) ;
#1008 = VECTOR ( 'NONE', #95, 39.37007874015748143 ) ;
#1009 = SURFACE_STYLE_USAGE ( .BOTH. , #1885 ) ;
#1010 = SURFACE_SIDE_STYLE ('',( #1782 ) ) ;
#1011 = DIRECTION ( 'NONE',  ( -0.000000000000000000, -1.000000000000000000, -0.000000000000000000 ) ) ;
#1012 = VERTEX_POINT ( 'NONE', #1400 ) ;
#1013 = VECTOR ( 'NONE', #1011, 39.37007874015748143 ) ;
#1014 = ADVANCED_FACE ( 'NONE', ( #1657 ), #1841, .F. ) ;
#1015 = AXIS2_PLACEMENT_3D ( 'NONE', #1461, #433, #581 ) ;
#1016 = ORIENTED_EDGE ( 'NONE', *, *, #772, .T. ) ;
#1017 = DIRECTION ( 'NONE',  ( 1.000000000000000000, 0.000000000000000000, -0.000000000000000000 ) ) ;
#1018 = DIRECTION ( 'NONE',  ( 0.000000000000000000, 0.000000000000000000, -1.000000000000000000 ) ) ;
#1019 = FACE_OUTER_BOUND ( 'NONE', #551, .T. ) ;
#1020 = SURFACE_STYLE_USAGE ( .BOTH. , #1010 ) ;
#1021 = CARTESIAN_POINT ( 'NONE',  ( 1.062500000000001332, 0.01574803149606299191, 0.6249999999999998890 ) ) ;
#1022 = FILL_AREA_STYLE ('',( #1465 ) ) ;
#1023 = VECTOR ( 'NONE', #500, 39.37007874015748143 ) ;
#1024 = VECTOR ( 'NONE', #1423, 39.37007874015748143 ) ;
#1025 = EDGE_CURVE ( 'NONE', #1631, #1076, #77, .T. ) ;
#1026 = ORIENTED_EDGE ( 'NONE', *, *, #3, .T. ) ;
#1027 = CARTESIAN_POINT ( 'NONE',  ( 1.462500000000000133, 0.000000000000000000, 3.849999999999999645 ) ) ;
#1028 = LINE ( 'NONE', #310, #894 ) ;
#1029 = CARTESIAN_POINT ( 'NONE',  ( 0.06250000000000098532, 0.000000000000000000, 7.875000000000000888 ) ) ;
#1030 = SURFACE_SIDE_STYLE ('',( #736 ) ) ;
#1031 = CIRCLE ( 'NONE', #219, 1.124999999999999556 ) ;
#1032 = VERTEX_POINT ( 'NONE', #218 ) ;
#1033 = DIRECTION ( 'NONE',  ( 0.000000000000000000, 0.000000000000000000, 1.000000000000000000 ) ) ;
#1034 = VECTOR ( 'NONE', #102, 39.37007874015748143 ) ;
#1035 = DIRECTION ( 'NONE',  ( 1.000000000000000000, -0.000000000000000000, -3.061616997868383634E-16 ) ) ;
#1036 = DIRECTION ( 'NONE',  ( -0.000000000000000000, -0.000000000000000000, 1.000000000000000000 ) ) ;
#1037 = ADVANCED_BREP_SHAPE_REPRESENTATION ( 'mcrn_insignia', ( #1719, #1742, #1722, #1083, #1105, #697 ), #821 ) ;
#1038 = FACE_OUTER_BOUND ( 'NONE', #122, .T. ) ;
#1039 = EDGE_CURVE ( 'NONE', #1603, #1518, #1683, .T. ) ;
#1040 = CARTESIAN_POINT ( 'NONE',  ( 0.8875000000000000666, 0.000000000000000000, 1.515500413944849381E-16 ) ) ;
#1041 = COLOUR_RGB ( '',0.5019607843137254832, 0.5019607843137254832, 0.5019607843137254832 ) ;
#1042 = EDGE_LOOP ( 'NONE', ( #78, #1204, #872, #126 ) ) ;
#1043 = FACE_OUTER_BOUND ( 'NONE', #475, .T. ) ;
#1044 = CARTESIAN_POINT ( 'NONE',  ( 0.4124999999999989231, 0.01574803149606299191, 4.350000000000000533 ) ) ;
#1045 = VECTOR ( 'NONE', #1406, 39.37007874015748143 ) ;
#1046 = DIRECTION ( 'NONE',  ( -1.000000000000000000, -0.000000000000000000, -0.000000000000000000 ) ) ;
#1047 = AXIS2_PLACEMENT_3D ( 'NONE', #10, #441, #1606 ) ;
#1048 = EDGE_LOOP ( 'NONE', ( #1599, #228, #1167, #1834 ) ) ;
#1049 = CARTESIAN_POINT ( 'NONE',  ( 2.062500000000000888, 0.01574803149606299191, 5.875000000000000000 ) ) ;
#1050 = FACE_OUTER_BOUND ( 'NONE', #1709, .T. ) ;
#1051 = ADVANCED_FACE ( 'NONE', ( #1824 ), #1505, .F. ) ;
#1052 = CARTESIAN_POINT ( 'NONE',  ( 2.070282218537319974, 0.01574803149606299191, 1.249999999999999778 ) ) ;
#1053 = CLOSED_SHELL ( 'NONE', ( #1869, #377, #628, #1510, #1089, #1697, #678, #1627, #474, #456 ) ) ;
#1054 = ORIENTED_EDGE ( 'NONE', *, *, #535, .F. ) ;
#1055 = DIRECTION ( 'NONE',  ( -1.000000000000000000, 0.000000000000000000, -6.210708767104436077E-16 ) ) ;
#1056 = ORIENTED_EDGE ( 'NONE', *, *, #1751, .T. ) ;
#1057 = DIRECTION ( 'NONE',  ( -8.660002365399138054E-16, 0.000000000000000000, -1.000000000000000000 ) ) ;
#1058 = DIMENSIONAL_EXPONENTS ( 1.000000000000000000, 0.000000000000000000, 0.000000000000000000, 0.000000000000000000, 0.000000000000000000, 0.000000000000000000, 0.000000000000000000 ) ;
#1059 = CARTESIAN_POINT ( 'NONE',  ( 0.000000000000000000, 0.01574803149606299191, -2.000000000000000000 ) ) ;
#1060 = ORIENTED_EDGE ( 'NONE', *, *, #121, .T. ) ;
#1061 = EDGE_CURVE ( 'NONE', #1890, #1635, #1373, .T. ) ;
#1062 = ORIENTED_EDGE ( 'NONE', *, *, #662, .T. ) ;
#1063 = VERTEX_POINT ( 'NONE', #67 ) ;
#1064 = CARTESIAN_POINT ( 'NONE',  ( 0.06250000000000098532, 0.01574803149606299191, 7.875000000000000888 ) ) ;
#1065 = ORIENTED_EDGE ( 'NONE', *, *, #1117, .T. ) ;
#1066 = CARTESIAN_POINT ( 'NONE',  ( 2.062500000000000888, 0.01574803149606299191, 5.875000000000000000 ) ) ;
#1067 = LENGTH_MEASURE_WITH_UNIT ( LENGTH_MEASURE( 0.02539999999999999897 ), #1352 );
#1068 = DIRECTION ( 'NONE',  ( -0.000000000000000000, -1.000000000000000000, -0.000000000000000000 ) ) ;
#1069 = VECTOR ( 'NONE', #1828, 39.37007874015748143 ) ;
#1070 = ORIENTED_EDGE ( 'NONE', *, *, #1233, .F. ) ;
#1071 = ORIENTED_EDGE ( 'NONE', *, *, #81, .T. ) ;
#1072 = EDGE_CURVE ( 'NONE', #702, #1810, #1081, .T. ) ;
#1073 = CARTESIAN_POINT ( 'NONE',  ( 0.4125000000000009215, 0.000000000000000000, 5.875000000000000000 ) ) ;
#1074 = CARTESIAN_POINT ( 'NONE',  ( 1.462500000000000133, 0.01574803149606299191, 4.349999999999999645 ) ) ;
#1075 = EDGE_CURVE ( 'NONE', #297, #1508, #1630, .T. ) ;
#1076 = VERTEX_POINT ( 'NONE', #802 ) ;
#1077 = LINE ( 'NONE', #1674, #75 ) ;
#1078 = STYLED_ITEM ( 'NONE', ( #1498 ), #1722 ) ;
#1079 = CARTESIAN_POINT ( 'NONE',  ( 1.062500000000001332, 0.01574803149606299191, 1.749999999999999556 ) ) ;
#1080 = STYLED_ITEM ( 'NONE', ( #723 ), #1142 ) ;
#1081 = LINE ( 'NONE', #1091, #353 ) ;
#1082 = UNCERTAINTY_MEASURE_WITH_UNIT (LENGTH_MEASURE( 1.000000000000000082E-05 ), #162, 'distance_accuracy_value', 'NONE');
#1083 = MANIFOLD_SOLID_BREP ( 'Boss-Extrude1[4]', #717 ) ;
#1084 = ORIENTED_EDGE ( 'NONE', *, *, #105, .F. ) ;
#1085 = FACE_OUTER_BOUND ( 'NONE', #1420, .T. ) ;
#1086 = CYLINDRICAL_SURFACE ( 'NONE', #12, 0.8124999999999997780 ) ;
#1087 = ORIENTED_EDGE ( 'NONE', *, *, #267, .F. ) ;
#1088 = CARTESIAN_POINT ( 'NONE',  ( 0.000000000000000000, 0.000000000000000000, 0.000000000000000000 ) ) ;
#1089 = ADVANCED_FACE ( 'NONE', ( #1581 ), #1249, .F. ) ;
#1090 = FACE_OUTER_BOUND ( 'NONE', #1042, .T. ) ;
#1091 = CARTESIAN_POINT ( 'NONE',  ( 1.774999999999999689, 0.000000000000000000, -2.000000000000000444 ) ) ;
#1092 = ORIENTED_EDGE ( 'NONE', *, *, #1689, .F. ) ;
#1093 = DIRECTION ( 'NONE',  ( 0.000000000000000000, 0.000000000000000000, 1.000000000000000000 ) ) ;
#1094 = CARTESIAN_POINT ( 'NONE',  ( 1.711201698915527647, 0.01574803149606299191, 5.875000000000000000 ) ) ;
#1095 = STYLED_ITEM ( 'NONE', ( #1478 ), #651 ) ;
#1096 = ORIENTED_EDGE ( 'NONE', *, *, #662, .F. ) ;
#1097 = DIRECTION ( 'NONE',  ( -0.000000000000000000, -1.000000000000000000, -0.000000000000000000 ) ) ;
#1098 = DIRECTION ( 'NONE',  ( -0.000000000000000000, -0.000000000000000000, -1.000000000000000000 ) ) ;
#1099 = EDGE_CURVE ( 'NONE', #69, #818, #1574, .T. ) ;
#1100 = ORIENTED_EDGE ( 'NONE', *, *, #687, .T. ) ;
#1101 = DIRECTION ( 'NONE',  ( 0.000000000000000000, 0.000000000000000000, 1.000000000000000000 ) ) ;
#1102 = UNCERTAINTY_MEASURE_WITH_UNIT (LENGTH_MEASURE( 1.000000000000000082E-05 ), #891, 'distance_accuracy_value', 'NONE');
#1103 = VECTOR ( 'NONE', #191, 39.37007874015748143 ) ;
#1104 = LINE ( 'NONE', #1432, #380 ) ;
#1105 = MANIFOLD_SOLID_BREP ( 'Boss-Extrude1[5]', #473 ) ;
#1106 = ORIENTED_EDGE ( 'NONE', *, *, #1794, .F. ) ;
#1107 = CARTESIAN_POINT ( 'NONE',  ( 1.062500000000001332, 0.000000000000000000, 1.749999999999999556 ) ) ;
#1108 = CARTESIAN_POINT ( 'NONE',  ( 0.8875000000000000666, 0.01574803149606299191, 1.515500413944849381E-16 ) ) ;
#1109 = ORIENTED_EDGE ( 'NONE', *, *, #873, .F. ) ;
#1110 = DIRECTION ( 'NONE',  ( 1.000000000000000000, -0.000000000000000000, -0.000000000000000000 ) ) ;
#1111 = VECTOR ( 'NONE', #557, 39.37007874015748143 ) ;
#1112 = CARTESIAN_POINT ( 'NONE',  ( 0.4125000000000009215, 0.000000000000000000, 6.403610873667444636 ) ) ;
#1113 = CARTESIAN_POINT ( 'NONE',  ( 1.062500000000001332, 0.01574803149606299191, 1.749999999999999556 ) ) ;
#1114 = EDGE_CURVE ( 'NONE', #1573, #1012, #1450, .T. ) ;
#1115 = FACE_OUTER_BOUND ( 'NONE', #505, .T. ) ;
#1116 = VERTEX_POINT ( 'NONE', #247 ) ;
#1117 = EDGE_CURVE ( 'NONE', #586, #688, #138, .T. ) ;
#1118 = LINE ( 'NONE', #1528, #536 ) ;
#1119 = LENGTH_MEASURE_WITH_UNIT ( LENGTH_MEASURE( 0.02539999999999999897 ), #241 );
#1120 = ORIENTED_EDGE ( 'NONE', *, *, #287, .F. ) ;
#1121 = LINE ( 'NONE', #394, #486 ) ;
#1122 = PRESENTATION_STYLE_ASSIGNMENT (( #982 ) ) ;
#1123 = VECTOR ( 'NONE', #566, 39.37007874015748143 ) ;
#1124 = LINE ( 'NONE', #655, #454 ) ;
#1125 = ORIENTED_EDGE ( 'NONE', *, *, #724, .F. ) ;
#1126 =( NAMED_UNIT ( * ) PLANE_ANGLE_UNIT ( ) SI_UNIT ( $, .RADIAN. ) );
#1127 = UNCERTAINTY_MEASURE_WITH_UNIT (LENGTH_MEASURE( 1.000000000000000082E-05 ), #273, 'distance_accuracy_value', 'NONE');
#1128 = PRESENTATION_LAYER_ASSIGNMENT (  '', '', ( #1862 ) ) ;
#1129 = DIRECTION ( 'NONE',  ( 0.000000000000000000, -0.000000000000000000, 1.000000000000000000 ) ) ;
#1130 = ORIENTED_EDGE ( 'NONE', *, *, #1347, .F. ) ;
#1131 = EDGE_CURVE ( 'NONE', #340, #1189, #1889, .T. ) ;
#1132 = LINE ( 'NONE', #1108, #1345 ) ;
#1133 = EDGE_LOOP ( 'NONE', ( #1194, #1806, #1213, #804 ) ) ;
#1134 = CARTESIAN_POINT ( 'NONE',  ( 1.035228893933486827, 0.000000000000000000, 4.699999999999999289 ) ) ;
#1135 = AXIS2_PLACEMENT_3D ( 'NONE', #1079, #936, #1524 ) ;
#1136 = CARTESIAN_POINT ( 'NONE',  ( 1.062500000000001332, 0.01574803149606299191, 1.749999999999999556 ) ) ;
#1137 = EDGE_LOOP ( 'NONE', ( #1720, #1096, #173, #73 ) ) ;
#1138 = SURFACE_STYLE_USAGE ( .BOTH. , #407 ) ;
#1139 = LINE ( 'NONE', #120, #1520 ) ;
#1140 = ORIENTED_EDGE ( 'NONE', *, *, #1481, .T. ) ;
#1141 = VECTOR ( 'NONE', #329, 39.37007874015748143 ) ;
#1142 = ADVANCED_FACE ( 'NONE', ( #1290 ), #1877, .T. ) ;
#1143 = VECTOR ( 'NONE', #1693, 39.37007874015748143 ) ;
#1144 = ORIENTED_EDGE ( 'NONE', *, *, #935, .T. ) ;
#1145 = LINE ( 'NONE', #116, #1320 ) ;
#1146 = PLANE ( 'NONE',  #989 ) ;
#1147 = CARTESIAN_POINT ( 'NONE',  ( 1.035228893933486827, 0.01574803149606299191, 4.699999999999999289 ) ) ;
#1148 = LINE ( 'NONE', #1867, #302 ) ;
#1149 = ORIENTED_EDGE ( 'NONE', *, *, #1843, .F. ) ;
#1150 = VECTOR ( 'NONE', #1198, 39.37007874015748143 ) ;
#1151 = VECTOR ( 'NONE', #622, 39.37007874015748143 ) ;
#1152 = VECTOR ( 'NONE', #491, 39.37007874015748854 ) ;
#1153 = ORIENTED_EDGE ( 'NONE', *, *, #179, .F. ) ;
#1154 = DIRECTION ( 'NONE',  ( -0.000000000000000000, -1.000000000000000000, -0.000000000000000000 ) ) ;
#1155 = ADVANCED_FACE ( 'NONE', ( #1182 ), #1765, .F. ) ;
#1156 = CARTESIAN_POINT ( 'NONE',  ( 0.3499999999999999778, 0.000000000000000000, 2.173748068486552183E-16 ) ) ;
#1157 = CARTESIAN_POINT ( 'NONE',  ( 1.062500000000001332, 0.01574803149606299191, 0.3030817048028856542 ) ) ;
#1158 = DIRECTION ( 'NONE',  ( -0.000000000000000000, -1.000000000000000000, -0.000000000000000000 ) ) ;
#1159 = CARTESIAN_POINT ( 'NONE',  ( 0.3499999999999999778, 0.01574803149606299191, 2.173748068486552183E-16 ) ) ;
#1160 = ORIENTED_EDGE ( 'NONE', *, *, #171, .T. ) ;
#1161 = VERTEX_POINT ( 'NONE', #1614 ) ;
#1162 = CARTESIAN_POINT ( 'NONE',  ( 1.062500000000001332, 0.01574803149606299191, 1.749999999999999556 ) ) ;
#1163 = PLANE ( 'NONE',  #1576 ) ;
#1164 = LINE ( 'NONE', #733, #1451 ) ;
#1165 = EDGE_CURVE ( 'NONE', #1508, #1116, #463, .T. ) ;
#1166 = ORIENTED_EDGE ( 'NONE', *, *, #355, .F. ) ;
#1167 = ORIENTED_EDGE ( 'NONE', *, *, #465, .F. ) ;
#1168 = FACE_OUTER_BOUND ( 'NONE', #384, .T. ) ;
#1169 = CARTESIAN_POINT ( 'NONE',  ( 0.4125000000000009215, 0.01574803149606299191, 6.403610873667444636 ) ) ;
#1170 = VECTOR ( 'NONE', #1227, 39.37007874015748143 ) ;
#1171 = DIRECTION ( 'NONE',  ( 1.000000000000000000, -0.000000000000000000, -8.660002365399138054E-16 ) ) ;
#1172 =( NAMED_UNIT ( * ) SI_UNIT ( $, .STERADIAN. ) SOLID_ANGLE_UNIT ( ) );
#1173 = DIRECTION ( 'NONE',  ( 0.5735764363510502672, 0.000000000000000000, 0.8191520442889890230 ) ) ;
#1174 = EDGE_CURVE ( 'NONE', #1518, #1235, #1350, .T. ) ;
#1175 = ADVANCED_FACE ( 'NONE', ( #184 ), #1163, .F. ) ;
#1176 = PRESENTATION_LAYER_ASSIGNMENT (  '', '', ( #1078 ) ) ;
#1177 = COLOUR_RGB ( '',0.9098039215686274384, 0.4431372549019607643, 0.03137254901960784270 ) ;
#1178 = ORIENTED_EDGE ( 'NONE', *, *, #1647, .F. ) ;
#1179 =( NAMED_UNIT ( * ) SI_UNIT ( $, .STERADIAN. ) SOLID_ANGLE_UNIT ( ) );
#1180 = LINE ( 'NONE', #1763, #680 ) ;
#1181 = DIRECTION ( 'NONE',  ( 0.000000000000000000, -0.000000000000000000, 1.000000000000000000 ) ) ;
#1182 = FACE_OUTER_BOUND ( 'NONE', #527, .T. ) ;
#1183 = FACE_OUTER_BOUND ( 'NONE', #399, .T. ) ;
#1184 = ORIENTED_EDGE ( 'NONE', *, *, #1434, .F. ) ;
#1185 = DIRECTION ( 'NONE',  ( 0.000000000000000000, 0.000000000000000000, 1.000000000000000000 ) ) ;
#1186 = DIRECTION ( 'NONE',  ( -0.000000000000000000, -1.000000000000000000, -0.000000000000000000 ) ) ;
#1187 = LINE ( 'NONE', #4, #1277 ) ;
#1188 = AXIS2_PLACEMENT_3D ( 'NONE', #106, #1532, #226 ) ;
#1189 = VERTEX_POINT ( 'NONE', #1625 ) ;
#1190 = CARTESIAN_POINT ( 'NONE',  ( 1.062500000000001332, 0.01574803149606299191, 0.9374999999999998890 ) ) ;
#1191 = COLOUR_RGB ( '',0.9098039215686274384, 0.4431372549019607643, 0.03137254901960784270 ) ;
#1192 = EDGE_CURVE ( 'NONE', #32, #370, #416, .T. ) ;
#1193 = DIRECTION ( 'NONE',  ( 0.7494042329699063254, 0.000000000000000000, -0.6621127514304391282 ) ) ;
#1194 = ORIENTED_EDGE ( 'NONE', *, *, #708, .T. ) ;
#1195 = DIRECTION ( 'NONE',  ( 0.000000000000000000, 0.000000000000000000, -1.000000000000000000 ) ) ;
#1196 = DIMENSIONAL_EXPONENTS ( 1.000000000000000000, 0.000000000000000000, 0.000000000000000000, 0.000000000000000000, 0.000000000000000000, 0.000000000000000000, 0.000000000000000000 ) ;
#1197 = CARTESIAN_POINT ( 'NONE',  ( 2.124999999999999556, 0.01574803149606299191, -2.000000000000000444 ) ) ;
#1198 = DIRECTION ( 'NONE',  ( -0.000000000000000000, -1.000000000000000000, -0.000000000000000000 ) ) ;
#1199 = UNCERTAINTY_MEASURE_WITH_UNIT (LENGTH_MEASURE( 1.000000000000000082E-05 ), #950, 'distance_accuracy_value', 'NONE');
#1200 = VERTEX_POINT ( 'NONE', #1049 ) ;
#1201 = DIRECTION ( 'NONE',  ( -5.203519987931925010E-16, 0.000000000000000000, -1.000000000000000000 ) ) ;
#1202 = AXIS2_PLACEMENT_3D ( 'NONE', #455, #1744, #1033 ) ;
#1203 = CARTESIAN_POINT ( 'NONE',  ( 0.3499999999999995892, 0.01574803149606299191, -2.000000000000000000 ) ) ;
#1204 = ORIENTED_EDGE ( 'NONE', *, *, #562, .F. ) ;
#1205 = FACE_OUTER_BOUND ( 'NONE', #1879, .T. ) ;
#1206 = DIRECTION ( 'NONE',  ( 1.000000000000000000, 0.000000000000000000, 0.000000000000000000 ) ) ;
#1207 = CARTESIAN_POINT ( 'NONE',  ( 1.595394924501261080, 0.01574803149606299191, 5.500000000000000000 ) ) ;
#1208 = DIMENSIONAL_EXPONENTS ( 1.000000000000000000, 0.000000000000000000, 0.000000000000000000, 0.000000000000000000, 0.000000000000000000, 0.000000000000000000, 0.000000000000000000 ) ;
#1209 = ORIENTED_EDGE ( 'NONE', *, *, #1455, .F. ) ;
#1210 = VECTOR ( 'NONE', #598, 39.37007874015748143 ) ;
#1211 = ORIENTED_EDGE ( 'NONE', *, *, #795, .F. ) ;
#1212 = AXIS2_PLACEMENT_3D ( 'NONE', #1519, #1845, #1251 ) ;
#1213 = ORIENTED_EDGE ( 'NONE', *, *, #324, .F. ) ;
#1214 = VECTOR ( 'NONE', #250, 39.37007874015748854 ) ;
#1215 = CARTESIAN_POINT ( 'NONE',  ( 1.462499999999999023, 0.01574803149606299191, 4.699999999999999289 ) ) ;
#1216 = ORIENTED_EDGE ( 'NONE', *, *, #700, .F. ) ;
#1217 = CARTESIAN_POINT ( 'NONE',  ( 2.070282218537319974, 0.01574803149606299191, 2.249999999999999556 ) ) ;
#1218 = PLANE ( 'NONE',  #149 ) ;
#1219 = EDGE_CURVE ( 'NONE', #948, #586, #11, .T. ) ;
#1220 = ORIENTED_EDGE ( 'NONE', *, *, #256, .F. ) ;
#1221 = EDGE_CURVE ( 'NONE', #1375, #1866, #752, .T. ) ;
#1222 = ORIENTED_EDGE ( 'NONE', *, *, #1324, .F. ) ;
#1223 = SURFACE_SIDE_STYLE ('',( #652 ) ) ;
#1224 = LINE ( 'NONE', #1215, #1103 ) ;
#1225 = ORIENTED_EDGE ( 'NONE', *, *, #1760, .F. ) ;
#1226 = MECHANICAL_DESIGN_GEOMETRIC_PRESENTATION_REPRESENTATION (  '', ( #160 ), #638 ) ;
#1227 = DIRECTION ( 'NONE',  ( -0.000000000000000000, -0.000000000000000000, 1.000000000000000000 ) ) ;
#1228 =( CONVERSION_BASED_UNIT ( 'INCH', #1067 ) LENGTH_UNIT ( ) NAMED_UNIT ( #1208 ) );
#1229 = DIRECTION ( 'NONE',  ( 0.000000000000000000, -0.000000000000000000, 1.000000000000000000 ) ) ;
#1230 = VECTOR ( 'NONE', #739, 39.37007874015748143 ) ;
#1231 = ORIENTED_EDGE ( 'NONE', *, *, #229, .T. ) ;
#1232 = LINE ( 'NONE', #371, #153 ) ;
#1233 = EDGE_CURVE ( 'NONE', #370, #1507, #1600, .T. ) ;
#1234 = LINE ( 'NONE', #1203, #1303 ) ;
#1235 = VERTEX_POINT ( 'NONE', #1772 ) ;
#1236 = DIRECTION ( 'NONE',  ( -1.000000000000000000, 0.000000000000000000, 8.660002365399138054E-16 ) ) ;
#1237 = MECHANICAL_DESIGN_GEOMETRIC_PRESENTATION_REPRESENTATION (  '', ( #834 ), #145 ) ;
#1238 = VECTOR ( 'NONE', #470, 39.37007874015748143 ) ;
#1239 = CARTESIAN_POINT ( 'NONE',  ( 1.595394924501261080, 0.000000000000000000, 5.500000000000000000 ) ) ;
#1240 = VECTOR ( 'NONE', #36, 39.37007874015748143 ) ;
#1241 = DIRECTION ( 'NONE',  ( 0.000000000000000000, 1.000000000000000000, 0.000000000000000000 ) ) ;
#1242 = EDGE_LOOP ( 'NONE', ( #1383, #1220, #1065, #1386 ) ) ;
#1243 = LINE ( 'NONE', #503, #718 ) ;
#1244 = ADVANCED_FACE ( 'NONE', ( #1488 ), #867, .T. ) ;
#1245 = DIRECTION ( 'NONE',  ( 0.000000000000000000, -1.000000000000000000, 0.000000000000000000 ) ) ;
#1246 = ORIENTED_EDGE ( 'NONE', *, *, #1710, .T. ) ;
#1247 = DIRECTION ( 'NONE',  ( 0.000000000000000000, 0.000000000000000000, -1.000000000000000000 ) ) ;
#1248 = CYLINDRICAL_SURFACE ( 'NONE', #68, 0.2499999999999998057 ) ;
#1249 = CYLINDRICAL_SURFACE ( 'NONE', #1483, 1.124999999999999778 ) ;
#1250 = ORIENTED_EDGE ( 'NONE', *, *, #1561, .T. ) ;
#1251 = DIRECTION ( 'NONE',  ( 0.000000000000000000, 0.000000000000000000, 1.000000000000000000 ) ) ;
#1252 = ORIENTED_EDGE ( 'NONE', *, *, #734, .F. ) ;
#1253 = CARTESIAN_POINT ( 'NONE',  ( 2.125000000000000000, 0.01574803149606299191, -2.602374448188125843E-16 ) ) ;
#1254 = ADVANCED_FACE ( 'NONE', ( #1038, #177 ), #1339, .T. ) ;
#1255 = LINE ( 'NONE', #1562, #850 ) ;
#1256 = DIRECTION ( 'NONE',  ( 1.000000000000000000, -0.000000000000000000, 0.000000000000000000 ) ) ;
#1257 = EDGE_CURVE ( 'NONE', #335, #1338, #225, .T. ) ;
#1258 = CARTESIAN_POINT ( 'NONE',  ( 0.000000000000000000, 0.000000000000000000, 0.000000000000000000 ) ) ;
#1259 = ORIENTED_EDGE ( 'NONE', *, *, #1785, .T. ) ;
#1260 = AXIS2_PLACEMENT_3D ( 'NONE', #602, #1476, #33 ) ;
#1261 = CARTESIAN_POINT ( 'NONE',  ( 0.3499999999999998113, 0.01574803149606299191, -1.164715581518545928 ) ) ;
#1262 =( NAMED_UNIT ( * ) SI_UNIT ( $, .STERADIAN. ) SOLID_ANGLE_UNIT ( ) );
#1263 = ORIENTED_EDGE ( 'NONE', *, *, #1712, .T. ) ;
#1264 = DIRECTION ( 'NONE',  ( 0.000000000000000000, -0.000000000000000000, 1.000000000000000000 ) ) ;
#1265 = LINE ( 'NONE', #820, #1045 ) ;
#1266 = VECTOR ( 'NONE', #858, 39.37007874015748143 ) ;
#1267 = DIRECTION ( 'NONE',  ( -0.5735764363510502672, 0.000000000000000000, -0.8191520442889890230 ) ) ;
#1268 = VECTOR ( 'NONE', #26, 39.37007874015748143 ) ;
#1269 = LINE ( 'NONE', #1401, #1024 ) ;
#1270 = EDGE_CURVE ( 'NONE', #688, #1375, #641, .T. ) ;
#1271 = APPLICATION_CONTEXT ( 'automotive_design' ) ;
#1272 = ORIENTED_EDGE ( 'NONE', *, *, #1770, .F. ) ;
#1273 = SURFACE_SIDE_STYLE ('',( #681 ) ) ;
#1274 = ORIENTED_EDGE ( 'NONE', *, *, #79, .T. ) ;
#1275 = CARTESIAN_POINT ( 'NONE',  ( 1.062500000000001332, 0.01574803149606299191, 1.749999999999999556 ) ) ;
#1276 = CARTESIAN_POINT ( 'NONE',  ( 0.000000000000000000, 0.000000000000000000, 0.000000000000000000 ) ) ;
#1277 = VECTOR ( 'NONE', #582, 39.37007874015748143 ) ;
#1278 = CARTESIAN_POINT ( 'NONE',  ( 1.462500000000000133, 0.01574803149606299191, 4.099999999999999645 ) ) ;
#1279 = ORIENTED_EDGE ( 'NONE', *, *, #1061, .F. ) ;
#1280 = VECTOR ( 'NONE', #99, 39.37007874015748143 ) ;
#1281 = CARTESIAN_POINT ( 'NONE',  ( 1.035228893933486827, 0.01574803149606299191, 4.699999999999999289 ) ) ;
#1282 = ORIENTED_EDGE ( 'NONE', *, *, #1459, .T. ) ;
#1283 = EDGE_CURVE ( 'NONE', #479, #1583, #472, .T. ) ;
#1284 = EDGE_CURVE ( 'NONE', #1338, #818, #1398, .T. ) ;
#1285 =( NAMED_UNIT ( * ) SI_UNIT ( $, .STERADIAN. ) SOLID_ANGLE_UNIT ( ) );
#1286 = ORIENTED_EDGE ( 'NONE', *, *, #240, .F. ) ;
#1287 = CARTESIAN_POINT ( 'NONE',  ( 0.06250000000000045797, 0.01574803149606299191, 5.500000000000000000 ) ) ;
#1288 = CARTESIAN_POINT ( 'NONE',  ( 2.070282218537319974, 0.000000000000000000, 1.249999999999999778 ) ) ;
#1289 = LINE ( 'NONE', #1408, #787 ) ;
#1290 = FACE_OUTER_BOUND ( 'NONE', #632, .T. ) ;
#1291 = LINE ( 'NONE', #1878, #1111 ) ;
#1292 = EDGE_LOOP ( 'NONE', ( #699, #148, #1789, #1522 ) ) ;
#1293 = VECTOR ( 'NONE', #334, 39.37007874015748143 ) ;
#1294 = EDGE_CURVE ( 'NONE', #1631, #1032, #1412, .T. ) ;
#1295 = EDGE_CURVE ( 'NONE', #1506, #156, #1077, .T. ) ;
#1296 = EDGE_LOOP ( 'NONE', ( #809, #826, #849, #1554 ) ) ;
#1297 = PLANE ( 'NONE',  #188 ) ;
#1298 = FACE_OUTER_BOUND ( 'NONE', #770, .T. ) ;
#1299 = DIRECTION ( 'NONE',  ( 0.000000000000000000, 1.000000000000000000, 0.000000000000000000 ) ) ;
#1300 = CARTESIAN_POINT ( 'NONE',  ( 1.062500000000001332, 0.000000000000000000, 0.3030817048028856542 ) ) ;
#1301 = VERTEX_POINT ( 'NONE', #1801 ) ;
#1302 = VECTOR ( 'NONE', #39, 39.37007874015748143 ) ;
#1303 = VECTOR ( 'NONE', #1642, 39.37007874015748854 ) ;
#1304 = ORIENTED_EDGE ( 'NONE', *, *, #1283, .T. ) ;
#1305 = DIRECTION ( 'NONE',  ( 1.000000000000000000, 0.000000000000000000, -5.203519987931925010E-16 ) ) ;
#1306 =( CONVERSION_BASED_UNIT ( 'INCH', #1416 ) LENGTH_UNIT ( ) NAMED_UNIT ( #309 ) );
#1307 = FILL_AREA_STYLE ('',( #1001 ) ) ;
#1308 = DIRECTION ( 'NONE',  ( 1.000000000000000000, -0.000000000000000000, 2.859903368367275033E-16 ) ) ;
#1309 = ORIENTED_EDGE ( 'NONE', *, *, #1221, .F. ) ;
#1310 = ORIENTED_EDGE ( 'NONE', *, *, #1419, .T. ) ;
#1311 = SURFACE_SIDE_STYLE ('',( #290 ) ) ;
#1312 = CARTESIAN_POINT ( 'NONE',  ( 1.462500000000000133, 0.01574803149606299191, 4.349999999999999645 ) ) ;
#1313 = EDGE_CURVE ( 'NONE', #1161, #1200, #74, .T. ) ;
#1314 = DIRECTION ( 'NONE',  ( -0.9079774884457775252, 0.000000000000000000, -0.4190189500198028272 ) ) ;
#1315 = LINE ( 'NONE', #755, #1302 ) ;
#1316 = PRESENTATION_LAYER_ASSIGNMENT (  '', '', ( #160 ) ) ;
#1317 = ORIENTED_EDGE ( 'NONE', *, *, #1072, .F. ) ;
#1318 = CARTESIAN_POINT ( 'NONE',  ( 1.062500000000001332, 0.000000000000000000, 2.874999999999999112 ) ) ;
#1319 = CARTESIAN_POINT ( 'NONE',  ( 1.774999999999999689, 0.01574803149606299191, -2.000000000000000444 ) ) ;
#1320 = VECTOR ( 'NONE', #104, 39.37007874015748143 ) ;
#1321 = CARTESIAN_POINT ( 'NONE',  ( 2.125000000000000000, 0.000000000000000000, -2.602374448188125843E-16 ) ) ;
#1322 = DIRECTION ( 'NONE',  ( -1.000000000000000000, 0.000000000000000000, 1.172753261402454697E-16 ) ) ;
#1323 = DIRECTION ( 'NONE',  ( 0.000000000000000000, 0.000000000000000000, -1.000000000000000000 ) ) ;
#1324 = EDGE_CURVE ( 'NONE', #1435, #130, #506, .T. ) ;
#1325 = AXIS2_PLACEMENT_3D ( 'NONE', #1052, #1323, #745 ) ;
#1326 =( GEOMETRIC_REPRESENTATION_CONTEXT ( 3 ) GLOBAL_UNCERTAINTY_ASSIGNED_CONTEXT ( ( #339 ) ) GLOBAL_UNIT_ASSIGNED_CONTEXT ( ( #1470, #303, #1172 ) ) REPRESENTATION_CONTEXT ( 'NONE', 'WORKASPACE' ) );
#1327 = ORIENTED_EDGE ( 'NONE', *, *, #983, .F. ) ;
#1328 = LINE ( 'NONE', #890, #1504 ) ;
#1329 = CARTESIAN_POINT ( 'NONE',  ( 0.000000000000000000, 0.000000000000000000, -2.000000000000000000 ) ) ;
#1330 = LINE ( 'NONE', #432, #170 ) ;
#1331 = CARTESIAN_POINT ( 'NONE',  ( 1.062500000000001332, 0.01574803149606299191, 1.749999999999999556 ) ) ;
#1332 = DIRECTION ( 'NONE',  ( 0.000000000000000000, 1.000000000000000000, 0.000000000000000000 ) ) ;
#1333 = ADVANCED_FACE ( 'NONE', ( #1205 ), #1360, .T. ) ;
#1334 = ORIENTED_EDGE ( 'NONE', *, *, #301, .T. ) ;
#1335 = PLANE ( 'NONE',  #979 ) ;
#1336 = CARTESIAN_POINT ( 'NONE',  ( 1.774999999999999689, 0.000000000000000000, -2.000000000000000444 ) ) ;
#1337 = DIRECTION ( 'NONE',  ( 1.000000000000000000, -0.000000000000000000, -0.000000000000000000 ) ) ;
#1338 = VERTEX_POINT ( 'NONE', #1684 ) ;
#1339 = PLANE ( 'NONE',  #743 ) ;
#1340 = DIRECTION ( 'NONE',  ( -1.000000000000000000, 0.000000000000000000, 2.731847993664263218E-16 ) ) ;
#1341 = DIMENSIONAL_EXPONENTS ( 1.000000000000000000, 0.000000000000000000, 0.000000000000000000, 0.000000000000000000, 0.000000000000000000, 0.000000000000000000, 0.000000000000000000 ) ;
#1342 = EDGE_CURVE ( 'NONE', #439, #918, #358, .T. ) ;
#1343 = ORIENTED_EDGE ( 'NONE', *, *, #970, .T. ) ;
#1344 = LINE ( 'NONE', #181, #926 ) ;
#1345 = VECTOR ( 'NONE', #1672, 39.37007874015748143 ) ;
#1346 = LINE ( 'NONE', #19, #1540 ) ;
#1347 = EDGE_CURVE ( 'NONE', #606, #1116, #583, .T. ) ;
#1348 = DIRECTION ( 'NONE',  ( -0.000000000000000000, -1.000000000000000000, -0.000000000000000000 ) ) ;
#1349 = ORIENTED_EDGE ( 'NONE', *, *, #1651, .F. ) ;
#1350 = LINE ( 'NONE', #597, #1732 ) ;
#1351 = AXIS2_PLACEMENT_3D ( 'NONE', #1088, #1405, #1264 ) ;
#1352 =( LENGTH_UNIT ( ) NAMED_UNIT ( * ) SI_UNIT ( $, .METRE. ) );
#1353 = DIRECTION ( 'NONE',  ( 0.000000000000000000, 0.000000000000000000, -1.000000000000000000 ) ) ;
#1354 = UNCERTAINTY_MEASURE_WITH_UNIT (LENGTH_MEASURE( 1.000000000000000082E-05 ), #169, 'distance_accuracy_value', 'NONE');
#1355 = EDGE_LOOP ( 'NONE', ( #919, #788, #799, #189 ) ) ;
#1356 = VERTEX_POINT ( 'NONE', #934 ) ;
#1357 = VECTOR ( 'NONE', #294, 39.37007874015748143 ) ;
#1358 = CARTESIAN_POINT ( 'NONE',  ( 1.775000000000000133, 0.01574803149606299191, -1.164715581518546594 ) ) ;
#1359 = VERTEX_POINT ( 'NONE', #365 ) ;
#1360 = CYLINDRICAL_SURFACE ( 'NONE', #765, 0.5999999999999996447 ) ;
#1361 = EDGE_CURVE ( 'NONE', #1635, #1161, #1513, .T. ) ;
#1362 =( NAMED_UNIT ( * ) SI_UNIT ( $, .STERADIAN. ) SOLID_ANGLE_UNIT ( ) );
#1363 = PLANE ( 'NONE',  #1588 ) ;
#1364 = EDGE_LOOP ( 'NONE', ( #1856, #1484, #430, #1440 ) ) ;
#1365 = AXIS2_PLACEMENT_3D ( 'NONE', #744, #1332, #29 ) ;
#1366 = ORIENTED_EDGE ( 'NONE', *, *, #1602, .T. ) ;
#1367 = CLOSED_SHELL ( 'NONE', ( #746, #392, #1155, #289, #312, #47, #1394, #438, #1881, #640, #446, #1601, #972, #220, #921 ) ) ;
#1368 = DIRECTION ( 'NONE',  ( 0.000000000000000000, 0.000000000000000000, 1.000000000000000000 ) ) ;
#1369 = VECTOR ( 'NONE', #1835, 39.37007874015748143 ) ;
#1370 = LINE ( 'NONE', #1521, #1293 ) ;
#1371 = ORIENTED_EDGE ( 'NONE', *, *, #1726, .F. ) ;
#1372 = CARTESIAN_POINT ( 'NONE',  ( 0.06250000000000098532, 0.000000000000000000, 7.875000000000000888 ) ) ;
#1373 = LINE ( 'NONE', #368, #1152 ) ;
#1374 = PRODUCT_DEFINITION_FORMATION_WITH_SPECIFIED_SOURCE ( 'ANY', '', #525, .NOT_KNOWN. ) ;
#1375 = VERTEX_POINT ( 'NONE', #205 ) ;
#1376 = AXIS2_PLACEMENT_3D ( 'NONE', #1147, #964, #1267 ) ;
#1377 = CARTESIAN_POINT ( 'NONE',  ( 1.062500000000001332, 0.000000000000000000, 1.749999999999999556 ) ) ;
#1378 = DIRECTION ( 'NONE',  ( 6.210708767104436077E-16, 0.000000000000000000, -1.000000000000000000 ) ) ;
#1379 = ORIENTED_EDGE ( 'NONE', *, *, #1219, .T. ) ;
#1380 = DIRECTION ( 'NONE',  ( -0.000000000000000000, -0.000000000000000000, 1.000000000000000000 ) ) ;
#1381 = DIRECTION ( 'NONE',  ( -0.000000000000000000, -1.000000000000000000, -0.000000000000000000 ) ) ;
#1382 = VECTOR ( 'NONE', #1762, 39.37007874015748143 ) ;
#1383 = ORIENTED_EDGE ( 'NONE', *, *, #1591, .F. ) ;
#1384 = FILL_AREA_STYLE_COLOUR ( '', #967 ) ;
#1385 = LINE ( 'NONE', #1700, #549 ) ;
#1386 = ORIENTED_EDGE ( 'NONE', *, *, #724, .T. ) ;
#1387 = CARTESIAN_POINT ( 'NONE',  ( 0.3499999999999999778, 0.01574803149606299191, 2.173748068486552183E-16 ) ) ;
#1388 = VECTOR ( 'NONE', #143, 39.37007874015748143 ) ;
#1389 = CARTESIAN_POINT ( 'NONE',  ( 0.4125000000000003664, 0.000000000000000000, 5.500000000000000000 ) ) ;
#1390 = PRESENTATION_LAYER_ASSIGNMENT (  '', '', ( #84 ) ) ;
#1391 = DIRECTION ( 'NONE',  ( 0.000000000000000000, 0.000000000000000000, -1.000000000000000000 ) ) ;
#1392 = UNCERTAINTY_MEASURE_WITH_UNIT (LENGTH_MEASURE( 1.000000000000000082E-05 ), #667, 'distance_accuracy_value', 'NONE');
#1393 = VERTEX_POINT ( 'NONE', #1790 ) ;
#1394 = ADVANCED_FACE ( 'NONE', ( #780 ), #1523, .F. ) ;
#1395 = DIRECTION ( 'NONE',  ( -1.172753261402454697E-16, -0.000000000000000000, -1.000000000000000000 ) ) ;
#1396 = CARTESIAN_POINT ( 'NONE',  ( 1.062500000000001332, 0.01574803149606299191, 1.749999999999999556 ) ) ;
#1397 = EDGE_LOOP ( 'NONE', ( #288, #1309, #1433, #1282 ) ) ;
#1398 = LINE ( 'NONE', #614, #824 ) ;
#1399 = FACE_OUTER_BOUND ( 'NONE', #1137, .T. ) ;
#1400 = CARTESIAN_POINT ( 'NONE',  ( 0.3499999999999995892, 0.000000000000000000, -2.000000000000000000 ) ) ;
#1401 = CARTESIAN_POINT ( 'NONE',  ( 2.420282218537320063, 0.01574803149606299191, 1.249999999999999778 ) ) ;
#1402 = VERTEX_POINT ( 'NONE', #943 ) ;
#1403 = CARTESIAN_POINT ( 'NONE',  ( 2.125000000000000000, 0.000000000000000000, -2.602374448188125843E-16 ) ) ;
#1404 = EDGE_LOOP ( 'NONE', ( #60, #954, #1535, #1500 ) ) ;
#1405 = DIRECTION ( 'NONE',  ( 0.000000000000000000, 1.000000000000000000, 0.000000000000000000 ) ) ;
#1406 = DIRECTION ( 'NONE',  ( -0.5735764363510499342, 0.000000000000000000, -0.8191520442889891340 ) ) ;
#1407 = EDGE_CURVE ( 'NONE', #1301, #364, #1644, .T. ) ;
#1408 = CARTESIAN_POINT ( 'NONE',  ( 1.595394924501261080, 0.000000000000000000, 5.500000000000000000 ) ) ;
#1409 = PRODUCT_DEFINITION_CONTEXT ( 'detailed design', #354, 'design' ) ;
#1410 =( CONVERSION_BASED_UNIT ( 'INCH', #260 ) LENGTH_UNIT ( ) NAMED_UNIT ( #901 ) );
#1411 = ORIENTED_EDGE ( 'NONE', *, *, #816, .T. ) ;
#1412 = CIRCLE ( 'NONE', #886, 0.8124999999999995559 ) ;
#1413 = FILL_AREA_STYLE ('',( #1557 ) ) ;
#1414 = VERTEX_POINT ( 'NONE', #65 ) ;
#1415 = LINE ( 'NONE', #279, #1655 ) ;
#1416 = LENGTH_MEASURE_WITH_UNIT ( LENGTH_MEASURE( 0.02539999999999999897 ), #255 );
#1417 = PRESENTATION_LAYER_ASSIGNMENT (  '', '', ( #1597 ) ) ;
#1418 = CARTESIAN_POINT ( 'NONE',  ( 1.775000000000000133, 0.000000000000000000, 4.286263797015734746E-17 ) ) ;
#1419 = EDGE_CURVE ( 'NONE', #139, #1517, #635, .T. ) ;
#1420 = EDGE_LOOP ( 'NONE', ( #751, #341, #1749, #6, #509, #141, #1558, #253, #1768, #211 ) ) ;
#1421 = CARTESIAN_POINT ( 'NONE',  ( 0.4124999999999989231, 0.01574803149606299191, 4.350000000000000533 ) ) ;
#1422 = AXIS2_PLACEMENT_3D ( 'NONE', #280, #529, #1715 ) ;
#1423 = DIRECTION ( 'NONE',  ( -0.000000000000000000, -1.000000000000000000, -0.000000000000000000 ) ) ;
#1424 = PRESENTATION_LAYER_ASSIGNMENT (  '', '', ( #200 ) ) ;
#1425 = VERTEX_POINT ( 'NONE', #789 ) ;
#1426 = SURFACE_SIDE_STYLE ('',( #1820 ) ) ;
#1427 = ORIENTED_EDGE ( 'NONE', *, *, #1455, .T. ) ;
#1428 = DIRECTION ( 'NONE',  ( -0.000000000000000000, -0.000000000000000000, -1.000000000000000000 ) ) ;
#1429 = DIRECTION ( 'NONE',  ( -0.000000000000000000, -1.000000000000000000, -0.000000000000000000 ) ) ;
#1430 = FACE_OUTER_BOUND ( 'NONE', #1761, .T. ) ;
#1431 = ADVANCED_FACE ( 'NONE', ( #1822 ), #499, .F. ) ;
#1432 = CARTESIAN_POINT ( 'NONE',  ( 0.3499999999999999778, 0.01574803149606299191, 2.173748068486552183E-16 ) ) ;
#1433 = ORIENTED_EDGE ( 'NONE', *, *, #14, .T. ) ;
#1434 = EDGE_CURVE ( 'NONE', #998, #453, #1579, .T. ) ;
#1435 = VERTEX_POINT ( 'NONE', #1735 ) ;
#1436 = DIRECTION ( 'NONE',  ( -1.858501568359733243E-16, -0.000000000000000000, 1.000000000000000000 ) ) ;
#1437 = FILL_AREA_STYLE ('',( #846 ) ) ;
#1438 = COLOUR_RGB ( '',0.9098039215686274384, 0.4431372549019607643, 0.03137254901960784270 ) ;
#1439 = FILL_AREA_STYLE_COLOUR ( '', #1438 ) ;
#1440 = ORIENTED_EDGE ( 'NONE', *, *, #1447, .T. ) ;
#1441 = SURFACE_STYLE_USAGE ( .BOTH. , #848 ) ;
#1442 = ORIENTED_EDGE ( 'NONE', *, *, #427, .T. ) ;
#1443 = ORIENTED_EDGE ( 'NONE', *, *, #1174, .F. ) ;
#1444 = VECTOR ( 'NONE', #1687, 39.37007874015748143 ) ;
#1445 = ADVANCED_FACE ( 'NONE', ( #1559 ), #827, .F. ) ;
#1446 = ORIENTED_EDGE ( 'NONE', *, *, #96, .T. ) ;
#1447 = EDGE_CURVE ( 'NONE', #453, #1425, #1415, .T. ) ;
#1448 = DIRECTION ( 'NONE',  ( 0.000000000000000000, -1.000000000000000000, 0.000000000000000000 ) ) ;
#1449 = CARTESIAN_POINT ( 'NONE',  ( 1.062500000000000000, 0.01574803149606299191, -0.4560746942661110248 ) ) ;
#1450 = LINE ( 'NONE', #965, #1759 ) ;
#1451 = VECTOR ( 'NONE', #434, 39.37007874015748143 ) ;
#1452 = DIRECTION ( 'NONE',  ( 1.172753261402454697E-16, 0.000000000000000000, 1.000000000000000000 ) ) ;
#1453 = ORIENTED_EDGE ( 'NONE', *, *, #1419, .F. ) ;
#1454 =( GEOMETRIC_REPRESENTATION_CONTEXT ( 3 ) GLOBAL_UNCERTAINTY_ASSIGNED_CONTEXT ( ( #1082 ) ) GLOBAL_UNIT_ASSIGNED_CONTEXT ( ( #162, #869, #1262 ) ) REPRESENTATION_CONTEXT ( 'NONE', 'WORKASPACE' ) );
#1455 = EDGE_CURVE ( 'NONE', #1235, #130, #1145, .T. ) ;
#1456 = ORIENTED_EDGE ( 'NONE', *, *, #1589, .F. ) ;
#1457 = DIRECTION ( 'NONE',  ( 0.000000000000000000, 0.000000000000000000, 1.000000000000000000 ) ) ;
#1458 = CARTESIAN_POINT ( 'NONE',  ( 0.000000000000000000, 0.000000000000000000, 0.000000000000000000 ) ) ;
#1459 = EDGE_CURVE ( 'NONE', #948, #269, #385, .T. ) ;
#1460 =( NAMED_UNIT ( * ) SI_UNIT ( $, .STERADIAN. ) SOLID_ANGLE_UNIT ( ) );
#1461 = CARTESIAN_POINT ( 'NONE',  ( 0.4124999999999996447, 0.01574803149606299191, 3.849999999999998757 ) ) ;
#1462 = COLOUR_RGB ( '',0.5019607843137254832, 0.5019607843137254832, 0.5019607843137254832 ) ;
#1463 = CARTESIAN_POINT ( 'NONE',  ( 0.06250000000000102696, 0.000000000000000000, 3.499999999999999112 ) ) ;
#1464 = AXIS2_PLACEMENT_3D ( 'NONE', #91, #213, #971 ) ;
#1465 = FILL_AREA_STYLE_COLOUR ( '', #741 ) ;
#1466 =( GEOMETRIC_REPRESENTATION_CONTEXT ( 3 ) GLOBAL_UNCERTAINTY_ASSIGNED_CONTEXT ( ( #1392 ) ) GLOBAL_UNIT_ASSIGNED_CONTEXT ( ( #667, #111, #1857 ) ) REPRESENTATION_CONTEXT ( 'NONE', 'WORKASPACE' ) );
#1467 = ORIENTED_EDGE ( 'NONE', *, *, #256, .T. ) ;
#1468 = CYLINDRICAL_SURFACE ( 'NONE', #7, 1.446918295197114013 ) ;
#1469 = PLANE ( 'NONE',  #601 ) ;
#1470 =( CONVERSION_BASED_UNIT ( 'INCH', #908 ) LENGTH_UNIT ( ) NAMED_UNIT ( #198 ) );
#1471 = ADVANCED_FACE ( 'NONE', ( #264 ), #125, .F. ) ;
#1472 = CARTESIAN_POINT ( 'NONE',  ( 0.3499999999999998113, 0.01574803149606299191, -1.164715581518545928 ) ) ;
#1473 = LENGTH_MEASURE_WITH_UNIT ( LENGTH_MEASURE( 0.02539999999999999897 ), #186 );
#1474 = CIRCLE ( 'NONE', #792, 1.446918295197114013 ) ;
#1475 = VERTEX_POINT ( 'NONE', #1287 ) ;
#1476 = DIRECTION ( 'NONE',  ( 1.000000000000000000, -0.000000000000000000, 1.365923996832127073E-15 ) ) ;
#1477 = STYLED_ITEM ( 'NONE', ( #1632 ), #1640 ) ;
#1478 = PRESENTATION_STYLE_ASSIGNMENT (( #1009 ) ) ;
#1479 = CARTESIAN_POINT ( 'NONE',  ( 1.062500000000001332, 0.01574803149606299191, 1.749999999999999556 ) ) ;
#1480 = FACE_OUTER_BOUND ( 'NONE', #889, .T. ) ;
#1481 = EDGE_CURVE ( 'NONE', #1508, #1844, #244, .T. ) ;
#1482 = AXIS2_PLACEMENT_3D ( 'NONE', #1162, #281, #1736 ) ;
#1483 = AXIS2_PLACEMENT_3D ( 'NONE', #397, #564, #1886 ) ;
#1484 = ORIENTED_EDGE ( 'NONE', *, *, #995, .F. ) ;
#1485 = LINE ( 'NONE', #1621, #1382 ) ;
#1486 = LINE ( 'NONE', #1358, #1238 ) ;
#1487 = ORIENTED_EDGE ( 'NONE', *, *, #1663, .T. ) ;
#1488 = FACE_OUTER_BOUND ( 'NONE', #1397, .T. ) ;
#1489 = CARTESIAN_POINT ( 'NONE',  ( 2.124999999999999556, 0.01574803149606299191, -2.000000000000000444 ) ) ;
#1490 = EDGE_CURVE ( 'NONE', #453, #1890, #683, .T. ) ;
#1491 = EDGE_LOOP ( 'NONE', ( #46, #1327, #1286, #352 ) ) ;
#1492 = DIRECTION ( 'NONE',  ( -1.000000000000000000, -0.000000000000000000, -0.000000000000000000 ) ) ;
#1493 = DIMENSIONAL_EXPONENTS ( 1.000000000000000000, 0.000000000000000000, 0.000000000000000000, 0.000000000000000000, 0.000000000000000000, 0.000000000000000000, 0.000000000000000000 ) ;
#1494 = LINE ( 'NONE', #214, #1875 ) ;
#1495 = ORIENTED_EDGE ( 'NONE', *, *, #497, .F. ) ;
#1496 = DIRECTION ( 'NONE',  ( -0.4190189500198031602, 0.000000000000000000, -0.9079774884457773032 ) ) ;
#1497 = FILL_AREA_STYLE_COLOUR ( '', #1462 ) ;
#1498 = PRESENTATION_STYLE_ASSIGNMENT (( #599 ) ) ;
#1499 = EDGE_CURVE ( 'NONE', #409, #439, #1121, .T. ) ;
#1500 = ORIENTED_EDGE ( 'NONE', *, *, #902, .T. ) ;
#1501 = LINE ( 'NONE', #1064, #313 ) ;
#1502 = ORIENTED_EDGE ( 'NONE', *, *, #970, .F. ) ;
#1503 = CARTESIAN_POINT ( 'NONE',  ( 1.062500000000001332, 0.01574803149606299191, 1.749999999999999556 ) ) ;
#1504 = VECTOR ( 'NONE', #1305, 39.37007874015748143 ) ;
#1505 = PLANE ( 'NONE',  #853 ) ;
#1506 = VERTEX_POINT ( 'NONE', #1839 ) ;
#1507 = VERTEX_POINT ( 'NONE', #819 ) ;
#1508 = VERTEX_POINT ( 'NONE', #703 ) ;
#1509 = MECHANICAL_DESIGN_GEOMETRIC_PRESENTATION_REPRESENTATION (  '', ( #1078 ), #1454 ) ;
#1510 = ADVANCED_FACE ( 'NONE', ( #855 ), #1872, .F. ) ;
#1511 = CARTESIAN_POINT ( 'NONE',  ( 0.3499999999999999778, 0.01574803149606299191, 2.173748068486552183E-16 ) ) ;
#1512 = ORIENTED_EDGE ( 'NONE', *, *, #828, .F. ) ;
#1513 = LINE ( 'NONE', #374, #1812 ) ;
#1514 = EDGE_CURVE ( 'NONE', #1866, #269, #540, .T. ) ;
#1515 = CARTESIAN_POINT ( 'NONE',  ( 2.070282218537319974, 0.01574803149606299191, 1.249999999999999778 ) ) ;
#1516 = DIRECTION ( 'NONE',  ( 0.000000000000000000, 0.000000000000000000, 1.000000000000000000 ) ) ;
#1517 = VERTEX_POINT ( 'NONE', #552 ) ;
#1518 = VERTEX_POINT ( 'NONE', #974 ) ;
#1519 = CARTESIAN_POINT ( 'NONE',  ( 0.4125000000000009215, 0.01574803149606299191, 6.403610873667444636 ) ) ;
#1520 = VECTOR ( 'NONE', #665, 39.37007874015748143 ) ;
#1521 = CARTESIAN_POINT ( 'NONE',  ( 0.4124999999999996447, 0.000000000000000000, 3.849999999999998757 ) ) ;
#1522 = ORIENTED_EDGE ( 'NONE', *, *, #44, .T. ) ;
#1523 = PLANE ( 'NONE',  #258 ) ;
#1524 = DIRECTION ( 'NONE',  ( 0.000000000000000000, -0.000000000000000000, 1.000000000000000000 ) ) ;
#1525 = EDGE_CURVE ( 'NONE', #973, #1733, #561, .T. ) ;
#1526 = CARTESIAN_POINT ( 'NONE',  ( 0.06250000000000098532, 0.01574803149606299191, 5.875000000000000000 ) ) ;
#1527 = ORIENTED_EDGE ( 'NONE', *, *, #861, .T. ) ;
#1528 = CARTESIAN_POINT ( 'NONE',  ( 0.06250000000000045797, 0.01574803149606299191, 5.500000000000000000 ) ) ;
#1529 = VERTEX_POINT ( 'NONE', #404 ) ;
#1530 = AXIS2_PLACEMENT_3D ( 'NONE', #227, #1101, #1832 ) ;
#1531 = DIRECTION ( 'NONE',  ( -1.172753261402454697E-16, -0.000000000000000000, -1.000000000000000000 ) ) ;
#1532 = DIRECTION ( 'NONE',  ( -1.000000000000000000, 0.000000000000000000, 0.000000000000000000 ) ) ;
#1533 = DIRECTION ( 'NONE',  ( 0.000000000000000000, 1.000000000000000000, -0.000000000000000000 ) ) ;
#1534 = ADVANCED_FACE ( 'NONE', ( #693 ), #1297, .F. ) ;
#1535 = ORIENTED_EDGE ( 'NONE', *, *, #342, .F. ) ;
#1536 = FACE_OUTER_BOUND ( 'NONE', #1364, .T. ) ;
#1537 = SURFACE_STYLE_USAGE ( .BOTH. , #1426 ) ;
#1538 = ORIENTED_EDGE ( 'NONE', *, *, #1114, .F. ) ;
#1539 = CARTESIAN_POINT ( 'NONE',  ( 2.125000000000000000, 0.01574803149606299191, -2.602374448188125843E-16 ) ) ;
#1540 = VECTOR ( 'NONE', #1035, 39.37007874015748143 ) ;
#1541 = DIRECTION ( 'NONE',  ( 0.000000000000000000, 0.000000000000000000, -1.000000000000000000 ) ) ;
#1542 = ORIENTED_EDGE ( 'NONE', *, *, #772, .F. ) ;
#1543 = CARTESIAN_POINT ( 'NONE',  ( 0.06250000000000045797, 0.000000000000000000, 5.500000000000000000 ) ) ;
#1544 = LINE ( 'NONE', #996, #449 ) ;
#1545 = ORIENTED_EDGE ( 'NONE', *, *, #23, .F. ) ;
#1546 = EDGE_CURVE ( 'NONE', #1517, #485, #838, .T. ) ;
#1547 = LINE ( 'NONE', #785, #1369 ) ;
#1548 = FACE_OUTER_BOUND ( 'NONE', #1827, .T. ) ;
#1549 = EDGE_LOOP ( 'NONE', ( #1861, #1125, #1567, #477 ) ) ;
#1550 = DIRECTION ( 'NONE',  ( -0.000000000000000000, -1.000000000000000000, -0.000000000000000000 ) ) ;
#1551 = FACE_OUTER_BOUND ( 'NONE', #468, .T. ) ;
#1552 = DIRECTION ( 'NONE',  ( -0.000000000000000000, -1.000000000000000000, -0.000000000000000000 ) ) ;
#1553 = CARTESIAN_POINT ( 'NONE',  ( 1.237500000000000044, 0.01574803149606299191, 4.439344646909149244E-17 ) ) ;
#1554 = ORIENTED_EDGE ( 'NONE', *, *, #1025, .F. ) ;
#1555 = DIRECTION ( 'NONE',  ( 0.000000000000000000, 1.000000000000000000, 0.000000000000000000 ) ) ;
#1556 = EDGE_CURVE ( 'NONE', #1518, #1435, #661, .T. ) ;
#1557 = FILL_AREA_STYLE_COLOUR ( '', #513 ) ;
#1558 = ORIENTED_EDGE ( 'NONE', *, *, #1361, .T. ) ;
#1559 = FACE_OUTER_BOUND ( 'NONE', #321, .T. ) ;
#1560 = LINE ( 'NONE', #1156, #1388 ) ;
#1561 = EDGE_CURVE ( 'NONE', #980, #1573, #1883, .T. ) ;
#1562 = CARTESIAN_POINT ( 'NONE',  ( 1.035228893933486827, 0.01574803149606299191, 4.699999999999999289 ) ) ;
#1563 = AXIS2_PLACEMENT_3D ( 'NONE', #893, #750, #913 ) ;
#1564 = EDGE_LOOP ( 'NONE', ( #939, #1495, #330, #613 ) ) ;
#1565 = SURFACE_STYLE_FILL_AREA ( #1307 ) ;
#1566 =( LENGTH_UNIT ( ) NAMED_UNIT ( * ) SI_UNIT ( $, .METRE. ) );
#1567 = ORIENTED_EDGE ( 'NONE', *, *, #1270, .T. ) ;
#1568 = VECTOR ( 'NONE', #1714, 39.37007874015748143 ) ;
#1569 = VERTEX_POINT ( 'NONE', #1318 ) ;
#1570 = DIRECTION ( 'NONE',  ( -2.561107494060244672E-16, 0.000000000000000000, 1.000000000000000000 ) ) ;
#1571 = LINE ( 'NONE', #1288, #492 ) ;
#1572 = PLANE ( 'NONE',  #307 ) ;
#1573 = VERTEX_POINT ( 'NONE', #174 ) ;
#1574 = LINE ( 'NONE', #841, #1664 ) ;
#1575 = VECTOR ( 'NONE', #1809, 39.37007874015748143 ) ;
#1576 = AXIS2_PLACEMENT_3D ( 'NONE', #28, #884, #1747 ) ;
#1577 = ORIENTED_EDGE ( 'NONE', *, *, #1284, .F. ) ;
#1578 = ORIENTED_EDGE ( 'NONE', *, *, #674, .F. ) ;
#1579 = LINE ( 'NONE', #254, #1623 ) ;
#1580 = PLANE ( 'NONE',  #1422 ) ;
#1581 = FACE_OUTER_BOUND ( 'NONE', #833, .T. ) ;
#1582 = CARTESIAN_POINT ( 'NONE',  ( 0.000000000000000000, 0.01574803149606299191, 0.000000000000000000 ) ) ;
#1583 = VERTEX_POINT ( 'NONE', #879 ) ;
#1584 = ORIENTED_EDGE ( 'NONE', *, *, #418, .T. ) ;
#1585 = DIRECTION ( 'NONE',  ( -0.000000000000000000, -1.000000000000000000, -0.000000000000000000 ) ) ;
#1586 = DIRECTION ( 'NONE',  ( -3.061616997868384127E-16, 0.000000000000000000, -1.000000000000000000 ) ) ;
#1587 = ORIENTED_EDGE ( 'NONE', *, *, #883, .F. ) ;
#1588 = AXIS2_PLACEMENT_3D ( 'NONE', #917, #360, #1229 ) ;
#1589 = EDGE_CURVE ( 'NONE', #32, #1569, #865, .T. ) ;
#1590 = VECTOR ( 'NONE', #1428, 39.37007874015748143 ) ;
#1591 = EDGE_CURVE ( 'NONE', #215, #379, #1328, .T. ) ;
#1592 = ORIENTED_EDGE ( 'NONE', *, *, #737, .T. ) ;
#1593 = LINE ( 'NONE', #904, #1758 ) ;
#1594 = CARTESIAN_POINT ( 'NONE',  ( 2.022666030567772832, 0.01574803149606299191, 5.500000000000000000 ) ) ;
#1595 = LINE ( 'NONE', #1321, #1629 ) ;
#1596 = CARTESIAN_POINT ( 'NONE',  ( 1.462500000000000133, 0.01574803149606299191, 3.500000000000000000 ) ) ;
#1597 = STYLED_ITEM ( 'NONE', ( #532 ), #220 ) ;
#1598 = CARTESIAN_POINT ( 'NONE',  ( 1.775000000000000133, 0.01574803149606299191, -1.164715581518546594 ) ) ;
#1599 = ORIENTED_EDGE ( 'NONE', *, *, #1770, .T. ) ;
#1600 = CIRCLE ( 'NONE', #650, 1.124999999999999556 ) ;
#1601 = ADVANCED_FACE ( 'NONE', ( #1043 ), #1335, .F. ) ;
#1602 = EDGE_CURVE ( 'NONE', #1116, #270, #1485, .T. ) ;
#1603 = VERTEX_POINT ( 'NONE', #1604 ) ;
#1604 = CARTESIAN_POINT ( 'NONE',  ( 1.062500000000001332, 0.01574803149606299191, 3.196918295197113569 ) ) ;
#1605 = FACE_OUTER_BOUND ( 'NONE', #1242, .T. ) ;
#1606 = DIRECTION ( 'NONE',  ( 0.000000000000000000, 0.000000000000000000, 1.000000000000000000 ) ) ;
#1607 = CIRCLE ( 'NONE', #1365, 0.8124999999999995559 ) ;
#1608 = CARTESIAN_POINT ( 'NONE',  ( 0.06250000000000102696, 0.01574803149606299191, 3.499999999999999112 ) ) ;
#1609 = DIRECTION ( 'NONE',  ( -0.000000000000000000, -0.000000000000000000, 1.000000000000000000 ) ) ;
#1610 = ORIENTED_EDGE ( 'NONE', *, *, #465, .T. ) ;
#1611 = CARTESIAN_POINT ( 'NONE',  ( 1.712500000000001021, 0.01574803149606299191, 7.875000000000000888 ) ) ;
#1612 = DIRECTION ( 'NONE',  ( -0.000000000000000000, -1.000000000000000000, -0.000000000000000000 ) ) ;
#1613 = CARTESIAN_POINT ( 'NONE',  ( 2.070282218537319974, 0.01574803149606299191, 1.249999999999999778 ) ) ;
#1614 = CARTESIAN_POINT ( 'NONE',  ( 2.062500000000000888, 0.01574803149606299191, 7.875000000000000888 ) ) ;
#1615 = ADVANCED_FACE ( 'NONE', ( #711 ), #1007, .T. ) ;
#1616 = AXIS2_PLACEMENT_3D ( 'NONE', #97, #1716, #1727 ) ;
#1617 = CARTESIAN_POINT ( 'NONE',  ( 1.062500000000001332, 0.01574803149606299191, 1.749999999999999556 ) ) ;
#1618 = CARTESIAN_POINT ( 'NONE',  ( 0.06250000000000098532, 0.01574803149606299191, 7.875000000000000888 ) ) ;
#1619 = VECTOR ( 'NONE', #612, 39.37007874015748143 ) ;
#1620 = EDGE_LOOP ( 'NONE', ( #1070, #1653, #1800, #1578 ) ) ;
#1621 = CARTESIAN_POINT ( 'NONE',  ( 0.06250000000000102696, 0.000000000000000000, 3.499999999999999112 ) ) ;
#1622 = PLANE ( 'NONE',  #1833 ) ;
#1623 = VECTOR ( 'NONE', #1110, 39.37007874015748143 ) ;
#1624 = DIRECTION ( 'NONE',  ( 0.000000000000000000, 1.000000000000000000, 0.000000000000000000 ) ) ;
#1625 = CARTESIAN_POINT ( 'NONE',  ( 1.062500000000001332, 0.000000000000000000, 3.196918295197113569 ) ) ;
#1626 = DIRECTION ( 'NONE',  ( -0.4190189500198028272, 0.000000000000000000, 0.9079774884457775252 ) ) ;
#1627 = ADVANCED_FACE ( 'NONE', ( #579 ), #318, .F. ) ;
#1628 = SURFACE_SIDE_STYLE ('',( #30 ) ) ;
#1629 = VECTOR ( 'NONE', #1171, 39.37007874015748143 ) ;
#1630 = CIRCLE ( 'NONE', #495, 0.5999999999999996447 ) ;
#1631 = VERTEX_POINT ( 'NONE', #1190 ) ;
#1632 = PRESENTATION_STYLE_ASSIGNMENT (( #440 ) ) ;
#1633 = CARTESIAN_POINT ( 'NONE',  ( 1.062500000000001332, 0.01574803149606299191, 1.749999999999999556 ) ) ;
#1634 = LINE ( 'NONE', #932, #701 ) ;
#1635 = VERTEX_POINT ( 'NONE', #1611 ) ;
#1636 = DIRECTION ( 'NONE',  ( -1.365923996832127073E-15, 0.000000000000000000, 1.000000000000000000 ) ) ;
#1637 = CARTESIAN_POINT ( 'NONE',  ( 1.711201698915527647, 0.01574803149606299191, 5.875000000000000000 ) ) ;
#1638 = FILL_AREA_STYLE_COLOUR ( '', #114 ) ;
#1639 = UNCERTAINTY_MEASURE_WITH_UNIT (LENGTH_MEASURE( 1.000000000000000082E-05 ), #1306, 'distance_accuracy_value', 'NONE');
#1640 = ADVANCED_FACE ( 'NONE', ( #1168, #748 ), #327, .F. ) ;
#1641 = EDGE_LOOP ( 'NONE', ( #1056, #1587, #1797, #1446 ) ) ;
#1642 = DIRECTION ( 'NONE',  ( -0.4190189500198026606, -0.000000000000000000, -0.9079774884457776363 ) ) ;
#1643 = EDGE_LOOP ( 'NONE', ( #64, #843, #992, #493 ) ) ;
#1644 = LINE ( 'NONE', #1372, #16 ) ;
#1645 = CARTESIAN_POINT ( 'NONE',  ( 1.062500000000000000, 0.01574803149606299191, -0.4560746942661110248 ) ) ;
#1646 = ORIENTED_EDGE ( 'NONE', *, *, #573, .F. ) ;
#1647 = EDGE_CURVE ( 'NONE', #985, #657, #231, .T. ) ;
#1648 = ORIENTED_EDGE ( 'NONE', *, *, #1561, .F. ) ;
#1649 = VECTOR ( 'NONE', #45, 39.37007874015748143 ) ;
#1650 = ORIENTED_EDGE ( 'NONE', *, *, #1591, .T. ) ;
#1651 = EDGE_CURVE ( 'NONE', #115, #1301, #1593, .T. ) ;
#1652 = CARTESIAN_POINT ( 'NONE',  ( 0.4125000000000003664, 0.000000000000000000, 5.500000000000000000 ) ) ;
#1653 = ORIENTED_EDGE ( 'NONE', *, *, #900, .T. ) ;
#1654 = DIRECTION ( 'NONE',  ( 0.000000000000000000, 0.000000000000000000, -1.000000000000000000 ) ) ;
#1655 = VECTOR ( 'NONE', #1585, 39.37007874015748143 ) ;
#1656 = SURFACE_SIDE_STYLE ('',( #1668 ) ) ;
#1657 = FACE_OUTER_BOUND ( 'NONE', #1292, .T. ) ;
#1658 = UNCERTAINTY_MEASURE_WITH_UNIT (LENGTH_MEASURE( 1.000000000000000082E-05 ), #1847, 'distance_accuracy_value', 'NONE');
#1659 = VERTEX_POINT ( 'NONE', #758 ) ;
#1660 = VERTEX_POINT ( 'NONE', #42 ) ;
#1661 =( LENGTH_UNIT ( ) NAMED_UNIT ( * ) SI_UNIT ( $, .METRE. ) );
#1662 = PRESENTATION_LAYER_ASSIGNMENT (  '', '', ( #82 ) ) ;
#1663 = EDGE_CURVE ( 'NONE', #1517, #559, #1344, .T. ) ;
#1664 = VECTOR ( 'NONE', #1158, 39.37007874015748143 ) ;
#1665 = CARTESIAN_POINT ( 'NONE',  ( 1.712500000000001021, 0.01574803149606299191, 7.875000000000000888 ) ) ;
#1666 = EDGE_LOOP ( 'NONE', ( #543, #1821, #660, #878 ) ) ;
#1667 = CARTESIAN_POINT ( 'NONE',  ( 1.462500000000000133, 0.01574803149606299191, 4.099999999999999645 ) ) ;
#1668 = SURFACE_STYLE_FILL_AREA ( #207 ) ;
#1669 = CARTESIAN_POINT ( 'NONE',  ( 0.4124999999999996447, 0.01574803149606299191, 3.849999999999998757 ) ) ;
#1670 = VERTEX_POINT ( 'NONE', #1207 ) ;
#1671 = DIRECTION ( 'NONE',  ( -0.000000000000000000, -1.000000000000000000, -0.000000000000000000 ) ) ;
#1672 = DIRECTION ( 'NONE',  ( -0.000000000000000000, -1.000000000000000000, -0.000000000000000000 ) ) ;
#1673 = ORIENTED_EDGE ( 'NONE', *, *, #105, .T. ) ;
#1674 = CARTESIAN_POINT ( 'NONE',  ( 1.712500000000001021, 0.000000000000000000, 7.875000000000000888 ) ) ;
#1675 = ADVANCED_FACE ( 'NONE', ( #459 ), #726, .F. ) ;
#1676 = DIRECTION ( 'NONE',  ( 0.000000000000000000, 1.000000000000000000, 0.000000000000000000 ) ) ;
#1677 = DIRECTION ( 'NONE',  ( -1.000000000000000000, -0.000000000000000000, -0.000000000000000000 ) ) ;
#1678 = ORIENTED_EDGE ( 'NONE', *, *, #1347, .T. ) ;
#1679 = PRODUCT_DEFINITION_SHAPE ( 'NONE', 'NONE',  #274 ) ;
#1680 = CIRCLE ( 'NONE', #132, 1.446918295197114013 ) ;
#1681 = CARTESIAN_POINT ( 'NONE',  ( 1.237500000000000044, 0.01574803149606299191, 4.439344646909149244E-17 ) ) ;
#1682 = ORIENTED_EDGE ( 'NONE', *, *, #1075, .T. ) ;
#1683 = CIRCLE ( 'NONE', #1005, 1.446918295197114013 ) ;
#1684 = CARTESIAN_POINT ( 'NONE',  ( 0.3499999999999999778, 0.000000000000000000, 2.173748068486552183E-16 ) ) ;
#1685 = CARTESIAN_POINT ( 'NONE',  ( 0.06250000000000045797, 0.01574803149606299191, 5.500000000000000000 ) ) ;
#1686 = MECHANICAL_DESIGN_GEOMETRIC_PRESENTATION_REPRESENTATION (  '', ( #1477 ), #285 ) ;
#1687 = DIRECTION ( 'NONE',  ( 1.000000000000000000, 0.000000000000000000, 0.000000000000000000 ) ) ;
#1688 = FACE_OUTER_BOUND ( 'NONE', #1133, .T. ) ;
#1689 = EDGE_CURVE ( 'NONE', #1393, #998, #445, .T. ) ;
#1690 = ORIENTED_EDGE ( 'NONE', *, *, #768, .F. ) ;
#1691 = SURFACE_STYLE_USAGE ( .BOTH. , #1223 ) ;
#1692 = ORIENTED_EDGE ( 'NONE', *, *, #737, .F. ) ;
#1693 = DIRECTION ( 'NONE',  ( -1.000000000000000000, -0.000000000000000000, -3.902639990948950906E-16 ) ) ;
#1694 = AXIS2_PLACEMENT_3D ( 'NONE', #450, #1756, #1496 ) ;
#1695 = FACE_OUTER_BOUND ( 'NONE', #794, .T. ) ;
#1696 = ORIENTED_EDGE ( 'NONE', *, *, #1192, .F. ) ;
#1697 = ADVANCED_FACE ( 'NONE', ( #305 ), #49, .F. ) ;
#1698 = DIRECTION ( 'NONE',  ( 1.000000000000000000, 0.000000000000000000, 0.000000000000000000 ) ) ;
#1699 = VECTOR ( 'NONE', #1395, 39.37007874015748143 ) ;
#1700 = CARTESIAN_POINT ( 'NONE',  ( 2.022666030567772832, 0.01574803149606299191, 5.500000000000000000 ) ) ;
#1701 = ORIENTED_EDGE ( 'NONE', *, *, #793, .F. ) ;
#1702 = MECHANICAL_DESIGN_GEOMETRIC_PRESENTATION_REPRESENTATION (  '', ( #1862 ), #1466 ) ;
#1703 = DIRECTION ( 'NONE',  ( 0.5735764363510499342, 0.000000000000000000, 0.8191520442889891340 ) ) ;
#1704 = DIRECTION ( 'NONE',  ( -0.000000000000000000, -0.000000000000000000, 1.000000000000000000 ) ) ;
#1705 = CARTESIAN_POINT ( 'NONE',  ( 1.462499999999999023, 0.000000000000000000, 4.699999999999999289 ) ) ;
#1706 = VERTEX_POINT ( 'NONE', #1059 ) ;
#1707 =( NAMED_UNIT ( * ) SI_UNIT ( $, .STERADIAN. ) SOLID_ANGLE_UNIT ( ) );
#1708 = DIRECTION ( 'NONE',  ( -0.000000000000000000, -1.000000000000000000, -0.000000000000000000 ) ) ;
#1709 = EDGE_LOOP ( 'NONE', ( #462, #233, #924, #1610, #1871, #124, #666, #1734 ) ) ;
#1710 = EDGE_CURVE ( 'NONE', #201, #139, #1315, .T. ) ;
#1711 = PRESENTATION_STYLE_ASSIGNMENT (( #1860 ) ) ;
#1712 = EDGE_CURVE ( 'NONE', #420, #1012, #899, .T. ) ;
#1713 = ORIENTED_EDGE ( 'NONE', *, *, #121, .F. ) ;
#1714 = DIRECTION ( 'NONE',  ( 1.000000000000000000, -0.000000000000000000, -0.000000000000000000 ) ) ;
#1715 = DIRECTION ( 'NONE',  ( 1.000000000000000000, 0.000000000000000000, -0.000000000000000000 ) ) ;
#1716 = DIRECTION ( 'NONE',  ( -3.902639990948950906E-16, 0.000000000000000000, 1.000000000000000000 ) ) ;
#1717 = AXIS2_PLACEMENT_3D ( 'NONE', #57, #1256, #1391 ) ;
#1718 = CARTESIAN_POINT ( 'NONE',  ( 1.062500000000001332, 0.000000000000000000, 1.749999999999999556 ) ) ;
#1719 = MANIFOLD_SOLID_BREP ( 'Boss-Extrude1[1]', #1367 ) ;
#1720 = ORIENTED_EDGE ( 'NONE', *, *, #873, .T. ) ;
#1721 = AXIS2_PLACEMENT_3D ( 'NONE', #671, #422, #961 ) ;
#1722 = MANIFOLD_SOLID_BREP ( 'Boss-Extrude1[3]', #1053 ) ;
#1723 = EDGE_LOOP ( 'NONE', ( #1814, #1178, #263, #539 ) ) ;
#1724 = CARTESIAN_POINT ( 'NONE',  ( 2.070282218537319974, 0.01574803149606299191, 2.249999999999999556 ) ) ;
#1725 = CARTESIAN_POINT ( 'NONE',  ( 0.06250000000000045797, 0.01574803149606299191, 5.500000000000000000 ) ) ;
#1726 = EDGE_CURVE ( 'NONE', #957, #624, #712, .T. ) ;
#1727 = DIRECTION ( 'NONE',  ( 1.000000000000000000, 0.000000000000000000, 3.902639990948950906E-16 ) ) ;
#1728 =( LENGTH_UNIT ( ) NAMED_UNIT ( * ) SI_UNIT ( $, .METRE. ) );
#1729 = VECTOR ( 'NONE', #415, 39.37007874015748143 ) ;
#1730 = CIRCLE ( 'NONE', #232, 0.2499999999999998057 ) ;
#1731 = LINE ( 'NONE', #1281, #210 ) ;
#1732 = VECTOR ( 'NONE', #311, 39.37007874015748143 ) ;
#1733 = VERTEX_POINT ( 'NONE', #571 ) ;
#1734 = ORIENTED_EDGE ( 'NONE', *, *, #1556, .T. ) ;
#1735 = CARTESIAN_POINT ( 'NONE',  ( 2.070282218537319974, 0.01574803149606299191, 2.249999999999999556 ) ) ;
#1736 = DIRECTION ( 'NONE',  ( 0.000000000000000000, 0.000000000000000000, -1.000000000000000000 ) ) ;
#1737 = EDGE_CURVE ( 'NONE', #204, #1338, #1560, .T. ) ;
#1738 =( LENGTH_UNIT ( ) NAMED_UNIT ( * ) SI_UNIT ( $, .METRE. ) );
#1739 = CYLINDRICAL_SURFACE ( 'NONE', #298, 1.446918295197114013 ) ;
#1740 = ADVANCED_FACE ( 'NONE', ( #1551 ), #1580, .F. ) ;
#1741 = ORIENTED_EDGE ( 'NONE', *, *, #734, .T. ) ;
#1742 = MANIFOLD_SOLID_BREP ( 'Boss-Extrude1[2]', #1793 ) ;
#1743 = ORIENTED_EDGE ( 'NONE', *, *, #535, .T. ) ;
#1744 = DIRECTION ( 'NONE',  ( 0.000000000000000000, 1.000000000000000000, 0.000000000000000000 ) ) ;
#1745 = DIRECTION ( 'NONE',  ( -0.000000000000000000, -1.000000000000000000, -0.000000000000000000 ) ) ;
#1746 = SURFACE_STYLE_FILL_AREA ( #589 ) ;
#1747 = DIRECTION ( 'NONE',  ( -1.000000000000000000, 0.000000000000000000, -0.000000000000000000 ) ) ;
#1748 = CARTESIAN_POINT ( 'NONE',  ( 1.711201698915527647, 0.01574803149606299191, 5.875000000000000000 ) ) ;
#1749 = ORIENTED_EDGE ( 'NONE', *, *, #1689, .T. ) ;
#1750 = ORIENTED_EDGE ( 'NONE', *, *, #1075, .F. ) ;
#1751 = EDGE_CURVE ( 'NONE', #577, #204, #962, .T. ) ;
#1752 = VECTOR ( 'NONE', #1863, 39.37007874015748143 ) ;
#1753 = ORIENTED_EDGE ( 'NONE', *, *, #1514, .T. ) ;
#1754 = FILL_AREA_STYLE_COLOUR ( '', #1041 ) ;
#1755 = CARTESIAN_POINT ( 'NONE',  ( 1.062500000000001332, 0.01574803149606299191, 1.749999999999999556 ) ) ;
#1756 = DIRECTION ( 'NONE',  ( 0.9079774884457773032, 0.000000000000000000, -0.4190189500198031602 ) ) ;
#1757 = CARTESIAN_POINT ( 'NONE',  ( 1.035228893933486827, 0.000000000000000000, 4.699999999999999289 ) ) ;
#1758 = VECTOR ( 'NONE', #1492, 39.37007874015748143 ) ;
#1759 = VECTOR ( 'NONE', #544, 39.37007874015748854 ) ;
#1760 = EDGE_CURVE ( 'NONE', #1660, #1798, #127, .T. ) ;
#1761 = EDGE_LOOP ( 'NONE', ( #1366, #1153, #682, #192 ) ) ;
#1762 = DIRECTION ( 'NONE',  ( -1.000000000000000000, -0.000000000000000000, -3.902639990948950906E-16 ) ) ;
#1763 = CARTESIAN_POINT ( 'NONE',  ( 0.4125000000000009215, 0.01574803149606299191, 5.875000000000000000 ) ) ;
#1764 = DIRECTION ( 'NONE',  ( -0.000000000000000000, -1.000000000000000000, -0.000000000000000000 ) ) ;
#1765 = PLANE ( 'NONE',  #1694 ) ;
#1766 = FACE_OUTER_BOUND ( 'NONE', #1404, .T. ) ;
#1767 = LENGTH_MEASURE_WITH_UNIT ( LENGTH_MEASURE( 0.02539999999999999897 ), #618 );
#1768 = ORIENTED_EDGE ( 'NONE', *, *, #910, .T. ) ;
#1769 = DIRECTION ( 'NONE',  ( 0.000000000000000000, -0.000000000000000000, -1.000000000000000000 ) ) ;
#1770 = EDGE_CURVE ( 'NONE', #988, #1402, #1571, .T. ) ;
#1771 = DIRECTION ( 'NONE',  ( 0.4190189500198022166, 0.000000000000000000, -0.9079774884457776363 ) ) ;
#1772 = CARTESIAN_POINT ( 'NONE',  ( 2.420282218537320063, 0.000000000000000000, 2.249999999999999556 ) ) ;
#1773 = VECTOR ( 'NONE', #257, 39.37007874015748143 ) ;
#1774 = DIRECTION ( 'NONE',  ( -1.000000000000000000, 0.000000000000000000, 3.061616997868384127E-16 ) ) ;
#1775 = DIRECTION ( 'NONE',  ( 1.000000000000000000, -0.000000000000000000, 0.000000000000000000 ) ) ;
#1776 = UNCERTAINTY_MEASURE_WITH_UNIT (LENGTH_MEASURE( 1.000000000000000082E-05 ), #1410, 'distance_accuracy_value', 'NONE');
#1777 = VECTOR ( 'NONE', #195, 39.37007874015748143 ) ;
#1778 = ORIENTED_EDGE ( 'NONE', *, *, #795, .T. ) ;
#1779 = SHAPE_DEFINITION_REPRESENTATION ( #1679, #1037 ) ;
#1780 = LINE ( 'NONE', #461, #1619 ) ;
#1781 = EDGE_LOOP ( 'NONE', ( #997, #1060, #187, #1443 ) ) ;
#1782 = SURFACE_STYLE_FILL_AREA ( #322 ) ;
#1783 = EDGE_CURVE ( 'NONE', #1356, #606, #1265, .T. ) ;
#1784 = LINE ( 'NONE', #1515, #870 ) ;
#1785 = EDGE_CURVE ( 'NONE', #653, #1810, #265, .T. ) ;
#1786 = AXIS2_PLACEMENT_3D ( 'NONE', #308, #1448, #1769 ) ;
#1787 = ORIENTED_EDGE ( 'NONE', *, *, #1294, .T. ) ;
#1788 = CARTESIAN_POINT ( 'NONE',  ( 1.775000000000000133, 0.000000000000000000, 4.286263797015734746E-17 ) ) ;
#1789 = ORIENTED_EDGE ( 'NONE', *, *, #805, .F. ) ;
#1790 = CARTESIAN_POINT ( 'NONE',  ( 0.06250000000000098532, 0.01574803149606299191, 5.875000000000000000 ) ) ;
#1791 = EDGE_CURVE ( 'NONE', #1837, #1356, #1873, .T. ) ;
#1792 = AXIS2_PLACEMENT_3D ( 'NONE', #609, #464, #481 ) ;
#1793 = CLOSED_SHELL ( 'NONE', ( #887, #1142, #651, #938 ) ) ;
#1794 = EDGE_CURVE ( 'NONE', #485, #933, #975, .T. ) ;
#1795 = VECTOR ( 'NONE', #1671, 39.37007874015748143 ) ;
#1796 = ORIENTED_EDGE ( 'NONE', *, *, #1174, .T. ) ;
#1797 = ORIENTED_EDGE ( 'NONE', *, *, #437, .F. ) ;
#1798 = VERTEX_POINT ( 'NONE', #694 ) ;
#1799 = DIRECTION ( 'NONE',  ( 0.000000000000000000, 0.000000000000000000, 1.000000000000000000 ) ) ;
#1800 = ORIENTED_EDGE ( 'NONE', *, *, #573, .T. ) ;
#1801 = CARTESIAN_POINT ( 'NONE',  ( 0.06250000000000098532, 0.000000000000000000, 5.875000000000000000 ) ) ;
#1802 = DIRECTION ( 'NONE',  ( 0.4190189500198026606, 0.000000000000000000, 0.9079774884457776363 ) ) ;
#1803 = LINE ( 'NONE', #637, #947 ) ;
#1804 = ORIENTED_EDGE ( 'NONE', *, *, #1815, .T. ) ;
#1805 = ADVANCED_FACE ( 'NONE', ( #1298 ), #1146, .F. ) ;
#1806 = ORIENTED_EDGE ( 'NONE', *, *, #550, .F. ) ;
#1807 = STYLED_ITEM ( 'NONE', ( #383 ), #887 ) ;
#1808 = PRESENTATION_STYLE_ASSIGNMENT (( #1691 ) ) ;
#1809 = DIRECTION ( 'NONE',  ( 1.000000000000000000, -0.000000000000000000, -0.000000000000000000 ) ) ;
#1810 = VERTEX_POINT ( 'NONE', #1336 ) ;
#1811 = DIRECTION ( 'NONE',  ( 0.000000000000000000, 1.000000000000000000, 0.000000000000000000 ) ) ;
#1812 = VECTOR ( 'NONE', #952, 39.37007874015748143 ) ;
#1813 = DIRECTION ( 'NONE',  ( -0.7494042329699062144, 0.000000000000000000, 0.6621127514304391282 ) ) ;
#1814 = ORIENTED_EDGE ( 'NONE', *, *, #3, .F. ) ;
#1815 = EDGE_CURVE ( 'NONE', #1012, #577, #588, .T. ) ;
#1816 = DIRECTION ( 'NONE',  ( -1.000000000000000000, -0.000000000000000000, -1.040703997586385594E-15 ) ) ;
#1817 = COLOUR_RGB ( '',0.9098039215686274384, 0.4431372549019607643, 0.03137254901960784270 ) ;
#1818 = AXIS2_PLACEMENT_3D ( 'NONE', #182, #1193, #906 ) ;
#1819 = VECTOR ( 'NONE', #915, 39.37007874015748143 ) ;
#1820 = SURFACE_STYLE_FILL_AREA ( #691 ) ;
#1821 = ORIENTED_EDGE ( 'NONE', *, *, #44, .F. ) ;
#1822 = FACE_OUTER_BOUND ( 'NONE', #176, .T. ) ;
#1823 = CARTESIAN_POINT ( 'NONE',  ( 1.062500000000001332, 0.01574803149606299191, 1.749999999999999556 ) ) ;
#1824 = FACE_OUTER_BOUND ( 'NONE', #1643, .T. ) ;
#1825 = ORIENTED_EDGE ( 'NONE', *, *, #831, .T. ) ;
#1826 = CARTESIAN_POINT ( 'NONE',  ( 1.062500000000000000, 0.000000000000000000, -0.4560746942661110248 ) ) ;
#1827 = EDGE_LOOP ( 'NONE', ( #1868, #951, #1831, #1538, #903, #1317, #54, #249, #1211, #393, #1149, #547, #1577 ) ) ;
#1828 = DIRECTION ( 'NONE',  ( 0.4190189500198027162, -0.000000000000000000, -0.9079774884457775252 ) ) ;
#1829 = ADVANCED_FACE ( 'NONE', ( #1605 ), #319, .T. ) ;
#1830 = CARTESIAN_POINT ( 'NONE',  ( 1.062500000000001332, 0.000000000000000000, 1.749999999999999556 ) ) ;
#1831 = ORIENTED_EDGE ( 'NONE', *, *, #1815, .F. ) ;
#1832 = DIRECTION ( 'NONE',  ( 1.000000000000000000, 0.000000000000000000, -0.000000000000000000 ) ) ;
#1833 = AXIS2_PLACEMENT_3D ( 'NONE', #1319, #580, #300 ) ;
#1834 = ORIENTED_EDGE ( 'NONE', *, *, #674, .T. ) ;
#1835 = DIRECTION ( 'NONE',  ( 0.4190189500198031047, -0.000000000000000000, 0.9079774884457773032 ) ) ;
#1836 = DIRECTION ( 'NONE',  ( -0.000000000000000000, -1.000000000000000000, -0.000000000000000000 ) ) ;
#1837 = VERTEX_POINT ( 'NONE', #1594 ) ;
#1838 = VECTOR ( 'NONE', #356, 39.37007874015748143 ) ;
#1839 = CARTESIAN_POINT ( 'NONE',  ( 0.4125000000000009215, 0.000000000000000000, 6.403610873667444636 ) ) ;
#1840 = DIRECTION ( 'NONE',  ( 0.000000000000000000, 0.000000000000000000, -1.000000000000000000 ) ) ;
#1841 = PLANE ( 'NONE',  #137 ) ;
#1842 = DIRECTION ( 'NONE',  ( -1.000000000000000000, -0.000000000000000000, -0.000000000000000000 ) ) ;
#1843 = EDGE_CURVE ( 'NONE', #489, #479, #1346, .T. ) ;
#1844 = VERTEX_POINT ( 'NONE', #730 ) ;
#1845 = DIRECTION ( 'NONE',  ( -1.000000000000000000, 0.000000000000000000, 0.000000000000000000 ) ) ;
#1846 = VECTOR ( 'NONE', #284, 39.37007874015748143 ) ;
#1847 =( CONVERSION_BASED_UNIT ( 'INCH', #1119 ) LENGTH_UNIT ( ) NAMED_UNIT ( #1196 ) );
#1848 = ORIENTED_EDGE ( 'NONE', *, *, #805, .T. ) ;
#1849 = CARTESIAN_POINT ( 'NONE',  ( 2.022666030567772832, 0.01574803149606299191, 5.500000000000000000 ) ) ;
#1850 = AXIS2_PLACEMENT_3D ( 'NONE', #1479, #896, #607 ) ;
#1851 = DIRECTION ( 'NONE',  ( 0.000000000000000000, 1.000000000000000000, 0.000000000000000000 ) ) ;
#1852 = ORIENTED_EDGE ( 'NONE', *, *, #79, .F. ) ;
#1853 = SURFACE_STYLE_FILL_AREA ( #574 ) ;
#1854 = EDGE_CURVE ( 'NONE', #918, #115, #1180, .T. ) ;
#1855 = FILL_AREA_STYLE_COLOUR ( '', #690 ) ;
#1856 = ORIENTED_EDGE ( 'NONE', *, *, #604, .T. ) ;
#1857 =( NAMED_UNIT ( * ) SI_UNIT ( $, .STERADIAN. ) SOLID_ANGLE_UNIT ( ) );
#1858 = AXIS2_PLACEMENT_3D ( 'NONE', #1823, #1676, #916 ) ;
#1859 = CIRCLE ( 'NONE', #626, 0.8124999999999995559 ) ;
#1860 = SURFACE_STYLE_USAGE ( .BOTH. , #1273 ) ;
#1861 = ORIENTED_EDGE ( 'NONE', *, *, #689, .F. ) ;
#1862 = STYLED_ITEM ( 'NONE', ( #1808 ), #140 ) ;
#1863 = DIRECTION ( 'NONE',  ( -1.000000000000000000, -0.000000000000000000, -1.040703997586385594E-15 ) ) ;
#1864 = SURFACE_SIDE_STYLE ('',( #135 ) ) ;
#1865 = CARTESIAN_POINT ( 'NONE',  ( 0.4124999999999989231, 0.01574803149606299191, 4.350000000000000533 ) ) ;
#1866 = VERTEX_POINT ( 'NONE', #1027 ) ;
#1867 = CARTESIAN_POINT ( 'NONE',  ( 1.711201698915527425, 0.01574803149606299191, 7.344919660103016668 ) ) ;
#1868 = ORIENTED_EDGE ( 'NONE', *, *, #1737, .F. ) ;
#1869 = ADVANCED_FACE ( 'NONE', ( #292 ), #1468, .T. ) ;
#1870 =( GEOMETRIC_REPRESENTATION_CONTEXT ( 3 ) GLOBAL_UNCERTAINTY_ASSIGNED_CONTEXT ( ( #946 ) ) GLOBAL_UNIT_ASSIGNED_CONTEXT ( ( #1228, #337, #1362 ) ) REPRESENTATION_CONTEXT ( 'NONE', 'WORKASPACE' ) );
#1871 = ORIENTED_EDGE ( 'NONE', *, *, #1647, .T. ) ;
#1872 = CYLINDRICAL_SURFACE ( 'NONE', #796, 1.124999999999999778 ) ;
#1873 = LINE ( 'NONE', #553, #382 ) ;
#1874 = DIRECTION ( 'NONE',  ( -0.000000000000000000, -1.000000000000000000, -0.000000000000000000 ) ) ;
#1875 = VECTOR ( 'NONE', #1337, 39.37007874015748143 ) ;
#1876 = ORIENTED_EDGE ( 'NONE', *, *, #995, .T. ) ;
#1877 = CYLINDRICAL_SURFACE ( 'NONE', #863, 0.8124999999999997780 ) ;
#1878 = CARTESIAN_POINT ( 'NONE',  ( 0.06250000000000098532, 0.01574803149606299191, 5.875000000000000000 ) ) ;
#1879 = EDGE_LOOP ( 'NONE', ( #1678, #761, #1750, #25 ) ) ;
#1880 = VECTOR ( 'NONE', #134, 39.37007874015748143 ) ;
#1881 = ADVANCED_FACE ( 'NONE', ( #157 ), #1622, .F. ) ;
#1882 = ORIENTED_EDGE ( 'NONE', *, *, #324, .T. ) ;
#1883 = LINE ( 'NONE', #150, #1230 ) ;
#1884 = DIRECTION ( 'NONE',  ( 0.000000000000000000, 0.000000000000000000, -1.000000000000000000 ) ) ;
#1885 = SURFACE_SIDE_STYLE ('',( #1746 ) ) ;
#1886 = DIRECTION ( 'NONE',  ( 0.000000000000000000, 0.000000000000000000, -1.000000000000000000 ) ) ;
#1887 =( GEOMETRIC_REPRESENTATION_CONTEXT ( 3 ) GLOBAL_UNCERTAINTY_ASSIGNED_CONTEXT ( ( #1127 ) ) GLOBAL_UNIT_ASSIGNED_CONTEXT ( ( #273, #713, #1460 ) ) REPRESENTATION_CONTEXT ( 'NONE', 'WORKASPACE' ) );
#1888 = CARTESIAN_POINT ( 'NONE',  ( 1.711201698915527425, 0.000000000000000000, 7.344919660103016668 ) ) ;
#1889 = CIRCLE ( 'NONE', #24, 1.446918295197114013 ) ;
#1890 = VERTEX_POINT ( 'NONE', #1169 ) ;
#1891 = ORIENTED_EDGE ( 'NONE', *, *, #437, .T. ) ;
ENDSEC;
END-ISO-10303-21;
