ISO-10303-21;
HEADER;
FILE_DESCRIPTION (( 'STEP AP214' ),
    '1' );
FILE_NAME ('Eggfinder LCD Case V2 Battery Door Text Inlay.STEP',
    '2026-05-24T17:32:59',
    ( '' ),
    ( '' ),
    'SwSTEP 2.0',
    'SolidWorks 2024',
    '' );
FILE_SCHEMA (( 'AUTOMOTIVE_DESIGN' ));
ENDSEC;

DATA;
#1 = CARTESIAN_POINT ( 'NONE',  ( 1.268595876722021565, 2.134256245050205639E-18, -0.5950721946915216165 ) ) ;
#2 = STYLED_ITEM ( 'NONE', ( #2047 ), #2985 ) ;
#3 = CARTESIAN_POINT ( 'NONE',  ( 1.052978897330901997, 0.000000000000000000, -0.4818628813932483990 ) ) ;
#4 = CARTESIAN_POINT ( 'NONE',  ( 1.991913591447057597, 0.01574803149606299885, -0.4861443927849949387 ) ) ;
#5 = VECTOR ( 'NONE', #125, 39.37007874015748143 ) ;
#6 = CARTESIAN_POINT ( 'NONE',  ( 1.052890625000000080, -0.3384390870230564174, -0.4832714843749997824 ) ) ;
#7 = CARTESIAN_POINT ( 'NONE',  ( 2.050107421875000391, 0.01574803149606299191, -0.3549999999999996492 ) ) ;
#8 = CARTESIAN_POINT ( 'NONE',  ( 1.549374999999999725, -0.3384390870230564174, -0.5518749999999997824 ) ) ;
#9 = DIRECTION ( 'NONE',  ( -0.000000000000000000, 1.000000000000000000, -0.000000000000000000 ) ) ;
#10 = CARTESIAN_POINT ( 'NONE',  ( 0.9045182566459573081, 0.000000000000000000, -0.5549892751282352599 ) ) ;
#11 = VECTOR ( 'NONE', #424, 39.37007874015748143 ) ;
#12 = CARTESIAN_POINT ( 'NONE',  ( 1.772922235427479176, -6.402768735150616918E-18, -0.5741973516797700405 ) ) ;
#13 = CARTESIAN_POINT ( 'NONE',  ( 1.283956074904452960, 0.01574803149606299538, -0.5519957327939851721 ) ) ;
#14 = CARTESIAN_POINT ( 'NONE',  ( 0.9809268228616009333, 0.01574803149606299191, -0.5976799259556466737 ) ) ;
#15 = LINE ( 'NONE', #787, #580 ) ;
#16 = CLOSED_SHELL ( 'NONE', ( #5293, #6164, #3891, #1442, #3858, #6047, #1154, #2332, #2930, #967, #2699, #6303, #506, #1073, #866, #4664, #4352, #3307 ) ) ;
#17 = CARTESIAN_POINT ( 'NONE',  ( 2.127136007731350364, -2.134256245050205639E-18, -0.5987265602660675201 ) ) ;
#18 = CARTESIAN_POINT ( 'NONE',  ( 1.503183593749999769, 0.01574803149606299191, -0.5518749999999997824 ) ) ;
#19 = AXIS2_PLACEMENT_3D ( 'NONE', #668, #3213, #6445 ) ;
#20 = PLANE ( 'NONE',  #5291 ) ;
#21 = CARTESIAN_POINT ( 'NONE',  ( 0.6737402343749998579, 0.000000000000000000, -0.5018749999999998490 ) ) ;
#22 = CARTESIAN_POINT ( 'NONE',  ( 1.257024872294380424, 0.000000000000000000, -0.5706365735033214204 ) ) ;
#23 =( CONVERSION_BASED_UNIT ( 'INCH', #4183 ) LENGTH_UNIT ( ) NAMED_UNIT ( #4399 ) );
#24 = CARTESIAN_POINT ( 'NONE',  ( 1.549796778711957979, 0.01574803149606299191, -0.3757689762608206752 ) ) ;
#25 = ORIENTED_EDGE ( 'NONE', *, *, #1236, .F. ) ;
#26 = ORIENTED_EDGE ( 'NONE', *, *, #4479, .T. ) ;
#27 = CARTESIAN_POINT ( 'NONE',  ( 1.229899074122413394, 2.134256245050205639E-18, -0.5761896830186833407 ) ) ;
#28 = CARTESIAN_POINT ( 'NONE',  ( 1.788490774745094658, -6.402768735150616918E-18, -0.5949189038679593144 ) ) ;
#29 = CARTESIAN_POINT ( 'NONE',  ( 1.333992683923965972, 2.134256245050205639E-18, -0.3771084382536133983 ) ) ;
#30 = CARTESIAN_POINT ( 'NONE',  ( 1.979133116242129065, 2.134256245050205639E-18, -0.4787707265917642285 ) ) ;
#31 = CARTESIAN_POINT ( 'NONE',  ( 1.654892578124999680, 0.000000000000000000, -0.5518749999999997824 ) ) ;
#32 = CARTESIAN_POINT ( 'NONE',  ( 0.8470645603078316155, 0.01574803149606299191, -0.5943799281695901771 ) ) ;
#33 = VERTEX_POINT ( 'NONE', #413 ) ;
#34 = ORIENTED_EDGE ( 'NONE', *, *, #1549, .F. ) ;
#35 = CARTESIAN_POINT ( 'NONE',  ( 0.6267051902758962179, 2.134256245050205639E-18, -0.5836871247622142933 ) ) ;
#36 = FACE_BOUND ( 'NONE', #4719, .T. ) ;
#37 = DIRECTION ( 'NONE',  ( 0.000000000000000000, 0.000000000000000000, -1.000000000000000000 ) ) ;
#38 = CARTESIAN_POINT ( 'NONE',  ( 1.043757428911911589, 0.01574803149606299538, -0.5812185311364524987 ) ) ;
#39 = CARTESIAN_POINT ( 'NONE',  ( 1.812851562500000124, 0.01574803149606299191, -0.6018749999999996048 ) ) ;
#40 = DIRECTION ( 'NONE',  ( -0.000000000000000000, 1.000000000000000000, -0.000000000000000000 ) ) ;
#41 = CARTESIAN_POINT ( 'NONE',  ( 0.9462499999999999245, -0.3384390870230564174, -0.4956249999999998712 ) ) ;
#42 = CARTESIAN_POINT ( 'NONE',  ( 0.9479690290655381490, 2.134256245050205639E-18, -0.3703723437172699584 ) ) ;
#43 = CARTESIAN_POINT ( 'NONE',  ( 1.047413250152736675, 0.01574803149606298844, -0.5647530901664138403 ) ) ;
#44 = CARTESIAN_POINT ( 'NONE',  ( 0.8014791820610762674, 0.01574803149606299538, -0.5105737321222107994 ) ) ;
#45 = CARTESIAN_POINT ( 'NONE',  ( 2.019150390625000124, 0.01574803149606298844, -0.5161816406249996048 ) ) ;
#46 = CARTESIAN_POINT ( 'NONE',  ( 2.027172448892293311, 0.01574803149606299191, -0.5499292866216880515 ) ) ;
#47 = CARTESIAN_POINT ( 'NONE',  ( 2.005663908221247294, -2.134256245050205639E-18, -0.4292005998741413308 ) ) ;
#48 = CARTESIAN_POINT ( 'NONE',  ( 0.8026302593520904249, 0.01574803149606299538, -0.3957530904819944184 ) ) ;
#49 = CARTESIAN_POINT ( 'NONE',  ( 1.002439791185832041, 0.01574803149606299538, -0.5684573408414742568 ) ) ;
#50 = CARTESIAN_POINT ( 'NONE',  ( 1.260979459275512360, 0.01574803149606299191, -0.5622399354113946091 ) ) ;
#51 = CARTESIAN_POINT ( 'NONE',  ( 1.951036693698036784, 0.01574803149606298844, -0.4428627328585466039 ) ) ;
#52 = LINE ( 'NONE', #5116, #4182 ) ;
#53 = ORIENTED_EDGE ( 'NONE', *, *, #2324, .F. ) ;
#54 = CARTESIAN_POINT ( 'NONE',  ( 1.965269277469989806, 0.000000000000000000, -0.3815504561701469899 ) ) ;
#55 = CARTESIAN_POINT ( 'NONE',  ( 1.957905484821018005, 0.01574803149606299191, -0.4596564427443452505 ) ) ;
#56 = EDGE_CURVE ( 'NONE', #5315, #6166, #5474, .T. ) ;
#57 = DIRECTION ( 'NONE',  ( 0.000000000000000000, 1.000000000000000000, 0.000000000000000000 ) ) ;
#58 = VERTEX_POINT ( 'NONE', #951 ) ;
#59 = VECTOR ( 'NONE', #1956, 39.37007874015748143 ) ;
#60 = ORIENTED_EDGE ( 'NONE', *, *, #1962, .F. ) ;
#61 = EDGE_CURVE ( 'NONE', #5939, #739, #990, .T. ) ;
#62 = CARTESIAN_POINT ( 'NONE',  ( 0.7540556099053278283, 0.01574803149606299885, -0.6016278692608959533 ) ) ;
#63 = CARTESIAN_POINT ( 'NONE',  ( 1.719665942352538224, -2.134256245050205639E-18, -0.3520871973834255320 ) ) ;
#64 = CARTESIAN_POINT ( 'NONE',  ( 2.155625000000000124, 0.01574803149606299191, -0.5661328124999995826 ) ) ;
#65 = CARTESIAN_POINT ( 'NONE',  ( 1.047429110027002341, 0.000000000000000000, -0.5890032691636850615 ) ) ;
#66 = FACE_BOUND ( 'NONE', #6365, .T. ) ;
#67 = CARTESIAN_POINT ( 'NONE',  ( 1.964726302747429099, 0.000000000000000000, -0.5118480144107111496 ) ) ;
#68 = CARTESIAN_POINT ( 'NONE',  ( 1.796794995144111562, 2.134256245050205639E-18, -0.5994440785934681548 ) ) ;
#69 = CARTESIAN_POINT ( 'NONE',  ( 1.980235860394018443, 0.000000000000000000, -0.3686997713500977936 ) ) ;
#70 = CARTESIAN_POINT ( 'NONE',  ( 1.654892578124999680, -0.3384390870230564174, -0.5518749999999997824 ) ) ;
#71 = CARTESIAN_POINT ( 'NONE',  ( 1.044528197533741709, 0.01574803149606299191, -0.5835900606005240965 ) ) ;
#72 = DIRECTION ( 'NONE',  ( 0.000000000000000000, 1.000000000000000000, 0.000000000000000000 ) ) ;
#73 = CARTESIAN_POINT ( 'NONE',  ( 2.015146484375000213, 0.000000000000000000, -0.5293164062499996492 ) ) ;
#74 = CARTESIAN_POINT ( 'NONE',  ( 1.854008865363889313, 2.134256245050205639E-18, -0.5624299620574714220 ) ) ;
#75 = CARTESIAN_POINT ( 'NONE',  ( 1.002499999999999947, 0.01574803149606299191, -0.5662304687499998268 ) ) ;
#76 = PLANE ( 'NONE',  #5192 ) ;
#77 = CARTESIAN_POINT ( 'NONE',  ( 1.949456639692366489, 0.01574803149606298844, -0.4296830041757962459 ) ) ;
#78 = CARTESIAN_POINT ( 'NONE',  ( 1.903399071743901105, 2.134256245050205639E-18, -0.3521647900860443992 ) ) ;
#79 = ORIENTED_EDGE ( 'NONE', *, *, #4588, .T. ) ;
#80 = EDGE_LOOP ( 'NONE', ( #4315, #3046, #3114, #5619 ) ) ;
#81 = CARTESIAN_POINT ( 'NONE',  ( 1.987823746112578949, 0.01574803149606299191, -0.3645967972455707584 ) ) ;
#82 = CARTESIAN_POINT ( 'NONE',  ( 1.466414575201084869, 2.134256245050205639E-18, -0.5703224049498253345 ) ) ;
#83 = ADVANCED_FACE ( 'NONE', ( #4524, #3540, #3044 ), #539, .T. ) ;
#84 = CARTESIAN_POINT ( 'NONE',  ( 0.9856832025135261466, 0.01574803149606299191, -0.3533280792926383196 ) ) ;
#85 = EDGE_LOOP ( 'NONE', ( #1227, #5578, #603, #4195 ) ) ;
#86 = ADVANCED_FACE ( 'NONE', ( #2090 ), #3375, .F. ) ;
#87 = CARTESIAN_POINT ( 'NONE',  ( 0.8324829121801686771, 0.000000000000000000, -0.3527811627032109709 ) ) ;
#88 = VERTEX_POINT ( 'NONE', #2166 ) ;
#89 = EDGE_CURVE ( 'NONE', #4389, #5722, #6325, .T. ) ;
#90 = CARTESIAN_POINT ( 'NONE',  ( 1.382773271371878332, 2.134256245050205639E-18, -0.3599752496326636408 ) ) ;
#91 = CARTESIAN_POINT ( 'NONE',  ( 0.6335058593749998135, 0.000000000000000000, -0.5724804687499998046 ) ) ;
#92 = CARTESIAN_POINT ( 'NONE',  ( 1.682285156249999858, 0.000000000000000000, -0.5752148437499997602 ) ) ;
#93 = CARTESIAN_POINT ( 'NONE',  ( 0.7951757812499999911, 0.000000000000000000, -0.3738476562499999378 ) ) ;
#94 = CARTESIAN_POINT ( 'NONE',  ( 0.8733496093749999467, 0.01574803149606299885, -0.5516308593749998934 ) ) ;
#95 = CARTESIAN_POINT ( 'NONE',  ( 1.489829517064337416, 0.01574803149606299191, -0.5533191483123864884 ) ) ;
#96 = CARTESIAN_POINT ( 'NONE',  ( 1.964726302747429099, 0.01574803149606299191, -0.5118480144107111496 ) ) ;
#97 = LINE ( 'NONE', #2113, #5036 ) ;
#98 = CARTESIAN_POINT ( 'NONE',  ( 0.8820450314032773909, 0.000000000000000000, -0.5537285913091706258 ) ) ;
#99 = VERTEX_POINT ( 'NONE', #571 ) ;
#100 = MECHANICAL_DESIGN_GEOMETRIC_PRESENTATION_REPRESENTATION (  '', ( #2 ), #1170 ) ;
#101 = CARTESIAN_POINT ( 'NONE',  ( 1.698312313118254480, 0.01574803149606298844, -0.3682138460519250311 ) ) ;
#102 = CARTESIAN_POINT ( 'NONE',  ( 0.6815702274019851403, 0.01574803149606299191, -0.3521196518815560283 ) ) ;
#103 = CARTESIAN_POINT ( 'NONE',  ( 1.045197456207877851, 0.01574803149606298844, -0.5851796106746078863 ) ) ;
#104 = VECTOR ( 'NONE', #3414, 39.37007874015748143 ) ;
#105 = CARTESIAN_POINT ( 'NONE',  ( 2.001286800418572209, 0.01574803149606299191, -0.5930449820051355569 ) ) ;
#106 = ADVANCED_FACE ( 'NONE', ( #3574 ), #76, .T. ) ;
#107 = CARTESIAN_POINT ( 'NONE',  ( 2.037521308832894729, 0.01574803149606299191, -0.4602926517293739472 ) ) ;
#108 = EDGE_CURVE ( 'NONE', #2670, #6032, #1606, .T. ) ;
#109 = DIRECTION ( 'NONE',  ( 0.000000000000000000, -0.000000000000000000, -1.000000000000000000 ) ) ;
#110 = CARTESIAN_POINT ( 'NONE',  ( 0.9065039062499998801, -0.3384390870230564174, -0.5549999999999999378 ) ) ;
#111 = CARTESIAN_POINT ( 'NONE',  ( 1.256748046875000080, 0.000000000000000000, -0.5752148437499997602 ) ) ;
#112 = CARTESIAN_POINT ( 'NONE',  ( 1.961460375549708202, 0.01574803149606299191, -0.5490534594132420176 ) ) ;
#113 = CARTESIAN_POINT ( 'NONE',  ( 1.908212429653283859, 2.134256245050205639E-18, -0.3535862439089139664 ) ) ;
#114 = AXIS2_PLACEMENT_3D ( 'NONE', #2463, #1955, #2890 ) ;
#115 = EDGE_LOOP ( 'NONE', ( #2549, #6414, #2333, #3964 ) ) ;
#116 = CARTESIAN_POINT ( 'NONE',  ( 1.882393206926390228, 0.01574803149606298844, -0.3553523448626415004 ) ) ;
#117 = CARTESIAN_POINT ( 'NONE',  ( 2.017295303861960321, 2.134256245050205639E-18, -0.5191742615367678226 ) ) ;
#118 = CARTESIAN_POINT ( 'NONE',  ( 0.7178096737971819685, 0.01574803149606299885, -0.5794422535706399424 ) ) ;
#119 = VERTEX_POINT ( 'NONE', #4153 ) ;
#120 = ORIENTED_EDGE ( 'NONE', *, *, #786, .T. ) ;
#121 = ORIENTED_EDGE ( 'NONE', *, *, #3601, .T. ) ;
#122 = CARTESIAN_POINT ( 'NONE',  ( 0.7742552463041310062, 0.01574803149606299885, -0.5801756533029216456 ) ) ;
#123 = CARTESIAN_POINT ( 'NONE',  ( 0.6018029364463032271, 2.134256245050205639E-18, -0.6018554773650260925 ) ) ;
#124 = CARTESIAN_POINT ( 'NONE',  ( 2.041917022817901106, 0.01574803149606299885, -0.3990127331662254306 ) ) ;
#125 = DIRECTION ( 'NONE',  ( -0.000000000000000000, 1.000000000000000000, -0.000000000000000000 ) ) ;
#126 = CARTESIAN_POINT ( 'NONE',  ( 1.503183593749999769, -0.1613455277634967266, -0.5987499999999996714 ) ) ;
#127 = ORIENTED_EDGE ( 'NONE', *, *, #4033, .F. ) ;
#128 = CARTESIAN_POINT ( 'NONE',  ( 0.9634527451739841597, 0.01574803149606299191, -0.3537421104536338512 ) ) ;
#129 =( LENGTH_UNIT ( ) NAMED_UNIT ( * ) SI_UNIT ( $, .METRE. ) );
#130 = B_SPLINE_SURFACE_WITH_KNOTS ( 'NONE', 3, 1, ( 
 ( #45, #4547 ),
 ( #2564, #565 ),
 ( #2160, #5177 ),
 ( #4579, #2051 ),
 ( #1571, #2086 ),
 ( #5570, #4116 ),
 ( #4082, #6137 ),
 ( #3065, #2125 ),
 ( #628, #1601 ),
 ( #3690, #1080 ),
 ( #6203, #1019 ) ),
 .UNSPECIFIED., .F., .F., .F.,
 ( 4, 1, 1, 1, 1, 1, 1, 1, 4 ),
 ( 2, 2 ),
 ( 0.000000000000000000, 0.1016086650192248308, 0.2002285167801886034, 0.2985548649906271113, 0.4001858370715999369, 0.5156077419860570776, 0.6545847419857562244, 0.8147068482680815960, 1.000000000000000000 ),
 ( 0.000000000000000000, 1.000000000000000000 ),
 .UNSPECIFIED. ) ;
#131 = DIRECTION ( 'NONE',  ( 0.000000000000000000, 0.000000000000000000, 1.000000000000000000 ) ) ;
#132 = CARTESIAN_POINT ( 'NONE',  ( 0.7009459247637601642, 0.000000000000000000, -0.3702123325273271592 ) ) ;
#133 = CARTESIAN_POINT ( 'NONE',  ( 0.8326720618200870172, -2.134256245050205639E-18, -0.5882724228539194522 ) ) ;
#134 = CARTESIAN_POINT ( 'NONE',  ( 1.991323374040437910, 2.134256245050205639E-18, -0.3630732187949410883 ) ) ;
#135 = CARTESIAN_POINT ( 'NONE',  ( 2.063274397401126947, 0.000000000000000000, -0.5549796907550272884 ) ) ;
#136 = EDGE_CURVE ( 'NONE', #5989, #33, #6143, .T. ) ;
#137 = CARTESIAN_POINT ( 'NONE',  ( 0.7951757812499999911, 0.01574803149606299538, -0.3738476562499999378 ) ) ;
#138 = VERTEX_POINT ( 'NONE', #3640 ) ;
#139 = DIRECTION ( 'NONE',  ( 0.000000000000000000, 1.000000000000000000, 0.000000000000000000 ) ) ;
#140 = CARTESIAN_POINT ( 'NONE',  ( 1.264383706977419086, 0.01574803149606299191, -0.5585927161988896161 ) ) ;
#141 = CARTESIAN_POINT ( 'NONE',  ( 1.965596531563910343, 0.01574803149606299885, -0.5614522652189352092 ) ) ;
#142 = LINE ( 'NONE', #3730, #1546 ) ;
#143 = ADVANCED_FACE ( 'NONE', ( #5705 ), #2359, .F. ) ;
#144 = VERTEX_POINT ( 'NONE', #1209 ) ;
#145 = ORIENTED_EDGE ( 'NONE', *, *, #3985, .F. ) ;
#146 = CARTESIAN_POINT ( 'NONE',  ( 1.968646128697536524, 0.01574803149606299191, -0.3780145474088106861 ) ) ;
#147 = CARTESIAN_POINT ( 'NONE',  ( 0.8580961260743287244, 0.000000000000000000, -0.5379659638510606579 ) ) ;
#148 = CARTESIAN_POINT ( 'NONE',  ( 1.963607270449075681, 0.01574803149606299191, -0.4669769042586778274 ) ) ;
#149 = CARTESIAN_POINT ( 'NONE',  ( 1.256748046874999858, 0.000000000000000000, -0.5752148437499997602 ) ) ;
#150 = ORIENTED_EDGE ( 'NONE', *, *, #4346, .F. ) ;
#151 = DIRECTION ( 'NONE',  ( 0.000000000000000000, 0.000000000000000000, 1.000000000000000000 ) ) ;
#152 = CARTESIAN_POINT ( 'NONE',  ( 1.441390423178507962, 0.01574803149606299191, -0.5519363073328391600 ) ) ;
#153 = CARTESIAN_POINT ( 'NONE',  ( 1.991981818166500773, -2.134256245050205639E-18, -0.5886664441442515106 ) ) ;
#154 = CARTESIAN_POINT ( 'NONE',  ( 0.7952062246936556500, 0.000000000000000000, -0.3730445017697057719 ) ) ;
#155 = CARTESIAN_POINT ( 'NONE',  ( 0.9957248583850670798, -2.134256245050205639E-18, -0.3602255297463956007 ) ) ;
#156 = CARTESIAN_POINT ( 'NONE',  ( 0.9504173665070517751, 0.01574803149606299191, -0.3648189040991775545 ) ) ;
#157 = CARTESIAN_POINT ( 'NONE',  ( 1.052977467056773975, 0.01574803149606299191, -0.4846804720124422983 ) ) ;
#158 = STYLED_ITEM ( 'NONE', ( #5807 ), #5151 ) ;
#159 = ORIENTED_EDGE ( 'NONE', *, *, #6554, .F. ) ;
#160 =( NAMED_UNIT ( * ) SI_UNIT ( $, .STERADIAN. ) SOLID_ANGLE_UNIT ( ) );
#161 = CARTESIAN_POINT ( 'NONE',  ( 1.949375000000000302, 0.01574803149606299191, -0.4263378906249996603 ) ) ;
#162 = VECTOR ( 'NONE', #3403, 39.37007874015748143 ) ;
#163 = CARTESIAN_POINT ( 'NONE',  ( 1.951765115097809922, 0.000000000000000000, -0.4070723292815294769 ) ) ;
#164 = CARTESIAN_POINT ( 'NONE',  ( 0.6779177560663457447, 0.01574803149606299191, -0.3519582115025515212 ) ) ;
#165 = CARTESIAN_POINT ( 'NONE',  ( 2.050107421875000391, 0.01574803149606299191, -0.3549999999999996492 ) ) ;
#166 = CARTESIAN_POINT ( 'NONE',  ( 1.439267578124999725, 0.000000000000000000, -0.5987499999999996714 ) ) ;
#167 = EDGE_CURVE ( 'NONE', #6382, #1364, #304, .T. ) ;
#168 = CARTESIAN_POINT ( 'NONE',  ( 0.8556760947845767351, 0.01574803149606299885, -0.5271571198129251234 ) ) ;
#169 = CARTESIAN_POINT ( 'NONE',  ( 2.014696810009165784, 0.01574803149606299191, -0.4520111365266911152 ) ) ;
#170 = EDGE_CURVE ( 'NONE', #3113, #926, #6311, .T. ) ;
#171 = CARTESIAN_POINT ( 'NONE',  ( 0.7702603667664941200, -2.134256245050205639E-18, -0.5915964491401602965 ) ) ;
#172 = CARTESIAN_POINT ( 'NONE',  ( 1.041363257269023679, 2.134256245050205639E-18, -0.3685086602160759228 ) ) ;
#173 = B_SPLINE_CURVE_WITH_KNOTS ( 'NONE', 3,
 ( #4826, #811, #2476, #6465, #3453, #2908, #6560, #5028, #1550, #5485, #1904, #4563, #4498, #484, #4962, #514, #6052, #5518, #1519 ),
 .UNSPECIFIED., .F., .F.,
 ( 4, 1, 1, 1, 1, 1, 1, 1, 1, 1, 1, 1, 1, 1, 1, 1, 4 ),
 ( 0.000000000000000000, 0.07785073165754585744, 0.1495777019454305190, 0.2172081798081249016, 0.2812529129940464223, 0.3404640246360773892, 0.3968303717185979185, 0.4510542574022862183, 0.5030144405125434037, 0.5554924710353554840, 0.6081745858257108228, 0.6645333173779561786, 0.7232055391651137644, 0.7854557928116432386, 0.8523331664781260697, 0.9230476400801198578, 1.000000000000000000 ),
 .UNSPECIFIED. ) ;
#174 = DIRECTION ( 'NONE',  ( 0.3232552230173955654, 0.000000000000000000, -0.9463118200635421973 ) ) ;
#175 = CARTESIAN_POINT ( 'NONE',  ( 1.985391077418826145, 6.402768735150616918E-18, -0.5845534892954187267 ) ) ;
#176 = CARTESIAN_POINT ( 'NONE',  ( 2.150685498281316388, 0.01574803149606299191, -0.5874851553354403233 ) ) ;
#177 = EDGE_CURVE ( 'NONE', #5181, #1906, #1758, .T. ) ;
#178 = CARTESIAN_POINT ( 'NONE',  ( 2.026506298138451623, 0.01574803149606298844, -0.5980382689244790884 ) ) ;
#179 = VERTEX_POINT ( 'NONE', #696 ) ;
#180 = ADVANCED_FACE ( 'NONE', ( #3786 ), #2696, .T. ) ;
#181 = CARTESIAN_POINT ( 'NONE',  ( 1.044077155213606778, 0.01574803149606299191, -0.3640750371343138836 ) ) ;
#182 = DIRECTION ( 'NONE',  ( -0.000000000000000000, 1.000000000000000000, -0.000000000000000000 ) ) ;
#183 = CARTESIAN_POINT ( 'NONE',  ( 1.737602020816181758, 0.000000000000000000, -0.3543798560698854794 ) ) ;
#184 = LINE ( 'NONE', #2207, #1644 ) ;
#185 = VERTEX_POINT ( 'NONE', #2760 ) ;
#186 = CARTESIAN_POINT ( 'NONE',  ( 1.223041611128310668, -2.134256245050205639E-18, -0.5910334772853688134 ) ) ;
#187 = CARTESIAN_POINT ( 'NONE',  ( 0.7540556099053278283, 0.000000000000000000, -0.6016278692608959533 ) ) ;
#188 = CARTESIAN_POINT ( 'NONE',  ( 1.174375000000000169, -0.3384390870230564174, -0.5049999999999997824 ) ) ;
#189 = CARTESIAN_POINT ( 'NONE',  ( 1.472646123046561284, 2.134256245050205639E-18, -0.5797950049923453752 ) ) ;
#190 = CARTESIAN_POINT ( 'NONE',  ( 0.8029017911606948221, 6.402768735150616918E-18, -0.3962838404839729711 ) ) ;
#191 = ORIENTED_EDGE ( 'NONE', *, *, #6434, .T. ) ;
#192 = CARTESIAN_POINT ( 'NONE',  ( 0.9582579479397153044, 0.01574803149606299191, -0.3564130735380296455 ) ) ;
#193 = CARTESIAN_POINT ( 'NONE',  ( 1.063720114036624365, 0.000000000000000000, -0.5015975517369541947 ) ) ;
#194 = ORIENTED_EDGE ( 'NONE', *, *, #5071, .F. ) ;
#195 = ORIENTED_EDGE ( 'NONE', *, *, #6044, .F. ) ;
#196 = CARTESIAN_POINT ( 'NONE',  ( 0.8572547198345604746, 0.01574803149606299191, -0.3782187160007872695 ) ) ;
#197 = CARTESIAN_POINT ( 'NONE',  ( 1.717082337932910541, 0.01574803149606299538, -0.3528420747793367673 ) ) ;
#198 = CARTESIAN_POINT ( 'NONE',  ( 0.6335058593742438626, 0.01574803149606299191, -0.5724804687512318191 ) ) ;
#199 = CARTESIAN_POINT ( 'NONE',  ( 0.8169367725002659730, -2.134256245050205639E-18, -0.5760103436580489289 ) ) ;
#200 = CARTESIAN_POINT ( 'NONE',  ( 1.986414966741246513, 2.134256245050205639E-18, -0.4887240528988435750 ) ) ;
#201 = CARTESIAN_POINT ( 'NONE',  ( 1.059728514501119490, 0.000000000000000000, -0.5563965360930586135 ) ) ;
#202 = CARTESIAN_POINT ( 'NONE',  ( 0.8850760180634359431, 0.01574803149606299191, -0.4970509742315297186 ) ) ;
#203 = DIRECTION ( 'NONE',  ( 0.000000000000000000, 1.000000000000000000, 0.000000000000000000 ) ) ;
#204 = COLOUR_RGB ( '',0.7921568627450980005, 0.8196078431372548767, 0.9333333333333333481 ) ;
#205 = LINE ( 'NONE', #2231, #6036 ) ;
#206 = AXIS2_PLACEMENT_3D ( 'NONE', #2621, #2189, #131 ) ;
#207 = CARTESIAN_POINT ( 'NONE',  ( 0.6322486846707069397, 2.134256245050205639E-18, -0.5745289608852465202 ) ) ;
#208 = CARTESIAN_POINT ( 'NONE',  ( 0.8269471904207696955, 0.000000000000000000, -0.5845974335617092343 ) ) ;
#209 = ORIENTED_EDGE ( 'NONE', *, *, #1641, .T. ) ;
#210 = LINE ( 'NONE', #2238, #2432 ) ;
#211 = CARTESIAN_POINT ( 'NONE',  ( 0.8389257812499998357, 0.000000000000000000, -0.5912304687499998490 ) ) ;
#212 = CARTESIAN_POINT ( 'NONE',  ( 0.6737402343749998579, -0.3384390870230564174, -0.5018749999999998490 ) ) ;
#213 = CARTESIAN_POINT ( 'NONE',  ( 1.755581751792777201, 0.000000000000000000, -0.3820809070311979583 ) ) ;
#214 = CARTESIAN_POINT ( 'NONE',  ( 0.8820450314032773909, 0.000000000000000000, -0.5537285913091706258 ) ) ;
#215 = CARTESIAN_POINT ( 'NONE',  ( 0.6737402343749998579, 0.01574803149606299191, -0.5018749999999998490 ) ) ;
#216 = ORIENTED_EDGE ( 'NONE', *, *, #2460, .T. ) ;
#217 = AXIS2_PLACEMENT_3D ( 'NONE', #110, #4152, #3539 ) ;
#218 = VERTEX_POINT ( 'NONE', #4343 ) ;
#219 = CARTESIAN_POINT ( 'NONE',  ( 1.053898275266144324, 0.01574803149606298844, -0.4766264996602866399 ) ) ;
#220 = CARTESIAN_POINT ( 'NONE',  ( 1.462864442998390135, 0.01574803149606299191, -0.5616756112620504560 ) ) ;
#221 = FACE_OUTER_BOUND ( 'NONE', #619, .T. ) ;
#222 = VECTOR ( 'NONE', #2239, 39.37007874015748143 ) ;
#223 = CARTESIAN_POINT ( 'NONE',  ( 1.815776431374291677, 0.01574803149606299885, -0.6018177230843485548 ) ) ;
#224 = CARTESIAN_POINT ( 'NONE',  ( 1.174375000000000169, -1.365923996832131609E-16, -0.3987499999999997158 ) ) ;
#225 = CARTESIAN_POINT ( 'NONE',  ( 0.5949659583850825939, 0.01574803149606299191, -0.6016660654787081564 ) ) ;
#226 = VERTEX_POINT ( 'NONE', #2729 ) ;
#227 = CARTESIAN_POINT ( 'NONE',  ( 1.230536905506808498, 0.01574803149606299191, -0.5713109094903326968 ) ) ;
#228 = CARTESIAN_POINT ( 'NONE',  ( 0.7741751852680384127, 0.01574803149606299885, -0.5756393366278587109 ) ) ;
#229 = CARTESIAN_POINT ( 'NONE',  ( 1.257844138210524099, 0.01574803149606299538, -0.5823019432618604663 ) ) ;
#230 = CARTESIAN_POINT ( 'NONE',  ( 0.8269471904207696955, -2.134256245050205639E-18, -0.5845974335617092343 ) ) ;
#231 = CARTESIAN_POINT ( 'NONE',  ( 1.601754476483687073, 2.134256245050205639E-18, -0.3645620637580315737 ) ) ;
#232 = CARTESIAN_POINT ( 'NONE',  ( 0.8627864884149806235, 0.000000000000000000, -0.5446684758754918310 ) ) ;
#233 = CARTESIAN_POINT ( 'NONE',  ( 1.053149746055797698, 2.134256245050205639E-18, -0.4874756497043725711 ) ) ;
#234 = CARTESIAN_POINT ( 'NONE',  ( 0.7741154410003188158, -2.134256245050205639E-18, -0.5832168318869566104 ) ) ;
#235 = CARTESIAN_POINT ( 'NONE',  ( 0.9964104657054362324, 2.134256245050205639E-18, -0.5887915892374179228 ) ) ;
#236 = CARTESIAN_POINT ( 'NONE',  ( 0.7985759086361555736, 1.067128122525102820E-17, -0.3638676234600263792 ) ) ;
#237 = LINE ( 'NONE', #5182, #4660 ) ;
#238 = CARTESIAN_POINT ( 'NONE',  ( 1.970285399642933477, 6.402768735150616918E-18, -0.5692376456001100316 ) ) ;
#239 = CARTESIAN_POINT ( 'NONE',  ( 0.6165612494554562062, 0.01574803149606299885, -0.5966986333579186175 ) ) ;
#240 = CARTESIAN_POINT ( 'NONE',  ( 1.682285156249999858, 0.01574803149606299538, -0.5752148437499997602 ) ) ;
#241 = ORIENTED_EDGE ( 'NONE', *, *, #2996, .T. ) ;
#242 = FACE_OUTER_BOUND ( 'NONE', #1001, .T. ) ;
#243 = CARTESIAN_POINT ( 'NONE',  ( 1.697299596531865129, 0.01574803149606298844, -0.3844237398705181441 ) ) ;
#244 = CARTESIAN_POINT ( 'NONE',  ( 1.734402016796388057, 0.000000000000000000, -0.3530827825236417250 ) ) ;
#245 = CARTESIAN_POINT ( 'NONE',  ( 0.9065039062499998801, 0.000000000000000000, -0.5549999999999999378 ) ) ;
#246 = CARTESIAN_POINT ( 'NONE',  ( 0.7994739652468236812, 0.01574803149606299191, -0.5327161550445131954 ) ) ;
#247 = ORIENTED_EDGE ( 'NONE', *, *, #1554, .T. ) ;
#248 = VERTEX_POINT ( 'NONE', #6379 ) ;
#249 = EDGE_CURVE ( 'NONE', #392, #4625, #205, .T. ) ;
#250 = CARTESIAN_POINT ( 'NONE',  ( 0.6737402343749998579, 0.01574803149606299191, -0.5018749999999998490 ) ) ;
#251 = CARTESIAN_POINT ( 'NONE',  ( 1.605624999999999858, 2.134256245050205639E-18, -0.3840527343749997602 ) ) ;
#252 = CARTESIAN_POINT ( 'NONE',  ( 2.037146969992610135, -2.134256245050205639E-18, -0.5986672849666707652 ) ) ;
#253 = CARTESIAN_POINT ( 'NONE',  ( 1.832377623302080982, 0.01574803149606298497, -0.5969219176160311946 ) ) ;
#254 = CARTESIAN_POINT ( 'NONE',  ( 0.5866529289555078019, 2.134256245050205639E-18, -0.5495732762805691785 ) ) ;
#255 = B_SPLINE_CURVE_WITH_KNOTS ( 'NONE', 3,
 ( #5099, #5456, #5964, #5591, #3560, #3529, #3494, #6535, #4569, #491, #6026, #1008, #1430, #2993, #1070 ),
 .UNSPECIFIED., .F., .F.,
 ( 4, 1, 1, 1, 1, 1, 1, 1, 1, 1, 1, 1, 4 ),
 ( 0.000000000000000000, 0.08057762662601009040, 0.1601824494621690853, 0.2392944538007230060, 0.3194119481662881510, 0.3996894567082608374, 0.4804488888713076555, 0.5615707097614521803, 0.6447456307811403331, 0.7299851377892766502, 0.8162791354974829883, 0.9069887206628336473, 1.000000000000000000 ),
 .UNSPECIFIED. ) ;
#256 = EDGE_CURVE ( 'NONE', #3988, #3404, #5341, .T. ) ;
#257 = ORIENTED_EDGE ( 'NONE', *, *, #2114, .F. ) ;
#258 = EDGE_CURVE ( 'NONE', #1150, #1416, #794, .T. ) ;
#259 = CARTESIAN_POINT ( 'NONE',  ( 0.7630837726955101985, 0.01574803149606299538, -0.5514934967609503857 ) ) ;
#260 = CARTESIAN_POINT ( 'NONE',  ( 2.015595855502556155, 0.000000000000000000, -0.3569713795882448193 ) ) ;
#261 = CARTESIAN_POINT ( 'NONE',  ( 0.8003365291066387721, -2.134256245050205639E-18, -0.5422447399437928528 ) ) ;
#262 = CARTESIAN_POINT ( 'NONE',  ( 0.8572547198345604746, 0.000000000000000000, -0.3782187160007872695 ) ) ;
#263 = B_SPLINE_CURVE_WITH_KNOTS ( 'NONE', 3,
 ( #5572, #630, #5079, #2129, #6175, #1634, #1051, #3666, #5669, #3068, #5112, #1084, #536, #4615, #568, #74, #1145, #2663, #2568 ),
 .UNSPECIFIED., .F., .F.,
 ( 4, 1, 1, 1, 1, 1, 1, 1, 1, 1, 1, 1, 1, 1, 1, 1, 4 ),
 ( 0.000000000000000000, 0.07280205753263024882, 0.1416593705098739830, 0.2058194697554199815, 0.2677461464015875592, 0.3274868607507182006, 0.3851453737274477263, 0.4410167580660765418, 0.4969537319999808300, 0.5547646689808871656, 0.6167071331803117840, 0.6823921534613957007, 0.7529051965675899183, 0.8228893147880138592, 0.8872965867640247861, 0.9466349468679398083, 1.000000000000000000 ),
 .UNSPECIFIED. ) ;
#264 = CARTESIAN_POINT ( 'NONE',  ( 2.052689197637347807, 0.01574803149606299191, -0.5019791199806930004 ) ) ;
#265 = CARTESIAN_POINT ( 'NONE',  ( 1.081015625000000036, 0.000000000000000000, -0.5049999999999997824 ) ) ;
#266 = COLOUR_RGB ( '',0.7921568627450980005, 0.8196078431372548767, 0.9333333333333333481 ) ;
#267 = CARTESIAN_POINT ( 'NONE',  ( 1.463386646075235831, 0.01574803149606299885, -0.5883559831095007686 ) ) ;
#268 = CARTESIAN_POINT ( 'NONE',  ( 1.780722656250000258, 0.000000000000000000, -0.4549999999999996270 ) ) ;
#269 = CARTESIAN_POINT ( 'NONE',  ( 1.988612997920552017, 0.01574803149606299191, -0.5866198774645816627 ) ) ;
#270 = CARTESIAN_POINT ( 'NONE',  ( 1.488776027711682159, 0.01574803149606299191, -0.5969494970435765824 ) ) ;
#271 = CARTESIAN_POINT ( 'NONE',  ( 1.682201444768099075, 2.134256245050205639E-18, -0.5735471527621130994 ) ) ;
#272 = ORIENTED_EDGE ( 'NONE', *, *, #991, .F. ) ;
#273 = CARTESIAN_POINT ( 'NONE',  ( 1.061959424168194888, 0.01574803149606299191, -0.3552211378980255629 ) ) ;
#274 = CARTESIAN_POINT ( 'NONE',  ( 1.703964843750000124, 0.01574803149606298844, -0.4032910156249995826 ) ) ;
#275 = LINE ( 'NONE', #126, #518 ) ;
#276 = B_SPLINE_CURVE_WITH_KNOTS ( 'NONE', 3,
 ( #4512, #4439, #2884, #3393, #6538, #6474, #5458, #1880, #5498, #4368, #5966 ),
 .UNSPECIFIED., .F., .F.,
 ( 4, 1, 1, 1, 1, 1, 1, 1, 4 ),
 ( 0.000000000000000000, 0.1335839007640146070, 0.2563264436386567535, 0.3710234448767896209, 0.4863462860422793632, 0.6035224432837735797, 0.7240902571009932842, 0.8556713313278563326, 0.9999999999999998890 ),
 .UNSPECIFIED. ) ;
#277 = DIRECTION ( 'NONE',  ( 1.000000000000000000, 0.000000000000000000, 0.000000000000000000 ) ) ;
#278 = CARTESIAN_POINT ( 'NONE',  ( 0.7220824721646097455, 0.000000000000000000, -0.5857521854337283118 ) ) ;
#279 = CARTESIAN_POINT ( 'NONE',  ( 0.9007091230358275080, 0.000000000000000000, -0.5549687012719919377 ) ) ;
#280 = CARTESIAN_POINT ( 'NONE',  ( 0.5807822090916746616, -2.134256245050205639E-18, -0.5947535105735504146 ) ) ;
#281 = CARTESIAN_POINT ( 'NONE',  ( 1.066440298640550344, 2.134256245050205639E-18, -0.3986965787106978021 ) ) ;
#282 = VERTEX_POINT ( 'NONE', #1819 ) ;
#283 = EDGE_CURVE ( 'NONE', #5512, #1974, #5219, .T. ) ;
#284 = CARTESIAN_POINT ( 'NONE',  ( 2.027864862630908149, 0.000000000000000000, -0.4017269596091236350 ) ) ;
#285 = CARTESIAN_POINT ( 'NONE',  ( 1.584509206131682113, 0.01574803149606299538, -0.3521032973289328627 ) ) ;
#286 = LINE ( 'NONE', #1805, #3411 ) ;
#287 = CARTESIAN_POINT ( 'NONE',  ( 1.682214852607238686, 0.01574803149606299191, -0.5769510178726946492 ) ) ;
#288 = ORIENTED_EDGE ( 'NONE', *, *, #2924, .F. ) ;
#289 = CARTESIAN_POINT ( 'NONE',  ( 0.5740318374469767226, 0.01574803149606299538, -0.5729228606004472812 ) ) ;
#290 = EDGE_CURVE ( 'NONE', #282, #218, #6100, .T. ) ;
#291 = EDGE_CURVE ( 'NONE', #5187, #3109, #1338, .T. ) ;
#292 = ORIENTED_EDGE ( 'NONE', *, *, #2774, .T. ) ;
#293 = B_SPLINE_CURVE_WITH_KNOTS ( 'NONE', 3,
 ( #3139, #77, #5082, #5146, #51, #540, #5217, #2059, #6077, #3696, #1147, #3641, #5609, #4122, #5184, #601, #6144, #5641 ),
 .UNSPECIFIED., .F., .F.,
 ( 4, 2, 2, 2, 2, 2, 2, 2, 4 ),
 ( 0.000000000000000000, 0.0002526747329262326040, 0.0005053494658524652081, 0.0007580241987786978664, 0.001010698931704930416, 0.001263373664631162966, 0.001516048397557395733, 0.001768723130483628283, 0.002021397863409860832 ),
 .UNSPECIFIED. ) ;
#294 = CARTESIAN_POINT ( 'NONE',  ( 1.837522272262992473, 0.01574803149606298844, -0.5929680898464638750 ) ) ;
#295 = CARTESIAN_POINT ( 'NONE',  ( 0.7024303476823133829, 0.000000000000000000, -0.3815880346186683592 ) ) ;
#296 = CARTESIAN_POINT ( 'NONE',  ( 1.654892578124999680, 0.000000000000000000, -0.5987499999999996714 ) ) ;
#297 = ORIENTED_EDGE ( 'NONE', *, *, #2532, .T. ) ;
#298 = CARTESIAN_POINT ( 'NONE',  ( 0.8720118031735561992, 0.01574803149606299885, -0.5510334371996690184 ) ) ;
#299 = CARTESIAN_POINT ( 'NONE',  ( 2.014696810009165784, 1.707404996040164512E-17, -0.4520111365266911152 ) ) ;
#300 = ORIENTED_EDGE ( 'NONE', *, *, #4433, .F. ) ;
#301 = EDGE_CURVE ( 'NONE', #2422, #99, #4049, .T. ) ;
#302 = CARTESIAN_POINT ( 'NONE',  ( 1.465942110671851317, 0.01574803149606299885, -0.5820116323349725507 ) ) ;
#303 = CARTESIAN_POINT ( 'NONE',  ( 1.991812312678026720, 0.01574803149606299191, -0.3628774007763134746 ) ) ;
#304 = LINE ( 'NONE', #5738, #323 ) ;
#305 = CARTESIAN_POINT ( 'NONE',  ( 1.495848914385560002, 0.01574803149606299538, -0.5984885023673055526 ) ) ;
#306 = CARTESIAN_POINT ( 'NONE',  ( 0.8169367725002659730, 0.000000000000000000, -0.5760103436580489289 ) ) ;
#307 = ADVANCED_FACE ( 'NONE', ( #1851 ), #1886, .F. ) ;
#308 = ORIENTED_EDGE ( 'NONE', *, *, #2373, .T. ) ;
#309 = AXIS2_PLACEMENT_3D ( 'NONE', #3458, #5454, #1328 ) ;
#310 = CARTESIAN_POINT ( 'NONE',  ( 1.065632819818753907, 0.01574803149606299191, -0.5552122519087459018 ) ) ;
#311 = AXIS2_PLACEMENT_3D ( 'NONE', #6469, #5523, #3021 ) ;
#312 = CARTESIAN_POINT ( 'NONE',  ( 0.9871366733375711577, 0.01574803149606299538, -0.3537567205312971974 ) ) ;
#313 = CARTESIAN_POINT ( 'NONE',  ( 2.052548828125000391, 0.000000000000000000, -0.3987499999999996048 ) ) ;
#314 = CARTESIAN_POINT ( 'NONE',  ( 0.8131277010762220092, 0.01574803149606299191, -0.5718611793337369242 ) ) ;
#315 = VECTOR ( 'NONE', #1560, 39.37007874015748143 ) ;
#316 = ORIENTED_EDGE ( 'NONE', *, *, #5644, .T. ) ;
#317 = CARTESIAN_POINT ( 'NONE',  ( 2.014608121733580948, 0.000000000000000000, -0.4087424215289235940 ) ) ;
#318 = CARTESIAN_POINT ( 'NONE',  ( 1.466660156249999902, 0.000000000000000000, -0.5752148437499997602 ) ) ;
#319 = CARTESIAN_POINT ( 'NONE',  ( 1.671549268295619894, 0.01574803149606299191, -0.5552034836900109349 ) ) ;
#320 = CARTESIAN_POINT ( 'NONE',  ( 1.442682869844902571, 0.01574803149606299191, -0.5519736329293648547 ) ) ;
#321 = ORIENTED_EDGE ( 'NONE', *, *, #3197, .T. ) ;
#322 = CARTESIAN_POINT ( 'NONE',  ( 0.5734155944444501163, 0.01574803149606299538, -0.5761188022559019517 ) ) ;
#323 = VECTOR ( 'NONE', #760, 39.37007874015748143 ) ;
#324 = ORIENTED_EDGE ( 'NONE', *, *, #2662, .F. ) ;
#325 = CARTESIAN_POINT ( 'NONE',  ( 0.7374941078461679789, 0.01574803149606299538, -0.6003819839028301519 ) ) ;
#326 = VECTOR ( 'NONE', #6532, 39.37007874015748143 ) ;
#327 = CARTESIAN_POINT ( 'NONE',  ( 1.842649803166262590, 0.01574803149606298844, -0.5869697457414765340 ) ) ;
#328 = CARTESIAN_POINT ( 'NONE',  ( 1.258549678590501708, 0.01574803149606299885, -0.5839987746752213216 ) ) ;
#329 = CARTESIAN_POINT ( 'NONE',  ( 0.9462499999999999245, 0.01574803149606299191, -0.5549999999999999378 ) ) ;
#330 = ORIENTED_EDGE ( 'NONE', *, *, #674, .T. ) ;
#331 = VECTOR ( 'NONE', #5070, 39.37007874015748143 ) ;
#332 = DIRECTION ( 'NONE',  ( 1.000000000000000000, 0.000000000000000000, 0.000000000000000000 ) ) ;
#333 = CARTESIAN_POINT ( 'NONE',  ( 1.287558593750000036, -2.134256245050205639E-18, -0.5987499999999997824 ) ) ;
#334 = ORIENTED_EDGE ( 'NONE', *, *, #435, .T. ) ;
#335 = CARTESIAN_POINT ( 'NONE',  ( 1.949419513349369248, 2.134256245050205639E-18, -0.4281617853978655353 ) ) ;
#336 = CARTESIAN_POINT ( 'NONE',  ( 1.445230051491205536, 0.01574803149606299191, -0.5985538056116296302 ) ) ;
#337 = CARTESIAN_POINT ( 'NONE',  ( 1.755581751792777201, 2.134256245050205639E-18, -0.3820809070311979583 ) ) ;
#338 = CARTESIAN_POINT ( 'NONE',  ( 0.6294673414512501619, 0.01574803149606298844, -0.5791139570870459385 ) ) ;
#339 = CARTESIAN_POINT ( 'NONE',  ( 1.682285156249999858, 2.134256245050205639E-18, -0.5752148437499997602 ) ) ;
#340 = EDGE_CURVE ( 'NONE', #5231, #4771, #2548, .T. ) ;
#341 = ORIENTED_EDGE ( 'NONE', *, *, #3356, .F. ) ;
#342 = CARTESIAN_POINT ( 'NONE',  ( 1.333749999999999769, -0.3384390870230564174, -0.5518749999999997824 ) ) ;
#343 = CARTESIAN_POINT ( 'NONE',  ( 1.703964843750000124, 0.000000000000000000, -0.4032910156249995826 ) ) ;
#344 = CARTESIAN_POINT ( 'NONE',  ( 1.766953125000000346, 0.01574803149606299191, -0.4112499999999996159 ) ) ;
#345 = ORIENTED_EDGE ( 'NONE', *, *, #2845, .T. ) ;
#346 = CARTESIAN_POINT ( 'NONE',  ( 0.7178523465184273311, 0.01574803149606299538, -0.5795448060382732969 ) ) ;
#347 = CARTESIAN_POINT ( 'NONE',  ( 1.333833348515246486, 0.01574803149606298844, -0.3816677524541000066 ) ) ;
#348 =( NAMED_UNIT ( * ) PLANE_ANGLE_UNIT ( ) SI_UNIT ( $, .RADIAN. ) );
#349 = EDGE_CURVE ( 'NONE', #1973, #889, #4447, .T. ) ;
#350 = LINE ( 'NONE', #2369, #4709 ) ;
#351 = ORIENTED_EDGE ( 'NONE', *, *, #4586, .F. ) ;
#352 = CARTESIAN_POINT ( 'NONE',  ( 0.8450976294236856035, -2.134256245050205639E-18, -0.3604371455215429343 ) ) ;
#353 = CARTESIAN_POINT ( 'NONE',  ( 1.052995980207674709, 0.01574803149606300579, -0.4815902819171430926 ) ) ;
#354 = CARTESIAN_POINT ( 'NONE',  ( 2.123154296875000124, 2.134256245050205639E-18, -0.3549999999999996492 ) ) ;
#355 = CARTESIAN_POINT ( 'NONE',  ( 0.6007421874999998579, 0.000000000000000000, -0.6018749999999998268 ) ) ;
#356 = CARTESIAN_POINT ( 'NONE',  ( 1.207529509584755578, 0.01574803149606298844, -0.5981055372686668870 ) ) ;
#357 = ORIENTED_EDGE ( 'NONE', *, *, #5928, .F. ) ;
#358 = CARTESIAN_POINT ( 'NONE',  ( 0.5842500788467165362, 0.01574803149606299538, -0.5531810519692879069 ) ) ;
#359 = CARTESIAN_POINT ( 'NONE',  ( 1.844827574780745882, -2.134256245050205639E-18, -0.5835065871390566761 ) ) ;
#360 = LINE ( 'NONE', #5393, #326 ) ;
#361 = CARTESIAN_POINT ( 'NONE',  ( 0.8788551225774662301, -4.268512490100411279E-18, -0.4982900066544706519 ) ) ;
#362 = FACE_OUTER_BOUND ( 'NONE', #1002, .T. ) ;
#363 = FACE_OUTER_BOUND ( 'NONE', #2135, .T. ) ;
#364 = VERTEX_POINT ( 'NONE', #3162 ) ;
#365 = DIRECTION ( 'NONE',  ( -0.000000000000000000, 0.000000000000000000, 1.000000000000000000 ) ) ;
#366 = LINE ( 'NONE', #6505, #438 ) ;
#367 = ADVANCED_FACE ( 'NONE', ( #5140 ), #1871, .F. ) ;
#368 = CARTESIAN_POINT ( 'NONE',  ( 0.7024999999999997913, -0.3384390870230564174, -0.4578808593749998379 ) ) ;
#369 = CARTESIAN_POINT ( 'NONE',  ( 1.002392481485496312, 2.134256245050205639E-18, -0.5702071286887876456 ) ) ;
#370 = CARTESIAN_POINT ( 'NONE',  ( 2.028329287494302413, 2.134256245050205639E-18, -0.4584344544414472034 ) ) ;
#371 = CARTESIAN_POINT ( 'NONE',  ( 0.6103227447814890683, 0.01574803149606298844, -0.6002882652125645091 ) ) ;
#372 = AXIS2_PLACEMENT_3D ( 'NONE', #1439, #3468, #5466 ) ;
#373 = CARTESIAN_POINT ( 'NONE',  ( 1.719665942352538224, 0.01574803149606299191, -0.3520871973834255320 ) ) ;
#374 = EDGE_CURVE ( 'NONE', #4989, #2448, #2043, .T. ) ;
#375 = ADVANCED_FACE ( 'NONE', ( #6094 ), #6126, .F. ) ;
#376 = ORIENTED_EDGE ( 'NONE', *, *, #4177, .F. ) ;
#377 = CARTESIAN_POINT ( 'NONE',  ( 1.378777831496326156, 0.000000000000000000, -0.3563179182539748524 ) ) ;
#378 = VECTOR ( 'NONE', #3594, 39.37007874015748143 ) ;
#379 = CARTESIAN_POINT ( 'NONE',  ( 1.698239290520354272, 0.000000000000000000, -0.3875453421483738836 ) ) ;
#380 = DIRECTION ( 'NONE',  ( 0.000000000000000000, 0.000000000000000000, -1.000000000000000000 ) ) ;
#381 = ORIENTED_EDGE ( 'NONE', *, *, #1201, .T. ) ;
#382 = CARTESIAN_POINT ( 'NONE',  ( 1.198789062500000169, 0.000000000000000000, -0.5987499999999996714 ) ) ;
#383 = FACE_OUTER_BOUND ( 'NONE', #2279, .T. ) ;
#384 = ORIENTED_EDGE ( 'NONE', *, *, #2240, .T. ) ;
#385 = CARTESIAN_POINT ( 'NONE',  ( 0.8603613281249998801, -2.134256245050205639E-18, -0.3832226562499999045 ) ) ;
#386 = B_SPLINE_SURFACE_WITH_KNOTS ( 'NONE', 3, 1, ( 
 ( #1915, #936 ),
 ( #975, #6406 ),
 ( #5998, #1844 ),
 ( #1331, #4934 ),
 ( #2851, #3873 ),
 ( #434, #3972 ),
 ( #401, #1399 ),
 ( #3462, #5894 ),
 ( #5397, #4476 ),
 ( #6504, #4867 ),
 ( #2959, #2423 ) ),
 .UNSPECIFIED., .F., .F., .F.,
 ( 4, 1, 1, 1, 1, 1, 1, 1, 4 ),
 ( 2, 2 ),
 ( 0.000000000000000000, 0.1664600504054411234, 0.3144267460342043408, 0.4458585432398174953, 0.5685842690289186763, 0.6827914878478555938, 0.7906454146859848153, 0.8942405235451477141, 1.000000000000000000 ),
 ( 0.000000000000000000, 1.000000000000000000 ),
 .UNSPECIFIED. ) ;
#387 = CARTESIAN_POINT ( 'NONE',  ( 1.333833348515246486, -2.134256245050205639E-18, -0.3816677524541000066 ) ) ;
#388 = CARTESIAN_POINT ( 'NONE',  ( 1.896144909289979363, -4.268512490100411279E-18, -0.3519628643883402908 ) ) ;
#389 = CARTESIAN_POINT ( 'NONE',  ( 0.5807822090916746616, 0.000000000000000000, -0.5947535105735504146 ) ) ;
#390 = LINE ( 'NONE', #3961, #3704 ) ;
#391 = CARTESIAN_POINT ( 'NONE',  ( 1.216066031306088702, 0.01574803149606298844, -0.5959577458326140720 ) ) ;
#392 = VERTEX_POINT ( 'NONE', #4511 ) ;
#393 = CARTESIAN_POINT ( 'NONE',  ( 0.5974593125165426066, 0.01574803149606299885, -0.6017562536865342926 ) ) ;
#394 = ORIENTED_EDGE ( 'NONE', *, *, #6338, .T. ) ;
#395 = ORIENTED_EDGE ( 'NONE', *, *, #3812, .T. ) ;
#396 = CARTESIAN_POINT ( 'NONE',  ( 2.130915616304409177, 2.134256245050205639E-18, -0.5983008437803954971 ) ) ;
#397 = CARTESIAN_POINT ( 'NONE',  ( 1.229611024350991899, 4.268512490100411279E-18, -0.3762935857589672084 ) ) ;
#398 = CARTESIAN_POINT ( 'NONE',  ( 1.676880634837892403, 0.01574803149606299191, -0.5911275521399065314 ) ) ;
#399 = CARTESIAN_POINT ( 'NONE',  ( 1.703964843750000124, 0.01574803149606299191, -0.4032910156249995826 ) ) ;
#400 = EDGE_LOOP ( 'NONE', ( #560, #6254, #3933, #1448 ) ) ;
#401 = CARTESIAN_POINT ( 'NONE',  ( 1.043692501656674265, 0.01574803149606298844, -0.3889486160171659046 ) ) ;
#402 = CARTESIAN_POINT ( 'NONE',  ( 2.015259286013352025, 0.000000000000000000, -0.5258209467239467472 ) ) ;
#403 = EDGE_LOOP ( 'NONE', ( #1563, #797, #2755, #2356 ) ) ;
#404 = CARTESIAN_POINT ( 'NONE',  ( 1.052890625000000080, 0.000000000000000000, -0.4832714843749997824 ) ) ;
#405 = CARTESIAN_POINT ( 'NONE',  ( 0.9582579479397153044, 2.134256245050205639E-18, -0.3564130735380296455 ) ) ;
#406 = CARTESIAN_POINT ( 'NONE',  ( 0.9994604331931172814, 2.134256245050205639E-18, -0.5837190644029754960 ) ) ;
#407 = B_SPLINE_SURFACE_WITH_KNOTS ( 'NONE', 3, 1, ( 
 ( #3281, #2742 ),
 ( #1713, #5880 ),
 ( #285, #4261 ),
 ( #3249, #4293 ),
 ( #1769, #5296 ),
 ( #5814, #4756 ),
 ( #5263, #2840 ),
 ( #1741, #3767 ),
 ( #6359, #5750 ),
 ( #4852, #1804 ),
 ( #4356, #251 ) ),
 .UNSPECIFIED., .F., .F., .F.,
 ( 4, 1, 1, 1, 1, 1, 1, 1, 4 ),
 ( 2, 2 ),
 ( 0.000000000000000000, 0.1202561770071344238, 0.2336311288082738580, 0.3436828735499135590, 0.4563072865791953370, 0.5746948935446932749, 0.7011011373580654515, 0.8416991956304910039, 1.000000000000000000 ),
 ( 0.000000000000000000, 1.000000000000000000 ),
 .UNSPECIFIED. ) ;
#408 = CARTESIAN_POINT ( 'NONE',  ( 1.913935791061179836, 0.01574803149606299885, -0.3568798945743173467 ) ) ;
#409 = CARTESIAN_POINT ( 'NONE',  ( 1.866123046875000080, 0.000000000000000000, -0.3834667968749996825 ) ) ;
#410 = CARTESIAN_POINT ( 'NONE',  ( 2.155587862305276214, 0.01574803149606299538, -0.5675001852716956563 ) ) ;
#411 = ORIENTED_EDGE ( 'NONE', *, *, #3154, .T. ) ;
#412 = CARTESIAN_POINT ( 'NONE',  ( 0.8568731551377243294, 1.067128122525102820E-17, -0.5155121165826106466 ) ) ;
#413 = CARTESIAN_POINT ( 'NONE',  ( 2.099375000000000213, 0.000000000000000000, -0.5018749999999996270 ) ) ;
#414 = CARTESIAN_POINT ( 'NONE',  ( 1.922964611230536969, 0.01574803149606298844, -0.3866524030258459699 ) ) ;
#415 = ORIENTED_EDGE ( 'NONE', *, *, #5122, .T. ) ;
#416 = VECTOR ( 'NONE', #5850, 39.37007874015748143 ) ;
#417 = CARTESIAN_POINT ( 'NONE',  ( 1.230625000000000302, -0.1613455277634967266, -0.5661328124999996936 ) ) ;
#418 = B_SPLINE_CURVE_WITH_KNOTS ( 'NONE', 3,
 ( #1354, #3316, #5816, #6361, #5327, #1807, #3833, #5851, #320, #2346 ),
 .UNSPECIFIED., .F., .F.,
 ( 4, 2, 2, 2, 4 ),
 ( 0.000000000000000000, 0.0002558273932722280718, 0.0005116547865444561437, 0.0007674821798166842155, 0.001023309573088912287 ),
 .UNSPECIFIED. ) ;
#419 = CARTESIAN_POINT ( 'NONE',  ( 2.131086845320312229, 0.01574803149606299191, -0.3554159774104793112 ) ) ;
#420 = CARTESIAN_POINT ( 'NONE',  ( 0.5733007812499998357, 0.000000000000000000, -0.5793164062499999156 ) ) ;
#421 = VERTEX_POINT ( 'NONE', #5529 ) ;
#422 = VECTOR ( 'NONE', #3322, 39.37007874015748143 ) ;
#423 = DIMENSIONAL_EXPONENTS ( 1.000000000000000000, 0.000000000000000000, 0.000000000000000000, 0.000000000000000000, 0.000000000000000000, 0.000000000000000000, 0.000000000000000000 ) ;
#424 = DIRECTION ( 'NONE',  ( 0.000000000000000000, 1.000000000000000000, 0.000000000000000000 ) ) ;
#425 = VERTEX_POINT ( 'NONE', #5038 ) ;
#426 = ADVANCED_FACE ( 'NONE', ( #1102 ), #5626, .F. ) ;
#427 = CARTESIAN_POINT ( 'NONE',  ( 2.147817397261356120, 2.134256245050205639E-18, -0.5910281927179699135 ) ) ;
#428 = CARTESIAN_POINT ( 'NONE',  ( 1.230618034067166189, 4.268512490100411279E-18, -0.3862486395166686570 ) ) ;
#429 = LINE ( 'NONE', #4930, #5603 ) ;
#430 = CARTESIAN_POINT ( 'NONE',  ( 1.912666411917778309, 2.134256245050205639E-18, -0.3559797902116901835 ) ) ;
#431 = ORIENTED_EDGE ( 'NONE', *, *, #4700, .T. ) ;
#432 = CARTESIAN_POINT ( 'NONE',  ( 1.472649872294380380, 0.000000000000000000, -0.5706365735033217534 ) ) ;
#433 = CARTESIAN_POINT ( 'NONE',  ( 2.024356634477359584, 0.01574803149606298844, -0.3560172346546303657 ) ) ;
#434 = CARTESIAN_POINT ( 'NONE',  ( 1.046910254174894916, 0.01574803149606298844, -0.3924051806646149942 ) ) ;
#435 = EDGE_CURVE ( 'NONE', #3890, #4989, #2618, .T. ) ;
#436 = CARTESIAN_POINT ( 'NONE',  ( 1.371179590054835362, 0.01574803149606299538, -0.3527891923003674268 ) ) ;
#437 = CLOSED_SHELL ( 'NONE', ( #3750, #3983, #307, #958, #2234, #995, #2210, #3644, #5682, #3157, #5921, #1822, #1965, #490, #375, #2020, #2175, #5965, #180 ) ) ;
#438 = VECTOR ( 'NONE', #976, 39.37007874015748143 ) ;
#439 = CARTESIAN_POINT ( 'NONE',  ( 0.9035997111585977182, 0.01574803149606299885, -0.4455448431912379381 ) ) ;
#440 = CARTESIAN_POINT ( 'NONE',  ( 1.001434915685647242, 0.01574803149606299191, -0.5775091609277741567 ) ) ;
#441 = CARTESIAN_POINT ( 'NONE',  ( 1.905011409811784739, 0.01574803149606299885, -0.3526388632233167786 ) ) ;
#442 = CARTESIAN_POINT ( 'NONE',  ( 0.6233489631791870877, 0.01574803149606300232, -0.5890463589715440040 ) ) ;
#443 = CARTESIAN_POINT ( 'NONE',  ( 2.155625000000000124, 0.01574803149606299538, -0.5661328124999995826 ) ) ;
#444 = VERTEX_POINT ( 'NONE', #5564 ) ;
#445 = CARTESIAN_POINT ( 'NONE',  ( 0.9078710937500000799, 0.01574803149606299191, -0.4956249999999999267 ) ) ;
#446 = ORIENTED_EDGE ( 'NONE', *, *, #1359, .F. ) ;
#447 = CARTESIAN_POINT ( 'NONE',  ( 1.855625000000000302, -0.3384390870230564174, -0.4112499999999996159 ) ) ;
#448 = VERTEX_POINT ( 'NONE', #5100 ) ;
#449 = CARTESIAN_POINT ( 'NONE',  ( 1.228834022097400780, 2.134256245050205639E-18, -0.5805943541745087755 ) ) ;
#450 = CARTESIAN_POINT ( 'NONE',  ( 0.8891101424534403330, 2.134256245050205639E-18, -0.4292565224545184521 ) ) ;
#451 = CARTESIAN_POINT ( 'NONE',  ( 2.131086845320312229, 2.134256245050205639E-18, -0.3554159774104793112 ) ) ;
#452 = DIRECTION ( 'NONE',  ( -0.000000000000000000, 0.000000000000000000, -1.000000000000000000 ) ) ;
#453 = CARTESIAN_POINT ( 'NONE',  ( 1.605624999999999858, 0.01574803149606299191, -0.5518749999999997824 ) ) ;
#454 = CARTESIAN_POINT ( 'NONE',  ( 0.8389257812499998357, 0.01574803149606299538, -0.5912304687499998490 ) ) ;
#455 = EDGE_CURVE ( 'NONE', #2838, #3934, #588, .T. ) ;
#456 = CARTESIAN_POINT ( 'NONE',  ( 2.134439080147174206, 2.134256245050205639E-18, -0.5977548188707539900 ) ) ;
#457 = LINE ( 'NONE', #6471, #2541 ) ;
#458 = CARTESIAN_POINT ( 'NONE',  ( 1.043596871207655097, 0.01574803149606299538, -0.5783992718492861895 ) ) ;
#459 = CARTESIAN_POINT ( 'NONE',  ( 1.472466250253841258, 0.01574803149606299191, -0.5736734020095923814 ) ) ;
#460 = CARTESIAN_POINT ( 'NONE',  ( 0.8361069543806757265, 0.01574803149606299191, -0.3541086104572788718 ) ) ;
#461 = EDGE_CURVE ( 'NONE', #6333, #4100, #6537, .T. ) ;
#462 = FACE_OUTER_BOUND ( 'NONE', #6042, .T. ) ;
#463 = DIRECTION ( 'NONE',  ( 0.000000000000000000, 1.000000000000000000, 0.000000000000000000 ) ) ;
#464 = ORIENTED_EDGE ( 'NONE', *, *, #1077, .F. ) ;
#465 = ADVANCED_FACE ( 'NONE', ( #4571 ), #3064, .F. ) ;
#466 = CARTESIAN_POINT ( 'NONE',  ( 1.970643310084932320, 0.000000000000000000, -0.4733927557216454085 ) ) ;
#467 = CARTESIAN_POINT ( 'NONE',  ( 0.7664263473390584558, 0.000000000000000000, -0.5570386244605705084 ) ) ;
#468 = CARTESIAN_POINT ( 'NONE',  ( 2.005741045961778379, 2.134256245050205639E-18, -0.4342818460117119361 ) ) ;
#469 = CARTESIAN_POINT ( 'NONE',  ( 1.081015625000000036, 0.000000000000000000, -0.5049999999999997824 ) ) ;
#470 = CARTESIAN_POINT ( 'NONE',  ( 1.726882376542016706, 0.01574803149606298844, -0.3519061845898462382 ) ) ;
#471 = CARTESIAN_POINT ( 'NONE',  ( 2.140611979984292201, 0.01574803149606299538, -0.5957845437337579986 ) ) ;
#472 = CARTESIAN_POINT ( 'NONE',  ( 1.260979459275512360, 2.134256245050205639E-18, -0.5622399354113946091 ) ) ;
#473 = FACE_OUTER_BOUND ( 'NONE', #5204, .T. ) ;
#474 = DIRECTION ( 'NONE',  ( 0.000000000000000000, 1.000000000000000000, 0.000000000000000000 ) ) ;
#475 = VECTOR ( 'NONE', #4192, 39.37007874015748143 ) ;
#476 =( CONVERSION_BASED_UNIT ( 'INCH', #1345 ) LENGTH_UNIT ( ) NAMED_UNIT ( #1846 ) );
#477 = DIRECTION ( 'NONE',  ( 0.000000000000000000, 1.000000000000000000, 0.000000000000000000 ) ) ;
#478 = ORIENTED_EDGE ( 'NONE', *, *, #4300, .T. ) ;
#479 = AXIS2_PLACEMENT_3D ( 'NONE', #4647, #5675, #2134 ) ;
#480 = CARTESIAN_POINT ( 'NONE',  ( 0.7134863281249997913, -0.1613455277634967266, -0.5724804687499998046 ) ) ;
#481 = DIRECTION ( 'NONE',  ( -1.000000000000000000, 0.000000000000000000, 0.000000000000000000 ) ) ;
#482 = CARTESIAN_POINT ( 'NONE',  ( 2.151601626894688923, 0.01574803149606299191, -0.3675381975063522488 ) ) ;
#483 = CARTESIAN_POINT ( 'NONE',  ( 1.917246093750000213, 0.01574803149606299191, -0.4019238281249996603 ) ) ;
#484 = CARTESIAN_POINT ( 'NONE',  ( 1.213155234260911319, 0.000000000000000000, -0.3568643231123033166 ) ) ;
#485 = VERTEX_POINT ( 'NONE', #1594 ) ;
#486 = DIRECTION ( 'NONE',  ( -1.000000000000000000, 0.000000000000000000, 0.000000000000000000 ) ) ;
#487 = CARTESIAN_POINT ( 'NONE',  ( 1.209945750060014813, 4.268512490100411279E-18, -0.3560773972325323999 ) ) ;
#488 = CARTESIAN_POINT ( 'NONE',  ( 1.078748148508783311, 0.01574803149606299191, -0.4613338901985369889 ) ) ;
#489 = CARTESIAN_POINT ( 'NONE',  ( 1.043515625000000169, 0.000000000000000000, -0.5769726562499998268 ) ) ;
#490 = ADVANCED_FACE ( 'NONE', ( #4298 ), #4893, .F. ) ;
#491 = CARTESIAN_POINT ( 'NONE',  ( 1.973416091810034745, -2.134256245050205639E-18, -0.5733913833826762563 ) ) ;
#492 = CARTESIAN_POINT ( 'NONE',  ( 0.8404941469542028809, -2.134256245050205639E-18, -0.4513964021319071818 ) ) ;
#493 = DIRECTION ( 'NONE',  ( 1.000000000000000000, 0.000000000000000000, 0.000000000000000000 ) ) ;
#494 = CARTESIAN_POINT ( 'NONE',  ( 1.697707456354746736, 0.01574803149606298844, -0.3859636988406753288 ) ) ;
#495 = EDGE_LOOP ( 'NONE', ( #5478, #2976, #308, #2003, #6431, #3836, #191, #6119, #3126, #1597, #6529 ) ) ;
#496 = B_SPLINE_CURVE_WITH_KNOTS ( 'NONE', 3,
 ( #3753, #1179, #2756, #1664, #5768, #6437, #171, #5424, #234, #1874, #2261 ),
 .UNSPECIFIED., .F., .F.,
 ( 4, 1, 1, 1, 1, 1, 1, 1, 4 ),
 ( 0.000000000000000000, 0.1336629247491525341, 0.2610130974687219219, 0.3869912291115341629, 0.5147911994920923995, 0.6417545630584184924, 0.7616650816288670356, 0.8790887063474793761, 0.9999999999999998890 ),
 .UNSPECIFIED. ) ;
#497 = CARTESIAN_POINT ( 'NONE',  ( 1.280356882809783992, 0.01574803149606299191, -0.5521409128946606071 ) ) ;
#498 = CARTESIAN_POINT ( 'NONE',  ( 1.072421875000000080, 0.01574803149606299191, -0.5987499999999996714 ) ) ;
#499 = CARTESIAN_POINT ( 'NONE',  ( 0.7993749999999999467, -0.3384390870230564174, -0.5294628906249999600 ) ) ;
#500 = ADVANCED_FACE ( 'NONE', ( #4202 ), #5956, .F. ) ;
#501 = CARTESIAN_POINT ( 'NONE',  ( 2.155515682990078119, 0.01574803149606299538, -0.5701577554578421969 ) ) ;
#502 = CARTESIAN_POINT ( 'NONE',  ( 1.043666140214090987, 2.134256245050205639E-18, -0.3647733968769525936 ) ) ;
#503 = CARTESIAN_POINT ( 'NONE',  ( 0.7599707031249997025, -0.1613455277634967266, -0.5464062499999999822 ) ) ;
#504 = CARTESIAN_POINT ( 'NONE',  ( 1.280588243424875650, 0.01574803149606299191, -0.5521086004073505471 ) ) ;
#505 = SURFACE_STYLE_FILL_AREA ( #1026 ) ;
#506 = ADVANCED_FACE ( 'NONE', ( #4980 ), #2417, .F. ) ;
#507 = B_SPLINE_SURFACE_WITH_KNOTS ( 'NONE', 3, 1, ( 
 ( #4888, #2978 ),
 ( #881, #5913 ),
 ( #4919, #2473 ),
 ( #4529, #1419 ),
 ( #6461, #960 ),
 ( #3895, #1969 ),
 ( #6559, #1999 ),
 ( #2904, #4030 ),
 ( #6049, #1517 ),
 ( #5385, #388 ),
 ( #546, #641 ) ),
 .UNSPECIFIED., .F., .F., .F.,
 ( 4, 1, 1, 1, 1, 1, 1, 1, 4 ),
 ( 2, 2 ),
 ( 0.000000000000000000, 0.1695619813170891610, 0.3165277154210389687, 0.4426964638035288391, 0.5475101357260250268, 0.6433694748451588286, 0.7460273532091620252, 0.8631196510159431234, 1.000000000000000000 ),
 ( 0.000000000000000000, 1.000000000000000000 ),
 .UNSPECIFIED. ) ;
#508 = VECTOR ( 'NONE', #1750, 39.37007874015748143 ) ;
#509 = LINE ( 'NONE', #6012, #6092 ) ;
#510 = ORIENTED_EDGE ( 'NONE', *, *, #1263, .T. ) ;
#511 = CARTESIAN_POINT ( 'NONE',  ( 1.962328827650228424, 0.000000000000000000, -0.3854515484883768162 ) ) ;
#512 = CARTESIAN_POINT ( 'NONE',  ( 1.740935801232577740, 0.01574803149606299191, -0.3562244517034676705 ) ) ;
#513 = CARTESIAN_POINT ( 'NONE',  ( 1.966932057260308842, 0.01574803149606299191, -0.4703184749271660525 ) ) ;
#514 = CARTESIAN_POINT ( 'NONE',  ( 1.206495198036625194, 0.000000000000000000, -0.3554148888787587723 ) ) ;
#515 = ORIENTED_EDGE ( 'NONE', *, *, #1122, .F. ) ;
#516 = ORIENTED_EDGE ( 'NONE', *, *, #1350, .F. ) ;
#517 = PLANE ( 'NONE',  #311 ) ;
#518 = VECTOR ( 'NONE', #3185, 39.37007874015748143 ) ;
#519 = FACE_OUTER_BOUND ( 'NONE', #5741, .T. ) ;
#520 = FACE_OUTER_BOUND ( 'NONE', #5091, .T. ) ;
#521 = CARTESIAN_POINT ( 'NONE',  ( 0.8618887057970900933, 0.01574803149606299885, -0.5437407683520503188 ) ) ;
#522 = VECTOR ( 'NONE', #2276, 39.37007874015748143 ) ;
#523 = CARTESIAN_POINT ( 'NONE',  ( 0.9078710937500000799, -0.1613455277634967266, -0.4956249999999999267 ) ) ;
#524 = CARTESIAN_POINT ( 'NONE',  ( 1.994394531249999991, 0.000000000000000000, -0.4849804687499996159 ) ) ;
#525 = CARTESIAN_POINT ( 'NONE',  ( 1.785097185306169898, 2.134256245050205639E-18, -0.5921477942335223732 ) ) ;
#526 = ORIENTED_EDGE ( 'NONE', *, *, #2407, .F. ) ;
#527 =( CONVERSION_BASED_UNIT ( 'INCH', #620 ) LENGTH_UNIT ( ) NAMED_UNIT ( #886 ) );
#528 = CARTESIAN_POINT ( 'NONE',  ( 0.9139532156822739450, 0.01574803149606299191, -0.4519490099278796746 ) ) ;
#529 = CARTESIAN_POINT ( 'NONE',  ( 0.9899208337989379158, 0.01574803149606299191, -0.5943890405562933799 ) ) ;
#530 = CARTESIAN_POINT ( 'NONE',  ( 2.014140831531316511, 0.01574803149606299191, -0.5964726633289825219 ) ) ;
#531 = VECTOR ( 'NONE', #2728, 39.37007874015748143 ) ;
#532 = CARTESIAN_POINT ( 'NONE',  ( 2.015787452395758628, 0.01574803149606299191, -0.5362838157118136051 ) ) ;
#533 = EDGE_CURVE ( 'NONE', #2416, #4077, #5349, .T. ) ;
#534 = CARTESIAN_POINT ( 'NONE',  ( 0.8556337269149567604, 0.000000000000000000, -0.4631393428201541762 ) ) ;
#535 = VECTOR ( 'NONE', #4994, 39.37007874015748143 ) ;
#536 = CARTESIAN_POINT ( 'NONE',  ( 1.848820844853678480, 2.134256245050205639E-18, -0.5755180061211363496 ) ) ;
#537 = FACE_OUTER_BOUND ( 'NONE', #812, .T. ) ;
#538 = CARTESIAN_POINT ( 'NONE',  ( 0.000000000000000000, 0.000000000000000000, 0.000000000000000000 ) ) ;
#539 = PLANE ( 'NONE',  #978 ) ;
#540 = CARTESIAN_POINT ( 'NONE',  ( 1.952937776319442431, 0.01574803149606298497, -0.4492746809136615727 ) ) ;
#541 = ADVANCED_FACE ( 'NONE', ( #4319 ), #5777, .T. ) ;
#542 = CARTESIAN_POINT ( 'NONE',  ( 0.9100680155439685448, 0.01574803149606299191, -0.4500557876812212865 ) ) ;
#543 = VERTEX_POINT ( 'NONE', #313 ) ;
#544 = UNCERTAINTY_MEASURE_WITH_UNIT (LENGTH_MEASURE( 1.000000000000000082E-05 ), #527, 'distance_accuracy_value', 'NONE');
#545 = CARTESIAN_POINT ( 'NONE',  ( 1.879208551840064745, 0.01574803149606299191, -0.3579523350970990059 ) ) ;
#546 = CARTESIAN_POINT ( 'NONE',  ( 1.898398437500000036, 0.01574803149606298844, -0.3518749999999996603 ) ) ;
#547 = CARTESIAN_POINT ( 'NONE',  ( 0.9758398437499998801, -0.3384390870230564174, -0.3518749999999999378 ) ) ;
#548 = ORIENTED_EDGE ( 'NONE', *, *, #258, .F. ) ;
#549 = VERTEX_POINT ( 'NONE', #2800 ) ;
#550 = LINE ( 'NONE', #4691, #4332 ) ;
#551 = CARTESIAN_POINT ( 'NONE',  ( 1.455877192982278912, 0.000000000000000000, -0.5552573136534085796 ) ) ;
#552 = CARTESIAN_POINT ( 'NONE',  ( 2.152959090219184191, 0.01574803149606299538, -0.3701627401267273410 ) ) ;
#553 = PLANE ( 'NONE',  #5294 ) ;
#554 = CARTESIAN_POINT ( 'NONE',  ( 1.072421875000000080, 0.000000000000000000, -0.5987499999999996714 ) ) ;
#555 = CARTESIAN_POINT ( 'NONE',  ( 1.472373046875000036, 0.01574803149606299191, -0.5752148437499997602 ) ) ;
#556 = DIRECTION ( 'NONE',  ( -0.000000000000000000, 1.000000000000000000, -0.000000000000000000 ) ) ;
#557 = CARTESIAN_POINT ( 'NONE',  ( 1.768004630529027565, 2.134256245050205639E-18, -0.5617532807095064751 ) ) ;
#558 = CARTESIAN_POINT ( 'NONE',  ( 2.015146484375000213, 0.01574803149606299191, -0.5293164062499996492 ) ) ;
#559 = ORIENTED_EDGE ( 'NONE', *, *, #56, .T. ) ;
#560 = ORIENTED_EDGE ( 'NONE', *, *, #3392, .F. ) ;
#561 = DIRECTION ( 'NONE',  ( -1.000000000000000000, 0.000000000000000000, 0.000000000000000000 ) ) ;
#562 = CARTESIAN_POINT ( 'NONE',  ( 1.700616715185792049, 2.134256245050205639E-18, -0.3948171870087923696 ) ) ;
#563 = CARTESIAN_POINT ( 'NONE',  ( 0.8603613281249998801, 0.01574803149606299191, -0.3832226562499999045 ) ) ;
#564 = CARTESIAN_POINT ( 'NONE',  ( 0.7688455672825215137, -2.134256245050205639E-18, -0.5615968097073489318 ) ) ;
#565 = CARTESIAN_POINT ( 'NONE',  ( 2.019999498197963206, 2.134256245050205639E-18, -0.5148762421358037411 ) ) ;
#566 = CARTESIAN_POINT ( 'NONE',  ( 2.016704755238749147, 0.000000000000000000, -0.5393522598608423424 ) ) ;
#567 = EDGE_CURVE ( 'NONE', #33, #5187, #3825, .T. ) ;
#568 = CARTESIAN_POINT ( 'NONE',  ( 1.852418953462966922, 2.134256245050205639E-18, -0.5666502260667191093 ) ) ;
#569 = VERTEX_POINT ( 'NONE', #1827 ) ;
#570 = CARTESIAN_POINT ( 'NONE',  ( 0.8491393011753896047, 0.000000000000000000, -0.5949943984073126080 ) ) ;
#571 = CARTESIAN_POINT ( 'NONE',  ( 1.898398437500000036, 0.01574803149606299191, -0.3518749999999996603 ) ) ;
#572 = EDGE_CURVE ( 'NONE', #1596, #2448, #2737, .T. ) ;
#573 = EDGE_CURVE ( 'NONE', #3278, #5031, #1897, .T. ) ;
#574 = CARTESIAN_POINT ( 'NONE',  ( 0.9187404028840812087, 0.01574803149606299191, -0.4534274917561681439 ) ) ;
#575 = EDGE_LOOP ( 'NONE', ( #6289, #2918, #4954, #5869 ) ) ;
#576 = CARTESIAN_POINT ( 'NONE',  ( 1.951765115097809922, 0.000000000000000000, -0.4070723292815294769 ) ) ;
#577 = CARTESIAN_POINT ( 'NONE',  ( 2.015184491534407929, 2.134256245050205639E-18, -0.5281386530777031352 ) ) ;
#578 = CARTESIAN_POINT ( 'NONE',  ( 0.7299748224500078875, 0.01574803149606299191, -0.5958957516303419188 ) ) ;
#579 = ORIENTED_EDGE ( 'NONE', *, *, #786, .F. ) ;
#580 = VECTOR ( 'NONE', #5305, 39.37007874015748143 ) ;
#581 = ORIENTED_EDGE ( 'NONE', *, *, #5431, .T. ) ;
#582 = LINE ( 'NONE', #4598, #6464 ) ;
#583 = CARTESIAN_POINT ( 'NONE',  ( 2.024535388365315658, 0.01574803149606299885, -0.4573638609568573266 ) ) ;
#584 = CARTESIAN_POINT ( 'NONE',  ( 0.8121398830521782131, 0.000000000000000000, -0.3536651290865462927 ) ) ;
#585 = CARTESIAN_POINT ( 'NONE',  ( 1.050498560491880617, 0.01574803149606299538, -0.5924588174037911381 ) ) ;
#586 = EDGE_CURVE ( 'NONE', #4625, #3992, #1365, .T. ) ;
#587 = CARTESIAN_POINT ( 'NONE',  ( 2.123154296875000124, 0.01574803149606299191, -0.3549999999999996492 ) ) ;
#588 = LINE ( 'NONE', #2011, #2006 ) ;
#589 = CARTESIAN_POINT ( 'NONE',  ( 1.778834221307392660, 2.134256245050205639E-18, -0.5850739842095146193 ) ) ;
#590 = LINE ( 'NONE', #3091, #331 ) ;
#591 = ORIENTED_EDGE ( 'NONE', *, *, #4117, .F. ) ;
#592 = CARTESIAN_POINT ( 'NONE',  ( 1.605624999999999858, 0.000000000000000000, -0.3840527343749997602 ) ) ;
#593 = FACE_OUTER_BOUND ( 'NONE', #3524, .T. ) ;
#594 = CARTESIAN_POINT ( 'NONE',  ( 1.072421875000000302, 0.01574803149606298844, -0.5549999999999998268 ) ) ;
#595 = CARTESIAN_POINT ( 'NONE',  ( 0.7993749999999999467, 0.000000000000000000, -0.5294628906249999600 ) ) ;
#596 = CARTESIAN_POINT ( 'NONE',  ( 2.014140831531316511, 0.000000000000000000, -0.5964726633289825219 ) ) ;
#597 = CARTESIAN_POINT ( 'NONE',  ( 2.015787452395758628, 0.000000000000000000, -0.5362838157118136051 ) ) ;
#598 = FACE_BOUND ( 'NONE', #2777, .T. ) ;
#599 = DIRECTION ( 'NONE',  ( -0.000000000000000000, 1.000000000000000000, -0.000000000000000000 ) ) ;
#600 = CARTESIAN_POINT ( 'NONE',  ( 1.256748046875000080, 0.01574803149606299191, -0.5752148437499997602 ) ) ;
#601 = CARTESIAN_POINT ( 'NONE',  ( 1.988029128964799552, 0.01574803149606298844, -0.4828612641822124241 ) ) ;
#602 = CARTESIAN_POINT ( 'NONE',  ( 0.8603613281249998801, 0.01574803149606299191, -0.3832226562499999045 ) ) ;
#603 = ORIENTED_EDGE ( 'NONE', *, *, #2614, .T. ) ;
#604 = CARTESIAN_POINT ( 'NONE',  ( 1.337869505357658584, 0.01574803149606298844, -0.3650451582485014779 ) ) ;
#605 = CARTESIAN_POINT ( 'NONE',  ( 0.8556249999999999689, 0.000000000000000000, -0.5257031249999999378 ) ) ;
#606 = CARTESIAN_POINT ( 'NONE',  ( 1.459554354473872273, 2.134256245050205639E-18, -0.5926285563699443815 ) ) ;
#607 = CARTESIAN_POINT ( 'NONE',  ( 0.8729510843890789795, 0.01574803149606299538, -0.5984505558635628830 ) ) ;
#608 = ORIENTED_EDGE ( 'NONE', *, *, #4777, .F. ) ;
#609 = ORIENTED_EDGE ( 'NONE', *, *, #4102, .T. ) ;
#610 = VERTEX_POINT ( 'NONE', #2501 ) ;
#611 = CARTESIAN_POINT ( 'NONE',  ( 0.7743261718749997469, 0.01574803149606299885, -0.5786328124999998712 ) ) ;
#612 = CARTESIAN_POINT ( 'NONE',  ( 2.012842009056899695, 0.01574803149606299538, -0.4504227714124487969 ) ) ;
#613 = CARTESIAN_POINT ( 'NONE',  ( 0.6738278708020277730, 0.000000000000000000, -0.3519695349321501632 ) ) ;
#614 = CARTESIAN_POINT ( 'NONE',  ( 0.8142220216572227942, 6.402768735150616918E-18, -0.4170330930400169001 ) ) ;
#615 = CARTESIAN_POINT ( 'NONE',  ( 0.9918453977449155357, -2.134256245050205639E-18, -0.3564260582689733337 ) ) ;
#616 = CARTESIAN_POINT ( 'NONE',  ( 0.9582579479397153044, 2.134256245050205639E-18, -0.3564130735380296455 ) ) ;
#617 = EDGE_CURVE ( 'NONE', #5187, #5103, #5542, .T. ) ;
#618 = CARTESIAN_POINT ( 'NONE',  ( 2.045664062500000213, 0.01574803149606299191, -0.5987499999999995604 ) ) ;
#619 = EDGE_LOOP ( 'NONE', ( #3479, #1301, #3586, #3252 ) ) ;
#620 = LENGTH_MEASURE_WITH_UNIT ( LENGTH_MEASURE( 0.02539999999999999897 ), #129 );
#621 = VECTOR ( 'NONE', #6370, 39.37007874015748854 ) ;
#622 = DIRECTION ( 'NONE',  ( -1.000000000000000000, 0.000000000000000000, 0.000000000000000000 ) ) ;
#623 = CARTESIAN_POINT ( 'NONE',  ( 0.7009459247637601642, 0.01574803149606299191, -0.3702123325273271592 ) ) ;
#624 = CARTESIAN_POINT ( 'NONE',  ( 1.908212429653283859, 0.01574803149606298844, -0.3535862439089139664 ) ) ;
#625 = EDGE_CURVE ( 'NONE', #3211, #1906, #4523, .T. ) ;
#626 = CARTESIAN_POINT ( 'NONE',  ( 0.7995070306306288899, 0.01574803149606299538, -0.5229174743512701173 ) ) ;
#627 = VECTOR ( 'NONE', #5562, 39.37007874015748143 ) ;
#628 = CARTESIAN_POINT ( 'NONE',  ( 2.052248194325323460, 0.01574803149606298844, -0.5019851049227387341 ) ) ;
#629 = CARTESIAN_POINT ( 'NONE',  ( 2.028329287494302413, 0.01574803149606299191, -0.4584344544414472034 ) ) ;
#630 = CARTESIAN_POINT ( 'NONE',  ( 1.814548903066818486, 2.134256245050205639E-18, -0.6018417614390058068 ) ) ;
#631 = COLOUR_RGB ( '',0.7921568627450980005, 0.8196078431372548767, 0.9333333333333333481 ) ;
#632 = DIRECTION ( 'NONE',  ( 0.000000000000000000, -1.000000000000000000, 0.000000000000000000 ) ) ;
#633 = CARTESIAN_POINT ( 'NONE',  ( 1.256841250253841080, 0.000000000000000000, -0.5736734020095922704 ) ) ;
#634 = CARTESIAN_POINT ( 'NONE',  ( 1.960167857346933884, 0.01574803149606299885, -0.5387705663981083859 ) ) ;
#635 = FACE_OUTER_BOUND ( 'NONE', #2170, .T. ) ;
#636 = ORIENTED_EDGE ( 'NONE', *, *, #2855, .T. ) ;
#637 = VECTOR ( 'NONE', #5223, 39.37007874015748143 ) ;
#638 = ORIENTED_EDGE ( 'NONE', *, *, #2114, .T. ) ;
#639 = CARTESIAN_POINT ( 'NONE',  ( 1.921633409161457751, -2.134256245050205639E-18, -0.3905225834908275795 ) ) ;
#640 = CARTESIAN_POINT ( 'NONE',  ( 0.8556760947845767351, 0.000000000000000000, -0.5271571198129251234 ) ) ;
#641 = CARTESIAN_POINT ( 'NONE',  ( 1.898398437500000036, -4.268512490100411279E-18, -0.3518749999999996603 ) ) ;
#642 = CARTESIAN_POINT ( 'NONE',  ( 0.9940592545574213901, 0.01574803149606299191, -0.3585425096435003733 ) ) ;
#643 = ORIENTED_EDGE ( 'NONE', *, *, #859, .F. ) ;
#644 = ORIENTED_EDGE ( 'NONE', *, *, #2718, .T. ) ;
#645 = CARTESIAN_POINT ( 'NONE',  ( 2.050107421875000391, 0.000000000000000000, -0.3549999999999996492 ) ) ;
#646 = CARTESIAN_POINT ( 'NONE',  ( 0.6236561630064697548, 2.134256245050205639E-18, -0.5885014480388522928 ) ) ;
#647 = PLANE ( 'NONE',  #2660 ) ;
#648 = CARTESIAN_POINT ( 'NONE',  ( 0.8188927558429361930, 0.01574803149606298844, -0.4244099084131314759 ) ) ;
#649 = CARTESIAN_POINT ( 'NONE',  ( 0.9778533059409173500, -2.134256245050205639E-18, -0.3519704803838907825 ) ) ;
#650 = CARTESIAN_POINT ( 'NONE',  ( 1.500769627695295094, 0.000000000000000000, -0.5519559003030559685 ) ) ;
#651 = CARTESIAN_POINT ( 'NONE',  ( 1.053149746055797698, 0.01574803149606299191, -0.4874756497043725711 ) ) ;
#652 = ADVANCED_FACE ( 'NONE', ( #5144 ), #6142, .T. ) ;
#653 = CARTESIAN_POINT ( 'NONE',  ( 0.5733388621817859798, -2.134256245050205639E-18, -0.5782558335504808245 ) ) ;
#654 = FACE_OUTER_BOUND ( 'NONE', #993, .T. ) ;
#655 = EDGE_CURVE ( 'NONE', #5419, #6349, #5019, .T. ) ;
#656 = CARTESIAN_POINT ( 'NONE',  ( 1.766367187499999991, 0.000000000000000000, -0.5573437499999995826 ) ) ;
#657 = CARTESIAN_POINT ( 'NONE',  ( 0.8036096864952746444, -2.134256245050205639E-18, -0.5544947741366481608 ) ) ;
#658 = EDGE_CURVE ( 'NONE', #5618, #4036, #1576, .T. ) ;
#659 = CARTESIAN_POINT ( 'NONE',  ( 2.033716069017893702, 0.01574803149606299538, -0.5045503321684901010 ) ) ;
#660 = CARTESIAN_POINT ( 'NONE',  ( 2.020725600062453164, 1.707404996040164512E-17, -0.4557134442500487825 ) ) ;
#661 = ADVANCED_FACE ( 'NONE', ( #473 ), #2889, .F. ) ;
#662 = CARTESIAN_POINT ( 'NONE',  ( 0.8586624512723852742, -4.268512490100411279E-18, -0.5112501439127175029 ) ) ;
#663 = CARTESIAN_POINT ( 'NONE',  ( 1.466590839169159333, 0.01574803149606297456, -0.5769266543659028468 ) ) ;
#664 = CARTESIAN_POINT ( 'NONE',  ( 1.479856652782878479, 2.134256245050205639E-18, -0.5919417975870767679 ) ) ;
#665 = CARTESIAN_POINT ( 'NONE',  ( 1.988042482187870830, 0.01574803149606299191, -0.5862539755251321427 ) ) ;
#666 = CARTESIAN_POINT ( 'NONE',  ( 0.9142535304472351187, 0.01574803149606299191, -0.4520311165661609620 ) ) ;
#667 = CARTESIAN_POINT ( 'NONE',  ( 1.047697098164715790, 0.01574803149606299885, -0.5641821258587786936 ) ) ;
#668 = CARTESIAN_POINT ( 'NONE',  ( 2.045664062500000213, -0.3384390870230564174, -0.5987499999999995604 ) ) ;
#669 = B_SPLINE_CURVE_WITH_KNOTS ( 'NONE', 3,
 ( #4787, #246, #3409, #4289, #771, #2837, #2802, #314, #2339, #6045, #6456, #2437, #1415, #5544 ),
 .UNSPECIFIED., .F., .F.,
 ( 4, 2, 2, 2, 2, 2, 4 ),
 ( 0.000000000000000000, 0.0002455575670654605949, 0.0004911151341309211897, 0.0009822302682618423795, 0.001473345402392763678, 0.001718902969458224218, 0.001964460536523684759 ),
 .UNSPECIFIED. ) ;
#670 = LINE ( 'NONE', #1675, #4124 ) ;
#671 = VERTEX_POINT ( 'NONE', #3070 ) ;
#672 = CARTESIAN_POINT ( 'NONE',  ( 1.220060227973940759, -2.134256245050205639E-18, -0.5934999292830022144 ) ) ;
#673 = CARTESIAN_POINT ( 'NONE',  ( 2.020499823974248876, -2.134256245050205639E-18, -0.4047251905297042929 ) ) ;
#674 = EDGE_CURVE ( 'NONE', #4231, #3597, #4120, .T. ) ;
#675 = CARTESIAN_POINT ( 'NONE',  ( 1.072421875000000302, -0.1613455277634967266, -0.5549999999999998268 ) ) ;
#676 = CARTESIAN_POINT ( 'NONE',  ( 1.484411253098862904, -2.134256245050205639E-18, -0.5555375894150006433 ) ) ;
#677 = CARTESIAN_POINT ( 'NONE',  ( 2.007465425319257424, -2.134256245050205639E-18, -0.5950254687635102568 ) ) ;
#678 = CARTESIAN_POINT ( 'NONE',  ( 1.389999999999999680, 0.01574803149606299191, -0.5518749999999997824 ) ) ;
#679 = CARTESIAN_POINT ( 'NONE',  ( 1.917246093750000213, 0.000000000000000000, -0.4019238281249996603 ) ) ;
#680 = COLOUR_RGB ( '',0.7921568627450980005, 0.8196078431372548767, 0.9333333333333333481 ) ;
#681 = ORIENTED_EDGE ( 'NONE', *, *, #4782, .T. ) ;
#682 = B_SPLINE_CURVE_WITH_KNOTS ( 'NONE', 3,
 ( #4421, #5908, #1992, #3508, #6454, #4491, #1895, #5543, #1964, #5510, #5944 ),
 .UNSPECIFIED., .F., .F.,
 ( 4, 1, 1, 1, 1, 1, 1, 1, 4 ),
 ( 0.000000000000000000, 0.1775505629156962639, 0.3302002225840982019, 0.4592028602501948553, 0.5644593829907362803, 0.6577369453115764486, 0.7588072402881778089, 0.8713010114216720448, 1.000000000000000000 ),
 .UNSPECIFIED. ) ;
#683 = ORIENTED_EDGE ( 'NONE', *, *, #2155, .T. ) ;
#684 = CARTESIAN_POINT ( 'NONE',  ( 1.230625000000000302, 0.01574803149606299191, -0.5661328124999996936 ) ) ;
#685 = AXIS2_PLACEMENT_3D ( 'NONE', #5259, #3245, #3562 ) ;
#686 = DIRECTION ( 'NONE',  ( -1.000000000000000000, 0.000000000000000000, 0.000000000000000000 ) ) ;
#687 = CARTESIAN_POINT ( 'NONE',  ( 0.6867657838989483787, 0.01574803149606299191, -0.3536794301083531211 ) ) ;
#688 = CARTESIAN_POINT ( 'NONE',  ( 1.230625000000000302, 0.01574803149606299191, -0.3876171874999997380 ) ) ;
#689 = CARTESIAN_POINT ( 'NONE',  ( 2.020196227979068393, 0.01574803149606299191, -0.5145737942867776304 ) ) ;
#690 = LINE ( 'NONE', #4275, #5561 ) ;
#691 = B_SPLINE_CURVE_WITH_KNOTS ( 'NONE', 3,
 ( #961, #2979, #921, #1970, #5950, #319, #1834, #5386, #4959, #2376 ),
 .UNSPECIFIED., .F., .F.,
 ( 4, 2, 2, 2, 4 ),
 ( 0.000000000000000000, 0.0002558273932722507859, 0.0005116547865445015717, 0.0007674821798167523034, 0.001023309573089003143 ),
 .UNSPECIFIED. ) ;
#692 = LINE ( 'NONE', #5246, #4546 ) ;
#693 = CARTESIAN_POINT ( 'NONE',  ( 1.068710937500000124, 2.134256245050205639E-18, -0.3549999999999997602 ) ) ;
#694 = CARTESIAN_POINT ( 'NONE',  ( 1.671502192982278867, 2.134256245050205639E-18, -0.5552573136534085796 ) ) ;
#695 = DIRECTION ( 'NONE',  ( 0.000000000000000000, -0.000000000000000000, -1.000000000000000000 ) ) ;
#696 = CARTESIAN_POINT ( 'NONE',  ( 2.019150390625000124, 0.01574803149606298844, -0.5161816406249996048 ) ) ;
#697 = CARTESIAN_POINT ( 'NONE',  ( 2.144483972116016712, 0.01574803149606299538, -0.5938248534668377765 ) ) ;
#698 = CARTESIAN_POINT ( 'NONE',  ( 1.698231282877490589, 0.01574803149606299191, -0.3681616559951614298 ) ) ;
#699 = VERTEX_POINT ( 'NONE', #5639 ) ;
#700 = CARTESIAN_POINT ( 'NONE',  ( 1.044540290012923700, 0.01574803149606299191, -0.5701904233198387129 ) ) ;
#701 = LINE ( 'NONE', #5255, #3611 ) ;
#702 = CARTESIAN_POINT ( 'NONE',  ( 2.099375000000000213, -0.3384390870230564174, -0.5018749999999996270 ) ) ;
#703 = CARTESIAN_POINT ( 'NONE',  ( 2.099375000000000213, 0.000000000000000000, -0.5018749999999996270 ) ) ;
#704 = LENGTH_MEASURE_WITH_UNIT ( LENGTH_MEASURE( 0.02539999999999999897 ), #1735 );
#705 = CARTESIAN_POINT ( 'NONE',  ( 0.000000000000000000, 0.000000000000000000, 0.000000000000000000 ) ) ;
#706 = VERTEX_POINT ( 'NONE', #989 ) ;
#707 = ORIENTED_EDGE ( 'NONE', *, *, #5153, .T. ) ;
#708 = CARTESIAN_POINT ( 'NONE',  ( 2.014608121733580948, 0.01574803149606299191, -0.4087424215289235940 ) ) ;
#709 = CARTESIAN_POINT ( 'NONE',  ( 1.459800524509937691, 0.01574803149606299191, -0.5581541451412856958 ) ) ;
#710 = DIRECTION ( 'NONE',  ( 0.000000000000000000, 0.000000000000000000, -1.000000000000000000 ) ) ;
#711 = CARTESIAN_POINT ( 'NONE',  ( 0.7951757812499999911, 0.01574803149606298844, -0.3738476562499999378 ) ) ;
#712 = CARTESIAN_POINT ( 'NONE',  ( 1.476604459275512760, 0.01574803149606299191, -0.5622399354113948311 ) ) ;
#713 = CARTESIAN_POINT ( 'NONE',  ( 0.6007421874999998579, -2.134256245050205639E-18, -0.6018749999999998268 ) ) ;
#714 = CARTESIAN_POINT ( 'NONE',  ( 0.5784690946715951299, -2.134256245050205639E-18, -0.5626480301754599456 ) ) ;
#715 = CARTESIAN_POINT ( 'NONE',  ( 0.7743261718749997469, 0.01574803149606299538, -0.5786328124999998712 ) ) ;
#716 = CARTESIAN_POINT ( 'NONE',  ( 1.336488906292893963, 0.01574803149606298844, -0.3677913020036464031 ) ) ;
#717 = CARTESIAN_POINT ( 'NONE',  ( 0.8128141420584201748, -2.134256245050205639E-18, -0.5710522244512319379 ) ) ;
#718 = CARTESIAN_POINT ( 'NONE',  ( 1.605624999999999858, 0.000000000000000000, -0.3840527343749997602 ) ) ;
#719 = CARTESIAN_POINT ( 'NONE',  ( 1.002499999999999947, -0.1613455277634967266, -0.5662304687499998268 ) ) ;
#720 = CARTESIAN_POINT ( 'NONE',  ( 2.007177137227762476, 1.707404996040164512E-17, -0.4412990786661489806 ) ) ;
#721 = EDGE_LOOP ( 'NONE', ( #1323, #927, #3487, #896 ) ) ;
#722 = FACE_OUTER_BOUND ( 'NONE', #1779, .T. ) ;
#723 = CARTESIAN_POINT ( 'NONE',  ( 1.039734581397383062, 2.134256245050205639E-18, -0.3753162929776692192 ) ) ;
#724 = VECTOR ( 'NONE', #1796, 39.37007874015748143 ) ;
#725 = LENGTH_MEASURE_WITH_UNIT ( LENGTH_MEASURE( 0.02539999999999999897 ), #5215 );
#726 = CARTESIAN_POINT ( 'NONE',  ( 1.965286677259609815, 0.01574803149606299191, -0.5604076494325447300 ) ) ;
#727 = VECTOR ( 'NONE', #3747, 39.37007874015748143 ) ;
#728 = CARTESIAN_POINT ( 'NONE',  ( 0.6236561630064697548, 0.01574803149606299885, -0.5885014480388522928 ) ) ;
#729 = CARTESIAN_POINT ( 'NONE',  ( 1.680768299505553065, 2.134256245050205639E-18, -0.5657125978330272975 ) ) ;
#730 = EDGE_CURVE ( 'NONE', #5300, #3354, #6177, .T. ) ;
#731 = ORIENTED_EDGE ( 'NONE', *, *, #5462, .F. ) ;
#732 = CARTESIAN_POINT ( 'NONE',  ( 1.388371355229868653, 0.000000000000000000, -0.3702560611866932971 ) ) ;
#733 = CARTESIAN_POINT ( 'NONE',  ( 0.6760351562499997691, 0.000000000000000000, -0.3518749999999999378 ) ) ;
#734 = CARTESIAN_POINT ( 'NONE',  ( 1.952147362764287353, 0.01574803149606299191, -0.4467635451590317164 ) ) ;
#735 = ADVANCED_FACE ( 'NONE', ( #1113 ), #5080, .T. ) ;
#736 = CARTESIAN_POINT ( 'NONE',  ( 0.9806158885901663513, 0.01574803149606298844, -0.5977719893785440330 ) ) ;
#737 = LINE ( 'NONE', #2368, #4285 ) ;
#738 = PLANE ( 'NONE',  #4506 ) ;
#739 = VERTEX_POINT ( 'NONE', #5737 ) ;
#740 = EDGE_CURVE ( 'NONE', #1813, #1973, #1239, .T. ) ;
#741 = VECTOR ( 'NONE', #1986, 39.37007874015748143 ) ;
#742 = CARTESIAN_POINT ( 'NONE',  ( 2.041661406369450926, 0.000000000000000000, -0.3991719466861887167 ) ) ;
#743 = CARTESIAN_POINT ( 'NONE',  ( 0.9462499999999999245, 0.01574803149606299191, -0.4549999999999999045 ) ) ;
#744 = CARTESIAN_POINT ( 'NONE',  ( 1.479856652782878479, 0.01574803149606299885, -0.5919417975870767679 ) ) ;
#745 = CARTESIAN_POINT ( 'NONE',  ( 1.682285156249999858, 0.01574803149606299191, -0.5752148437499997602 ) ) ;
#746 = CARTESIAN_POINT ( 'NONE',  ( 0.5810552723100961270, 0.01574803149606299538, -0.5583013914590115867 ) ) ;
#747 = CARTESIAN_POINT ( 'NONE',  ( 1.078779109144798909, 0.000000000000000000, -0.5049404509781987294 ) ) ;
#748 = ORIENTED_EDGE ( 'NONE', *, *, #1668, .T. ) ;
#749 = LINE ( 'NONE', #2817, #3912 ) ;
#750 = CARTESIAN_POINT ( 'NONE',  ( 2.050107421875000391, 0.01574803149606299191, -0.3549999999999996492 ) ) ;
#751 = CARTESIAN_POINT ( 'NONE',  ( 1.207592881196524415, 0.01574803149606299191, -0.3555810650652991289 ) ) ;
#752 = CARTESIAN_POINT ( 'NONE',  ( 1.584509206131682113, 2.134256245050205639E-18, -0.3521032973289328627 ) ) ;
#753 = ORIENTED_EDGE ( 'NONE', *, *, #740, .T. ) ;
#754 = CARTESIAN_POINT ( 'NONE',  ( 2.021251680892368174, 0.01574803149606299538, -0.5129746897312513765 ) ) ;
#755 = CARTESIAN_POINT ( 'NONE',  ( 0.6799977150865933462, 0.01574803149606299191, -0.3520500240944686166 ) ) ;
#756 = PLANE ( 'NONE',  #5198 ) ;
#757 = CARTESIAN_POINT ( 'NONE',  ( 0.8494344006644798384, 0.01574803149606299191, -0.4585678694559686686 ) ) ;
#758 = CARTESIAN_POINT ( 'NONE',  ( 0.8055458715792485069, 1.067128122525102820E-17, -0.3569883667585909692 ) ) ;
#759 = CARTESIAN_POINT ( 'NONE',  ( 0.9462499999999999245, 0.01574803149606299191, -0.4956249999999998712 ) ) ;
#760 = DIRECTION ( 'NONE',  ( 0.000000000000000000, 0.000000000000000000, 1.000000000000000000 ) ) ;
#761 = CARTESIAN_POINT ( 'NONE',  ( 1.473469138210524054, 0.01574803149606299885, -0.5823019432618610214 ) ) ;
#762 = CARTESIAN_POINT ( 'NONE',  ( 0.8036096864952746444, 0.01574803149606299538, -0.5544947741366481608 ) ) ;
#763 = EDGE_CURVE ( 'NONE', #3974, #3932, #6240, .T. ) ;
#764 = ORIENTED_EDGE ( 'NONE', *, *, #5486, .T. ) ;
#765 = CARTESIAN_POINT ( 'NONE',  ( 1.989414062500000080, 0.01574803149606299191, -0.3638378906249996048 ) ) ;
#766 = ADVANCED_FACE ( 'NONE', ( #2165 ), #5704, .T. ) ;
#767 = CARTESIAN_POINT ( 'NONE',  ( 0.8548861274359232931, 0.000000000000000000, -0.5962986946336841232 ) ) ;
#768 = EDGE_CURVE ( 'NONE', #4697, #2079, #237, .T. ) ;
#769 = CARTESIAN_POINT ( 'NONE',  ( 0.9960229562315021656, 0.01574803149606299538, -0.5893751868553006590 ) ) ;
#770 = PRESENTATION_STYLE_ASSIGNMENT (( #2738 ) ) ;
#771 = CARTESIAN_POINT ( 'NONE',  ( 0.8010369805891437434, 0.01574803149606299191, -0.5455273547002572609 ) ) ;
#772 = VERTEX_POINT ( 'NONE', #2664 ) ;
#773 = CARTESIAN_POINT ( 'NONE',  ( 2.005663908221247294, 0.000000000000000000, -0.4292005998741413308 ) ) ;
#774 = FACE_OUTER_BOUND ( 'NONE', #1618, .T. ) ;
#775 = PLANE ( 'NONE',  #6262 ) ;
#776 = CARTESIAN_POINT ( 'NONE',  ( 1.841101705431224644, 0.01574803149606299538, -0.5891976495847154327 ) ) ;
#777 = ORIENTED_EDGE ( 'NONE', *, *, #3231, .T. ) ;
#778 = CARTESIAN_POINT ( 'NONE',  ( 2.060036855062930883, 0.01574803149606299191, -0.5549486203538617213 ) ) ;
#779 = ORIENTED_EDGE ( 'NONE', *, *, #4299, .F. ) ;
#780 = CARTESIAN_POINT ( 'NONE',  ( 0.7469251978107264156, 0.01574803149606299538, -0.6018009746601061805 ) ) ;
#781 = EDGE_CURVE ( 'NONE', #3598, #421, #4279, .T. ) ;
#782 = CARTESIAN_POINT ( 'NONE',  ( 1.840323965495518133, 0.01574803149606298844, -0.5901731642048090309 ) ) ;
#783 = CARTESIAN_POINT ( 'NONE',  ( 1.039658203125000124, 0.01574803149606299191, -0.3767285156249997602 ) ) ;
#784 = CARTESIAN_POINT ( 'NONE',  ( 0.8489899778967262556, 0.000000000000000000, -0.3652418751803820918 ) ) ;
#785 = COLOUR_RGB ( '',0.7921568627450980005, 0.8196078431372548767, 0.9333333333333333481 ) ;
#786 = EDGE_CURVE ( 'NONE', #4067, #2804, #4808, .T. ) ;
#787 = CARTESIAN_POINT ( 'NONE',  ( 2.099375000000000213, 0.01574803149606299191, -0.3987499999999996048 ) ) ;
#788 = CARTESIAN_POINT ( 'NONE',  ( 2.012283350250354097, 1.707404996040164512E-17, -0.4497348605850088332 ) ) ;
#789 = ORIENTED_EDGE ( 'NONE', *, *, #4990, .T. ) ;
#790 = VECTOR ( 'NONE', #9, 39.37007874015748143 ) ;
#791 = CARTESIAN_POINT ( 'NONE',  ( 1.046856553724963668, 2.134256245050205639E-18, -0.3613586407157824976 ) ) ;
#792 = CARTESIAN_POINT ( 'NONE',  ( 0.8004651342793416280, 1.067128122525102820E-17, -0.3613520550473519610 ) ) ;
#793 = CARTESIAN_POINT ( 'NONE',  ( 0.8142220216572227942, -2.134256245050205639E-18, -0.4170330930400169001 ) ) ;
#794 = LINE ( 'NONE', #4310, #2126 ) ;
#795 = CARTESIAN_POINT ( 'NONE',  ( 2.132012774734095117, 0.01574803149606299191, -0.5984193325369199234 ) ) ;
#796 = CARTESIAN_POINT ( 'NONE',  ( 0.7994404114152703356, 0.000000000000000000, -0.5316131467680239586 ) ) ;
#797 = ORIENTED_EDGE ( 'NONE', *, *, #3430, .T. ) ;
#798 = CARTESIAN_POINT ( 'NONE',  ( 0.7599707031249997025, 0.01574803149606299191, -0.5464062499999999822 ) ) ;
#799 = CARTESIAN_POINT ( 'NONE',  ( 1.002427180920327343, -2.134256245050205639E-18, -0.3817505347398806870 ) ) ;
#800 = CARTESIAN_POINT ( 'NONE',  ( 1.605624999999999858, 0.01574803149606299191, -0.3840527343749997602 ) ) ;
#801 = CARTESIAN_POINT ( 'NONE',  ( 0.7257584639991727649, 0.000000000000000000, -0.5909021008537977959 ) ) ;
#802 = DIRECTION ( 'NONE',  ( 0.000000000000000000, -0.000000000000000000, 1.000000000000000000 ) ) ;
#803 = VERTEX_POINT ( 'NONE', #5797 ) ;
#804 = CARTESIAN_POINT ( 'NONE',  ( 1.208410174864912756, -2.134256245050205639E-18, -0.5979362696720080805 ) ) ;
#805 = MANIFOLD_SOLID_BREP ( 'Stock-Eggfinder LCD Case V2 Battery Door-6', #2983 ) ;
#806 = CARTESIAN_POINT ( 'NONE',  ( 2.010143915585068441, 0.000000000000000000, -0.4137147344131337223 ) ) ;
#807 = LINE ( 'NONE', #4227, #3706 ) ;
#808 = LINE ( 'NONE', #5417, #3200 ) ;
#809 = LINE ( 'NONE', #3251, #834 ) ;
#810 = ORIENTED_EDGE ( 'NONE', *, *, #170, .T. ) ;
#811 = CARTESIAN_POINT ( 'NONE',  ( 1.230618034067166189, 0.000000000000000000, -0.3862486395166686570 ) ) ;
#812 = EDGE_LOOP ( 'NONE', ( #1878, #764, #3772, #908 ) ) ;
#813 = B_SPLINE_SURFACE_WITH_KNOTS ( 'NONE', 3, 1, ( 
 ( #5664, #3719 ),
 ( #164, #1203 ),
 ( #102, #5238 ),
 ( #687, #2716 ),
 ( #2223, #6171 ),
 ( #4610, #3661 ),
 ( #1140, #5173 ),
 ( #623, #132 ),
 ( #4172, #3426 ),
 ( #1811, #295 ),
 ( #2818, #4829 ) ),
 .UNSPECIFIED., .F., .F., .F.,
 ( 4, 1, 1, 1, 1, 1, 1, 1, 4 ),
 ( 2, 2 ),
 ( 0.000000000000000000, 0.1194650892431612516, 0.2317767218936476747, 0.3411459395840581998, 0.4539950994784673899, 0.5720169938634960261, 0.6986754867786912904, 0.8403501523962195741, 1.000000000000000000 ),
 ( 0.000000000000000000, 1.000000000000000000 ),
 .UNSPECIFIED. ) ;
#814 = CARTESIAN_POINT ( 'NONE',  ( 0.7374941078461679789, 0.000000000000000000, -0.6003819839028301519 ) ) ;
#815 = CARTESIAN_POINT ( 'NONE',  ( 1.725839843749999991, 0.01574803149606299191, -0.3518749999999996603 ) ) ;
#816 = CARTESIAN_POINT ( 'NONE',  ( 2.023436009275845215, 0.000000000000000000, -0.3561249584995162532 ) ) ;
#817 = DIRECTION ( 'NONE',  ( -0.3534645099361785614, 0.000000000000000000, -0.9354479355985437783 ) ) ;
#818 = ORIENTED_EDGE ( 'NONE', *, *, #5276, .F. ) ;
#819 = MANIFOLD_SOLID_BREP ( 'Stock-Eggfinder LCD Case V2 Battery Door-7', #2758 ) ;
#820 = B_SPLINE_SURFACE_WITH_KNOTS ( 'NONE', 3, 1, ( 
 ( #2861, #4877 ),
 ( #4377, #6413 ),
 ( #1853, #3881 ),
 ( #698, #869 ),
 ( #1958, #947 ),
 ( #2529, #1925 ),
 ( #4417, #2892 ),
 ( #2929, #5046 ),
 ( #373, #1408 ),
 ( #4943, #6449 ),
 ( #5902, #3469 ) ),
 .UNSPECIFIED., .F., .F., .F.,
 ( 4, 1, 1, 1, 1, 1, 1, 1, 4 ),
 ( 2, 2 ),
 ( 0.000000000000000000, 0.1014750558381663365, 0.2060758872664703034, 0.3216648695656921242, 0.4490028450816556105, 0.5823230124332053892, 0.7153679277077807930, 0.8519526514919230076, 1.000000000000000000 ),
 ( 0.000000000000000000, 1.000000000000000000 ),
 .UNSPECIFIED. ) ;
#821 = EDGE_CURVE ( 'NONE', #6080, #2322, #972, .T. ) ;
#822 = DIRECTION ( 'NONE',  ( -1.000000000000000000, 0.000000000000000000, 1.530313099295518266E-15 ) ) ;
#823 = CARTESIAN_POINT ( 'NONE',  ( 1.063720114036624365, 2.134256245050205639E-18, -0.5015975517369541947 ) ) ;
#824 = EDGE_LOOP ( 'NONE', ( #3866, #5358, #2136, #3828 ) ) ;
#825 = EDGE_CURVE ( 'NONE', #1861, #5181, #1497, .T. ) ;
#826 = CARTESIAN_POINT ( 'NONE',  ( 1.450749392804951299, 0.01574803149606299191, -0.5973976626379204902 ) ) ;
#827 = CARTESIAN_POINT ( 'NONE',  ( 2.017497027206465621, 2.134256245050205639E-18, -0.4540291119703209755 ) ) ;
#828 = CARTESIAN_POINT ( 'NONE',  ( 1.472599123533685050, 0.01574803149606300232, -0.5788327136097322079 ) ) ;
#829 = FACE_OUTER_BOUND ( 'NONE', #5917, .T. ) ;
#830 = EDGE_LOOP ( 'NONE', ( #1654, #2014, #121, #2431 ) ) ;
#831 = VECTOR ( 'NONE', #3851, 39.37007874015748143 ) ;
#832 = CARTESIAN_POINT ( 'NONE',  ( 0.8850891397059610366, 0.01574803149606299191, -0.4971555548031389993 ) ) ;
#833 = CARTESIAN_POINT ( 'NONE',  ( 2.099375000000000213, -0.3384390870230564174, -0.5018749999999996270 ) ) ;
#834 = VECTOR ( 'NONE', #4295, 39.37007874015748143 ) ;
#835 = CARTESIAN_POINT ( 'NONE',  ( 0.9988464827547246516, -2.134256245050205639E-18, -0.3649182087394360341 ) ) ;
#836 = CARTESIAN_POINT ( 'NONE',  ( 1.734402016796388057, 0.01574803149606298844, -0.3530827825236417250 ) ) ;
#837 = CARTESIAN_POINT ( 'NONE',  ( 0.7257584639991727649, 0.01574803149606299538, -0.5909021008537977959 ) ) ;
#838 = DIRECTION ( 'NONE',  ( -1.000000000000000000, 0.000000000000000000, 0.000000000000000000 ) ) ;
#839 = B_SPLINE_CURVE_WITH_KNOTS ( 'NONE', 3,
 ( #2624, #4640, #4052, #3663, #5666, #2659, #1142, #3163, #4673, #134, #2528 ),
 .UNSPECIFIED., .F., .F.,
 ( 4, 1, 1, 1, 1, 1, 1, 1, 4 ),
 ( 0.000000000000000000, 0.1542747837342571815, 0.2991444719352748249, 0.4356566173070356429, 0.5630245065237211577, 0.6824115523983322884, 0.7944742290164806819, 0.9000976569042189457, 1.000000000000000000 ),
 .UNSPECIFIED. ) ;
#840 = CARTESIAN_POINT ( 'NONE',  ( 1.081015625000000036, -0.1613455277634967266, -0.4612499999999997713 ) ) ;
#841 = VECTOR ( 'NONE', #1979, 39.37007874015748143 ) ;
#842 = ORIENTED_EDGE ( 'NONE', *, *, #5556, .T. ) ;
#843 = CARTESIAN_POINT ( 'NONE',  ( 0.8450976294236856035, 0.01574803149606299191, -0.3604371455215429343 ) ) ;
#844 = CARTESIAN_POINT ( 'NONE',  ( 2.032114261580322268, 0.000000000000000000, -0.4007046185879961087 ) ) ;
#845 = CARTESIAN_POINT ( 'NONE',  ( 2.148767170032877427, 0.01574803149606299191, -0.3635512681493203169 ) ) ;
#846 = CARTESIAN_POINT ( 'NONE',  ( 0.5751446174638729092, 0.000000000000000000, -0.5873022400820337996 ) ) ;
#847 = CARTESIAN_POINT ( 'NONE',  ( 1.696250000000000258, 0.01574803149606298844, -0.3768749999999996270 ) ) ;
#848 = CARTESIAN_POINT ( 'NONE',  ( 1.675179354473872229, 2.134256245050205639E-18, -0.5926285563699443815 ) ) ;
#849 = ORIENTED_EDGE ( 'NONE', *, *, #4300, .F. ) ;
#850 = CARTESIAN_POINT ( 'NONE',  ( 2.099375000000000213, -0.3384390870230564174, -0.4612499999999996048 ) ) ;
#851 = VECTOR ( 'NONE', #3667, 39.37007874015747433 ) ;
#852 = ORIENTED_EDGE ( 'NONE', *, *, #136, .T. ) ;
#853 = EDGE_CURVE ( 'NONE', #4367, #3800, #3971, .T. ) ;
#854 = VECTOR ( 'NONE', #4823, 39.37007874015748143 ) ;
#855 = CARTESIAN_POINT ( 'NONE',  ( 1.852418953462966922, -2.134256245050205639E-18, -0.5666502260667191093 ) ) ;
#856 = CARTESIAN_POINT ( 'NONE',  ( 1.989414062500000080, 0.01574803149606299191, -0.3638378906249996048 ) ) ;
#857 = DIRECTION ( 'NONE',  ( 0.000000000000000000, 0.000000000000000000, 1.000000000000000000 ) ) ;
#858 = ORIENTED_EDGE ( 'NONE', *, *, #625, .T. ) ;
#859 = EDGE_CURVE ( 'NONE', #3834, #425, #3556, .T. ) ;
#860 = CARTESIAN_POINT ( 'NONE',  ( 0.9462499999999999245, 0.01574803149606299191, -0.5549999999999999378 ) ) ;
#861 = CARTESIAN_POINT ( 'NONE',  ( 2.015184491534407929, 0.000000000000000000, -0.5281386530777031352 ) ) ;
#862 = ORIENTED_EDGE ( 'NONE', *, *, #5211, .F. ) ;
#863 = ADVANCED_FACE ( 'NONE', ( #2828 ), #1306, .F. ) ;
#864 = FACE_OUTER_BOUND ( 'NONE', #3544, .T. ) ;
#865 = CARTESIAN_POINT ( 'NONE',  ( 1.001434915685647242, 1.067128122525102820E-17, -0.5775091609277741567 ) ) ;
#866 = ADVANCED_FACE ( 'NONE', ( #1720 ), #1200, .T. ) ;
#867 = CARTESIAN_POINT ( 'NONE',  ( 1.734402016796388057, 2.134256245050205639E-18, -0.3530827825236417250 ) ) ;
#868 = CARTESIAN_POINT ( 'NONE',  ( 1.872048307966697189, 2.134256245050205639E-18, -0.3693790243630494241 ) ) ;
#869 = CARTESIAN_POINT ( 'NONE',  ( 1.698231282877490589, 2.134256245050205639E-18, -0.3681616559951614298 ) ) ;
#870 = ORIENTED_EDGE ( 'NONE', *, *, #5840, .F. ) ;
#871 = APPLICATION_CONTEXT ( 'automotive_design' ) ;
#872 = DIRECTION ( 'NONE',  ( 0.3154607403026622459, 0.000000000000000000, 0.9489386288520961221 ) ) ;
#873 = CARTESIAN_POINT ( 'NONE',  ( 1.698239290520354272, 0.01574803149606298844, -0.3875453421483738836 ) ) ;
#874 = CARTESIAN_POINT ( 'NONE',  ( 0.9462499999999999245, 0.01574803149606299191, -0.3836132812499999378 ) ) ;
#875 = ORIENTED_EDGE ( 'NONE', *, *, #4950, .F. ) ;
#876 = LINE ( 'NONE', #3887, #1125 ) ;
#877 = B_SPLINE_SURFACE_WITH_KNOTS ( 'NONE', 3, 1, ( 
 ( #745, #3862 ),
 ( #287, #5265 ),
 ( #3769, #3350 ),
 ( #4758, #5784 ),
 ( #1743, #3283 ),
 ( #5387, #848 ),
 ( #6396, #2773 ),
 ( #1835, #1223 ),
 ( #2842, #1291 ),
 ( #3799, #2744 ),
 ( #5752, #2278 ) ),
 .UNSPECIFIED., .F., .F., .F.,
 ( 4, 1, 1, 1, 1, 1, 1, 1, 4 ),
 ( 2, 2 ),
 ( 0.000000000000000000, 0.1271158039212380297, 0.2443141347808983344, 0.3577043942425867096, 0.4710379758892238589, 0.5887044089038869776, 0.7134391316141812656, 0.8491386294085762065, 1.000000000000000000 ),
 ( 0.000000000000000000, 1.000000000000000000 ),
 .UNSPECIFIED. ) ;
#878 = CARTESIAN_POINT ( 'NONE',  ( 1.062151284031599863, 2.134256245050205639E-18, -0.3985956711228215710 ) ) ;
#879 = DIRECTION ( 'NONE',  ( -1.000000000000000000, 0.000000000000000000, 0.000000000000000000 ) ) ;
#880 = CARTESIAN_POINT ( 'NONE',  ( 1.345667444776148747, -2.134256245050205639E-18, -0.3564675833465724697 ) ) ;
#881 = CARTESIAN_POINT ( 'NONE',  ( 1.867140711199825942, 0.01574803149606298844, -0.3808693304631747267 ) ) ;
#882 = CARTESIAN_POINT ( 'NONE',  ( 0.9599349439403437323, 0.01574803149606298844, -0.3552724277763775751 ) ) ;
#883 = CARTESIAN_POINT ( 'NONE',  ( 1.696293193498420671, 0.01574803149606298844, -0.3791364747584065054 ) ) ;
#884 = CARTESIAN_POINT ( 'NONE',  ( 1.227879025659089463, 0.01574803149606298497, -0.5833618556383731724 ) ) ;
#885 = VERTEX_POINT ( 'NONE', #3379 ) ;
#886 = DIMENSIONAL_EXPONENTS ( 1.000000000000000000, 0.000000000000000000, 0.000000000000000000, 0.000000000000000000, 0.000000000000000000, 0.000000000000000000, 0.000000000000000000 ) ;
#887 = CARTESIAN_POINT ( 'NONE',  ( 0.5849420959911783013, 0.01574803149606299191, -0.5980614927625031996 ) ) ;
#888 = EDGE_LOOP ( 'NONE', ( #5520, #3454, #2984, #4170 ) ) ;
#889 = VERTEX_POINT ( 'NONE', #5947 ) ;
#890 = EDGE_CURVE ( 'NONE', #185, #4465, #2119, .T. ) ;
#891 = CARTESIAN_POINT ( 'NONE',  ( 1.257021123046561772, 2.134256245050205639E-18, -0.5797950049923457083 ) ) ;
#892 = CARTESIAN_POINT ( 'NONE',  ( 1.228806392534069980, 4.268512490100411279E-18, -0.3730302950764388115 ) ) ;
#893 = CARTESIAN_POINT ( 'NONE',  ( 0.8556249999999999689, 0.01574803149606299885, -0.5257031249999999378 ) ) ;
#894 = CARTESIAN_POINT ( 'NONE',  ( 1.578916015624999947, 0.01574803149606299538, -0.3518749999999997713 ) ) ;
#895 = PLANE ( 'NONE',  #309 ) ;
#896 = ORIENTED_EDGE ( 'NONE', *, *, #3476, .F. ) ;
#897 = CARTESIAN_POINT ( 'NONE',  ( 1.994394531249999991, 0.000000000000000000, -0.4849804687499996159 ) ) ;
#898 = LINE ( 'NONE', #1845, #4401 ) ;
#899 = EDGE_LOOP ( 'NONE', ( #5962, #1105, #1738, #849 ) ) ;
#900 = CARTESIAN_POINT ( 'NONE',  ( 1.778834221307392660, -6.402768735150616918E-18, -0.5850739842095146193 ) ) ;
#901 = CARTESIAN_POINT ( 'NONE',  ( 0.9736324210259678091, 2.134256245050205639E-18, -0.3519708810097439411 ) ) ;
#902 = CARTESIAN_POINT ( 'NONE',  ( 1.466454730355532199, -2.134256245050205639E-18, -0.5802879112056273936 ) ) ;
#903 = B_SPLINE_CURVE_WITH_KNOTS ( 'NONE', 3,
 ( #4237, #3660, #6168, #2715, #1567, #3687, #3095, #562, #2592, #2120, #4609 ),
 .UNSPECIFIED., .F., .F.,
 ( 4, 1, 1, 1, 1, 1, 1, 1, 4 ),
 ( 0.000000000000000000, 0.07777558219386204730, 0.1671887365106511369, 0.2717744101640651166, 0.3891704752738506246, 0.5204232662120875652, 0.6661742853725580726, 0.8249002905883174863, 1.000000000000000000 ),
 .UNSPECIFIED. ) ;
#904 = CARTESIAN_POINT ( 'NONE',  ( 1.751459448207661973, 2.134256245050205639E-18, -0.3724999552451462304 ) ) ;
#905 = CARTESIAN_POINT ( 'NONE',  ( 0.6038552888771336891, 2.134256245050205639E-18, -0.6018177046880093251 ) ) ;
#906 = VECTOR ( 'NONE', #5441, 39.37007874015748143 ) ;
#907 = CARTESIAN_POINT ( 'NONE',  ( 2.145669100233534632, 0.01574803149606299538, -0.5928387995711422720 ) ) ;
#908 = ORIENTED_EDGE ( 'NONE', *, *, #6342, .F. ) ;
#909 = CARTESIAN_POINT ( 'NONE',  ( 1.778107788956350577, 0.01574803149606298497, -0.5839034580076385428 ) ) ;
#910 = CARTESIAN_POINT ( 'NONE',  ( 1.258523470578388537, 2.134256245050205639E-18, -0.5662579296143114282 ) ) ;
#911 = PLANE ( 'NONE',  #957 ) ;
#912 = ORIENTED_EDGE ( 'NONE', *, *, #5368, .F. ) ;
#913 = CARTESIAN_POINT ( 'NONE',  ( 0.7220824721646097455, 0.01574803149606299538, -0.5857521854337283118 ) ) ;
#914 =( NAMED_UNIT ( * ) PLANE_ANGLE_UNIT ( ) SI_UNIT ( $, .RADIAN. ) );
#915 = CARTESIAN_POINT ( 'NONE',  ( 1.574798234227123395, 0.01574803149606300232, -0.3520478349863347955 ) ) ;
#916 = ORIENTED_EDGE ( 'NONE', *, *, #4555, .T. ) ;
#917 = ORIENTED_EDGE ( 'NONE', *, *, #655, .F. ) ;
#918 = CARTESIAN_POINT ( 'NONE',  ( 1.229899074122413394, 0.01574803149606299191, -0.5761896830186833407 ) ) ;
#919 = CARTESIAN_POINT ( 'NONE',  ( 0.6491203117410776491, 0.01574803149606299538, -0.3678188045200828649 ) ) ;
#920 = CARTESIAN_POINT ( 'NONE',  ( 0.8556249999999999689, 0.000000000000000000, -0.5257031249999999378 ) ) ;
#921 = CARTESIAN_POINT ( 'NONE',  ( 1.681788973175365465, 0.01574803149606299538, -0.5684630132084481646 ) ) ;
#922 = ADVANCED_FACE ( 'NONE', ( #2188 ), #2252, .F. ) ;
#923 = PLANE ( 'NONE',  #3074 ) ;
#924 = ORIENTED_EDGE ( 'NONE', *, *, #2813, .F. ) ;
#925 = CARTESIAN_POINT ( 'NONE',  ( 1.472373046874999813, -0.3384390870230564174, -0.5752148437499997602 ) ) ;
#926 = VERTEX_POINT ( 'NONE', #1862 ) ;
#927 = ORIENTED_EDGE ( 'NONE', *, *, #3780, .T. ) ;
#928 = ORIENTED_EDGE ( 'NONE', *, *, #768, .T. ) ;
#929 = CARTESIAN_POINT ( 'NONE',  ( 1.264231652782878523, 2.134256245050205639E-18, -0.5919417975870766568 ) ) ;
#930 = CARTESIAN_POINT ( 'NONE',  ( 1.059180476413470462, 0.01574803149606299191, -0.4983020967636924148 ) ) ;
#931 = CARTESIAN_POINT ( 'NONE',  ( 1.063547354717262916, 0.000000000000000000, -0.4647665737124370144 ) ) ;
#932 = CARTESIAN_POINT ( 'NONE',  ( 1.916637759188859036, 2.134256245050205639E-18, -0.3592395895217309620 ) ) ;
#933 = VERTEX_POINT ( 'NONE', #4761 ) ;
#934 = CARTESIAN_POINT ( 'NONE',  ( 1.474148470578387604, 0.01574803149606299191, -0.5662579296143110952 ) ) ;
#935 = CARTESIAN_POINT ( 'NONE',  ( 0.8292592782134812213, -2.134256245050205639E-18, -0.4386890730078889522 ) ) ;
#936 = CARTESIAN_POINT ( 'NONE',  ( 1.068710937500000124, 0.000000000000000000, -0.3987499999999997158 ) ) ;
#937 = CARTESIAN_POINT ( 'NONE',  ( 2.016125547921755690, 0.01574803149606299191, -0.5224537783426569382 ) ) ;
#938 = ORIENTED_EDGE ( 'NONE', *, *, #1201, .F. ) ;
#939 = CARTESIAN_POINT ( 'NONE',  ( 1.068710937500000124, -0.3384390870230564174, -0.3987499999999997158 ) ) ;
#940 = CARTESIAN_POINT ( 'NONE',  ( 1.785097185306169898, 0.01574803149606299538, -0.5921477942335223732 ) ) ;
#941 = CARTESIAN_POINT ( 'NONE',  ( 1.257871154615926024, 0.01574803149606298844, -0.5680239403434196310 ) ) ;
#942 = CARTESIAN_POINT ( 'NONE',  ( 0.9980748944111500487, 1.067128122525102820E-17, -0.5864147276306720391 ) ) ;
#943 = B_SPLINE_SURFACE_WITH_KNOTS ( 'NONE', 3, 1, ( 
 ( #5199, #2615 ),
 ( #3622, #2648 ),
 ( #1652, #1622 ),
 ( #3682, #1099 ),
 ( #3119, #3221 ),
 ( #5129, #2109 ),
 ( #6159, #1132 ),
 ( #5686, #4601 ),
 ( #648, #5163 ),
 ( #2680, #614 ),
 ( #4106, #6227 ),
 ( #1681, #5719 ),
 ( #5230, #190 ),
 ( #2214, #4229 ),
 ( #3742, #5298 ),
 ( #4397, #1771 ),
 ( #2809, #6430 ),
 ( #1322, #4855 ),
 ( #711, #4793 ) ),
 .UNSPECIFIED., .F., .F., .F.,
 ( 4, 1, 1, 1, 1, 1, 1, 1, 1, 1, 1, 1, 1, 1, 1, 1, 4 ),
 ( 2, 2 ),
 ( 0.000000000000000000, 0.05560088188873699155, 0.1162568064506084714, 0.1841919758690732933, 0.2593619140846821769, 0.3385474029667048246, 0.4175393845456848996, 0.4964053317698315926, 0.5756403308328136292, 0.6520821592667108701, 0.7229434584460243673, 0.7884705371154628883, 0.8479802250137887798, 0.9002048195162188904, 0.9428086197652451039, 0.9758012648353273644, 1.000000000000000000 ),
 ( 0.000000000000000000, 1.000000000000000000 ),
 .UNSPECIFIED. ) ;
#944 = CARTESIAN_POINT ( 'NONE',  ( 2.024297578616763627, 2.134256245050205639E-18, -0.4572643449136007399 ) ) ;
#945 = CARTESIAN_POINT ( 'NONE',  ( 2.045664062500000213, 0.01574803149606299191, -0.5987499999999995604 ) ) ;
#946 = CARTESIAN_POINT ( 'NONE',  ( 0.5733992839026809119, -2.134256245050205639E-18, -0.5806476161026022931 ) ) ;
#947 = CARTESIAN_POINT ( 'NONE',  ( 1.700881053803499521, 2.134256245050205639E-18, -0.3639637570138780087 ) ) ;
#948 = ORIENTED_EDGE ( 'NONE', *, *, #1287, .F. ) ;
#949 = CARTESIAN_POINT ( 'NONE',  ( 1.198789062500000169, 0.01574803149606299191, -0.3549999999999997602 ) ) ;
#950 = LINE ( 'NONE', #986, #1996 ) ;
#951 = CARTESIAN_POINT ( 'NONE',  ( 2.155625000000000568, 0.000000000000000000, -0.3876171874999996825 ) ) ;
#952 = LENGTH_MEASURE_WITH_UNIT ( LENGTH_MEASURE( 0.02539999999999999897 ), #2503 );
#953 = EDGE_CURVE ( 'NONE', #425, #3324, #3402, .T. ) ;
#954 = CARTESIAN_POINT ( 'NONE',  ( 1.563023488866197575, 0.01574803149606299885, -0.3555606444533242483 ) ) ;
#955 = ORIENTED_EDGE ( 'NONE', *, *, #1007, .T. ) ;
#956 = CARTESIAN_POINT ( 'NONE',  ( 1.228834022097400780, -2.134256245050205639E-18, -0.5805943541745087755 ) ) ;
#957 = AXIS2_PLACEMENT_3D ( 'NONE', #833, #4317, #3305 ) ;
#958 = ADVANCED_FACE ( 'NONE', ( #5236 ), #1818, .F. ) ;
#959 = CARTESIAN_POINT ( 'NONE',  ( 1.333749999999999769, 0.000000000000000000, -0.3840527343749997602 ) ) ;
#960 = CARTESIAN_POINT ( 'NONE',  ( 1.875026234481769416, -4.268512490100411279E-18, -0.3639206589674816028 ) ) ;
#961 = CARTESIAN_POINT ( 'NONE',  ( 1.682285156249999858, 0.01574803149606299538, -0.5752148437499997602 ) ) ;
#962 = AXIS2_PLACEMENT_3D ( 'NONE', #2683, #4603, #4696 ) ;
#963 = EDGE_CURVE ( 'NONE', #5774, #5583, #2290, .T. ) ;
#964 = CARTESIAN_POINT ( 'NONE',  ( 0.5751791215974305649, 0.01574803149606299885, -0.5872008972103830438 ) ) ;
#965 = ORIENTED_EDGE ( 'NONE', *, *, #5606, .F. ) ;
#966 = EDGE_LOOP ( 'NONE', ( #4458, #1749, #3464, #526 ) ) ;
#967 = ADVANCED_FACE ( 'NONE', ( #722 ), #756, .F. ) ;
#968 = CARTESIAN_POINT ( 'NONE',  ( 1.256748046874999858, 0.000000000000000000, -0.5752148437499997602 ) ) ;
#969 = CARTESIAN_POINT ( 'NONE',  ( 1.081015625000000036, 0.01574803149606299191, -0.5049999999999997824 ) ) ;
#970 = CARTESIAN_POINT ( 'NONE',  ( 1.566514956392551339, 0.01574803149606299538, -0.3537862860718630764 ) ) ;
#971 = CARTESIAN_POINT ( 'NONE',  ( 1.960117187500000080, 0.01574803149606299191, -0.5361523437499996492 ) ) ;
#972 = B_SPLINE_CURVE_WITH_KNOTS ( 'NONE', 3,
 ( #3167, #4214, #5862, #3845, #2010, #5497, #4509, #4971, #3026, #793, #5997, #5832, #935, #6027, #492, #1464, #1337, #5340, #3366 ),
 .UNSPECIFIED., .F., .F.,
 ( 4, 1, 1, 1, 1, 1, 1, 1, 1, 1, 1, 1, 1, 1, 1, 1, 4 ),
 ( 0.000000000000000000, 0.02419873516467263563, 0.05719138023475489607, 0.09979518048378110961, 0.1520197749862112202, 0.2115294628845371117, 0.2770565415539756327, 0.3479178407332891299, 0.4243596691671863708, 0.5035946682301684074, 0.5824606154543150449, 0.6614525970332951754, 0.7406380859153178786, 0.8158080241309266789, 0.8837431935493915702, 0.9443991181112629807, 1.000000000000000000 ),
 .UNSPECIFIED. ) ;
#973 = LINE ( 'NONE', #4073, #5500 ) ;
#974 = CARTESIAN_POINT ( 'NONE',  ( 0.8242773437500000577, 0.01574803149606299191, -0.3518749999999999933 ) ) ;
#975 = CARTESIAN_POINT ( 'NONE',  ( 1.066440298640550344, 0.01574803149606298844, -0.3986965787106978021 ) ) ;
#976 = DIRECTION ( 'NONE',  ( 0.000000000000000000, 1.000000000000000000, 0.000000000000000000 ) ) ;
#977 = ORIENTED_EDGE ( 'NONE', *, *, #1049, .T. ) ;
#978 = AXIS2_PLACEMENT_3D ( 'NONE', #5640, #2600, #1114 ) ;
#979 = CARTESIAN_POINT ( 'NONE',  ( 0.8826221999561659759, 0.01574803149606299191, -0.4197062280708319659 ) ) ;
#980 = CARTESIAN_POINT ( 'NONE',  ( 1.002088250510339895, 2.134256245050205639E-18, -0.5740011074891430143 ) ) ;
#981 = CARTESIAN_POINT ( 'NONE',  ( 1.901735156987678144, 0.01574803149606299885, -0.3520686010603669702 ) ) ;
#982 = CARTESIAN_POINT ( 'NONE',  ( 1.891963633245867804, 2.134256245050205639E-18, -0.3521258910859721425 ) ) ;
#983 = CARTESIAN_POINT ( 'NONE',  ( 0.5775241918331265323, 0.01574803149606299191, -0.5911377198029297286 ) ) ;
#984 = CARTESIAN_POINT ( 'NONE',  ( 2.154539157330888077, -2.134256245050205639E-18, -0.5775475940967933486 ) ) ;
#985 = DIMENSIONAL_EXPONENTS ( 1.000000000000000000, 0.000000000000000000, 0.000000000000000000, 0.000000000000000000, 0.000000000000000000, 0.000000000000000000, 0.000000000000000000 ) ;
#986 = CARTESIAN_POINT ( 'NONE',  ( 1.766367187499999991, -0.1613455277634967266, -0.5573437499999995826 ) ) ;
#987 = CARTESIAN_POINT ( 'NONE',  ( 0.8200218108931305316, 1.067128122525102820E-17, -0.3519616610747145491 ) ) ;
#988 = B_SPLINE_SURFACE_WITH_KNOTS ( 'NONE', 3, 1, ( 
 ( #611, #3082 ),
 ( #122, #2611 ),
 ( #2644, #3620 ),
 ( #5094, #6088 ),
 ( #5683, #1586 ),
 ( #2581, #1555 ),
 ( #2179, #3651 ),
 ( #4657, #3587 ),
 ( #62, #187 ),
 ( #4103, #4196 ),
 ( #6224, #5620 ) ),
 .UNSPECIFIED., .F., .F., .F.,
 ( 4, 1, 1, 1, 1, 1, 1, 1, 4 ),
 ( 2, 2 ),
 ( 0.000000000000000000, 0.1209112936525205545, 0.2383349183711327979, 0.3582454369415813966, 0.4852088005079074895, 0.6130087708884657260, 0.7389869025312779671, 0.8663370752508473549, 0.9999999999999998890 ),
 ( 0.000000000000000000, 1.000000000000000000 ),
 .UNSPECIFIED. ) ;
#989 = CARTESIAN_POINT ( 'NONE',  ( 1.866123046875000080, 0.000000000000000000, -0.3834667968749996825 ) ) ;
#990 = LINE ( 'NONE', #5020, #1286 ) ;
#991 = EDGE_CURVE ( 'NONE', #2523, #889, #360, .T. ) ;
#992 = CARTESIAN_POINT ( 'NONE',  ( 1.920436430701098152, 0.000000000000000000, -0.3939406800739869707 ) ) ;
#993 = EDGE_LOOP ( 'NONE', ( #4960, #1134, #2910, #6213 ) ) ;
#994 = EDGE_CURVE ( 'NONE', #549, #1843, #5033, .T. ) ;
#995 = ADVANCED_FACE ( 'NONE', ( #2479 ), #4534, .F. ) ;
#996 = CARTESIAN_POINT ( 'NONE',  ( 0.8978244931050317623, 2.134256245050205639E-18, -0.4400836589493594131 ) ) ;
#997 = CARTESIAN_POINT ( 'NONE',  ( 2.127212385980685294, 0.01574803149606299191, -0.3551053176900343389 ) ) ;
#998 = CARTESIAN_POINT ( 'NONE',  ( 2.099375000000000213, -0.3384390870230564174, -0.3987499999999996048 ) ) ;
#999 = CARTESIAN_POINT ( 'NONE',  ( 1.040675812987808868, 0.01574803149606299885, -0.3833741354291873016 ) ) ;
#1000 = ORIENTED_EDGE ( 'NONE', *, *, #994, .F. ) ;
#1001 = EDGE_LOOP ( 'NONE', ( #4347, #1168, #5723, #384, #316, #1243, #3166, #6019, #777, #4997, #2445, #4223, #4402 ) ) ;
#1002 = EDGE_LOOP ( 'NONE', ( #4988, #5910, #1390, #938 ) ) ;
#1003 = CARTESIAN_POINT ( 'NONE',  ( 0.7952395742743508800, 0.01574803149606299191, -0.3721625149069637817 ) ) ;
#1004 = CARTESIAN_POINT ( 'NONE',  ( 2.155481090887067630, 0.01574803149606299885, -0.3831873467563400859 ) ) ;
#1005 = CARTESIAN_POINT ( 'NONE',  ( 1.053154986291262363, 0.01574803149606299191, -0.4790529472713948578 ) ) ;
#1006 = CARTESIAN_POINT ( 'NONE',  ( 1.047429110027002341, 0.01574803149606299538, -0.5890032691636850615 ) ) ;
#1007 = EDGE_CURVE ( 'NONE', #5123, #803, #4251, .T. ) ;
#1008 = CARTESIAN_POINT ( 'NONE',  ( 1.980996679376970437, -2.134256245050205639E-18, -0.5810334536819951046 ) ) ;
#1009 = CARTESIAN_POINT ( 'NONE',  ( 2.029490054641049923, 0.01574803149606298497, -0.3555582550982965828 ) ) ;
#1010 = CARTESIAN_POINT ( 'NONE',  ( 0.8389512420564785300, 0.01574803149606299538, -0.4682879323268834826 ) ) ;
#1011 = CARTESIAN_POINT ( 'NONE',  ( 1.771096072426270984, 2.134256245050205639E-18, -0.5696252024772485711 ) ) ;
#1012 = CARTESIAN_POINT ( 'NONE',  ( 1.387848469530192919, 0.01574803149606298844, -0.3685716522989347377 ) ) ;
#1013 = PRODUCT_DEFINITION ( 'UNKNOWN', '', #2988, #6468 ) ;
#1014 = CARTESIAN_POINT ( 'NONE',  ( 1.766930223893971252, 0.01574803149606299538, -0.5588599714658907258 ) ) ;
#1015 = CARTESIAN_POINT ( 'NONE',  ( 1.263843750114242326, 0.01574803149606298844, -0.5589593715860317058 ) ) ;
#1017 = EDGE_CURVE ( 'NONE', #5852, #4443, #1794, .T. ) ;
#1016 = CARTESIAN_POINT ( 'NONE',  ( 1.043717932348933175, 0.01574803149606298844, -0.5803489355092048552 ) ) ;
#1018 = CARTESIAN_POINT ( 'NONE',  ( 0.7995070306306288899, 0.000000000000000000, -0.5229174743512701173 ) ) ;
#1019 = CARTESIAN_POINT ( 'NONE',  ( 2.060361328125000391, 2.134256245050205639E-18, -0.5018749999999997380 ) ) ;
#1020 = CARTESIAN_POINT ( 'NONE',  ( 0.5847892609438765099, 0.01574803149606299191, -0.5979503971182402733 ) ) ;
#1021 = CARTESIAN_POINT ( 'NONE',  ( 2.145669100233534632, -2.134256245050205639E-18, -0.5928387995711422720 ) ) ;
#1022 = CARTESIAN_POINT ( 'NONE',  ( 2.006280746164528672, -2.134256245050205639E-18, -0.4230874813009429247 ) ) ;
#1023 = CARTESIAN_POINT ( 'NONE',  ( 0.8006765555753075914, 0.01574803149606299885, -0.3915447001529397952 ) ) ;
#1024 = DIRECTION ( 'NONE',  ( 1.000000000000000000, 0.000000000000000000, 0.000000000000000000 ) ) ;
#1025 = ORIENTED_EDGE ( 'NONE', *, *, #2156, .F. ) ;
#1026 = FILL_AREA_STYLE ('',( #3541 ) ) ;
#1027 = CARTESIAN_POINT ( 'NONE',  ( 1.917814379901055410, 0.01574803149606298844, -0.4004910379474454496 ) ) ;
#1028 = VERTEX_POINT ( 'NONE', #92 ) ;
#1029 = VECTOR ( 'NONE', #6373, 39.37007874015748143 ) ;
#1030 = LINE ( 'NONE', #3049, #4974 ) ;
#1031 = CARTESIAN_POINT ( 'NONE',  ( 1.455520130467351292, 2.134256245050205639E-18, -0.5953758084540667905 ) ) ;
#1032 = CARTESIAN_POINT ( 'NONE',  ( 0.8555644269259201629, 0.01574803149606299191, -0.5964711228142316468 ) ) ;
#1033 = ORIENTED_EDGE ( 'NONE', *, *, #374, .F. ) ;
#1034 = ORIENTED_EDGE ( 'NONE', *, *, #991, .T. ) ;
#1035 = CARTESIAN_POINT ( 'NONE',  ( 2.140611979984292201, 2.134256245050205639E-18, -0.5957845437337579986 ) ) ;
#1036 = CARTESIAN_POINT ( 'NONE',  ( 0.6695924380459987724, 0.000000000000000000, -0.3521509325617980246 ) ) ;
#1037 = CARTESIAN_POINT ( 'NONE',  ( 1.553494505357658317, 0.01574803149606299538, -0.3650451582485014779 ) ) ;
#1038 = CARTESIAN_POINT ( 'NONE',  ( 0.8575097593616456404, 0.01574803149606299885, -0.5365899614931877171 ) ) ;
#1039 = DIRECTION ( 'NONE',  ( -1.000000000000000000, 0.000000000000000000, 0.000000000000000000 ) ) ;
#1040 = CARTESIAN_POINT ( 'NONE',  ( 1.960117187500000080, 0.000000000000000000, -0.5361523437499996492 ) ) ;
#1041 = CARTESIAN_POINT ( 'NONE',  ( 1.472483071215994199, 0.01574803149606300232, -0.5733952089494431803 ) ) ;
#1042 = CARTESIAN_POINT ( 'NONE',  ( 0.8859203849865576741, 0.01574803149606299191, -0.5542295489844871748 ) ) ;
#1043 = LINE ( 'NONE', #5104, #4329 ) ;
#1044 = ADVANCED_FACE ( 'NONE', ( #4629 ), #3542, .F. ) ;
#1045 = CARTESIAN_POINT ( 'NONE',  ( 1.256858071215994022, 0.01574803149606300925, -0.5733952089494431803 ) ) ;
#1046 = CARTESIAN_POINT ( 'NONE',  ( 1.043515625000000169, 0.01574803149606298844, -0.5769726562499998268 ) ) ;
#1047 = CARTESIAN_POINT ( 'NONE',  ( 1.990244140625000213, 0.01574803149606299191, -0.5876660156249995381 ) ) ;
#1048 = CARTESIAN_POINT ( 'NONE',  ( 2.052206521829444519, 0.01574803149606299191, -0.4612361012066409915 ) ) ;
#1049 = EDGE_CURVE ( 'NONE', #2682, #4250, #6316, .T. ) ;
#1050 = CARTESIAN_POINT ( 'NONE',  ( 0.8389512420564785300, 0.000000000000000000, -0.4682879323268834826 ) ) ;
#1051 = CARTESIAN_POINT ( 'NONE',  ( 1.834392694906633370, 2.134256245050205639E-18, -0.5955233265409024535 ) ) ;
#1052 = CARTESIAN_POINT ( 'NONE',  ( 0.8825104894695688929, 0.01574803149606299191, -0.5986992390857951429 ) ) ;
#1053 = CARTESIAN_POINT ( 'NONE',  ( 1.439267578124999725, -0.1613455277634967266, -0.5518749999999997824 ) ) ;
#1054 = CARTESIAN_POINT ( 'NONE',  ( 1.924375000000000169, 0.01574803149606298844, -0.3765332031249996048 ) ) ;
#1055 = ORIENTED_EDGE ( 'NONE', *, *, #6245, .T. ) ;
#1056 = ORIENTED_EDGE ( 'NONE', *, *, #6219, .F. ) ;
#1057 = CARTESIAN_POINT ( 'NONE',  ( 1.976074589354286593, 0.01574803149606299191, -0.3715362533805048328 ) ) ;
#1058 = CARTESIAN_POINT ( 'NONE',  ( 1.729831474551684289, 0.01574803149606298844, -0.3520075570451069447 ) ) ;
#1059 = CARTESIAN_POINT ( 'NONE',  ( 2.015259286013352025, 2.134256245050205639E-18, -0.5258209467239467472 ) ) ;
#1060 = CARTESIAN_POINT ( 'NONE',  ( 1.756406250000000169, 0.01574803149606299191, -0.3840527343749995937 ) ) ;
#1061 = EDGE_LOOP ( 'NONE', ( #5837, #381, #2349, #1033 ) ) ;
#1062 = EDGE_LOOP ( 'NONE', ( #3714, #6046, #3578, #6563 ) ) ;
#1063 = B_SPLINE_CURVE_WITH_KNOTS ( 'NONE', 3,
 ( #1460, #6090, #1558, #3590, #3491, #398, #2480, #2148, #3713, #3086, #4135, #4694 ),
 .UNSPECIFIED., .F., .F.,
 ( 4, 2, 2, 2, 2, 4 ),
 ( 0.000000000000000000, 0.0002576683035868628565, 0.0005153366071737257130, 0.0007730049107605885695, 0.0009018390625540199977, 0.001030673214347451426 ),
 .UNSPECIFIED. ) ;
#1064 = CARTESIAN_POINT ( 'NONE',  ( 1.378777831496326156, 2.134256245050205639E-18, -0.3563179182539748524 ) ) ;
#1065 = CARTESIAN_POINT ( 'NONE',  ( 1.445415479109264600, 0.000000000000000000, -0.5520525501284386793 ) ) ;
#1066 = AXIS2_PLACEMENT_3D ( 'NONE', #4931, #5961, #817 ) ;
#1067 = CARTESIAN_POINT ( 'NONE',  ( 0.6463272804300682628, 0.000000000000000000, -0.3817313919349539231 ) ) ;
#1068 = CARTESIAN_POINT ( 'NONE',  ( 0.9462499999999999245, -0.3384390870230564174, -0.5549999999999999378 ) ) ;
#1069 = CARTESIAN_POINT ( 'NONE',  ( 1.961421229584598080, 0.01574803149606299885, -0.5224353679583340071 ) ) ;
#1070 = CARTESIAN_POINT ( 'NONE',  ( 1.990244140625000213, 0.000000000000000000, -0.5876660156249995381 ) ) ;
#1071 = DIRECTION ( 'NONE',  ( -0.000000000000000000, 0.000000000000000000, 1.000000000000000000 ) ) ;
#1072 = CARTESIAN_POINT ( 'NONE',  ( 1.766367187499999991, 0.000000000000000000, -0.5573437499999995826 ) ) ;
#1073 = ADVANCED_FACE ( 'NONE', ( #519, #36 ), #4070, .T. ) ;
#1074 = CARTESIAN_POINT ( 'NONE',  ( 0.8820450314032773909, 0.01574803149606299191, -0.5537285913091706258 ) ) ;
#1075 = DIRECTION ( 'NONE',  ( -0.5483253738498512497, 0.000000000000000000, -0.8362650802182408638 ) ) ;
#1076 = ADVANCED_FACE ( 'NONE', ( #221 ), #6260, .F. ) ;
#1077 = EDGE_CURVE ( 'NONE', #2215, #3278, #3711, .T. ) ;
#1078 = CARTESIAN_POINT ( 'NONE',  ( 1.949506710947727095, 0.000000000000000000, -0.4317346291875701625 ) ) ;
#1079 = CARTESIAN_POINT ( 'NONE',  ( 1.047413250152736675, 2.134256245050205639E-18, -0.5647530901664138403 ) ) ;
#1080 = CARTESIAN_POINT ( 'NONE',  ( 2.057528683862053676, 2.134256245050205639E-18, -0.5019134423683149215 ) ) ;
#1081 = STYLED_ITEM ( 'NONE', ( #3266 ), #819 ) ;
#1082 = CARTESIAN_POINT ( 'NONE',  ( 2.042809659202527772, 0.000000000000000000, -0.5537008133252750985 ) ) ;
#1083 = VECTOR ( 'NONE', #6402, 39.37007874015748143 ) ;
#1084 = CARTESIAN_POINT ( 'NONE',  ( 1.846860167443127088, 2.134256245050205639E-18, -0.5796946418014480296 ) ) ;
#1085 = CARTESIAN_POINT ( 'NONE',  ( 2.033280517084835815, -2.134256245050205639E-18, -0.5047178627920262395 ) ) ;
#1086 = CARTESIAN_POINT ( 'NONE',  ( 1.258523470578388537, 0.01574803149606299191, -0.5662579296143114282 ) ) ;
#1087 = CARTESIAN_POINT ( 'NONE',  ( 0.8978244931050317623, 0.01574803149606299191, -0.4400836589493594131 ) ) ;
#1088 = ORIENTED_EDGE ( 'NONE', *, *, #4099, .F. ) ;
#1089 = ADVANCED_FACE ( 'NONE', ( #2213 ), #1524, .F. ) ;
#1090 = UNCERTAINTY_MEASURE_WITH_UNIT (LENGTH_MEASURE( 1.000000000000000082E-05 ), #476, 'distance_accuracy_value', 'NONE');
#1091 = CARTESIAN_POINT ( 'NONE',  ( 1.968646128697536524, 0.000000000000000000, -0.3780145474088106861 ) ) ;
#1092 = CARTESIAN_POINT ( 'NONE',  ( 1.465020833859509652, 2.134256245050205639E-18, -0.5849964332278518864 ) ) ;
#1093 = DIRECTION ( 'NONE',  ( 0.000000000000000000, 1.000000000000000000, 0.000000000000000000 ) ) ;
#1094 = ORIENTED_EDGE ( 'NONE', *, *, #768, .F. ) ;
#1095 = ORIENTED_EDGE ( 'NONE', *, *, #4191, .F. ) ;
#1096 = DIRECTION ( 'NONE',  ( 0.000000000000000000, 1.000000000000000000, 0.000000000000000000 ) ) ;
#1097 = CARTESIAN_POINT ( 'NONE',  ( 0.6095221445131835392, 2.134256245050205639E-18, -0.6005990921681436667 ) ) ;
#1098 = CARTESIAN_POINT ( 'NONE',  ( 2.123154296875000124, 0.01574803149606299191, -0.3549999999999996492 ) ) ;
#1099 = CARTESIAN_POINT ( 'NONE',  ( 0.8462396176955674365, 6.402768735150616918E-18, -0.4563549318082902873 ) ) ;
#1100 = FACE_OUTER_BOUND ( 'NONE', #5555, .T. ) ;
#1101 = CARTESIAN_POINT ( 'NONE',  ( 1.994394531249999991, -0.3384390870230564174, -0.4849804687499996159 ) ) ;
#1102 = FACE_OUTER_BOUND ( 'NONE', #2487, .T. ) ;
#1103 = CARTESIAN_POINT ( 'NONE',  ( 1.810894366741543360, 2.134256245050205639E-18, -0.6018247970268135738 ) ) ;
#1104 = SHAPE_DEFINITION_REPRESENTATION ( #6073, #5023 ) ;
#1105 = ORIENTED_EDGE ( 'NONE', *, *, #6128, .T. ) ;
#1106 = EDGE_LOOP ( 'NONE', ( #1358, #1375, #2769, #2950, #3507, #4276, #4891, #2797, #912, #4869, #357, #2370, #3345, #5367 ) ) ;
#1107 = CARTESIAN_POINT ( 'NONE',  ( 0.6462499999999998801, 0.01574803149606299191, -0.4587109374999998601 ) ) ;
#1108 = DIRECTION ( 'NONE',  ( 0.000000000000000000, 0.000000000000000000, 1.000000000000000000 ) ) ;
#1109 = CARTESIAN_POINT ( 'NONE',  ( 0.9899208337989379158, 1.067128122525102820E-17, -0.5943890405562933799 ) ) ;
#1110 = CARTESIAN_POINT ( 'NONE',  ( 2.021314975229780764, 0.000000000000000000, -0.5974377634669881809 ) ) ;
#1111 = CARTESIAN_POINT ( 'NONE',  ( 2.027172448892293311, 0.000000000000000000, -0.5499292866216880515 ) ) ;
#1112 = CARTESIAN_POINT ( 'NONE',  ( 0.8387656568168067039, 0.01574803149606299191, -0.4496443057315555047 ) ) ;
#1113 = FACE_OUTER_BOUND ( 'NONE', #2547, .T. ) ;
#1114 = DIRECTION ( 'NONE',  ( 0.000000000000000000, -0.000000000000000000, -1.000000000000000000 ) ) ;
#1115 =( NAMED_UNIT ( * ) SI_UNIT ( $, .STERADIAN. ) SOLID_ANGLE_UNIT ( ) );
#1116 = CARTESIAN_POINT ( 'NONE',  ( 1.900084235759362583, 2.134256245050205639E-18, -0.3519726931322718633 ) ) ;
#1117 = ORIENTED_EDGE ( 'NONE', *, *, #890, .T. ) ;
#1118 = CARTESIAN_POINT ( 'NONE',  ( 1.951765115097809922, 0.01574803149606299191, -0.4070723292815294769 ) ) ;
#1119 =( GEOMETRIC_REPRESENTATION_CONTEXT ( 3 ) GLOBAL_UNCERTAINTY_ASSIGNED_CONTEXT ( ( #3613 ) ) GLOBAL_UNIT_ASSIGNED_CONTEXT ( ( #4949, #5021, #5411 ) ) REPRESENTATION_CONTEXT ( 'NONE', 'WORKASPACE' ) );
#1120 = DIRECTION ( 'NONE',  ( 1.000000000000000000, 0.000000000000000000, 0.000000000000000000 ) ) ;
#1121 = CARTESIAN_POINT ( 'NONE',  ( 1.439267578124999725, 0.000000000000000000, -0.5987499999999996714 ) ) ;
#1122 = EDGE_CURVE ( 'NONE', #5931, #1388, #6147, .T. ) ;
#1123 = CARTESIAN_POINT ( 'NONE',  ( 0.9989175542878515612, 0.01574803149606298497, -0.3648596088664799453 ) ) ;
#1124 = ORIENTED_EDGE ( 'NONE', *, *, #4510, .F. ) ;
#1125 = VECTOR ( 'NONE', #1859, 39.37007874015748143 ) ;
#1126 = CARTESIAN_POINT ( 'NONE',  ( 2.014608121733580948, -2.134256245050205639E-18, -0.4087424215289235940 ) ) ;
#1127 = ORIENTED_EDGE ( 'NONE', *, *, #2821, .F. ) ;
#1128 = ADVANCED_FACE ( 'NONE', ( #6292 ), #2772, .F. ) ;
#1129 = CARTESIAN_POINT ( 'NONE',  ( 1.388371355229868653, 2.134256245050205639E-18, -0.3702560611866932971 ) ) ;
#1130 = CARTESIAN_POINT ( 'NONE',  ( 1.704414737428684656, -2.134256245050205639E-18, -0.3599252507173374971 ) ) ;
#1131 = CARTESIAN_POINT ( 'NONE',  ( 2.150977778621757430, 0.01574803149606298844, -0.3659904446308160919 ) ) ;
#1132 = CARTESIAN_POINT ( 'NONE',  ( 0.8292592782134812213, 6.402768735150616918E-18, -0.4386890730078889522 ) ) ;
#1133 = CARTESIAN_POINT ( 'NONE',  ( 0.7640981287740856720, 0.01574803149606299191, -0.5975838215082427407 ) ) ;
#1134 = ORIENTED_EDGE ( 'NONE', *, *, #5462, .T. ) ;
#1135 = CARTESIAN_POINT ( 'NONE',  ( 0.9479690290655381490, 0.01574803149606299191, -0.3703723437172699584 ) ) ;
#1136 = CARTESIAN_POINT ( 'NONE',  ( 1.968544188032768982, 0.000000000000000000, -0.5050352964130460087 ) ) ;
#1137 = CARTESIAN_POINT ( 'NONE',  ( 0.8786860888298816397, 0.000000000000000000, -0.5531585359973133498 ) ) ;
#1138 = B_SPLINE_CURVE_WITH_KNOTS ( 'NONE', 3,
 ( #3318, #3835, #1837, #5299, #6363, #5420, #6331, #4360, #2250, #3864, #2380, #3386, #4265, #4400, #4330, #6398, #1809, #2844, #4858 ),
 .UNSPECIFIED., .F., .F.,
 ( 4, 1, 1, 1, 1, 1, 1, 1, 1, 1, 1, 1, 1, 1, 1, 1, 4 ),
 ( 0.000000000000000000, 0.05715934425126421164, 0.1103344148865779278, 0.1596849865745353092, 0.2063140102326494751, 0.2527625779277176132, 0.2985075291364448491, 0.3453966715603278836, 0.3944175292232750540, 0.4481290512027624184, 0.5074025264404208313, 0.5729450754429765702, 0.6452721921386432857, 0.7234339374683268487, 0.8088879161515639682, 0.9010527041117895042, 1.000000000000000000 ),
 .UNSPECIFIED. ) ;
#1139 = CARTESIAN_POINT ( 'NONE',  ( 1.701049584106694157, 0.01574803149606299191, -0.3635974120697170742 ) ) ;
#1140 = CARTESIAN_POINT ( 'NONE',  ( 0.6986652268970642288, 0.01574803149606299191, -0.3645325583494615218 ) ) ;
#1141 = CARTESIAN_POINT ( 'NONE',  ( 1.059728514501119490, 0.01574803149606298844, -0.5563965360930586135 ) ) ;
#1142 = CARTESIAN_POINT ( 'NONE',  ( 2.008293254178010301, 2.134256245050205639E-18, -0.3581009708280760151 ) ) ;
#1143 = CARTESIAN_POINT ( 'NONE',  ( 2.047815618776020585, 0.000000000000000000, -0.5543370871909544251 ) ) ;
#1144 = B_SPLINE_CURVE_WITH_KNOTS ( 'NONE', 3,
 ( #1238, #5796, #3725, #5831, #4806, #4278, #267, #3782, #302, #4246, #663, #3329 ),
 .UNSPECIFIED., .F., .F.,
 ( 4, 2, 2, 2, 2, 4 ),
 ( 0.000000000000000000, 0.0002576683035868748369, 0.0005153366071737496739, 0.0007730049107606244566, 0.0009018390625540642332, 0.001030673214347504118 ),
 .UNSPECIFIED. ) ;
#1145 = CARTESIAN_POINT ( 'NONE',  ( 1.855525970477408970, 2.134256245050205639E-18, -0.5585964546710777689 ) ) ;
#1146 = CARTESIAN_POINT ( 'NONE',  ( 1.285144627695295139, 0.000000000000000000, -0.5519559003030558575 ) ) ;
#1147 = CARTESIAN_POINT ( 'NONE',  ( 1.965392735299483995, 0.01574803149606299191, -0.4689021019249536848 ) ) ;
#1148 = FACE_OUTER_BOUND ( 'NONE', #2631, .T. ) ;
#1149 = ORIENTED_EDGE ( 'NONE', *, *, #6223, .T. ) ;
#1150 = VERTEX_POINT ( 'NONE', #6328 ) ;
#1151 = CARTESIAN_POINT ( 'NONE',  ( 1.958669566567271314, 0.000000000000000000, -0.3908094743637777202 ) ) ;
#1152 = CARTESIAN_POINT ( 'NONE',  ( 0.9350683593749998801, -0.1613455277634967266, -0.4549999999999999045 ) ) ;
#1153 = CARTESIAN_POINT ( 'NONE',  ( 1.988987170270583915, 2.134256245050205639E-18, -0.4832296735174687052 ) ) ;
#1154 = ADVANCED_FACE ( 'NONE', ( #1770 ), #775, .F. ) ;
#1155 = DIRECTION ( 'NONE',  ( -0.5445166897351185753, 0.000000000000000000, 0.8387500072130601447 ) ) ;
#1156 = ORIENTED_EDGE ( 'NONE', *, *, #3020, .T. ) ;
#1157 = VERTEX_POINT ( 'NONE', #5326 ) ;
#1158 = EDGE_CURVE ( 'NONE', #4778, #2642, #3349, .T. ) ;
#1159 = CARTESIAN_POINT ( 'NONE',  ( 1.386129476483686895, 2.134256245050205639E-18, -0.3645620637580315737 ) ) ;
#1160 = CARTESIAN_POINT ( 'NONE',  ( 1.725839843749999991, 0.000000000000000000, -0.3518749999999996603 ) ) ;
#1161 = CARTESIAN_POINT ( 'NONE',  ( 2.005881553443417786, 0.01574803149606299191, -0.4250498527349246825 ) ) ;
#1162 = EDGE_CURVE ( 'NONE', #3840, #6466, #286, .T. ) ;
#1163 = CARTESIAN_POINT ( 'NONE',  ( 1.654892578124999680, 0.01574803149606299191, -0.5987499999999996714 ) ) ;
#1164 = CARTESIAN_POINT ( 'NONE',  ( 0.7743261718749997469, 0.01574803149606299538, -0.5786328124999998712 ) ) ;
#1165 = CARTESIAN_POINT ( 'NONE',  ( 0.9758398437499998801, 0.01574803149606299191, -0.3518749999999999378 ) ) ;
#1166 = CARTESIAN_POINT ( 'NONE',  ( 1.054470475152308628, 0.01574803149606299191, -0.4915231715070193519 ) ) ;
#1167 = ADVANCED_FACE ( 'NONE', ( #5849 ), #647, .F. ) ;
#1168 = ORIENTED_EDGE ( 'NONE', *, *, #290, .T. ) ;
#1169 = ORIENTED_EDGE ( 'NONE', *, *, #3223, .T. ) ;
#1170 =( GEOMETRIC_REPRESENTATION_CONTEXT ( 3 ) GLOBAL_UNCERTAINTY_ASSIGNED_CONTEXT ( ( #544 ) ) GLOBAL_UNIT_ASSIGNED_CONTEXT ( ( #527, #2652, #160 ) ) REPRESENTATION_CONTEXT ( 'NONE', 'WORKASPACE' ) );
#1171 = FACE_OUTER_BOUND ( 'NONE', #6530, .T. ) ;
#1172 = VECTOR ( 'NONE', #4467, 39.37007874015748143 ) ;
#1173 = CARTESIAN_POINT ( 'NONE',  ( 1.924375000000000169, 0.000000000000000000, -0.3765332031249996048 ) ) ;
#1174 = CARTESIAN_POINT ( 'NONE',  ( 0.7708667805938640427, 0.01574803149606299538, -0.5655619353124127224 ) ) ;
#1175 = B_SPLINE_CURVE_WITH_KNOTS ( 'NONE', 3,
 ( #5350, #2801, #3826, #5843, #214, #4786, #5778, #3275, #279, #1282, #245 ),
 .UNSPECIFIED., .F., .F.,
 ( 4, 1, 1, 1, 1, 1, 1, 1, 4 ),
 ( 0.000000000000000000, 0.07381789820911878464, 0.1608674805732312474, 0.2630463748609727093, 0.3792234850251424150, 0.5109259343433155687, 0.6585401028399936463, 0.8220015943286664850, 1.000000000000000000 ),
 .UNSPECIFIED. ) ;
#1176 = VECTOR ( 'NONE', #4720, 39.37007874015748143 ) ;
#1177 = CARTESIAN_POINT ( 'NONE',  ( 1.675179354473872229, 2.134256245050205639E-18, -0.5926285563699443815 ) ) ;
#1178 = CARTESIAN_POINT ( 'NONE',  ( 2.028329287494302413, 1.707404996040164512E-17, -0.4584344544414472034 ) ) ;
#1179 = CARTESIAN_POINT ( 'NONE',  ( 0.7507341161314858846, -2.134256245050205639E-18, -0.6017913054872234824 ) ) ;
#1180 = CARTESIAN_POINT ( 'NONE',  ( 1.989414062500000080, -0.3384390870230564174, -0.3638378906249996048 ) ) ;
#1181 = CARTESIAN_POINT ( 'NONE',  ( 1.666660150066392232, 2.134256245050205639E-18, -0.5532751565046322151 ) ) ;
#1182 = CARTESIAN_POINT ( 'NONE',  ( 0.7960450342067504348, 1.067128122525102820E-17, -0.3689510087409929584 ) ) ;
#1183 = VECTOR ( 'NONE', #40, 39.37007874015748143 ) ;
#1184 = DIRECTION ( 'NONE',  ( 0.000000000000000000, -1.000000000000000000, 0.000000000000000000 ) ) ;
#1185 = CARTESIAN_POINT ( 'NONE',  ( 0.9059995641012210665, 0.01574803149606299191, -0.4474271371040738909 ) ) ;
#1186 = ORIENTED_EDGE ( 'NONE', *, *, #2733, .T. ) ;
#1187 = VECTOR ( 'NONE', #2248, 39.37007874015748143 ) ;
#1188 = CARTESIAN_POINT ( 'NONE',  ( 1.949375000000000302, 0.01574803149606299191, -0.4263378906249996603 ) ) ;
#1189 = LINE ( 'NONE', #5744, #3924 ) ;
#1190 = AXIS2_PLACEMENT_3D ( 'NONE', #5693, #6129, #2152 ) ;
#1191 = CARTESIAN_POINT ( 'NONE',  ( 1.578916015625000169, 0.01574803149606299538, -0.3518749999999998268 ) ) ;
#1192 = ORIENTED_EDGE ( 'NONE', *, *, #3217, .T. ) ;
#1193 = CARTESIAN_POINT ( 'NONE',  ( 0.8284944906314977153, 0.000000000000000000, -0.3519930346487145645 ) ) ;
#1194 = LINE ( 'NONE', #675, #1176 ) ;
#1195 = CARTESIAN_POINT ( 'NONE',  ( 2.008139499699454156, 0.01574803149606299538, -0.4437231936149690359 ) ) ;
#1196 = CARTESIAN_POINT ( 'NONE',  ( 1.476546996622273955, 0.01574803149606299885, -0.5882203109763198823 ) ) ;
#1197 = LINE ( 'NONE', #64, #5706 ) ;
#1198 = CARTESIAN_POINT ( 'NONE',  ( 1.496213243424875827, 0.000000000000000000, -0.5521086004073505471 ) ) ;
#1199 = CARTESIAN_POINT ( 'NONE',  ( 1.059718810012184376, 0.000000000000000000, -0.4986919276758339237 ) ) ;
#1200 = PLANE ( 'NONE',  #6367 ) ;
#1201 = EDGE_CURVE ( 'NONE', #3890, #1596, #3929, .T. ) ;
#1202 = CARTESIAN_POINT ( 'NONE',  ( 1.174375000000000169, -0.3384390870230564174, -0.5549999999999997158 ) ) ;
#1203 = CARTESIAN_POINT ( 'NONE',  ( 0.6779177560663457447, 0.000000000000000000, -0.3519582115025515212 ) ) ;
#1204 = CARTESIAN_POINT ( 'NONE',  ( 0.8368182805491488629, -2.134256245050205639E-18, -0.5902336085823819412 ) ) ;
#1205 = CARTESIAN_POINT ( 'NONE',  ( 0.8580961260743287244, 0.01574803149606299885, -0.5379659638510606579 ) ) ;
#1206 = CARTESIAN_POINT ( 'NONE',  ( 2.006281153793187499, 0.01574803149606299191, -0.4379197432444212890 ) ) ;
#1207 = CARTESIAN_POINT ( 'NONE',  ( 0.8557075645372245187, 0.01574803149606298844, -0.5228283155621011868 ) ) ;
#1208 = CARTESIAN_POINT ( 'NONE',  ( 1.050965998253355460, 2.134256245050205639E-18, -0.3583920284298203751 ) ) ;
#1209 = CARTESIAN_POINT ( 'NONE',  ( 1.466660156249999902, 0.01574803149606299191, -0.5752148437499997602 ) ) ;
#1210 = FACE_OUTER_BOUND ( 'NONE', #80, .T. ) ;
#1211 = CARTESIAN_POINT ( 'NONE',  ( 1.678489442998390313, 0.01574803149606299538, -0.5616756112620504560 ) ) ;
#1212 = ORIENTED_EDGE ( 'NONE', *, *, #4378, .F. ) ;
#1213 = DIRECTION ( 'NONE',  ( 0.000000000000000000, 0.000000000000000000, -1.000000000000000000 ) ) ;
#1214 = CARTESIAN_POINT ( 'NONE',  ( 1.949506710947727095, 0.01574803149606299191, -0.4317346291875701625 ) ) ;
#1215 = CARTESIAN_POINT ( 'NONE',  ( 1.755581751792777201, 0.01574803149606298844, -0.3820809070311979583 ) ) ;
#1216 = CARTESIAN_POINT ( 'NONE',  ( 1.495981882809784613, 0.01574803149606299885, -0.5521409128946606071 ) ) ;
#1217 = ORIENTED_EDGE ( 'NONE', *, *, #1346, .T. ) ;
#1218 = CARTESIAN_POINT ( 'NONE',  ( 0.8242773437499998357, 0.000000000000000000, -0.3518749999999999378 ) ) ;
#1219 = B_SPLINE_CURVE_WITH_KNOTS ( 'NONE', 3,
 ( #5048, #1508, #2626, #5638, #3572, #3538, #502, #5539, #5143, #4151, #5605 ),
 .UNSPECIFIED., .F., .F.,
 ( 4, 1, 1, 1, 1, 1, 1, 1, 4 ),
 ( 0.000000000000000000, 0.1686274029130853114, 0.3172055190821180259, 0.4509665862684153481, 0.5734230169942424737, 0.6882935550043187689, 0.7940947936906910254, 0.8960185405152050198, 0.9999999999999998890 ),
 .UNSPECIFIED. ) ;
#1220 = DIRECTION ( 'NONE',  ( 0.000000000000000000, 1.000000000000000000, 0.000000000000000000 ) ) ;
#1221 = CARTESIAN_POINT ( 'NONE',  ( 1.459800524509937691, 0.000000000000000000, -0.5581541451412856958 ) ) ;
#1222 = CARTESIAN_POINT ( 'NONE',  ( 1.489680251591115390, 2.134256245050205639E-18, -0.5972276466835291231 ) ) ;
#1223 = CARTESIAN_POINT ( 'NONE',  ( 1.666374392804951032, 2.134256245050205639E-18, -0.5973976626379204902 ) ) ;
#1224 = CARTESIAN_POINT ( 'NONE',  ( 1.503183593749999769, 0.000000000000000000, -0.5518749999999997824 ) ) ;
#1225 = CARTESIAN_POINT ( 'NONE',  ( 1.078779109144798909, 0.01574803149606299191, -0.5049404509781987294 ) ) ;
#1226 = VECTOR ( 'NONE', #3604, 39.37007874015748143 ) ;
#1227 = ORIENTED_EDGE ( 'NONE', *, *, #2996, .F. ) ;
#1228 = CARTESIAN_POINT ( 'NONE',  ( 1.961773173889480582, 0.01574803149606299538, -0.3861712916491218395 ) ) ;
#1229 = CARTESIAN_POINT ( 'NONE',  ( 1.855525970477408970, 0.01574803149606298844, -0.5585964546710777689 ) ) ;
#1230 = CARTESIAN_POINT ( 'NONE',  ( 1.361232083351977318, 0.01574803149606299885, -0.3519611655257010030 ) ) ;
#1231 = CARTESIAN_POINT ( 'NONE',  ( 0.7995706622988492107, -2.134256245050205639E-18, -0.5358948575579687290 ) ) ;
#1232 = EDGE_CURVE ( 'NONE', #5157, #5382, #808, .T. ) ;
#1233 = DIRECTION ( 'NONE',  ( 0.000000000000000000, 1.000000000000000000, 0.000000000000000000 ) ) ;
#1234 = CARTESIAN_POINT ( 'NONE',  ( 1.043751597191849179, 0.000000000000000000, -0.5726454705592916028 ) ) ;
#1235 = ORIENTED_EDGE ( 'NONE', *, *, #3829, .T. ) ;
#1236 = EDGE_CURVE ( 'NONE', #4557, #6118, #691, .T. ) ;
#1237 = CARTESIAN_POINT ( 'NONE',  ( 0.8733960098102337977, -4.268512490100411279E-18, -0.4999697168267204228 ) ) ;
#1238 = CARTESIAN_POINT ( 'NONE',  ( 1.439267578124999725, 0.01574803149606299191, -0.5987499999999996714 ) ) ;
#1239 = LINE ( 'NONE', #268, #2653 ) ;
#1240 = CARTESIAN_POINT ( 'NONE',  ( 1.985391077418826145, 0.01574803149606299191, -0.5845534892954187267 ) ) ;
#1241 = CARTESIAN_POINT ( 'NONE',  ( 0.6299256319386252745, 2.134256245050205639E-18, -0.5783142384884172316 ) ) ;
#1242 = CARTESIAN_POINT ( 'NONE',  ( 1.682201444768099075, 0.01574803149606299538, -0.5735471527621130994 ) ) ;
#1243 = ORIENTED_EDGE ( 'NONE', *, *, #5873, .T. ) ;
#1244 = VERTEX_POINT ( 'NONE', #2345 ) ;
#1245 = CARTESIAN_POINT ( 'NONE',  ( 1.389820111149788984, 0.000000000000000000, -0.3768347480884961520 ) ) ;
#1246 = CARTESIAN_POINT ( 'NONE',  ( 0.9504173665070517751, 2.134256245050205639E-18, -0.3648189040991775545 ) ) ;
#1247 = CARTESIAN_POINT ( 'NONE',  ( 1.588684417589855569, 0.01574803149606299885, -0.3534329273038456232 ) ) ;
#1248 = FILL_AREA_STYLE_COLOUR ( '', #266 ) ;
#1249 = CARTESIAN_POINT ( 'NONE',  ( 1.039735310651218825, 2.134256245050205639E-18, -0.3781726084434772761 ) ) ;
#1250 = ORIENTED_EDGE ( 'NONE', *, *, #5611, .F. ) ;
#1251 = CARTESIAN_POINT ( 'NONE',  ( 1.052890625000000080, 0.01574803149606299191, -0.4832714843749997824 ) ) ;
#1252 = CARTESIAN_POINT ( 'NONE',  ( 1.466576444768099119, 0.000000000000000000, -0.5735471527621130994 ) ) ;
#1253 = CARTESIAN_POINT ( 'NONE',  ( 1.605624999999999858, -0.1613455277634967266, -0.3840527343749997602 ) ) ;
#1254 = CARTESIAN_POINT ( 'NONE',  ( 1.854813925089441540, 0.01574803149606299191, -0.5604031846136742212 ) ) ;
#1255 = VERTEX_POINT ( 'NONE', #3483 ) ;
#1256 = CARTESIAN_POINT ( 'NONE',  ( 0.5784690946715951299, 2.134256245050205639E-18, -0.5626480301754599456 ) ) ;
#1257 = B_SPLINE_CURVE_WITH_KNOTS ( 'NONE', 3,
 ( #3434, #901, #2703, #2925, #405, #5776, #1246, #42, #5568, #2963, #3602 ),
 .UNSPECIFIED., .F., .F.,
 ( 4, 1, 1, 1, 1, 1, 1, 1, 4 ),
 ( 0.000000000000000000, 0.1344740692915411540, 0.2568159776849193721, 0.3731575020810343757, 0.4879510064967687022, 0.6043094742446641909, 0.7251761579383571021, 0.8557000397717460238, 1.000000000000000000 ),
 .UNSPECIFIED. ) ;
#1258 = CARTESIAN_POINT ( 'NONE',  ( 1.074576840955212553, 0.01574803149606299191, -0.5048285622297002950 ) ) ;
#1259 = VERTEX_POINT ( 'NONE', #4395 ) ;
#1260 = CARTESIAN_POINT ( 'NONE',  ( 2.123154296875000124, 0.000000000000000000, -0.5987499999999995604 ) ) ;
#1261 = CARTESIAN_POINT ( 'NONE',  ( 1.995251337231652045, 0.000000000000000000, -0.3615000848468064576 ) ) ;
#1262 = CARTESIAN_POINT ( 'NONE',  ( 0.7743261718749997469, -2.134256245050205639E-18, -0.5786328124999998712 ) ) ;
#1263 = EDGE_CURVE ( 'NONE', #4066, #448, #2909, .T. ) ;
#1264 = CARTESIAN_POINT ( 'NONE',  ( 1.682214852607238686, 2.134256245050205639E-18, -0.5769510178726946492 ) ) ;
#1265 = CARTESIAN_POINT ( 'NONE',  ( 1.059718810012184376, 2.134256245050205639E-18, -0.4986919276758339237 ) ) ;
#1266 = VECTOR ( 'NONE', #5171, 39.37007874015748143 ) ;
#1267 = EDGE_LOOP ( 'NONE', ( #3377, #1889, #2036, #5858 ) ) ;
#1268 = EDGE_CURVE ( 'NONE', #6148, #2116, #4920, .T. ) ;
#1269 = EDGE_CURVE ( 'NONE', #4465, #4649, #2410, .T. ) ;
#1270 = CARTESIAN_POINT ( 'NONE',  ( 1.203746463890863483, 2.134256245050205639E-18, -0.5986846865552737373 ) ) ;
#1271 = CARTESIAN_POINT ( 'NONE',  ( 0.8612363334431161199, -4.268512490100411279E-18, -0.5076055822449229149 ) ) ;
#1272 = CARTESIAN_POINT ( 'NONE',  ( 1.039658203125000124, 2.134256245050205639E-18, -0.3767285156249997602 ) ) ;
#1273 = AXIS2_PLACEMENT_3D ( 'NONE', #3222, #3685, #3715 ) ;
#1274 = DIRECTION ( 'NONE',  ( 0.000000000000000000, -1.000000000000000000, 0.000000000000000000 ) ) ;
#1275 = CARTESIAN_POINT ( 'NONE',  ( 1.960117187500000080, 6.402768735150616918E-18, -0.5361523437499996492 ) ) ;
#1276 = CARTESIAN_POINT ( 'NONE',  ( 2.155072410833684060, 0.01574803149606299885, -0.5749719913041050345 ) ) ;
#1277 = CARTESIAN_POINT ( 'NONE',  ( 1.666660150066392232, 0.01574803149606299538, -0.5532751565046322151 ) ) ;
#1278 = EDGE_LOOP ( 'NONE', ( #608, #6556, #2171, #731 ) ) ;
#1279 = CARTESIAN_POINT ( 'NONE',  ( 1.041466775568191006, 0.01574803149606299191, -0.3684656794574315830 ) ) ;
#1280 = CARTESIAN_POINT ( 'NONE',  ( 1.002499999999999947, 0.01574803149606299538, -0.3841992187499999045 ) ) ;
#1281 = CARTESIAN_POINT ( 'NONE',  ( 1.582890301551387546, 0.01574803149606300232, -0.3520365943960088728 ) ) ;
#1282 = CARTESIAN_POINT ( 'NONE',  ( 0.9045182566459573081, 0.000000000000000000, -0.5549892751282352599 ) ) ;
#1283 = CARTESIAN_POINT ( 'NONE',  ( 0.5807822090916746616, 0.01574803149606299191, -0.5947535105735504146 ) ) ;
#1284 = CARTESIAN_POINT ( 'NONE',  ( 0.5879492187499998357, 0.01574803149606299191, -0.5476269531249998712 ) ) ;
#1285 = ORIENTED_EDGE ( 'NONE', *, *, #1685, .F. ) ;
#1286 = VECTOR ( 'NONE', #474, 39.37007874015748143 ) ;
#1287 = EDGE_CURVE ( 'NONE', #706, #4825, #6395, .T. ) ;
#1288 = CARTESIAN_POINT ( 'NONE',  ( 1.064611086714650545, 0.01574803149606298844, -0.4641242340093161278 ) ) ;
#1289 = DIRECTION ( 'NONE',  ( 0.000000000000000000, 1.000000000000000000, 0.000000000000000000 ) ) ;
#1290 = CARTESIAN_POINT ( 'NONE',  ( 1.500718619490622574, 2.134256245050205639E-18, -0.5986797455209706964 ) ) ;
#1291 = CARTESIAN_POINT ( 'NONE',  ( 1.660855051491205270, 2.134256245050205639E-18, -0.5985538056116296302 ) ) ;
#1292 = ORIENTED_EDGE ( 'NONE', *, *, #6375, .T. ) ;
#1293 = CARTESIAN_POINT ( 'NONE',  ( 1.072421875000000302, 0.000000000000000000, -0.5549999999999997158 ) ) ;
#1294 = ORIENTED_EDGE ( 'NONE', *, *, #3977, .F. ) ;
#1295 = CARTESIAN_POINT ( 'NONE',  ( 0.7291058865463236893, 0.000000000000000000, -0.5950933196900610733 ) ) ;
#1296 = LINE ( 'NONE', #4894, #6025 ) ;
#1297 = B_SPLINE_CURVE_WITH_KNOTS ( 'NONE', 3,
 ( #489, #4002, #6024, #5004, #65, #5098, #2518, #1495, #3528, #4537, #554 ),
 .UNSPECIFIED., .F., .F.,
 ( 4, 1, 1, 1, 1, 1, 1, 1, 4 ),
 ( 0.000000000000000000, 0.1051330079744902113, 0.2077624899574035400, 0.3128954979318933072, 0.4260953085075901425, 0.5468241156042576989, 0.6805285709260191496, 0.8290438041922548740, 1.000000000000000000 ),
 .UNSPECIFIED. ) ;
#1298 = CARTESIAN_POINT ( 'NONE',  ( 2.137937614932230890, 0.000000000000000000, -0.3569177414059124254 ) ) ;
#1299 = CARTESIAN_POINT ( 'NONE',  ( 1.903399071743901105, 2.134256245050205639E-18, -0.3521647900860443992 ) ) ;
#1300 = CARTESIAN_POINT ( 'NONE',  ( 0.8544779182415332963, 0.000000000000000000, -0.3735785262336010493 ) ) ;
#1301 = ORIENTED_EDGE ( 'NONE', *, *, #4033, .T. ) ;
#1302 = CARTESIAN_POINT ( 'NONE',  ( 1.656948959406033373, 2.134256245050205639E-18, -0.5986823350490794171 ) ) ;
#1303 = CARTESIAN_POINT ( 'NONE',  ( 0.6911018427712301015, 0.01574803149606299885, -0.3559350262838447687 ) ) ;
#1304 = ORIENTED_EDGE ( 'NONE', *, *, #4588, .F. ) ;
#1305 = FACE_OUTER_BOUND ( 'NONE', #4258, .T. ) ;
#1306 = B_SPLINE_SURFACE_WITH_KNOTS ( 'NONE', 3, 1, ( 
 ( #974, #5528 ),
 ( #5006, #2328 ),
 ( #4342, #4473 ),
 ( #6503, #2994 ),
 ( #460, #4392 ),
 ( #1831, #1898 ),
 ( #843, #352 ),
 ( #2371, #4917 ),
 ( #6458, #6391 ),
 ( #6231, #3226 ),
 ( #196, #5414 ),
 ( #3716, #5724 ),
 ( #2871, #385 ) ),
 .UNSPECIFIED., .F., .F., .F.,
 ( 4, 1, 1, 1, 1, 1, 1, 1, 1, 1, 4 ),
 ( 2, 2 ),
 ( 0.000000000000000000, 0.08522992778025055560, 0.1650672949707650827, 0.2403290244906967354, 0.3134930016053610324, 0.4571153941008283539, 0.5999904196449465932, 0.6788378830417877152, 0.7716310070741372318, 0.8784354883404289493, 1.000000000000000000 ),
 ( 0.000000000000000000, 1.000000000000000000 ),
 .UNSPECIFIED. ) ;
#1307 = CARTESIAN_POINT ( 'NONE',  ( 2.044951382986745170, 0.01574803149606299885, -0.3550612648870313248 ) ) ;
#1308 = CARTESIAN_POINT ( 'NONE',  ( 1.965286677259609815, 6.402768735150616918E-18, -0.5604076494325447300 ) ) ;
#1309 = CARTESIAN_POINT ( 'NONE',  ( 0.8793554687499999245, 0.000000000000000000, -0.4145703124999999267 ) ) ;
#1310 = CARTESIAN_POINT ( 'NONE',  ( 0.7995706622988492107, 0.000000000000000000, -0.5358948575579687290 ) ) ;
#1311 = ORIENTED_EDGE ( 'NONE', *, *, #5153, .F. ) ;
#1312 = LINE ( 'NONE', #3337, #4857 ) ;
#1313 = CARTESIAN_POINT ( 'NONE',  ( 0.9462499999999999245, 0.000000000000000000, -0.5549999999999999378 ) ) ;
#1314 = CARTESIAN_POINT ( 'NONE',  ( 0.9973883711578696021, 0.01574803149606299538, -0.5875613603705149846 ) ) ;
#1315 = FILL_AREA_STYLE_COLOUR ( '', #785 ) ;
#1316 = FACE_OUTER_BOUND ( 'NONE', #2775, .T. ) ;
#1317 = ORIENTED_EDGE ( 'NONE', *, *, #5873, .F. ) ;
#1318 = EDGE_CURVE ( 'NONE', #4465, #4778, #6557, .T. ) ;
#1319 = CARTESIAN_POINT ( 'NONE',  ( 2.052548828125000391, 0.000000000000000000, -0.3987499999999996048 ) ) ;
#1320 = CARTESIAN_POINT ( 'NONE',  ( 1.472373046874999813, 0.000000000000000000, -0.5752148437499997602 ) ) ;
#1321 = CARTESIAN_POINT ( 'NONE',  ( 1.474165019606416660, 2.134256245050205639E-18, -0.5841697710432448565 ) ) ;
#1322 = CARTESIAN_POINT ( 'NONE',  ( 0.7952474416926696987, 0.01574803149606298844, -0.3747472364386192356 ) ) ;
#1323 = ORIENTED_EDGE ( 'NONE', *, *, #3341, .F. ) ;
#1324 = CARTESIAN_POINT ( 'NONE',  ( 0.5740318374469767226, 2.134256245050205639E-18, -0.5729228606004472812 ) ) ;
#1325 = EDGE_LOOP ( 'NONE', ( #2820, #842, #6230, #3444, #6362, #5830, #2469, #1055, #4328, #6389, #5681 ) ) ;
#1326 = EDGE_CURVE ( 'NONE', #3911, #2094, #5986, .T. ) ;
#1327 = CARTESIAN_POINT ( 'NONE',  ( 2.050107421875000391, 0.000000000000000000, -0.3549999999999996492 ) ) ;
#1328 = DIRECTION ( 'NONE',  ( 0.4951032688626734735, 0.000000000000000000, 0.8688341344361968366 ) ) ;
#1329 = STYLED_ITEM ( 'NONE', ( #3169 ), #5203 ) ;
#1330 = ORIENTED_EDGE ( 'NONE', *, *, #1007, .F. ) ;
#1331 = CARTESIAN_POINT ( 'NONE',  ( 1.056194950828385881, 0.01574803149606298844, -0.3972871012682618885 ) ) ;
#1332 = CARTESIAN_POINT ( 'NONE',  ( 1.043595208574922717, 0.000000000000000000, -0.5755132770582345181 ) ) ;
#1333 = ORIENTED_EDGE ( 'NONE', *, *, #5194, .T. ) ;
#1334 = VECTOR ( 'NONE', #5859, 39.37007874015748143 ) ;
#1335 = CARTESIAN_POINT ( 'NONE',  ( 1.208410174864912756, 2.134256245050205639E-18, -0.5979362696720080805 ) ) ;
#1336 = CARTESIAN_POINT ( 'NONE',  ( 1.466454730355532199, 0.01574803149606299191, -0.5802879112056273936 ) ) ;
#1337 = CARTESIAN_POINT ( 'NONE',  ( 0.8519367403287968488, -2.134256245050205639E-18, -0.4602416368937582436 ) ) ;
#1338 = LINE ( 'NONE', #2859, #5507 ) ;
#1339 = CARTESIAN_POINT ( 'NONE',  ( 0.6299256319386252745, 0.01574803149606299885, -0.5783142384884172316 ) ) ;
#1340 = CARTESIAN_POINT ( 'NONE',  ( 1.661040479109264778, 0.01574803149606299538, -0.5520525501284386793 ) ) ;
#1341 = ORIENTED_EDGE ( 'NONE', *, *, #1993, .F. ) ;
#1342 = CARTESIAN_POINT ( 'NONE',  ( 1.055724711780902769, 0.01574803149606298844, -0.5577655313600883291 ) ) ;
#1343 = CARTESIAN_POINT ( 'NONE',  ( 0.8389257812499998357, 0.000000000000000000, -0.5912304687499998490 ) ) ;
#1344 = CARTESIAN_POINT ( 'NONE',  ( 1.737602020816181758, 0.01574803149606298844, -0.3543798560698854794 ) ) ;
#1345 = LENGTH_MEASURE_WITH_UNIT ( LENGTH_MEASURE( 0.02539999999999999897 ), #3309 );
#1346 = EDGE_CURVE ( 'NONE', #2804, #2951, #5588, .T. ) ;
#1347 = CARTESIAN_POINT ( 'NONE',  ( 0.5757145534008505372, 0.01574803149606299191, -0.5678104510456621901 ) ) ;
#1348 = ORIENTED_EDGE ( 'NONE', *, *, #5162, .T. ) ;
#1349 = DIRECTION ( 'NONE',  ( 0.3154607403026622459, 0.000000000000000000, 0.9489386288520961221 ) ) ;
#1350 = EDGE_CURVE ( 'NONE', #1028, #4836, #4575, .T. ) ;
#1351 = CARTESIAN_POINT ( 'NONE',  ( 2.050660436674748510, 0.01574803149606299191, -0.3987857156051995977 ) ) ;
#1352 = CARTESIAN_POINT ( 'NONE',  ( 1.503183593749999769, 0.000000000000000000, -0.5518749999999997824 ) ) ;
#1353 = DIRECTION ( 'NONE',  ( 0.000000000000000000, 1.000000000000000000, 0.000000000000000000 ) ) ;
#1354 = CARTESIAN_POINT ( 'NONE',  ( 1.466660156249999902, 0.01574803149606299191, -0.5752148437499997602 ) ) ;
#1355 = ORIENTED_EDGE ( 'NONE', *, *, #5550, .T. ) ;
#1356 = CARTESIAN_POINT ( 'NONE',  ( 2.054685589562942116, 0.01574803149606299191, -0.5548339946507656606 ) ) ;
#1357 = ADVANCED_FACE ( 'NONE', ( #6276 ), #2726, .T. ) ;
#1358 = ORIENTED_EDGE ( 'NONE', *, *, #6455, .F. ) ;
#1359 = EDGE_CURVE ( 'NONE', #4420, #2422, #1575, .T. ) ;
#1360 = CARTESIAN_POINT ( 'NONE',  ( 0.7703417972624999610, 0.01574803149606299191, -0.5645068054221177301 ) ) ;
#1361 = CARTESIAN_POINT ( 'NONE',  ( 1.056913040626849876, 0.01574803149606299191, -0.4957361029644996586 ) ) ;
#1362 = CARTESIAN_POINT ( 'NONE',  ( 2.151601626894688923, 0.000000000000000000, -0.3675381975063522488 ) ) ;
#1363 = DIRECTION ( 'NONE',  ( 1.530313099295518266E-15, 0.000000000000000000, 1.000000000000000000 ) ) ;
#1364 = VERTEX_POINT ( 'NONE', #1452 ) ;
#1365 = B_SPLINE_CURVE_WITH_KNOTS ( 'NONE', 3,
 ( #1798, #2337, #5288, #3308, #736, #5319, #2766, #769, #1314, #4848, #3342, #5875, #5379, #2056, #49, #75 ),
 .UNSPECIFIED., .F., .F.,
 ( 4, 2, 2, 2, 2, 2, 2, 4 ),
 ( 0.000000000000000000, 0.0001693064721951452163, 0.0003386129443902904327, 0.0006772258887805808654, 0.0008465323609757260817, 0.001015838833170871298, 0.001185145305366016623, 0.001354451777561161731 ),
 .UNSPECIFIED. ) ;
#1366 = FACE_OUTER_BOUND ( 'NONE', #1683, .T. ) ;
#1367 = CARTESIAN_POINT ( 'NONE',  ( 1.256748046874999858, 0.01574803149606299191, -0.5752148437499997602 ) ) ;
#1368 = ORIENTED_EDGE ( 'NONE', *, *, #5047, .F. ) ;
#1369 = DIRECTION ( 'NONE',  ( 1.000000000000000000, 0.000000000000000000, 0.000000000000000000 ) ) ;
#1370 = CARTESIAN_POINT ( 'NONE',  ( 1.459554354473872273, -2.134256245050205639E-18, -0.5926285563699443815 ) ) ;
#1371 = CARTESIAN_POINT ( 'NONE',  ( 2.020725600062453164, 2.134256245050205639E-18, -0.4557134442500487825 ) ) ;
#1372 = CARTESIAN_POINT ( 'NONE',  ( 1.877883244079133984, 2.134256245050205639E-18, -0.3593442254410273429 ) ) ;
#1373 = CARTESIAN_POINT ( 'NONE',  ( 2.143321193362923260, -2.134256245050205639E-18, -0.5945022981373065951 ) ) ;
#1374 = B_SPLINE_CURVE_WITH_KNOTS ( 'NONE', 3,
 ( #688, #1661, #1723, #4670, #5727, #3289, #3196, #6337, #4207, #5304, #751, #2781, #3689, #2158 ),
 .UNSPECIFIED., .F., .F.,
 ( 4, 2, 2, 2, 2, 2, 4 ),
 ( 0.000000000000000000, 0.0003314371012534237412, 0.0006628742025068474824, 0.0008285927531335628496, 0.0009943113037602783252, 0.001160029854386993584, 0.001325748405013709059 ),
 .UNSPECIFIED. ) ;
#1375 = ORIENTED_EDGE ( 'NONE', *, *, #5692, .F. ) ;
#1376 = VECTOR ( 'NONE', #5596, 39.37007874015748143 ) ;
#1377 = CARTESIAN_POINT ( 'NONE',  ( 0.8612363334431161199, 0.01574803149606299191, -0.5076055822449229149 ) ) ;
#1378 = DIRECTION ( 'NONE',  ( -0.5182131407290758718, 0.000000000000000000, 0.8552515073215054553 ) ) ;
#1379 = ORIENTED_EDGE ( 'NONE', *, *, #5563, .T. ) ;
#1380 = CARTESIAN_POINT ( 'NONE',  ( 1.439267578124999725, 0.01574803149606299191, -0.5518749999999997824 ) ) ;
#1381 = ORIENTED_EDGE ( 'NONE', *, *, #3231, .F. ) ;
#1382 = EDGE_LOOP ( 'NONE', ( #1836, #4101, #3789, #4143 ) ) ;
#1383 = CARTESIAN_POINT ( 'NONE',  ( 0.5734155944444501163, -2.134256245050205639E-18, -0.5761188022559019517 ) ) ;
#1384 = CARTESIAN_POINT ( 'NONE',  ( 0.8810613643722925437, 2.134256245050205639E-18, -0.4172523011105747637 ) ) ;
#1385 = CARTESIAN_POINT ( 'NONE',  ( 2.153993887924431139, 0.01574803149606299191, -0.3732876937333665657 ) ) ;
#1386 = CARTESIAN_POINT ( 'NONE',  ( 0.5735993543846076292, 0.000000000000000000, -0.5833514600043263609 ) ) ;
#1387 = CARTESIAN_POINT ( 'NONE',  ( 1.725839843749999991, 0.01574803149606299191, -0.3518749999999996603 ) ) ;
#1388 = VERTEX_POINT ( 'NONE', #3449 ) ;
#1389 = CARTESIAN_POINT ( 'NONE',  ( 0.5784690946715951299, 0.01574803149606299538, -0.5626480301754599456 ) ) ;
#1390 = ORIENTED_EDGE ( 'NONE', *, *, #6136, .T. ) ;
#1391 = CARTESIAN_POINT ( 'NONE',  ( 1.074485286649408122, 0.000000000000000000, -0.4614916039958376626 ) ) ;
#1392 = AXIS2_PLACEMENT_3D ( 'NONE', #998, #3206, #5026 ) ;
#1393 = CARTESIAN_POINT ( 'NONE',  ( 0.8112323763814532906, 0.01574803149606299191, -0.3539100202474489421 ) ) ;
#1394 = CARTESIAN_POINT ( 'NONE',  ( 1.224875781725351054, 4.268512490100411279E-18, -0.3649642970146215193 ) ) ;
#1395 = CARTESIAN_POINT ( 'NONE',  ( 0.9078710937500000799, 0.000000000000000000, -0.4956249999999999267 ) ) ;
#1396 = CARTESIAN_POINT ( 'NONE',  ( 2.040779277382075652, 0.000000000000000000, -0.3551108385198321615 ) ) ;
#1397 = CARTESIAN_POINT ( 'NONE',  ( 1.908212429653283859, 2.134256245050205639E-18, -0.3535862439089139664 ) ) ;
#1398 = ORIENTED_EDGE ( 'NONE', *, *, #2643, .F. ) ;
#1399 = CARTESIAN_POINT ( 'NONE',  ( 1.043692501656674265, 0.000000000000000000, -0.3889486160171659046 ) ) ;
#1400 = CARTESIAN_POINT ( 'NONE',  ( 1.256839987932752090, -2.134256245050205639E-18, -0.5767569221631014820 ) ) ;
#1401 = ORIENTED_EDGE ( 'NONE', *, *, #3339, .T. ) ;
#1402 = CARTESIAN_POINT ( 'NONE',  ( 0.8002543360456625399, 0.000000000000000000, -0.5165785253627015461 ) ) ;
#1403 = CARTESIAN_POINT ( 'NONE',  ( 1.771096072426270984, 0.01574803149606299538, -0.5696252024772485711 ) ) ;
#1404 = CARTESIAN_POINT ( 'NONE',  ( 1.953687881266021886, 0.01574803149606299191, -0.4513084625696556773 ) ) ;
#1405 = CARTESIAN_POINT ( 'NONE',  ( 1.459554354473872273, 0.01574803149606299191, -0.5926285563699443815 ) ) ;
#1406 = CARTESIAN_POINT ( 'NONE',  ( 2.014696810009165784, 2.134256245050205639E-18, -0.4520111365266911152 ) ) ;
#1407 = CARTESIAN_POINT ( 'NONE',  ( 1.896144909289979363, 2.134256245050205639E-18, -0.3519628643883402908 ) ) ;
#1408 = CARTESIAN_POINT ( 'NONE',  ( 1.719665942352538224, 2.134256245050205639E-18, -0.3520871973834255320 ) ) ;
#1409 = VERTEX_POINT ( 'NONE', #920 ) ;
#1410 = CARTESIAN_POINT ( 'NONE',  ( 1.798336494087448223, 0.01574803149606299191, -0.5999775256328383488 ) ) ;
#1411 = B_SPLINE_CURVE_WITH_KNOTS ( 'NONE', 3,
 ( #1121, #5580, #5548, #2543, #1031, #606, #6184, #1092, #4593, #6151, #3050 ),
 .UNSPECIFIED., .F., .F.,
 ( 4, 1, 1, 1, 1, 1, 1, 1, 4 ),
 ( 0.000000000000000000, 0.1508613705914237935, 0.2865608683858187344, 0.4112955910961130224, 0.5289620241107761967, 0.6422956057574132904, 0.7556858652191016379, 0.8728841960787619980, 1.000000000000000000 ),
 .UNSPECIFIED. ) ;
#1412 = CARTESIAN_POINT ( 'NONE',  ( 0.8556775332968359349, 1.067128122525102820E-17, -0.5238739714357116828 ) ) ;
#1413 = ORIENTED_EDGE ( 'NONE', *, *, #4990, .F. ) ;
#1414 = CARTESIAN_POINT ( 'NONE',  ( 1.081015625000000036, 0.000000000000000000, -0.5049999999999997824 ) ) ;
#1415 = CARTESIAN_POINT ( 'NONE',  ( 0.8359781539242340243, 0.01574803149606299885, -0.5898362237711720635 ) ) ;
#1416 = VERTEX_POINT ( 'NONE', #2509 ) ;
#1417 = CARTESIAN_POINT ( 'NONE',  ( 1.227385462816605211, 0.01574803149606299191, -0.5845524987689059149 ) ) ;
#1418 = CARTESIAN_POINT ( 'NONE',  ( 0.6462499999999998801, -0.3384390870230564174, -0.3841015624999998823 ) ) ;
#1419 = CARTESIAN_POINT ( 'NONE',  ( 1.872048307966697189, -4.268512490100411279E-18, -0.3693790243630494241 ) ) ;
#1420 = DIRECTION ( 'NONE',  ( 0.000000000000000000, 1.000000000000000000, 0.000000000000000000 ) ) ;
#1421 = CARTESIAN_POINT ( 'NONE',  ( 1.696293193498420671, 0.000000000000000000, -0.3791364747584065054 ) ) ;
#1422 = ORIENTED_EDGE ( 'NONE', *, *, #1287, .T. ) ;
#1423 = CARTESIAN_POINT ( 'NONE',  ( 1.866123046875000080, 0.01574803149606299191, -0.3834667968749996825 ) ) ;
#1424 = ORIENTED_EDGE ( 'NONE', *, *, #1826, .F. ) ;
#1425 = CARTESIAN_POINT ( 'NONE',  ( 0.8209351625949469211, 0.01574803149606299885, -0.3519470235343919451 ) ) ;
#1426 = CARTESIAN_POINT ( 'NONE',  ( 1.229611024350991899, 0.01574803149606299191, -0.3762935857589672084 ) ) ;
#1427 = FACE_OUTER_BOUND ( 'NONE', #4597, .T. ) ;
#1428 = CARTESIAN_POINT ( 'NONE',  ( 2.155625000000000124, 0.000000000000000000, -0.5661328124999995826 ) ) ;
#1429 = ORIENTED_EDGE ( 'NONE', *, *, #5979, .T. ) ;
#1430 = CARTESIAN_POINT ( 'NONE',  ( 1.985391077418826145, -2.134256245050205639E-18, -0.5845534892954187267 ) ) ;
#1431 = CARTESIAN_POINT ( 'NONE',  ( 2.155625000000000124, -0.3384390870230564174, -0.5661328124999995826 ) ) ;
#1432 = CARTESIAN_POINT ( 'NONE',  ( 2.018536370943369018, 0.01574803149606299191, -0.5171721755024488720 ) ) ;
#1433 = VERTEX_POINT ( 'NONE', #3928 ) ;
#1434 = CARTESIAN_POINT ( 'NONE',  ( 0.8014791820610762674, 0.000000000000000000, -0.5105737321222107994 ) ) ;
#1435 = ADVANCED_FACE ( 'NONE', ( #4495 ), #4482, .F. ) ;
#1436 = CARTESIAN_POINT ( 'NONE',  ( 1.992562480839653594, 0.000000000000000000, -0.4843872875038426340 ) ) ;
#1437 = CARTESIAN_POINT ( 'NONE',  ( 0.9964104657054362324, 0.01574803149606299191, -0.5887915892374179228 ) ) ;
#1438 = CARTESIAN_POINT ( 'NONE',  ( 2.006281153793187499, 2.134256245050205639E-18, -0.4379197432444212890 ) ) ;
#1439 = CARTESIAN_POINT ( 'NONE',  ( 0.6737402343749998579, -0.3384390870230564174, -0.5018749999999998490 ) ) ;
#1440 = VECTOR ( 'NONE', #5380, 39.37007874015748854 ) ;
#1441 = CARTESIAN_POINT ( 'NONE',  ( 2.123154296875000124, 0.01574803149606299538, -0.5987499999999995604 ) ) ;
#1442 = ADVANCED_FACE ( 'NONE', ( #6014 ), #507, .F. ) ;
#1443 = VERTEX_POINT ( 'NONE', #3078 ) ;
#1444 = DIMENSIONAL_EXPONENTS ( 1.000000000000000000, 0.000000000000000000, 0.000000000000000000, 0.000000000000000000, 0.000000000000000000, 0.000000000000000000, 0.000000000000000000 ) ;
#1445 = EDGE_CURVE ( 'NONE', #5954, #2670, #1875, .T. ) ;
#1446 = CARTESIAN_POINT ( 'NONE',  ( 1.785690547796876082, 0.01574803149606299538, -0.5927332265502044395 ) ) ;
#1447 = CARTESIAN_POINT ( 'NONE',  ( 0.8850891397059610366, 1.067128122525102820E-17, -0.4971555548031389993 ) ) ;
#1448 = ORIENTED_EDGE ( 'NONE', *, *, #4717, .F. ) ;
#1449 = CARTESIAN_POINT ( 'NONE',  ( 2.060361328125000391, -2.134256245050205639E-18, -0.5018749999999997380 ) ) ;
#1450 = CARTESIAN_POINT ( 'NONE',  ( 1.503183593749999769, 0.000000000000000000, -0.5987499999999996714 ) ) ;
#1451 = CARTESIAN_POINT ( 'NONE',  ( 1.333992683923965972, -2.134256245050205639E-18, -0.3771084382536133983 ) ) ;
#1452 = CARTESIAN_POINT ( 'NONE',  ( 1.002499999999999947, 0.000000000000000000, -0.3841992187499999045 ) ) ;
#1453 = CARTESIAN_POINT ( 'NONE',  ( 0.8786310982148187732, 0.01574803149606299191, -0.5534944667109322758 ) ) ;
#1454 = CARTESIAN_POINT ( 'NONE',  ( 0.8491699379567940742, 0.01574803149606299191, -0.5949601377106640276 ) ) ;
#1455 = VERTEX_POINT ( 'NONE', #4127 ) ;
#1456 = ORIENTED_EDGE ( 'NONE', *, *, #5323, .T. ) ;
#1457 = B_SPLINE_CURVE_WITH_KNOTS ( 'NONE', 3,
 ( #3067, #534, #1573, #4086, #1050, #2567, #3041, #3606, #4582, #2053, #5604, #2021, #2922, #1918, #1434, #1402, #3943, #2459, #3433 ),
 .UNSPECIFIED., .F., .F.,
 ( 4, 1, 1, 1, 1, 1, 1, 1, 1, 1, 1, 1, 1, 1, 1, 1, 4 ),
 ( 0.000000000000000000, 0.07041143422275442099, 0.1384470389434794280, 0.2035168582305146856, 0.2667496028894345006, 0.3284904293158226185, 0.3885707805838811701, 0.4483261157883142722, 0.5075216449686066333, 0.5663167968574104316, 0.6248485177268904289, 0.6835902223818703938, 0.7431665701877601116, 0.8037612478802549365, 0.8666792709866641964, 0.9317799766261138927, 1.000000000000000000 ),
 .UNSPECIFIED. ) ;
#1458 = CARTESIAN_POINT ( 'NONE',  ( 1.285093619490622174, 2.134256245050205639E-18, -0.5986797455209706964 ) ) ;
#1459 = CARTESIAN_POINT ( 'NONE',  ( 1.230173739409742950, 0.01574803149606299191, -0.3798227427556233882 ) ) ;
#1460 = CARTESIAN_POINT ( 'NONE',  ( 1.654892578124999680, 0.01574803149606299191, -0.5987499999999996714 ) ) ;
#1461 = CARTESIAN_POINT ( 'NONE',  ( 1.002427180920327343, 0.000000000000000000, -0.3817505347398806870 ) ) ;
#1462 = EDGE_LOOP ( 'NONE', ( #4111, #4034, #6540, #4186, #4727 ) ) ;
#1463 = CARTESIAN_POINT ( 'NONE',  ( 1.605624999999999858, -0.3384390870230564174, -0.5518749999999997824 ) ) ;
#1464 = CARTESIAN_POINT ( 'NONE',  ( 0.8462396176955674365, -2.134256245050205639E-18, -0.4563549318082902873 ) ) ;
#1465 = CARTESIAN_POINT ( 'NONE',  ( 0.9462499999999999245, 0.01574803149606299191, -0.4549999999999999045 ) ) ;
#1466 = CARTESIAN_POINT ( 'NONE',  ( 2.015146484375000213, 0.01574803149606299191, -0.5293164062499996492 ) ) ;
#1467 = EDGE_CURVE ( 'NONE', #3113, #5954, #1411, .T. ) ;
#1468 = CARTESIAN_POINT ( 'NONE',  ( 1.957905484821018005, 0.000000000000000000, -0.4596564427443452505 ) ) ;
#1469 = FACE_OUTER_BOUND ( 'NONE', #6397, .T. ) ;
#1470 = B_SPLINE_SURFACE_WITH_KNOTS ( 'NONE', 3, 1, ( 
 ( #4001, #5064 ),
 ( #5993, #3 ),
 ( #1005, #2991 ),
 ( #1494, #2915 ),
 ( #4436, #3527 ),
 ( #3457, #5453 ),
 ( #2451, #931 ),
 ( #4504, #6499 ),
 ( #6060, #5034 ),
 ( #488, #2517 ),
 ( #4567, #4536 ) ),
 .UNSPECIFIED., .F., .F., .F.,
 ( 4, 1, 1, 1, 1, 1, 1, 1, 4 ),
 ( 2, 2 ),
 ( 0.000000000000000000, 0.1052319956247327742, 0.2099207363944509408, 0.3151316187611962749, 0.4282585792776819611, 0.5499567684531201373, 0.6813119106234840627, 0.8304852996578296898, 1.000000000000000000 ),
 ( 0.000000000000000000, 1.000000000000000000 ),
 .UNSPECIFIED. ) ;
#1471 = CARTESIAN_POINT ( 'NONE',  ( 1.756406250000000169, 0.000000000000000000, -0.3840527343749995937 ) ) ;
#1472 = CARTESIAN_POINT ( 'NONE',  ( 0.9758398437499998801, 0.000000000000000000, -0.3518749999999999378 ) ) ;
#1473 = CARTESIAN_POINT ( 'NONE',  ( 2.147817397261356120, 0.01574803149606299538, -0.5910281927179699135 ) ) ;
#1474 = EDGE_CURVE ( 'NONE', #5103, #1433, #3850, .T. ) ;
#1475 = EDGE_CURVE ( 'NONE', #2425, #185, #4190, .T. ) ;
#1476 = CARTESIAN_POINT ( 'NONE',  ( 1.368884206131682602, 0.000000000000000000, -0.3521032973289328627 ) ) ;
#1477 = ORIENTED_EDGE ( 'NONE', *, *, #4838, .F. ) ;
#1478 = CARTESIAN_POINT ( 'NONE',  ( 1.564860728402701850, 0.01574803149606298844, -0.3546287173116450808 ) ) ;
#1479 = ORIENTED_EDGE ( 'NONE', *, *, #6011, .F. ) ;
#1481 = EDGE_LOOP ( 'NONE', ( #1565, #3336, #1192, #464 ) ) ;
#1480 = AXIS2_PLACEMENT_3D ( 'NONE', #1784, #4707, #5280 ) ;
#1482 = EDGE_CURVE ( 'NONE', #5656, #1894, #5647, .T. ) ;
#1483 = VECTOR ( 'NONE', #1075, 39.37007874015748854 ) ;
#1484 = CARTESIAN_POINT ( 'NONE',  ( 1.230625000000000302, 0.01574803149606299191, -0.5661328124999996936 ) ) ;
#1485 = CARTESIAN_POINT ( 'NONE',  ( 2.137937614932230890, 0.01574803149606299191, -0.3569177414059124254 ) ) ;
#1486 = CARTESIAN_POINT ( 'NONE',  ( 1.682285156249999858, 0.000000000000000000, -0.5752148437499997602 ) ) ;
#1487 = VECTOR ( 'NONE', #4128, 39.37007874015748143 ) ;
#1488 = LINE ( 'NONE', #2034, #1785 ) ;
#1489 = ORIENTED_EDGE ( 'NONE', *, *, #4797, .F. ) ;
#1490 = ADVANCED_FACE ( 'NONE', ( #4651 ), #4308, .F. ) ;
#1491 = CARTESIAN_POINT ( 'NONE',  ( 1.260921996622274888, 2.134256245050205639E-18, -0.5882203109763203264 ) ) ;
#1492 = CARTESIAN_POINT ( 'NONE',  ( 1.230625000000000302, 4.268512490100411279E-18, -0.3876171874999997380 ) ) ;
#1493 = VECTOR ( 'NONE', #4748, 39.37007874015748143 ) ;
#1494 = CARTESIAN_POINT ( 'NONE',  ( 1.054462573673466075, 0.01574803149606299191, -0.4749935376684998878 ) ) ;
#1495 = CARTESIAN_POINT ( 'NONE',  ( 1.059728331252728584, 0.000000000000000000, -0.5973535810572780935 ) ) ;
#1496 = CARTESIAN_POINT ( 'NONE',  ( 2.054208984375000213, -0.3384390870230564174, -0.4612499999999996048 ) ) ;
#1497 = LINE ( 'NONE', #4840, #5402 ) ;
#1498 = CARTESIAN_POINT ( 'NONE',  ( 0.8578710937499999245, 0.01574803149606299538, -0.4626660156249999267 ) ) ;
#1499 = CARTESIAN_POINT ( 'NONE',  ( 1.473496154615925313, 0.01574803149606299885, -0.5680239403434194090 ) ) ;
#1500 = CARTESIAN_POINT ( 'NONE',  ( 2.016514747090257131, 0.01574803149606299885, -0.5213606291322951947 ) ) ;
#1501 = ORIENTED_EDGE ( 'NONE', *, *, #5041, .F. ) ;
#1502 = VECTOR ( 'NONE', #6428, 39.37007874015748143 ) ;
#1503 = CARTESIAN_POINT ( 'NONE',  ( 1.778834221307392660, 0.01574803149606299538, -0.5850739842095146193 ) ) ;
#1504 = CARTESIAN_POINT ( 'NONE',  ( 0.8581402145564057671, 0.01574803149606299191, -0.3796450183423927816 ) ) ;
#1505 = CARTESIAN_POINT ( 'NONE',  ( 0.9809268228616009333, 1.067128122525102820E-17, -0.5976799259556466737 ) ) ;
#1506 = CARTESIAN_POINT ( 'NONE',  ( 2.028965364753648970, 0.01574803149606299191, -0.5982476101100773214 ) ) ;
#1507 = CARTESIAN_POINT ( 'NONE',  ( 0.9462499999999999245, -0.3384390870230564174, -0.5549999999999999378 ) ) ;
#1508 = CARTESIAN_POINT ( 'NONE',  ( 1.066425432574315879, 2.134256245050205639E-18, -0.3550593750210382926 ) ) ;
#1509 = B_SPLINE_SURFACE_WITH_KNOTS ( 'NONE', 3, 1, ( 
 ( #2896, #3371 ),
 ( #4984, #1412 ),
 ( #1855, #3473 ),
 ( #3883, #412 ),
 ( #4946, #5376 ),
 ( #1377, #6008 ),
 ( #3506, #5407 ),
 ( #3442, #6415 ),
 ( #4453, #1927 ),
 ( #5508, #4419 ),
 ( #832, #1447 ),
 ( #6486, #3954 ),
 ( #5978, #2468 ),
 ( #5473, #2865 ),
 ( #445, #4880 ) ),
 .UNSPECIFIED., .F., .F., .F.,
 ( 4, 1, 1, 1, 1, 1, 1, 1, 1, 1, 1, 1, 4 ),
 ( 2, 2 ),
 ( 0.000000000000000000, 0.07987286988085773309, 0.1513615410173931863, 0.2179978061832951175, 0.2807984355266500698, 0.3447659872458531671, 0.4142603351350027108, 0.4888426497956749328, 0.5714714224065728931, 0.6635999102816393380, 0.7655708145010623467, 0.8775438663946061313, 0.9999999999999998890 ),
 ( 0.000000000000000000, 1.000000000000000000 ),
 .UNSPECIFIED. ) ;
#1510 = CARTESIAN_POINT ( 'NONE',  ( 2.024967990344837432, -2.134256245050205639E-18, -0.5090912434260007613 ) ) ;
#1511 = ORIENTED_EDGE ( 'NONE', *, *, #1826, .T. ) ;
#1512 = LINE ( 'NONE', #4618, #6412 ) ;
#1513 = CARTESIAN_POINT ( 'NONE',  ( 1.924287721510634430, 0.01574803149606298844, -0.3783636088978165057 ) ) ;
#1514 = ORIENTED_EDGE ( 'NONE', *, *, #4267, .T. ) ;
#1515 = ORIENTED_EDGE ( 'NONE', *, *, #4525, .T. ) ;
#1516 = CARTESIAN_POINT ( 'NONE',  ( 0.6463855532154755279, 0.01574803149606299538, -0.3799302110278993116 ) ) ;
#1517 = CARTESIAN_POINT ( 'NONE',  ( 1.891963633245867804, -4.268512490100411279E-18, -0.3521258910859721425 ) ) ;
#1518 = CARTESIAN_POINT ( 'NONE',  ( 1.682201444768099075, 2.134256245050205639E-18, -0.5735471527621130994 ) ) ;
#1519 = CARTESIAN_POINT ( 'NONE',  ( 1.198789062500000169, 0.000000000000000000, -0.3549999999999997602 ) ) ;
#1520 = ORIENTED_EDGE ( 'NONE', *, *, #1759, .F. ) ;
#1521 = ORIENTED_EDGE ( 'NONE', *, *, #2614, .F. ) ;
#1522 = ORIENTED_EDGE ( 'NONE', *, *, #4187, .F. ) ;
#1523 = ADVANCED_FACE ( 'NONE', ( #864 ), #1708, .F. ) ;
#1524 = B_SPLINE_SURFACE_WITH_KNOTS ( 'NONE', 3, 1, ( 
 ( #3768, #3741 ),
 ( #4228, #1290 ),
 ( #5751, #3220 ),
 ( #4262, #1222 ),
 ( #3315, #1742 ),
 ( #744, #3282 ),
 ( #1196, #5783 ),
 ( #2679, #1321 ),
 ( #3250, #189 ),
 ( #5297, #4294 ),
 ( #2306, #5717 ) ),
 .UNSPECIFIED., .F., .F., .F.,
 ( 4, 1, 1, 1, 1, 1, 1, 1, 4 ),
 ( 2, 2 ),
 ( 0.000000000000000000, 0.1697667370961975786, 0.3176794559860900979, 0.4500242076991628482, 0.5714859992495899821, 0.6843530262709504042, 0.7909884223004116643, 0.8939093302669888219, 1.000000000000000000 ),
 ( 0.000000000000000000, 1.000000000000000000 ),
 .UNSPECIFIED. ) ;
#1525 = CARTESIAN_POINT ( 'NONE',  ( 1.814548903066818486, -2.134256245050205639E-18, -0.6018417614390058068 ) ) ;
#1526 = CARTESIAN_POINT ( 'NONE',  ( 1.576707554932737843, 0.01574803149606299538, -0.3519674232326783225 ) ) ;
#1527 = CARTESIAN_POINT ( 'NONE',  ( 1.054608346085519344, 0.000000000000000000, -0.5953584098797645163 ) ) ;
#1528 = FACE_OUTER_BOUND ( 'NONE', #2941, .T. ) ;
#1529 = CARTESIAN_POINT ( 'NONE',  ( 1.991669293211916214, 0.000000000000000000, -0.4862590044282318336 ) ) ;
#1530 = LINE ( 'NONE', #1562, #3669 ) ;
#1531 = EDGE_CURVE ( 'NONE', #1829, #2422, #2357, .T. ) ;
#1532 = CARTESIAN_POINT ( 'NONE',  ( 0.8952528546784480623, 0.000000000000000000, -0.5548514548279475100 ) ) ;
#1533 = ORIENTED_EDGE ( 'NONE', *, *, #455, .F. ) ;
#1534 = DIRECTION ( 'NONE',  ( -0.000000000000000000, 1.000000000000000000, -0.000000000000000000 ) ) ;
#1535 = CARTESIAN_POINT ( 'NONE',  ( 1.174375000000000169, 0.000000000000000000, -0.3987499999999997158 ) ) ;
#1536 = CARTESIAN_POINT ( 'NONE',  ( 0.7599707031249997025, 0.01574803149606299538, -0.5464062499999999822 ) ) ;
#1537 = CARTESIAN_POINT ( 'NONE',  ( 1.990244140625000213, 0.000000000000000000, -0.5876660156249995381 ) ) ;
#1538 = CARTESIAN_POINT ( 'NONE',  ( 2.038224454246524875, 0.01574803149606299191, -0.5530999383869693586 ) ) ;
#1539 = B_SPLINE_CURVE_WITH_KNOTS ( 'NONE', 3,
 ( #1160, #1679, #63, #3219, #4628, #1130, #3150, #5228, #5160, #2645, #3709 ),
 .UNSPECIFIED., .F., .F.,
 ( 4, 1, 1, 1, 1, 1, 1, 1, 4 ),
 ( 0.000000000000000000, 0.1480473485080769924, 0.2846320722922192070, 0.4176769875667946108, 0.5509971549183443340, 0.6783351304343079313, 0.7939241127335296966, 0.8985249441618337052, 1.000000000000000000 ),
 .UNSPECIFIED. ) ;
#1540 = CARTESIAN_POINT ( 'NONE',  ( 0.7490332031249997691, -0.3384390870230564174, -0.6018749999999998268 ) ) ;
#1541 = DIRECTION ( 'NONE',  ( 1.000000000000000000, 0.000000000000000000, 0.000000000000000000 ) ) ;
#1542 = CARTESIAN_POINT ( 'NONE',  ( 1.274204517064337905, 0.000000000000000000, -0.5533191483123868215 ) ) ;
#1543 = MECHANICAL_DESIGN_GEOMETRIC_PRESENTATION_REPRESENTATION (  '', ( #1329 ), #5554 ) ;
#1544 = DIRECTION ( 'NONE',  ( 0.000000000000000000, 1.000000000000000000, 0.000000000000000000 ) ) ;
#1545 = CARTESIAN_POINT ( 'NONE',  ( 1.918891905008060617, 0.000000000000000000, -0.3977743301999187020 ) ) ;
#1546 = VECTOR ( 'NONE', #4154, 39.37007874015748143 ) ;
#1547 = CARTESIAN_POINT ( 'NONE',  ( 1.894273852386159529, 0.01574803149606299538, -0.3520358163352801384 ) ) ;
#1548 = CARTESIAN_POINT ( 'NONE',  ( 2.019150390625000124, 0.000000000000000000, -0.5161816406249996048 ) ) ;
#1549 = EDGE_CURVE ( 'NONE', #33, #5513, #3877, .T. ) ;
#1550 = CARTESIAN_POINT ( 'NONE',  ( 1.224875781725351054, 0.000000000000000000, -0.3649642970146215193 ) ) ;
#1551 = ORIENTED_EDGE ( 'NONE', *, *, #1747, .F. ) ;
#1552 = EDGE_CURVE ( 'NONE', #4367, #3113, #4938, .T. ) ;
#1553 = ORIENTED_EDGE ( 'NONE', *, *, #4177, .T. ) ;
#1554 = EDGE_CURVE ( 'NONE', #2425, #485, #3398, .T. ) ;
#1555 = CARTESIAN_POINT ( 'NONE',  ( 0.7670399669067016202, 0.000000000000000000, -0.5951501550381453898 ) ) ;
#1556 = LINE ( 'NONE', #4163, #1997 ) ;
#1557 = CARTESIAN_POINT ( 'NONE',  ( 2.155264800779444823, 0.01574803149606299885, -0.3787666793846354851 ) ) ;
#1558 = CARTESIAN_POINT ( 'NONE',  ( 1.661683505122320437, 0.01574803149606298844, -0.5984659441556547943 ) ) ;
#1559 = CARTESIAN_POINT ( 'NONE',  ( 1.045150328128848338, 0.01574803149606299538, -0.5852773747016561945 ) ) ;
#1560 = DIRECTION ( 'NONE',  ( 0.000000000000000000, 1.000000000000000000, 0.000000000000000000 ) ) ;
#1561 = DIRECTION ( 'NONE',  ( -1.000000000000000000, 0.000000000000000000, 0.000000000000000000 ) ) ;
#1562 = CARTESIAN_POINT ( 'NONE',  ( 1.333749999999999769, 0.01574803149606299191, -0.5518749999999997824 ) ) ;
#1563 = ORIENTED_EDGE ( 'NONE', *, *, #349, .F. ) ;
#1564 = EDGE_CURVE ( 'NONE', #5618, #4321, #6408, .T. ) ;
#1565 = ORIENTED_EDGE ( 'NONE', *, *, #4259, .F. ) ;
#1566 = B_SPLINE_SURFACE_WITH_KNOTS ( 'NONE', 3, 1, ( 
 ( #2110, #3372 ),
 ( #4350, #649 ),
 ( #2336, #6385 ),
 ( #312, #5805 ),
 ( #1682, #615 ),
 ( #3655, #155 ),
 ( #4166, #835 ),
 ( #2834, #1825 ),
 ( #5164, #3153 ),
 ( #3852, #799 ),
 ( #1280, #5874 ) ),
 .UNSPECIFIED., .F., .F., .F.,
 ( 4, 1, 1, 1, 1, 1, 1, 1, 4 ),
 ( 2, 2 ),
 ( 0.000000000000000000, 0.1269170260353562341, 0.2426831653250985099, 0.3540974449409851066, 0.4653077080320908165, 0.5824615124680044831, 0.7070900444940060314, 0.8455611530334101733, 0.9999999999999998890 ),
 ( 0.000000000000000000, 1.000000000000000000 ),
 .UNSPECIFIED. ) ;
#1567 = CARTESIAN_POINT ( 'NONE',  ( 1.697299596531865129, 2.134256245050205639E-18, -0.3844237398705181441 ) ) ;
#1568 = CARTESIAN_POINT ( 'NONE',  ( 1.949419513349369248, 0.000000000000000000, -0.4281617853978655353 ) ) ;
#1569 = CARTESIAN_POINT ( 'NONE',  ( 1.578916015624999947, 0.000000000000000000, -0.3518749999999997713 ) ) ;
#1570 = CARTESIAN_POINT ( 'NONE',  ( 0.8053528805289432713, 0.000000000000000000, -0.4994772320312900193 ) ) ;
#1571 = CARTESIAN_POINT ( 'NONE',  ( 2.028791701143876747, 0.01574803149606298844, -0.5065503284010921536 ) ) ;
#1572 = CARTESIAN_POINT ( 'NONE',  ( 2.034119379407502759, 0.01574803149606299191, -0.5521202448139377328 ) ) ;
#1573 = CARTESIAN_POINT ( 'NONE',  ( 0.8512344866955046108, 0.000000000000000000, -0.4640700261579376318 ) ) ;
#1574 = DIRECTION ( 'NONE',  ( -1.000000000000000000, 0.000000000000000000, 0.000000000000000000 ) ) ;
#1575 = B_SPLINE_CURVE_WITH_KNOTS ( 'NONE', 3,
 ( #483, #2443, #5446, #6427, #1933, #4460, #3959, #3517 ),
 .UNSPECIFIED., .F., .F.,
 ( 4, 2, 2, 4 ),
 ( 0.000000000000000000, 0.0003382387939274729546, 0.0005073581908912093777, 0.0006764775878549459092 ),
 .UNSPECIFIED. ) ;
#1576 = LINE ( 'NONE', #21, #851 ) ;
#1577 = DIRECTION ( 'NONE',  ( 0.000000000000000000, 1.000000000000000000, 0.000000000000000000 ) ) ;
#1578 = CARTESIAN_POINT ( 'NONE',  ( 2.005625000000000657, 2.134256245050205639E-18, -0.4304882812499996603 ) ) ;
#1579 = CARTESIAN_POINT ( 'NONE',  ( 0.8810613643722925437, 1.067128122525102820E-17, -0.4172523011105747637 ) ) ;
#1580 = ORIENTED_EDGE ( 'NONE', *, *, #1162, .F. ) ;
#1581 = CARTESIAN_POINT ( 'NONE',  ( 1.341339818900262770, 0.01574803149606298844, -0.3603044935183252750 ) ) ;
#1582 = DIRECTION ( 'NONE',  ( -0.5483253738498512497, 0.000000000000000000, -0.8362650802182408638 ) ) ;
#1583 = CARTESIAN_POINT ( 'NONE',  ( 0.7350546346284621002, 0.01574803149606299538, -0.5993463142808723720 ) ) ;
#1584 = EDGE_LOOP ( 'NONE', ( #1585, #6506, #3618, #1640 ) ) ;
#1585 = ORIENTED_EDGE ( 'NONE', *, *, #2816, .F. ) ;
#1586 = CARTESIAN_POINT ( 'NONE',  ( 0.7702603667664941200, 0.000000000000000000, -0.5915964491401602965 ) ) ;
#1587 = CARTESIAN_POINT ( 'NONE',  ( 0.6165612494554562062, 2.134256245050205639E-18, -0.5966986333579186175 ) ) ;
#1588 = VECTOR ( 'NONE', #4019, 39.37007874015748143 ) ;
#1589 = CARTESIAN_POINT ( 'NONE',  ( 0.6635930924006905318, 0.01574803149606299885, -0.3537723651518704937 ) ) ;
#1590 = FACE_OUTER_BOUND ( 'NONE', #830, .T. ) ;
#1591 = CARTESIAN_POINT ( 'NONE',  ( 0.8556741327028415389, 0.01574803149606299191, -0.5271012852167052953 ) ) ;
#1592 = AXIS2_PLACEMENT_3D ( 'NONE', #2553, #3967, #37 ) ;
#1593 = CARTESIAN_POINT ( 'NONE',  ( 0.5733007812499998357, 0.01574803149606299538, -0.5793164062499999156 ) ) ;
#1594 = CARTESIAN_POINT ( 'NONE',  ( 0.6462499999999998801, 0.01574803149606299191, -0.4587109374999998601 ) ) ;
#1595 = LINE ( 'NONE', #6064, #378 ) ;
#1596 = VERTEX_POINT ( 'NONE', #4746 ) ;
#1597 = ORIENTED_EDGE ( 'NONE', *, *, #4378, .T. ) ;
#1598 = CARTESIAN_POINT ( 'NONE',  ( 1.363291015624999769, 0.01574803149606299191, -0.3518749999999997713 ) ) ;
#1599 = CARTESIAN_POINT ( 'NONE',  ( 1.230625000000000302, 0.01574803149606299191, -0.5661328124999996936 ) ) ;
#1600 = CARTESIAN_POINT ( 'NONE',  ( 1.050500478635727264, 2.134256245050205639E-18, -0.5612924088618113094 ) ) ;
#1601 = CARTESIAN_POINT ( 'NONE',  ( 2.052248194325323460, 2.134256245050205639E-18, -0.5019851049227387341 ) ) ;
#1602 = CARTESIAN_POINT ( 'NONE',  ( 2.018058619720922930, 0.01574803149606299191, -0.5420957048316908944 ) ) ;
#1603 = CARTESIAN_POINT ( 'NONE',  ( 0.8238694170176878995, 0.01574803149606298844, -0.4318085937559163479 ) ) ;
#1604 = EDGE_CURVE ( 'NONE', #4771, #226, #4254, .T. ) ;
#1605 = CARTESIAN_POINT ( 'NONE',  ( 0.8610875850729554637, 0.01574803149606299191, -0.5972677263151885407 ) ) ;
#1606 = LINE ( 'NONE', #1053, #2230 ) ;
#1607 =( NAMED_UNIT ( * ) PLANE_ANGLE_UNIT ( ) SI_UNIT ( $, .RADIAN. ) );
#1608 = B_SPLINE_CURVE_WITH_KNOTS ( 'NONE', 3,
 ( #605, #640, #2672, #4685, #147, #2173, #1673, #4451, #5977, #2499, #1891 ),
 .UNSPECIFIED., .F., .F.,
 ( 4, 1, 1, 1, 1, 1, 1, 1, 4 ),
 ( 0.000000000000000000, 0.1301792176390407230, 0.2541230567790883077, 0.3755672815653419150, 0.4972130155021918241, 0.6196092790588617616, 0.7425177902555690768, 0.8688022457434154688, 1.000000000000000000 ),
 .UNSPECIFIED. ) ;
#1609 = DIRECTION ( 'NONE',  ( -1.000000000000000000, 0.000000000000000000, 0.000000000000000000 ) ) ;
#1610 = EDGE_CURVE ( 'NONE', #6009, #2810, #5287, .T. ) ;
#1611 = ORIENTED_EDGE ( 'NONE', *, *, #5122, .F. ) ;
#1612 = ORIENTED_EDGE ( 'NONE', *, *, #3515, .F. ) ;
#1613 = CARTESIAN_POINT ( 'NONE',  ( 1.356844867068215832, 0.01574803149606298844, -0.3521447688439878210 ) ) ;
#1614 = CARTESIAN_POINT ( 'NONE',  ( 1.445415479109264600, 2.134256245050205639E-18, -0.5520525501284386793 ) ) ;
#1615 = CARTESIAN_POINT ( 'NONE',  ( 0.7469901346207599158, 0.01574803149606299538, -0.6018032550003890035 ) ) ;
#1616 = ORIENTED_EDGE ( 'NONE', *, *, #167, .T. ) ;
#1617 = B_SPLINE_SURFACE_WITH_KNOTS ( 'NONE', 3, 1, ( 
 ( #1536, #3567 ),
 ( #2623, #3063 ),
 ( #5073, #5599 ),
 ( #2049, #3097 ),
 ( #5108, #564 ),
 ( #1174, #3775 ),
 ( #2224, #3259 ),
 ( #5761, #3807 ),
 ( #1751, #5697 ),
 ( #4765, #4173 ),
 ( #5791, #1262 ) ),
 .UNSPECIFIED., .F., .F., .F.,
 ( 4, 1, 1, 1, 1, 1, 1, 1, 4 ),
 ( 2, 2 ),
 ( 0.000000000000000000, 0.1892206501837993826, 0.3561381207418402584, 0.5006750660181517043, 0.6231101568107498823, 0.7304156259780223426, 0.8269473680357585232, 0.9176857311352339952, 1.000000000000000000 ),
 ( 0.000000000000000000, 1.000000000000000000 ),
 .UNSPECIFIED. ) ;
#1618 = EDGE_LOOP ( 'NONE', ( #6066, #6264, #6055, #1095 ) ) ;
#1619 = B_SPLINE_CURVE_WITH_KNOTS ( 'NONE', 3,
 ( #1971, #3518, #5027, #804, #4789, #6324, #672, #186, #6255, #2438, #956, #3378, #4652, #5551, #5058 ),
 .UNSPECIFIED., .F., .F.,
 ( 4, 1, 1, 1, 1, 1, 1, 1, 1, 1, 1, 1, 4 ),
 ( 0.000000000000000000, 0.09656405245325561104, 0.1856584034575994302, 0.2686965057816289582, 0.3474351107701183494, 0.4222379075595508180, 0.4947025369004910411, 0.5665767281639395581, 0.6409235644575967950, 0.7201960704828496151, 0.8061579716772044879, 0.8988001454285936553, 0.9999999999999998890 ),
 .UNSPECIFIED. ) ;
#1620 = CARTESIAN_POINT ( 'NONE',  ( 1.389937715287782982, 2.134256245050205639E-18, -0.3815535789347728191 ) ) ;
#1621 = CARTESIAN_POINT ( 'NONE',  ( 2.010922315543305139, 0.01574803149606299538, -0.4483770228805289970 ) ) ;
#1622 = CARTESIAN_POINT ( 'NONE',  ( 0.8519367403287968488, 6.402768735150616918E-18, -0.4602416368937582436 ) ) ;
#1623 = CARTESIAN_POINT ( 'NONE',  ( 0.7522043518738520396, 0.01574803149606299191, -0.6017189615968221439 ) ) ;
#1624 = PLANE ( 'NONE',  #962 ) ;
#1625 = DIRECTION ( 'NONE',  ( 0.000000000000000000, 0.000000000000000000, -1.000000000000000000 ) ) ;
#1626 = CARTESIAN_POINT ( 'NONE',  ( 1.333749999999999769, 0.000000000000000000, -0.3840527343749997602 ) ) ;
#1627 = CARTESIAN_POINT ( 'NONE',  ( 0.8786860888298816397, 0.01574803149606299191, -0.5531585359973133498 ) ) ;
#1628 = PLANE ( 'NONE',  #2323 ) ;
#1629 = CARTESIAN_POINT ( 'NONE',  ( 1.072421875000000080, 0.000000000000000000, -0.5987499999999996714 ) ) ;
#1630 = CARTESIAN_POINT ( 'NONE',  ( 1.043595208574922717, 0.01574803149606298844, -0.5755132770582345181 ) ) ;
#1631 = LINE ( 'NONE', #499, #1746 ) ;
#1632 = CARTESIAN_POINT ( 'NONE',  ( 2.015146484375000213, 0.01574803149606299191, -0.5293164062499996492 ) ) ;
#1633 = ADVANCED_FACE ( 'NONE', ( #4373 ), #4445, .T. ) ;
#1634 = CARTESIAN_POINT ( 'NONE',  ( 1.830865377390815674, 2.134256245050205639E-18, -0.5977693345461851937 ) ) ;
#1635 = CARTESIAN_POINT ( 'NONE',  ( 2.019999498197963206, -2.134256245050205639E-18, -0.5148762421358037411 ) ) ;
#1636 = CARTESIAN_POINT ( 'NONE',  ( 0.9462499999999999245, -0.3384390870230564174, -0.4956249999999998712 ) ) ;
#1637 = DIRECTION ( 'NONE',  ( 0.000000000000000000, -0.000000000000000000, 1.000000000000000000 ) ) ;
#1638 = ADVANCED_FACE ( 'NONE', ( #2393 ), #4413, .F. ) ;
#1639 = LINE ( 'NONE', #6111, #2178 ) ;
#1640 = ORIENTED_EDGE ( 'NONE', *, *, #6548, .F. ) ;
#1641 = EDGE_CURVE ( 'NONE', #4836, #6118, #1189, .T. ) ;
#1642 = ORIENTED_EDGE ( 'NONE', *, *, #2949, .T. ) ;
#1643 = CARTESIAN_POINT ( 'NONE',  ( 1.954947228605931508, 0.000000000000000000, -0.3979768764292308525 ) ) ;
#1644 = VECTOR ( 'NONE', #4221, 39.37007874015748143 ) ;
#1645 = CARTESIAN_POINT ( 'NONE',  ( 1.459800524509937691, 2.134256245050205639E-18, -0.5581541451412856958 ) ) ;
#1646 = CARTESIAN_POINT ( 'NONE',  ( 0.8816916039547003647, 0.01574803149606299885, -0.5986939966128610457 ) ) ;
#1647 = ORIENTED_EDGE ( 'NONE', *, *, #6508, .F. ) ;
#1648 = AXIS2_PLACEMENT_3D ( 'NONE', #3343, #4849, #802 ) ;
#1649 = CARTESIAN_POINT ( 'NONE',  ( 1.386129476483686895, 0.01574803149606299191, -0.3645620637580315737 ) ) ;
#1650 = CARTESIAN_POINT ( 'NONE',  ( 0.6322486846707069397, 2.134256245050205639E-18, -0.5745289608852465202 ) ) ;
#1651 = CARTESIAN_POINT ( 'NONE',  ( 0.6760351562499997691, 0.000000000000000000, -0.3518749999999999378 ) ) ;
#1652 = CARTESIAN_POINT ( 'NONE',  ( 0.8519367403287968488, 0.01574803149606298844, -0.4602416368937582436 ) ) ;
#1653 = CARTESIAN_POINT ( 'NONE',  ( 1.841806640624999991, -0.3384390870230564174, -0.4549999999999996270 ) ) ;
#1654 = ORIENTED_EDGE ( 'NONE', *, *, #821, .F. ) ;
#1655 = CARTESIAN_POINT ( 'NONE',  ( 0.9634527451739841597, 2.134256245050205639E-18, -0.3537421104536338512 ) ) ;
#1656 = CARTESIAN_POINT ( 'NONE',  ( 1.074576840955212553, 0.000000000000000000, -0.5048285622297002950 ) ) ;
#1657 = CARTESIAN_POINT ( 'NONE',  ( 0.8733496093750000577, 0.000000000000000000, -0.5516308593750000044 ) ) ;
#1658 = CARTESIAN_POINT ( 'NONE',  ( 0.9065039062499998801, 0.01574803149606299191, -0.5549999999999999378 ) ) ;
#1659 = CARTESIAN_POINT ( 'NONE',  ( 1.958669566567271314, 0.000000000000000000, -0.3908094743637777202 ) ) ;
#1660 = CARTESIAN_POINT ( 'NONE',  ( 0.9462499999999999245, -0.3384390870230564174, -0.4549999999999999045 ) ) ;
#1661 = CARTESIAN_POINT ( 'NONE',  ( 1.230602691329894416, 0.01574803149606299191, -0.3832343594982429713 ) ) ;
#1662 = CARTESIAN_POINT ( 'NONE',  ( 1.991981818166500773, 0.000000000000000000, -0.5886664441442515106 ) ) ;
#1663 = CARTESIAN_POINT ( 'NONE',  ( 2.021843089826644846, 0.000000000000000000, -0.5466887058288432133 ) ) ;
#1664 = CARTESIAN_POINT ( 'NONE',  ( 0.7588410616037855050, -2.134256245050205639E-18, -0.6003205438679221073 ) ) ;
#1665 = CARTESIAN_POINT ( 'NONE',  ( 0.9809268228616009333, 2.134256245050205639E-18, -0.5976799259556466737 ) ) ;
#1666 = LENGTH_MEASURE_WITH_UNIT ( LENGTH_MEASURE( 0.02539999999999999897 ), #3727 );
#1667 = CARTESIAN_POINT ( 'NONE',  ( 1.285144627695295139, 0.01574803149606299191, -0.5519559003030558575 ) ) ;
#1668 = EDGE_CURVE ( 'NONE', #549, #5618, #1884, .T. ) ;
#1669 = CARTESIAN_POINT ( 'NONE',  ( 1.979780693530674096, 0.01574803149606299538, -0.5799607318911658149 ) ) ;
#1670 = CARTESIAN_POINT ( 'NONE',  ( 1.898398437500000036, 0.000000000000000000, -0.3518749999999996603 ) ) ;
#1671 = EDGE_LOOP ( 'NONE', ( #3795, #2067, #3108, #324 ) ) ;
#1672 = CARTESIAN_POINT ( 'NONE',  ( 1.917246093750000213, 0.000000000000000000, -0.4019238281249996603 ) ) ;
#1673 = CARTESIAN_POINT ( 'NONE',  ( 0.8627864884149806235, 0.000000000000000000, -0.5446684758754918310 ) ) ;
#1674 = DIRECTION ( 'NONE',  ( 0.000000000000000000, 1.000000000000000000, 0.000000000000000000 ) ) ;
#1675 = CARTESIAN_POINT ( 'NONE',  ( 0.8578710937499999245, -0.3384390870230564174, -0.4626660156249999267 ) ) ;
#1676 = ORIENTED_EDGE ( 'NONE', *, *, #658, .F. ) ;
#1677 = EDGE_CURVE ( 'NONE', #5427, #5774, #1257, .T. ) ;
#1678 = CARTESIAN_POINT ( 'NONE',  ( 1.363291015624999769, 0.01574803149606299191, -0.3518749999999997713 ) ) ;
#1679 = CARTESIAN_POINT ( 'NONE',  ( 1.723727356564559665, -2.134256245050205639E-18, -0.3519476063188267667 ) ) ;
#1680 = DIRECTION ( 'NONE',  ( 0.000000000000000000, 1.000000000000000000, 0.000000000000000000 ) ) ;
#1681 = CARTESIAN_POINT ( 'NONE',  ( 0.8061553213852260535, 0.01574803149606298844, -0.4028098203996691162 ) ) ;
#1682 = CARTESIAN_POINT ( 'NONE',  ( 0.9918453977449155357, 0.01574803149606299538, -0.3564260582689733337 ) ) ;
#1683 = EDGE_LOOP ( 'NONE', ( #3061, #5845, #3764, #6056 ) ) ;
#1684 = DIRECTION ( 'NONE',  ( 0.000000000000000000, 1.000000000000000000, 0.000000000000000000 ) ) ;
#1685 = EDGE_CURVE ( 'NONE', #1443, #671, #2274, .T. ) ;
#1686 = ORIENTED_EDGE ( 'NONE', *, *, #2949, .F. ) ;
#1687 = VECTOR ( 'NONE', #203, 39.37007874015748143 ) ;
#1688 = CARTESIAN_POINT ( 'NONE',  ( 1.949605079781953965, 0.01574803149606299885, -0.4197007110229868942 ) ) ;
#1689 = CARTESIAN_POINT ( 'NONE',  ( 1.949488372268713965, 0.000000000000000000, -0.4230559367002675319 ) ) ;
#1690 = VECTOR ( 'NONE', #3023, 39.37007874015748143 ) ;
#1691 = CARTESIAN_POINT ( 'NONE',  ( 1.355124331276978733, 0.01574803149606298844, -0.3526381206075473451 ) ) ;
#1692 = LINE ( 'NONE', #3748, #2539 ) ;
#1693 = LINE ( 'NONE', #4703, #3287 ) ;
#1694 = CARTESIAN_POINT ( 'NONE',  ( 0.8233062920689425690, 0.01574803149606299538, -0.4772911540116689388 ) ) ;
#1695 = VECTOR ( 'NONE', #5005, 39.37007874015748143 ) ;
#1696 = CARTESIAN_POINT ( 'NONE',  ( 0.8556249999999999689, 0.01574803149606299885, -0.5257031249999999378 ) ) ;
#1697 = CARTESIAN_POINT ( 'NONE',  ( 0.6857827590282107311, 0.01574803149606299885, -0.3534082249312558432 ) ) ;
#1698 = CARTESIAN_POINT ( 'NONE',  ( 1.796794995144111562, -6.402768735150616918E-18, -0.5994440785934681548 ) ) ;
#1699 = CARTESIAN_POINT ( 'NONE',  ( 1.062126162326465506, 2.134256245050205639E-18, -0.3551710655532034910 ) ) ;
#1700 = CARTESIAN_POINT ( 'NONE',  ( 0.8086774015304657448, 1.067128122525102820E-17, -0.3552149494256104933 ) ) ;
#1701 = PRESENTATION_LAYER_ASSIGNMENT (  '', '', ( #1081 ) ) ;
#1702 = FILL_AREA_STYLE ('',( #4309 ) ) ;
#1703 = CARTESIAN_POINT ( 'NONE',  ( 1.961904996121838884, 0.01574803149606299191, -0.5509853900523198345 ) ) ;
#1704 = PLANE ( 'NONE',  #6085 ) ;
#1705 = CARTESIAN_POINT ( 'NONE',  ( 0.9330481830605622529, 1.067128122525102820E-17, -0.4549684884317178879 ) ) ;
#1706 = VECTOR ( 'NONE', #1369, 39.37007874015748143 ) ;
#1707 = CARTESIAN_POINT ( 'NONE',  ( 1.989414062500000080, 0.000000000000000000, -0.3638378906249996048 ) ) ;
#1708 = PLANE ( 'NONE',  #3521 ) ;
#1709 = CARTESIAN_POINT ( 'NONE',  ( 1.747785230038836568, 0.000000000000000000, -0.3651590258483829454 ) ) ;
#1710 = CARTESIAN_POINT ( 'NONE',  ( 0.7599707031249997025, -0.3384390870230564174, -0.5464062499999999822 ) ) ;
#1711 = ORIENTED_EDGE ( 'NONE', *, *, #6338, .F. ) ;
#1712 = CARTESIAN_POINT ( 'NONE',  ( 0.9100680155439685448, 2.134256245050205639E-18, -0.4500557876812212865 ) ) ;
#1713 = CARTESIAN_POINT ( 'NONE',  ( 1.580816665059306514, 0.01574803149606299538, -0.3519525788324340265 ) ) ;
#1714 = DIRECTION ( 'NONE',  ( -0.000000000000000000, 0.000000000000000000, 1.000000000000000000 ) ) ;
#1715 = CARTESIAN_POINT ( 'NONE',  ( 0.7970540585543750556, 0.000000000000000000, -0.3663989850286845651 ) ) ;
#1716 = DIRECTION ( 'NONE',  ( 0.3232552230173955654, 0.000000000000000000, -0.9463118200635421973 ) ) ;
#1717 = CARTESIAN_POINT ( 'NONE',  ( 1.056702978549527439, 0.01574803149606299191, -0.4952523578245225933 ) ) ;
#1718 = EDGE_CURVE ( 'NONE', #2245, #6079, #3472, .T. ) ;
#1719 = ORIENTED_EDGE ( 'NONE', *, *, #2253, .F. ) ;
#1720 = FACE_OUTER_BOUND ( 'NONE', #403, .T. ) ;
#1721 = CARTESIAN_POINT ( 'NONE',  ( 1.822573737908640190, 0.01574803149606298844, -0.6008886294961445218 ) ) ;
#1722 = FACE_OUTER_BOUND ( 'NONE', #85, .T. ) ;
#1723 = CARTESIAN_POINT ( 'NONE',  ( 1.230253261866797621, 0.01574803149606298844, -0.3788937890103262762 ) ) ;
#1724 = CARTESIAN_POINT ( 'NONE',  ( 2.060361328126944169, 0.01574803149606299191, -0.5018749999999733147 ) ) ;
#1725 = CARTESIAN_POINT ( 'NONE',  ( 1.756406250000000169, -0.1613455277634967266, -0.3840527343749995937 ) ) ;
#1726 = ORIENTED_EDGE ( 'NONE', *, *, #256, .F. ) ;
#1727 = CARTESIAN_POINT ( 'NONE',  ( 0.8568731551377243294, -4.268512490100411279E-18, -0.5155121165826106466 ) ) ;
#1728 = CARTESIAN_POINT ( 'NONE',  ( 0.9735502389580072968, 2.134256245050205639E-18, -0.5986446091928511182 ) ) ;
#1729 = CARTESIAN_POINT ( 'NONE',  ( 1.333749999999999769, 0.01574803149606299191, -0.3840527343749997602 ) ) ;
#1730 = CARTESIAN_POINT ( 'NONE',  ( 1.472373046875000036, 0.01574803149606299538, -0.5752148437499997602 ) ) ;
#1731 = FACE_OUTER_BOUND ( 'NONE', #4728, .T. ) ;
#1732 = PLANE ( 'NONE',  #5702 ) ;
#1733 = CARTESIAN_POINT ( 'NONE',  ( 1.953687881266021886, 2.134256245050205639E-18, -0.4513084625696556773 ) ) ;
#1734 = CARTESIAN_POINT ( 'NONE',  ( 1.601991176440966447, 0.01574803149606299191, -0.3648442380097146054 ) ) ;
#1735 =( LENGTH_UNIT ( ) NAMED_UNIT ( * ) SI_UNIT ( $, .METRE. ) );
#1736 = DIRECTION ( 'NONE',  ( 0.4905473321475661286, 0.000000000000000000, -0.8714145482621374894 ) ) ;
#1737 = ORIENTED_EDGE ( 'NONE', *, *, #825, .T. ) ;
#1738 = ORIENTED_EDGE ( 'NONE', *, *, #1993, .T. ) ;
#1739 = EDGE_CURVE ( 'NONE', #6187, #772, #2439, .T. ) ;
#1740 = CARTESIAN_POINT ( 'NONE',  ( 1.074336006113818076, 0.01574803149606298844, -0.4615158722832873317 ) ) ;
#1741 = CARTESIAN_POINT ( 'NONE',  ( 1.603996355229868387, 0.01574803149606299538, -0.3702560611866931861 ) ) ;
#1742 = CARTESIAN_POINT ( 'NONE',  ( 1.484220876722022187, 2.134256245050205639E-18, -0.5950721946915216165 ) ) ;
#1743 = CARTESIAN_POINT ( 'NONE',  ( 1.678389273624399491, 0.01574803149606299191, -0.5891419486050499810 ) ) ;
#1744 = FACE_OUTER_BOUND ( 'NONE', #2590, .T. ) ;
#1745 = CARTESIAN_POINT ( 'NONE',  ( 0.5987637090795320249, -2.134256245050205639E-18, -0.6018034355877436292 ) ) ;
#1746 = VECTOR ( 'NONE', #5633, 39.37007874015748143 ) ;
#1747 = EDGE_CURVE ( 'NONE', #4744, #4926, #3034, .T. ) ;
#1748 = EDGE_CURVE ( 'NONE', #444, #5649, #1950, .T. ) ;
#1749 = ORIENTED_EDGE ( 'NONE', *, *, #3484, .T. ) ;
#1750 = DIRECTION ( 'NONE',  ( -0.3534645099361786169, 0.000000000000000000, -0.9354479355985437783 ) ) ;
#1751 = CARTESIAN_POINT ( 'NONE',  ( 0.7742049891809907880, 0.01574803149606299538, -0.5755946444059838463 ) ) ;
#1752 = CARTESIAN_POINT ( 'NONE',  ( 1.589730761765620226, 2.134256245050205639E-18, -0.3537438756759778702 ) ) ;
#1753 = CARTESIAN_POINT ( 'NONE',  ( 1.660855051491205270, 2.134256245050205639E-18, -0.5985538056116296302 ) ) ;
#1754 = CARTESIAN_POINT ( 'NONE',  ( 1.002499999999999947, 0.000000000000000000, -0.5662304687499998268 ) ) ;
#1755 = CARTESIAN_POINT ( 'NONE',  ( 1.208410174864912756, 0.01574803149606299191, -0.5979362696720080805 ) ) ;
#1756 = CARTESIAN_POINT ( 'NONE',  ( 1.812851562500000124, 0.01574803149606299538, -0.6018749999999996048 ) ) ;
#1757 = CARTESIAN_POINT ( 'NONE',  ( 1.056117469006716547, 2.134256245050205639E-18, -0.3563988787599839392 ) ) ;
#1758 = LINE ( 'NONE', #3817, #5301 ) ;
#1759 = EDGE_CURVE ( 'NONE', #4744, #2911, #4009, .T. ) ;
#1760 = CARTESIAN_POINT ( 'NONE',  ( 1.503183593749999769, 0.01574803149606299191, -0.5987499999999996714 ) ) ;
#1761 = CARTESIAN_POINT ( 'NONE',  ( 1.682039575201084824, 0.01574803149606299538, -0.5703224049498253345 ) ) ;
#1762 = ORIENTED_EDGE ( 'NONE', *, *, #740, .F. ) ;
#1763 = CARTESIAN_POINT ( 'NONE',  ( 1.696250000000000258, 0.000000000000000000, -0.3768749999999996270 ) ) ;
#1764 = CARTESIAN_POINT ( 'NONE',  ( 1.586804590054834874, 0.01574803149606299885, -0.3527891923003674268 ) ) ;
#1765 = CARTESIAN_POINT ( 'NONE',  ( 1.549374999999999725, -0.3384390870230564174, -0.5518749999999997824 ) ) ;
#1766 = CARTESIAN_POINT ( 'NONE',  ( 1.068710937500000124, 0.01574803149606299191, -0.3987499999999997158 ) ) ;
#1767 = EDGE_LOOP ( 'NONE', ( #1429, #4514, #5148, #2512, #1868, #1117, #2267, #216, #748, #5495, #5951, #3047, #2340, #3147 ) ) ;
#1768 = CARTESIAN_POINT ( 'NONE',  ( 2.017336121140453464, 0.000000000000000000, -0.4065570058869527048 ) ) ;
#1769 = CARTESIAN_POINT ( 'NONE',  ( 1.594402831496326112, 0.01574803149606299538, -0.3563179182539749634 ) ) ;
#1770 = FACE_OUTER_BOUND ( 'NONE', #4142, .T. ) ;
#1771 = CARTESIAN_POINT ( 'NONE',  ( 0.7964724458484541136, 6.402768735150616918E-18, -0.3804545671676103358 ) ) ;
#1772 = VERTEX_POINT ( 'NONE', #2190 ) ;
#1773 = CARTESIAN_POINT ( 'NONE',  ( 2.028348625879347722, 0.01574803149606298497, -0.5504912279727025570 ) ) ;
#1774 = CARTESIAN_POINT ( 'NONE',  ( 0.7490332031249997691, 0.000000000000000000, -0.6018749999999998268 ) ) ;
#1775 = CARTESIAN_POINT ( 'NONE',  ( 1.846860167443127088, -2.134256245050205639E-18, -0.5796946418014480296 ) ) ;
#1776 = CARTESIAN_POINT ( 'NONE',  ( 2.001541966735678635, 0.000000000000000000, -0.3597019483926655603 ) ) ;
#1777 = CARTESIAN_POINT ( 'NONE',  ( 0.8389257812499998357, 0.000000000000000000, -0.5912304687499998490 ) ) ;
#1778 = CARTESIAN_POINT ( 'NONE',  ( 2.065390625000000036, -0.1613455277634967266, -0.5549999999999996048 ) ) ;
#1779 = EDGE_LOOP ( 'NONE', ( #2311, #3643, #2609, #4606 ) ) ;
#1780 = CARTESIAN_POINT ( 'NONE',  ( 1.991669293211916214, 2.134256245050205639E-18, -0.4862590044282318336 ) ) ;
#1781 = FACE_OUTER_BOUND ( 'NONE', #1062, .T. ) ;
#1782 = VECTOR ( 'NONE', #4522, 39.37007874015748143 ) ;
#1783 = ORIENTED_EDGE ( 'NONE', *, *, #1268, .T. ) ;
#1784 = CARTESIAN_POINT ( 'NONE',  ( 2.019301554475282146, 0.01574803149606299191, -0.3565826498651699095 ) ) ;
#1785 = VECTOR ( 'NONE', #6528, 39.37007874015748143 ) ;
#1786 = CARTESIAN_POINT ( 'NONE',  ( 0.8200218108931305316, 0.01574803149606299538, -0.3519616610747145491 ) ) ;
#1787 = CARTESIAN_POINT ( 'NONE',  ( 1.039658203125000124, -0.3384390870230564174, -0.3767285156249997602 ) ) ;
#1788 = DIRECTION ( 'NONE',  ( 0.000000000000000000, 1.000000000000000000, 0.000000000000000000 ) ) ;
#1789 = CARTESIAN_POINT ( 'NONE',  ( 2.149450672071529400, 0.01574803149606299885, -0.5893185044082558388 ) ) ;
#1790 = CARTESIAN_POINT ( 'NONE',  ( 0.8003365291066387721, 0.000000000000000000, -0.5422447399437928528 ) ) ;
#1791 = ADVANCED_FACE ( 'NONE', ( #1722 ), #5138, .F. ) ;
#1792 = ORIENTED_EDGE ( 'NONE', *, *, #5331, .F. ) ;
#1793 = CLOSED_SHELL ( 'NONE', ( #4635, #1089, #1076, #2124, #6257, #1800, #4474, #2606, #1947, #3312, #5069, #2403, #735 ) ) ;
#1794 = B_SPLINE_CURVE_WITH_KNOTS ( 'NONE', 3,
 ( #5524, #1004, #1557, #552, #1131, #5622, #6059, #2613, #3118, #5587, #6192, #1098 ),
 .UNSPECIFIED., .F., .F.,
 ( 4, 2, 2, 2, 2, 4 ),
 ( 0.000000000000000000, 0.0003362538951099289480, 0.0006725077902198578960, 0.001008761685329787007, 0.001176888632884752050, 0.001345015580439717093 ),
 .UNSPECIFIED. ) ;
#1795 = CARTESIAN_POINT ( 'NONE',  ( 1.363291015624999769, -0.3384390870230564174, -0.3518749999999997713 ) ) ;
#1796 = DIRECTION ( 'NONE',  ( 0.000000000000000000, 1.000000000000000000, 0.000000000000000000 ) ) ;
#1797 = CARTESIAN_POINT ( 'NONE',  ( 0.7742521216816560248, 0.01574803149606299885, -0.5802436230772850534 ) ) ;
#1798 = CARTESIAN_POINT ( 'NONE',  ( 0.9695410156249998357, 0.01574803149606299191, -0.5987499999999998934 ) ) ;
#1799 = CARTESIAN_POINT ( 'NONE',  ( 2.019150390625000124, 0.000000000000000000, -0.5161816406249996048 ) ) ;
#1800 = ADVANCED_FACE ( 'NONE', ( #3688 ), #6201, .F. ) ;
#1801 = CARTESIAN_POINT ( 'NONE',  ( 1.043515625000000169, 0.000000000000000000, -0.5769726562499998268 ) ) ;
#1802 = VERTEX_POINT ( 'NONE', #3195 ) ;
#1803 = CARTESIAN_POINT ( 'NONE',  ( 2.006280746164528672, 0.01574803149606299191, -0.4230874813009429247 ) ) ;
#1804 = CARTESIAN_POINT ( 'NONE',  ( 1.605562715287782938, 2.134256245050205639E-18, -0.3815535789347727080 ) ) ;
#1805 = CARTESIAN_POINT ( 'NONE',  ( 1.389999999999999680, -0.1613455277634967266, -0.3840527343749997602 ) ) ;
#1806 = DIRECTION ( 'NONE',  ( 0.000000000000000000, -0.000000000000000000, 1.000000000000000000 ) ) ;
#1807 = CARTESIAN_POINT ( 'NONE',  ( 1.455924268295620383, 0.01574803149606298844, -0.5552034836900111570 ) ) ;
#1808 = ORIENTED_EDGE ( 'NONE', *, *, #4479, .F. ) ;
#1809 = CARTESIAN_POINT ( 'NONE',  ( 2.059187002564436764, 0.000000000000000000, -0.5549404643962556616 ) ) ;
#1810 = CARTESIAN_POINT ( 'NONE',  ( 1.848820844853678480, -2.134256245050205639E-18, -0.5755180061211363496 ) ) ;
#1811 = CARTESIAN_POINT ( 'NONE',  ( 0.7024303476823133829, 0.01574803149606299191, -0.3815880346186683592 ) ) ;
#1812 = CARTESIAN_POINT ( 'NONE',  ( 0.6635930924006905318, 2.134256245050205639E-18, -0.3537723651518704937 ) ) ;
#1813 = VERTEX_POINT ( 'NONE', #3160 ) ;
#1814 = CARTESIAN_POINT ( 'NONE',  ( 0.8693862910303846725, 0.01574803149606299885, -0.5498609660493347651 ) ) ;
#1815 = CARTESIAN_POINT ( 'NONE',  ( 1.074576840955212553, 2.134256245050205639E-18, -0.5048285622297002950 ) ) ;
#1816 = CARTESIAN_POINT ( 'NONE',  ( 1.212713178276606296, 0.01574803149606299191, -0.5969747040623964995 ) ) ;
#1817 = CARTESIAN_POINT ( 'NONE',  ( 0.7633551266203630892, 0.000000000000000000, -0.5519369318798944546 ) ) ;
#1818 = B_SPLINE_SURFACE_WITH_KNOTS ( 'NONE', 3, 1, ( 
 ( #684, #4729 ),
 ( #6267, #5267 ),
 ( #227, #5444 ),
 ( #918, #27 ),
 ( #5085, #449 ),
 ( #1417, #4093 ),
 ( #2942, #4955 ),
 ( #4306, #2228 ),
 ( #2825, #6273 ),
 ( #5278, #4837 ),
 ( #1816, #3843 ),
 ( #1755, #1335 ),
 ( #4371, #1270 ),
 ( #3294, #1848 ),
 ( #3876, #5896 ) ),
 .UNSPECIFIED., .F., .F., .F.,
 ( 4, 1, 1, 1, 1, 1, 1, 1, 1, 1, 1, 1, 4 ),
 ( 2, 2 ),
 ( 0.000000000000000000, 0.1011998545714062891, 0.1938420283227953733, 0.2798039295171502738, 0.3590764355424031495, 0.4334232718360602754, 0.5052974630995088479, 0.5777620924404490710, 0.6525648892298815396, 0.7313034942183709308, 0.8143415965424004588, 0.9034359475467442779, 0.9999999999999998890 ),
 ( 0.000000000000000000, 1.000000000000000000 ),
 .UNSPECIFIED. ) ;
#1819 = CARTESIAN_POINT ( 'NONE',  ( 1.756406250000000169, 0.000000000000000000, -0.3840527343749995937 ) ) ;
#1820 = CARTESIAN_POINT ( 'NONE',  ( 2.138388358119382548, 0.01574803149606299191, -0.5966371049851091346 ) ) ;
#1821 = CARTESIAN_POINT ( 'NONE',  ( 1.675425524509937647, 0.01574803149606299538, -0.5581541451412856958 ) ) ;
#1822 = ADVANCED_FACE ( 'NONE', ( #2122 ), #5208, .F. ) ;
#1823 = EDGE_LOOP ( 'NONE', ( #2398, #2898, #4624, #6371 ) ) ;
#1824 = CARTESIAN_POINT ( 'NONE',  ( 1.039658203125000124, 0.01574803149606299191, -0.3767285156249997602 ) ) ;
#1825 = CARTESIAN_POINT ( 'NONE',  ( 1.000959011734201765, -2.134256245050205639E-18, -0.3705980698504995341 ) ) ;
#1826 = EDGE_CURVE ( 'NONE', #5382, #5513, #6233, .T. ) ;
#1827 = CARTESIAN_POINT ( 'NONE',  ( 1.994394531249999991, 0.01574803149606299191, -0.4849804687499996159 ) ) ;
#1828 = CARTESIAN_POINT ( 'NONE',  ( 0.7993749999999999467, 0.000000000000000000, -0.5294628906249999600 ) ) ;
#1829 = VERTEX_POINT ( 'NONE', #1173 ) ;
#1830 = EDGE_CURVE ( 'NONE', #4423, #5438, #4731, .T. ) ;
#1831 = CARTESIAN_POINT ( 'NONE',  ( 0.8403877620193919151, 0.01574803149606299191, -0.3565565033191112065 ) ) ;
#1832 = CARTESIAN_POINT ( 'NONE',  ( 2.046994547438552470, 0.01574803149606299191, -0.3988550494568484095 ) ) ;
#1833 = CARTESIAN_POINT ( 'NONE',  ( 1.489829517064337416, -2.134256245050205639E-18, -0.5533191483123864884 ) ) ;
#1834 = CARTESIAN_POINT ( 'NONE',  ( 1.668337741597659241, 0.01574803149606299191, -0.5538188605380693907 ) ) ;
#1835 = CARTESIAN_POINT ( 'NONE',  ( 1.666374392804951032, 0.01574803149606299191, -0.5973976626379204902 ) ) ;
#1836 = ORIENTED_EDGE ( 'NONE', *, *, #1482, .F. ) ;
#1837 = CARTESIAN_POINT ( 'NONE',  ( 2.015262048961480090, 0.000000000000000000, -0.5328989956346774637 ) ) ;
#1838 = ORIENTED_EDGE ( 'NONE', *, *, #1564, .T. ) ;
#1839 = FACE_OUTER_BOUND ( 'NONE', #2901, .T. ) ;
#1840 = CARTESIAN_POINT ( 'NONE',  ( 1.213155234260911319, 0.01574803149606299191, -0.3568643231123033166 ) ) ;
#1841 = CARTESIAN_POINT ( 'NONE',  ( 2.015595855502556155, 0.01574803149606299191, -0.3569713795882448193 ) ) ;
#1842 = CARTESIAN_POINT ( 'NONE',  ( 1.924284363024636901, 2.134256245050205639E-18, -0.3749424317752865221 ) ) ;
#1843 = VERTEX_POINT ( 'NONE', #198 ) ;
#1844 = CARTESIAN_POINT ( 'NONE',  ( 1.062151284031599863, 0.000000000000000000, -0.3985956711228215710 ) ) ;
#1845 = CARTESIAN_POINT ( 'NONE',  ( 0.9462499999999999245, -0.1613455277634967266, -0.3836132812499999378 ) ) ;
#1846 = DIMENSIONAL_EXPONENTS ( 1.000000000000000000, 0.000000000000000000, 0.000000000000000000, 0.000000000000000000, 0.000000000000000000, 0.000000000000000000, 0.000000000000000000 ) ;
#1847 = VECTOR ( 'NONE', #3889, 39.37007874015748143 ) ;
#1848 = CARTESIAN_POINT ( 'NONE',  ( 1.200485266178740629, 2.134256245050205639E-18, -0.5987276526255426168 ) ) ;
#1849 = CARTESIAN_POINT ( 'NONE',  ( 1.950842217940071288, 2.134256245050205639E-18, -0.4420132643240946568 ) ) ;
#1850 = CARTESIAN_POINT ( 'NONE',  ( 1.002499999999999947, 1.067128122525102820E-17, -0.5662304687499998268 ) ) ;
#1851 = FACE_OUTER_BOUND ( 'NONE', #2511, .T. ) ;
#1852 = CARTESIAN_POINT ( 'NONE',  ( 0.6137474241840574773, 0.01574803149606298844, -0.5985144480404126499 ) ) ;
#1853 = CARTESIAN_POINT ( 'NONE',  ( 1.696591257957378307, 0.01574803149606299191, -0.3724952041845813744 ) ) ;
#1854 = ORIENTED_EDGE ( 'NONE', *, *, #6185, .F. ) ;
#1855 = CARTESIAN_POINT ( 'NONE',  ( 0.8557770855074384730, 0.01574803149606299191, -0.5204076692650108082 ) ) ;
#1856 = LINE ( 'NONE', #3885, #2748 ) ;
#1857 = VERTEX_POINT ( 'NONE', #2687 ) ;
#1858 = CARTESIAN_POINT ( 'NONE',  ( 0.7134863281249997913, 0.01574803149606299538, -0.5724804687499998046 ) ) ;
#1859 = DIRECTION ( 'NONE',  ( 0.000000000000000000, 1.000000000000000000, 0.000000000000000000 ) ) ;
#1860 = CARTESIAN_POINT ( 'NONE',  ( 1.056194950828385881, 2.134256245050205639E-18, -0.3972871012682618885 ) ) ;
#1861 = VERTEX_POINT ( 'NONE', #1629 ) ;
#1862 = CARTESIAN_POINT ( 'NONE',  ( 1.439267578124999725, 0.01574803149606299191, -0.5987499999999996714 ) ) ;
#1863 = CARTESIAN_POINT ( 'NONE',  ( 0.6473145662783629239, 0.01574803149606299191, -0.3737440042002181939 ) ) ;
#1864 = CARTESIAN_POINT ( 'NONE',  ( 2.127212385980685294, 2.134256245050205639E-18, -0.3551053176900343389 ) ) ;
#1865 = CARTESIAN_POINT ( 'NONE',  ( 1.866123046875000080, -0.1613455277634967266, -0.3834667968749996825 ) ) ;
#1866 = CARTESIAN_POINT ( 'NONE',  ( 1.696765627192600379, 0.000000000000000000, -0.3816033850089007307 ) ) ;
#1867 = CARTESIAN_POINT ( 'NONE',  ( 1.230625000000000302, 0.01574803149606299191, -0.5661328124999996936 ) ) ;
#1868 = ORIENTED_EDGE ( 'NONE', *, *, #1475, .T. ) ;
#1869 = CARTESIAN_POINT ( 'NONE',  ( 0.5733007812499998357, 0.01574803149606299538, -0.5793164062499999156 ) ) ;
#1870 = VERTEX_POINT ( 'NONE', #656 ) ;
#1871 = B_SPLINE_SURFACE_WITH_KNOTS ( 'NONE', 3, 1, ( 
 ( #5176, #595 ),
 ( #2563, #2050 ),
 ( #626, #1018 ),
 ( #2658, #4671 ),
 ( #44, #3036 ),
 ( #4011, #4578 ),
 ( #4081, #1570 ),
 ( #6301, #3325 ),
 ( #2784, #6339 ),
 ( #2159, #3198 ),
 ( #4734, #2690 ),
 ( #1694, #3721 ),
 ( #5730, #2225 ),
 ( #4241, #3593 ),
 ( #1010, #3028 ),
 ( #3123, #4074 ),
 ( #3625, #4109 ),
 ( #2556, #5132 ),
 ( #1498, #2112 ) ),
 .UNSPECIFIED., .F., .F., .F.,
 ( 4, 1, 1, 1, 1, 1, 1, 1, 1, 1, 1, 1, 1, 1, 1, 1, 4 ),
 ( 2, 2 ),
 ( 0.000000000000000000, 0.06822002337388605175, 0.1333207290133358314, 0.1962387521197450080, 0.2568334298122399439, 0.3164097776181296062, 0.3751514822731095711, 0.4336832031425895684, 0.4924783550313933667, 0.5516738842116857278, 0.6114292194161188299, 0.6715095706841773815, 0.7332503971105654994, 0.7964831417694853144, 0.8615529610565205720, 0.9295885657772455790, 1.000000000000000000 ),
 ( 0.000000000000000000, 1.000000000000000000 ),
 .UNSPECIFIED. ) ;
#1872 = CARTESIAN_POINT ( 'NONE',  ( 0.6462499999999998801, -1.365923996832131609E-16, -0.4587109374999998601 ) ) ;
#1873 = DIRECTION ( 'NONE',  ( 0.3754391513987897500, 0.000000000000000000, -0.9268470443373905132 ) ) ;
#1874 = CARTESIAN_POINT ( 'NONE',  ( 0.7742552463041310062, -2.134256245050205639E-18, -0.5801756533029216456 ) ) ;
#1875 = B_SPLINE_CURVE_WITH_KNOTS ( 'NONE', 3,
 ( #3615, #4561, #82, #2605, #2097, #1645, #4158, #2576, #1614, #3548, #3646 ),
 .UNSPECIFIED., .F., .F.,
 ( 4, 1, 1, 1, 1, 1, 1, 1, 4 ),
 ( 0.000000000000000000, 0.1227376860746379750, 0.2373329876634479030, 0.3484010399655439461, 0.4613864666677265358, 0.5788606402899367787, 0.7039865331496772960, 0.8438802504399337545, 1.000000000000000000 ),
 .UNSPECIFIED. ) ;
#1876 = CARTESIAN_POINT ( 'NONE',  ( 2.008293254178010301, 0.000000000000000000, -0.3581009708280760151 ) ) ;
#1877 = CARTESIAN_POINT ( 'NONE',  ( 1.924375000000000169, 0.01574803149606298844, -0.3765332031249996048 ) ) ;
#1878 = ORIENTED_EDGE ( 'NONE', *, *, #2030, .F. ) ;
#1879 = B_SPLINE_SURFACE_WITH_KNOTS ( 'NONE', 3, 1, ( 
 ( #5593, #3125 ),
 ( #2651, #10 ),
 ( #4046, #6065 ),
 ( #5566, #1532 ),
 ( #6165, #3563 ),
 ( #1042, #5660 ),
 ( #1074, #98 ),
 ( #1627, #1137 ),
 ( #2589, #3628 ),
 ( #5134, #4169 ),
 ( #3060, #1657 ) ),
 .UNSPECIFIED., .F., .F., .F.,
 ( 4, 1, 1, 1, 1, 1, 1, 1, 4 ),
 ( 2, 2 ),
 ( 0.000000000000000000, 0.1779984056713335150, 0.3414598971600063537, 0.4890740656566844313, 0.6207765149748576405, 0.7369536251390272907, 0.8391325194267686971, 0.9261821017908812292, 1.000000000000000000 ),
 ( 0.000000000000000000, 1.000000000000000000 ),
 .UNSPECIFIED. ) ;
#1880 = CARTESIAN_POINT ( 'NONE',  ( 1.551097732509532090, -2.134256245050205639E-18, -0.3706935277141287233 ) ) ;
#1881 = LINE ( 'NONE', #2920, #3821 ) ;
#1882 = ORIENTED_EDGE ( 'NONE', *, *, #3509, .T. ) ;
#1883 = CARTESIAN_POINT ( 'NONE',  ( 1.775570675877474525, 0.01574803149606299538, -0.5797268948111312659 ) ) ;
#1884 = LINE ( 'NONE', #5432, #5061 ) ;
#1885 = CARTESIAN_POINT ( 'NONE',  ( 0.7611449811387246411, 0.000000000000000000, -0.5483252055152786353 ) ) ;
#1886 = PLANE ( 'NONE',  #114 ) ;
#1887 = CARTESIAN_POINT ( 'NONE',  ( 1.174375000000000169, -0.3384390870230564174, -0.5549999999999997158 ) ) ;
#1888 = CARTESIAN_POINT ( 'NONE',  ( 2.140611979984292201, -2.134256245050205639E-18, -0.5957845437337579986 ) ) ;
#1889 = ORIENTED_EDGE ( 'NONE', *, *, #2987, .T. ) ;
#1890 = VECTOR ( 'NONE', #4200, 39.37007874015748143 ) ;
#1891 = CARTESIAN_POINT ( 'NONE',  ( 0.8733496093750000577, 0.000000000000000000, -0.5516308593750000044 ) ) ;
#1892 = LINE ( 'NONE', #5941, #5803 ) ;
#1893 = VECTOR ( 'NONE', #1108, 39.37007874015748143 ) ;
#1894 = VERTEX_POINT ( 'NONE', #4669 ) ;
#1895 = CARTESIAN_POINT ( 'NONE',  ( 0.7328505355897714235, 2.134256245050205639E-18, -0.5983371451367676119 ) ) ;
#1896 = CARTESIAN_POINT ( 'NONE',  ( 1.917246093750000213, 0.000000000000000000, -0.4019238281249996603 ) ) ;
#1897 = B_SPLINE_CURVE_WITH_KNOTS ( 'NONE', 3,
 ( #800, #3853, #2242, #6286, #1734, #5806, #6319, #1247, #1764, #1281, #3373, #3274 ),
 .UNSPECIFIED., .F., .F.,
 ( 4, 2, 2, 2, 2, 4 ),
 ( 0.000000000000000000, 0.0002977444625879545012, 0.0005954889251759090023, 0.0008932333877638635577, 0.001042105619057849021, 0.001190977850351834485 ),
 .UNSPECIFIED. ) ;
#1898 = CARTESIAN_POINT ( 'NONE',  ( 0.8403877620193919151, -2.134256245050205639E-18, -0.3565565033191112065 ) ) ;
#1899 = CARTESIAN_POINT ( 'NONE',  ( 0.6658789516911789441, 0.01574803149606299885, -0.3531365198921874171 ) ) ;
#1900 = CARTESIAN_POINT ( 'NONE',  ( 2.155381272625661815, 2.134256245050205639E-18, -0.3801147199274035882 ) ) ;
#1901 = CARTESIAN_POINT ( 'NONE',  ( 1.549374999999999725, -0.1613455277634967266, -0.3840527343749997602 ) ) ;
#1902 = CARTESIAN_POINT ( 'NONE',  ( 1.333749999999999769, 2.134256245050205639E-18, -0.3840527343749997602 ) ) ;
#1903 = ORIENTED_EDGE ( 'NONE', *, *, #533, .F. ) ;
#1904 = CARTESIAN_POINT ( 'NONE',  ( 1.221042666609635896, 0.000000000000000000, -0.3609521127092621406 ) ) ;
#1905 = AXIS2_PLACEMENT_3D ( 'NONE', #538, #632, #695 ) ;
#1906 = VERTEX_POINT ( 'NONE', #2656 ) ;
#1907 = EDGE_CURVE ( 'NONE', #2208, #3988, #4322, .T. ) ;
#1908 = CARTESIAN_POINT ( 'NONE',  ( 2.123154296875000124, 0.000000000000000000, -0.5987499999999995604 ) ) ;
#1909 = CARTESIAN_POINT ( 'NONE',  ( 1.206495198036625194, 4.268512490100411279E-18, -0.3554148888787587723 ) ) ;
#1910 = CARTESIAN_POINT ( 'NONE',  ( 1.566514956392551339, 0.000000000000000000, -0.3537862860718630764 ) ) ;
#1911 = CARTESIAN_POINT ( 'NONE',  ( 1.549374999999999725, 0.000000000000000000, -0.3840527343749997602 ) ) ;
#1912 = ORIENTED_EDGE ( 'NONE', *, *, #1268, .F. ) ;
#1913 = LINE ( 'NONE', #4508, #5810 ) ;
#1914 = ADVANCED_FACE ( 'NONE', ( #593 ), #813, .F. ) ;
#1915 = CARTESIAN_POINT ( 'NONE',  ( 1.068710937500000124, 0.01574803149606298844, -0.3987499999999997158 ) ) ;
#1916 = CARTESIAN_POINT ( 'NONE',  ( 2.016125547921755690, 0.000000000000000000, -0.5224537783426569382 ) ) ;
#1917 = EDGE_CURVE ( 'NONE', #58, #1995, #2719, .T. ) ;
#1918 = CARTESIAN_POINT ( 'NONE',  ( 0.8031137021850512925, 0.000000000000000000, -0.5048465726402794340 ) ) ;
#1919 = CARTESIAN_POINT ( 'NONE',  ( 1.771096072426270984, -6.402768735150616918E-18, -0.5696252024772485711 ) ) ;
#1920 = CARTESIAN_POINT ( 'NONE',  ( 0.8560246158774318381, 0.01574803149606299538, -0.3760019320478117932 ) ) ;
#1921 = CARTESIAN_POINT ( 'NONE',  ( 1.000561354185572238, 1.067128122525102820E-17, -0.5807459632176819042 ) ) ;
#1922 = DIRECTION ( 'NONE',  ( 0.000000000000000000, 1.000000000000000000, 0.000000000000000000 ) ) ;
#1923 = FACE_OUTER_BOUND ( 'NONE', #3286, .T. ) ;
#1924 = CARTESIAN_POINT ( 'NONE',  ( 0.5733007812499998357, 0.01574803149606299191, -0.5793164062499999156 ) ) ;
#1925 = CARTESIAN_POINT ( 'NONE',  ( 1.704414737428684656, 2.134256245050205639E-18, -0.3599252507173374971 ) ) ;
#1926 = VERTEX_POINT ( 'NONE', #4365 ) ;
#1927 = CARTESIAN_POINT ( 'NONE',  ( 0.8733960098102337977, 1.067128122525102820E-17, -0.4999697168267204228 ) ) ;
#1928 = DIRECTION ( 'NONE',  ( -0.5182131407290758718, 0.000000000000000000, 0.8552515073215054553 ) ) ;
#1929 = CARTESIAN_POINT ( 'NONE',  ( 2.045664062500000213, -0.1613455277634967266, -0.5987499999999995604 ) ) ;
#1930 = ORIENTED_EDGE ( 'NONE', *, *, #6425, .F. ) ;
#1931 = B_SPLINE_SURFACE_WITH_KNOTS ( 'NONE', 3, 1, ( 
 ( #1466, #5532 ),
 ( #2486, #861 ),
 ( #3909, #402 ),
 ( #937, #1916 ),
 ( #2355, #2424 ),
 ( #5429, #3432 ),
 ( #3874, #4369 ) ),
 .UNSPECIFIED., .F., .F., .F.,
 ( 4, 1, 1, 1, 4 ),
 ( 2, 2 ),
 ( 0.000000000000000000, 0.2530917773079547350, 0.4980605734275797003, 0.7455514123253982328, 1.000000000000000000 ),
 ( 0.000000000000000000, 1.000000000000000000 ),
 .UNSPECIFIED. ) ;
#1932 = CARTESIAN_POINT ( 'NONE',  ( 0.6510370094682796926, 0.01574803149606299885, -0.3640129873816886907 ) ) ;
#1933 = CARTESIAN_POINT ( 'NONE',  ( 1.923349134623797863, 0.01574803149606299538, -0.3852712924438899678 ) ) ;
#1934 = DIRECTION ( 'NONE',  ( 0.000000000000000000, 1.000000000000000000, 0.000000000000000000 ) ) ;
#1935 = LINE ( 'NONE', #5449, #11 ) ;
#1936 = ORIENTED_EDGE ( 'NONE', *, *, #2894, .F. ) ;
#1937 = EDGE_LOOP ( 'NONE', ( #1551, #2153, #3418, #4850 ) ) ;
#1938 = ADVANCED_FACE ( 'NONE', ( #5333 ), #5476, .F. ) ;
#1939 = LINE ( 'NONE', #5958, #1172 ) ;
#1940 = CARTESIAN_POINT ( 'NONE',  ( 1.198789062500000169, 4.268512490100411279E-18, -0.3549999999999997602 ) ) ;
#1941 = DIRECTION ( 'NONE',  ( -0.000000000000000000, 1.000000000000000000, -0.000000000000000000 ) ) ;
#1942 = CARTESIAN_POINT ( 'NONE',  ( 0.6695924380459987724, 2.134256245050205639E-18, -0.3521509325617980246 ) ) ;
#1943 = ORIENTED_EDGE ( 'NONE', *, *, #2778, .F. ) ;
#1944 = EDGE_CURVE ( 'NONE', #671, #3800, #3203, .T. ) ;
#1945 = DIRECTION ( 'NONE',  ( 0.000000000000000000, 1.000000000000000000, 0.000000000000000000 ) ) ;
#1946 = CARTESIAN_POINT ( 'NONE',  ( 1.999099267463368301, 0.01574803149606298844, -0.3603753996774474722 ) ) ;
#1947 = ADVANCED_FACE ( 'NONE', ( #362 ), #2470, .F. ) ;
#1948 = DIRECTION ( 'NONE',  ( 0.000000000000000000, 0.000000000000000000, 1.000000000000000000 ) ) ;
#1949 = CARTESIAN_POINT ( 'NONE',  ( 1.378416093305665724, 0.01574803149606298497, -0.3559369822546414319 ) ) ;
#1950 = B_SPLINE_CURVE_WITH_KNOTS ( 'NONE', 3,
 ( #6002, #1568, #1078, #2016, #3096, #5011, #6509, #2526, #1468, #5107, #6479, #6068, #466, #5969, #2490, #3566, #4515, #1436, #1984 ),
 .UNSPECIFIED., .F., .F.,
 ( 4, 1, 1, 1, 1, 1, 1, 1, 1, 1, 1, 1, 1, 1, 1, 1, 4 ),
 ( 0.000000000000000000, 0.06827479163805660889, 0.1337441002224778464, 0.1974434849903872191, 0.2586226457295796033, 0.3179633780665875875, 0.3768520796221920266, 0.4341305875379015689, 0.4922740532375968758, 0.5497627582190112161, 0.6083481683081586322, 0.6684872075161918392, 0.7298269159292016806, 0.7934563461947025109, 0.8593888601501942226, 0.9279484421046767517, 1.000000000000000000 ),
 .UNSPECIFIED. ) ;
#1951 = CARTESIAN_POINT ( 'NONE',  ( 1.782027422911111936, -6.402768735150616918E-18, -0.5892853783513849475 ) ) ;
#1952 = AXIS2_PLACEMENT_3D ( 'NONE', #5575, #1544, #1637 ) ;
#1953 = CARTESIAN_POINT ( 'NONE',  ( 0.8326609526472272815, 0.01574803149606299191, -0.3528453174790232572 ) ) ;
#1954 = CARTESIAN_POINT ( 'NONE',  ( 0.9923775583886399465, 1.067128122525102820E-17, -0.5928005526727820884 ) ) ;
#1955 = DIRECTION ( 'NONE',  ( -0.000000000000000000, 0.000000000000000000, 1.000000000000000000 ) ) ;
#1956 = DIRECTION ( 'NONE',  ( -0.000000000000000000, 1.000000000000000000, -0.000000000000000000 ) ) ;
#1957 = VECTOR ( 'NONE', #477, 39.37007874015748143 ) ;
#1958 = CARTESIAN_POINT ( 'NONE',  ( 1.700881053803499521, 0.01574803149606299191, -0.3639637570138780087 ) ) ;
#1959 = ORIENTED_EDGE ( 'NONE', *, *, #2286, .F. ) ;
#1960 = CARTESIAN_POINT ( 'NONE',  ( 1.768426740258205010, 0.01574803149606298844, -0.5627827066077734086 ) ) ;
#1961 = CARTESIAN_POINT ( 'NONE',  ( 1.841806640624999991, 0.01574803149606299191, -0.4549999999999996270 ) ) ;
#1962 = EDGE_CURVE ( 'NONE', #2886, #99, #2040, .T. ) ;
#1963 = ORIENTED_EDGE ( 'NONE', *, *, #4259, .T. ) ;
#1964 = CARTESIAN_POINT ( 'NONE',  ( 0.7429746180520723220, 2.134256245050205639E-18, -0.6016622449294780628 ) ) ;
#1965 = ADVANCED_FACE ( 'NONE', ( #1427 ), #1470, .F. ) ;
#1966 = CARTESIAN_POINT ( 'NONE',  ( 1.570749331276977800, 0.01574803149606299885, -0.3526381206075470676 ) ) ;
#1967 = B_SPLINE_SURFACE_WITH_KNOTS ( 'NONE', 3, 1, ( 
 ( #5739, #4741 ),
 ( #2330, #207 ),
 ( #1339, #1241 ),
 ( #5283, #3847 ),
 ( #728, #4775 ),
 ( #4216, #3368 ),
 ( #239, #6312 ),
 ( #3787, #3300 ),
 ( #2295, #4312 ),
 ( #2860, #4416 ),
 ( #3536, #905 ),
 ( #5504, #6005 ),
 ( #4906, #6482 ) ),
 .UNSPECIFIED., .F., .F., .F.,
 ( 4, 1, 1, 1, 1, 1, 1, 1, 1, 1, 4 ),
 ( 2, 2 ),
 ( 0.000000000000000000, 0.1549279365243248219, 0.2862814253179071788, 0.4038509163743136399, 0.5220041373664416895, 0.6369987327829325086, 0.7507856361623140851, 0.8080983667690785355, 0.8679110618459845439, 0.9317304377842668961, 1.000000000000000000 ),
 ( 0.000000000000000000, 1.000000000000000000 ),
 .UNSPECIFIED. ) ;
#1968 = CARTESIAN_POINT ( 'NONE',  ( 0.8578710937500000355, 0.01574803149606299538, -0.4626660156249999822 ) ) ;
#1969 = CARTESIAN_POINT ( 'NONE',  ( 1.877883244079133984, -4.268512490100411279E-18, -0.3593442254410273429 ) ) ;
#1970 = CARTESIAN_POINT ( 'NONE',  ( 1.679002715255140776, 0.01574803149606298844, -0.5621810034287918478 ) ) ;
#1971 = CARTESIAN_POINT ( 'NONE',  ( 1.198789062500000169, 0.000000000000000000, -0.5987499999999996714 ) ) ;
#1972 = CARTESIAN_POINT ( 'NONE',  ( 1.039658203125000124, 0.01574803149606299191, -0.3767285156249997602 ) ) ;
#1973 = VERTEX_POINT ( 'NONE', #2007 ) ;
#1974 = VERTEX_POINT ( 'NONE', #4967 ) ;
#1975 = CARTESIAN_POINT ( 'NONE',  ( 0.8001318728615457454, 0.01574803149606299885, -0.3615419072233995168 ) ) ;
#1976 = CARTESIAN_POINT ( 'NONE',  ( 1.224875781725351054, 0.01574803149606299191, -0.3649642970146215193 ) ) ;
#1977 = CARTESIAN_POINT ( 'NONE',  ( 1.572469867068216232, 0.01574803149606299538, -0.3521447688439878210 ) ) ;
#1978 = CARTESIAN_POINT ( 'NONE',  ( 1.960208304322546891, 0.01574803149606299538, -0.5333931446584362357 ) ) ;
#1979 = DIRECTION ( 'NONE',  ( 1.000000000000000000, 0.000000000000000000, 0.000000000000000000 ) ) ;
#1980 = CARTESIAN_POINT ( 'NONE',  ( 1.766953125000000346, -0.3384390870230564174, -0.4112499999999996159 ) ) ;
#1981 = CARTESIAN_POINT ( 'NONE',  ( 0.7743261718749997469, -0.3384390870230564174, -0.5786328124999998712 ) ) ;
#1982 = CARTESIAN_POINT ( 'NONE',  ( 1.285093619490622174, -2.134256245050205639E-18, -0.5986797455209706964 ) ) ;
#1983 = DIMENSIONAL_EXPONENTS ( 1.000000000000000000, 0.000000000000000000, 0.000000000000000000, 0.000000000000000000, 0.000000000000000000, 0.000000000000000000, 0.000000000000000000 ) ;
#1984 = CARTESIAN_POINT ( 'NONE',  ( 1.994394531249999991, 0.000000000000000000, -0.4849804687499996159 ) ) ;
#1985 = CARTESIAN_POINT ( 'NONE',  ( 1.065574502752657526, 0.01574803149606299885, -0.5985302951563707952 ) ) ;
#1986 = DIRECTION ( 'NONE',  ( -0.000000000000000000, 1.000000000000000000, -0.000000000000000000 ) ) ;
#1987 = CARTESIAN_POINT ( 'NONE',  ( 2.042766530776417788, 0.000000000000000000, -0.5987218601819948027 ) ) ;
#1988 = FACE_OUTER_BOUND ( 'NONE', #4590, .T. ) ;
#1989 = CARTESIAN_POINT ( 'NONE',  ( 1.841806640624999991, 0.000000000000000000, -0.4549999999999996270 ) ) ;
#1990 = CARTESIAN_POINT ( 'NONE',  ( 0.8438159775800561091, 0.000000000000000000, -0.5933618484374304503 ) ) ;
#1991 = ORIENTED_EDGE ( 'NONE', *, *, #2532, .F. ) ;
#1992 = CARTESIAN_POINT ( 'NONE',  ( 0.7178523465184273311, 2.134256245050205639E-18, -0.5795448060382732969 ) ) ;
#1993 = EDGE_CURVE ( 'NONE', #6562, #6561, #457, .T. ) ;
#1994 = FACE_OUTER_BOUND ( 'NONE', #4264, .T. ) ;
#1995 = VERTEX_POINT ( 'NONE', #3557 ) ;
#1996 = VECTOR ( 'NONE', #5904, 39.37007874015748143 ) ;
#1997 = VECTOR ( 'NONE', #6191, 39.37007874015748143 ) ;
#1998 = CARTESIAN_POINT ( 'NONE',  ( 2.099375000000000213, 0.01574803149606299191, -0.5018749999999996270 ) ) ;
#1999 = CARTESIAN_POINT ( 'NONE',  ( 1.881494673059509459, -4.268512490100411279E-18, -0.3557998707307686859 ) ) ;
#2000 = EDGE_CURVE ( 'NONE', #5583, #5713, #429, .T. ) ;
#2001 = VECTOR ( 'NONE', #2069, 39.37007874015748143 ) ;
#2002 = CARTESIAN_POINT ( 'NONE',  ( 1.046298426396046199, 0.01574803149606299885, -0.3919727562892087458 ) ) ;
#2003 = ORIENTED_EDGE ( 'NONE', *, *, #1552, .T. ) ;
#2004 = ORIENTED_EDGE ( 'NONE', *, *, #3020, .F. ) ;
#2005 = CARTESIAN_POINT ( 'NONE',  ( 0.6463272804300682628, 0.01574803149606299885, -0.3817313919349539231 ) ) ;
#2006 = VECTOR ( 'NONE', #1561, 39.37007874015748143 ) ;
#2007 = CARTESIAN_POINT ( 'NONE',  ( 1.811679687500000302, 0.000000000000000000, -0.5456249999999995826 ) ) ;
#2008 = CARTESIAN_POINT ( 'NONE',  ( 1.002499999999999947, 0.01574803149606299191, -0.5662304687499998268 ) ) ;
#2009 = DIRECTION ( 'NONE',  ( 0.000000000000000000, 1.000000000000000000, 0.000000000000000000 ) ) ;
#2010 = CARTESIAN_POINT ( 'NONE',  ( 0.7980527421577743308, -2.134256245050205639E-18, -0.3849350045922541041 ) ) ;
#2011 = CARTESIAN_POINT ( 'NONE',  ( 1.198789062500000169, 0.01574803149606299191, -0.3549999999999997602 ) ) ;
#2012 = CARTESIAN_POINT ( 'NONE',  ( 1.772922235427479176, 2.134256245050205639E-18, -0.5741973516797700405 ) ) ;
#2013 = CARTESIAN_POINT ( 'NONE',  ( 2.015544412448634137, 0.01574803149606299538, -0.5247127341767779951 ) ) ;
#2014 = ORIENTED_EDGE ( 'NONE', *, *, #6342, .T. ) ;
#2015 = VECTOR ( 'NONE', #6250, 39.37007874015748143 ) ;
#2016 = CARTESIAN_POINT ( 'NONE',  ( 1.949985377181279622, 0.000000000000000000, -0.4369925174068654550 ) ) ;
#2017 = CARTESIAN_POINT ( 'NONE',  ( 1.072421875000000302, 2.134256245050205639E-18, -0.5549999999999998268 ) ) ;
#2018 = LINE ( 'NONE', #6173, #1226 ) ;
#2019 = CARTESIAN_POINT ( 'NONE',  ( 1.766953125000000346, -1.365923996832131609E-16, -0.4112499999999996159 ) ) ;
#2020 = ADVANCED_FACE ( 'NONE', ( #520 ), #5493, .F. ) ;
#2021 = CARTESIAN_POINT ( 'NONE',  ( 0.8079574597351137921, 0.000000000000000000, -0.4943480671812497951 ) ) ;
#2022 = CARTESIAN_POINT ( 'NONE',  ( 0.000000000000000000, 0.000000000000000000, 0.000000000000000000 ) ) ;
#2023 = B_SPLINE_SURFACE_WITH_KNOTS ( 'NONE', 3, 1, ( 
 ( #5916, #1902 ),
 ( #347, #4386 ),
 ( #2814, #29 ),
 ( #2096, #2137 ),
 ( #604, #2632 ),
 ( #1581, #2575 ),
 ( #3645, #4620 ),
 ( #2031, #3212 ),
 ( #1613, #4189 ),
 ( #3614, #5710 ),
 ( #5149, #4063 ) ),
 .UNSPECIFIED., .F., .F., .F.,
 ( 4, 1, 1, 1, 1, 1, 1, 1, 4 ),
 ( 2, 2 ),
 ( 0.000000000000000000, 0.1443286686721435008, 0.2759097428990065493, 0.3964775567162263648, 0.5136537139577205258, 0.6289765551232102681, 0.7436735563613431355, 0.8664160992359852820, 0.9999999999999998890 ),
 ( 0.000000000000000000, 1.000000000000000000 ),
 .UNSPECIFIED. ) ;
#2024 = CARTESIAN_POINT ( 'NONE',  ( 0.8904394531249999467, 0.01574803149606299191, -0.5987499999999998934 ) ) ;
#2025 = CARTESIAN_POINT ( 'NONE',  ( 0.8101814822793533821, 0.01574803149606300232, -0.4908463620911064917 ) ) ;
#2026 = FACE_OUTER_BOUND ( 'NONE', #5594, .T. ) ;
#2027 = EDGE_CURVE ( 'NONE', #2094, #4557, #1063, .T. ) ;
#2028 = CARTESIAN_POINT ( 'NONE',  ( 1.549374999999999725, 0.01574803149606299191, -0.3840527343749997602 ) ) ;
#2029 = ORIENTED_EDGE ( 'NONE', *, *, #6508, .T. ) ;
#2030 = EDGE_CURVE ( 'NONE', #610, #6080, #4688, .T. ) ;
#2031 = CARTESIAN_POINT ( 'NONE',  ( 1.350889956392551827, 0.01574803149606298844, -0.3537862860718630764 ) ) ;
#2032 = CARTESIAN_POINT ( 'NONE',  ( 1.994394531249999991, 0.01574803149606299191, -0.4849804687499996159 ) ) ;
#2033 = EDGE_CURVE ( 'NONE', #364, #5661, #5654, .T. ) ;
#2034 = CARTESIAN_POINT ( 'NONE',  ( 0.6462499999999998801, 0.01574803149606299191, -0.3841015624999998823 ) ) ;
#2035 = ORIENTED_EDGE ( 'NONE', *, *, #674, .F. ) ;
#2036 = ORIENTED_EDGE ( 'NONE', *, *, #4743, .T. ) ;
#2037 = B_SPLINE_SURFACE_WITH_KNOTS ( 'NONE', 3, 1, ( 
 ( #3181, #4692 ),
 ( #152, #2550 ),
 ( #2180, #1065 ),
 ( #4566, #3083 ),
 ( #5095, #551 ),
 ( #709, #1221 ),
 ( #220, #4822 ),
 ( #2344, #5782 ),
 ( #6291, #3797 ),
 ( #4721, #1252 ),
 ( #2247, #318 ) ),
 .UNSPECIFIED., .F., .F., .F.,
 ( 4, 1, 1, 1, 1, 1, 1, 1, 4 ),
 ( 2, 2 ),
 ( 0.000000000000000000, 0.1561197495600662177, 0.2960134668503227040, 0.4211393597100632213, 0.5386135333322734642, 0.6515989600344560539, 0.7626670123365520970, 0.8772623139253620250, 1.000000000000000000 ),
 ( 0.000000000000000000, 1.000000000000000000 ),
 .UNSPECIFIED. ) ;
#2038 = CARTESIAN_POINT ( 'NONE',  ( 2.032504741862437125, 0.01574803149606299191, -0.4594166640907744181 ) ) ;
#2039 = CARTESIAN_POINT ( 'NONE',  ( 2.007128395276216892, 0.01574803149606299538, -0.4197649241534099906 ) ) ;
#2040 = LINE ( 'NONE', #5960, #1690 ) ;
#2041 = CARTESIAN_POINT ( 'NONE',  ( 0.8556249999999999689, 0.01574803149606299885, -0.5257031249999999378 ) ) ;
#2042 = CARTESIAN_POINT ( 'NONE',  ( 1.917246093750000213, -0.1613455277634967266, -0.4019238281249996603 ) ) ;
#2043 = LINE ( 'NONE', #8, #1183 ) ;
#2044 = DIRECTION ( 'NONE',  ( 0.3665245183824903386, 0.000000000000000000, 0.9304083928170915341 ) ) ;
#2045 =( NAMED_UNIT ( * ) SI_UNIT ( $, .STERADIAN. ) SOLID_ANGLE_UNIT ( ) );
#2046 = ORIENTED_EDGE ( 'NONE', *, *, #5836, .F. ) ;
#2047 = PRESENTATION_STYLE_ASSIGNMENT (( #4112 ) ) ;
#2048 = CARTESIAN_POINT ( 'NONE',  ( 0.8931138759101562297, 0.01574803149606299538, -0.4346338004685420531 ) ) ;
#2049 = CARTESIAN_POINT ( 'NONE',  ( 0.7664263473390584558, 0.01574803149606299538, -0.5570386244605705084 ) ) ;
#2050 = CARTESIAN_POINT ( 'NONE',  ( 0.7994196913718484288, 0.000000000000000000, -0.5272473166237291453 ) ) ;
#2051 = CARTESIAN_POINT ( 'NONE',  ( 2.024967990344837432, 2.134256245050205639E-18, -0.5090912434260007613 ) ) ;
#2052 = CARTESIAN_POINT ( 'NONE',  ( 2.063274397401126947, 0.01574803149606299191, -0.5549796907550272884 ) ) ;
#2053 = CARTESIAN_POINT ( 'NONE',  ( 0.8147881563716673492, 0.000000000000000000, -0.4851492366314704707 ) ) ;
#2054 = CARTESIAN_POINT ( 'NONE',  ( 0.8068186654276027214, 0.01574803149606299885, -0.4040650167518398117 ) ) ;
#2055 = CARTESIAN_POINT ( 'NONE',  ( 0.7951757812499999911, 1.067128122525102820E-17, -0.3738476562499999378 ) ) ;
#2056 = CARTESIAN_POINT ( 'NONE',  ( 1.002381342964193900, 0.01574803149606299885, -0.5706864990430989826 ) ) ;
#2057 = CARTESIAN_POINT ( 'NONE',  ( 1.287558593749999813, 0.01574803149606299191, -0.5518749999999997824 ) ) ;
#2058 = AXIS2_PLACEMENT_3D ( 'NONE', #4344, #3332, #2795 ) ;
#2059 = CARTESIAN_POINT ( 'NONE',  ( 1.957125548955306549, 0.01574803149606299191, -0.4583805179979440481 ) ) ;
#2060 = CARTESIAN_POINT ( 'NONE',  ( 1.990244140625000213, 0.01574803149606299191, -0.5876660156249995381 ) ) ;
#2061 = ORIENTED_EDGE ( 'NONE', *, *, #4866, .T. ) ;
#2062 = CARTESIAN_POINT ( 'NONE',  ( 1.920436430701098152, -2.134256245050205639E-18, -0.3939406800739869707 ) ) ;
#2063 = CARTESIAN_POINT ( 'NONE',  ( 1.957905484821018005, 2.134256245050205639E-18, -0.4596564427443452505 ) ) ;
#2064 = CARTESIAN_POINT ( 'NONE',  ( 0.7247188828173977138, 0.01574803149606298844, -0.5896125886809877592 ) ) ;
#2065 = EDGE_LOOP ( 'NONE', ( #4882, #1348, #6453, #5443 ) ) ;
#2066 = B_SPLINE_CURVE_WITH_KNOTS ( 'NONE', 3,
 ( #1343, #5378, #4662, #4881, #767, #6352, #3791, #2149, #2799, #5655, #2183 ),
 .UNSPECIFIED., .F., .F.,
 ( 4, 1, 1, 1, 1, 1, 1, 1, 4 ),
 ( 0.000000000000000000, 0.09975310238595869183, 0.2051582092098926946, 0.3178470509193843663, 0.4366128734137888490, 0.5638885828030749670, 0.7010517641270612721, 0.8454541858494148965, 0.9999999999999998890 ),
 .UNSPECIFIED. ) ;
#2067 = ORIENTED_EDGE ( 'NONE', *, *, #4838, .T. ) ;
#2068 = EDGE_LOOP ( 'NONE', ( #5220, #5118, #4885, #5450 ) ) ;
#2069 = DIRECTION ( 'NONE',  ( 0.000000000000000000, 1.000000000000000000, 0.000000000000000000 ) ) ;
#2070 = DIRECTION ( 'NONE',  ( -1.000000000000000000, 0.000000000000000000, 0.000000000000000000 ) ) ;
#2071 = CARTESIAN_POINT ( 'NONE',  ( 0.8004651342793416280, 0.000000000000000000, -0.3613520550473519610 ) ) ;
#2072 = CARTESIAN_POINT ( 'NONE',  ( 1.043596871207655097, 0.000000000000000000, -0.5783992718492861895 ) ) ;
#2073 = CARTESIAN_POINT ( 'NONE',  ( 0.9464908699206241449, 0.01574803149606299191, -0.3767337716377486267 ) ) ;
#2074 = CARTESIAN_POINT ( 'NONE',  ( 1.986414966741246513, 0.01574803149606299191, -0.4887240528988435750 ) ) ;
#2075 = CARTESIAN_POINT ( 'NONE',  ( 1.801733752442519654, 2.134256245050205639E-18, -0.6008235063121643016 ) ) ;
#2076 = B_SPLINE_CURVE_WITH_KNOTS ( 'NONE', 3,
 ( #4813, #5804, #273, #2833, #5742, #3823, #181, #1279, #2297, #4316, #6351, #1824 ),
 .UNSPECIFIED., .F., .F.,
 ( 4, 2, 2, 2, 2, 4 ),
 ( 0.000000000000000000, 0.0002561124572899051242, 0.0005122249145798102483, 0.0007683373718697153725, 0.0008963936005146679346, 0.001024449829159620497 ),
 .UNSPECIFIED. ) ;
#2077 = B_SPLINE_CURVE_WITH_KNOTS ( 'NONE', 3,
 ( #2515, #5032, #1425, #6531, #3455, #1393, #5451, #6020, #1975, #2989, #3999, #4039, #4927, #1003, #5922, #5991 ),
 .UNSPECIFIED., .F., .F.,
 ( 4, 2, 2, 2, 2, 2, 2, 4 ),
 ( 0.000000000000000000, 0.0001257050880862761646, 0.0002514101761725523292, 0.0005028203523451133319, 0.0007542305285176743347, 0.0008799356166039527761, 0.0009427881606470961710, 0.001005640704690239457 ),
 .UNSPECIFIED. ) ;
#2078 = FACE_OUTER_BOUND ( 'NONE', #2850, .T. ) ;
#2079 = VERTEX_POINT ( 'NONE', #678 ) ;
#2080 = ORIENTED_EDGE ( 'NONE', *, *, #763, .T. ) ;
#2081 = CARTESIAN_POINT ( 'NONE',  ( 0.5879492187499998357, -0.1613455277634967266, -0.5476269531249998712 ) ) ;
#2082 = DIRECTION ( 'NONE',  ( -0.000000000000000000, 0.000000000000000000, -1.000000000000000000 ) ) ;
#2083 = DIRECTION ( 'NONE',  ( -0.000000000000000000, 0.000000000000000000, -1.000000000000000000 ) ) ;
#2084 = CARTESIAN_POINT ( 'NONE',  ( 1.045151001658224610, 0.01574803149606298844, -0.5685249089783567245 ) ) ;
#2085 = ADVANCED_FACE ( 'NONE', ( #6193 ), #553, .F. ) ;
#2086 = CARTESIAN_POINT ( 'NONE',  ( 2.028791701143876747, 2.134256245050205639E-18, -0.5065503284010921536 ) ) ;
#2087 = CARTESIAN_POINT ( 'NONE',  ( 2.054208984375000213, 1.707404996040164512E-17, -0.4612499999999996048 ) ) ;
#2088 = CARTESIAN_POINT ( 'NONE',  ( 0.9462499999999999245, 0.01574803149606299191, -0.4956249999999998712 ) ) ;
#2089 = CARTESIAN_POINT ( 'NONE',  ( 0.8405256309002030468, 0.01574803149606299191, -0.5919277591688788531 ) ) ;
#2090 = FACE_OUTER_BOUND ( 'NONE', #1671, .T. ) ;
#2091 = LINE ( 'NONE', #3072, #2702 ) ;
#2092 = B_SPLINE_CURVE_WITH_KNOTS ( 'NONE', 3,
 ( #2060, #5643, #2169, #4091, #2573, #5740, #4712, #6180, #178, #5185, #4123, #3107 ),
 .UNSPECIFIED., .F., .F.,
 ( 4, 2, 2, 2, 2, 4 ),
 ( 0.000000000000000000, 0.0001795836389979965024, 0.0003591672779959930047, 0.0007183345559919860094, 0.001077501833987978960, 0.001436669111983972019 ),
 .UNSPECIFIED. ) ;
#2093 = CARTESIAN_POINT ( 'NONE',  ( 0.8935985081236789140, 1.067128122525102820E-17, -0.4351593758092551778 ) ) ;
#2094 = VERTEX_POINT ( 'NONE', #1163 ) ;
#2095 = ORIENTED_EDGE ( 'NONE', *, *, #5928, .T. ) ;
#2096 = CARTESIAN_POINT ( 'NONE',  ( 1.335472732509531912, 0.01574803149606298844, -0.3706935277141287233 ) ) ;
#2097 = CARTESIAN_POINT ( 'NONE',  ( 1.462864442998390135, 2.134256245050205639E-18, -0.5616756112620504560 ) ) ;
#2098 = CARTESIAN_POINT ( 'NONE',  ( 0.9798268816610742338, 0.01574803149606299191, -0.3520635216418769864 ) ) ;
#2099 = VECTOR ( 'NONE', #481, 39.37007874015748143 ) ;
#2100 = ORIENTED_EDGE ( 'NONE', *, *, #1907, .T. ) ;
#2101 = CARTESIAN_POINT ( 'NONE',  ( 2.041661406369450926, -2.134256245050205639E-18, -0.3991719466861887167 ) ) ;
#2102 = ORIENTED_EDGE ( 'NONE', *, *, #4440, .F. ) ;
#2103 = VERTEX_POINT ( 'NONE', #5097 ) ;
#2104 = B_SPLINE_CURVE_WITH_KNOTS ( 'NONE', 3,
 ( #6512, #1407, #982, #2464, #2928, #1372, #3401, #868, #3003, #5015, #409 ),
 .UNSPECIFIED., .F., .F.,
 ( 4, 1, 1, 1, 1, 1, 1, 1, 4 ),
 ( 0.000000000000000000, 0.1368803489840568766, 0.2539726467908379748, 0.3566305251548411714, 0.4524898642739749732, 0.5573035361964711054, 0.6834722845789610313, 0.8304380186829107835, 1.000000000000000000 ),
 .UNSPECIFIED. ) ;
#2105 = LINE ( 'NONE', #4162, #2001 ) ;
#2106 = CARTESIAN_POINT ( 'NONE',  ( 2.005883055764956513, 0.01574803149606299885, -0.4358956620142966365 ) ) ;
#2107 = VECTOR ( 'NONE', #1684, 39.37007874015748143 ) ;
#2108 = CARTESIAN_POINT ( 'NONE',  ( 0.6464751035766497234, 0.000000000000000000, -0.3771976947162836158 ) ) ;
#2109 = CARTESIAN_POINT ( 'NONE',  ( 0.8347990006026779763, 6.402768735150616918E-18, -0.4453798122364472922 ) ) ;
#2110 = CARTESIAN_POINT ( 'NONE',  ( 0.9758398437499998801, 0.01574803149606299538, -0.3518749999999999378 ) ) ;
#2111 = CARTESIAN_POINT ( 'NONE',  ( 0.9463329290051681886, 0.01574803149606299191, -0.3812447377360929646 ) ) ;
#2112 = CARTESIAN_POINT ( 'NONE',  ( 0.8578710937499999245, 0.000000000000000000, -0.4626660156249999267 ) ) ;
#2113 = CARTESIAN_POINT ( 'NONE',  ( 1.855625000000000302, 0.000000000000000000, -0.4112499999999996159 ) ) ;
#2114 = EDGE_CURVE ( 'NONE', #1157, #5852, #1197, .T. ) ;
#2115 = APPLICATION_PROTOCOL_DEFINITION ( 'draft international standard', 'automotive_design', 1998, #871 ) ;
#2116 = VERTEX_POINT ( 'NONE', #2584 ) ;
#2117 = ORIENTED_EDGE ( 'NONE', *, *, #1236, .T. ) ;
#2118 = CARTESIAN_POINT ( 'NONE',  ( 1.812851562500000124, 0.000000000000000000, -0.6018749999999996048 ) ) ;
#2119 = B_SPLINE_CURVE_WITH_KNOTS ( 'NONE', 3,
 ( #2714, #4886, #4424, #3926, #714, #5383, #3413, #3193, #1383, #653, #3745 ),
 .UNSPECIFIED., .F., .F.,
 ( 4, 1, 1, 1, 1, 1, 1, 1, 4 ),
 ( 0.000000000000000000, 0.1980755024033683531, 0.3671599857694805014, 0.5111584532553050675, 0.6264828884167497058, 0.7253261252193169417, 0.8190869173451640339, 0.9102158789455614407, 1.000000000000000000 ),
 .UNSPECIFIED. ) ;
#2120 = CARTESIAN_POINT ( 'NONE',  ( 1.703357481476013513, 2.134256245050205639E-18, -0.4017956637223325522 ) ) ;
#2121 = ADVANCED_FACE ( 'NONE', ( #1590 ), #943, .F. ) ;
#2122 = FACE_OUTER_BOUND ( 'NONE', #575, .T. ) ;
#2123 = CARTESIAN_POINT ( 'NONE',  ( 1.043515625000000169, 2.134256245050205639E-18, -0.5769726562499998268 ) ) ;
#2124 = ADVANCED_FACE ( 'NONE', ( #6293 ), #877, .F. ) ;
#2125 = CARTESIAN_POINT ( 'NONE',  ( 2.044852074620158611, 2.134256245050205639E-18, -0.5024753907114936080 ) ) ;
#2126 = VECTOR ( 'NONE', #5771, 39.37007874015748143 ) ;
#2127 = CARTESIAN_POINT ( 'NONE',  ( 2.038224454246524875, 0.000000000000000000, -0.5530999383869693586 ) ) ;
#2128 = EDGE_CURVE ( 'NONE', #4574, #2824, #6110, .T. ) ;
#2129 = CARTESIAN_POINT ( 'NONE',  ( 1.822573737908640190, 2.134256245050205639E-18, -0.6008886294961445218 ) ) ;
#2130 = CARTESIAN_POINT ( 'NONE',  ( 1.059578924695073310, 0.000000000000000000, -0.4677253770443359771 ) ) ;
#2131 = CARTESIAN_POINT ( 'NONE',  ( 0.8491393011753896047, 0.01574803149606299191, -0.5949943984073126080 ) ) ;
#2132 = CARTESIAN_POINT ( 'NONE',  ( 0.8182080194363559045, 0.01574803149606298844, -0.4815860206221729278 ) ) ;
#2133 = CARTESIAN_POINT ( 'NONE',  ( 1.963481693669480554, 0.01574803149606298844, -0.5565822405417087948 ) ) ;
#2134 = DIRECTION ( 'NONE',  ( 1.000000000000000000, 0.000000000000000000, 0.000000000000000000 ) ) ;
#2135 = EDGE_LOOP ( 'NONE', ( #2316, #5054, #4290, #4161 ) ) ;
#2136 = ORIENTED_EDGE ( 'NONE', *, *, #4507, .T. ) ;
#2137 = CARTESIAN_POINT ( 'NONE',  ( 1.335472732509531912, 2.134256245050205639E-18, -0.3706935277141287233 ) ) ;
#2138 = DIRECTION ( 'NONE',  ( 0.000000000000000000, 1.000000000000000000, 0.000000000000000000 ) ) ;
#2139 = CARTESIAN_POINT ( 'NONE',  ( 1.974741412479674052, 0.01574803149606299191, -0.4761694779351920426 ) ) ;
#2140 = CARTESIAN_POINT ( 'NONE',  ( 0.7156405806952279569, 0.01574803149606299191, -0.5759661083852177788 ) ) ;
#2141 = ORIENTED_EDGE ( 'NONE', *, *, #2027, .F. ) ;
#2142 = CARTESIAN_POINT ( 'NONE',  ( 2.008487379501214143, -2.134256245050205639E-18, -0.4165892193488865969 ) ) ;
#2143 = ORIENTED_EDGE ( 'NONE', *, *, #5273, .F. ) ;
#2144 = ORIENTED_EDGE ( 'NONE', *, *, #3627, .T. ) ;
#2145 = CARTESIAN_POINT ( 'NONE',  ( 2.005625000000000213, 0.01574803149606299538, -0.4304882812499996048 ) ) ;
#2146 = CARTESIAN_POINT ( 'NONE',  ( 2.005625000000000213, 0.01574803149606299538, -0.4304882812499996048 ) ) ;
#2147 = CARTESIAN_POINT ( 'NONE',  ( 2.026403530560299426, 0.01574803149606299538, -0.4021834328205960984 ) ) ;
#2148 = CARTESIAN_POINT ( 'NONE',  ( 1.681051379042190819, 0.01574803149606300579, -0.5836678108759985051 ) ) ;
#2149 = CARTESIAN_POINT ( 'NONE',  ( 0.8748900515874084016, 0.000000000000000000, -0.5984006398936626558 ) ) ;
#2150 = CARTESIAN_POINT ( 'NONE',  ( 0.9694167277847146602, 0.01574803149606299191, -0.3521539927084422761 ) ) ;
#2151 = EDGE_CURVE ( 'NONE', #1861, #3211, #809, .T. ) ;
#2152 = DIRECTION ( 'NONE',  ( 1.000000000000000000, 0.000000000000000000, 0.000000000000000000 ) ) ;
#2153 = ORIENTED_EDGE ( 'NONE', *, *, #1759, .T. ) ;
#2154 = CARTESIAN_POINT ( 'NONE',  ( 1.987823746112578949, 0.000000000000000000, -0.3645967972455707584 ) ) ;
#2155 = EDGE_CURVE ( 'NONE', #144, #6032, #418, .T. ) ;
#2156 = EDGE_CURVE ( 'NONE', #1906, #4423, #6281, .T. ) ;
#2157 = CARTESIAN_POINT ( 'NONE',  ( 1.333749999999999769, 0.01574803149606299191, -0.3840527343749997602 ) ) ;
#2158 = CARTESIAN_POINT ( 'NONE',  ( 1.198789062500000169, 0.01574803149606299191, -0.3549999999999997602 ) ) ;
#2159 = CARTESIAN_POINT ( 'NONE',  ( 0.8147881563716673492, 0.01574803149606299538, -0.4851492366314704707 ) ) ;
#2160 = CARTESIAN_POINT ( 'NONE',  ( 2.021672736891621636, 0.01574803149606298844, -0.5123038433817277415 ) ) ;
#2161 = CARTESIAN_POINT ( 'NONE',  ( 2.030429430561831783, 0.000000000000000000, -0.5511356539183940306 ) ) ;
#2162 = CARTESIAN_POINT ( 'NONE',  ( 0.8686146456955765593, 0.01574803149606300579, -0.5017267947440777753 ) ) ;
#2163 = CARTESIAN_POINT ( 'NONE',  ( 1.389999999999999680, -0.3384390870230564174, -0.5518749999999997824 ) ) ;
#2164 = CARTESIAN_POINT ( 'NONE',  ( 1.068541847062682404, 0.000000000000000000, -0.4626515843591927912 ) ) ;
#2165 = FACE_OUTER_BOUND ( 'NONE', #1767, .T. ) ;
#2166 = CARTESIAN_POINT ( 'NONE',  ( 1.174375000000000169, 0.01574803149606299191, -0.5049999999999997824 ) ) ;
#2167 = EDGE_CURVE ( 'NONE', #2308, #119, #4612, .T. ) ;
#2168 = CARTESIAN_POINT ( 'NONE',  ( 1.970889425560179653, 0.01574803149606299885, -0.5703661472880573458 ) ) ;
#2169 = CARTESIAN_POINT ( 'NONE',  ( 1.994408306321421520, 0.01574803149606298844, -0.5900530593144086566 ) ) ;
#2170 = EDGE_LOOP ( 'NONE', ( #150, #4296, #5877, #4953 ) ) ;
#2171 = ORIENTED_EDGE ( 'NONE', *, *, #3783, .T. ) ;
#2172 = CARTESIAN_POINT ( 'NONE',  ( 1.972180394009269033, 0.01574803149606299191, -0.3746111238449672531 ) ) ;
#2173 = CARTESIAN_POINT ( 'NONE',  ( 0.8601844580138497953, 0.000000000000000000, -0.5414936774805796382 ) ) ;
#2174 = CARTESIAN_POINT ( 'NONE',  ( 1.963607270449075681, 2.134256245050205639E-18, -0.4669769042586778274 ) ) ;
#2175 = ADVANCED_FACE ( 'NONE', ( #1171 ), #3128, .F. ) ;
#2176 = CARTESIAN_POINT ( 'NONE',  ( 1.002499999999999947, 0.01574803149606299191, -0.3841992187499999045 ) ) ;
#2177 = VERTEX_POINT ( 'NONE', #6232 ) ;
#2178 = VECTOR ( 'NONE', #1609, 39.37007874015748143 ) ;
#2179 = CARTESIAN_POINT ( 'NONE',  ( 0.7632015803801145415, 0.01574803149606299885, -0.5981406691607316084 ) ) ;
#2180 = CARTESIAN_POINT ( 'NONE',  ( 1.445415479109264600, 0.01574803149606299191, -0.5520525501284386793 ) ) ;
#2181 = CARTESIAN_POINT ( 'NONE',  ( 1.333749999999999769, -0.3384390870230564174, -0.3840527343749997602 ) ) ;
#2182 = CARTESIAN_POINT ( 'NONE',  ( 0.6462499999999998801, -0.3384390870230564174, -0.4587109374999998601 ) ) ;
#2183 = CARTESIAN_POINT ( 'NONE',  ( 0.8904394531249999467, 0.000000000000000000, -0.5987499999999998934 ) ) ;
#2184 = FACE_OUTER_BOUND ( 'NONE', #3081, .T. ) ;
#2185 = CARTESIAN_POINT ( 'NONE',  ( 1.052890625000000080, 0.000000000000000000, -0.4832714843749997824 ) ) ;
#2186 = ORIENTED_EDGE ( 'NONE', *, *, #2407, .T. ) ;
#2187 = VERTEX_POINT ( 'NONE', #2655 ) ;
#2188 = FACE_OUTER_BOUND ( 'NONE', #4432, .T. ) ;
#2189 = DIRECTION ( 'NONE',  ( -1.000000000000000000, 0.000000000000000000, 0.000000000000000000 ) ) ;
#2190 = CARTESIAN_POINT ( 'NONE',  ( 1.703964843750000124, 0.000000000000000000, -0.4032910156249995826 ) ) ;
#2191 = CARTESIAN_POINT ( 'NONE',  ( 1.389999999999999680, 0.000000000000000000, -0.3840527343749997602 ) ) ;
#2192 = CARTESIAN_POINT ( 'NONE',  ( 1.603996355229868387, 2.134256245050205639E-18, -0.3702560611866931861 ) ) ;
#2193 = CARTESIAN_POINT ( 'NONE',  ( 0.8601844580138497953, 0.01574803149606299885, -0.5414936774805796382 ) ) ;
#2194 = CARTESIAN_POINT ( 'NONE',  ( 0.7024999999999999023, 0.01574803149606299191, -0.3841015624999999378 ) ) ;
#2195 = CARTESIAN_POINT ( 'NONE',  ( 1.812851562500000124, -6.402768735150616918E-18, -0.6018749999999996048 ) ) ;
#2196 = CARTESIAN_POINT ( 'NONE',  ( 0.8534826258985876990, 0.01574803149606299191, -0.4608633320266949940 ) ) ;
#2197 = CARTESIAN_POINT ( 'NONE',  ( 0.8086774015304657448, 0.01574803149606299538, -0.3552149494256104933 ) ) ;
#2198 = CARTESIAN_POINT ( 'NONE',  ( 0.8733496093750000577, -0.3384390870230564174, -0.5516308593750000044 ) ) ;
#2199 = CARTESIAN_POINT ( 'NONE',  ( 1.973416091810034745, 0.01574803149606299191, -0.5733913833826762563 ) ) ;
#2200 = CARTESIAN_POINT ( 'NONE',  ( 2.155511114101929859, 0.01574803149606299885, -0.5705661767642080662 ) ) ;
#2201 = CARTESIAN_POINT ( 'NONE',  ( 0.9236965390493614425, 0.01574803149606299191, -0.4542960171287283022 ) ) ;
#2202 = CARTESIAN_POINT ( 'NONE',  ( 1.050043546936586747, 0.01574803149606298844, -0.5615823917286725253 ) ) ;
#2203 = CARTESIAN_POINT ( 'NONE',  ( 2.123154296875000124, -0.3384390870230564174, -0.3549999999999996492 ) ) ;
#2204 = EDGE_CURVE ( 'NONE', #485, #4361, #3194, .T. ) ;
#2205 = CARTESIAN_POINT ( 'NONE',  ( 1.746264458495945693, 0.01574803149606298844, -0.3625309632307867624 ) ) ;
#2206 = AXIS2_PLACEMENT_3D ( 'NONE', #70, #2083, #2622 ) ;
#2207 = CARTESIAN_POINT ( 'NONE',  ( 2.123154296875000124, 0.000000000000000000, -0.3549999999999996492 ) ) ;
#2208 = VERTEX_POINT ( 'NONE', #1598 ) ;
#2209 = CARTESIAN_POINT ( 'NONE',  ( 2.052548828125000391, 0.000000000000000000, -0.3987499999999996048 ) ) ;
#2210 = ADVANCED_FACE ( 'NONE', ( #654 ), #1628, .F. ) ;
#2211 = DIRECTION ( 'NONE',  ( 0.000000000000000000, 1.000000000000000000, 0.000000000000000000 ) ) ;
#2212 = CARTESIAN_POINT ( 'NONE',  ( 1.474148470578387604, -2.134256245050205639E-18, -0.5662579296143110952 ) ) ;
#2213 = FACE_OUTER_BOUND ( 'NONE', #4975, .T. ) ;
#2214 = CARTESIAN_POINT ( 'NONE',  ( 0.8001639730080880586, 0.01574803149606298844, -0.3902809971166886216 ) ) ;
#2215 = VERTEX_POINT ( 'NONE', #592 ) ;
#2216 = CARTESIAN_POINT ( 'NONE',  ( 0.9736324210259678091, 2.134256245050205639E-18, -0.3519708810097439411 ) ) ;
#2217 = CARTESIAN_POINT ( 'NONE',  ( 1.052977467056773975, 0.000000000000000000, -0.4846804720124422983 ) ) ;
#2218 = ORIENTED_EDGE ( 'NONE', *, *, #3676, .F. ) ;
#2219 = EDGE_LOOP ( 'NONE', ( #5155, #4047, #6418, #4982 ) ) ;
#2220 = VECTOR ( 'NONE', #5348, 39.37007874015748143 ) ;
#2221 = CARTESIAN_POINT ( 'NONE',  ( 1.950438875416351303, 0.01574803149606299191, -0.4131529869302106306 ) ) ;
#2222 = CARTESIAN_POINT ( 'NONE',  ( 1.697559452033782890, 0.01574803149606298844, -0.3698193754322684490 ) ) ;
#2223 = CARTESIAN_POINT ( 'NONE',  ( 0.6913780193737223412, 0.01574803149606299191, -0.3562911311559122662 ) ) ;
#2224 = CARTESIAN_POINT ( 'NONE',  ( 0.7724273240324029954, 0.01574803149606299538, -0.5691183371486859821 ) ) ;
#2225 = CARTESIAN_POINT ( 'NONE',  ( 0.8281254096925321218, 0.000000000000000000, -0.4738779710854437166 ) ) ;
#2226 = CARTESIAN_POINT ( 'NONE',  ( 0.8567099224495503540, 0.01574803149606299885, -0.5340985497155648076 ) ) ;
#2227 = CARTESIAN_POINT ( 'NONE',  ( 1.047413250152736675, 0.000000000000000000, -0.5647530901664138403 ) ) ;
#2228 = CARTESIAN_POINT ( 'NONE',  ( 1.223041611128310668, 2.134256245050205639E-18, -0.5910334772853688134 ) ) ;
#2229 = CARTESIAN_POINT ( 'NONE',  ( 1.062126162326465506, 0.01574803149606298844, -0.3551710655532034910 ) ) ;
#2230 = VECTOR ( 'NONE', #1577, 39.37007874015748143 ) ;
#2231 = CARTESIAN_POINT ( 'NONE',  ( 0.8904394531249999467, 0.01574803149606299191, -0.5987499999999998934 ) ) ;
#2232 = PLANE ( 'NONE',  #2058 ) ;
#2233 = CARTESIAN_POINT ( 'NONE',  ( 1.666660150066392232, 2.134256245050205639E-18, -0.5532751565046322151 ) ) ;
#2234 = ADVANCED_FACE ( 'NONE', ( #5137 ), #5630, .F. ) ;
#2235 = ORIENTED_EDGE ( 'NONE', *, *, #2155, .F. ) ;
#2236 = VECTOR ( 'NONE', #182, 39.37007874015748143 ) ;
#2237 = ORIENTED_EDGE ( 'NONE', *, *, #6169, .F. ) ;
#2238 = CARTESIAN_POINT ( 'NONE',  ( 2.015146484375000213, -0.3384390870230564174, -0.5293164062499996492 ) ) ;
#2239 = DIRECTION ( 'NONE',  ( -0.000000000000000000, 1.000000000000000000, -0.000000000000000000 ) ) ;
#2240 = EDGE_CURVE ( 'NONE', #3311, #1772, #903, .T. ) ;
#2241 = EDGE_CURVE ( 'NONE', #2986, #444, #5868, .T. ) ;
#2242 = CARTESIAN_POINT ( 'NONE',  ( 1.605337615558104281, 0.01574803149606299538, -0.3761981300482349355 ) ) ;
#2243 = CARTESIAN_POINT ( 'NONE',  ( 0.5734240265544298110, 0.01574803149606298844, -0.5763543028098446763 ) ) ;
#2244 = ORIENTED_EDGE ( 'NONE', *, *, #3476, .T. ) ;
#2245 = VERTEX_POINT ( 'NONE', #5725 ) ;
#2246 = CARTESIAN_POINT ( 'NONE',  ( 2.008487379501214143, 0.000000000000000000, -0.4165892193488865969 ) ) ;
#2247 = CARTESIAN_POINT ( 'NONE',  ( 1.466660156249999902, 0.01574803149606299191, -0.5752148437499997602 ) ) ;
#2248 = DIRECTION ( 'NONE',  ( 0.000000000000000000, 1.000000000000000000, 0.000000000000000000 ) ) ;
#2249 = CARTESIAN_POINT ( 'NONE',  ( 1.845974672559100860, 0.01574803149606298844, -0.5819372819551160703 ) ) ;
#2250 = CARTESIAN_POINT ( 'NONE',  ( 2.024330825051781080, 0.000000000000000000, -0.5484414354103631650 ) ) ;
#2251 = ORIENTED_EDGE ( 'NONE', *, *, #4586, .T. ) ;
#2252 = PLANE ( 'NONE',  #2559 ) ;
#2253 = EDGE_CURVE ( 'NONE', #6112, #1802, #3227, .T. ) ;
#2254 = CARTESIAN_POINT ( 'NONE',  ( 0.7736027868947358277, 0.01574803149606299538, -0.5727559119217837669 ) ) ;
#2255 = CARTESIAN_POINT ( 'NONE',  ( 1.549374999999999725, 0.01574803149606299538, -0.3840527343749997602 ) ) ;
#2256 = CARTESIAN_POINT ( 'NONE',  ( 1.898398437500000036, 0.01574803149606298844, -0.3518749999999996603 ) ) ;
#2257 = CARTESIAN_POINT ( 'NONE',  ( 0.8242773437499998357, 0.01574803149606299538, -0.3518749999999999378 ) ) ;
#2258 = CARTESIAN_POINT ( 'NONE',  ( 0.8601844580138497953, 0.000000000000000000, -0.5414936774805796382 ) ) ;
#2259 = CARTESIAN_POINT ( 'NONE',  ( 0.7023911975132087759, 0.01574803149606299885, -0.3801752310699665349 ) ) ;
#2260 = ORIENTED_EDGE ( 'NONE', *, *, #4871, .T. ) ;
#2261 = CARTESIAN_POINT ( 'NONE',  ( 0.7743261718749997469, 0.000000000000000000, -0.5786328124999998712 ) ) ;
#2262 = CARTESIAN_POINT ( 'NONE',  ( 0.9980748944111500487, 2.134256245050205639E-18, -0.5864147276306720391 ) ) ;
#2263 = SURFACE_STYLE_FILL_AREA ( #4678 ) ;
#2264 = CARTESIAN_POINT ( 'NONE',  ( 1.961904996121838884, 6.402768735150616918E-18, -0.5509853900523198345 ) ) ;
#2265 = DIRECTION ( 'NONE',  ( -0.9323497937511673328, 0.000000000000000000, -0.3615575501799898062 ) ) ;
#2266 = CARTESIAN_POINT ( 'NONE',  ( 0.8169367725002659730, 0.01574803149606299538, -0.5760103436580489289 ) ) ;
#2267 = ORIENTED_EDGE ( 'NONE', *, *, #1318, .T. ) ;
#2268 = DIRECTION ( 'NONE',  ( 0.000000000000000000, -0.000000000000000000, -1.000000000000000000 ) ) ;
#2269 = FACE_OUTER_BOUND ( 'NONE', #4531, .T. ) ;
#2270 = CARTESIAN_POINT ( 'NONE',  ( 1.751459448207661973, 0.000000000000000000, -0.3724999552451462304 ) ) ;
#2271 = LINE ( 'NONE', #2767, #2386 ) ;
#2272 = CARTESIAN_POINT ( 'NONE',  ( 0.5739248110341688136, 0.01574803149606298844, -0.5734348794998809229 ) ) ;
#2273 = ORIENTED_EDGE ( 'NONE', *, *, #136, .F. ) ;
#2274 = B_SPLINE_CURVE_WITH_KNOTS ( 'NONE', 3,
 ( #3465, #13, #497, #3000, #5598, #1015, #3978, #5463, #941, #2593, #1045, #4050 ),
 .UNSPECIFIED., .F., .F.,
 ( 4, 2, 2, 2, 2, 4 ),
 ( 0.000000000000000000, 0.0002732455501861960579, 0.0005464911003723921159, 0.0008197366505585881738, 0.0009563594256516839802, 0.001092982200744779895 ),
 .UNSPECIFIED. ) ;
#2275 = CARTESIAN_POINT ( 'NONE',  ( 0.9291938420388724529, 2.134256245050205639E-18, -0.4549083667832165001 ) ) ;
#2276 = DIRECTION ( 'NONE',  ( -0.000000000000000000, 1.000000000000000000, -0.000000000000000000 ) ) ;
#2277 = DIRECTION ( 'NONE',  ( 1.000000000000000000, 0.000000000000000000, 0.000000000000000000 ) ) ;
#2278 = CARTESIAN_POINT ( 'NONE',  ( 1.654892578124999680, 2.134256245050205639E-18, -0.5987499999999996714 ) ) ;
#2279 = EDGE_LOOP ( 'NONE', ( #5093, #6489, #6423, #2732 ) ) ;
#2280 = CARTESIAN_POINT ( 'NONE',  ( 2.030919900134534828, 0.01574803149606299191, -0.5512795923713991186 ) ) ;
#2281 = VECTOR ( 'NONE', #4883, 39.37007874015748143 ) ;
#2282 = ORIENTED_EDGE ( 'NONE', *, *, #4562, .F. ) ;
#2283 = CARTESIAN_POINT ( 'NONE',  ( 1.854008865363889313, -2.134256245050205639E-18, -0.5624299620574714220 ) ) ;
#2284 = CARTESIAN_POINT ( 'NONE',  ( 1.287558593750000036, 0.01574803149606299191, -0.5987499999999997824 ) ) ;
#2285 = CARTESIAN_POINT ( 'NONE',  ( 0.8017424425640248264, -2.134256245050205639E-18, -0.5484430121667385194 ) ) ;
#2286 = EDGE_CURVE ( 'NONE', #4825, #4454, #2847, .T. ) ;
#2287 = CARTESIAN_POINT ( 'NONE',  ( 1.960117187500000080, 0.000000000000000000, -0.5361523437499996492 ) ) ;
#2288 = CARTESIAN_POINT ( 'NONE',  ( 0.6989604302138751057, 0.01574803149606300232, -0.3648972904972109244 ) ) ;
#2289 = VERTEX_POINT ( 'NONE', #1260 ) ;
#2290 = LINE ( 'NONE', #5307, #6038 ) ;
#2291 = EDGE_CURVE ( 'NONE', #6333, #282, #749, .T. ) ;
#2292 = CARTESIAN_POINT ( 'NONE',  ( 1.056117469006716547, 0.01574803149606298844, -0.3563988787599839392 ) ) ;
#2293 = CARTESIAN_POINT ( 'NONE',  ( 0.8159448761779440895, 0.01574803149606299538, -0.3526310699829715012 ) ) ;
#2294 = CARTESIAN_POINT ( 'NONE',  ( 1.967575376824846289, 6.402768735150616918E-18, -0.5649064037351857470 ) ) ;
#2295 = CARTESIAN_POINT ( 'NONE',  ( 0.6095221445131835392, 0.01574803149606299885, -0.6005990921681436667 ) ) ;
#2296 = CARTESIAN_POINT ( 'NONE',  ( 1.682039575201084824, 2.134256245050205639E-18, -0.5703224049498253345 ) ) ;
#2297 = CARTESIAN_POINT ( 'NONE',  ( 1.040759393228736673, 0.01574803149606298497, -0.3700087308155176058 ) ) ;
#2298 = CARTESIAN_POINT ( 'NONE',  ( 1.702199551826487411, 0.000000000000000000, -0.3989447913867669726 ) ) ;
#2299 = CARTESIAN_POINT ( 'NONE',  ( 0.7134863281249997913, 0.000000000000000000, -0.5724804687499998046 ) ) ;
#2300 = CARTESIAN_POINT ( 'NONE',  ( 1.749412989529622431, 0.000000000000000000, -0.3681228293667166973 ) ) ;
#2301 = DIRECTION ( 'NONE',  ( 0.000000000000000000, 1.000000000000000000, 0.000000000000000000 ) ) ;
#2302 = CARTESIAN_POINT ( 'NONE',  ( 1.068710937500000124, 0.000000000000000000, -0.3987499999999997158 ) ) ;
#2303 = ORIENTED_EDGE ( 'NONE', *, *, #2932, .F. ) ;
#2304 = CARTESIAN_POINT ( 'NONE',  ( 1.081015625000000036, 0.01574803149606299191, -0.4612499999999997713 ) ) ;
#2305 = LINE ( 'NONE', #2708, #4549 ) ;
#2306 = CARTESIAN_POINT ( 'NONE',  ( 1.472373046874999813, 0.01574803149606299885, -0.5752148437499997602 ) ) ;
#2307 = CARTESIAN_POINT ( 'NONE',  ( 1.812851562500000124, 0.01574803149606299191, -0.6018749999999996048 ) ) ;
#2308 = VERTEX_POINT ( 'NONE', #815 ) ;
#2309 = CARTESIAN_POINT ( 'NONE',  ( 2.015146484375000213, 0.01574803149606299191, -0.5293164062499996492 ) ) ;
#2310 = B_SPLINE_CURVE_WITH_KNOTS ( 'NONE', 3,
 ( #4383, #1623, #4815, #6228, #1133, #6194, #3824, #3683, #5687, #4318, #1797, #1164 ),
 .UNSPECIFIED., .F., .F.,
 ( 4, 2, 2, 2, 2, 4 ),
 ( 0.000000000000000000, 0.0002400096533930048883, 0.0004800193067860097766, 0.0007200289601790146920, 0.0008400337868755170141, 0.0009600386135720193363 ),
 .UNSPECIFIED. ) ;
#2311 = ORIENTED_EDGE ( 'NONE', *, *, #5644, .F. ) ;
#2312 = CARTESIAN_POINT ( 'NONE',  ( 0.7429746180520723220, 0.000000000000000000, -0.6016622449294780628 ) ) ;
#2313 = CARTESIAN_POINT ( 'NONE',  ( 1.834392694906633370, 0.01574803149606298844, -0.5955233265409024535 ) ) ;
#2314 = CARTESIAN_POINT ( 'NONE',  ( 2.153993887924431139, 0.000000000000000000, -0.3732876937333665657 ) ) ;
#2315 = CARTESIAN_POINT ( 'NONE',  ( 1.924104665991134722, 2.134256245050205639E-18, -0.3717885655813166768 ) ) ;
#2316 = ORIENTED_EDGE ( 'NONE', *, *, #1668, .F. ) ;
#2317 = EDGE_CURVE ( 'NONE', #218, #2308, #1296, .T. ) ;
#2318 = B_SPLINE_CURVE_WITH_KNOTS ( 'NONE', 3,
 ( #1352, #5325, #2807, #1833, #676, #4324, #3382, #2212, #6259, #5848, #1320 ),
 .UNSPECIFIED., .F., .F.,
 ( 4, 1, 1, 1, 1, 1, 1, 1, 4 ),
 ( 0.000000000000000000, 0.1670843494469849144, 0.3153733252254365960, 0.4472167266413202835, 0.5694441067178159788, 0.6834582921267341460, 0.7901363269887339280, 0.8934768213921814306, 1.000000000000000000 ),
 .UNSPECIFIED. ) ;
#2319 = CARTESIAN_POINT ( 'NONE',  ( 0.8580961260743287244, 0.000000000000000000, -0.5379659638510606579 ) ) ;
#2320 = CARTESIAN_POINT ( 'NONE',  ( 1.054470475152308628, 2.134256245050205639E-18, -0.4915231715070193519 ) ) ;
#2321 = VECTOR ( 'NONE', #2475, 39.37007874015748143 ) ;
#2322 = VERTEX_POINT ( 'NONE', #3388 ) ;
#2323 = AXIS2_PLACEMENT_3D ( 'NONE', #4171, #4667, #3159 ) ;
#2324 = EDGE_CURVE ( 'NONE', #4100, #4912, #4798, .T. ) ;
#2325 = CARTESIAN_POINT ( 'NONE',  ( 1.043666140214090987, 2.134256245050205639E-18, -0.3647733968769525936 ) ) ;
#2326 = VECTOR ( 'NONE', #6062, 39.37007874015748143 ) ;
#2327 = EDGE_CURVE ( 'NONE', #2506, #3354, #4767, .T. ) ;
#2328 = CARTESIAN_POINT ( 'NONE',  ( 0.8257133449976300499, -2.134256245050205639E-18, -0.3519151925537765124 ) ) ;
#2329 = DIRECTION ( 'NONE',  ( 0.000000000000000000, -0.000000000000000000, -1.000000000000000000 ) ) ;
#2330 = CARTESIAN_POINT ( 'NONE',  ( 0.6322486846707069397, 0.01574803149606299885, -0.5745289608852465202 ) ) ;
#2331 = CARTESIAN_POINT ( 'NONE',  ( 0.8061231528806640512, 0.01574803149606299538, -0.5603052434590530817 ) ) ;
#2332 = ADVANCED_FACE ( 'NONE', ( #1839 ), #3319, .F. ) ;
#2333 = ORIENTED_EDGE ( 'NONE', *, *, #2816, .T. ) ;
#2334 = VECTOR ( 'NONE', #3071, 39.37007874015748143 ) ;
#2335 = DIRECTION ( 'NONE',  ( 0.000000000000000000, -1.000000000000000000, 0.000000000000000000 ) ) ;
#2336 = CARTESIAN_POINT ( 'NONE',  ( 0.9817033282193950994, 0.01574803149606299538, -0.3521530522776147309 ) ) ;
#2337 = CARTESIAN_POINT ( 'NONE',  ( 0.9717735380735718076, 0.01574803149606299191, -0.5986913134856077789 ) ) ;
#2338 = FILL_AREA_STYLE ('',( #1248 ) ) ;
#2339 = CARTESIAN_POINT ( 'NONE',  ( 0.8174565703198980460, 0.01574803149606299191, -0.5768727763355493421 ) ) ;
#2340 = ORIENTED_EDGE ( 'NONE', *, *, #3678, .T. ) ;
#2341 = AXIS2_PLACEMENT_3D ( 'NONE', #4600, #1680, #5815 ) ;
#2342 = ORIENTED_EDGE ( 'NONE', *, *, #4507, .F. ) ;
#2343 = CARTESIAN_POINT ( 'NONE',  ( 2.020499823974248876, 0.01574803149606299191, -0.4047251905297042929 ) ) ;
#2344 = CARTESIAN_POINT ( 'NONE',  ( 1.465143299505553109, 0.01574803149606299191, -0.5657125978330272975 ) ) ;
#2345 = CARTESIAN_POINT ( 'NONE',  ( 1.174375000000000169, 0.01574803149606299191, -0.5549999999999997158 ) ) ;
#2346 = CARTESIAN_POINT ( 'NONE',  ( 1.439267578124999725, 0.01574803149606299191, -0.5518749999999997824 ) ) ;
#2347 = ORIENTED_EDGE ( 'NONE', *, *, #108, .F. ) ;
#2348 = CARTESIAN_POINT ( 'NONE',  ( 0.5750227779187153665, 0.01574803149606299538, -0.5697179537919058179 ) ) ;
#2349 = ORIENTED_EDGE ( 'NONE', *, *, #572, .T. ) ;
#2350 = CARTESIAN_POINT ( 'NONE',  ( 0.7599707031249997025, 0.01574803149606299191, -0.5464062499999999822 ) ) ;
#2351 = CARTESIAN_POINT ( 'NONE',  ( 2.123154296875000124, 0.000000000000000000, -0.3549999999999996492 ) ) ;
#2352 = CARTESIAN_POINT ( 'NONE',  ( 1.922548998327803682, 0.01574803149606298844, -0.3672395638114488436 ) ) ;
#2353 = ORIENTED_EDGE ( 'NONE', *, *, #1263, .F. ) ;
#2354 = LINE ( 'NONE', #3362, #4083 ) ;
#2355 = CARTESIAN_POINT ( 'NONE',  ( 2.017295303861960321, 0.01574803149606299191, -0.5191742615367678226 ) ) ;
#2356 = ORIENTED_EDGE ( 'NONE', *, *, #3867, .F. ) ;
#2357 = LINE ( 'NONE', #4781, #2015 ) ;
#2358 = CARTESIAN_POINT ( 'NONE',  ( 1.441323959406033195, -2.134256245050205639E-18, -0.5986823350490794171 ) ) ;
#2359 = B_SPLINE_SURFACE_WITH_KNOTS ( 'NONE', 3, 1, ( 
 ( #5081, #3668 ),
 ( #269, #5282 ),
 ( #1240, #175 ),
 ( #3208, #6278 ),
 ( #2829, #4280 ),
 ( #2199, #4740 ),
 ( #5833, #238 ),
 ( #6345, #2294 ),
 ( #726, #1308 ),
 ( #4215, #4841 ),
 ( #1703, #2264 ),
 ( #4708, #3846 ),
 ( #5312, #3236 ),
 ( #6241, #5216 ),
 ( #3728, #1275 ) ),
 .UNSPECIFIED., .F., .F., .F.,
 ( 4, 1, 1, 1, 1, 1, 1, 1, 1, 1, 1, 1, 4 ),
 ( 2, 2 ),
 ( 0.000000000000000000, 0.09301127933716636653, 0.1837208645025170117, 0.2700148622107233498, 0.3552543692188597224, 0.4384292902385478197, 0.5195511111286923445, 0.6003105432917391626, 0.6805880518337118490, 0.7607055461992769940, 0.8398175505378309147, 0.9194223733739899096, 1.000000000000000000 ),
 ( 0.000000000000000000, 1.000000000000000000 ),
 .UNSPECIFIED. ) ;
#2360 = CARTESIAN_POINT ( 'NONE',  ( 1.726882376542016706, 2.134256245050205639E-18, -0.3519061845898462382 ) ) ;
#2361 = CARTESIAN_POINT ( 'NONE',  ( 0.6335058593742438626, 0.01574803149606299191, -0.5724804687512318191 ) ) ;
#2362 = CARTESIAN_POINT ( 'NONE',  ( 0.7993749999999999467, 0.01574803149606299538, -0.5294628906249999600 ) ) ;
#2363 = ORIENTED_EDGE ( 'NONE', *, *, #3676, .T. ) ;
#2364 = LINE ( 'NONE', #3042, #4222 ) ;
#2365 = EDGE_CURVE ( 'NONE', #772, #3391, #2077, .T. ) ;
#2366 = DIRECTION ( 'NONE',  ( -0.000000000000000000, 1.000000000000000000, -0.000000000000000000 ) ) ;
#2367 = ORIENTED_EDGE ( 'NONE', *, *, #6181, .F. ) ;
#2368 = CARTESIAN_POINT ( 'NONE',  ( 1.503183593749999769, -0.1613455277634967266, -0.5518749999999997824 ) ) ;
#2369 = CARTESIAN_POINT ( 'NONE',  ( 0.7024999999999997913, 0.000000000000000000, -0.4578808593749998379 ) ) ;
#2370 = ORIENTED_EDGE ( 'NONE', *, *, #2204, .F. ) ;
#2371 = CARTESIAN_POINT ( 'NONE',  ( 0.8489899778967262556, 0.01574803149606299191, -0.3652418751803820918 ) ) ;
#2372 = CARTESIAN_POINT ( 'NONE',  ( 1.792422440190068134, 0.01574803149606299538, -0.5973487755846373926 ) ) ;
#2373 = EDGE_CURVE ( 'NONE', #4999, #4367, #5637, .T. ) ;
#2374 = DIRECTION ( 'NONE',  ( 0.4951032688626735845, 0.000000000000000000, 0.8688341344361968366 ) ) ;
#2375 = CARTESIAN_POINT ( 'NONE',  ( 2.155625000000000568, 2.134256245050205639E-18, -0.3876171874999996825 ) ) ;
#2376 = CARTESIAN_POINT ( 'NONE',  ( 1.654892578124999680, 0.01574803149606299191, -0.5518749999999997824 ) ) ;
#2377 = LINE ( 'NONE', #3451, #416 ) ;
#2378 = CARTESIAN_POINT ( 'NONE',  ( 1.818682035827020149, 0.01574803149606299191, -0.6016469122380955215 ) ) ;
#2379 = ORIENTED_EDGE ( 'NONE', *, *, #2365, .F. ) ;
#2380 = CARTESIAN_POINT ( 'NONE',  ( 2.030429430561831783, 0.000000000000000000, -0.5511356539183940306 ) ) ;
#2381 = ORIENTED_EDGE ( 'NONE', *, *, #4299, .T. ) ;
#2382 = CARTESIAN_POINT ( 'NONE',  ( 1.826961626694030727, 0.01574803149606298844, -0.5996775594966843315 ) ) ;
#2383 = CARTESIAN_POINT ( 'NONE',  ( 1.200140307599838474, 4.268512490100411279E-18, -0.3550356571421087182 ) ) ;
#2384 = CARTESIAN_POINT ( 'NONE',  ( 1.549458348515246442, 0.01574803149606299538, -0.3816677524541000066 ) ) ;
#2385 = LINE ( 'NONE', #4366, #621 ) ;
#2386 = VECTOR ( 'NONE', #2301, 39.37007874015748143 ) ;
#2387 = ORIENTED_EDGE ( 'NONE', *, *, #6136, .F. ) ;
#2388 = DIRECTION ( 'NONE',  ( 1.000000000000000000, 0.000000000000000000, 0.000000000000000000 ) ) ;
#2389 = CARTESIAN_POINT ( 'NONE',  ( 1.285093619490622174, 0.01574803149606299191, -0.5986797455209706964 ) ) ;
#2390 = ORIENTED_EDGE ( 'NONE', *, *, #3397, .F. ) ;
#2391 = FACE_OUTER_BOUND ( 'NONE', #3918, .T. ) ;
#2392 = VECTOR ( 'NONE', #1948, 39.37007874015748143 ) ;
#2393 = FACE_OUTER_BOUND ( 'NONE', #899, .T. ) ;
#2394 = CARTESIAN_POINT ( 'NONE',  ( 0.7735391292968318844, 0.000000000000000000, -0.5724441784463589755 ) ) ;
#2395 = CARTESIAN_POINT ( 'NONE',  ( 2.032729895172760148, 2.134256245050205639E-18, -0.4594612905753138188 ) ) ;
#2396 = CARTESIAN_POINT ( 'NONE',  ( 0.6254267964922477496, 0.01574803149606299191, -0.5857461979302200916 ) ) ;
#2397 = CARTESIAN_POINT ( 'NONE',  ( 2.147817397261356120, -2.134256245050205639E-18, -0.5910281927179699135 ) ) ;
#2398 = ORIENTED_EDGE ( 'NONE', *, *, #4866, .F. ) ;
#2399 = CARTESIAN_POINT ( 'NONE',  ( 1.174375000000000169, -1.365923996832131609E-16, -0.5549999999999997158 ) ) ;
#2400 = LINE ( 'NONE', #6417, #3284 ) ;
#2401 = B_SPLINE_SURFACE_WITH_KNOTS ( 'NONE', 3, 1, ( 
 ( #6409, #1850 ),
 ( #3945, #5899 ),
 ( #2964, #4446 ),
 ( #2888, #5401 ),
 ( #440, #865 ),
 ( #3435, #1921 ),
 ( #4904, #5970 ),
 ( #6446, #942 ),
 ( #1437, #3466 ),
 ( #2462, #4977 ),
 ( #6510, #1954 ),
 ( #529, #1109 ),
 ( #6034, #2594 ),
 ( #5569, #6172 ),
 ( #14, #1505 ),
 ( #5174, #3634 ),
 ( #4545, #4516 ),
 ( #6543, #6134 ),
 ( #4611, #4638 ) ),
 .UNSPECIFIED., .F., .F., .F.,
 ( 4, 1, 1, 1, 1, 1, 1, 1, 1, 1, 1, 1, 1, 1, 1, 1, 4 ),
 ( 2, 2 ),
 ( 0.000000000000000000, 0.07590845146816251054, 0.1474840550859257138, 0.2134541939948025602, 0.2759788719411160884, 0.3355619591689266157, 0.3911561481359048242, 0.4456654311375550792, 0.4981128841142004604, 0.5512486429357615902, 0.6047369465968965851, 0.6619600714816530340, 0.7215431587094627286, 0.7838335983447309863, 0.8516025714140789127, 0.9231781750318422963, 0.9999999999999998890 ),
 ( 0.000000000000000000, 1.000000000000000000 ),
 .UNSPECIFIED. ) ;
#2402 = ORIENTED_EDGE ( 'NONE', *, *, #5692, .T. ) ;
#2403 = ADVANCED_FACE ( 'NONE', ( #4535 ), #517, .T. ) ;
#2404 = CARTESIAN_POINT ( 'NONE',  ( 1.922548998327803682, 2.134256245050205639E-18, -0.3672395638114488436 ) ) ;
#2405 = ORIENTED_EDGE ( 'NONE', *, *, #4267, .F. ) ;
#2406 = DIRECTION ( 'NONE',  ( -0.9489386288520962331, 0.000000000000000000, 0.3154607403026623014 ) ) ;
#2407 = EDGE_CURVE ( 'NONE', #3447, #2523, #2912, .T. ) ;
#2408 = CARTESIAN_POINT ( 'NONE',  ( 0.6719131938363177570, 0.01574803149606299885, -0.3520523919662433832 ) ) ;
#2409 = CARTESIAN_POINT ( 'NONE',  ( 2.155540181561382607, 0.01574803149606299191, -0.3850062883877574671 ) ) ;
#2410 = LINE ( 'NONE', #2945, #1502 ) ;
#2411 = CARTESIAN_POINT ( 'NONE',  ( 1.225933953607494020, 0.01574803149606298497, -0.5872844441293448847 ) ) ;
#2412 = ORIENTED_EDGE ( 'NONE', *, *, #567, .T. ) ;
#2413 = CARTESIAN_POINT ( 'NONE',  ( 1.055192417049457099, 0.01574803149606299191, -0.3969915979042681342 ) ) ;
#2414 = UNCERTAINTY_MEASURE_WITH_UNIT (LENGTH_MEASURE( 1.000000000000000082E-05 ), #2558, 'distance_accuracy_value', 'NONE');
#2415 = VERTEX_POINT ( 'NONE', #6058 ) ;
#2416 = VERTEX_POINT ( 'NONE', #5557 ) ;
#2417 = B_SPLINE_SURFACE_WITH_KNOTS ( 'NONE', 3, 1, ( 
 ( #5973, #3004 ),
 ( #470, #2494 ),
 ( #3038, #6546 ),
 ( #4014, #5045 ),
 ( #836, #244 ),
 ( #1344, #183 ),
 ( #2867, #4220 ),
 ( #6386, #4785 ),
 ( #2205, #3762 ),
 ( #6252, #1709 ),
 ( #4351, #2300 ),
 ( #2835, #2270 ),
 ( #3735, #5745 ),
 ( #1215, #213 ),
 ( #6353, #4255 ) ),
 .UNSPECIFIED., .F., .F., .F.,
 ( 4, 1, 1, 1, 1, 1, 1, 1, 1, 1, 1, 1, 4 ),
 ( 2, 2 ),
 ( 0.000000000000000000, 0.06533951850745566003, 0.1250485127290759668, 0.1822033927301165701, 0.2361763113539025460, 0.3411424770981549282, 0.4442644011285679095, 0.5003539618268374456, 0.5634916620403790377, 0.6342197450480123733, 0.7122202262778265514, 0.8660899508485824239, 1.000000000000000000 ),
 ( 0.000000000000000000, 1.000000000000000000 ),
 .UNSPECIFIED. ) ;
#2418 = CARTESIAN_POINT ( 'NONE',  ( 2.155515682990078119, 2.134256245050205639E-18, -0.5701577554578421969 ) ) ;
#2419 = CARTESIAN_POINT ( 'NONE',  ( 1.230604650143815704, 4.268512490100411279E-18, -0.3836191939354864910 ) ) ;
#2420 = CARTESIAN_POINT ( 'NONE',  ( 1.556964818900262726, 0.01574803149606299538, -0.3603044935183252750 ) ) ;
#2421 = CARTESIAN_POINT ( 'NONE',  ( 1.920048177909662535, 2.134256245050205639E-18, -0.3630123082880474250 ) ) ;
#2422 = VERTEX_POINT ( 'NONE', #5000 ) ;
#2423 = CARTESIAN_POINT ( 'NONE',  ( 1.039658203125000124, 0.000000000000000000, -0.3767285156249997602 ) ) ;
#2424 = CARTESIAN_POINT ( 'NONE',  ( 2.017295303861960321, 0.000000000000000000, -0.5191742615367678226 ) ) ;
#2425 = VERTEX_POINT ( 'NONE', #1872 ) ;
#2426 = CARTESIAN_POINT ( 'NONE',  ( 0.6462499999999998801, -0.3384390870230564174, -0.4587109374999998601 ) ) ;
#2427 = CARTESIAN_POINT ( 'NONE',  ( 1.445230051491205536, -2.134256245050205639E-18, -0.5985538056116296302 ) ) ;
#2428 = CARTESIAN_POINT ( 'NONE',  ( 1.900062807444366619, 0.01574803149606299538, -0.3519714513471415840 ) ) ;
#2429 = DIRECTION ( 'NONE',  ( 1.000000000000000000, 0.000000000000000000, 0.000000000000000000 ) ) ;
#2430 = CARTESIAN_POINT ( 'NONE',  ( 2.155219365734996728, 0.01574803149606299538, -0.5740025118769892520 ) ) ;
#2431 = ORIENTED_EDGE ( 'NONE', *, *, #4956, .F. ) ;
#2432 = VECTOR ( 'NONE', #6284, 39.37007874015748143 ) ;
#2433 = CARTESIAN_POINT ( 'NONE',  ( 1.783422074790649292, 0.01574803149606299191, -0.5907788793881989520 ) ) ;
#2434 = CARTESIAN_POINT ( 'NONE',  ( 1.365191665059306336, 0.000000000000000000, -0.3519525788324339710 ) ) ;
#2435 = ORIENTED_EDGE ( 'NONE', *, *, #3133, .T. ) ;
#2436 = EDGE_CURVE ( 'NONE', #3335, #3629, #1939, .T. ) ;
#2437 = CARTESIAN_POINT ( 'NONE',  ( 0.8330404240930936455, 0.01574803149606299191, -0.5884105727343099668 ) ) ;
#2438 = CARTESIAN_POINT ( 'NONE',  ( 1.227385462816605211, -2.134256245050205639E-18, -0.5845524987689059149 ) ) ;
#2439 = B_SPLINE_CURVE_WITH_KNOTS ( 'NONE', 3,
 ( #563, #1504, #1920, #3944, #4480, #4079, #3062, #6101, #1953, #3534, #6542, #2461 ),
 .UNSPECIFIED., .F., .F.,
 ( 4, 2, 2, 2, 2, 4 ),
 ( 0.000000000000000000, 0.0003208810466223466825, 0.0006417620932446933650, 0.0009626431398670399391, 0.001123083663178218051, 0.001283524186489396054 ),
 .UNSPECIFIED. ) ;
#2440 = EDGE_CURVE ( 'NONE', #2289, #3969, #5957, .T. ) ;
#2441 = ADVANCED_FACE ( 'NONE', ( #2612 ), #5586, .F. ) ;
#2442 = CARTESIAN_POINT ( 'NONE',  ( 0.8842794793886483706, 2.134256245050205639E-18, -0.4223117828916387873 ) ) ;
#2443 = CARTESIAN_POINT ( 'NONE',  ( 1.918882637217575127, 0.01574803149606299191, -0.3977976965957893962 ) ) ;
#2444 = CARTESIAN_POINT ( 'NONE',  ( 0.5949659583850825939, 0.000000000000000000, -0.6016660654787081564 ) ) ;
#2445 = ORIENTED_EDGE ( 'NONE', *, *, #5437, .T. ) ;
#2446 = CARTESIAN_POINT ( 'NONE',  ( 0.8409309354766197897, 0.01574803149606299885, -0.5921044101421921724 ) ) ;
#2447 = AXIS2_PLACEMENT_3D ( 'NONE', #4138, #493, #5658 ) ;
#2448 = VERTEX_POINT ( 'NONE', #5716 ) ;
#2449 = CARTESIAN_POINT ( 'NONE',  ( 2.153768999443915089, 2.134256245050205639E-18, -0.5808254009903582871 ) ) ;
#2450 = CARTESIAN_POINT ( 'NONE',  ( 1.216057590040853897, 4.268512490100411279E-18, -0.3580154902424591001 ) ) ;
#2451 = CARTESIAN_POINT ( 'NONE',  ( 1.063547354717262916, 0.01574803149606299191, -0.4647665737124370144 ) ) ;
#2452 = CARTESIAN_POINT ( 'NONE',  ( 1.920048177909662535, 0.01574803149606298844, -0.3630123082880474250 ) ) ;
#2453 = ORIENTED_EDGE ( 'NONE', *, *, #5808, .T. ) ;
#2454 = CARTESIAN_POINT ( 'NONE',  ( 1.474148470578387604, 0.000000000000000000, -0.5662579296143110952 ) ) ;
#2455 = CARTESIAN_POINT ( 'NONE',  ( 2.039795055005177993, 0.01574803149606298844, -0.3551103306474668320 ) ) ;
#2456 = CARTESIAN_POINT ( 'NONE',  ( 1.855625000000000302, 0.01574803149606299191, -0.4112499999999996159 ) ) ;
#2457 = CARTESIAN_POINT ( 'NONE',  ( 1.258540019606416482, -2.134256245050205639E-18, -0.5841697710432443014 ) ) ;
#2458 = ORIENTED_EDGE ( 'NONE', *, *, #177, .F. ) ;
#2459 = CARTESIAN_POINT ( 'NONE',  ( 0.7994196913718484288, 0.000000000000000000, -0.5272473166237291453 ) ) ;
#2460 = EDGE_CURVE ( 'NONE', #4778, #549, #2635, .T. ) ;
#2461 = CARTESIAN_POINT ( 'NONE',  ( 0.8242773437500000577, 0.01574803149606299191, -0.3518749999999999933 ) ) ;
#2462 = CARTESIAN_POINT ( 'NONE',  ( 0.9945309130506972961, 0.01574803149606299191, -0.5909441995387920699 ) ) ;
#2463 = CARTESIAN_POINT ( 'NONE',  ( 1.072421875000000080, -0.3384390870230564174, -0.5987499999999996714 ) ) ;
#2464 = CARTESIAN_POINT ( 'NONE',  ( 1.886200068944279717, 2.134256245050205639E-18, -0.3534409982751858803 ) ) ;
#2465 = CARTESIAN_POINT ( 'NONE',  ( 2.143321193362923260, 0.01574803149606299538, -0.5945022981373065951 ) ) ;
#2466 = ORIENTED_EDGE ( 'NONE', *, *, #5635, .T. ) ;
#2467 = CARTESIAN_POINT ( 'NONE',  ( 1.766367187499999991, 0.01574803149606299191, -0.5573437499999995826 ) ) ;
#2468 = CARTESIAN_POINT ( 'NONE',  ( 0.8997117927316486963, 1.067128122525102820E-17, -0.4957599516431793751 ) ) ;
#2469 = ORIENTED_EDGE ( 'NONE', *, *, #1122, .T. ) ;
#2470 = B_SPLINE_SURFACE_WITH_KNOTS ( 'NONE', 3, 1, ( 
 ( #2255, #3806 ),
 ( #2384, #4407 ),
 ( #3905, #5003 ),
 ( #5559, #6533 ),
 ( #1037, #4071 ),
 ( #2420, #3937 ),
 ( #3055, #2954 ),
 ( #970, #1910 ),
 ( #1977, #6023 ),
 ( #1526, #4469 ),
 ( #894, #5525 ) ),
 .UNSPECIFIED., .F., .F., .F.,
 ( 4, 1, 1, 1, 1, 1, 1, 1, 4 ),
 ( 2, 2 ),
 ( 0.000000000000000000, 0.1443286686721435008, 0.2759097428990065493, 0.3964775567162263648, 0.5136537139577205258, 0.6289765551232102681, 0.7436735563613431355, 0.8664160992359852820, 0.9999999999999998890 ),
 ( 0.000000000000000000, 1.000000000000000000 ),
 .UNSPECIFIED. ) ;
#2471 = DIRECTION ( 'NONE',  ( -0.000000000000000000, 0.000000000000000000, -1.000000000000000000 ) ) ;
#2472 = FACE_OUTER_BOUND ( 'NONE', #966, .T. ) ;
#2473 = CARTESIAN_POINT ( 'NONE',  ( 1.869040423395333939, -4.268512490100411279E-18, -0.3760205424103839622 ) ) ;
#2474 = CARTESIAN_POINT ( 'NONE',  ( 0.9462499999999999245, 0.01574803149606299191, -0.3836132812499999378 ) ) ;
#2475 = DIRECTION ( 'NONE',  ( 0.000000000000000000, 0.000000000000000000, 1.000000000000000000 ) ) ;
#2476 = CARTESIAN_POINT ( 'NONE',  ( 1.230604650143815704, 0.000000000000000000, -0.3836191939354864910 ) ) ;
#2477 = ORIENTED_EDGE ( 'NONE', *, *, #349, .T. ) ;
#2478 = CARTESIAN_POINT ( 'NONE',  ( 1.812851562500000124, 0.01574803149606298844, -0.6018749999999996048 ) ) ;
#2479 = FACE_OUTER_BOUND ( 'NONE', #1278, .T. ) ;
#2480 = CARTESIAN_POINT ( 'NONE',  ( 1.679011646075235120, 0.01574803149606299885, -0.5883559831095005466 ) ) ;
#2481 = CARTESIAN_POINT ( 'NONE',  ( 1.070103905273345202, 0.000000000000000000, -0.5986923415339925336 ) ) ;
#2482 = CARTESIAN_POINT ( 'NONE',  ( 1.472649872294380380, 0.01574803149606299191, -0.5706365735033217534 ) ) ;
#2483 = CARTESIAN_POINT ( 'NONE',  ( 1.081015625000000036, -0.3384390870230564174, -0.5049999999999997824 ) ) ;
#2484 = CARTESIAN_POINT ( 'NONE',  ( 0.7993749999999999467, 0.01574803149606299538, -0.5294628906249999600 ) ) ;
#2485 = B_SPLINE_CURVE_WITH_KNOTS ( 'NONE', 3,
 ( #718, #5240, #4766, #2192, #231, #4273, #5826, #1752, #752, #6300, #3776 ),
 .UNSPECIFIED., .F., .F.,
 ( 4, 1, 1, 1, 1, 1, 1, 1, 4 ),
 ( 0.000000000000000000, 0.1583008043695089961, 0.2988988626419345485, 0.4253051064553067251, 0.5436927134208047185, 0.6563171264500864410, 0.7663688711917261420, 0.8797438229928655762, 1.000000000000000000 ),
 .UNSPECIFIED. ) ;
#2486 = CARTESIAN_POINT ( 'NONE',  ( 2.015184491534407929, 0.01574803149606299191, -0.5281386530777031352 ) ) ;
#2487 = EDGE_LOOP ( 'NONE', ( #5903, #2937, #5545, #3907 ) ) ;
#2488 = PRESENTATION_LAYER_ASSIGNMENT (  '', '', ( #158 ) ) ;
#2489 = EDGE_CURVE ( 'NONE', #2177, #2416, #1556, .T. ) ;
#2490 = CARTESIAN_POINT ( 'NONE',  ( 1.979133116242129065, 0.000000000000000000, -0.4787707265917642285 ) ) ;
#2491 = FACE_OUTER_BOUND ( 'NONE', #5328, .T. ) ;
#2492 = CARTESIAN_POINT ( 'NONE',  ( 1.496105986326241366, 2.134256245050205639E-18, -0.5985482803997088652 ) ) ;
#2493 = FACE_OUTER_BOUND ( 'NONE', #2579, .T. ) ;
#2494 = CARTESIAN_POINT ( 'NONE',  ( 1.726882376542016706, 0.000000000000000000, -0.3519061845898462382 ) ) ;
#2495 = AXIS2_PLACEMENT_3D ( 'NONE', #705, #6163, #6095 ) ;
#2496 = CARTESIAN_POINT ( 'NONE',  ( 2.124506589642706000, -2.134256245050205639E-18, -0.5987420392555313775 ) ) ;
#2497 = EDGE_CURVE ( 'NONE', #4250, #226, #4456, .T. ) ;
#2498 = DIMENSIONAL_EXPONENTS ( 1.000000000000000000, 0.000000000000000000, 0.000000000000000000, 0.000000000000000000, 0.000000000000000000, 0.000000000000000000, 0.000000000000000000 ) ;
#2499 = CARTESIAN_POINT ( 'NONE',  ( 0.8720118031735561992, 0.000000000000000000, -0.5510334371996690184 ) ) ;
#2500 = LINE ( 'NONE', #342, #1782 ) ;
#2501 = CARTESIAN_POINT ( 'NONE',  ( 0.8242773437499998357, 0.000000000000000000, -0.3518749999999999378 ) ) ;
#2502 = ORIENTED_EDGE ( 'NONE', *, *, #781, .T. ) ;
#2503 =( LENGTH_UNIT ( ) NAMED_UNIT ( * ) SI_UNIT ( $, .METRE. ) );
#2504 = B_SPLINE_CURVE_WITH_KNOTS ( 'NONE', 3,
 ( #4572, #3124, #494, #3532, #6127, #5530 ),
 .UNSPECIFIED., .F., .F.,
 ( 4, 2, 4 ),
 ( 0.000000000000000000, 0.0003506961047705099265, 0.0007013922095410198530 ),
 .UNSPECIFIED. ) ;
#2505 = CARTESIAN_POINT ( 'NONE',  ( 1.917246093750000213, 0.01574803149606298844, -0.4019238281249996603 ) ) ;
#2506 = VERTEX_POINT ( 'NONE', #3652 ) ;
#2507 = B_SPLINE_SURFACE_WITH_KNOTS ( 'NONE', 3, 1, ( 
 ( #4313, #2762 ),
 ( #5866, #3369 ),
 ( #6381, #5314 ),
 ( #3301, #208 ),
 ( #5252, #6313 ),
 ( #2266, #306 ),
 ( #4282, #3788 ),
 ( #4742, #5800 ),
 ( #2331, #2731 ),
 ( #762, #5374 ),
 ( #6347, #2831 ),
 ( #5343, #1790 ),
 ( #3819, #1310 ),
 ( #3333, #796 ),
 ( #2362, #4345 ) ),
 .UNSPECIFIED., .F., .F., .F.,
 ( 4, 1, 1, 1, 1, 1, 1, 1, 1, 1, 1, 1, 4 ),
 ( 2, 2 ),
 ( 0.000000000000000000, 0.08982642785779589023, 0.1767211832472077027, 0.2617204418045054881, 0.3460682841366448659, 0.4289269636933879526, 0.5100703946192473026, 0.5909731262879089897, 0.6722378515367964935, 0.7538291707787544427, 0.8348462629727341211, 0.9170605267361193746, 1.000000000000000000 ),
 ( 0.000000000000000000, 1.000000000000000000 ),
 .UNSPECIFIED. ) ;
#2508 = PLANE ( 'NONE',  #4018 ) ;
#2509 = CARTESIAN_POINT ( 'NONE',  ( 1.287558593749999813, 0.000000000000000000, -0.5518749999999997824 ) ) ;
#2510 = CARTESIAN_POINT ( 'NONE',  ( 1.061820841210948885, 0.01574803149606299191, -0.3985097526745355889 ) ) ;
#2511 = EDGE_LOOP ( 'NONE', ( #4676, #3215, #858, #2458 ) ) ;
#2512 = ORIENTED_EDGE ( 'NONE', *, *, #2723, .T. ) ;
#2513 = ORIENTED_EDGE ( 'NONE', *, *, #5363, .F. ) ;
#2514 = B_SPLINE_CURVE_WITH_KNOTS ( 'NONE', 3,
 ( #4242, #1780, #200, #6302, #3810, #5828, #2720, #4803, #6271, #3749, #2287 ),
 .UNSPECIFIED., .F., .F.,
 ( 4, 1, 1, 1, 1, 1, 1, 1, 4 ),
 ( 0.000000000000000000, 0.1372271037084317191, 0.2645772565304190804, 0.3860733731308828576, 0.5035008668537451770, 0.6209119064122828879, 0.7410096835365320711, 0.8667567864179092085, 1.000000000000000000 ),
 .UNSPECIFIED. ) ;
#2515 = CARTESIAN_POINT ( 'NONE',  ( 0.8242773437500000577, 0.01574803149606299191, -0.3518749999999999933 ) ) ;
#2516 = CARTESIAN_POINT ( 'NONE',  ( 2.005625000000000213, 0.01574803149606299538, -0.4304882812499996048 ) ) ;
#2517 = CARTESIAN_POINT ( 'NONE',  ( 1.078748148508783311, 0.000000000000000000, -0.4613338901985369889 ) ) ;
#2518 = CARTESIAN_POINT ( 'NONE',  ( 1.054608346085519344, 0.000000000000000000, -0.5953584098797645163 ) ) ;
#2519 = LINE ( 'NONE', #5996, #627 ) ;
#2520 =( NAMED_UNIT ( * ) SI_UNIT ( $, .STERADIAN. ) SOLID_ANGLE_UNIT ( ) );
#2521 = CARTESIAN_POINT ( 'NONE',  ( 1.960401177559732089, 0.01574803149606299191, -0.5275525584092636278 ) ) ;
#2522 = CARTESIAN_POINT ( 'NONE',  ( 1.479468750114241837, 0.01574803149606299538, -0.5589593715860309286 ) ) ;
#2523 = VERTEX_POINT ( 'NONE', #6121 ) ;
#2524 = LINE ( 'NONE', #6067, #2853 ) ;
#2525 = EDGE_CURVE ( 'NONE', #218, #3311, #1539, .T. ) ;
#2526 = CARTESIAN_POINT ( 'NONE',  ( 1.955653175368279539, 0.000000000000000000, -0.4555727674424707718 ) ) ;
#2527 = CARTESIAN_POINT ( 'NONE',  ( 1.070103885656789711, 2.134256245050205639E-18, -0.5550576459251815864 ) ) ;
#2528 = CARTESIAN_POINT ( 'NONE',  ( 1.989414062500000080, 0.000000000000000000, -0.3638378906249996048 ) ) ;
#2529 = CARTESIAN_POINT ( 'NONE',  ( 1.704414737428684656, 0.01574803149606299191, -0.3599252507173374971 ) ) ;
#2530 = ADVANCED_FACE ( 'NONE', ( #4658 ), #2037, .F. ) ;
#2531 = CARTESIAN_POINT ( 'NONE',  ( 2.007201758097337585, -2.134256245050205639E-18, -0.4197279087018289112 ) ) ;
#2532 = EDGE_CURVE ( 'NONE', #2448, #3148, #807, .T. ) ;
#2533 = FACE_OUTER_BOUND ( 'NONE', #5135, .T. ) ;
#2534 = CARTESIAN_POINT ( 'NONE',  ( 0.8877373489994101474, 0.01574803149606299191, -0.5987327012354133338 ) ) ;
#2535 = CARTESIAN_POINT ( 'NONE',  ( 0.8422887059051977765, 0.01574803149606298844, -0.4669034945368846778 ) ) ;
#2536 = LINE ( 'NONE', #4554, #906 ) ;
#2537 = CARTESIAN_POINT ( 'NONE',  ( 1.552113906292894363, 0.01574803149606299885, -0.3677913020036460701 ) ) ;
#2538 = ORIENTED_EDGE ( 'NONE', *, *, #3484, .F. ) ;
#2539 = VECTOR ( 'NONE', #5270, 39.37007874015748143 ) ;
#2540 = ORIENTED_EDGE ( 'NONE', *, *, #730, .F. ) ;
#2541 = VECTOR ( 'NONE', #4041, 39.37007874015748143 ) ;
#2542 = CARTESIAN_POINT ( 'NONE',  ( 1.949488372268713965, 0.01574803149606299191, -0.4230559367002675319 ) ) ;
#2543 = CARTESIAN_POINT ( 'NONE',  ( 1.450749392804951299, 2.134256245050205639E-18, -0.5973976626379204902 ) ) ;
#2544 = CARTESIAN_POINT ( 'NONE',  ( 1.661040479109264778, 2.134256245050205639E-18, -0.5520525501284386793 ) ) ;
#2545 = VECTOR ( 'NONE', #2617, 39.37007874015748143 ) ;
#2546 = CARTESIAN_POINT ( 'NONE',  ( 0.5735561795549299902, 0.01574803149606299885, -0.5825725392066368746 ) ) ;
#2547 = EDGE_LOOP ( 'NONE', ( #26, #5990, #3171, #3440, #2466, #4760, #4795, #1963, #2435, #4008, #334 ) ) ;
#2548 = B_SPLINE_CURVE_WITH_KNOTS ( 'NONE', 3,
 ( #3879, #2965, #468, #1438, #3467, #5900, #3980, #3915, #1406, #827, #1371, #944, #370, #2395, #5434, #2927, #4940, #6004, #6544 ),
 .UNSPECIFIED., .F., .F.,
 ( 4, 1, 1, 1, 1, 1, 1, 1, 1, 1, 1, 1, 1, 1, 1, 1, 4 ),
 ( 0.000000000000000000, 0.05905386983810188145, 0.1149064111471858468, 0.1683363985828629783, 0.2188218083615692255, 0.2690138084820254960, 0.3183377085301799525, 0.3685130492486877740, 0.4209320508175067310, 0.4760462544031611176, 0.5352556472514578001, 0.5992555639452635807, 0.6682508859597999784, 0.7425064992799548236, 0.8221474463707814095, 0.9081608615279551655, 1.000000000000000000 ),
 .UNSPECIFIED. ) ;
#2549 = ORIENTED_EDGE ( 'NONE', *, *, #291, .F. ) ;
#2550 = CARTESIAN_POINT ( 'NONE',  ( 1.441390423178507962, 0.000000000000000000, -0.5519363073328391600 ) ) ;
#2551 = CARTESIAN_POINT ( 'NONE',  ( 2.012264559271591757, 0.01574803149606299538, -0.4102079399784689384 ) ) ;
#2552 = VECTOR ( 'NONE', #3755, 39.37007874015748143 ) ;
#2553 = CARTESIAN_POINT ( 'NONE',  ( 1.174375000000000169, -0.3384390870230564174, -0.5049999999999997824 ) ) ;
#2554 = CARTESIAN_POINT ( 'NONE',  ( 1.059728331252728584, 0.01574803149606299538, -0.5973535810572780935 ) ) ;
#2555 = CARTESIAN_POINT ( 'NONE',  ( 1.068710937500000124, 0.000000000000000000, -0.3987499999999997158 ) ) ;
#2556 = CARTESIAN_POINT ( 'NONE',  ( 0.8556337269149567604, 0.01574803149606299538, -0.4631393428201541762 ) ) ;
#2557 = CARTESIAN_POINT ( 'NONE',  ( 1.788490774745094658, 2.134256245050205639E-18, -0.5949189038679593144 ) ) ;
#2558 =( CONVERSION_BASED_UNIT ( 'INCH', #3596 ) LENGTH_UNIT ( ) NAMED_UNIT ( #423 ) );
#2559 = AXIS2_PLACEMENT_3D ( 'NONE', #3857, #879, #3892 ) ;
#2560 = CARTESIAN_POINT ( 'NONE',  ( 0.8859349159569025467, 0.01574803149606299885, -0.4248252287514330261 ) ) ;
#2561 = CARTESIAN_POINT ( 'NONE',  ( 1.043515625000000169, 0.01574803149606299191, -0.5769726562499998268 ) ) ;
#2562 = B_SPLINE_CURVE_WITH_KNOTS ( 'NONE', 3,
 ( #6429, #4428, #2946, #3077, #6524, #4621, #512, #3994, #6082, #1058, #3481, #5481 ),
 .UNSPECIFIED., .F., .F.,
 ( 4, 2, 2, 2, 2, 4 ),
 ( 0.000000000000000000, 0.0003044560669634734356, 0.0006089121339269468712, 0.0009133682008904203068, 0.001065596234372146508, 0.001217824267853872709 ),
 .UNSPECIFIED. ) ;
#2563 = CARTESIAN_POINT ( 'NONE',  ( 0.7994196913718484288, 0.01574803149606299538, -0.5272473166237291453 ) ) ;
#2564 = CARTESIAN_POINT ( 'NONE',  ( 2.019999498197963206, 0.01574803149606298844, -0.5148762421358037411 ) ) ;
#2565 = CARTESIAN_POINT ( 'NONE',  ( 2.047815618776020585, 0.01574803149606299191, -0.5543370871909544251 ) ) ;
#2566 = B_SPLINE_SURFACE_WITH_KNOTS ( 'NONE', 3, 1, ( 
 ( #2796, #3238 ),
 ( #5773, #3848 ),
 ( #1340, #3269 ),
 ( #1277, #2233 ),
 ( #3757, #4844 ),
 ( #1821, #4776 ),
 ( #1211, #5835 ),
 ( #5284, #729 ),
 ( #1761, #2296 ),
 ( #1242, #271 ),
 ( #240, #339 ) ),
 .UNSPECIFIED., .F., .F., .F.,
 ( 4, 1, 1, 1, 1, 1, 1, 1, 4 ),
 ( 2, 2 ),
 ( 0.000000000000000000, 0.1561197495600662177, 0.2960134668503227040, 0.4211393597100632213, 0.5386135333322734642, 0.6515989600344560539, 0.7626670123365520970, 0.8772623139253620250, 1.000000000000000000 ),
 ( 0.000000000000000000, 1.000000000000000000 ),
 .UNSPECIFIED. ) ;
#2567 = CARTESIAN_POINT ( 'NONE',  ( 0.8333704806256915232, 0.000000000000000000, -0.4709300056048693617 ) ) ;
#2568 = CARTESIAN_POINT ( 'NONE',  ( 1.856943359375000657, 0.000000000000000000, -0.5549999999999997158 ) ) ;
#2569 = CARTESIAN_POINT ( 'NONE',  ( 0.7951757812499999911, 0.01574803149606299538, -0.3738476562499999378 ) ) ;
#2570 = CARTESIAN_POINT ( 'NONE',  ( 2.019150390625000124, 0.000000000000000000, -0.5161816406249996048 ) ) ;
#2571 = CARTESIAN_POINT ( 'NONE',  ( 1.268786253098861616, 0.01574803149606299191, -0.5555375894150001992 ) ) ;
#2572 = DIRECTION ( 'NONE',  ( -1.000000000000000000, 0.000000000000000000, 0.000000000000000000 ) ) ;
#2573 = CARTESIAN_POINT ( 'NONE',  ( 2.000919176249282838, 0.01574803149606299191, -0.5928624482387314654 ) ) ;
#2574 = EDGE_LOOP ( 'NONE', ( #4471, #478, #4532, #1711 ) ) ;
#2575 = CARTESIAN_POINT ( 'NONE',  ( 1.341339818900262770, 2.134256245050205639E-18, -0.3603044935183252750 ) ) ;
#2576 = CARTESIAN_POINT ( 'NONE',  ( 1.451035150066392498, 2.134256245050205639E-18, -0.5532751565046322151 ) ) ;
#2577 = CARTESIAN_POINT ( 'NONE',  ( 0.7490332031249997691, 0.01574803149606299538, -0.6018749999999998268 ) ) ;
#2578 = ORIENTED_EDGE ( 'NONE', *, *, #2033, .T. ) ;
#2579 = EDGE_LOOP ( 'NONE', ( #515, #5410, #5820, #5780 ) ) ;
#2580 = ORIENTED_EDGE ( 'NONE', *, *, #1641, .F. ) ;
#2581 = CARTESIAN_POINT ( 'NONE',  ( 0.7670399669067016202, 0.01574803149606299885, -0.5951501550381453898 ) ) ;
#2582 = CARTESIAN_POINT ( 'NONE',  ( 2.054208984375000213, 0.01574803149606299191, -0.4612499999999996048 ) ) ;
#2583 = CARTESIAN_POINT ( 'NONE',  ( 0.6760351562499997691, 0.01574803149606299885, -0.3518749999999999378 ) ) ;
#2584 = CARTESIAN_POINT ( 'NONE',  ( 0.6462499999999998801, 0.01574803149606299191, -0.3841015624999998823 ) ) ;
#2585 = CARTESIAN_POINT ( 'NONE',  ( 1.059728331252728584, 0.000000000000000000, -0.5973535810572780935 ) ) ;
#2586 = CARTESIAN_POINT ( 'NONE',  ( 1.472373046875000036, 0.000000000000000000, -0.5752148437499997602 ) ) ;
#2587 = CARTESIAN_POINT ( 'NONE',  ( 1.960213659997340319, 0.000000000000000000, -0.5332309641453985005 ) ) ;
#2588 = CARTESIAN_POINT ( 'NONE',  ( 1.792422440190068134, 2.134256245050205639E-18, -0.5973487755846373926 ) ) ;
#2589 = CARTESIAN_POINT ( 'NONE',  ( 0.8758201936797620490, 0.01574803149606299191, -0.5525026209509558139 ) ) ;
#2590 = EDGE_LOOP ( 'NONE', ( #6130, #1642, #2095, #5396 ) ) ;
#2591 = FILL_AREA_STYLE_COLOUR ( '', #204 ) ;
#2592 = CARTESIAN_POINT ( 'NONE',  ( 1.702199551826487411, 2.134256245050205639E-18, -0.3989447913867669726 ) ) ;
#2593 = CARTESIAN_POINT ( 'NONE',  ( 1.256975905808918492, 0.01574803149606299538, -0.5715721036741754357 ) ) ;
#2594 = CARTESIAN_POINT ( 'NONE',  ( 0.9871983303848078650, 1.067128122525102820E-17, -0.5957356426193908261 ) ) ;
#2595 = CARTESIAN_POINT ( 'NONE',  ( 2.001286800418572209, 0.000000000000000000, -0.5930449820051355569 ) ) ;
#2596 = CARTESIAN_POINT ( 'NONE',  ( 2.030429430561831783, 0.01574803149606299191, -0.5511356539183940306 ) ) ;
#2597 = CARTESIAN_POINT ( 'NONE',  ( 0.8137381603342168646, 0.01574803149606299191, -0.4161874130642081449 ) ) ;
#2598 = ORIENTED_EDGE ( 'NONE', *, *, #5013, .T. ) ;
#2599 = CARTESIAN_POINT ( 'NONE',  ( 2.057528683862053676, -2.134256245050205639E-18, -0.5019134423683149215 ) ) ;
#2600 = DIRECTION ( 'NONE',  ( 0.000000000000000000, -1.000000000000000000, 0.000000000000000000 ) ) ;
#2601 = CARTESIAN_POINT ( 'NONE',  ( 0.9236965390493614425, 1.067128122525102820E-17, -0.4542960171287283022 ) ) ;
#2602 = ORIENTED_EDGE ( 'NONE', *, *, #5323, .F. ) ;
#2603 = UNCERTAINTY_MEASURE_WITH_UNIT (LENGTH_MEASURE( 1.000000000000000082E-05 ), #2759, 'distance_accuracy_value', 'NONE');
#2604 = CARTESIAN_POINT ( 'NONE',  ( 1.984685984676995751, 0.000000000000000000, -0.3660941520776487268 ) ) ;
#2605 = CARTESIAN_POINT ( 'NONE',  ( 1.465143299505553109, 2.134256245050205639E-18, -0.5657125978330272975 ) ) ;
#2606 = ADVANCED_FACE ( 'NONE', ( #774 ), #407, .F. ) ;
#2607 = CARTESIAN_POINT ( 'NONE',  ( 0.9953934984209859005, 0.01574803149606298844, -0.3600060857883610188 ) ) ;
#2608 = ORIENTED_EDGE ( 'NONE', *, *, #1944, .F. ) ;
#2609 = ORIENTED_EDGE ( 'NONE', *, *, #6392, .T. ) ;
#2610 = EDGE_CURVE ( 'NONE', #4418, #4454, #2305, .T. ) ;
#2611 = CARTESIAN_POINT ( 'NONE',  ( 0.7742552463041310062, 0.000000000000000000, -0.5801756533029216456 ) ) ;
#2612 = FACE_OUTER_BOUND ( 'NONE', #5125, .T. ) ;
#2613 = CARTESIAN_POINT ( 'NONE',  ( 2.134182966339456478, 0.01574803149606298844, -0.3559432111860143522 ) ) ;
#2614 = EDGE_CURVE ( 'NONE', #5713, #2245, #3860, .T. ) ;
#2615 = CARTESIAN_POINT ( 'NONE',  ( 0.8578710937500000355, 6.402768735150616918E-18, -0.4626660156249999822 ) ) ;
#2616 = CARTESIAN_POINT ( 'NONE',  ( 1.989433014649707454, 0.01574803149606299191, -0.4873088715191611908 ) ) ;
#2617 = DIRECTION ( 'NONE',  ( -1.000000000000000000, 0.000000000000000000, 0.000000000000000000 ) ) ;
#2618 = LINE ( 'NONE', #3089, #4762 ) ;
#2619 = CARTESIAN_POINT ( 'NONE',  ( 1.782027422911111936, 2.134256245050205639E-18, -0.5892853783513849475 ) ) ;
#2620 = ORIENTED_EDGE ( 'NONE', *, *, #5893, .F. ) ;
#2621 = CARTESIAN_POINT ( 'NONE',  ( 1.230625000000000302, -0.3384390870230564174, -0.5661328124999996936 ) ) ;
#2622 = DIRECTION ( 'NONE',  ( -1.000000000000000000, 0.000000000000000000, 0.000000000000000000 ) ) ;
#2623 = CARTESIAN_POINT ( 'NONE',  ( 0.7611449811387246411, 0.01574803149606299538, -0.5483252055152786353 ) ) ;
#2624 = CARTESIAN_POINT ( 'NONE',  ( 2.050107421875000391, 0.000000000000000000, -0.3549999999999996492 ) ) ;
#2625 = CARTESIAN_POINT ( 'NONE',  ( 2.052206521829444519, 1.707404996040164512E-17, -0.4612361012066409915 ) ) ;
#2626 = CARTESIAN_POINT ( 'NONE',  ( 1.062126162326465506, 2.134256245050205639E-18, -0.3551710655532034910 ) ) ;
#2627 = CARTESIAN_POINT ( 'NONE',  ( 2.044852074620158611, -2.134256245050205639E-18, -0.5024753907114936080 ) ) ;
#2628 = CARTESIAN_POINT ( 'NONE',  ( 0.8212407113901343259, 0.01574803149606299191, -0.4789051209466686498 ) ) ;
#2629 =( LENGTH_UNIT ( ) NAMED_UNIT ( * ) SI_UNIT ( $, .METRE. ) );
#2630 = CARTESIAN_POINT ( 'NONE',  ( 0.8793554687499999245, 1.067128122525102820E-17, -0.4145703124999999267 ) ) ;
#2631 = EDGE_LOOP ( 'NONE', ( #2035, #4827, #2740, #2638 ) ) ;
#2632 = CARTESIAN_POINT ( 'NONE',  ( 1.337869505357658584, 2.134256245050205639E-18, -0.3650451582485014779 ) ) ;
#2633 = CARTESIAN_POINT ( 'NONE',  ( 1.994394531249999991, 2.134256245050205639E-18, -0.4849804687499996159 ) ) ;
#2634 = EDGE_CURVE ( 'NONE', #1028, #4557, #2771, .T. ) ;
#2635 = B_SPLINE_CURVE_WITH_KNOTS ( 'NONE', 3,
 ( #4104, #123, #4197, #6225, #1097, #5196, #1587, #5652, #646, #35, #3117, #1650, #91 ),
 .UNSPECIFIED., .F., .F.,
 ( 4, 1, 1, 1, 1, 1, 1, 1, 1, 1, 4 ),
 ( 0.000000000000000000, 0.06826956221573310390, 0.1320889381540154561, 0.1919016332309214645, 0.2492143638376859149, 0.3630012672170674914, 0.4779958626335583105, 0.5961490836256864156, 0.7137185746820928767, 0.8450720634756752059, 1.000000000000000000 ),
 .UNSPECIFIED. ) ;
#2636 = CARTESIAN_POINT ( 'NONE',  ( 0.8904394531249999467, 0.01574803149606299191, -0.5987499999999998934 ) ) ;
#2637 = VECTOR ( 'NONE', #6527, 39.37007874015748143 ) ;
#2638 = ORIENTED_EDGE ( 'NONE', *, *, #5077, .F. ) ;
#2639 = EDGE_CURVE ( 'NONE', #3758, #88, #4791, .T. ) ;
#2640 = CARTESIAN_POINT ( 'NONE',  ( 2.012172348064733995, -2.134256245050205639E-18, -0.4110767053371008339 ) ) ;
#2641 = ORIENTED_EDGE ( 'NONE', *, *, #4502, .F. ) ;
#2642 = VERTEX_POINT ( 'NONE', #3314 ) ;
#2643 = EDGE_CURVE ( 'NONE', #4713, #5512, #2318, .T. ) ;
#2644 = CARTESIAN_POINT ( 'NONE',  ( 0.7741154410003188158, 0.01574803149606299885, -0.5832168318869566104 ) ) ;
#2645 = CARTESIAN_POINT ( 'NONE',  ( 1.696362596534189526, -2.134256245050205639E-18, -0.3754299059923441040 ) ) ;
#2646 = AXIS2_PLACEMENT_3D ( 'NONE', #1710, #2704, #1155 ) ;
#2647 = CARTESIAN_POINT ( 'NONE',  ( 0.6462499999999998801, 0.01574803149606299885, -0.3841015624999998823 ) ) ;
#2648 = CARTESIAN_POINT ( 'NONE',  ( 0.8559511605375456078, 6.402768735150616918E-18, -0.4618816597035869109 ) ) ;
#2649 = LINE ( 'NONE', #3340, #2220 ) ;
#2650 = CARTESIAN_POINT ( 'NONE',  ( 1.780722656250000258, -0.3384390870230564174, -0.4549999999999996270 ) ) ;
#2651 = CARTESIAN_POINT ( 'NONE',  ( 0.9045182566459573081, 0.01574803149606299191, -0.5549892751282352599 ) ) ;
#2652 =( NAMED_UNIT ( * ) PLANE_ANGLE_UNIT ( ) SI_UNIT ( $, .RADIAN. ) );
#2653 = VECTOR ( 'NONE', #174, 39.37007874015748143 ) ;
#2654 = EDGE_CURVE ( 'NONE', #58, #5852, #3348, .T. ) ;
#2655 = CARTESIAN_POINT ( 'NONE',  ( 1.068710937500000124, 0.000000000000000000, -0.3987499999999997158 ) ) ;
#2656 = CARTESIAN_POINT ( 'NONE',  ( 1.198789062500000169, 0.01574803149606299191, -0.5987499999999996714 ) ) ;
#2657 = CARTESIAN_POINT ( 'NONE',  ( 1.333749999999999769, -0.1613455277634967266, -0.3840527343749997602 ) ) ;
#2658 = CARTESIAN_POINT ( 'NONE',  ( 0.8002543360456625399, 0.01574803149606299538, -0.5165785253627015461 ) ) ;
#2659 = CARTESIAN_POINT ( 'NONE',  ( 2.015595855502556155, 2.134256245050205639E-18, -0.3569713795882448193 ) ) ;
#2660 = AXIS2_PLACEMENT_3D ( 'NONE', #3416, #452, #3861 ) ;
#2661 = CARTESIAN_POINT ( 'NONE',  ( 2.024297578616763627, 0.01574803149606299191, -0.4572643449136007399 ) ) ;
#2662 = EDGE_CURVE ( 'NONE', #4999, #671, #3338, .T. ) ;
#2663 = CARTESIAN_POINT ( 'NONE',  ( 1.856487890401973706, 2.134256245050205639E-18, -0.5561556980009904061 ) ) ;
#2664 = CARTESIAN_POINT ( 'NONE',  ( 0.8242773437500000577, 0.01574803149606299191, -0.3518749999999999933 ) ) ;
#2665 = CARTESIAN_POINT ( 'NONE',  ( 1.268786253098861616, 0.000000000000000000, -0.5555375894150001992 ) ) ;
#2666 = SURFACE_SIDE_STYLE ('',( #505 ) ) ;
#2667 = CARTESIAN_POINT ( 'NONE',  ( 0.9019402472471180765, 1.067128122525102820E-17, -0.4441215900861946730 ) ) ;
#2668 = B_SPLINE_CURVE_WITH_KNOTS ( 'NONE', 3,
 ( #1730, #3756, #828, #761, #6346, #2761, #6380, #3237, #270, #305, #5251, #1760 ),
 .UNSPECIFIED., .F., .F.,
 ( 4, 2, 2, 2, 2, 4 ),
 ( 0.000000000000000000, 0.0001362464304400920403, 0.0002724928608801840805, 0.0005449857217603780273, 0.0008174785826405720282, 0.001089971443520766029 ),
 .UNSPECIFIED. ) ;
#2669 = EDGE_LOOP ( 'NONE', ( #241, #2684, #559, #2933, #4125, #3344, #411, #1235, #4947, #330, #2363, #1616, #3738, #4819, #3731 ) ) ;
#2670 = VERTEX_POINT ( 'NONE', #5942 ) ;
#2671 = CARTESIAN_POINT ( 'NONE',  ( 1.949712686094194458, 0.000000000000000000, -0.4165623942470850216 ) ) ;
#2672 = CARTESIAN_POINT ( 'NONE',  ( 0.8557758369944133969, 0.000000000000000000, -0.5299954653883763855 ) ) ;
#2673 = CARTESIAN_POINT ( 'NONE',  ( 1.970643310084932320, 0.01574803149606299191, -0.4733927557216454085 ) ) ;
#2674 = CARTESIAN_POINT ( 'NONE',  ( 0.9892982092800456373, 0.01574803149606298844, -0.3549460533626285774 ) ) ;
#2675 = ORIENTED_EDGE ( 'NONE', *, *, #5126, .T. ) ;
#2676 = ORIENTED_EDGE ( 'NONE', *, *, #3678, .F. ) ;
#2677 = LINE ( 'NONE', #3218, #3803 ) ;
#2678 = CARTESIAN_POINT ( 'NONE',  ( 2.019541649435408814, 0.01574803149606299885, -0.4551693575923215773 ) ) ;
#2679 = CARTESIAN_POINT ( 'NONE',  ( 1.474165019606416660, 0.01574803149606299885, -0.5841697710432448565 ) ) ;
#2680 = CARTESIAN_POINT ( 'NONE',  ( 0.8142220216572227942, 0.01574803149606298844, -0.4170330930400169001 ) ) ;
#2681 = DIRECTION ( 'NONE',  ( 0.000000000000000000, 0.000000000000000000, 1.000000000000000000 ) ) ;
#2682 = VERTEX_POINT ( 'NONE', #4910 ) ;
#2683 = CARTESIAN_POINT ( 'NONE',  ( 0.9014379788572238761, 0.01574803149606299191, -0.4435528453373339119 ) ) ;
#2684 = ORIENTED_EDGE ( 'NONE', *, *, #4346, .T. ) ;
#2685 = CARTESIAN_POINT ( 'NONE',  ( 1.956500871406266606, 0.01574803149606299885, -0.3943898679294016163 ) ) ;
#2686 = CARTESIAN_POINT ( 'NONE',  ( 1.976074589354286593, 0.000000000000000000, -0.3715362533805048328 ) ) ;
#2687 = CARTESIAN_POINT ( 'NONE',  ( 1.198789062500000169, 0.000000000000000000, -0.3549999999999997602 ) ) ;
#2688 = CARTESIAN_POINT ( 'NONE',  ( 0.8216756095633861445, -2.134256245050205639E-18, -0.5805406895911777720 ) ) ;
#2689 = DIRECTION ( 'NONE',  ( -0.000000000000000000, 1.000000000000000000, -0.000000000000000000 ) ) ;
#2690 = CARTESIAN_POINT ( 'NONE',  ( 0.8188634586325947984, 0.000000000000000000, -0.4810488752309269311 ) ) ;
#2691 = CARTESIAN_POINT ( 'NONE',  ( 2.025270847917124417, 0.01574803149606298497, -0.5089301997853604709 ) ) ;
#2692 = CARTESIAN_POINT ( 'NONE',  ( 2.017497027206465621, 0.01574803149606299191, -0.4540291119703209755 ) ) ;
#2693 = ADVANCED_FACE ( 'NONE', ( #4286 ), #911, .T. ) ;
#2694 = CARTESIAN_POINT ( 'NONE',  ( 0.8556249999999999689, 0.000000000000000000, -0.5257031249999999378 ) ) ;
#2695 = FACE_BOUND ( 'NONE', #6399, .T. ) ;
#2696 = PLANE ( 'NONE',  #3717 ) ;
#2697 = SURFACE_STYLE_USAGE ( .BOTH. , #2666 ) ;
#2698 = CARTESIAN_POINT ( 'NONE',  ( 0.9142535304472351187, 1.067128122525102820E-17, -0.4520311165661609620 ) ) ;
#2699 = ADVANCED_FACE ( 'NONE', ( #2269 ), #4951, .F. ) ;
#2700 = ORIENTED_EDGE ( 'NONE', *, *, #2033, .F. ) ;
#2701 = CARTESIAN_POINT ( 'NONE',  ( 1.045193643104723735, 0.01574803149606299191, -0.5686304425498303061 ) ) ;
#2702 = VECTOR ( 'NONE', #5673, 39.37007874015748143 ) ;
#2703 = CARTESIAN_POINT ( 'NONE',  ( 0.9694167277847146602, 2.134256245050205639E-18, -0.3521539927084422761 ) ) ;
#2704 = DIRECTION ( 'NONE',  ( -0.8387500072130602558, 0.000000000000000000, -0.5445166897351186863 ) ) ;
#2705 = ORIENTED_EDGE ( 'NONE', *, *, #2845, .F. ) ;
#2706 = VECTOR ( 'NONE', #5275, 39.37007874015748143 ) ;
#2707 = FACE_OUTER_BOUND ( 'NONE', #5455, .T. ) ;
#2708 = CARTESIAN_POINT ( 'NONE',  ( 1.855625000000000302, -0.3384390870230564174, -0.4112499999999996159 ) ) ;
#2709 = CARTESIAN_POINT ( 'NONE',  ( 2.014140831531316511, -2.134256245050205639E-18, -0.5964726633289825219 ) ) ;
#2710 = DIRECTION ( 'NONE',  ( -0.5483253738498512497, 0.000000000000000000, -0.8362650802182408638 ) ) ;
#2711 = EDGE_LOOP ( 'NONE', ( #4878, #247, #5260, #1686 ) ) ;
#2712 = CARTESIAN_POINT ( 'NONE',  ( 0.9462499999999999245, 0.01574803149606299191, -0.3836132812499999378 ) ) ;
#2713 = ORIENTED_EDGE ( 'NONE', *, *, #4502, .T. ) ;
#2714 = CARTESIAN_POINT ( 'NONE',  ( 0.5879492187499998357, 0.000000000000000000, -0.5476269531249998712 ) ) ;
#2715 = CARTESIAN_POINT ( 'NONE',  ( 1.696765627192600379, 2.134256245050205639E-18, -0.3816033850089007307 ) ) ;
#2716 = CARTESIAN_POINT ( 'NONE',  ( 0.6867657838989483787, 0.000000000000000000, -0.3536794301083531211 ) ) ;
#2717 = CARTESIAN_POINT ( 'NONE',  ( 0.8556249999999999689, -0.3384390870230564174, -0.5257031249999999378 ) ) ;
#2718 = EDGE_CURVE ( 'NONE', #1926, #2824, #2377, .T. ) ;
#2719 = B_SPLINE_CURVE_WITH_KNOTS ( 'NONE', 3,
 ( #5824, #6369, #6336, #2314, #1362, #3838, #6298, #2848, #3358, #1298, #6438, #4271, #5790, #2780, #2351 ),
 .UNSPECIFIED., .F., .F.,
 ( 4, 1, 1, 1, 1, 1, 1, 1, 1, 1, 1, 1, 4 ),
 ( 0.000000000000000000, 0.1471685421687705109, 0.2757230242461388148, 0.3904782141915172922, 0.4962410223293369782, 0.5482365040289873814, 0.6017102188982232924, 0.6583672629527976827, 0.7173562403611484228, 0.7810440564805918306, 0.8491132795901625840, 0.9219203822730512865, 1.000000000000000000 ),
 .UNSPECIFIED. ) ;
#2720 = CARTESIAN_POINT ( 'NONE',  ( 1.964726302747429099, 2.134256245050205639E-18, -0.5118480144107111496 ) ) ;
#2721 = CARTESIAN_POINT ( 'NONE',  ( 2.005664393837968795, 0.01574803149606299191, -0.4317760733735334644 ) ) ;
#2722 = ADVANCED_FACE ( 'NONE', ( #6493 ), #923, .T. ) ;
#2723 = EDGE_CURVE ( 'NONE', #6148, #2425, #390, .T. ) ;
#2724 = CARTESIAN_POINT ( 'NONE',  ( 1.898398437500000036, 0.000000000000000000, -0.3518749999999996603 ) ) ;
#2725 = CARTESIAN_POINT ( 'NONE',  ( 0.9695410156249998357, 0.000000000000000000, -0.5987499999999998934 ) ) ;
#2726 = PLANE ( 'NONE',  #1392 ) ;
#2727 = CARTESIAN_POINT ( 'NONE',  ( 0.8028276989471914149, 0.01574803149606299538, -0.3590826211141379676 ) ) ;
#2728 = DIRECTION ( 'NONE',  ( -1.000000000000000000, 0.000000000000000000, 0.000000000000000000 ) ) ;
#2729 = CARTESIAN_POINT ( 'NONE',  ( 2.054208984375000213, 0.01574803149606299191, -0.4612499999999996048 ) ) ;
#2730 = CARTESIAN_POINT ( 'NONE',  ( 0.7599707031249997025, 0.000000000000000000, -0.5464062499999999822 ) ) ;
#2731 = CARTESIAN_POINT ( 'NONE',  ( 0.8061231528806640512, 0.000000000000000000, -0.5603052434590530817 ) ) ;
#2732 = ORIENTED_EDGE ( 'NONE', *, *, #461, .F. ) ;
#2733 = EDGE_CURVE ( 'NONE', #4912, #2308, #2562, .T. ) ;
#2734 = DIRECTION ( 'NONE',  ( 0.000000000000000000, 0.000000000000000000, -1.000000000000000000 ) ) ;
#2735 = CARTESIAN_POINT ( 'NONE',  ( 1.949985377181279622, 2.134256245050205639E-18, -0.4369925174068654550 ) ) ;
#2736 = B_SPLINE_CURVE_WITH_KNOTS ( 'NONE', 3,
 ( #4526, #4556, #915, #1966, #5945, #1478, #954, #2939, #3477, #5477, #2537, #24, #5576, #2028 ),
 .UNSPECIFIED., .F., .F.,
 ( 4, 2, 2, 2, 2, 2, 4 ),
 ( 0.000000000000000000, 0.0001558665535185790906, 0.0003117331070371581812, 0.0004675996605557372447, 0.0006234662140743163624, 0.0009351993211114744894, 0.001246932428148632725 ),
 .UNSPECIFIED. ) ;
#2737 = LINE ( 'NONE', #3792, #1493 ) ;
#2738 = SURFACE_STYLE_USAGE ( .BOTH. , #4256 ) ;
#2739 = FACE_OUTER_BOUND ( 'NONE', #495, .T. ) ;
#2740 = ORIENTED_EDGE ( 'NONE', *, *, #249, .T. ) ;
#2741 = FACE_OUTER_BOUND ( 'NONE', #3900, .T. ) ;
#2742 = CARTESIAN_POINT ( 'NONE',  ( 1.578916015625000169, 2.134256245050205639E-18, -0.3518749999999998268 ) ) ;
#2743 = CARTESIAN_POINT ( 'NONE',  ( 1.856943359375000213, -0.3384390870230564174, -0.5549999999999996048 ) ) ;
#2744 = CARTESIAN_POINT ( 'NONE',  ( 1.656948959406033373, 2.134256245050205639E-18, -0.5986823350490794171 ) ) ;
#2745 = CARTESIAN_POINT ( 'NONE',  ( 2.038702901106868470, 0.01574803149606299191, -0.5532841026500059378 ) ) ;
#2746 = CARTESIAN_POINT ( 'NONE',  ( 0.5987637090795320249, 0.01574803149606299191, -0.6018034355877436292 ) ) ;
#2747 = EDGE_LOOP ( 'NONE', ( #4908, #3752, #4193, #1311 ) ) ;
#2748 = VECTOR ( 'NONE', #5905, 39.37007874015748143 ) ;
#2749 = CARTESIAN_POINT ( 'NONE',  ( 1.983521464443278370, 0.01574803149606299191, -0.3667241734310936474 ) ) ;
#2750 = CARTESIAN_POINT ( 'NONE',  ( 1.855525970477408970, -2.134256245050205639E-18, -0.5585964546710777689 ) ) ;
#2751 = CARTESIAN_POINT ( 'NONE',  ( 1.273151027711681316, 0.01574803149606299191, -0.5969494970435762493 ) ) ;
#2752 = DIRECTION ( 'NONE',  ( 0.000000000000000000, 1.000000000000000000, 0.000000000000000000 ) ) ;
#2753 = CARTESIAN_POINT ( 'NONE',  ( 1.666374392804951032, 2.134256245050205639E-18, -0.5973976626379204902 ) ) ;
#2754 = CARTESIAN_POINT ( 'NONE',  ( 2.005741045961778379, 1.707404996040164512E-17, -0.4342818460117119361 ) ) ;
#2755 = ORIENTED_EDGE ( 'NONE', *, *, #4096, .T. ) ;
#2756 = CARTESIAN_POINT ( 'NONE',  ( 0.7540556099053278283, -2.134256245050205639E-18, -0.6016278692608959533 ) ) ;
#2757 = CARTESIAN_POINT ( 'NONE',  ( 1.066425432574315879, 0.01574803149606298844, -0.3550593750210382926 ) ) ;
#2758 = CLOSED_SHELL ( 'NONE', ( #1523, #1435, #5642, #6307, #1638, #5470, #143, #465, #1490, #3276, #1938, #5489, #2693, #1633, #541, #6348, #6477, #3631, #1357, #5277, #4581, #6374, #4314, #83 ) ) ;
#2759 =( CONVERSION_BASED_UNIT ( 'INCH', #725 ) LENGTH_UNIT ( ) NAMED_UNIT ( #1983 ) );
#2760 = CARTESIAN_POINT ( 'NONE',  ( 0.5879492187499998357, 0.000000000000000000, -0.5476269531249998712 ) ) ;
#2761 = CARTESIAN_POINT ( 'NONE',  ( 1.476820570825160939, 0.01574803149606298844, -0.5887864489930761946 ) ) ;
#2762 = CARTESIAN_POINT ( 'NONE',  ( 0.8389257812499998357, 0.000000000000000000, -0.5912304687499998490 ) ) ;
#2763 = ORIENTED_EDGE ( 'NONE', *, *, #3568, .T. ) ;
#2764 = CARTESIAN_POINT ( 'NONE',  ( 1.386129476483686895, 0.000000000000000000, -0.3645620637580315737 ) ) ;
#2765 = CARTESIAN_POINT ( 'NONE',  ( 1.950842217940071288, 0.01574803149606299191, -0.4420132643240946568 ) ) ;
#2766 = CARTESIAN_POINT ( 'NONE',  ( 0.9913077908552079265, 0.01574803149606299538, -0.5940374756864236216 ) ) ;
#2767 = CARTESIAN_POINT ( 'NONE',  ( 0.9695410156249998357, -0.1613455277634967266, -0.5987499999999998934 ) ) ;
#2768 = CARTESIAN_POINT ( 'NONE',  ( 1.466660156249999902, 0.000000000000000000, -0.5752148437499997602 ) ) ;
#2769 = ORIENTED_EDGE ( 'NONE', *, *, #5126, .F. ) ;
#2770 = CARTESIAN_POINT ( 'NONE',  ( 1.077674646134319625, 0.01574803149606299191, -0.4613736067414306863 ) ) ;
#2771 = LINE ( 'NONE', #6327, #3396 ) ;
#2772 = PLANE ( 'NONE',  #4769 ) ;
#2773 = CARTESIAN_POINT ( 'NONE',  ( 1.671145130467351247, 2.134256245050205639E-18, -0.5953758084540667905 ) ) ;
#2774 = EDGE_CURVE ( 'NONE', #2416, #543, #5615, .T. ) ;
#2775 = EDGE_LOOP ( 'NONE', ( #341, #3686, #4915, #1854, #1330, #4354, #2367, #1501, #6518, #1489, #5165, #1533, #4035, #4932, #1025, #4462, #4493 ) ) ;
#2776 = CARTESIAN_POINT ( 'NONE',  ( 0.5842500788467165362, 2.134256245050205639E-18, -0.5531810519692879069 ) ) ;
#2777 = EDGE_LOOP ( 'NONE', ( #1936, #1719, #591, #5613, #194, #1127 ) ) ;
#2778 = EDGE_CURVE ( 'NONE', #2103, #3385, #2788, .T. ) ;
#2779 = CARTESIAN_POINT ( 'NONE',  ( 1.856943359375000435, -2.134256245050205639E-18, -0.5549999999999997158 ) ) ;
#2780 = CARTESIAN_POINT ( 'NONE',  ( 2.124538142416017905, 0.000000000000000000, -0.3550359142965932024 ) ) ;
#2781 = CARTESIAN_POINT ( 'NONE',  ( 1.203211530126478745, 0.01574803149606299191, -0.3551150120209323191 ) ) ;
#2782 = LINE ( 'NONE', #5271, #2966 ) ;
#2783 = ORIENTED_EDGE ( 'NONE', *, *, #3712, .T. ) ;
#2784 = CARTESIAN_POINT ( 'NONE',  ( 0.8111839591274118133, 0.01574803149606299538, -0.4896144784986271592 ) ) ;
#2785 = CARTESIAN_POINT ( 'NONE',  ( 0.8557758369944133969, 0.000000000000000000, -0.5299954653883763855 ) ) ;
#2786 = CARTESIAN_POINT ( 'NONE',  ( 0.6760351562499999911, 0.01574803149606299538, -0.3518749999999999933 ) ) ;
#2787 = VERTEX_POINT ( 'NONE', #211 ) ;
#2788 = B_SPLINE_CURVE_WITH_KNOTS ( 'NONE', 3,
 ( #4528, #4029, #3733, #5678, #4253, #5150, #5286, #3700, #5743, #6183, #733 ),
 .UNSPECIFIED., .F., .F.,
 ( 4, 1, 1, 1, 1, 1, 1, 1, 4 ),
 ( 0.000000000000000000, 0.1596498476037804259, 0.3013245132213087096, 0.4279830061365039739, 0.5460049005215326101, 0.6588540604159418557, 0.7682232781063522697, 0.8805349107568387623, 1.000000000000000000 ),
 .UNSPECIFIED. ) ;
#2789 = CARTESIAN_POINT ( 'NONE',  ( 1.703964843750000124, -0.3384390870230564174, -0.4032910156249995826 ) ) ;
#2790 = CARTESIAN_POINT ( 'NONE',  ( 0.8850891397059610366, -4.268512490100411279E-18, -0.4971555548031389993 ) ) ;
#2791 = CARTESIAN_POINT ( 'NONE',  ( 1.066425432574315879, 2.134256245050205639E-18, -0.3550593750210382926 ) ) ;
#2792 = CARTESIAN_POINT ( 'NONE',  ( 0.8121398830521782131, 1.067128122525102820E-17, -0.3536651290865462927 ) ) ;
#2793 = DIRECTION ( 'NONE',  ( -0.000000000000000000, 1.000000000000000000, -0.000000000000000000 ) ) ;
#2794 = CARTESIAN_POINT ( 'NONE',  ( 1.474165019606416660, 2.134256245050205639E-18, -0.5841697710432448565 ) ) ;
#2795 = DIRECTION ( 'NONE',  ( 0.000000000000000000, 0.000000000000000000, 1.000000000000000000 ) ) ;
#2796 = CARTESIAN_POINT ( 'NONE',  ( 1.654892578124999680, 0.01574803149606299538, -0.5518749999999997824 ) ) ;
#2797 = ORIENTED_EDGE ( 'NONE', *, *, #4466, .F. ) ;
#2798 = DIRECTION ( 'NONE',  ( 0.000000000000000000, 1.000000000000000000, 0.000000000000000000 ) ) ;
#2799 = CARTESIAN_POINT ( 'NONE',  ( 0.8825104894695688929, 0.000000000000000000, -0.5986992390857951429 ) ) ;
#2800 = CARTESIAN_POINT ( 'NONE',  ( 0.6335058593749998135, 0.000000000000000000, -0.5724804687499998046 ) ) ;
#2801 = CARTESIAN_POINT ( 'NONE',  ( 0.8741267065323612417, 0.000000000000000000, -0.5519050631094227777 ) ) ;
#2802 = CARTESIAN_POINT ( 'NONE',  ( 0.8061474592943643769, 0.01574803149606299191, -0.5609844412495105237 ) ) ;
#2803 = ORIENTED_EDGE ( 'NONE', *, *, #5211, .T. ) ;
#2804 = VERTEX_POINT ( 'NONE', #6217 ) ;
#2805 = EDGE_CURVE ( 'NONE', #699, #2245, #4780, .T. ) ;
#2806 = CARTESIAN_POINT ( 'NONE',  ( 2.007201758097337585, 0.01574803149606299191, -0.4197279087018289112 ) ) ;
#2807 = CARTESIAN_POINT ( 'NONE',  ( 1.496213243424875827, -2.134256245050205639E-18, -0.5521086004073505471 ) ) ;
#2808 = CARTESIAN_POINT ( 'NONE',  ( 0.6007421874999998579, -0.3384390870230564174, -0.6018749999999998268 ) ) ;
#2809 = CARTESIAN_POINT ( 'NONE',  ( 0.7954168042480520562, 0.01574803149606298844, -0.3768733075852668257 ) ) ;
#2810 = VERTEX_POINT ( 'NONE', #3174 ) ;
#2811 = CARTESIAN_POINT ( 'NONE',  ( 0.5733388621817859798, 0.01574803149606299538, -0.5782558335504808245 ) ) ;
#2812 = VECTOR ( 'NONE', #5290, 39.37007874015748143 ) ;
#2813 = EDGE_CURVE ( 'NONE', #3800, #926, #6249, .T. ) ;
#2814 = CARTESIAN_POINT ( 'NONE',  ( 1.333992683923965972, 0.01574803149606298844, -0.3771084382536133983 ) ) ;
#2815 = ORIENTED_EDGE ( 'NONE', *, *, #2436, .F. ) ;
#2816 = EDGE_CURVE ( 'NONE', #5103, #179, #701, .T. ) ;
#2817 = CARTESIAN_POINT ( 'NONE',  ( 1.766953125000000346, 0.000000000000000000, -0.4112499999999996159 ) ) ;
#2818 = CARTESIAN_POINT ( 'NONE',  ( 0.7024999999999999023, 0.01574803149606299191, -0.3841015624999999378 ) ) ;
#2819 = PLANE ( 'NONE',  #1066 ) ;
#2820 = ORIENTED_EDGE ( 'NONE', *, *, #5047, .T. ) ;
#2821 = EDGE_CURVE ( 'NONE', #1409, #4067, #1608, .T. ) ;
#2822 = CARTESIAN_POINT ( 'NONE',  ( 0.8627864884149806235, 0.01574803149606299885, -0.5446684758754918310 ) ) ;
#2823 = CARTESIAN_POINT ( 'NONE',  ( 2.007177137227762476, 0.01574803149606299191, -0.4412990786661489806 ) ) ;
#2824 = VERTEX_POINT ( 'NONE', #4488 ) ;
#2825 = CARTESIAN_POINT ( 'NONE',  ( 1.220060227973940759, 0.01574803149606299191, -0.5934999292830022144 ) ) ;
#2826 = CARTESIAN_POINT ( 'NONE',  ( 1.039885826475212216, 2.134256245050205639E-18, -0.3725197944769362279 ) ) ;
#2827 = CARTESIAN_POINT ( 'NONE',  ( 0.7985759086361555736, 0.01574803149606299538, -0.3638676234600263792 ) ) ;
#2828 = FACE_OUTER_BOUND ( 'NONE', #2065, .T. ) ;
#2829 = CARTESIAN_POINT ( 'NONE',  ( 1.976965584326106473, 0.01574803149606299191, -0.5773430732139093191 ) ) ;
#2830 = CARTESIAN_POINT ( 'NONE',  ( 2.155625000000000124, 0.01574803149606299191, -0.5661328124999995826 ) ) ;
#2831 = CARTESIAN_POINT ( 'NONE',  ( 0.8017424425640248264, 0.000000000000000000, -0.5484430121667385194 ) ) ;
#2832 = ORIENTED_EDGE ( 'NONE', *, *, #5168, .T. ) ;
#2833 = CARTESIAN_POINT ( 'NONE',  ( 1.055364750774082649, 0.01574803149606298844, -0.3566266278281544633 ) ) ;
#2834 = CARTESIAN_POINT ( 'NONE',  ( 1.000959011734201765, 0.01574803149606299538, -0.3705980698504995341 ) ) ;
#2835 = CARTESIAN_POINT ( 'NONE',  ( 1.751459448207661973, 0.01574803149606298844, -0.3724999552451462304 ) ) ;
#2836 = CARTESIAN_POINT ( 'NONE',  ( 2.065390625000000036, 0.01574803149606299191, -0.5549999999999996048 ) ) ;
#2837 = CARTESIAN_POINT ( 'NONE',  ( 0.8035715249963060192, 0.01574803149606299191, -0.5549001491590794810 ) ) ;
#2838 = VERTEX_POINT ( 'NONE', #949 ) ;
#2839 = CARTESIAN_POINT ( 'NONE',  ( 2.012172348064733995, 0.01574803149606299191, -0.4110767053371008339 ) ) ;
#2840 = CARTESIAN_POINT ( 'NONE',  ( 1.601754476483687073, 2.134256245050205639E-18, -0.3645620637580315737 ) ) ;
#2841 = CARTESIAN_POINT ( 'NONE',  ( 0.9758398437499998801, 0.01574803149606299191, -0.3518749999999999378 ) ) ;
#2842 = CARTESIAN_POINT ( 'NONE',  ( 1.660855051491205270, 0.01574803149606299191, -0.5985538056116296302 ) ) ;
#2843 = ORIENTED_EDGE ( 'NONE', *, *, #617, .F. ) ;
#2844 = CARTESIAN_POINT ( 'NONE',  ( 2.063274397401126947, 0.000000000000000000, -0.5549796907550272884 ) ) ;
#2845 = EDGE_CURVE ( 'NONE', #3094, #4574, #5471, .T. ) ;
#2846 = ORIENTED_EDGE ( 'NONE', *, *, #2317, .F. ) ;
#2847 = LINE ( 'NONE', #6297, #508 ) ;
#2848 = CARTESIAN_POINT ( 'NONE',  ( 2.143599444625457817, 0.000000000000000000, -0.3594036940002886538 ) ) ;
#2849 = CARTESIAN_POINT ( 'NONE',  ( 1.924375000000000169, 2.134256245050205639E-18, -0.3765332031249996048 ) ) ;
#2850 = EDGE_LOOP ( 'NONE', ( #579, #3822, #789, #3488 ) ) ;
#2851 = CARTESIAN_POINT ( 'NONE',  ( 1.051036186825748286, 0.01574803149606298844, -0.3953436677225960483 ) ) ;
#2852 = CARTESIAN_POINT ( 'NONE',  ( 1.052977467056773975, 2.134256245050205639E-18, -0.4846804720124422983 ) ) ;
#2853 = VECTOR ( 'NONE', #1534, 39.37007874015748143 ) ;
#2854 = ORIENTED_EDGE ( 'NONE', *, *, #2317, .T. ) ;
#2855 = EDGE_CURVE ( 'NONE', #421, #1259, #4687, .T. ) ;
#2856 = AXIS2_PLACEMENT_3D ( 'NONE', #3258, #4114, #4206 ) ;
#2857 = CARTESIAN_POINT ( 'NONE',  ( 1.002499999999999947, 0.000000000000000000, -0.5662304687499998268 ) ) ;
#2858 = VECTOR ( 'NONE', #2948, 39.37007874015748143 ) ;
#2859 = CARTESIAN_POINT ( 'NONE',  ( 2.060361328125000391, -0.1613455277634967266, -0.5018749999999997380 ) ) ;
#2860 = CARTESIAN_POINT ( 'NONE',  ( 0.6067912039506536681, 0.01574803149606299885, -0.6012846810752078275 ) ) ;
#2861 = CARTESIAN_POINT ( 'NONE',  ( 1.696250000000000258, 0.01574803149606299191, -0.3768749999999996270 ) ) ;
#2862 = EDGE_CURVE ( 'NONE', #2415, #364, #692, .T. ) ;
#2863 = ORIENTED_EDGE ( 'NONE', *, *, #1467, .F. ) ;
#2864 = STYLED_ITEM ( 'NONE', ( #3235 ), #805 ) ;
#2865 = CARTESIAN_POINT ( 'NONE',  ( 0.9050714368234068496, 1.067128122525102820E-17, -0.4956713052290548371 ) ) ;
#2866 = CARTESIAN_POINT ( 'NONE',  ( 0.9758398437499998801, 0.01574803149606299191, -0.3518749999999999378 ) ) ;
#2867 = CARTESIAN_POINT ( 'NONE',  ( 1.741186450211744008, 0.01574803149606298844, -0.3566293946510081803 ) ) ;
#2868 = PLANE ( 'NONE',  #1648 ) ;
#2869 = ORIENTED_EDGE ( 'NONE', *, *, #6016, .T. ) ;
#2870 = VECTOR ( 'NONE', #3530, 39.37007874015748143 ) ;
#2871 = CARTESIAN_POINT ( 'NONE',  ( 0.8603613281249998801, 0.01574803149606299191, -0.3832226562499999045 ) ) ;
#2872 = CARTESIAN_POINT ( 'NONE',  ( 0.9236965390493614425, 2.134256245050205639E-18, -0.4542960171287283022 ) ) ;
#2873 = CARTESIAN_POINT ( 'NONE',  ( 2.140908955550691495, 2.134256245050205639E-18, -0.3580640958642851701 ) ) ;
#2874 = CARTESIAN_POINT ( 'NONE',  ( 0.5895716821156069543, 0.000000000000000000, -0.6002574358541910016 ) ) ;
#2875 = CARTESIAN_POINT ( 'NONE',  ( 1.200992092299422609, 0.01574803149606299191, -0.5987209752239749383 ) ) ;
#2876 = EDGE_LOOP ( 'NONE', ( #6256, #6247, #6494, #5927 ) ) ;
#2877 = CARTESIAN_POINT ( 'NONE',  ( 0.5750227779187153665, 2.134256245050205639E-18, -0.5697179537919058179 ) ) ;
#2878 = EDGE_LOOP ( 'NONE', ( #2956, #3420, #2783, #6484 ) ) ;
#2879 = CARTESIAN_POINT ( 'NONE',  ( 1.830865377390815674, -2.134256245050205639E-18, -0.5977693345461851937 ) ) ;
#2880 = CARTESIAN_POINT ( 'NONE',  ( 1.218684230502836252, 0.01574803149606299191, -0.3593604115310506941 ) ) ;
#2881 = CARTESIAN_POINT ( 'NONE',  ( 1.991323374040437910, 0.01574803149606299191, -0.3630732187949410883 ) ) ;
#2882 = LINE ( 'NONE', #329, #6135 ) ;
#2883 = EDGE_LOOP ( 'NONE', ( #5225, #1514, #5753, #5234 ) ) ;
#2884 = CARTESIAN_POINT ( 'NONE',  ( 1.572469867068216232, -2.134256245050205639E-18, -0.3521447688439878210 ) ) ;
#2885 = CARTESIAN_POINT ( 'NONE',  ( 1.381533573599793119, 0.01574803149606299191, -0.3585171195548843559 ) ) ;
#2886 = VERTEX_POINT ( 'NONE', #2724 ) ;
#2887 = CARTESIAN_POINT ( 'NONE',  ( 2.099375000000000213, -0.3384390870230564174, -0.5549999999999996048 ) ) ;
#2888 = CARTESIAN_POINT ( 'NONE',  ( 1.002088250510339895, 0.01574803149606299191, -0.5740011074891430143 ) ) ;
#2889 = B_SPLINE_SURFACE_WITH_KNOTS ( 'NONE', 3, 1, ( 
 ( #2024, #6108 ),
 ( #2534, #5540 ),
 ( #1052, #4020 ),
 ( #4057, #3043 ),
 ( #4089, #6075 ),
 ( #1605, #5607 ),
 ( #3103, #5113 ),
 ( #2131, #570 ),
 ( #6552, #1990 ),
 ( #2089, #4616 ),
 ( #3008, #5049 ) ),
 .UNSPECIFIED., .F., .F., .F.,
 ( 4, 1, 1, 1, 1, 1, 1, 1, 4 ),
 ( 2, 2 ),
 ( 0.000000000000000000, 0.1545458141505850480, 0.2989482358729386724, 0.4361114171969249220, 0.5633871265862110400, 0.6821529490806155227, 0.7948417907901071944, 0.9002468976140411971, 0.9999999999999998890 ),
 ( 0.000000000000000000, 1.000000000000000000 ),
 .UNSPECIFIED. ) ;
#2890 = DIRECTION ( 'NONE',  ( 1.000000000000000000, 0.000000000000000000, 0.000000000000000000 ) ) ;
#2891 = CARTESIAN_POINT ( 'NONE',  ( 1.198789062500000169, -0.1613455277634967266, -0.3549999999999997602 ) ) ;
#2892 = CARTESIAN_POINT ( 'NONE',  ( 1.708710896040090743, 2.134256245050205639E-18, -0.3562605157511133380 ) ) ;
#2893 = B_SPLINE_SURFACE_WITH_KNOTS ( 'NONE', 3, 1, ( 
 ( #3811, #333 ),
 ( #2389, #1982 ),
 ( #5930, #4477 ),
 ( #3463, #4441 ),
 ( #6407, #3030 ),
 ( #6030, #5009 ),
 ( #4411, #4513 ),
 ( #5398, #2457 ),
 ( #6475, #6443 ),
 ( #3973, #1400 ),
 ( #1367, #5459 ) ),
 .UNSPECIFIED., .F., .F., .F.,
 ( 4, 1, 1, 1, 1, 1, 1, 1, 4 ),
 ( 2, 2 ),
 ( 0.000000000000000000, 0.1697667370961977729, 0.3176794559860904310, 0.4500242076991633478, 0.5714859992495906482, 0.6843530262709511813, 0.7909884223004094439, 0.8939093302669887109, 1.000000000000000000 ),
 ( 0.000000000000000000, 1.000000000000000000 ),
 .UNSPECIFIED. ) ;
#2894 = EDGE_CURVE ( 'NONE', #1802, #1409, #5175, .T. ) ;
#2895 = ORIENTED_EDGE ( 'NONE', *, *, #1610, .T. ) ;
#2896 = CARTESIAN_POINT ( 'NONE',  ( 0.8556249999999999689, 0.01574803149606299191, -0.5257031249999999378 ) ) ;
#2897 = LINE ( 'NONE', #874, #5600 ) ;
#2898 = ORIENTED_EDGE ( 'NONE', *, *, #340, .T. ) ;
#2899 = LINE ( 'NONE', #5981, #5865 ) ;
#2900 = CARTESIAN_POINT ( 'NONE',  ( 0.5770591804071431019, 0.01574803149606298150, -0.5651934217535315996 ) ) ;
#2901 = EDGE_LOOP ( 'NONE', ( #4490, #2763, #5375, #3048 ) ) ;
#2902 = CARTESIAN_POINT ( 'NONE',  ( 1.977995694290793027, 0.01574803149606299191, -0.3701573345110283353 ) ) ;
#2903 = CARTESIAN_POINT ( 'NONE',  ( 1.335472732509531912, -2.134256245050205639E-18, -0.3706935277141287233 ) ) ;
#2904 = CARTESIAN_POINT ( 'NONE',  ( 1.886200068944279717, 0.01574803149606298844, -0.3534409982751858803 ) ) ;
#2905 = CARTESIAN_POINT ( 'NONE',  ( 0.9677272060491700634, 0.01574803149606299191, -0.3526236756119837112 ) ) ;
#2906 = CARTESIAN_POINT ( 'NONE',  ( 1.230269392622877600, 0.01574803149606299538, -0.5748845763226422267 ) ) ;
#2907 = ORIENTED_EDGE ( 'NONE', *, *, #3601, .F. ) ;
#2908 = CARTESIAN_POINT ( 'NONE',  ( 1.228806392534069980, 0.000000000000000000, -0.3730302950764388115 ) ) ;
#2909 = B_SPLINE_CURVE_WITH_KNOTS ( 'NONE', 3,
 ( #2841, #3896, #4461, #2905, #3450, #882, #4357, #6462, #4853, #5914, #6492, #2474 ),
 .UNSPECIFIED., .F., .F.,
 ( 4, 2, 2, 2, 2, 4 ),
 ( 0.000000000000000000, 0.0001547659583264428729, 0.0003095319166528857457, 0.0006190638333057714915, 0.0009285957499586571830, 0.001238127666611542983 ),
 .UNSPECIFIED. ) ;
#2910 = ORIENTED_EDGE ( 'NONE', *, *, #455, .T. ) ;
#2911 = VERTEX_POINT ( 'NONE', #3264 ) ;
#2912 = LINE ( 'NONE', #4964, #4017 ) ;
#2913 = CARTESIAN_POINT ( 'NONE',  ( 1.213155234260911319, 4.268512490100411279E-18, -0.3568643231123033166 ) ) ;
#2914 = CARTESIAN_POINT ( 'NONE',  ( 0.9021599875498070853, 0.01574803149606299191, -0.4957194594597446602 ) ) ;
#2915 = CARTESIAN_POINT ( 'NONE',  ( 1.054462573673466075, 0.000000000000000000, -0.4749935376684998878 ) ) ;
#2916 = CARTESIAN_POINT ( 'NONE',  ( 1.000959011734201765, 0.000000000000000000, -0.3705980698504995341 ) ) ;
#2917 = VECTOR ( 'NONE', #2429, 39.37007874015748143 ) ;
#2918 = ORIENTED_EDGE ( 'NONE', *, *, #4155, .T. ) ;
#2919 = LINE ( 'NONE', #2456, #6416 ) ;
#2920 = CARTESIAN_POINT ( 'NONE',  ( 1.230625000000000302, -0.1613455277634967266, -0.3876171874999997380 ) ) ;
#2921 = ORIENTED_EDGE ( 'NONE', *, *, #4068, .T. ) ;
#2922 = CARTESIAN_POINT ( 'NONE',  ( 0.8053528805289432713, 0.000000000000000000, -0.4994772320312900193 ) ) ;
#2923 = CARTESIAN_POINT ( 'NONE',  ( 1.769651190987989509, -6.402768735150616918E-18, -0.5658675403408567339 ) ) ;
#2924 = EDGE_CURVE ( 'NONE', #3293, #1455, #496, .T. ) ;
#2925 = CARTESIAN_POINT ( 'NONE',  ( 0.9634527451739841597, 2.134256245050205639E-18, -0.3537421104536338512 ) ) ;
#2926 = CARTESIAN_POINT ( 'NONE',  ( 1.001434915685647242, 2.134256245050205639E-18, -0.5775091609277741567 ) ) ;
#2927 = CARTESIAN_POINT ( 'NONE',  ( 2.042722525026210878, 2.134256245050205639E-18, -0.4608663748415390282 ) ) ;
#2928 = CARTESIAN_POINT ( 'NONE',  ( 1.881494673059509459, 2.134256245050205639E-18, -0.3557998707307686859 ) ) ;
#2929 = CARTESIAN_POINT ( 'NONE',  ( 1.713915660019883269, 0.01574803149606299191, -0.3537590362595984250 ) ) ;
#2930 = ADVANCED_FACE ( 'NONE', ( #6237 ), #6070, .F. ) ;
#2931 = B_SPLINE_SURFACE_WITH_KNOTS ( 'NONE', 3, 1, ( 
 ( #6372, #5763 ),
 ( #298, #5698 ),
 ( #1814, #3199 ),
 ( #4274, #4208 ),
 ( #2822, #232 ),
 ( #2193, #2258 ),
 ( #1205, #2319 ),
 ( #2226, #4735 ),
 ( #5731, #2785 ),
 ( #168, #3232 ),
 ( #1696, #5241 ) ),
 .UNSPECIFIED., .F., .F., .F.,
 ( 4, 1, 1, 1, 1, 1, 1, 1, 4 ),
 ( 2, 2 ),
 ( 0.000000000000000000, 0.1311977542565845312, 0.2574822097444309232, 0.3803907209411382384, 0.5027869844978081204, 0.6244327184346580850, 0.7458769432209116923, 0.8698207823609592770, 1.000000000000000000 ),
 ( 0.000000000000000000, 1.000000000000000000 ),
 .UNSPECIFIED. ) ;
#2932 = EDGE_CURVE ( 'NONE', #5989, #5382, #2524, .T. ) ;
#2933 = ORIENTED_EDGE ( 'NONE', *, *, #3138, .T. ) ;
#2934 = CARTESIAN_POINT ( 'NONE',  ( 1.806945995141372219, 0.01574803149606299191, -0.6016765626865443473 ) ) ;
#2935 = CARTESIAN_POINT ( 'NONE',  ( 1.256841250253841080, 2.134256245050205639E-18, -0.5736734020095922704 ) ) ;
#2936 = B_SPLINE_SURFACE_WITH_KNOTS ( 'NONE', 3, 1, ( 
 ( #3087, #4631 ),
 ( #3120, #2481 ),
 ( #4136, #3558 ),
 ( #2554, #2585 ),
 ( #6160, #1527 ),
 ( #585, #5065 ),
 ( #1006, #5130 ),
 ( #1559, #4107 ),
 ( #38, #6124 ),
 ( #458, #2072 ),
 ( #3591, #5560 ) ),
 .UNSPECIFIED., .F., .F., .F.,
 ( 4, 1, 1, 1, 1, 1, 1, 1, 4 ),
 ( 2, 2 ),
 ( 0.000000000000000000, 0.1709561958077451260, 0.3194714290739807949, 0.4531758843957423566, 0.5739046914924098575, 0.6871045020681066928, 0.7922375100425964600, 0.8948669920255097887, 1.000000000000000000 ),
 ( 0.000000000000000000, 1.000000000000000000 ),
 .UNSPECIFIED. ) ;
#2937 = ORIENTED_EDGE ( 'NONE', *, *, #6459, .T. ) ;
#2938 = SURFACE_STYLE_USAGE ( .BOTH. , #5475 ) ;
#2939 = CARTESIAN_POINT ( 'NONE',  ( 1.559629291419690755, 0.01574803149606299885, -0.3579098238531158160 ) ) ;
#2940 = ORIENTED_EDGE ( 'NONE', *, *, #5360, .T. ) ;
#2941 = EDGE_LOOP ( 'NONE', ( #1398, #415, #4398, #3923 ) ) ;
#2942 = CARTESIAN_POINT ( 'NONE',  ( 1.225471830669116136, 0.01574803149606299191, -0.5880351776275288822 ) ) ;
#2943 = CARTESIAN_POINT ( 'NONE',  ( 1.855625000000000302, -1.365923996832131609E-16, -0.4112499999999996159 ) ) ;
#2944 = CARTESIAN_POINT ( 'NONE',  ( 2.143599444625457817, 2.134256245050205639E-18, -0.3594036940002886538 ) ) ;
#2945 = CARTESIAN_POINT ( 'NONE',  ( 0.5733007812499998357, -0.3384390870230564174, -0.5793164062499999156 ) ) ;
#2946 = CARTESIAN_POINT ( 'NONE',  ( 1.753316820642962126, 0.01574803149606299191, -0.3766828007771282905 ) ) ;
#2947 = EDGE_LOOP ( 'NONE', ( #3224, #1292, #1186, #2846 ) ) ;
#2948 = DIRECTION ( 'NONE',  ( 0.000000000000000000, 1.000000000000000000, 0.000000000000000000 ) ) ;
#2949 = EDGE_CURVE ( 'NONE', #185, #4361, #6167, .T. ) ;
#2950 = ORIENTED_EDGE ( 'NONE', *, *, #2327, .F. ) ;
#2951 = VERTEX_POINT ( 'NONE', #1658 ) ;
#2952 = CARTESIAN_POINT ( 'NONE',  ( 1.812851562500000124, -2.134256245050205639E-18, -0.6018749999999996048 ) ) ;
#2953 = CARTESIAN_POINT ( 'NONE',  ( 1.064605488782868425, 0.01574803149606299191, -0.5021188719102903653 ) ) ;
#2954 = CARTESIAN_POINT ( 'NONE',  ( 1.561292444776149146, 0.000000000000000000, -0.3564675833465724697 ) ) ;
#2955 = CARTESIAN_POINT ( 'NONE',  ( 1.039658203125000124, 0.000000000000000000, -0.3767285156249997602 ) ) ;
#2956 = ORIENTED_EDGE ( 'NONE', *, *, #3990, .F. ) ;
#2957 = FACE_OUTER_BOUND ( 'NONE', #1267, .T. ) ;
#2958 = CARTESIAN_POINT ( 'NONE',  ( 2.001571685141125378, 0.01574803149606299191, -0.3597201476629213746 ) ) ;
#2959 = CARTESIAN_POINT ( 'NONE',  ( 1.039658203125000124, 0.01574803149606298844, -0.3767285156249997602 ) ) ;
#2960 = CARTESIAN_POINT ( 'NONE',  ( 1.386366176440966491, 0.01574803149606299191, -0.3648442380097149940 ) ) ;
#2961 = EDGE_LOOP ( 'NONE', ( #1124, #3998, #2598, #1520 ) ) ;
#2962 = DIRECTION ( 'NONE',  ( -0.000000000000000000, 0.000000000000000000, 1.000000000000000000 ) ) ;
#2963 = CARTESIAN_POINT ( 'NONE',  ( 0.9463329290051681886, 2.134256245050205639E-18, -0.3812447377360929646 ) ) ;
#2964 = CARTESIAN_POINT ( 'NONE',  ( 1.002392481485496312, 0.01574803149606299191, -0.5702071286887876456 ) ) ;
#2965 = CARTESIAN_POINT ( 'NONE',  ( 2.005664393837968795, 2.134256245050205639E-18, -0.4317760733735334644 ) ) ;
#2966 = VECTOR ( 'NONE', #4733, 39.37007874015748143 ) ;
#2967 = DIRECTION ( 'NONE',  ( 0.000000000000000000, 1.000000000000000000, 0.000000000000000000 ) ) ;
#2968 = CARTESIAN_POINT ( 'NONE',  ( 0.5895716821156069543, -2.134256245050205639E-18, -0.6002574358541910016 ) ) ;
#2969 = LINE ( 'NONE', #6514, #5871 ) ;
#2970 = ORIENTED_EDGE ( 'NONE', *, *, #5846, .T. ) ;
#2971 = AXIS2_PLACEMENT_3D ( 'NONE', #1496, #4539, #3025 ) ;
#2972 = CARTESIAN_POINT ( 'NONE',  ( 1.268786253098861616, 2.134256245050205639E-18, -0.5555375894150001992 ) ) ;
#2973 = VERTEX_POINT ( 'NONE', #5136 ) ;
#2974 = CARTESIAN_POINT ( 'NONE',  ( 0.6462499999999998801, 0.000000000000000000, -0.3841015624999998823 ) ) ;
#2975 = VERTEX_POINT ( 'NONE', #2118 ) ;
#2976 = ORIENTED_EDGE ( 'NONE', *, *, #3443, .T. ) ;
#2977 = CARTESIAN_POINT ( 'NONE',  ( 0.6565462762192166846, 0.01574803149606299191, -0.3578319758983439791 ) ) ;
#2978 = CARTESIAN_POINT ( 'NONE',  ( 1.866123046875000080, -4.268512490100411279E-18, -0.3834667968749996825 ) ) ;
#2979 = CARTESIAN_POINT ( 'NONE',  ( 1.682115321003923913, 0.01574803149606299191, -0.5718314045505539234 ) ) ;
#2980 = CARTESIAN_POINT ( 'NONE',  ( 1.072421875000000080, 0.01574803149606299191, -0.5987499999999996714 ) ) ;
#2981 = CARTESIAN_POINT ( 'NONE',  ( 1.696263713831893671, 0.01574803149606298844, -0.3775930127982798368 ) ) ;
#2982 = CARTESIAN_POINT ( 'NONE',  ( 0.5776590573023254738, 0.01574803149606300232, -0.5914333147815807878 ) ) ;
#2983 = CLOSED_SHELL ( 'NONE', ( #1791, #426, #4710, #4027, #5729, #3707, #6170, #661, #6261, #367, #2121, #3027, #863, #4639, #6251, #4672, #106, #6344, #652, #6549, #5567, #3421, #3559 ) ) ;
#2984 = ORIENTED_EDGE ( 'NONE', *, *, #2027, .T. ) ;
#2985 = MANIFOLD_SOLID_BREP ( 'Stock-Eggfinder LCD Case V2 Battery Door-3', #4026 ) ;
#2986 = VERTEX_POINT ( 'NONE', #4203 ) ;
#2987 = EDGE_CURVE ( 'NONE', #4771, #2177, #5629, .T. ) ;
#2988 = PRODUCT_DEFINITION_FORMATION_WITH_SPECIFIED_SOURCE ( 'ANY', '', #5479, .NOT_KNOWN. ) ;
#2989 = CARTESIAN_POINT ( 'NONE',  ( 0.7973921254748828069, 0.01574803149606300232, -0.3657891532835658710 ) ) ;
#2990 = CARTESIAN_POINT ( 'NONE',  ( 1.226464966626936492, 4.268512490100411279E-18, -0.3673481227353583289 ) ) ;
#2991 = CARTESIAN_POINT ( 'NONE',  ( 1.053154986291262363, 0.000000000000000000, -0.4790529472713948578 ) ) ;
#2992 = FACE_OUTER_BOUND ( 'NONE', #2878, .T. ) ;
#2993 = CARTESIAN_POINT ( 'NONE',  ( 1.988612997920552017, -2.134256245050205639E-18, -0.5866198774645816627 ) ) ;
#2994 = CARTESIAN_POINT ( 'NONE',  ( 0.8324829121801686771, -2.134256245050205639E-18, -0.3527811627032109709 ) ) ;
#2995 = CARTESIAN_POINT ( 'NONE',  ( 0.7024999999999997913, 0.01574803149606299191, -0.4578808593749998379 ) ) ;
#2996 = EDGE_CURVE ( 'NONE', #5583, #699, #1043, .T. ) ;
#2997 = CARTESIAN_POINT ( 'NONE',  ( 2.017921874362515133, 0.01574803149606299538, -0.5181624373122010185 ) ) ;
#2998 = EDGE_LOOP ( 'NONE', ( #6097, #79, #6296, #4131 ) ) ;
#2999 = CARTESIAN_POINT ( 'NONE',  ( 1.766367187499999991, 0.01574803149606299538, -0.5573437499999995826 ) ) ;
#3000 = CARTESIAN_POINT ( 'NONE',  ( 1.273318192074774036, 0.01574803149606298844, -0.5536048129846553589 ) ) ;
#3001 = CARTESIAN_POINT ( 'NONE',  ( 1.465020833859509652, -2.134256245050205639E-18, -0.5849964332278518864 ) ) ;
#3002 = CARTESIAN_POINT ( 'NONE',  ( 1.489680251591115390, 2.134256245050205639E-18, -0.5972276466835291231 ) ) ;
#3003 = CARTESIAN_POINT ( 'NONE',  ( 1.869040423395333939, 2.134256245050205639E-18, -0.3760205424103839622 ) ) ;
#3004 = CARTESIAN_POINT ( 'NONE',  ( 1.725839843749999991, 0.000000000000000000, -0.3518749999999996603 ) ) ;
#3005 = CARTESIAN_POINT ( 'NONE',  ( 2.154539157330888077, 0.01574803149606299538, -0.5775475940967933486 ) ) ;
#3006 = CARTESIAN_POINT ( 'NONE',  ( 1.257024872294380424, 2.134256245050205639E-18, -0.5706365735033214204 ) ) ;
#3007 = CARTESIAN_POINT ( 'NONE',  ( 0.8228258917275290685, 0.01574803149606299538, -0.3519045578477230096 ) ) ;
#3008 = CARTESIAN_POINT ( 'NONE',  ( 0.8389257812499998357, 0.01574803149606299191, -0.5912304687499998490 ) ) ;
#3009 = ORIENTED_EDGE ( 'NONE', *, *, #3893, .F. ) ;
#3010 = SURFACE_STYLE_FILL_AREA ( #3921 ) ;
#3011 = CARTESIAN_POINT ( 'NONE',  ( 0.8793554687499999245, 0.01574803149606299191, -0.4145703124999999267 ) ) ;
#3012 = ORIENTED_EDGE ( 'NONE', *, *, #3430, .F. ) ;
#3013 = B_SPLINE_SURFACE_WITH_KNOTS ( 'NONE', 3, 1, ( 
 ( #5634, #6072 ),
 ( #2052, #135 ),
 ( #4175, #6104 ),
 ( #4118, #5076 ),
 ( #2565, #1143 ),
 ( #4674, #1082 ),
 ( #1538, #2127 ),
 ( #1572, #5602 ),
 ( #2596, #2161 ),
 ( #46, #1111 ),
 ( #5571, #3636 ),
 ( #3099, #1663 ),
 ( #4580, #6174 ),
 ( #1602, #5110 ),
 ( #3164, #566 ),
 ( #532, #597 ),
 ( #4614, #3571 ),
 ( #5699, #5142 ),
 ( #1632, #73 ) ),
 .UNSPECIFIED., .F., .F., .F.,
 ( 4, 1, 1, 1, 1, 1, 1, 1, 1, 1, 1, 1, 1, 1, 1, 1, 4 ),
 ( 2, 2 ),
 ( 0.000000000000000000, 0.09894729588821049582, 0.1911120838484360318, 0.2765660625316731513, 0.3547278078613567143, 0.4270549245570234298, 0.4925974735595791687, 0.5518709487972375261, 0.6055824707767250015, 0.6546033284396721719, 0.7014924708635551509, 0.7472374220722823868, 0.7936859897673504971, 0.8403150134254646630, 0.8896655851134220860, 0.9428406557487357675, 1.000000000000000000 ),
 ( 0.000000000000000000, 1.000000000000000000 ),
 .UNSPECIFIED. ) ;
#3014 = LINE ( 'NONE', #417, #3505 ) ;
#3015 = CARTESIAN_POINT ( 'NONE',  ( 2.153993887924431139, 2.134256245050205639E-18, -0.3732876937333665657 ) ) ;
#3016 = CARTESIAN_POINT ( 'NONE',  ( 0.5734213630520367255, 0.01574803149606299191, -0.5809460038146049277 ) ) ;
#3017 = ORIENTED_EDGE ( 'NONE', *, *, #5078, .F. ) ;
#3018 = ORIENTED_EDGE ( 'NONE', *, *, #1718, .F. ) ;
#3019 = ORIENTED_EDGE ( 'NONE', *, *, #4797, .T. ) ;
#3020 = EDGE_CURVE ( 'NONE', #3659, #3172, #3279, .T. ) ;
#3021 = DIRECTION ( 'NONE',  ( 0.000000000000000000, -0.000000000000000000, 1.000000000000000000 ) ) ;
#3022 = CARTESIAN_POINT ( 'NONE',  ( 1.074287457253660705, 0.01574803149606299191, -0.5047682943813003309 ) ) ;
#3023 = DIRECTION ( 'NONE',  ( 0.000000000000000000, 1.000000000000000000, 0.000000000000000000 ) ) ;
#3024 = CARTESIAN_POINT ( 'NONE',  ( 1.982406654688654735, 0.01574803149606298844, -0.4914370242050080106 ) ) ;
#3025 = DIRECTION ( 'NONE',  ( 1.000000000000000000, 0.000000000000000000, 0.000000000000000000 ) ) ;
#3026 = CARTESIAN_POINT ( 'NONE',  ( 0.8100047737412046089, -2.134256245050205639E-18, -0.4097328900665198059 ) ) ;
#3027 = ADVANCED_FACE ( 'NONE', ( #537 ), #3946, .F. ) ;
#3028 = CARTESIAN_POINT ( 'NONE',  ( 0.8389512420564785300, 0.000000000000000000, -0.4682879323268834826 ) ) ;
#3029 = CARTESIAN_POINT ( 'NONE',  ( 0.9462499999999999245, 0.000000000000000000, -0.3836132812499999378 ) ) ;
#3030 = CARTESIAN_POINT ( 'NONE',  ( 1.268595876722021565, -2.134256245050205639E-18, -0.5950721946915216165 ) ) ;
#3031 = ORIENTED_EDGE ( 'NONE', *, *, #5846, .F. ) ;
#3032 = EDGE_CURVE ( 'NONE', #1813, #2523, #1693, .T. ) ;
#3033 = CARTESIAN_POINT ( 'NONE',  ( 1.766367187499999991, -6.402768735150616918E-18, -0.5573437499999995826 ) ) ;
#3034 = LINE ( 'NONE', #1535, #4754 ) ;
#3035 = CARTESIAN_POINT ( 'NONE',  ( 1.047735479815875781, 0.01574803149606298497, -0.5896059754279598941 ) ) ;
#3036 = CARTESIAN_POINT ( 'NONE',  ( 0.8014791820610762674, 0.000000000000000000, -0.5105737321222107994 ) ) ;
#3037 = CARTESIAN_POINT ( 'NONE',  ( 1.995510565756418719, 0.000000000000000000, -0.5906980407102901953 ) ) ;
#3038 = CARTESIAN_POINT ( 'NONE',  ( 1.728877603597418489, 0.01574803149606298844, -0.3519658664893990374 ) ) ;
#3039 = VECTOR ( 'NONE', #2044, 39.37007874015748854 ) ;
#3040 = CARTESIAN_POINT ( 'NONE',  ( 2.155625000000000124, -2.134256245050205639E-18, -0.5661328124999995826 ) ) ;
#3041 = CARTESIAN_POINT ( 'NONE',  ( 0.8281254096925321218, 0.000000000000000000, -0.4738779710854437166 ) ) ;
#3042 = CARTESIAN_POINT ( 'NONE',  ( 1.174375000000000169, 0.000000000000000000, -0.4612499999999997713 ) ) ;
#3043 = CARTESIAN_POINT ( 'NONE',  ( 0.8748900515874084016, 0.000000000000000000, -0.5984006398936626558 ) ) ;
#3044 = FACE_OUTER_BOUND ( 'NONE', #1325, .T. ) ;
#3045 = CARTESIAN_POINT ( 'NONE',  ( 0.7951757812499999911, 0.000000000000000000, -0.3738476562499999378 ) ) ;
#3046 = ORIENTED_EDGE ( 'NONE', *, *, #2489, .T. ) ;
#3047 = ORIENTED_EDGE ( 'NONE', *, *, #2924, .T. ) ;
#3048 = ORIENTED_EDGE ( 'NONE', *, *, #2718, .F. ) ;
#3049 = CARTESIAN_POINT ( 'NONE',  ( 0.6335058593749998135, 0.01574803149606299191, -0.5724804687499998046 ) ) ;
#3050 = CARTESIAN_POINT ( 'NONE',  ( 1.466660156249999902, 0.000000000000000000, -0.5752148437499997602 ) ) ;
#3051 = CARTESIAN_POINT ( 'NONE',  ( 0.8598869387447038992, 0.01574803149606299191, -0.5971204639713482143 ) ) ;
#3052 = VERTEX_POINT ( 'NONE', #3260 ) ;
#3053 = CARTESIAN_POINT ( 'NONE',  ( 2.143321193362923260, 2.134256245050205639E-18, -0.5945022981373065951 ) ) ;
#3054 = CARTESIAN_POINT ( 'NONE',  ( 2.034109223489007245, 0.01574803149606300232, -0.4002716224128108347 ) ) ;
#3055 = CARTESIAN_POINT ( 'NONE',  ( 1.561292444776149146, 0.01574803149606299538, -0.3564675833465724697 ) ) ;
#3056 = CARTESIAN_POINT ( 'NONE',  ( 0.8586959093352589667, 0.01574803149606299538, -0.5391925402477663054 ) ) ;
#3057 = DIRECTION ( 'NONE',  ( 1.000000000000000000, 0.000000000000000000, 0.000000000000000000 ) ) ;
#3058 = CARTESIAN_POINT ( 'NONE',  ( 1.960117187500000080, 0.01574803149606299191, -0.5361523437499996492 ) ) ;
#3059 = CARTESIAN_POINT ( 'NONE',  ( 1.775570675877474525, 2.134256245050205639E-18, -0.5797268948111312659 ) ) ;
#3060 = CARTESIAN_POINT ( 'NONE',  ( 0.8733496093750000577, 0.01574803149606299191, -0.5516308593750000044 ) ) ;
#3061 = ORIENTED_EDGE ( 'NONE', *, *, #1552, .F. ) ;
#3062 = CARTESIAN_POINT ( 'NONE',  ( 0.8403044086424428238, 0.01574803149606300232, -0.3562881844075169724 ) ) ;
#3063 = CARTESIAN_POINT ( 'NONE',  ( 0.7611449811387246411, -2.134256245050205639E-18, -0.5483252055152786353 ) ) ;
#3064 = B_SPLINE_SURFACE_WITH_KNOTS ( 'NONE', 3, 1, ( 
 ( #3058, #1040 ),
 ( #4005, #2587 ),
 ( #2521, #4541 ),
 ( #4044, #4604 ),
 ( #96, #67 ),
 ( #4633, #1136 ),
 ( #5007, #6162 ),
 ( #6063, #6028 ),
 ( #2074, #3531 ),
 ( #5067, #1529 ),
 ( #3561, #524 ) ),
 .UNSPECIFIED., .F., .F., .F.,
 ( 4, 1, 1, 1, 1, 1, 1, 1, 4 ),
 ( 2, 2 ),
 ( 0.000000000000000000, 0.1332432135820908192, 0.2589903164634679289, 0.3790880935877171121, 0.4964991331462548230, 0.6139266268691171424, 0.7354227434695809196, 0.8627728962915682809, 1.000000000000000000 ),
 ( 0.000000000000000000, 1.000000000000000000 ),
 .UNSPECIFIED. ) ;
#3065 = CARTESIAN_POINT ( 'NONE',  ( 2.044852074620158611, 0.01574803149606298844, -0.5024753907114936080 ) ) ;
#3066 = CARTESIAN_POINT ( 'NONE',  ( 2.054208984375000213, 0.01574803149606299191, -0.4612499999999996048 ) ) ;
#3067 = CARTESIAN_POINT ( 'NONE',  ( 0.8578710937499999245, 0.000000000000000000, -0.4626660156249999267 ) ) ;
#3068 = CARTESIAN_POINT ( 'NONE',  ( 1.842649803166262590, 2.134256245050205639E-18, -0.5869697457414765340 ) ) ;
#3069 = CARTESIAN_POINT ( 'NONE',  ( 1.054462573673466075, 0.000000000000000000, -0.4749935376684998878 ) ) ;
#3070 = CARTESIAN_POINT ( 'NONE',  ( 1.256748046875000080, 0.01574803149606299191, -0.5752148437499997602 ) ) ;
#3071 = DIRECTION ( 'NONE',  ( 0.000000000000000000, 0.000000000000000000, 1.000000000000000000 ) ) ;
#3072 = CARTESIAN_POINT ( 'NONE',  ( 1.174375000000000169, 0.01574803149606299191, -0.5549999999999997158 ) ) ;
#3073 = CARTESIAN_POINT ( 'NONE',  ( 0.9187404028840812087, 1.067128122525102820E-17, -0.4534274917561681439 ) ) ;
#3074 = AXIS2_PLACEMENT_3D ( 'NONE', #4326, #4396, #1806 ) ;
#3075 = UNCERTAINTY_MEASURE_WITH_UNIT (LENGTH_MEASURE( 1.000000000000000082E-05 ), #6310, 'distance_accuracy_value', 'NONE');
#3076 = CARTESIAN_POINT ( 'NONE',  ( 1.972180394009269033, 0.000000000000000000, -0.3746111238449672531 ) ) ;
#3077 = CARTESIAN_POINT ( 'NONE',  ( 1.750039419078435854, 0.01574803149606299191, -0.3693935965220246920 ) ) ;
#3078 = CARTESIAN_POINT ( 'NONE',  ( 1.287558593749999813, 0.01574803149606299191, -0.5518749999999997824 ) ) ;
#3079 = CARTESIAN_POINT ( 'NONE',  ( 0.9758398437499998801, 0.01574803149606299191, -0.3518749999999999378 ) ) ;
#3080 = ORIENTED_EDGE ( 'NONE', *, *, #2894, .T. ) ;
#3081 = EDGE_LOOP ( 'NONE', ( #3018, #1521, #5533, #2353, #4860, #3984, #6283, #5676, #5595, #195, #5906, #2907, #2379, #3583, #376 ) ) ;
#3082 = CARTESIAN_POINT ( 'NONE',  ( 0.7743261718749997469, 0.000000000000000000, -0.5786328124999998712 ) ) ;
#3083 = CARTESIAN_POINT ( 'NONE',  ( 1.451035150066392498, 0.000000000000000000, -0.5532751565046322151 ) ) ;
#3084 = CARTESIAN_POINT ( 'NONE',  ( 0.6504544477135422165, 0.01574803149606299885, -0.3651500289145158118 ) ) ;
#3085 = VECTOR ( 'NONE', #1024, 39.37007874015748143 ) ;
#3086 = CARTESIAN_POINT ( 'NONE',  ( 1.682147063634929385, 0.01574803149606299191, -0.5786385269703202550 ) ) ;
#3087 = CARTESIAN_POINT ( 'NONE',  ( 1.072421875000000080, 0.01574803149606299538, -0.5987499999999996714 ) ) ;
#3088 = CARTESIAN_POINT ( 'NONE',  ( 0.9695410156249998357, 0.01574803149606299191, -0.5987499999999998934 ) ) ;
#3089 = CARTESIAN_POINT ( 'NONE',  ( 1.549374999999999725, 0.000000000000000000, -0.3840527343749997602 ) ) ;
#3090 = CARTESIAN_POINT ( 'NONE',  ( 1.499581074904452915, 0.01574803149606299191, -0.5519957327939849501 ) ) ;
#3091 = CARTESIAN_POINT ( 'NONE',  ( 0.8389257812499998357, -0.3384390870230564174, -0.5912304687499998490 ) ) ;
#3092 = ORIENTED_EDGE ( 'NONE', *, *, #5955, .T. ) ;
#3093 = VECTOR ( 'NONE', #1420, 39.37007874015748143 ) ;
#3094 = VERTEX_POINT ( 'NONE', #3290 ) ;
#3095 = CARTESIAN_POINT ( 'NONE',  ( 1.699293453792262820, 2.134256245050205639E-18, -0.3910235255057066817 ) ) ;
#3096 = CARTESIAN_POINT ( 'NONE',  ( 1.950842217940071288, 0.000000000000000000, -0.4420132643240946568 ) ) ;
#3097 = CARTESIAN_POINT ( 'NONE',  ( 0.7664263473390584558, -2.134256245050205639E-18, -0.5570386244605705084 ) ) ;
#3098 = CARTESIAN_POINT ( 'NONE',  ( 2.007465425319257424, 0.000000000000000000, -0.5950254687635102568 ) ) ;
#3099 = CARTESIAN_POINT ( 'NONE',  ( 2.021843089826644846, 0.01574803149606299191, -0.5466887058288432133 ) ) ;
#3100 = EDGE_CURVE ( 'NONE', #3052, #5157, #5728, .T. ) ;
#3101 = DIRECTION ( 'NONE',  ( 0.000000000000000000, 1.000000000000000000, 0.000000000000000000 ) ) ;
#3102 = CARTESIAN_POINT ( 'NONE',  ( 0.7952688206853276709, 1.067128122525102820E-17, -0.3713931034677105947 ) ) ;
#3103 = CARTESIAN_POINT ( 'NONE',  ( 0.8548861274359232931, 0.01574803149606299191, -0.5962986946336841232 ) ) ;
#3104 = CARTESIAN_POINT ( 'NONE',  ( 0.7994576495721890108, 0.01574803149606299191, -0.5253655394857350558 ) ) ;
#3105 = LINE ( 'NONE', #4587, #5659 ) ;
#3106 = EDGE_CURVE ( 'NONE', #2187, #5980, #2782, .T. ) ;
#3107 = CARTESIAN_POINT ( 'NONE',  ( 2.045664062500000213, 0.01574803149606299191, -0.5987499999999995604 ) ) ;
#3108 = ORIENTED_EDGE ( 'NONE', *, *, #1685, .T. ) ;
#3109 = VERTEX_POINT ( 'NONE', #4240 ) ;
#3110 = CARTESIAN_POINT ( 'NONE',  ( 1.984685984676995751, 0.01574803149606299191, -0.3660941520776487268 ) ) ;
#3111 = CARTESIAN_POINT ( 'NONE',  ( 1.979133116242129065, 0.01574803149606299191, -0.4787707265917642285 ) ) ;
#3112 = CARTESIAN_POINT ( 'NONE',  ( 1.002180232785592207, 0.01574803149606298844, -0.3763027956548616881 ) ) ;
#3113 = VERTEX_POINT ( 'NONE', #166 ) ;
#3114 = ORIENTED_EDGE ( 'NONE', *, *, #533, .T. ) ;
#3115 = ORIENTED_EDGE ( 'NONE', *, *, #6554, .T. ) ;
#3116 = CARTESIAN_POINT ( 'NONE',  ( 0.8904394531249999467, 0.000000000000000000, -0.5987499999999998934 ) ) ;
#3117 = CARTESIAN_POINT ( 'NONE',  ( 0.6299256319386252745, 2.134256245050205639E-18, -0.5783142384884172316 ) ) ;
#3118 = CARTESIAN_POINT ( 'NONE',  ( 2.132014723803368206, 0.01574803149606299538, -0.3555506829545679870 ) ) ;
#3119 = CARTESIAN_POINT ( 'NONE',  ( 0.8404941469542028809, 0.01574803149606298844, -0.4513964021319071818 ) ) ;
#3120 = CARTESIAN_POINT ( 'NONE',  ( 1.070103905273345202, 0.01574803149606299538, -0.5986923415339925336 ) ) ;
#3121 = CARTESIAN_POINT ( 'NONE',  ( 0.9464908699206241449, 2.134256245050205639E-18, -0.3767337716377486267 ) ) ;
#3122 = B_SPLINE_CURVE_WITH_KNOTS ( 'NONE', 3,
 ( #4968, #6500, #1942, #1812, #3968, #5994, #5334, #4830, #3839, #5857, #3359 ),
 .UNSPECIFIED., .F., .F.,
 ( 4, 1, 1, 1, 1, 1, 1, 1, 4 ),
 ( 0.000000000000000000, 0.1332233432097688075, 0.2556345905405040808, 0.3718136529193705186, 0.4875672564907024276, 0.6050093294131326793, 0.7265481257384968083, 0.8570421552056524117, 1.000000000000000000 ),
 .UNSPECIFIED. ) ;
#3123 = CARTESIAN_POINT ( 'NONE',  ( 0.8448963237521920355, 0.01574803149606299538, -0.4659705951868921003 ) ) ;
#3124 = CARTESIAN_POINT ( 'NONE',  ( 1.696338505709577449, 0.01574803149606298844, -0.3815088786045108815 ) ) ;
#3125 = CARTESIAN_POINT ( 'NONE',  ( 0.9065039062499998801, 0.000000000000000000, -0.5549999999999999378 ) ) ;
#3126 = ORIENTED_EDGE ( 'NONE', *, *, #3397, .T. ) ;
#3127 = EDGE_LOOP ( 'NONE', ( #6473, #753, #2477, #272 ) ) ;
#3128 = PLANE ( 'NONE',  #6139 ) ;
#3129 = CARTESIAN_POINT ( 'NONE',  ( 1.349235728402701007, 0.01574803149606299191, -0.3546287173116453029 ) ) ;
#3130 = CARTESIAN_POINT ( 'NONE',  ( 1.070103885656789711, 0.01574803149606298844, -0.5550576459251815864 ) ) ;
#3131 = FACE_OUTER_BOUND ( 'NONE', #115, .T. ) ;
#3132 = FACE_OUTER_BOUND ( 'NONE', #1823, .T. ) ;
#3133 = EDGE_CURVE ( 'NONE', #2215, #3744, #2485, .T. ) ;
#3134 = CARTESIAN_POINT ( 'NONE',  ( 0.8421118077929393708, 0.01574803149606299538, -0.4529314182622338758 ) ) ;
#3135 = CARTESIAN_POINT ( 'NONE',  ( 2.028791701143876747, -2.134256245050205639E-18, -0.5065503284010921536 ) ) ;
#3136 = CARTESIAN_POINT ( 'NONE',  ( 1.257024872294380424, 0.01574803149606299191, -0.5706365735033214204 ) ) ;
#3137 = AXIS2_PLACEMENT_3D ( 'NONE', #1431, #822, #5369 ) ;
#3138 = EDGE_CURVE ( 'NONE', #6166, #610, #4455, .T. ) ;
#3139 = CARTESIAN_POINT ( 'NONE',  ( 1.949375000000000302, 0.01574803149606299191, -0.4263378906249996603 ) ) ;
#3140 = EDGE_CURVE ( 'NONE', #543, #5231, #5636, .T. ) ;
#3141 = CARTESIAN_POINT ( 'NONE',  ( 0.8810613643722925437, 0.01574803149606299191, -0.4172523011105747637 ) ) ;
#3142 = ORIENTED_EDGE ( 'NONE', *, *, #4833, .T. ) ;
#3143 = CARTESIAN_POINT ( 'NONE',  ( 1.954947228605931508, 0.01574803149606299191, -0.3979768764292308525 ) ) ;
#3144 = CARTESIAN_POINT ( 'NONE',  ( 1.230625000000000302, 0.000000000000000000, -0.5661328124999996936 ) ) ;
#3145 = CARTESIAN_POINT ( 'NONE',  ( 1.174375000000000169, 0.01574803149606299191, -0.3987499999999997158 ) ) ;
#3146 = EDGE_LOOP ( 'NONE', ( #2538, #3012, #1762 ) ) ;
#3147 = ORIENTED_EDGE ( 'NONE', *, *, #5531, .T. ) ;
#3148 = VERTEX_POINT ( 'NONE', #18 ) ;
#3149 = CARTESIAN_POINT ( 'NONE',  ( 1.389999999999999680, 0.01574803149606299191, -0.3840527343749997602 ) ) ;
#3150 = CARTESIAN_POINT ( 'NONE',  ( 1.700881053803499521, -2.134256245050205639E-18, -0.3639637570138780087 ) ) ;
#3151 = CARTESIAN_POINT ( 'NONE',  ( 0.6583915933623259997, 0.000000000000000000, -0.3565808335474667801 ) ) ;
#3152 = CARTESIAN_POINT ( 'NONE',  ( 0.8242773437499998357, 0.000000000000000000, -0.3518749999999999378 ) ) ;
#3153 = CARTESIAN_POINT ( 'NONE',  ( 1.002289071669929088, -2.134256245050205639E-18, -0.3771063410118129511 ) ) ;
#3154 = EDGE_CURVE ( 'NONE', #2322, #5995, #1457, .T. ) ;
#3155 = ORIENTED_EDGE ( 'NONE', *, *, #4555, .F. ) ;
#3156 = CARTESIAN_POINT ( 'NONE',  ( 0.9479690290655381490, 2.134256245050205639E-18, -0.3703723437172699584 ) ) ;
#3157 = ADVANCED_FACE ( 'NONE', ( #5461 ), #4936, .F. ) ;
#3158 = EDGE_LOOP ( 'NONE', ( #5322, #394, #638, #5694 ) ) ;
#3159 = DIRECTION ( 'NONE',  ( -1.000000000000000000, 0.000000000000000000, 0.000000000000000000 ) ) ;
#3160 = CARTESIAN_POINT ( 'NONE',  ( 1.780722656250000258, 0.000000000000000000, -0.4549999999999996270 ) ) ;
#3161 = CARTESIAN_POINT ( 'NONE',  ( 1.055684047090256650, 0.01574803149606299191, -0.5959569550205789934 ) ) ;
#3162 = CARTESIAN_POINT ( 'NONE',  ( 0.9462499999999999245, 0.000000000000000000, -0.5549999999999999378 ) ) ;
#3163 = CARTESIAN_POINT ( 'NONE',  ( 2.001541966735678635, 2.134256245050205639E-18, -0.3597019483926655603 ) ) ;
#3164 = CARTESIAN_POINT ( 'NONE',  ( 2.016704755238749147, 0.01574803149606299191, -0.5393522598608423424 ) ) ;
#3165 = PLANE ( 'NONE',  #5074 ) ;
#3166 = ORIENTED_EDGE ( 'NONE', *, *, #3595, .T. ) ;
#3167 = CARTESIAN_POINT ( 'NONE',  ( 0.7951757812499999911, 0.000000000000000000, -0.3738476562499999378 ) ) ;
#3168 = CARTESIAN_POINT ( 'NONE',  ( 0.8126851589297167111, 0.01574803149606298497, -0.4875599751559708261 ) ) ;
#3169 = PRESENTATION_STYLE_ASSIGNMENT (( #2697 ) ) ;
#3170 = LINE ( 'NONE', #4185, #5250 ) ;
#3171 = ORIENTED_EDGE ( 'NONE', *, *, #283, .T. ) ;
#3172 = VERTEX_POINT ( 'NONE', #404 ) ;
#3173 = CARTESIAN_POINT ( 'NONE',  ( 1.890081606984794771, 0.01574803149606299191, -0.3522771722134834249 ) ) ;
#3174 = CARTESIAN_POINT ( 'NONE',  ( 0.7024999999999997913, 0.01574803149606299191, -0.4578808593749998379 ) ) ;
#3175 = CARTESIAN_POINT ( 'NONE',  ( 1.983888688217285479, 0.01574803149606299191, -0.4811045083472630379 ) ) ;
#3176 = LINE ( 'NONE', #3703, #6356 ) ;
#3177 = VECTOR ( 'NONE', #4911, 39.37007874015748143 ) ;
#3178 = ORIENTED_EDGE ( 'NONE', *, *, #573, .F. ) ;
#3179 = AXIS2_PLACEMENT_3D ( 'NONE', #1660, #5631, #5696 ) ;
#3180 = CARTESIAN_POINT ( 'NONE',  ( 1.389820111149788984, 0.01574803149606299191, -0.3768347480884961520 ) ) ;
#3181 = CARTESIAN_POINT ( 'NONE',  ( 1.439267578124999725, 0.01574803149606299191, -0.5518749999999997824 ) ) ;
#3182 = VECTOR ( 'NONE', #57, 39.37007874015748143 ) ;
#3183 = CARTESIAN_POINT ( 'NONE',  ( 2.008100726649425738, 0.01574803149606299191, -0.4172348641926642010 ) ) ;
#3184 = CARTESIAN_POINT ( 'NONE',  ( 0.7952688206853276709, 0.000000000000000000, -0.3713931034677105947 ) ) ;
#3185 = DIRECTION ( 'NONE',  ( 0.000000000000000000, 1.000000000000000000, 0.000000000000000000 ) ) ;
#3186 = CARTESIAN_POINT ( 'NONE',  ( 1.503183593749999769, 0.01574803149606299191, -0.5518749999999997824 ) ) ;
#3187 = CARTESIAN_POINT ( 'NONE',  ( 1.056702978549527439, 0.000000000000000000, -0.4952523578245225933 ) ) ;
#3188 = ADVANCED_FACE ( 'NONE', ( #2391 ), #6334, .F. ) ;
#3189 = ORIENTED_EDGE ( 'NONE', *, *, #6375, .F. ) ;
#3190 = EDGE_LOOP ( 'NONE', ( #3553, #5010, #3522, #300 ) ) ;
#3191 = FILL_AREA_STYLE ('',( #2591 ) ) ;
#3192 = B_SPLINE_CURVE_WITH_KNOTS ( 'NONE', 3,
 ( #4408, #1461, #5366, #2916, #6472, #6404, #4335, #3871, #4437, #3427, #3906 ),
 .UNSPECIFIED., .F., .F.,
 ( 4, 1, 1, 1, 1, 1, 1, 1, 4 ),
 ( 0.000000000000000000, 0.1544388469665897157, 0.2929099555059938575, 0.4175384875319954059, 0.5346922919679091279, 0.6459025550590147269, 0.7573168346749014068, 0.8730829739646436272, 0.9999999999999998890 ),
 .UNSPECIFIED. ) ;
#3193 = CARTESIAN_POINT ( 'NONE',  ( 0.5740318374469767226, -2.134256245050205639E-18, -0.5729228606004472812 ) ) ;
#3194 = LINE ( 'NONE', #1107, #1483 ) ;
#3195 = CARTESIAN_POINT ( 'NONE',  ( 0.9078710937500000799, 0.000000000000000000, -0.4956249999999999267 ) ) ;
#3196 = CARTESIAN_POINT ( 'NONE',  ( 1.219945195564568596, 0.01574803149606298844, -0.3601078901404312083 ) ) ;
#3197 = EDGE_CURVE ( 'NONE', #2079, #6466, #6050, .T. ) ;
#3198 = CARTESIAN_POINT ( 'NONE',  ( 0.8147881563716673492, 0.000000000000000000, -0.4851492366314704707 ) ) ;
#3199 = CARTESIAN_POINT ( 'NONE',  ( 0.8693862910303846725, 0.000000000000000000, -0.5498609660493347651 ) ) ;
#3200 = VECTOR ( 'NONE', #3383, 39.37007874015748143 ) ;
#3201 = FACE_OUTER_BOUND ( 'NONE', #400, .T. ) ;
#3202 = B_SPLINE_CURVE_WITH_KNOTS ( 'NONE', 3,
 ( #3759, #5775, #1245, #732, #2764, #4489, #377, #3986, #1476, #2434, #4381 ),
 .UNSPECIFIED., .F., .F.,
 ( 4, 1, 1, 1, 1, 1, 1, 1, 4 ),
 ( 0.000000000000000000, 0.1583008043695086631, 0.2988988626419343264, 0.4253051064553065030, 0.5436927134208044965, 0.6563171264500862190, 0.7663688711917260310, 0.8797438229928655762, 1.000000000000000000 ),
 .UNSPECIFIED. ) ;
#3203 = B_SPLINE_CURVE_WITH_KNOTS ( 'NONE', 3,
 ( #4764, #4334, #5425, #229, #328, #5890, #5365, #4863, #2751, #5394, #4896, #2284 ),
 .UNSPECIFIED., .F., .F.,
 ( 4, 2, 2, 2, 2, 4 ),
 ( 0.000000000000000000, 0.0001362464304400858061, 0.0002724928608801716122, 0.0005449857217603530906, 0.0008174785826405346232, 0.001089971443520716156 ),
 .UNSPECIFIED. ) ;
#3204 = CARTESIAN_POINT ( 'NONE',  ( 0.8686000992957558786, -4.268512490100411279E-18, -0.5019838037203623315 ) ) ;
#3205 = CARTESIAN_POINT ( 'NONE',  ( 1.041363257269023679, 0.01574803149606298844, -0.3685086602160759228 ) ) ;
#3206 = DIRECTION ( 'NONE',  ( -0.000000000000000000, 0.000000000000000000, -1.000000000000000000 ) ) ;
#3207 = SURFACE_SIDE_STYLE ('',( #2263 ) ) ;
#3208 = CARTESIAN_POINT ( 'NONE',  ( 1.980996679376970437, 0.01574803149606299191, -0.5810334536819951046 ) ) ;
#3209 = CARTESIAN_POINT ( 'NONE',  ( 1.985852446334721799, 0.01574803149606299191, -0.5848281745706905843 ) ) ;
#3210 = CARTESIAN_POINT ( 'NONE',  ( 0.9059995641012210665, 1.067128122525102820E-17, -0.4474271371040738909 ) ) ;
#3211 = VERTEX_POINT ( 'NONE', #2980 ) ;
#3212 = CARTESIAN_POINT ( 'NONE',  ( 1.350889956392551827, 2.134256245050205639E-18, -0.3537862860718630764 ) ) ;
#3213 = DIRECTION ( 'NONE',  ( -0.000000000000000000, 0.000000000000000000, 1.000000000000000000 ) ) ;
#3214 = LINE ( 'NONE', #3145, #3665 ) ;
#3215 = ORIENTED_EDGE ( 'NONE', *, *, #2151, .T. ) ;
#3216 = CARTESIAN_POINT ( 'NONE',  ( 0.8257133449976300499, 0.000000000000000000, -0.3519151925537765124 ) ) ;
#3217 = EDGE_CURVE ( 'NONE', #6349, #3278, #3549, .T. ) ;
#3218 = CARTESIAN_POINT ( 'NONE',  ( 1.605624999999999858, 0.000000000000000000, -0.5518749999999997824 ) ) ;
#3219 = CARTESIAN_POINT ( 'NONE',  ( 1.713915660019883269, -2.134256245050205639E-18, -0.3537590362595984250 ) ) ;
#3220 = CARTESIAN_POINT ( 'NONE',  ( 1.496105986326241366, 2.134256245050205639E-18, -0.5985482803997088652 ) ) ;
#3221 = CARTESIAN_POINT ( 'NONE',  ( 0.8404941469542028809, 6.402768735150616918E-18, -0.4513964021319071818 ) ) ;
#3222 = CARTESIAN_POINT ( 'NONE',  ( 0.8793554687499999245, -0.3384390870230564174, -0.4145703124999999267 ) ) ;
#3223 = EDGE_CURVE ( 'NONE', #5181, #5656, #1619, .T. ) ;
#3224 = ORIENTED_EDGE ( 'NONE', *, *, #290, .F. ) ;
#3225 = ORIENTED_EDGE ( 'NONE', *, *, #572, .F. ) ;
#3226 = CARTESIAN_POINT ( 'NONE',  ( 0.8544779182415332963, -2.134256245050205639E-18, -0.3735785262336010493 ) ) ;
#3227 = LINE ( 'NONE', #5237, #3381 ) ;
#3228 = ADVANCED_FACE ( 'NONE', ( #3962 ), #2023, .F. ) ;
#3229 = CARTESIAN_POINT ( 'NONE',  ( 1.344004291419690800, 0.01574803149606299538, -0.3579098238531163712 ) ) ;
#3230 = CARTESIAN_POINT ( 'NONE',  ( 1.898398437500000036, 2.134256245050205639E-18, -0.3518749999999996603 ) ) ;
#3231 = EDGE_CURVE ( 'NONE', #4690, #1829, #5484, .T. ) ;
#3232 = CARTESIAN_POINT ( 'NONE',  ( 0.8556760947845767351, 0.000000000000000000, -0.5271571198129251234 ) ) ;
#3233 = CARTESIAN_POINT ( 'NONE',  ( 2.012283350250354097, 0.01574803149606299191, -0.4497348605850088332 ) ) ;
#3234 = CARTESIAN_POINT ( 'NONE',  ( 0.8578710937500000355, 0.01574803149606299538, -0.4626660156249999822 ) ) ;
#3235 = PRESENTATION_STYLE_ASSIGNMENT (( #5281 ) ) ;
#3236 = CARTESIAN_POINT ( 'NONE',  ( 1.960214254540454837, 6.402768735150616918E-18, -0.5411680116290452647 ) ) ;
#3237 = CARTESIAN_POINT ( 'NONE',  ( 1.485269425404157628, 0.01574803149606299191, -0.5956726425922554968 ) ) ;
#3238 = CARTESIAN_POINT ( 'NONE',  ( 1.654892578124999680, 2.134256245050205639E-18, -0.5518749999999997824 ) ) ;
#3239 = ORIENTED_EDGE ( 'NONE', *, *, #61, .F. ) ;
#3240 = CARTESIAN_POINT ( 'NONE',  ( 1.043609401909538770, 0.01574803149606297803, -0.5752530040405904321 ) ) ;
#3241 = VECTOR ( 'NONE', #2967, 39.37007874015748143 ) ;
#3242 = DIRECTION ( 'NONE',  ( -1.000000000000000000, 0.000000000000000000, 0.000000000000000000 ) ) ;
#3243 = DIRECTION ( 'NONE',  ( -0.000000000000000000, 1.000000000000000000, -0.000000000000000000 ) ) ;
#3244 = CARTESIAN_POINT ( 'NONE',  ( 1.052890625000000080, 0.01574803149606299191, -0.4832714843749997824 ) ) ;
#3245 = DIRECTION ( 'NONE',  ( -1.000000000000000000, 0.000000000000000000, 0.000000000000000000 ) ) ;
#3246 = ORIENTED_EDGE ( 'NONE', *, *, #4016, .F. ) ;
#3247 = VECTOR ( 'NONE', #332, 39.37007874015748143 ) ;
#3248 = CARTESIAN_POINT ( 'NONE',  ( 2.012172348064733995, 0.000000000000000000, -0.4110767053371008339 ) ) ;
#3249 = CARTESIAN_POINT ( 'NONE',  ( 1.589730761765620226, 0.01574803149606299538, -0.3537438756759778702 ) ) ;
#3250 = CARTESIAN_POINT ( 'NONE',  ( 1.472646123046561284, 0.01574803149606299885, -0.5797950049923453752 ) ) ;
#3251 = CARTESIAN_POINT ( 'NONE',  ( 1.072421875000000080, -0.1613455277634967266, -0.5987499999999996714 ) ) ;
#3252 = ORIENTED_EDGE ( 'NONE', *, *, #1326, .F. ) ;
#3253 = CARTESIAN_POINT ( 'NONE',  ( 0.9538879447609153184, 0.01574803149606299191, -0.3601458437950539326 ) ) ;
#3254 = CARTESIAN_POINT ( 'NONE',  ( 0.6007421874999998579, 0.01574803149606299191, -0.6018749999999998268 ) ) ;
#3255 = ORIENTED_EDGE ( 'NONE', *, *, #5550, .F. ) ;
#3256 = CARTESIAN_POINT ( 'NONE',  ( 1.975341712581760056, 0.01574803149606299191, -0.3720362715260253639 ) ) ;
#3257 = CARTESIAN_POINT ( 'NONE',  ( 1.817851614616262435, 0.01574803149606298844, -0.6017770853324970748 ) ) ;
#3258 = CARTESIAN_POINT ( 'NONE',  ( 1.174375000000000169, -0.3384390870230564174, -0.4612499999999997713 ) ) ;
#3259 = CARTESIAN_POINT ( 'NONE',  ( 0.7724273240324029954, -2.134256245050205639E-18, -0.5691183371486859821 ) ) ;
#3260 = CARTESIAN_POINT ( 'NONE',  ( 2.065390625000000036, 0.000000000000000000, -0.5549999999999996048 ) ) ;
#3261 = CARTESIAN_POINT ( 'NONE',  ( 0.6737402343749998579, -1.365923996832131609E-16, -0.5018749999999998490 ) ) ;
#3262 = LINE ( 'NONE', #6304, #2706 ) ;
#3263 = ORIENTED_EDGE ( 'NONE', *, *, #4717, .T. ) ;
#3264 = CARTESIAN_POINT ( 'NONE',  ( 1.174375000000000169, 0.01574803149606299191, -0.3987499999999997158 ) ) ;
#3265 = CARTESIAN_POINT ( 'NONE',  ( 1.960117187500000080, 0.01574803149606299191, -0.5361523437499996492 ) ) ;
#3266 = PRESENTATION_STYLE_ASSIGNMENT (( #5311 ) ) ;
#3267 = CARTESIAN_POINT ( 'NONE',  ( 1.472373046874999813, 0.000000000000000000, -0.5752148437499997602 ) ) ;
#3268 = CARTESIAN_POINT ( 'NONE',  ( 2.155564802652877532, 0.01574803149606297803, -0.5683492186069331042 ) ) ;
#3269 = CARTESIAN_POINT ( 'NONE',  ( 1.661040479109264778, 2.134256245050205639E-18, -0.5520525501284386793 ) ) ;
#3270 = EDGE_LOOP ( 'NONE', ( #5650, #3370, #3351, #948 ) ) ;
#3271 = EDGE_CURVE ( 'NONE', #99, #4825, #5867, .T. ) ;
#3272 = PLANE ( 'NONE',  #3801 ) ;
#3273 = CARTESIAN_POINT ( 'NONE',  ( 1.952147362764287353, 2.134256245050205639E-18, -0.4467635451590317164 ) ) ;
#3274 = CARTESIAN_POINT ( 'NONE',  ( 1.578916015625000169, 0.01574803149606299538, -0.3518749999999998268 ) ) ;
#3275 = CARTESIAN_POINT ( 'NONE',  ( 0.8952528546784480623, 0.000000000000000000, -0.5548514548279475100 ) ) ;
#3276 = ADVANCED_FACE ( 'NONE', ( #4094 ), #3584, .F. ) ;
#3277 = CARTESIAN_POINT ( 'NONE',  ( 0.5733539940413946434, 0.01574803149606299885, -0.5778344038101609348 ) ) ;
#3278 = VERTEX_POINT ( 'NONE', #5316 ) ;
#3279 = B_SPLINE_CURVE_WITH_KNOTS ( 'NONE', 3,
 ( #5887, #3422, #1391, #2164, #3638, #2130, #4644, #3069, #6176, #4056, #4180 ),
 .UNSPECIFIED., .F., .F.,
 ( 4, 1, 1, 1, 1, 1, 1, 1, 4 ),
 ( 0.000000000000000000, 0.1695147003421703102, 0.3186880893765159373, 0.4500432315468798627, 0.5717414207223180389, 0.6848683812388036696, 0.7900792636055490314, 0.8947680043752672674, 1.000000000000000000 ),
 .UNSPECIFIED. ) ;
#3280 = CARTESIAN_POINT ( 'NONE',  ( 2.010143915585068441, 0.01574803149606299191, -0.4137147344131337223 ) ) ;
#3281 = CARTESIAN_POINT ( 'NONE',  ( 1.578916015625000169, 0.01574803149606299538, -0.3518749999999998268 ) ) ;
#3282 = CARTESIAN_POINT ( 'NONE',  ( 1.479856652782878479, 2.134256245050205639E-18, -0.5919417975870767679 ) ) ;
#3283 = CARTESIAN_POINT ( 'NONE',  ( 1.678389273624399491, 2.134256245050205639E-18, -0.5891419486050499810 ) ) ;
#3284 = VECTOR ( 'NONE', #1378, 39.37007874015748143 ) ;
#3285 = CARTESIAN_POINT ( 'NONE',  ( 2.015232725032573668, 0.01574803149606299191, -0.5319899317110149406 ) ) ;
#3286 = EDGE_LOOP ( 'NONE', ( #1676, #1838, #3092, #2102 ) ) ;
#3287 = VECTOR ( 'NONE', #2689, 39.37007874015748143 ) ;
#3288 = CARTESIAN_POINT ( 'NONE',  ( 2.008293254178010301, 0.01574803149606299191, -0.3581009708280760151 ) ) ;
#3289 = CARTESIAN_POINT ( 'NONE',  ( 1.221744274886990889, 0.01574803149606299885, -0.3614475698514996171 ) ) ;
#3290 = CARTESIAN_POINT ( 'NONE',  ( 1.766367187499999991, 0.01574803149606299191, -0.5573437499999995826 ) ) ;
#3291 = CARTESIAN_POINT ( 'NONE',  ( 2.030104413697945365, 0.01574803149606298150, -0.5057268085192888618 ) ) ;
#3292 = CARTESIAN_POINT ( 'NONE',  ( 1.054607757160013204, 0.000000000000000000, -0.5583912136213131649 ) ) ;
#3293 = VERTEX_POINT ( 'NONE', #6317 ) ;
#3294 = CARTESIAN_POINT ( 'NONE',  ( 1.200485266178740629, 0.01574803149606299191, -0.5987276526255426168 ) ) ;
#3295 = CARTESIAN_POINT ( 'NONE',  ( 0.8997117927316486963, -4.268512490100411279E-18, -0.4957599516431793751 ) ) ;
#3296 = CARTESIAN_POINT ( 'NONE',  ( 1.043666140214090987, 0.01574803149606298844, -0.3647733968769525936 ) ) ;
#3297 = VECTOR ( 'NONE', #3573, 39.37007874015748143 ) ;
#3298 = FILL_AREA_STYLE_COLOUR ( '', #3405 ) ;
#3299 = CARTESIAN_POINT ( 'NONE',  ( 1.472646123046561284, 2.134256245050205639E-18, -0.5797950049923453752 ) ) ;
#3300 = CARTESIAN_POINT ( 'NONE',  ( 0.6127908237150864190, 2.134256245050205639E-18, -0.5991057295446675646 ) ) ;
#3301 = CARTESIAN_POINT ( 'NONE',  ( 0.8269471904207696955, 0.01574803149606299538, -0.5845974335617092343 ) ) ;
#3302 = EDGE_CURVE ( 'NONE', #4856, #2208, #3304, .T. ) ;
#3303 = EDGE_LOOP ( 'NONE', ( #1212, #3474, #2100, #4359 ) ) ;
#3304 = LINE ( 'NONE', #1795, #4965 ) ;
#3305 = DIRECTION ( 'NONE',  ( -1.000000000000000000, 0.000000000000000000, 0.000000000000000000 ) ) ;
#3306 = CARTESIAN_POINT ( 'NONE',  ( 2.099375000000000213, 0.01574803149606299191, -0.3987499999999996048 ) ) ;
#3307 = ADVANCED_FACE ( 'NONE', ( #5254, #242 ), #3272, .T. ) ;
#3308 = CARTESIAN_POINT ( 'NONE',  ( 0.9784282384326838944, 0.01574803149606299191, -0.5981807880242223652 ) ) ;
#3309 =( LENGTH_UNIT ( ) NAMED_UNIT ( * ) SI_UNIT ( $, .METRE. ) );
#3310 = DIRECTION ( 'NONE',  ( 0.000000000000000000, 0.000000000000000000, 1.000000000000000000 ) ) ;
#3311 = VERTEX_POINT ( 'NONE', #1763 ) ;
#3312 = ADVANCED_FACE ( 'NONE', ( #5838 ), #1732, .F. ) ;
#3313 = CARTESIAN_POINT ( 'NONE',  ( 1.053108278508979145, 0.01574803149606298844, -0.4799100248796727697 ) ) ;
#3314 = CARTESIAN_POINT ( 'NONE',  ( 0.6007421874999998579, 0.01574803149606299538, -0.6018749999999998268 ) ) ;
#3315 = CARTESIAN_POINT ( 'NONE',  ( 1.484220876722022187, 0.01574803149606299885, -0.5950721946915216165 ) ) ;
#3316 = CARTESIAN_POINT ( 'NONE',  ( 1.466490321003924402, 0.01574803149606299191, -0.5718314045505539234 ) ) ;
#3317 = ORIENTED_EDGE ( 'NONE', *, *, #567, .F. ) ;
#3318 = CARTESIAN_POINT ( 'NONE',  ( 2.015146484375000213, 0.000000000000000000, -0.5293164062499996492 ) ) ;
#3319 = B_SPLINE_SURFACE_WITH_KNOTS ( 'NONE', 3, 1, ( 
 ( #5823, #2779 ),
 ( #3320, #6368 ),
 ( #1229, #2750 ),
 ( #5855, #2283 ),
 ( #4763, #855 ),
 ( #3357, #4301 ),
 ( #4862, #1810 ),
 ( #6335, #1775 ),
 ( #4270, #359 ),
 ( #327, #5332 ),
 ( #782, #4828 ),
 ( #294, #6401 ),
 ( #2313, #3868 ),
 ( #5888, #2879 ),
 ( #2382, #6268 ),
 ( #1721, #3746 ),
 ( #3257, #5759 ),
 ( #5268, #1525 ),
 ( #2478, #2952 ) ),
 .UNSPECIFIED., .F., .F., .F.,
 ( 4, 1, 1, 1, 1, 1, 1, 1, 1, 1, 1, 1, 1, 1, 1, 1, 4 ),
 ( 2, 2 ),
 ( 0.000000000000000000, 0.05336505313206021950, 0.1127034132359751722, 0.1771106852119861130, 0.2470948034324101372, 0.3176078465386043548, 0.3832928668196881605, 0.4452353310191128344, 0.5030462680000191700, 0.5589832419339234582, 0.6148546262725522737, 0.6725131392492817994, 0.7322538535984124408, 0.7941805302445800185, 0.8583406294901260170, 0.9271979424673697512, 1.000000000000000000 ),
 ( 0.000000000000000000, 1.000000000000000000 ),
 .UNSPECIFIED. ) ;
#3320 = CARTESIAN_POINT ( 'NONE',  ( 1.856487890401973706, 0.01574803149606298844, -0.5561556980009904061 ) ) ;
#3321 = CARTESIAN_POINT ( 'NONE',  ( 2.031817383667614774, 0.01574803149606299191, -0.3553999301121139043 ) ) ;
#3322 = DIRECTION ( 'NONE',  ( 0.000000000000000000, 1.000000000000000000, 0.000000000000000000 ) ) ;
#3323 = CARTESIAN_POINT ( 'NONE',  ( 0.8518261953447646695, 0.000000000000000000, -0.3697119835800934950 ) ) ;
#3324 = VERTEX_POINT ( 'NONE', #3732 ) ;
#3325 = CARTESIAN_POINT ( 'NONE',  ( 0.8079574597351137921, 0.000000000000000000, -0.4943480671812497951 ) ) ;
#3326 = CARTESIAN_POINT ( 'NONE',  ( 1.682285156249999858, 0.000000000000000000, -0.5752148437499997602 ) ) ;
#3327 = CARTESIAN_POINT ( 'NONE',  ( 2.008554688379102782, 1.707404996040164512E-17, -0.4443722439271968194 ) ) ;
#3328 = VERTEX_POINT ( 'NONE', #5221 ) ;
#3329 = CARTESIAN_POINT ( 'NONE',  ( 1.466660156249999902, 0.01574803149606299191, -0.5752148437499997602 ) ) ;
#3330 = CARTESIAN_POINT ( 'NONE',  ( 1.994213191408404917, 0.01574803149606299885, -0.3619277287876007110 ) ) ;
#3331 = CARTESIAN_POINT ( 'NONE',  ( 0.000000000000000000, 0.000000000000000000, 0.000000000000000000 ) ) ;
#3332 = DIRECTION ( 'NONE',  ( -1.000000000000000000, 0.000000000000000000, 0.000000000000000000 ) ) ;
#3333 = CARTESIAN_POINT ( 'NONE',  ( 0.7994404114152703356, 0.01574803149606299538, -0.5316131467680239586 ) ) ;
#3334 = EDGE_CURVE ( 'NONE', #3934, #3932, #2076, .T. ) ;
#3335 = VERTEX_POINT ( 'NONE', #5870 ) ;
#3336 = ORIENTED_EDGE ( 'NONE', *, *, #655, .T. ) ;
#3337 = CARTESIAN_POINT ( 'NONE',  ( 1.174375000000000169, 0.01574803149606299191, -0.5049999999999997824 ) ) ;
#3338 = LINE ( 'NONE', #5872, #724 ) ;
#3339 = EDGE_CURVE ( 'NONE', #88, #1244, #1312, .T. ) ;
#3340 = CARTESIAN_POINT ( 'NONE',  ( 1.174375000000000169, 0.000000000000000000, -0.5549999999999997158 ) ) ;
#3341 = EDGE_CURVE ( 'NONE', #5886, #1150, #4779, .T. ) ;
#3342 = CARTESIAN_POINT ( 'NONE',  ( 1.000310386851271938, 0.01574803149606299538, -0.5815560370357233388 ) ) ;
#3343 = CARTESIAN_POINT ( 'NONE',  ( 1.052844053295530102, 0.01574803149606299191, -0.5597009526692692249 ) ) ;
#3344 = ORIENTED_EDGE ( 'NONE', *, *, #821, .T. ) ;
#3345 = ORIENTED_EDGE ( 'NONE', *, *, #4782, .F. ) ;
#3346 = PRESENTATION_LAYER_ASSIGNMENT (  '', '', ( #6519 ) ) ;
#3347 = CARTESIAN_POINT ( 'NONE',  ( 1.054528183051737678, 0.01574803149606299191, -0.4750638354351000570 ) ) ;
#3348 = LINE ( 'NONE', #5355, #4225 ) ;
#3349 = LINE ( 'NONE', #2808, #854 ) ;
#3350 = CARTESIAN_POINT ( 'NONE',  ( 1.682079730355532377, 2.134256245050205639E-18, -0.5802879112056273936 ) ) ;
#3351 = ORIENTED_EDGE ( 'NONE', *, *, #3271, .T. ) ;
#3352 = CARTESIAN_POINT ( 'NONE',  ( 2.023595268027816196, 0.01574803149606298844, -0.5480689442605890527 ) ) ;
#3353 = AXIS2_PLACEMENT_3D ( 'NONE', #447, #2471, #3991 ) ;
#3354 = VERTEX_POINT ( 'NONE', #798 ) ;
#3355 = CARTESIAN_POINT ( 'NONE',  ( 0.7490332031249997691, 0.01574803149606299538, -0.6018749999999998268 ) ) ;
#3356 = EDGE_CURVE ( 'NONE', #933, #739, #6366, .T. ) ;
#3357 = CARTESIAN_POINT ( 'NONE',  ( 1.850647384704483533, 0.01574803149606298844, -0.5710787334946111349 ) ) ;
#3358 = CARTESIAN_POINT ( 'NONE',  ( 2.140908955550691495, 0.000000000000000000, -0.3580640958642851701 ) ) ;
#3359 = CARTESIAN_POINT ( 'NONE',  ( 0.6462499999999998801, 0.000000000000000000, -0.3841015624999998823 ) ) ;
#3360 = ORIENTED_EDGE ( 'NONE', *, *, #5893, .T. ) ;
#3361 = B_SPLINE_SURFACE_WITH_KNOTS ( 'NONE', 3, 1, ( 
 ( #945, #4518 ),
 ( #4979, #1987 ),
 ( #4013, #6035 ),
 ( #1506, #5109 ),
 ( #6071, #1110 ),
 ( #530, #596 ),
 ( #4174, #3098 ),
 ( #105, #2595 ),
 ( #3569, #3037 ),
 ( #5141, #1662 ),
 ( #1047, #1537 ) ),
 .UNSPECIFIED., .F., .F., .F.,
 ( 4, 1, 1, 1, 1, 1, 1, 1, 4 ),
 ( 2, 2 ),
 ( 0.000000000000000000, 0.1519037474898616569, 0.2946067286718556666, 0.4292640855990467741, 0.5551236773389686130, 0.6739582751069664868, 0.7867579455501297891, 0.8949922261428681081, 1.000000000000000000 ),
 ( 0.000000000000000000, 1.000000000000000000 ),
 .UNSPECIFIED. ) ;
#3362 = CARTESIAN_POINT ( 'NONE',  ( 1.703964843750000124, 0.000000000000000000, -0.4032910156249995826 ) ) ;
#3363 = CARTESIAN_POINT ( 'NONE',  ( 1.043515625000000169, 0.000000000000000000, -0.5769726562499998268 ) ) ;
#3364 = ORIENTED_EDGE ( 'NONE', *, *, #5194, .F. ) ;
#3365 = CARTESIAN_POINT ( 'NONE',  ( 1.465020833859509652, 0.01574803149606299191, -0.5849964332278518864 ) ) ;
#3366 = CARTESIAN_POINT ( 'NONE',  ( 0.8578710937499999245, 0.000000000000000000, -0.4626660156249999267 ) ) ;
#3367 = CARTESIAN_POINT ( 'NONE',  ( 1.924375000000000169, 0.01574803149606299191, -0.3765332031249996048 ) ) ;
#3368 = CARTESIAN_POINT ( 'NONE',  ( 0.6203407292298560582, 2.134256245050205639E-18, -0.5928229463476700767 ) ) ;
#3369 = CARTESIAN_POINT ( 'NONE',  ( 0.8368182805491488629, 0.000000000000000000, -0.5902336085823819412 ) ) ;
#3370 = ORIENTED_EDGE ( 'NONE', *, *, #1962, .T. ) ;
#3371 = CARTESIAN_POINT ( 'NONE',  ( 0.8556249999999999689, 1.067128122525102820E-17, -0.5257031249999999378 ) ) ;
#3372 = CARTESIAN_POINT ( 'NONE',  ( 0.9758398437499998801, -2.134256245050205639E-18, -0.3518749999999999378 ) ) ;
#3373 = CARTESIAN_POINT ( 'NONE',  ( 1.580903127041081602, 0.01574803149606300925, -0.3519561079522575686 ) ) ;
#3374 = FILL_AREA_STYLE ('',( #1315 ) ) ;
#3375 = B_SPLINE_SURFACE_WITH_KNOTS ( 'NONE', 3, 1, ( 
 ( #600, #111 ),
 ( #5050, #633 ),
 ( #3136, #22 ),
 ( #1086, #5608 ),
 ( #50, #5183 ),
 ( #140, #4617 ),
 ( #2571, #2665 ),
 ( #5145, #1542 ),
 ( #504, #4585 ),
 ( #1667, #1146 ),
 ( #2057, #4679 ) ),
 .UNSPECIFIED., .F., .F., .F.,
 ( 4, 1, 1, 1, 1, 1, 1, 1, 4 ),
 ( 2, 2 ),
 ( 0.000000000000000000, 0.1065231786078187359, 0.2098636730112684035, 0.3165417078732684630, 0.4305558932821824669, 0.5527832733586784952, 0.6846266747745565207, 0.8329156505530146415, 1.000000000000000000 ),
 ( 0.000000000000000000, 1.000000000000000000 ),
 .UNSPECIFIED. ) ;
#3376 = CARTESIAN_POINT ( 'NONE',  ( 1.039887947698196813, 2.134256245050205639E-18, -0.3810312407221306819 ) ) ;
#3377 = ORIENTED_EDGE ( 'NONE', *, *, #1604, .F. ) ;
#3378 = CARTESIAN_POINT ( 'NONE',  ( 1.229899074122413394, -2.134256245050205639E-18, -0.5761896830186833407 ) ) ;
#3379 = CARTESIAN_POINT ( 'NONE',  ( 1.081015625000000036, 0.01574803149606299191, -0.4612499999999997713 ) ) ;
#3380 = CARTESIAN_POINT ( 'NONE',  ( 0.9350683593749998801, 0.000000000000000000, -0.4549999999999999045 ) ) ;
#3381 = VECTOR ( 'NONE', #686, 39.37007874015748143 ) ;
#3382 = CARTESIAN_POINT ( 'NONE',  ( 1.476604459275512760, -2.134256245050205639E-18, -0.5622399354113948311 ) ) ;
#3383 = DIRECTION ( 'NONE',  ( 1.000000000000000000, 0.000000000000000000, 0.000000000000000000 ) ) ;
#3384 = CARTESIAN_POINT ( 'NONE',  ( 1.834783167840959406, 0.01574803149606299191, -0.5952801345002636246 ) ) ;
#3385 = VERTEX_POINT ( 'NONE', #5285 ) ;
#3386 = CARTESIAN_POINT ( 'NONE',  ( 2.034119379407502759, 0.000000000000000000, -0.5521202448139377328 ) ) ;
#3387 = ORIENTED_EDGE ( 'NONE', *, *, #3140, .T. ) ;
#3388 = CARTESIAN_POINT ( 'NONE',  ( 0.8578710937499999245, 0.000000000000000000, -0.4626660156249999267 ) ) ;
#3389 = CARTESIAN_POINT ( 'NONE',  ( 2.023436009275845215, 0.01574803149606299191, -0.3561249584995162532 ) ) ;
#3390 = CARTESIAN_POINT ( 'NONE',  ( 1.912666411917778309, 0.01574803149606298844, -0.3559797902116901835 ) ) ;
#3391 = VERTEX_POINT ( 'NONE', #4745 ) ;
#3392 = EDGE_CURVE ( 'NONE', #1433, #5388, #210, .T. ) ;
#3393 = CARTESIAN_POINT ( 'NONE',  ( 1.566514956392551339, -2.134256245050205639E-18, -0.3537862860718630764 ) ) ;
#3394 = CARTESIAN_POINT ( 'NONE',  ( 1.389712615558104547, 0.01574803149606299191, -0.3761981300482351021 ) ) ;
#3395 = ORIENTED_EDGE ( 'NONE', *, *, #2291, .F. ) ;
#3396 = VECTOR ( 'NONE', #1289, 39.37007874015748143 ) ;
#3397 = EDGE_CURVE ( 'NONE', #3840, #4856, #3202, .T. ) ;
#3398 = LINE ( 'NONE', #2426, #4564 ) ;
#3399 = CARTESIAN_POINT ( 'NONE',  ( 1.439267578124999725, 0.01574803149606299191, -0.5987499999999996714 ) ) ;
#3400 = CARTESIAN_POINT ( 'NONE',  ( 1.747785230038836568, 2.134256245050205639E-18, -0.3651590258483829454 ) ) ;
#3401 = CARTESIAN_POINT ( 'NONE',  ( 1.875026234481769416, 2.134256245050205639E-18, -0.3639206589674816028 ) ) ;
#3402 = B_SPLINE_CURVE_WITH_KNOTS ( 'NONE', 3,
 ( #5758, #5911, #2749, #2902, #3256, #4204, #4269, #5205, #1228, #2685, #4698, #5878, #2221, #1688, #4235, #161 ),
 .UNSPECIFIED., .F., .F.,
 ( 4, 2, 2, 2, 2, 2, 2, 4 ),
 ( 0.000000000000000000, 0.0002477062631896524616, 0.0004954125263793049232, 0.0007431187895689574932, 0.0009908250527586098463, 0.001486237579137899374, 0.001733943842327538608, 0.001981650105517177626 ),
 .UNSPECIFIED. ) ;
#3403 = DIRECTION ( 'NONE',  ( 0.000000000000000000, 1.000000000000000000, 0.000000000000000000 ) ) ;
#3404 = VERTEX_POINT ( 'NONE', #6039 ) ;
#3405 = COLOUR_RGB ( '',0.7921568627450980005, 0.8196078431372548767, 0.9333333333333333481 ) ;
#3406 = FACE_OUTER_BOUND ( 'NONE', #5817, .T. ) ;
#3407 = CARTESIAN_POINT ( 'NONE',  ( 0.6760351562499997691, -0.3384390870230564174, -0.3518749999999999378 ) ) ;
#3408 = ORIENTED_EDGE ( 'NONE', *, *, #2240, .F. ) ;
#3409 = CARTESIAN_POINT ( 'NONE',  ( 0.7995955799054715873, 0.01574803149606299191, -0.5359655022739326924 ) ) ;
#3410 = VERTEX_POINT ( 'NONE', #2399 ) ;
#3411 = VECTOR ( 'NONE', #3832, 39.37007874015748143 ) ;
#3412 = ORIENTED_EDGE ( 'NONE', *, *, #3356, .T. ) ;
#3413 = CARTESIAN_POINT ( 'NONE',  ( 0.5750227779187153665, -2.134256245050205639E-18, -0.5697179537919058179 ) ) ;
#3414 = DIRECTION ( 'NONE',  ( -1.000000000000000000, 0.000000000000000000, 0.000000000000000000 ) ) ;
#3415 = CARTESIAN_POINT ( 'NONE',  ( 2.155381272625661815, 0.01574803149606299191, -0.3801147199274035882 ) ) ;
#3416 = CARTESIAN_POINT ( 'NONE',  ( 1.333749999999999769, -0.3384390870230564174, -0.5518749999999997824 ) ) ;
#3417 = CARTESIAN_POINT ( 'NONE',  ( 1.724065699175473032, 0.01574803149606299885, -0.3519359774617857872 ) ) ;
#3418 = ORIENTED_EDGE ( 'NONE', *, *, #5041, .T. ) ;
#3419 = CARTESIAN_POINT ( 'NONE',  ( 2.021403635431455292, 0.01574803149606298844, -0.5464461377706112399 ) ) ;
#3420 = ORIENTED_EDGE ( 'NONE', *, *, #61, .T. ) ;
#3421 = ADVANCED_FACE ( 'NONE', ( #3406 ), #1509, .F. ) ;
#3422 = CARTESIAN_POINT ( 'NONE',  ( 1.078748148508783311, 0.000000000000000000, -0.4613338901985369889 ) ) ;
#3423 = CARTESIAN_POINT ( 'NONE',  ( 1.256839987932752090, 2.134256245050205639E-18, -0.5767569221631014820 ) ) ;
#3424 = CARTESIAN_POINT ( 'NONE',  ( 1.226464966626936492, 0.01574803149606299191, -0.3673481227353583289 ) ) ;
#3425 = CARTESIAN_POINT ( 'NONE',  ( 0.8794448534948025031, 0.01574803149606299885, -0.4979520322431649770 ) ) ;
#3426 = CARTESIAN_POINT ( 'NONE',  ( 0.7022988852911073998, 0.000000000000000000, -0.3768439801978326065 ) ) ;
#3427 = CARTESIAN_POINT ( 'NONE',  ( 0.9778533059409173500, 0.000000000000000000, -0.3519704803838907825 ) ) ;
#3428 = ORIENTED_EDGE ( 'NONE', *, *, #4950, .T. ) ;
#3429 = EDGE_CURVE ( 'NONE', #1870, #3094, #950, .T. ) ;
#3430 = EDGE_CURVE ( 'NONE', #1973, #4654, #1892, .T. ) ;
#3431 = CARTESIAN_POINT ( 'NONE',  ( 2.054208984375000213, 0.01574803149606299191, -0.4612499999999996048 ) ) ;
#3432 = CARTESIAN_POINT ( 'NONE',  ( 2.018526340272563946, 0.000000000000000000, -0.5171883569532625957 ) ) ;
#3433 = CARTESIAN_POINT ( 'NONE',  ( 0.7993749999999999467, 0.000000000000000000, -0.5294628906249999600 ) ) ;
#3434 = CARTESIAN_POINT ( 'NONE',  ( 0.9758398437499998801, 0.000000000000000000, -0.3518749999999999378 ) ) ;
#3435 = CARTESIAN_POINT ( 'NONE',  ( 1.000561354185572238, 0.01574803149606299191, -0.5807459632176819042 ) ) ;
#3436 = CARTESIAN_POINT ( 'NONE',  ( 1.923530171628891727, 0.01574803149606298150, -0.3700642244986684926 ) ) ;
#3437 = LINE ( 'NONE', #5435, #4608 ) ;
#3438 = CARTESIAN_POINT ( 'NONE',  ( 0.5751446174638729092, -2.134256245050205639E-18, -0.5873022400820337996 ) ) ;
#3439 = CARTESIAN_POINT ( 'NONE',  ( 2.152611374859917603, 0.01574803149606299538, -0.5837923963021980356 ) ) ;
#3440 = ORIENTED_EDGE ( 'NONE', *, *, #6051, .T. ) ;
#3441 = CARTESIAN_POINT ( 'NONE',  ( 1.801189704673937575, 0.01574803149606299191, -0.6006979685863682583 ) ) ;
#3442 = CARTESIAN_POINT ( 'NONE',  ( 0.8686000992957558786, 0.01574803149606299191, -0.5019838037203623315 ) ) ;
#3443 = EDGE_CURVE ( 'NONE', #1416, #4999, #4140, .T. ) ;
#3444 = ORIENTED_EDGE ( 'NONE', *, *, #1748, .T. ) ;
#3445 = CARTESIAN_POINT ( 'NONE',  ( 1.917814379901055410, 0.000000000000000000, -0.4004910379474454496 ) ) ;
#3446 = ORIENTED_EDGE ( 'NONE', *, *, #291, .T. ) ;
#3447 = VERTEX_POINT ( 'NONE', #1961 ) ;
#3448 = DIRECTION ( 'NONE',  ( 0.000000000000000000, 0.000000000000000000, -1.000000000000000000 ) ) ;
#3449 = CARTESIAN_POINT ( 'NONE',  ( 2.045664062500000213, 0.000000000000000000, -0.5987499999999995604 ) ) ;
#3450 = CARTESIAN_POINT ( 'NONE',  ( 0.9657499268081122246, 0.01574803149606299191, -0.3531126035980647893 ) ) ;
#3451 = CARTESIAN_POINT ( 'NONE',  ( 1.856943359375000657, -0.1613455277634966989, -0.5549999999999997158 ) ) ;
#3452 = EDGE_LOOP ( 'NONE', ( #1413, #4898, #2578, #2641 ) ) ;
#3453 = CARTESIAN_POINT ( 'NONE',  ( 1.229611024350991899, 0.000000000000000000, -0.3762935857589672084 ) ) ;
#3454 = ORIENTED_EDGE ( 'NONE', *, *, #1326, .T. ) ;
#3455 = CARTESIAN_POINT ( 'NONE',  ( 0.8160306609921406107, 0.01574803149606299191, -0.3526419596040560323 ) ) ;
#3456 = CARTESIAN_POINT ( 'NONE',  ( 1.054483780174747531, 0.01574803149606299885, -0.4913404774800420594 ) ) ;
#3457 = CARTESIAN_POINT ( 'NONE',  ( 1.059578924695073310, 0.01574803149606299191, -0.4677253770443359771 ) ) ;
#3458 = CARTESIAN_POINT ( 'NONE',  ( 0.6335058593749998135, -0.3384390870230564174, -0.5724804687499998046 ) ) ;
#3459 = PRESENTATION_LAYER_ASSIGNMENT (  '', '', ( #1329 ) ) ;
#3460 = ORIENTED_EDGE ( 'NONE', *, *, #1269, .T. ) ;
#3461 = LINE ( 'NONE', #6, #315 ) ;
#3462 = CARTESIAN_POINT ( 'NONE',  ( 1.041354952032193193, 0.01574803149606298844, -0.3851523636866254763 ) ) ;
#3463 = CARTESIAN_POINT ( 'NONE',  ( 1.274055251591116322, 0.01574803149606299191, -0.5972276466835293451 ) ) ;
#3464 = ORIENTED_EDGE ( 'NONE', *, *, #3032, .T. ) ;
#3465 = CARTESIAN_POINT ( 'NONE',  ( 1.287558593749999813, 0.01574803149606299191, -0.5518749999999997824 ) ) ;
#3466 = CARTESIAN_POINT ( 'NONE',  ( 0.9964104657054362324, 1.067128122525102820E-17, -0.5887915892374179228 ) ) ;
#3467 = CARTESIAN_POINT ( 'NONE',  ( 2.007177137227762476, 2.134256245050205639E-18, -0.4412990786661489806 ) ) ;
#3468 = DIRECTION ( 'NONE',  ( 0.8714145482621377115, 0.000000000000000000, 0.4905473321475661286 ) ) ;
#3469 = CARTESIAN_POINT ( 'NONE',  ( 1.725839843749999991, 2.134256245050205639E-18, -0.3518749999999996603 ) ) ;
#3470 = ORIENTED_EDGE ( 'NONE', *, *, #2167, .F. ) ;
#3471 = CARTESIAN_POINT ( 'NONE',  ( 1.790377930726985367, 0.01574803149606299885, -0.5961989986232578698 ) ) ;
#3472 = B_SPLINE_CURVE_WITH_KNOTS ( 'NONE', 3,
 ( #5501, #4976, #3499, #528, #4576, #5535, #439, #5072, #2048, #2560, #979, #4544 ),
 .UNSPECIFIED., .F., .F.,
 ( 4, 2, 2, 2, 2, 4 ),
 ( 0.000000000000000000, 0.0004644439806499914259, 0.0006966659709749920991, 0.0009288879612999927180, 0.001393331941949997209, 0.001857775922600001916 ),
 .UNSPECIFIED. ) ;
#3473 = CARTESIAN_POINT ( 'NONE',  ( 0.8557770855074384730, 1.067128122525102820E-17, -0.5204076692650108082 ) ) ;
#3474 = ORIENTED_EDGE ( 'NONE', *, *, #3302, .T. ) ;
#3475 = LINE ( 'NONE', #1414, #4391 ) ;
#3476 = EDGE_CURVE ( 'NONE', #1150, #3404, #2500, .T. ) ;
#3477 = CARTESIAN_POINT ( 'NONE',  ( 1.558073919881089342, 0.01574803149606299885, -0.3593341422351984393 ) ) ;
#3478 = EDGE_LOOP ( 'NONE', ( #5030, #3428, #683, #2347 ) ) ;
#3479 = ORIENTED_EDGE ( 'NONE', *, *, #6051, .F. ) ;
#3480 = CARTESIAN_POINT ( 'NONE',  ( 0.8793554687499999245, 0.000000000000000000, -0.4145703124999999267 ) ) ;
#3481 = CARTESIAN_POINT ( 'NONE',  ( 1.727836446257756231, 0.01574803149606298150, -0.3519347230425435291 ) ) ;
#3482 = CARTESIAN_POINT ( 'NONE',  ( 2.151601626894688923, 2.134256245050205639E-18, -0.3675381975063522488 ) ) ;
#3483 = CARTESIAN_POINT ( 'NONE',  ( 0.7134863281249997913, 0.01574803149606299191, -0.5724804687499998046 ) ) ;
#3484 = EDGE_CURVE ( 'NONE', #4654, #1813, #6551, .T. ) ;
#3485 = CARTESIAN_POINT ( 'NONE',  ( 1.696765627192600379, 0.01574803149606298844, -0.3816033850089007307 ) ) ;
#3486 = CARTESIAN_POINT ( 'NONE',  ( 1.043908578026525147, 0.01574803149606298844, -0.3894104783379408463 ) ) ;
#3487 = ORIENTED_EDGE ( 'NONE', *, *, #256, .T. ) ;
#3488 = ORIENTED_EDGE ( 'NONE', *, *, #1346, .F. ) ;
#3489 = CARTESIAN_POINT ( 'NONE',  ( 2.124506589642706000, 2.134256245050205639E-18, -0.5987420392555313775 ) ) ;
#3490 = CARTESIAN_POINT ( 'NONE',  ( 1.228806392534069980, 0.01574803149606299191, -0.3730302950764388115 ) ) ;
#3491 = CARTESIAN_POINT ( 'NONE',  ( 1.671451916081897471, 0.01574803149606299538, -0.5953142231538451901 ) ) ;
#3492 = CARTESIAN_POINT ( 'NONE',  ( 1.965834019285129797, 0.01574803149606298844, -0.5093944095136503369 ) ) ;
#3493 = ORIENTED_EDGE ( 'NONE', *, *, #374, .T. ) ;
#3494 = CARTESIAN_POINT ( 'NONE',  ( 1.965286677259609815, -2.134256245050205639E-18, -0.5604076494325447300 ) ) ;
#3495 = CARTESIAN_POINT ( 'NONE',  ( 1.287558593750000036, -0.1613455277634967266, -0.5987499999999998934 ) ) ;
#3496 = LINE ( 'NONE', #2995, #2392 ) ;
#3497 = CARTESIAN_POINT ( 'NONE',  ( 1.367265301551386925, 0.01574803149606299191, -0.3520365943960088173 ) ) ;
#3498 = CARTESIAN_POINT ( 'NONE',  ( 1.766930223893971252, -6.402768735150616918E-18, -0.5588599714658907258 ) ) ;
#3499 = CARTESIAN_POINT ( 'NONE',  ( 0.9228311689608323931, 0.01574803149606299885, -0.4545914261694488090 ) ) ;
#3500 = CARTESIAN_POINT ( 'NONE',  ( 1.462764273624399536, -2.134256245050205639E-18, -0.5891419486050499810 ) ) ;
#3501 = CARTESIAN_POINT ( 'NONE',  ( 1.811679687500000302, -0.3384390870230564174, -0.5456249999999995826 ) ) ;
#3502 = VECTOR ( 'NONE', #4702, 39.37007874015748143 ) ;
#3503 = DIRECTION ( 'NONE',  ( 0.000000000000000000, 1.000000000000000000, 0.000000000000000000 ) ) ;
#3504 = LINE ( 'NONE', #6547, #162 ) ;
#3505 = VECTOR ( 'NONE', #3958, 39.37007874015748143 ) ;
#3506 = CARTESIAN_POINT ( 'NONE',  ( 0.8645868836782892863, 0.01574803149606299191, -0.5045809187365981607 ) ) ;
#3507 = ORIENTED_EDGE ( 'NONE', *, *, #4102, .F. ) ;
#3508 = CARTESIAN_POINT ( 'NONE',  ( 0.7220824721646097455, 2.134256245050205639E-18, -0.5857521854337283118 ) ) ;
#3509 = EDGE_CURVE ( 'NONE', #4926, #3659, #2364, .T. ) ;
#3510 = CARTESIAN_POINT ( 'NONE',  ( 1.918891905008060617, 0.01574803149606298844, -0.3977743301999187020 ) ) ;
#3511 = ORIENTED_EDGE ( 'NONE', *, *, #3568, .F. ) ;
#3512 = ORIENTED_EDGE ( 'NONE', *, *, #283, .F. ) ;
#3513 = B_SPLINE_CURVE_WITH_KNOTS ( 'NONE', 3,
 ( #3380, #5384, #2275, #2872, #6326, #4887, #1712, #5749, #3796, #996, #6490, #450, #2442, #1384, #3480 ),
 .UNSPECIFIED., .F., .F.,
 ( 4, 1, 1, 1, 1, 1, 1, 1, 1, 1, 1, 1, 4 ),
 ( 0.000000000000000000, 0.08291263627531331171, 0.1581909326074473210, 0.2268734616305698726, 0.2892264947809872755, 0.3505138943619713343, 0.4163272881636557177, 0.4876136025322317380, 0.5651194267332535492, 0.6527588563535147159, 0.7538118776155019463, 0.8694977531562169126, 1.000000000000000000 ),
 .UNSPECIFIED. ) ;
#3514 = VECTOR ( 'NONE', #6209, 39.37007874015748143 ) ;
#3515 = EDGE_CURVE ( 'NONE', #5976, #3974, #1219, .T. ) ;
#3516 = CARTESIAN_POINT ( 'NONE',  ( 0.5879492187499998357, 0.01574803149606299191, -0.5476269531249998712 ) ) ;
#3517 = CARTESIAN_POINT ( 'NONE',  ( 1.924375000000000169, 0.01574803149606299191, -0.3765332031249996048 ) ) ;
#3518 = CARTESIAN_POINT ( 'NONE',  ( 1.200485266178740629, -2.134256245050205639E-18, -0.5987276526255426168 ) ) ;
#3519 = ADVANCED_FACE ( 'NONE', ( #2533 ), #3165, .F. ) ;
#3520 = CARTESIAN_POINT ( 'NONE',  ( 1.039748846053058395, 0.01574803149606299191, -0.3784261034983762428 ) ) ;
#3521 = AXIS2_PLACEMENT_3D ( 'NONE', #2203, #4219, #3242 ) ;
#3522 = ORIENTED_EDGE ( 'NONE', *, *, #2156, .T. ) ;
#3523 = EDGE_LOOP ( 'NONE', ( #1808, #3493, #297, #1611 ) ) ;
#3524 = EDGE_LOOP ( 'NONE', ( #1943, #5584, #6266, #6214 ) ) ;
#3525 = CARTESIAN_POINT ( 'NONE',  ( 1.287558593750000036, 0.000000000000000000, -0.5987499999999998934 ) ) ;
#3526 = CARTESIAN_POINT ( 'NONE',  ( 1.077664417354312176, 0.01574803149606298497, -0.5049107714185483431 ) ) ;
#3527 = CARTESIAN_POINT ( 'NONE',  ( 1.056664104428460371, 0.000000000000000000, -0.4712537067026700832 ) ) ;
#3528 = CARTESIAN_POINT ( 'NONE',  ( 1.065772239505832220, 0.000000000000000000, -0.5985845932745829101 ) ) ;
#3529 = CARTESIAN_POINT ( 'NONE',  ( 1.963362791932468765, -2.134256245050205639E-18, -0.5557631974315553336 ) ) ;
#3530 = DIRECTION ( 'NONE',  ( 0.000000000000000000, 1.000000000000000000, 0.000000000000000000 ) ) ;
#3531 = CARTESIAN_POINT ( 'NONE',  ( 1.986414966741246513, 0.000000000000000000, -0.4887240528988435750 ) ) ;
#3532 = CARTESIAN_POINT ( 'NONE',  ( 1.700505680645039153, 0.01574803149606298150, -0.3947510657574107018 ) ) ;
#3533 = CARTESIAN_POINT ( 'NONE',  ( 2.015832220093376925, 0.01574803149606299885, -0.5235897981485190256 ) ) ;
#3534 = CARTESIAN_POINT ( 'NONE',  ( 0.8285069813087101442, 0.01574803149606299885, -0.3520216439152038523 ) ) ;
#3535 = CARTESIAN_POINT ( 'NONE',  ( 1.043595208574922717, 2.134256245050205639E-18, -0.5755132770582345181 ) ) ;
#3536 = CARTESIAN_POINT ( 'NONE',  ( 0.6038552888771336891, 0.01574803149606299885, -0.6018177046880093251 ) ) ;
#3537 = DIRECTION ( 'NONE',  ( 0.000000000000000000, 1.000000000000000000, 0.000000000000000000 ) ) ;
#3538 = CARTESIAN_POINT ( 'NONE',  ( 1.046856553724963668, 2.134256245050205639E-18, -0.3613586407157824976 ) ) ;
#3539 = DIRECTION ( 'NONE',  ( 1.000000000000000000, 0.000000000000000000, 0.000000000000000000 ) ) ;
#3540 = FACE_BOUND ( 'NONE', #3955, .T. ) ;
#3541 = FILL_AREA_STYLE_COLOUR ( '', #680 ) ;
#3542 = B_SPLINE_SURFACE_WITH_KNOTS ( 'NONE', 3, 1, ( 
 ( #2647, #5197 ),
 ( #2005, #1067 ),
 ( #4105, #2108 ),
 ( #3555, #6158 ),
 ( #3084, #3653 ),
 ( #5653, #3589 ),
 ( #5096, #3151 ),
 ( #1589, #5558 ),
 ( #5161, #1036 ),
 ( #4659, #613 ),
 ( #2583, #1651 ) ),
 .UNSPECIFIED., .F., .F., .F.,
 ( 4, 1, 1, 1, 1, 1, 1, 1, 4 ),
 ( 2, 2 ),
 ( 0.000000000000000000, 0.1429578447943475883, 0.2734518742615031917, 0.3949906705868672652, 0.5124327435092975724, 0.6281863470806294814, 0.7443654094594959192, 0.8667766567902311925, 1.000000000000000000 ),
 ( 0.000000000000000000, 1.000000000000000000 ),
 .UNSPECIFIED. ) ;
#3543 = CARTESIAN_POINT ( 'NONE',  ( 1.921633409161457751, 0.000000000000000000, -0.3905225834908275795 ) ) ;
#3544 = EDGE_LOOP ( 'NONE', ( #1368, #2869, #5892, #1304 ) ) ;
#3545 = ORIENTED_EDGE ( 'NONE', *, *, #6541, .F. ) ;
#3546 = EDGE_CURVE ( 'NONE', #3293, #3328, #4551, .T. ) ;
#3547 = CARTESIAN_POINT ( 'NONE',  ( 0.6462499999999998801, 0.01574803149606299191, -0.3841015624999998823 ) ) ;
#3548 = CARTESIAN_POINT ( 'NONE',  ( 1.441390423178507962, 2.134256245050205639E-18, -0.5519363073328391600 ) ) ;
#3549 = LINE ( 'NONE', #453, #2637 ) ;
#3550 = CARTESIAN_POINT ( 'NONE',  ( 1.654892578124999680, 0.000000000000000000, -0.5518749999999997824 ) ) ;
#3551 = ORIENTED_EDGE ( 'NONE', *, *, #5206, .T. ) ;
#3552 = ORIENTED_EDGE ( 'NONE', *, *, #1049, .F. ) ;
#3553 = ORIENTED_EDGE ( 'NONE', *, *, #3223, .F. ) ;
#3554 = CARTESIAN_POINT ( 'NONE',  ( 1.280480986326241188, 2.134256245050205639E-18, -0.5985482803997088652 ) ) ;
#3555 = CARTESIAN_POINT ( 'NONE',  ( 0.6480439347055678700, 0.01574803149606299885, -0.3708097881172091603 ) ) ;
#3556 = B_SPLINE_CURVE_WITH_KNOTS ( 'NONE', 3,
 ( #7, #1307, #2455, #1009, #433, #6378, #3816, #2958, #1946, #3330, #303, #4540 ),
 .UNSPECIFIED., .F., .F.,
 ( 4, 2, 2, 2, 2, 4 ),
 ( 0.000000000000000000, 0.0003928993857029292242, 0.0007857987714058584485, 0.001178698157108787510, 0.001375147849960262287, 0.001571597542811737063 ),
 .UNSPECIFIED. ) ;
#3557 = CARTESIAN_POINT ( 'NONE',  ( 2.123154296875000124, 0.000000000000000000, -0.3549999999999996492 ) ) ;
#3558 = CARTESIAN_POINT ( 'NONE',  ( 1.065772239505832220, 0.000000000000000000, -0.5985845932745829101 ) ) ;
#3559 = ADVANCED_FACE ( 'NONE', ( #598, #5179 ), #20, .T. ) ;
#3560 = CARTESIAN_POINT ( 'NONE',  ( 1.961904996121838884, -2.134256245050205639E-18, -0.5509853900523198345 ) ) ;
#3561 = CARTESIAN_POINT ( 'NONE',  ( 1.994394531249999991, 0.01574803149606299191, -0.4849804687499996159 ) ) ;
#3562 = DIRECTION ( 'NONE',  ( 0.000000000000000000, 0.000000000000000000, 1.000000000000000000 ) ) ;
#3563 = CARTESIAN_POINT ( 'NONE',  ( 0.8903237402554670110, 0.000000000000000000, -0.5545238095568543191 ) ) ;
#3564 = PRODUCT_RELATED_PRODUCT_CATEGORY ( 'part', '', ( #5479 ) ) ;
#3565 = VECTOR ( 'NONE', #6243, 39.37007874015748143 ) ;
#3566 = CARTESIAN_POINT ( 'NONE',  ( 1.983888688217285479, 0.000000000000000000, -0.4811045083472630379 ) ) ;
#3568 = EDGE_CURVE ( 'NONE', #2975, #4574, #3607, .T. ) ;
#3567 = CARTESIAN_POINT ( 'NONE',  ( 0.7599707031249997025, -2.134256245050205639E-18, -0.5464062499999999822 ) ) ;
#3569 = CARTESIAN_POINT ( 'NONE',  ( 1.995510565756418719, 0.01574803149606299191, -0.5906980407102901953 ) ) ;
#3570 = AXIS2_PLACEMENT_3D ( 'NONE', #5008, #365, #2388 ) ;
#3571 = CARTESIAN_POINT ( 'NONE',  ( 2.015262048961480090, 0.000000000000000000, -0.5328989956346774637 ) ) ;
#3572 = CARTESIAN_POINT ( 'NONE',  ( 1.050965998253355460, 2.134256245050205639E-18, -0.3583920284298203751 ) ) ;
#3573 = DIRECTION ( 'NONE',  ( 0.000000000000000000, 1.000000000000000000, 0.000000000000000000 ) ) ;
#3574 = FACE_OUTER_BOUND ( 'NONE', #824, .T. ) ;
#3575 = CARTESIAN_POINT ( 'NONE',  ( 0.9462499999999999245, 0.000000000000000000, -0.4956249999999998712 ) ) ;
#3576 = ORIENTED_EDGE ( 'NONE', *, *, #4311, .T. ) ;
#3577 = ORIENTED_EDGE ( 'NONE', *, *, #5963, .T. ) ;
#3578 = ORIENTED_EDGE ( 'NONE', *, *, #1944, .T. ) ;
#3579 = B_SPLINE_SURFACE_WITH_KNOTS ( 'NONE', 3, 1, ( 
 ( #3697, #2630 ),
 ( #3141, #1579 ),
 ( #5083, #3642 ),
 ( #5610, #5708 ),
 ( #6145, #2093 ),
 ( #1087, #5147 ),
 ( #3671, #2667 ),
 ( #1185, #3210 ),
 ( #542, #5218 ),
 ( #666, #2698 ),
 ( #574, #3073 ),
 ( #2201, #2601 ),
 ( #4217, #6244 ),
 ( #4619, #1705 ),
 ( #6280, #4812 ) ),
 .UNSPECIFIED., .F., .F., .F.,
 ( 4, 1, 1, 1, 1, 1, 1, 1, 1, 1, 1, 1, 4 ),
 ( 2, 2 ),
 ( 0.000000000000000000, 0.1305022468437830319, 0.2461881223844980537, 0.3472411436464852286, 0.4348805732667463952, 0.5123863974677682620, 0.5836727118363442823, 0.6494861056380286657, 0.7107735052190127245, 0.7731265383694301274, 0.8418090673925526790, 0.9170873637246866883, 1.000000000000000000 ),
 ( 0.000000000000000000, 1.000000000000000000 ),
 .UNSPECIFIED. ) ;
#3580 = CARTESIAN_POINT ( 'NONE',  ( 1.924375000000000169, 0.000000000000000000, -0.3765332031249996048 ) ) ;
#3581 = CARTESIAN_POINT ( 'NONE',  ( 1.988987170270583915, 0.01574803149606299191, -0.4832296735174687052 ) ) ;
#3582 = CARTESIAN_POINT ( 'NONE',  ( 0.5744670348672583637, 0.01574803149606299885, -0.5856876700803085312 ) ) ;
#3583 = ORIENTED_EDGE ( 'NONE', *, *, #1739, .F. ) ;
#3584 = B_SPLINE_SURFACE_WITH_KNOTS ( 'NONE', 3, 1, ( 
 ( #1188, #4126 ),
 ( #2542, #5086 ),
 ( #3674, #2671 ),
 ( #1118, #576 ),
 ( #3143, #1643 ),
 ( #4684, #1151 ),
 ( #5677, #511 ),
 ( #5614, #54 ),
 ( #146, #1091 ),
 ( #2172, #3076 ),
 ( #1057, #6113 ),
 ( #6216, #4560 ),
 ( #3110, #2604 ),
 ( #81, #4284 ),
 ( #765, #1707 ) ),
 .UNSPECIFIED., .F., .F., .F.,
 ( 4, 1, 1, 1, 1, 1, 1, 1, 1, 1, 1, 1, 4 ),
 ( 2, 2 ),
 ( 0.000000000000000000, 0.1251139878867561506, 0.2475455202790303177, 0.3687608467046650240, 0.4921201239785787940, 0.5543137035972384163, 0.6163115540037714668, 0.6782813926287771800, 0.7406762715500904148, 0.8034410838249168574, 0.8673602111964581196, 0.9327739746667275123, 1.000000000000000000 ),
 ( 0.000000000000000000, 1.000000000000000000 ),
 .UNSPECIFIED. ) ;
#3585 = ORIENTED_EDGE ( 'NONE', *, *, #5563, .F. ) ;
#3586 = ORIENTED_EDGE ( 'NONE', *, *, #4562, .T. ) ;
#3587 = CARTESIAN_POINT ( 'NONE',  ( 0.7588410616037855050, 0.000000000000000000, -0.6003205438679221073 ) ) ;
#3588 = CARTESIAN_POINT ( 'NONE',  ( 2.048739445184058372, 0.01574803149606299538, -0.4612120367456303272 ) ) ;
#3589 = CARTESIAN_POINT ( 'NONE',  ( 0.6539865169830627600, 0.000000000000000000, -0.3603921494036425588 ) ) ;
#3590 = CARTESIAN_POINT ( 'NONE',  ( 1.668272123462220202, 0.01574803149606298150, -0.5967642163572554059 ) ) ;
#3591 = CARTESIAN_POINT ( 'NONE',  ( 1.043515625000000169, 0.01574803149606299538, -0.5769726562499998268 ) ) ;
#3592 = DIRECTION ( 'NONE',  ( 0.000000000000000000, 0.000000000000000000, 1.000000000000000000 ) ) ;
#3593 = CARTESIAN_POINT ( 'NONE',  ( 0.8333704806256915232, 0.000000000000000000, -0.4709300056048693617 ) ) ;
#3594 = DIRECTION ( 'NONE',  ( 0.000000000000000000, 1.000000000000000000, 0.000000000000000000 ) ) ;
#3595 = EDGE_CURVE ( 'NONE', #2975, #1926, #263, .T. ) ;
#3596 = LENGTH_MEASURE_WITH_UNIT ( LENGTH_MEASURE( 0.02539999999999999897 ), #4665 );
#3597 = VERTEX_POINT ( 'NONE', #4675 ) ;
#3598 = VERTEX_POINT ( 'NONE', #2088 ) ;
#3599 = SURFACE_STYLE_FILL_AREA ( #3191 ) ;
#3600 = CARTESIAN_POINT ( 'NONE',  ( 1.722291600368306641, 0.01574803149606299191, -0.3519972226091583889 ) ) ;
#3601 = EDGE_CURVE ( 'NONE', #3391, #4389, #5088, .T. ) ;
#3602 = CARTESIAN_POINT ( 'NONE',  ( 0.9462499999999999245, 0.000000000000000000, -0.3836132812499999378 ) ) ;
#3603 = CARTESIAN_POINT ( 'NONE',  ( 1.059728514501119490, 2.134256245050205639E-18, -0.5563965360930586135 ) ) ;
#3604 = DIRECTION ( 'NONE',  ( 0.000000000000000000, 1.000000000000000000, 0.000000000000000000 ) ) ;
#3605 = DIRECTION ( 'NONE',  ( -1.000000000000000000, 0.000000000000000000, 0.000000000000000000 ) ) ;
#3606 = CARTESIAN_POINT ( 'NONE',  ( 0.8233062920689425690, 0.000000000000000000, -0.4772911540116689388 ) ) ;
#3607 = LINE ( 'NONE', #4642, #4751 ) ;
#3608 = CARTESIAN_POINT ( 'NONE',  ( 2.060361328125000391, -2.134256245050205639E-18, -0.5018749999999997380 ) ) ;
#3609 = CARTESIAN_POINT ( 'NONE',  ( 0.8499355139043878182, 0.01574803149606299538, -0.4644058848921451266 ) ) ;
#3610 = CARTESIAN_POINT ( 'NONE',  ( 1.912666411917778309, 2.134256245050205639E-18, -0.3559797902116901835 ) ) ;
#3611 = VECTOR ( 'NONE', #2138, 39.37007874015748143 ) ;
#3612 = ORIENTED_EDGE ( 'NONE', *, *, #5756, .T. ) ;
#3613 = UNCERTAINTY_MEASURE_WITH_UNIT (LENGTH_MEASURE( 1.000000000000000082E-05 ), #4949, 'distance_accuracy_value', 'NONE');
#3614 = CARTESIAN_POINT ( 'NONE',  ( 1.361082554932738109, 0.01574803149606298844, -0.3519674232326783225 ) ) ;
#3615 = CARTESIAN_POINT ( 'NONE',  ( 1.466660156249999902, 0.000000000000000000, -0.5752148437499997602 ) ) ;
#3616 = CARTESIAN_POINT ( 'NONE',  ( 0.7409025367533167428, 0.01574803149606299191, -0.6011915087643425748 ) ) ;
#3617 = ORIENTED_EDGE ( 'NONE', *, *, #5979, .F. ) ;
#3618 = ORIENTED_EDGE ( 'NONE', *, *, #3392, .T. ) ;
#3619 = B_SPLINE_CURVE_WITH_KNOTS ( 'NONE', 3,
 ( #1284, #5779, #3763, #2900, #1347, #4353, #2272, #2243, #3277, #4257 ),
 .UNSPECIFIED., .F., .F.,
 ( 4, 2, 2, 2, 4 ),
 ( 0.000000000000000000, 0.0004500880078402153656, 0.0006751320117603265992, 0.0007876540137203830562, 0.0009001760156804395133 ),
 .UNSPECIFIED. ) ;
#3620 = CARTESIAN_POINT ( 'NONE',  ( 0.7741154410003188158, 0.000000000000000000, -0.5832168318869566104 ) ) ;
#3621 = CARTESIAN_POINT ( 'NONE',  ( 1.439267578124999725, -0.3384390870230564174, -0.5518749999999997824 ) ) ;
#3622 = CARTESIAN_POINT ( 'NONE',  ( 0.8559511605375456078, 0.01574803149606298844, -0.4618816597035869109 ) ) ;
#3623 = CARTESIAN_POINT ( 'NONE',  ( 0.8682399832700876674, 0.01574803149606299191, -0.5492187016039425940 ) ) ;
#3624 = LINE ( 'NONE', #587, #2545 ) ;
#3625 = CARTESIAN_POINT ( 'NONE',  ( 0.8512344866955046108, 0.01574803149606299538, -0.4640700261579376318 ) ) ;
#3626 = CARTESIAN_POINT ( 'NONE',  ( 1.856943359375000213, 0.01574803149606299191, -0.5549999999999996048 ) ) ;
#3627 = EDGE_CURVE ( 'NONE', #926, #144, #1144, .T. ) ;
#3628 = CARTESIAN_POINT ( 'NONE',  ( 0.8758201936797620490, 0.000000000000000000, -0.5525026209509558139 ) ) ;
#3629 = VERTEX_POINT ( 'NONE', #3265 ) ;
#3630 = CARTESIAN_POINT ( 'NONE',  ( 1.965269277469989806, 0.000000000000000000, -0.3815504561701469899 ) ) ;
#3631 = ADVANCED_FACE ( 'NONE', ( #2695, #4212, #4839 ), #6308, .T. ) ;
#3632 = EDGE_CURVE ( 'NONE', #2986, #425, #6206, .T. ) ;
#3633 = CARTESIAN_POINT ( 'NONE',  ( 1.353133624706113203, 0.01574803149606299191, -0.3531517238964538286 ) ) ;
#3634 = CARTESIAN_POINT ( 'NONE',  ( 0.9773925956268707527, 1.067128122525102820E-17, -0.5983334316559426602 ) ) ;
#3635 = LINE ( 'NONE', #5601, #4916 ) ;
#3636 = CARTESIAN_POINT ( 'NONE',  ( 2.024330825051781080, 0.000000000000000000, -0.5484414354103631650 ) ) ;
#3637 = CARTESIAN_POINT ( 'NONE',  ( 0.8294173238779182222, 0.01574803149606299538, -0.4392776325015225747 ) ) ;
#3638 = CARTESIAN_POINT ( 'NONE',  ( 1.063547354717262916, 0.000000000000000000, -0.4647665737124370144 ) ) ;
#3639 = CARTESIAN_POINT ( 'NONE',  ( 0.8904394531249999467, 0.000000000000000000, -0.5987499999999998934 ) ) ;
#3640 = CARTESIAN_POINT ( 'NONE',  ( 0.7024999999999999023, 0.01574803149606299191, -0.3841015624999999378 ) ) ;
#3641 = CARTESIAN_POINT ( 'NONE',  ( 1.970423707850976092, 0.01574803149606299191, -0.4732678153053535564 ) ) ;
#3642 = CARTESIAN_POINT ( 'NONE',  ( 0.8842794793886483706, 1.067128122525102820E-17, -0.4223117828916387873 ) ) ;
#3643 = ORIENTED_EDGE ( 'NONE', *, *, #5078, .T. ) ;
#3644 = ADVANCED_FACE ( 'NONE', ( #1305 ), #4998, .F. ) ;
#3645 = CARTESIAN_POINT ( 'NONE',  ( 1.345667444776148747, 0.01574803149606298844, -0.3564675833465724697 ) ) ;
#3646 = CARTESIAN_POINT ( 'NONE',  ( 1.439267578124999725, 0.000000000000000000, -0.5518749999999997824 ) ) ;
#3647 = CARTESIAN_POINT ( 'NONE',  ( 1.174375000000000169, -1.365923996832131609E-16, -0.4612499999999997713 ) ) ;
#3648 = ORIENTED_EDGE ( 'NONE', *, *, #3867, .T. ) ;
#3649 = ORIENTED_EDGE ( 'NONE', *, *, #1162, .T. ) ;
#3650 = ORIENTED_EDGE ( 'NONE', *, *, #5531, .F. ) ;
#3651 = CARTESIAN_POINT ( 'NONE',  ( 0.7632015803801145415, 0.000000000000000000, -0.5981406691607316084 ) ) ;
#3652 = CARTESIAN_POINT ( 'NONE',  ( 0.7743261718749997469, 0.01574803149606299538, -0.5786328124999998712 ) ) ;
#3653 = CARTESIAN_POINT ( 'NONE',  ( 0.6504544477135422165, 0.000000000000000000, -0.3651500289145158118 ) ) ;
#3654 = CARTESIAN_POINT ( 'NONE',  ( 0.8028276989471914149, 0.000000000000000000, -0.3590826211141379676 ) ) ;
#3655 = CARTESIAN_POINT ( 'NONE',  ( 0.9957248583850670798, 0.01574803149606299538, -0.3602255297463956007 ) ) ;
#3656 = CARTESIAN_POINT ( 'NONE',  ( 1.480008706977417710, 0.000000000000000000, -0.5585927161988891720 ) ) ;
#3657 = DIRECTION ( 'NONE',  ( 1.000000000000000000, 0.000000000000000000, 0.000000000000000000 ) ) ;
#3658 = ORIENTED_EDGE ( 'NONE', *, *, #2525, .F. ) ;
#3659 = VERTEX_POINT ( 'NONE', #5214 ) ;
#3660 = CARTESIAN_POINT ( 'NONE',  ( 1.696263713831893671, 2.134256245050205639E-18, -0.3775930127982798368 ) ) ;
#3661 = CARTESIAN_POINT ( 'NONE',  ( 0.6953778771506584633, 0.000000000000000000, -0.3599085145677565212 ) ) ;
#3662 = CARTESIAN_POINT ( 'NONE',  ( 1.043751597191849179, 2.134256245050205639E-18, -0.5726454705592916028 ) ) ;
#3663 = CARTESIAN_POINT ( 'NONE',  ( 2.031817383667614774, 2.134256245050205639E-18, -0.3553999301121139043 ) ) ;
#3664 = CARTESIAN_POINT ( 'NONE',  ( 1.605624999999999858, 0.01574803149606299191, -0.5518749999999997824 ) ) ;
#3665 = VECTOR ( 'NONE', #5154, 39.37007874015748143 ) ;
#3666 = CARTESIAN_POINT ( 'NONE',  ( 1.837522272262992473, 2.134256245050205639E-18, -0.5929680898464638750 ) ) ;
#3667 = DIRECTION ( 'NONE',  ( 0.4905473321475662396, 0.000000000000000000, -0.8714145482621377115 ) ) ;
#3668 = CARTESIAN_POINT ( 'NONE',  ( 1.990244140625000213, 6.402768735150616918E-18, -0.5876660156249995381 ) ) ;
#3669 = VECTOR ( 'NONE', #5592, 39.37007874015748143 ) ;
#3670 = DIRECTION ( 'NONE',  ( 0.000000000000000000, 0.000000000000000000, 1.000000000000000000 ) ) ;
#3671 = CARTESIAN_POINT ( 'NONE',  ( 0.9019402472471180765, 0.01574803149606299191, -0.4441215900861946730 ) ) ;
#3672 = ORIENTED_EDGE ( 'NONE', *, *, #461, .T. ) ;
#3673 = B_SPLINE_CURVE_WITH_KNOTS ( 'NONE', 3,
 ( #6460, #5480, #6523, #5415, #880, #3927, #4028, #2903, #1451, #387, #959 ),
 .UNSPECIFIED., .F., .F.,
 ( 4, 1, 1, 1, 1, 1, 1, 1, 4 ),
 ( 0.000000000000000000, 0.1335839007640146070, 0.2563264436386567535, 0.3710234448767896209, 0.4863462860422793632, 0.6035224432837735797, 0.7240902571009932842, 0.8556713313278563326, 0.9999999999999998890 ),
 .UNSPECIFIED. ) ;
#3674 = CARTESIAN_POINT ( 'NONE',  ( 1.949712686094194458, 0.01574803149606299191, -0.4165623942470850216 ) ) ;
#3675 = CARTESIAN_POINT ( 'NONE',  ( 2.018526340272563946, 2.134256245050205639E-18, -0.5171883569532625957 ) ) ;
#3676 = EDGE_CURVE ( 'NONE', #3597, #6382, #6197, .T. ) ;
#3677 = CARTESIAN_POINT ( 'NONE',  ( 0.7224059607988475573, 0.01574803149606299191, -0.5862294201365000346 ) ) ;
#3678 = EDGE_CURVE ( 'NONE', #1455, #5300, #6441, .T. ) ;
#3679 = FACE_OUTER_BOUND ( 'NONE', #4409, .T. ) ;
#3680 = CARTESIAN_POINT ( 'NONE',  ( 2.005707935814901699, 0.01574803149606299885, -0.4331994689559093281 ) ) ;
#3681 = CARTESIAN_POINT ( 'NONE',  ( 2.016594964775487053, 0.01574803149606299191, -0.4066838838049173233 ) ) ;
#3682 = CARTESIAN_POINT ( 'NONE',  ( 0.8462396176955674365, 0.01574803149606298844, -0.4563549318082902873 ) ) ;
#3683 = CARTESIAN_POINT ( 'NONE',  ( 0.7729480150972846131, 0.01574803149606299538, -0.5864952488727722679 ) ) ;
#3684 = ORIENTED_EDGE ( 'NONE', *, *, #6548, .T. ) ;
#3685 = DIRECTION ( 'NONE',  ( -0.8552515073215054553, 0.000000000000000000, -0.5182131407290758718 ) ) ;
#3686 = ORIENTED_EDGE ( 'NONE', *, *, #5206, .F. ) ;
#3687 = CARTESIAN_POINT ( 'NONE',  ( 1.698239290520354272, 2.134256245050205639E-18, -0.3875453421483738836 ) ) ;
#3688 = FACE_OUTER_BOUND ( 'NONE', #4061, .T. ) ;
#3689 = CARTESIAN_POINT ( 'NONE',  ( 1.201000197666089786, 0.01574803149606299191, -0.3550583482307158589 ) ) ;
#3690 = CARTESIAN_POINT ( 'NONE',  ( 2.057528683862053676, 0.01574803149606298844, -0.5019134423683149215 ) ) ;
#3691 = CARTESIAN_POINT ( 'NONE',  ( 2.048328620934477318, 1.707404996040164512E-17, -0.4612091852758919974 ) ) ;
#3692 = CARTESIAN_POINT ( 'NONE',  ( 1.801733752442519654, -6.402768735150616918E-18, -0.6008235063121643016 ) ) ;
#3693 = CARTESIAN_POINT ( 'NONE',  ( 0.9871983303848078650, 2.134256245050205639E-18, -0.5957356426193908261 ) ) ;
#3694 = CARTESIAN_POINT ( 'NONE',  ( 1.678489442998390313, 2.134256245050205639E-18, -0.5616756112620504560 ) ) ;
#3695 = CARTESIAN_POINT ( 'NONE',  ( 0.8313304569446851033, 0.01574803149606299191, -0.4719933054283391161 ) ) ;
#3696 = CARTESIAN_POINT ( 'NONE',  ( 1.963085778824170013, 0.01574803149606299191, -0.4664609722143323034 ) ) ;
#3697 = CARTESIAN_POINT ( 'NONE',  ( 0.8793554687499999245, 0.01574803149606299191, -0.4145703124999999267 ) ) ;
#3698 = ORIENTED_EDGE ( 'NONE', *, *, #4184, .T. ) ;
#3699 = CARTESIAN_POINT ( 'NONE',  ( 1.922964611230536969, -2.134256245050205639E-18, -0.3866524030258459699 ) ) ;
#3700 = CARTESIAN_POINT ( 'NONE',  ( 0.6867657838989483787, 2.134256245050205639E-18, -0.3536794301083531211 ) ) ;
#3701 = CARTESIAN_POINT ( 'NONE',  ( 1.949375000000000302, 0.01574803149606299191, -0.4263378906249996603 ) ) ;
#3702 = ADVANCED_FACE ( 'NONE', ( #1469 ), #3987, .F. ) ;
#3703 = CARTESIAN_POINT ( 'NONE',  ( 0.9065039062499998801, -0.1613455277634967266, -0.5549999999999999378 ) ) ;
#3704 = VECTOR ( 'NONE', #4854, 39.37007874015748143 ) ;
#3705 = ORIENTED_EDGE ( 'NONE', *, *, #2855, .F. ) ;
#3706 = VECTOR ( 'NONE', #3740, 39.37007874015748143 ) ;
#3707 = ADVANCED_FACE ( 'NONE', ( #4374 ), #2401, .F. ) ;
#3708 = CARTESIAN_POINT ( 'NONE',  ( 1.365191665059306336, 2.134256245050205639E-18, -0.3519525788324339710 ) ) ;
#3709 = CARTESIAN_POINT ( 'NONE',  ( 1.696250000000000258, 0.000000000000000000, -0.3768749999999996270 ) ) ;
#3710 = AXIS2_PLACEMENT_3D ( 'NONE', #1463, #1039, #3592 ) ;
#3711 = LINE ( 'NONE', #1253, #1187 ) ;
#3712 = EDGE_CURVE ( 'NONE', #739, #3211, #5245, .T. ) ;
#3713 = CARTESIAN_POINT ( 'NONE',  ( 1.681567110671851495, 0.01574803149606299191, -0.5820116323349725507 ) ) ;
#3714 = ORIENTED_EDGE ( 'NONE', *, *, #2373, .F. ) ;
#3715 = DIRECTION ( 'NONE',  ( -0.5182131407290758718, 0.000000000000000000, 0.8552515073215054553 ) ) ;
#3716 = CARTESIAN_POINT ( 'NONE',  ( 0.8592821136033946816, 0.01574803149606299191, -0.3814843215526982356 ) ) ;
#3717 = AXIS2_PLACEMENT_3D ( 'NONE', #3331, #1184, #2329 ) ;
#3718 = CARTESIAN_POINT ( 'NONE',  ( 1.949375000000000302, 0.000000000000000000, -0.4263378906249996603 ) ) ;
#3719 = CARTESIAN_POINT ( 'NONE',  ( 0.6760351562499999911, 0.000000000000000000, -0.3518749999999999933 ) ) ;
#3720 = CARTESIAN_POINT ( 'NONE',  ( 0.7994404114152703356, -2.134256245050205639E-18, -0.5316131467680239586 ) ) ;
#3721 = CARTESIAN_POINT ( 'NONE',  ( 0.8233062920689425690, 0.000000000000000000, -0.4772911540116689388 ) ) ;
#3722 = CARTESIAN_POINT ( 'NONE',  ( 2.044982362767910455, 0.01574803149606299885, -0.5021319461103315174 ) ) ;
#3723 =( GEOMETRIC_REPRESENTATION_CONTEXT ( 3 ) GLOBAL_UNCERTAINTY_ASSIGNED_CONTEXT ( ( #2603 ) ) GLOBAL_UNIT_ASSIGNED_CONTEXT ( ( #2759, #4004, #2520 ) ) REPRESENTATION_CONTEXT ( 'NONE', 'WORKASPACE' ) );
#3724 = CARTESIAN_POINT ( 'NONE',  ( 1.056702978549527439, 2.134256245050205639E-18, -0.4952523578245225933 ) ) ;
#3725 = CARTESIAN_POINT ( 'NONE',  ( 1.446058505122320925, 0.01574803149606299885, -0.5984659441556552384 ) ) ;
#3726 = CARTESIAN_POINT ( 'NONE',  ( 0.8121398830521782131, 0.01574803149606299538, -0.3536651290865462927 ) ) ;
#3727 =( LENGTH_UNIT ( ) NAMED_UNIT ( * ) SI_UNIT ( $, .METRE. ) );
#3728 = CARTESIAN_POINT ( 'NONE',  ( 1.960117187500000080, 0.01574803149606299191, -0.5361523437499996492 ) ) ;
#3729 = CARTESIAN_POINT ( 'NONE',  ( 2.154648101833114282, 0.01574803149606299191, -0.5771685240874376843 ) ) ;
#3730 = CARTESIAN_POINT ( 'NONE',  ( 1.081015625000000036, 0.01574803149606299191, -0.5049999999999997824 ) ) ;
#3731 = ORIENTED_EDGE ( 'NONE', *, *, #963, .T. ) ;
#3732 = CARTESIAN_POINT ( 'NONE',  ( 1.949375000000000302, 0.01574803149606299191, -0.4263378906249996603 ) ) ;
#3733 = CARTESIAN_POINT ( 'NONE',  ( 0.7022988852911073998, 2.134256245050205639E-18, -0.3768439801978326065 ) ) ;
#3734 = CARTESIAN_POINT ( 'NONE',  ( 1.287558593749999813, 0.000000000000000000, -0.5987499999999996714 ) ) ;
#3735 = CARTESIAN_POINT ( 'NONE',  ( 1.753809861564878281, 0.01574803149606298844, -0.3778433458443091753 ) ) ;
#3736 = SURFACE_STYLE_FILL_AREA ( #2338 ) ;
#3737 = LINE ( 'NONE', #3626, #3039 ) ;
#3738 = ORIENTED_EDGE ( 'NONE', *, *, #3888, .T. ) ;
#3739 = CARTESIAN_POINT ( 'NONE',  ( 2.050660436674748510, 0.000000000000000000, -0.3987857156051995977 ) ) ;
#3740 = DIRECTION ( 'NONE',  ( -1.000000000000000000, 0.000000000000000000, 0.000000000000000000 ) ) ;
#3741 = CARTESIAN_POINT ( 'NONE',  ( 1.503183593749999769, 2.134256245050205639E-18, -0.5987499999999996714 ) ) ;
#3742 = CARTESIAN_POINT ( 'NONE',  ( 0.7980527421577743308, 0.01574803149606298844, -0.3849350045922541041 ) ) ;
#3743 = CARTESIAN_POINT ( 'NONE',  ( 0.9462499999999999245, 2.134256245050205639E-18, -0.3836132812499999378 ) ) ;
#3744 = VERTEX_POINT ( 'NONE', #1569 ) ;
#3745 = CARTESIAN_POINT ( 'NONE',  ( 0.5733007812499998357, 0.000000000000000000, -0.5793164062499999156 ) ) ;
#3746 = CARTESIAN_POINT ( 'NONE',  ( 1.822573737908640190, -2.134256245050205639E-18, -0.6008886294961445218 ) ) ;
#3747 = DIRECTION ( 'NONE',  ( 0.000000000000000000, 0.000000000000000000, 1.000000000000000000 ) ) ;
#3748 = CARTESIAN_POINT ( 'NONE',  ( 1.654892578124999680, 0.000000000000000000, -0.5518749999999997824 ) ) ;
#3749 = CARTESIAN_POINT ( 'NONE',  ( 1.960213659997340319, 2.134256245050205639E-18, -0.5332309641453985005 ) ) ;
#3750 = ADVANCED_FACE ( 'NONE', ( #2491 ), #6054, .F. ) ;
#3751 = CARTESIAN_POINT ( 'NONE',  ( 2.008554688379102782, 0.01574803149606299191, -0.4443722439271968194 ) ) ;
#3752 = ORIENTED_EDGE ( 'NONE', *, *, #5611, .T. ) ;
#3753 = CARTESIAN_POINT ( 'NONE',  ( 0.7490332031249997691, 0.000000000000000000, -0.6018749999999998268 ) ) ;
#3754 = CARTESIAN_POINT ( 'NONE',  ( 0.9923775583886399465, 2.134256245050205639E-18, -0.5928005526727820884 ) ) ;
#3755 = DIRECTION ( 'NONE',  ( 0.000000000000000000, 0.000000000000000000, -1.000000000000000000 ) ) ;
#3756 = CARTESIAN_POINT ( 'NONE',  ( 1.472480968738721696, 0.01574803149606299191, -0.5770249597135844732 ) ) ;
#3757 = CARTESIAN_POINT ( 'NONE',  ( 1.671502192982278867, 0.01574803149606299538, -0.5552573136534085796 ) ) ;
#3758 = VERTEX_POINT ( 'NONE', #4051 ) ;
#3759 = CARTESIAN_POINT ( 'NONE',  ( 1.389999999999999680, 0.000000000000000000, -0.3840527343749997602 ) ) ;
#3760 = MECHANICAL_DESIGN_GEOMETRIC_PRESENTATION_REPRESENTATION (  '', ( #158 ), #6196 ) ;
#3761 = DIRECTION ( 'NONE',  ( 0.4951032688626734735, 0.000000000000000000, 0.8688341344361968366 ) ) ;
#3762 = CARTESIAN_POINT ( 'NONE',  ( 1.746264458495945693, 0.000000000000000000, -0.3625309632307867624 ) ) ;
#3763 = CARTESIAN_POINT ( 'NONE',  ( 0.5814388195016907401, 0.01574803149606298497, -0.5574887907581238533 ) ) ;
#3764 = ORIENTED_EDGE ( 'NONE', *, *, #2813, .T. ) ;
#3765 = B_SPLINE_CURVE_WITH_KNOTS ( 'NONE', 3,
 ( #6555, #4060, #4914, #2404, #4422, #4023, #3610, #113, #78, #1116, #1670 ),
 .UNSPECIFIED., .F., .F.,
 ( 4, 1, 1, 1, 1, 1, 1, 1, 4 ),
 ( 0.000000000000000000, 0.1204398225768463782, 0.2387842130179942401, 0.3605842691294924851, 0.4909503982504220820, 0.6226958551871424330, 0.7486762181119067661, 0.8721863778420707591, 1.000000000000000000 ),
 .UNSPECIFIED. ) ;
#3766 = CARTESIAN_POINT ( 'NONE',  ( 1.067796614457668936, 0.01574803149606298150, -0.4629004470456253850 ) ) ;
#3767 = CARTESIAN_POINT ( 'NONE',  ( 1.603996355229868387, 2.134256245050205639E-18, -0.3702560611866931861 ) ) ;
#3768 = CARTESIAN_POINT ( 'NONE',  ( 1.503183593749999769, 0.01574803149606299885, -0.5987499999999996714 ) ) ;
#3769 = CARTESIAN_POINT ( 'NONE',  ( 1.682079730355532377, 0.01574803149606299191, -0.5802879112056273936 ) ) ;
#3770 = ORIENTED_EDGE ( 'NONE', *, *, #4783, .T. ) ;
#3771 = CARTESIAN_POINT ( 'NONE',  ( 0.5733007812499998357, 2.134256245050205639E-18, -0.5793164062499999156 ) ) ;
#3772 = ORIENTED_EDGE ( 'NONE', *, *, #2365, .T. ) ;
#3773 = CARTESIAN_POINT ( 'NONE',  ( 0.7742663090292704053, 0.01574803149606299885, -0.5771319926890563501 ) ) ;
#3774 = CARTESIAN_POINT ( 'NONE',  ( 1.995251337231652045, 0.01574803149606299191, -0.3615000848468064576 ) ) ;
#3775 = CARTESIAN_POINT ( 'NONE',  ( 0.7708667805938640427, -2.134256245050205639E-18, -0.5655619353124127224 ) ) ;
#3776 = CARTESIAN_POINT ( 'NONE',  ( 1.578916015624999947, 0.000000000000000000, -0.3518749999999997713 ) ) ;
#3777 = ADVANCED_FACE ( 'NONE', ( #6069 ), #1617, .F. ) ;
#3778 = CARTESIAN_POINT ( 'NONE',  ( 1.678389273624399491, 2.134256245050205639E-18, -0.5891419486050499810 ) ) ;
#3779 = CARTESIAN_POINT ( 'NONE',  ( 0.7004505223288872706, 0.01574803149606299885, -0.3686172462245423942 ) ) ;
#3780 = EDGE_CURVE ( 'NONE', #5886, #3988, #6202, .T. ) ;
#3781 = CARTESIAN_POINT ( 'NONE',  ( 1.810894366741543360, 0.01574803149606299538, -0.6018247970268135738 ) ) ;
#3782 = CARTESIAN_POINT ( 'NONE',  ( 1.465426379042190863, 0.01574803149606299191, -0.5836678108759987271 ) ) ;
#3783 = EDGE_CURVE ( 'NONE', #5438, #2838, #1374, .T. ) ;
#3784 = CARTESIAN_POINT ( 'NONE',  ( 0.7970540585543750556, 0.01574803149606299538, -0.3663989850286845651 ) ) ;
#3785 = SURFACE_STYLE_FILL_AREA ( #1702 ) ;
#3786 = FACE_OUTER_BOUND ( 'NONE', #4565, .T. ) ;
#3787 = CARTESIAN_POINT ( 'NONE',  ( 0.6127908237150864190, 0.01574803149606299885, -0.5991057295446675646 ) ) ;
#3788 = CARTESIAN_POINT ( 'NONE',  ( 0.8128141420584201748, 0.000000000000000000, -0.5710522244512319379 ) ) ;
#3789 = ORIENTED_EDGE ( 'NONE', *, *, #1830, .T. ) ;
#3790 = DIRECTION ( 'NONE',  ( 1.000000000000000000, 0.000000000000000000, 0.000000000000000000 ) ) ;
#3791 = CARTESIAN_POINT ( 'NONE',  ( 0.8677575429458291856, 0.000000000000000000, -0.5979202689991677255 ) ) ;
#3792 = CARTESIAN_POINT ( 'NONE',  ( 1.549374999999999725, 0.01574803149606299191, -0.3840527343749997602 ) ) ;
#3793 = SURFACE_STYLE_FILL_AREA ( #3374 ) ;
#3794 = DIRECTION ( 'NONE',  ( 1.000000000000000000, 0.000000000000000000, 0.000000000000000000 ) ) ;
#3795 = ORIENTED_EDGE ( 'NONE', *, *, #3443, .F. ) ;
#3796 = CARTESIAN_POINT ( 'NONE',  ( 0.9019402472471180765, 2.134256245050205639E-18, -0.4441215900861946730 ) ) ;
#3797 = CARTESIAN_POINT ( 'NONE',  ( 1.466414575201084869, 0.000000000000000000, -0.5703224049498253345 ) ) ;
#3798 = DIRECTION ( 'NONE',  ( -0.9304083928170916451, 0.000000000000000000, 0.3665245183824903941 ) ) ;
#3799 = CARTESIAN_POINT ( 'NONE',  ( 1.656948959406033373, 0.01574803149606299191, -0.5986823350490794171 ) ) ;
#3800 = VERTEX_POINT ( 'NONE', #6234 ) ;
#3801 = AXIS2_PLACEMENT_3D ( 'NONE', #6248, #2335, #2268 ) ;
#3802 = CARTESIAN_POINT ( 'NONE',  ( 0.5879492187499998357, 2.134256245050205639E-18, -0.5476269531249998712 ) ) ;
#3803 = VECTOR ( 'NONE', #151, 39.37007874015748143 ) ;
#3804 = CARTESIAN_POINT ( 'NONE',  ( 0.7328505355897714235, 0.000000000000000000, -0.5983371451367676119 ) ) ;
#3805 = DIRECTION ( 'NONE',  ( -0.3615575501799897506, 0.000000000000000000, 0.9323497937511672218 ) ) ;
#3806 = CARTESIAN_POINT ( 'NONE',  ( 1.549374999999999725, 0.000000000000000000, -0.3840527343749997602 ) ) ;
#3807 = CARTESIAN_POINT ( 'NONE',  ( 0.7735391292968318844, -2.134256245050205639E-18, -0.5724441784463589755 ) ) ;
#3808 = ORIENTED_EDGE ( 'NONE', *, *, #301, .F. ) ;
#3809 = EDGE_CURVE ( 'NONE', #4836, #5419, #1692, .T. ) ;
#3810 = CARTESIAN_POINT ( 'NONE',  ( 1.973390406862987501, 2.134256245050205639E-18, -0.4988687646050186664 ) ) ;
#3811 = CARTESIAN_POINT ( 'NONE',  ( 1.287558593750000036, 0.01574803149606299191, -0.5987499999999997824 ) ) ;
#3812 = EDGE_CURVE ( 'NONE', #1409, #1259, #6270, .T. ) ;
#3813 = EDGE_CURVE ( 'NONE', #706, #4418, #4239, .T. ) ;
#3814 = CARTESIAN_POINT ( 'NONE',  ( 0.9773925956268707527, 2.134256245050205639E-18, -0.5983334316559426602 ) ) ;
#3815 = VECTOR ( 'NONE', #139, 39.37007874015748143 ) ;
#3816 = CARTESIAN_POINT ( 'NONE',  ( 2.009031458991502372, 0.01574803149606299191, -0.3579293868957841296 ) ) ;
#3817 = CARTESIAN_POINT ( 'NONE',  ( 1.198789062500000169, -0.1613455277634967266, -0.5987499999999996714 ) ) ;
#3818 = CARTESIAN_POINT ( 'NONE',  ( 1.856943359375000213, 0.000000000000000000, -0.5549999999999996048 ) ) ;
#3819 = CARTESIAN_POINT ( 'NONE',  ( 0.7995706622988492107, 0.01574803149606299538, -0.5358948575579687290 ) ) ;
#3820 = B_SPLINE_SURFACE_WITH_KNOTS ( 'NONE', 3, 1, ( 
 ( #2712, #3743 ),
 ( #2111, #5690 ),
 ( #2073, #3121 ),
 ( #1135, #3156 ),
 ( #156, #6229 ),
 ( #3253, #5166 ),
 ( #192, #616 ),
 ( #128, #1655 ),
 ( #2150, #4168 ),
 ( #4725, #2216 ),
 ( #1165, #4201 ) ),
 .UNSPECIFIED., .F., .F., .F.,
 ( 4, 1, 1, 1, 1, 1, 1, 1, 4 ),
 ( 2, 2 ),
 ( 0.000000000000000000, 0.1442999602282539762, 0.2748238420616429534, 0.3956905257553357536, 0.5120489935032312978, 0.6268424979189656243, 0.7431840223150806279, 0.8655259307084588460, 1.000000000000000000 ),
 ( 0.000000000000000000, 1.000000000000000000 ),
 .UNSPECIFIED. ) ;
#3821 = VECTOR ( 'NONE', #5499, 39.37007874015748143 ) ;
#3822 = ORIENTED_EDGE ( 'NONE', *, *, #5071, .T. ) ;
#3823 = CARTESIAN_POINT ( 'NONE',  ( 1.046479042047195662, 0.01574803149606299191, -0.3615716238869490229 ) ) ;
#3824 = CARTESIAN_POINT ( 'NONE',  ( 0.7708638686562508946, 0.01574803149606299191, -0.5908077259047794794 ) ) ;
#3825 = LINE ( 'NONE', #703, #6364 ) ;
#3826 = CARTESIAN_POINT ( 'NONE',  ( 0.8758201936797620490, 0.000000000000000000, -0.5525026209509558139 ) ) ;
#3827 = CARTESIAN_POINT ( 'NONE',  ( 1.174375000000000169, -0.3384390870230564174, -0.3987499999999997158 ) ) ;
#3828 = ORIENTED_EDGE ( 'NONE', *, *, #781, .F. ) ;
#3829 = EDGE_CURVE ( 'NONE', #5995, #2787, #4843, .T. ) ;
#3830 = CARTESIAN_POINT ( 'NONE',  ( 2.041661406369450926, 0.01574803149606299191, -0.3991719466861887167 ) ) ;
#3831 = DIRECTION ( 'NONE',  ( -1.000000000000000000, 0.000000000000000000, 0.000000000000000000 ) ) ;
#3832 = DIRECTION ( 'NONE',  ( 0.000000000000000000, 1.000000000000000000, 0.000000000000000000 ) ) ;
#3833 = CARTESIAN_POINT ( 'NONE',  ( 1.452712741597659729, 0.01574803149606298844, -0.5538188605380692797 ) ) ;
#3834 = VERTEX_POINT ( 'NONE', #165 ) ;
#3835 = CARTESIAN_POINT ( 'NONE',  ( 2.015185922238332594, 0.000000000000000000, -0.5305390097726849774 ) ) ;
#3836 = ORIENTED_EDGE ( 'NONE', *, *, #1445, .T. ) ;
#3837 = CARTESIAN_POINT ( 'NONE',  ( 0.7716845499985023338, 0.01574803149606299191, -0.5671910454563516835 ) ) ;
#3838 = CARTESIAN_POINT ( 'NONE',  ( 2.148767170032877427, 0.000000000000000000, -0.3635512681493203169 ) ) ;
#3839 = CARTESIAN_POINT ( 'NONE',  ( 0.6464751035766497234, 2.134256245050205639E-18, -0.3771976947162836158 ) ) ;
#3840 = VERTEX_POINT ( 'NONE', #2191 ) ;
#3841 = CARTESIAN_POINT ( 'NONE',  ( 1.002499999999999947, 0.01574803149606299191, -0.5662304687499998268 ) ) ;
#3842 = DIRECTION ( 'NONE',  ( 0.3754391513987897500, 0.000000000000000000, -0.9268470443373905132 ) ) ;
#3843 = CARTESIAN_POINT ( 'NONE',  ( 1.212713178276606296, 2.134256245050205639E-18, -0.5969747040623964995 ) ) ;
#3844 = CARTESIAN_POINT ( 'NONE',  ( 1.462764273624399536, 0.01574803149606299191, -0.5891419486050499810 ) ) ;
#3845 = CARTESIAN_POINT ( 'NONE',  ( 0.7964724458484541136, -2.134256245050205639E-18, -0.3804545671676103358 ) ) ;
#3846 = CARTESIAN_POINT ( 'NONE',  ( 1.960888419420641293, 6.402768735150616918E-18, -0.5461139639397929457 ) ) ;
#3847 = CARTESIAN_POINT ( 'NONE',  ( 0.6267051902758962179, 2.134256245050205639E-18, -0.5836871247622142933 ) ) ;
#3848 = CARTESIAN_POINT ( 'NONE',  ( 1.657015423178507918, 2.134256245050205639E-18, -0.5519363073328391600 ) ) ;
#3849 = EDGE_LOOP ( 'NONE', ( #6086, #1355, #6000, #159 ) ) ;
#3850 = B_SPLINE_CURVE_WITH_KNOTS ( 'NONE', 3,
 ( #1548, #3675, #117, #5679, #1059, #577, #5616 ),
 .UNSPECIFIED., .F., .F.,
 ( 4, 1, 1, 1, 4 ),
 ( 0.000000000000000000, 0.2544485876746017672, 0.5019394265724202997, 0.7469082226920452650, 1.000000000000000000 ),
 .UNSPECIFIED. ) ;
#3851 = DIRECTION ( 'NONE',  ( 0.000000000000000000, 0.000000000000000000, -1.000000000000000000 ) ) ;
#3852 = CARTESIAN_POINT ( 'NONE',  ( 1.002427180920327343, 0.01574803149606299538, -0.3817505347398806870 ) ) ;
#3853 = CARTESIAN_POINT ( 'NONE',  ( 1.605526957976531222, 0.01574803149606299538, -0.3801188275204555600 ) ) ;
#3854 = CARTESIAN_POINT ( 'NONE',  ( 0.7024999999999997913, -1.365923996832131609E-16, -0.4578808593749998379 ) ) ;
#3855 = ORIENTED_EDGE ( 'NONE', *, *, #3893, .T. ) ;
#3856 = ORIENTED_EDGE ( 'NONE', *, *, #2286, .T. ) ;
#3857 = CARTESIAN_POINT ( 'NONE',  ( 0.7024999999999997913, -0.3384390870230564174, -0.4578808593749998379 ) ) ;
#3858 = ADVANCED_FACE ( 'NONE', ( #5825 ), #4937, .F. ) ;
#3859 = LINE ( 'NONE', #4226, #5391 ) ;
#3860 = LINE ( 'NONE', #743, #6242 ) ;
#3861 = DIRECTION ( 'NONE',  ( -1.000000000000000000, 0.000000000000000000, 0.000000000000000000 ) ) ;
#3862 = CARTESIAN_POINT ( 'NONE',  ( 1.682285156249999858, 2.134256245050205639E-18, -0.5752148437499997602 ) ) ;
#3863 = ORIENTED_EDGE ( 'NONE', *, *, #4510, .T. ) ;
#3864 = CARTESIAN_POINT ( 'NONE',  ( 2.027172448892293311, 0.000000000000000000, -0.5499292866216880515 ) ) ;
#3865 = AXIS2_PLACEMENT_3D ( 'NONE', #1507, #3605, #4053 ) ;
#3866 = ORIENTED_EDGE ( 'NONE', *, *, #5808, .F. ) ;
#3867 = EDGE_CURVE ( 'NONE', #889, #3447, #2385, .T. ) ;
#3868 = CARTESIAN_POINT ( 'NONE',  ( 1.834392694906633370, -2.134256245050205639E-18, -0.5955233265409024535 ) ) ;
#3869 = CARTESIAN_POINT ( 'NONE',  ( 1.198789062500000169, 0.01574803149606299191, -0.3549999999999997602 ) ) ;
#3870 = CARTESIAN_POINT ( 'NONE',  ( 2.046933543711924042, 0.01574803149606299191, -0.3550377125330753114 ) ) ;
#3871 = CARTESIAN_POINT ( 'NONE',  ( 0.9871366733375711577, 0.000000000000000000, -0.3537567205312971974 ) ) ;
#3872 = ORIENTED_EDGE ( 'NONE', *, *, #4991, .T. ) ;
#3873 = CARTESIAN_POINT ( 'NONE',  ( 1.051036186825748286, 0.000000000000000000, -0.3953436677225960483 ) ) ;
#3874 = CARTESIAN_POINT ( 'NONE',  ( 2.019150390625000124, 0.01574803149606299191, -0.5161816406249996048 ) ) ;
#3875 = VERTEX_POINT ( 'NONE', #399 ) ;
#3876 = CARTESIAN_POINT ( 'NONE',  ( 1.198789062500000169, 0.01574803149606299191, -0.5987499999999996714 ) ) ;
#3877 = LINE ( 'NONE', #702, #2236 ) ;
#3878 = CARTESIAN_POINT ( 'NONE',  ( 1.439267578124999725, -2.134256245050205639E-18, -0.5987499999999996714 ) ) ;
#3879 = CARTESIAN_POINT ( 'NONE',  ( 2.005625000000000657, 2.134256245050205639E-18, -0.4304882812499996603 ) ) ;
#3880 = CARTESIAN_POINT ( 'NONE',  ( 0.6314748043427461655, 0.01574803149606299538, -0.5757899532994560365 ) ) ;
#3881 = CARTESIAN_POINT ( 'NONE',  ( 1.696591257957378307, 2.134256245050205639E-18, -0.3724952041845813744 ) ) ;
#3882 = ORIENTED_EDGE ( 'NONE', *, *, #4961, .T. ) ;
#3883 = CARTESIAN_POINT ( 'NONE',  ( 0.8568731551377243294, 0.01574803149606299191, -0.5155121165826106466 ) ) ;
#3884 = CARTESIAN_POINT ( 'NONE',  ( 1.702199551826487411, 0.01574803149606298844, -0.3989447913867669726 ) ) ;
#3885 = CARTESIAN_POINT ( 'NONE',  ( 1.174375000000000169, -0.3384390870230564174, -0.4612499999999997713 ) ) ;
#3886 = ORIENTED_EDGE ( 'NONE', *, *, #4668, .F. ) ;
#3887 = CARTESIAN_POINT ( 'NONE',  ( 0.8603613281249998801, -0.1613455277634967266, -0.3832226562499999045 ) ) ;
#3888 = EDGE_CURVE ( 'NONE', #1364, #5427, #3192, .T. ) ;
#3889 = DIRECTION ( 'NONE',  ( -1.000000000000000000, 0.000000000000000000, 0.000000000000000000 ) ) ;
#3890 = VERTEX_POINT ( 'NONE', #1911 ) ;
#3891 = ADVANCED_FACE ( 'NONE', ( #3938 ), #2819, .F. ) ;
#3892 = DIRECTION ( 'NONE',  ( 0.000000000000000000, 0.000000000000000000, 1.000000000000000000 ) ) ;
#3893 = EDGE_CURVE ( 'NONE', #5661, #3598, #2882, .T. ) ;
#3894 = CARTESIAN_POINT ( 'NONE',  ( 1.855625000000000302, 0.01574803149606299191, -0.4112499999999996159 ) ) ;
#3895 = CARTESIAN_POINT ( 'NONE',  ( 1.877883244079133984, 0.01574803149606298844, -0.3593442254410273429 ) ) ;
#3896 = CARTESIAN_POINT ( 'NONE',  ( 0.9737951006658607245, 0.01574803149606299191, -0.3519638149013958328 ) ) ;
#3897 = CARTESIAN_POINT ( 'NONE',  ( 1.224676747484130024, 0.01574803149606298844, -0.5891489743844822158 ) ) ;
#3898 = ORIENTED_EDGE ( 'NONE', *, *, #1158, .T. ) ;
#3899 = CARTESIAN_POINT ( 'NONE',  ( 0.5733388621817859798, 2.134256245050205639E-18, -0.5782558335504808245 ) ) ;
#3900 = EDGE_LOOP ( 'NONE', ( #3364, #3387, #2061, #3552 ) ) ;
#3901 = EDGE_CURVE ( 'NONE', #3969, #58, #5891, .T. ) ;
#3902 = CARTESIAN_POINT ( 'NONE',  ( 2.152611374859917603, 2.134256245050205639E-18, -0.5837923963021980356 ) ) ;
#3903 = CARTESIAN_POINT ( 'NONE',  ( 1.202733263623705806, 0.01574803149606299191, -0.3551040809990659852 ) ) ;
#3904 = CARTESIAN_POINT ( 'NONE',  ( 1.807121481614850644, 0.01574803149606299538, -0.6017280207845644435 ) ) ;
#3905 = CARTESIAN_POINT ( 'NONE',  ( 1.549617683923966149, 0.01574803149606299538, -0.3771084382536133983 ) ) ;
#3906 = CARTESIAN_POINT ( 'NONE',  ( 0.9758398437499998801, 0.000000000000000000, -0.3518749999999999378 ) ) ;
#3907 = ORIENTED_EDGE ( 'NONE', *, *, #2000, .F. ) ;
#3908 = DIRECTION ( 'NONE',  ( -1.000000000000000000, 0.000000000000000000, 0.000000000000000000 ) ) ;
#3909 = CARTESIAN_POINT ( 'NONE',  ( 2.015259286013352025, 0.01574803149606299191, -0.5258209467239467472 ) ) ;
#3910 = PRESENTATION_LAYER_ASSIGNMENT (  '', '', ( #2 ) ) ;
#3911 = VERTEX_POINT ( 'NONE', #296 ) ;
#3912 = VECTOR ( 'NONE', #4333, 39.37007874015748143 ) ;
#3913 = CARTESIAN_POINT ( 'NONE',  ( 2.054208984375000213, -0.1613455277634967266, -0.4612499999999996048 ) ) ;
#3914 = CARTESIAN_POINT ( 'NONE',  ( 1.455520130467351292, 0.01574803149606299191, -0.5953758084540667905 ) ) ;
#3915 = CARTESIAN_POINT ( 'NONE',  ( 2.012283350250354097, 2.134256245050205639E-18, -0.4497348605850088332 ) ) ;
#3916 = CARTESIAN_POINT ( 'NONE',  ( 2.015146484375000213, 0.01574803149606299191, -0.5293164062499996492 ) ) ;
#3917 = CARTESIAN_POINT ( 'NONE',  ( 2.134439080147174206, -2.134256245050205639E-18, -0.5977548188707539900 ) ) ;
#3918 = EDGE_LOOP ( 'NONE', ( #4902, #5802, #3882, #5883 ) ) ;
#3919 = CARTESIAN_POINT ( 'NONE',  ( 1.280588243424875650, 2.134256245050205639E-18, -0.5521086004073505471 ) ) ;
#3920 = ORIENTED_EDGE ( 'NONE', *, *, #3271, .F. ) ;
#3921 = FILL_AREA_STYLE ('',( #6010 ) ) ;
#3922 = DIRECTION ( 'NONE',  ( 0.000000000000000000, 1.000000000000000000, 0.000000000000000000 ) ) ;
#3923 = ORIENTED_EDGE ( 'NONE', *, *, #4783, .F. ) ;
#3924 = VECTOR ( 'NONE', #5933, 39.37007874015748143 ) ;
#3925 = ORIENTED_EDGE ( 'NONE', *, *, #2932, .T. ) ;
#3926 = CARTESIAN_POINT ( 'NONE',  ( 0.5810552723100961270, -2.134256245050205639E-18, -0.5583013914590115867 ) ) ;
#3927 = CARTESIAN_POINT ( 'NONE',  ( 1.341339818900262770, -2.134256245050205639E-18, -0.3603044935183252750 ) ) ;
#3928 = CARTESIAN_POINT ( 'NONE',  ( 2.015146484375000213, 0.000000000000000000, -0.5293164062499996492 ) ) ;
#3929 = LINE ( 'NONE', #1901, #4874 ) ;
#3930 = VERTEX_POINT ( 'NONE', #4864 ) ;
#3931 = CARTESIAN_POINT ( 'NONE',  ( 1.068710937500000124, 0.01574803149606299191, -0.3987499999999997158 ) ) ;
#3932 = VERTEX_POINT ( 'NONE', #783 ) ;
#3933 = ORIENTED_EDGE ( 'NONE', *, *, #3100, .T. ) ;
#3934 = VERTEX_POINT ( 'NONE', #4897 ) ;
#3935 = CARTESIAN_POINT ( 'NONE',  ( 2.154539157330888077, 2.134256245050205639E-18, -0.5775475940967933486 ) ) ;
#3936 = CARTESIAN_POINT ( 'NONE',  ( 1.216057590040853897, 0.01574803149606299191, -0.3580154902424591001 ) ) ;
#3937 = CARTESIAN_POINT ( 'NONE',  ( 1.556964818900262726, 0.000000000000000000, -0.3603044935183252750 ) ) ;
#3938 = FACE_OUTER_BOUND ( 'NONE', #4802, .T. ) ;
#3939 = ORIENTED_EDGE ( 'NONE', *, *, #5360, .F. ) ;
#3940 = LINE ( 'NONE', #2555, #2326 ) ;
#3941 = DIRECTION ( 'NONE',  ( 0.3754391513987897500, 0.000000000000000000, -0.9268470443373905132 ) ) ;
#3942 = CARTESIAN_POINT ( 'NONE',  ( 1.365278127041081424, 0.01574803149606299538, -0.3519561079522574576 ) ) ;
#3943 = CARTESIAN_POINT ( 'NONE',  ( 0.7995070306306288899, 0.000000000000000000, -0.5229174743512701173 ) ) ;
#3944 = CARTESIAN_POINT ( 'NONE',  ( 0.8513844531680061500, 0.01574803149606299885, -0.3689694309800690131 ) ) ;
#3945 = CARTESIAN_POINT ( 'NONE',  ( 1.002463465363874429, 0.01574803149606299191, -0.5675817320605969218 ) ) ;
#3946 = B_SPLINE_SURFACE_WITH_KNOTS ( 'NONE', 3, 1, ( 
 ( #2569, #2055 ),
 ( #6208, #4088 ),
 ( #5703, #3102 ),
 ( #6107, #1182 ),
 ( #3784, #4807 ),
 ( #2827, #236 ),
 ( #5770, #792 ),
 ( #2727, #6309 ),
 ( #5310, #758 ),
 ( #2197, #1700 ),
 ( #3726, #2792 ),
 ( #2293, #5736 ),
 ( #1786, #987 ),
 ( #3007, #6040 ),
 ( #2257, #5762 ) ),
 .UNSPECIFIED., .F., .F., .F.,
 ( 4, 1, 1, 1, 1, 1, 1, 1, 1, 1, 1, 1, 4 ),
 ( 2, 2 ),
 ( 0.000000000000000000, 0.05975227529312587132, 0.1228590618373714971, 0.1898931532049247806, 0.2645185747226507234, 0.3425501035443847542, 0.4241987122771039842, 0.5083069513813159856, 0.5981555288002493587, 0.6923150231626528095, 0.7908142211141647726, 0.8917209810390113178, 1.000000000000000000 ),
 ( 0.000000000000000000, 1.000000000000000000 ),
 .UNSPECIFIED. ) ;
#3947 = CARTESIAN_POINT ( 'NONE',  ( 1.741186450211744008, 2.134256245050205639E-18, -0.3566293946510081803 ) ) ;
#3948 = CARTESIAN_POINT ( 'NONE',  ( 0.6084412196479864754, 0.01574803149606299885, -0.6009077770487880610 ) ) ;
#3949 = CARTESIAN_POINT ( 'NONE',  ( 0.5733007812499998357, -2.134256245050205639E-18, -0.5793164062499999156 ) ) ;
#3950 = CARTESIAN_POINT ( 'NONE',  ( 2.127136007731350364, 0.01574803149606299538, -0.5987265602660675201 ) ) ;
#3951 = ORIENTED_EDGE ( 'NONE', *, *, #4372, .F. ) ;
#3952 = ADVANCED_FACE ( 'NONE', ( #363 ), #895, .F. ) ;
#3953 = CARTESIAN_POINT ( 'NONE',  ( 1.773878515396808409, 0.01574803149606299885, -0.5762545631499774723 ) ) ;
#3954 = CARTESIAN_POINT ( 'NONE',  ( 0.8920236404088089932, 1.067128122525102820E-17, -0.4961837503033142971 ) ) ;
#3955 = EDGE_LOOP ( 'NONE', ( #6515, #2843, #3317, #2273, #3939, #4559 ) ) ;
#3956 = PRESENTATION_STYLE_ASSIGNMENT (( #2938 ) ) ;
#3957 = CARTESIAN_POINT ( 'NONE',  ( 1.924287721510634430, 0.000000000000000000, -0.3783636088978165057 ) ) ;
#3958 = DIRECTION ( 'NONE',  ( 0.000000000000000000, 1.000000000000000000, 0.000000000000000000 ) ) ;
#3959 = CARTESIAN_POINT ( 'NONE',  ( 1.924269512942808236, 0.01574803149606298150, -0.3787454792521888214 ) ) ;
#3960 = CARTESIAN_POINT ( 'NONE',  ( 0.5847892609438765099, 0.000000000000000000, -0.5979503971182402733 ) ) ;
#3961 = CARTESIAN_POINT ( 'NONE',  ( 0.6462499999999998801, 0.000000000000000000, -0.3841015624999998823 ) ) ;
#3962 = FACE_OUTER_BOUND ( 'NONE', #3303, .T. ) ;
#3963 = CARTESIAN_POINT ( 'NONE',  ( 0.8429389021757889289, 0.01574803149606299191, -0.5929701088227611327 ) ) ;
#3964 = ORIENTED_EDGE ( 'NONE', *, *, #5581, .F. ) ;
#3965 = CARTESIAN_POINT ( 'NONE',  ( 2.155219365734996728, 2.134256245050205639E-18, -0.5740025118769892520 ) ) ;
#3966 = DIRECTION ( 'NONE',  ( 0.9268470443373905132, 0.000000000000000000, 0.3754391513987897500 ) ) ;
#3967 = DIRECTION ( 'NONE',  ( 1.000000000000000000, 0.000000000000000000, 0.000000000000000000 ) ) ;
#3968 = CARTESIAN_POINT ( 'NONE',  ( 0.6583915933623259997, 2.134256245050205639E-18, -0.3565808335474667801 ) ) ;
#3969 = VERTEX_POINT ( 'NONE', #4470 ) ;
#3970 = CARTESIAN_POINT ( 'NONE',  ( 1.682285156249999858, 0.01574803149606299538, -0.5752148437499997602 ) ) ;
#3971 = LINE ( 'NONE', #3495, #2870 ) ;
#3972 = CARTESIAN_POINT ( 'NONE',  ( 1.046910254174894916, 0.000000000000000000, -0.3924051806646149942 ) ) ;
#3973 = CARTESIAN_POINT ( 'NONE',  ( 1.256839987932752090, 0.01574803149606299191, -0.5767569221631014820 ) ) ;
#3974 = VERTEX_POINT ( 'NONE', #2955 ) ;
#3975 = CARTESIAN_POINT ( 'NONE',  ( 1.769651190987989509, 0.01574803149606299538, -0.5658675403408567339 ) ) ;
#3976 = B_SPLINE_CURVE_WITH_KNOTS ( 'NONE', 3,
 ( #4072, #4, #2616, #4568, #3024, #4505, #6534, #3492, #4602, #1069, #5526, #5494, #1978, #971 ),
 .UNSPECIFIED., .F., .F.,
 ( 4, 2, 2, 2, 2, 2, 4 ),
 ( 0.000000000000000000, 0.0002067514692336573819, 0.0004135029384673147637, 0.0008270058769346325632, 0.001240508815401950363, 0.001447260284635609262, 0.001654011753869268162 ),
 .UNSPECIFIED. ) ;
#3977 = EDGE_CURVE ( 'NONE', #3385, #6148, #3122, .T. ) ;
#3978 = CARTESIAN_POINT ( 'NONE',  ( 1.261289743282075548, 0.01574803149606299191, -0.5616353900488024742 ) ) ;
#3979 = CARTESIAN_POINT ( 'NONE',  ( 1.466660156249999902, 0.01574803149606299191, -0.5752148437499997602 ) ) ;
#3980 = CARTESIAN_POINT ( 'NONE',  ( 2.010169301574026068, 2.134256245050205639E-18, -0.4472294639920307846 ) ) ;
#3981 = CARTESIAN_POINT ( 'NONE',  ( 0.6196518117894027622, 0.01574803149606300232, -0.5935002179187863769 ) ) ;
#3982 = CARTESIAN_POINT ( 'NONE',  ( 2.151249412377416181, 0.01574803149606299538, -0.5864719195307052102 ) ) ;
#3983 = ADVANCED_FACE ( 'NONE', ( #2992 ), #2936, .F. ) ;
#3984 = ORIENTED_EDGE ( 'NONE', *, *, #5674, .F. ) ;
#3985 = EDGE_CURVE ( 'NONE', #569, #3629, #3976, .T. ) ;
#3986 = CARTESIAN_POINT ( 'NONE',  ( 1.374105761765620937, 0.000000000000000000, -0.3537438756759779257 ) ) ;
#3987 = B_SPLINE_SURFACE_WITH_KNOTS ( 'NONE', 3, 1, ( 
 ( #3979, #4872 ),
 ( #5371, #5433 ),
 ( #1336, #902 ),
 ( #3365, #3001 ),
 ( #3844, #3500 ),
 ( #1405, #1370 ),
 ( #3914, #4481 ),
 ( #826, #6376 ),
 ( #336, #2427 ),
 ( #5861, #2358 ),
 ( #3399, #3878 ) ),
 .UNSPECIFIED., .F., .F., .F.,
 ( 4, 1, 1, 1, 1, 1, 1, 1, 4 ),
 ( 2, 2 ),
 ( 0.000000000000000000, 0.1271158039212380297, 0.2443141347808983344, 0.3577043942425867096, 0.4710379758892238589, 0.5887044089038869776, 0.7134391316141812656, 0.8491386294085762065, 1.000000000000000000 ),
 ( 0.000000000000000000, 1.000000000000000000 ),
 .UNSPECIFIED. ) ;
#3988 = VERTEX_POINT ( 'NONE', #5035 ) ;
#3989 = LINE ( 'NONE', #4022, #4811 ) ;
#3990 = EDGE_CURVE ( 'NONE', #5939, #1861, #1297, .T. ) ;
#3991 = DIRECTION ( 'NONE',  ( -1.000000000000000000, 0.000000000000000000, 0.000000000000000000 ) ) ;
#3992 = VERTEX_POINT ( 'NONE', #2008 ) ;
#3993 = CARTESIAN_POINT ( 'NONE',  ( 0.6760351562499999911, 0.01574803149606299538, -0.3518749999999999933 ) ) ;
#3994 = CARTESIAN_POINT ( 'NONE',  ( 1.735646384471900561, 0.01574803149606298844, -0.3535030321141306442 ) ) ;
#3995 = CARTESIAN_POINT ( 'NONE',  ( 2.134660029826765726, 2.134256245050205639E-18, -0.3560627527494849009 ) ) ;
#3996 = CARTESIAN_POINT ( 'NONE',  ( 0.5987637090795320249, 0.000000000000000000, -0.6018034355877436292 ) ) ;
#3997 = CARTESIAN_POINT ( 'NONE',  ( 0.6007421874999998579, 0.000000000000000000, -0.6018749999999998268 ) ) ;
#3998 = ORIENTED_EDGE ( 'NONE', *, *, #3106, .T. ) ;
#3999 = CARTESIAN_POINT ( 'NONE',  ( 0.7966607595727430713, 0.01574803149606299191, -0.3673218388535576251 ) ) ;
#4000 = CARTESIAN_POINT ( 'NONE',  ( 1.052992818983557122, 0.01574803149606299191, -0.4849295526520805422 ) ) ;
#4001 = CARTESIAN_POINT ( 'NONE',  ( 1.052890625000000080, 0.01574803149606299191, -0.4832714843749997824 ) ) ;
#4002 = CARTESIAN_POINT ( 'NONE',  ( 1.043596871207655097, 0.000000000000000000, -0.5783992718492861895 ) ) ;
#4003 = LINE ( 'NONE', #5496, #841 ) ;
#4004 =( NAMED_UNIT ( * ) PLANE_ANGLE_UNIT ( ) SI_UNIT ( $, .RADIAN. ) );
#4005 = CARTESIAN_POINT ( 'NONE',  ( 1.960213659997340319, 0.01574803149606299191, -0.5332309641453985005 ) ) ;
#4006 = LINE ( 'NONE', #41, #790 ) ;
#4007 = CARTESIAN_POINT ( 'NONE',  ( 1.363291015624999769, 0.01574803149606299191, -0.3518749999999997713 ) ) ;
#4008 = ORIENTED_EDGE ( 'NONE', *, *, #5668, .T. ) ;
#4009 = LINE ( 'NONE', #6033, #6467 ) ;
#4010 = CARTESIAN_POINT ( 'NONE',  ( 1.069013120195064337, 0.01574803149606299191, -0.5986652087403093736 ) ) ;
#4011 = CARTESIAN_POINT ( 'NONE',  ( 0.8031137021850512925, 0.01574803149606299538, -0.5048465726402794340 ) ) ;
#4012 = VECTOR ( 'NONE', #1120, 39.37007874015748143 ) ;
#4013 = CARTESIAN_POINT ( 'NONE',  ( 2.037146969992610135, 0.01574803149606299191, -0.5986672849666707652 ) ) ;
#4014 = CARTESIAN_POINT ( 'NONE',  ( 1.731770905346303735, 0.01574803149606298844, -0.3523353081848260016 ) ) ;
#4015 = PLANE ( 'NONE',  #3865 ) ;
#4016 = EDGE_CURVE ( 'NONE', #1259, #2804, #5946, .T. ) ;
#4017 = VECTOR ( 'NONE', #486, 39.37007874015748143 ) ;
#4018 = AXIS2_PLACEMENT_3D ( 'NONE', #4425, #5984, #4459 ) ;
#4019 = DIRECTION ( 'NONE',  ( -1.000000000000000000, 0.000000000000000000, 0.000000000000000000 ) ) ;
#4020 = CARTESIAN_POINT ( 'NONE',  ( 0.8825104894695688929, 0.000000000000000000, -0.5986992390857951429 ) ) ;
#4021 = EDGE_LOOP ( 'NONE', ( #4160, #5854, #510, #6155 ) ) ;
#4022 = CARTESIAN_POINT ( 'NONE',  ( 2.052548828125000391, -0.1613455277634967266, -0.3987499999999996048 ) ) ;
#4023 = CARTESIAN_POINT ( 'NONE',  ( 1.916637759188859036, 2.134256245050205639E-18, -0.3592395895217309620 ) ) ;
#4024 = EDGE_LOOP ( 'NONE', ( #1294, #3698, #6087, #1912 ) ) ;
#4025 = ORIENTED_EDGE ( 'NONE', *, *, #4038, .T. ) ;
#4026 = CLOSED_SHELL ( 'NONE', ( #86, #6457, #5721, #3702, #2530, #2441, #3519, #4291, #3228, #1128, #1167, #5213, #5748 ) ) ;
#4027 = ADVANCED_FACE ( 'NONE', ( #1100 ), #1566, .F. ) ;
#4028 = CARTESIAN_POINT ( 'NONE',  ( 1.337869505357658584, -2.134256245050205639E-18, -0.3650451582485014779 ) ) ;
#4029 = CARTESIAN_POINT ( 'NONE',  ( 0.7024303476823133829, 2.134256245050205639E-18, -0.3815880346186683592 ) ) ;
#4030 = CARTESIAN_POINT ( 'NONE',  ( 1.886200068944279717, -4.268512490100411279E-18, -0.3534409982751858803 ) ) ;
#4031 = LINE ( 'NONE', #925, #2858 ) ;
#4032 = VECTOR ( 'NONE', #1674, 39.37007874015748143 ) ;
#4033 = EDGE_CURVE ( 'NONE', #1974, #4626, #275, .T. ) ;
#4034 = ORIENTED_EDGE ( 'NONE', *, *, #2774, .F. ) ;
#4035 = ORIENTED_EDGE ( 'NONE', *, *, #3783, .F. ) ;
#4036 = VERTEX_POINT ( 'NONE', #2299 ) ;
#4037 =( GEOMETRIC_REPRESENTATION_CONTEXT ( 3 ) GLOBAL_UNCERTAINTY_ASSIGNED_CONTEXT ( ( #2414 ) ) GLOBAL_UNIT_ASSIGNED_CONTEXT ( ( #2558, #4076, #2045 ) ) REPRESENTATION_CONTEXT ( 'NONE', 'WORKASPACE' ) );
#4038 = EDGE_CURVE ( 'NONE', #3410, #4753, #2649, .T. ) ;
#4039 = CARTESIAN_POINT ( 'NONE',  ( 0.7958100021531234747, 0.01574803149606299191, -0.3696959472355262899 ) ) ;
#4040 = CARTESIAN_POINT ( 'NONE',  ( 2.047228119053623452, 0.01574803149606299885, -0.3988506318602804690 ) ) ;
#4041 = DIRECTION ( 'NONE',  ( 1.000000000000000000, 0.000000000000000000, 0.000000000000000000 ) ) ;
#4042 = CARTESIAN_POINT ( 'NONE',  ( 0.8557238618691747067, 0.01574803149606299885, -0.5284993260984512942 ) ) ;
#4043 = CARTESIAN_POINT ( 'NONE',  ( 1.503183593749999769, 0.01574803149606299191, -0.5987499999999996714 ) ) ;
#4044 = CARTESIAN_POINT ( 'NONE',  ( 1.962045412312306558, 0.01574803149606299191, -0.5193731830336497657 ) ) ;
#4045 = PLANE ( 'NONE',  #2495 ) ;
#4046 = CARTESIAN_POINT ( 'NONE',  ( 0.9007091230358275080, 0.01574803149606299191, -0.5549687012719919377 ) ) ;
#4047 = ORIENTED_EDGE ( 'NONE', *, *, #5757, .T. ) ;
#4048 = CARTESIAN_POINT ( 'NONE',  ( 1.768004630529027565, -6.402768735150616918E-18, -0.5617532807095064751 ) ) ;
#4049 = B_SPLINE_CURVE_WITH_KNOTS ( 'NONE', 3,
 ( #3367, #4415, #4978, #3436, #5971, #5936, #4875, #408, #5372, #6447, #441, #981, #2428, #4905 ),
 .UNSPECIFIED., .F., .F.,
 ( 4, 2, 2, 2, 2, 2, 4 ),
 ( 0.000000000000000000, 0.0001238195625773511337, 0.0002476391251547022674, 0.0004952782503094091968, 0.0007429173754641160178, 0.0008667369380414694825, 0.0009905565006188229472 ),
 .UNSPECIFIED. ) ;
#4050 = CARTESIAN_POINT ( 'NONE',  ( 1.256748046875000080, 0.01574803149606299191, -0.5752148437499997602 ) ) ;
#4051 = CARTESIAN_POINT ( 'NONE',  ( 1.174375000000000169, -1.365923996832131609E-16, -0.5049999999999997824 ) ) ;
#4052 = CARTESIAN_POINT ( 'NONE',  ( 2.040779277382075652, 2.134256245050205639E-18, -0.3551108385198321615 ) ) ;
#4053 = DIRECTION ( 'NONE',  ( 0.000000000000000000, 0.000000000000000000, 1.000000000000000000 ) ) ;
#4054 = CARTESIAN_POINT ( 'NONE',  ( 2.005625000000000657, 2.134256245050205639E-18, -0.4304882812499996603 ) ) ;
#4055 = DIRECTION ( 'NONE',  ( 0.000000000000000000, -1.000000000000000000, 0.000000000000000000 ) ) ;
#4056 = CARTESIAN_POINT ( 'NONE',  ( 1.052978897330901997, 0.000000000000000000, -0.4818628813932483990 ) ) ;
#4057 = CARTESIAN_POINT ( 'NONE',  ( 0.8748900515874084016, 0.01574803149606299191, -0.5984006398936626558 ) ) ;
#4058 = CARTESIAN_POINT ( 'NONE',  ( 0.8385717414009987714, 0.01574803149606299191, -0.4684315977203361014 ) ) ;
#4059 = CARTESIAN_POINT ( 'NONE',  ( 1.960117187500000080, 0.01574803149606299191, -0.5361523437499996492 ) ) ;
#4060 = CARTESIAN_POINT ( 'NONE',  ( 1.924284363024636901, 2.134256245050205639E-18, -0.3749424317752865221 ) ) ;
#4061 = EDGE_LOOP ( 'NONE', ( #6476, #209, #6463, #917 ) ) ;
#4062 = ORIENTED_EDGE ( 'NONE', *, *, #4038, .F. ) ;
#4063 = CARTESIAN_POINT ( 'NONE',  ( 1.363291015624999769, 2.134256245050205639E-18, -0.3518749999999997713 ) ) ;
#4064 = CARTESIAN_POINT ( 'NONE',  ( 1.970643310084932320, 2.134256245050205639E-18, -0.4733927557216454085 ) ) ;
#4065 = CARTESIAN_POINT ( 'NONE',  ( 1.041359616938465349, 0.01574803149606298497, -0.3849682915850338727 ) ) ;
#4066 = VERTEX_POINT ( 'NONE', #2866 ) ;
#4067 = VERTEX_POINT ( 'NONE', #5200 ) ;
#4068 = EDGE_CURVE ( 'NONE', #4533, #4077, #5318, .T. ) ;
#4069 = CARTESIAN_POINT ( 'NONE',  ( 2.035189244591400826, 0.01574803149606299538, -0.4599216488802561065 ) ) ;
#4070 = PLANE ( 'NONE',  #2341 ) ;
#4071 = CARTESIAN_POINT ( 'NONE',  ( 1.553494505357658317, 0.000000000000000000, -0.3650451582485014779 ) ) ;
#4072 = CARTESIAN_POINT ( 'NONE',  ( 1.994394531249999991, 0.01574803149606299191, -0.4849804687499996159 ) ) ;
#4073 = CARTESIAN_POINT ( 'NONE',  ( 2.050107421875000391, -0.1613455277634967266, -0.3549999999999996492 ) ) ;
#4074 = CARTESIAN_POINT ( 'NONE',  ( 0.8448963237521920355, 0.000000000000000000, -0.4659705951868921003 ) ) ;
#4075 = CARTESIAN_POINT ( 'NONE',  ( 1.769651190987989509, 2.134256245050205639E-18, -0.5658675403408567339 ) ) ;
#4076 =( NAMED_UNIT ( * ) PLANE_ANGLE_UNIT ( ) SI_UNIT ( $, .RADIAN. ) );
#4077 = VERTEX_POINT ( 'NONE', #3306 ) ;
#4078 = VECTOR ( 'NONE', #72, 39.37007874015748143 ) ;
#4079 = CARTESIAN_POINT ( 'NONE',  ( 0.8435944522800448153, 0.01574803149606299191, -0.3590106468458389988 ) ) ;
#4080 = CARTESIAN_POINT ( 'NONE',  ( 1.058963593837243478, 0.01574803149606299885, -0.5971210053196175371 ) ) ;
#4081 = CARTESIAN_POINT ( 'NONE',  ( 0.8053528805289432713, 0.01574803149606299538, -0.4994772320312900193 ) ) ;
#4082 = CARTESIAN_POINT ( 'NONE',  ( 2.038579884105082396, 0.01574803149606298844, -0.5034299224311565846 ) ) ;
#4083 = VECTOR ( 'NONE', #3941, 39.37007874015748854 ) ;
#4084 = CARTESIAN_POINT ( 'NONE',  ( 2.032729895172760148, 1.707404996040164512E-17, -0.4594612905753138188 ) ) ;
#4085 = B_SPLINE_CURVE_WITH_KNOTS ( 'NONE', 3,
 ( #4059, #634, #4680, #5115, #112, #2133, #141, #2168, #6211, #1669, #5707, #3209, #665, #6279 ),
 .UNSPECIFIED., .F., .F.,
 ( 4, 2, 2, 2, 2, 2, 4 ),
 ( 0.000000000000000000, 0.0001972072670328005729, 0.0003944145340656011458, 0.0007888290681312022917, 0.001183243602196803329, 0.001380450869229605691, 0.001577658136262408053 ),
 .UNSPECIFIED. ) ;
#4086 = CARTESIAN_POINT ( 'NONE',  ( 0.8448963237521920355, 0.000000000000000000, -0.4659705951868921003 ) ) ;
#4087 = CARTESIAN_POINT ( 'NONE',  ( 0.8090941229868873208, 0.01574803149606299538, -0.4081284482173902495 ) ) ;
#4088 = CARTESIAN_POINT ( 'NONE',  ( 0.7952062246936556500, 1.067128122525102820E-17, -0.3730445017697057719 ) ) ;
#4089 = CARTESIAN_POINT ( 'NONE',  ( 0.8677575429458291856, 0.01574803149606299191, -0.5979202689991677255 ) ) ;
#4090 = CARTESIAN_POINT ( 'NONE',  ( 0.8578710937500000355, 0.01574803149606299538, -0.4626660156249999822 ) ) ;
#4091 = CARTESIAN_POINT ( 'NONE',  ( 1.998713343416549826, 0.01574803149606299191, -0.5920295665371723137 ) ) ;
#4092 = ORIENTED_EDGE ( 'NONE', *, *, #586, .T. ) ;
#4093 = CARTESIAN_POINT ( 'NONE',  ( 1.227385462816605211, 2.134256245050205639E-18, -0.5845524987689059149 ) ) ;
#4094 = FACE_OUTER_BOUND ( 'NONE', #4752, .T. ) ;
#4095 = CARTESIAN_POINT ( 'NONE',  ( 1.955653175368279539, 0.01574803149606299191, -0.4555727674424707718 ) ) ;
#4096 = EDGE_CURVE ( 'NONE', #4654, #3447, #4847, .T. ) ;
#4097 = CARTESIAN_POINT ( 'NONE',  ( 0.7285911886371944091, 0.01574803149606299191, -0.5943954943325709950 ) ) ;
#4098 = ORIENTED_EDGE ( 'NONE', *, *, #5756, .F. ) ;
#4099 = EDGE_CURVE ( 'NONE', #2787, #4231, #2066, .T. ) ;
#4100 = VERTEX_POINT ( 'NONE', #344 ) ;
#4101 = ORIENTED_EDGE ( 'NONE', *, *, #4433, .T. ) ;
#4102 = EDGE_CURVE ( 'NONE', #3328, #2506, #2310, .T. ) ;
#4103 = CARTESIAN_POINT ( 'NONE',  ( 0.7507341161314858846, 0.01574803149606299885, -0.6017913054872234824 ) ) ;
#4104 = CARTESIAN_POINT ( 'NONE',  ( 0.6007421874999998579, 0.000000000000000000, -0.6018749999999998268 ) ) ;
#4105 = CARTESIAN_POINT ( 'NONE',  ( 0.6464751035766497234, 0.01574803149606299885, -0.3771976947162836158 ) ) ;
#4106 = CARTESIAN_POINT ( 'NONE',  ( 0.8100047737412046089, 0.01574803149606298844, -0.4097328900665198059 ) ) ;
#4107 = CARTESIAN_POINT ( 'NONE',  ( 1.045150328128848338, 0.000000000000000000, -0.5852773747016561945 ) ) ;
#4108 = FACE_OUTER_BOUND ( 'NONE', #6288, .T. ) ;
#4109 = CARTESIAN_POINT ( 'NONE',  ( 0.8512344866955046108, 0.000000000000000000, -0.4640700261579376318 ) ) ;
#4110 = CARTESIAN_POINT ( 'NONE',  ( 1.807121481614850644, 2.134256245050205639E-18, -0.6017280207845644435 ) ) ;
#4111 = ORIENTED_EDGE ( 'NONE', *, *, #3140, .F. ) ;
#4112 = SURFACE_STYLE_USAGE ( .BOTH. , #4144 ) ;
#4113 = CARTESIAN_POINT ( 'NONE',  ( 1.972180394009269033, 0.000000000000000000, -0.3746111238449672531 ) ) ;
#4114 = DIRECTION ( 'NONE',  ( -0.000000000000000000, 0.000000000000000000, -1.000000000000000000 ) ) ;
#4115 = CARTESIAN_POINT ( 'NONE',  ( 1.050500478635727264, 0.01574803149606298844, -0.5612924088618113094 ) ) ;
#4116 = CARTESIAN_POINT ( 'NONE',  ( 2.033280517084835815, 2.134256245050205639E-18, -0.5047178627920262395 ) ) ;
#4117 = EDGE_CURVE ( 'NONE', #364, #6112, #4695, .T. ) ;
#4118 = CARTESIAN_POINT ( 'NONE',  ( 2.053277509291010272, 0.01574803149606299191, -0.5546854166789314533 ) ) ;
#4119 = CARTESIAN_POINT ( 'NONE',  ( 0.7972742982714008386, 0.01574803149606299538, -0.3829394230570478119 ) ) ;
#4120 = LINE ( 'NONE', #3639, #4983 ) ;
#4121 = DIRECTION ( 'NONE',  ( -0.000000000000000000, 0.000000000000000000, -1.000000000000000000 ) ) ;
#4122 = CARTESIAN_POINT ( 'NONE',  ( 1.978938333442909814, 0.01574803149606299191, -0.4786757767283524312 ) ) ;
#4123 = CARTESIAN_POINT ( 'NONE',  ( 2.040870849078637583, 0.01574803149606299191, -0.5987034499821906053 ) ) ;
#4124 = VECTOR ( 'NONE', #5680, 39.37007874015748143 ) ;
#4125 = ORIENTED_EDGE ( 'NONE', *, *, #2030, .T. ) ;
#4126 = CARTESIAN_POINT ( 'NONE',  ( 1.949375000000000302, 0.000000000000000000, -0.4263378906249996603 ) ) ;
#4127 = CARTESIAN_POINT ( 'NONE',  ( 0.7743261718749997469, 0.000000000000000000, -0.5786328124999998712 ) ) ;
#4128 = DIRECTION ( 'NONE',  ( 0.000000000000000000, 1.000000000000000000, 0.000000000000000000 ) ) ;
#4129 = EDGE_LOOP ( 'NONE', ( #2303, #852, #4370, #1424 ) ) ;
#4130 = CARTESIAN_POINT ( 'NONE',  ( 2.036702616618008221, -2.134256245050205639E-18, -0.3997962612154247752 ) ) ;
#4131 = ORIENTED_EDGE ( 'NONE', *, *, #3632, .F. ) ;
#4132 = CARTESIAN_POINT ( 'NONE',  ( 1.389820111149788984, 2.134256245050205639E-18, -0.3768347480884961520 ) ) ;
#4133 = CARTESIAN_POINT ( 'NONE',  ( 2.155587862305276214, 2.134256245050205639E-18, -0.5675001852716956563 ) ) ;
#4134 = VECTOR ( 'NONE', #3243, 39.37007874015748143 ) ;
#4135 = CARTESIAN_POINT ( 'NONE',  ( 1.682215839169159954, 0.01574803149606298844, -0.5769266543659031798 ) ) ;
#4136 = CARTESIAN_POINT ( 'NONE',  ( 1.065772239505832220, 0.01574803149606299538, -0.5985845932745829101 ) ) ;
#4137 = CARTESIAN_POINT ( 'NONE',  ( 1.484411253098862904, 0.000000000000000000, -0.5555375894150006433 ) ) ;
#4138 = CARTESIAN_POINT ( 'NONE',  ( 0.9462499999999999245, -0.3384390870230564174, -0.3836132812499999378 ) ) ;
#4139 = DIRECTION ( 'NONE',  ( -1.000000000000000000, 0.000000000000000000, 0.000000000000000000 ) ) ;
#4140 = B_SPLINE_CURVE_WITH_KNOTS ( 'NONE', 3,
 ( #4909, #6451, #3919, #5439, #2972, #5018, #472, #910, #3006, #2935, #6517 ),
 .UNSPECIFIED., .F., .F.,
 ( 4, 1, 1, 1, 1, 1, 1, 1, 4 ),
 ( 0.000000000000000000, 0.1670843494469853585, 0.3153733252254434793, 0.4472167266413215048, 0.5694441067178175331, 0.6834582921267315925, 0.7901363269887315965, 0.8934768213921813196, 1.000000000000000000 ),
 .UNSPECIFIED. ) ;
#4141 = CARTESIAN_POINT ( 'NONE',  ( 2.123154296875000124, 0.01574803149606299191, -0.5987499999999995604 ) ) ;
#4142 = EDGE_LOOP ( 'NONE', ( #818, #644, #4832, #351 ) ) ;
#4143 = ORIENTED_EDGE ( 'NONE', *, *, #6516, .F. ) ;
#4144 = SURFACE_SIDE_STYLE ('',( #3599 ) ) ;
#4145 = CARTESIAN_POINT ( 'NONE',  ( 1.962328827650228424, 0.000000000000000000, -0.3854515484883768162 ) ) ;
#4146 = CARTESIAN_POINT ( 'NONE',  ( 1.334171778711957135, 0.01574803149606298844, -0.3757689762608210637 ) ) ;
#4147 = CARTESIAN_POINT ( 'NONE',  ( 1.043611827764715505, 0.01574803149606299191, -0.5786618965087054756 ) ) ;
#4148 = CARTESIAN_POINT ( 'NONE',  ( 1.472373046874999813, 0.000000000000000000, -0.5752148437499997602 ) ) ;
#4149 = CARTESIAN_POINT ( 'NONE',  ( 2.042722525026210878, 0.01574803149606299191, -0.4608663748415390282 ) ) ;
#4150 = EDGE_CURVE ( 'NONE', #448, #5713, #2897, .T. ) ;
#4151 = CARTESIAN_POINT ( 'NONE',  ( 1.039734581397383062, 2.134256245050205639E-18, -0.3753162929776692192 ) ) ;
#4152 = DIRECTION ( 'NONE',  ( -0.000000000000000000, 0.000000000000000000, 1.000000000000000000 ) ) ;
#4153 = CARTESIAN_POINT ( 'NONE',  ( 1.696250000000000258, 0.01574803149606299191, -0.3768749999999996270 ) ) ;
#4154 = DIRECTION ( 'NONE',  ( 1.000000000000000000, 0.000000000000000000, 0.000000000000000000 ) ) ;
#4155 = EDGE_CURVE ( 'NONE', #4926, #248, #1856, .T. ) ;
#4156 = ORIENTED_EDGE ( 'NONE', *, *, #56, .F. ) ;
#4157 = CARTESIAN_POINT ( 'NONE',  ( 1.877871052435674093, 0.01574803149606298844, -0.3595541471118624544 ) ) ;
#4158 = CARTESIAN_POINT ( 'NONE',  ( 1.455877192982278912, 2.134256245050205639E-18, -0.5552573136534085796 ) ) ;
#4159 = CARTESIAN_POINT ( 'NONE',  ( 0.7449470514564314749, 0.01574803149606299191, -0.6017316497080301696 ) ) ;
#4160 = ORIENTED_EDGE ( 'NONE', *, *, #1677, .F. ) ;
#4161 = ORIENTED_EDGE ( 'NONE', *, *, #1564, .F. ) ;
#4162 = CARTESIAN_POINT ( 'NONE',  ( 1.949375000000000302, -0.3384390870230564174, -0.4263378906249996603 ) ) ;
#4163 = CARTESIAN_POINT ( 'NONE',  ( 2.099375000000000213, 0.000000000000000000, -0.4612499999999996048 ) ) ;
#4164 = CARTESIAN_POINT ( 'NONE',  ( 2.023850728385991449, 0.01574803149606299191, -0.4031348303671689060 ) ) ;
#4165 = CARTESIAN_POINT ( 'NONE',  ( 0.8200218108931305316, 0.000000000000000000, -0.3519616610747145491 ) ) ;
#4166 = CARTESIAN_POINT ( 'NONE',  ( 0.9988464827547246516, 0.01574803149606299538, -0.3649182087394360341 ) ) ;
#4167 = EDGE_LOOP ( 'NONE', ( #1317, #5645, #345, #3511 ) ) ;
#4168 = CARTESIAN_POINT ( 'NONE',  ( 0.9694167277847146602, 2.134256245050205639E-18, -0.3521539927084422761 ) ) ;
#4169 = CARTESIAN_POINT ( 'NONE',  ( 0.8741267065323612417, 0.000000000000000000, -0.5519050631094227777 ) ) ;
#4170 = ORIENTED_EDGE ( 'NONE', *, *, #2634, .F. ) ;
#4171 = CARTESIAN_POINT ( 'NONE',  ( 1.198789062500000169, -0.3384390870230564174, -0.3549999999999997602 ) ) ;
#4172 = CARTESIAN_POINT ( 'NONE',  ( 0.7022988852911073998, 0.01574803149606299191, -0.3768439801978326065 ) ) ;
#4173 = CARTESIAN_POINT ( 'NONE',  ( 0.7742871101766195530, -2.134256245050205639E-18, -0.5776534977002536486 ) ) ;
#4174 = CARTESIAN_POINT ( 'NONE',  ( 2.007465425319257424, 0.01574803149606299191, -0.5950254687635102568 ) ) ;
#4175 = CARTESIAN_POINT ( 'NONE',  ( 2.059187002564436764, 0.01574803149606299191, -0.5549404643962556616 ) ) ;
#4176 = MECHANICAL_DESIGN_GEOMETRIC_PRESENTATION_REPRESENTATION (  '', ( #6519 ), #1119 ) ;
#4177 = EDGE_CURVE ( 'NONE', #6079, #6187, #2400, .T. ) ;
#4178 = CARTESIAN_POINT ( 'NONE',  ( 0.8558507938978056062, 0.01574803149606300232, -0.5199478501250459628 ) ) ;
#4179 = DIRECTION ( 'NONE',  ( -1.000000000000000000, 0.000000000000000000, 0.000000000000000000 ) ) ;
#4180 = CARTESIAN_POINT ( 'NONE',  ( 1.052890625000000080, 0.000000000000000000, -0.4832714843749997824 ) ) ;
#4181 = CARTESIAN_POINT ( 'NONE',  ( 0.8060499182642889560, 0.01574803149606300232, -0.4977959887934551575 ) ) ;
#4182 = VECTOR ( 'NONE', #4681, 39.37007874015748143 ) ;
#4183 = LENGTH_MEASURE_WITH_UNIT ( LENGTH_MEASURE( 0.02539999999999999897 ), #2629 );
#4184 = EDGE_CURVE ( 'NONE', #3385, #3930, #5409, .T. ) ;
#4185 = CARTESIAN_POINT ( 'NONE',  ( 2.045664062500000213, 0.000000000000000000, -0.5987499999999995604 ) ) ;
#4186 = ORIENTED_EDGE ( 'NONE', *, *, #2987, .F. ) ;
#4187 = EDGE_CURVE ( 'NONE', #4231, #392, #582, .T. ) ;
#4188 = ORIENTED_EDGE ( 'NONE', *, *, #953, .T. ) ;
#4189 = CARTESIAN_POINT ( 'NONE',  ( 1.356844867068215832, 2.134256245050205639E-18, -0.3521447688439878210 ) ) ;
#4190 = LINE ( 'NONE', #4622, #5090 ) ;
#4191 = EDGE_CURVE ( 'NONE', #3744, #5031, #550, .T. ) ;
#4192 = DIRECTION ( 'NONE',  ( 1.000000000000000000, 0.000000000000000000, 0.000000000000000000 ) ) ;
#4193 = ORIENTED_EDGE ( 'NONE', *, *, #5674, .T. ) ;
#4194 = CARTESIAN_POINT ( 'NONE',  ( 2.046994547438552470, -2.134256245050205639E-18, -0.3988550494568484095 ) ) ;
#4195 = ORIENTED_EDGE ( 'NONE', *, *, #2805, .F. ) ;
#4196 = CARTESIAN_POINT ( 'NONE',  ( 0.7507341161314858846, 0.000000000000000000, -0.6017913054872234824 ) ) ;
#4197 = CARTESIAN_POINT ( 'NONE',  ( 0.6038552888771336891, 2.134256245050205639E-18, -0.6018177046880093251 ) ) ;
#4198 = CARTESIAN_POINT ( 'NONE',  ( 1.503183593749999769, -0.3384390870230564174, -0.5987499999999996714 ) ) ;
#4199 = DIRECTION ( 'NONE',  ( 0.8362650802182408638, 0.000000000000000000, -0.5483253738498512497 ) ) ;
#4200 = DIRECTION ( 'NONE',  ( 0.000000000000000000, 0.000000000000000000, 1.000000000000000000 ) ) ;
#4201 = CARTESIAN_POINT ( 'NONE',  ( 0.9758398437499998801, 2.134256245050205639E-18, -0.3518749999999999378 ) ) ;
#4202 = FACE_OUTER_BOUND ( 'NONE', #4487, .T. ) ;
#4203 = CARTESIAN_POINT ( 'NONE',  ( 1.989414062500000080, 0.000000000000000000, -0.3638378906249996048 ) ) ;
#4204 = CARTESIAN_POINT ( 'NONE',  ( 1.970345683689275429, 0.01574803149606299191, -0.3762591870998396870 ) ) ;
#4205 = CARTESIAN_POINT ( 'NONE',  ( 1.949712686094194458, 0.000000000000000000, -0.4165623942470850216 ) ) ;
#4206 = DIRECTION ( 'NONE',  ( -1.000000000000000000, 0.000000000000000000, 0.000000000000000000 ) ) ;
#4207 = CARTESIAN_POINT ( 'NONE',  ( 1.214056627531136856, 0.01574803149606298497, -0.3571511547103214390 ) ) ;
#4208 = CARTESIAN_POINT ( 'NONE',  ( 0.8658394635601807110, 0.000000000000000000, -0.5474913482188316083 ) ) ;
#4209 = CARTESIAN_POINT ( 'NONE',  ( 0.7022220702547740112, 0.01574803149606299538, -0.3762571587063093803 ) ) ;
#4210 = VECTOR ( 'NONE', #3805, 39.37007874015748854 ) ;
#4211 = CARTESIAN_POINT ( 'NONE',  ( 1.810894366741543360, -6.402768735150616918E-18, -0.6018247970268135738 ) ) ;
#4212 = FACE_BOUND ( 'NONE', #5577, .T. ) ;
#4213 = CARTESIAN_POINT ( 'NONE',  ( 1.675425524509937647, 2.134256245050205639E-18, -0.5581541451412856958 ) ) ;
#4214 = CARTESIAN_POINT ( 'NONE',  ( 0.7952474416926696987, -2.134256245050205639E-18, -0.3747472364386192356 ) ) ;
#4215 = CARTESIAN_POINT ( 'NONE',  ( 1.963362791932468765, 0.01574803149606299191, -0.5557631974315553336 ) ) ;
#4216 = CARTESIAN_POINT ( 'NONE',  ( 0.6203407292298560582, 0.01574803149606299885, -0.5928229463476700767 ) ) ;
#4217 = CARTESIAN_POINT ( 'NONE',  ( 0.9291938420388724529, 0.01574803149606299191, -0.4549083667832165001 ) ) ;
#4218 = CARTESIAN_POINT ( 'NONE',  ( 1.043714331472430645, 0.01574803149606299885, -0.5735153063435379783 ) ) ;
#4219 = DIRECTION ( 'NONE',  ( -0.000000000000000000, 0.000000000000000000, -1.000000000000000000 ) ) ;
#4220 = CARTESIAN_POINT ( 'NONE',  ( 1.741186450211744008, 0.000000000000000000, -0.3566293946510081803 ) ) ;
#4221 = DIRECTION ( 'NONE',  ( -1.000000000000000000, 0.000000000000000000, 0.000000000000000000 ) ) ;
#4222 = VECTOR ( 'NONE', #4179, 39.37007874015748143 ) ;
#4223 = ORIENTED_EDGE ( 'NONE', *, *, #3813, .T. ) ;
#4224 = VERTEX_POINT ( 'NONE', #645 ) ;
#4225 = VECTOR ( 'NONE', #5377, 39.37007874015748143 ) ;
#4226 = CARTESIAN_POINT ( 'NONE',  ( 2.123154296875000124, -0.1613455277634967266, -0.5987499999999995604 ) ) ;
#4227 = CARTESIAN_POINT ( 'NONE',  ( 1.549374999999999725, 0.01574803149606299191, -0.5518749999999997824 ) ) ;
#4228 = CARTESIAN_POINT ( 'NONE',  ( 1.500718619490622574, 0.01574803149606299885, -0.5986797455209706964 ) ) ;
#4229 = CARTESIAN_POINT ( 'NONE',  ( 0.8001639730080880586, 6.402768735150616918E-18, -0.3902809971166886216 ) ) ;
#4230 = ADVANCED_FACE ( 'NONE', ( #3679 ), #988, .F. ) ;
#4231 = VERTEX_POINT ( 'NONE', #3116 ) ;
#4232 = CARTESIAN_POINT ( 'NONE',  ( 1.503183593749999769, 0.000000000000000000, -0.5518749999999997824 ) ) ;
#4233 = CARTESIAN_POINT ( 'NONE',  ( 1.059718810012184376, 0.01574803149606299191, -0.4986919276758339237 ) ) ;
#4234 = ORIENTED_EDGE ( 'NONE', *, *, #1158, .F. ) ;
#4235 = CARTESIAN_POINT ( 'NONE',  ( 1.949489375215200271, 0.01574803149606299538, -0.4230269029322058505 ) ) ;
#4236 = MECHANICAL_DESIGN_GEOMETRIC_PRESENTATION_REPRESENTATION (  '', ( #1081 ), #3723 ) ;
#4237 = CARTESIAN_POINT ( 'NONE',  ( 1.696250000000000258, 0.000000000000000000, -0.3768749999999996270 ) ) ;
#4238 = CARTESIAN_POINT ( 'NONE',  ( 2.099375000000000213, 0.01574803149606299191, -0.5549999999999996048 ) ) ;
#4239 = LINE ( 'NONE', #5209, #3502 ) ;
#4240 = CARTESIAN_POINT ( 'NONE',  ( 2.060361328126944169, 0.01574803149606299191, -0.5018749999999733147 ) ) ;
#4241 = CARTESIAN_POINT ( 'NONE',  ( 0.8333704806256915232, 0.01574803149606299538, -0.4709300056048693617 ) ) ;
#4242 = CARTESIAN_POINT ( 'NONE',  ( 1.994394531249999991, 0.000000000000000000, -0.4849804687499996159 ) ) ;
#4243 = VECTOR ( 'NONE', #1934, 39.37007874015748143 ) ;
#4244 = LINE ( 'NONE', #1725, #1029 ) ;
#4245 = CARTESIAN_POINT ( 'NONE',  ( 0.8964475873644608406, 0.01574803149606299885, -0.4957864356920270721 ) ) ;
#4246 = CARTESIAN_POINT ( 'NONE',  ( 1.466522063634929207, 0.01574803149606299885, -0.5786385269703200329 ) ) ;
#4247 = CARTESIAN_POINT ( 'NONE',  ( 1.439267578124999725, -0.1613455277634967266, -0.5987499999999996714 ) ) ;
#4248 = FACE_OUTER_BOUND ( 'NONE', #5330, .T. ) ;
#4249 = FACE_OUTER_BOUND ( 'NONE', #3849, .T. ) ;
#4250 = VERTEX_POINT ( 'NONE', #2145 ) ;
#4251 = B_SPLINE_CURVE_WITH_KNOTS ( 'NONE', 3,
 ( #6470, #4000, #5001, #4468, #3456, #1361, #930, #2953, #6498, #3022, #3526, #969 ),
 .UNSPECIFIED., .F., .F.,
 ( 4, 2, 2, 2, 2, 4 ),
 ( 0.000000000000000000, 0.0001249480784523591351, 0.0002498961569047182703, 0.0004997923138094320953, 0.0007496884707141460288, 0.0009995846276188598539 ),
 .UNSPECIFIED. ) ;
#4252 = CARTESIAN_POINT ( 'NONE',  ( 1.043515625000000169, 0.01574803149606299191, -0.5769726562499998268 ) ) ;
#4253 = CARTESIAN_POINT ( 'NONE',  ( 0.6986652268970642288, 2.134256245050205639E-18, -0.3645325583494615218 ) ) ;
#4254 = LINE ( 'NONE', #3913, #4032 ) ;
#4255 = CARTESIAN_POINT ( 'NONE',  ( 1.756406250000000169, 0.000000000000000000, -0.3840527343749995937 ) ) ;
#4256 = SURFACE_SIDE_STYLE ('',( #3793 ) ) ;
#4257 = CARTESIAN_POINT ( 'NONE',  ( 0.5733007812499998357, 0.01574803149606299538, -0.5793164062499999156 ) ) ;
#4258 = EDGE_LOOP ( 'NONE', ( #1612, #6153, #4464, #5344 ) ) ;
#4259 = EDGE_CURVE ( 'NONE', #5419, #2215, #2677, .T. ) ;
#4260 = CARTESIAN_POINT ( 'NONE',  ( 2.005663908221247294, 0.01574803149606299191, -0.4292005998741413308 ) ) ;
#4261 = CARTESIAN_POINT ( 'NONE',  ( 1.584509206131682113, 2.134256245050205639E-18, -0.3521032973289328627 ) ) ;
#4262 = CARTESIAN_POINT ( 'NONE',  ( 1.489680251591115390, 0.01574803149606299885, -0.5972276466835291231 ) ) ;
#4263 = CARTESIAN_POINT ( 'NONE',  ( 1.839217959778370215, 0.01574803149606299885, -0.5914063883168670932 ) ) ;
#4264 = EDGE_LOOP ( 'NONE', ( #1381, #2251, #4724, #5421 ) ) ;
#4265 = CARTESIAN_POINT ( 'NONE',  ( 2.038224454246524875, 0.000000000000000000, -0.5530999383869693586 ) ) ;
#4266 = CARTESIAN_POINT ( 'NONE',  ( 1.068707731203448752, 0.01574803149606299191, -0.5036064533224602346 ) ) ;
#4267 = EDGE_CURVE ( 'NONE', #444, #3324, #2105, .T. ) ;
#4268 = ORIENTED_EDGE ( 'NONE', *, *, #6425, .T. ) ;
#4269 = CARTESIAN_POINT ( 'NONE',  ( 1.967973231041814319, 0.01574803149606299885, -0.3786061416727480866 ) ) ;
#4270 = CARTESIAN_POINT ( 'NONE',  ( 1.844827574780745882, 0.01574803149606298844, -0.5835065871390566761 ) ) ;
#4271 = CARTESIAN_POINT ( 'NONE',  ( 2.131086845320312229, 0.000000000000000000, -0.3554159774104793112 ) ) ;
#4272 = CARTESIAN_POINT ( 'NONE',  ( 1.900084235759362583, 0.01574803149606298844, -0.3519726931322718633 ) ) ;
#4273 = CARTESIAN_POINT ( 'NONE',  ( 1.598398271371878510, 2.134256245050205639E-18, -0.3599752496326636408 ) ) ;
#4274 = CARTESIAN_POINT ( 'NONE',  ( 0.8658394635601807110, 0.01574803149606299885, -0.5474913482188316083 ) ) ;
#4275 = CARTESIAN_POINT ( 'NONE',  ( 1.703964843750000124, 0.01574803149606299191, -0.4032910156249995826 ) ) ;
#4276 = ORIENTED_EDGE ( 'NONE', *, *, #4961, .F. ) ;
#4277 = CARTESIAN_POINT ( 'NONE',  ( 1.812851562500000124, 0.01574803149606299191, -0.6018749999999996048 ) ) ;
#4278 = CARTESIAN_POINT ( 'NONE',  ( 1.461255634837891115, 0.01574803149606299885, -0.5911275521399065314 ) ) ;
#4279 = LINE ( 'NONE', #759, #531 ) ;
#4280 = CARTESIAN_POINT ( 'NONE',  ( 1.976965584326106473, 6.402768735150616918E-18, -0.5773430732139093191 ) ) ;
#4281 = CARTESIAN_POINT ( 'NONE',  ( 2.140528346854991160, 0.01574803149606299191, -0.5958837779051556760 ) ) ;
#4282 = CARTESIAN_POINT ( 'NONE',  ( 0.8128141420584201748, 0.01574803149606299538, -0.5710522244512319379 ) ) ;
#4283 = ORIENTED_EDGE ( 'NONE', *, *, #1610, .F. ) ;
#4284 = CARTESIAN_POINT ( 'NONE',  ( 1.987823746112578949, 0.000000000000000000, -0.3645967972455707584 ) ) ;
#4285 = VECTOR ( 'NONE', #4288, 39.37007874015748143 ) ;
#4286 = FACE_OUTER_BOUND ( 'NONE', #5546, .T. ) ;
#4287 = CARTESIAN_POINT ( 'NONE',  ( 2.099375000000000213, -0.3384390870230564174, -0.3987499999999996048 ) ) ;
#4288 = DIRECTION ( 'NONE',  ( 0.000000000000000000, 1.000000000000000000, 0.000000000000000000 ) ) ;
#4289 = CARTESIAN_POINT ( 'NONE',  ( 0.8003872909951116332, 0.01574803149606299191, -0.5423693374321479910 ) ) ;
#4290 = ORIENTED_EDGE ( 'NONE', *, *, #4466, .T. ) ;
#4291 = ADVANCED_FACE ( 'NONE', ( #2707 ), #5519, .F. ) ;
#4292 = CARTESIAN_POINT ( 'NONE',  ( 2.006280746164528672, 0.000000000000000000, -0.4230874813009429247 ) ) ;
#4293 = CARTESIAN_POINT ( 'NONE',  ( 1.589730761765620226, 2.134256245050205639E-18, -0.3537438756759778702 ) ) ;
#4294 = CARTESIAN_POINT ( 'NONE',  ( 1.472464987932752045, 2.134256245050205639E-18, -0.5767569221631013709 ) ) ;
#4295 = DIRECTION ( 'NONE',  ( 0.000000000000000000, 1.000000000000000000, 0.000000000000000000 ) ) ;
#4296 = ORIENTED_EDGE ( 'NONE', *, *, #2805, .T. ) ;
#4297 = CARTESIAN_POINT ( 'NONE',  ( 0.5879492187499998357, 0.01574803149606299538, -0.5476269531249998712 ) ) ;
#4298 = FACE_OUTER_BOUND ( 'NONE', #5541, .T. ) ;
#4299 = EDGE_CURVE ( 'NONE', #4753, #933, #1194, .T. ) ;
#4300 = EDGE_CURVE ( 'NONE', #2289, #6561, #3859, .T. ) ;
#4301 = CARTESIAN_POINT ( 'NONE',  ( 1.850647384704483533, -2.134256245050205639E-18, -0.5710787334946111349 ) ) ;
#4302 = CARTESIAN_POINT ( 'NONE',  ( 2.046933543711924042, 0.000000000000000000, -0.3550377125330753114 ) ) ;
#4303 = CARTESIAN_POINT ( 'NONE',  ( 0.8061231528806640512, -2.134256245050205639E-18, -0.5603052434590530817 ) ) ;
#4304 = CARTESIAN_POINT ( 'NONE',  ( 2.019150390625000124, 0.01574803149606298844, -0.5161816406249996048 ) ) ;
#4305 = CARTESIAN_POINT ( 'NONE',  ( 0.6780164294101369560, 0.01574803149606299885, -0.3519625728953061361 ) ) ;
#4306 = CARTESIAN_POINT ( 'NONE',  ( 1.223041611128310668, 0.01574803149606299191, -0.5910334772853688134 ) ) ;
#4307 = CARTESIAN_POINT ( 'NONE',  ( 1.039734581397383062, 0.01574803149606298844, -0.3753162929776692192 ) ) ;
#4308 = B_SPLINE_SURFACE_WITH_KNOTS ( 'NONE', 3, 1, ( 
 ( #2032, #2633 ),
 ( #5120, #5057 ),
 ( #3581, #1153 ),
 ( #3175, #5087 ),
 ( #3111, #30 ),
 ( #2139, #5189 ),
 ( #2673, #4064 ),
 ( #513, #4686 ),
 ( #148, #2174 ),
 ( #6218, #6083 ),
 ( #55, #2063 ),
 ( #4095, #6114 ),
 ( #1404, #1733 ),
 ( #734, #3273 ),
 ( #2765, #1849 ),
 ( #4716, #2735 ),
 ( #1214, #5256 ),
 ( #5711, #335 ),
 ( #3701, #5898 ) ),
 .UNSPECIFIED., .F., .F., .F.,
 ( 4, 1, 1, 1, 1, 1, 1, 1, 1, 1, 1, 1, 1, 1, 1, 1, 4 ),
 ( 2, 2 ),
 ( 0.000000000000000000, 0.07205155789532320665, 0.1406111398498058052, 0.2065436538052974891, 0.2701730840707983750, 0.3315127924838082163, 0.3916518316918413123, 0.4502372417809887839, 0.5077259467624031242, 0.5658694124620984311, 0.6231479203778079734, 0.6820366219334124125, 0.7413773542704203967, 0.8025565150096127809, 0.8662558997775221536, 0.9317252083619433911, 1.000000000000000000 ),
 ( 0.000000000000000000, 1.000000000000000000 ),
 .UNSPECIFIED. ) ;
#4309 = FILL_AREA_STYLE_COLOUR ( '', #631 ) ;
#4310 = CARTESIAN_POINT ( 'NONE',  ( 1.333749999999999769, 0.000000000000000000, -0.5518749999999997824 ) ) ;
#4311 = EDGE_CURVE ( 'NONE', #885, #5123, #4677, .T. ) ;
#4312 = CARTESIAN_POINT ( 'NONE',  ( 0.6095221445131835392, 2.134256245050205639E-18, -0.6005990921681436667 ) ) ;
#4313 = CARTESIAN_POINT ( 'NONE',  ( 0.8389257812499998357, 0.01574803149606299538, -0.5912304687499998490 ) ) ;
#4314 = ADVANCED_FACE ( 'NONE', ( #2741 ), #6314, .F. ) ;
#4315 = ORIENTED_EDGE ( 'NONE', *, *, #4743, .F. ) ;
#4316 = CARTESIAN_POINT ( 'NONE',  ( 1.039852782006243315, 0.01574803149606298844, -0.3733223057148665758 ) ) ;
#4317 = DIRECTION ( 'NONE',  ( -0.000000000000000000, 0.000000000000000000, -1.000000000000000000 ) ) ;
#4318 = CARTESIAN_POINT ( 'NONE',  ( 0.7741762189976266750, 0.01574803149606299191, -0.5818690048900024836 ) ) ;
#4319 = FACE_OUTER_BOUND ( 'NONE', #6189, .T. ) ;
#4320 = DIRECTION ( 'NONE',  ( 0.000000000000000000, 0.000000000000000000, -1.000000000000000000 ) ) ;
#4321 = VERTEX_POINT ( 'NONE', #250 ) ;
#4322 = B_SPLINE_CURVE_WITH_KNOTS ( 'NONE', 3,
 ( #5760, #1230, #6133, #1691, #3633, #3129, #5726, #3229, #5269, #4637, #716, #4146, #4701, #2157 ),
 .UNSPECIFIED., .F., .F.,
 ( 4, 2, 2, 2, 2, 2, 4 ),
 ( 0.000000000000000000, 0.0001558665535185855958, 0.0003117331070371711916, 0.0004675996605557567604, 0.0006234662140743423833, 0.0009351993211115096176, 0.001246932428148676960 ),
 .UNSPECIFIED. ) ;
#4323 = CARTESIAN_POINT ( 'NONE',  ( 2.005625000000000213, 0.01574803149606299191, -0.4304882812499996048 ) ) ;
#4324 = CARTESIAN_POINT ( 'NONE',  ( 1.480008706977417710, -2.134256245050205639E-18, -0.5585927161988891720 ) ) ;
#4325 = CARTESIAN_POINT ( 'NONE',  ( 2.042766530776417788, -2.134256245050205639E-18, -0.5987218601819948027 ) ) ;
#4326 = CARTESIAN_POINT ( 'NONE',  ( 0.6965531000904432446, 0.01574803149606299538, -0.3616641104358479519 ) ) ;
#4327 = CARTESIAN_POINT ( 'NONE',  ( 1.856943359373798952, 0.01574803149606299191, -0.5550000000030478331 ) ) ;
#4328 = ORIENTED_EDGE ( 'NONE', *, *, #2440, .T. ) ;
#4329 = VECTOR ( 'NONE', #561, 39.37007874015748143 ) ;
#4330 = CARTESIAN_POINT ( 'NONE',  ( 2.047815618776020585, 0.000000000000000000, -0.5543370871909544251 ) ) ;
#4331 = ORIENTED_EDGE ( 'NONE', *, *, #6384, .F. ) ;
#4332 = VECTOR ( 'NONE', #1096, 39.37007874015748143 ) ;
#4333 = DIRECTION ( 'NONE',  ( -0.3615575501799897506, 0.000000000000000000, 0.9323497937511672218 ) ) ;
#4334 = CARTESIAN_POINT ( 'NONE',  ( 1.256855968738721074, 0.01574803149606299191, -0.5770249597135841402 ) ) ;
#4335 = CARTESIAN_POINT ( 'NONE',  ( 0.9918453977449155357, 0.000000000000000000, -0.3564260582689733337 ) ) ;
#4336 = ORIENTED_EDGE ( 'NONE', *, *, #5363, .T. ) ;
#4337 = LINE ( 'NONE', #719, #5983 ) ;
#4338 = CARTESIAN_POINT ( 'NONE',  ( 1.078779109144798909, 2.134256245050205639E-18, -0.5049404509781987294 ) ) ;
#4339 = MECHANICAL_DESIGN_GEOMETRIC_PRESENTATION_REPRESENTATION (  '', ( #2864 ), #4558 ) ;
#4340 = CARTESIAN_POINT ( 'NONE',  ( 0.7708667805938640427, 0.000000000000000000, -0.5655619353124127224 ) ) ;
#4341 = AXIS2_PLACEMENT_3D ( 'NONE', #2887, #4903, #6285 ) ;
#4342 = CARTESIAN_POINT ( 'NONE',  ( 0.8284944906314977153, 0.01574803149606299191, -0.3519930346487145645 ) ) ;
#4343 = CARTESIAN_POINT ( 'NONE',  ( 1.725839843749999991, 0.000000000000000000, -0.3518749999999996603 ) ) ;
#4344 = CARTESIAN_POINT ( 'NONE',  ( 2.099375000000000213, -0.3384390870230564174, -0.4612499999999996048 ) ) ;
#4345 = CARTESIAN_POINT ( 'NONE',  ( 0.7993749999999999467, 0.000000000000000000, -0.5294628906249999600 ) ) ;
#4346 = EDGE_CURVE ( 'NONE', #699, #5315, #3513, .T. ) ;
#4347 = ORIENTED_EDGE ( 'NONE', *, *, #2291, .T. ) ;
#4348 = CARTESIAN_POINT ( 'NONE',  ( 1.549374999999999725, -0.3384390870230564174, -0.3840527343749997602 ) ) ;
#4349 = CARTESIAN_POINT ( 'NONE',  ( 1.703357481476013513, 0.000000000000000000, -0.4017956637223325522 ) ) ;
#4350 = CARTESIAN_POINT ( 'NONE',  ( 0.9778533059409173500, 0.01574803149606299538, -0.3519704803838907825 ) ) ;
#4351 = CARTESIAN_POINT ( 'NONE',  ( 1.749412989529622431, 0.01574803149606298844, -0.3681228293667166973 ) ) ;
#4352 = ADVANCED_FACE ( 'NONE', ( #2472 ), #2508, .T. ) ;
#4353 = CARTESIAN_POINT ( 'NONE',  ( 0.5743072585537817298, 0.01574803149606299191, -0.5719914206692685577 ) ) ;
#4354 = ORIENTED_EDGE ( 'NONE', *, *, #4311, .F. ) ;
#4355 = CARTESIAN_POINT ( 'NONE',  ( 2.023994743052068834, 0.000000000000000000, -0.4031026647394343465 ) ) ;
#4356 = CARTESIAN_POINT ( 'NONE',  ( 1.605624999999999858, 0.01574803149606299538, -0.3840527343749997602 ) ) ;
#4357 = CARTESIAN_POINT ( 'NONE',  ( 0.9564265721591228564, 0.01574803149606299538, -0.3576260997448696966 ) ) ;
#4358 = CARTESIAN_POINT ( 'NONE',  ( 1.198789062500000169, 0.01574803149606299191, -0.5987499999999996714 ) ) ;
#4359 = ORIENTED_EDGE ( 'NONE', *, *, #3780, .F. ) ;
#4360 = CARTESIAN_POINT ( 'NONE',  ( 2.021843089826644846, 0.000000000000000000, -0.5466887058288432133 ) ) ;
#4361 = VERTEX_POINT ( 'NONE', #3516 ) ;
#4362 = CARTESIAN_POINT ( 'NONE',  ( 0.7328505355897714235, 0.01574803149606299538, -0.5983371451367676119 ) ) ;
#4363 = CARTESIAN_POINT ( 'NONE',  ( 1.766953125000000346, 0.01574803149606299191, -0.4112499999999996159 ) ) ;
#4364 = CARTESIAN_POINT ( 'NONE',  ( 1.230618034067166189, 0.01574803149606299191, -0.3862486395166686570 ) ) ;
#4365 = CARTESIAN_POINT ( 'NONE',  ( 1.856943359375000657, 0.000000000000000000, -0.5549999999999997158 ) ) ;
#4366 = CARTESIAN_POINT ( 'NONE',  ( 1.811679687500000302, 0.01574803149606299191, -0.5456249999999995826 ) ) ;
#4367 = VERTEX_POINT ( 'NONE', #4918 ) ;
#4368 = CARTESIAN_POINT ( 'NONE',  ( 1.549458348515246442, -2.134256245050205639E-18, -0.3816677524541000066 ) ) ;
#4369 = CARTESIAN_POINT ( 'NONE',  ( 2.019150390625000124, 0.000000000000000000, -0.5161816406249996048 ) ) ;
#4370 = ORIENTED_EDGE ( 'NONE', *, *, #1549, .T. ) ;
#4371 = CARTESIAN_POINT ( 'NONE',  ( 1.203746463890863483, 0.01574803149606299191, -0.5986846865552737373 ) ) ;
#4372 = EDGE_CURVE ( 'NONE', #5513, #3109, #4494, .T. ) ;
#4373 = FACE_OUTER_BOUND ( 'NONE', #4129, .T. ) ;
#4374 = FACE_OUTER_BOUND ( 'NONE', #6018, .T. ) ;
#4375 = CARTESIAN_POINT ( 'NONE',  ( 1.500718619490622574, 2.134256245050205639E-18, -0.5986797455209706964 ) ) ;
#4376 = CARTESIAN_POINT ( 'NONE',  ( 2.065390625000000036, 0.000000000000000000, -0.5549999999999996048 ) ) ;
#4377 = CARTESIAN_POINT ( 'NONE',  ( 1.696362596534189526, 0.01574803149606299191, -0.3754299059923441040 ) ) ;
#4378 = EDGE_CURVE ( 'NONE', #4856, #5886, #3673, .T. ) ;
#4379 = ORIENTED_EDGE ( 'NONE', *, *, #2497, .T. ) ;
#4380 = CARTESIAN_POINT ( 'NONE',  ( 1.792901823783742632, 0.01574803149606299538, -0.5976559677548721750 ) ) ;
#4381 = CARTESIAN_POINT ( 'NONE',  ( 1.363291015624999769, 0.000000000000000000, -0.3518749999999997713 ) ) ;
#4382 = CARTESIAN_POINT ( 'NONE',  ( 1.703357481476013513, 0.01574803149606298844, -0.4017956637223325522 ) ) ;
#4383 = CARTESIAN_POINT ( 'NONE',  ( 0.7490332031249997691, 0.01574803149606299538, -0.6018749999999998268 ) ) ;
#4384 = ADVANCED_FACE ( 'NONE', ( #6048 ), #5514, .F. ) ;
#4385 = EDGE_LOOP ( 'NONE', ( #4923, #4666, #120, #3246 ) ) ;
#4386 = CARTESIAN_POINT ( 'NONE',  ( 1.333833348515246486, 2.134256245050205639E-18, -0.3816677524541000066 ) ) ;
#4387 = PLANE ( 'NONE',  #5766 ) ;
#4388 = CARTESIAN_POINT ( 'NONE',  ( 1.046910254174894916, 2.134256245050205639E-18, -0.3924051806646149942 ) ) ;
#4389 = VERTEX_POINT ( 'NONE', #1968 ) ;
#4390 = EDGE_CURVE ( 'NONE', #3930, #2116, #5002, .T. ) ;
#4391 = VECTOR ( 'NONE', #5051, 39.37007874015748143 ) ;
#4392 = CARTESIAN_POINT ( 'NONE',  ( 0.8361069543806757265, -2.134256245050205639E-18, -0.3541086104572788718 ) ) ;
#4393 = FACE_OUTER_BOUND ( 'NONE', #1481, .T. ) ;
#4394 = CARTESIAN_POINT ( 'NONE',  ( 2.145973948338901760, 2.134256245050205639E-18, -0.3610398694814447307 ) ) ;
#4395 = CARTESIAN_POINT ( 'NONE',  ( 0.8556249999999999689, 0.01574803149606299885, -0.5257031249999999378 ) ) ;
#4396 = DIRECTION ( 'NONE',  ( 0.000000000000000000, 1.000000000000000000, 0.000000000000000000 ) ) ;
#4397 = CARTESIAN_POINT ( 'NONE',  ( 0.7964724458484541136, 0.01574803149606298844, -0.3804545671676103358 ) ) ;
#4398 = ORIENTED_EDGE ( 'NONE', *, *, #5840, .T. ) ;
#4399 = DIMENSIONAL_EXPONENTS ( 1.000000000000000000, 0.000000000000000000, 0.000000000000000000, 0.000000000000000000, 0.000000000000000000, 0.000000000000000000, 0.000000000000000000 ) ;
#4400 = CARTESIAN_POINT ( 'NONE',  ( 2.042809659202527772, 0.000000000000000000, -0.5537008133252750985 ) ) ;
#4401 = VECTOR ( 'NONE', #463, 39.37007874015748143 ) ;
#4402 = ORIENTED_EDGE ( 'NONE', *, *, #5885, .T. ) ;
#4403 = B_SPLINE_CURVE_WITH_KNOTS ( 'NONE', 3,
 ( #5617, #2140, #118, #3677, #2064, #4097, #578, #5224, #1583, #4653, #3616, #4159, #1615, #2577 ),
 .UNSPECIFIED., .F., .F.,
 ( 4, 2, 2, 2, 2, 2, 4 ),
 ( 0.000000000000000000, 0.0003122007796142341716, 0.0006244015592284683433, 0.0007805019490355854291, 0.0009366023388427025149, 0.001092702728649819601, 0.001248803118456936687 ),
 .UNSPECIFIED. ) ;
#4404 = CARTESIAN_POINT ( 'NONE',  ( 2.149690364888182437, 2.134256245050205639E-18, -0.5889161566075566956 ) ) ;
#4405 = CARTESIAN_POINT ( 'NONE',  ( 1.200140307599838474, 0.01574803149606299191, -0.3550356571421087182 ) ) ;
#4406 = CARTESIAN_POINT ( 'NONE',  ( 0.8557770855074384730, -4.268512490100411279E-18, -0.5204076692650108082 ) ) ;
#4407 = CARTESIAN_POINT ( 'NONE',  ( 1.549458348515246442, 0.000000000000000000, -0.3816677524541000066 ) ) ;
#4408 = CARTESIAN_POINT ( 'NONE',  ( 1.002499999999999947, 0.000000000000000000, -0.3841992187499999045 ) ) ;
#4409 = EDGE_LOOP ( 'NONE', ( #288, #5487, #609, #3031 ) ) ;
#4410 = FACE_OUTER_BOUND ( 'NONE', #2747, .T. ) ;
#4411 = CARTESIAN_POINT ( 'NONE',  ( 1.260921996622274888, 0.01574803149606299191, -0.5882203109763203264 ) ) ;
#4412 = ORIENTED_EDGE ( 'NONE', *, *, #5581, .T. ) ;
#4413 = PLANE ( 'NONE',  #19 ) ;
#4414 = CARTESIAN_POINT ( 'NONE',  ( 0.7742049891809907880, 0.000000000000000000, -0.5755946444059838463 ) ) ;
#4415 = CARTESIAN_POINT ( 'NONE',  ( 1.924281384420807539, 0.01574803149606299538, -0.3748901542404866061 ) ) ;
#4416 = CARTESIAN_POINT ( 'NONE',  ( 0.6067912039506536681, 2.134256245050205639E-18, -0.6012846810752078275 ) ) ;
#4417 = CARTESIAN_POINT ( 'NONE',  ( 1.708710896040090743, 0.01574803149606299191, -0.3562605157511133380 ) ) ;
#4418 = VERTEX_POINT ( 'NONE', #2943 ) ;
#4419 = CARTESIAN_POINT ( 'NONE',  ( 0.8788551225774662301, 1.067128122525102820E-17, -0.4982900066544706519 ) ) ;
#4420 = VERTEX_POINT ( 'NONE', #4957 ) ;
#4421 = CARTESIAN_POINT ( 'NONE',  ( 0.7134863281249997913, 0.000000000000000000, -0.5724804687499998046 ) ) ;
#4422 = CARTESIAN_POINT ( 'NONE',  ( 1.920048177909662535, 2.134256245050205639E-18, -0.3630123082880474250 ) ) ;
#4423 = VERTEX_POINT ( 'NONE', #1484 ) ;
#4424 = CARTESIAN_POINT ( 'NONE',  ( 0.5842500788467165362, -2.134256245050205639E-18, -0.5531810519692879069 ) ) ;
#4425 = CARTESIAN_POINT ( 'NONE',  ( 1.841806640624999991, -0.3384390870230564174, -0.4549999999999996270 ) ) ;
#4426 = CARTESIAN_POINT ( 'NONE',  ( 2.137937614932230890, 2.134256245050205639E-18, -0.3569177414059124254 ) ) ;
#4427 = CARTESIAN_POINT ( 'NONE',  ( 1.654892578124999680, -0.1613455277634967266, -0.5987499999999996714 ) ) ;
#4428 = CARTESIAN_POINT ( 'NONE',  ( 1.754864829542126747, 0.01574803149606299538, -0.3803663527910209341 ) ) ;
#4429 = CARTESIAN_POINT ( 'NONE',  ( 1.230550341687872917, 0.01574803149606299191, -0.5705211456105413470 ) ) ;
#4430 = ORIENTED_EDGE ( 'NONE', *, *, #3627, .F. ) ;
#4431 = CARTESIAN_POINT ( 'NONE',  ( 1.065281303481282471, 0.01574803149606298844, -0.3986693110474825441 ) ) ;
#4432 = EDGE_LOOP ( 'NONE', ( #3617, #2895, #2402, #3545 ) ) ;
#4433 = EDGE_CURVE ( 'NONE', #5656, #4423, #3014, .T. ) ;
#4434 = CARTESIAN_POINT ( 'NONE',  ( 1.258540019606416482, 2.134256245050205639E-18, -0.5841697710432443014 ) ) ;
#4435 = CARTESIAN_POINT ( 'NONE',  ( 1.230625000000000302, 0.01574803149606299191, -0.3876171874999997380 ) ) ;
#4436 = CARTESIAN_POINT ( 'NONE',  ( 1.056664104428460371, 0.01574803149606299191, -0.4712537067026700832 ) ) ;
#4437 = CARTESIAN_POINT ( 'NONE',  ( 0.9817033282193950994, 0.000000000000000000, -0.3521530522776147309 ) ) ;
#4438 = ORIENTED_EDGE ( 'NONE', *, *, #3100, .F. ) ;
#4439 = CARTESIAN_POINT ( 'NONE',  ( 1.576707554932737843, -2.134256245050205639E-18, -0.3519674232326783225 ) ) ;
#4440 = EDGE_CURVE ( 'NONE', #4036, #1255, #5024, .T. ) ;
#4441 = CARTESIAN_POINT ( 'NONE',  ( 1.274055251591116322, -2.134256245050205639E-18, -0.5972276466835293451 ) ) ;
#4442 = VECTOR ( 'NONE', #5335, 39.37007874015748143 ) ;
#4443 = VERTEX_POINT ( 'NONE', #6558 ) ;
#4444 = CARTESIAN_POINT ( 'NONE',  ( 1.785097185306169898, -6.402768735150616918E-18, -0.5921477942335223732 ) ) ;
#4445 = PLANE ( 'NONE',  #4341 ) ;
#4446 = CARTESIAN_POINT ( 'NONE',  ( 1.002392481485496312, 1.067128122525102820E-17, -0.5702071286887876456 ) ) ;
#4447 = LINE ( 'NONE', #3501, #741 ) ;
#4448 = CARTESIAN_POINT ( 'NONE',  ( 1.230625000000000302, 0.01574803149606299191, -0.3876171874999997380 ) ) ;
#4449 = CARTESIAN_POINT ( 'NONE',  ( 2.137648420393957860, -2.134256245050205639E-18, -0.5968572929066623400 ) ) ;
#4450 = ORIENTED_EDGE ( 'NONE', *, *, #3888, .F. ) ;
#4451 = CARTESIAN_POINT ( 'NONE',  ( 0.8658394635601807110, 0.000000000000000000, -0.5474913482188316083 ) ) ;
#4452 = AXIS2_PLACEMENT_3D ( 'NONE', #6277, #1274, #5670 ) ;
#4453 = CARTESIAN_POINT ( 'NONE',  ( 0.8733960098102337977, 0.01574803149606299191, -0.4999697168267204228 ) ) ;
#4454 = VERTEX_POINT ( 'NONE', #3894 ) ;
#4455 = B_SPLINE_CURVE_WITH_KNOTS ( 'NONE', 3,
 ( #5792, #4801, #262, #1300, #3323, #784, #4831, #6422, #6117, #87, #1193, #3216, #1218 ),
 .UNSPECIFIED., .F., .F.,
 ( 4, 1, 1, 1, 1, 1, 1, 1, 1, 1, 4 ),
 ( 0.000000000000000000, 0.1215645116595710507, 0.2283689929258627682, 0.3211621169582122848, 0.4000095803550534068, 0.5428846058991716461, 0.6865069983946390231, 0.7596709755093032923, 0.8349327050292348895, 0.9147700722197494860, 1.000000000000000000 ),
 .UNSPECIFIED. ) ;
#4456 = B_SPLINE_CURVE_WITH_KNOTS ( 'NONE', 3,
 ( #2146, #3680, #2106, #5621, #1195, #1621, #612, #6089, #2678, #583, #5128, #2038, #4069, #5684, #3588, #2582 ),
 .UNSPECIFIED., .F., .F.,
 ( 4, 2, 2, 2, 2, 2, 2, 4 ),
 ( 0.000000000000000000, 0.0002049271630696301849, 0.0004098543261392603699, 0.0006147814892088906361, 0.0008197086522785207397, 0.001024635815348150843, 0.001229562978417781272, 0.001639417304557040829 ),
 .UNSPECIFIED. ) ;
#4457 = CARTESIAN_POINT ( 'NONE',  ( 1.924111888021376338, 0.000000000000000000, -0.3820511914411235943 ) ) ;
#4458 = ORIENTED_EDGE ( 'NONE', *, *, #4096, .F. ) ;
#4459 = DIRECTION ( 'NONE',  ( -1.000000000000000000, 0.000000000000000000, 0.000000000000000000 ) ) ;
#4460 = CARTESIAN_POINT ( 'NONE',  ( 1.924151823385869209, 0.01574803149606299191, -0.3809555122524324600 ) ) ;
#4461 = CARTESIAN_POINT ( 'NONE',  ( 0.9717504559010277099, 0.01574803149606299538, -0.3520532129127780796 ) ) ;
#4462 = ORIENTED_EDGE ( 'NONE', *, *, #625, .F. ) ;
#4463 = CARTESIAN_POINT ( 'NONE',  ( 1.363291015624999769, 0.000000000000000000, -0.3518749999999997713 ) ) ;
#4464 = ORIENTED_EDGE ( 'NONE', *, *, #3334, .T. ) ;
#4465 = VERTEX_POINT ( 'NONE', #5547 ) ;
#4466 = EDGE_CURVE ( 'NONE', #1843, #4321, #1030, .T. ) ;
#4467 = DIRECTION ( 'NONE',  ( 0.000000000000000000, 1.000000000000000000, 0.000000000000000000 ) ) ;
#4468 = CARTESIAN_POINT ( 'NONE',  ( 1.053862781586015762, 0.01574803149606299538, -0.4897762784609190345 ) ) ;
#4469 = CARTESIAN_POINT ( 'NONE',  ( 1.576707554932737843, 0.000000000000000000, -0.3519674232326783225 ) ) ;
#4470 = CARTESIAN_POINT ( 'NONE',  ( 2.155625000000000124, 0.000000000000000000, -0.5661328124999995826 ) ) ;
#4471 = ORIENTED_EDGE ( 'NONE', *, *, #2440, .F. ) ;
#4472 = DIRECTION ( 'NONE',  ( -1.000000000000000000, 0.000000000000000000, 0.000000000000000000 ) ) ;
#4473 = CARTESIAN_POINT ( 'NONE',  ( 0.8284944906314977153, -2.134256245050205639E-18, -0.3519930346487145645 ) ) ;
#4474 = ADVANCED_FACE ( 'NONE', ( #4393 ), #6426, .F. ) ;
#4475 = B_SPLINE_CURVE_WITH_KNOTS ( 'NONE', 3,
 ( #4973, #5999, #3394, #1012, #2960, #2885, #1949, #4901, #436, #3497, #3942, #4007 ),
 .UNSPECIFIED., .F., .F.,
 ( 4, 2, 2, 2, 2, 4 ),
 ( 0.000000000000000000, 0.0002977444625879530917, 0.0005954889251759061834, 0.0008932333877638592209, 0.001042105619057835794, 0.001190977850351812367 ),
 .UNSPECIFIED. ) ;
#4476 = CARTESIAN_POINT ( 'NONE',  ( 1.039887947698196813, 0.000000000000000000, -0.3810312407221306819 ) ) ;
#4477 = CARTESIAN_POINT ( 'NONE',  ( 1.280480986326241188, -2.134256245050205639E-18, -0.5985482803997088652 ) ) ;
#4478 = ORIENTED_EDGE ( 'NONE', *, *, #2610, .F. ) ;
#4479 = EDGE_CURVE ( 'NONE', #4989, #4713, #1913, .T. ) ;
#4480 = CARTESIAN_POINT ( 'NONE',  ( 0.8492016439924796600, 0.01574803149606299191, -0.3653549926545152648 ) ) ;
#4481 = CARTESIAN_POINT ( 'NONE',  ( 1.455520130467351292, -2.134256245050205639E-18, -0.5953758084540667905 ) ) ;
#4482 = B_SPLINE_SURFACE_WITH_KNOTS ( 'NONE', 3, 1, ( 
 ( #5985, #354 ),
 ( #5416, #4993 ),
 ( #997, #1864 ),
 ( #419, #451 ),
 ( #5025, #3995 ),
 ( #1485, #4426 ),
 ( #5516, #2873 ),
 ( #6525, #2944 ),
 ( #4958, #4394 ),
 ( #845, #5949 ),
 ( #482, #3482 ),
 ( #1385, #3015 ),
 ( #3415, #1900 ),
 ( #2409, #6491 ),
 ( #5482, #2375 ) ),
 .UNSPECIFIED., .F., .F., .F.,
 ( 4, 1, 1, 1, 1, 1, 1, 1, 1, 1, 1, 1, 4 ),
 ( 2, 2 ),
 ( 0.000000000000000000, 0.07807961772694872737, 0.1508867204098373604, 0.2189559435194081138, 0.2826437596388515217, 0.3416327370472023728, 0.3982897811017766521, 0.4517634959710126186, 0.5037589776706630218, 0.6095217858084827078, 0.7242769757538611852, 0.8528314578312294891, 1.000000000000000000 ),
 ( 0.000000000000000000, 1.000000000000000000 ),
 .UNSPECIFIED. ) ;
#4483 = CARTESIAN_POINT ( 'NONE',  ( 1.484220876722022187, 2.134256245050205639E-18, -0.5950721946915216165 ) ) ;
#4484 = LINE ( 'NONE', #2891, #3241 ) ;
#4485 = CARTESIAN_POINT ( 'NONE',  ( 0.5895716821156069543, 0.01574803149606299191, -0.6002574358541910016 ) ) ;
#4486 = FACE_OUTER_BOUND ( 'NONE', #2574, .T. ) ;
#4487 = EDGE_LOOP ( 'NONE', ( #5509, #3460, #3142, #4234 ) ) ;
#4488 = CARTESIAN_POINT ( 'NONE',  ( 1.856943359373798952, 0.01574803149606299191, -0.5550000000030478331 ) ) ;
#4489 = CARTESIAN_POINT ( 'NONE',  ( 1.382773271371878332, 0.000000000000000000, -0.3599752496326636408 ) ) ;
#4490 = ORIENTED_EDGE ( 'NONE', *, *, #3595, .F. ) ;
#4491 = CARTESIAN_POINT ( 'NONE',  ( 0.7291058865463236893, 2.134256245050205639E-18, -0.5950933196900610733 ) ) ;
#4492 = CARTESIAN_POINT ( 'NONE',  ( 0.8603613281249998801, 0.000000000000000000, -0.3832226562499999045 ) ) ;
#4493 = ORIENTED_EDGE ( 'NONE', *, *, #3712, .F. ) ;
#4494 = LINE ( 'NONE', #1998, #104 ) ;
#4495 = FACE_OUTER_BOUND ( 'NONE', #2876, .T. ) ;
#4496 = CARTESIAN_POINT ( 'NONE',  ( 0.9009260746272670373, 0.01574803149606299538, -0.5549698730688653603 ) ) ;
#4497 = CARTESIAN_POINT ( 'NONE',  ( 1.389999999999999680, 0.01574803149606299191, -0.5518749999999997824 ) ) ;
#4498 = CARTESIAN_POINT ( 'NONE',  ( 1.216057590040853897, 0.000000000000000000, -0.3580154902424591001 ) ) ;
#4499 = ORIENTED_EDGE ( 'NONE', *, *, #6392, .F. ) ;
#4500 = PRESENTATION_LAYER_ASSIGNMENT (  '', '', ( #5243 ) ) ;
#4501 = ORIENTED_EDGE ( 'NONE', *, *, #3632, .T. ) ;
#4502 = EDGE_CURVE ( 'NONE', #2951, #5661, #6502, .T. ) ;
#4503 = CARTESIAN_POINT ( 'NONE',  ( 1.209945750060014813, 0.01574803149606299191, -0.3560773972325323999 ) ) ;
#4504 = CARTESIAN_POINT ( 'NONE',  ( 1.068541847062682404, 0.01574803149606299191, -0.4626515843591927912 ) ) ;
#4505 = CARTESIAN_POINT ( 'NONE',  ( 1.975900970845771321, 0.01574803149606298844, -0.4963608081877121658 ) ) ;
#4506 = AXIS2_PLACEMENT_3D ( 'NONE', #3827, #3794, #4320 ) ;
#4507 = EDGE_CURVE ( 'NONE', #1802, #421, #5066, .T. ) ;
#4508 = CARTESIAN_POINT ( 'NONE',  ( 1.549374999999999725, 0.000000000000000000, -0.5518749999999997824 ) ) ;
#4509 = CARTESIAN_POINT ( 'NONE',  ( 0.8029017911606948221, -2.134256245050205639E-18, -0.3962838404839729711 ) ) ;
#4510 = EDGE_CURVE ( 'NONE', #2187, #4744, #3940, .T. ) ;
#4511 = CARTESIAN_POINT ( 'NONE',  ( 0.8904394531249999467, 0.01574803149606299191, -0.5987499999999998934 ) ) ;
#4512 = CARTESIAN_POINT ( 'NONE',  ( 1.578916015624999947, 0.000000000000000000, -0.3518749999999997713 ) ) ;
#4513 = CARTESIAN_POINT ( 'NONE',  ( 1.260921996622274888, -2.134256245050205639E-18, -0.5882203109763203264 ) ) ;
#4514 = ORIENTED_EDGE ( 'NONE', *, *, #2778, .T. ) ;
#4515 = CARTESIAN_POINT ( 'NONE',  ( 1.988987170270583915, 0.000000000000000000, -0.4832296735174687052 ) ) ;
#4516 = CARTESIAN_POINT ( 'NONE',  ( 0.9735502389580072968, 1.067128122525102820E-17, -0.5986446091928511182 ) ) ;
#4517 = CARTESIAN_POINT ( 'NONE',  ( 1.725839843749999991, 0.000000000000000000, -0.3518749999999996603 ) ) ;
#4518 = CARTESIAN_POINT ( 'NONE',  ( 2.045664062500000213, 0.000000000000000000, -0.5987499999999995604 ) ) ;
#4519 = EDGE_CURVE ( 'NONE', #3335, #5931, #255, .T. ) ;
#4520 = CARTESIAN_POINT ( 'NONE',  ( 2.130915616304409177, -2.134256245050205639E-18, -0.5983008437803954971 ) ) ;
#4521 = CARTESIAN_POINT ( 'NONE',  ( 1.770556417318876363, 0.01574803149606298844, -0.5681925999963629570 ) ) ;
#4522 = DIRECTION ( 'NONE',  ( -0.000000000000000000, 1.000000000000000000, -0.000000000000000000 ) ) ;
#4523 = LINE ( 'NONE', #4645, #3085 ) ;
#4524 = FACE_BOUND ( 'NONE', #1462, .T. ) ;
#4525 = EDGE_CURVE ( 'NONE', #5315, #6079, #2519, .T. ) ;
#4526 = CARTESIAN_POINT ( 'NONE',  ( 1.578916015625000169, 0.01574803149606299538, -0.3518749999999998268 ) ) ;
#4527 = DIRECTION ( 'NONE',  ( 0.000000000000000000, 1.000000000000000000, 0.000000000000000000 ) ) ;
#4528 = CARTESIAN_POINT ( 'NONE',  ( 0.7024999999999997913, 0.000000000000000000, -0.3841015624999999378 ) ) ;
#4529 = CARTESIAN_POINT ( 'NONE',  ( 1.872048307966697189, 0.01574803149606298844, -0.3693790243630494241 ) ) ;
#4530 = CARTESIAN_POINT ( 'NONE',  ( 0.5879004069538051880, 0.01574803149606299191, -0.5996033248746593936 ) ) ;
#4531 = EDGE_LOOP ( 'NONE', ( #3408, #581, #3612, #3017 ) ) ;
#4532 = ORIENTED_EDGE ( 'NONE', *, *, #5331, .T. ) ;
#4533 = VERTEX_POINT ( 'NONE', #6093 ) ;
#4534 = B_SPLINE_SURFACE_WITH_KNOTS ( 'NONE', 3, 1, ( 
 ( #3869, #1940 ),
 ( #4405, #2383 ),
 ( #3903, #5992 ),
 ( #6022, #1909 ),
 ( #4503, #487 ),
 ( #1840, #2913 ),
 ( #3936, #2450 ),
 ( #2880, #5452 ),
 ( #4928, #5492 ),
 ( #6436, #5923 ),
 ( #1976, #1394 ),
 ( #3424, #2990 ),
 ( #5423, #5959 ),
 ( #3490, #892 ),
 ( #1426, #397 ),
 ( #1459, #5889 ),
 ( #4966, #2419 ),
 ( #4364, #428 ),
 ( #4435, #1492 ) ),
 .UNSPECIFIED., .F., .F., .F.,
 ( 4, 1, 1, 1, 1, 1, 1, 1, 1, 1, 1, 1, 1, 1, 1, 1, 4 ),
 ( 2, 2 ),
 ( 0.000000000000000000, 0.07695235991988012836, 0.1476668335218739025, 0.2145442071883567614, 0.2767944608348862356, 0.3354666826220438214, 0.3918254141742892327, 0.4445075289646444605, 0.4969855594874566518, 0.5489457425977137817, 0.6031696282814020815, 0.6595359753639226108, 0.7187470870059535777, 0.7827918201918750984, 0.8504222980545694810, 0.9221492683424541426, 1.000000000000000000 ),
 ( 0.000000000000000000, 1.000000000000000000 ),
 .UNSPECIFIED. ) ;
#4535 = FACE_OUTER_BOUND ( 'NONE', #5430, .T. ) ;
#4536 = CARTESIAN_POINT ( 'NONE',  ( 1.081015625000000036, 0.000000000000000000, -0.4612499999999997713 ) ) ;
#4537 = CARTESIAN_POINT ( 'NONE',  ( 1.070103905273345202, 0.000000000000000000, -0.5986923415339925336 ) ) ;
#4538 = B_SPLINE_SURFACE_WITH_KNOTS ( 'NONE', 3, 1, ( 
 ( #443, #3040 ),
 ( #410, #5938 ),
 ( #501, #5405 ),
 ( #2430, #5506 ),
 ( #3005, #984 ),
 ( #4907, #4981 ),
 ( #3439, #5538 ),
 ( #3982, #6483 ),
 ( #5468, #6007 ),
 ( #1473, #2397 ),
 ( #907, #1021 ),
 ( #2465, #1373 ),
 ( #471, #1888 ),
 ( #4548, #4449 ),
 ( #5017, #3917 ),
 ( #5436, #4520 ),
 ( #3950, #17 ),
 ( #5974, #2496 ),
 ( #1441, #6037 ) ),
 .UNSPECIFIED., .F., .F., .F.,
 ( 4, 1, 1, 1, 1, 1, 1, 1, 1, 1, 1, 1, 1, 1, 1, 1, 4 ),
 ( 2, 2 ),
 ( 0.000000000000000000, 0.07714614936310129623, 0.1499381227761915070, 0.2170897888682405130, 0.2805324283810447517, 0.3395091479172724913, 0.3961544186739956452, 0.4498685378729490592, 0.5025374121508991987, 0.5546030496780485208, 0.6080656527432225511, 0.6643004721548941838, 0.7229549316894937627, 0.7857435747050119934, 0.8518330876110555838, 0.9237987123834393577, 1.000000000000000000 ),
 ( 0.000000000000000000, 1.000000000000000000 ),
 .UNSPECIFIED. ) ;
#4539 = DIRECTION ( 'NONE',  ( -0.000000000000000000, 0.000000000000000000, 1.000000000000000000 ) ) ;
#4540 = CARTESIAN_POINT ( 'NONE',  ( 1.989414062500000080, 0.01574803149606299191, -0.3638378906249996048 ) ) ;
#4541 = CARTESIAN_POINT ( 'NONE',  ( 1.960401177559732089, 0.000000000000000000, -0.5275525584092636278 ) ) ;
#4542 = CARTESIAN_POINT ( 'NONE',  ( 1.766930223893971252, 2.134256245050205639E-18, -0.5588599714658907258 ) ) ;
#4543 = ORIENTED_EDGE ( 'NONE', *, *, #953, .F. ) ;
#4544 = CARTESIAN_POINT ( 'NONE',  ( 0.8793554687499999245, 0.01574803149606299191, -0.4145703124999999267 ) ) ;
#4545 = CARTESIAN_POINT ( 'NONE',  ( 0.9735502389580072968, 0.01574803149606299191, -0.5986446091928511182 ) ) ;
#4546 = VECTOR ( 'NONE', #5279, 39.37007874015748143 ) ;
#4547 = CARTESIAN_POINT ( 'NONE',  ( 2.019150390625000124, 2.134256245050205639E-18, -0.5161816406249996048 ) ) ;
#4548 = CARTESIAN_POINT ( 'NONE',  ( 2.137648420393957860, 0.01574803149606299538, -0.5968572929066623400 ) ) ;
#4549 = VECTOR ( 'NONE', #6394, 39.37007874015748143 ) ;
#4550 = VECTOR ( 'NONE', #1945, 39.37007874015748143 ) ;
#4551 = LINE ( 'NONE', #1540, #6350 ) ;
#4552 = CARTESIAN_POINT ( 'NONE',  ( 1.605624999999999858, -0.3384390870230564174, -0.5518749999999997824 ) ) ;
#4553 = CARTESIAN_POINT ( 'NONE',  ( 0.8277717181106558630, 0.01574803149606299191, -0.4740687061554765269 ) ) ;
#4554 = CARTESIAN_POINT ( 'NONE',  ( 1.002499999999999947, -0.1613455277634967266, -0.3841992187499999045 ) ) ;
#4555 = EDGE_CURVE ( 'NONE', #3172, #5123, #3461, .T. ) ;
#4556 = CARTESIAN_POINT ( 'NONE',  ( 1.576857083351977717, 0.01574803149606299538, -0.3519611655257009475 ) ) ;
#4557 = VERTEX_POINT ( 'NONE', #3970 ) ;
#4558 =( GEOMETRIC_REPRESENTATION_CONTEXT ( 3 ) GLOBAL_UNCERTAINTY_ASSIGNED_CONTEXT ( ( #3075 ) ) GLOBAL_UNIT_ASSIGNED_CONTEXT ( ( #6310, #4739, #5248 ) ) REPRESENTATION_CONTEXT ( 'NONE', 'WORKASPACE' ) );
#4559 = ORIENTED_EDGE ( 'NONE', *, *, #4714, .F. ) ;
#4560 = CARTESIAN_POINT ( 'NONE',  ( 1.980235860394018443, 0.000000000000000000, -0.3686997713500977936 ) ) ;
#4561 = CARTESIAN_POINT ( 'NONE',  ( 1.466576444768099119, 2.134256245050205639E-18, -0.5735471527621130994 ) ) ;
#4562 = EDGE_CURVE ( 'NONE', #4626, #2094, #4003, .T. ) ;
#4563 = CARTESIAN_POINT ( 'NONE',  ( 1.218684230502836252, 0.000000000000000000, -0.3593604115310506941 ) ) ;
#4564 = VECTOR ( 'NONE', #5400, 39.37007874015748143 ) ;
#4565 = EDGE_LOOP ( 'NONE', ( #4025, #4268, #6433, #1737, #1169, #5060, #4788, #1149, #5488, #3360, #3863, #5920, #1882, #1156, #6221, #5191, #2832 ) ) ;
#4566 = CARTESIAN_POINT ( 'NONE',  ( 1.451035150066392498, 0.01574803149606299191, -0.5532751565046322151 ) ) ;
#4567 = CARTESIAN_POINT ( 'NONE',  ( 1.081015625000000036, 0.01574803149606299191, -0.4612499999999997713 ) ) ;
#4568 = CARTESIAN_POINT ( 'NONE',  ( 1.984675558769587234, 0.01574803149606299885, -0.4899490940353063984 ) ) ;
#4569 = CARTESIAN_POINT ( 'NONE',  ( 1.970285399642933477, -2.134256245050205639E-18, -0.5692376456001100316 ) ) ;
#4570 = B_SPLINE_SURFACE_WITH_KNOTS ( 'NONE', 3, 1, ( 
 ( #1054, #4952 ),
 ( #1513, #3957 ),
 ( #5982, #4457 ),
 ( #414, #6078 ),
 ( #5442, #3543 ),
 ( #6521, #992 ),
 ( #3510, #1545 ),
 ( #1027, #3445 ),
 ( #2505, #1896 ) ),
 .UNSPECIFIED., .F., .F., .F.,
 ( 4, 1, 1, 1, 1, 1, 4 ),
 ( 2, 2 ),
 ( 0.000000000000000000, 0.2067319430304936645, 0.4164874890500552818, 0.5328523590769155271, 0.6696120259604950720, 0.8257535635120146766, 1.000000000000000000 ),
 ( 0.000000000000000000, 1.000000000000000000 ),
 .UNSPECIFIED. ) ;
#4571 = FACE_OUTER_BOUND ( 'NONE', #4944, .T. ) ;
#4572 = CARTESIAN_POINT ( 'NONE',  ( 1.696250000000000258, 0.01574803149606299191, -0.3768749999999996270 ) ) ;
#4573 = CARTESIAN_POINT ( 'NONE',  ( 2.015183924916535307, 0.01574803149606299191, -0.5281562112432516276 ) ) ;
#4574 = VERTEX_POINT ( 'NONE', #39 ) ;
#4575 = B_SPLINE_CURVE_WITH_KNOTS ( 'NONE', 3,
 ( #1486, #1518, #6207, #5517, #3694, #4213, #694, #1181, #2544, #5549, #31 ),
 .UNSPECIFIED., .F., .F.,
 ( 4, 1, 1, 1, 1, 1, 1, 1, 4 ),
 ( 0.000000000000000000, 0.1227376860746379750, 0.2373329876634479030, 0.3484010399655439461, 0.4613864666677265358, 0.5788606402899367787, 0.7039865331496772960, 0.8438802504399337545, 1.000000000000000000 ),
 .UNSPECIFIED. ) ;
#4576 = CARTESIAN_POINT ( 'NONE',  ( 0.9111949955307181437, 0.01574803149606299538, -0.4506826052550766404 ) ) ;
#4577 = CARTESIAN_POINT ( 'NONE',  ( 1.043751597191849179, 0.01574803149606298844, -0.5726454705592916028 ) ) ;
#4578 = CARTESIAN_POINT ( 'NONE',  ( 0.8031137021850512925, 0.000000000000000000, -0.5048465726402794340 ) ) ;
#4579 = CARTESIAN_POINT ( 'NONE',  ( 2.024967990344837432, 0.01574803149606298844, -0.5090912434260007613 ) ) ;
#4580 = CARTESIAN_POINT ( 'NONE',  ( 2.019762502639480761, 0.01574803149606299191, -0.5445401042851789608 ) ) ;
#4581 = ADVANCED_FACE ( 'NONE', ( #2957 ), #4970, .T. ) ;
#4582 = CARTESIAN_POINT ( 'NONE',  ( 0.8188634586325947984, 0.000000000000000000, -0.4810488752309269311 ) ) ;
#4583 = CARTESIAN_POINT ( 'NONE',  ( 0.7955577412040437668, 0.01574803149606299885, -0.3786425416107684905 ) ) ;
#4584 = CARTESIAN_POINT ( 'NONE',  ( 2.021672736891621636, -2.134256245050205639E-18, -0.5123038433817277415 ) ) ;
#4585 = CARTESIAN_POINT ( 'NONE',  ( 1.280588243424875650, 0.000000000000000000, -0.5521086004073505471 ) ) ;
#4586 = EDGE_CURVE ( 'NONE', #4690, #4420, #5037, .T. ) ;
#4587 = CARTESIAN_POINT ( 'NONE',  ( 1.389999999999999680, 0.000000000000000000, -0.5518749999999997824 ) ) ;
#4588 = EDGE_CURVE ( 'NONE', #4224, #3834, #973, .T. ) ;
#4589 = PLANE ( 'NONE',  #479 ) ;
#4590 = EDGE_LOOP ( 'NONE', ( #2700, #5765, #2453, #3009 ) ) ;
#4591 = UNCERTAINTY_MEASURE_WITH_UNIT (LENGTH_MEASURE( 1.000000000000000082E-05 ), #6354, 'distance_accuracy_value', 'NONE');
#4592 = CARTESIAN_POINT ( 'NONE',  ( 1.866123046875000080, 0.01574803149606299191, -0.3834667968749996825 ) ) ;
#4593 = CARTESIAN_POINT ( 'NONE',  ( 1.466454730355532199, 2.134256245050205639E-18, -0.5802879112056273936 ) ) ;
#4594 = CARTESIAN_POINT ( 'NONE',  ( 1.466660156249999902, -0.3384390870230564174, -0.5752148437499997602 ) ) ;
#4595 = ORIENTED_EDGE ( 'NONE', *, *, #1554, .F. ) ;
#4596 = CARTESIAN_POINT ( 'NONE',  ( 2.023994743052068834, -2.134256245050205639E-18, -0.4031026647394343465 ) ) ;
#4597 = EDGE_LOOP ( 'NONE', ( #2004, #3577, #3576, #3155 ) ) ;
#4598 = CARTESIAN_POINT ( 'NONE',  ( 0.8904394531249999467, -0.1613455277634967266, -0.5987499999999998934 ) ) ;
#4599 = DIRECTION ( 'NONE',  ( -0.000000000000000000, 0.000000000000000000, -1.000000000000000000 ) ) ;
#4600 = CARTESIAN_POINT ( 'NONE',  ( 1.746142900521395314, 0.01574803149606299191, -0.3624566418054093186 ) ) ;
#4601 = CARTESIAN_POINT ( 'NONE',  ( 0.8239424962874418723, 6.402768735150616918E-18, -0.4316475098899403839 ) ) ;
#4602 = CARTESIAN_POINT ( 'NONE',  ( 1.963552989649538949, 0.01574803149606299885, -0.5145143375552568843 ) ) ;
#4603 = DIRECTION ( 'NONE',  ( 0.000000000000000000, -1.000000000000000000, 0.000000000000000000 ) ) ;
#4604 = CARTESIAN_POINT ( 'NONE',  ( 1.962045412312306558, 0.000000000000000000, -0.5193731830336497657 ) ) ;
#4605 = DIRECTION ( 'NONE',  ( 0.000000000000000000, 1.000000000000000000, 0.000000000000000000 ) ) ;
#4606 = ORIENTED_EDGE ( 'NONE', *, *, #3429, .F. ) ;
#4607 = ORIENTED_EDGE ( 'NONE', *, *, #2241, .F. ) ;
#4608 = VECTOR ( 'NONE', #3503, 39.37007874015748143 ) ;
#4609 = CARTESIAN_POINT ( 'NONE',  ( 1.703964843750000124, 0.000000000000000000, -0.4032910156249995826 ) ) ;
#4610 = CARTESIAN_POINT ( 'NONE',  ( 0.6953778771506584633, 0.01574803149606299191, -0.3599085145677565212 ) ) ;
#4611 = CARTESIAN_POINT ( 'NONE',  ( 0.9695410156249998357, 0.01574803149606299191, -0.5987499999999998934 ) ) ;
#4612 = B_SPLINE_CURVE_WITH_KNOTS ( 'NONE', 3,
 ( #1387, #3417, #3600, #4636, #197, #5597, #5695, #5207, #1139, #101, #2222, #5172, #6200, #5105 ),
 .UNSPECIFIED., .F., .F.,
 ( 4, 2, 2, 2, 2, 2, 4 ),
 ( 0.000000000000000000, 0.0001340392256813059950, 0.0002680784513626119901, 0.0005361569027252436042, 0.0008042353540878750557, 0.0009382745797691938172, 0.001072313805450512579 ),
 .UNSPECIFIED. ) ;
#4613 = CARTESIAN_POINT ( 'NONE',  ( 0.8242773437499998357, -0.3384390870230564174, -0.3518749999999999378 ) ) ;
#4614 = CARTESIAN_POINT ( 'NONE',  ( 2.015262048961480090, 0.01574803149606299191, -0.5328989956346774637 ) ) ;
#4615 = CARTESIAN_POINT ( 'NONE',  ( 1.850647384704483533, 2.134256245050205639E-18, -0.5710787334946111349 ) ) ;
#4616 = CARTESIAN_POINT ( 'NONE',  ( 0.8405256309002030468, 0.000000000000000000, -0.5919277591688788531 ) ) ;
#4617 = CARTESIAN_POINT ( 'NONE',  ( 1.264383706977419086, 0.000000000000000000, -0.5585927161988896161 ) ) ;
#4618 = CARTESIAN_POINT ( 'NONE',  ( 1.439267578124999725, 0.01574803149606299191, -0.5518749999999997824 ) ) ;
#4619 = CARTESIAN_POINT ( 'NONE',  ( 0.9330481830605622529, 0.01574803149606299191, -0.4549684884317178879 ) ) ;
#4620 = CARTESIAN_POINT ( 'NONE',  ( 1.345667444776148747, 2.134256245050205639E-18, -0.3564675833465724697 ) ) ;
#4621 = CARTESIAN_POINT ( 'NONE',  ( 1.743890921394153137, 0.01574803149606298844, -0.3591128918247903368 ) ) ;
#4622 = CARTESIAN_POINT ( 'NONE',  ( 0.6462499999999998801, 0.000000000000000000, -0.4587109374999998601 ) ) ;
#4623 = CARTESIAN_POINT ( 'NONE',  ( 0.9910311782410919923, 0.01574803149606299538, -0.3560086964386237618 ) ) ;
#4624 = ORIENTED_EDGE ( 'NONE', *, *, #1604, .T. ) ;
#4625 = VERTEX_POINT ( 'NONE', #3088 ) ;
#4626 = VERTEX_POINT ( 'NONE', #4043 ) ;
#4627 = CARTESIAN_POINT ( 'NONE',  ( 1.382773271371878332, 0.01574803149606299191, -0.3599752496326636408 ) ) ;
#4628 = CARTESIAN_POINT ( 'NONE',  ( 1.708710896040090743, -2.134256245050205639E-18, -0.3562605157511133380 ) ) ;
#4629 = FACE_OUTER_BOUND ( 'NONE', #4024, .T. ) ;
#4630 = CARTESIAN_POINT ( 'NONE',  ( 0.8228258917275290685, 0.000000000000000000, -0.3519045578477230096 ) ) ;
#4631 = CARTESIAN_POINT ( 'NONE',  ( 1.072421875000000080, 0.000000000000000000, -0.5987499999999996714 ) ) ;
#4632 = CARTESIAN_POINT ( 'NONE',  ( 1.476604459275512760, 0.000000000000000000, -0.5622399354113948311 ) ) ;
#4633 = CARTESIAN_POINT ( 'NONE',  ( 1.968544188032768982, 0.01574803149606299191, -0.5050352964130460087 ) ) ;
#4634 = CARTESIAN_POINT ( 'NONE',  ( 1.812851562500000124, 0.000000000000000000, -0.6018749999999996048 ) ) ;
#4635 = ADVANCED_FACE ( 'NONE', ( #1528 ), #4820, .F. ) ;
#4636 = CARTESIAN_POINT ( 'NONE',  ( 1.718797813089502746, 0.01574803149606298844, -0.3524379497832493824 ) ) ;
#4637 = CARTESIAN_POINT ( 'NONE',  ( 1.338388023393087822, 0.01574803149606299538, -0.3639999860004407006 ) ) ;
#4638 = CARTESIAN_POINT ( 'NONE',  ( 0.9695410156249998357, 1.067128122525102820E-17, -0.5987499999999998934 ) ) ;
#4639 = ADVANCED_FACE ( 'NONE', ( #4108 ), #4663, .F. ) ;
#4640 = CARTESIAN_POINT ( 'NONE',  ( 2.046933543711924042, 2.134256245050205639E-18, -0.3550377125330753114 ) ) ;
#4641 = CARTESIAN_POINT ( 'NONE',  ( 2.042722525026210878, 1.707404996040164512E-17, -0.4608663748415390282 ) ) ;
#4642 = CARTESIAN_POINT ( 'NONE',  ( 1.812851562500000124, -0.3384390870230564174, -0.6018749999999996048 ) ) ;
#4643 = VECTOR ( 'NONE', #5222, 39.37007874015748143 ) ;
#4644 = CARTESIAN_POINT ( 'NONE',  ( 1.056664104428460371, 0.000000000000000000, -0.4712537067026700832 ) ) ;
#4645 = CARTESIAN_POINT ( 'NONE',  ( 1.072421875000000080, 0.01574803149606299191, -0.5987499999999996714 ) ) ;
#4646 = CARTESIAN_POINT ( 'NONE',  ( 0.8017384165716402444, 0.01574803149606299191, -0.5092612413338469812 ) ) ;
#4647 = CARTESIAN_POINT ( 'NONE',  ( 0.8904394531249999467, -0.3384390870230564174, -0.5987499999999998934 ) ) ;
#4648 = VECTOR ( 'NONE', #6294, 39.37007874015748143 ) ;
#4649 = VERTEX_POINT ( 'NONE', #1593 ) ;
#4650 = CARTESIAN_POINT ( 'NONE',  ( 1.898398437500000036, 0.01574803149606299191, -0.3518749999999996603 ) ) ;
#4651 = FACE_OUTER_BOUND ( 'NONE', #2883, .T. ) ;
#4652 = CARTESIAN_POINT ( 'NONE',  ( 1.230536905506808498, -2.134256245050205639E-18, -0.5713109094903326968 ) ) ;
#4653 = CARTESIAN_POINT ( 'NONE',  ( 0.7388883213590855537, 0.01574803149606299191, -0.6007130614994512507 ) ) ;
#4654 = VERTEX_POINT ( 'NONE', #5232 ) ;
#4655 = CARTESIAN_POINT ( 'NONE',  ( 2.010143915585068441, -2.134256245050205639E-18, -0.4137147344131337223 ) ) ;
#4656 = ORIENTED_EDGE ( 'NONE', *, *, #5672, .F. ) ;
#4657 = CARTESIAN_POINT ( 'NONE',  ( 0.7588410616037855050, 0.01574803149606299885, -0.6003205438679221073 ) ) ;
#4658 = FACE_OUTER_BOUND ( 'NONE', #3478, .T. ) ;
#4659 = CARTESIAN_POINT ( 'NONE',  ( 0.6738278708020277730, 0.01574803149606299885, -0.3519695349321501632 ) ) ;
#4660 = VECTOR ( 'NONE', #2793, 39.37007874015748143 ) ;
#4661 = CARTESIAN_POINT ( 'NONE',  ( 0.7985759086361555736, 0.000000000000000000, -0.3638676234600263792 ) ) ;
#4662 = CARTESIAN_POINT ( 'NONE',  ( 0.8438159775800561091, 0.000000000000000000, -0.5933618484374304503 ) ) ;
#4663 = PLANE ( 'NONE',  #1273 ) ;
#4664 = ADVANCED_FACE ( 'NONE', ( #6265 ), #5266, .T. ) ;
#4665 =( LENGTH_UNIT ( ) NAMED_UNIT ( * ) SI_UNIT ( $, .METRE. ) );
#4666 = ORIENTED_EDGE ( 'NONE', *, *, #2821, .T. ) ;
#4667 = DIRECTION ( 'NONE',  ( -0.000000000000000000, 0.000000000000000000, -1.000000000000000000 ) ) ;
#4668 = EDGE_CURVE ( 'NONE', #4443, #3834, #3624, .T. ) ;
#4669 = CARTESIAN_POINT ( 'NONE',  ( 1.230625000000000302, 0.000000000000000000, -0.3876171874999997380 ) ) ;
#4670 = CARTESIAN_POINT ( 'NONE',  ( 1.228127070309714686, 0.01574803149606298844, -0.3703970310810517086 ) ) ;
#4671 = CARTESIAN_POINT ( 'NONE',  ( 0.8002543360456625399, 0.000000000000000000, -0.5165785253627015461 ) ) ;
#4672 = ADVANCED_FACE ( 'NONE', ( #66, #2184 ), #1624, .F. ) ;
#4673 = CARTESIAN_POINT ( 'NONE',  ( 1.995251337231652045, 2.134256245050205639E-18, -0.3615000848468064576 ) ) ;
#4674 = CARTESIAN_POINT ( 'NONE',  ( 2.042809659202527772, 0.01574803149606299191, -0.5537008133252750985 ) ) ;
#4675 = CARTESIAN_POINT ( 'NONE',  ( 0.9695410156249998357, 0.000000000000000000, -0.5987499999999998934 ) ) ;
#4676 = ORIENTED_EDGE ( 'NONE', *, *, #825, .F. ) ;
#4677 = B_SPLINE_CURVE_WITH_KNOTS ( 'NONE', 3,
 ( #2304, #2770, #1740, #3766, #1288, #4790, #5324, #3347, #219, #3313, #353, #1251 ),
 .UNSPECIFIED., .F., .F.,
 ( 4, 2, 2, 2, 2, 4 ),
 ( 0.000000000000000000, 0.0002537772998346533144, 0.0005075545996693066287, 0.0007613318995039598889, 0.0008882205494212865732, 0.001015109199338613257 ),
 .UNSPECIFIED. ) ;
#4678 = FILL_AREA_STYLE ('',( #3298 ) ) ;
#4679 = CARTESIAN_POINT ( 'NONE',  ( 1.287558593749999813, 0.000000000000000000, -0.5518749999999997824 ) ) ;
#4680 = CARTESIAN_POINT ( 'NONE',  ( 1.960262267827123983, 0.01574803149606298844, -0.5413811635017476975 ) ) ;
#4681 = DIRECTION ( 'NONE',  ( -1.000000000000000000, 0.000000000000000000, 0.000000000000000000 ) ) ;
#4682 = ORIENTED_EDGE ( 'NONE', *, *, #3197, .F. ) ;
#4683 = ORIENTED_EDGE ( 'NONE', *, *, #3154, .F. ) ;
#4684 = CARTESIAN_POINT ( 'NONE',  ( 1.958669566567271314, 0.01574803149606299191, -0.3908094743637777202 ) ) ;
#4685 = CARTESIAN_POINT ( 'NONE',  ( 0.8567099224495503540, 0.000000000000000000, -0.5340985497155648076 ) ) ;
#4686 = CARTESIAN_POINT ( 'NONE',  ( 1.966932057260308842, 2.134256245050205639E-18, -0.4703184749271660525 ) ) ;
#4687 = B_SPLINE_CURVE_WITH_KNOTS ( 'NONE', 3,
 ( #6274, #2914, #4245, #202, #3425, #2162, #6306, #4929, #6205, #4178, #1207, #893 ),
 .UNSPECIFIED., .F., .F.,
 ( 4, 2, 2, 2, 2, 4 ),
 ( 0.000000000000000000, 0.0004350432537380896506, 0.0008700865074761793012, 0.001305129761214269060, 0.001522651388083313831, 0.001740173014952358602 ),
 .UNSPECIFIED. ) ;
#4688 = B_SPLINE_CURVE_WITH_KNOTS ( 'NONE', 3,
 ( #3152, #4630, #4165, #5589, #584, #6123, #6263, #3654, #2071, #4661, #1715, #5623, #3184, #154, #93 ),
 .UNSPECIFIED., .F., .F.,
 ( 4, 1, 1, 1, 1, 1, 1, 1, 1, 1, 1, 1, 4 ),
 ( 0.000000000000000000, 0.1082790189609886822, 0.2091857788858352274, 0.3076849768373471905, 0.4018444711997506413, 0.4916930486186840144, 0.5758012877228959603, 0.6574498964556152458, 0.7354814252773492766, 0.8101068467950751639, 0.8771409381626285029, 0.9402477247068741217, 1.000000000000000000 ),
 .UNSPECIFIED. ) ;
#4689 = CARTESIAN_POINT ( 'NONE',  ( 0.9778333326447751217, 0.01574803149606299191, -0.3519695332302805180 ) ) ;
#4690 = VERTEX_POINT ( 'NONE', #679 ) ;
#4691 = CARTESIAN_POINT ( 'NONE',  ( 1.578916015624999947, -0.3384390870230564174, -0.3518749999999997713 ) ) ;
#4692 = CARTESIAN_POINT ( 'NONE',  ( 1.439267578124999725, 0.000000000000000000, -0.5518749999999997824 ) ) ;
#4693 = CARTESIAN_POINT ( 'NONE',  ( 1.990244140625000213, 0.000000000000000000, -0.5876660156249995381 ) ) ;
#4694 = CARTESIAN_POINT ( 'NONE',  ( 1.682285156249999858, 0.01574803149606299538, -0.5752148437499997602 ) ) ;
#4695 = LINE ( 'NONE', #1313, #1890 ) ;
#4696 = DIRECTION ( 'NONE',  ( 0.000000000000000000, -0.000000000000000000, -1.000000000000000000 ) ) ;
#4697 = VERTEX_POINT ( 'NONE', #6161 ) ;
#4698 = CARTESIAN_POINT ( 'NONE',  ( 1.953840775794905227, 0.01574803149606299538, -0.4005367964225611255 ) ) ;
#4699 = CARTESIAN_POINT ( 'NONE',  ( 1.954947228605931508, 0.000000000000000000, -0.3979768764292308525 ) ) ;
#4700 = EDGE_CURVE ( 'NONE', #5649, #569, #6125, .T. ) ;
#4701 = CARTESIAN_POINT ( 'NONE',  ( 1.333894568870861219, 0.01574803149606299191, -0.3799159583051616718 ) ) ;
#4702 = DIRECTION ( 'NONE',  ( -0.3534645099361785614, 0.000000000000000000, -0.9354479355985437783 ) ) ;
#4703 = CARTESIAN_POINT ( 'NONE',  ( 1.780722656250000258, -0.3384390870230564174, -0.4549999999999996270 ) ) ;
#4704 = CARTESIAN_POINT ( 'NONE',  ( 2.023803285632109095, 0.01574803149606299191, -0.5101771327341791951 ) ) ;
#4705 = CARTESIAN_POINT ( 'NONE',  ( 2.017497027206465621, 1.707404996040164512E-17, -0.4540291119703209755 ) ) ;
#4706 = MECHANICAL_DESIGN_GEOMETRIC_PRESENTATION_REPRESENTATION (  '', ( #5243 ), #4814 ) ;
#4707 = DIRECTION ( 'NONE',  ( 0.000000000000000000, 1.000000000000000000, 0.000000000000000000 ) ) ;
#4708 = CARTESIAN_POINT ( 'NONE',  ( 1.960888419420641293, 0.01574803149606299191, -0.5461139639397929457 ) ) ;
#4709 = VECTOR ( 'NONE', #3310, 39.37007874015748143 ) ;
#4710 = ADVANCED_FACE ( 'NONE', ( #5201 ), #3820, .F. ) ;
#4711 = FACE_OUTER_BOUND ( 'NONE', #5953, .T. ) ;
#4712 = CARTESIAN_POINT ( 'NONE',  ( 2.012252848783427250, 0.01574803149606299191, -0.5961409972667588431 ) ) ;
#4713 = VERTEX_POINT ( 'NONE', #4232 ) ;
#4714 = EDGE_CURVE ( 'NONE', #1433, #3052, #1138, .T. ) ;
#4715 = CARTESIAN_POINT ( 'NONE',  ( 1.069024456916211063, 0.01574803149606299885, -0.5550844901678441135 ) ) ;
#4716 = CARTESIAN_POINT ( 'NONE',  ( 1.949985377181279622, 0.01574803149606299191, -0.4369925174068654550 ) ) ;
#4717 = EDGE_CURVE ( 'NONE', #5388, #5157, #5789, .T. ) ;
#4718 = CARTESIAN_POINT ( 'NONE',  ( 1.068710937500000124, 0.01574803149606299191, -0.3987499999999997158 ) ) ;
#4719 = EDGE_LOOP ( 'NONE', ( #3648, #2186, #1034 ) ) ;
#4720 = DIRECTION ( 'NONE',  ( 0.000000000000000000, 1.000000000000000000, 0.000000000000000000 ) ) ;
#4721 = CARTESIAN_POINT ( 'NONE',  ( 1.466576444768099119, 0.01574803149606299191, -0.5735471527621130994 ) ) ;
#4722 = CARTESIAN_POINT ( 'NONE',  ( 2.021314975229780764, -2.134256245050205639E-18, -0.5974377634669881809 ) ) ;
#4723 = DIRECTION ( 'NONE',  ( 1.530313099295517872E-15, 0.000000000000000000, 1.000000000000000000 ) ) ;
#4724 = ORIENTED_EDGE ( 'NONE', *, *, #1359, .T. ) ;
#4725 = CARTESIAN_POINT ( 'NONE',  ( 0.9736324210259678091, 0.01574803149606299191, -0.3519708810097439411 ) ) ;
#4726 = CARTESIAN_POINT ( 'NONE',  ( 1.068707731203448752, 0.000000000000000000, -0.5036064533224602346 ) ) ;
#4727 = ORIENTED_EDGE ( 'NONE', *, *, #340, .F. ) ;
#4728 = EDGE_LOOP ( 'NONE', ( #516, #5689, #2117, #2580 ) ) ;
#4729 = CARTESIAN_POINT ( 'NONE',  ( 1.230625000000000302, 2.134256245050205639E-18, -0.5661328124999996936 ) ) ;
#4730 = CARTESIAN_POINT ( 'NONE',  ( 1.984685984676995751, 0.000000000000000000, -0.3660941520776487268 ) ) ;
#4731 = LINE ( 'NONE', #1599, #1893 ) ;
#4732 = CARTESIAN_POINT ( 'NONE',  ( 0.8091341922323525004, -2.134256245050205639E-18, -0.5658634479770278114 ) ) ;
#4733 = DIRECTION ( 'NONE',  ( 0.000000000000000000, 1.000000000000000000, 0.000000000000000000 ) ) ;
#4734 = CARTESIAN_POINT ( 'NONE',  ( 0.8188634586325947984, 0.01574803149606299538, -0.4810488752309269311 ) ) ;
#4735 = CARTESIAN_POINT ( 'NONE',  ( 0.8567099224495503540, 0.000000000000000000, -0.5340985497155648076 ) ) ;
#4736 = CARTESIAN_POINT ( 'NONE',  ( 1.070103885656789711, 0.000000000000000000, -0.5550576459251815864 ) ) ;
#4737 = CARTESIAN_POINT ( 'NONE',  ( 0.8920236404088089932, -4.268512490100411279E-18, -0.4961837503033142971 ) ) ;
#4738 = CARTESIAN_POINT ( 'NONE',  ( 0.8475551213748566681, 0.01574803149606299538, -0.4572244600281226146 ) ) ;
#4739 =( NAMED_UNIT ( * ) PLANE_ANGLE_UNIT ( ) SI_UNIT ( $, .RADIAN. ) );
#4740 = CARTESIAN_POINT ( 'NONE',  ( 1.973416091810034745, 6.402768735150616918E-18, -0.5733913833826762563 ) ) ;
#4741 = CARTESIAN_POINT ( 'NONE',  ( 0.6335058593749998135, 2.134256245050205639E-18, -0.5724804687499998046 ) ) ;
#4742 = CARTESIAN_POINT ( 'NONE',  ( 0.8091341922323525004, 0.01574803149606299538, -0.5658634479770278114 ) ) ;
#4743 = EDGE_CURVE ( 'NONE', #2177, #4533, #5389, .T. ) ;
#4744 = VERTEX_POINT ( 'NONE', #224 ) ;
#4745 = CARTESIAN_POINT ( 'NONE',  ( 0.7951757812499999911, 0.01574803149606299538, -0.3738476562499999378 ) ) ;
#4746 = CARTESIAN_POINT ( 'NONE',  ( 1.549374999999999725, 0.01574803149606299191, -0.3840527343749997602 ) ) ;
#4747 = ADVANCED_FACE ( 'NONE', ( #1744 ), #4933, .F. ) ;
#4748 = DIRECTION ( 'NONE',  ( 0.000000000000000000, 0.000000000000000000, -1.000000000000000000 ) ) ;
#4749 = DIRECTION ( 'NONE',  ( -0.000000000000000000, 0.000000000000000000, -1.000000000000000000 ) ) ;
#4750 = CARTESIAN_POINT ( 'NONE',  ( 1.474199940668035724, 0.01574803149606299885, -0.5663612192562785808 ) ) ;
#4751 = VECTOR ( 'NONE', #6074, 39.37007874015748143 ) ;
#4752 = EDGE_LOOP ( 'NONE', ( #4607, #4501, #4188, #2405 ) ) ;
#4753 = VERTEX_POINT ( 'NONE', #1293 ) ;
#4754 = VECTOR ( 'NONE', #5042, 39.37007874015748143 ) ;
#4755 = CARTESIAN_POINT ( 'NONE',  ( 2.017336121140453464, 0.01574803149606299191, -0.4065570058869527048 ) ) ;
#4756 = CARTESIAN_POINT ( 'NONE',  ( 1.598398271371878510, 2.134256245050205639E-18, -0.3599752496326636408 ) ) ;
#4757 = DIRECTION ( 'NONE',  ( 0.3665245183824903386, 0.000000000000000000, 0.9304083928170915341 ) ) ;
#4758 = CARTESIAN_POINT ( 'NONE',  ( 1.680645833859509608, 0.01574803149606299191, -0.5849964332278518864 ) ) ;
#4759 = CARTESIAN_POINT ( 'NONE',  ( 2.018027890955033765, 0.01574803149606298844, -0.5422681470958181649 ) ) ;
#4760 = ORIENTED_EDGE ( 'NONE', *, *, #1350, .T. ) ;
#4761 = CARTESIAN_POINT ( 'NONE',  ( 1.072421875000000302, 0.01574803149606299191, -0.5549999999999998268 ) ) ;
#4762 = VECTOR ( 'NONE', #1625, 39.37007874015748143 ) ;
#4763 = CARTESIAN_POINT ( 'NONE',  ( 1.852418953462966922, 0.01574803149606298844, -0.5666502260667191093 ) ) ;
#4764 = CARTESIAN_POINT ( 'NONE',  ( 1.256748046875000080, 0.01574803149606299191, -0.5752148437499997602 ) ) ;
#4765 = CARTESIAN_POINT ( 'NONE',  ( 0.7742871101766195530, 0.01574803149606299538, -0.5776534977002536486 ) ) ;
#4766 = CARTESIAN_POINT ( 'NONE',  ( 1.605445111149788939, 2.134256245050205639E-18, -0.3768347480884960410 ) ) ;
#4767 = B_SPLINE_CURVE_WITH_KNOTS ( 'NONE', 3,
 ( #715, #3773, #228, #2254, #5788, #3837, #1360, #5392, #259, #2350 ),
 .UNSPECIFIED., .F., .F.,
 ( 4, 2, 2, 2, 4 ),
 ( 0.000000000000000000, 0.0001118041396617021951, 0.0002236082793234043901, 0.0004472165586468136592, 0.0008944331172936368594 ),
 .UNSPECIFIED. ) ;
#4768 = CARTESIAN_POINT ( 'NONE',  ( 1.671145130467351247, 2.134256245050205639E-18, -0.5953758084540667905 ) ) ;
#4769 = AXIS2_PLACEMENT_3D ( 'NONE', #2181, #6226, #710 ) ;
#4770 = CARTESIAN_POINT ( 'NONE',  ( 1.050500478635727264, 0.000000000000000000, -0.5612924088618113094 ) ) ;
#4771 = VERTEX_POINT ( 'NONE', #5329 ) ;
#4772 = CARTESIAN_POINT ( 'NONE',  ( 0.9842120465599347723, 2.134256245050205639E-18, -0.5968761565723069706 ) ) ;
#4773 = SURFACE_SIDE_STYLE ('',( #3785 ) ) ;
#4774 = DIRECTION ( 'NONE',  ( 1.000000000000000000, 0.000000000000000000, 0.000000000000000000 ) ) ;
#4775 = CARTESIAN_POINT ( 'NONE',  ( 0.6236561630064697548, 2.134256245050205639E-18, -0.5885014480388522928 ) ) ;
#4776 = CARTESIAN_POINT ( 'NONE',  ( 1.675425524509937647, 2.134256245050205639E-18, -0.5581541451412856958 ) ) ;
#4777 = EDGE_CURVE ( 'NONE', #1894, #1857, #173, .T. ) ;
#4778 = VERTEX_POINT ( 'NONE', #3997 ) ;
#4779 = LINE ( 'NONE', #5345, #831 ) ;
#4780 = LINE ( 'NONE', #1152, #4643 ) ;
#4781 = CARTESIAN_POINT ( 'NONE',  ( 1.924375000000000169, -0.3384390870230564174, -0.3765332031249996048 ) ) ;
#4782 = EDGE_CURVE ( 'NONE', #2116, #485, #1488, .T. ) ;
#4783 = EDGE_CURVE ( 'NONE', #5512, #5338, #4031, .T. ) ;
#4784 = B_SPLINE_CURVE_WITH_KNOTS ( 'NONE', 3,
 ( #1072, #4542, #557, #4075, #1011, #2012, #3059, #589, #2619, #525, #2557, #2588, #68, #2075, #4110, #1103, #4634 ),
 .UNSPECIFIED., .F., .F.,
 ( 4, 1, 1, 1, 1, 1, 1, 1, 1, 1, 1, 1, 1, 1, 4 ),
 ( 0.000000000000000000, 0.06929975423806633561, 0.1322403250632576688, 0.1898723248280550502, 0.2418044276444870633, 0.3431803646884943326, 0.4521475438824821280, 0.5097668833022869217, 0.5689518886958412347, 0.6314698917042703696, 0.6972629593788870483, 0.7665276126907074605, 0.8384719738071739759, 0.9162068398266973723, 1.000000000000000000 ),
 .UNSPECIFIED. ) ;
#4785 = CARTESIAN_POINT ( 'NONE',  ( 1.744114010024129025, 0.000000000000000000, -0.3597024594704464340 ) ) ;
#4786 = CARTESIAN_POINT ( 'NONE',  ( 0.8859203849865576741, 0.000000000000000000, -0.5542295489844871748 ) ) ;
#4787 = CARTESIAN_POINT ( 'NONE',  ( 0.7993749999999999467, 0.01574803149606299538, -0.5294628906249999600 ) ) ;
#4788 = ORIENTED_EDGE ( 'NONE', *, *, #4777, .T. ) ;
#4789 = CARTESIAN_POINT ( 'NONE',  ( 1.212713178276606296, -2.134256245050205639E-18, -0.5969747040623964995 ) ) ;
#4790 = CARTESIAN_POINT ( 'NONE',  ( 1.059117401464244823, 0.01574803149606298844, -0.4680504250011347511 ) ) ;
#4791 = LINE ( 'NONE', #188, #522 ) ;
#4792 = CARTESIAN_POINT ( 'NONE',  ( 1.995510565756418719, -2.134256245050205639E-18, -0.5906980407102901953 ) ) ;
#4793 = CARTESIAN_POINT ( 'NONE',  ( 0.7951757812499999911, 6.402768735150616918E-18, -0.3738476562499999378 ) ) ;
#4794 = CARTESIAN_POINT ( 'NONE',  ( 0.5866529289555078019, 0.01574803149606299538, -0.5495732762805691785 ) ) ;
#4795 = ORIENTED_EDGE ( 'NONE', *, *, #3809, .T. ) ;
#4796 = B_SPLINE_CURVE_WITH_KNOTS ( 'NONE', 3,
 ( #5059, #3016, #2546, #3582, #964, #2982, #6084, #887, #4530, #4924, #393, #4996 ),
 .UNSPECIFIED., .F., .F.,
 ( 4, 2, 2, 2, 2, 4 ),
 ( 0.000000000000000000, 0.0001233305363974893597, 0.0002466610727949787195, 0.0004933221455899600410, 0.0007399832183849413625, 0.0009866442911799226841 ),
 .UNSPECIFIED. ) ;
#4797 = EDGE_CURVE ( 'NONE', #3932, #5980, #5235, .T. ) ;
#4798 = LINE ( 'NONE', #4363, #4210 ) ;
#4799 = CARTESIAN_POINT ( 'NONE',  ( 2.031817383667614774, 0.000000000000000000, -0.3553999301121139043 ) ) ;
#4800 = CARTESIAN_POINT ( 'NONE',  ( 0.7993749999999999467, 0.000000000000000000, -0.5294628906249999600 ) ) ;
#4801 = CARTESIAN_POINT ( 'NONE',  ( 0.8592821136033946816, 0.000000000000000000, -0.3814843215526982356 ) ) ;
#4802 = EDGE_LOOP ( 'NONE', ( #5170, #1422, #3856, #4478 ) ) ;
#4803 = CARTESIAN_POINT ( 'NONE',  ( 1.962045412312306558, 2.134256245050205639E-18, -0.5193731830336497657 ) ) ;
#4804 = CARTESIAN_POINT ( 'NONE',  ( 2.005664393837968795, 1.707404996040164512E-17, -0.4317760733735334644 ) ) ;
#4805 = CARTESIAN_POINT ( 'NONE',  ( 0.8645868836782892863, -4.268512490100411279E-18, -0.5045809187365981607 ) ) ;
#4806 = CARTESIAN_POINT ( 'NONE',  ( 1.455826916081898625, 0.01574803149606299538, -0.5953142231538455231 ) ) ;
#4807 = CARTESIAN_POINT ( 'NONE',  ( 0.7970540585543750556, 1.067128122525102820E-17, -0.3663989850286845651 ) ) ;
#4808 = LINE ( 'NONE', #2198, #3514 ) ;
#4809 = CARTESIAN_POINT ( 'NONE',  ( 1.476546996622273955, 2.134256245050205639E-18, -0.5882203109763198823 ) ) ;
#4810 = DIRECTION ( 'NONE',  ( -0.3615575501799897506, 0.000000000000000000, 0.9323497937511672218 ) ) ;
#4811 = VECTOR ( 'NONE', #6043, 39.37007874015748143 ) ;
#4812 = CARTESIAN_POINT ( 'NONE',  ( 0.9350683593749998801, 1.067128122525102820E-17, -0.4549999999999999045 ) ) ;
#4813 = CARTESIAN_POINT ( 'NONE',  ( 1.068710937500000124, 0.01574803149606299191, -0.3549999999999997602 ) ) ;
#4814 =( GEOMETRIC_REPRESENTATION_CONTEXT ( 3 ) GLOBAL_UNCERTAINTY_ASSIGNED_CONTEXT ( ( #4591 ) ) GLOBAL_UNIT_ASSIGNED_CONTEXT ( ( #6354, #348, #5746 ) ) REPRESENTATION_CONTEXT ( 'NONE', 'WORKASPACE' ) );
#4815 = CARTESIAN_POINT ( 'NONE',  ( 0.7553493550680322466, 0.01574803149606299538, -0.6014153694601994671 ) ) ;
#4816 = CARTESIAN_POINT ( 'NONE',  ( 2.065390625000000036, -0.3384390870230564174, -0.5549999999999996048 ) ) ;
#4817 = CARTESIAN_POINT ( 'NONE',  ( 1.703964843750000124, -0.1613455277634967266, -0.4032910156249995826 ) ) ;
#4818 = CARTESIAN_POINT ( 'NONE',  ( 1.041354952032193193, 2.134256245050205639E-18, -0.3851523636866254763 ) ) ;
#4819 = ORIENTED_EDGE ( 'NONE', *, *, #1677, .T. ) ;
#4820 = B_SPLINE_SURFACE_WITH_KNOTS ( 'NONE', 3, 1, ( 
 ( #555, #2586 ),
 ( #459, #6377 ),
 ( #2482, #432 ),
 ( #934, #2454 ),
 ( #712, #4632 ),
 ( #5720, #3656 ),
 ( #5657, #4137 ),
 ( #95, #5754 ),
 ( #5131, #1198 ),
 ( #6195, #650 ),
 ( #3186, #1224 ) ),
 .UNSPECIFIED., .F., .F., .F.,
 ( 4, 1, 1, 1, 1, 1, 1, 1, 4 ),
 ( 2, 2 ),
 ( 0.000000000000000000, 0.1065231786078185555, 0.2098636730112660442, 0.3165417078732658540, 0.4305558932821839657, 0.5527832733586797165, 0.6846266747745634040, 0.8329156505530150856, 1.000000000000000000 ),
 ( 0.000000000000000000, 1.000000000000000000 ),
 .UNSPECIFIED. ) ;
#4821 = CARTESIAN_POINT ( 'NONE',  ( 2.032114261580322268, 0.01574803149606299191, -0.4007046185879961087 ) ) ;
#4822 = CARTESIAN_POINT ( 'NONE',  ( 1.462864442998390135, 0.000000000000000000, -0.5616756112620504560 ) ) ;
#4823 = DIRECTION ( 'NONE',  ( 0.000000000000000000, 1.000000000000000000, 0.000000000000000000 ) ) ;
#4824 = CARTESIAN_POINT ( 'NONE',  ( 1.848396371583112874, 0.01574803149606299191, -0.5766000778269342320 ) ) ;
#4825 = VERTEX_POINT ( 'NONE', #1423 ) ;
#4826 = CARTESIAN_POINT ( 'NONE',  ( 1.230625000000000302, 0.000000000000000000, -0.3876171874999997380 ) ) ;
#4827 = ORIENTED_EDGE ( 'NONE', *, *, #4187, .T. ) ;
#4828 = CARTESIAN_POINT ( 'NONE',  ( 1.840323965495518133, -2.134256245050205639E-18, -0.5901731642048090309 ) ) ;
#4829 = CARTESIAN_POINT ( 'NONE',  ( 0.7024999999999999023, 0.000000000000000000, -0.3841015624999999378 ) ) ;
#4830 = CARTESIAN_POINT ( 'NONE',  ( 0.6480439347055678700, 2.134256245050205639E-18, -0.3708097881172091603 ) ) ;
#4831 = CARTESIAN_POINT ( 'NONE',  ( 0.8450976294236856035, 0.000000000000000000, -0.3604371455215429343 ) ) ;
#4832 = ORIENTED_EDGE ( 'NONE', *, *, #5836, .T. ) ;
#4833 = EDGE_CURVE ( 'NONE', #4649, #2642, #4796, .T. ) ;
#4834 = CARTESIAN_POINT ( 'NONE',  ( 1.680645833859509608, 2.134256245050205639E-18, -0.5849964332278518864 ) ) ;
#4835 = CARTESIAN_POINT ( 'NONE',  ( 2.005625000000000657, 1.707404996040164512E-17, -0.4304882812499996603 ) ) ;
#4836 = VERTEX_POINT ( 'NONE', #3550 ) ;
#4837 = CARTESIAN_POINT ( 'NONE',  ( 1.216587779875847541, 2.134256245050205639E-18, -0.5954433579727881343 ) ) ;
#4838 = EDGE_CURVE ( 'NONE', #1416, #1443, #5988, .T. ) ;
#4839 = FACE_OUTER_BOUND ( 'NONE', #5092, .T. ) ;
#4840 = CARTESIAN_POINT ( 'NONE',  ( 1.072421875000000080, 0.000000000000000000, -0.5987499999999996714 ) ) ;
#4841 = CARTESIAN_POINT ( 'NONE',  ( 1.963362791932468765, 6.402768735150616918E-18, -0.5557631974315553336 ) ) ;
#4842 = CARTESIAN_POINT ( 'NONE',  ( 1.472373046875000036, 0.01574803149606299538, -0.5752148437499997602 ) ) ;
#4843 = B_SPLINE_CURVE_WITH_KNOTS ( 'NONE', 3,
 ( #4800, #3720, #1231, #261, #2285, #657, #4303, #4732, #717, #199, #2688, #230, #133, #1204, #1777 ),
 .UNSPECIFIED., .F., .F.,
 ( 4, 1, 1, 1, 1, 1, 1, 1, 1, 1, 1, 1, 4 ),
 ( 0.000000000000000000, 0.08293947326388062535, 0.1651537370272658789, 0.2461708292212455573, 0.3277621484632035065, 0.4090268737120910103, 0.4899296053807526974, 0.5710730363066121029, 0.6539317158633550786, 0.7382795581954945119, 0.8232788167527922418, 0.9101735721422040681, 1.000000000000000000 ),
 .UNSPECIFIED. ) ;
#4844 = CARTESIAN_POINT ( 'NONE',  ( 1.671502192982278867, 2.134256245050205639E-18, -0.5552573136534085796 ) ) ;
#4845 = ORIENTED_EDGE ( 'NONE', *, *, #5801, .F. ) ;
#4846 = CARTESIAN_POINT ( 'NONE',  ( 1.072421875000000302, 0.01574803149606299191, -0.5549999999999998268 ) ) ;
#4847 = LINE ( 'NONE', #1653, #5918 ) ;
#4848 = CARTESIAN_POINT ( 'NONE',  ( 0.9995306526280178794, 0.01574803149606299191, -0.5836642853274953691 ) ) ;
#4849 = DIRECTION ( 'NONE',  ( 0.000000000000000000, 1.000000000000000000, 0.000000000000000000 ) ) ;
#4850 = ORIENTED_EDGE ( 'NONE', *, *, #4155, .F. ) ;
#4851 = CARTESIAN_POINT ( 'NONE',  ( 2.005625000000000213, 0.000000000000000000, -0.4304882812499996048 ) ) ;
#4852 = CARTESIAN_POINT ( 'NONE',  ( 1.605562715287782938, 0.01574803149606299538, -0.3815535789347727080 ) ) ;
#4853 = CARTESIAN_POINT ( 'NONE',  ( 0.9490204169924073563, 0.01574803149606298497, -0.3674668247795573883 ) ) ;
#4854 = DIRECTION ( 'NONE',  ( 0.000000000000000000, 0.000000000000000000, -1.000000000000000000 ) ) ;
#4855 = CARTESIAN_POINT ( 'NONE',  ( 0.7952474416926696987, 6.402768735150616918E-18, -0.3747472364386192356 ) ) ;
#4856 = VERTEX_POINT ( 'NONE', #4463 ) ;
#4857 = VECTOR ( 'NONE', #1213, 39.37007874015748143 ) ;
#4858 = CARTESIAN_POINT ( 'NONE',  ( 2.065390625000000036, 0.000000000000000000, -0.5549999999999996048 ) ) ;
#4859 = AXIS2_PLACEMENT_3D ( 'NONE', #3621, #4599, #2070 ) ;
#4860 = ORIENTED_EDGE ( 'NONE', *, *, #4991, .F. ) ;
#4861 = VECTOR ( 'NONE', #4527, 39.37007874015748143 ) ;
#4862 = CARTESIAN_POINT ( 'NONE',  ( 1.848820844853678480, 0.01574803149606298844, -0.5755180061211363496 ) ) ;
#4863 = CARTESIAN_POINT ( 'NONE',  ( 1.269644425404156562, 0.01574803149606299191, -0.5956726425922560519 ) ) ;
#4864 = CARTESIAN_POINT ( 'NONE',  ( 0.6760351562499999911, 0.01574803149606299538, -0.3518749999999999933 ) ) ;
#4865 = ORIENTED_EDGE ( 'NONE', *, *, #1907, .F. ) ;
#4866 = EDGE_CURVE ( 'NONE', #5231, #4250, #1935, .T. ) ;
#4867 = CARTESIAN_POINT ( 'NONE',  ( 1.039735310651218825, 0.000000000000000000, -0.3781726084434772761 ) ) ;
#4868 = CARTESIAN_POINT ( 'NONE',  ( 1.002499999999999947, 0.01574803149606299191, -0.3841992187499999045 ) ) ;
#4869 = ORIENTED_EDGE ( 'NONE', *, *, #4833, .F. ) ;
#4870 = CLOSED_SHELL ( 'NONE', ( #1914, #1044, #4384, #2085, #4747, #500, #5353, #3952, #5469, #3188, #4230, #3777, #4986, #922, #2722, #766 ) ) ;
#4871 = EDGE_CURVE ( 'NONE', #2973, #392, #5040, .T. ) ;
#4872 = CARTESIAN_POINT ( 'NONE',  ( 1.466660156249999902, -2.134256245050205639E-18, -0.5752148437499997602 ) ) ;
#4873 = EDGE_CURVE ( 'NONE', #5427, #4066, #5582, .T. ) ;
#4874 = VECTOR ( 'NONE', #1353, 39.37007874015748143 ) ;
#4875 = CARTESIAN_POINT ( 'NONE',  ( 1.918761830729874385, 0.01574803149606299191, -0.3614071528684135171 ) ) ;
#4876 = CARTESIAN_POINT ( 'NONE',  ( 0.6007421874999998579, 0.01574803149606299538, -0.6018749999999998268 ) ) ;
#4877 = CARTESIAN_POINT ( 'NONE',  ( 1.696250000000000258, 2.134256245050205639E-18, -0.3768749999999996270 ) ) ;
#4878 = ORIENTED_EDGE ( 'NONE', *, *, #1475, .F. ) ;
#4879 = CARTESIAN_POINT ( 'NONE',  ( 1.767379700361457306, 0.01574803149606299191, -0.5600703832185103259 ) ) ;
#4880 = CARTESIAN_POINT ( 'NONE',  ( 0.9078710937500000799, 1.067128122525102820E-17, -0.4956249999999999267 ) ) ;
#4881 = CARTESIAN_POINT ( 'NONE',  ( 0.8491393011753896047, 0.000000000000000000, -0.5949943984073126080 ) ) ;
#4882 = ORIENTED_EDGE ( 'NONE', *, *, #3138, .F. ) ;
#4883 = DIRECTION ( 'NONE',  ( 0.000000000000000000, 1.000000000000000000, 0.000000000000000000 ) ) ;
#4884 = CARTESIAN_POINT ( 'NONE',  ( 1.068710937500000124, 0.000000000000000000, -0.3549999999999997602 ) ) ;
#4885 = ORIENTED_EDGE ( 'NONE', *, *, #5273, .T. ) ;
#4886 = CARTESIAN_POINT ( 'NONE',  ( 0.5866529289555078019, -2.134256245050205639E-18, -0.5495732762805691785 ) ) ;
#4887 = CARTESIAN_POINT ( 'NONE',  ( 0.9142535304472351187, 2.134256245050205639E-18, -0.4520311165661609620 ) ) ;
#4888 = CARTESIAN_POINT ( 'NONE',  ( 1.866123046875000080, 0.01574803149606298844, -0.3834667968749996825 ) ) ;
#4889 = CARTESIAN_POINT ( 'NONE',  ( 0.5775241918331265323, 0.000000000000000000, -0.5911377198029297286 ) ) ;
#4890 = CARTESIAN_POINT ( 'NONE',  ( 1.203192552697511353, 0.01574803149606298844, -0.5986730089356543383 ) ) ;
#4891 = ORIENTED_EDGE ( 'NONE', *, *, #5955, .F. ) ;
#4892 = CARTESIAN_POINT ( 'NONE',  ( 0.5764596016630501030, 0.01574803149606299538, -0.5663717020791755319 ) ) ;
#4893 = B_SPLINE_SURFACE_WITH_KNOTS ( 'NONE', 3, 1, ( 
 ( #6332, #5819 ),
 ( #1225, #747 ),
 ( #1258, #1656 ),
 ( #4266, #4726 ),
 ( #5691, #193 ),
 ( #4233, #1199 ),
 ( #1717, #3187 ),
 ( #1166, #5202 ),
 ( #651, #5233 ),
 ( #157, #2217 ),
 ( #5755, #2185 ) ),
 .UNSPECIFIED., .F., .F., .F.,
 ( 4, 1, 1, 1, 1, 1, 1, 1, 4 ),
 ( 2, 2 ),
 ( 0.000000000000000000, 0.1679453575621936423, 0.3155584307757229312, 0.4482935236561866321, 0.5692202052921829791, 0.6836563780294090398, 0.7900701577392251762, 0.8941789807032259896, 1.000000000000000000 ),
 ( 0.000000000000000000, 1.000000000000000000 ),
 .UNSPECIFIED. ) ;
#4894 = CARTESIAN_POINT ( 'NONE',  ( 1.725839843749999991, -0.3384390870230564174, -0.3518749999999996603 ) ) ;
#4895 = CARTESIAN_POINT ( 'NONE',  ( 0.6335058593749998135, -0.1613455277634967266, -0.5724804687499998046 ) ) ;
#4896 = CARTESIAN_POINT ( 'NONE',  ( 1.283905643602968105, 0.01574803149606299191, -0.5986458869008374206 ) ) ;
#4897 = CARTESIAN_POINT ( 'NONE',  ( 1.068710937500000124, 0.01574803149606299191, -0.3549999999999997602 ) ) ;
#4898 = ORIENTED_EDGE ( 'NONE', *, *, #2862, .T. ) ;
#4899 = B_SPLINE_SURFACE_WITH_KNOTS ( 'NONE', 3, 1, ( 
 ( #3066, #2087 ),
 ( #1048, #2625 ),
 ( #6138, #3691 ),
 ( #4149, #4641 ),
 ( #107, #5667 ),
 ( #5178, #4084 ),
 ( #629, #1178 ),
 ( #2661, #6204 ),
 ( #5212, #660 ),
 ( #2692, #4705 ),
 ( #169, #299 ),
 ( #3233, #788 ),
 ( #5242, #5370 ),
 ( #3751, #3327 ),
 ( #2823, #720 ),
 ( #1206, #5732 ),
 ( #5337, #2754 ),
 ( #2721, #4804 ),
 ( #5829, #4835 ) ),
 .UNSPECIFIED., .F., .F., .F.,
 ( 4, 1, 1, 1, 1, 1, 1, 1, 1, 1, 1, 1, 1, 1, 1, 1, 4 ),
 ( 2, 2 ),
 ( 0.000000000000000000, 0.09183913847204483449, 0.1778525536292185905, 0.2574935007200451764, 0.3317491140402000216, 0.4007444360547364193, 0.4647443527485421999, 0.5239537455968388269, 0.5790679491824932690, 0.6314869507513122260, 0.6816622914698200475, 0.7309861915179745040, 0.7811781916384308300, 0.8316636014171370217, 0.8850935888528141948, 0.9409461301618980977, 1.000000000000000000 ),
 ( 0.000000000000000000, 1.000000000000000000 ),
 .UNSPECIFIED. ) ;
#4900 = PLANE ( 'NONE',  #3570 ) ;
#4901 = CARTESIAN_POINT ( 'NONE',  ( 1.373059417589855169, 0.01574803149606298497, -0.3534329273038457342 ) ) ;
#4902 = ORIENTED_EDGE ( 'NONE', *, *, #5193, .F. ) ;
#4903 = DIRECTION ( 'NONE',  ( -1.000000000000000000, 0.000000000000000000, 0.000000000000000000 ) ) ;
#4904 = CARTESIAN_POINT ( 'NONE',  ( 0.9994604331931172814, 0.01574803149606299191, -0.5837190644029754960 ) ) ;
#4905 = CARTESIAN_POINT ( 'NONE',  ( 1.898398437500000036, 0.01574803149606299191, -0.3518749999999996603 ) ) ;
#4906 = CARTESIAN_POINT ( 'NONE',  ( 0.6007421874999998579, 0.01574803149606299885, -0.6018749999999998268 ) ) ;
#4907 = CARTESIAN_POINT ( 'NONE',  ( 2.153768999443915089, 0.01574803149606299538, -0.5808254009903582871 ) ) ;
#4908 = ORIENTED_EDGE ( 'NONE', *, *, #167, .F. ) ;
#4909 = CARTESIAN_POINT ( 'NONE',  ( 1.287558593749999813, 0.000000000000000000, -0.5518749999999997824 ) ) ;
#4910 = CARTESIAN_POINT ( 'NONE',  ( 2.052548828125000391, 0.01574803149606299191, -0.3987499999999996048 ) ) ;
#4911 = DIRECTION ( 'NONE',  ( 0.000000000000000000, 1.000000000000000000, 0.000000000000000000 ) ) ;
#4912 = VERTEX_POINT ( 'NONE', #1060 ) ;
#4913 = DIRECTION ( 'NONE',  ( 0.000000000000000000, 0.000000000000000000, -1.000000000000000000 ) ) ;
#4914 = CARTESIAN_POINT ( 'NONE',  ( 1.924104665991134722, 2.134256245050205639E-18, -0.3717885655813166768 ) ) ;
#4915 = ORIENTED_EDGE ( 'NONE', *, *, #3339, .F. ) ;
#4916 = VECTOR ( 'NONE', #5044, 39.37007874015748854 ) ;
#4917 = CARTESIAN_POINT ( 'NONE',  ( 0.8489899778967262556, -2.134256245050205639E-18, -0.3652418751803820918 ) ) ;
#4918 = CARTESIAN_POINT ( 'NONE',  ( 1.287558593750000036, 0.000000000000000000, -0.5987499999999998934 ) ) ;
#4919 = CARTESIAN_POINT ( 'NONE',  ( 1.869040423395333939, 0.01574803149606298844, -0.3760205424103839622 ) ) ;
#4920 = LINE ( 'NONE', #5447, #3093 ) ;
#4921 = CARTESIAN_POINT ( 'NONE',  ( 1.696263713831893671, 0.000000000000000000, -0.3775930127982798368 ) ) ;
#4922 = CARTESIAN_POINT ( 'NONE',  ( 1.220155659642059964, 0.01574803149606299538, -0.5938653313924223687 ) ) ;
#4923 = ORIENTED_EDGE ( 'NONE', *, *, #3812, .F. ) ;
#4924 = CARTESIAN_POINT ( 'NONE',  ( 0.5941342186755252941, 0.01574803149606299191, -0.6015197210704736897 ) ) ;
#4925 = UNCERTAINTY_MEASURE_WITH_UNIT (LENGTH_MEASURE( 1.000000000000000082E-05 ), #23, 'distance_accuracy_value', 'NONE');
#4926 = VERTEX_POINT ( 'NONE', #3647 ) ;
#4927 = CARTESIAN_POINT ( 'NONE',  ( 0.7955457866886145313, 0.01574803149606299538, -0.3705049396169325382 ) ) ;
#4928 = CARTESIAN_POINT ( 'NONE',  ( 1.221042666609635896, 0.01574803149606299191, -0.3609521127092621406 ) ) ;
#4929 = CARTESIAN_POINT ( 'NONE',  ( 0.8583977326466241120, 0.01574803149606300232, -0.5116593699306284382 ) ) ;
#4930 = CARTESIAN_POINT ( 'NONE',  ( 0.9462499999999999245, -0.3384390870230564174, -0.4549999999999999045 ) ) ;
#4931 = CARTESIAN_POINT ( 'NONE',  ( 1.866123046875000080, -0.3384390870230564174, -0.3834667968749996825 ) ) ;
#4932 = ORIENTED_EDGE ( 'NONE', *, *, #1830, .F. ) ;
#4933 = B_SPLINE_SURFACE_WITH_KNOTS ( 'NONE', 3, 1, ( 
 ( #1869, #3771 ),
 ( #2811, #3899 ),
 ( #322, #5786 ),
 ( #289, #1324 ),
 ( #2348, #2877 ),
 ( #4892, #5919 ),
 ( #1389, #1256 ),
 ( #746, #5818 ),
 ( #358, #2776 ),
 ( #4794, #254 ),
 ( #4297, #3802 ) ),
 .UNSPECIFIED., .F., .F., .F.,
 ( 4, 1, 1, 1, 1, 1, 1, 1, 4 ),
 ( 2, 2 ),
 ( 0.000000000000000000, 0.08978412105443853153, 0.1809130826548359661, 0.2746738747806830583, 0.3735171115832502386, 0.4888415467446948770, 0.6328400142305194986, 0.8019244975966316469, 1.000000000000000000 ),
 ( 0.000000000000000000, 1.000000000000000000 ),
 .UNSPECIFIED. ) ;
#4934 = CARTESIAN_POINT ( 'NONE',  ( 1.056194950828385881, 0.000000000000000000, -0.3972871012682618885 ) ) ;
#4935 = FACE_OUTER_BOUND ( 'NONE', #1584, .T. ) ;
#4936 = PLANE ( 'NONE',  #5491 ) ;
#4937 = B_SPLINE_SURFACE_WITH_KNOTS ( 'NONE', 3, 1, ( 
 ( #2256, #3230 ),
 ( #4272, #5239 ),
 ( #6299, #1299 ),
 ( #624, #1397 ),
 ( #3390, #430 ),
 ( #5426, #932 ),
 ( #2452, #2421 ),
 ( #2352, #5395 ),
 ( #6439, #2315 ),
 ( #5926, #1842 ),
 ( #1877, #2849 ) ),
 .UNSPECIFIED., .F., .F., .F.,
 ( 4, 1, 1, 1, 1, 1, 1, 1, 4 ),
 ( 2, 2 ),
 ( 0.000000000000000000, 0.1278136221579292409, 0.2513237818880932339, 0.3773041448128575115, 0.5090496017495779180, 0.6394157308705075149, 0.7612157869820057599, 0.8795601774231536218, 1.000000000000000000 ),
 ( 0.000000000000000000, 1.000000000000000000 ),
 .UNSPECIFIED. ) ;
#4938 = LINE ( 'NONE', #3734, #1706 ) ;
#4939 = CARTESIAN_POINT ( 'NONE',  ( 0.7599707031249997025, 0.000000000000000000, -0.5464062499999999822 ) ) ;
#4940 = CARTESIAN_POINT ( 'NONE',  ( 2.048328620934477318, 2.134256245050205639E-18, -0.4612091852758919974 ) ) ;
#4941 = CARTESIAN_POINT ( 'NONE',  ( 2.099375000000000213, 0.01574803149606299191, -0.5549999999999996048 ) ) ;
#4942 = CARTESIAN_POINT ( 'NONE',  ( 0.5733992839026809119, 0.01574803149606299191, -0.5806476161026022931 ) ) ;
#4943 = CARTESIAN_POINT ( 'NONE',  ( 1.723727356564559665, 0.01574803149606299191, -0.3519476063188267667 ) ) ;
#4944 = EDGE_LOOP ( 'NONE', ( #965, #431, #6501, #2815 ) ) ;
#4945 = CARTESIAN_POINT ( 'NONE',  ( 1.775186476995679552, 0.01574803149606298844, -0.5788735546610439542 ) ) ;
#4946 = CARTESIAN_POINT ( 'NONE',  ( 0.8586624512723852742, 0.01574803149606299191, -0.5112501439127175029 ) ) ;
#4947 = ORIENTED_EDGE ( 'NONE', *, *, #4099, .T. ) ;
#4948 = CARTESIAN_POINT ( 'NONE',  ( 0.7150130397433587248, 0.000000000000000000, -0.5749507299450165032 ) ) ;
#4949 =( CONVERSION_BASED_UNIT ( 'INCH', #952 ) LENGTH_UNIT ( ) NAMED_UNIT ( #985 ) );
#4950 = EDGE_CURVE ( 'NONE', #5954, #144, #6115, .T. ) ;
#4951 = B_SPLINE_SURFACE_WITH_KNOTS ( 'NONE', 3, 1, ( 
 ( #274, #343 ),
 ( #4382, #4349 ),
 ( #3884, #2298 ),
 ( #5347, #6452 ),
 ( #5408, #5317 ),
 ( #873, #379 ),
 ( #243, #6318 ),
 ( #3485, #1866 ),
 ( #883, #1421 ),
 ( #2981, #4921 ),
 ( #847, #4995 ) ),
 .UNSPECIFIED., .F., .F., .F.,
 ( 4, 1, 1, 1, 1, 1, 1, 1, 4 ),
 ( 2, 2 ),
 ( 0.000000000000000000, 0.1750997094116825137, 0.3338257146274419274, 0.4795767337879123793, 0.6108295247261493754, 0.7282255898359348834, 0.8328112634893488631, 0.9222244178061379527, 1.000000000000000000 ),
 ( 0.000000000000000000, 1.000000000000000000 ),
 .UNSPECIFIED. ) ;
#4952 = CARTESIAN_POINT ( 'NONE',  ( 1.924375000000000169, 0.000000000000000000, -0.3765332031249996048 ) ) ;
#4953 = ORIENTED_EDGE ( 'NONE', *, *, #4525, .F. ) ;
#4954 = ORIENTED_EDGE ( 'NONE', *, *, #6181, .T. ) ;
#4955 = CARTESIAN_POINT ( 'NONE',  ( 1.225471830669116136, 2.134256245050205639E-18, -0.5880351776275288822 ) ) ;
#4956 = EDGE_CURVE ( 'NONE', #2322, #4389, #670, .T. ) ;
#4957 = CARTESIAN_POINT ( 'NONE',  ( 1.917246093750000213, 0.01574803149606299191, -0.4019238281249996603 ) ) ;
#4958 = CARTESIAN_POINT ( 'NONE',  ( 2.145973948338901760, 0.01574803149606299191, -0.3610398694814447307 ) ) ;
#4959 = CARTESIAN_POINT ( 'NONE',  ( 1.658307869844901639, 0.01574803149606299538, -0.5519736329293648547 ) ) ;
#4960 = ORIENTED_EDGE ( 'NONE', *, *, #6223, .F. ) ;
#4961 = EDGE_CURVE ( 'NONE', #1255, #3328, #4403, .T. ) ;
#4962 = CARTESIAN_POINT ( 'NONE',  ( 1.209945750060014813, 0.000000000000000000, -0.3560773972325323999 ) ) ;
#4963 = VERTEX_POINT ( 'NONE', #5121 ) ;
#4964 = CARTESIAN_POINT ( 'NONE',  ( 1.841806640624999991, 0.01574803149606299191, -0.4549999999999996270 ) ) ;
#4965 = VECTOR ( 'NONE', #2798, 39.37007874015748143 ) ;
#4966 = CARTESIAN_POINT ( 'NONE',  ( 1.230604650143815704, 0.01574803149606299191, -0.3836191939354864910 ) ) ;
#4967 = CARTESIAN_POINT ( 'NONE',  ( 1.503183593749999769, 0.000000000000000000, -0.5987499999999996714 ) ) ;
#4968 = CARTESIAN_POINT ( 'NONE',  ( 0.6760351562499997691, 0.000000000000000000, -0.3518749999999999378 ) ) ;
#4969 = ORIENTED_EDGE ( 'NONE', *, *, #89, .T. ) ;
#4970 = PLANE ( 'NONE',  #2971 ) ;
#4971 = CARTESIAN_POINT ( 'NONE',  ( 0.8061553213852260535, -2.134256245050205639E-18, -0.4028098203996691162 ) ) ;
#4972 = LINE ( 'NONE', #3431, #3247 ) ;
#4973 = CARTESIAN_POINT ( 'NONE',  ( 1.389999999999999680, 0.01574803149606299191, -0.3840527343749997602 ) ) ;
#4974 = VECTOR ( 'NONE', #2374, 39.37007874015748143 ) ;
#4975 = EDGE_LOOP ( 'NONE', ( #3512, #3770, #1456, #127 ) ) ;
#4976 = CARTESIAN_POINT ( 'NONE',  ( 0.9289423303258346198, 0.01574803149606300232, -0.4549044435966796973 ) ) ;
#4977 = CARTESIAN_POINT ( 'NONE',  ( 0.9945309130506972961, 1.067128122525102820E-17, -0.5909441995387920699 ) ) ;
#4978 = CARTESIAN_POINT ( 'NONE',  ( 1.924186336903338068, 0.01574803149606298844, -0.3732474195798526906 ) ) ;
#4979 = CARTESIAN_POINT ( 'NONE',  ( 2.042766530776417788, 0.01574803149606299191, -0.5987218601819948027 ) ) ;
#4980 = FACE_OUTER_BOUND ( 'NONE', #2947, .T. ) ;
#4981 = CARTESIAN_POINT ( 'NONE',  ( 2.153768999443915089, -2.134256245050205639E-18, -0.5808254009903582871 ) ) ;
#4982 = ORIENTED_EDGE ( 'NONE', *, *, #2639, .F. ) ;
#4983 = VECTOR ( 'NONE', #1541, 39.37007874015748143 ) ;
#4984 = CARTESIAN_POINT ( 'NONE',  ( 0.8556775332968359349, 0.01574803149606299191, -0.5238739714357116828 ) ) ;
#4985 = ORIENTED_EDGE ( 'NONE', *, *, #108, .T. ) ;
#4986 = ADVANCED_FACE ( 'NONE', ( #6186 ), #5089, .F. ) ;
#4987 = PLANE ( 'NONE',  #3353 ) ;
#4988 = ORIENTED_EDGE ( 'NONE', *, *, #5668, .F. ) ;
#4989 = VERTEX_POINT ( 'NONE', #5648 ) ;
#4990 = EDGE_CURVE ( 'NONE', #2415, #2951, #3176, .T. ) ;
#4991 = EDGE_CURVE ( 'NONE', #6421, #4066, #5272, .T. ) ;
#4992 = CARTESIAN_POINT ( 'NONE',  ( 0.6463180038163922614, 0.01574803149606299885, -0.3820159032486015183 ) ) ;
#4993 = CARTESIAN_POINT ( 'NONE',  ( 2.124538142416017905, 2.134256245050205639E-18, -0.3550359142965932024 ) ) ;
#4994 = DIRECTION ( 'NONE',  ( 0.000000000000000000, 1.000000000000000000, 0.000000000000000000 ) ) ;
#4995 = CARTESIAN_POINT ( 'NONE',  ( 1.696250000000000258, 0.000000000000000000, -0.3768749999999996270 ) ) ;
#4996 = CARTESIAN_POINT ( 'NONE',  ( 0.6007421874999998579, 0.01574803149606299538, -0.6018749999999998268 ) ) ;
#4997 = ORIENTED_EDGE ( 'NONE', *, *, #6169, .T. ) ;
#4998 = B_SPLINE_SURFACE_WITH_KNOTS ( 'NONE', 3, 1, ( 
 ( #5735, #1272 ),
 ( #4307, #723 ),
 ( #6343, #2826 ),
 ( #3205, #172 ),
 ( #3296, #2325 ),
 ( #6238, #791 ),
 ( #5309, #1208 ),
 ( #2292, #1757 ),
 ( #2229, #1699 ),
 ( #2757, #2791 ),
 ( #5247, #693 ) ),
 .UNSPECIFIED., .F., .F., .F.,
 ( 4, 1, 1, 1, 1, 1, 1, 1, 4 ),
 ( 2, 2 ),
 ( 0.000000000000000000, 0.1039814594847949109, 0.2059052063093088913, 0.3117064449956811201, 0.4265769830057573597, 0.5490334137315845409, 0.6827944809178818630, 0.8313725970869145776, 0.9999999999999998890 ),
 ( 0.000000000000000000, 1.000000000000000000 ),
 .UNSPECIFIED. ) ;
#4999 = VERTEX_POINT ( 'NONE', #149 ) ;
#5000 = CARTESIAN_POINT ( 'NONE',  ( 1.924375000000000169, 0.01574803149606299191, -0.3765332031249996048 ) ) ;
#5001 = CARTESIAN_POINT ( 'NONE',  ( 1.053103175425400106, 0.01574803149606298844, -0.4865857739679652627 ) ) ;
#5002 = B_SPLINE_CURVE_WITH_KNOTS ( 'NONE', 3,
 ( #3993, #6013, #2408, #5445, #1899, #5948, #2977, #1932, #919, #1863, #5056, #1516, #4992, #3547 ),
 .UNSPECIFIED., .F., .F.,
 ( 4, 2, 2, 2, 2, 2, 4 ),
 ( 0.000000000000000000, 0.0001557234495884729768, 0.0003114468991769459537, 0.0006228937983538901726, 0.0009343406975308342832, 0.001090064147119305417, 0.001245787596707776442 ),
 .UNSPECIFIED. ) ;
#5003 = CARTESIAN_POINT ( 'NONE',  ( 1.549617683923966149, 0.000000000000000000, -0.3771084382536133983 ) ) ;
#5004 = CARTESIAN_POINT ( 'NONE',  ( 1.045150328128848338, 0.000000000000000000, -0.5852773747016561945 ) ) ;
#5005 = DIRECTION ( 'NONE',  ( 0.000000000000000000, 1.000000000000000000, 0.000000000000000000 ) ) ;
#5006 = CARTESIAN_POINT ( 'NONE',  ( 0.8257133449976300499, 0.01574803149606299191, -0.3519151925537765124 ) ) ;
#5007 = CARTESIAN_POINT ( 'NONE',  ( 1.973390406862987501, 0.01574803149606299191, -0.4988687646050186664 ) ) ;
#5008 = CARTESIAN_POINT ( 'NONE',  ( 1.287558593749999813, -0.3384390870230564174, -0.5987499999999996714 ) ) ;
#5009 = CARTESIAN_POINT ( 'NONE',  ( 1.264231652782878523, -2.134256245050205639E-18, -0.5919417975870766568 ) ) ;
#5010 = ORIENTED_EDGE ( 'NONE', *, *, #177, .T. ) ;
#5011 = CARTESIAN_POINT ( 'NONE',  ( 1.952147362764287353, 0.000000000000000000, -0.4467635451590317164 ) ) ;
#5013 = EDGE_CURVE ( 'NONE', #5980, #2911, #6152, .T. ) ;
#5012 = CARTESIAN_POINT ( 'NONE',  ( 0.7742871101766195530, 0.000000000000000000, -0.5776534977002536486 ) ) ;
#5014 = CARTESIAN_POINT ( 'NONE',  ( 1.753809861564878281, 2.134256245050205639E-18, -0.3778433458443091753 ) ) ;
#5015 = CARTESIAN_POINT ( 'NONE',  ( 1.867140711199825942, 2.134256245050205639E-18, -0.3808693304631747267 ) ) ;
#5016 = CARTESIAN_POINT ( 'NONE',  ( 0.5735993543846076292, -2.134256245050205639E-18, -0.5833514600043263609 ) ) ;
#5017 = CARTESIAN_POINT ( 'NONE',  ( 2.134439080147174206, 0.01574803149606299538, -0.5977548188707539900 ) ) ;
#5018 = CARTESIAN_POINT ( 'NONE',  ( 1.264383706977419086, 2.134256245050205639E-18, -0.5585927161988896161 ) ) ;
#5019 = LINE ( 'NONE', #4552, #6146 ) ;
#5020 = CARTESIAN_POINT ( 'NONE',  ( 1.043515625000000169, -0.3384390870230564174, -0.5769726562499998268 ) ) ;
#5021 =( NAMED_UNIT ( * ) PLANE_ANGLE_UNIT ( ) SI_UNIT ( $, .RADIAN. ) );
#5022 = DIRECTION ( 'NONE',  ( 1.000000000000000000, 0.000000000000000000, 0.000000000000000000 ) ) ;
#5023 = ADVANCED_BREP_SHAPE_REPRESENTATION ( 'Eggfinder LCD Case V2 Battery Door Text Inlay', ( #5111, #5167, #2985, #5203, #5151, #805, #819, #1190 ), #4037 ) ;
#5024 = LINE ( 'NONE', #480, #4861 ) ;
#5025 = CARTESIAN_POINT ( 'NONE',  ( 2.134660029826765726, 0.01574803149606299191, -0.3560627527494849009 ) ) ;
#5026 = DIRECTION ( 'NONE',  ( -1.000000000000000000, 0.000000000000000000, 0.000000000000000000 ) ) ;
#5027 = CARTESIAN_POINT ( 'NONE',  ( 1.203746463890863483, -2.134256245050205639E-18, -0.5986846865552737373 ) ) ;
#5028 = CARTESIAN_POINT ( 'NONE',  ( 1.226464966626936492, 0.000000000000000000, -0.3673481227353583289 ) ) ;
#5029 = ORIENTED_EDGE ( 'NONE', *, *, #5253, .F. ) ;
#5030 = ORIENTED_EDGE ( 'NONE', *, *, #1445, .F. ) ;
#5031 = VERTEX_POINT ( 'NONE', #1191 ) ;
#5032 = CARTESIAN_POINT ( 'NONE',  ( 0.8226058873912555081, 0.01574803149606299191, -0.3519090380885917524 ) ) ;
#5033 = LINE ( 'NONE', #4895, #1083 ) ;
#5034 = CARTESIAN_POINT ( 'NONE',  ( 1.074485286649408122, 0.000000000000000000, -0.4614916039958376626 ) ) ;
#5035 = CARTESIAN_POINT ( 'NONE',  ( 1.333749999999999769, 0.01574803149606299191, -0.3840527343749997602 ) ) ;
#5036 = VECTOR ( 'NONE', #4139, 39.37007874015748143 ) ;
#5037 = LINE ( 'NONE', #2042, #1695 ) ;
#5038 = CARTESIAN_POINT ( 'NONE',  ( 1.989414062500000080, 0.01574803149606299191, -0.3638378906249996048 ) ) ;
#5039 = CARTESIAN_POINT ( 'NONE',  ( 1.488943192074775101, 0.01574803149606299885, -0.5536048129846545818 ) ) ;
#5040 = B_SPLINE_CURVE_WITH_KNOTS ( 'NONE', 3,
 ( #454, #2446, #3963, #32, #1454, #1032, #3051, #607, #1646, #2636 ),
 .UNSPECIFIED., .F., .F.,
 ( 4, 2, 2, 2, 4 ),
 ( 0.000000000000000000, 0.0001661118124692588180, 0.0003322236249385176359, 0.0006644472498770364645, 0.001328894499754063822 ),
 .UNSPECIFIED. ) ;
#5041 = EDGE_CURVE ( 'NONE', #2911, #248, #3214, .T. ) ;
#5042 = DIRECTION ( 'NONE',  ( 0.000000000000000000, 0.000000000000000000, -1.000000000000000000 ) ) ;
#5043 = CARTESIAN_POINT ( 'NONE',  ( 1.065772183231178394, 0.01574803149606298844, -0.5551653707491407408 ) ) ;
#5044 = DIRECTION ( 'NONE',  ( -0.5445166897351185753, 0.000000000000000000, 0.8387500072130601447 ) ) ;
#5045 = CARTESIAN_POINT ( 'NONE',  ( 1.731770905346303735, 0.000000000000000000, -0.3523353081848260016 ) ) ;
#5046 = CARTESIAN_POINT ( 'NONE',  ( 1.713915660019883269, 2.134256245050205639E-18, -0.3537590362595984250 ) ) ;
#5047 = EDGE_CURVE ( 'NONE', #1995, #4224, #184, .T. ) ;
#5048 = CARTESIAN_POINT ( 'NONE',  ( 1.068710937500000124, 0.000000000000000000, -0.3549999999999997602 ) ) ;
#5049 = CARTESIAN_POINT ( 'NONE',  ( 0.8389257812499998357, 0.000000000000000000, -0.5912304687499998490 ) ) ;
#5050 = CARTESIAN_POINT ( 'NONE',  ( 1.256841250253841080, 0.01574803149606299191, -0.5736734020095922704 ) ) ;
#5051 = DIRECTION ( 'NONE',  ( 1.000000000000000000, 0.000000000000000000, 0.000000000000000000 ) ) ;
#5052 = CARTESIAN_POINT ( 'NONE',  ( 1.654892578124999680, 0.01574803149606299191, -0.5518749999999997824 ) ) ;
#5053 = ORIENTED_EDGE ( 'NONE', *, *, #1531, .T. ) ;
#5054 = ORIENTED_EDGE ( 'NONE', *, *, #994, .T. ) ;
#5055 = CARTESIAN_POINT ( 'NONE',  ( 1.788490774745094658, 0.01574803149606299538, -0.5949189038679593144 ) ) ;
#5056 = CARTESIAN_POINT ( 'NONE',  ( 0.6468738178782451609, 0.01574803149606299885, -0.3757844498021702950 ) ) ;
#5057 = CARTESIAN_POINT ( 'NONE',  ( 1.992562480839653594, 2.134256245050205639E-18, -0.4843872875038426340 ) ) ;
#5058 = CARTESIAN_POINT ( 'NONE',  ( 1.230625000000000302, 0.000000000000000000, -0.5661328124999996936 ) ) ;
#5059 = CARTESIAN_POINT ( 'NONE',  ( 0.5733007812499998357, 0.01574803149606299538, -0.5793164062499999156 ) ) ;
#5060 = ORIENTED_EDGE ( 'NONE', *, *, #1482, .T. ) ;
#5061 = VECTOR ( 'NONE', #3761, 39.37007874015748143 ) ;
#5062 = CARTESIAN_POINT ( 'NONE',  ( 2.145669100233534632, 2.134256245050205639E-18, -0.5928387995711422720 ) ) ;
#5063 = CARTESIAN_POINT ( 'NONE',  ( 2.031524354679104416, 0.01574803149606299191, -0.4008046331362639658 ) ) ;
#5064 = CARTESIAN_POINT ( 'NONE',  ( 1.052890625000000080, 0.000000000000000000, -0.4832714843749997824 ) ) ;
#5065 = CARTESIAN_POINT ( 'NONE',  ( 1.050498560491880617, 0.000000000000000000, -0.5924588174037911381 ) ) ;
#5066 = LINE ( 'NONE', #523, #4550 ) ;
#5067 = CARTESIAN_POINT ( 'NONE',  ( 1.991669293211916214, 0.01574803149606299191, -0.4862590044282318336 ) ) ;
#5068 = CARTESIAN_POINT ( 'NONE',  ( 1.472600905808918892, 0.01574803149606299885, -0.5715721036741749916 ) ) ;
#5069 = ADVANCED_FACE ( 'NONE', ( #6253 ), #4387, .F. ) ;
#5070 = DIRECTION ( 'NONE',  ( 0.000000000000000000, 1.000000000000000000, 0.000000000000000000 ) ) ;
#5071 = EDGE_CURVE ( 'NONE', #4067, #2415, #1175, .T. ) ;
#5072 = CARTESIAN_POINT ( 'NONE',  ( 0.8968950644989086562, 0.01574803149606299191, -0.4393669748332114655 ) ) ;
#5073 = CARTESIAN_POINT ( 'NONE',  ( 0.7633551266203630892, 0.01574803149606299538, -0.5519369318798944546 ) ) ;
#5074 = AXIS2_PLACEMENT_3D ( 'NONE', #2163, #1574, #6106 ) ;
#5075 = LINE ( 'NONE', #4613, #4078 ) ;
#5076 = CARTESIAN_POINT ( 'NONE',  ( 2.053277509291010272, 0.000000000000000000, -0.5546854166789314533 ) ) ;
#5077 = EDGE_CURVE ( 'NONE', #3597, #4625, #2271, .T. ) ;
#5078 = EDGE_CURVE ( 'NONE', #1772, #3875, #5289, .T. ) ;
#5079 = CARTESIAN_POINT ( 'NONE',  ( 1.817851614616262435, 2.134256245050205639E-18, -0.6017770853324970748 ) ) ;
#5080 = PLANE ( 'NONE',  #1905 ) ;
#5081 = CARTESIAN_POINT ( 'NONE',  ( 1.990244140625000213, 0.01574803149606299191, -0.5876660156249995381 ) ) ;
#5082 = CARTESIAN_POINT ( 'NONE',  ( 1.949572508446369090, 0.01574803149606299885, -0.4330226365360685392 ) ) ;
#5083 = CARTESIAN_POINT ( 'NONE',  ( 0.8842794793886483706, 0.01574803149606299191, -0.4223117828916387873 ) ) ;
#5084 = VECTOR ( 'NONE', #1928, 39.37007874015748143 ) ;
#5085 = CARTESIAN_POINT ( 'NONE',  ( 1.228834022097400780, 0.01574803149606299191, -0.5805943541745087755 ) ) ;
#5086 = CARTESIAN_POINT ( 'NONE',  ( 1.949488372268713965, 0.000000000000000000, -0.4230559367002675319 ) ) ;
#5087 = CARTESIAN_POINT ( 'NONE',  ( 1.983888688217285479, 2.134256245050205639E-18, -0.4811045083472630379 ) ) ;
#5088 = B_SPLINE_CURVE_WITH_KNOTS ( 'NONE', 3,
 ( #137, #4583, #4119, #1023, #48, #2054, #4087, #2597, #6141, #1603, #3637, #1112, #3134, #4738, #757, #2196, #5339, #3234 ),
 .UNSPECIFIED., .F., .F.,
 ( 4, 2, 2, 2, 2, 2, 2, 2, 4 ),
 ( 0.000000000000000000, 0.0003524899860284153768, 0.0007049799720568307535, 0.001057469958085246239, 0.001409959944113661507, 0.002114939916170496814, 0.002467429902198910781, 0.002643674895213115380, 0.002819919888227319978 ),
 .UNSPECIFIED. ) ;
#5089 = PLANE ( 'NONE',  #2646 ) ;
#5090 = VECTOR ( 'NONE', #1582, 39.37007874015748854 ) ;
#5091 = EDGE_LOOP ( 'NONE', ( #6357, #6496, #1401, #2513 ) ) ;
#5092 = EDGE_LOOP ( 'NONE', ( #643, #3886, #5472, #257, #1792, #1341, #1056, #2143, #145, #5029, #4543 ) ) ;
#5093 = ORIENTED_EDGE ( 'NONE', *, *, #5885, .F. ) ;
#5094 = CARTESIAN_POINT ( 'NONE',  ( 0.7725814405943688401, 0.01574803149606299885, -0.5875621865935682919 ) ) ;
#5095 = CARTESIAN_POINT ( 'NONE',  ( 1.455877192982278912, 0.01574803149606299191, -0.5552573136534085796 ) ) ;
#5096 = CARTESIAN_POINT ( 'NONE',  ( 0.6583915933623259997, 0.01574803149606299885, -0.3565808335474667801 ) ) ;
#5097 = CARTESIAN_POINT ( 'NONE',  ( 0.7024999999999997913, 0.000000000000000000, -0.3841015624999999378 ) ) ;
#5098 = CARTESIAN_POINT ( 'NONE',  ( 1.050498560491880617, 0.000000000000000000, -0.5924588174037911381 ) ) ;
#5099 = CARTESIAN_POINT ( 'NONE',  ( 1.960117187500000080, 0.000000000000000000, -0.5361523437499996492 ) ) ;
#5100 = CARTESIAN_POINT ( 'NONE',  ( 0.9462499999999999245, 0.01574803149606299191, -0.3836132812499999378 ) ) ;
#5101 = CARTESIAN_POINT ( 'NONE',  ( 1.485491984084155614, 0.01574803149606299885, -0.5549186550486158165 ) ) ;
#5102 = ORIENTED_EDGE ( 'NONE', *, *, #3302, .F. ) ;
#5103 = VERTEX_POINT ( 'NONE', #1799 ) ;
#5104 = CARTESIAN_POINT ( 'NONE',  ( 0.9462499999999999245, 0.000000000000000000, -0.4549999999999999045 ) ) ;
#5105 = CARTESIAN_POINT ( 'NONE',  ( 1.696250000000000258, 0.01574803149606299191, -0.3768749999999996270 ) ) ;
#5106 = B_SPLINE_CURVE_WITH_KNOTS ( 'NONE', 3,
 ( #2194, #2259, #4209, #3779, #2288, #6236, #1303, #1697, #5306, #755, #4305, #2786 ),
 .UNSPECIFIED., .F., .F.,
 ( 4, 2, 2, 2, 2, 4 ),
 ( 0.000000000000000000, 0.0002975458359194843735, 0.0005950916718389687469, 0.0008926375077584532830, 0.001041410425718200050, 0.001190183343677946818 ),
 .UNSPECIFIED. ) ;
#5107 = CARTESIAN_POINT ( 'NONE',  ( 1.960592541740891592, 0.000000000000000000, -0.4634254569874997620 ) ) ;
#5108 = CARTESIAN_POINT ( 'NONE',  ( 0.7688455672825215137, 0.01574803149606299538, -0.5615968097073489318 ) ) ;
#5109 = CARTESIAN_POINT ( 'NONE',  ( 2.028965364753648970, 0.000000000000000000, -0.5982476101100773214 ) ) ;
#5110 = CARTESIAN_POINT ( 'NONE',  ( 2.018058619720922930, 0.000000000000000000, -0.5420957048316908944 ) ) ;
#5111 = MANIFOLD_SOLID_BREP ( 'Stock-Eggfinder LCD Case V2 Battery Door-1', #16 ) ;
#5112 = CARTESIAN_POINT ( 'NONE',  ( 1.844827574780745882, 2.134256245050205639E-18, -0.5835065871390566761 ) ) ;
#5113 = CARTESIAN_POINT ( 'NONE',  ( 0.8548861274359232931, 0.000000000000000000, -0.5962986946336841232 ) ) ;
#5114 = CARTESIAN_POINT ( 'NONE',  ( 0.7993749999999999467, 0.01574803149606299538, -0.5294628906249999600 ) ) ;
#5115 = CARTESIAN_POINT ( 'NONE',  ( 1.960961036774617972, 0.01574803149606298844, -0.5465134556798787457 ) ) ;
#5116 = CARTESIAN_POINT ( 'NONE',  ( 1.174375000000000169, 0.01574803149606299191, -0.4612499999999997713 ) ) ;
#5117 = B_SPLINE_CURVE_WITH_KNOTS ( 'NONE', 3,
 ( #4876, #5937, #6545, #3948, #371, #1852, #6411, #5537, #3981, #442, #2396, #338, #3880, #2361 ),
 .UNSPECIFIED., .F., .F.,
 ( 4, 2, 2, 2, 2, 2, 4 ),
 ( 0.000000000000000000, 0.0001477827580785343292, 0.0002955655161570686583, 0.0004433482742356029604, 0.0005911310323141373167, 0.0008866965484712166544, 0.001182262064628296101 ),
 .UNSPECIFIED. ) ;
#5118 = ORIENTED_EDGE ( 'NONE', *, *, #2436, .T. ) ;
#5119 = CARTESIAN_POINT ( 'NONE',  ( 1.884262258806145063, 0.01574803149606299191, -0.3543713231965015531 ) ) ;
#5120 = CARTESIAN_POINT ( 'NONE',  ( 1.992562480839653594, 0.01574803149606299191, -0.4843872875038426340 ) ) ;
#5121 = CARTESIAN_POINT ( 'NONE',  ( 1.990244140625000213, 0.01574803149606299191, -0.5876660156249995381 ) ) ;
#5122 = EDGE_CURVE ( 'NONE', #4713, #3148, #737, .T. ) ;
#5123 = VERTEX_POINT ( 'NONE', #3244 ) ;
#5124 = ORIENTED_EDGE ( 'NONE', *, *, #2167, .T. ) ;
#5125 = EDGE_LOOP ( 'NONE', ( #6323, #4985, #2803, #1094 ) ) ;
#5126 = EDGE_CURVE ( 'NONE', #3354, #2810, #6387, .T. ) ;
#5127 = CARTESIAN_POINT ( 'NONE',  ( 1.374105761765620937, 0.01574803149606299191, -0.3537438756759779257 ) ) ;
#5128 = CARTESIAN_POINT ( 'NONE',  ( 2.027164479923861951, 0.01574803149606299885, -0.4581287889594816143 ) ) ;
#5129 = CARTESIAN_POINT ( 'NONE',  ( 0.8347990006026779763, 0.01574803149606298844, -0.4453798122364472922 ) ) ;
#5130 = CARTESIAN_POINT ( 'NONE',  ( 1.047429110027002341, 0.000000000000000000, -0.5890032691636850615 ) ) ;
#5131 = CARTESIAN_POINT ( 'NONE',  ( 1.496213243424875827, 0.01574803149606299191, -0.5521086004073505471 ) ) ;
#5132 = CARTESIAN_POINT ( 'NONE',  ( 0.8556337269149567604, 0.000000000000000000, -0.4631393428201541762 ) ) ;
#5133 = LINE ( 'NONE', #1981, #5662 ) ;
#5134 = CARTESIAN_POINT ( 'NONE',  ( 0.8741267065323612417, 0.01574803149606299191, -0.5519050631094227777 ) ) ;
#5135 = EDGE_LOOP ( 'NONE', ( #5628, #928, #321, #1580 ) ) ;
#5136 = CARTESIAN_POINT ( 'NONE',  ( 0.8389257812499998357, 0.01574803149606299538, -0.5912304687499998490 ) ) ;
#5137 = FACE_OUTER_BOUND ( 'NONE', #1382, .T. ) ;
#5138 = PLANE ( 'NONE',  #3179 ) ;
#5139 = CARTESIAN_POINT ( 'NONE',  ( 1.065772183231178394, 2.134256245050205639E-18, -0.5551653707491407408 ) ) ;
#5140 = FACE_OUTER_BOUND ( 'NONE', #6553, .T. ) ;
#5141 = CARTESIAN_POINT ( 'NONE',  ( 1.991981818166500773, 0.01574803149606299191, -0.5886664441442515106 ) ) ;
#5142 = CARTESIAN_POINT ( 'NONE',  ( 2.015185922238332594, 0.000000000000000000, -0.5305390097726849774 ) ) ;
#5143 = CARTESIAN_POINT ( 'NONE',  ( 1.039885826475212216, 2.134256245050205639E-18, -0.3725197944769362279 ) ) ;
#5144 = FACE_OUTER_BOUND ( 'NONE', #3452, .T. ) ;
#5145 = CARTESIAN_POINT ( 'NONE',  ( 1.274204517064337905, 0.01574803149606299191, -0.5533191483123868215 ) ) ;
#5146 = CARTESIAN_POINT ( 'NONE',  ( 1.950365174720394501, 0.01574803149606299191, -0.4396120782439402186 ) ) ;
#5147 = CARTESIAN_POINT ( 'NONE',  ( 0.8978244931050317623, 1.067128122525102820E-17, -0.4400836589493594131 ) ) ;
#5148 = ORIENTED_EDGE ( 'NONE', *, *, #3977, .T. ) ;
#5149 = CARTESIAN_POINT ( 'NONE',  ( 1.363291015624999769, 0.01574803149606298844, -0.3518749999999997713 ) ) ;
#5150 = CARTESIAN_POINT ( 'NONE',  ( 0.6953778771506584633, 2.134256245050205639E-18, -0.3599085145677565212 ) ) ;
#5151 = MANIFOLD_SOLID_BREP ( 'Stock-Eggfinder LCD Case V2 Battery Door-5', #4870 ) ;
#5152 = DIRECTION ( 'NONE',  ( 0.000000000000000000, 0.000000000000000000, 1.000000000000000000 ) ) ;
#5153 = EDGE_CURVE ( 'NONE', #1364, #6421, #2536, .T. ) ;
#5154 = DIRECTION ( 'NONE',  ( 0.000000000000000000, 0.000000000000000000, -1.000000000000000000 ) ) ;
#5155 = ORIENTED_EDGE ( 'NONE', *, *, #5158, .F. ) ;
#5156 = ORIENTED_EDGE ( 'NONE', *, *, #4956, .T. ) ;
#5157 = VERTEX_POINT ( 'NONE', #2836 ) ;
#5158 = EDGE_CURVE ( 'NONE', #5460, #3758, #3475, .T. ) ;
#5159 = CARTESIAN_POINT ( 'NONE',  ( 1.389999999999999680, 2.134256245050205639E-18, -0.3840527343749997602 ) ) ;
#5160 = CARTESIAN_POINT ( 'NONE',  ( 1.696591257957378307, -2.134256245050205639E-18, -0.3724952041845813744 ) ) ;
#5161 = CARTESIAN_POINT ( 'NONE',  ( 0.6695924380459987724, 0.01574803149606299885, -0.3521509325617980246 ) ) ;
#5162 = EDGE_CURVE ( 'NONE', #6166, #6187, #876, .T. ) ;
#5163 = CARTESIAN_POINT ( 'NONE',  ( 0.8188927558429361930, 6.402768735150616918E-18, -0.4244099084131314759 ) ) ;
#5164 = CARTESIAN_POINT ( 'NONE',  ( 1.002289071669929088, 0.01574803149606299538, -0.3771063410118129511 ) ) ;
#5165 = ORIENTED_EDGE ( 'NONE', *, *, #3334, .F. ) ;
#5166 = CARTESIAN_POINT ( 'NONE',  ( 0.9538879447609153184, 2.134256245050205639E-18, -0.3601458437950539326 ) ) ;
#5167 = MANIFOLD_SOLID_BREP ( 'Stock-Eggfinder LCD Case V2 Battery Door-2', #1793 ) ;
#5168 = EDGE_CURVE ( 'NONE', #3758, #3410, #2899, .T. ) ;
#5169 = APPLICATION_PROTOCOL_DEFINITION ( 'draft international standard', 'automotive_design', 1998, #5361 ) ;
#5170 = ORIENTED_EDGE ( 'NONE', *, *, #3813, .F. ) ;
#5171 = DIRECTION ( 'NONE',  ( 0.000000000000000000, 1.000000000000000000, 0.000000000000000000 ) ) ;
#5172 = CARTESIAN_POINT ( 'NONE',  ( 1.696555462695296335, 0.01574803149606298844, -0.3732402242194995945 ) ) ;
#5173 = CARTESIAN_POINT ( 'NONE',  ( 0.6986652268970642288, 0.000000000000000000, -0.3645325583494615218 ) ) ;
#5174 = CARTESIAN_POINT ( 'NONE',  ( 0.9773925956268707527, 0.01574803149606299191, -0.5983334316559426602 ) ) ;
#5175 = B_SPLINE_CURVE_WITH_KNOTS ( 'NONE', 3,
 ( #1395, #5734, #3295, #4737, #2790, #361, #1237, #3204, #4805, #1271, #662, #1727, #4406, #5308, #2694 ),
 .UNSPECIFIED., .F., .F.,
 ( 4, 1, 1, 1, 1, 1, 1, 1, 1, 1, 1, 1, 4 ),
 ( 0.000000000000000000, 0.1224561336053937993, 0.2344291854989375423, 0.3364000897183605510, 0.4285285775934270514, 0.5111573502043249562, 0.5857396648649971782, 0.6552340127541467218, 0.7192015644733498192, 0.7820021938167047715, 0.8486384589826067026, 0.9201271301191421559, 0.9999999999999998890 ),
 .UNSPECIFIED. ) ;
#5176 = CARTESIAN_POINT ( 'NONE',  ( 0.7993749999999999467, 0.01574803149606299538, -0.5294628906249999600 ) ) ;
#5177 = CARTESIAN_POINT ( 'NONE',  ( 2.021672736891621636, 2.134256245050205639E-18, -0.5123038433817277415 ) ) ;
#5178 = CARTESIAN_POINT ( 'NONE',  ( 2.032729895172760148, 0.01574803149606299191, -0.4594612905753138188 ) ) ;
#5179 = FACE_OUTER_BOUND ( 'NONE', #2669, .T. ) ;
#5180 = VECTOR ( 'NONE', #2681, 39.37007874015748143 ) ;
#5181 = VERTEX_POINT ( 'NONE', #382 ) ;
#5182 = CARTESIAN_POINT ( 'NONE',  ( 1.389999999999999680, -0.3384390870230564174, -0.5518749999999997824 ) ) ;
#5183 = CARTESIAN_POINT ( 'NONE',  ( 1.260979459275512360, 0.000000000000000000, -0.5622399354113946091 ) ) ;
#5184 = CARTESIAN_POINT ( 'NONE',  ( 1.981914156701958474, 0.01574803149606298497, -0.4801907832370581608 ) ) ;
#5185 = CARTESIAN_POINT ( 'NONE',  ( 2.036078084472122018, 0.01574803149606298844, -0.5986412686400041094 ) ) ;
#5186 = AXIS2_PLACEMENT_3D ( 'NONE', #1418, #5912, #3448 ) ;
#5187 = VERTEX_POINT ( 'NONE', #1449 ) ;
#5188 = CARTESIAN_POINT ( 'NONE',  ( 1.917814379901055410, -2.134256245050205639E-18, -0.4004910379474454496 ) ) ;
#5189 = CARTESIAN_POINT ( 'NONE',  ( 1.974741412479674052, 2.134256245050205639E-18, -0.4761694779351920426 ) ) ;
#5190 = CARTESIAN_POINT ( 'NONE',  ( 1.000372825074654859, 0.01574803149606298844, -0.3686223346656266053 ) ) ;
#5191 = ORIENTED_EDGE ( 'NONE', *, *, #5158, .T. ) ;
#5192 = AXIS2_PLACEMENT_3D ( 'NONE', #1636, #4121, #5574 ) ;
#5193 = EDGE_CURVE ( 'NONE', #4036, #3293, #682, .T. ) ;
#5194 = EDGE_CURVE ( 'NONE', #543, #2682, #3989, .T. ) ;
#5195 = CARTESIAN_POINT ( 'NONE',  ( 1.363291015624999769, 2.134256245050205639E-18, -0.3518749999999997713 ) ) ;
#5196 = CARTESIAN_POINT ( 'NONE',  ( 0.6127908237150864190, 2.134256245050205639E-18, -0.5991057295446675646 ) ) ;
#5197 = CARTESIAN_POINT ( 'NONE',  ( 0.6462499999999998801, 0.000000000000000000, -0.3841015624999998823 ) ) ;
#5198 = AXIS2_PLACEMENT_3D ( 'NONE', #2789, #3966, #1873 ) ;
#5199 = CARTESIAN_POINT ( 'NONE',  ( 0.8578710937500000355, 0.01574803149606298844, -0.4626660156249999822 ) ) ;
#5200 = CARTESIAN_POINT ( 'NONE',  ( 0.8733496093750000577, 0.000000000000000000, -0.5516308593750000044 ) ) ;
#5201 = FACE_OUTER_BOUND ( 'NONE', #4021, .T. ) ;
#5202 = CARTESIAN_POINT ( 'NONE',  ( 1.054470475152308628, 0.000000000000000000, -0.4915231715070193519 ) ) ;
#5203 = MANIFOLD_SOLID_BREP ( 'Stock-Eggfinder LCD Case V2 Battery Door-4', #437 ) ;
#5204 = EDGE_LOOP ( 'NONE', ( #1088, #3115, #2260, #1522 ) ) ;
#5205 = CARTESIAN_POINT ( 'NONE',  ( 1.963657018383824893, 0.01574803149606299191, -0.3835207982041953789 ) ) ;
#5206 = EDGE_CURVE ( 'NONE', #1244, #933, #2091, .T. ) ;
#5207 = CARTESIAN_POINT ( 'NONE',  ( 1.703411815697304155, 0.01574803149606299885, -0.3608706433739614639 ) ) ;
#5208 = PLANE ( 'NONE',  #2856 ) ;
#5209 = CARTESIAN_POINT ( 'NONE',  ( 1.866123046875000080, 0.000000000000000000, -0.3834667968749996825 ) ) ;
#5210 = FACE_OUTER_BOUND ( 'NONE', #3158, .T. ) ;
#5211 = EDGE_CURVE ( 'NONE', #6032, #2079, #1512, .T. ) ;
#5212 = CARTESIAN_POINT ( 'NONE',  ( 2.020725600062453164, 0.01574803149606299191, -0.4557134442500487825 ) ) ;
#5213 = ADVANCED_FACE ( 'NONE', ( #2026 ), #6179, .T. ) ;
#5214 = CARTESIAN_POINT ( 'NONE',  ( 1.081015625000000036, 0.000000000000000000, -0.4612499999999997713 ) ) ;
#5215 =( LENGTH_UNIT ( ) NAMED_UNIT ( * ) SI_UNIT ( $, .METRE. ) );
#5216 = CARTESIAN_POINT ( 'NONE',  ( 1.960149673914983959, 6.402768735150616918E-18, -0.5378309883999116137 ) ) ;
#5217 = CARTESIAN_POINT ( 'NONE',  ( 1.954141613276077827, 0.01574803149606299191, -0.4524379347152612252 ) ) ;
#5218 = CARTESIAN_POINT ( 'NONE',  ( 0.9100680155439685448, 1.067128122525102820E-17, -0.4500557876812212865 ) ) ;
#5219 = B_SPLINE_CURVE_WITH_KNOTS ( 'NONE', 3,
 ( #3267, #5798, #3299, #2794, #4809, #664, #4483, #3002, #2492, #4375, #6481 ),
 .UNSPECIFIED., .F., .F.,
 ( 4, 1, 1, 1, 1, 1, 1, 1, 4 ),
 ( 0.000000000000000000, 0.1060906697330111781, 0.2090115776995883357, 0.3156469737290495958, 0.4285140007504100179, 0.5499757923008371518, 0.6823205440139099576, 0.8302332629038023937, 1.000000000000000000 ),
 .UNSPECIFIED. ) ;
#5220 = ORIENTED_EDGE ( 'NONE', *, *, #4519, .F. ) ;
#5221 = CARTESIAN_POINT ( 'NONE',  ( 0.7490332031249997691, 0.01574803149606299538, -0.6018749999999998268 ) ) ;
#5222 = DIRECTION ( 'NONE',  ( 0.000000000000000000, 1.000000000000000000, 0.000000000000000000 ) ) ;
#5223 = DIRECTION ( 'NONE',  ( -0.000000000000000000, 1.000000000000000000, -0.000000000000000000 ) ) ;
#5224 = CARTESIAN_POINT ( 'NONE',  ( 0.7331928150349600326, 0.01574803149606299191, -0.5984075598982468991 ) ) ;
#5225 = ORIENTED_EDGE ( 'NONE', *, *, #1748, .F. ) ;
#5226 = CARTESIAN_POINT ( 'NONE',  ( 2.032114261580322268, -2.134256245050205639E-18, -0.4007046185879961087 ) ) ;
#5227 = CARTESIAN_POINT ( 'NONE',  ( 1.368884206131682602, 2.134256245050205639E-18, -0.3521032973289328627 ) ) ;
#5228 = CARTESIAN_POINT ( 'NONE',  ( 1.698231282877490589, -2.134256245050205639E-18, -0.3681616559951614298 ) ) ;
#5229 = CARTESIAN_POINT ( 'NONE',  ( 2.001286800418572209, -2.134256245050205639E-18, -0.5930449820051355569 ) ) ;
#5230 = CARTESIAN_POINT ( 'NONE',  ( 0.8029017911606948221, 0.01574803149606298844, -0.3962838404839729711 ) ) ;
#5231 = VERTEX_POINT ( 'NONE', #1578 ) ;
#5232 = CARTESIAN_POINT ( 'NONE',  ( 1.841806640624999991, -1.365923996832131609E-16, -0.4549999999999996270 ) ) ;
#5233 = CARTESIAN_POINT ( 'NONE',  ( 1.053149746055797698, 0.000000000000000000, -0.4874756497043725711 ) ) ;
#5234 = ORIENTED_EDGE ( 'NONE', *, *, #4700, .F. ) ;
#5235 = B_SPLINE_CURVE_WITH_KNOTS ( 'NONE', 3,
 ( #1972, #3520, #6017, #999, #4065, #3486, #2002, #5952, #2413, #2510, #4431, #3931 ),
 .UNSPECIFIED., .F., .F.,
 ( 4, 2, 2, 2, 2, 4 ),
 ( 0.000000000000000000, 0.0001277999091597831574, 0.0002555998183195663147, 0.0005111996366391319789, 0.0007667994549586976431, 0.001022399273278263307 ),
 .UNSPECIFIED. ) ;
#5236 = FACE_OUTER_BOUND ( 'NONE', #3190, .T. ) ;
#5237 = CARTESIAN_POINT ( 'NONE',  ( 0.9462499999999999245, 0.000000000000000000, -0.4956249999999998712 ) ) ;
#5238 = CARTESIAN_POINT ( 'NONE',  ( 0.6815702274019851403, 0.000000000000000000, -0.3521196518815560283 ) ) ;
#5239 = CARTESIAN_POINT ( 'NONE',  ( 1.900084235759362583, 2.134256245050205639E-18, -0.3519726931322718633 ) ) ;
#5240 = CARTESIAN_POINT ( 'NONE',  ( 1.605562715287782938, 2.134256245050205639E-18, -0.3815535789347727080 ) ) ;
#5241 = CARTESIAN_POINT ( 'NONE',  ( 0.8556249999999999689, 0.000000000000000000, -0.5257031249999999378 ) ) ;
#5242 = CARTESIAN_POINT ( 'NONE',  ( 2.010169301574026068, 0.01574803149606299191, -0.4472294639920307846 ) ) ;
#5243 = STYLED_ITEM ( 'NONE', ( #770 ), #5111 ) ;
#5244 = EDGE_CURVE ( 'NONE', #4697, #3840, #3105, .T. ) ;
#5245 = B_SPLINE_CURVE_WITH_KNOTS ( 'NONE', 3,
 ( #2561, #4147, #1016, #71, #103, #3035, #6102, #3161, #4080, #1985, #4010, #498 ),
 .UNSPECIFIED., .F., .F.,
 ( 4, 2, 2, 2, 2, 4 ),
 ( 0.000000000000000000, 0.0001272434379788289869, 0.0002544868759576579737, 0.0005089737519153159475, 0.0007634606278729739754, 0.001017947503830631895 ),
 .UNSPECIFIED. ) ;
#5246 = CARTESIAN_POINT ( 'NONE',  ( 0.9065039062499998801, 0.000000000000000000, -0.5549999999999999378 ) ) ;
#5247 = CARTESIAN_POINT ( 'NONE',  ( 1.068710937500000124, 0.01574803149606298844, -0.3549999999999997602 ) ) ;
#5248 =( NAMED_UNIT ( * ) SI_UNIT ( $, .STERADIAN. ) SOLID_ANGLE_UNIT ( ) );
#5249 = DIRECTION ( 'NONE',  ( 0.000000000000000000, 1.000000000000000000, 0.000000000000000000 ) ) ;
#5250 = VECTOR ( 'NONE', #6212, 39.37007874015748143 ) ;
#5251 = CARTESIAN_POINT ( 'NONE',  ( 1.499530643602967839, 0.01574803149606299538, -0.5986458869008376427 ) ) ;
#5252 = CARTESIAN_POINT ( 'NONE',  ( 0.8216756095633861445, 0.01574803149606299538, -0.5805406895911777720 ) ) ;
#5253 = EDGE_CURVE ( 'NONE', #3324, #569, #293, .T. ) ;
#5254 = FACE_BOUND ( 'NONE', #3146, .T. ) ;
#5255 = CARTESIAN_POINT ( 'NONE',  ( 2.019150390625000124, -0.3384390870230564174, -0.5161816406249996048 ) ) ;
#5256 = CARTESIAN_POINT ( 'NONE',  ( 1.949506710947727095, 2.134256245050205639E-18, -0.4317346291875701625 ) ) ;
#5257 = DIRECTION ( 'NONE',  ( -0.000000000000000000, 0.000000000000000000, 1.000000000000000000 ) ) ;
#5258 = SURFACE_STYLE_USAGE ( .BOTH. , #5320 ) ;
#5259 = CARTESIAN_POINT ( 'NONE',  ( 1.002499999999999947, -0.3384390870230564174, -0.5662304687499998268 ) ) ;
#5260 = ORIENTED_EDGE ( 'NONE', *, *, #2204, .T. ) ;
#5261 = CARTESIAN_POINT ( 'NONE',  ( 2.050660436674748510, -2.134256245050205639E-18, -0.3987857156051995977 ) ) ;
#5262 = CARTESIAN_POINT ( 'NONE',  ( 2.005739128975997598, 0.000000000000000000, -0.4267111423285406824 ) ) ;
#5263 = CARTESIAN_POINT ( 'NONE',  ( 1.601754476483687073, 0.01574803149606299538, -0.3645620637580315737 ) ) ;
#5264 = CARTESIAN_POINT ( 'NONE',  ( 2.028965364753648970, -2.134256245050205639E-18, -0.5982476101100773214 ) ) ;
#5265 = CARTESIAN_POINT ( 'NONE',  ( 1.682214852607238686, 2.134256245050205639E-18, -0.5769510178726946492 ) ) ;
#5266 = PLANE ( 'NONE',  #5709 ) ;
#5267 = CARTESIAN_POINT ( 'NONE',  ( 1.230594783442906293, 2.134256245050205639E-18, -0.5679089083452334430 ) ) ;
#5268 = CARTESIAN_POINT ( 'NONE',  ( 1.814548903066818486, 0.01574803149606298844, -0.6018417614390058068 ) ) ;
#5269 = CARTESIAN_POINT ( 'NONE',  ( 1.342448919881088276, 0.01574803149606299885, -0.3593341422351983283 ) ) ;
#5270 = DIRECTION ( 'NONE',  ( -1.000000000000000000, 0.000000000000000000, 0.000000000000000000 ) ) ;
#5271 = CARTESIAN_POINT ( 'NONE',  ( 1.068710937500000124, -0.1613455277634967266, -0.3987499999999997158 ) ) ;
#5272 = B_SPLINE_CURVE_WITH_KNOTS ( 'NONE', 3,
 ( #2176, #5712, #3112, #5190, #1123, #2607, #642, #4623, #2674, #84, #6220, #2098, #4689, #3079 ),
 .UNSPECIFIED., .F., .F.,
 ( 4, 2, 2, 2, 2, 2, 4 ),
 ( 0.000000000000000000, 0.0002994830681753666841, 0.0005989661363507333683, 0.0007487076704384176048, 0.0008984492045261018413, 0.001048190738613786078, 0.001197932272701470423 ),
 .UNSPECIFIED. ) ;
#5273 = EDGE_CURVE ( 'NONE', #3629, #4963, #4085, .T. ) ;
#5274 = CARTESIAN_POINT ( 'NONE',  ( 1.654892578124999680, 0.000000000000000000, -0.5987499999999996714 ) ) ;
#5275 = DIRECTION ( 'NONE',  ( -1.000000000000000000, 0.000000000000000000, 0.000000000000000000 ) ) ;
#5276 = EDGE_CURVE ( 'NONE', #1926, #4690, #5834, .T. ) ;
#5277 = ADVANCED_FACE ( 'NONE', ( #1210 ), #2232, .T. ) ;
#5278 = CARTESIAN_POINT ( 'NONE',  ( 1.216587779875847541, 0.01574803149606299191, -0.5954433579727881343 ) ) ;
#5279 = DIRECTION ( 'NONE',  ( 1.000000000000000000, 0.000000000000000000, 0.000000000000000000 ) ) ;
#5280 = DIRECTION ( 'NONE',  ( 0.000000000000000000, -0.000000000000000000, 1.000000000000000000 ) ) ;
#5281 = SURFACE_STYLE_USAGE ( .BOTH. , #4773 ) ;
#5282 = CARTESIAN_POINT ( 'NONE',  ( 1.988612997920552017, 6.402768735150616918E-18, -0.5866198774645816627 ) ) ;
#5283 = CARTESIAN_POINT ( 'NONE',  ( 0.6267051902758962179, 0.01574803149606299885, -0.5836871247622142933 ) ) ;
#5284 = CARTESIAN_POINT ( 'NONE',  ( 1.680768299505553065, 0.01574803149606299538, -0.5657125978330272975 ) ) ;
#5285 = CARTESIAN_POINT ( 'NONE',  ( 0.6760351562499997691, 0.000000000000000000, -0.3518749999999999378 ) ) ;
#5286 = CARTESIAN_POINT ( 'NONE',  ( 0.6913780193737223412, 2.134256245050205639E-18, -0.3562911311559122662 ) ) ;
#5287 = LINE ( 'NONE', #368, #637 ) ;
#5288 = CARTESIAN_POINT ( 'NONE',  ( 0.9740061023613253433, 0.01574803149606298844, -0.5986329534177774470 ) ) ;
#5289 = LINE ( 'NONE', #4817, #2281 ) ;
#5290 = DIRECTION ( 'NONE',  ( 0.000000000000000000, 1.000000000000000000, 0.000000000000000000 ) ) ;
#5291 = AXIS2_PLACEMENT_3D ( 'NONE', #2022, #4055, #109 ) ;
#5292 = EDGE_LOOP ( 'NONE', ( #2676, #2970, #6390, #2540 ) ) ;
#5293 = ADVANCED_FACE ( 'NONE', ( #4248 ), #1704, .F. ) ;
#5294 = AXIS2_PLACEMENT_3D ( 'NONE', #2182, #4199, #2710 ) ;
#5295 = CARTESIAN_POINT ( 'NONE',  ( 2.036702616618008221, 0.000000000000000000, -0.3997962612154247752 ) ) ;
#5296 = CARTESIAN_POINT ( 'NONE',  ( 1.594402831496326112, 2.134256245050205639E-18, -0.3563179182539749634 ) ) ;
#5297 = CARTESIAN_POINT ( 'NONE',  ( 1.472464987932752045, 0.01574803149606299885, -0.5767569221631013709 ) ) ;
#5298 = CARTESIAN_POINT ( 'NONE',  ( 0.7980527421577743308, 6.402768735150616918E-18, -0.3849350045922541041 ) ) ;
#5299 = CARTESIAN_POINT ( 'NONE',  ( 2.015787452395758628, 0.000000000000000000, -0.5362838157118136051 ) ) ;
#5300 = VERTEX_POINT ( 'NONE', #2730 ) ;
#5301 = VECTOR ( 'NONE', #5249, 39.37007874015748143 ) ;
#5302 = DIRECTION ( 'NONE',  ( 0.000000000000000000, 1.000000000000000000, 0.000000000000000000 ) ) ;
#5303 = CARTESIAN_POINT ( 'NONE',  ( 2.040779277382075652, 0.01574803149606299191, -0.3551108385198321615 ) ) ;
#5304 = CARTESIAN_POINT ( 'NONE',  ( 1.209766755435239372, 0.01574803149606299191, -0.3560045164924833250 ) ) ;
#5305 = DIRECTION ( 'NONE',  ( -1.000000000000000000, 0.000000000000000000, 0.000000000000000000 ) ) ;
#5306 = CARTESIAN_POINT ( 'NONE',  ( 0.6839026697991485992, 0.01574803149606299191, -0.3527851329308285266 ) ) ;
#5307 = CARTESIAN_POINT ( 'NONE',  ( 0.9462499999999999245, 0.000000000000000000, -0.3836132812499999378 ) ) ;
#5308 = CARTESIAN_POINT ( 'NONE',  ( 0.8556775332968359349, -4.268512490100411279E-18, -0.5238739714357116828 ) ) ;
#5309 = CARTESIAN_POINT ( 'NONE',  ( 1.050965998253355460, 0.01574803149606298844, -0.3583920284298203751 ) ) ;
#5310 = CARTESIAN_POINT ( 'NONE',  ( 0.8055458715792485069, 0.01574803149606299538, -0.3569883667585909692 ) ) ;
#5311 = SURFACE_STYLE_USAGE ( .BOTH. , #3207 ) ;
#5312 = CARTESIAN_POINT ( 'NONE',  ( 1.960214254540454837, 0.01574803149606299191, -0.5411680116290452647 ) ) ;
#5313 = CARTESIAN_POINT ( 'NONE',  ( 2.153570413798304717, 0.01574803149606298844, -0.5814634340714058824 ) ) ;
#5314 = CARTESIAN_POINT ( 'NONE',  ( 0.8326720618200870172, 0.000000000000000000, -0.5882724228539194522 ) ) ;
#5315 = VERTEX_POINT ( 'NONE', #1309 ) ;
#5316 = CARTESIAN_POINT ( 'NONE',  ( 1.605624999999999858, 0.01574803149606299191, -0.3840527343749997602 ) ) ;
#5317 = CARTESIAN_POINT ( 'NONE',  ( 1.699293453792262820, 0.000000000000000000, -0.3910235255057066817 ) ) ;
#5318 = LINE ( 'NONE', #5839, #5180 ) ;
#5319 = CARTESIAN_POINT ( 'NONE',  ( 0.9871202372161931304, 0.01574803149606298497, -0.5960883576541341489 ) ) ;
#5320 = SURFACE_SIDE_STYLE ('',( #3736 ) ) ;
#5321 = CARTESIAN_POINT ( 'NONE',  ( 1.043692501656674265, 2.134256245050205639E-18, -0.3889486160171659046 ) ) ;
#5322 = ORIENTED_EDGE ( 'NONE', *, *, #3901, .F. ) ;
#5323 = EDGE_CURVE ( 'NONE', #5338, #4626, #2668, .T. ) ;
#5324 = CARTESIAN_POINT ( 'NONE',  ( 1.056935023246257099, 0.01574803149606299191, -0.4706789287010896827 ) ) ;
#5325 = CARTESIAN_POINT ( 'NONE',  ( 1.500769627695295094, -2.134256245050205639E-18, -0.5519559003030559685 ) ) ;
#5326 = CARTESIAN_POINT ( 'NONE',  ( 2.155625000000000124, 0.01574803149606299191, -0.5661328124999995826 ) ) ;
#5327 = CARTESIAN_POINT ( 'NONE',  ( 1.461212832541650242, 0.01574803149606298844, -0.5594404739765683754 ) ) ;
#5328 = EDGE_LOOP ( 'NONE', ( #1930, #2381, #3412, #3239 ) ) ;
#5329 = CARTESIAN_POINT ( 'NONE',  ( 2.054208984375000213, 0.000000000000000000, -0.4612499999999996048 ) ) ;
#5330 = EDGE_LOOP ( 'NONE', ( #3395, #3672, #6053, #3189 ) ) ;
#5331 = EDGE_CURVE ( 'NONE', #6561, #1157, #5987, .T. ) ;
#5332 = CARTESIAN_POINT ( 'NONE',  ( 1.842649803166262590, -2.134256245050205639E-18, -0.5869697457414765340 ) ) ;
#5333 = FACE_OUTER_BOUND ( 'NONE', #2998, .T. ) ;
#5334 = CARTESIAN_POINT ( 'NONE',  ( 0.6504544477135422165, 2.134256245050205639E-18, -0.3651500289145158118 ) ) ;
#5335 = DIRECTION ( 'NONE',  ( 0.000000000000000000, 1.000000000000000000, 0.000000000000000000 ) ) ;
#5336 = PLANE ( 'NONE',  #3137 ) ;
#5337 = CARTESIAN_POINT ( 'NONE',  ( 2.005741045961778379, 0.01574803149606299191, -0.4342818460117119361 ) ) ;
#5338 = VERTEX_POINT ( 'NONE', #4842 ) ;
#5339 = CARTESIAN_POINT ( 'NONE',  ( 0.8556829850838225671, 0.01574803149606299191, -0.4617721012024156302 ) ) ;
#5340 = CARTESIAN_POINT ( 'NONE',  ( 0.8559511605375456078, -2.134256245050205639E-18, -0.4618816597035869109 ) ) ;
#5341 = LINE ( 'NONE', #1729, #2552 ) ;
#5342 = CARTESIAN_POINT ( 'NONE',  ( 1.766953125000000346, -0.3384390870230564174, -0.4112499999999996159 ) ) ;
#5343 = CARTESIAN_POINT ( 'NONE',  ( 0.8003365291066387721, 0.01574803149606299538, -0.5422447399437928528 ) ) ;
#5344 = ORIENTED_EDGE ( 'NONE', *, *, #763, .F. ) ;
#5345 = CARTESIAN_POINT ( 'NONE',  ( 1.333749999999999769, 0.000000000000000000, -0.3840527343749997602 ) ) ;
#5346 = VECTOR ( 'NONE', #5909, 39.37007874015748143 ) ;
#5347 = CARTESIAN_POINT ( 'NONE',  ( 1.700616715185792049, 0.01574803149606298844, -0.3948171870087923696 ) ) ;
#5348 = DIRECTION ( 'NONE',  ( -1.000000000000000000, 0.000000000000000000, 0.000000000000000000 ) ) ;
#5349 = LINE ( 'NONE', #4287, #4134 ) ;
#5350 = CARTESIAN_POINT ( 'NONE',  ( 0.8733496093750000577, 0.000000000000000000, -0.5516308593750000044 ) ) ;
#5351 = CARTESIAN_POINT ( 'NONE',  ( 1.051036186825748286, 2.134256245050205639E-18, -0.3953436677225960483 ) ) ;
#5352 = ORIENTED_EDGE ( 'NONE', *, *, #4372, .T. ) ;
#5353 = ADVANCED_FACE ( 'NONE', ( #4711 ), #1967, .F. ) ;
#5354 = CARTESIAN_POINT ( 'NONE',  ( 2.008487379501214143, 0.01574803149606299191, -0.4165892193488865969 ) ) ;
#5355 = CARTESIAN_POINT ( 'NONE',  ( 2.155625000000000568, -0.1613455277634967266, -0.3876171874999996825 ) ) ;
#5356 = CARTESIAN_POINT ( 'NONE',  ( 0.8733496093749999467, 0.01574803149606299885, -0.5516308593749998934 ) ) ;
#5357 = CARTESIAN_POINT ( 'NONE',  ( 1.827194711483006495, 0.01574803149606298844, -0.5995978356161413281 ) ) ;
#5358 = ORIENTED_EDGE ( 'NONE', *, *, #2253, .T. ) ;
#5359 = CARTESIAN_POINT ( 'NONE',  ( 2.044007220006793801, 0.01574803149606299538, -0.5539945797614150846 ) ) ;
#5360 = EDGE_CURVE ( 'NONE', #3052, #5989, #6448, .T. ) ;
#5362 = ORIENTED_EDGE ( 'NONE', *, *, #2460, .F. ) ;
#5361 = APPLICATION_CONTEXT ( 'automotive_design' ) ;
#5363 = EDGE_CURVE ( 'NONE', #3410, #1244, #5404, .T. ) ;
#5364 = CARTESIAN_POINT ( 'NONE',  ( 0.7429746180520723220, 0.01574803149606299538, -0.6016622449294780628 ) ) ;
#5365 = CARTESIAN_POINT ( 'NONE',  ( 1.263688123093697158, 0.01574803149606299538, -0.5915677714760833039 ) ) ;
#5366 = CARTESIAN_POINT ( 'NONE',  ( 1.002289071669929088, 0.000000000000000000, -0.3771063410118129511 ) ) ;
#5367 = ORIENTED_EDGE ( 'NONE', *, *, #4390, .F. ) ;
#5368 = EDGE_CURVE ( 'NONE', #2642, #1843, #5117, .T. ) ;
#5369 = DIRECTION ( 'NONE',  ( 1.530313099295518266E-15, 0.000000000000000000, 1.000000000000000000 ) ) ;
#5370 = CARTESIAN_POINT ( 'NONE',  ( 2.010169301574026068, 1.707404996040164512E-17, -0.4472294639920307846 ) ) ;
#5371 = CARTESIAN_POINT ( 'NONE',  ( 1.466589852607238287, 0.01574803149606299191, -0.5769510178726946492 ) ) ;
#5372 = CARTESIAN_POINT ( 'NONE',  ( 1.911156509424850158, 0.01574803149606299885, -0.3549761906795090849 ) ) ;
#5373 = CARTESIAN_POINT ( 'NONE',  ( 2.152763748055416926, 0.01574803149606298844, -0.5835232207993784614 ) ) ;
#5374 = CARTESIAN_POINT ( 'NONE',  ( 0.8036096864952746444, 0.000000000000000000, -0.5544947741366481608 ) ) ;
#5375 = ORIENTED_EDGE ( 'NONE', *, *, #2128, .T. ) ;
#5376 = CARTESIAN_POINT ( 'NONE',  ( 0.8586624512723852742, 1.067128122525102820E-17, -0.5112501439127175029 ) ) ;
#5377 = DIRECTION ( 'NONE',  ( 0.000000000000000000, 1.000000000000000000, 0.000000000000000000 ) ) ;
#5378 = CARTESIAN_POINT ( 'NONE',  ( 0.8405256309002030468, 0.000000000000000000, -0.5919277591688788531 ) ) ;
#5379 = CARTESIAN_POINT ( 'NONE',  ( 1.001927214327910765, 0.01574803149606299885, -0.5750917452837518429 ) ) ;
#5380 = DIRECTION ( 'NONE',  ( -0.5445166897351185753, 0.000000000000000000, 0.8387500072130601447 ) ) ;
#5381 = CARTESIAN_POINT ( 'NONE',  ( 1.990244140625000213, 0.000000000000000000, -0.5876660156249995381 ) ) ;
#5382 = VERTEX_POINT ( 'NONE', #4941 ) ;
#5383 = CARTESIAN_POINT ( 'NONE',  ( 0.5764596016630501030, -2.134256245050205639E-18, -0.5663717020791755319 ) ) ;
#5384 = CARTESIAN_POINT ( 'NONE',  ( 0.9330481830605622529, 2.134256245050205639E-18, -0.4549684884317178879 ) ) ;
#5385 = CARTESIAN_POINT ( 'NONE',  ( 1.896144909289979363, 0.01574803149606298844, -0.3519628643883402908 ) ) ;
#5386 = CARTESIAN_POINT ( 'NONE',  ( 1.661758961593128969, 0.01574803149606299191, -0.5521539799329475695 ) ) ;
#5387 = CARTESIAN_POINT ( 'NONE',  ( 1.675179354473872229, 0.01574803149606299191, -0.5926285563699443815 ) ) ;
#5388 = VERTEX_POINT ( 'NONE', #3916 ) ;
#5389 = LINE ( 'NONE', #850, #4648 ) ;
#5390 = ORIENTED_EDGE ( 'NONE', *, *, #5368, .T. ) ;
#5391 = VECTOR ( 'NONE', #1220, 39.37007874015748143 ) ;
#5392 = CARTESIAN_POINT ( 'NONE',  ( 0.7662222960214188916, 0.01574803149606299191, -0.5565724970104042324 ) ) ;
#5393 = CARTESIAN_POINT ( 'NONE',  ( 1.780722656250000258, 0.01574803149606299191, -0.4549999999999996270 ) ) ;
#5394 = CARTESIAN_POINT ( 'NONE',  ( 1.280223914385559825, 0.01574803149606299885, -0.5984885023673055526 ) ) ;
#5395 = CARTESIAN_POINT ( 'NONE',  ( 1.922548998327803682, 2.134256245050205639E-18, -0.3672395638114488436 ) ) ;
#5396 = ORIENTED_EDGE ( 'NONE', *, *, #1269, .F. ) ;
#5397 = CARTESIAN_POINT ( 'NONE',  ( 1.039887947698196813, 0.01574803149606298844, -0.3810312407221306819 ) ) ;
#5398 = CARTESIAN_POINT ( 'NONE',  ( 1.258540019606416482, 0.01574803149606299191, -0.5841697710432443014 ) ) ;
#5399 = ORIENTED_EDGE ( 'NONE', *, *, #5431, .F. ) ;
#5400 = DIRECTION ( 'NONE',  ( -0.000000000000000000, 1.000000000000000000, -0.000000000000000000 ) ) ;
#5401 = CARTESIAN_POINT ( 'NONE',  ( 1.002088250510339895, 1.067128122525102820E-17, -0.5740011074891430143 ) ) ;
#5402 = VECTOR ( 'NONE', #5457, 39.37007874015748143 ) ;
#5403 = CARTESIAN_POINT ( 'NONE',  ( 1.728877603597418489, 2.134256245050205639E-18, -0.3519658664893990374 ) ) ;
#5404 = LINE ( 'NONE', #1887, #59 ) ;
#5405 = CARTESIAN_POINT ( 'NONE',  ( 2.155515682990078119, -2.134256245050205639E-18, -0.5701577554578421969 ) ) ;
#5406 = EDGE_LOOP ( 'NONE', ( #5811, #1783, #681, #4595 ) ) ;
#5407 = CARTESIAN_POINT ( 'NONE',  ( 0.8645868836782892863, 1.067128122525102820E-17, -0.5045809187365981607 ) ) ;
#5408 = CARTESIAN_POINT ( 'NONE',  ( 1.699293453792262820, 0.01574803149606298844, -0.3910235255057066817 ) ) ;
#5409 = LINE ( 'NONE', #3407, #3177 ) ;
#5410 = ORIENTED_EDGE ( 'NONE', *, *, #6132, .T. ) ;
#5411 =( NAMED_UNIT ( * ) SI_UNIT ( $, .STERADIAN. ) SOLID_ANGLE_UNIT ( ) );
#5412 = LINE ( 'NONE', #6322, #1847 ) ;
#5413 = EDGE_LOOP ( 'NONE', ( #3650, #5943, #2675, #4283 ) ) ;
#5414 = CARTESIAN_POINT ( 'NONE',  ( 0.8572547198345604746, -2.134256245050205639E-18, -0.3782187160007872695 ) ) ;
#5415 = CARTESIAN_POINT ( 'NONE',  ( 1.350889956392551827, -2.134256245050205639E-18, -0.3537862860718630764 ) ) ;
#5416 = CARTESIAN_POINT ( 'NONE',  ( 2.124538142416017905, 0.01574803149606299191, -0.3550359142965932024 ) ) ;
#5417 = CARTESIAN_POINT ( 'NONE',  ( 2.065390625000000036, 0.01574803149606299191, -0.5549999999999996048 ) ) ;
#5418 = CARTESIAN_POINT ( 'NONE',  ( 1.209681675802368295, 0.01574803149606298844, -0.5977015484309081694 ) ) ;
#5419 = VERTEX_POINT ( 'NONE', #5901 ) ;
#5420 = CARTESIAN_POINT ( 'NONE',  ( 2.018058619720922930, 0.000000000000000000, -0.5420957048316908944 ) ) ;
#5421 = ORIENTED_EDGE ( 'NONE', *, *, #1531, .F. ) ;
#5422 = CARTESIAN_POINT ( 'NONE',  ( 1.274055251591116322, 2.134256245050205639E-18, -0.5972276466835293451 ) ) ;
#5423 = CARTESIAN_POINT ( 'NONE',  ( 1.227696700051641443, 0.01574803149606299191, -0.3700733942059166171 ) ) ;
#5424 = CARTESIAN_POINT ( 'NONE',  ( 0.7725814405943688401, -2.134256245050205639E-18, -0.5875621865935682919 ) ) ;
#5425 = CARTESIAN_POINT ( 'NONE',  ( 1.256974123533683985, 0.01574803149606299885, -0.5788327136097322079 ) ) ;
#5426 = CARTESIAN_POINT ( 'NONE',  ( 1.916637759188859036, 0.01574803149606298844, -0.3592395895217309620 ) ) ;
#5427 = VERTEX_POINT ( 'NONE', #1472 ) ;
#5428 = LINE ( 'NONE', #3841, #1334 ) ;
#5429 = CARTESIAN_POINT ( 'NONE',  ( 2.018526340272563946, 0.01574803149606299191, -0.5171883569532625957 ) ) ;
#5430 = EDGE_LOOP ( 'NONE', ( #870, #1991, #3225, #2387, #3178, #5553, #1479, #25, #2141, #2282, #2602 ) ) ;
#5431 = EDGE_CURVE ( 'NONE', #3311, #119, #3437, .T. ) ;
#5432 = CARTESIAN_POINT ( 'NONE',  ( 0.6335058593749998135, 0.000000000000000000, -0.5724804687499998046 ) ) ;
#5433 = CARTESIAN_POINT ( 'NONE',  ( 1.466589852607238287, -2.134256245050205639E-18, -0.5769510178726946492 ) ) ;
#5434 = CARTESIAN_POINT ( 'NONE',  ( 2.037521308832894729, 2.134256245050205639E-18, -0.4602926517293739472 ) ) ;
#5435 = CARTESIAN_POINT ( 'NONE',  ( 1.696250000000000258, -0.3384390870230564174, -0.3768749999999996270 ) ) ;
#5436 = CARTESIAN_POINT ( 'NONE',  ( 2.130915616304409177, 0.01574803149606299538, -0.5983008437803954971 ) ) ;
#5437 = EDGE_CURVE ( 'NONE', #2886, #706, #2104, .T. ) ;
#5438 = VERTEX_POINT ( 'NONE', #4448 ) ;
#5439 = CARTESIAN_POINT ( 'NONE',  ( 1.274204517064337905, 2.134256245050205639E-18, -0.5533191483123868215 ) ) ;
#5440 = ORIENTED_EDGE ( 'NONE', *, *, #4873, .F. ) ;
#5441 = DIRECTION ( 'NONE',  ( 0.000000000000000000, 1.000000000000000000, 0.000000000000000000 ) ) ;
#5442 = CARTESIAN_POINT ( 'NONE',  ( 1.921633409161457751, 0.01574803149606298844, -0.3905225834908275795 ) ) ;
#5443 = ORIENTED_EDGE ( 'NONE', *, *, #5486, .F. ) ;
#5444 = CARTESIAN_POINT ( 'NONE',  ( 1.230536905506808498, 2.134256245050205639E-18, -0.5713109094903326968 ) ) ;
#5445 = CARTESIAN_POINT ( 'NONE',  ( 0.6678651345918796833, 0.01574803149606299538, -0.3526363417469376427 ) ) ;
#5446 = CARTESIAN_POINT ( 'NONE',  ( 1.920551315505255596, 0.01574803149606299191, -0.3936834458637136769 ) ) ;
#5447 = CARTESIAN_POINT ( 'NONE',  ( 0.6462499999999998801, -0.1613455277634967266, -0.3841015624999998823 ) ) ;
#5448 = ORIENTED_EDGE ( 'NONE', *, *, #5077, .T. ) ;
#5449 = CARTESIAN_POINT ( 'NONE',  ( 2.005625000000000657, -0.3384390870230564174, -0.4304882812499996603 ) ) ;
#5450 = ORIENTED_EDGE ( 'NONE', *, *, #6132, .F. ) ;
#5451 = CARTESIAN_POINT ( 'NONE',  ( 0.8081017560485622697, 0.01574803149606299191, -0.3553459001920378224 ) ) ;
#5452 = CARTESIAN_POINT ( 'NONE',  ( 1.218684230502836252, 4.268512490100411279E-18, -0.3593604115310506941 ) ) ;
#5453 = CARTESIAN_POINT ( 'NONE',  ( 1.059578924695073310, 0.000000000000000000, -0.4677253770443359771 ) ) ;
#5454 = DIRECTION ( 'NONE',  ( -0.8688341344361968366, 0.000000000000000000, 0.4951032688626734735 ) ) ;
#5455 = EDGE_LOOP ( 'NONE', ( #2390, #3649, #2029, #5102 ) ) ;
#5456 = CARTESIAN_POINT ( 'NONE',  ( 1.960149673914983959, -2.134256245050205639E-18, -0.5378309883999116137 ) ) ;
#5457 = DIRECTION ( 'NONE',  ( 1.000000000000000000, 0.000000000000000000, 0.000000000000000000 ) ) ;
#5458 = CARTESIAN_POINT ( 'NONE',  ( 1.553494505357658317, -2.134256245050205639E-18, -0.3650451582485014779 ) ) ;
#5459 = CARTESIAN_POINT ( 'NONE',  ( 1.256748046874999858, -2.134256245050205639E-18, -0.5752148437499997602 ) ) ;
#5460 = VERTEX_POINT ( 'NONE', #469 ) ;
#5461 = FACE_OUTER_BOUND ( 'NONE', #2961, .T. ) ;
#5462 = EDGE_CURVE ( 'NONE', #1857, #2838, #4484, .T. ) ;
#5463 = CARTESIAN_POINT ( 'NONE',  ( 1.258574940668036213, 0.01574803149606299538, -0.5663612192562793579 ) ) ;
#5464 = CARTESIAN_POINT ( 'NONE',  ( 1.002463465363874429, 2.134256245050205639E-18, -0.5675817320605969218 ) ) ;
#5465 = CARTESIAN_POINT ( 'NONE',  ( 1.749412989529622431, 2.134256245050205639E-18, -0.3681228293667166973 ) ) ;
#5466 = DIRECTION ( 'NONE',  ( 0.4905473321475661286, 0.000000000000000000, -0.8714145482621377115 ) ) ;
#5467 = CARTESIAN_POINT ( 'NONE',  ( 0.5847892609438765099, -2.134256245050205639E-18, -0.5979503971182402733 ) ) ;
#5468 = CARTESIAN_POINT ( 'NONE',  ( 2.149690364888182437, 0.01574803149606299538, -0.5889161566075566956 ) ) ;
#5469 = ADVANCED_FACE ( 'NONE', ( #1923 ), #5972, .F. ) ;
#5470 = ADVANCED_FACE ( 'NONE', ( #2493 ), #3361, .F. ) ;
#5471 = B_SPLINE_CURVE_WITH_KNOTS ( 'NONE', 3,
 ( #2467, #4879, #1960, #4521, #5940, #3953, #4945, #909, #6550, #2433, #1446, #3471, #4380, #1410, #3441, #2934, #6485, #4277 ),
 .UNSPECIFIED., .F., .F.,
 ( 4, 2, 2, 2, 2, 2, 2, 2, 4 ),
 ( 0.000000000000000000, 0.0002214776165448037709, 0.0004429552330896075417, 0.0006644328496344112855, 0.0008859104661792150835, 0.001107388082724018773, 0.001328865699268822571, 0.001550343315813626369, 0.001771820932358430167 ),
 .UNSPECIFIED. ) ;
#5472 = ORIENTED_EDGE ( 'NONE', *, *, #1017, .F. ) ;
#5473 = CARTESIAN_POINT ( 'NONE',  ( 0.9050714368234068496, 0.01574803149606299191, -0.4956713052290548371 ) ) ;
#5474 = LINE ( 'NONE', #6487, #5084 ) ;
#5475 = SURFACE_SIDE_STYLE ('',( #3010 ) ) ;
#5476 = B_SPLINE_SURFACE_WITH_KNOTS ( 'NONE', 3, 1, ( 
 ( #856, #5856 ),
 ( #2881, #5925 ),
 ( #3774, #1261 ),
 ( #6403, #1776 ),
 ( #3288, #1876 ),
 ( #1841, #260 ),
 ( #3389, #816 ),
 ( #3321, #4799 ),
 ( #5303, #1396 ),
 ( #3870, #4302 ),
 ( #750, #1327 ) ),
 .UNSPECIFIED., .F., .F., .F.,
 ( 4, 1, 1, 1, 1, 1, 1, 1, 4 ),
 ( 2, 2 ),
 ( 0.000000000000000000, 0.09990234309578110983, 0.2055257709835192903, 0.3175884476016677116, 0.4369754934762788423, 0.5643433826929643571, 0.7008555280647251751, 0.8457252162657428185, 1.000000000000000000 ),
 ( 0.000000000000000000, 1.000000000000000000 ),
 .UNSPECIFIED. ) ;
#5477 = CARTESIAN_POINT ( 'NONE',  ( 1.554013023393086446, 0.01574803149606300232, -0.3639999860004398680 ) ) ;
#5478 = ORIENTED_EDGE ( 'NONE', *, *, #258, .T. ) ;
#5479 = PRODUCT ( 'Eggfinder LCD Case V2 Battery Door Text Inlay', 'Eggfinder LCD Case V2 Battery Door Text Inlay', '', ( #6198 ) ) ;
#5480 = CARTESIAN_POINT ( 'NONE',  ( 1.361082554932738109, -2.134256245050205639E-18, -0.3519674232326783225 ) ) ;
#5481 = CARTESIAN_POINT ( 'NONE',  ( 1.725839843749999991, 0.01574803149606299191, -0.3518749999999996603 ) ) ;
#5482 = CARTESIAN_POINT ( 'NONE',  ( 2.155625000000000568, 0.01574803149606299191, -0.3876171874999996825 ) ) ;
#5483 = CARTESIAN_POINT ( 'NONE',  ( 0.8953488090512807807, 0.01574803149606299885, -0.5548598839946181638 ) ) ;
#5484 = B_SPLINE_CURVE_WITH_KNOTS ( 'NONE', 3,
 ( #1672, #5188, #6149, #2062, #639, #3699, #5646, #6081, #3580 ),
 .UNSPECIFIED., .F., .F.,
 ( 4, 1, 1, 1, 1, 1, 4 ),
 ( 0.000000000000000000, 0.1742464364879853234, 0.3303879740395049280, 0.4671476409230844729, 0.5835125109499447182, 0.7932680569695063078, 1.000000000000000000 ),
 .UNSPECIFIED. ) ;
#5485 = CARTESIAN_POINT ( 'NONE',  ( 1.223100012046705931, 0.000000000000000000, -0.3628084645464998981 ) ) ;
#5486 = EDGE_CURVE ( 'NONE', #610, #772, #5075, .T. ) ;
#5487 = ORIENTED_EDGE ( 'NONE', *, *, #3546, .T. ) ;
#5488 = ORIENTED_EDGE ( 'NONE', *, *, #3515, .T. ) ;
#5489 = ADVANCED_FACE ( 'NONE', ( #3131 ), #130, .F. ) ;
#5490 = CARTESIAN_POINT ( 'NONE',  ( 2.137648420393957860, 2.134256245050205639E-18, -0.5968572929066623400 ) ) ;
#5491 = AXIS2_PLACEMENT_3D ( 'NONE', #939, #2962, #6444 ) ;
#5492 = CARTESIAN_POINT ( 'NONE',  ( 1.221042666609635896, 4.268512490100411279E-18, -0.3609521127092621406 ) ) ;
#5493 = PLANE ( 'NONE',  #1592 ) ;
#5494 = CARTESIAN_POINT ( 'NONE',  ( 1.960299110212897267, 0.01574803149606299191, -0.5306339247040359197 ) ) ;
#5495 = ORIENTED_EDGE ( 'NONE', *, *, #658, .T. ) ;
#5496 = CARTESIAN_POINT ( 'NONE',  ( 1.503183593749999769, 0.01574803149606299191, -0.5987499999999996714 ) ) ;
#5497 = CARTESIAN_POINT ( 'NONE',  ( 0.8001639730080880586, -2.134256245050205639E-18, -0.3902809971166886216 ) ) ;
#5498 = CARTESIAN_POINT ( 'NONE',  ( 1.549617683923966149, -2.134256245050205639E-18, -0.3771084382536133983 ) ) ;
#5499 = DIRECTION ( 'NONE',  ( 0.000000000000000000, 1.000000000000000000, 0.000000000000000000 ) ) ;
#5500 = VECTOR ( 'NONE', #2009, 39.37007874015748143 ) ;
#5501 = CARTESIAN_POINT ( 'NONE',  ( 0.9350683593749998801, 0.01574803149606299191, -0.4549999999999999045 ) ) ;
#5502 = CARTESIAN_POINT ( 'NONE',  ( 0.7724273240324029954, 0.000000000000000000, -0.5691183371486859821 ) ) ;
#5503 = CARTESIAN_POINT ( 'NONE',  ( 1.746264458495945693, 2.134256245050205639E-18, -0.3625309632307867624 ) ) ;
#5504 = CARTESIAN_POINT ( 'NONE',  ( 0.6018029364463032271, 0.01574803149606299885, -0.6018554773650260925 ) ) ;
#5505 = VECTOR ( 'NONE', #556, 39.37007874015748143 ) ;
#5506 = CARTESIAN_POINT ( 'NONE',  ( 2.155219365734996728, -2.134256245050205639E-18, -0.5740025118769892520 ) ) ;
#5507 = VECTOR ( 'NONE', #1922, 39.37007874015748143 ) ;
#5508 = CARTESIAN_POINT ( 'NONE',  ( 0.8788551225774662301, 0.01574803149606299191, -0.4982900066544706519 ) ) ;
#5509 = ORIENTED_EDGE ( 'NONE', *, *, #1318, .F. ) ;
#5510 = CARTESIAN_POINT ( 'NONE',  ( 0.7469251978107264156, 2.134256245050205639E-18, -0.6018009746601061805 ) ) ;
#5511 = LINE ( 'NONE', #1450, #6522 ) ;
#5512 = VERTEX_POINT ( 'NONE', #4148 ) ;
#5513 = VERTEX_POINT ( 'NONE', #6103 ) ;
#5514 = PLANE ( 'NONE',  #5186 ) ;
#5515 = CARTESIAN_POINT ( 'NONE',  ( 2.099375000000000213, 0.000000000000000000, -0.3987499999999996048 ) ) ;
#5516 = CARTESIAN_POINT ( 'NONE',  ( 2.140908955550691495, 0.01574803149606299191, -0.3580640958642851701 ) ) ;
#5517 = CARTESIAN_POINT ( 'NONE',  ( 1.680768299505553065, 2.134256245050205639E-18, -0.5657125978330272975 ) ) ;
#5518 = CARTESIAN_POINT ( 'NONE',  ( 1.200140307599838474, 0.000000000000000000, -0.3550356571421087182 ) ) ;
#5519 = B_SPLINE_SURFACE_WITH_KNOTS ( 'NONE', 3, 1, ( 
 ( #1678, #5195 ),
 ( #5651, #3708 ),
 ( #6120, #5227 ),
 ( #5127, #6190 ),
 ( #5585, #1064 ),
 ( #4627, #90 ),
 ( #1649, #1159 ),
 ( #5715, #1129 ),
 ( #3180, #4132 ),
 ( #6156, #1620 ),
 ( #3149, #5159 ) ),
 .UNSPECIFIED., .F., .F., .F.,
 ( 4, 1, 1, 1, 1, 1, 1, 1, 4 ),
 ( 2, 2 ),
 ( 0.000000000000000000, 0.1202561770071344793, 0.2336311288082739690, 0.3436828735499137255, 0.4563072865791955035, 0.5746948935446934970, 0.7011011373580656736, 0.8416991956304913369, 1.000000000000000000 ),
 ( 0.000000000000000000, 1.000000000000000000 ),
 .UNSPECIFIED. ) ;
#5520 = ORIENTED_EDGE ( 'NONE', *, *, #5635, .F. ) ;
#5521 = ORIENTED_EDGE ( 'NONE', *, *, #2128, .F. ) ;
#5522 = EDGE_CURVE ( 'NONE', #5976, #3934, #2018, .T. ) ;
#5523 = DIRECTION ( 'NONE',  ( 0.000000000000000000, 1.000000000000000000, 0.000000000000000000 ) ) ;
#5524 = CARTESIAN_POINT ( 'NONE',  ( 2.155625000000000568, 0.01574803149606299191, -0.3876171874999996825 ) ) ;
#5525 = CARTESIAN_POINT ( 'NONE',  ( 1.578916015624999947, 0.000000000000000000, -0.3518749999999997713 ) ) ;
#5526 = CARTESIAN_POINT ( 'NONE',  ( 1.960900675687431427, 0.01574803149606299191, -0.5251436627239783883 ) ) ;
#5527 = CARTESIAN_POINT ( 'NONE',  ( 0.9065039062499998801, 0.01574803149606299191, -0.5549999999999999378 ) ) ;
#5528 = CARTESIAN_POINT ( 'NONE',  ( 0.8242773437500000577, -2.134256245050205639E-18, -0.3518749999999999933 ) ) ;
#5529 = CARTESIAN_POINT ( 'NONE',  ( 0.9078710937500000799, 0.01574803149606299191, -0.4956249999999998712 ) ) ;
#5530 = CARTESIAN_POINT ( 'NONE',  ( 1.703964843750000124, 0.01574803149606299191, -0.4032910156249995826 ) ) ;
#5531 = EDGE_CURVE ( 'NONE', #5300, #6009, #3635, .T. ) ;
#5532 = CARTESIAN_POINT ( 'NONE',  ( 2.015146484375000213, 0.000000000000000000, -0.5293164062499996492 ) ) ;
#5533 = ORIENTED_EDGE ( 'NONE', *, *, #4150, .F. ) ;
#5534 = CARTESIAN_POINT ( 'NONE',  ( 1.772922235427479176, 0.01574803149606299538, -0.5741973516797700405 ) ) ;
#5535 = CARTESIAN_POINT ( 'NONE',  ( 0.9060300008531445570, 0.01574803149606299885, -0.4474759083672975035 ) ) ;
#5536 = CARTESIAN_POINT ( 'NONE',  ( 1.045151001658224610, 2.134256245050205639E-18, -0.5685249089783567245 ) ) ;
#5537 = CARTESIAN_POINT ( 'NONE',  ( 0.6183413950384388791, 0.01574803149606300579, -0.5949187218136424704 ) ) ;
#5538 = CARTESIAN_POINT ( 'NONE',  ( 2.152611374859917603, -2.134256245050205639E-18, -0.5837923963021980356 ) ) ;
#5539 = CARTESIAN_POINT ( 'NONE',  ( 1.041363257269023679, 2.134256245050205639E-18, -0.3685086602160759228 ) ) ;
#5540 = CARTESIAN_POINT ( 'NONE',  ( 0.8877373489994101474, 0.000000000000000000, -0.5987327012354133338 ) ) ;
#5541 = EDGE_LOOP ( 'NONE', ( #4331, #916, #955, #5785 ) ) ;
#5542 = B_SPLINE_CURVE_WITH_KNOTS ( 'NONE', 3,
 ( #3608, #2599, #5573, #2627, #6041, #1085, #3135, #1510, #4584, #1635, #2570 ),
 .UNSPECIFIED., .F., .F.,
 ( 4, 1, 1, 1, 1, 1, 1, 1, 4 ),
 ( 0.000000000000000000, 0.1852931517319184040, 0.3454152580142437756, 0.4843922580139429224, 0.5998141629284000631, 0.7014451350093728887, 0.7997714832198113966, 0.8983913349807751692, 1.000000000000000000 ),
 .UNSPECIFIED. ) ;
#5543 = CARTESIAN_POINT ( 'NONE',  ( 0.7374941078461679789, 2.134256245050205639E-18, -0.6003819839028301519 ) ) ;
#5544 = CARTESIAN_POINT ( 'NONE',  ( 0.8389257812499998357, 0.01574803149606299538, -0.5912304687499998490 ) ) ;
#5545 = ORIENTED_EDGE ( 'NONE', *, *, #4150, .T. ) ;
#5546 = EDGE_LOOP ( 'NONE', ( #34, #2412, #3446, #3951 ) ) ;
#5547 = CARTESIAN_POINT ( 'NONE',  ( 0.5733007812499998357, 0.000000000000000000, -0.5793164062499999156 ) ) ;
#5548 = CARTESIAN_POINT ( 'NONE',  ( 1.445230051491205536, 2.134256245050205639E-18, -0.5985538056116296302 ) ) ;
#5549 = CARTESIAN_POINT ( 'NONE',  ( 1.657015423178507918, 2.134256245050205639E-18, -0.5519363073328391600 ) ) ;
#5550 = EDGE_CURVE ( 'NONE', #5995, #5722, #1631, .T. ) ;
#5551 = CARTESIAN_POINT ( 'NONE',  ( 1.230594783442906293, -2.134256245050205639E-18, -0.5679089083452334430 ) ) ;
#5552 = DIRECTION ( 'NONE',  ( 0.000000000000000000, 1.000000000000000000, 0.000000000000000000 ) ) ;
#5553 = ORIENTED_EDGE ( 'NONE', *, *, #3217, .F. ) ;
#5554 =( GEOMETRIC_REPRESENTATION_CONTEXT ( 3 ) GLOBAL_UNCERTAINTY_ASSIGNED_CONTEXT ( ( #4925 ) ) GLOBAL_UNIT_ASSIGNED_CONTEXT ( ( #23, #1607, #1115 ) ) REPRESENTATION_CONTEXT ( 'NONE', 'WORKASPACE' ) );
#5555 = EDGE_LOOP ( 'NONE', ( #4450, #707, #3872, #5440 ) ) ;
#5556 = EDGE_CURVE ( 'NONE', #4224, #2986, #839, .T. ) ;
#5557 = CARTESIAN_POINT ( 'NONE',  ( 2.099375000000000213, 0.000000000000000000, -0.3987499999999996048 ) ) ;
#5558 = CARTESIAN_POINT ( 'NONE',  ( 0.6635930924006905318, 0.000000000000000000, -0.3537723651518704937 ) ) ;
#5559 = CARTESIAN_POINT ( 'NONE',  ( 1.551097732509532090, 0.01574803149606299538, -0.3706935277141287233 ) ) ;
#5560 = CARTESIAN_POINT ( 'NONE',  ( 1.043515625000000169, 0.000000000000000000, -0.5769726562499998268 ) ) ;
#5561 = VECTOR ( 'NONE', #3842, 39.37007874015748854 ) ;
#5562 = DIRECTION ( 'NONE',  ( 0.000000000000000000, 1.000000000000000000, 0.000000000000000000 ) ) ;
#5563 = EDGE_CURVE ( 'NONE', #4077, #2682, #15, .T. ) ;
#5564 = CARTESIAN_POINT ( 'NONE',  ( 1.949375000000000302, 0.000000000000000000, -0.4263378906249996603 ) ) ;
#5565 = CARTESIAN_POINT ( 'NONE',  ( 1.476914743282077502, 0.01574803149606299885, -0.5616353900488022521 ) ) ;
#5566 = CARTESIAN_POINT ( 'NONE',  ( 0.8952528546784480623, 0.01574803149606299191, -0.5548514548279475100 ) ) ;
#5567 = ADVANCED_FACE ( 'NONE', ( #6235 ), #2931, .F. ) ;
#5568 = CARTESIAN_POINT ( 'NONE',  ( 0.9464908699206241449, 2.134256245050205639E-18, -0.3767337716377486267 ) ) ;
#5569 = CARTESIAN_POINT ( 'NONE',  ( 0.9842120465599347723, 0.01574803149606299191, -0.5968761565723069706 ) ) ;
#5570 = CARTESIAN_POINT ( 'NONE',  ( 2.033280517084835815, 0.01574803149606298844, -0.5047178627920262395 ) ) ;
#5571 = CARTESIAN_POINT ( 'NONE',  ( 2.024330825051781080, 0.01574803149606299191, -0.5484414354103631650 ) ) ;
#5572 = CARTESIAN_POINT ( 'NONE',  ( 1.812851562500000124, 0.000000000000000000, -0.6018749999999996048 ) ) ;
#5573 = CARTESIAN_POINT ( 'NONE',  ( 2.052248194325323460, -2.134256245050205639E-18, -0.5019851049227387341 ) ) ;
#5574 = DIRECTION ( 'NONE',  ( -1.000000000000000000, 0.000000000000000000, 0.000000000000000000 ) ) ;
#5575 = CARTESIAN_POINT ( 'NONE',  ( 1.266803859473890181, 0.01574803149606299191, -0.5569736609723502374 ) ) ;
#5576 = CARTESIAN_POINT ( 'NONE',  ( 1.549519568870861175, 0.01574803149606299538, -0.3799159583051615607 ) ) ;
#5577 = EDGE_LOOP ( 'NONE', ( #3684, #3263, #6315, #1511, #5352, #4412 ) ) ;
#5578 = ORIENTED_EDGE ( 'NONE', *, *, #2000, .T. ) ;
#5579 = CARTESIAN_POINT ( 'NONE',  ( 1.869125737604025117, 0.01574803149606299538, -0.3758027881016989258 ) ) ;
#5580 = CARTESIAN_POINT ( 'NONE',  ( 1.441323959406033195, 2.134256245050205639E-18, -0.5986823350490794171 ) ) ;
#5581 = EDGE_CURVE ( 'NONE', #3109, #179, #5897, .T. ) ;
#5582 = LINE ( 'NONE', #547, #1487 ) ;
#5583 = VERTEX_POINT ( 'NONE', #6340 ) ;
#5584 = ORIENTED_EDGE ( 'NONE', *, *, #6541, .T. ) ;
#5585 = CARTESIAN_POINT ( 'NONE',  ( 1.378777831496326156, 0.01574803149606299191, -0.3563179182539748524 ) ) ;
#5586 = PLANE ( 'NONE',  #4859 ) ;
#5587 = CARTESIAN_POINT ( 'NONE',  ( 2.127608818084147035, 0.01574803149606299191, -0.3551159514348063984 ) ) ;
#5588 = B_SPLINE_CURVE_WITH_KNOTS ( 'NONE', 3,
 ( #5356, #1453, #6015, #5483, #4496, #6526 ),
 .UNSPECIFIED., .F., .F.,
 ( 4, 2, 4 ),
 ( 0.000000000000000000, 0.0004240391960400183898, 0.0008480783920800367796 ),
 .UNSPECIFIED. ) ;
#5589 = CARTESIAN_POINT ( 'NONE',  ( 0.8159448761779440895, 0.000000000000000000, -0.3526310699829715012 ) ) ;
#5590 = CARTESIAN_POINT ( 'NONE',  ( 0.8638504318134954119, 0.01574803149606299538, -0.5458075282356490421 ) ) ;
#5591 = CARTESIAN_POINT ( 'NONE',  ( 1.960888419420641293, -2.134256245050205639E-18, -0.5461139639397929457 ) ) ;
#5592 = DIRECTION ( 'NONE',  ( -1.000000000000000000, 0.000000000000000000, 0.000000000000000000 ) ) ;
#5593 = CARTESIAN_POINT ( 'NONE',  ( 0.9065039062499998801, 0.01574803149606299191, -0.5549999999999999378 ) ) ;
#5594 = EDGE_LOOP ( 'NONE', ( #1285, #4845, #1726, #4865, #1647, #4682, #862, #2235, #4430, #924, #2608 ) ) ;
#5595 = ORIENTED_EDGE ( 'NONE', *, *, #4871, .F. ) ;
#5596 = DIRECTION ( 'NONE',  ( 1.000000000000000000, 0.000000000000000000, 0.000000000000000000 ) ) ;
#5597 = CARTESIAN_POINT ( 'NONE',  ( 1.712015291130599692, 0.01574803149606299885, -0.3545187222109924541 ) ) ;
#5598 = CARTESIAN_POINT ( 'NONE',  ( 1.269866984084154993, 0.01574803149606298844, -0.5549186550486153724 ) ) ;
#5599 = CARTESIAN_POINT ( 'NONE',  ( 0.7633551266203630892, -2.134256245050205639E-18, -0.5519369318798944546 ) ) ;
#5600 = VECTOR ( 'NONE', #380, 39.37007874015748143 ) ;
#5601 = CARTESIAN_POINT ( 'NONE',  ( 0.7599707031249997025, 0.000000000000000000, -0.5464062499999999822 ) ) ;
#5602 = CARTESIAN_POINT ( 'NONE',  ( 2.034119379407502759, 0.000000000000000000, -0.5521202448139377328 ) ) ;
#5603 = VECTOR ( 'NONE', #1941, 39.37007874015748143 ) ;
#5604 = CARTESIAN_POINT ( 'NONE',  ( 0.8111839591274118133, 0.000000000000000000, -0.4896144784986271592 ) ) ;
#5605 = CARTESIAN_POINT ( 'NONE',  ( 1.039658203125000124, 0.000000000000000000, -0.3767285156249997602 ) ) ;
#5606 = EDGE_CURVE ( 'NONE', #5649, #3335, #2514, .T. ) ;
#5607 = CARTESIAN_POINT ( 'NONE',  ( 0.8610875850729554637, 0.000000000000000000, -0.5972677263151885407 ) ) ;
#5608 = CARTESIAN_POINT ( 'NONE',  ( 1.258523470578388537, 0.000000000000000000, -0.5662579296143114282 ) ) ;
#5609 = CARTESIAN_POINT ( 'NONE',  ( 1.973194508960156357, 0.01574803149606299191, -0.4751882811068166013 ) ) ;
#5610 = CARTESIAN_POINT ( 'NONE',  ( 0.8891101424534403330, 0.01574803149606299191, -0.4292565224545184521 ) ) ;
#5611 = EDGE_CURVE ( 'NONE', #6382, #3992, #4337, .T. ) ;
#5612 = PRESENTATION_LAYER_ASSIGNMENT (  '', '', ( #2864 ) ) ;
#5613 = ORIENTED_EDGE ( 'NONE', *, *, #2862, .F. ) ;
#5614 = CARTESIAN_POINT ( 'NONE',  ( 1.965269277469989806, 0.01574803149606299191, -0.3815504561701469899 ) ) ;
#5615 = LINE ( 'NONE', #5515, #2099 ) ;
#5616 = CARTESIAN_POINT ( 'NONE',  ( 2.015146484375000213, 0.000000000000000000, -0.5293164062499996492 ) ) ;
#5617 = CARTESIAN_POINT ( 'NONE',  ( 0.7134863281249997913, 0.01574803149606299191, -0.5724804687499998046 ) ) ;
#5618 = VERTEX_POINT ( 'NONE', #3261 ) ;
#5619 = ORIENTED_EDGE ( 'NONE', *, *, #4068, .F. ) ;
#5620 = CARTESIAN_POINT ( 'NONE',  ( 0.7490332031249997691, 0.000000000000000000, -0.6018749999999998268 ) ) ;
#5621 = CARTESIAN_POINT ( 'NONE',  ( 2.007076865198097693, 0.01574803149606299885, -0.4411508333295531270 ) ) ;
#5622 = CARTESIAN_POINT ( 'NONE',  ( 2.144787364843731670, 0.01574803149606299191, -0.3596693259902299933 ) ) ;
#5623 = CARTESIAN_POINT ( 'NONE',  ( 0.7960450342067504348, 0.000000000000000000, -0.3689510087409929584 ) ) ;
#5624 = CARTESIAN_POINT ( 'NONE',  ( 0.8707782726507332649, 0.01574803149606299191, -0.5504825812629221549 ) ) ;
#5625 = DIRECTION ( 'NONE',  ( 0.9463118200635421973, 0.000000000000000000, 0.3232552230173955654 ) ) ;
#5626 = PLANE ( 'NONE',  #2447 ) ;
#5627 = CARTESIAN_POINT ( 'NONE',  ( 1.472373046875000036, 0.01574803149606299538, -0.5752148437499997602 ) ) ;
#5628 = ORIENTED_EDGE ( 'NONE', *, *, #5244, .F. ) ;
#5629 = LINE ( 'NONE', #6099, #1376 ) ;
#5630 = PLANE ( 'NONE',  #206 ) ;
#5631 = DIRECTION ( 'NONE',  ( -0.000000000000000000, 0.000000000000000000, -1.000000000000000000 ) ) ;
#5632 = CARTESIAN_POINT ( 'NONE',  ( 1.054607757160013204, 0.01574803149606298844, -0.5583912136213131649 ) ) ;
#5633 = DIRECTION ( 'NONE',  ( 0.000000000000000000, 1.000000000000000000, 0.000000000000000000 ) ) ;
#5634 = CARTESIAN_POINT ( 'NONE',  ( 2.065390625000000036, 0.01574803149606299191, -0.5549999999999996048 ) ) ;
#5635 = EDGE_CURVE ( 'NONE', #3911, #1028, #6140, .T. ) ;
#5636 = B_SPLINE_CURVE_WITH_KNOTS ( 'NONE', 3,
 ( #2209, #5261, #4194, #2101, #4130, #5226, #6222, #4596, #673, #6154, #1126, #2640, #4655, #2142, #2531, #1022, #6105, #47, #4054 ),
 .UNSPECIFIED., .F., .F.,
 ( 4, 1, 1, 1, 1, 1, 1, 1, 1, 1, 1, 1, 1, 1, 1, 1, 4 ),
 ( 0.000000000000000000, 0.08813148623672574511, 0.1710875500533190485, 0.2491832337424138288, 0.3211275929974093946, 0.3892840120921263747, 0.4529417320694836269, 0.5124062842267692597, 0.5689367804306739718, 0.6230268497017521501, 0.6751232515779383991, 0.7260154352258681998, 0.7777339998492147632, 0.8294971590612504331, 0.8838531856309457257, 0.9399226188883623712, 1.000000000000000000 ),
 .UNSPECIFIED. ) ;
#5637 = B_SPLINE_CURVE_WITH_KNOTS ( 'NONE', 3,
 ( #968, #3423, #891, #4434, #1491, #929, #1, #5422, #3554, #1458, #3525 ),
 .UNSPECIFIED., .F., .F.,
 ( 4, 1, 1, 1, 1, 1, 1, 1, 4 ),
 ( 0.000000000000000000, 0.1060906697330112891, 0.2090115776995905561, 0.3156469737290488187, 0.4285140007504093518, 0.5499757923008365967, 0.6823205440139095135, 0.8302332629038022827, 1.000000000000000000 ),
 .UNSPECIFIED. ) ;
#5638 = CARTESIAN_POINT ( 'NONE',  ( 1.056117469006716547, 2.134256245050205639E-18, -0.3563988787599839392 ) ) ;
#5639 = CARTESIAN_POINT ( 'NONE',  ( 0.9350683593749998801, 0.000000000000000000, -0.4549999999999999045 ) ) ;
#5640 = CARTESIAN_POINT ( 'NONE',  ( 0.000000000000000000, 0.000000000000000000, 0.000000000000000000 ) ) ;
#5641 = CARTESIAN_POINT ( 'NONE',  ( 1.994394531249999991, 0.01574803149606299191, -0.4849804687499996159 ) ) ;
#5642 = ADVANCED_FACE ( 'NONE', ( #5210 ), #5336, .F. ) ;
#5643 = CARTESIAN_POINT ( 'NONE',  ( 1.992324736296048115, 0.01574803149606299191, -0.5888638714967805443 ) ) ;
#5644 = EDGE_CURVE ( 'NONE', #1772, #1870, #2354, .T. ) ;
#5645 = ORIENTED_EDGE ( 'NONE', *, *, #3429, .T. ) ;
#5646 = CARTESIAN_POINT ( 'NONE',  ( 1.924111888021376338, -2.134256245050205639E-18, -0.3820511914411235943 ) ) ;
#5647 = LINE ( 'NONE', #3144, #5935 ) ;
#5648 = CARTESIAN_POINT ( 'NONE',  ( 1.549374999999999725, -1.365923996832131609E-16, -0.5518749999999997824 ) ) ;
#5649 = VERTEX_POINT ( 'NONE', #897 ) ;
#5650 = ORIENTED_EDGE ( 'NONE', *, *, #5437, .F. ) ;
#5651 = CARTESIAN_POINT ( 'NONE',  ( 1.365191665059306336, 0.01574803149606299191, -0.3519525788324339710 ) ) ;
#5652 = CARTESIAN_POINT ( 'NONE',  ( 0.6203407292298560582, 2.134256245050205639E-18, -0.5928229463476700767 ) ) ;
#5653 = CARTESIAN_POINT ( 'NONE',  ( 0.6539865169830627600, 0.01574803149606299885, -0.3603921494036425588 ) ) ;
#5654 = LINE ( 'NONE', #1068, #5 ) ;
#5655 = CARTESIAN_POINT ( 'NONE',  ( 0.8877373489994101474, 0.000000000000000000, -0.5987327012354133338 ) ) ;
#5656 = VERTEX_POINT ( 'NONE', #5929 ) ;
#5657 = CARTESIAN_POINT ( 'NONE',  ( 1.484411253098862904, 0.01574803149606299191, -0.5555375894150006433 ) ) ;
#5658 = DIRECTION ( 'NONE',  ( 0.000000000000000000, 0.000000000000000000, -1.000000000000000000 ) ) ;
#5659 = VECTOR ( 'NONE', #3670, 39.37007874015748143 ) ;
#5660 = CARTESIAN_POINT ( 'NONE',  ( 0.8859203849865576741, 0.000000000000000000, -0.5542295489844871748 ) ) ;
#5661 = VERTEX_POINT ( 'NONE', #860 ) ;
#5662 = VECTOR ( 'NONE', #4605, 39.37007874015748143 ) ;
#5663 = CARTESIAN_POINT ( 'NONE',  ( 1.989414062500000080, 0.000000000000000000, -0.3638378906249996048 ) ) ;
#5664 = CARTESIAN_POINT ( 'NONE',  ( 0.6760351562499999911, 0.01574803149606299191, -0.3518749999999999933 ) ) ;
#5665 = CARTESIAN_POINT ( 'NONE',  ( 1.054607757160013204, 2.134256245050205639E-18, -0.5583912136213131649 ) ) ;
#5666 = CARTESIAN_POINT ( 'NONE',  ( 2.023436009275845215, 2.134256245050205639E-18, -0.3561249584995162532 ) ) ;
#5667 = CARTESIAN_POINT ( 'NONE',  ( 2.037521308832894729, 1.707404996040164512E-17, -0.4602926517293739472 ) ) ;
#5668 = EDGE_CURVE ( 'NONE', #3744, #3890, #276, .T. ) ;
#5669 = CARTESIAN_POINT ( 'NONE',  ( 1.840323965495518133, 2.134256245050205639E-18, -0.5901731642048090309 ) ) ;
#5670 = DIRECTION ( 'NONE',  ( 0.000000000000000000, -0.000000000000000000, -1.000000000000000000 ) ) ;
#5671 = CARTESIAN_POINT ( 'NONE',  ( 0.7996311858978935039, 0.01574803149606299191, -0.5212624163957997325 ) ) ;
#5672 = EDGE_CURVE ( 'NONE', #4454, #4100, #2919, .T. ) ;
#5673 = DIRECTION ( 'NONE',  ( -1.000000000000000000, 0.000000000000000000, 0.000000000000000000 ) ) ;
#5674 = EDGE_CURVE ( 'NONE', #3992, #6421, #5428, .T. ) ;
#5675 = DIRECTION ( 'NONE',  ( -0.000000000000000000, 0.000000000000000000, 1.000000000000000000 ) ) ;
#5676 = ORIENTED_EDGE ( 'NONE', *, *, #249, .F. ) ;
#5677 = CARTESIAN_POINT ( 'NONE',  ( 1.962328827650228424, 0.01574803149606299191, -0.3854515484883768162 ) ) ;
#5678 = CARTESIAN_POINT ( 'NONE',  ( 0.7009459247637601642, 2.134256245050205639E-18, -0.3702123325273271592 ) ) ;
#5679 = CARTESIAN_POINT ( 'NONE',  ( 2.016125547921755690, 2.134256245050205639E-18, -0.5224537783426569382 ) ) ;
#5680 = DIRECTION ( 'NONE',  ( 0.000000000000000000, 1.000000000000000000, 0.000000000000000000 ) ) ;
#5681 = ORIENTED_EDGE ( 'NONE', *, *, #1917, .T. ) ;
#5682 = ADVANCED_FACE ( 'NONE', ( #462 ), #386, .F. ) ;
#5683 = CARTESIAN_POINT ( 'NONE',  ( 0.7702603667664941200, 0.01574803149606299885, -0.5915964491401602965 ) ) ;
#5684 = CARTESIAN_POINT ( 'NONE',  ( 2.043284792231849334, 0.01574803149606299191, -0.4610301464951786499 ) ) ;
#5685 = CARTESIAN_POINT ( 'NONE',  ( 2.052548828125000391, 0.01574803149606299191, -0.3987499999999996048 ) ) ;
#5686 = CARTESIAN_POINT ( 'NONE',  ( 0.8239424962874418723, 0.01574803149606298844, -0.4316475098899403839 ) ) ;
#5687 = CARTESIAN_POINT ( 'NONE',  ( 0.7735084870670380086, 0.01574803149606299191, -0.5850085462430613115 ) ) ;
#5688 = EDGE_CURVE ( 'NONE', #226, #4533, #4972, .T. ) ;
#5689 = ORIENTED_EDGE ( 'NONE', *, *, #2634, .T. ) ;
#5690 = CARTESIAN_POINT ( 'NONE',  ( 0.9463329290051681886, 2.134256245050205639E-18, -0.3812447377360929646 ) ) ;
#5691 = CARTESIAN_POINT ( 'NONE',  ( 1.063720114036624365, 0.01574803149606299191, -0.5015975517369541947 ) ) ;
#5692 = EDGE_CURVE ( 'NONE', #2810, #138, #3496, .T. ) ;
#5693 = CARTESIAN_POINT ( 'NONE',  ( 0.000000000000000000, 0.000000000000000000, 0.000000000000000000 ) ) ;
#5694 = ORIENTED_EDGE ( 'NONE', *, *, #2654, .F. ) ;
#5695 = CARTESIAN_POINT ( 'NONE',  ( 1.708839956445569630, 0.01574803149606299191, -0.3561818302577285933 ) ) ;
#5696 = DIRECTION ( 'NONE',  ( -1.000000000000000000, 0.000000000000000000, 0.000000000000000000 ) ) ;
#5697 = CARTESIAN_POINT ( 'NONE',  ( 0.7742049891809907880, -2.134256245050205639E-18, -0.5755946444059838463 ) ) ;
#5698 = CARTESIAN_POINT ( 'NONE',  ( 0.8720118031735561992, 0.000000000000000000, -0.5510334371996690184 ) ) ;
#5699 = CARTESIAN_POINT ( 'NONE',  ( 2.015185922238332594, 0.01574803149606299191, -0.5305390097726849774 ) ) ;
#5700 = CARTESIAN_POINT ( 'NONE',  ( 1.796794995144111562, 0.01574803149606299538, -0.5994440785934681548 ) ) ;
#5701 = CARTESIAN_POINT ( 'NONE',  ( 0.9899208337989379158, 2.134256245050205639E-18, -0.5943890405562933799 ) ) ;
#5702 = AXIS2_PLACEMENT_3D ( 'NONE', #4348, #3790, #2734 ) ;
#5703 = CARTESIAN_POINT ( 'NONE',  ( 0.7952688206853276709, 0.01574803149606299538, -0.3713931034677105947 ) ) ;
#5704 = PLANE ( 'NONE',  #4452 ) ;
#5705 = FACE_OUTER_BOUND ( 'NONE', #2068, .T. ) ;
#5706 = VECTOR ( 'NONE', #4723, 39.37007874015748143 ) ;
#5707 = CARTESIAN_POINT ( 'NONE',  ( 1.981745340449100778, 0.01574803149606299191, -0.5816533878202538865 ) ) ;
#5708 = CARTESIAN_POINT ( 'NONE',  ( 0.8891101424534403330, 1.067128122525102820E-17, -0.4292565224545184521 ) ) ;
#5709 = AXIS2_PLACEMENT_3D ( 'NONE', #2650, #5625, #1716 ) ;
#5710 = CARTESIAN_POINT ( 'NONE',  ( 1.361082554932738109, 2.134256245050205639E-18, -0.3519674232326783225 ) ) ;
#5711 = CARTESIAN_POINT ( 'NONE',  ( 1.949419513349369248, 0.01574803149606299191, -0.4281617853978655353 ) ) ;
#5712 = CARTESIAN_POINT ( 'NONE',  ( 1.002382405334706350, 0.01574803149606299538, -0.3802448680787833823 ) ) ;
#5713 = VERTEX_POINT ( 'NONE', #1465 ) ;
#5714 = AXIS2_PLACEMENT_3D ( 'NONE', #4816, #5257, #277 ) ;
#5715 = CARTESIAN_POINT ( 'NONE',  ( 1.388371355229868653, 0.01574803149606299191, -0.3702560611866932971 ) ) ;
#5716 = CARTESIAN_POINT ( 'NONE',  ( 1.549374999999999725, 0.01574803149606299191, -0.5518749999999997824 ) ) ;
#5717 = CARTESIAN_POINT ( 'NONE',  ( 1.472373046874999813, 2.134256245050205639E-18, -0.5752148437499997602 ) ) ;
#5718 = AXIS2_PLACEMENT_3D ( 'NONE', #4198, #1714, #2277 ) ;
#5719 = CARTESIAN_POINT ( 'NONE',  ( 0.8061553213852260535, 6.402768735150616918E-18, -0.4028098203996691162 ) ) ;
#5720 = CARTESIAN_POINT ( 'NONE',  ( 1.480008706977417710, 0.01574803149606299191, -0.5585927161988891720 ) ) ;
#5721 = ADVANCED_FACE ( 'NONE', ( #1366 ), #4900, .F. ) ;
#5722 = VERTEX_POINT ( 'NONE', #2484 ) ;
#5723 = ORIENTED_EDGE ( 'NONE', *, *, #2525, .T. ) ;
#5724 = CARTESIAN_POINT ( 'NONE',  ( 0.8592821136033946816, -2.134256245050205639E-18, -0.3814843215526982356 ) ) ;
#5725 = CARTESIAN_POINT ( 'NONE',  ( 0.9350683593749998801, 0.01574803149606299191, -0.4549999999999999045 ) ) ;
#5726 = CARTESIAN_POINT ( 'NONE',  ( 1.347398488866196287, 0.01574803149606299885, -0.3555606444533241373 ) ) ;
#5727 = CARTESIAN_POINT ( 'NONE',  ( 1.226204831151048502, 0.01574803149606299538, -0.3662442408663231230 ) ) ;
#5728 = LINE ( 'NONE', #1778, #4442 ) ;
#5729 = ADVANCED_FACE ( 'NONE', ( #4410 ), #6442, .F. ) ;
#5730 = CARTESIAN_POINT ( 'NONE',  ( 0.8281254096925321218, 0.01574803149606299538, -0.4738779710854437166 ) ) ;
#5731 = CARTESIAN_POINT ( 'NONE',  ( 0.8557758369944133969, 0.01574803149606299885, -0.5299954653883763855 ) ) ;
#5732 = CARTESIAN_POINT ( 'NONE',  ( 2.006281153793187499, 1.707404996040164512E-17, -0.4379197432444212890 ) ) ;
#5733 = B_SPLINE_CURVE_WITH_KNOTS ( 'NONE', 3,
 ( #6341, #2852, #233, #2320, #3724, #1265, #823, #6272, #1815, #4338, #265 ),
 .UNSPECIFIED., .F., .F.,
 ( 4, 1, 1, 1, 1, 1, 1, 1, 4 ),
 ( 0.000000000000000000, 0.1058210192967740104, 0.2099298422607748238, 0.3163436219705909602, 0.4307797947078170209, 0.5517064763438133124, 0.6844415692242771243, 0.8320546424378063577, 1.000000000000000000 ),
 .UNSPECIFIED. ) ;
#5734 = CARTESIAN_POINT ( 'NONE',  ( 0.9050714368234068496, -4.268512490100411279E-18, -0.4956713052290548371 ) ) ;
#5735 = CARTESIAN_POINT ( 'NONE',  ( 1.039658203125000124, 0.01574803149606298844, -0.3767285156249997602 ) ) ;
#5736 = CARTESIAN_POINT ( 'NONE',  ( 0.8159448761779440895, 1.067128122525102820E-17, -0.3526310699829715012 ) ) ;
#5737 = CARTESIAN_POINT ( 'NONE',  ( 1.043515625000000169, 0.01574803149606299191, -0.5769726562499998268 ) ) ;
#5738 = CARTESIAN_POINT ( 'NONE',  ( 1.002499999999999947, 0.000000000000000000, -0.5662304687499998268 ) ) ;
#5739 = CARTESIAN_POINT ( 'NONE',  ( 0.6335058593749998135, 0.01574803149606299885, -0.5724804687499998046 ) ) ;
#5740 = CARTESIAN_POINT ( 'NONE',  ( 2.007622492717098250, 0.01574803149606299191, -0.5951109971114213470 ) ) ;
#5741 = EDGE_LOOP ( 'NONE', ( #6440, #53, #4656, #1959, #3920, #3808, #446, #2046, #5521, #2705, #4499, #4098, #3470 ) ) ;
#5742 = CARTESIAN_POINT ( 'NONE',  ( 1.052108657048715701, 0.01574803149606299191, -0.3577652388155079244 ) ) ;
#5743 = CARTESIAN_POINT ( 'NONE',  ( 0.6815702274019851403, 2.134256245050205639E-18, -0.3521196518815560283 ) ) ;
#5744 = CARTESIAN_POINT ( 'NONE',  ( 1.654892578124999680, -0.1613455277634967266, -0.5518749999999997824 ) ) ;
#5745 = CARTESIAN_POINT ( 'NONE',  ( 1.753809861564878281, 0.000000000000000000, -0.3778433458443091753 ) ) ;
#5746 =( NAMED_UNIT ( * ) SI_UNIT ( $, .STERADIAN. ) SOLID_ANGLE_UNIT ( ) );
#5747 = CARTESIAN_POINT ( 'NONE',  ( 1.503183593749999769, 0.01574803149606299191, -0.5518749999999997824 ) ) ;
#5748 = ADVANCED_FACE ( 'NONE', ( #2739 ), #4045, .T. ) ;
#5749 = CARTESIAN_POINT ( 'NONE',  ( 0.9059995641012210665, 2.134256245050205639E-18, -0.4474271371040738909 ) ) ;
#5750 = CARTESIAN_POINT ( 'NONE',  ( 1.605445111149788939, 2.134256245050205639E-18, -0.3768347480884960410 ) ) ;
#5751 = CARTESIAN_POINT ( 'NONE',  ( 1.496105986326241366, 0.01574803149606299885, -0.5985482803997088652 ) ) ;
#5752 = CARTESIAN_POINT ( 'NONE',  ( 1.654892578124999680, 0.01574803149606299191, -0.5987499999999996714 ) ) ;
#5753 = ORIENTED_EDGE ( 'NONE', *, *, #5253, .T. ) ;
#5754 = CARTESIAN_POINT ( 'NONE',  ( 1.489829517064337416, 0.000000000000000000, -0.5533191483123864884 ) ) ;
#5755 = CARTESIAN_POINT ( 'NONE',  ( 1.052890625000000080, 0.01574803149606299191, -0.4832714843749997824 ) ) ;
#5756 = EDGE_CURVE ( 'NONE', #119, #3875, #2504, .T. ) ;
#5757 = EDGE_CURVE ( 'NONE', #5460, #803, #1595, .T. ) ;
#5758 = CARTESIAN_POINT ( 'NONE',  ( 1.989414062500000080, 0.01574803149606299191, -0.3638378906249996048 ) ) ;
#5759 = CARTESIAN_POINT ( 'NONE',  ( 1.817851614616262435, -2.134256245050205639E-18, -0.6017770853324970748 ) ) ;
#5760 = CARTESIAN_POINT ( 'NONE',  ( 1.363291015624999769, 0.01574803149606299191, -0.3518749999999997713 ) ) ;
#5761 = CARTESIAN_POINT ( 'NONE',  ( 0.7735391292968318844, 0.01574803149606299538, -0.5724441784463589755 ) ) ;
#5762 = CARTESIAN_POINT ( 'NONE',  ( 0.8242773437499998357, 1.067128122525102820E-17, -0.3518749999999999378 ) ) ;
#5763 = CARTESIAN_POINT ( 'NONE',  ( 0.8733496093749999467, 0.000000000000000000, -0.5516308593749998934 ) ) ;
#5764 = CARTESIAN_POINT ( 'NONE',  ( 1.045151001658224610, 0.000000000000000000, -0.5685249089783567245 ) ) ;
#5765 = ORIENTED_EDGE ( 'NONE', *, *, #4117, .T. ) ;
#5766 = AXIS2_PLACEMENT_3D ( 'NONE', #1765, #4749, #838 ) ;
#5767 = DIRECTION ( 'NONE',  ( 0.000000000000000000, 0.000000000000000000, -1.000000000000000000 ) ) ;
#5768 = CARTESIAN_POINT ( 'NONE',  ( 0.7632015803801145415, -2.134256245050205639E-18, -0.5981406691607316084 ) ) ;
#5769 = CARTESIAN_POINT ( 'NONE',  ( 0.9945309130506972961, 2.134256245050205639E-18, -0.5909441995387920699 ) ) ;
#5770 = CARTESIAN_POINT ( 'NONE',  ( 0.8004651342793416280, 0.01574803149606299538, -0.3613520550473519610 ) ) ;
#5771 = DIRECTION ( 'NONE',  ( -1.000000000000000000, 0.000000000000000000, 0.000000000000000000 ) ) ;
#5772 = CARTESIAN_POINT ( 'NONE',  ( 2.127607861682112578, 0.01574803149606299538, -0.5987237825327110796 ) ) ;
#5773 = CARTESIAN_POINT ( 'NONE',  ( 1.657015423178507918, 0.01574803149606299538, -0.5519363073328391600 ) ) ;
#5774 = VERTEX_POINT ( 'NONE', #3029 ) ;
#5775 = CARTESIAN_POINT ( 'NONE',  ( 1.389937715287782982, 0.000000000000000000, -0.3815535789347728191 ) ) ;
#5776 = CARTESIAN_POINT ( 'NONE',  ( 0.9538879447609153184, 2.134256245050205639E-18, -0.3601458437950539326 ) ) ;
#5777 = PLANE ( 'NONE',  #5714 ) ;
#5778 = CARTESIAN_POINT ( 'NONE',  ( 0.8903237402554670110, 0.000000000000000000, -0.5545238095568543191 ) ) ;
#5779 = CARTESIAN_POINT ( 'NONE',  ( 0.5846748736189485429, 0.01574803149606299885, -0.5525432409604584816 ) ) ;
#5780 = ORIENTED_EDGE ( 'NONE', *, *, #6128, .F. ) ;
#5781 = CARTESIAN_POINT ( 'NONE',  ( 2.020499823974248876, 0.000000000000000000, -0.4047251905297042929 ) ) ;
#5782 = CARTESIAN_POINT ( 'NONE',  ( 1.465143299505553109, 0.000000000000000000, -0.5657125978330272975 ) ) ;
#5783 = CARTESIAN_POINT ( 'NONE',  ( 1.476546996622273955, 2.134256245050205639E-18, -0.5882203109763198823 ) ) ;
#5784 = CARTESIAN_POINT ( 'NONE',  ( 1.680645833859509608, 2.134256245050205639E-18, -0.5849964332278518864 ) ) ;
#5785 = ORIENTED_EDGE ( 'NONE', *, *, #5757, .F. ) ;
#5786 = CARTESIAN_POINT ( 'NONE',  ( 0.5734155944444501163, 2.134256245050205639E-18, -0.5761188022559019517 ) ) ;
#5787 = ORIENTED_EDGE ( 'NONE', *, *, #301, .T. ) ;
#5788 = CARTESIAN_POINT ( 'NONE',  ( 0.7731838154108059413, 0.01574803149606299191, -0.5713488728913865833 ) ) ;
#5789 = B_SPLINE_CURVE_WITH_KNOTS ( 'NONE', 3,
 ( #2309, #3285, #5853, #5884, #4759, #3419, #3352, #1773, #2280, #2745, #5359, #1356, #778, #6432 ),
 .UNSPECIFIED., .F., .F.,
 ( 4, 2, 2, 2, 2, 2, 4 ),
 ( 0.000000000000000000, 0.0002025974445946102846, 0.0004051948891892205693, 0.0006077923337838308810, 0.0008103897783784411385, 0.001215584667567661762, 0.001620779556756882277 ),
 .UNSPECIFIED. ) ;
#5790 = CARTESIAN_POINT ( 'NONE',  ( 2.127212385980685294, 0.000000000000000000, -0.3551053176900343389 ) ) ;
#5791 = CARTESIAN_POINT ( 'NONE',  ( 0.7743261718749997469, 0.01574803149606299538, -0.5786328124999998712 ) ) ;
#5792 = CARTESIAN_POINT ( 'NONE',  ( 0.8603613281249998801, 0.000000000000000000, -0.3832226562499999045 ) ) ;
#5793 = CARTESIAN_POINT ( 'NONE',  ( 1.682079730355532377, 2.134256245050205639E-18, -0.5802879112056273936 ) ) ;
#5794 = CARTESIAN_POINT ( 'NONE',  ( 1.065772183231178394, 0.000000000000000000, -0.5551653707491407408 ) ) ;
#5795 = CARTESIAN_POINT ( 'NONE',  ( 1.801733752442519654, 0.01574803149606299538, -0.6008235063121643016 ) ) ;
#5796 = CARTESIAN_POINT ( 'NONE',  ( 1.442667345463775952, 0.01574803149606299191, -0.5986381311105867242 ) ) ;
#5797 = CARTESIAN_POINT ( 'NONE',  ( 1.081015625000000036, 0.01574803149606299191, -0.5049999999999997824 ) ) ;
#5798 = CARTESIAN_POINT ( 'NONE',  ( 1.472464987932752045, 2.134256245050205639E-18, -0.5767569221631013709 ) ) ;
#5799 = CARTESIAN_POINT ( 'NONE',  ( 2.146278909872404217, 0.01574803149606299191, -0.5924555986807459318 ) ) ;
#5800 = CARTESIAN_POINT ( 'NONE',  ( 0.8091341922323525004, 0.000000000000000000, -0.5658634479770278114 ) ) ;
#5801 = EDGE_CURVE ( 'NONE', #3404, #1443, #1530, .T. ) ;
#5802 = ORIENTED_EDGE ( 'NONE', *, *, #4440, .T. ) ;
#5803 = VECTOR ( 'NONE', #872, 39.37007874015748143 ) ;
#5804 = CARTESIAN_POINT ( 'NONE',  ( 1.065332162573307206, 0.01574803149606299191, -0.3550877770290937763 ) ) ;
#5805 = CARTESIAN_POINT ( 'NONE',  ( 0.9871366733375711577, -2.134256245050205639E-18, -0.3537567205312971974 ) ) ;
#5806 = CARTESIAN_POINT ( 'NONE',  ( 1.597158573599793963, 0.01574803149606299191, -0.3585171195548840228 ) ) ;
#5807 = PRESENTATION_STYLE_ASSIGNMENT (( #5258 ) ) ;
#5808 = EDGE_CURVE ( 'NONE', #6112, #3598, #4006, .T. ) ;
#5809 = LINE ( 'NONE', #5876, #5346 ) ;
#5810 = VECTOR ( 'NONE', #4472, 39.37007874015748143 ) ;
#5811 = ORIENTED_EDGE ( 'NONE', *, *, #2723, .F. ) ;
#5812 = B_SPLINE_CURVE_WITH_KNOTS ( 'NONE', 3,
 ( #6355, #1249, #3376, #4818, #5321, #4388, #5351, #1860, #878, #281, #2302 ),
 .UNSPECIFIED., .F., .F.,
 ( 4, 1, 1, 1, 1, 1, 1, 1, 4 ),
 ( 0.000000000000000000, 0.1057594764548522859, 0.2093545853140151847, 0.3172085121521444062, 0.4314157309710813237, 0.5541414567601825603, 0.6855732539657957147, 0.8335399495945589043, 1.000000000000000000 ),
 .UNSPECIFIED. ) ;
#5813 = CARTESIAN_POINT ( 'NONE',  ( 2.027864862630908149, 0.01574803149606299191, -0.4017269596091236350 ) ) ;
#5814 = CARTESIAN_POINT ( 'NONE',  ( 1.598398271371878510, 0.01574803149606299538, -0.3599752496326636408 ) ) ;
#5815 = DIRECTION ( 'NONE',  ( 0.000000000000000000, -0.000000000000000000, 1.000000000000000000 ) ) ;
#5816 = CARTESIAN_POINT ( 'NONE',  ( 1.466163973175366619, 0.01574803149606299191, -0.5684630132084490528 ) ) ;
#5817 = EDGE_LOOP ( 'NONE', ( #2342, #3080, #395, #3705 ) ) ;
#5818 = CARTESIAN_POINT ( 'NONE',  ( 0.5810552723100961270, 2.134256245050205639E-18, -0.5583013914590115867 ) ) ;
#5819 = CARTESIAN_POINT ( 'NONE',  ( 1.081015625000000036, 0.000000000000000000, -0.5049999999999997824 ) ) ;
#5820 = ORIENTED_EDGE ( 'NONE', *, *, #6219, .T. ) ;
#5821 = CARTESIAN_POINT ( 'NONE',  ( 0.7291058865463236893, 0.01574803149606299538, -0.5950933196900610733 ) ) ;
#5822 = AXIS2_PLACEMENT_3D ( 'NONE', #2483, #1071, #3657 ) ;
#5823 = CARTESIAN_POINT ( 'NONE',  ( 1.856943359375000435, 0.01574803149606298844, -0.5549999999999997158 ) ) ;
#5824 = CARTESIAN_POINT ( 'NONE',  ( 2.155625000000000568, 0.000000000000000000, -0.3876171874999996825 ) ) ;
#5825 = FACE_OUTER_BOUND ( 'NONE', #6282, .T. ) ;
#5826 = CARTESIAN_POINT ( 'NONE',  ( 1.594402831496326112, 2.134256245050205639E-18, -0.3563179182539749634 ) ) ;
#5827 = EDGE_LOOP ( 'NONE', ( #548, #2244, #6098, #1477 ) ) ;
#5828 = CARTESIAN_POINT ( 'NONE',  ( 1.968544188032768982, 2.134256245050205639E-18, -0.5050352964130460087 ) ) ;
#5829 = CARTESIAN_POINT ( 'NONE',  ( 2.005625000000000657, 0.01574803149606299191, -0.4304882812499996603 ) ) ;
#5830 = ORIENTED_EDGE ( 'NONE', *, *, #4519, .T. ) ;
#5831 = CARTESIAN_POINT ( 'NONE',  ( 1.452647123462220913, 0.01574803149606300232, -0.5967642163572555170 ) ) ;
#5832 = CARTESIAN_POINT ( 'NONE',  ( 0.8239424962874418723, -2.134256245050205639E-18, -0.4316475098899403839 ) ) ;
#5833 = CARTESIAN_POINT ( 'NONE',  ( 1.970285399642933477, 0.01574803149606299191, -0.5692376456001100316 ) ) ;
#5834 = LINE ( 'NONE', #3818, #3565 ) ;
#5835 = CARTESIAN_POINT ( 'NONE',  ( 1.678489442998390313, 2.134256245050205639E-18, -0.5616756112620504560 ) ) ;
#5836 = EDGE_CURVE ( 'NONE', #2824, #4420, #3737, .T. ) ;
#5837 = ORIENTED_EDGE ( 'NONE', *, *, #435, .F. ) ;
#5838 = FACE_OUTER_BOUND ( 'NONE', #1061, .T. ) ;
#5839 = CARTESIAN_POINT ( 'NONE',  ( 2.099375000000000213, 0.01574803149606299191, -0.4612499999999996048 ) ) ;
#5840 = EDGE_CURVE ( 'NONE', #3148, #5338, #6057, .T. ) ;
#5841 = DIRECTION ( 'NONE',  ( -1.000000000000000000, 0.000000000000000000, 0.000000000000000000 ) ) ;
#5842 = CARTESIAN_POINT ( 'NONE',  ( 0.7178523465184273311, 0.000000000000000000, -0.5795448060382732969 ) ) ;
#5843 = CARTESIAN_POINT ( 'NONE',  ( 0.8786860888298816397, 0.000000000000000000, -0.5531585359973133498 ) ) ;
#5844 = FACE_OUTER_BOUND ( 'NONE', #1937, .T. ) ;
#5845 = ORIENTED_EDGE ( 'NONE', *, *, #853, .T. ) ;
#5846 = EDGE_CURVE ( 'NONE', #1455, #2506, #5133, .T. ) ;
#5847 = CARTESIAN_POINT ( 'NONE',  ( 2.052548828125000391, 0.01574803149606299191, -0.3987499999999996048 ) ) ;
#5848 = CARTESIAN_POINT ( 'NONE',  ( 1.472466250253841258, -2.134256245050205639E-18, -0.5736734020095923814 ) ) ;
#5849 = FACE_OUTER_BOUND ( 'NONE', #5827, .T. ) ;
#5850 = DIRECTION ( 'NONE',  ( 0.000000000000000000, 1.000000000000000000, 0.000000000000000000 ) ) ;
#5851 = CARTESIAN_POINT ( 'NONE',  ( 1.446133961593129902, 0.01574803149606298844, -0.5521539799329475695 ) ) ;
#5852 = VERTEX_POINT ( 'NONE', #6029 ) ;
#5853 = CARTESIAN_POINT ( 'NONE',  ( 2.015400352666778083, 0.01574803149606299538, -0.5346518043017438604 ) ) ;
#5854 = ORIENTED_EDGE ( 'NONE', *, *, #4873, .T. ) ;
#5855 = CARTESIAN_POINT ( 'NONE',  ( 1.854008865363889313, 0.01574803149606298844, -0.5624299620574714220 ) ) ;
#5856 = CARTESIAN_POINT ( 'NONE',  ( 1.989414062500000080, 0.000000000000000000, -0.3638378906249996048 ) ) ;
#5857 = CARTESIAN_POINT ( 'NONE',  ( 0.6463272804300682628, 2.134256245050205639E-18, -0.3817313919349539231 ) ) ;
#5858 = ORIENTED_EDGE ( 'NONE', *, *, #5688, .F. ) ;
#5859 = DIRECTION ( 'NONE',  ( 0.000000000000000000, 0.000000000000000000, 1.000000000000000000 ) ) ;
#5860 = CARTESIAN_POINT ( 'NONE',  ( 1.072421875000000302, 0.000000000000000000, -0.5549999999999997158 ) ) ;
#5861 = CARTESIAN_POINT ( 'NONE',  ( 1.441323959406033195, 0.01574803149606299191, -0.5986823350490794171 ) ) ;
#5862 = CARTESIAN_POINT ( 'NONE',  ( 0.7954168042480520562, -2.134256245050205639E-18, -0.3768733075852668257 ) ) ;
#5863 = CARTESIAN_POINT ( 'NONE',  ( 1.731770905346303735, 2.134256245050205639E-18, -0.3523353081848260016 ) ) ;
#5864 = CARTESIAN_POINT ( 'NONE',  ( 2.123154296875000124, 0.01574803149606299191, -0.5987499999999995604 ) ) ;
#5865 = VECTOR ( 'NONE', #4913, 39.37007874015748143 ) ;
#5866 = CARTESIAN_POINT ( 'NONE',  ( 0.8368182805491488629, 0.01574803149606299538, -0.5902336085823819412 ) ) ;
#5867 = B_SPLINE_CURVE_WITH_KNOTS ( 'NONE', 3,
 ( #4650, #1547, #3173, #5119, #116, #545, #4157, #6182, #5579, #4592 ),
 .UNSPECIFIED., .F., .F.,
 ( 4, 2, 2, 2, 4 ),
 ( 0.000000000000000000, 0.0003136217580691089894, 0.0004704326371036740822, 0.0006272435161382391208, 0.001254487032276508382 ),
 .UNSPECIFIED. ) ;
#5868 = B_SPLINE_CURVE_WITH_KNOTS ( 'NONE', 3,
 ( #5663, #2154, #4730, #69, #2686, #4113, #6131, #3630, #4145, #1659, #4699, #163, #4205, #1689, #3718 ),
 .UNSPECIFIED., .F., .F.,
 ( 4, 1, 1, 1, 1, 1, 1, 1, 1, 1, 1, 1, 4 ),
 ( 0.000000000000000000, 0.06722602533327248775, 0.1326397888035418804, 0.1965589161750831426, 0.2593237284499095852, 0.3217186073712228200, 0.3836884459962285332, 0.4456862964027615837, 0.5078798760214211505, 0.6312391532953349760, 0.7524544797209696823, 0.8748860121132437939, 1.000000000000000000 ),
 .UNSPECIFIED. ) ;
#5869 = ORIENTED_EDGE ( 'NONE', *, *, #5963, .F. ) ;
#5870 = CARTESIAN_POINT ( 'NONE',  ( 1.960117187500000080, 0.000000000000000000, -0.5361523437499996492 ) ) ;
#5871 = VECTOR ( 'NONE', #3537, 39.37007874015748143 ) ;
#5872 = CARTESIAN_POINT ( 'NONE',  ( 1.256748046874999858, -0.3384390870230564174, -0.5752148437499997602 ) ) ;
#5873 = EDGE_CURVE ( 'NONE', #1870, #2975, #4784, .T. ) ;
#5874 = CARTESIAN_POINT ( 'NONE',  ( 1.002499999999999947, -2.134256245050205639E-18, -0.3841992187499999045 ) ) ;
#5875 = CARTESIAN_POINT ( 'NONE',  ( 1.001506149738629725, 0.01574803149606299191, -0.5772645981311611552 ) ) ;
#5876 = CARTESIAN_POINT ( 'NONE',  ( 2.123154296875000124, -0.1613455277634967266, -0.3549999999999996492 ) ) ;
#5877 = ORIENTED_EDGE ( 'NONE', *, *, #1718, .T. ) ;
#5878 = CARTESIAN_POINT ( 'NONE',  ( 1.951143945564249638, 0.01574803149606299538, -0.4099587582094331717 ) ) ;
#5879 = CARTESIAN_POINT ( 'NONE',  ( 2.046994547438552470, 0.000000000000000000, -0.3988550494568484095 ) ) ;
#5880 = CARTESIAN_POINT ( 'NONE',  ( 1.580816665059306514, 2.134256245050205639E-18, -0.3519525788324340265 ) ) ;
#5881 = CARTESIAN_POINT ( 'NONE',  ( 0.5733992839026809119, 0.000000000000000000, -0.5806476161026022931 ) ) ;
#5882 = CARTESIAN_POINT ( 'NONE',  ( 1.824350431722898014, 0.01574803149606298844, -0.6004636290263842824 ) ) ;
#5883 = ORIENTED_EDGE ( 'NONE', *, *, #3546, .F. ) ;
#5884 = CARTESIAN_POINT ( 'NONE',  ( 2.016801255208254151, 0.01574803149606299191, -0.5398229716389563171 ) ) ;
#5885 = EDGE_CURVE ( 'NONE', #4418, #6333, #97, .T. ) ;
#5886 = VERTEX_POINT ( 'NONE', #1626 ) ;
#5887 = CARTESIAN_POINT ( 'NONE',  ( 1.081015625000000036, 0.000000000000000000, -0.4612499999999997713 ) ) ;
#5888 = CARTESIAN_POINT ( 'NONE',  ( 1.830865377390815674, 0.01574803149606298844, -0.5977693345461851937 ) ) ;
#5889 = CARTESIAN_POINT ( 'NONE',  ( 1.230173739409742950, 4.268512490100411279E-18, -0.3798227427556233882 ) ) ;
#5890 = CARTESIAN_POINT ( 'NONE',  ( 1.261195570825160539, 0.01574803149606299538, -0.5887864489930759726 ) ) ;
#5891 = LINE ( 'NONE', #1428, #6021 ) ;
#5892 = ORIENTED_EDGE ( 'NONE', *, *, #4668, .T. ) ;
#5893 = EDGE_CURVE ( 'NONE', #3974, #2187, #5812, .T. ) ;
#5894 = CARTESIAN_POINT ( 'NONE',  ( 1.041354952032193193, 0.000000000000000000, -0.3851523636866254763 ) ) ;
#5895 = CARTESIAN_POINT ( 'NONE',  ( 1.389999999999999680, 0.01574803149606299191, -0.3840527343749997602 ) ) ;
#5896 = CARTESIAN_POINT ( 'NONE',  ( 1.198789062500000169, 2.134256245050205639E-18, -0.5987499999999996714 ) ) ;
#5897 = B_SPLINE_CURVE_WITH_KNOTS ( 'NONE', 3,
 ( #1724, #264, #3722, #659, #3291, #2691, #4704, #754, #689, #4304 ),
 .UNSPECIFIED., .F., .F.,
 ( 4, 2, 2, 2, 4 ),
 ( 0.000000000000000000, 0.0005845814110830725632, 0.0008768721166246194699, 0.001023017469395392761, 0.001169162822166166377 ),
 .UNSPECIFIED. ) ;
#5898 = CARTESIAN_POINT ( 'NONE',  ( 1.949375000000000302, 2.134256245050205639E-18, -0.4263378906249996603 ) ) ;
#5899 = CARTESIAN_POINT ( 'NONE',  ( 1.002463465363874429, 1.067128122525102820E-17, -0.5675817320605969218 ) ) ;
#5900 = CARTESIAN_POINT ( 'NONE',  ( 2.008554688379102782, 2.134256245050205639E-18, -0.4443722439271968194 ) ) ;
#5901 = CARTESIAN_POINT ( 'NONE',  ( 1.605624999999999858, -1.365923996832131609E-16, -0.5518749999999997824 ) ) ;
#5902 = CARTESIAN_POINT ( 'NONE',  ( 1.725839843749999991, 0.01574803149606299191, -0.3518749999999996603 ) ) ;
#5903 = ORIENTED_EDGE ( 'NONE', *, *, #963, .F. ) ;
#5904 = DIRECTION ( 'NONE',  ( 0.000000000000000000, 1.000000000000000000, 0.000000000000000000 ) ) ;
#5905 = DIRECTION ( 'NONE',  ( -0.000000000000000000, 1.000000000000000000, -0.000000000000000000 ) ) ;
#5906 = ORIENTED_EDGE ( 'NONE', *, *, #89, .F. ) ;
#5907 = CARTESIAN_POINT ( 'NONE',  ( 0.7134863281249997913, 0.000000000000000000, -0.5724804687499998046 ) ) ;
#5908 = CARTESIAN_POINT ( 'NONE',  ( 0.7150130397433587248, 2.134256245050205639E-18, -0.5749507299450165032 ) ) ;
#5909 = DIRECTION ( 'NONE',  ( 0.000000000000000000, 1.000000000000000000, 0.000000000000000000 ) ) ;
#5910 = ORIENTED_EDGE ( 'NONE', *, *, #4191, .T. ) ;
#5911 = CARTESIAN_POINT ( 'NONE',  ( 1.986448885075957627, 0.01574803149606299191, -0.3652528875376092610 ) ) ;
#5912 = DIRECTION ( 'NONE',  ( 1.000000000000000000, 0.000000000000000000, 0.000000000000000000 ) ) ;
#5913 = CARTESIAN_POINT ( 'NONE',  ( 1.867140711199825942, -4.268512490100411279E-18, -0.3808693304631747267 ) ) ;
#5914 = CARTESIAN_POINT ( 'NONE',  ( 0.9466664139645543097, 0.01574803149606298844, -0.3753651634970570639 ) ) ;
#5915 = CARTESIAN_POINT ( 'NONE',  ( 1.228598536385005824, 0.01574803149606299191, -0.5812788970677799094 ) ) ;
#5916 = CARTESIAN_POINT ( 'NONE',  ( 1.333749999999999769, 0.01574803149606298844, -0.3840527343749997602 ) ) ;
#5917 = EDGE_LOOP ( 'NONE', ( #3658, #2854, #5124, #5399 ) ) ;
#5918 = VECTOR ( 'NONE', #2366, 39.37007874015748143 ) ;
#5919 = CARTESIAN_POINT ( 'NONE',  ( 0.5764596016630501030, 2.134256245050205639E-18, -0.5663717020791755319 ) ) ;
#5920 = ORIENTED_EDGE ( 'NONE', *, *, #1747, .T. ) ;
#5921 = ADVANCED_FACE ( 'NONE', ( #5844 ), #738, .F. ) ;
#5922 = CARTESIAN_POINT ( 'NONE',  ( 0.7952077185822110650, 0.01574803149606299538, -0.3730050902202196594 ) ) ;
#5923 = CARTESIAN_POINT ( 'NONE',  ( 1.223100012046705931, 4.268512490100411279E-18, -0.3628084645464998981 ) ) ;
#5924 = CARTESIAN_POINT ( 'NONE',  ( 1.807121481614850644, -6.402768735150616918E-18, -0.6017280207845644435 ) ) ;
#5925 = CARTESIAN_POINT ( 'NONE',  ( 1.991323374040437910, 0.000000000000000000, -0.3630732187949410883 ) ) ;
#5926 = CARTESIAN_POINT ( 'NONE',  ( 1.924284363024636901, 0.01574803149606298844, -0.3749424317752865221 ) ) ;
#5927 = ORIENTED_EDGE ( 'NONE', *, *, #6016, .F. ) ;
#5928 = EDGE_CURVE ( 'NONE', #4361, #4649, #3619, .T. ) ;
#5929 = CARTESIAN_POINT ( 'NONE',  ( 1.230625000000000302, 0.000000000000000000, -0.5661328124999996936 ) ) ;
#5930 = CARTESIAN_POINT ( 'NONE',  ( 1.280480986326241188, 0.01574803149606299191, -0.5985482803997088652 ) ) ;
#5931 = VERTEX_POINT ( 'NONE', #5381 ) ;
#5932 = VECTOR ( 'NONE', #1788, 39.37007874015748143 ) ;
#5933 = DIRECTION ( 'NONE',  ( 0.000000000000000000, 1.000000000000000000, 0.000000000000000000 ) ) ;
#5934 = CARTESIAN_POINT ( 'NONE',  ( 1.000561354185572238, 2.134256245050205639E-18, -0.5807459632176819042 ) ) ;
#5935 = VECTOR ( 'NONE', #5152, 39.37007874015748143 ) ;
#5936 = CARTESIAN_POINT ( 'NONE',  ( 1.920825535134633055, 0.01574803149606299538, -0.3640092139082714007 ) ) ;
#5937 = CARTESIAN_POINT ( 'NONE',  ( 0.6026974732268483015, 0.01574803149606299885, -0.6018390137945480722 ) ) ;
#5938 = CARTESIAN_POINT ( 'NONE',  ( 2.155587862305276214, -2.134256245050205639E-18, -0.5675001852716956563 ) ) ;
#5939 = VERTEX_POINT ( 'NONE', #1801 ) ;
#5940 = CARTESIAN_POINT ( 'NONE',  ( 1.771566317601432239, 0.01574803149606299538, -0.5709203160057263471 ) ) ;
#5941 = CARTESIAN_POINT ( 'NONE',  ( 1.811679687500000302, 0.000000000000000000, -0.5456249999999995826 ) ) ;
#5942 = CARTESIAN_POINT ( 'NONE',  ( 1.439267578124999725, 0.000000000000000000, -0.5518749999999997824 ) ) ;
#5943 = ORIENTED_EDGE ( 'NONE', *, *, #730, .T. ) ;
#5944 = CARTESIAN_POINT ( 'NONE',  ( 0.7490332031249997691, 0.000000000000000000, -0.6018749999999998268 ) ) ;
#5945 = CARTESIAN_POINT ( 'NONE',  ( 1.568758624706113824, 0.01574803149606299538, -0.3531517238964535510 ) ) ;
#5946 = B_SPLINE_CURVE_WITH_KNOTS ( 'NONE', 3,
 ( #2041, #1591, #4042, #6061, #6091, #1038, #3056, #521, #5590, #3623, #5624, #94 ),
 .UNSPECIFIED., .F., .F.,
 ( 4, 2, 2, 2, 2, 4 ),
 ( 0.000000000000000000, 0.0001052039453546221821, 0.0002104078907092443642, 0.0004208157814184937699, 0.0006312236721277432027, 0.0008416315628369926355 ),
 .UNSPECIFIED. ) ;
#5947 = CARTESIAN_POINT ( 'NONE',  ( 1.811679687500000302, 0.01574803149606299191, -0.5456249999999995826 ) ) ;
#5948 = CARTESIAN_POINT ( 'NONE',  ( 0.6600553587674232725, 0.01574803149606299885, -0.3553794761598254581 ) ) ;
#5949 = CARTESIAN_POINT ( 'NONE',  ( 2.148767170032877427, 2.134256245050205639E-18, -0.3635512681493203169 ) ) ;
#5950 = CARTESIAN_POINT ( 'NONE',  ( 1.676837832541649975, 0.01574803149606299191, -0.5594404739765674872 ) ) ;
#5951 = ORIENTED_EDGE ( 'NONE', *, *, #5193, .T. ) ;
#5952 = CARTESIAN_POINT ( 'NONE',  ( 1.051892885118689502, 0.01574803149606299885, -0.3958271557025292986 ) ) ;
#5953 = EDGE_LOOP ( 'NONE', ( #5362, #3898, #5390, #1000 ) ) ;
#5954 = VERTEX_POINT ( 'NONE', #2768 ) ;
#5955 = EDGE_CURVE ( 'NONE', #4321, #1255, #6388, .T. ) ;
#5956 = B_SPLINE_SURFACE_WITH_KNOTS ( 'NONE', 3, 1, ( 
 ( #3254, #713 ),
 ( #2746, #1745 ),
 ( #225, #6295 ),
 ( #4485, #2968 ),
 ( #1020, #5467 ),
 ( #1283, #280 ),
 ( #983, #6513 ),
 ( #6321, #3438 ),
 ( #6006, #5016 ),
 ( #4942, #946 ),
 ( #1924, #3949 ) ),
 .UNSPECIFIED., .F., .F., .F.,
 ( 4, 1, 1, 1, 1, 1, 1, 1, 4 ),
 ( 2, 2 ),
 ( 0.000000000000000000, 0.1510749210615313087, 0.2899929968605420849, 0.4230804375922804228, 0.5543439936445831995, 0.6795630549901141571, 0.7935980584817737826, 0.8983801180348761628, 1.000000000000000000 ),
 ( 0.000000000000000000, 1.000000000000000000 ),
 .UNSPECIFIED. ) ;
#5957 = B_SPLINE_CURVE_WITH_KNOTS ( 'NONE', 3,
 ( #1908, #3489, #6497, #396, #456, #5490, #1035, #3053, #5062, #427, #4404, #6435, #3902, #2449, #3935, #3965, #2418, #4133, #6157 ),
 .UNSPECIFIED., .F., .F.,
 ( 4, 1, 1, 1, 1, 1, 1, 1, 1, 1, 1, 1, 1, 1, 1, 1, 4 ),
 ( 0.000000000000000000, 0.07620128761656064231, 0.1481669123889444162, 0.2142564252949880066, 0.2770450683105062373, 0.3356995278451058162, 0.3919343472567774489, 0.4453969503219514792, 0.4974625878491008013, 0.5501314621270509964, 0.6038455813260044103, 0.6604908520827275087, 0.7194675716189552483, 0.7829102111317595147, 0.8500618772238084375, 0.9228538506368987315, 1.000000000000000000 ),
 .UNSPECIFIED. ) ;
#5958 = CARTESIAN_POINT ( 'NONE',  ( 1.960117187500000080, -0.3384390870230564174, -0.5361523437499996492 ) ) ;
#5959 = CARTESIAN_POINT ( 'NONE',  ( 1.227696700051641443, 4.268512490100411279E-18, -0.3700733942059166171 ) ) ;
#5960 = CARTESIAN_POINT ( 'NONE',  ( 1.898398437500000036, -0.3384390870230564174, -0.3518749999999996603 ) ) ;
#5961 = DIRECTION ( 'NONE',  ( 0.9354479355985437783, 0.000000000000000000, -0.3534645099361785614 ) ) ;
#5962 = ORIENTED_EDGE ( 'NONE', *, *, #6245, .F. ) ;
#5963 = EDGE_CURVE ( 'NONE', #3659, #885, #6420, .T. ) ;
#5964 = CARTESIAN_POINT ( 'NONE',  ( 1.960214254540454837, -2.134256245050205639E-18, -0.5411680116290452647 ) ) ;
#5965 = ADVANCED_FACE ( 'NONE', ( #1316 ), #2868, .T. ) ;
#5966 = CARTESIAN_POINT ( 'NONE',  ( 1.549374999999999725, 0.000000000000000000, -0.3840527343749997602 ) ) ;
#5967 = CARTESIAN_POINT ( 'NONE',  ( 2.019150390625000124, 0.01574803149606298844, -0.5161816406249996048 ) ) ;
#5968 = ORIENTED_EDGE ( 'NONE', *, *, #3106, .F. ) ;
#5969 = CARTESIAN_POINT ( 'NONE',  ( 1.974741412479674052, 0.000000000000000000, -0.4761694779351920426 ) ) ;
#5970 = CARTESIAN_POINT ( 'NONE',  ( 0.9994604331931172814, 1.067128122525102820E-17, -0.5837190644029754960 ) ) ;
#5971 = CARTESIAN_POINT ( 'NONE',  ( 1.922982237887671308, 0.01574803149606299191, -0.3685180738279664192 ) ) ;
#5972 = PLANE ( 'NONE',  #372 ) ;
#5973 = CARTESIAN_POINT ( 'NONE',  ( 1.725839843749999991, 0.01574803149606298844, -0.3518749999999996603 ) ) ;
#5974 = CARTESIAN_POINT ( 'NONE',  ( 2.124506589642706000, 0.01574803149606299538, -0.5987420392555313775 ) ) ;
#5975 = B_SPLINE_CURVE_WITH_KNOTS ( 'NONE', 3,
 ( #5860, #4736, #5794, #201, #3292, #4770, #2227, #5764, #1234, #1332, #3363 ),
 .UNSPECIFIED., .F., .F.,
 ( 4, 1, 1, 1, 1, 1, 1, 1, 4 ),
 ( 0.000000000000000000, 0.1701793126318486005, 0.3180196420986411976, 0.4511164988400113707, 0.5712966731209079274, 0.6839820652051589178, 0.7896651378776478047, 0.8929640750875906807, 1.000000000000000000 ),
 .UNSPECIFIED. ) ;
#5976 = VERTEX_POINT ( 'NONE', #4884 ) ;
#5977 = CARTESIAN_POINT ( 'NONE',  ( 0.8693862910303846725, 0.000000000000000000, -0.5498609660493347651 ) ) ;
#5978 = CARTESIAN_POINT ( 'NONE',  ( 0.8997117927316486963, 0.01574803149606299191, -0.4957599516431793751 ) ) ;
#5979 = EDGE_CURVE ( 'NONE', #6009, #2103, #350, .T. ) ;
#5980 = VERTEX_POINT ( 'NONE', #1766 ) ;
#5981 = CARTESIAN_POINT ( 'NONE',  ( 1.174375000000000169, 0.000000000000000000, -0.5049999999999997824 ) ) ;
#5982 = CARTESIAN_POINT ( 'NONE',  ( 1.924111888021376338, 0.01574803149606298844, -0.3820511914411235943 ) ) ;
#5983 = VECTOR ( 'NONE', #1233, 39.37007874015748143 ) ;
#5984 = DIRECTION ( 'NONE',  ( -0.000000000000000000, 0.000000000000000000, -1.000000000000000000 ) ) ;
#5985 = CARTESIAN_POINT ( 'NONE',  ( 2.123154296875000124, 0.01574803149606299191, -0.3549999999999996492 ) ) ;
#5986 = LINE ( 'NONE', #4427, #535 ) ;
#5987 = B_SPLINE_CURVE_WITH_KNOTS ( 'NONE', 3,
 ( #5864, #5772, #795, #1820, #4281, #697, #5799, #1789, #176, #5373, #5313, #3729, #1276, #2200, #3268, #2830 ),
 .UNSPECIFIED., .F., .F.,
 ( 4, 2, 2, 2, 2, 2, 2, 4 ),
 ( 0.000000000000000000, 0.0003346336028633103044, 0.0005019504042949646163, 0.0006692672057266190909, 0.0008365840071582734570, 0.001003900808589927715, 0.001171217610021582298, 0.001338534411453236664 ),
 .UNSPECIFIED. ) ;
#5988 = LINE ( 'NONE', #6495, #6031 ) ;
#5989 = VERTEX_POINT ( 'NONE', #6287 ) ;
#5990 = ORIENTED_EDGE ( 'NONE', *, *, #2643, .T. ) ;
#5991 = CARTESIAN_POINT ( 'NONE',  ( 0.7951757812499999911, 0.01574803149606299538, -0.3738476562499999378 ) ) ;
#5992 = CARTESIAN_POINT ( 'NONE',  ( 1.202733263623705806, 4.268512490100411279E-18, -0.3551040809990659852 ) ) ;
#5993 = CARTESIAN_POINT ( 'NONE',  ( 1.052978897330901997, 0.01574803149606299191, -0.4818628813932483990 ) ) ;
#5994 = CARTESIAN_POINT ( 'NONE',  ( 0.6539865169830627600, 2.134256245050205639E-18, -0.3603921494036425588 ) ) ;
#5995 = VERTEX_POINT ( 'NONE', #1828 ) ;
#5996 = CARTESIAN_POINT ( 'NONE',  ( 0.8793554687499999245, -0.1613455277634967266, -0.4145703124999999267 ) ) ;
#5997 = CARTESIAN_POINT ( 'NONE',  ( 0.8188927558429361930, -2.134256245050205639E-18, -0.4244099084131314759 ) ) ;
#5998 = CARTESIAN_POINT ( 'NONE',  ( 1.062151284031599863, 0.01574803149606298844, -0.3985956711228215710 ) ) ;
#5999 = CARTESIAN_POINT ( 'NONE',  ( 1.389901957976531488, 0.01574803149606299191, -0.3801188275204555600 ) ) ;
#6000 = ORIENTED_EDGE ( 'NONE', *, *, #6044, .T. ) ;
#6001 = CARTESIAN_POINT ( 'NONE',  ( 1.768004630529027565, 0.01574803149606299538, -0.5617532807095064751 ) ) ;
#6002 = CARTESIAN_POINT ( 'NONE',  ( 1.949375000000000302, 0.000000000000000000, -0.4263378906249996603 ) ) ;
#6003 = CARTESIAN_POINT ( 'NONE',  ( 0.7743261718749997469, 0.000000000000000000, -0.5786328124999998712 ) ) ;
#6004 = CARTESIAN_POINT ( 'NONE',  ( 2.052206521829444519, 2.134256245050205639E-18, -0.4612361012066409915 ) ) ;
#6005 = CARTESIAN_POINT ( 'NONE',  ( 0.6018029364463032271, 2.134256245050205639E-18, -0.6018554773650260925 ) ) ;
#6006 = CARTESIAN_POINT ( 'NONE',  ( 0.5735993543846076292, 0.01574803149606299191, -0.5833514600043263609 ) ) ;
#6007 = CARTESIAN_POINT ( 'NONE',  ( 2.149690364888182437, -2.134256245050205639E-18, -0.5889161566075566956 ) ) ;
#6008 = CARTESIAN_POINT ( 'NONE',  ( 0.8612363334431161199, 1.067128122525102820E-17, -0.5076055822449229149 ) ) ;
#6009 = VERTEX_POINT ( 'NONE', #3854 ) ;
#6010 = FILL_AREA_STYLE_COLOUR ( '', #6305 ) ;
#6011 = EDGE_CURVE ( 'NONE', #6118, #6349, #5412, .T. ) ;
#6012 = CARTESIAN_POINT ( 'NONE',  ( 1.990244140625000213, -0.3384390870230564174, -0.5876660156249995381 ) ) ;
#6013 = CARTESIAN_POINT ( 'NONE',  ( 0.6739740980135895398, 0.01574803149606299191, -0.3519632722262839297 ) ) ;
#6014 = FACE_OUTER_BOUND ( 'NONE', #3270, .T. ) ;
#6015 = CARTESIAN_POINT ( 'NONE',  ( 0.8842133677666960123, 0.01574803149606299885, -0.5541147742700889278 ) ) ;
#6016 = EDGE_CURVE ( 'NONE', #1995, #4443, #5809, .T. ) ;
#6017 = CARTESIAN_POINT ( 'NONE',  ( 1.039849471313288642, 0.01574803149606299191, -0.3801214857600683228 ) ) ;
#6018 = EDGE_LOOP ( 'NONE', ( #2218, #5448, #4092, #1250 ) ) ;
#6019 = ORIENTED_EDGE ( 'NONE', *, *, #5276, .T. ) ;
#6020 = CARTESIAN_POINT ( 'NONE',  ( 0.8025636817483473573, 0.01574803149606299885, -0.3591156041866071513 ) ) ;
#6021 = VECTOR ( 'NONE', #1363, 39.37007874015748143 ) ;
#6022 = CARTESIAN_POINT ( 'NONE',  ( 1.206495198036625194, 0.01574803149606299191, -0.3554148888787587723 ) ) ;
#6023 = CARTESIAN_POINT ( 'NONE',  ( 1.572469867068216232, 0.000000000000000000, -0.3521447688439878210 ) ) ;
#6024 = CARTESIAN_POINT ( 'NONE',  ( 1.043757428911911589, 0.000000000000000000, -0.5812185311364524987 ) ) ;
#6025 = VECTOR ( 'NONE', #5302, 39.37007874015748143 ) ;
#6026 = CARTESIAN_POINT ( 'NONE',  ( 1.976965584326106473, -2.134256245050205639E-18, -0.5773430732139093191 ) ) ;
#6027 = CARTESIAN_POINT ( 'NONE',  ( 0.8347990006026779763, -2.134256245050205639E-18, -0.4453798122364472922 ) ) ;
#6028 = CARTESIAN_POINT ( 'NONE',  ( 1.979393697699742383, 0.000000000000000000, -0.4934988332504771646 ) ) ;
#6029 = CARTESIAN_POINT ( 'NONE',  ( 2.155625000000000568, 0.01574803149606299191, -0.3876171874999996825 ) ) ;
#6030 = CARTESIAN_POINT ( 'NONE',  ( 1.264231652782878523, 0.01574803149606299191, -0.5919417975870766568 ) ) ;
#6031 = VECTOR ( 'NONE', #5552, 39.37007874015748143 ) ;
#6032 = VERTEX_POINT ( 'NONE', #1380 ) ;
#6033 = CARTESIAN_POINT ( 'NONE',  ( 1.174375000000000169, -0.3384390870230564174, -0.3987499999999997158 ) ) ;
#6034 = CARTESIAN_POINT ( 'NONE',  ( 0.9871983303848078650, 0.01574803149606299191, -0.5957356426193908261 ) ) ;
#6035 = CARTESIAN_POINT ( 'NONE',  ( 2.037146969992610135, 0.000000000000000000, -0.5986672849666707652 ) ) ;
#6036 = VECTOR ( 'NONE', #4774, 39.37007874015748143 ) ;
#6037 = CARTESIAN_POINT ( 'NONE',  ( 2.123154296875000124, -2.134256245050205639E-18, -0.5987499999999995604 ) ) ;
#6038 = VECTOR ( 'NONE', #5767, 39.37007874015748143 ) ;
#6039 = CARTESIAN_POINT ( 'NONE',  ( 1.333749999999999769, 0.01574803149606299191, -0.5518749999999997824 ) ) ;
#6040 = CARTESIAN_POINT ( 'NONE',  ( 0.8228258917275290685, 1.067128122525102820E-17, -0.3519045578477230096 ) ) ;
#6041 = CARTESIAN_POINT ( 'NONE',  ( 2.038579884105082396, -2.134256245050205639E-18, -0.5034299224311565846 ) ) ;
#6042 = EDGE_LOOP ( 'NONE', ( #2620, #2080, #3019, #5968 ) ) ;
#6043 = DIRECTION ( 'NONE',  ( 0.000000000000000000, 1.000000000000000000, 0.000000000000000000 ) ) ;
#6044 = EDGE_CURVE ( 'NONE', #5722, #2973, #669, .T. ) ;
#6045 = CARTESIAN_POINT ( 'NONE',  ( 0.8248797648132453197, 0.01574803149606299191, -0.5830700783647989605 ) ) ;
#6046 = ORIENTED_EDGE ( 'NONE', *, *, #2662, .T. ) ;
#6047 = ADVANCED_FACE ( 'NONE', ( #1994 ), #4570, .F. ) ;
#6048 = FACE_OUTER_BOUND ( 'NONE', #5406, .T. ) ;
#6049 = CARTESIAN_POINT ( 'NONE',  ( 1.891963633245867804, 0.01574803149606298844, -0.3521258910859721425 ) ) ;
#6050 = LINE ( 'NONE', #4497, #2321 ) ;
#6051 = EDGE_CURVE ( 'NONE', #1974, #3911, #5511, .T. ) ;
#6052 = CARTESIAN_POINT ( 'NONE',  ( 1.202733263623705806, 0.000000000000000000, -0.3551040809990659852 ) ) ;
#6053 = ORIENTED_EDGE ( 'NONE', *, *, #2324, .T. ) ;
#6054 = B_SPLINE_SURFACE_WITH_KNOTS ( 'NONE', 3, 1, ( 
 ( #1046, #2123 ),
 ( #1630, #3535 ),
 ( #4577, #3662 ),
 ( #2084, #5536 ),
 ( #43, #1079 ),
 ( #4115, #1600 ),
 ( #5632, #5665 ),
 ( #1141, #3603 ),
 ( #5043, #5139 ),
 ( #3130, #2527 ),
 ( #594, #2017 ) ),
 .UNSPECIFIED., .F., .F., .F.,
 ( 4, 1, 1, 1, 1, 1, 1, 1, 4 ),
 ( 2, 2 ),
 ( 0.000000000000000000, 0.1070359249124093609, 0.2103348621223521397, 0.3160179347948410267, 0.4287033268790920171, 0.5488835011599886293, 0.6819803579013588024, 0.8298206873681513995, 1.000000000000000000 ),
 ( 0.000000000000000000, 1.000000000000000000 ),
 .UNSPECIFIED. ) ;
#6055 = ORIENTED_EDGE ( 'NONE', *, *, #573, .T. ) ;
#6056 = ORIENTED_EDGE ( 'NONE', *, *, #170, .F. ) ;
#6057 = B_SPLINE_CURVE_WITH_KNOTS ( 'NONE', 3,
 ( #5747, #3090, #1216, #5039, #5101, #2522, #5565, #4750, #1499, #5068, #1041, #5627 ),
 .UNSPECIFIED., .F., .F.,
 ( 4, 2, 2, 2, 2, 4 ),
 ( 0.000000000000000000, 0.0002732455501861717176, 0.0005464911003723434352, 0.0008197366505585150986, 0.0009563594256516060261, 0.001092982200744697062 ),
 .UNSPECIFIED. ) ;
#6058 = CARTESIAN_POINT ( 'NONE',  ( 0.9065039062499998801, 0.000000000000000000, -0.5549999999999999378 ) ) ;
#6059 = CARTESIAN_POINT ( 'NONE',  ( 2.140584919615005521, 0.01574803149606299191, -0.3576394371462904287 ) ) ;
#6060 = CARTESIAN_POINT ( 'NONE',  ( 1.074485286649408122, 0.01574803149606299191, -0.4614916039958376626 ) ) ;
#6061 = CARTESIAN_POINT ( 'NONE',  ( 0.8560668084098228547, 0.01574803149606299885, -0.5312466929682447825 ) ) ;
#6062 = DIRECTION ( 'NONE',  ( 1.000000000000000000, 0.000000000000000000, 0.000000000000000000 ) ) ;
#6063 = CARTESIAN_POINT ( 'NONE',  ( 1.979393697699742383, 0.01574803149606299191, -0.4934988332504771646 ) ) ;
#6064 = CARTESIAN_POINT ( 'NONE',  ( 1.081015625000000036, -0.1613455277634967266, -0.5049999999999997824 ) ) ;
#6065 = CARTESIAN_POINT ( 'NONE',  ( 0.9007091230358275080, 0.000000000000000000, -0.5549687012719919377 ) ) ;
#6066 = ORIENTED_EDGE ( 'NONE', *, *, #3133, .F. ) ;
#6067 = CARTESIAN_POINT ( 'NONE',  ( 2.099375000000000213, -0.3384390870230564174, -0.5549999999999996048 ) ) ;
#6068 = CARTESIAN_POINT ( 'NONE',  ( 1.966932057260308842, 0.000000000000000000, -0.4703184749271660525 ) ) ;
#6069 = FACE_OUTER_BOUND ( 'NONE', #5292, .T. ) ;
#6070 = B_SPLINE_SURFACE_WITH_KNOTS ( 'NONE', 3, 1, ( 
 ( #1756, #2195 ),
 ( #3781, #4211 ),
 ( #3904, #5924 ),
 ( #5795, #3692 ),
 ( #5700, #1698 ),
 ( #2372, #6215 ),
 ( #5055, #28 ),
 ( #940, #4444 ),
 ( #6507, #1951 ),
 ( #1503, #900 ),
 ( #1883, #6478 ),
 ( #5534, #12 ),
 ( #1403, #1919 ),
 ( #3975, #2923 ),
 ( #6001, #4048 ),
 ( #1014, #3498 ),
 ( #2999, #3033 ) ),
 .UNSPECIFIED., .F., .F., .F.,
 ( 4, 1, 1, 1, 1, 1, 1, 1, 1, 1, 1, 1, 1, 1, 4 ),
 ( 2, 2 ),
 ( 0.000000000000000000, 0.08379316017330265542, 0.1615280261928260797, 0.2334723873092924840, 0.3027370406211130072, 0.3685301082957296304, 0.4310481113041587653, 0.4902331166977130783, 0.5478524561175178720, 0.6568196353115056674, 0.7581955723555129367, 0.8101276751719449498, 0.8677596749367423312, 0.9307002457619336644, 1.000000000000000000 ),
 ( 0.000000000000000000, 1.000000000000000000 ),
 .UNSPECIFIED. ) ;
#6071 = CARTESIAN_POINT ( 'NONE',  ( 2.021314975229780764, 0.01574803149606299191, -0.5974377634669881809 ) ) ;
#6072 = CARTESIAN_POINT ( 'NONE',  ( 2.065390625000000036, 0.000000000000000000, -0.5549999999999996048 ) ) ;
#6073 = PRODUCT_DEFINITION_SHAPE ( 'NONE', 'NONE',  #1013 ) ;
#6074 = DIRECTION ( 'NONE',  ( 0.000000000000000000, 1.000000000000000000, 0.000000000000000000 ) ) ;
#6075 = CARTESIAN_POINT ( 'NONE',  ( 0.8677575429458291856, 0.000000000000000000, -0.5979202689991677255 ) ) ;
#6076 = CARTESIAN_POINT ( 'NONE',  ( 0.8008466327188507039, 0.01574803149606299191, -0.5132259161620826848 ) ) ;
#6077 = CARTESIAN_POINT ( 'NONE',  ( 1.958898284945913115, 0.01574803149606299538, -0.4611941637205978495 ) ) ;
#6078 = CARTESIAN_POINT ( 'NONE',  ( 1.922964611230536969, 0.000000000000000000, -0.3866524030258459699 ) ) ;
#6079 = VERTEX_POINT ( 'NONE', #3011 ) ;
#6080 = VERTEX_POINT ( 'NONE', #3045 ) ;
#6081 = CARTESIAN_POINT ( 'NONE',  ( 1.924287721510634430, -2.134256245050205639E-18, -0.3783636088978165057 ) ) ;
#6082 = CARTESIAN_POINT ( 'NONE',  ( 1.733742365997353652, 0.01574803149606298150, -0.3528125579791127620 ) ) ;
#6083 = CARTESIAN_POINT ( 'NONE',  ( 1.960592541740891592, 2.134256245050205639E-18, -0.4634254569874997620 ) ) ;
#6084 = CARTESIAN_POINT ( 'NONE',  ( 0.5798771179152134581, 0.01574803149606299538, -0.5939329862731400622 ) ) ;
#6085 = AXIS2_PLACEMENT_3D ( 'NONE', #5342, #2265, #4810 ) ;
#6086 = ORIENTED_EDGE ( 'NONE', *, *, #3829, .F. ) ;
#6087 = ORIENTED_EDGE ( 'NONE', *, *, #4390, .T. ) ;
#6088 = CARTESIAN_POINT ( 'NONE',  ( 0.7725814405943688401, 0.000000000000000000, -0.5875621865935682919 ) ) ;
#6089 = CARTESIAN_POINT ( 'NONE',  ( 2.017086833496081866, 0.01574803149606300232, -0.4538455598668785784 ) ) ;
#6090 = CARTESIAN_POINT ( 'NONE',  ( 1.658292345463775241, 0.01574803149606299191, -0.5986381311105867242 ) ) ;
#6091 = CARTESIAN_POINT ( 'NONE',  ( 0.8563644850792598850, 0.01574803149606300232, -0.5325951267813093803 ) ) ;
#6092 = VECTOR ( 'NONE', #3922, 39.37007874015748143 ) ;
#6093 = CARTESIAN_POINT ( 'NONE',  ( 2.099375000000000213, 0.01574803149606299191, -0.4612499999999996048 ) ) ;
#6094 = FACE_OUTER_BOUND ( 'NONE', #2219, .T. ) ;
#6095 = DIRECTION ( 'NONE',  ( 0.000000000000000000, -0.000000000000000000, -1.000000000000000000 ) ) ;
#6096 = CARTESIAN_POINT ( 'NONE',  ( 2.015221488803897731, 0.01574803149606299191, -0.5269960346802586848 ) ) ;
#6097 = ORIENTED_EDGE ( 'NONE', *, *, #5556, .F. ) ;
#6098 = ORIENTED_EDGE ( 'NONE', *, *, #5801, .T. ) ;
#6099 = CARTESIAN_POINT ( 'NONE',  ( 2.054208984375000213, 0.000000000000000000, -0.4612499999999996048 ) ) ;
#6100 = B_SPLINE_CURVE_WITH_KNOTS ( 'NONE', 3,
 ( #1471, #337, #5014, #904, #5465, #3400, #5503, #6511, #3947, #6410, #867, #5863, #5403, #2360, #4517 ),
 .UNSPECIFIED., .F., .F.,
 ( 4, 1, 1, 1, 1, 1, 1, 1, 1, 1, 1, 1, 4 ),
 ( 0.000000000000000000, 0.1339100491514175761, 0.2877797737221734486, 0.3657802549519876267, 0.4365083379596209623, 0.4996460381731625544, 0.5557355988714320905, 0.6588575229018450718, 0.7638236886460973984, 0.8177966072698834576, 0.8749514872709240887, 0.9346604814925443261, 1.000000000000000000 ),
 .UNSPECIFIED. ) ;
#6101 = CARTESIAN_POINT ( 'NONE',  ( 0.8346479290374847482, 0.01574803149606300232, -0.3535003697340623474 ) ) ;
#6102 = CARTESIAN_POINT ( 'NONE',  ( 1.050082514383656518, 0.01574803149606299191, -0.5921952052349569451 ) ) ;
#6103 = CARTESIAN_POINT ( 'NONE',  ( 2.099375000000000213, 0.01574803149606299191, -0.5018749999999996270 ) ) ;
#6104 = CARTESIAN_POINT ( 'NONE',  ( 2.059187002564436764, 0.000000000000000000, -0.5549404643962556616 ) ) ;
#6105 = CARTESIAN_POINT ( 'NONE',  ( 2.005739128975997598, -2.134256245050205639E-18, -0.4267111423285406824 ) ) ;
#6106 = DIRECTION ( 'NONE',  ( 0.000000000000000000, 0.000000000000000000, 1.000000000000000000 ) ) ;
#6107 = CARTESIAN_POINT ( 'NONE',  ( 0.7960450342067504348, 0.01574803149606299538, -0.3689510087409929584 ) ) ;
#6108 = CARTESIAN_POINT ( 'NONE',  ( 0.8904394531249999467, 0.000000000000000000, -0.5987499999999998934 ) ) ;
#6109 = CARTESIAN_POINT ( 'NONE',  ( 0.8538925380872447457, 0.01574803149606299191, -0.4635077008431419676 ) ) ;
#6110 = B_SPLINE_CURVE_WITH_KNOTS ( 'NONE', 3,
 ( #2307, #223, #2378, #5882, #5357, #253, #3384, #4263, #776, #2249, #4824, #6329, #1254, #4327 ),
 .UNSPECIFIED., .F., .F.,
 ( 4, 2, 2, 2, 2, 2, 4 ),
 ( 0.000000000000000000, 0.0002204643739267653604, 0.0004409287478535307207, 0.0006613931217802960540, 0.0008818574957070614414, 0.001322786243560599264, 0.001763714991414137411 ),
 .UNSPECIFIED. ) ;
#6111 = CARTESIAN_POINT ( 'NONE',  ( 1.198789062500000169, 0.000000000000000000, -0.3549999999999997602 ) ) ;
#6112 = VERTEX_POINT ( 'NONE', #3575 ) ;
#6113 = CARTESIAN_POINT ( 'NONE',  ( 1.976074589354286593, 0.000000000000000000, -0.3715362533805048328 ) ) ;
#6114 = CARTESIAN_POINT ( 'NONE',  ( 1.955653175368279539, 2.134256245050205639E-18, -0.4555727674424707718 ) ) ;
#6115 = LINE ( 'NONE', #4594, #3182 ) ;
#6116 = ORIENTED_EDGE ( 'NONE', *, *, #5162, .F. ) ;
#6117 = CARTESIAN_POINT ( 'NONE',  ( 0.8361069543806757265, 0.000000000000000000, -0.3541086104572788718 ) ) ;
#6118 = VERTEX_POINT ( 'NONE', #5052 ) ;
#6119 = ORIENTED_EDGE ( 'NONE', *, *, #5244, .T. ) ;
#6120 = CARTESIAN_POINT ( 'NONE',  ( 1.368884206131682602, 0.01574803149606299191, -0.3521032973289328627 ) ) ;
#6121 = CARTESIAN_POINT ( 'NONE',  ( 1.780722656250000258, 0.01574803149606299191, -0.4549999999999996270 ) ) ;
#6122 = CARTESIAN_POINT ( 'NONE',  ( 2.005707034820237045, 0.01574803149606298844, -0.4277733097913689053 ) ) ;
#6123 = CARTESIAN_POINT ( 'NONE',  ( 0.8086774015304657448, 0.000000000000000000, -0.3552149494256104933 ) ) ;
#6124 = CARTESIAN_POINT ( 'NONE',  ( 1.043757428911911589, 0.000000000000000000, -0.5812185311364524987 ) ) ;
#6125 = LINE ( 'NONE', #1101, #2107 ) ;
#6126 = PLANE ( 'NONE',  #5822 ) ;
#6127 = CARTESIAN_POINT ( 'NONE',  ( 1.702231216971379801, 0.01574803149606299191, -0.3990227523281892896 ) ) ;
#6128 = EDGE_CURVE ( 'NONE', #1388, #6562, #6488, .T. ) ;
#6129 = DIRECTION ( 'NONE',  ( 0.000000000000000000, 0.000000000000000000, 1.000000000000000000 ) ) ;
#6130 = ORIENTED_EDGE ( 'NONE', *, *, #890, .F. ) ;
#6131 = CARTESIAN_POINT ( 'NONE',  ( 1.968646128697536524, 0.000000000000000000, -0.3780145474088106861 ) ) ;
#6132 = EDGE_CURVE ( 'NONE', #5931, #4963, #509, .T. ) ;
#6133 = CARTESIAN_POINT ( 'NONE',  ( 1.359173234227122995, 0.01574803149606298844, -0.3520478349863346845 ) ) ;
#6134 = CARTESIAN_POINT ( 'NONE',  ( 0.9709085534721696442, 1.067128122525102820E-17, -0.5987140514120692369 ) ) ;
#6135 = VECTOR ( 'NONE', #857, 39.37007874015748143 ) ;
#6136 = EDGE_CURVE ( 'NONE', #5031, #1596, #2736, .T. ) ;
#6137 = CARTESIAN_POINT ( 'NONE',  ( 2.038579884105082396, 2.134256245050205639E-18, -0.5034299224311565846 ) ) ;
#6138 = CARTESIAN_POINT ( 'NONE',  ( 2.048328620934477318, 0.01574803149606299191, -0.4612091852758919974 ) ) ;
#6139 = AXIS2_PLACEMENT_3D ( 'NONE', #1202, #2082, #622 ) ;
#6140 = B_SPLINE_CURVE_WITH_KNOTS ( 'NONE', 3,
 ( #5274, #1302, #1753, #2753, #4768, #1177, #3778, #4834, #5793, #1264, #3326 ),
 .UNSPECIFIED., .F., .F.,
 ( 4, 1, 1, 1, 1, 1, 1, 1, 4 ),
 ( 0.000000000000000000, 0.1508613705914237935, 0.2865608683858187344, 0.4112955910961130224, 0.5289620241107761967, 0.6422956057574132904, 0.7556858652191016379, 0.8728841960787619980, 1.000000000000000000 ),
 .UNSPECIFIED. ) ;
#6141 = CARTESIAN_POINT ( 'NONE',  ( 0.8161573731833753342, 0.01574803149606299191, -0.4201596348839627959 ) ) ;
#6142 = PLANE ( 'NONE',  #217 ) ;
#6143 = LINE ( 'NONE', #6178, #2334 ) ;
#6144 = CARTESIAN_POINT ( 'NONE',  ( 1.991200302888193940, 0.01574803149606299538, -0.4839462415532665984 ) ) ;
#6145 = CARTESIAN_POINT ( 'NONE',  ( 0.8935985081236789140, 0.01574803149606299191, -0.4351593758092551778 ) ) ;
#6146 = VECTOR ( 'NONE', #599, 39.37007874015748143 ) ;
#6147 = B_SPLINE_CURVE_WITH_KNOTS ( 'NONE', 3,
 ( #4693, #153, #4792, #5229, #677, #2709, #4722, #5264, #252, #4325, #6360 ),
 .UNSPECIFIED., .F., .F.,
 ( 4, 1, 1, 1, 1, 1, 1, 1, 4 ),
 ( 0.000000000000000000, 0.1050077738571318919, 0.2132420544498702109, 0.3260417248930335132, 0.4448763226610313870, 0.5707359144009531704, 0.7053932713281443334, 0.8480962525101383154, 1.000000000000000000 ),
 .UNSPECIFIED. ) ;
#6148 = VERTEX_POINT ( 'NONE', #2974 ) ;
#6149 = CARTESIAN_POINT ( 'NONE',  ( 1.918891905008060617, -2.134256245050205639E-18, -0.3977743301999187020 ) ) ;
#6150 = CARTESIAN_POINT ( 'NONE',  ( 1.287558593749999813, 0.01574803149606299191, -0.5987499999999996714 ) ) ;
#6151 = CARTESIAN_POINT ( 'NONE',  ( 1.466589852607238287, 2.134256245050205639E-18, -0.5769510178726946492 ) ) ;
#6152 = LINE ( 'NONE', #4718, #475 ) ;
#6153 = ORIENTED_EDGE ( 'NONE', *, *, #5522, .T. ) ;
#6154 = CARTESIAN_POINT ( 'NONE',  ( 2.017336121140453464, -2.134256245050205639E-18, -0.4065570058869527048 ) ) ;
#6155 = ORIENTED_EDGE ( 'NONE', *, *, #6459, .F. ) ;
#6156 = CARTESIAN_POINT ( 'NONE',  ( 1.389937715287782982, 0.01574803149606299191, -0.3815535789347728191 ) ) ;
#6157 = CARTESIAN_POINT ( 'NONE',  ( 2.155625000000000124, 0.000000000000000000, -0.5661328124999995826 ) ) ;
#6158 = CARTESIAN_POINT ( 'NONE',  ( 0.6480439347055678700, 0.000000000000000000, -0.3708097881172091603 ) ) ;
#6159 = CARTESIAN_POINT ( 'NONE',  ( 0.8292592782134812213, 0.01574803149606298844, -0.4386890730078889522 ) ) ;
#6160 = CARTESIAN_POINT ( 'NONE',  ( 1.054608346085519344, 0.01574803149606299538, -0.5953584098797645163 ) ) ;
#6161 = CARTESIAN_POINT ( 'NONE',  ( 1.389999999999999680, -1.365923996832131609E-16, -0.5518749999999997824 ) ) ;
#6162 = CARTESIAN_POINT ( 'NONE',  ( 1.973390406862987501, 0.000000000000000000, -0.4988687646050186664 ) ) ;
#6163 = DIRECTION ( 'NONE',  ( 0.000000000000000000, -1.000000000000000000, 0.000000000000000000 ) ) ;
#6164 = ADVANCED_FACE ( 'NONE', ( #383 ), #4987, .F. ) ;
#6165 = CARTESIAN_POINT ( 'NONE',  ( 0.8903237402554670110, 0.01574803149606299191, -0.5545238095568543191 ) ) ;
#6166 = VERTEX_POINT ( 'NONE', #4492 ) ;
#6167 = LINE ( 'NONE', #2081, #1266 ) ;
#6168 = CARTESIAN_POINT ( 'NONE',  ( 1.696293193498420671, 2.134256245050205639E-18, -0.3791364747584065054 ) ) ;
#6169 = EDGE_CURVE ( 'NONE', #1829, #2886, #3765, .T. ) ;
#6170 = ADVANCED_FACE ( 'NONE', ( #1148 ), #4589, .F. ) ;
#6171 = CARTESIAN_POINT ( 'NONE',  ( 0.6913780193737223412, 0.000000000000000000, -0.3562911311559122662 ) ) ;
#6172 = CARTESIAN_POINT ( 'NONE',  ( 0.9842120465599347723, 1.067128122525102820E-17, -0.5968761565723069706 ) ) ;
#6173 = CARTESIAN_POINT ( 'NONE',  ( 1.068710937500000124, -0.1613455277634967266, -0.3549999999999997602 ) ) ;
#6174 = CARTESIAN_POINT ( 'NONE',  ( 2.019762502639480761, 0.000000000000000000, -0.5445401042851789608 ) ) ;
#6175 = CARTESIAN_POINT ( 'NONE',  ( 1.826961626694030727, 2.134256245050205639E-18, -0.5996775594966843315 ) ) ;
#6176 = CARTESIAN_POINT ( 'NONE',  ( 1.053154986291262363, 0.000000000000000000, -0.4790529472713948578 ) ) ;
#6177 = LINE ( 'NONE', #503, #3297 ) ;
#6178 = CARTESIAN_POINT ( 'NONE',  ( 2.099375000000000213, 0.000000000000000000, -0.5549999999999996048 ) ) ;
#6179 = PLANE ( 'NONE',  #1952 ) ;
#6180 = CARTESIAN_POINT ( 'NONE',  ( 2.021742042023624286, 0.01574803149606299191, -0.5975288910544046539 ) ) ;
#6181 = EDGE_CURVE ( 'NONE', #248, #885, #52, .T. ) ;
#6182 = CARTESIAN_POINT ( 'NONE',  ( 1.872146047187615014, 0.01574803149606298844, -0.3681319372179955307 ) ) ;
#6183 = CARTESIAN_POINT ( 'NONE',  ( 0.6779177560663457447, 2.134256245050205639E-18, -0.3519582115025515212 ) ) ;
#6184 = CARTESIAN_POINT ( 'NONE',  ( 1.462764273624399536, 2.134256245050205639E-18, -0.5891419486050499810 ) ) ;
#6185 = EDGE_CURVE ( 'NONE', #803, #88, #142, .T. ) ;
#6186 = FACE_OUTER_BOUND ( 'NONE', #5413, .T. ) ;
#6187 = VERTEX_POINT ( 'NONE', #602 ) ;
#6188 = EDGE_LOOP ( 'NONE', ( #1903, #292, #1333, #3585 ) ) ;
#6189 = EDGE_LOOP ( 'NONE', ( #4438, #2940, #3925, #6450 ) ) ;
#6190 = CARTESIAN_POINT ( 'NONE',  ( 1.374105761765620937, 2.134256245050205639E-18, -0.3537438756759779257 ) ) ;
#6191 = DIRECTION ( 'NONE',  ( 0.000000000000000000, 0.000000000000000000, 1.000000000000000000 ) ) ;
#6192 = CARTESIAN_POINT ( 'NONE',  ( 2.125377762621469380, 0.01574803149606299191, -0.3550577045673935506 ) ) ;
#6193 = FACE_OUTER_BOUND ( 'NONE', #2711, .T. ) ;
#6194 = CARTESIAN_POINT ( 'NONE',  ( 0.7688838942088641604, 0.01574803149606299538, -0.5933338171478863554 ) ) ;
#6195 = CARTESIAN_POINT ( 'NONE',  ( 1.500769627695295094, 0.01574803149606299191, -0.5519559003030559685 ) ) ;
#6196 =( GEOMETRIC_REPRESENTATION_CONTEXT ( 3 ) GLOBAL_UNCERTAINTY_ASSIGNED_CONTEXT ( ( #1090 ) ) GLOBAL_UNIT_ASSIGNED_CONTEXT ( ( #476, #914, #6520 ) ) REPRESENTATION_CONTEXT ( 'NONE', 'WORKASPACE' ) );
#6197 = B_SPLINE_CURVE_WITH_KNOTS ( 'NONE', 3,
 ( #2725, #6275, #1728, #3814, #1665, #4772, #3693, #5701, #3754, #5769, #235, #2262, #406, #5934, #2926, #980, #369, #5464, #2857 ),
 .UNSPECIFIED., .F., .F.,
 ( 4, 1, 1, 1, 1, 1, 1, 1, 1, 1, 1, 1, 1, 1, 1, 1, 4 ),
 ( 0.000000000000000000, 0.07682182496815759265, 0.1483974285859209763, 0.2161664016552689027, 0.2784568412905371604, 0.3380399285183468550, 0.3952630534031033038, 0.4487513570642382987, 0.5018871158857993731, 0.5543345688624448098, 0.6088438518640950647, 0.6644380408310732733, 0.7240211280588837450, 0.7865458060051973010, 0.8525159449140742307, 0.9240915485318373923, 0.9999999999999998890 ),
 .UNSPECIFIED. ) ;
#6198 = PRODUCT_CONTEXT ( 'NONE', #5361, 'mechanical' ) ;
#6199 = VECTOR ( 'NONE', #1736, 39.37007874015748854 ) ;
#6200 = CARTESIAN_POINT ( 'NONE',  ( 1.696390614028015165, 0.01574803149606299538, -0.3750703219898001706 ) ) ;
#6201 = PLANE ( 'NONE',  #2206 ) ;
#6202 = LINE ( 'NONE', #2657, #422 ) ;
#6203 = CARTESIAN_POINT ( 'NONE',  ( 2.060361328125000391, 0.01574803149606298844, -0.5018749999999997380 ) ) ;
#6204 = CARTESIAN_POINT ( 'NONE',  ( 2.024297578616763627, 1.707404996040164512E-17, -0.4572643449136007399 ) ) ;
#6205 = CARTESIAN_POINT ( 'NONE',  ( 0.8572573274342568661, 0.01574803149606299885, -0.5143500325307278631 ) ) ;
#6206 = LINE ( 'NONE', #1180, #1687 ) ;
#6207 = CARTESIAN_POINT ( 'NONE',  ( 1.682039575201084824, 2.134256245050205639E-18, -0.5703224049498253345 ) ) ;
#6208 = CARTESIAN_POINT ( 'NONE',  ( 0.7952062246936556500, 0.01574803149606299538, -0.3730445017697057719 ) ) ;
#6209 = DIRECTION ( 'NONE',  ( 0.000000000000000000, 1.000000000000000000, 0.000000000000000000 ) ) ;
#6210 = CARTESIAN_POINT ( 'NONE',  ( 0.8043665267143419451, 0.01574803149606299538, -0.5014911768085769106 ) ) ;
#6211 = CARTESIAN_POINT ( 'NONE',  ( 1.974174082947677711, 0.01574803149606299885, -0.5745425722221059184 ) ) ;
#6212 = DIRECTION ( 'NONE',  ( 1.000000000000000000, 0.000000000000000000, 0.000000000000000000 ) ) ;
#6213 = ORIENTED_EDGE ( 'NONE', *, *, #5522, .F. ) ;
#6214 = ORIENTED_EDGE ( 'NONE', *, *, #4184, .F. ) ;
#6215 = CARTESIAN_POINT ( 'NONE',  ( 1.792422440190068134, -6.402768735150616918E-18, -0.5973487755846373926 ) ) ;
#6216 = CARTESIAN_POINT ( 'NONE',  ( 1.980235860394018443, 0.01574803149606299191, -0.3686997713500977936 ) ) ;
#6217 = CARTESIAN_POINT ( 'NONE',  ( 0.8733496093749999467, 0.01574803149606299885, -0.5516308593749998934 ) ) ;
#6218 = CARTESIAN_POINT ( 'NONE',  ( 1.960592541740891592, 0.01574803149606299191, -0.4634254569874997620 ) ) ;
#6219 = EDGE_CURVE ( 'NONE', #4963, #6562, #2092, .T. ) ;
#6220 = CARTESIAN_POINT ( 'NONE',  ( 0.9837597971922378282, 0.01574803149606299191, -0.3527424979820136808 ) ) ;
#6221 = ORIENTED_EDGE ( 'NONE', *, *, #6384, .T. ) ;
#6222 = CARTESIAN_POINT ( 'NONE',  ( 2.027864862630908149, -2.134256245050205639E-18, -0.4017269596091236350 ) ) ;
#6223 = EDGE_CURVE ( 'NONE', #1857, #5976, #1639, .T. ) ;
#6224 = CARTESIAN_POINT ( 'NONE',  ( 0.7490332031249997691, 0.01574803149606299885, -0.6018749999999998268 ) ) ;
#6225 = CARTESIAN_POINT ( 'NONE',  ( 0.6067912039506536681, 2.134256245050205639E-18, -0.6012846810752078275 ) ) ;
#6226 = DIRECTION ( 'NONE',  ( 1.000000000000000000, 0.000000000000000000, 0.000000000000000000 ) ) ;
#6227 = CARTESIAN_POINT ( 'NONE',  ( 0.8100047737412046089, 6.402768735150616918E-18, -0.4097328900665198059 ) ) ;
#6228 = CARTESIAN_POINT ( 'NONE',  ( 0.7613625404320532031, 0.01574803149606299538, -0.5992459320181087179 ) ) ;
#6229 = CARTESIAN_POINT ( 'NONE',  ( 0.9504173665070517751, 2.134256245050205639E-18, -0.3648189040991775545 ) ) ;
#6230 = ORIENTED_EDGE ( 'NONE', *, *, #2241, .T. ) ;
#6231 = CARTESIAN_POINT ( 'NONE',  ( 0.8544779182415332963, 0.01574803149606299191, -0.3735785262336010493 ) ) ;
#6232 = CARTESIAN_POINT ( 'NONE',  ( 2.099375000000000213, 0.000000000000000000, -0.4612499999999996048 ) ) ;
#6233 = LINE ( 'NONE', #4238, #727 ) ;
#6234 = CARTESIAN_POINT ( 'NONE',  ( 1.287558593750000036, 0.01574803149606299191, -0.5987499999999997824 ) ) ;
#6235 = FACE_OUTER_BOUND ( 'NONE', #4385, .T. ) ;
#6236 = CARTESIAN_POINT ( 'NONE',  ( 0.6942081927157408572, 0.01574803149606300232, -0.3585145870791284772 ) ) ;
#6237 = FACE_OUTER_BOUND ( 'NONE', #4167, .T. ) ;
#6238 = CARTESIAN_POINT ( 'NONE',  ( 1.046856553724963668, 0.01574803149606298844, -0.3613586407157824976 ) ) ;
#6239 = VECTOR ( 'NONE', #2752, 39.37007874015748143 ) ;
#6240 = LINE ( 'NONE', #1787, #3815 ) ;
#6241 = CARTESIAN_POINT ( 'NONE',  ( 1.960149673914983959, 0.01574803149606299191, -0.5378309883999116137 ) ) ;
#6242 = VECTOR ( 'NONE', #3831, 39.37007874015748143 ) ;
#6243 = DIRECTION ( 'NONE',  ( 0.3665245183824903941, 0.000000000000000000, 0.9304083928170915341 ) ) ;
#6244 = CARTESIAN_POINT ( 'NONE',  ( 0.9291938420388724529, 1.067128122525102820E-17, -0.4549083667832165001 ) ) ;
#6245 = EDGE_CURVE ( 'NONE', #1388, #2289, #3170, .T. ) ;
#6247 = ORIENTED_EDGE ( 'NONE', *, *, #2654, .T. ) ;
#6246 = VECTOR ( 'NONE', #3057, 39.37007874015748143 ) ;
#6248 = CARTESIAN_POINT ( 'NONE',  ( 0.000000000000000000, 0.000000000000000000, 0.000000000000000000 ) ) ;
#6249 = LINE ( 'NONE', #6150, #4012 ) ;
#6250 = DIRECTION ( 'NONE',  ( 0.000000000000000000, 1.000000000000000000, 0.000000000000000000 ) ) ;
#6251 = ADVANCED_FACE ( 'NONE', ( #635 ), #3579, .F. ) ;
#6252 = CARTESIAN_POINT ( 'NONE',  ( 1.747785230038836568, 0.01574803149606298844, -0.3651590258483829454 ) ) ;
#6253 = FACE_OUTER_BOUND ( 'NONE', #3523, .T. ) ;
#6254 = ORIENTED_EDGE ( 'NONE', *, *, #4714, .T. ) ;
#6255 = CARTESIAN_POINT ( 'NONE',  ( 1.225471830669116136, -2.134256245050205639E-18, -0.5880351776275288822 ) ) ;
#6256 = ORIENTED_EDGE ( 'NONE', *, *, #1917, .F. ) ;
#6257 = ADVANCED_FACE ( 'NONE', ( #1731 ), #2566, .F. ) ;
#6258 = CARTESIAN_POINT ( 'NONE',  ( 2.007201758097337585, 0.000000000000000000, -0.4197279087018289112 ) ) ;
#6259 = CARTESIAN_POINT ( 'NONE',  ( 1.472649872294380380, -2.134256245050205639E-18, -0.5706365735033217534 ) ) ;
#6260 = PLANE ( 'NONE',  #5718 ) ;
#6261 = ADVANCED_FACE ( 'NONE', ( #4249 ), #2507, .F. ) ;
#6262 = AXIS2_PLACEMENT_3D ( 'NONE', #2743, #3798, #4757 ) ;
#6263 = CARTESIAN_POINT ( 'NONE',  ( 0.8055458715792485069, 0.000000000000000000, -0.3569883667585909692 ) ) ;
#6264 = ORIENTED_EDGE ( 'NONE', *, *, #1077, .T. ) ;
#6265 = FACE_OUTER_BOUND ( 'NONE', #3127, .T. ) ;
#6266 = ORIENTED_EDGE ( 'NONE', *, *, #6455, .T. ) ;
#6267 = CARTESIAN_POINT ( 'NONE',  ( 1.230594783442906293, 0.01574803149606299191, -0.5679089083452334430 ) ) ;
#6268 = CARTESIAN_POINT ( 'NONE',  ( 1.826961626694030727, -2.134256245050205639E-18, -0.5996775594966843315 ) ) ;
#6269 = DIRECTION ( 'NONE',  ( -0.000000000000000000, 1.000000000000000000, -0.000000000000000000 ) ) ;
#6270 = LINE ( 'NONE', #2717, #6239 ) ;
#6271 = CARTESIAN_POINT ( 'NONE',  ( 1.960401177559732089, 2.134256245050205639E-18, -0.5275525584092636278 ) ) ;
#6272 = CARTESIAN_POINT ( 'NONE',  ( 1.068707731203448752, 2.134256245050205639E-18, -0.5036064533224602346 ) ) ;
#6273 = CARTESIAN_POINT ( 'NONE',  ( 1.220060227973940759, 2.134256245050205639E-18, -0.5934999292830022144 ) ) ;
#6274 = CARTESIAN_POINT ( 'NONE',  ( 0.9078710937500000799, 0.01574803149606299191, -0.4956249999999998712 ) ) ;
#6275 = CARTESIAN_POINT ( 'NONE',  ( 0.9709085534721696442, 2.134256245050205639E-18, -0.5987140514120692369 ) ) ;
#6276 = FACE_OUTER_BOUND ( 'NONE', #6188, .T. ) ;
#6277 = CARTESIAN_POINT ( 'NONE',  ( 0.000000000000000000, 0.000000000000000000, 0.000000000000000000 ) ) ;
#6278 = CARTESIAN_POINT ( 'NONE',  ( 1.980996679376970437, 6.402768735150616918E-18, -0.5810334536819951046 ) ) ;
#6279 = CARTESIAN_POINT ( 'NONE',  ( 1.990244140625000213, 0.01574803149606299191, -0.5876660156249995381 ) ) ;
#6280 = CARTESIAN_POINT ( 'NONE',  ( 0.9350683593749998801, 0.01574803149606299191, -0.4549999999999999045 ) ) ;
#6281 = B_SPLINE_CURVE_WITH_KNOTS ( 'NONE', 3,
 ( #4358, #2875, #4890, #356, #5418, #391, #4922, #3897, #2411, #884, #5915, #2906, #4429, #1867 ),
 .UNSPECIFIED., .F., .F.,
 ( 4, 2, 2, 2, 2, 2, 4 ),
 ( 0.000000000000000000, 0.0001666446829752731777, 0.0003332893659505463554, 0.0006665787319010828445, 0.0008332234148763491104, 0.0009998680978516153763, 0.001333157463802147908 ),
 .UNSPECIFIED. ) ;
#6282 = EDGE_LOOP ( 'NONE', ( #2237, #5053, #5787, #60 ) ) ;
#6283 = ORIENTED_EDGE ( 'NONE', *, *, #586, .F. ) ;
#6284 = DIRECTION ( 'NONE',  ( 0.000000000000000000, 1.000000000000000000, 0.000000000000000000 ) ) ;
#6285 = DIRECTION ( 'NONE',  ( 0.000000000000000000, 0.000000000000000000, 1.000000000000000000 ) ) ;
#6286 = CARTESIAN_POINT ( 'NONE',  ( 1.603473469530193762, 0.01574803149606299538, -0.3685716522989347377 ) ) ;
#6287 = CARTESIAN_POINT ( 'NONE',  ( 2.099375000000000213, 0.000000000000000000, -0.5549999999999996048 ) ) ;
#6288 = EDGE_LOOP ( 'NONE', ( #4156, #1515, #1553, #6116 ) ) ;
#6289 = ORIENTED_EDGE ( 'NONE', *, *, #3509, .F. ) ;
#6290 = CARTESIAN_POINT ( 'NONE',  ( 2.023994743052068834, 0.01574803149606299191, -0.4031026647394343465 ) ) ;
#6291 = CARTESIAN_POINT ( 'NONE',  ( 1.466414575201084869, 0.01574803149606299191, -0.5703224049498253345 ) ) ;
#6292 = FACE_OUTER_BOUND ( 'NONE', #721, .T. ) ;
#6293 = FACE_OUTER_BOUND ( 'NONE', #888, .T. ) ;
#6294 = DIRECTION ( 'NONE',  ( -0.000000000000000000, 1.000000000000000000, -0.000000000000000000 ) ) ;
#6295 = CARTESIAN_POINT ( 'NONE',  ( 0.5949659583850825939, -2.134256245050205639E-18, -0.6016660654787081564 ) ) ;
#6296 = ORIENTED_EDGE ( 'NONE', *, *, #859, .T. ) ;
#6297 = CARTESIAN_POINT ( 'NONE',  ( 1.866123046875000080, 0.01574803149606299191, -0.3834667968749996825 ) ) ;
#6298 = CARTESIAN_POINT ( 'NONE',  ( 2.145973948338901760, 0.000000000000000000, -0.3610398694814447307 ) ) ;
#6299 = CARTESIAN_POINT ( 'NONE',  ( 1.903399071743901105, 0.01574803149606298844, -0.3521647900860443992 ) ) ;
#6300 = CARTESIAN_POINT ( 'NONE',  ( 1.580816665059306514, 2.134256245050205639E-18, -0.3519525788324340265 ) ) ;
#6301 = CARTESIAN_POINT ( 'NONE',  ( 0.8079574597351137921, 0.01574803149606299538, -0.4943480671812497951 ) ) ;
#6302 = CARTESIAN_POINT ( 'NONE',  ( 1.979393697699742383, 2.134256245050205639E-18, -0.4934988332504771646 ) ) ;
#6303 = ADVANCED_FACE ( 'NONE', ( #829 ), #820, .F. ) ;
#6304 = CARTESIAN_POINT ( 'NONE',  ( 1.439267578124999725, 0.000000000000000000, -0.5518749999999997824 ) ) ;
#6305 = COLOUR_RGB ( '',0.7921568627450980005, 0.8196078431372548767, 0.9333333333333333481 ) ;
#6306 = CARTESIAN_POINT ( 'NONE',  ( 0.8633978870350602630, 0.01574803149606299885, -0.5046788878951700141 ) ) ;
#6307 = ADVANCED_FACE ( 'NONE', ( #4486 ), #4538, .F. ) ;
#6308 = PLANE ( 'NONE',  #1480 ) ;
#6309 = CARTESIAN_POINT ( 'NONE',  ( 0.8028276989471914149, 1.067128122525102820E-17, -0.3590826211141379676 ) ) ;
#6310 =( CONVERSION_BASED_UNIT ( 'INCH', #1666 ) LENGTH_UNIT ( ) NAMED_UNIT ( #1444 ) );
#6311 = LINE ( 'NONE', #4247, #5932 ) ;
#6312 = CARTESIAN_POINT ( 'NONE',  ( 0.6165612494554562062, 2.134256245050205639E-18, -0.5966986333579186175 ) ) ;
#6313 = CARTESIAN_POINT ( 'NONE',  ( 0.8216756095633861445, 0.000000000000000000, -0.5805406895911777720 ) ) ;
#6314 = B_SPLINE_SURFACE_WITH_KNOTS ( 'NONE', 3, 1, ( 
 ( #4323, #4851 ),
 ( #4260, #773 ),
 ( #6358, #5262 ),
 ( #1803, #4292 ),
 ( #2806, #6258 ),
 ( #5354, #2246 ),
 ( #3280, #806 ),
 ( #2839, #3248 ),
 ( #708, #317 ),
 ( #4755, #1768 ),
 ( #2343, #5781 ),
 ( #6290, #4355 ),
 ( #5813, #284 ),
 ( #4821, #844 ),
 ( #6393, #5295 ),
 ( #3830, #742 ),
 ( #1832, #5879 ),
 ( #1351, #3739 ),
 ( #5847, #1319 ) ),
 .UNSPECIFIED., .F., .F., .F.,
 ( 4, 1, 1, 1, 1, 1, 1, 1, 1, 1, 1, 1, 1, 1, 1, 1, 4 ),
 ( 2, 2 ),
 ( 0.000000000000000000, 0.06007738111163762884, 0.1161468143690542743, 0.1705028409387495669, 0.2222660001507852368, 0.2739845647741318002, 0.3248767484220616009, 0.3769731502982478499, 0.4310632195693260282, 0.4875937157732307403, 0.5470582679305163731, 0.6107159879078736253, 0.6788724070025906610, 0.7508167662575861989, 0.8289124499466808960, 0.9118685137632742688, 1.000000000000000000 ),
 ( 0.000000000000000000, 1.000000000000000000 ),
 .UNSPECIFIED. ) ;
#6315 = ORIENTED_EDGE ( 'NONE', *, *, #1232, .T. ) ;
#6316 = B_SPLINE_CURVE_WITH_KNOTS ( 'NONE', 3,
 ( #5685, #4040, #124, #3054, #5063, #2147, #4164, #3681, #2551, #3183, #2039, #1161, #6122, #2516 ),
 .UNSPECIFIED., .F., .F.,
 ( 4, 2, 2, 2, 2, 2, 4 ),
 ( 0.000000000000000000, 0.0004017542409179158144, 0.0006026313613768629609, 0.0008035084818358102701, 0.001205262722753722886, 0.001406139843212682447, 0.001607016963671641574 ),
 .UNSPECIFIED. ) ;
#6317 = CARTESIAN_POINT ( 'NONE',  ( 0.7490332031249997691, 0.000000000000000000, -0.6018749999999998268 ) ) ;
#6318 = CARTESIAN_POINT ( 'NONE',  ( 1.697299596531865129, 0.000000000000000000, -0.3844237398705181441 ) ) ;
#6319 = CARTESIAN_POINT ( 'NONE',  ( 1.594041093305665679, 0.01574803149606300232, -0.3559369822546423201 ) ) ;
#6320 = CARTESIAN_POINT ( 'NONE',  ( 0.7599707031249997025, 0.01574803149606299191, -0.5464062499999999822 ) ) ;
#6321 = CARTESIAN_POINT ( 'NONE',  ( 0.5751446174638729092, 0.01574803149606299191, -0.5873022400820337996 ) ) ;
#6322 = CARTESIAN_POINT ( 'NONE',  ( 1.654892578124999680, 0.01574803149606299191, -0.5518749999999997824 ) ) ;
#6323 = ORIENTED_EDGE ( 'NONE', *, *, #6434, .F. ) ;
#6324 = CARTESIAN_POINT ( 'NONE',  ( 1.216587779875847541, -2.134256245050205639E-18, -0.5954433579727881343 ) ) ;
#6325 = B_SPLINE_CURVE_WITH_KNOTS ( 'NONE', 3,
 ( #4090, #6109, #3609, #2535, #4058, #3695, #4553, #2628, #2132, #3168, #2025, #4181, #6210, #4646, #6076, #5671, #3104, #5114 ),
 .UNSPECIFIED., .F., .F.,
 ( 4, 2, 2, 2, 2, 2, 2, 2, 4 ),
 ( 0.000000000000000000, 0.0003061310954391834255, 0.0006122621908783668510, 0.0009183932863175502765, 0.001224524381756733702, 0.001530655477195917019, 0.001836786572635100553, 0.002142917668074284087, 0.002449048763513467404 ),
 .UNSPECIFIED. ) ;
#6326 = CARTESIAN_POINT ( 'NONE',  ( 0.9187404028840812087, 2.134256245050205639E-18, -0.4534274917561681439 ) ) ;
#6327 = CARTESIAN_POINT ( 'NONE',  ( 1.682285156249999858, -0.3384390870230564174, -0.5752148437499997602 ) ) ;
#6328 = CARTESIAN_POINT ( 'NONE',  ( 1.333749999999999769, -1.365923996832131609E-16, -0.5518749999999997824 ) ) ;
#6329 = CARTESIAN_POINT ( 'NONE',  ( 1.852765754787174091, 0.01574803149606299538, -0.5658415428758377663 ) ) ;
#6330 = ORIENTED_EDGE ( 'NONE', *, *, #5688, .T. ) ;
#6331 = CARTESIAN_POINT ( 'NONE',  ( 2.019762502639480761, 0.000000000000000000, -0.5445401042851789608 ) ) ;
#6332 = CARTESIAN_POINT ( 'NONE',  ( 1.081015625000000036, 0.01574803149606299191, -0.5049999999999997824 ) ) ;
#6333 = VERTEX_POINT ( 'NONE', #2019 ) ;
#6334 = B_SPLINE_SURFACE_WITH_KNOTS ( 'NONE', 3, 1, ( 
 ( #3355, #1774 ),
 ( #780, #6400 ),
 ( #5364, #2312 ),
 ( #325, #814 ),
 ( #4362, #3804 ),
 ( #5821, #1295 ),
 ( #837, #801 ),
 ( #913, #278 ),
 ( #346, #5842 ),
 ( #6419, #4948 ),
 ( #1858, #5907 ) ),
 .UNSPECIFIED., .F., .F., .F.,
 ( 4, 1, 1, 1, 1, 1, 1, 1, 4 ),
 ( 2, 2 ),
 ( 0.000000000000000000, 0.1286989885783279552, 0.2411927597118221911, 0.3422630546884235514, 0.4355406170092637752, 0.5407971397498051447, 0.6697997774159017981, 0.8224494370843037361, 1.000000000000000000 ),
 ( 0.000000000000000000, 1.000000000000000000 ),
 .UNSPECIFIED. ) ;
#6335 = CARTESIAN_POINT ( 'NONE',  ( 1.846860167443127088, 0.01574803149606298844, -0.5796946418014480296 ) ) ;
#6336 = CARTESIAN_POINT ( 'NONE',  ( 2.155381272625661815, 0.000000000000000000, -0.3801147199274035882 ) ) ;
#6337 = CARTESIAN_POINT ( 'NONE',  ( 1.216086667941507438, 0.01574803149606298844, -0.3579846165770110278 ) ) ;
#6338 = EDGE_CURVE ( 'NONE', #3969, #1157, #2969, .T. ) ;
#6339 = CARTESIAN_POINT ( 'NONE',  ( 0.8111839591274118133, 0.000000000000000000, -0.4896144784986271592 ) ) ;
#6340 = CARTESIAN_POINT ( 'NONE',  ( 0.9462499999999999245, -1.365923996832131609E-16, -0.4549999999999999045 ) ) ;
#6341 = CARTESIAN_POINT ( 'NONE',  ( 1.052890625000000080, 0.000000000000000000, -0.4832714843749997824 ) ) ;
#6342 = EDGE_CURVE ( 'NONE', #6080, #3391, #3504, .T. ) ;
#6343 = CARTESIAN_POINT ( 'NONE',  ( 1.039885826475212216, 0.01574803149606298844, -0.3725197944769362279 ) ) ;
#6344 = ADVANCED_FACE ( 'NONE', ( #1988 ), #4015, .T. ) ;
#6345 = CARTESIAN_POINT ( 'NONE',  ( 1.967575376824846289, 0.01574803149606299191, -0.5649064037351857470 ) ) ;
#6346 = CARTESIAN_POINT ( 'NONE',  ( 1.474174678590501220, 0.01574803149606299538, -0.5839987746752218767 ) ) ;
#6347 = CARTESIAN_POINT ( 'NONE',  ( 0.8017424425640248264, 0.01574803149606299538, -0.5484430121667385194 ) ) ;
#6348 = ADVANCED_FACE ( 'NONE', ( #3201 ), #3013, .F. ) ;
#6349 = VERTEX_POINT ( 'NONE', #3664 ) ;
#6350 = VECTOR ( 'NONE', #3101, 39.37007874015748143 ) ;
#6351 = CARTESIAN_POINT ( 'NONE',  ( 1.039750349585767175, 0.01574803149606299191, -0.3750247415711203125 ) ) ;
#6352 = CARTESIAN_POINT ( 'NONE',  ( 0.8610875850729554637, 0.000000000000000000, -0.5972677263151885407 ) ) ;
#6353 = CARTESIAN_POINT ( 'NONE',  ( 1.756406250000000169, 0.01574803149606298844, -0.3840527343749995937 ) ) ;
#6354 =( CONVERSION_BASED_UNIT ( 'INCH', #704 ) LENGTH_UNIT ( ) NAMED_UNIT ( #2498 ) );
#6355 = CARTESIAN_POINT ( 'NONE',  ( 1.039658203125000124, 0.000000000000000000, -0.3767285156249997602 ) ) ;
#6356 = VECTOR ( 'NONE', #1093, 39.37007874015748143 ) ;
#6357 = ORIENTED_EDGE ( 'NONE', *, *, #5168, .F. ) ;
#6358 = CARTESIAN_POINT ( 'NONE',  ( 2.005739128975997598, 0.01574803149606299191, -0.4267111423285406824 ) ) ;
#6359 = CARTESIAN_POINT ( 'NONE',  ( 1.605445111149788939, 0.01574803149606299538, -0.3768347480884960410 ) ) ;
#6360 = CARTESIAN_POINT ( 'NONE',  ( 2.045664062500000213, 0.000000000000000000, -0.5987499999999995604 ) ) ;
#6361 = CARTESIAN_POINT ( 'NONE',  ( 1.463377715255140821, 0.01574803149606298844, -0.5621810034287931801 ) ) ;
#6362 = ORIENTED_EDGE ( 'NONE', *, *, #5606, .T. ) ;
#6363 = CARTESIAN_POINT ( 'NONE',  ( 2.016704755238749147, 0.000000000000000000, -0.5393522598608423424 ) ) ;
#6364 = VECTOR ( 'NONE', #5841, 39.37007874015748143 ) ;
#6365 = EDGE_LOOP ( 'NONE', ( #2502, #636, #6405, #1217, #2713, #3855 ) ) ;
#6366 = B_SPLINE_CURVE_WITH_KNOTS ( 'NONE', 3,
 ( #4846, #4715, #310, #6383, #1342, #2202, #667, #2701, #700, #4218, #3240, #4252 ),
 .UNSPECIFIED., .F., .F.,
 ( 4, 2, 2, 2, 2, 4 ),
 ( 0.000000000000000000, 0.0002574559578482174299, 0.0005149119156964348598, 0.0007723678735446522356, 0.0009010958524687634171, 0.001029823831392874707 ),
 .UNSPECIFIED. ) ;
#6367 = AXIS2_PLACEMENT_3D ( 'NONE', #6424, #2406, #1349 ) ;
#6368 = CARTESIAN_POINT ( 'NONE',  ( 1.856487890401973706, -2.134256245050205639E-18, -0.5561556980009904061 ) ) ;
#6369 = CARTESIAN_POINT ( 'NONE',  ( 2.155540181561382607, 0.000000000000000000, -0.3850062883877574671 ) ) ;
#6370 = DIRECTION ( 'NONE',  ( 0.3154607403026623014, 0.000000000000000000, 0.9489386288520961221 ) ) ;
#6371 = ORIENTED_EDGE ( 'NONE', *, *, #2497, .F. ) ;
#6372 = CARTESIAN_POINT ( 'NONE',  ( 0.8733496093749999467, 0.01574803149606299885, -0.5516308593749998934 ) ) ;
#6373 = DIRECTION ( 'NONE',  ( 0.000000000000000000, 1.000000000000000000, 0.000000000000000000 ) ) ;
#6374 = ADVANCED_FACE ( 'NONE', ( #3132 ), #4899, .F. ) ;
#6375 = EDGE_CURVE ( 'NONE', #282, #4912, #4244, .T. ) ;
#6376 = CARTESIAN_POINT ( 'NONE',  ( 1.450749392804951299, -2.134256245050205639E-18, -0.5973976626379204902 ) ) ;
#6377 = CARTESIAN_POINT ( 'NONE',  ( 1.472466250253841258, 0.000000000000000000, -0.5736734020095923814 ) ) ;
#6378 = CARTESIAN_POINT ( 'NONE',  ( 2.014108617890390196, 0.01574803149606298844, -0.3571634630660444620 ) ) ;
#6379 = CARTESIAN_POINT ( 'NONE',  ( 1.174375000000000169, 0.01574803149606299191, -0.4612499999999997713 ) ) ;
#6380 = CARTESIAN_POINT ( 'NONE',  ( 1.479313123093697113, 0.01574803149606299885, -0.5915677714760840811 ) ) ;
#6381 = CARTESIAN_POINT ( 'NONE',  ( 0.8326720618200870172, 0.01574803149606299538, -0.5882724228539194522 ) ) ;
#6382 = VERTEX_POINT ( 'NONE', #1754 ) ;
#6383 = CARTESIAN_POINT ( 'NONE',  ( 1.059002919365123363, 0.01574803149606299191, -0.5566158014660437248 ) ) ;
#6384 = EDGE_CURVE ( 'NONE', #3172, #5460, #5733, .T. ) ;
#6385 = CARTESIAN_POINT ( 'NONE',  ( 0.9817033282193950994, -2.134256245050205639E-18, -0.3521530522776147309 ) ) ;
#6386 = CARTESIAN_POINT ( 'NONE',  ( 1.744114010024129025, 0.01574803149606298844, -0.3597024594704464340 ) ) ;
#6387 = LINE ( 'NONE', #6320, #1440 ) ;
#6388 = LINE ( 'NONE', #215, #6199 ) ;
#6389 = ORIENTED_EDGE ( 'NONE', *, *, #3901, .T. ) ;
#6390 = ORIENTED_EDGE ( 'NONE', *, *, #2327, .T. ) ;
#6391 = CARTESIAN_POINT ( 'NONE',  ( 0.8518261953447646695, -2.134256245050205639E-18, -0.3697119835800934950 ) ) ;
#6392 = EDGE_CURVE ( 'NONE', #3875, #3094, #690, .T. ) ;
#6393 = CARTESIAN_POINT ( 'NONE',  ( 2.036702616618008221, 0.01574803149606299191, -0.3997962612154247752 ) ) ;
#6394 = DIRECTION ( 'NONE',  ( -0.000000000000000000, 1.000000000000000000, -0.000000000000000000 ) ) ;
#6395 = LINE ( 'NONE', #1865, #4243 ) ;
#6396 = CARTESIAN_POINT ( 'NONE',  ( 1.671145130467351247, 0.01574803149606299191, -0.5953758084540667905 ) ) ;
#6397 = EDGE_LOOP ( 'NONE', ( #2863, #810, #2144, #875 ) ) ;
#6398 = CARTESIAN_POINT ( 'NONE',  ( 2.053277509291010272, 0.000000000000000000, -0.5546854166789314533 ) ) ;
#6399 = EDGE_LOOP ( 'NONE', ( #977, #4379, #6330, #2921, #1379 ) ) ;
#6400 = CARTESIAN_POINT ( 'NONE',  ( 0.7469251978107264156, 0.000000000000000000, -0.6018009746601061805 ) ) ;
#6401 = CARTESIAN_POINT ( 'NONE',  ( 1.837522272262992473, -2.134256245050205639E-18, -0.5929680898464638750 ) ) ;
#6402 = DIRECTION ( 'NONE',  ( 0.000000000000000000, 1.000000000000000000, 0.000000000000000000 ) ) ;
#6403 = CARTESIAN_POINT ( 'NONE',  ( 2.001541966735678635, 0.01574803149606299191, -0.3597019483926655603 ) ) ;
#6404 = CARTESIAN_POINT ( 'NONE',  ( 0.9957248583850670798, 0.000000000000000000, -0.3602255297463956007 ) ) ;
#6405 = ORIENTED_EDGE ( 'NONE', *, *, #4016, .T. ) ;
#6406 = CARTESIAN_POINT ( 'NONE',  ( 1.066440298640550344, 0.000000000000000000, -0.3986965787106978021 ) ) ;
#6407 = CARTESIAN_POINT ( 'NONE',  ( 1.268595876722021565, 0.01574803149606299191, -0.5950721946915216165 ) ) ;
#6408 = LINE ( 'NONE', #212, #222 ) ;
#6409 = CARTESIAN_POINT ( 'NONE',  ( 1.002499999999999947, 0.01574803149606299191, -0.5662304687499998268 ) ) ;
#6410 = CARTESIAN_POINT ( 'NONE',  ( 1.737602020816181758, 2.134256245050205639E-18, -0.3543798560698854794 ) ) ;
#6411 = CARTESIAN_POINT ( 'NONE',  ( 0.6153673835782557111, 0.01574803149606300232, -0.5974564890161652153 ) ) ;
#6412 = VECTOR ( 'NONE', #2572, 39.37007874015748143 ) ;
#6413 = CARTESIAN_POINT ( 'NONE',  ( 1.696362596534189526, 2.134256245050205639E-18, -0.3754299059923441040 ) ) ;
#6414 = ORIENTED_EDGE ( 'NONE', *, *, #617, .T. ) ;
#6415 = CARTESIAN_POINT ( 'NONE',  ( 0.8686000992957558786, 1.067128122525102820E-17, -0.5019838037203623315 ) ) ;
#6416 = VECTOR ( 'NONE', #3908, 39.37007874015748143 ) ;
#6417 = CARTESIAN_POINT ( 'NONE',  ( 0.8793554687499999245, 0.01574803149606299191, -0.4145703124999999267 ) ) ;
#6418 = ORIENTED_EDGE ( 'NONE', *, *, #6185, .T. ) ;
#6419 = CARTESIAN_POINT ( 'NONE',  ( 0.7150130397433587248, 0.01574803149606299538, -0.5749507299450165032 ) ) ;
#6420 = LINE ( 'NONE', #840, #2812 ) ;
#6421 = VERTEX_POINT ( 'NONE', #4868 ) ;
#6422 = CARTESIAN_POINT ( 'NONE',  ( 0.8403877620193919151, 0.000000000000000000, -0.3565565033191112065 ) ) ;
#6423 = ORIENTED_EDGE ( 'NONE', *, *, #5672, .T. ) ;
#6424 = CARTESIAN_POINT ( 'NONE',  ( 1.811679687500000302, -0.3384390870230564174, -0.5456249999999995826 ) ) ;
#6425 = EDGE_CURVE ( 'NONE', #4753, #5939, #5975, .T. ) ;
#6426 = PLANE ( 'NONE',  #3710 ) ;
#6427 = CARTESIAN_POINT ( 'NONE',  ( 1.922707253845001629, 0.01574803149606299885, -0.3873850676567479057 ) ) ;
#6428 = DIRECTION ( 'NONE',  ( 0.000000000000000000, 1.000000000000000000, 0.000000000000000000 ) ) ;
#6429 = CARTESIAN_POINT ( 'NONE',  ( 1.756406250000000169, 0.01574803149606299191, -0.3840527343749995937 ) ) ;
#6430 = CARTESIAN_POINT ( 'NONE',  ( 0.7954168042480520562, 6.402768735150616918E-18, -0.3768733075852668257 ) ) ;
#6431 = ORIENTED_EDGE ( 'NONE', *, *, #1467, .T. ) ;
#6432 = CARTESIAN_POINT ( 'NONE',  ( 2.065390625000000036, 0.01574803149606299191, -0.5549999999999996048 ) ) ;
#6433 = ORIENTED_EDGE ( 'NONE', *, *, #3990, .T. ) ;
#6434 = EDGE_CURVE ( 'NONE', #2670, #4697, #3262, .T. ) ;
#6435 = CARTESIAN_POINT ( 'NONE',  ( 2.151249412377416181, 2.134256245050205639E-18, -0.5864719195307052102 ) ) ;
#6436 = CARTESIAN_POINT ( 'NONE',  ( 1.223100012046705931, 0.01574803149606299191, -0.3628084645464998981 ) ) ;
#6437 = CARTESIAN_POINT ( 'NONE',  ( 0.7670399669067016202, -2.134256245050205639E-18, -0.5951501550381453898 ) ) ;
#6438 = CARTESIAN_POINT ( 'NONE',  ( 2.134660029826765726, 0.000000000000000000, -0.3560627527494849009 ) ) ;
#6439 = CARTESIAN_POINT ( 'NONE',  ( 1.924104665991134722, 0.01574803149606298844, -0.3717885655813166768 ) ) ;
#6440 = ORIENTED_EDGE ( 'NONE', *, *, #2733, .F. ) ;
#6441 = B_SPLINE_CURVE_WITH_KNOTS ( 'NONE', 3,
 ( #6003, #5012, #4414, #2394, #5502, #4340, #6480, #467, #1817, #1885, #4939 ),
 .UNSPECIFIED., .F., .F.,
 ( 4, 1, 1, 1, 1, 1, 1, 1, 4 ),
 ( 0.000000000000000000, 0.08231426886476600480, 0.1730526319642414768, 0.2695843740219776574, 0.3768898431892501177, 0.4993249339818482957, 0.6438618792581597416, 0.8107793498162005896, 1.000000000000000000 ),
 .UNSPECIFIED. ) ;
#6442 = PLANE ( 'NONE',  #685 ) ;
#6443 = CARTESIAN_POINT ( 'NONE',  ( 1.257021123046561772, -2.134256245050205639E-18, -0.5797950049923457083 ) ) ;
#6444 = DIRECTION ( 'NONE',  ( 1.000000000000000000, 0.000000000000000000, 0.000000000000000000 ) ) ;
#6445 = DIRECTION ( 'NONE',  ( 1.000000000000000000, 0.000000000000000000, 0.000000000000000000 ) ) ;
#6446 = CARTESIAN_POINT ( 'NONE',  ( 0.9980748944111500487, 0.01574803149606299191, -0.5864147276306720391 ) ) ;
#6447 = CARTESIAN_POINT ( 'NONE',  ( 1.906587957962873281, 0.01574803149606299885, -0.3531048876866335617 ) ) ;
#6448 = LINE ( 'NONE', #4376, #2917 ) ;
#6449 = CARTESIAN_POINT ( 'NONE',  ( 1.723727356564559665, 2.134256245050205639E-18, -0.3519476063188267667 ) ) ;
#6450 = ORIENTED_EDGE ( 'NONE', *, *, #1232, .F. ) ;
#6451 = CARTESIAN_POINT ( 'NONE',  ( 1.285144627695295139, 2.134256245050205639E-18, -0.5519559003030558575 ) ) ;
#6452 = CARTESIAN_POINT ( 'NONE',  ( 1.700616715185792049, 0.000000000000000000, -0.3948171870087923696 ) ) ;
#6453 = ORIENTED_EDGE ( 'NONE', *, *, #1739, .T. ) ;
#6454 = CARTESIAN_POINT ( 'NONE',  ( 0.7257584639991727649, 2.134256245050205639E-18, -0.5909021008537977959 ) ) ;
#6455 = EDGE_CURVE ( 'NONE', #138, #3930, #5106, .T. ) ;
#6456 = CARTESIAN_POINT ( 'NONE',  ( 0.8275002944531931748, 0.01574803149606299538, -0.5849660659843917143 ) ) ;
#6457 = ADVANCED_FACE ( 'NONE', ( #1781 ), #2893, .F. ) ;
#6458 = CARTESIAN_POINT ( 'NONE',  ( 0.8518261953447646695, 0.01574803149606299191, -0.3697119835800934950 ) ) ;
#6459 = EDGE_CURVE ( 'NONE', #5774, #448, #898, .T. ) ;
#6460 = CARTESIAN_POINT ( 'NONE',  ( 1.363291015624999769, 0.000000000000000000, -0.3518749999999997713 ) ) ;
#6461 = CARTESIAN_POINT ( 'NONE',  ( 1.875026234481769416, 0.01574803149606298844, -0.3639206589674816028 ) ) ;
#6462 = CARTESIAN_POINT ( 'NONE',  ( 0.9509634150858242707, 0.01574803149606299191, -0.3637235850597680953 ) ) ;
#6463 = ORIENTED_EDGE ( 'NONE', *, *, #6011, .T. ) ;
#6464 = VECTOR ( 'NONE', #2211, 39.37007874015748143 ) ;
#6465 = CARTESIAN_POINT ( 'NONE',  ( 1.230173739409742950, 0.000000000000000000, -0.3798227427556233882 ) ) ;
#6466 = VERTEX_POINT ( 'NONE', #5895 ) ;
#6467 = VECTOR ( 'NONE', #6269, 39.37007874015748143 ) ;
#6468 = PRODUCT_DEFINITION_CONTEXT ( 'detailed design', #871, 'design' ) ;
#6469 = CARTESIAN_POINT ( 'NONE',  ( 1.482428859473889915, 0.01574803149606299538, -0.5569736609723503484 ) ) ;
#6470 = CARTESIAN_POINT ( 'NONE',  ( 1.052890625000000080, 0.01574803149606299191, -0.4832714843749997824 ) ) ;
#6471 = CARTESIAN_POINT ( 'NONE',  ( 2.045664062500000213, 0.01574803149606299191, -0.5987499999999995604 ) ) ;
#6472 = CARTESIAN_POINT ( 'NONE',  ( 0.9988464827547246516, 0.000000000000000000, -0.3649182087394360341 ) ) ;
#6473 = ORIENTED_EDGE ( 'NONE', *, *, #3032, .F. ) ;
#6474 = CARTESIAN_POINT ( 'NONE',  ( 1.556964818900262726, -2.134256245050205639E-18, -0.3603044935183252750 ) ) ;
#6475 = CARTESIAN_POINT ( 'NONE',  ( 1.257021123046561772, 0.01574803149606299191, -0.5797950049923457083 ) ) ;
#6476 = ORIENTED_EDGE ( 'NONE', *, *, #3809, .F. ) ;
#6477 = ADVANCED_FACE ( 'NONE', ( #4935 ), #1931, .F. ) ;
#6478 = CARTESIAN_POINT ( 'NONE',  ( 1.775570675877474525, -6.402768735150616918E-18, -0.5797268948111312659 ) ) ;
#6479 = CARTESIAN_POINT ( 'NONE',  ( 1.963607270449075681, 0.000000000000000000, -0.4669769042586778274 ) ) ;
#6480 = CARTESIAN_POINT ( 'NONE',  ( 0.7688455672825215137, 0.000000000000000000, -0.5615968097073489318 ) ) ;
#6481 = CARTESIAN_POINT ( 'NONE',  ( 1.503183593749999769, 0.000000000000000000, -0.5987499999999996714 ) ) ;
#6482 = CARTESIAN_POINT ( 'NONE',  ( 0.6007421874999998579, 2.134256245050205639E-18, -0.6018749999999998268 ) ) ;
#6483 = CARTESIAN_POINT ( 'NONE',  ( 2.151249412377416181, -2.134256245050205639E-18, -0.5864719195307052102 ) ) ;
#6484 = ORIENTED_EDGE ( 'NONE', *, *, #2151, .F. ) ;
#6485 = CARTESIAN_POINT ( 'NONE',  ( 1.809901326860527071, 0.01574803149606299191, -0.6017993250962190288 ) ) ;
#6486 = CARTESIAN_POINT ( 'NONE',  ( 0.8920236404088089932, 0.01574803149606299191, -0.4961837503033142971 ) ) ;
#6487 = CARTESIAN_POINT ( 'NONE',  ( 0.8793554687499999245, 0.000000000000000000, -0.4145703124999999267 ) ) ;
#6488 = LINE ( 'NONE', #1929, #1957 ) ;
#6489 = ORIENTED_EDGE ( 'NONE', *, *, #2610, .T. ) ;
#6490 = CARTESIAN_POINT ( 'NONE',  ( 0.8935985081236789140, 2.134256245050205639E-18, -0.4351593758092551778 ) ) ;
#6491 = CARTESIAN_POINT ( 'NONE',  ( 2.155540181561382607, 2.134256245050205639E-18, -0.3850062883877574671 ) ) ;
#6492 = CARTESIAN_POINT ( 'NONE',  ( 0.9463939708386487348, 0.01574803149606299885, -0.3795013158962466937 ) ) ;
#6493 = FACE_OUTER_BOUND ( 'NONE', #1106, .T. ) ;
#6494 = ORIENTED_EDGE ( 'NONE', *, *, #1017, .T. ) ;
#6495 = CARTESIAN_POINT ( 'NONE',  ( 1.287558593749999813, -0.1613455277634967266, -0.5518749999999997824 ) ) ;
#6496 = ORIENTED_EDGE ( 'NONE', *, *, #2639, .T. ) ;
#6497 = CARTESIAN_POINT ( 'NONE',  ( 2.127136007731350364, 2.134256245050205639E-18, -0.5987265602660675201 ) ) ;
#6498 = CARTESIAN_POINT ( 'NONE',  ( 1.067810052047529545, 0.01574803149606298844, -0.5033243497353999674 ) ) ;
#6499 = CARTESIAN_POINT ( 'NONE',  ( 1.068541847062682404, 0.000000000000000000, -0.4626515843591927912 ) ) ;
#6500 = CARTESIAN_POINT ( 'NONE',  ( 0.6738278708020277730, 2.134256245050205639E-18, -0.3519695349321501632 ) ) ;
#6501 = ORIENTED_EDGE ( 'NONE', *, *, #3985, .T. ) ;
#6502 = LINE ( 'NONE', #5527, #6246 ) ;
#6503 = CARTESIAN_POINT ( 'NONE',  ( 0.8324829121801686771, 0.01574803149606299191, -0.3527811627032109709 ) ) ;
#6504 = CARTESIAN_POINT ( 'NONE',  ( 1.039735310651218825, 0.01574803149606298844, -0.3781726084434772761 ) ) ;
#6505 = CARTESIAN_POINT ( 'NONE',  ( 0.7024999999999999023, -0.1613455277634967266, -0.3841015624999999378 ) ) ;
#6506 = ORIENTED_EDGE ( 'NONE', *, *, #1474, .T. ) ;
#6507 = CARTESIAN_POINT ( 'NONE',  ( 1.782027422911111936, 0.01574803149606299538, -0.5892853783513849475 ) ) ;
#6508 = EDGE_CURVE ( 'NONE', #6466, #2208, #4475, .T. ) ;
#6509 = CARTESIAN_POINT ( 'NONE',  ( 1.953687881266021886, 0.000000000000000000, -0.4513084625696556773 ) ) ;
#6510 = CARTESIAN_POINT ( 'NONE',  ( 0.9923775583886399465, 0.01574803149606299191, -0.5928005526727820884 ) ) ;
#6511 = CARTESIAN_POINT ( 'NONE',  ( 1.744114010024129025, 2.134256245050205639E-18, -0.3597024594704464340 ) ) ;
#6512 = CARTESIAN_POINT ( 'NONE',  ( 1.898398437500000036, 0.000000000000000000, -0.3518749999999996603 ) ) ;
#6513 = CARTESIAN_POINT ( 'NONE',  ( 0.5775241918331265323, -2.134256245050205639E-18, -0.5911377198029297286 ) ) ;
#6514 = CARTESIAN_POINT ( 'NONE',  ( 2.155625000000000124, -0.1613455277634967266, -0.5661328124999995826 ) ) ;
#6515 = ORIENTED_EDGE ( 'NONE', *, *, #1474, .F. ) ;
#6516 = EDGE_CURVE ( 'NONE', #1894, #5438, #1881, .T. ) ;
#6517 = CARTESIAN_POINT ( 'NONE',  ( 1.256748046874999858, 0.000000000000000000, -0.5752148437499997602 ) ) ;
#6518 = ORIENTED_EDGE ( 'NONE', *, *, #5013, .F. ) ;
#6519 = STYLED_ITEM ( 'NONE', ( #3956 ), #5167 ) ;
#6520 =( NAMED_UNIT ( * ) SI_UNIT ( $, .STERADIAN. ) SOLID_ANGLE_UNIT ( ) );
#6521 = CARTESIAN_POINT ( 'NONE',  ( 1.920436430701098152, 0.01574803149606298844, -0.3939406800739869707 ) ) ;
#6522 = VECTOR ( 'NONE', #5022, 39.37007874015748143 ) ;
#6523 = CARTESIAN_POINT ( 'NONE',  ( 1.356844867068215832, -2.134256245050205639E-18, -0.3521447688439878210 ) ) ;
#6524 = CARTESIAN_POINT ( 'NONE',  ( 1.748370757862889313, 0.01574803149606298844, -0.3657645391760678821 ) ) ;
#6525 = CARTESIAN_POINT ( 'NONE',  ( 2.143599444625457817, 0.01574803149606299191, -0.3594036940002886538 ) ) ;
#6526 = CARTESIAN_POINT ( 'NONE',  ( 0.9065039062499998801, 0.01574803149606299191, -0.5549999999999999378 ) ) ;
#6527 = DIRECTION ( 'NONE',  ( 0.000000000000000000, 0.000000000000000000, 1.000000000000000000 ) ) ;
#6528 = DIRECTION ( 'NONE',  ( 0.000000000000000000, 0.000000000000000000, -1.000000000000000000 ) ) ;
#6529 = ORIENTED_EDGE ( 'NONE', *, *, #3341, .T. ) ;
#6530 = EDGE_LOOP ( 'NONE', ( #4062, #4336, #3551, #779 ) ) ;
#6531 = CARTESIAN_POINT ( 'NONE',  ( 0.8176502615128499185, 0.01574803149606298844, -0.3523281183081427015 ) ) ;
#6532 = DIRECTION ( 'NONE',  ( 0.3232552230173955654, 0.000000000000000000, -0.9463118200635421973 ) ) ;
#6533 = CARTESIAN_POINT ( 'NONE',  ( 1.551097732509532090, 0.000000000000000000, -0.3706935277141287233 ) ) ;
#6534 = CARTESIAN_POINT ( 'NONE',  ( 1.971954965528855297, 0.01574803149606298844, -0.5003523544144196089 ) ) ;
#6535 = CARTESIAN_POINT ( 'NONE',  ( 1.967575376824846289, -2.134256245050205639E-18, -0.5649064037351857470 ) ) ;
#6536 = B_SPLINE_CURVE_WITH_KNOTS ( 'NONE', 3,
 ( #5967, #1432, #2997, #6539, #1500, #3533, #2013, #6096, #4573, #558 ),
 .UNSPECIFIED., .F., .F.,
 ( 4, 2, 2, 2, 4 ),
 ( 0.000000000000000000, 8.875015597226569076E-05, 0.0001775003119445313815, 0.0002662504679167970994, 0.0003550006238890627630 ),
 .UNSPECIFIED. ) ;
#6537 = LINE ( 'NONE', #1980, #5505 ) ;
#6538 = CARTESIAN_POINT ( 'NONE',  ( 1.561292444776149146, -2.134256245050205639E-18, -0.3564675833465724697 ) ) ;
#6539 = CARTESIAN_POINT ( 'NONE',  ( 2.016905799969292090, 0.01574803149606299191, -0.5202648760754592372 ) ) ;
#6540 = ORIENTED_EDGE ( 'NONE', *, *, #2489, .F. ) ;
#6541 = EDGE_CURVE ( 'NONE', #2103, #138, #366, .T. ) ;
#6542 = CARTESIAN_POINT ( 'NONE',  ( 0.8263903385128897883, 0.01574803149606298844, -0.3519341410737124032 ) ) ;
#6543 = CARTESIAN_POINT ( 'NONE',  ( 0.9709085534721696442, 0.01574803149606299191, -0.5987140514120692369 ) ) ;
#6544 = CARTESIAN_POINT ( 'NONE',  ( 2.054208984375000213, 0.000000000000000000, -0.4612499999999996048 ) ) ;
#6545 = CARTESIAN_POINT ( 'NONE',  ( 0.6046379597570382680, 0.01574803149606299191, -0.6017032505096585604 ) ) ;
#6546 = CARTESIAN_POINT ( 'NONE',  ( 1.728877603597418489, 0.000000000000000000, -0.3519658664893990374 ) ) ;
#6547 = CARTESIAN_POINT ( 'NONE',  ( 0.7951757812499999911, -0.3384390870230564174, -0.3738476562499999378 ) ) ;
#6548 = EDGE_CURVE ( 'NONE', #179, #5388, #6536, .T. ) ;
#6549 = ADVANCED_FACE ( 'NONE', ( #2078 ), #1879, .F. ) ;
#6550 = CARTESIAN_POINT ( 'NONE',  ( 1.779677048967016617, 0.01574803149606299191, -0.5863404285633428970 ) ) ;
#6551 = LINE ( 'NONE', #1989, #1588 ) ;
#6552 = CARTESIAN_POINT ( 'NONE',  ( 0.8438159775800561091, 0.01574803149606299191, -0.5933618484374304503 ) ) ;
#6553 = EDGE_LOOP ( 'NONE', ( #4683, #5156, #4969, #3255 ) ) ;
#6554 = EDGE_CURVE ( 'NONE', #2787, #2973, #590, .T. ) ;
#6555 = CARTESIAN_POINT ( 'NONE',  ( 1.924375000000000169, 0.000000000000000000, -0.3765332031249996048 ) ) ;
#6556 = ORIENTED_EDGE ( 'NONE', *, *, #6516, .T. ) ;
#6557 = B_SPLINE_CURVE_WITH_KNOTS ( 'NONE', 3,
 ( #420, #5881, #1386, #846, #4889, #389, #3960, #2874, #2444, #3996, #355 ),
 .UNSPECIFIED., .F., .F.,
 ( 4, 1, 1, 1, 1, 1, 1, 1, 4 ),
 ( 0.000000000000000000, 0.1016198819651238372, 0.2064019415182262174, 0.3204369450098858429, 0.4456560063554168005, 0.5769195624077195772, 0.7100070031394578596, 0.8489250789384686913, 1.000000000000000000 ),
 .UNSPECIFIED. ) ;
#6558 = CARTESIAN_POINT ( 'NONE',  ( 2.123154296875000124, 0.01574803149606299191, -0.3549999999999996492 ) ) ;
#6559 = CARTESIAN_POINT ( 'NONE',  ( 1.881494673059509459, 0.01574803149606298844, -0.3557998707307686859 ) ) ;
#6560 = CARTESIAN_POINT ( 'NONE',  ( 1.227696700051641443, 0.000000000000000000, -0.3700733942059166171 ) ) ;
#6561 = VERTEX_POINT ( 'NONE', #4141 ) ;
#6562 = VERTEX_POINT ( 'NONE', #618 ) ;
#6563 = ORIENTED_EDGE ( 'NONE', *, *, #853, .F. ) ;
ENDSEC;
END-ISO-10303-21;
