ISO-10303-21;
HEADER;
FILE_DESCRIPTION (( 'STEP AP214' ),
    '1' );
FILE_NAME ('Eggfinder LCD Case V2 Program Door No Inlay.STEP',
    '2026-05-24T17:40:22',
    ( '' ),
    ( '' ),
    'SwSTEP 2.0',
    'SolidWorks 2024',
    '' );
FILE_SCHEMA (( 'AUTOMOTIVE_DESIGN' ));
ENDSEC;

DATA;
#1 = B_SPLINE_CURVE_WITH_KNOTS ( 'NONE', 3,
 ( #2773, #4622, #4134, #5218, #275, #28, #466, #4750, #5312, #402, #4713, #3876, #1427, #1493, #2764, #3339, #4260, #4332, #6325 ),
 .UNSPECIFIED., .F., .F.,
 ( 4, 1, 1, 1, 1, 1, 1, 1, 1, 1, 1, 1, 1, 1, 1, 1, 4 ),
 ( 0.000000000000000000, 0.08182733182821372298, 0.1583472116030950338, 0.2306556717352037100, 0.2984336761490579693, 0.3629752137949624480, 0.4241354733974939673, 0.4833404898126505422, 0.5404489010828538165, 0.5965863673725729788, 0.6516263808094682197, 0.7065787043126550149, 0.7618096902813250582, 0.8178554473551580273, 0.8759158008403525875, 0.9365891825421323036, 0.9999999999999998890 ),
 .UNSPECIFIED. ) ;
#2 = ORIENTED_EDGE ( 'NONE', *, *, #4921, .F. ) ;
#3 = B_SPLINE_CURVE_WITH_KNOTS ( 'NONE', 3,
 ( #1030, #2843, #2875, #4344, #4795, #5598, #2596, #4648, #5063, #1710, #3625 ),
 .UNSPECIFIED., .F., .F.,
 ( 4, 1, 1, 1, 1, 1, 1, 1, 4 ),
 ( 0.000000000000000000, 0.1578428353174667897, 0.2988651118194809442, 0.4256063816622773777, 0.5454550476073432019, 0.6584628360853416185, 0.7692520896568657562, 0.8804925052990102419, 1.000000000000000000 ),
 .UNSPECIFIED. ) ;
#4 = EDGE_CURVE ( 'NONE', #1964, #1987, #1064, .T. ) ;
#5 = CARTESIAN_POINT ( 'NONE',  ( 0.7500023183947310823, 0.01574803149606299191, -0.4977831352683730892 ) ) ;
#6 = CARTESIAN_POINT ( 'NONE',  ( 2.094430632894472399, 0.01574803149606299191, -0.7344148740484145454 ) ) ;
#7 = ORIENTED_EDGE ( 'NONE', *, *, #4449, .F. ) ;
#8 = CARTESIAN_POINT ( 'NONE',  ( 1.820506218596455339, 0.01574803149606299191, -0.7309932627730580945 ) ) ;
#9 = CARTESIAN_POINT ( 'NONE',  ( 0.8478044871799053084, 0.01574803149606299191, -0.6550000000000000266 ) ) ;
#10 = DIRECTION ( 'NONE',  ( 0.000000000000000000, 0.000000000000000000, -1.000000000000000000 ) ) ;
#11 = ORIENTED_EDGE ( 'NONE', *, *, #5593, .F. ) ;
#12 = EDGE_CURVE ( 'NONE', #1271, #457, #6070, .T. ) ;
#13 = CARTESIAN_POINT ( 'NONE',  ( 1.773752465236892117, -0.000000000000000000, -0.6955825106874353736 ) ) ;
#14 = CARTESIAN_POINT ( 'NONE',  ( 1.215543124153548371, 0.000000000000000000, -0.7358011333994024517 ) ) ;
#15 = CARTESIAN_POINT ( 'NONE',  ( 1.470629762457503320, 0.01574803149606299191, -0.4996377347448205386 ) ) ;
#16 = FACE_OUTER_BOUND ( 'NONE', #564, .T. ) ;
#17 = CARTESIAN_POINT ( 'NONE',  ( 1.894679487179905752, 0.01574803149606299191, -0.6143750000000000044 ) ) ;
#18 = LINE ( 'NONE', #80, #3709 ) ;
#19 = ORIENTED_EDGE ( 'NONE', *, *, #4173, .T. ) ;
#20 = CARTESIAN_POINT ( 'NONE',  ( 1.608322235033031289, 0.01574803149606299191, -0.7263902811075736432 ) ) ;
#21 = CARTESIAN_POINT ( 'NONE',  ( 1.207521284054905886, 0.01574803149606299191, -0.7362499999999999600 ) ) ;
#22 = CARTESIAN_POINT ( 'NONE',  ( 0.9540544871799059301, 0.01574803149606299191, -0.5216015625000000044 ) ) ;
#23 = CARTESIAN_POINT ( 'NONE',  ( 1.095981238116829237, 8.537024980200822558E-18, -0.5908602598766083958 ) ) ;
#24 = B_SPLINE_CURVE_WITH_KNOTS ( 'NONE', 3,
 ( #1661, #2142, #4486, #2605, #5038, #4030, #3456 ),
 .UNSPECIFIED., .F., .F.,
 ( 4, 1, 1, 1, 4 ),
 ( 0.000000000000000000, 0.2690630086932779830, 0.5190356294881061094, 0.7598120114060888941, 1.000000000000000000 ),
 .UNSPECIFIED. ) ;
#25 = VERTEX_POINT ( 'NONE', #2053 ) ;
#26 = EDGE_CURVE ( 'NONE', #4725, #1448, #3960, .T. ) ;
#27 = ORIENTED_EDGE ( 'NONE', *, *, #787, .F. ) ;
#28 = CARTESIAN_POINT ( 'NONE',  ( 1.833988177525957219, 0.01574803149606299191, -0.5797518390386818821 ) ) ;
#29 = CARTESIAN_POINT ( 'NONE',  ( 1.535891689266108084, 0.000000000000000000, -0.7290154587386727947 ) ) ;
#30 = CARTESIAN_POINT ( 'NONE',  ( 1.776353707618672395, 0.01574803149606299191, -0.5962752996905649194 ) ) ;
#31 = CARTESIAN_POINT ( 'NONE',  ( 1.185304487179905886, 0.01574803149606299191, -0.5831250000000000044 ) ) ;
#32 = PLANE ( 'NONE',  #3690 ) ;
#33 = ORIENTED_EDGE ( 'NONE', *, *, #4190, .T. ) ;
#34 = DIRECTION ( 'NONE',  ( -1.000000000000000000, 0.000000000000000000, -0.000000000000000000 ) ) ;
#35 = CARTESIAN_POINT ( 'NONE',  ( 0.8738356983049108129, -0.000000000000000000, -0.4894727179906456782 ) ) ;
#36 = CARTESIAN_POINT ( 'NONE',  ( 0.9540544871799059301, 0.000000000000000000, -0.7072949218750000933 ) ) ;
#37 = CARTESIAN_POINT ( 'NONE',  ( 2.100316344785508438, 0.000000000000000000, -0.7320200826854215137 ) ) ;
#38 = ORIENTED_EDGE ( 'NONE', *, *, #2923, .T. ) ;
#39 = CARTESIAN_POINT ( 'NONE',  ( 1.010118819068422269, 0.000000000000000000, -0.7144299674326135552 ) ) ;
#40 = B_SPLINE_CURVE_WITH_KNOTS ( 'NONE', 3,
 ( #2191, #6096, #1719, #1241, #3152, #5128, #4138, #756, #4629, #2219, #6123, #1743, #5365, #5332, #3832 ),
 .UNSPECIFIED., .F., .F.,
 ( 4, 1, 1, 1, 1, 1, 1, 1, 1, 1, 1, 1, 4 ),
 ( 0.000000000000000000, 0.1174015895797311526, 0.2200200149628016300, 0.3090989580098876255, 0.3851055460046563517, 0.4526885015523732791, 0.5158688681660508202, 0.5762142002903342108, 0.6371455783483166435, 0.7067072651947415851, 0.7900877326000482759, 0.8874825861711249653, 1.000000000000000000 ),
 .UNSPECIFIED. ) ;
#41 = CARTESIAN_POINT ( 'NONE',  ( 1.126579248247542742, 2.134256245050205639E-18, -0.6888589245931213689 ) ) ;
#42 = CARTESIAN_POINT ( 'NONE',  ( 1.006420498838386912, 0.01574803149606299191, -0.5022524685038082248 ) ) ;
#43 = VERTEX_POINT ( 'NONE', #5185 ) ;
#44 = EDGE_CURVE ( 'NONE', #922, #4725, #3749, .T. ) ;
#45 = ORIENTED_EDGE ( 'NONE', *, *, #5382, .F. ) ;
#46 = CARTESIAN_POINT ( 'NONE',  ( 1.837336015419612334, 0.000000000000000000, -0.6337440644695004899 ) ) ;
#47 = CARTESIAN_POINT ( 'NONE',  ( 1.240462753909512106, 0.000000000000000000, -0.7152455378057739344 ) ) ;
#48 = CARTESIAN_POINT ( 'NONE',  ( 1.761735317671229817, 0.01574803149606299191, -0.5332466344749231535 ) ) ;
#49 = CYLINDRICAL_SURFACE ( 'NONE', #698, 0.1250000000000000278 ) ;
#50 = CARTESIAN_POINT ( 'NONE',  ( 1.124403443486030385, 8.537024980200822558E-18, -0.6319324330598170558 ) ) ;
#51 = CARTESIAN_POINT ( 'NONE',  ( 1.922865762372156340, 0.01574803149606299191, -0.6636299963044934858 ) ) ;
#52 = ORIENTED_EDGE ( 'NONE', *, *, #5210, .F. ) ;
#53 = CARTESIAN_POINT ( 'NONE',  ( 1.207521284054905886, 0.000000000000000000, -0.7362499999999999600 ) ) ;
#54 = CARTESIAN_POINT ( 'NONE',  ( 1.236928341666530429, 0.01574803149606299191, -0.7242062594868183822 ) ) ;
#55 = CARTESIAN_POINT ( 'NONE',  ( 0.000000000000000000, 0.1400000000000000133, -0.1250000000000000278 ) ) ;
#56 = LINE ( 'NONE', #5380, #1279 ) ;
#57 = CARTESIAN_POINT ( 'NONE',  ( 2.057179487179905397, 0.000000000000000000, -0.5209667968750000266 ) ) ;
#58 = VERTEX_POINT ( 'NONE', #5731 ) ;
#59 = EDGE_LOOP ( 'NONE', ( #2926, #2977, #5177, #2730 ) ) ;
#60 = CARTESIAN_POINT ( 'NONE',  ( 1.875431796667851980, 0.000000000000000000, -0.5408623662470751770 ) ) ;
#61 = CARTESIAN_POINT ( 'NONE',  ( 1.659822654122398156, -2.134256245050205639E-18, -0.6075281398586190873 ) ) ;
#62 = PLANE ( 'NONE',  #2604 ) ;
#63 = LINE ( 'NONE', #3444, #5788 ) ;
#64 = EDGE_CURVE ( 'NONE', #3357, #4470, #2338, .T. ) ;
#65 = LINE ( 'NONE', #2011, #3102 ) ;
#66 = CARTESIAN_POINT ( 'NONE',  ( 2.064929235405824404, 0.000000000000000000, -0.4978859496103231752 ) ) ;
#67 = VERTEX_POINT ( 'NONE', #2833 ) ;
#68 = CARTESIAN_POINT ( 'NONE',  ( 0.8862177752544848630, 0.01574803149606299191, -0.4911911030535148215 ) ) ;
#69 = CARTESIAN_POINT ( 'NONE',  ( 2.017677534054905575, 0.000000000000000000, -0.5831250000000000044 ) ) ;
#70 = FACE_OUTER_BOUND ( 'NONE', #5194, .T. ) ;
#71 = CARTESIAN_POINT ( 'NONE',  ( 0.6946794871799053528, 0.01574803149606299191, -0.7089062499999998490 ) ) ;
#72 = EDGE_CURVE ( 'NONE', #2900, #3949, #4786, .T. ) ;
#73 = EDGE_LOOP ( 'NONE', ( #598, #986, #5576, #4485 ) ) ;
#74 = EDGE_CURVE ( 'NONE', #1340, #5843, #438, .T. ) ;
#75 = VECTOR ( 'NONE', #2825, 39.37007874015748143 ) ;
#76 = CARTESIAN_POINT ( 'NONE',  ( 0.7463846647147023283, 4.268512490100411279E-18, -0.7217315991900602468 ) ) ;
#77 = CARTESIAN_POINT ( 'NONE',  ( 1.463816727537642803, 0.01574803149606299191, -0.5107745593281035612 ) ) ;
#78 = CARTESIAN_POINT ( 'NONE',  ( 0.2000000000000000111, 0.07499999999999999722, -0.6149999999999999911 ) ) ;
#79 = CARTESIAN_POINT ( 'NONE',  ( 1.875431796667851980, 0.01574803149606299191, -0.5408623662470751770 ) ) ;
#80 = CARTESIAN_POINT ( 'NONE',  ( 1.751759565304905619, 0.000000000000000000, -0.6237500000000000266 ) ) ;
#81 = ORIENTED_EDGE ( 'NONE', *, *, #1830, .F. ) ;
#82 = VECTOR ( 'NONE', #6144, 39.37007874015748143 ) ;
#83 = VECTOR ( 'NONE', #3496, 39.37007874015748143 ) ;
#84 = B_SPLINE_CURVE_WITH_KNOTS ( 'NONE', 3,
 ( #638, #1983, #3417, #3060, #4380, #5003, #2016, #2449, #3001, #4510, #159 ),
 .UNSPECIFIED., .F., .F.,
 ( 4, 1, 1, 1, 1, 1, 1, 1, 4 ),
 ( 0.000000000000000000, 0.1229088741204394375, 0.2364516494111389144, 0.3479825443924757788, 0.4617666234886313448, 0.5802917925316443126, 0.7062604613274525711, 0.8451898420971099002, 1.000000000000000000 ),
 .UNSPECIFIED. ) ;
#85 = CARTESIAN_POINT ( 'NONE',  ( 1.233233418246066027, 0.01574803149606299191, -0.7286887187873851701 ) ) ;
#86 = LINE ( 'NONE', #5045, #1187 ) ;
#87 = VECTOR ( 'NONE', #4979, 39.37007874015748143 ) ;
#88 = AXIS2_PLACEMENT_3D ( 'NONE', #1071, #3898, #4910 ) ;
#89 = CARTESIAN_POINT ( 'NONE',  ( 1.453839067587300748, 6.402768735150616918E-18, -0.7296764973674428889 ) ) ;
#90 = CARTESIAN_POINT ( 'NONE',  ( 1.453839067587300748, 0.000000000000000000, -0.7296764973674428889 ) ) ;
#91 = CARTESIAN_POINT ( 'NONE',  ( 1.074656226345996446, 8.537024980200822558E-18, -0.6032118762582028282 ) ) ;
#92 = ORIENTED_EDGE ( 'NONE', *, *, #4009, .F. ) ;
#93 = VECTOR ( 'NONE', #5482, 39.37007874015748143 ) ;
#94 = LINE ( 'NONE', #5934, #4204 ) ;
#95 = CARTESIAN_POINT ( 'NONE',  ( 1.691057947734114331, 0.01574803149606299191, -0.6236713845239659770 ) ) ;
#96 = CARTESIAN_POINT ( 'NONE',  ( 1.776491450839594366, 0.01574803149606299191, -0.5997790228293909953 ) ) ;
#97 = CARTESIAN_POINT ( 'NONE',  ( 0.9540544871799059301, 0.000000000000000000, -0.5216015625000000044 ) ) ;
#98 = DIRECTION ( 'NONE',  ( -0.000000000000000000, -1.000000000000000000, -0.000000000000000000 ) ) ;
#99 = VECTOR ( 'NONE', #3382, 39.37007874015748143 ) ;
#100 = CARTESIAN_POINT ( 'NONE',  ( 0.7166972805375858568, 0.000000000000000000, -0.7390839934332873451 ) ) ;
#101 = CARTESIAN_POINT ( 'NONE',  ( 0.8702165965549053528, 2.134256245050205639E-18, -0.7393750000000000044 ) ) ;
#102 = ORIENTED_EDGE ( 'NONE', *, *, #139, .F. ) ;
#103 = DIRECTION ( 'NONE',  ( 0.000000000000000000, 0.000000000000000000, -1.000000000000000000 ) ) ;
#104 = CARTESIAN_POINT ( 'NONE',  ( 0.9540544871799059301, 0.000000000000000000, -0.7072949218750000933 ) ) ;
#105 = CARTESIAN_POINT ( 'NONE',  ( 1.114083081255677454, 0.01574803149606299191, -0.7345421172199687598 ) ) ;
#106 = CARTESIAN_POINT ( 'NONE',  ( 2.329999999999999627, 0.000000000000000000, 0.000000000000000000 ) ) ;
#107 = CARTESIAN_POINT ( 'NONE',  ( 1.531593549679905575, 0.000000000000000000, -0.5353710937500000266 ) ) ;
#108 = EDGE_CURVE ( 'NONE', #979, #1340, #808, .T. ) ;
#109 = ORIENTED_EDGE ( 'NONE', *, *, #3346, .F. ) ;
#110 = FACE_OUTER_BOUND ( 'NONE', #3319, .T. ) ;
#111 = CARTESIAN_POINT ( 'NONE',  ( 1.613404943642253286, 0.01574803149606299191, -0.7081754898437299106 ) ) ;
#112 = CARTESIAN_POINT ( 'NONE',  ( 1.392167759854682441, 0.01574803149606299191, -0.4911824671211253435 ) ) ;
#113 = CARTESIAN_POINT ( 'NONE',  ( 1.658177123033379718, -2.134256245050205639E-18, -0.5356634234653790960 ) ) ;
#114 = DIRECTION ( 'NONE',  ( 0.000000000000000000, 0.000000000000000000, 1.000000000000000000 ) ) ;
#115 = CARTESIAN_POINT ( 'NONE',  ( 1.494777143429905530, 0.000000000000000000, -0.5737499999999999822 ) ) ;
#116 = VERTEX_POINT ( 'NONE', #5763 ) ;
#117 = CARTESIAN_POINT ( 'NONE',  ( 1.208922318698867571, 0.01574803149606299191, -0.7362422922750069265 ) ) ;
#118 = CARTESIAN_POINT ( 'NONE',  ( 1.606691871339055222, 0.000000000000000000, -0.4969210215378405127 ) ) ;
#119 = CARTESIAN_POINT ( 'NONE',  ( 1.771241987179906108, 0.000000000000000000, -0.6956250000000001599 ) ) ;
#120 = CARTESIAN_POINT ( 'NONE',  ( 1.776564252804905708, 0.01574803149606299191, -0.6016308593750000488 ) ) ;
#121 = CARTESIAN_POINT ( 'NONE',  ( 1.979054487179905397, 0.01574803149606299191, -0.6598339843749999600 ) ) ;
#122 = VERTEX_POINT ( 'NONE', #881 ) ;
#123 = CARTESIAN_POINT ( 'NONE',  ( 1.875803376153104551, 0.01574803149606299191, -0.6875206543491854116 ) ) ;
#124 = CARTESIAN_POINT ( 'NONE',  ( 1.892691377180733658, 0.000000000000000000, -0.5872266457023426200 ) ) ;
#125 = CARTESIAN_POINT ( 'NONE',  ( 1.662040493455708923, -2.134256245050205639E-18, -0.6116574796490572563 ) ) ;
#126 = CARTESIAN_POINT ( 'NONE',  ( 0.9839861278049059079, 0.01574803149606299191, -0.4893750000000001155 ) ) ;
#127 = PLANE ( 'NONE',  #5574 ) ;
#128 = DIRECTION ( 'NONE',  ( 0.000000000000000000, -1.000000000000000000, 0.000000000000000000 ) ) ;
#129 = CARTESIAN_POINT ( 'NONE',  ( 2.113358348082477800, 2.134256245050205639E-18, -0.5189743242880153762 ) ) ;
#130 = ORIENTED_EDGE ( 'NONE', *, *, #3969, .F. ) ;
#131 = CARTESIAN_POINT ( 'NONE',  ( 0.8494475127983880380, 0.01574803149606299191, -0.5074720540016978143 ) ) ;
#132 = CARTESIAN_POINT ( 'NONE',  ( 1.699237136485957089, 0.000000000000000000, -0.6503816025927658950 ) ) ;
#133 = DIRECTION ( 'NONE',  ( 0.000000000000000000, -1.000000000000000000, 0.000000000000000000 ) ) ;
#134 = VERTEX_POINT ( 'NONE', #2804 ) ;
#135 = CARTESIAN_POINT ( 'NONE',  ( 0.7475625992338678083, 0.01574803149606299191, -0.7154831098358276353 ) ) ;
#136 = CARTESIAN_POINT ( 'NONE',  ( 1.402124492928383592, 2.134256245050205639E-18, -0.4894744996973858786 ) ) ;
#137 = CARTESIAN_POINT ( 'NONE',  ( 1.376142604005369696, 0.000000000000000000, -0.5132146990251265084 ) ) ;
#138 = CARTESIAN_POINT ( 'NONE',  ( 1.679451743075582426, -0.000000000000000000, -0.5130238392814815418 ) ) ;
#139 = EDGE_CURVE ( 'NONE', #3287, #1987, #3286, .T. ) ;
#140 = VERTEX_POINT ( 'NONE', #1809 ) ;
#141 = ADVANCED_FACE ( 'NONE', ( #3577 ), #1264, .T. ) ;
#142 = CARTESIAN_POINT ( 'NONE',  ( 1.531253049571068336, 0.01574803149606299191, -0.5335642766421965222 ) ) ;
#143 = CARTESIAN_POINT ( 'NONE',  ( 1.144923627804905752, 0.01574803149606299191, -0.7362499999999999600 ) ) ;
#144 = CARTESIAN_POINT ( 'NONE',  ( 0.7108323930433019244, 0.01574803149606299191, -0.7375787142954144393 ) ) ;
#145 = CARTESIAN_POINT ( 'NONE',  ( 1.778631139808374284, 0.01574803149606299191, -0.6954999401474570853 ) ) ;
#146 = DIRECTION ( 'NONE',  ( -0.000000000000000000, -1.000000000000000000, -0.000000000000000000 ) ) ;
#147 = ORIENTED_EDGE ( 'NONE', *, *, #2702, .F. ) ;
#148 = CARTESIAN_POINT ( 'NONE',  ( 0.9009294871799053972, 0.01574803149606299191, -0.7016796874999999822 ) ) ;
#149 = CARTESIAN_POINT ( 'NONE',  ( 1.852028320624386604, 0.000000000000000000, -0.5149517904640361632 ) ) ;
#150 = CARTESIAN_POINT ( 'NONE',  ( 0.9660916658251496036, 0.01574803149606299191, -0.4940636039383386469 ) ) ;
#151 = FACE_OUTER_BOUND ( 'NONE', #440, .T. ) ;
#152 = DIRECTION ( 'NONE',  ( 0.000000000000000000, 0.000000000000000000, -1.000000000000000000 ) ) ;
#153 = CARTESIAN_POINT ( 'NONE',  ( 2.006458499330998624, 6.402768735150616918E-18, -0.5832520543012011949 ) ) ;
#154 = EDGE_CURVE ( 'NONE', #3214, #1468, #4652, .T. ) ;
#155 = FACE_OUTER_BOUND ( 'NONE', #4522, .T. ) ;
#156 = CARTESIAN_POINT ( 'NONE',  ( 0.6948872731656431379, 0.000000000000000000, -0.7153414717591428662 ) ) ;
#157 = CARTESIAN_POINT ( 'NONE',  ( 1.107431421502358626, 0.01574803149606299191, -0.6665005902013986239 ) ) ;
#158 = ORIENTED_EDGE ( 'NONE', *, *, #4504, .F. ) ;
#159 = CARTESIAN_POINT ( 'NONE',  ( 2.113429487179905308, 0.000000000000000000, -0.5214062499999999600 ) ) ;
#160 = CARTESIAN_POINT ( 'NONE',  ( 1.666365687984099342, 0.000000000000000000, -0.6656937951576626933 ) ) ;
#161 = CARTESIAN_POINT ( 'NONE',  ( 1.008670260437244393, 0.000000000000000000, -0.5079346876839752056 ) ) ;
#162 = EDGE_LOOP ( 'NONE', ( #6069, #3956, #3072, #914 ) ) ;
#163 = EDGE_LOOP ( 'NONE', ( #2217, #5383, #1904, #4424 ) ) ;
#164 = CARTESIAN_POINT ( 'NONE',  ( 1.144923627804905752, 0.01574803149606299191, -0.7362499999999999600 ) ) ;
#165 = CARTESIAN_POINT ( 'NONE',  ( 1.010240318423201833, 4.268512490100411279E-18, -0.7097608649968422112 ) ) ;
#166 = CARTESIAN_POINT ( 'NONE',  ( 0.8906855878890969080, 0.01574803149606299191, -0.7316341506825990715 ) ) ;
#167 = CARTESIAN_POINT ( 'NONE',  ( 1.100490034054905752, 0.000000000000000000, -0.7317089843750000933 ) ) ;
#168 = ORIENTED_EDGE ( 'NONE', *, *, #3092, .F. ) ;
#169 = AXIS2_PLACEMENT_3D ( 'NONE', #335, #1327, #4159 ) ;
#170 = EDGE_CURVE ( 'NONE', #4788, #4392, #3455, .T. ) ;
#171 = CARTESIAN_POINT ( 'NONE',  ( 1.582290012972215942, 0.01574803149606299191, -0.4896745418457100762 ) ) ;
#172 = CARTESIAN_POINT ( 'NONE',  ( 1.613350864161711806, -0.000000000000000000, -0.5172499027416601614 ) ) ;
#173 = CARTESIAN_POINT ( 'NONE',  ( 0.7016800623061106856, 2.134256245050205639E-18, -0.7312576142679250157 ) ) ;
#174 = CARTESIAN_POINT ( 'NONE',  ( 0.2000000000000000111, 0.000000000000000000, -0.4899999999999999911 ) ) ;
#175 = CARTESIAN_POINT ( 'NONE',  ( 1.088120555432553038, 0.01574803149606299191, -0.5942874467830964180 ) ) ;
#176 = VECTOR ( 'NONE', #2884, 39.37007874015748854 ) ;
#177 = CARTESIAN_POINT ( 'NONE',  ( 0.8478981602852648791, -0.000000000000000000, -0.5176555267358625700 ) ) ;
#178 = ORIENTED_EDGE ( 'NONE', *, *, #2880, .T. ) ;
#179 = CARTESIAN_POINT ( 'NONE',  ( 1.150435854072204611, 0.01574803149606299191, -0.6924205760502364360 ) ) ;
#180 = EDGE_CURVE ( 'NONE', #2553, #43, #2687, .T. ) ;
#181 = CARTESIAN_POINT ( 'NONE',  ( 0.8812601051126202067, 0.000000000000000000, -0.4896107340137542674 ) ) ;
#182 = VECTOR ( 'NONE', #695, 39.37007874015748143 ) ;
#183 = CARTESIAN_POINT ( 'NONE',  ( 1.769839029394348229, 0.000000000000000000, -0.6176721814844803315 ) ) ;
#184 = CARTESIAN_POINT ( 'NONE',  ( 1.889985985152423664, 6.402768735150616918E-18, -0.5745310507535678068 ) ) ;
#185 = DIRECTION ( 'NONE',  ( 0.000000000000000000, -0.000000000000000000, 1.000000000000000000 ) ) ;
#186 = VECTOR ( 'NONE', #4634, 39.37007874015748143 ) ;
#187 = CARTESIAN_POINT ( 'NONE',  ( 1.768400757564957182, 2.134256245050205639E-18, -0.5845930326826114243 ) ) ;
#188 = CARTESIAN_POINT ( 'NONE',  ( 0.1250000000000000000, 0.000000000000000000, -1.229999999999999982 ) ) ;
#189 = CARTESIAN_POINT ( 'NONE',  ( 1.375929487179905486, 2.134256245050205639E-18, -0.7068066406249999822 ) ) ;
#190 = CARTESIAN_POINT ( 'NONE',  ( 1.603529295976721780, 0.01574803149606299191, -0.7307674476966626864 ) ) ;
#191 = ORIENTED_EDGE ( 'NONE', *, *, #1154, .F. ) ;
#192 = EDGE_CURVE ( 'NONE', #2496, #4748, #3524, .T. ) ;
#193 = ORIENTED_EDGE ( 'NONE', *, *, #3173, .T. ) ;
#194 = ORIENTED_EDGE ( 'NONE', *, *, #4678, .F. ) ;
#195 = DIRECTION ( 'NONE',  ( 0.000000000000000000, 0.000000000000000000, -1.000000000000000000 ) ) ;
#196 = CARTESIAN_POINT ( 'NONE',  ( 1.376142604005369696, 0.01574803149606299191, -0.5132146990251265084 ) ) ;
#197 = CARTESIAN_POINT ( 'NONE',  ( 2.022310854072205011, 0.01574803149606299191, -0.6924205760502365470 ) ) ;
#198 = B_SPLINE_CURVE_WITH_KNOTS ( 'NONE', 3,
 ( #5761, #1458, #5183, #814, #4233, #2368, #3783, #2831, #1874, #2734, #1841 ),
 .UNSPECIFIED., .F., .F.,
 ( 4, 1, 1, 1, 1, 1, 1, 1, 4 ),
 ( 0.000000000000000000, 0.1402943894369882427, 0.2690238711738889288, 0.3898006988269686057, 0.5083482253201334622, 0.6259820118935320865, 0.7431690458776171182, 0.8666051232822475914, 1.000000000000000000 ),
 .UNSPECIFIED. ) ;
#199 = CARTESIAN_POINT ( 'NONE',  ( 1.078731691666809045, 0.000000000000000000, -0.7215291218473318668 ) ) ;
#200 = ORIENTED_EDGE ( 'NONE', *, *, #2381, .T. ) ;
#201 = ADVANCED_FACE ( 'NONE', ( #6113 ), #3669, .T. ) ;
#202 = CARTESIAN_POINT ( 'NONE',  ( 1.713966596554905575, 0.000000000000000000, -0.6598339843749999600 ) ) ;
#203 = CARTESIAN_POINT ( 'NONE',  ( 2.113429487179905308, 0.01574803149606299191, -0.5214062499999999600 ) ) ;
#204 = CARTESIAN_POINT ( 'NONE',  ( 0.9774270794135049290, 0.000000000000000000, -0.7391118740944179200 ) ) ;
#205 = DIRECTION ( 'NONE',  ( 0.000000000000000000, -1.000000000000000000, 0.000000000000000000 ) ) ;
#206 = ORIENTED_EDGE ( 'NONE', *, *, #464, .F. ) ;
#207 = CARTESIAN_POINT ( 'NONE',  ( 1.118735854456255119, 0.01574803149606299191, -0.6853627314024504091 ) ) ;
#208 = CARTESIAN_POINT ( 'NONE',  ( 0.7266619090549053528, 0.01574803149606299191, -0.4893750000000000044 ) ) ;
#209 = CARTESIAN_POINT ( 'NONE',  ( 0.9817295246001155329, 0.01574803149606299191, -0.4894666760164760877 ) ) ;
#210 = CARTESIAN_POINT ( 'NONE',  ( 1.798314247221638684, 0.01574803149606299191, -0.5381625900991808820 ) ) ;
#211 = CARTESIAN_POINT ( 'NONE',  ( 1.774014222424570519, 0.01574803149606299191, -0.4894713636712924032 ) ) ;
#212 = LINE ( 'NONE', #1589, #3919 ) ;
#213 = ADVANCED_FACE ( 'NONE', ( #4675 ), #839, .F. ) ;
#214 = B_SPLINE_CURVE_WITH_KNOTS ( 'NONE', 3,
 ( #4111, #3129, #729, #6156, #4657, #5224, #307, #855, #3683, #5668, #2777, #4727, #381, #4084, #6066, #2658, #4600, #3179, #249 ),
 .UNSPECIFIED., .F., .F.,
 ( 4, 1, 1, 1, 1, 1, 1, 1, 1, 1, 1, 1, 1, 1, 1, 1, 4 ),
 ( 0.000000000000000000, 0.07632991237579972443, 0.1475902797655206378, 0.2141341229181883410, 0.2766335995961090588, 0.3354621556079133704, 0.3904701877972195367, 0.4445106943788564302, 0.4965622250395489434, 0.5495416088508521257, 0.6031030765590439380, 0.6597058747106790966, 0.7195927783563121904, 0.7833678860529335042, 0.8506459785148551278, 0.9227992763119478026, 1.000000000000000000 ),
 .UNSPECIFIED. ) ;
#215 = LINE ( 'NONE', #1207, #1404 ) ;
#216 = CARTESIAN_POINT ( 'NONE',  ( 1.774776285444839452, 2.134256245050205639E-18, -0.5914623805091675512 ) ) ;
#217 = CARTESIAN_POINT ( 'NONE',  ( 1.979054487179905397, 0.000000000000000000, -0.6598339843749999600 ) ) ;
#218 = PLANE ( 'NONE',  #5987 ) ;
#219 = CARTESIAN_POINT ( 'NONE',  ( 1.377198421603221590, 2.134256245050205639E-18, -0.7175827911707547413 ) ) ;
#220 = CARTESIAN_POINT ( 'NONE',  ( 0.9894199094816070739, 0.01574803149606299191, -0.4896848526063652951 ) ) ;
#221 = CARTESIAN_POINT ( 'NONE',  ( 2.079999999999999627, 0.3149999999999992251, -0.1750000000000000444 ) ) ;
#222 = ORIENTED_EDGE ( 'NONE', *, *, #5246, .T. ) ;
#223 = ORIENTED_EDGE ( 'NONE', *, *, #229, .F. ) ;
#224 = ORIENTED_EDGE ( 'NONE', *, *, #4707, .T. ) ;
#225 = FACE_OUTER_BOUND ( 'NONE', #4172, .T. ) ;
#226 = CARTESIAN_POINT ( 'NONE',  ( 2.079999999999999627, 0.1400000000000000133, -1.054999999999999938 ) ) ;
#227 = CARTESIAN_POINT ( 'NONE',  ( 1.144923627804905752, 0.000000000000000000, -0.7362499999999999600 ) ) ;
#228 = ORIENTED_EDGE ( 'NONE', *, *, #921, .T. ) ;
#229 = EDGE_CURVE ( 'NONE', #4687, #5009, #3777, .T. ) ;
#230 = CARTESIAN_POINT ( 'NONE',  ( 1.713966596554905575, 0.01574803149606299191, -0.6598339843749999600 ) ) ;
#231 = CARTESIAN_POINT ( 'NONE',  ( 1.157911909054905708, 0.01574803149606299191, -0.6925000000000000044 ) ) ;
#232 = CARTESIAN_POINT ( 'NONE',  ( 1.991300891385690219, 0.01574803149606299191, -0.7351717324689980293 ) ) ;
#233 = DIRECTION ( 'NONE',  ( 0.000000000000000000, 1.000000000000000000, 0.000000000000000000 ) ) ;
#234 = CARTESIAN_POINT ( 'NONE',  ( 1.404298627804905442, 0.000000000000000000, -0.4893750000000000044 ) ) ;
#235 = CARTESIAN_POINT ( 'NONE',  ( 1.143422436579220269, 0.01574803149606299191, -0.6920102964326763084 ) ) ;
#236 = CARTESIAN_POINT ( 'NONE',  ( 1.611959180508165890, 2.134256245050205639E-18, -0.5065921339596431983 ) ) ;
#237 = CARTESIAN_POINT ( 'NONE',  ( 1.524806440304905530, 0.000000000000000000, -0.7020214843750001155 ) ) ;
#238 = CARTESIAN_POINT ( 'NONE',  ( 1.852028320624386604, 0.01574803149606299191, -0.5149517904640361632 ) ) ;
#239 = CARTESIAN_POINT ( 'NONE',  ( 1.771241987179906108, 0.01574803149606299191, -0.6956250000000001599 ) ) ;
#240 = CARTESIAN_POINT ( 'NONE',  ( 1.985697422333190021, 0.01574803149606299191, -0.5857795907696653481 ) ) ;
#241 = CARTESIAN_POINT ( 'NONE',  ( 1.734216351434068271, 0.000000000000000000, -0.4923811934883015606 ) ) ;
#242 = CARTESIAN_POINT ( 'NONE',  ( 1.104657787042074624, 0.01574803149606299191, -0.7328658653892223818 ) ) ;
#243 = CARTESIAN_POINT ( 'NONE',  ( 1.100490034054905752, 0.01574803149606299191, -0.7317089843750000933 ) ) ;
#244 = CARTESIAN_POINT ( 'NONE',  ( 2.057257510028259517, 0.000000000000000000, -0.5186778385476670250 ) ) ;
#245 = CARTESIAN_POINT ( 'NONE',  ( 2.017677534054905575, 0.01574803149606299191, -0.5831250000000000044 ) ) ;
#246 = VERTEX_POINT ( 'NONE', #5241 ) ;
#247 = ORIENTED_EDGE ( 'NONE', *, *, #570, .F. ) ;
#248 = DIRECTION ( 'NONE',  ( 0.000000000000000000, 1.000000000000000000, -0.000000000000000000 ) ) ;
#249 = CARTESIAN_POINT ( 'NONE',  ( 1.207521284054905886, 0.01574803149606299191, -0.7362499999999999600 ) ) ;
#250 = CARTESIAN_POINT ( 'NONE',  ( 0.8870561645206488377, 0.01574803149606299191, -0.7343265376928468369 ) ) ;
#251 = CARTESIAN_POINT ( 'NONE',  ( 1.107179487179905886, 0.01574803149606299191, -0.6598339843750001821 ) ) ;
#252 = ORIENTED_EDGE ( 'NONE', *, *, #154, .T. ) ;
#253 = ADVANCED_FACE ( 'NONE', ( #3301 ), #873, .T. ) ;
#254 = DIRECTION ( 'NONE',  ( -0.000000000000000000, -1.000000000000000000, -0.000000000000000000 ) ) ;
#255 = CARTESIAN_POINT ( 'NONE',  ( 2.229999999999999094, 0.06250000000000000000, -1.054999999999999938 ) ) ;
#256 = CARTESIAN_POINT ( 'NONE',  ( 1.422321296183318928, 6.402768735150616918E-18, -0.4970202175162799496 ) ) ;
#257 = CARTESIAN_POINT ( 'NONE',  ( 2.229999999999999538, 0.3149999999999992251, -0.1750000000000000444 ) ) ;
#258 = EDGE_CURVE ( 'NONE', #2005, #4536, #2045, .T. ) ;
#259 = CARTESIAN_POINT ( 'NONE',  ( 0.7477206009100992867, 0.01574803149606299191, -0.7110595137107713626 ) ) ;
#260 = CARTESIAN_POINT ( 'NONE',  ( 0.6947540883937034506, 0.01574803149606299191, -0.5208762587359284657 ) ) ;
#261 = B_SPLINE_CURVE_WITH_KNOTS ( 'NONE', 3,
 ( #2037, #5928, #3437, #2396, #1554, #4398, #1937, #2434, #2959, #3906, #5444, #2002, #4362, #530, #561, #5415, #1048 ),
 .UNSPECIFIED., .F., .F.,
 ( 4, 1, 1, 1, 1, 1, 1, 1, 1, 1, 1, 1, 1, 1, 4 ),
 ( 0.000000000000000000, 0.07069536468307452415, 0.1363493445435630391, 0.1987594013957700301, 0.2588602169264461184, 0.3171901101198943418, 0.3731041825817999480, 0.4280200805415859677, 0.4827573213892193960, 0.5927463869171771815, 0.7055645666115499814, 0.7666872951880470133, 0.8368385738096285609, 0.9142487221832366062, 1.000000000000000000 ),
 .UNSPECIFIED. ) ;
#262 = CARTESIAN_POINT ( 'NONE',  ( 0.9009294871799053972, 0.000000000000000000, -0.5198437500000000488 ) ) ;
#263 = AXIS2_PLACEMENT_3D ( 'NONE', #4118, #2287, #5164 ) ;
#264 = CARTESIAN_POINT ( 'NONE',  ( 1.832073469489249540, 0.01574803149606299191, -0.5024235809266067720 ) ) ;
#265 = CARTESIAN_POINT ( 'NONE',  ( 1.095981238116829237, 0.000000000000000000, -0.5908602598766083958 ) ) ;
#266 = CARTESIAN_POINT ( 'NONE',  ( 1.664406049679905797, 0.01574803149606299191, -0.6747265625000000711 ) ) ;
#267 = VECTOR ( 'NONE', #3694, 39.37007874015748143 ) ;
#268 = VECTOR ( 'NONE', #3326, 39.37007874015748143 ) ;
#269 = CARTESIAN_POINT ( 'NONE',  ( 1.680909955929905664, 0.000000000000000000, -0.5122265624999999822 ) ) ;
#270 = CARTESIAN_POINT ( 'NONE',  ( 1.732325644947370291, 0.01574803149606299191, -0.6832802168751842542 ) ) ;
#271 = CARTESIAN_POINT ( 'NONE',  ( 2.016798627804905486, 0.01574803149606299191, -0.7362499999999999600 ) ) ;
#272 = CARTESIAN_POINT ( 'NONE',  ( 1.230458527385670742, 0.000000000000000000, -0.4939404300633070122 ) ) ;
#273 = VECTOR ( 'NONE', #1086, 39.37007874015748143 ) ;
#274 = EDGE_LOOP ( 'NONE', ( #2766, #1746, #2255, #1982 ) ) ;
#275 = CARTESIAN_POINT ( 'NONE',  ( 1.836002695480820401, 0.01574803149606299191, -0.5878216532983788767 ) ) ;
#276 = AXIS2_PLACEMENT_3D ( 'NONE', #609, #3990, #103 ) ;
#277 = ORIENTED_EDGE ( 'NONE', *, *, #2133, .F. ) ;
#278 = CARTESIAN_POINT ( 'NONE',  ( 0.7463846647147023283, 0.000000000000000000, -0.7217315991900602468 ) ) ;
#279 = CARTESIAN_POINT ( 'NONE',  ( 1.010118819068422269, 4.268512490100411279E-18, -0.7144299674326135552 ) ) ;
#280 = CARTESIAN_POINT ( 'NONE',  ( 0.8625570961444087859, 2.134256245050205639E-18, -0.7387827557922144184 ) ) ;
#281 = CARTESIAN_POINT ( 'NONE',  ( 1.657201181744086149, 0.01574803149606299191, -0.5428967921756030490 ) ) ;
#282 = EDGE_CURVE ( 'NONE', #43, #378, #4155, .T. ) ;
#283 = ORIENTED_EDGE ( 'NONE', *, *, #5629, .T. ) ;
#284 = CARTESIAN_POINT ( 'NONE',  ( 1.868989555706127792, 0.000000000000000000, -0.6971243818934035330 ) ) ;
#285 = CARTESIAN_POINT ( 'NONE',  ( 1.662040493455708923, 0.000000000000000000, -0.6116574796490572563 ) ) ;
#286 = DIRECTION ( 'NONE',  ( -0.000000000000000000, -0.000000000000000000, 1.000000000000000000 ) ) ;
#287 = CARTESIAN_POINT ( 'NONE',  ( 1.838282755252247602, 6.402768735150616918E-18, -0.6248297380482389363 ) ) ;
#288 = DIRECTION ( 'NONE',  ( -0.000000000000000000, -1.000000000000000000, -0.000000000000000000 ) ) ;
#289 = EDGE_LOOP ( 'NONE', ( #1079, #4603, #2693, #4115 ) ) ;
#290 = B_SPLINE_CURVE_WITH_KNOTS ( 'NONE', 3,
 ( #5387, #1116, #467, #4854, #2470, #504, #2438, #29, #1972, #3877, #5865, #1024, #5420, #2937, #1530 ),
 .UNSPECIFIED., .F., .F.,
 ( 4, 1, 1, 1, 1, 1, 1, 1, 1, 1, 1, 1, 4 ),
 ( 0.000000000000000000, 0.1174015895797311526, 0.2200200149628016300, 0.3090989580098876255, 0.3851055460046563517, 0.4526885015523732791, 0.5158688681660508202, 0.5762142002903342108, 0.6371455783483166435, 0.7067072651947415851, 0.7900877326000482759, 0.8874825861711249653, 1.000000000000000000 ),
 .UNSPECIFIED. ) ;
#291 = CARTESIAN_POINT ( 'NONE',  ( 1.979140499518346363, 0.01574803149606299191, -0.6621100154890268152 ) ) ;
#292 = CARTESIAN_POINT ( 'NONE',  ( 1.769923627804905752, 0.01574803149606299191, -0.5331249999999999600 ) ) ;
#293 = CARTESIAN_POINT ( 'NONE',  ( 1.185304487179905886, 0.01574803149606299191, -0.5831250000000000044 ) ) ;
#294 = FACE_OUTER_BOUND ( 'NONE', #59, .T. ) ;
#295 = CARTESIAN_POINT ( 'NONE',  ( 1.991300891385690219, 0.000000000000000000, -0.7351717324689980293 ) ) ;
#296 = CARTESIAN_POINT ( 'NONE',  ( 1.753557752773087897, 0.01574803149606299191, -0.6236842304198113585 ) ) ;
#297 = CARTESIAN_POINT ( 'NONE',  ( 1.702075544601744372, 0.01574803149606299191, -0.5021292573646175539 ) ) ;
#298 = DIRECTION ( 'NONE',  ( 0.000000000000000000, 0.000000000000000000, -1.000000000000000000 ) ) ;
#299 = CARTESIAN_POINT ( 'NONE',  ( 1.114083081255677454, 0.01574803149606299191, -0.7345421172199687598 ) ) ;
#300 = CARTESIAN_POINT ( 'NONE',  ( 1.696437299679905752, 0.01574803149606299191, -0.6237500000000000266 ) ) ;
#301 = CARTESIAN_POINT ( 'NONE',  ( 2.057407124056222614, 0.000000000000000000, -0.5142886079259293419 ) ) ;
#302 = CARTESIAN_POINT ( 'NONE',  ( 2.027214892973301819, -0.000000000000000000, -0.6924726754716854504 ) ) ;
#303 = ORIENTED_EDGE ( 'NONE', *, *, #540, .T. ) ;
#304 = EDGE_LOOP ( 'NONE', ( #4904, #1218, #5434, #2888 ) ) ;
#305 = DIRECTION ( 'NONE',  ( 1.000000000000000000, 0.000000000000000000, 0.000000000000000000 ) ) ;
#306 = CARTESIAN_POINT ( 'NONE',  ( 1.497759988432243006, -2.134256245050205639E-18, -0.4894122655946467337 ) ) ;
#307 = CARTESIAN_POINT ( 'NONE',  ( 1.238370542610794933, 0.01574803149606299191, -0.7215162773531212936 ) ) ;
#308 = CARTESIAN_POINT ( 'NONE',  ( 0.8325133568397476980, 2.134256245050205639E-18, -0.7102193113138469682 ) ) ;
#309 = CARTESIAN_POINT ( 'NONE',  ( 1.050990762372156828, 0.000000000000000000, -0.6636299963044934858 ) ) ;
#310 = ORIENTED_EDGE ( 'NONE', *, *, #5517, .F. ) ;
#311 = ORIENTED_EDGE ( 'NONE', *, *, #5169, .T. ) ;
#312 = CARTESIAN_POINT ( 'NONE',  ( 1.459586459303022332, 0.000000000000000000, -0.5254169721375746560 ) ) ;
#313 = LINE ( 'NONE', #2719, #764 ) ;
#314 = CARTESIAN_POINT ( 'NONE',  ( 1.383455271777545681, 0.01574803149606299191, -0.7279091463883348156 ) ) ;
#315 = CARTESIAN_POINT ( 'NONE',  ( 1.462584698831354668, 1.707404996040164512E-17, -0.5150544321967966965 ) ) ;
#316 = EDGE_CURVE ( 'NONE', #3028, #4855, #5650, .T. ) ;
#317 = CARTESIAN_POINT ( 'NONE',  ( 1.657179487179905708, 0.01574803149606299191, -0.5469433593750000488 ) ) ;
#318 = CARTESIAN_POINT ( 'NONE',  ( 1.835792828667160537, 0.01574803149606299191, -0.6421749967205810927 ) ) ;
#319 = CARTESIAN_POINT ( 'NONE',  ( 1.067656165635440191, 0.000000000000000000, -0.7112607086607196649 ) ) ;
#320 = ORIENTED_EDGE ( 'NONE', *, *, #2996, .T. ) ;
#321 = ADVANCED_FACE ( 'NONE', ( #1423 ), #1899, .T. ) ;
#322 = CARTESIAN_POINT ( 'NONE',  ( 1.539035552760663172, 6.402768735150616918E-18, -0.7313131790087699091 ) ) ;
#323 = LINE ( 'NONE', #3700, #3516 ) ;
#324 = CARTESIAN_POINT ( 'NONE',  ( 1.609779303471527534, 2.134256245050205639E-18, -0.5012731594545389857 ) ) ;
#325 = CARTESIAN_POINT ( 'NONE',  ( 1.241525148475799423, 1.067128122525102820E-17, -0.7051150258839001816 ) ) ;
#326 = CARTESIAN_POINT ( 'NONE',  ( 1.804396425349244382, 0.000000000000000000, -0.5411194729566484174 ) ) ;
#327 = CARTESIAN_POINT ( 'NONE',  ( 0.7665544871799053750, 0.000000000000000000, -0.5189160156250000044 ) ) ;
#328 = B_SPLINE_SURFACE_WITH_KNOTS ( 'NONE', 3, 1, ( 
 ( #3146, #4076 ),
 ( #5600, #1212 ),
 ( #5122, #749 ),
 ( #4618, #3239 ),
 ( #5315, #6287 ),
 ( #4297, #4753 ),
 ( #2865, #5800 ) ),
 .UNSPECIFIED., .F., .F., .F.,
 ( 4, 1, 1, 1, 4 ),
 ( 2, 2 ),
 ( 0.000000000000000000, 0.2943402270832192191, 0.5600815636156156740, 0.7933767436914694882, 1.000000000000000000 ),
 ( 0.000000000000000000, 1.000000000000000000 ),
 .UNSPECIFIED. ) ;
#329 = CARTESIAN_POINT ( 'NONE',  ( 1.967856238116828749, 6.402768735150616918E-18, -0.5908602598766081737 ) ) ;
#330 = LINE ( 'NONE', #4676, #3602 ) ;
#331 = EDGE_CURVE ( 'NONE', #6268, #433, #4826, .T. ) ;
#332 = VERTEX_POINT ( 'NONE', #6319 ) ;
#333 = EDGE_CURVE ( 'NONE', #25, #5863, #261, .T. ) ;
#334 = CARTESIAN_POINT ( 'NONE',  ( 0.7127769309459734970, 2.134256245050205639E-18, -0.4912586770440596773 ) ) ;
#335 = CARTESIAN_POINT ( 'NONE',  ( 1.004259500165513908, 0.01574803149606299191, -0.4993493390962117084 ) ) ;
#336 = VERTEX_POINT ( 'NONE', #976 ) ;
#337 = CARTESIAN_POINT ( 'NONE',  ( 1.750779356921252639, 0.01574803149606299191, -0.6932570329004636989 ) ) ;
#338 = CARTESIAN_POINT ( 'NONE',  ( 0.8662979170463562806, 0.01574803149606299191, -0.7392444795448696038 ) ) ;
#339 = CARTESIAN_POINT ( 'NONE',  ( 1.979054487179905397, 0.01574803149606299191, -0.6598339843749999600 ) ) ;
#340 = CARTESIAN_POINT ( 'NONE',  ( 2.083507787569097491, 0.000000000000000000, -0.7362273807603317843 ) ) ;
#341 = EDGE_CURVE ( 'NONE', #5327, #4027, #1488, .T. ) ;
#342 =( CONVERSION_BASED_UNIT ( 'INCH', #5252 ) LENGTH_UNIT ( ) NAMED_UNIT ( #718 ) );
#343 = ORIENTED_EDGE ( 'NONE', *, *, #3972, .T. ) ;
#344 = ORIENTED_EDGE ( 'NONE', *, *, #2280, .F. ) ;
#345 = LINE ( 'NONE', #4723, #2119 ) ;
#346 = CARTESIAN_POINT ( 'NONE',  ( 0.7332345392384469474, 0.000000000000000000, -0.4895870481753199499 ) ) ;
#347 = ORIENTED_EDGE ( 'NONE', *, *, #2895, .T. ) ;
#348 = CARTESIAN_POINT ( 'NONE',  ( 0.9839861278049059079, 0.01574803149606299191, -0.7393750000000001155 ) ) ;
#349 = CARTESIAN_POINT ( 'NONE',  ( 1.689011453713198829, -2.134256245050205639E-18, -0.7157743846298709745 ) ) ;
#350 = LINE ( 'NONE', #3686, #6192 ) ;
#351 = ORIENTED_EDGE ( 'NONE', *, *, #3932, .T. ) ;
#352 = ORIENTED_EDGE ( 'NONE', *, *, #1399, .F. ) ;
#353 = CARTESIAN_POINT ( 'NONE',  ( 0.7230486278049053084, 0.01574803149606299191, -0.7393750000000000044 ) ) ;
#354 = PLANE ( 'NONE',  #263 ) ;
#355 = CARTESIAN_POINT ( 'NONE',  ( 1.459586459303022332, 0.01574803149606299191, -0.5254169721375746560 ) ) ;
#356 = CARTESIAN_POINT ( 'NONE',  ( 2.017677534054905575, 0.01574803149606299191, -0.5831250000000000044 ) ) ;
#357 = CARTESIAN_POINT ( 'NONE',  ( 1.754690887052041459, 0.000000000000000000, -0.7391306120520303446 ) ) ;
#358 = ORIENTED_EDGE ( 'NONE', *, *, #5059, .T. ) ;
#359 = FACE_OUTER_BOUND ( 'NONE', #2366, .T. ) ;
#360 = CARTESIAN_POINT ( 'NONE',  ( 2.001571731730191317, 0.01574803149606299191, -0.6300410242652461079 ) ) ;
#361 = CARTESIAN_POINT ( 'NONE',  ( 1.777536860385634965, 0.000000000000000000, -0.5333211429501247824 ) ) ;
#362 = CARTESIAN_POINT ( 'NONE',  ( 1.134583499330998446, 0.000000000000000000, -0.5832520543012010839 ) ) ;
#363 = DIRECTION ( 'NONE',  ( -0.000000000000000000, -1.000000000000000000, -0.000000000000000000 ) ) ;
#364 = ORIENTED_EDGE ( 'NONE', *, *, #1794, .F. ) ;
#365 = EDGE_CURVE ( 'NONE', #1344, #4464, #56, .T. ) ;
#366 = AXIS2_PLACEMENT_3D ( 'NONE', #1733, #5207, #1834 ) ;
#367 = CARTESIAN_POINT ( 'NONE',  ( 1.010304487179905841, 0.000000000000000000, -0.5216015625000000044 ) ) ;
#368 = CARTESIAN_POINT ( 'NONE',  ( 1.725682410198084105, 0.01574803149606299191, -0.6760040987930447942 ) ) ;
#369 = CARTESIAN_POINT ( 'NONE',  ( 1.928086293975099341, 0.01574803149606299191, -0.6920564396778251526 ) ) ;
#370 = CARTESIAN_POINT ( 'NONE',  ( 2.108803341666530162, 0.000000000000000000, -0.7242062594868183822 ) ) ;
#371 = CARTESIAN_POINT ( 'NONE',  ( 0.9582180331331666689, 0.000000000000000000, -0.5027135717260216019 ) ) ;
#372 = AXIS2_PLACEMENT_3D ( 'NONE', #4878, #2887, #1932 ) ;
#373 = AXIS2_PLACEMENT_3D ( 'NONE', #1262, #5656, #3171 ) ;
#374 = ORIENTED_EDGE ( 'NONE', *, *, #2822, .F. ) ;
#375 = ORIENTED_EDGE ( 'NONE', *, *, #331, .F. ) ;
#376 = CARTESIAN_POINT ( 'NONE',  ( 1.922883731520457662, 0.01574803149606299191, -0.6578450886893918437 ) ) ;
#377 = CARTESIAN_POINT ( 'NONE',  ( 1.940932398142129811, 0.01574803149606299191, -0.6085854038213164285 ) ) ;
#378 = VERTEX_POINT ( 'NONE', #1017 ) ;
#379 = VECTOR ( 'NONE', #6209, 39.37007874015748143 ) ;
#380 = VECTOR ( 'NONE', #3212, 39.37007874015748143 ) ;
#381 = CARTESIAN_POINT ( 'NONE',  ( 1.225653139869469443, 0.01574803149606299191, -0.7333496907531326103 ) ) ;
#382 = CARTESIAN_POINT ( 'NONE',  ( 0.5624375055665796763, 0.000000000000000000, -0.8622057382686417748 ) ) ;
#383 = CARTESIAN_POINT ( 'NONE',  ( 1.676658021327765979, 0.01574803149606299191, -0.5145513045461380663 ) ) ;
#384 = ORIENTED_EDGE ( 'NONE', *, *, #4851, .T. ) ;
#385 = EDGE_LOOP ( 'NONE', ( #5701, #502, #5661, #1483 ) ) ;
#386 = VECTOR ( 'NONE', #1350, 39.37007874015748143 ) ;
#387 = B_SPLINE_SURFACE_WITH_KNOTS ( 'NONE', 3, 1, ( 
 ( #5840, #3223 ),
 ( #2876, #5613 ),
 ( #2912, #4174 ),
 ( #1782, #5163 ),
 ( #1246, #4345 ),
 ( #2747, #4865 ),
 ( #5133, #2718 ),
 ( #2197, #3634 ),
 ( #1469, #284 ),
 ( #2415, #3256 ),
 ( #3855, #3157 ),
 ( #6162, #4662 ),
 ( #828, #6101 ),
 ( #8, #760 ),
 ( #1723, #2688 ),
 ( #5196, #3730 ),
 ( #1952, #2224 ),
 ( #3384, #5231 ),
 ( #862, #1348 ) ),
 .UNSPECIFIED., .F., .F., .F.,
 ( 4, 1, 1, 1, 1, 1, 1, 1, 1, 1, 1, 1, 1, 1, 1, 1, 4 ),
 ( 2, 2 ),
 ( 0.000000000000000000, 0.06807904218953644837, 0.1334568085468225696, 0.1970431859788141504, 0.2589951028646220732, 0.3192107792938391753, 0.3780683211263616839, 0.4358361098827949753, 0.4933934818721130711, 0.5511703361136249812, 0.6091929274594467536, 0.6688946999614665545, 0.7301869901136294194, 0.7935211943086338815, 0.8593314533622711249, 0.9278229601315397534, 1.000000000000000000 ),
 ( 0.000000000000000000, 1.000000000000000000 ),
 .UNSPECIFIED. ) ;
#388 = CARTESIAN_POINT ( 'NONE',  ( 1.207521284054905886, 0.01574803149606299191, -0.7362499999999999600 ) ) ;
#389 = CARTESIAN_POINT ( 'NONE',  ( 1.464894330929905619, 0.01574803149606299191, -0.7020214843750001155 ) ) ;
#390 = CARTESIAN_POINT ( 'NONE',  ( 1.766896284054905619, 0.000000000000000000, -0.7393750000000000044 ) ) ;
#391 = MECHANICAL_DESIGN_GEOMETRIC_PRESENTATION_REPRESENTATION (  '', ( #3095 ), #4034 ) ;
#392 = CARTESIAN_POINT ( 'NONE',  ( 0.6946794871799053528, 0.01574803149606299191, -0.7089062499999998490 ) ) ;
#393 = CARTESIAN_POINT ( 'NONE',  ( 0.8698121679576881204, 0.01574803149606299191, -0.4896604978119677987 ) ) ;
#394 = CARTESIAN_POINT ( 'NONE',  ( 1.710304487179905575, 0.01574803149606299191, -0.5799999999999999600 ) ) ;
#395 = CARTESIAN_POINT ( 'NONE',  ( 0.7230486278049053084, 0.01574803149606299191, -0.7393750000000000044 ) ) ;
#396 = ADVANCED_FACE ( 'NONE', ( #1451 ), #431, .T. ) ;
#397 = CARTESIAN_POINT ( 'NONE',  ( 1.980300589604965467, 2.134256245050205639E-18, -0.6491831046553113715 ) ) ;
#398 = CARTESIAN_POINT ( 'NONE',  ( 1.693409955929905619, 0.01574803149606299191, -0.6500195312500000044 ) ) ;
#399 = CARTESIAN_POINT ( 'NONE',  ( 1.772884450528833034, 0.01574803149606299191, -0.6143659011276845217 ) ) ;
#400 = CARTESIAN_POINT ( 'NONE',  ( 1.676804996875719045, 0.01574803149606299191, -0.6542057912973630041 ) ) ;
#401 = VERTEX_POINT ( 'NONE', #4290 ) ;
#402 = CARTESIAN_POINT ( 'NONE',  ( 1.820135691242227072, 0.01574803149606299191, -0.5538288753223686856 ) ) ;
#403 = CYLINDRICAL_SURFACE ( 'NONE', #4543, 0.1250000000000000278 ) ;
#404 = CARTESIAN_POINT ( 'NONE',  ( 1.969707163975085829, 0.000000000000000000, -0.7308371393224524226 ) ) ;
#405 = CARTESIAN_POINT ( 'NONE',  ( 1.994202413818217279, 0.000000000000000000, -0.6872853059217896021 ) ) ;
#406 = CARTESIAN_POINT ( 'NONE',  ( 0.9557711501985686198, 0.01574803149606299191, -0.7205359440606082799 ) ) ;
#407 = EDGE_CURVE ( 'NONE', #3909, #246, #4981, .T. ) ;
#409 = EDGE_CURVE ( 'NONE', #5899, #922, #86, .T. ) ;
#408 = ORIENTED_EDGE ( 'NONE', *, *, #6315, .T. ) ;
#410 = EDGE_CURVE ( 'NONE', #4027, #3949, #4433, .T. ) ;
#411 = CARTESIAN_POINT ( 'NONE',  ( 1.145802534054905841, 0.000000000000000000, -0.5831250000000000044 ) ) ;
#412 = CARTESIAN_POINT ( 'NONE',  ( 1.185304487179905886, 0.01574803149606299191, -0.5831250000000000044 ) ) ;
#413 = CARTESIAN_POINT ( 'NONE',  ( 0.9009294871799053972, 0.01574803149606299191, -0.5198437500000000488 ) ) ;
#414 = CARTESIAN_POINT ( 'NONE',  ( 2.086769330929905131, 0.01574803149606299191, -0.4893750000000000044 ) ) ;
#415 = CARTESIAN_POINT ( 'NONE',  ( 0.8421573271858109333, 0.01574803149606299191, -0.7253841327795518268 ) ) ;
#416 = CARTESIAN_POINT ( 'NONE',  ( 1.672788419108712787, 0.01574803149606299191, -0.5170126222841918695 ) ) ;
#417 = ORIENTED_EDGE ( 'NONE', *, *, #3162, .T. ) ;
#418 = ORIENTED_EDGE ( 'NONE', *, *, #1563, .F. ) ;
#419 = FACE_OUTER_BOUND ( 'NONE', #3588, .T. ) ;
#420 = ORIENTED_EDGE ( 'NONE', *, *, #2453, .F. ) ;
#421 = CARTESIAN_POINT ( 'NONE',  ( 0.7478044871799053306, 0.000000000000000000, -0.7087109374999999156 ) ) ;
#422 = CARTESIAN_POINT ( 'NONE',  ( 1.238370542610794933, 0.000000000000000000, -0.7215162773531212936 ) ) ;
#423 = CARTESIAN_POINT ( 'NONE',  ( 1.478404088627531143, 0.01574803149606299191, -0.4930660046446770362 ) ) ;
#424 = CARTESIAN_POINT ( 'NONE',  ( 1.463816727537642803, 0.01574803149606299191, -0.5107745593281035612 ) ) ;
#425 = CARTESIAN_POINT ( 'NONE',  ( 0.8550660800290225128, 2.134256245050205639E-18, -0.4975983446888450623 ) ) ;
#426 = CARTESIAN_POINT ( 'NONE',  ( 2.079999999999999627, 0.3149999999999992251, -0.1750000000000000444 ) ) ;
#427 = EDGE_CURVE ( 'NONE', #58, #3607, #719, .T. ) ;
#428 = ORIENTED_EDGE ( 'NONE', *, *, #6115, .F. ) ;
#429 = PLANE ( 'NONE',  #497 ) ;
#430 = CARTESIAN_POINT ( 'NONE',  ( 1.831433209737319601, 0.000000000000000000, -0.5723111445099197114 ) ) ;
#431 = PLANE ( 'NONE',  #3402 ) ;
#432 = CARTESIAN_POINT ( 'NONE',  ( 1.464894330929905619, 0.01574803149606299191, -0.7020214843750001155 ) ) ;
#433 = VERTEX_POINT ( 'NONE', #4635 ) ;
#434 = B_SPLINE_CURVE_WITH_KNOTS ( 'NONE', 3,
 ( #2981, #4421, #5336, #969, #4943, #4839, #584, #4791, #4201, #5806, #5766, #6190, #6227, #6293, #923, #1434, #5289, #1848, #886 ),
 .UNSPECIFIED., .F., .F.,
 ( 4, 1, 1, 1, 1, 1, 1, 1, 1, 1, 1, 1, 1, 1, 1, 1, 4 ),
 ( 0.000000000000000000, 0.06471401816636543347, 0.1260074759657008603, 0.1848404604205492741, 0.2412139089641152645, 0.2962365839730135564, 0.3506218337640996108, 0.4049891146124610652, 0.4601104791148300510, 0.5167961286223607953, 0.5752343926751203318, 0.6364091737907180413, 0.7005078337452679271, 0.7688271593737614484, 0.8409926476957444441, 0.9181950594621315354, 0.9999999999999998890 ),
 .UNSPECIFIED. ) ;
#435 = CARTESIAN_POINT ( 'NONE',  ( 0.8975919255271859187, 0.01574803149606299191, -0.7222966303625634188 ) ) ;
#436 = CARTESIAN_POINT ( 'NONE',  ( 1.713966596554906019, 0.01574803149606299191, -0.6598339843750001821 ) ) ;
#437 = DIRECTION ( 'NONE',  ( 0.000000000000000000, 0.000000000000000000, -1.000000000000000000 ) ) ;
#438 = LINE ( 'NONE', #6149, #1499 ) ;
#439 = DIRECTION ( 'NONE',  ( 0.000000000000000000, 0.000000000000000000, -1.000000000000000000 ) ) ;
#440 = EDGE_LOOP ( 'NONE', ( #5311, #1037, #4322, #2004 ) ) ;
#441 = CARTESIAN_POINT ( 'NONE',  ( 1.404457255419189421, 0.000000000000000000, -0.7360809920015050078 ) ) ;
#442 = CARTESIAN_POINT ( 'NONE',  ( 0.7546439343552930890, 0.01574803149606299191, -0.5023460579134045867 ) ) ;
#443 = CARTESIAN_POINT ( 'NONE',  ( 2.109560893904240508, 0.01574803149606299191, -0.5022764856182352355 ) ) ;
#444 = ORIENTED_EDGE ( 'NONE', *, *, #3969, .T. ) ;
#445 = CARTESIAN_POINT ( 'NONE',  ( 1.237685893904240775, 2.134256245050205639E-18, -0.5022764856182353466 ) ) ;
#446 = CARTESIAN_POINT ( 'NONE',  ( 0.9945664885472488281, 0.01574803149606299191, -0.4912168270001306958 ) ) ;
#447 = ORIENTED_EDGE ( 'NONE', *, *, #3716, .F. ) ;
#448 = EDGE_CURVE ( 'NONE', #4692, #6291, #313, .T. ) ;
#449 = ORIENTED_EDGE ( 'NONE', *, *, #4844, .T. ) ;
#450 = CARTESIAN_POINT ( 'NONE',  ( 1.608322235033031289, 0.000000000000000000, -0.7263902811075736432 ) ) ;
#451 = CARTESIAN_POINT ( 'NONE',  ( 1.233233418246066027, 0.000000000000000000, -0.7286887187873851701 ) ) ;
#452 = CARTESIAN_POINT ( 'NONE',  ( 1.713966596554905575, 0.01574803149606299191, -0.6598339843749999600 ) ) ;
#453 = DIRECTION ( 'NONE',  ( 0.0001256912946021341237, -0.000000000000000000, 0.9999999921008492221 ) ) ;
#454 = CARTESIAN_POINT ( 'NONE',  ( 1.157911909054905708, 0.01574803149606299191, -0.6268749999999999600 ) ) ;
#455 = FACE_OUTER_BOUND ( 'NONE', #5548, .T. ) ;
#456 = CARTESIAN_POINT ( 'NONE',  ( 1.721528154462228288, 0.000000000000000000, -0.7327834402532488189 ) ) ;
#457 = VERTEX_POINT ( 'NONE', #1783 ) ;
#458 = EDGE_CURVE ( 'NONE', #4868, #4832, #3804, .T. ) ;
#459 = CARTESIAN_POINT ( 'NONE',  ( 1.613429487179905530, 0.01574803149606299191, -0.5195996093750000488 ) ) ;
#460 = DIRECTION ( 'NONE',  ( 0.0001256912946026835702, 0.000000000000000000, -0.9999999921008492221 ) ) ;
#461 = CARTESIAN_POINT ( 'NONE',  ( 1.710304487179905575, 0.01574803149606299191, -0.5799999999999999600 ) ) ;
#462 = CARTESIAN_POINT ( 'NONE',  ( 1.429038886757755478, -0.000000000000000000, -0.7362073259274009018 ) ) ;
#463 = DIRECTION ( 'NONE',  ( 0.000000000000000000, 1.000000000000000000, 0.000000000000000000 ) ) ;
#464 = EDGE_CURVE ( 'NONE', #1050, #1448, #3224, .T. ) ;
#465 = EDGE_LOOP ( 'NONE', ( #2896, #4731, #3112, #4655 ) ) ;
#466 = CARTESIAN_POINT ( 'NONE',  ( 1.831433209737319601, 0.01574803149606299191, -0.5723111445099197114 ) ) ;
#467 = CARTESIAN_POINT ( 'NONE',  ( 1.558888402621585678, 0.000000000000000000, -0.7361794251699712577 ) ) ;
#468 = ORIENTED_EDGE ( 'NONE', *, *, #2139, .F. ) ;
#469 = CARTESIAN_POINT ( 'NONE',  ( 1.059288929458669370, 0.01574803149606299191, -0.6989466174180837266 ) ) ;
#470 = CARTESIAN_POINT ( 'NONE',  ( 1.979306421502357916, 0.01574803149606299191, -0.6665005902013986239 ) ) ;
#471 = CARTESIAN_POINT ( 'NONE',  ( 1.560376766784887570, -0.000000000000000000, -0.5174596313471864217 ) ) ;
#472 = ADVANCED_FACE ( 'NONE', ( #2639 ), #354, .T. ) ;
#473 = ORIENTED_EDGE ( 'NONE', *, *, #1119, .F. ) ;
#474 = AXIS2_PLACEMENT_3D ( 'NONE', #5942, #2626, #1121 ) ;
#475 = PLANE ( 'NONE',  #1108 ) ;
#476 = DIRECTION ( 'NONE',  ( -0.000000000000000000, -1.000000000000000000, -0.000000000000000000 ) ) ;
#477 = CARTESIAN_POINT ( 'NONE',  ( 2.102864168791268362, 0.000000000000000000, -0.7305022709825920169 ) ) ;
#478 = ORIENTED_EDGE ( 'NONE', *, *, #1667, .F. ) ;
#479 = CARTESIAN_POINT ( 'NONE',  ( 1.458525488838899875, -0.000000000000000000, -0.5293639032030675873 ) ) ;
#480 = VECTOR ( 'NONE', #1560, 39.37007874015748143 ) ;
#481 = CARTESIAN_POINT ( 'NONE',  ( 1.155339892973302085, 2.134256245050205639E-18, -0.6924726754716854504 ) ) ;
#482 = CARTESIAN_POINT ( 'NONE',  ( 0.7058091336034709729, 0.01574803149606299191, -0.7349402306124369622 ) ) ;
#483 = EDGE_LOOP ( 'NONE', ( #3313, #6176, #854, #6048 ) ) ;
#484 = CIRCLE ( 'NONE', #4216, 0.1250000000000000278 ) ;
#485 = AXIS2_PLACEMENT_3D ( 'NONE', #2738, #1622, #4503 ) ;
#486 = ORIENTED_EDGE ( 'NONE', *, *, #3033, .T. ) ;
#487 = CARTESIAN_POINT ( 'NONE',  ( 1.613357473084141569, 0.000000000000000000, -0.7108230314208824341 ) ) ;
#488 = CARTESIAN_POINT ( 'NONE',  ( 1.185304487179905886, 0.01574803149606299191, -0.6925000000000000044 ) ) ;
#489 = CARTESIAN_POINT ( 'NONE',  ( 1.724106526501848036, 0.01574803149606299191, -0.5419057985329381877 ) ) ;
#490 = CARTESIAN_POINT ( 'NONE',  ( 1.809936025685241257, 0.01574803149606299191, -0.6843817981834026121 ) ) ;
#491 = CARTESIAN_POINT ( 'NONE',  ( 1.676658021327765979, 0.01574803149606299191, -0.5145513045461380663 ) ) ;
#492 = EDGE_CURVE ( 'NONE', #5195, #1050, #4213, .T. ) ;
#493 = CARTESIAN_POINT ( 'NONE',  ( 1.852028320624386604, 0.01574803149606299191, -0.5149517904640361632 ) ) ;
#494 = CARTESIAN_POINT ( 'NONE',  ( 1.950606691666809445, 0.01574803149606299191, -0.7215291218473320889 ) ) ;
#495 = AXIS2_PLACEMENT_3D ( 'NONE', #6213, #2331, #3741 ) ;
#496 = ORIENTED_EDGE ( 'NONE', *, *, #1186, .F. ) ;
#497 = AXIS2_PLACEMENT_3D ( 'NONE', #4222, #4255, #2235 ) ;
#498 = DIRECTION ( 'NONE',  ( -0.000000000000000000, -1.000000000000000000, -0.000000000000000000 ) ) ;
#499 = CARTESIAN_POINT ( 'NONE',  ( 1.426857221554905575, 0.01574803149606299191, -0.7362499999999999600 ) ) ;
#500 = B_SPLINE_SURFACE_WITH_KNOTS ( 'NONE', 3, 1, ( 
 ( #3682, #4083 ),
 ( #3630, #306 ),
 ( #2250, #4167 ),
 ( #5667, #1305 ),
 ( #3215, #5839 ),
 ( #6230, #892 ),
 ( #1919, #3926 ),
 ( #5874, #3989 ),
 ( #637, #5491 ),
 ( #3029, #3540 ),
 ( #3059, #5031 ),
 ( #1504, #1060 ),
 ( #2973, #5016 ),
 ( #1608, #3014 ),
 ( #5441, #5923 ),
 ( #142, #3525 ),
 ( #5471, #4465 ) ),
 .UNSPECIFIED., .F., .F., .F.,
 ( 4, 1, 1, 1, 1, 1, 1, 1, 1, 1, 1, 1, 1, 1, 4 ),
 ( 2, 2 ),
 ( 0.000000000000000000, 0.07069536468307452415, 0.1363493445435630391, 0.1987594013957700301, 0.2588602169264461184, 0.3171901101198943418, 0.3731041825817999480, 0.4280200805415859677, 0.4827573213892193960, 0.5927463869171771815, 0.7055645666115499814, 0.7666872951880470133, 0.8368385738096285609, 0.9142487221832366062, 1.000000000000000000 ),
 ( 0.000000000000000000, 1.000000000000000000 ),
 .UNSPECIFIED. ) ;
#501 = CARTESIAN_POINT ( 'NONE',  ( 1.774979853927590057, 0.000000000000000000, -0.6104769995186635212 ) ) ;
#502 = ORIENTED_EDGE ( 'NONE', *, *, #3901, .F. ) ;
#503 = VERTEX_POINT ( 'NONE', #1349 ) ;
#504 = CARTESIAN_POINT ( 'NONE',  ( 1.542791287405409717, 0.000000000000000000, -0.7332006196461090530 ) ) ;
#505 = ORIENTED_EDGE ( 'NONE', *, *, #2579, .T. ) ;
#506 = CARTESIAN_POINT ( 'NONE',  ( 2.057179487179905397, 0.01574803149606299191, -0.6268749999999999600 ) ) ;
#507 = CARTESIAN_POINT ( 'NONE',  ( 0.5000000000000000000, 0.07000000000000000666, -0.9274999999999998801 ) ) ;
#508 = CARTESIAN_POINT ( 'NONE',  ( 0.9542919257015421985, 0.000000000000000000, -0.5147207550859113079 ) ) ;
#509 = EDGE_CURVE ( 'NONE', #5358, #5502, #3257, .T. ) ;
#510 = ORIENTED_EDGE ( 'NONE', *, *, #5930, .T. ) ;
#511 = CARTESIAN_POINT ( 'NONE',  ( 0.7016800623061106856, 0.000000000000000000, -0.7312576142679250157 ) ) ;
#512 = CARTESIAN_POINT ( 'NONE',  ( 2.087418124153548327, 0.000000000000000000, -0.7358011333994025627 ) ) ;
#513 = VERTEX_POINT ( 'NONE', #5614 ) ;
#514 = DIRECTION ( 'NONE',  ( 0.000000000000000000, -1.000000000000000000, 0.000000000000000000 ) ) ;
#515 = CARTESIAN_POINT ( 'NONE',  ( 1.241348367497592697, 0.01574803149606299191, -0.5143599453195993876 ) ) ;
#516 = CARTESIAN_POINT ( 'NONE',  ( 0.6947506969205405891, 0.01574803149606299191, -0.7111116464360122125 ) ) ;
#517 = EDGE_LOOP ( 'NONE', ( #200, #4180, #6250, #1510, #573, #5910 ) ) ;
#518 = B_SPLINE_CURVE_WITH_KNOTS ( 'NONE', 3,
 ( #1380, #2921, #48, #6272, #521, #3863, #4386, #489, #1991, #1039, #4419 ),
 .UNSPECIFIED., .F., .F.,
 ( 4, 1, 1, 1, 1, 1, 1, 1, 4 ),
 ( 0.000000000000000000, 0.1330733262487469315, 0.2627659362384358599, 0.3887957597851894875, 0.5126889517223318649, 0.6344410886993782084, 0.7564245126272963748, 0.8781791936067050441, 1.000000000000000000 ),
 .UNSPECIFIED. ) ;
#519 = CARTESIAN_POINT ( 'NONE',  ( 1.613429487179905530, 0.000000000000000000, -0.7068066406249999822 ) ) ;
#520 = CARTESIAN_POINT ( 'NONE',  ( 2.079999999999999627, 0.1400000000000000133, -0.1750000000000000444 ) ) ;
#521 = CARTESIAN_POINT ( 'NONE',  ( 1.745971109681790256, 0.01574803149606299191, -0.5353052020652324661 ) ) ;
#522 = DIRECTION ( 'NONE',  ( 0.000000000000000000, 0.000000000000000000, -1.000000000000000000 ) ) ;
#523 = LINE ( 'NONE', #1072, #3608 ) ;
#524 = CARTESIAN_POINT ( 'NONE',  ( 2.014454538516512905, -0.000000000000000000, -0.7362508006461742083 ) ) ;
#525 = ORIENTED_EDGE ( 'NONE', *, *, #6200, .T. ) ;
#526 = B_SPLINE_CURVE_WITH_KNOTS ( 'NONE', 3,
 ( #3519, #1636, #616, #2519, #3068, #6038, #1545, #112, #675, #1099, #5951 ),
 .UNSPECIFIED., .F., .F.,
 ( 4, 1, 1, 1, 1, 1, 1, 1, 4 ),
 ( 0.000000000000000000, 0.1395642491078828151, 0.2676158841578833436, 0.3871625851447760835, 0.5033746567004202532, 0.6189297495907163382, 0.7365412102021500207, 0.8613167564720007885, 1.000000000000000000 ),
 .UNSPECIFIED. ) ;
#527 = CARTESIAN_POINT ( 'NONE',  ( 1.582851716830929067, 2.134256245050205639E-18, -0.7361789246398285913 ) ) ;
#528 = CARTESIAN_POINT ( 'NONE',  ( 1.228441344785508704, 0.01574803149606299191, -0.7320200826854215137 ) ) ;
#529 = CARTESIAN_POINT ( 'NONE',  ( 1.745460737179905575, 0.01574803149606299191, -0.5799999999999999600 ) ) ;
#530 = CARTESIAN_POINT ( 'NONE',  ( 1.529658595102607155, 0.01574803149606299191, -0.5252131334001274299 ) ) ;
#531 = EDGE_CURVE ( 'NONE', #1036, #2113, #1247, .T. ) ;
#532 = CARTESIAN_POINT ( 'NONE',  ( 1.074656226345996446, 0.01574803149606299191, -0.6032118762582028282 ) ) ;
#533 = ORIENTED_EDGE ( 'NONE', *, *, #154, .F. ) ;
#534 = ORIENTED_EDGE ( 'NONE', *, *, #3434, .F. ) ;
#535 = CARTESIAN_POINT ( 'NONE',  ( 1.860759227425130113, 0.000000000000000000, -0.5226579468159356923 ) ) ;
#536 = CARTESIAN_POINT ( 'NONE',  ( 1.657290006273648864, 0.01574803149606299191, -0.5972788753130612305 ) ) ;
#537 = CARTESIAN_POINT ( 'NONE',  ( 1.772128976813631018, 0.01574803149606299191, -0.5875327545382760253 ) ) ;
#538 = EDGE_CURVE ( 'NONE', #4832, #1336, #5366, .T. ) ;
#539 = CARTESIAN_POINT ( 'NONE',  ( 0.9660916658251496036, 0.000000000000000000, -0.4940636039383386469 ) ) ;
#540 = EDGE_CURVE ( 'NONE', #1418, #733, #5804, .T. ) ;
#541 = LINE ( 'NONE', #2998, #4749 ) ;
#542 = CARTESIAN_POINT ( 'NONE',  ( 2.058978316266319997, 0.000000000000000000, -0.5080936862799417808 ) ) ;
#543 = ORIENTED_EDGE ( 'NONE', *, *, #4641, .F. ) ;
#544 = ADVANCED_FACE ( 'NONE', ( #3894 ), #4281, .T. ) ;
#545 = CARTESIAN_POINT ( 'NONE',  ( 0.9991646983031481355, 0.000000000000000000, -0.7348674797975486284 ) ) ;
#546 = CARTESIAN_POINT ( 'NONE',  ( 1.731229338394735473, 0.000000000000000000, -0.5393713399673585318 ) ) ;
#547 = CARTESIAN_POINT ( 'NONE',  ( 1.150435854072204611, 0.01574803149606299191, -0.6924205760502364360 ) ) ;
#548 = DIRECTION ( 'NONE',  ( 0.000000000000000000, 0.000000000000000000, -1.000000000000000000 ) ) ;
#549 = VERTEX_POINT ( 'NONE', #936 ) ;
#550 = B_SPLINE_SURFACE_WITH_KNOTS ( 'NONE', 3, 1, ( 
 ( #843, #1290 ),
 ( #5758, #1837 ),
 ( #948, #2305 ),
 ( #2863, #1392 ),
 ( #3202, #4231 ),
 ( #1326, #5179 ),
 ( #811, #2765 ),
 ( #2732, #334 ),
 ( #2271, #2828 ),
 ( #2242, #877 ),
 ( #4294, #4261 ) ),
 .UNSPECIFIED., .F., .F., .F.,
 ( 4, 1, 1, 1, 1, 1, 1, 1, 4 ),
 ( 2, 2 ),
 ( 0.000000000000000000, 0.1495992834452412878, 0.2819353318743840764, 0.4014919506173720287, 0.5122141042476819894, 0.6214475079150043602, 0.7346574448313997197, 0.8594258060854099712, 0.9999999999999998890 ),
 ( 0.000000000000000000, 1.000000000000000000 ),
 .UNSPECIFIED. ) ;
#551 = DIRECTION ( 'NONE',  ( -1.000000000000000000, 0.000000000000000000, 0.000000000000000000 ) ) ;
#552 = DIRECTION ( 'NONE',  ( 0.000000000000000000, -0.000000000000000000, -1.000000000000000000 ) ) ;
#553 = LINE ( 'NONE', #452, #589 ) ;
#554 = CARTESIAN_POINT ( 'NONE',  ( 1.669359781745054949, 0.01574803149606299191, -0.5194307890960563334 ) ) ;
#555 = CARTESIAN_POINT ( 'NONE',  ( 2.329999999999999627, 0.06250000000000000000, -1.054999999999999938 ) ) ;
#556 = CARTESIAN_POINT ( 'NONE',  ( 1.964515483710597588, 0.01574803149606299191, -0.7291341438346857773 ) ) ;
#557 = ORIENTED_EDGE ( 'NONE', *, *, #6137, .T. ) ;
#558 = CARTESIAN_POINT ( 'NONE',  ( 2.113343419633694875, 0.01574803149606299191, -0.7077921830871947151 ) ) ;
#559 = CARTESIAN_POINT ( 'NONE',  ( 1.588527143429905530, 0.01574803149606299191, -0.4893750000000000044 ) ) ;
#560 = DIRECTION ( 'NONE',  ( -0.7071067811865514585, 0.7071067811865436870, 0.000000000000000000 ) ) ;
#561 = CARTESIAN_POINT ( 'NONE',  ( 1.530605170206580601, 0.01574803149606299191, -0.5301263936895446172 ) ) ;
#562 = CARTESIAN_POINT ( 'NONE',  ( 1.134583499330998446, 0.01574803149606299191, -0.5832520543012010839 ) ) ;
#563 = ORIENTED_EDGE ( 'NONE', *, *, #4, .T. ) ;
#564 = EDGE_LOOP ( 'NONE', ( #102, #4240, #6233, #563 ) ) ;
#565 = LINE ( 'NONE', #4993, #5364 ) ;
#566 = CARTESIAN_POINT ( 'NONE',  ( 0.8702165965549053528, 0.01574803149606299191, -0.7393750000000000044 ) ) ;
#567 = CARTESIAN_POINT ( 'NONE',  ( 1.804396425349244382, 0.01574803149606299191, -0.5411194729566484174 ) ) ;
#568 = CARTESIAN_POINT ( 'NONE',  ( 0.2000000000000000111, 0.1400000000000000133, -0.6149999999999999911 ) ) ;
#569 = CARTESIAN_POINT ( 'NONE',  ( 2.013866381153823326, 6.402768735150616918E-18, -0.5831681608761836166 ) ) ;
#570 = EDGE_CURVE ( 'NONE', #4765, #655, #4871, .T. ) ;
#571 = CARTESIAN_POINT ( 'NONE',  ( 0.8981951121799053306, 0.01574803149606299191, -0.7209667968749999822 ) ) ;
#572 = DIRECTION ( 'NONE',  ( -0.000000000000000000, -1.000000000000000000, -0.000000000000000000 ) ) ;
#573 = ORIENTED_EDGE ( 'NONE', *, *, #4881, .T. ) ;
#574 = FACE_OUTER_BOUND ( 'NONE', #465, .T. ) ;
#575 = CARTESIAN_POINT ( 'NONE',  ( 1.122327413818216213, 0.01574803149606299191, -0.6872853059217891580 ) ) ;
#576 = LINE ( 'NONE', #3452, #2302 ) ;
#577 = VERTEX_POINT ( 'NONE', #2849 ) ;
#578 = ORIENTED_EDGE ( 'NONE', *, *, #3859, .F. ) ;
#579 = AXIS2_PLACEMENT_3D ( 'NONE', #3310, #5149, #777 ) ;
#580 = CARTESIAN_POINT ( 'NONE',  ( 2.079999999999999627, 0.000000000000000000, 0.000000000000000000 ) ) ;
#581 = CARTESIAN_POINT ( 'NONE',  ( 1.613429487179905530, 0.01574803149606299191, -0.7068066406249999822 ) ) ;
#582 = CARTESIAN_POINT ( 'NONE',  ( 1.402124492928383592, 0.01574803149606299191, -0.4894744996973858786 ) ) ;
#583 = CARTESIAN_POINT ( 'NONE',  ( 1.613202667016747638, 0.01574803149606299191, -0.5128209222399751077 ) ) ;
#584 = CARTESIAN_POINT ( 'NONE',  ( 1.931919030121990399, 0.000000000000000000, -0.6209116725288940097 ) ) ;
#585 = CARTESIAN_POINT ( 'NONE',  ( 1.110199592300106897, 8.537024980200822558E-18, -0.6446385603825365296 ) ) ;
#586 = DIRECTION ( 'NONE',  ( -1.000000000000000000, 0.000000000000000000, -1.724651511151681521E-17 ) ) ;
#587 = EDGE_LOOP ( 'NONE', ( #1527, #6060, #2490, #3573 ) ) ;
#588 = VECTOR ( 'NONE', #5808, 39.37007874015748854 ) ;
#589 = VECTOR ( 'NONE', #5334, 39.37007874015748143 ) ;
#590 = CARTESIAN_POINT ( 'NONE',  ( 1.187103316266320263, 0.01574803149606299191, -0.5080936862799417808 ) ) ;
#591 = FACE_OUTER_BOUND ( 'NONE', #3176, .T. ) ;
#592 = LINE ( 'NONE', #2491, #1296 ) ;
#593 = CARTESIAN_POINT ( 'NONE',  ( 1.685855432617688221, 0.000000000000000000, -0.6232241219072142124 ) ) ;
#594 = PRODUCT_DEFINITION_FORMATION_WITH_SPECIFIED_SOURCE ( 'ANY', '', #3623, .NOT_KNOWN. ) ;
#595 = AXIS2_PLACEMENT_3D ( 'NONE', #106, #3481, #5460 ) ;
#596 = CARTESIAN_POINT ( 'NONE',  ( 1.456182082736453776, 6.402768735150616918E-18, -0.7269627238124476420 ) ) ;
#597 = LINE ( 'NONE', #3947, #4859 ) ;
#598 = ORIENTED_EDGE ( 'NONE', *, *, #2753, .F. ) ;
#599 = CARTESIAN_POINT ( 'NONE',  ( 1.006420498838386912, 0.000000000000000000, -0.5022524685038082248 ) ) ;
#600 = VECTOR ( 'NONE', #3799, 39.37007874015748143 ) ;
#601 = CARTESIAN_POINT ( 'NONE',  ( 1.193054235405824004, 0.01574803149606299191, -0.4978859496103228977 ) ) ;
#602 = CARTESIAN_POINT ( 'NONE',  ( 1.668203108893058451, -2.134256245050205639E-18, -0.6178426964903311891 ) ) ;
#603 = FACE_OUTER_BOUND ( 'NONE', #587, .T. ) ;
#604 = VECTOR ( 'NONE', #146, 39.37007874015748143 ) ;
#605 = CARTESIAN_POINT ( 'NONE',  ( 1.868989555706127792, 0.000000000000000000, -0.6971243818934035330 ) ) ;
#606 = LINE ( 'NONE', #3058, #3180 ) ;
#607 = ORIENTED_EDGE ( 'NONE', *, *, #4452, .T. ) ;
#608 = EDGE_CURVE ( 'NONE', #4889, #2782, #3390, .T. ) ;
#609 = CARTESIAN_POINT ( 'NONE',  ( 2.057179487179905397, 0.01574803149606299191, -0.6925000000000000044 ) ) ;
#610 = CARTESIAN_POINT ( 'NONE',  ( 1.757303321649497541, 0.000000000000000000, -0.4895486222519863095 ) ) ;
#611 = ADVANCED_FACE ( 'NONE', ( #2456 ), #1889, .F. ) ;
#612 = CARTESIAN_POINT ( 'NONE',  ( 1.593652242189570911, 0.01574803149606299191, -0.7349146247617434069 ) ) ;
#613 = CARTESIAN_POINT ( 'NONE',  ( 1.508745516350300298, 0.000000000000000000, -0.4915347143449858014 ) ) ;
#614 = CARTESIAN_POINT ( 'NONE',  ( 1.939531165635440590, 0.000000000000000000, -0.7112607086607197759 ) ) ;
#615 = FACE_OUTER_BOUND ( 'NONE', #5810, .T. ) ;
#616 = CARTESIAN_POINT ( 'NONE',  ( 1.376142604005369696, 0.01574803149606299191, -0.5132146990251265084 ) ) ;
#617 = CARTESIAN_POINT ( 'NONE',  ( 2.057179487179905397, 0.000000000000000000, -0.6925000000000000044 ) ) ;
#618 = CARTESIAN_POINT ( 'NONE',  ( 1.660217759286164219, 0.000000000000000000, -0.5296793320298502916 ) ) ;
#619 = ORIENTED_EDGE ( 'NONE', *, *, #5279, .T. ) ;
#620 = CARTESIAN_POINT ( 'NONE',  ( 2.086769330929905131, 0.000000000000000000, -0.4893750000000000044 ) ) ;
#621 = CARTESIAN_POINT ( 'NONE',  ( 1.611192039233947160, 2.134256245050205639E-18, -0.7211664009154009625 ) ) ;
#622 = CARTESIAN_POINT ( 'NONE',  ( 2.113429487179905308, 0.01574803149606299191, -0.7037304687500000044 ) ) ;
#623 = EDGE_CURVE ( 'NONE', #5049, #1686, #3412, .T. ) ;
#624 = CARTESIAN_POINT ( 'NONE',  ( 1.713966596554905575, 0.01574803149606299191, -0.6598339843749999600 ) ) ;
#625 = FACE_OUTER_BOUND ( 'NONE', #3049, .T. ) ;
#626 = CARTESIAN_POINT ( 'NONE',  ( 1.104550237444370753, 8.537024980200822558E-18, -0.5880286626417446927 ) ) ;
#627 = VERTEX_POINT ( 'NONE', #3833 ) ;
#628 = CARTESIAN_POINT ( 'NONE',  ( 1.010241499067669357, -0.000000000000000000, -0.5191350500798622702 ) ) ;
#629 = CARTESIAN_POINT ( 'NONE',  ( 0.8942947290157428064, 0.000000000000000000, -0.4972820757421343441 ) ) ;
#630 = CARTESIAN_POINT ( 'NONE',  ( 0.8812601051126202067, 0.01574803149606299191, -0.4896107340137542674 ) ) ;
#631 = FACE_OUTER_BOUND ( 'NONE', #3848, .T. ) ;
#632 = CARTESIAN_POINT ( 'NONE',  ( 2.113429487179905308, 0.000000000000000000, -0.5214062499999999600 ) ) ;
#633 = CARTESIAN_POINT ( 'NONE',  ( 1.115924062737381650, 0.000000000000000000, -0.6372473612529567788 ) ) ;
#634 = CARTESIAN_POINT ( 'NONE',  ( 1.795121136997139821, 0.000000000000000000, -0.7374563110120658793 ) ) ;
#635 = CARTESIAN_POINT ( 'NONE',  ( 2.057179487179905397, 0.01574803149606299191, -0.5831250000000000044 ) ) ;
#636 = ORIENTED_EDGE ( 'NONE', *, *, #608, .T. ) ;
#637 = CARTESIAN_POINT ( 'NONE',  ( 1.520271763518826758, 0.01574803149606299191, -0.5006583000933099159 ) ) ;
#638 = CARTESIAN_POINT ( 'NONE',  ( 2.086769330929905131, 0.000000000000000000, -0.4893750000000000044 ) ) ;
#639 = CARTESIAN_POINT ( 'NONE',  ( 1.723331972758510355, 0.000000000000000000, -0.4949251846485587802 ) ) ;
#640 = CARTESIAN_POINT ( 'NONE',  ( 2.057179487179905397, 0.000000000000000000, -0.6268749999999999600 ) ) ;
#641 = CARTESIAN_POINT ( 'NONE',  ( 1.525471009848470061, 0.000000000000000000, -0.5099781126022837618 ) ) ;
#642 = ORIENTED_EDGE ( 'NONE', *, *, #5938, .F. ) ;
#643 = CARTESIAN_POINT ( 'NONE',  ( 0.7478044871799054416, 0.01574803149606299191, -0.7087109375000000266 ) ) ;
#644 = CARTESIAN_POINT ( 'NONE',  ( 1.010240318423201833, 0.01574803149606299191, -0.7097608649968422112 ) ) ;
#645 = CARTESIAN_POINT ( 'NONE',  ( 1.752197867299052580, 0.000000000000000000, -0.5801289281510280116 ) ) ;
#646 = DIRECTION ( 'NONE',  ( -0.2279442785594660015, 0.000000000000000000, 0.9736741784971009173 ) ) ;
#647 = EDGE_CURVE ( 'NONE', #2774, #1542, #6107, .T. ) ;
#648 = VERTEX_POINT ( 'NONE', #3549 ) ;
#649 = CARTESIAN_POINT ( 'NONE',  ( 1.609980016809673842, 2.134256245050205639E-18, -0.7239907930556348514 ) ) ;
#650 = CARTESIAN_POINT ( 'NONE',  ( 1.576503429023484726, 2.134256245050205639E-18, -0.4911699182281333842 ) ) ;
#651 = CARTESIAN_POINT ( 'NONE',  ( 0.7058091336034709729, 2.134256245050205639E-18, -0.7349402306124369622 ) ) ;
#652 = PRODUCT_DEFINITION_SHAPE ( 'NONE', 'NONE',  #1245 ) ;
#653 = CARTESIAN_POINT ( 'NONE',  ( 1.804500012064770953, 6.402768735150616918E-18, -0.6878813029802639534 ) ) ;
#654 = CYLINDRICAL_SURFACE ( 'NONE', #4210, 0.06249999999999995143 ) ;
#655 = VERTEX_POINT ( 'NONE', #5950 ) ;
#656 = CARTESIAN_POINT ( 'NONE',  ( 1.886340918577241954, 0.01574803149606299191, -0.6657903054405369669 ) ) ;
#657 = CARTESIAN_POINT ( 'NONE',  ( 0.9009294871799053972, 0.000000000000000000, -0.5198437500000000488 ) ) ;
#658 = CARTESIAN_POINT ( 'NONE',  ( 1.772884450528833034, 0.000000000000000000, -0.6143659011276845217 ) ) ;
#659 = CARTESIAN_POINT ( 'NONE',  ( 1.894400054854275872, 6.402768735150616918E-18, -0.6005749975862315626 ) ) ;
#661 = EDGE_CURVE ( 'NONE', #43, #1862, #3008, .T. ) ;
#660 = B_SPLINE_CURVE_WITH_KNOTS ( 'NONE', 3,
 ( #4718, #3240, #4817, #4785, #3206, #4335, #880, #5801, #6329, #5184, #1807 ),
 .UNSPECIFIED., .F., .F.,
 ( 4, 1, 1, 1, 1, 1, 1, 1, 4 ),
 ( 0.000000000000000000, 0.1359458605750245852, 0.2591076351429702496, 0.3755067662957188301, 0.4910744644399315795, 0.6077466682551784238, 0.7281929059737897170, 0.8582514089327529794, 1.000000000000000000 ),
 .UNSPECIFIED. ) ;
#662 = CARTESIAN_POINT ( 'NONE',  ( 1.107265499518347074, 0.01574803149606299191, -0.6621100154890268152 ) ) ;
#663 = ORIENTED_EDGE ( 'NONE', *, *, #3211, .F. ) ;
#664 = CARTESIAN_POINT ( 'NONE',  ( 1.763777133497301586, 0.01574803149606299191, -0.5825476701987745143 ) ) ;
#665 = CARTESIAN_POINT ( 'NONE',  ( 1.987799062737381162, 0.000000000000000000, -0.6372473612529567788 ) ) ;
#666 = CARTESIAN_POINT ( 'NONE',  ( 1.397427255402597046, 0.01574803149606299191, -0.7347834679733039609 ) ) ;
#667 = EDGE_CURVE ( 'NONE', #6223, #931, #4418, .T. ) ;
#668 = CARTESIAN_POINT ( 'NONE',  ( 1.702075544601744372, 0.000000000000000000, -0.5021292573646175539 ) ) ;
#669 = CARTESIAN_POINT ( 'NONE',  ( 0.9858349916979387562, 0.000000000000000000, -0.4894804284713953901 ) ) ;
#670 = VERTEX_POINT ( 'NONE', #164 ) ;
#671 = EDGE_CURVE ( 'NONE', #1448, #2990, #5976, .T. ) ;
#672 = ORIENTED_EDGE ( 'NONE', *, *, #1463, .F. ) ;
#673 = ORIENTED_EDGE ( 'NONE', *, *, #5924, .F. ) ;
#674 = CARTESIAN_POINT ( 'NONE',  ( 0.9009156020876871729, -0.000000000000000000, -0.7036024599242634014 ) ) ;
#675 = CARTESIAN_POINT ( 'NONE',  ( 1.397994253911368778, 0.01574803149606299191, -0.4896635208739297807 ) ) ;
#676 = CARTESIAN_POINT ( 'NONE',  ( 1.402124492928383592, -0.000000000000000000, -0.4894744996973858786 ) ) ;
#677 = CARTESIAN_POINT ( 'NONE',  ( 1.107234395844689967, 0.01574803149606299191, -0.6579403409033011130 ) ) ;
#678 = EDGE_LOOP ( 'NONE', ( #5710, #3547, #4141, #4757 ) ) ;
#679 = VECTOR ( 'NONE', #2006, 39.37007874015748143 ) ;
#680 = LINE ( 'NONE', #411, #6091 ) ;
#681 = EDGE_CURVE ( 'NONE', #577, #1639, #24, .T. ) ;
#682 = CARTESIAN_POINT ( 'NONE',  ( 0.2000000000000000111, 0.07499999999999999722, -0.7399999999999999911 ) ) ;
#683 = CARTESIAN_POINT ( 'NONE',  ( 1.696437299679905752, 0.000000000000000000, -0.6237500000000000266 ) ) ;
#684 = CARTESIAN_POINT ( 'NONE',  ( 1.418549276487558020, 6.402768735150616918E-18, -0.4936193505801174664 ) ) ;
#685 = CARTESIAN_POINT ( 'NONE',  ( 1.785719756999780028, 6.402768735150616918E-18, -0.6944622703488225746 ) ) ;
#686 = ORIENTED_EDGE ( 'NONE', *, *, #1301, .T. ) ;
#687 = LINE ( 'NONE', #5023, #83 ) ;
#688 = AXIS2_PLACEMENT_3D ( 'NONE', #3026, #1534, #1591 ) ;
#689 = CARTESIAN_POINT ( 'NONE',  ( 1.524806440304905530, 0.01574803149606299191, -0.7020214843750001155 ) ) ;
#690 = AXIS2_PLACEMENT_3D ( 'NONE', #4070, #5620, #2179 ) ;
#691 = CARTESIAN_POINT ( 'NONE',  ( 1.753557752773087897, -0.000000000000000000, -0.6236842304198113585 ) ) ;
#692 = FACE_OUTER_BOUND ( 'NONE', #5555, .T. ) ;
#693 = CARTESIAN_POINT ( 'NONE',  ( 2.104999999999999982, 0.000000000000000000, -0.1250000000000000278 ) ) ;
#694 = VECTOR ( 'NONE', #5044, 39.37007874015748143 ) ;
#695 = DIRECTION ( 'NONE',  ( -0.000000000000000000, -1.000000000000000000, -0.000000000000000000 ) ) ;
#696 = DIRECTION ( 'NONE',  ( 0.000000000000000000, 0.000000000000000000, -1.000000000000000000 ) ) ;
#697 = CARTESIAN_POINT ( 'NONE',  ( 1.668203108893058451, 0.01574803149606299191, -0.6178426964903311891 ) ) ;
#698 = AXIS2_PLACEMENT_3D ( 'NONE', #78, #5407, #522 ) ;
#699 = FACE_OUTER_BOUND ( 'NONE', #5814, .T. ) ;
#700 = CARTESIAN_POINT ( 'NONE',  ( 1.375949032086511536, 2.134256245050205639E-18, -0.7081110065730980008 ) ) ;
#701 = ADVANCED_FACE ( 'NONE', ( #2025 ), #5216, .T. ) ;
#702 = CARTESIAN_POINT ( 'NONE',  ( 1.587301957338526304, 0.01574803149606299191, -0.7360433113835537222 ) ) ;
#703 = ORIENTED_EDGE ( 'NONE', *, *, #333, .F. ) ;
#704 = ORIENTED_EDGE ( 'NONE', *, *, #2426, .F. ) ;
#705 = CARTESIAN_POINT ( 'NONE',  ( 1.379845879715390522, 2.134256245050205639E-18, -0.5020266861008524373 ) ) ;
#706 = CARTESIAN_POINT ( 'NONE',  ( 0.9839861278049059079, 0.01574803149606299191, -0.7393750000000001155 ) ) ;
#707 = FACE_BOUND ( 'NONE', #3347, .T. ) ;
#708 = ORIENTED_EDGE ( 'NONE', *, *, #4287, .T. ) ;
#709 = CARTESIAN_POINT ( 'NONE',  ( 2.105108418246065760, 0.01574803149606299191, -0.7286887187873851701 ) ) ;
#710 = LINE ( 'NONE', #4556, #2613 ) ;
#711 = DIRECTION ( 'NONE',  ( 0.000000000000000000, 1.000000000000000000, 0.000000000000000000 ) ) ;
#712 = SURFACE_STYLE_FILL_AREA ( #6018 ) ;
#713 = VERTEX_POINT ( 'NONE', #4906 ) ;
#714 = CARTESIAN_POINT ( 'NONE',  ( 1.771767225926073719, 0.01574803149606299191, -0.7392764425951390272 ) ) ;
#715 = CARTESIAN_POINT ( 'NONE',  ( 1.987745893429905264, 0.000000000000000000, -0.6829296874999999378 ) ) ;
#716 = CARTESIAN_POINT ( 'NONE',  ( 0.9008519069861026241, 0.000000000000000000, -0.5175423311753131195 ) ) ;
#717 = CARTESIAN_POINT ( 'NONE',  ( 1.997065884624477983, 0.01574803149606299191, -0.7356584067465468113 ) ) ;
#718 = DIMENSIONAL_EXPONENTS ( 1.000000000000000000, 0.000000000000000000, 0.000000000000000000, 0.000000000000000000, 0.000000000000000000, 0.000000000000000000, 0.000000000000000000 ) ;
#719 = B_SPLINE_CURVE_WITH_KNOTS ( 'NONE', 3,
 ( #4582, #6163, #2748, #1749, #2225, #2689, #6072, #4700, #2198, #4605, #761 ),
 .UNSPECIFIED., .F., .F.,
 ( 4, 1, 1, 1, 1, 1, 1, 1, 4 ),
 ( 0.000000000000000000, 0.1402943894369881039, 0.2690238711738882071, 0.3898006988269702155, 0.5083482253201352385, 0.6259820118935296440, 0.7431690458776171182, 0.8666051232822503669, 1.000000000000000000 ),
 .UNSPECIFIED. ) ;
#720 = ADVANCED_FACE ( 'NONE', ( #1572, #615 ), #5011, .T. ) ;
#721 = CARTESIAN_POINT ( 'NONE',  ( 1.109162933886112645, 0.000000000000000000, -0.7337673975142066096 ) ) ;
#722 = CARTESIAN_POINT ( 'NONE',  ( 1.125190884624478249, 0.01574803149606299191, -0.7356584067465468113 ) ) ;
#723 = CARTESIAN_POINT ( 'NONE',  ( 1.664406049679905797, 0.01574803149606299191, -0.6747265625000000711 ) ) ;
#724 = CARTESIAN_POINT ( 'NONE',  ( 1.375986807546271340, 0.01574803149606299191, -0.7106320226300181231 ) ) ;
#725 = CARTESIAN_POINT ( 'NONE',  ( 1.972365034054905486, 0.01574803149606299191, -0.7317089843750000933 ) ) ;
#726 = EDGE_CURVE ( 'NONE', #2468, #116, #3997, .T. ) ;
#727 = ORIENTED_EDGE ( 'NONE', *, *, #5577, .T. ) ;
#728 = ORIENTED_EDGE ( 'NONE', *, *, #2061, .T. ) ;
#729 = CARTESIAN_POINT ( 'NONE',  ( 1.241468419633695586, 0.01574803149606299191, -0.7077921830871947151 ) ) ;
#730 = CARTESIAN_POINT ( 'NONE',  ( 2.027214892973301819, 2.134256245050205639E-18, -0.6924726754716854504 ) ) ;
#731 = ADVANCED_FACE ( 'NONE', ( #4940 ), #4918, .T. ) ;
#732 = FACE_BOUND ( 'NONE', #3375, .T. ) ;
#733 = VERTEX_POINT ( 'NONE', #53 ) ;
#734 = CARTESIAN_POINT ( 'NONE',  ( 1.560515363671391986, 2.134256245050205639E-18, -0.5132625730204321002 ) ) ;
#735 = CARTESIAN_POINT ( 'NONE',  ( 1.664491007856813143, 0.01574803149606299191, -0.6761815302582975251 ) ) ;
#736 = CARTESIAN_POINT ( 'NONE',  ( 1.428821296707037725, 0.01574803149606299191, -0.5129039883238329933 ) ) ;
#737 = CARTESIAN_POINT ( 'NONE',  ( 0.9540544871799059301, 0.000000000000000000, -0.7072949218750000933 ) ) ;
#738 = CARTESIAN_POINT ( 'NONE',  ( 1.207521284054905886, 0.01574803149606299191, -0.7362499999999999600 ) ) ;
#739 = ADVANCED_FACE ( 'NONE', ( #591 ), #4339, .T. ) ;
#740 = CARTESIAN_POINT ( 'NONE',  ( 1.986394734441949250, 0.000000000000000000, -0.6814065122916799222 ) ) ;
#741 = CARTESIAN_POINT ( 'NONE',  ( 1.593726161428278054, 2.134256245050205639E-18, -0.4896475354661984358 ) ) ;
#742 = CARTESIAN_POINT ( 'NONE',  ( 0.8905803518740539326, 0.01574803149606299191, -0.4937336027666552329 ) ) ;
#743 = CARTESIAN_POINT ( 'NONE',  ( 1.791801517429670199, 0.01574803149606299191, -0.5359145275914167783 ) ) ;
#744 = CARTESIAN_POINT ( 'NONE',  ( 1.808935402057506803, 0.01574803149606299191, -0.4939147066958607946 ) ) ;
#745 = CARTESIAN_POINT ( 'NONE',  ( 1.773752465236892117, 0.01574803149606299191, -0.6955825106874353736 ) ) ;
#746 = CARTESIAN_POINT ( 'NONE',  ( 1.922804487179905264, 0.01574803149606299191, -0.6608593750000000266 ) ) ;
#747 = CARTESIAN_POINT ( 'NONE',  ( 1.100490034054905752, 0.01574803149606299191, -0.7317089843750000933 ) ) ;
#748 = CARTESIAN_POINT ( 'NONE',  ( 1.771241987179906108, 0.01574803149606299191, -0.6956250000000001599 ) ) ;
#749 = CARTESIAN_POINT ( 'NONE',  ( 0.9008891810162703573, 0.000000000000000000, -0.7072611830166861679 ) ) ;
#750 = CARTESIAN_POINT ( 'NONE',  ( 2.058978316266319997, 0.000000000000000000, -0.5080936862799417808 ) ) ;
#751 = EDGE_CURVE ( 'NONE', #5125, #2270, #934, .T. ) ;
#752 = SHAPE_DEFINITION_REPRESENTATION ( #652, #4815 ) ;
#753 = VERTEX_POINT ( 'NONE', #2842 ) ;
#754 = ORIENTED_EDGE ( 'NONE', *, *, #12, .T. ) ;
#755 = CARTESIAN_POINT ( 'NONE',  ( 0.7230486278049053084, 0.000000000000000000, -0.7393750000000000044 ) ) ;
#756 = CARTESIAN_POINT ( 'NONE',  ( 1.535891689266108084, 0.01574803149606299191, -0.7290154587386727947 ) ) ;
#757 = CARTESIAN_POINT ( 'NONE',  ( 0.8549813327993925904, 2.134256245050205639E-18, -0.7363010216256794527 ) ) ;
#758 = CARTESIAN_POINT ( 'NONE',  ( 1.679451743075582426, 0.01574803149606299191, -0.5130238392814815418 ) ) ;
#759 = ORIENTED_EDGE ( 'NONE', *, *, #3282, .T. ) ;
#760 = CARTESIAN_POINT ( 'NONE',  ( 1.820506218596455339, 0.000000000000000000, -0.7309932627730580945 ) ) ;
#761 = CARTESIAN_POINT ( 'NONE',  ( 2.086769330929905131, 0.01574803149606299191, -0.4893750000000000044 ) ) ;
#762 = CARTESIAN_POINT ( 'NONE',  ( 1.751759565304905619, 0.01574803149606299191, -0.6237500000000000266 ) ) ;
#763 = CARTESIAN_POINT ( 'NONE',  ( 1.710304487179905575, 0.01574803149606299191, -0.5480664062500000266 ) ) ;
#764 = VECTOR ( 'NONE', #5232, 39.37007874015748143 ) ;
#765 = CARTESIAN_POINT ( 'NONE',  ( 1.533394957509973899, 0.01574803149606299191, -0.7262016775290135451 ) ) ;
#766 = CARTESIAN_POINT ( 'NONE',  ( 1.613429487179905530, 0.01574803149606299191, -0.5195996093750000488 ) ) ;
#767 = CARTESIAN_POINT ( 'NONE',  ( 0.6946794871799053528, 0.01574803149606299191, -0.7089062499999998490 ) ) ;
#768 = VECTOR ( 'NONE', #2485, 39.37007874015748143 ) ;
#769 = CARTESIAN_POINT ( 'NONE',  ( 2.003270906212587743, 0.000000000000000000, -0.7359727928301215139 ) ) ;
#770 = CARTESIAN_POINT ( 'NONE',  ( 1.185304487179905886, 0.01574803149606299191, -0.5831250000000000044 ) ) ;
#771 = CARTESIAN_POINT ( 'NONE',  ( 1.185304487179905886, 0.01574803149606299191, -0.6268749999999999600 ) ) ;
#772 = CIRCLE ( 'NONE', #4326, 0.06425000000000000155 ) ;
#773 = CARTESIAN_POINT ( 'NONE',  ( 2.057179487179905397, 0.01574803149606299191, -0.5831250000000000044 ) ) ;
#774 = CARTESIAN_POINT ( 'NONE',  ( 1.750779356921252639, 0.01574803149606299191, -0.6932570329004636989 ) ) ;
#775 = CARTESIAN_POINT ( 'NONE',  ( 1.429054487179905575, 0.01574803149606299191, -0.6799999999999999378 ) ) ;
#776 = CARTESIAN_POINT ( 'NONE',  ( 1.376515128654870690, 0.01574803149606299191, -0.7142347700367687180 ) ) ;
#777 = DIRECTION ( 'NONE',  ( 0.000000000000000000, 0.000000000000000000, -1.000000000000000000 ) ) ;
#778 = VECTOR ( 'NONE', #4640, 39.37007874015748143 ) ;
#779 = EDGE_LOOP ( 'NONE', ( #2359, #996, #4268, #3827 ) ) ;
#780 = B_SPLINE_SURFACE_WITH_KNOTS ( 'NONE', 3, 1, ( 
 ( #864, #2325 ),
 ( #4249, #4771 ),
 ( #355, #5748 ),
 ( #6130, #4701 ),
 ( #3659, #315 ),
 ( #424, #1381 ),
 ( #5640, #5198 ),
 ( #1275, #3187 ),
 ( #5266, #797 ),
 ( #2749, #2720 ),
 ( #2258, #6164 ),
 ( #1784, #5678 ),
 ( #3693, #1312 ),
 ( #830, #2289 ),
 ( #4214, #1827 ) ),
 .UNSPECIFIED., .F., .F., .F.,
 ( 4, 1, 1, 1, 1, 1, 1, 1, 1, 1, 1, 1, 4 ),
 ( 2, 2 ),
 ( 0.000000000000000000, 0.1034052082864633099, 0.1942621505951396821, 0.2740690385957843533, 0.3420949973771597041, 0.4058894925794381825, 0.4739550307434834409, 0.5465684191698734207, 0.6247960913698367147, 0.7080746101722659169, 0.7957400007157737765, 0.8922413854497031060, 0.9999999999999998890 ),
 ( 0.000000000000000000, 1.000000000000000000 ),
 .UNSPECIFIED. ) ;
#781 = VECTOR ( 'NONE', #460, 39.37007874015748143 ) ;
#782 = ORIENTED_EDGE ( 'NONE', *, *, #5118, .T. ) ;
#783 = PLANE ( 'NONE',  #485 ) ;
#784 = ADVANCED_FACE ( 'NONE', ( #2809 ), #3371, .T. ) ;
#785 = ORIENTED_EDGE ( 'NONE', *, *, #2067, .F. ) ;
#786 = CARTESIAN_POINT ( 'NONE',  ( 0.5000000000000000000, 0.000000000000000000, -0.8649999999999998801 ) ) ;
#787 = EDGE_CURVE ( 'NONE', #4855, #2709, #2111, .T. ) ;
#788 = CARTESIAN_POINT ( 'NONE',  ( 0.9991646983031481355, 0.01574803149606299191, -0.7348674797975486284 ) ) ;
#789 = CARTESIAN_POINT ( 'NONE',  ( 1.670509882653886002, -2.134256245050205639E-18, -0.6943561838738041558 ) ) ;
#790 = CARTESIAN_POINT ( 'NONE',  ( 1.669359781745054949, 0.01574803149606299191, -0.5194307890960563334 ) ) ;
#791 = EDGE_LOOP ( 'NONE', ( #375, #2399, #942, #782 ) ) ;
#792 = EDGE_CURVE ( 'NONE', #2247, #5277, #5503, .T. ) ;
#793 = DIRECTION ( 'NONE',  ( 0.000000000000000000, 1.000000000000000000, 0.000000000000000000 ) ) ;
#794 = DIMENSIONAL_EXPONENTS ( 1.000000000000000000, 0.000000000000000000, 0.000000000000000000, 0.000000000000000000, 0.000000000000000000, 0.000000000000000000, 0.000000000000000000 ) ;
#795 = CARTESIAN_POINT ( 'NONE',  ( 1.457960737179905486, 0.000000000000000000, -0.5314648437500000266 ) ) ;
#796 = CARTESIAN_POINT ( 'NONE',  ( 1.659822654122398156, 0.000000000000000000, -0.6075281398586190873 ) ) ;
#797 = CARTESIAN_POINT ( 'NONE',  ( 1.470629762457503320, 1.707404996040164512E-17, -0.4996377347448205386 ) ) ;
#798 = DIRECTION ( 'NONE',  ( 1.000000000000000000, 0.000000000000000000, 0.000000000000000000 ) ) ;
#799 = CARTESIAN_POINT ( 'NONE',  ( 1.085337064746080049, 0.000000000000000000, -0.7256772953896107881 ) ) ;
#800 = ORIENTED_EDGE ( 'NONE', *, *, #2280, .T. ) ;
#801 = CARTESIAN_POINT ( 'NONE',  ( 0.7475625992338678083, 0.01574803149606299191, -0.7154831098358276353 ) ) ;
#802 = CARTESIAN_POINT ( 'NONE',  ( 1.738501658885703183, 0.01574803149606299191, -0.5371477835755119612 ) ) ;
#803 = EDGE_CURVE ( 'NONE', #2276, #2910, #4539, .T. ) ;
#804 = CARTESIAN_POINT ( 'NONE',  ( 1.588527143429905530, 0.01574803149606299191, -0.4893750000000000044 ) ) ;
#805 = CARTESIAN_POINT ( 'NONE',  ( 1.241525148475799423, 0.01574803149606299191, -0.7051150258839001816 ) ) ;
#806 = CARTESIAN_POINT ( 'NONE',  ( 1.810088710735638928, 0.000000000000000000, -0.5446912955164561199 ) ) ;
#807 = DIRECTION ( 'NONE',  ( -0.000000000000000000, -1.000000000000000000, -0.000000000000000000 ) ) ;
#808 = B_SPLINE_CURVE_WITH_KNOTS ( 'NONE', 3,
 ( #5550, #6221, #816, #3275, #1365, #3785, #4684, #370, #4197, #2370, #3715, #6185, #5213, #4299, #1768, #4755, #340, #2707, #5250 ),
 .UNSPECIFIED., .F., .F.,
 ( 4, 1, 1, 1, 1, 1, 1, 1, 1, 1, 1, 1, 1, 1, 1, 1, 4 ),
 ( 0.000000000000000000, 0.07632991237579972443, 0.1475902797655206378, 0.2141341229181883410, 0.2766335995961090588, 0.3354621556079133704, 0.3904701877972195367, 0.4445106943788564302, 0.4965622250395489434, 0.5495416088508521257, 0.6031030765590439380, 0.6597058747106790966, 0.7195927783563121904, 0.7833678860529309507, 0.8506459785148551278, 0.9227992763119452491, 1.000000000000000000 ),
 .UNSPECIFIED. ) ;
#809 = CARTESIAN_POINT ( 'NONE',  ( 1.687457193133251154, 0.000000000000000000, -0.6502917361556365128 ) ) ;
#810 = ORIENTED_EDGE ( 'NONE', *, *, #1129, .F. ) ;
#811 = CARTESIAN_POINT ( 'NONE',  ( 0.7070973242328877362, 0.01574803149606299191, -0.4938955433169965881 ) ) ;
#812 = CARTESIAN_POINT ( 'NONE',  ( 1.768716956861621004, 0.01574803149606299191, -0.6955688596395961376 ) ) ;
#813 = CARTESIAN_POINT ( 'NONE',  ( 1.657179487179905708, 0.01574803149606299191, -0.5913769531250000488 ) ) ;
#814 = CARTESIAN_POINT ( 'NONE',  ( 1.187103316266320263, 0.000000000000000000, -0.5080936862799417808 ) ) ;
#815 = CARTESIAN_POINT ( 'NONE',  ( 1.964515483710597588, 0.01574803149606299191, -0.7291341438346857773 ) ) ;
#816 = CARTESIAN_POINT ( 'NONE',  ( 2.113343419633694875, 0.000000000000000000, -0.7077921830871947151 ) ) ;
#817 = ORIENTED_EDGE ( 'NONE', *, *, #5484, .T. ) ;
#818 = ORIENTED_EDGE ( 'NONE', *, *, #5712, .F. ) ;
#819 = CARTESIAN_POINT ( 'NONE',  ( 1.185304487179905886, 0.000000000000000000, -0.5831250000000000044 ) ) ;
#820 = LINE ( 'NONE', #3278, #5269 ) ;
#821 = CARTESIAN_POINT ( 'NONE',  ( 0.7665544871799053750, 0.01574803149606299191, -0.5189160156250000044 ) ) ;
#822 = CARTESIAN_POINT ( 'NONE',  ( 0.7478044871799053306, 0.000000000000000000, -0.7087109374999999156 ) ) ;
#823 = CARTESIAN_POINT ( 'NONE',  ( 1.762758600844492651, 0.01574803149606299191, -0.7392921514118790949 ) ) ;
#824 = CARTESIAN_POINT ( 'NONE',  ( 1.052193291746615467, 0.01574803149606299191, -0.6770761326926553192 ) ) ;
#825 = ORIENTED_EDGE ( 'NONE', *, *, #1756, .T. ) ;
#826 = ORIENTED_EDGE ( 'NONE', *, *, #827, .T. ) ;
#827 = EDGE_CURVE ( 'NONE', #3902, #1862, #1391, .T. ) ;
#828 = CARTESIAN_POINT ( 'NONE',  ( 1.831973276787609795, 0.01574803149606299191, -0.7261232052962024452 ) ) ;
#829 = CARTESIAN_POINT ( 'NONE',  ( 1.657179487179905708, 0.000000000000000000, -0.5913769531250000488 ) ) ;
#830 = CARTESIAN_POINT ( 'NONE',  ( 1.493973960459992423, 0.01574803149606299191, -0.4894559208444422826 ) ) ;
#831 = EDGE_CURVE ( 'NONE', #2546, #4697, #606, .T. ) ;
#832 = CARTESIAN_POINT ( 'NONE',  ( 1.664662274991622892, 0.000000000000000000, -0.6701247915765811136 ) ) ;
#833 = FACE_OUTER_BOUND ( 'NONE', #2248, .T. ) ;
#834 = ORIENTED_EDGE ( 'NONE', *, *, #5118, .F. ) ;
#835 = CARTESIAN_POINT ( 'NONE',  ( 1.979140499518346363, 0.000000000000000000, -0.6621100154890268152 ) ) ;
#836 = CARTESIAN_POINT ( 'NONE',  ( 1.731229338394735473, 0.01574803149606299191, -0.5393713399673585318 ) ) ;
#837 = CARTESIAN_POINT ( 'NONE',  ( 1.239522415065154259, 1.067128122525102820E-17, -0.7185264885591116091 ) ) ;
#838 = CARTESIAN_POINT ( 'NONE',  ( 1.791801517429670199, 0.000000000000000000, -0.5359145275914167783 ) ) ;
#839 = PLANE ( 'NONE',  #6178 ) ;
#840 = CARTESIAN_POINT ( 'NONE',  ( 2.229999999999999538, 0.1400000000000000133, -0.1250000000000000278 ) ) ;
#841 = VERTEX_POINT ( 'NONE', #188 ) ;
#842 = ADVANCED_FACE ( 'NONE', ( #6029 ), #3476, .T. ) ;
#843 = CARTESIAN_POINT ( 'NONE',  ( 0.6946794871799053528, 0.01574803149606299191, -0.5235546875000000044 ) ) ;
#844 = LINE ( 'NONE', #5655, #2894 ) ;
#845 = ORIENTED_EDGE ( 'NONE', *, *, #5602, .T. ) ;
#846 = CARTESIAN_POINT ( 'NONE',  ( 1.728900917347253152, 0.000000000000000000, -0.6799757533355104133 ) ) ;
#847 = CARTESIAN_POINT ( 'NONE',  ( 0.7500023183947310823, 0.01574803149606299191, -0.4977831352683730892 ) ) ;
#848 = CARTESIAN_POINT ( 'NONE',  ( 0.1250000000000000000, 0.000000000000000000, -1.104999999999999982 ) ) ;
#849 = PRODUCT_CONTEXT ( 'NONE', #1102, 'mechanical' ) ;
#850 = EDGE_LOOP ( 'NONE', ( #1887, #27 ) ) ;
#851 = ORIENTED_EDGE ( 'NONE', *, *, #4726, .F. ) ;
#852 = CARTESIAN_POINT ( 'NONE',  ( 1.922804487179905264, 6.402768735150616918E-18, -0.6608593750000000266 ) ) ;
#853 = CARTESIAN_POINT ( 'NONE',  ( 0.7289193246192244846, 0.000000000000000000, -0.4894478294210971026 ) ) ;
#854 = ORIENTED_EDGE ( 'NONE', *, *, #427, .T. ) ;
#855 = CARTESIAN_POINT ( 'NONE',  ( 1.236928341666530429, 0.01574803149606299191, -0.7242062594868183822 ) ) ;
#856 = CARTESIAN_POINT ( 'NONE',  ( 0.8386757062408136676, 0.01574803149606299191, -0.7202955058092699314 ) ) ;
#857 = CARTESIAN_POINT ( 'NONE',  ( 1.131395906212588676, 0.000000000000000000, -0.7359727928301216249 ) ) ;
#858 = ORIENTED_EDGE ( 'NONE', *, *, #5645, .F. ) ;
#859 = ORIENTED_EDGE ( 'NONE', *, *, #1325, .T. ) ;
#860 = EDGE_LOOP ( 'NONE', ( #1942, #4579, #5744, #1140 ) ) ;
#861 = DIRECTION ( 'NONE',  ( -0.000000000000000000, -1.000000000000000000, -0.000000000000000000 ) ) ;
#862 = CARTESIAN_POINT ( 'NONE',  ( 1.766896284054905619, 0.01574803149606299191, -0.7393750000000000044 ) ) ;
#863 = CARTESIAN_POINT ( 'NONE',  ( 1.211632787569097980, 0.000000000000000000, -0.7362273807603317843 ) ) ;
#864 = CARTESIAN_POINT ( 'NONE',  ( 1.457960737179905486, 0.01574803149606299191, -0.5314648437500000266 ) ) ;
#865 = CARTESIAN_POINT ( 'NONE',  ( 1.429054487179905575, 0.01574803149606299191, -0.5196484375000000044 ) ) ;
#866 = CARTESIAN_POINT ( 'NONE',  ( 1.815029803629884420, 0.01574803149606299191, -0.6803083471560583684 ) ) ;
#867 = CARTESIAN_POINT ( 'NONE',  ( 1.712031122953206586, 0.000000000000000000, -0.7291730766818089737 ) ) ;
#868 = ORIENTED_EDGE ( 'NONE', *, *, #4145, .T. ) ;
#869 = CARTESIAN_POINT ( 'NONE',  ( 1.979054487179905397, 0.01574803149606299191, -0.6598339843749999600 ) ) ;
#870 = ADVANCED_FACE ( 'NONE', ( #1058 ), #1652, .T. ) ;
#871 = CARTESIAN_POINT ( 'NONE',  ( 1.980300589604965467, 0.01574803149606299191, -0.6491831046553113715 ) ) ;
#872 = CARTESIAN_POINT ( 'NONE',  ( 1.820135691242227072, 0.000000000000000000, -0.5538288753223686856 ) ) ;
#873 = PLANE ( 'NONE',  #2601 ) ;
#874 = EDGE_CURVE ( 'NONE', #1801, #5440, #3027, .T. ) ;
#875 = CARTESIAN_POINT ( 'NONE',  ( 1.691383674748812460, 0.01574803149606299191, -0.6501121880039365530 ) ) ;
#876 = VERTEX_POINT ( 'NONE', #3955 ) ;
#877 = CARTESIAN_POINT ( 'NONE',  ( 0.7241447959337304896, 2.134256245050205639E-18, -0.4894625474206326099 ) ) ;
#878 = ORIENTED_EDGE ( 'NONE', *, *, #1257, .F. ) ;
#879 = CARTESIAN_POINT ( 'NONE',  ( 1.725682410198084105, 0.01574803149606299191, -0.6760040987930447942 ) ) ;
#880 = CARTESIAN_POINT ( 'NONE',  ( 0.9582350277136064687, 0.000000000000000000, -0.7261417824543621169 ) ) ;
#881 = CARTESIAN_POINT ( 'NONE',  ( 1.404298627804905442, 0.000000000000000000, -0.4893750000000000044 ) ) ;
#882 = CARTESIAN_POINT ( 'NONE',  ( 1.561903426995251865, 0.000000000000000000, -0.5073008020406500895 ) ) ;
#883 = VECTOR ( 'NONE', #3018, 39.37007874015748143 ) ;
#884 = VECTOR ( 'NONE', #5238, 39.37007874015748143 ) ;
#885 = ORIENTED_EDGE ( 'NONE', *, *, #4252, .F. ) ;
#886 = CARTESIAN_POINT ( 'NONE',  ( 2.017677534054905575, 0.000000000000000000, -0.5831250000000000044 ) ) ;
#887 = DIRECTION ( 'NONE',  ( 0.000000000000000000, 0.000000000000000000, -1.000000000000000000 ) ) ;
#888 = ORIENTED_EDGE ( 'NONE', *, *, #1324, .F. ) ;
#889 = VECTOR ( 'NONE', #1845, 39.37007874015748143 ) ;
#890 = EDGE_CURVE ( 'NONE', #5395, #1813, #5425, .T. ) ;
#891 = VECTOR ( 'NONE', #6020, 39.37007874015748143 ) ;
#892 = CARTESIAN_POINT ( 'NONE',  ( 1.512166063596593224, -2.134256245050205639E-18, -0.4933984099248497346 ) ) ;
#893 = CARTESIAN_POINT ( 'NONE',  ( 1.742937513423403750, -2.134256245050205639E-18, -0.7378313643018082901 ) ) ;
#894 = CARTESIAN_POINT ( 'NONE',  ( 1.531593549679905575, 0.01574803149606299191, -0.5353710937500000266 ) ) ;
#895 = VERTEX_POINT ( 'NONE', #101 ) ;
#896 = ORIENTED_EDGE ( 'NONE', *, *, #6226, .F. ) ;
#897 = VECTOR ( 'NONE', #4117, 39.37007874015748143 ) ;
#898 = B_SPLINE_CURVE_WITH_KNOTS ( 'NONE', 3,
 ( #3328, #5818, #4282, #3290, #3798, #77, #2457, #1515, #15, #4770, #423, #2486, #1004, #2424, #1477 ),
 .UNSPECIFIED., .F., .F.,
 ( 4, 1, 1, 1, 1, 1, 1, 1, 1, 1, 1, 1, 4 ),
 ( 0.000000000000000000, 0.1034052082864633099, 0.1942621505951396821, 0.2740690385957843533, 0.3420949973771597041, 0.4058894925794381825, 0.4739550307434834409, 0.5465684191698734207, 0.6247960913698367147, 0.7080746101722659169, 0.7957400007157737765, 0.8922413854497031060, 0.9999999999999998890 ),
 .UNSPECIFIED. ) ;
#899 = B_SPLINE_SURFACE_WITH_KNOTS ( 'NONE', 3, 1, ( 
 ( #6114, #3992 ),
 ( #3958, #5945 ),
 ( #1568, #3061 ),
 ( #297, #668 ),
 ( #3479, #4646 ),
 ( #4481, #639 ),
 ( #5458, #4970 ),
 ( #5623, #2240 ),
 ( #3002, #610 ),
 ( #2211, #3543 ),
 ( #1734, #1595 ) ),
 .UNSPECIFIED., .F., .F., .F.,
 ( 4, 1, 1, 1, 1, 1, 1, 1, 4 ),
 ( 2, 2 ),
 ( 0.000000000000000000, 0.1292762757122593031, 0.2549421511798584672, 0.3773445022293860918, 0.4965462753555073827, 0.6164033901152238260, 0.7399491348754002606, 0.8678354194808639566, 1.000000000000000000 ),
 ( 0.000000000000000000, 1.000000000000000000 ),
 .UNSPECIFIED. ) ;
#900 = CARTESIAN_POINT ( 'NONE',  ( 1.236928341666530429, 0.000000000000000000, -0.7242062594868183822 ) ) ;
#901 = CARTESIAN_POINT ( 'NONE',  ( 1.377198421603221590, 0.01574803149606299191, -0.7175827911707547413 ) ) ;
#902 = VECTOR ( 'NONE', #4179, 39.37007874015748143 ) ;
#903 = LINE ( 'NONE', #3770, #5900 ) ;
#904 = DIRECTION ( 'NONE',  ( 0.000000000000000000, 0.000000000000000000, 1.000000000000000000 ) ) ;
#905 = CARTESIAN_POINT ( 'NONE',  ( 1.837336015419612334, 0.01574803149606299191, -0.6337440644695004899 ) ) ;
#906 = CARTESIAN_POINT ( 'NONE',  ( 1.406032779645482345, -0.000000000000000000, -0.4894693142053127000 ) ) ;
#907 = ORIENTED_EDGE ( 'NONE', *, *, #3515, .T. ) ;
#908 = CARTESIAN_POINT ( 'NONE',  ( 2.029786909054905220, 2.134256245050205639E-18, -0.6268749999999999600 ) ) ;
#909 = B_SPLINE_CURVE_WITH_KNOTS ( 'NONE', 3,
 ( #1143, #2469, #181, #5386, #5448, #629, #4955, #2040, #3051, #4403, #657 ),
 .UNSPECIFIED., .F., .F.,
 ( 4, 1, 1, 1, 1, 1, 1, 1, 4 ),
 ( 0.000000000000000000, 0.1223731541130507472, 0.2362811909163045343, 0.3470119684561828177, 0.4604108216925586472, 0.5797917582613334453, 0.7068249063641643959, 0.8448649611941178028, 0.9999999999999998890 ),
 .UNSPECIFIED. ) ;
#910 = FACE_OUTER_BOUND ( 'NONE', #5340, .T. ) ;
#911 = CARTESIAN_POINT ( 'NONE',  ( 0.7665544871799053750, 0.01574803149606299191, -0.5189160156250000044 ) ) ;
#912 = DIRECTION ( 'NONE',  ( 0.000000000000000000, 0.000000000000000000, 1.000000000000000000 ) ) ;
#913 = B_SPLINE_CURVE_WITH_KNOTS ( 'NONE', 3,
 ( #1582, #177, #6047, #1673, #3586, #6077, #2872, #2474, #2410, #35, #1500 ),
 .UNSPECIFIED., .F., .F.,
 ( 4, 1, 1, 1, 1, 1, 1, 1, 4 ),
 ( 0.000000000000000000, 0.1401180047643451332, 0.2686100580034988528, 0.3908975091221431053, 0.5089641436815214304, 0.6263889689773974867, 0.7425663412124188234, 0.8660351272880012496, 1.000000000000000000 ),
 .UNSPECIFIED. ) ;
#914 = ORIENTED_EDGE ( 'NONE', *, *, #4374, .T. ) ;
#915 = CARTESIAN_POINT ( 'NONE',  ( 1.776491450839594366, 0.01574803149606299191, -0.5997790228293909953 ) ) ;
#916 = CARTESIAN_POINT ( 'NONE',  ( 1.063098356008050915, 0.01574803149606299191, -0.7053616767970833923 ) ) ;
#917 = CARTESIAN_POINT ( 'NONE',  ( 0.8625570961444087859, 0.01574803149606299191, -0.7387827557922144184 ) ) ;
#918 = CARTESIAN_POINT ( 'NONE',  ( 1.931163929458668882, 0.01574803149606299191, -0.6989466174180838376 ) ) ;
#919 = DIRECTION ( 'NONE',  ( -0.000000000000000000, -1.000000000000000000, -0.000000000000000000 ) ) ;
#920 = CARTESIAN_POINT ( 'NONE',  ( 1.576503429023484726, 0.000000000000000000, -0.4911699182281333842 ) ) ;
#921 = EDGE_CURVE ( 'NONE', #4416, #3005, #4074, .T. ) ;
#922 = VERTEX_POINT ( 'NONE', #1681 ) ;
#923 = CARTESIAN_POINT ( 'NONE',  ( 1.985697422333190021, 0.000000000000000000, -0.5857795907696653481 ) ) ;
#924 = CARTESIAN_POINT ( 'NONE',  ( 2.021782668011069983, 0.01574803149606299191, -0.6269579293438025669 ) ) ;
#925 = CARTESIAN_POINT ( 'NONE',  ( 0.7500023183947310823, 0.000000000000000000, -0.4977831352683730892 ) ) ;
#926 = CARTESIAN_POINT ( 'NONE',  ( 2.106366485694179946, 2.134256245050205639E-18, -0.4975879760096892923 ) ) ;
#927 = ORIENTED_EDGE ( 'NONE', *, *, #2193, .F. ) ;
#928 = EDGE_CURVE ( 'NONE', #4410, #4716, #2047, .T. ) ;
#929 = CARTESIAN_POINT ( 'NONE',  ( 1.214894330929905841, 2.134256245050205639E-18, -0.4893750000000000044 ) ) ;
#930 = CARTESIAN_POINT ( 'NONE',  ( 0.9839861278049059079, 0.01574803149606299191, -0.4893750000000001155 ) ) ;
#931 = VERTEX_POINT ( 'NONE', #635 ) ;
#932 = ORIENTED_EDGE ( 'NONE', *, *, #3463, .F. ) ;
#933 = CARTESIAN_POINT ( 'NONE',  ( 1.823938795864575635, 0.000000000000000000, -0.6701617500199026356 ) ) ;
#934 = B_SPLINE_CURVE_WITH_KNOTS ( 'NONE', 3,
 ( #4896, #5427, #3351, #542, #4409, #66, #2012, #4308, #3922, #958, #3448 ),
 .UNSPECIFIED., .F., .F.,
 ( 4, 1, 1, 1, 1, 1, 1, 1, 4 ),
 ( 0.000000000000000000, 0.1402943894369881039, 0.2690238711738882071, 0.3898006988269702155, 0.5083482253201352385, 0.6259820118935296440, 0.7431690458776171182, 0.8666051232822503669, 1.000000000000000000 ),
 .UNSPECIFIED. ) ;
#935 = EDGE_CURVE ( 'NONE', #2328, #4021, #2999, .T. ) ;
#936 = CARTESIAN_POINT ( 'NONE',  ( -1.707404996040164512E-17, 0.000000000000000000, -1.104999999999999982 ) ) ;
#937 = FACE_OUTER_BOUND ( 'NONE', #6225, .T. ) ;
#938 = CARTESIAN_POINT ( 'NONE',  ( 1.830860046329600088, 0.01574803149606299191, -0.6573772749885622435 ) ) ;
#939 = CARTESIAN_POINT ( 'NONE',  ( 1.680909955929905664, -2.134256245050205639E-18, -0.5122265624999999822 ) ) ;
#940 = DIRECTION ( 'NONE',  ( 0.000000000000000000, 0.000000000000000000, -1.000000000000000000 ) ) ;
#941 =( NAMED_UNIT ( * ) PLANE_ANGLE_UNIT ( ) SI_UNIT ( $, .RADIAN. ) );
#942 = ORIENTED_EDGE ( 'NONE', *, *, #623, .T. ) ;
#943 = CARTESIAN_POINT ( 'NONE',  ( 1.560376766784887570, 0.01574803149606299191, -0.5174596313471864217 ) ) ;
#944 = LINE ( 'NONE', #2267, #3012 ) ;
#945 = CARTESIAN_POINT ( 'NONE',  ( 0.7587084062087602332, 0.000000000000000000, -0.5076686854596073051 ) ) ;
#946 = ORIENTED_EDGE ( 'NONE', *, *, #5106, .T. ) ;
#947 = CARTESIAN_POINT ( 'NONE',  ( 1.710304487179905575, 0.000000000000000000, -0.5799999999999999600 ) ) ;
#948 = CARTESIAN_POINT ( 'NONE',  ( 0.6948946821016818154, 0.01574803149606299191, -0.5158284825360056614 ) ) ;
#949 = CARTESIAN_POINT ( 'NONE',  ( 1.056211293975100052, 0.01574803149606299191, -0.6920564396778251526 ) ) ;
#950 = CARTESIAN_POINT ( 'NONE',  ( 0.8325133568397476980, 0.01574803149606299191, -0.7102193113138469682 ) ) ;
#951 = CARTESIAN_POINT ( 'NONE',  ( 0.2000000000000000111, 0.07499999999999999722, -0.6149999999999999911 ) ) ;
#952 = CARTESIAN_POINT ( 'NONE',  ( 1.998454248247542031, 0.01574803149606299191, -0.6888589245931215910 ) ) ;
#953 = ORIENTED_EDGE ( 'NONE', *, *, #2854, .T. ) ;
#954 = B_SPLINE_SURFACE_WITH_KNOTS ( 'NONE', 3, 1, ( 
 ( #3140, #1170 ),
 ( #3592, #4011 ),
 ( #630, #5596 ),
 ( #2101, #5563 ),
 ( #742, #1201 ),
 ( #5995, #5115 ),
 ( #5026, #3080 ),
 ( #6051, #1677 ),
 ( #2672, #2208 ),
 ( #3116, #716 ),
 ( #4125, #6110 ) ),
 .UNSPECIFIED., .F., .F., .F.,
 ( 4, 1, 1, 1, 1, 1, 1, 1, 4 ),
 ( 2, 2 ),
 ( 0.000000000000000000, 0.1223731541130507472, 0.2362811909163045343, 0.3470119684561828177, 0.4604108216925586472, 0.5797917582613334453, 0.7068249063641643959, 0.8448649611941178028, 0.9999999999999998890 ),
 ( 0.000000000000000000, 1.000000000000000000 ),
 .UNSPECIFIED. ) ;
#955 = EDGE_CURVE ( 'NONE', #4061, #4365, #844, .T. ) ;
#956 = CARTESIAN_POINT ( 'NONE',  ( 1.412013471554905530, 0.000000000000000000, -0.7362499999999999600 ) ) ;
#957 = CARTESIAN_POINT ( 'NONE',  ( 1.239992746087522857, 0.01574803149606299191, -0.5078715846304679982 ) ) ;
#958 = CARTESIAN_POINT ( 'NONE',  ( 2.084594781241063899, -0.000000000000000000, -0.4894709107017726213 ) ) ;
#959 = ORIENTED_EDGE ( 'NONE', *, *, #4239, .T. ) ;
#960 = CARTESIAN_POINT ( 'NONE',  ( 1.664406049679905797, 0.01574803149606299191, -0.6747265625000000711 ) ) ;
#961 = DIRECTION ( 'NONE',  ( 0.000000000000000000, 0.000000000000000000, 1.000000000000000000 ) ) ;
#962 = ORIENTED_EDGE ( 'NONE', *, *, #3859, .T. ) ;
#963 = CARTESIAN_POINT ( 'NONE',  ( 1.940932398142129811, 6.402768735150616918E-18, -0.6085854038213164285 ) ) ;
#964 = CARTESIAN_POINT ( 'NONE',  ( 1.819662547184250689, 0.000000000000000000, -0.6755243741251424350 ) ) ;
#965 = B_SPLINE_CURVE_WITH_KNOTS ( 'NONE', 3,
 ( #6073, #4493, #5532, #6103, #4004, #1613, #624 ),
 .UNSPECIFIED., .F., .F.,
 ( 4, 1, 1, 1, 4 ),
 ( 0.000000000000000000, 0.2466395578083376561, 0.4949969674476933923, 0.7458445846746503127, 1.000000000000000000 ),
 .UNSPECIFIED. ) ;
#966 = CARTESIAN_POINT ( 'NONE',  ( 1.702075544601744372, 0.01574803149606299191, -0.5021292573646175539 ) ) ;
#967 = CARTESIAN_POINT ( 'NONE',  ( 0.6964325878483179633, 0.000000000000000000, -0.5087791208421069689 ) ) ;
#968 = CARTESIAN_POINT ( 'NONE',  ( 1.679451743075582426, -2.134256245050205639E-18, -0.5130238392814815418 ) ) ;
#969 = CARTESIAN_POINT ( 'NONE',  ( 1.924114692446510455, 0.000000000000000000, -0.6434199382235037401 ) ) ;
#970 = CARTESIAN_POINT ( 'NONE',  ( 1.842502878105087394, 0.01574803149606299191, -0.5081351905995079576 ) ) ;
#971 = CARTESIAN_POINT ( 'NONE',  ( 1.107179487179905886, 0.01574803149606299191, -0.6598339843750001821 ) ) ;
#972 = VERTEX_POINT ( 'NONE', #3673 ) ;
#973 = B_SPLINE_CURVE_WITH_KNOTS ( 'NONE', 3,
 ( #2754, #259, #801, #5170, #6108, #4639, #5618, #2790, #4705, #1229, #395 ),
 .UNSPECIFIED., .F., .F.,
 ( 4, 1, 1, 1, 1, 1, 1, 1, 4 ),
 ( 0.000000000000000000, 0.1581692231159462503, 0.2979152898125614901, 0.4257598827158990962, 0.5443383524022874509, 0.6560061348833443606, 0.7665598615528721460, 0.8789143086602184685, 1.000000000000000000 ),
 .UNSPECIFIED. ) ;
#974 = CARTESIAN_POINT ( 'NONE',  ( 1.693409955929906063, 0.01574803149606299191, -0.6500195312500001155 ) ) ;
#975 = CARTESIAN_POINT ( 'NONE',  ( 1.451056603349967222, 0.01574803149606299191, -0.7319510360970333807 ) ) ;
#976 = CARTESIAN_POINT ( 'NONE',  ( 1.100490034054905752, 0.000000000000000000, -0.7317089843750000933 ) ) ;
#977 = DIRECTION ( 'NONE',  ( -0.000000000000000000, -1.000000000000000000, -0.000000000000000000 ) ) ;
#978 = EDGE_LOOP ( 'NONE', ( #1353, #1288, #2146, #4586 ) ) ;
#979 = VERTEX_POINT ( 'NONE', #4130 ) ;
#980 = CARTESIAN_POINT ( 'NONE',  ( 1.657290006273648864, -2.134256245050205639E-18, -0.5972788753130612305 ) ) ;
#981 = ORIENTED_EDGE ( 'NONE', *, *, #5749, .T. ) ;
#982 = CARTESIAN_POINT ( 'NONE',  ( 1.051111225091001966, 0.01574803149606299191, -0.6690768429477933488 ) ) ;
#983 = CARTESIAN_POINT ( 'NONE',  ( 1.838379137025604182, 2.134256245050205639E-18, -0.6122730195714291002 ) ) ;
#984 = CARTESIAN_POINT ( 'NONE',  ( 0.9713539534111289564, 0.01574803149606299191, -0.4912763834839860011 ) ) ;
#985 = CARTESIAN_POINT ( 'NONE',  ( 1.979054487179905397, 0.01574803149606299191, -0.6598339843749999600 ) ) ;
#986 = ORIENTED_EDGE ( 'NONE', *, *, #2516, .T. ) ;
#987 = CIRCLE ( 'NONE', #5769, 0.1250000000000000278 ) ;
#988 = CARTESIAN_POINT ( 'NONE',  ( 2.329999999999999627, 0.1700000000000018718, 0.000000000000000000 ) ) ;
#989 = CARTESIAN_POINT ( 'NONE',  ( 0.6947506969205405891, -0.000000000000000000, -0.7111116464360122125 ) ) ;
#990 = CARTESIAN_POINT ( 'NONE',  ( 2.112943956533414713, 0.000000000000000000, -0.7116585904362078274 ) ) ;
#991 = ORIENTED_EDGE ( 'NONE', *, *, #1136, .F. ) ;
#992 = CARTESIAN_POINT ( 'NONE',  ( 2.113429487179905308, 0.01574803149606299191, -0.7037304687500000044 ) ) ;
#993 = AXIS2_PLACEMENT_3D ( 'NONE', #3768, #1378, #4767 ) ;
#994 = LINE ( 'NONE', #2914, #82 ) ;
#995 = CARTESIAN_POINT ( 'NONE',  ( 1.101837058032423711, 0.01574803149606299191, -0.7320828900431359809 ) ) ;
#996 = ORIENTED_EDGE ( 'NONE', *, *, #3222, .T. ) ;
#997 = AXIS2_PLACEMENT_3D ( 'NONE', #555, #1962, #1517 ) ;
#998 = VECTOR ( 'NONE', #5626, 39.37007874015748143 ) ;
#999 = ADVANCED_FACE ( 'NONE', ( #3170 ), #4232, .T. ) ;
#1000 = ORIENTED_EDGE ( 'NONE', *, *, #5279, .F. ) ;
#1001 = CARTESIAN_POINT ( 'NONE',  ( -1.707404996040164512E-17, 0.1400000000000000133, -1.104999999999999982 ) ) ;
#1002 = CARTESIAN_POINT ( 'NONE',  ( 1.593652242189570911, 0.000000000000000000, -0.7349146247617434069 ) ) ;
#1003 = CARTESIAN_POINT ( 'NONE',  ( 1.219187328429527151, 0.000000000000000000, -0.7352390000847036644 ) ) ;
#1004 = CARTESIAN_POINT ( 'NONE',  ( 1.489674841191251264, 0.01574803149606299191, -0.4896093089674877219 ) ) ;
#1005 = PLANE ( 'NONE',  #2207 ) ;
#1006 = CARTESIAN_POINT ( 'NONE',  ( 1.769923627804905752, 0.01574803149606299191, -0.5331249999999999600 ) ) ;
#1007 = FACE_OUTER_BOUND ( 'NONE', #978, .T. ) ;
#1008 = CARTESIAN_POINT ( 'NONE',  ( 1.657186911217147784, -0.000000000000000000, -0.5455585947241952116 ) ) ;
#1009 = CARTESIAN_POINT ( 'NONE',  ( 1.922804487179905264, 0.01574803149606299191, -0.6608593750000000266 ) ) ;
#1010 = VECTOR ( 'NONE', #5791, 39.37007874015748143 ) ;
#1011 = ORIENTED_EDGE ( 'NONE', *, *, #170, .F. ) ;
#1012 = EDGE_CURVE ( 'NONE', #1513, #2506, #5570, .T. ) ;
#1013 = CARTESIAN_POINT ( 'NONE',  ( 1.593652242189570911, 2.134256245050205639E-18, -0.7349146247617434069 ) ) ;
#1014 = VECTOR ( 'NONE', #3468, 39.37007874015748143 ) ;
#1015 = CARTESIAN_POINT ( 'NONE',  ( 1.695347850284714797, 0.000000000000000000, -0.6501399421424436387 ) ) ;
#1016 = CARTESIAN_POINT ( 'NONE',  ( 1.429038886757755478, 6.402768735150616918E-18, -0.7362073259274009018 ) ) ;
#1017 = CARTESIAN_POINT ( 'NONE',  ( 2.104999999999999982, 0.1400000000000000133, 0.000000000000000000 ) ) ;
#1018 = B_SPLINE_SURFACE_WITH_KNOTS ( 'NONE', 3, 1, ( 
 ( #292, #1318 ),
 ( #3665, #5685 ),
 ( #1795, #3231 ),
 ( #4151, #5646 ),
 ( #5171, #5204 ),
 ( #802, #2725 ),
 ( #836, #546 ),
 ( #2479, #1032 ),
 ( #4412, #2945 ),
 ( #4900, #1421 ),
 ( #4396, #4915 ) ),
 .UNSPECIFIED., .F., .F., .F.,
 ( 4, 1, 1, 1, 1, 1, 1, 1, 4 ),
 ( 2, 2 ),
 ( 0.000000000000000000, 0.1330733262487469315, 0.2627659362384358599, 0.3887957597851894875, 0.5126889517223318649, 0.6344410886993782084, 0.7564245126272963748, 0.8781791936067050441, 1.000000000000000000 ),
 ( 0.000000000000000000, 1.000000000000000000 ),
 .UNSPECIFIED. ) ;
#1019 = EDGE_CURVE ( 'NONE', #627, #1297, #3388, .T. ) ;
#1020 = CARTESIAN_POINT ( 'NONE',  ( 1.757000958224330001, 0.01574803149606299191, -0.6235582935077611522 ) ) ;
#1021 = ORIENTED_EDGE ( 'NONE', *, *, #2923, .F. ) ;
#1022 = EDGE_LOOP ( 'NONE', ( #1345, #3007, #2418, #5765 ) ) ;
#1023 = CARTESIAN_POINT ( 'NONE',  ( 1.820855657916423453, 0.000000000000000000, -0.4977059771700541035 ) ) ;
#1024 = CARTESIAN_POINT ( 'NONE',  ( 1.528193775660272591, 0.000000000000000000, -0.7140213084126223464 ) ) ;
#1025 = CARTESIAN_POINT ( 'NONE',  ( 1.824487736825889606, 0.01574803149606299191, -0.5593313761245476412 ) ) ;
#1026 = CARTESIAN_POINT ( 'NONE',  ( 0.9839861278049059079, 0.000000000000000000, -0.4893750000000001155 ) ) ;
#1027 = LINE ( 'NONE', #2077, #99 ) ;
#1028 = CARTESIAN_POINT ( 'NONE',  ( 2.083507787569097491, 0.000000000000000000, -0.7362273807603317843 ) ) ;
#1029 = EDGE_LOOP ( 'NONE', ( #4200, #4228, #3744, #5700 ) ) ;
#1030 = CARTESIAN_POINT ( 'NONE',  ( 1.010304487179905841, 0.01574803149606299191, -0.7072949218750000933 ) ) ;
#1031 = CARTESIAN_POINT ( 'NONE',  ( 1.008685021262136328, 0.000000000000000000, -0.7209525945835419947 ) ) ;
#1032 = CARTESIAN_POINT ( 'NONE',  ( 1.724106526501848036, 0.000000000000000000, -0.5419057985329381877 ) ) ;
#1033 = CARTESIAN_POINT ( 'NONE',  ( 1.126579248247542742, 0.01574803149606299191, -0.6888589245931213689 ) ) ;
#1034 = PLANE ( 'NONE',  #1703 ) ;
#1035 = EDGE_CURVE ( 'NONE', #670, #4447, #5691, .T. ) ;
#1036 = VERTEX_POINT ( 'NONE', #1711 ) ;
#1037 = ORIENTED_EDGE ( 'NONE', *, *, #1623, .F. ) ;
#1038 = CARTESIAN_POINT ( 'NONE',  ( 0.7332614639089398700, 4.268512490100411279E-18, -0.7376097719688642362 ) ) ;
#1039 = CARTESIAN_POINT ( 'NONE',  ( 1.712572332975243805, 0.01574803149606299191, -0.5469684390282316677 ) ) ;
#1040 = CARTESIAN_POINT ( 'NONE',  ( 1.657179487179905708, 0.01574803149606299191, -0.5469433593750000488 ) ) ;
#1041 = PLANE ( 'NONE',  #88 ) ;
#1042 = CARTESIAN_POINT ( 'NONE',  ( 1.115924062737381650, 8.537024980200822558E-18, -0.6372473612529567788 ) ) ;
#1043 = CARTESIAN_POINT ( 'NONE',  ( 1.976532787042074135, 0.000000000000000000, -0.7328658653892226038 ) ) ;
#1044 = ORIENTED_EDGE ( 'NONE', *, *, #1472, .T. ) ;
#1045 = EDGE_CURVE ( 'NONE', #5584, #3127, #2243, .T. ) ;
#1046 = CARTESIAN_POINT ( 'NONE',  ( 1.561903426995251865, 0.01574803149606299191, -0.5073008020406500895 ) ) ;
#1047 = CARTESIAN_POINT ( 'NONE',  ( 1.459595107145875037, 0.01574803149606299191, -0.7194963355705181751 ) ) ;
#1048 = CARTESIAN_POINT ( 'NONE',  ( 1.531593549679905575, 0.01574803149606299191, -0.5353710937500000266 ) ) ;
#1049 = LINE ( 'NONE', #5861, #3315 ) ;
#1050 = VERTEX_POINT ( 'NONE', #5217 ) ;
#1051 = ORIENTED_EDGE ( 'NONE', *, *, #2227, .F. ) ;
#1052 = CARTESIAN_POINT ( 'NONE',  ( 1.783070922449353723, 0.000000000000000000, -0.4896599532753784789 ) ) ;
#1053 = FACE_OUTER_BOUND ( 'NONE', #1266, .T. ) ;
#1054 = CARTESIAN_POINT ( 'NONE',  ( 1.833988177525957219, 2.134256245050205639E-18, -0.5797518390386818821 ) ) ;
#1055 = CARTESIAN_POINT ( 'NONE',  ( 1.429054487179905575, 0.01574803149606299191, -0.5196484375000000044 ) ) ;
#1056 = CARTESIAN_POINT ( 'NONE',  ( 1.124403443486030385, 0.000000000000000000, -0.6319324330598170558 ) ) ;
#1057 = CARTESIAN_POINT ( 'NONE',  ( 1.985697422333190021, 0.01574803149606299191, -0.5857795907696653481 ) ) ;
#1058 = FACE_OUTER_BOUND ( 'NONE', #1022, .T. ) ;
#1059 = ORIENTED_EDGE ( 'NONE', *, *, #4925, .F. ) ;
#1060 = CARTESIAN_POINT ( 'NONE',  ( 1.527352189719010322, -2.134256245050205639E-18, -0.5157819592465736624 ) ) ;
#1061 = CARTESIAN_POINT ( 'NONE',  ( 0.8698121679576881204, 0.01574803149606299191, -0.4896604978119677987 ) ) ;
#1062 = CARTESIAN_POINT ( 'NONE',  ( 1.115870893429905752, 2.134256245050205639E-18, -0.6829296874999999378 ) ) ;
#1063 = CARTESIAN_POINT ( 'NONE',  ( 0.5000000000000000000, 0.07000000000000000666, -0.8649999999999998801 ) ) ;
#1064 = LINE ( 'NONE', #3063, #5564 ) ;
#1065 = ORIENTED_EDGE ( 'NONE', *, *, #1679, .T. ) ;
#1066 = CARTESIAN_POINT ( 'NONE',  ( 1.950606691666809445, 0.000000000000000000, -0.7215291218473320889 ) ) ;
#1067 = CARTESIAN_POINT ( 'NONE',  ( 0.2000000000000000111, 0.07499999999999999722, -0.6149999999999999911 ) ) ;
#1068 = CARTESIAN_POINT ( 'NONE',  ( 0.8789971827093882029, 0.000000000000000000, -0.7382221875493851782 ) ) ;
#1069 = EDGE_CURVE ( 'NONE', #3679, #3263, #1, .T. ) ;
#1070 = CARTESIAN_POINT ( 'NONE',  ( 1.588527143429905530, 0.01574803149606299191, -0.4893750000000000044 ) ) ;
#1071 = CARTESIAN_POINT ( 'NONE',  ( 0.9009294871799053972, 0.01574803149606299191, -0.5198437500000000488 ) ) ;
#1072 = CARTESIAN_POINT ( 'NONE',  ( 0.8702165965549053528, 0.01574803149606299191, -0.7393750000000000044 ) ) ;
#1073 = DIRECTION ( 'NONE',  ( 0.000000000000000000, 0.000000000000000000, -1.000000000000000000 ) ) ;
#1074 = ORIENTED_EDGE ( 'NONE', *, *, #2880, .F. ) ;
#1075 = CYLINDRICAL_SURFACE ( 'NONE', #3820, 0.1250000000000000000 ) ;
#1076 = CARTESIAN_POINT ( 'NONE',  ( 1.613429487179905530, 0.000000000000000000, -0.5195996093750000488 ) ) ;
#1077 = PLANE ( 'NONE',  #2524 ) ;
#1078 = CARTESIAN_POINT ( 'NONE',  ( 1.776485828945926215, 0.01574803149606299191, -0.6031878490030767592 ) ) ;
#1079 = ORIENTED_EDGE ( 'NONE', *, *, #192, .F. ) ;
#1080 = EDGE_CURVE ( 'NONE', #1878, #4973, #987, .T. ) ;
#1081 = LINE ( 'NONE', #293, #4626 ) ;
#1082 = EDGE_CURVE ( 'NONE', #4732, #3005, #4230, .T. ) ;
#1083 = CARTESIAN_POINT ( 'NONE',  ( 1.694613477266188939, -2.134256245050205639E-18, -0.6237233461077282826 ) ) ;
#1084 = CARTESIAN_POINT ( 'NONE',  ( 0.8591040579150183154, 0.000000000000000000, -0.7378883234517279455 ) ) ;
#1085 = ADVANCED_FACE ( 'NONE', ( #1870 ), #1978, .T. ) ;
#1086 = DIRECTION ( 'NONE',  ( -1.000000000000000000, 0.000000000000000000, 0.000000000000000000 ) ) ;
#1087 = CARTESIAN_POINT ( 'NONE',  ( 2.006458499330998624, 0.01574803149606299191, -0.5832520543012011949 ) ) ;
#1088 = DIRECTION ( 'NONE',  ( -0.000000000000000000, -1.000000000000000000, -0.000000000000000000 ) ) ;
#1089 = ORIENTED_EDGE ( 'NONE', *, *, #4, .F. ) ;
#1090 = CARTESIAN_POINT ( 'NONE',  ( 1.493973960459992423, -0.000000000000000000, -0.4894559208444422826 ) ) ;
#1091 = FACE_OUTER_BOUND ( 'NONE', #2962, .T. ) ;
#1092 = CARTESIAN_POINT ( 'NONE',  ( 1.010122235186169393, 0.000000000000000000, -0.5144648697149064587 ) ) ;
#1093 = CARTESIAN_POINT ( 'NONE',  ( 0.5624999999999998890, 0.07000000000000000666, -0.3649999999999999911 ) ) ;
#1094 = ORIENTED_EDGE ( 'NONE', *, *, #464, .T. ) ;
#1095 = EDGE_CURVE ( 'NONE', #5195, #1344, #565, .T. ) ;
#1096 = VERTEX_POINT ( 'NONE', #3950 ) ;
#1097 = VECTOR ( 'NONE', #3676, 39.37007874015748143 ) ;
#1098 = CARTESIAN_POINT ( 'NONE',  ( 0.7412875443072729498, 0.01574803149606299191, -0.7315630477927050901 ) ) ;
#1099 = CARTESIAN_POINT ( 'NONE',  ( 1.402124492928383592, 0.01574803149606299191, -0.4894744996973858786 ) ) ;
#1100 = CARTESIAN_POINT ( 'NONE',  ( 1.990610854456254408, 2.134256245050205639E-18, -0.6853627314024504091 ) ) ;
#1101 = CARTESIAN_POINT ( 'NONE',  ( 1.135689165549412794, 0.01574803149606299191, -0.6285930086686676299 ) ) ;
#1102 = APPLICATION_CONTEXT ( 'automotive_design' ) ;
#1103 = ORIENTED_EDGE ( 'NONE', *, *, #5592, .T. ) ;
#1104 = CIRCLE ( 'NONE', #1909, 0.1250000000000000278 ) ;
#1105 = CARTESIAN_POINT ( 'NONE',  ( 1.212719781241064609, 0.01574803149606299191, -0.4894709107017727323 ) ) ;
#1106 = CARTESIAN_POINT ( 'NONE',  ( 1.612896946833452416, 2.134256245050205639E-18, -0.7146062921768565612 ) ) ;
#1107 = CARTESIAN_POINT ( 'NONE',  ( 1.560376766784887570, 2.134256245050205639E-18, -0.5174596313471864217 ) ) ;
#1108 = AXIS2_PLACEMENT_3D ( 'NONE', #4340, #1465, #34 ) ;
#1109 = CARTESIAN_POINT ( 'NONE',  ( 1.461404679769241488, 0.01574803149606299191, -0.7145777509405611960 ) ) ;
#1110 = CARTESIAN_POINT ( 'NONE',  ( 1.771241987179905664, 6.402768735150616918E-18, -0.6956250000000000488 ) ) ;
#1111 = CARTESIAN_POINT ( 'NONE',  ( 1.113822422333190509, 8.537024980200822558E-18, -0.5857795907696653481 ) ) ;
#1112 = ORIENTED_EDGE ( 'NONE', *, *, #5237, .T. ) ;
#1113 = CARTESIAN_POINT ( 'NONE',  ( 1.137121359965232115, 0.01574803149606299191, -0.6912050257421651356 ) ) ;
#1114 = CIRCLE ( 'NONE', #1408, 0.1250000000000000278 ) ;
#1115 = CARTESIAN_POINT ( 'NONE',  ( 1.197437334274282561, 0.000000000000000000, -0.4940949613715140409 ) ) ;
#1116 = CARTESIAN_POINT ( 'NONE',  ( 1.563345906875897251, -0.000000000000000000, -0.7362254443784330693 ) ) ;
#1117 = DIRECTION ( 'NONE',  ( -0.000000000000000000, -1.000000000000000000, -0.000000000000000000 ) ) ;
#1118 = CARTESIAN_POINT ( 'NONE',  ( 0.4999999999999998335, 0.07000000000000000666, -0.3649999999999999911 ) ) ;
#1119 = EDGE_CURVE ( 'NONE', #2443, #3420, #909, .T. ) ;
#1120 = CARTESIAN_POINT ( 'NONE',  ( 1.894583119666773063, -0.000000000000000000, -0.6189702593203569858 ) ) ;
#1121 = DIRECTION ( 'NONE',  ( 1.000000000000000000, 0.000000000000000000, -0.000000000000000000 ) ) ;
#1122 = ORIENTED_EDGE ( 'NONE', *, *, #2822, .T. ) ;
#1123 = CARTESIAN_POINT ( 'NONE',  ( 0.7266619090549053528, 0.01574803149606299191, -0.4893750000000000044 ) ) ;
#1124 = EDGE_CURVE ( 'NONE', #4373, #4860, #2099, .T. ) ;
#1125 = CARTESIAN_POINT ( 'NONE',  ( 1.664491142161984572, 0.000000000000000000, -0.6731983133695433885 ) ) ;
#1126 = CARTESIAN_POINT ( 'NONE',  ( 0.9858349916979387562, 0.01574803149606299191, -0.4894804284713953901 ) ) ;
#1127 = CARTESIAN_POINT ( 'NONE',  ( 1.517968615889645712, 0.000000000000000000, -0.4979413322131798214 ) ) ;
#1128 = ORIENTED_EDGE ( 'NONE', *, *, #2227, .T. ) ;
#1129 = EDGE_CURVE ( 'NONE', #5002, #3488, #3763, .T. ) ;
#1130 = CARTESIAN_POINT ( 'NONE',  ( 0.7475625992338678083, 4.268512490100411279E-18, -0.7154831098358276353 ) ) ;
#1131 = CARTESIAN_POINT ( 'NONE',  ( 1.387152977514224839, 2.134256245050205639E-18, -0.4938059999865766492 ) ) ;
#1132 = CARTESIAN_POINT ( 'NONE',  ( 1.379845879715390522, 0.000000000000000000, -0.5020266861008524373 ) ) ;
#1133 = CARTESIAN_POINT ( 'NONE',  ( 1.661816482012886009, 0.000000000000000000, -0.5269625847838745880 ) ) ;
#1134 = EDGE_LOOP ( 'NONE', ( #3305, #2334, #1847, #1910 ) ) ;
#1135 = CARTESIAN_POINT ( 'NONE',  ( 1.185304487179905886, 0.01574803149606299191, -0.5209667968750000266 ) ) ;
#1136 = EDGE_CURVE ( 'NONE', #2637, #5468, #94, .T. ) ;
#1137 = CARTESIAN_POINT ( 'NONE',  ( 1.564206941234194126, 2.134256245050205639E-18, -0.5020369708627390182 ) ) ;
#1138 = CARTESIAN_POINT ( 'NONE',  ( 0.7108323930433019244, 2.134256245050205639E-18, -0.7375787142954144393 ) ) ;
#1139 = CARTESIAN_POINT ( 'NONE',  ( 1.804500012064770953, 0.01574803149606299191, -0.6878813029802639534 ) ) ;
#1140 = ORIENTED_EDGE ( 'NONE', *, *, #2686, .T. ) ;
#1141 = CARTESIAN_POINT ( 'NONE',  ( 1.842602247532375781, 0.01574803149606299191, -0.7203398435468796324 ) ) ;
#1142 = EDGE_CURVE ( 'NONE', #1297, #4313, #2992, .T. ) ;
#1143 = CARTESIAN_POINT ( 'NONE',  ( 0.8759294871799053750, 0.000000000000000000, -0.4893750000000000044 ) ) ;
#1144 = CARTESIAN_POINT ( 'NONE',  ( 1.776334354212897537, 0.000000000000000000, -0.6061951555971232253 ) ) ;
#1145 = B_SPLINE_CURVE_WITH_KNOTS ( 'NONE', 3,
 ( #1706, #2591, #3052, #4532, #5512, #2130, #150, #4562, #5091, #209, #4590 ),
 .UNSPECIFIED., .F., .F.,
 ( 4, 1, 1, 1, 1, 1, 1, 1, 4 ),
 ( 0.000000000000000000, 0.1424398776969912905, 0.2712812560000503193, 0.3923796910592005638, 0.5088161684751046909, 0.6247939480670415824, 0.7414158700954426306, 0.8643288066307963646, 1.000000000000000000 ),
 .UNSPECIFIED. ) ;
#1146 = CARTESIAN_POINT ( 'NONE',  ( 1.783070922449353723, 0.01574803149606299191, -0.4896599532753784789 ) ) ;
#1147 = CARTESIAN_POINT ( 'NONE',  ( 1.149907668011070472, 0.000000000000000000, -0.6269579293438025669 ) ) ;
#1148 = CARTESIAN_POINT ( 'NONE',  ( 1.104657787042074624, 0.000000000000000000, -0.7328658653892223818 ) ) ;
#1149 = DIRECTION ( 'NONE',  ( 0.000000000000000000, 0.000000000000000000, 1.000000000000000000 ) ) ;
#1150 = CARTESIAN_POINT ( 'NONE',  ( 1.496241987179905752, 2.134256245050205639E-18, -0.4893750000000001155 ) ) ;
#1151 = CARTESIAN_POINT ( 'NONE',  ( 0.7478044871799053306, 0.01574803149606299191, -0.7087109374999999156 ) ) ;
#1152 = PLANE ( 'NONE',  #5573 ) ;
#1153 = ORIENTED_EDGE ( 'NONE', *, *, #5554, .F. ) ;
#1154 = EDGE_CURVE ( 'NONE', #2603, #5709, #1081, .T. ) ;
#1155 = EDGE_LOOP ( 'NONE', ( #2461, #5099, #3271, #6198 ) ) ;
#1156 = CARTESIAN_POINT ( 'NONE',  ( 1.375929487179905486, 0.000000000000000000, -0.7068066406249999822 ) ) ;
#1157 = CARTESIAN_POINT ( 'NONE',  ( 0.7230486278049053084, 0.01574803149606299191, -0.7393750000000000044 ) ) ;
#1158 = CARTESIAN_POINT ( 'NONE',  ( 0.8870561645206488377, 0.000000000000000000, -0.7343265376928468369 ) ) ;
#1159 = CARTESIAN_POINT ( 'NONE',  ( 0.8963952433606935388, 0.01574803149606299191, -0.7249349314784748755 ) ) ;
#1160 = CARTESIAN_POINT ( 'NONE',  ( 1.078731691666809045, 0.01574803149606299191, -0.7215291218473318668 ) ) ;
#1161 = ORIENTED_EDGE ( 'NONE', *, *, #1511, .F. ) ;
#1162 = CARTESIAN_POINT ( 'NONE',  ( 1.699237136485957089, 0.000000000000000000, -0.6503816025927658950 ) ) ;
#1163 = CARTESIAN_POINT ( 'NONE',  ( 1.409415925713246587, 0.01574803149606299191, -0.4896533112033676916 ) ) ;
#1164 = CARTESIAN_POINT ( 'NONE',  ( 0.9616892447190834581, 0.01574803149606299191, -0.7309173442086571715 ) ) ;
#1165 =( LENGTH_UNIT ( ) NAMED_UNIT ( * ) SI_UNIT ( $, .METRE. ) );
#1166 = ORIENTED_EDGE ( 'NONE', *, *, #3083, .T. ) ;
#1167 = LINE ( 'NONE', #4530, #2793 ) ;
#1168 = ADVANCED_FACE ( 'NONE', ( #3591 ), #3872, .T. ) ;
#1169 = CARTESIAN_POINT ( 'NONE',  ( 1.979054487179905397, 0.000000000000000000, -0.6598339843749999600 ) ) ;
#1170 = CARTESIAN_POINT ( 'NONE',  ( 0.8759294871799053750, 0.000000000000000000, -0.4893750000000000044 ) ) ;
#1171 = FACE_OUTER_BOUND ( 'NONE', #5350, .T. ) ;
#1172 = CARTESIAN_POINT ( 'NONE',  ( 1.107179487179905886, 0.000000000000000000, -0.6598339843750001821 ) ) ;
#1173 = B_SPLINE_CURVE_WITH_KNOTS ( 'NONE', 3,
 ( #3311, #6222, #508, #3786, #371, #2308, #5251, #3379, #1844, #5286, #5317 ),
 .UNSPECIFIED., .F., .F.,
 ( 4, 1, 1, 1, 1, 1, 1, 1, 4 ),
 ( 0.000000000000000000, 0.1424398776969912905, 0.2712812560000503193, 0.3923796910592005638, 0.5088161684751046909, 0.6247939480670415824, 0.7414158700954426306, 0.8643288066307963646, 1.000000000000000000 ),
 .UNSPECIFIED. ) ;
#1174 = CARTESIAN_POINT ( 'NONE',  ( 1.745460737179905575, 0.01574803149606299191, -0.5799999999999999600 ) ) ;
#1175 = CARTESIAN_POINT ( 'NONE',  ( 1.982074592300107074, 0.000000000000000000, -0.6446385603825367516 ) ) ;
#1176 = LINE ( 'NONE', #4102, #2508 ) ;
#1177 = CARTESIAN_POINT ( 'NONE',  ( 1.381421036947733327, 0.01574803149606299191, -0.7257794113598587948 ) ) ;
#1178 = CARTESIAN_POINT ( 'NONE',  ( 1.464894330929905619, 0.000000000000000000, -0.7020214843750001155 ) ) ;
#1179 = ORIENTED_EDGE ( 'NONE', *, *, #3889, .T. ) ;
#1180 = ORIENTED_EDGE ( 'NONE', *, *, #2264, .F. ) ;
#1181 = CARTESIAN_POINT ( 'NONE',  ( 1.613429487179905530, 0.01574803149606299191, -0.5195996093750000488 ) ) ;
#1182 = DIRECTION ( 'NONE',  ( 0.000000000000000000, -1.000000000000000000, 0.000000000000000000 ) ) ;
#1183 = CARTESIAN_POINT ( 'NONE',  ( 1.994202413818217279, 0.01574803149606299191, -0.6872853059217896021 ) ) ;
#1184 = DIRECTION ( 'NONE',  ( 0.000000000000000000, -0.000000000000000000, 1.000000000000000000 ) ) ;
#1185 = ORIENTED_EDGE ( 'NONE', *, *, #4641, .T. ) ;
#1186 = EDGE_CURVE ( 'NONE', #3607, #2270, #1757, .T. ) ;
#1187 = VECTOR ( 'NONE', #3105, 39.37007874015748143 ) ;
#1188 = CARTESIAN_POINT ( 'NONE',  ( 1.838429487179906063, 0.01574803149606299191, -0.6155957031250001155 ) ) ;
#1189 = CARTESIAN_POINT ( 'NONE',  ( 1.609779303471527534, 0.000000000000000000, -0.5012731594545389857 ) ) ;
#1190 = CARTESIAN_POINT ( 'NONE',  ( 1.428973828345612374, 0.01574803149606299191, -0.5173155831521890624 ) ) ;
#1191 = CARTESIAN_POINT ( 'NONE',  ( 0.9713664042163668855, 0.01574803149606299191, -0.7374641792590741485 ) ) ;
#1192 = VECTOR ( 'NONE', #476, 39.37007874015748143 ) ;
#1193 = CARTESIAN_POINT ( 'NONE',  ( 1.104550237444370753, 0.01574803149606299191, -0.5880286626417446927 ) ) ;
#1194 = VECTOR ( 'NONE', #6122, 39.37007874015748143 ) ;
#1195 = VERTEX_POINT ( 'NONE', #2178 ) ;
#1196 = EDGE_CURVE ( 'NONE', #2990, #2276, #4956, .T. ) ;
#1197 = CARTESIAN_POINT ( 'NONE',  ( 1.131486889415794339, 0.01574803149606299191, -0.6902494895767093963 ) ) ;
#1198 = AXIS2_PLACEMENT_3D ( 'NONE', #2660, #2552, #1184 ) ;
#1199 = CARTESIAN_POINT ( 'NONE',  ( 2.079396284054905397, 0.01574803149606299191, -0.7362499999999999600 ) ) ;
#1200 = VECTOR ( 'NONE', #3994, 39.37007874015748143 ) ;
#1201 = CARTESIAN_POINT ( 'NONE',  ( 0.8905803518740539326, 0.000000000000000000, -0.4937336027666552329 ) ) ;
#1202 = EDGE_CURVE ( 'NONE', #5277, #3287, #3991, .T. ) ;
#1203 = CARTESIAN_POINT ( 'NONE',  ( 1.894585122914099085, 6.402768735150616918E-18, -0.6097147406940437442 ) ) ;
#1204 = EDGE_CURVE ( 'NONE', #1717, #3432, #2726, .T. ) ;
#1205 = VECTOR ( 'NONE', #286, 39.37007874015748143 ) ;
#1206 = B_SPLINE_CURVE_WITH_KNOTS ( 'NONE', 3,
 ( #300, #4052, #4569, #2705, #5571, #2159, #3087, #697, #4650, #5121, #2244, #2676, #4160, #6147, #813 ),
 .UNSPECIFIED., .F., .F.,
 ( 4, 1, 1, 1, 1, 1, 1, 1, 1, 1, 1, 1, 4 ),
 ( 0.000000000000000000, 0.09272377659486601142, 0.1807643789926703659, 0.2652681729395943711, 0.3457875854624136158, 0.4222225138628163954, 0.4949001608196640367, 0.5671667024153693726, 0.6412352119551114615, 0.7193716595256073321, 0.8039038165697613980, 0.8964316416643115515, 1.000000000000000000 ),
 .UNSPECIFIED. ) ;
#1207 = CARTESIAN_POINT ( 'NONE',  ( 1.185304487179905886, 0.01574803149606299191, -0.6268749999999999600 ) ) ;
#1208 = CARTESIAN_POINT ( 'NONE',  ( 1.138020144867603278, 0.000000000000000000, -0.7362523579507952443 ) ) ;
#1209 = CARTESIAN_POINT ( 'NONE',  ( 1.756973919283858043, 0.01574803149606299191, -0.6946510964328902471 ) ) ;
#1210 = DIRECTION ( 'NONE',  ( -0.0001256912946021341237, 0.000000000000000000, -0.9999999921008492221 ) ) ;
#1211 = VECTOR ( 'NONE', #4445, 39.37007874015748143 ) ;
#1212 = CARTESIAN_POINT ( 'NONE',  ( 0.9009156020876871729, 0.000000000000000000, -0.7036024599242634014 ) ) ;
#1213 = CARTESIAN_POINT ( 'NONE',  ( 2.074470232313248008, 0.000000000000000000, -0.4912707174611702365 ) ) ;
#1214 = CARTESIAN_POINT ( 'NONE',  ( 2.329999999999999627, 0.000000000000000000, -0.9549999999999996270 ) ) ;
#1215 = PLANE ( 'NONE',  #5993 ) ;
#1216 = ORIENTED_EDGE ( 'NONE', *, *, #341, .F. ) ;
#1217 = ORIENTED_EDGE ( 'NONE', *, *, #1035, .T. ) ;
#1218 = ORIENTED_EDGE ( 'NONE', *, *, #5602, .F. ) ;
#1219 = CARTESIAN_POINT ( 'NONE',  ( 1.924068291746614756, 0.000000000000000000, -0.6770761326926550971 ) ) ;
#1220 = CARTESIAN_POINT ( 'NONE',  ( 1.003152008026783282, 4.268512490100411279E-18, -0.7312250803505266905 ) ) ;
#1221 = CARTESIAN_POINT ( 'NONE',  ( 1.776491450839594366, -0.000000000000000000, -0.5997790228293909953 ) ) ;
#1222 = FACE_BOUND ( 'NONE', #517, .T. ) ;
#1223 = EDGE_LOOP ( 'NONE', ( #2935, #3845, #5662, #4358 ) ) ;
#1224 = CARTESIAN_POINT ( 'NONE',  ( 1.560515363671391986, 0.01574803149606299191, -0.5132625730204321002 ) ) ;
#1225 = CARTESIAN_POINT ( 'NONE',  ( 1.689011453713198829, 0.01574803149606299191, -0.7157743846298709745 ) ) ;
#1226 = CARTESIAN_POINT ( 'NONE',  ( 1.427597597673662344, 0.01574803149606299191, -0.5066997352566700030 ) ) ;
#1227 = PLANE ( 'NONE',  #2692 ) ;
#1228 = DIRECTION ( 'NONE',  ( 0.000000000000000000, 0.000000000000000000, 1.000000000000000000 ) ) ;
#1229 = CARTESIAN_POINT ( 'NONE',  ( 0.7248498183248278659, 0.01574803149606299191, -0.7392897378189623447 ) ) ;
#1230 = EDGE_CURVE ( 'NONE', #4392, #4687, #4611, .T. ) ;
#1231 = CARTESIAN_POINT ( 'NONE',  ( 1.496241987179905752, 2.134256245050205639E-18, -0.4893750000000001155 ) ) ;
#1232 = CARTESIAN_POINT ( 'NONE',  ( 2.079999999999999627, 0.1400000000000000133, -1.054999999999999938 ) ) ;
#1233 = CARTESIAN_POINT ( 'NONE',  ( 1.997065884624477983, 0.000000000000000000, -0.7356584067465468113 ) ) ;
#1234 = DIRECTION ( 'NONE',  ( 0.000000000000000000, 0.000000000000000000, 1.000000000000000000 ) ) ;
#1235 = LINE ( 'NONE', #775, #3299 ) ;
#1236 = CARTESIAN_POINT ( 'NONE',  ( 1.397427255402597046, 2.134256245050205639E-18, -0.7347834679733039609 ) ) ;
#1237 =( NAMED_UNIT ( * ) PLANE_ANGLE_UNIT ( ) SI_UNIT ( $, .RADIAN. ) );
#1238 = EDGE_LOOP ( 'NONE', ( #2436, #5540, #1853, #2187 ) ) ;
#1239 = ORIENTED_EDGE ( 'NONE', *, *, #4876, .T. ) ;
#1240 = CARTESIAN_POINT ( 'NONE',  ( 0.7412875443072729498, 0.000000000000000000, -0.7315630477927050901 ) ) ;
#1241 = CARTESIAN_POINT ( 'NONE',  ( 1.552658766736872975, 0.01574803149606299191, -0.7355145572601897719 ) ) ;
#1242 = CARTESIAN_POINT ( 'NONE',  ( 0.8311052684299053972, 0.01574803149606299191, -0.7079785156249999156 ) ) ;
#1243 = CARTESIAN_POINT ( 'NONE',  ( 1.107339530997315746, 0.01574803149606299191, -0.6543145289080799509 ) ) ;
#1244 = ORIENTED_EDGE ( 'NONE', *, *, #3111, .F. ) ;
#1245 = PRODUCT_DEFINITION ( 'UNKNOWN', '', #594, #6014 ) ;
#1246 = CARTESIAN_POINT ( 'NONE',  ( 1.890142677013845196, 0.01574803149606299191, -0.6538268478142293949 ) ) ;
#1247 = LINE ( 'NONE', #3158, #6297 ) ;
#1248 = CARTESIAN_POINT ( 'NONE',  ( 0.7166972805375858568, 2.134256245050205639E-18, -0.7390839934332873451 ) ) ;
#1249 = CARTESIAN_POINT ( 'NONE',  ( 1.833607059997175659, 6.402768735150616918E-18, -0.6500644315707517773 ) ) ;
#1250 = FILL_AREA_STYLE_COLOUR ( '', #3931 ) ;
#1251 = CARTESIAN_POINT ( 'NONE',  ( 1.542791287405409717, 6.402768735150616918E-18, -0.7332006196461090530 ) ) ;
#1252 = CARTESIAN_POINT ( 'NONE',  ( 1.979306421502357916, 0.000000000000000000, -0.6665005902013986239 ) ) ;
#1253 = CARTESIAN_POINT ( 'NONE',  ( 1.984545047573996079, 2.134256245050205639E-18, -0.6406349633961228029 ) ) ;
#1254 = CARTESIAN_POINT ( 'NONE',  ( 1.892691377180733658, 0.01574803149606299191, -0.5872266457023426200 ) ) ;
#1255 = CARTESIAN_POINT ( 'NONE',  ( 1.051163031618342902, 0.000000000000000000, -0.6519758408726168408 ) ) ;
#1256 = CARTESIAN_POINT ( 'NONE',  ( 0.2000000000000000111, 0.07499999999999999722, -0.6149999999999999911 ) ) ;
#1257 = EDGE_CURVE ( 'NONE', #3651, #4788, #3660, .T. ) ;
#1258 = ADVANCED_FACE ( 'NONE', ( #2153 ), #4069, .T. ) ;
#1259 = B_SPLINE_CURVE_WITH_KNOTS ( 'NONE', 3,
 ( #2441, #3502, #4014, #4406, #1084, #2994, #2967, #1561, #2939, #4928, #5422, #1497, #4371 ),
 .UNSPECIFIED., .F., .F.,
 ( 4, 1, 1, 1, 1, 1, 1, 1, 1, 1, 4 ),
 ( 0.000000000000000000, 0.07535272531117850892, 0.1457101459564908996, 0.2120494024962112922, 0.2759698615500869590, 0.3943682188678130363, 0.5031898768367717434, 0.6106090348338225615, 0.7233993654665143991, 0.8507550168245121558, 1.000000000000000000 ),
 .UNSPECIFIED. ) ;
#1260 = CARTESIAN_POINT ( 'NONE',  ( 1.119425891385690042, 0.000000000000000000, -0.7351717324689980293 ) ) ;
#1261 = DIRECTION ( 'NONE',  ( -0.000000000000000000, -1.000000000000000000, -0.000000000000000000 ) ) ;
#1262 = CARTESIAN_POINT ( 'NONE',  ( 0.2000000000000000111, 0.07499999999999999722, -0.6149999999999999911 ) ) ;
#1263 = CARTESIAN_POINT ( 'NONE',  ( 1.377198421603221590, 0.01574803149606299191, -0.7175827911707547413 ) ) ;
#1264 = PLANE ( 'NONE',  #579 ) ;
#1265 = EDGE_LOOP ( 'NONE', ( #1185, #3077, #1021, #708 ) ) ;
#1266 = EDGE_LOOP ( 'NONE', ( #4853, #4246, #3760, #607 ) ) ;
#1267 = EDGE_LOOP ( 'NONE', ( #4704, #673, #5330, #5428, #5693, #6187 ) ) ;
#1268 = CARTESIAN_POINT ( 'NONE',  ( 0.9839861278049059079, 4.268512490100411279E-18, -0.7393750000000001155 ) ) ;
#1269 = CARTESIAN_POINT ( 'NONE',  ( 1.673936597650692137, 0.01574803149606299191, -0.6998280544597671460 ) ) ;
#1270 = CARTESIAN_POINT ( 'NONE',  ( 1.050929487179905975, 0.01574803149606299191, -0.6608593750000001377 ) ) ;
#1271 = VERTEX_POINT ( 'NONE', #1231 ) ;
#1272 = EDGE_CURVE ( 'NONE', #6121, #1036, #6317, .T. ) ;
#1273 = CARTESIAN_POINT ( 'NONE',  ( 2.229999999999999538, 0.06250000000000000000, -1.054999999999999938 ) ) ;
#1274 = CARTESIAN_POINT ( 'NONE',  ( 1.766896284054905619, 0.01574803149606299191, -0.7393750000000000044 ) ) ;
#1275 = CARTESIAN_POINT ( 'NONE',  ( 1.467706553724523966, 0.01574803149606299191, -0.5032050347491267006 ) ) ;
#1276 = FACE_OUTER_BOUND ( 'NONE', #4897, .T. ) ;
#1277 = CARTESIAN_POINT ( 'NONE',  ( 1.097832163975086095, -0.000000000000000000, -0.7308371393224524226 ) ) ;
#1278 = ORIENTED_EDGE ( 'NONE', *, *, #1346, .F. ) ;
#1279 = VECTOR ( 'NONE', #5897, 39.37007874015748143 ) ;
#1280 = CARTESIAN_POINT ( 'NONE',  ( 1.563345906875897251, 0.01574803149606299191, -0.7362254443784330693 ) ) ;
#1281 = CARTESIAN_POINT ( 'NONE',  ( 2.229999999999999538, 0.1400000000000000133, -1.104999999999999982 ) ) ;
#1282 = DIRECTION ( 'NONE',  ( 0.000000000000000000, 1.000000000000000000, 0.000000000000000000 ) ) ;
#1283 = CARTESIAN_POINT ( 'NONE',  ( 1.982074592300107074, 2.134256245050205639E-18, -0.6446385603825367516 ) ) ;
#1284 = VECTOR ( 'NONE', #861, 39.37007874015748143 ) ;
#1285 = DIRECTION ( 'NONE',  ( 0.000000000000000000, -1.000000000000000000, 0.000000000000000000 ) ) ;
#1286 = CARTESIAN_POINT ( 'NONE',  ( 0.2000000000000000111, 0.1400000000000000133, -0.5507499999999999618 ) ) ;
#1287 = CARTESIAN_POINT ( 'NONE',  ( 1.766896284054905619, 0.01574803149606299191, -0.7393750000000000044 ) ) ;
#1288 = ORIENTED_EDGE ( 'NONE', *, *, #5059, .F. ) ;
#1289 = VECTOR ( 'NONE', #2329, 39.37007874015748143 ) ;
#1290 = CARTESIAN_POINT ( 'NONE',  ( 0.6946794871799053528, 2.134256245050205639E-18, -0.5235546875000000044 ) ) ;
#1291 = ORIENTED_EDGE ( 'NONE', *, *, #4511, .F. ) ;
#1292 = LINE ( 'NONE', #2733, #5889 ) ;
#1293 = CARTESIAN_POINT ( 'NONE',  ( 1.378345129665667690, 2.134256245050205639E-18, -0.7205800435056687325 ) ) ;
#1294 = CARTESIAN_POINT ( 'NONE',  ( 0.7289193246192244846, 0.01574803149606299191, -0.4894478294210971026 ) ) ;
#1295 = EDGE_CURVE ( 'NONE', #4765, #5630, #1736, .T. ) ;
#1296 = VECTOR ( 'NONE', #2890, 39.37007874015748143 ) ;
#1297 = VERTEX_POINT ( 'NONE', #748 ) ;
#1298 = B_SPLINE_SURFACE_WITH_KNOTS ( 'NONE', 3, 1, ( 
 ( #1603, #5012 ),
 ( #644, #165 ),
 ( #2116, #279 ),
 ( #2713, #1689 ),
 ( #4203, #5580 ),
 ( #3604, #1220 ),
 ( #788, #2281 ),
 ( #6194, #1776 ),
 ( #1341, #2741 ),
 ( #4693, #3217 ),
 ( #348, #1268 ) ),
 .UNSPECIFIED., .F., .F., .F.,
 ( 4, 1, 1, 1, 1, 1, 1, 1, 4 ),
 ( 2, 2 ),
 ( 0.000000000000000000, 0.1578428353174667897, 0.2988651118194809442, 0.4256063816622773777, 0.5454550476073432019, 0.6584628360853416185, 0.7692520896568657562, 0.8804925052990102419, 1.000000000000000000 ),
 ( 0.000000000000000000, 1.000000000000000000 ),
 .UNSPECIFIED. ) ;
#1299 = VECTOR ( 'NONE', #4355, 39.37007874015748143 ) ;
#1300 = VERTEX_POINT ( 'NONE', #271 ) ;
#1301 = EDGE_CURVE ( 'NONE', #4832, #4309, #5469, .T. ) ;
#1302 = DIRECTION ( 'NONE',  ( 0.000000000000000000, 0.000000000000000000, 1.000000000000000000 ) ) ;
#1303 = CARTESIAN_POINT ( 'NONE',  ( 0.7626869087248968615, 0.000000000000000000, -0.5132015219545007501 ) ) ;
#1304 = ORIENTED_EDGE ( 'NONE', *, *, #72, .T. ) ;
#1305 = CARTESIAN_POINT ( 'NONE',  ( 1.504885159408923423, -2.134256245050205639E-18, -0.4903065445313095627 ) ) ;
#1306 = CARTESIAN_POINT ( 'NONE',  ( 0.8504840420974694171, 2.134256245050205639E-18, -0.7337022499453741409 ) ) ;
#1307 = CARTESIAN_POINT ( 'NONE',  ( 1.580519330929905486, 0.01574803149606299191, -0.7362499999999999600 ) ) ;
#1308 = ORIENTED_EDGE ( 'NONE', *, *, #6315, .F. ) ;
#1309 = ORIENTED_EDGE ( 'NONE', *, *, #2241, .T. ) ;
#1310 = CARTESIAN_POINT ( 'NONE',  ( 1.463816727537642803, 0.000000000000000000, -0.5107745593281035612 ) ) ;
#1311 = CARTESIAN_POINT ( 'NONE',  ( 1.678201197137761280, 0.01574803149606299191, -0.7052509260326546014 ) ) ;
#1312 = CARTESIAN_POINT ( 'NONE',  ( 1.489674841191251264, 1.707404996040164512E-17, -0.4896093089674877219 ) ) ;
#1313 = FACE_OUTER_BOUND ( 'NONE', #4245, .T. ) ;
#1314 = CARTESIAN_POINT ( 'NONE',  ( 1.050990762372156828, -0.000000000000000000, -0.6636299963044934858 ) ) ;
#1315 = EDGE_LOOP ( 'NONE', ( #4312, #4548, #5433, #3150 ) ) ;
#1316 = EDGE_CURVE ( 'NONE', #503, #2637, #1176, .T. ) ;
#1317 = CARTESIAN_POINT ( 'NONE',  ( 0.8759294871799053750, 0.000000000000000000, -0.4893750000000000044 ) ) ;
#1318 = CARTESIAN_POINT ( 'NONE',  ( 1.769923627804905752, 0.000000000000000000, -0.5331249999999999600 ) ) ;
#1319 = CARTESIAN_POINT ( 'NONE',  ( 1.240462753909512106, 0.01574803149606299191, -0.7152455378057739344 ) ) ;
#1320 = CARTESIAN_POINT ( 'NONE',  ( 1.836002695480820401, 0.000000000000000000, -0.5878216532983788767 ) ) ;
#1321 = CARTESIAN_POINT ( 'NONE',  ( 1.052239692446510944, 0.000000000000000000, -0.6434199382235037401 ) ) ;
#1322 = CARTESIAN_POINT ( 'NONE',  ( 0.7546439343552930890, 0.000000000000000000, -0.5023460579134045867 ) ) ;
#1323 = EDGE_LOOP ( 'NONE', ( #826, #2744, #3325, #4432 ) ) ;
#1324 = EDGE_CURVE ( 'NONE', #246, #5036, #6088, .T. ) ;
#1325 = EDGE_CURVE ( 'NONE', #2709, #4855, #6086, .T. ) ;
#1326 = CARTESIAN_POINT ( 'NONE',  ( 0.7024987142455111355, 0.01574803149606299191, -0.4977812166467366906 ) ) ;
#1327 = DIRECTION ( 'NONE',  ( 0.000000000000000000, -1.000000000000000000, -0.000000000000000000 ) ) ;
#1328 = VERTEX_POINT ( 'NONE', #5147 ) ;
#1329 = EDGE_CURVE ( 'NONE', #2772, #1781, #1292, .T. ) ;
#1330 = DIRECTION ( 'NONE',  ( 0.000000000000000000, 0.000000000000000000, 1.000000000000000000 ) ) ;
#1331 = CARTESIAN_POINT ( 'NONE',  ( 1.750779356921252639, 0.000000000000000000, -0.6932570329004636989 ) ) ;
#1332 = CARTESIAN_POINT ( 'NONE',  ( 1.657179487179905708, 0.01574803149606299191, -0.5913769531250000488 ) ) ;
#1333 = CARTESIAN_POINT ( 'NONE',  ( 1.010304487179905841, 0.01574803149606299191, -0.7072949218750000933 ) ) ;
#1334 = ORIENTED_EDGE ( 'NONE', *, *, #935, .T. ) ;
#1335 = B_SPLINE_CURVE_WITH_KNOTS ( 'NONE', 3,
 ( #1480, #1008, #2924, #2459, #3070, #1605, #618, #1133, #3632, #6068, #5104, #3580, #4489, #138, #6098 ),
 .UNSPECIFIED., .F., .F.,
 ( 4, 1, 1, 1, 1, 1, 1, 1, 1, 1, 1, 1, 4 ),
 ( 0.000000000000000000, 0.09205312451680723596, 0.1769450435511222830, 0.2538380710616470748, 0.3234417386752869161, 0.3904016918865663710, 0.4607757796727417476, 0.5324700122916071754, 0.6105580655028191028, 0.6951179418603872229, 0.7882534485539408609, 0.8894766297257150622, 1.000000000000000000 ),
 .UNSPECIFIED. ) ;
#1336 = VERTEX_POINT ( 'NONE', #3120 ) ;
#1337 = CARTESIAN_POINT ( 'NONE',  ( 1.383455271777545681, 0.000000000000000000, -0.7279091463883348156 ) ) ;
#1338 = LINE ( 'NONE', #5290, #4024 ) ;
#1339 = CARTESIAN_POINT ( 'NONE',  ( 1.925934603288674385, 0.01574803149606299191, -0.6353857216656664253 ) ) ;
#1340 = VERTEX_POINT ( 'NONE', #5544 ) ;
#1341 = CARTESIAN_POINT ( 'NONE',  ( 0.9894561831163073418, 0.01574803149606299191, -0.7390757100430840332 ) ) ;
#1342 = CARTESIAN_POINT ( 'NONE',  ( 0.8421573271858109333, 2.134256245050205639E-18, -0.7253841327795518268 ) ) ;
#1343 = DIRECTION ( 'NONE',  ( -0.1947149249117245684, 0.000000000000000000, 0.9808598768512357680 ) ) ;
#1344 = VERTEX_POINT ( 'NONE', #4595 ) ;
#1345 = ORIENTED_EDGE ( 'NONE', *, *, #4661, .F. ) ;
#1346 = EDGE_CURVE ( 'NONE', #401, #6168, #1235, .T. ) ;
#1347 = ORIENTED_EDGE ( 'NONE', *, *, #5635, .F. ) ;
#1348 = CARTESIAN_POINT ( 'NONE',  ( 1.766896284054905619, 0.000000000000000000, -0.7393750000000000044 ) ) ;
#1349 = CARTESIAN_POINT ( 'NONE',  ( 2.057179487179905397, 0.01574803149606299191, -0.6925000000000000044 ) ) ;
#1350 = DIRECTION ( 'NONE',  ( -0.000000000000000000, -1.000000000000000000, -0.000000000000000000 ) ) ;
#1351 = CARTESIAN_POINT ( 'NONE',  ( 2.016798627804905486, 0.01574803149606299191, -0.7362499999999999600 ) ) ;
#1352 = CARTESIAN_POINT ( 'NONE',  ( 1.409415925713246587, 0.000000000000000000, -0.4896533112033676916 ) ) ;
#1353 = ORIENTED_EDGE ( 'NONE', *, *, #5870, .F. ) ;
#1354 = LINE ( 'NONE', #3264, #1289 ) ;
#1355 = CARTESIAN_POINT ( 'NONE',  ( 2.027034734310539488, 0.01574803149606299191, -0.6269035143893506579 ) ) ;
#1356 = LINE ( 'NONE', #5174, #1010 ) ;
#1357 = CARTESIAN_POINT ( 'NONE',  ( 1.050929487179905975, -2.134256245050205639E-18, -0.6608593750000001377 ) ) ;
#1358 = B_SPLINE_SURFACE_WITH_KNOTS ( 'NONE', 3, 1, ( 
 ( #1523, #3436 ),
 ( #5414, #5110 ),
 ( #1163, #4526 ),
 ( #2094, #5557 ),
 ( #5019, #684 ),
 ( #1697, #256 ),
 ( #2614, #2640 ),
 ( #1226, #3135 ),
 ( #736, #5046 ),
 ( #1190, #4120 ),
 ( #3613, #4093 ) ),
 .UNSPECIFIED., .F., .F., .F.,
 ( 4, 1, 1, 1, 1, 1, 1, 1, 4 ),
 ( 2, 2 ),
 ( 0.000000000000000000, 0.1178289174662618122, 0.2298717041193024391, 0.3399627030475842471, 0.4535632596048721488, 0.5726946505010789279, 0.7001359251603210820, 0.8414316731342473821, 1.000000000000000000 ),
 ( 0.000000000000000000, 1.000000000000000000 ),
 .UNSPECIFIED. ) ;
#1359 = CARTESIAN_POINT ( 'NONE',  ( 1.054059603288675318, 8.537024980200822558E-18, -0.6353857216656665363 ) ) ;
#1360 = VERTEX_POINT ( 'NONE', #3596 ) ;
#1361 = EDGE_CURVE ( 'NONE', #5327, #2900, #1206, .T. ) ;
#1362 = CARTESIAN_POINT ( 'NONE',  ( 0.8937347775914286085, 0.000000000000000000, -0.7284242665971171204 ) ) ;
#1363 = ORIENTED_EDGE ( 'NONE', *, *, #3033, .F. ) ;
#1364 = CARTESIAN_POINT ( 'NONE',  ( 1.922986225091002144, 0.000000000000000000, -0.6690768429477937929 ) ) ;
#1365 = CARTESIAN_POINT ( 'NONE',  ( 2.112337753909511839, 0.000000000000000000, -0.7152455378057739344 ) ) ;
#1366 = CARTESIAN_POINT ( 'NONE',  ( 2.029786909054905220, 0.01574803149606299191, -0.6925000000000000044 ) ) ;
#1367 = ORIENTED_EDGE ( 'NONE', *, *, #1670, .F. ) ;
#1368 = DIRECTION ( 'NONE',  ( 0.000000000000000000, -1.000000000000000000, 0.000000000000000000 ) ) ;
#1369 = CARTESIAN_POINT ( 'NONE',  ( 0.7478044871799053306, 0.000000000000000000, -0.5706250000000000488 ) ) ;
#1370 = CARTESIAN_POINT ( 'NONE',  ( 1.996278443486029897, 0.01574803149606299191, -0.6319324330598173889 ) ) ;
#1371 = CARTESIAN_POINT ( 'NONE',  ( 0.7450025352503145681, 0.000000000000000000, -0.4939107330302300869 ) ) ;
#1372 = CARTESIAN_POINT ( 'NONE',  ( 1.657179487179905708, 0.000000000000000000, -0.5469433593750000488 ) ) ;
#1373 = CARTESIAN_POINT ( 'NONE',  ( 1.119425891385690042, 0.01574803149606299191, -0.7351717324689980293 ) ) ;
#1374 = ORIENTED_EDGE ( 'NONE', *, *, #5658, .F. ) ;
#1375 = ORIENTED_EDGE ( 'NONE', *, *, #2527, .F. ) ;
#1376 = CARTESIAN_POINT ( 'NONE',  ( 2.329999999999999627, 0.1700000000000018718, -0.9549999999999996270 ) ) ;
#1377 = ORIENTED_EDGE ( 'NONE', *, *, #2566, .F. ) ;
#1378 = DIRECTION ( 'NONE',  ( -0.000000000000000000, -1.000000000000000000, -0.000000000000000000 ) ) ;
#1379 = CARTESIAN_POINT ( 'NONE',  ( 1.664406049679905797, 0.01574803149606299191, -0.6747265625000000711 ) ) ;
#1380 = CARTESIAN_POINT ( 'NONE',  ( 1.769923627804905752, 0.01574803149606299191, -0.5331249999999999600 ) ) ;
#1381 = CARTESIAN_POINT ( 'NONE',  ( 1.463816727537642803, 1.707404996040164512E-17, -0.5107745593281035612 ) ) ;
#1382 = LINE ( 'NONE', #3260, #4023 ) ;
#1383 = CARTESIAN_POINT ( 'NONE',  ( 1.835792828667160537, 6.402768735150616918E-18, -0.6421749967205810927 ) ) ;
#1384 = ORIENTED_EDGE ( 'NONE', *, *, #3304, .F. ) ;
#1385 = FACE_OUTER_BOUND ( 'NONE', #1029, .T. ) ;
#1386 = LINE ( 'NONE', #5649, #2911 ) ;
#1387 = CARTESIAN_POINT ( 'NONE',  ( 1.113822422333190509, 0.000000000000000000, -0.5857795907696653481 ) ) ;
#1388 = CARTESIAN_POINT ( 'NONE',  ( 2.113429487179905308, 0.000000000000000000, -0.5214062499999999600 ) ) ;
#1389 = ORIENTED_EDGE ( 'NONE', *, *, #5106, .F. ) ;
#1390 = ADVANCED_FACE ( 'NONE', ( #4681 ), #218, .F. ) ;
#1391 = CIRCLE ( 'NONE', #2502, 0.1250000000000000000 ) ;
#1392 = CARTESIAN_POINT ( 'NONE',  ( 0.6964325878483179633, 2.134256245050205639E-18, -0.5087791208421069689 ) ) ;
#1393 = CARTESIAN_POINT ( 'NONE',  ( 1.957212064746079117, 0.000000000000000000, -0.7256772953896105660 ) ) ;
#1394 = CARTESIAN_POINT ( 'NONE',  ( 1.987745893429905264, 0.000000000000000000, -0.6829296874999999378 ) ) ;
#1395 = CARTESIAN_POINT ( 'NONE',  ( 0.9616892447190834581, 0.01574803149606299191, -0.7309173442086571715 ) ) ;
#1396 = VECTOR ( 'NONE', #4341, 39.37007874015748143 ) ;
#1397 = VECTOR ( 'NONE', #2057, 39.37007874015748143 ) ;
#1398 = ORIENTED_EDGE ( 'NONE', *, *, #3932, .F. ) ;
#1399 = EDGE_CURVE ( 'NONE', #4447, #1328, #4922, .T. ) ;
#1400 = DIRECTION ( 'NONE',  ( -0.000000000000000000, -1.000000000000000000, -0.000000000000000000 ) ) ;
#1401 = CARTESIAN_POINT ( 'NONE',  ( 0.7587084062087602332, 0.01574803149606299191, -0.5076686854596073051 ) ) ;
#1402 = CARTESIAN_POINT ( 'NONE',  ( 2.097721635246173832, 0.01574803149606299191, -0.4912065637766125370 ) ) ;
#1403 = AXIS2_PLACEMENT_3D ( 'NONE', #894, #2684, #1343 ) ;
#1404 = VECTOR ( 'NONE', #4506, 39.37007874015748143 ) ;
#1405 = FACE_OUTER_BOUND ( 'NONE', #4491, .T. ) ;
#1406 = CARTESIAN_POINT ( 'NONE',  ( 0.9990819392866335802, 0.01574803149606299191, -0.4939665818789647500 ) ) ;
#1407 = ORIENTED_EDGE ( 'NONE', *, *, #2205, .F. ) ;
#1408 = AXIS2_PLACEMENT_3D ( 'NONE', #951, #5249, #437 ) ;
#1409 = CARTESIAN_POINT ( 'NONE',  ( 0.7665544871799053750, 0.01574803149606299191, -0.5189160156250000044 ) ) ;
#1410 = B_SPLINE_SURFACE_WITH_KNOTS ( 'NONE', 3, 1, ( 
 ( #5997, #5028 ),
 ( #662, #2565 ),
 ( #3084, #2593 ),
 ( #4535, #2968 ),
 ( #4564, #3983 ),
 ( #5483, #4476 ),
 ( #4929, #6025 ) ),
 .UNSPECIFIED., .F., .F., .F.,
 ( 4, 1, 1, 1, 4 ),
 ( 2, 2 ),
 ( 0.000000000000000000, 0.2690630086932779830, 0.5190356294881061094, 0.7598120114060888941, 1.000000000000000000 ),
 ( 0.000000000000000000, 1.000000000000000000 ),
 .UNSPECIFIED. ) ;
#1411 = EDGE_LOOP ( 'NONE', ( #2164, #374, #1598, #3338 ) ) ;
#1412 = PLANE ( 'NONE',  #1507 ) ;
#1413 = CARTESIAN_POINT ( 'NONE',  ( 1.433115318383023640, 0.01574803149606299191, -0.7361275896145631492 ) ) ;
#1414 = CARTESIAN_POINT ( 'NONE',  ( 1.565724409054905397, 0.01574803149606299191, -0.7362499999999999600 ) ) ;
#1415 = CARTESIAN_POINT ( 'NONE',  ( 1.115870893429905752, 0.01574803149606299191, -0.6829296874999999378 ) ) ;
#1416 = DIRECTION ( 'NONE',  ( -1.000000000000000000, 0.000000000000000000, 0.000000000000000000 ) ) ;
#1417 = CARTESIAN_POINT ( 'NONE',  ( 1.664491007856813143, -0.000000000000000000, -0.6761815302582975251 ) ) ;
#1418 = VERTEX_POINT ( 'NONE', #6251 ) ;
#1419 = FACE_OUTER_BOUND ( 'NONE', #4295, .T. ) ;
#1420 = LINE ( 'NONE', #3335, #781 ) ;
#1421 = CARTESIAN_POINT ( 'NONE',  ( 1.712572332975243805, 0.000000000000000000, -0.5469684390282316677 ) ) ;
#1422 = FACE_BOUND ( 'NONE', #1267, .T. ) ;
#1423 = FACE_OUTER_BOUND ( 'NONE', #2711, .T. ) ;
#1424 = CARTESIAN_POINT ( 'NONE',  ( 1.691383674748812460, 0.000000000000000000, -0.6501121880039365530 ) ) ;
#1425 = ORIENTED_EDGE ( 'NONE', *, *, #3296, .F. ) ;
#1426 = ADVANCED_FACE ( 'NONE', ( #2864 ), #6321, .T. ) ;
#1427 = CARTESIAN_POINT ( 'NONE',  ( 1.804396425349244382, 0.01574803149606299191, -0.5411194729566484174 ) ) ;
#1428 = CARTESIAN_POINT ( 'NONE',  ( 1.987745893429905264, 0.000000000000000000, -0.6829296874999999378 ) ) ;
#1429 = CARTESIAN_POINT ( 'NONE',  ( 1.745283156712634565, 4.268512490100411279E-18, -0.6912848327287646200 ) ) ;
#1430 = CARTESIAN_POINT ( 'NONE',  ( 0.8591040579150183154, 0.01574803149606299191, -0.7378883234517279455 ) ) ;
#1431 = CARTESIAN_POINT ( 'NONE',  ( 1.718108001943642105, 0.000000000000000000, -0.6659397922214859156 ) ) ;
#1432 = DIRECTION ( 'NONE',  ( 0.000000000000000000, 0.000000000000000000, 1.000000000000000000 ) ) ;
#1433 = ORIENTED_EDGE ( 'NONE', *, *, #4454, .T. ) ;
#1434 = CARTESIAN_POINT ( 'NONE',  ( 1.995730721102108474, 0.000000000000000000, -0.5842720217304788743 ) ) ;
#1435 = CARTESIAN_POINT ( 'NONE',  ( 1.216824410802786138, 0.01574803149606299191, -0.4894783444736948708 ) ) ;
#1436 = CARTESIAN_POINT ( 'NONE',  ( 2.079396284054905397, 0.01574803149606299191, -0.7362499999999999600 ) ) ;
#1437 = ORIENTED_EDGE ( 'NONE', *, *, #3762, .F. ) ;
#1438 = CARTESIAN_POINT ( 'NONE',  ( 1.216824410802786138, 2.134256245050205639E-18, -0.4894783444736948708 ) ) ;
#1439 = CARTESIAN_POINT ( 'NONE',  ( 1.010241499067669357, 0.01574803149606299191, -0.5191350500798622702 ) ) ;
#1440 = B_SPLINE_CURVE_WITH_KNOTS ( 'NONE', 3,
 ( #4883, #3944, #5343, #4776, #5308, #4325, #5223, #4137, #3352, #2913, #5876 ),
 .UNSPECIFIED., .F., .F.,
 ( 4, 1, 1, 1, 1, 1, 1, 1, 4 ),
 ( 0.000000000000000000, 0.1229088741204394375, 0.2364516494111389144, 0.3479825443924757788, 0.4617666234886313448, 0.5802917925316443126, 0.7062604613274525711, 0.8451898420971099002, 1.000000000000000000 ),
 .UNSPECIFIED. ) ;
#1441 = CARTESIAN_POINT ( 'NONE',  ( 1.804500012064770953, 0.000000000000000000, -0.6878813029802639534 ) ) ;
#1442 = CARTESIAN_POINT ( 'NONE',  ( 1.230989168791269073, 0.000000000000000000, -0.7305022709825920169 ) ) ;
#1443 = CARTESIAN_POINT ( 'NONE',  ( 0.6947540883937034506, -0.000000000000000000, -0.5208762587359284657 ) ) ;
#1444 = CARTESIAN_POINT ( 'NONE',  ( 1.425377796716588374, 0.01574803149606299191, -0.5014018362069876389 ) ) ;
#1445 = CARTESIAN_POINT ( 'NONE',  ( 1.680909955929905664, 0.01574803149606299191, -0.5122265624999999822 ) ) ;
#1446 = CARTESIAN_POINT ( 'NONE',  ( 1.560304487179905664, 0.000000000000000000, -0.6799999999999999378 ) ) ;
#1447 = CARTESIAN_POINT ( 'NONE',  ( 1.997065884624477983, 0.000000000000000000, -0.7356584067465468113 ) ) ;
#1448 = VERTEX_POINT ( 'NONE', #5760 ) ;
#1449 = FACE_OUTER_BOUND ( 'NONE', #3277, .T. ) ;
#1450 = CARTESIAN_POINT ( 'NONE',  ( 1.453839067587300748, 0.01574803149606299191, -0.7296764973674428889 ) ) ;
#1451 = FACE_OUTER_BOUND ( 'NONE', #3891, .T. ) ;
#1452 = FACE_OUTER_BOUND ( 'NONE', #5665, .T. ) ;
#1453 = ORIENTED_EDGE ( 'NONE', *, *, #1045, .F. ) ;
#1454 = ORIENTED_EDGE ( 'NONE', *, *, #6177, .F. ) ;
#1455 = CARTESIAN_POINT ( 'NONE',  ( 1.694613477266188939, 0.01574803149606299191, -0.6237233461077282826 ) ) ;
#1456 = VERTEX_POINT ( 'NONE', #390 ) ;
#1457 = CARTESIAN_POINT ( 'NONE',  ( 1.725682410198084105, 4.268512490100411279E-18, -0.6760040987930447942 ) ) ;
#1458 = CARTESIAN_POINT ( 'NONE',  ( 1.185382510028260228, -0.000000000000000000, -0.5186778385476670250 ) ) ;
#1459 = FACE_OUTER_BOUND ( 'NONE', #1238, .T. ) ;
#1460 = CARTESIAN_POINT ( 'NONE',  ( 1.567419642280679648, 0.000000000000000000, -0.4974999878971747003 ) ) ;
#1461 = EDGE_CURVE ( 'NONE', #3357, #5672, #6074, .T. ) ;
#1463 = EDGE_CURVE ( 'NONE', #6168, #25, #898, .T. ) ;
#1462 = ORIENTED_EDGE ( 'NONE', *, *, #2648, .T. ) ;
#1464 = B_SPLINE_SURFACE_WITH_KNOTS ( 'NONE', 3, 1, ( 
 ( #5983, #4524 ),
 ( #3973, #1107 ),
 ( #1224, #734 ),
 ( #2612, #1611 ),
 ( #3528, #1137 ),
 ( #2663, #1578 ),
 ( #3491, #2582 ),
 ( #3044, #650 ),
 ( #171, #2120 ),
 ( #4555, #6043 ),
 ( #1669, #3582 ) ),
 .UNSPECIFIED., .F., .F., .F.,
 ( 4, 1, 1, 1, 1, 1, 1, 1, 4 ),
 ( 2, 2 ),
 ( 0.000000000000000000, 0.1398494190053519437, 0.2681627003714484592, 0.3889048537734010602, 0.5053543800120462448, 0.6211455851889932100, 0.7380783065581103530, 0.8631088051525332983, 1.000000000000000000 ),
 ( 0.000000000000000000, 1.000000000000000000 ),
 .UNSPECIFIED. ) ;
#1465 = DIRECTION ( 'NONE',  ( 0.000000000000000000, 0.000000000000000000, -1.000000000000000000 ) ) ;
#1466 = CARTESIAN_POINT ( 'NONE',  ( 2.013866381153823326, 0.01574803149606299191, -0.5831681608761836166 ) ) ;
#1467 = CARTESIAN_POINT ( 'NONE',  ( 2.083507787569097491, 0.01574803149606299191, -0.7362273807603317843 ) ) ;
#1468 = VERTEX_POINT ( 'NONE', #4873 ) ;
#1469 = CARTESIAN_POINT ( 'NONE',  ( 1.868989555706127792, 0.01574803149606299191, -0.6971243818934035330 ) ) ;
#1470 = CARTESIAN_POINT ( 'NONE',  ( 1.237685893904240775, 0.01574803149606299191, -0.5022764856182353466 ) ) ;
#1471 = CARTESIAN_POINT ( 'NONE',  ( 0.9894199094816070739, 0.01574803149606299191, -0.4896848526063652951 ) ) ;
#1472 = EDGE_CURVE ( 'NONE', #1360, #5524, #4830, .T. ) ;
#1473 = EDGE_LOOP ( 'NONE', ( #2587, #5270, #2594, #5401 ) ) ;
#1474 = CARTESIAN_POINT ( 'NONE',  ( 1.931919030121990399, 0.01574803149606299191, -0.6209116725288940097 ) ) ;
#1475 = CARTESIAN_POINT ( 'NONE',  ( 1.599321718607590759, 0.000000000000000000, -0.7330338142798326073 ) ) ;
#1476 = CARTESIAN_POINT ( 'NONE',  ( 1.680909955929905664, 0.01574803149606299191, -0.5122265624999999822 ) ) ;
#1477 = CARTESIAN_POINT ( 'NONE',  ( 1.496241987179905752, 0.01574803149606299191, -0.4893750000000001155 ) ) ;
#1478 = DIRECTION ( 'NONE',  ( 0.000000000000000000, 0.000000000000000000, 1.000000000000000000 ) ) ;
#1479 = CARTESIAN_POINT ( 'NONE',  ( 1.606691871339055222, 0.01574803149606299191, -0.4969210215378405127 ) ) ;
#1480 = CARTESIAN_POINT ( 'NONE',  ( 1.657179487179905708, 0.000000000000000000, -0.5469433593750000488 ) ) ;
#1481 = CARTESIAN_POINT ( 'NONE',  ( 1.924068291746614756, 0.01574803149606299191, -0.6770761326926550971 ) ) ;
#1482 = EDGE_CURVE ( 'NONE', #3263, #4966, #518, .T. ) ;
#1483 = ORIENTED_EDGE ( 'NONE', *, *, #1230, .T. ) ;
#1484 = CARTESIAN_POINT ( 'NONE',  ( 1.603529295976721780, 2.134256245050205639E-18, -0.7307674476966626864 ) ) ;
#1485 = CARTESIAN_POINT ( 'NONE',  ( 1.531593549679905575, 0.01574803149606299191, -0.5353710937500000266 ) ) ;
#1486 = CARTESIAN_POINT ( 'NONE',  ( 0.6946794871799053528, 0.01574803149606299191, -0.5235546875000000044 ) ) ;
#1487 = CARTESIAN_POINT ( 'NONE',  ( 1.769386518429905797, 0.01574803149606299191, -0.4893750000000000044 ) ) ;
#1488 = LINE ( 'NONE', #4778, #75 ) ;
#1489 = B_SPLINE_CURVE_WITH_KNOTS ( 'NONE', 3,
 ( #5979, #5611, #1691, #4602, #5041, #2170, #1638, #3041, #5078, #4087, #4552, #5014, #1243, #677, #251 ),
 .UNSPECIFIED., .F., .F.,
 ( 4, 1, 1, 1, 1, 1, 1, 1, 1, 1, 1, 1, 4 ),
 ( 0.000000000000000000, 0.1196246628663752143, 0.2282837097143243510, 0.3263627238658261542, 0.4152666510313158255, 0.4958568814466465247, 0.5702432826981826963, 0.6394510592149724726, 0.7065314550312626896, 0.7732900845859880246, 0.8425412606324502729, 0.9177644306273172736, 1.000000000000000000 ),
 .UNSPECIFIED. ) ;
#1490 = CARTESIAN_POINT ( 'NONE',  ( 1.766196029182908855, 0.000000000000000000, -0.6204474108498754248 ) ) ;
#1491 = EDGE_LOOP ( 'NONE', ( #5803, #3415, #2762, #5209 ) ) ;
#1492 = ORIENTED_EDGE ( 'NONE', *, *, #1142, .F. ) ;
#1493 = CARTESIAN_POINT ( 'NONE',  ( 1.798314247221638684, 0.01574803149606299191, -0.5381625900991808820 ) ) ;
#1494 = FACE_OUTER_BOUND ( 'NONE', #4189, .T. ) ;
#1495 = CARTESIAN_POINT ( 'NONE',  ( 1.776564252804905708, 0.01574803149606299191, -0.6016308593750000488 ) ) ;
#1496 = ADVANCED_FACE ( 'NONE', ( #937 ), #5265, .T. ) ;
#1497 = CARTESIAN_POINT ( 'NONE',  ( 0.8325133568397476980, -0.000000000000000000, -0.7102193113138469682 ) ) ;
#1498 = ORIENTED_EDGE ( 'NONE', *, *, #3304, .T. ) ;
#1499 = VECTOR ( 'NONE', #4266, 39.37007874015748143 ) ;
#1500 = CARTESIAN_POINT ( 'NONE',  ( 0.8759294871799053750, 0.000000000000000000, -0.4893750000000000044 ) ) ;
#1501 = CARTESIAN_POINT ( 'NONE',  ( 0.6962886798552460066, 0.000000000000000000, -0.7213397502294378594 ) ) ;
#1502 = CARTESIAN_POINT ( 'NONE',  ( 2.091062328429526662, 0.000000000000000000, -0.7352390000847036644 ) ) ;
#1503 = EDGE_LOOP ( 'NONE', ( #3366, #1179, #2013, #4677, #2477 ) ) ;
#1504 = CARTESIAN_POINT ( 'NONE',  ( 1.527352189719010322, 0.01574803149606299191, -0.5157819592465736624 ) ) ;
#1505 = PLANE ( 'NONE',  #276 ) ;
#1506 = AXIS2_PLACEMENT_3D ( 'NONE', #5416, #205, #6106 ) ;
#1507 = AXIS2_PLACEMENT_3D ( 'NONE', #1988, #5778, #3893 ) ;
#1508 = CARTESIAN_POINT ( 'NONE',  ( 1.664668896976415846, 0.01574803149606299191, -0.6792280049237870987 ) ) ;
#1509 = DIRECTION ( 'NONE',  ( 1.000000000000000000, -0.000000000000000000, 0.000000000000000000 ) ) ;
#1510 = ORIENTED_EDGE ( 'NONE', *, *, #4036, .T. ) ;
#1511 = EDGE_CURVE ( 'NONE', #627, #6063, #553, .T. ) ;
#1512 = CIRCLE ( 'NONE', #5893, 0.06250000000000001388 ) ;
#1513 = VERTEX_POINT ( 'NONE', #4907 ) ;
#1514 = CARTESIAN_POINT ( 'NONE',  ( 1.757303321649497541, 0.01574803149606299191, -0.4895486222519863095 ) ) ;
#1515 = CARTESIAN_POINT ( 'NONE',  ( 1.467706553724523966, 0.01574803149606299191, -0.5032050347491267006 ) ) ;
#1516 = CARTESIAN_POINT ( 'NONE',  ( 1.987745893429905264, 0.01574803149606299191, -0.6829296874999999378 ) ) ;
#1517 = DIRECTION ( 'NONE',  ( 1.000000000000000000, 0.000000000000000000, -0.000000000000000000 ) ) ;
#1518 = CARTESIAN_POINT ( 'NONE',  ( 0.7266619090549053528, 0.01574803149606299191, -0.4893750000000000044 ) ) ;
#1519 = VECTOR ( 'NONE', #6244, 39.37007874015748143 ) ;
#1520 = VERTEX_POINT ( 'NONE', #1890 ) ;
#1521 = AXIS2_PLACEMENT_3D ( 'NONE', #4477, #128, #2446 ) ;
#1522 = CARTESIAN_POINT ( 'NONE',  ( 1.219187328429527151, 1.067128122525102820E-17, -0.7352390000847036644 ) ) ;
#1523 = CARTESIAN_POINT ( 'NONE',  ( 1.404298627804905442, 0.01574803149606299191, -0.4893750000000000044 ) ) ;
#1524 = CARTESIAN_POINT ( 'NONE',  ( 1.447660429977835950, 0.000000000000000000, -0.7336199647703163240 ) ) ;
#1525 = B_SPLINE_SURFACE_WITH_KNOTS ( 'NONE', 3, 1, ( 
 ( #869, #3138 ),
 ( #291, #835 ),
 ( #2294, #4220 ),
 ( #5721, #6211 ),
 ( #4670, #3774 ),
 ( #1831, #740 ),
 ( #3699, #1793 ) ),
 .UNSPECIFIED., .F., .F., .F.,
 ( 4, 1, 1, 1, 4 ),
 ( 2, 2 ),
 ( 0.000000000000000000, 0.2690630086932790932, 0.5190356294881083299, 0.7598120114060945562, 1.000000000000000000 ),
 ( 0.000000000000000000, 1.000000000000000000 ),
 .UNSPECIFIED. ) ;
#1526 = PLANE ( 'NONE',  #1506 ) ;
#1527 = ORIENTED_EDGE ( 'NONE', *, *, #1808, .F. ) ;
#1528 = ORIENTED_EDGE ( 'NONE', *, *, #5635, .T. ) ;
#1529 = CARTESIAN_POINT ( 'NONE',  ( 1.832073469489249540, 0.000000000000000000, -0.5024235809266067720 ) ) ;
#1530 = CARTESIAN_POINT ( 'NONE',  ( 1.524806440304905530, 0.000000000000000000, -0.7020214843750001155 ) ) ;
#1531 = CARTESIAN_POINT ( 'NONE',  ( 0.9817295246001155329, 0.01574803149606299191, -0.4894666760164760877 ) ) ;
#1532 = CARTESIAN_POINT ( 'NONE',  ( 2.017677534054905575, 6.402768735150616918E-18, -0.5831250000000000044 ) ) ;
#1533 = EDGE_CURVE ( 'NONE', #1753, #4529, #5780, .T. ) ;
#1534 = DIRECTION ( 'NONE',  ( -1.000000000000000000, 0.000000000000000000, 0.000000000000000000 ) ) ;
#1535 = CARTESIAN_POINT ( 'NONE',  ( 2.080797318698867748, 0.01574803149606299191, -0.7362422922750070375 ) ) ;
#1536 = ORIENTED_EDGE ( 'NONE', *, *, #407, .F. ) ;
#1537 = CARTESIAN_POINT ( 'NONE',  ( 0.8972963424864434101, 0.01574803149606299191, -0.5017395451863837508 ) ) ;
#1538 = CARTESIAN_POINT ( 'NONE',  ( 0.8641409577175938050, 0.01574803149606299191, -0.4912404362675277802 ) ) ;
#1539 = CARTESIAN_POINT ( 'NONE',  ( 1.665900850217559626, 0.01574803149606299191, -0.6839488409616876208 ) ) ;
#1540 = FACE_OUTER_BOUND ( 'NONE', #5756, .T. ) ;
#1541 = ORIENTED_EDGE ( 'NONE', *, *, #2595, .T. ) ;
#1542 = VERTEX_POINT ( 'NONE', #2850 ) ;
#1543 = CARTESIAN_POINT ( 'NONE',  ( 1.957212064746079117, 0.000000000000000000, -0.7256772953896105660 ) ) ;
#1544 = CARTESIAN_POINT ( 'NONE',  ( 0.7375783214138085242, 0.01574803149606299191, -0.7350724542995681343 ) ) ;
#1545 = CARTESIAN_POINT ( 'NONE',  ( 1.387152977514224839, 0.01574803149606299191, -0.4938059999865766492 ) ) ;
#1546 = CARTESIAN_POINT ( 'NONE',  ( 1.602922912838602887, 0.01574803149606299191, -0.4935646415454433833 ) ) ;
#1547 = CARTESIAN_POINT ( 'NONE',  ( 1.889985985152423664, 0.01574803149606299191, -0.5745310507535678068 ) ) ;
#1548 = FACE_OUTER_BOUND ( 'NONE', #3656, .T. ) ;
#1549 = EDGE_CURVE ( 'NONE', #5155, #5036, #2387, .T. ) ;
#1550 = ORIENTED_EDGE ( 'NONE', *, *, #5588, .F. ) ;
#1551 = EDGE_CURVE ( 'NONE', #5863, #5547, #3834, .T. ) ;
#1552 = CARTESIAN_POINT ( 'NONE',  ( 1.211632787569097980, 0.01574803149606299191, -0.7362273807603317843 ) ) ;
#1553 = CARTESIAN_POINT ( 'NONE',  ( 1.464261349065736573, 0.01574803149606299191, -0.7043165516219213051 ) ) ;
#1554 = CARTESIAN_POINT ( 'NONE',  ( 1.508745516350300298, 0.01574803149606299191, -0.4915347143449858014 ) ) ;
#1555 = CARTESIAN_POINT ( 'NONE',  ( 1.751759565304905619, 0.01574803149606299191, -0.6237500000000000266 ) ) ;
#1556 = CARTESIAN_POINT ( 'NONE',  ( 1.979214530997315702, 0.01574803149606299191, -0.6543145289080800620 ) ) ;
#1557 = ORIENTED_EDGE ( 'NONE', *, *, #5870, .T. ) ;
#1558 = CARTESIAN_POINT ( 'NONE',  ( 1.771241987179906108, 0.01574803149606299191, -0.6956250000000001599 ) ) ;
#1559 = CARTESIAN_POINT ( 'NONE',  ( 1.680930020251101054, 0.01574803149606299191, -0.6224926959607453014 ) ) ;
#1560 = DIRECTION ( 'NONE',  ( -0.000000000000000000, -1.000000000000000000, -0.000000000000000000 ) ) ;
#1561 = CARTESIAN_POINT ( 'NONE',  ( 0.8458848803077126943, 0.000000000000000000, -0.7299017421335639577 ) ) ;
#1562 = CARTESIAN_POINT ( 'NONE',  ( 0.2000000000000000111, 0.07499999999999999722, -0.6792500000000000204 ) ) ;
#1563 = EDGE_CURVE ( 'NONE', #4990, #2328, #4837, .T. ) ;
#1564 = CARTESIAN_POINT ( 'NONE',  ( 1.894394208361081411, 0.000000000000000000, -0.6279784448590506329 ) ) ;
#1565 = CARTESIAN_POINT ( 'NONE',  ( 2.029786909054905220, 0.000000000000000000, -0.6268749999999999600 ) ) ;
#1566 = ORIENTED_EDGE ( 'NONE', *, *, #258, .T. ) ;
#1567 = CARTESIAN_POINT ( 'NONE',  ( 1.409419473140379742, 2.134256245050205639E-18, -0.7361919806855357074 ) ) ;
#1568 = CARTESIAN_POINT ( 'NONE',  ( 1.691386596499492745, 0.01574803149606299191, -0.5067145864463102889 ) ) ;
#1569 = CARTESIAN_POINT ( 'NONE',  ( 1.006420498838386912, 0.000000000000000000, -0.5022524685038082248 ) ) ;
#1570 = FACE_OUTER_BOUND ( 'NONE', #5245, .T. ) ;
#1571 = CARTESIAN_POINT ( 'NONE',  ( 2.079999999999999627, 0.1400000000000000133, -1.054999999999999938 ) ) ;
#1572 = FACE_BOUND ( 'NONE', #850, .T. ) ;
#1573 = LINE ( 'NONE', #5977, #1397 ) ;
#1574 = CARTESIAN_POINT ( 'NONE',  ( 0.8937347775914286085, 0.01574803149606299191, -0.7284242665971171204 ) ) ;
#1575 = CARTESIAN_POINT ( 'NONE',  ( 1.107179487179905886, 8.537024980200822558E-18, -0.6598339843750001821 ) ) ;
#1576 = ORIENTED_EDGE ( 'NONE', *, *, #4163, .F. ) ;
#1577 = CARTESIAN_POINT ( 'NONE',  ( 1.202595232313247609, 0.01574803149606299191, -0.4912707174611701255 ) ) ;
#1578 = CARTESIAN_POINT ( 'NONE',  ( 1.567419642280679648, 2.134256245050205639E-18, -0.4974999878971747003 ) ) ;
#1579 = LINE ( 'NONE', #3945, #4546 ) ;
#1580 = FACE_OUTER_BOUND ( 'NONE', #6094, .T. ) ;
#1581 = CARTESIAN_POINT ( 'NONE',  ( 1.761859233006684233, 0.000000000000000000, -0.6223503111505126473 ) ) ;
#1582 = CARTESIAN_POINT ( 'NONE',  ( 0.8478044871799053084, 0.000000000000000000, -0.5198437500000000488 ) ) ;
#1583 = ORIENTED_EDGE ( 'NONE', *, *, #2694, .T. ) ;
#1584 = CARTESIAN_POINT ( 'NONE',  ( 1.118735854456255119, 0.000000000000000000, -0.6853627314024504091 ) ) ;
#1585 = EDGE_CURVE ( 'NONE', #1542, #895, #5086, .T. ) ;
#1586 = CARTESIAN_POINT ( 'NONE',  ( 1.187103316266320263, 0.01574803149606299191, -0.5080936862799417808 ) ) ;
#1587 = CARTESIAN_POINT ( 'NONE',  ( 1.659822654122398156, 0.01574803149606299191, -0.6075281398586190873 ) ) ;
#1588 = CARTESIAN_POINT ( 'NONE',  ( 1.838429487179906063, 0.000000000000000000, -0.6155957031250001155 ) ) ;
#1589 = CARTESIAN_POINT ( 'NONE',  ( 2.029786909054905220, 0.000000000000000000, -0.6925000000000000044 ) ) ;
#1590 = EDGE_CURVE ( 'NONE', #332, #3132, #526, .T. ) ;
#1591 = DIRECTION ( 'NONE',  ( 0.000000000000000000, 0.000000000000000000, 1.000000000000000000 ) ) ;
#1592 = CARTESIAN_POINT ( 'NONE',  ( 1.979109395844689478, -0.000000000000000000, -0.6579403409033010020 ) ) ;
#1593 = ORIENTED_EDGE ( 'NONE', *, *, #3590, .T. ) ;
#1594 = LINE ( 'NONE', #2108, #3416 ) ;
#1595 = CARTESIAN_POINT ( 'NONE',  ( 1.769386518429905797, 0.000000000000000000, -0.4893750000000000044 ) ) ;
#1596 = CARTESIAN_POINT ( 'NONE',  ( 1.010304487179906063, 0.000000000000000000, -0.5216015625000001155 ) ) ;
#1597 = CARTESIAN_POINT ( 'NONE',  ( 1.950995435182996340, 0.01574803149606299191, -0.5999818517838255705 ) ) ;
#1598 = ORIENTED_EDGE ( 'NONE', *, *, #1463, .T. ) ;
#1599 = ADVANCED_FACE ( 'NONE', ( #225 ), #2634, .T. ) ;
#1600 = ORIENTED_EDGE ( 'NONE', *, *, #3671, .F. ) ;
#1601 = VECTOR ( 'NONE', #4039, 39.37007874015748854 ) ;
#1602 = CARTESIAN_POINT ( 'NONE',  ( 0.7477206009100992867, 4.268512490100411279E-18, -0.7110595137107713626 ) ) ;
#1603 = CARTESIAN_POINT ( 'NONE',  ( 1.010304487179905841, 0.01574803149606299191, -0.7072949218750000933 ) ) ;
#1604 = CARTESIAN_POINT ( 'NONE',  ( 0.8831483222728963023, 0.01574803149606299191, -0.7365684856197703967 ) ) ;
#1605 = CARTESIAN_POINT ( 'NONE',  ( 1.659002355286515629, 0.000000000000000000, -0.5325534197047187002 ) ) ;
#1606 = EDGE_LOOP ( 'NONE', ( #92, #1161, #5509, #4148 ) ) ;
#1607 = AXIS2_PLACEMENT_3D ( 'NONE', #1199, #3115, #2644 ) ;
#1608 = CARTESIAN_POINT ( 'NONE',  ( 1.529658595102607155, 0.01574803149606299191, -0.5252131334001274299 ) ) ;
#1609 = CARTESIAN_POINT ( 'NONE',  ( 1.612896946833452416, 0.01574803149606299191, -0.7146062921768565612 ) ) ;
#1610 = UNCERTAINTY_MEASURE_WITH_UNIT (LENGTH_MEASURE( 1.000000000000000082E-05 ), #342, 'distance_accuracy_value', 'NONE');
#1611 = CARTESIAN_POINT ( 'NONE',  ( 1.561903426995251865, 2.134256245050205639E-18, -0.5073008020406500895 ) ) ;
#1612 = VECTOR ( 'NONE', #5663, 39.37007874015748143 ) ;
#1613 = CARTESIAN_POINT ( 'NONE',  ( 1.712615238068587731, 0.01574803149606299191, -0.6583572771525912914 ) ) ;
#1614 = CARTESIAN_POINT ( 'NONE',  ( 1.792390993416857814, 6.402768735150616918E-18, -0.6929414081459976948 ) ) ;
#1615 = LINE ( 'NONE', #5346, #1014 ) ;
#1616 = ORIENTED_EDGE ( 'NONE', *, *, #407, .T. ) ;
#1617 = CARTESIAN_POINT ( 'NONE',  ( 0.9003140876050503838, 0.01574803149606299191, -0.7124100590933337696 ) ) ;
#1618 = VECTOR ( 'NONE', #498, 39.37007874015748143 ) ;
#1619 = CARTESIAN_POINT ( 'NONE',  ( 1.212719781241064609, 0.000000000000000000, -0.4894709107017727323 ) ) ;
#1620 = CARTESIAN_POINT ( 'NONE',  ( 1.774979853927590057, 0.000000000000000000, -0.6104769995186635212 ) ) ;
#1621 = CARTESIAN_POINT ( 'NONE',  ( 1.985958081255676522, 0.000000000000000000, -0.7345421172199687598 ) ) ;
#1622 = DIRECTION ( 'NONE',  ( 0.000000000000000000, -1.000000000000000000, 0.000000000000000000 ) ) ;
#1623 = EDGE_CURVE ( 'NONE', #3679, #4056, #1573, .T. ) ;
#1624 = B_SPLINE_SURFACE_WITH_KNOTS ( 'NONE', 3, 1, ( 
 ( #4000, #167 ),
 ( #3606, #2118 ),
 ( #4033, #6012 ),
 ( #3552, #5529 ),
 ( #1160, #199 ),
 ( #2145, #4060 ),
 ( #6040, #1665 ),
 ( #3100, #3726 ),
 ( #4140, #4244 ),
 ( #3155, #5670 ),
 ( #4764, #5772 ),
 ( #824, #3283 ),
 ( #5130, #1779 ),
 ( #3182, #309 ),
 ( #1270, #2779 ) ),
 .UNSPECIFIED., .F., .F., .F.,
 ( 4, 1, 1, 1, 1, 1, 1, 1, 1, 1, 1, 1, 4 ),
 ( 2, 2 ),
 ( 0.000000000000000000, 0.08979271063555817334, 0.1753942178141328634, 0.2588056349961301850, 0.3398127966891512086, 0.4200621604101829609, 0.4991223246882410258, 0.5788384868517739701, 0.6591082875927595230, 0.7411182879485643804, 0.8251094400327123601, 0.9110392593857606913, 1.000000000000000000 ),
 ( 0.000000000000000000, 1.000000000000000000 ),
 .UNSPECIFIED. ) ;
#1625 = CARTESIAN_POINT ( 'NONE',  ( 1.768400757564957182, 0.01574803149606299191, -0.5845930326826114243 ) ) ;
#1626 = CARTESIAN_POINT ( 'NONE',  ( 2.014297921151178894, 0.000000000000000000, -0.6276072213740757633 ) ) ;
#1627 = ORIENTED_EDGE ( 'NONE', *, *, #2223, .F. ) ;
#1628 = CARTESIAN_POINT ( 'NONE',  ( 0.8942947290157428064, 0.01574803149606299191, -0.4972820757421343441 ) ) ;
#1629 = CARTESIAN_POINT ( 'NONE',  ( 1.010240318423201833, -0.000000000000000000, -0.7097608649968422112 ) ) ;
#1630 = CARTESIAN_POINT ( 'NONE',  ( 1.666365687984099342, 0.01574803149606299191, -0.6656937951576626933 ) ) ;
#1631 = CARTESIAN_POINT ( 'NONE',  ( 0.9945664885472488281, 0.000000000000000000, -0.4912168270001306958 ) ) ;
#1632 = VERTEX_POINT ( 'NONE', #3457 ) ;
#1633 = ORIENTED_EDGE ( 'NONE', *, *, #5447, .T. ) ;
#1634 = ORIENTED_EDGE ( 'NONE', *, *, #6026, .T. ) ;
#1635 = CARTESIAN_POINT ( 'NONE',  ( 0.7478044871799054416, 4.268512490100411279E-18, -0.7087109375000000266 ) ) ;
#1636 = CARTESIAN_POINT ( 'NONE',  ( 1.376002534677285949, 0.01574803149606299191, -0.5174111302577745208 ) ) ;
#1637 = CARTESIAN_POINT ( 'NONE',  ( 2.029786909054905220, 0.01574803149606299191, -0.6925000000000000044 ) ) ;
#1638 = CARTESIAN_POINT ( 'NONE',  ( 1.124403443486030385, 0.01574803149606299191, -0.6319324330598170558 ) ) ;
#1639 = VERTEX_POINT ( 'NONE', #3550 ) ;
#1640 = ADVANCED_FACE ( 'NONE', ( #3098 ), #2311, .T. ) ;
#1641 = CARTESIAN_POINT ( 'NONE',  ( 1.145802534054905841, 0.01574803149606299191, -0.5831250000000000044 ) ) ;
#1642 = CARTESIAN_POINT ( 'NONE',  ( 0.6962886798552460066, 0.01574803149606299191, -0.7213397502294378594 ) ) ;
#1643 = CARTESIAN_POINT ( 'NONE',  ( 0.9541399169134242575, 0.000000000000000000, -0.7096467500054416400 ) ) ;
#1644 = DIRECTION ( 'NONE',  ( -0.000000000000000000, -1.000000000000000000, -0.000000000000000000 ) ) ;
#1645 = VERTEX_POINT ( 'NONE', #2550 ) ;
#1646 = CARTESIAN_POINT ( 'NONE',  ( 0.9990819392866335802, 0.000000000000000000, -0.4939665818789647500 ) ) ;
#1647 = CARTESIAN_POINT ( 'NONE',  ( 1.185382510028260228, 0.000000000000000000, -0.5186778385476670250 ) ) ;
#1648 = CARTESIAN_POINT ( 'NONE',  ( 1.776564252804905708, 0.000000000000000000, -0.6016308593750000488 ) ) ;
#1649 = LINE ( 'NONE', #1866, #2031 ) ;
#1650 = FACE_OUTER_BOUND ( 'NONE', #2421, .T. ) ;
#1651 = CARTESIAN_POINT ( 'NONE',  ( 1.758396792154359289, 0.01574803149606299191, -0.5810554274509128758 ) ) ;
#1652 = PLANE ( 'NONE',  #474 ) ;
#1653 = CARTESIAN_POINT ( 'NONE',  ( 0.9007052954871305195, 0.01574803149606299191, -0.5131930965690219004 ) ) ;
#1654 = CARTESIAN_POINT ( 'NONE',  ( 2.029786909054905220, 0.01574803149606299191, -0.6925000000000000044 ) ) ;
#1655 = CARTESIAN_POINT ( 'NONE',  ( 1.375929487179905486, 0.01574803149606299191, -0.7068066406249999822 ) ) ;
#1656 = ADVANCED_FACE ( 'NONE', ( #2087 ), #1298, .T. ) ;
#1657 = CARTESIAN_POINT ( 'NONE',  ( 0.9009294871799053972, 0.000000000000000000, -0.5198437500000000488 ) ) ;
#1658 = CARTESIAN_POINT ( 'NONE',  ( 1.515237353580049406, 0.000000000000000000, -0.4955375751385837080 ) ) ;
#1659 = VERTEX_POINT ( 'NONE', #5706 ) ;
#1660 = DIRECTION ( 'NONE',  ( -0.7071067811865455743, 0.000000000000000000, 0.7071067811865494601 ) ) ;
#1661 = CARTESIAN_POINT ( 'NONE',  ( 1.107179487179905886, 0.000000000000000000, -0.6598339843750001821 ) ) ;
#1662 = CARTESIAN_POINT ( 'NONE',  ( 1.668017666987040792, 0.01574803149606299191, -0.6175696235272623014 ) ) ;
#1663 = CARTESIAN_POINT ( 'NONE',  ( 2.029786909054905220, 2.134256245050205639E-18, -0.6925000000000000044 ) ) ;
#1664 = ADVANCED_FACE ( 'NONE', ( #2681 ), #5102, .T. ) ;
#1665 = CARTESIAN_POINT ( 'NONE',  ( 1.067656165635440191, 0.000000000000000000, -0.7112607086607196649 ) ) ;
#1666 = ORIENTED_EDGE ( 'NONE', *, *, #1461, .F. ) ;
#1667 = EDGE_CURVE ( 'NONE', #2990, #4021, #2251, .T. ) ;
#1668 = B_SPLINE_CURVE_WITH_KNOTS ( 'NONE', 3,
 ( #5518, #2478, #4480, #131, #4411, #5944, #5911, #1538, #1061, #2049, #2974 ),
 .UNSPECIFIED., .F., .F.,
 ( 4, 1, 1, 1, 1, 1, 1, 1, 4 ),
 ( 0.000000000000000000, 0.1401180047643451332, 0.2686100580034988528, 0.3908975091221431053, 0.5089641436815214304, 0.6263889689773974867, 0.7425663412124188234, 0.8660351272880012496, 1.000000000000000000 ),
 .UNSPECIFIED. ) ;
#1669 = CARTESIAN_POINT ( 'NONE',  ( 1.588527143429905530, 0.01574803149606299191, -0.4893750000000000044 ) ) ;
#1670 = EDGE_CURVE ( 'NONE', #713, #1722, #214, .T. ) ;
#1671 = FACE_OUTER_BOUND ( 'NONE', #1839, .T. ) ;
#1672 = CARTESIAN_POINT ( 'NONE',  ( 0.9817290272152714437, 0.000000000000000000, -0.7392844530789838275 ) ) ;
#1673 = CARTESIAN_POINT ( 'NONE',  ( 0.8494475127983880380, 0.000000000000000000, -0.5074720540016978143 ) ) ;
#1674 = ORIENTED_EDGE ( 'NONE', *, *, #1295, .F. ) ;
#1675 = CARTESIAN_POINT ( 'NONE',  ( 2.229999999999999538, 0.000000000000000000, -0.1250000000000000278 ) ) ;
#1676 = CARTESIAN_POINT ( 'NONE',  ( 1.613350864161711806, 2.134256245050205639E-18, -0.5172499027416601614 ) ) ;
#1677 = CARTESIAN_POINT ( 'NONE',  ( 0.8994370279011818514, 0.000000000000000000, -0.5070591035736968788 ) ) ;
#1678 = CARTESIAN_POINT ( 'NONE',  ( 1.820855657916423453, 0.01574803149606299191, -0.4977059771700541035 ) ) ;
#1679 = EDGE_CURVE ( 'NONE', #1753, #1717, #40, .T. ) ;
#1680 = CARTESIAN_POINT ( 'NONE',  ( 0.6946794871799053528, 0.000000000000000000, -0.7089062499999998490 ) ) ;
#1681 = CARTESIAN_POINT ( 'NONE',  ( 2.079999999999999627, 0.3149999999999992251, -1.054999999999999938 ) ) ;
#1682 = DIRECTION ( 'NONE',  ( 0.9999999921008492221, 0.000000000000000000, -0.0001256912946021341237 ) ) ;
#1683 = CARTESIAN_POINT ( 'NONE',  ( 1.379717071670105266, 0.01574803149606299191, -0.7233376626297155498 ) ) ;
#1684 = CARTESIAN_POINT ( 'NONE',  ( 1.003085492958266656, 0.000000000000000000, -0.4976146864655981439 ) ) ;
#1685 = FACE_OUTER_BOUND ( 'NONE', #6133, .T. ) ;
#1686 = VERTEX_POINT ( 'NONE', #5298 ) ;
#1687 = ORIENTED_EDGE ( 'NONE', *, *, #1585, .F. ) ;
#1688 = CARTESIAN_POINT ( 'NONE',  ( 1.922986225091002144, 0.000000000000000000, -0.6690768429477937929 ) ) ;
#1689 = CARTESIAN_POINT ( 'NONE',  ( 1.008685021262136328, 4.268512490100411279E-18, -0.7209525945835419947 ) ) ;
#1690 = CARTESIAN_POINT ( 'NONE',  ( 2.022310854072205011, 2.134256245050205639E-18, -0.6924205760502365470 ) ) ;
#1691 = CARTESIAN_POINT ( 'NONE',  ( 1.149907668011070472, 0.01574803149606299191, -0.6269579293438025669 ) ) ;
#1692 = EDGE_CURVE ( 'NONE', #4313, #4056, #4888, .T. ) ;
#1693 = ORIENTED_EDGE ( 'NONE', *, *, #5318, .T. ) ;
#1694 = VECTOR ( 'NONE', #572, 39.37007874015748143 ) ;
#1695 = CARTESIAN_POINT ( 'NONE',  ( 2.080797318698867748, 0.01574803149606299191, -0.7362422922750070375 ) ) ;
#1696 = CARTESIAN_POINT ( 'NONE',  ( 1.754690887052041459, 0.01574803149606299191, -0.7391306120520303446 ) ) ;
#1697 = CARTESIAN_POINT ( 'NONE',  ( 1.422321296183318928, 0.01574803149606299191, -0.4970202175162799496 ) ) ;
#1698 = CARTESIAN_POINT ( 'NONE',  ( 0.9582350277136064687, 0.000000000000000000, -0.7261417824543621169 ) ) ;
#1699 = AXIS2_PLACEMENT_3D ( 'NONE', #1256, #3200, #3511 ) ;
#1700 = PLANE ( 'NONE',  #4434 ) ;
#1701 = AXIS2_PLACEMENT_3D ( 'NONE', #6109, #1282, #5536 ) ;
#1702 = CARTESIAN_POINT ( 'NONE',  ( 1.795121136997139821, 0.01574803149606299191, -0.7374563110120658793 ) ) ;
#1703 = AXIS2_PLACEMENT_3D ( 'NONE', #3355, #1509, #1921 ) ;
#1704 = CARTESIAN_POINT ( 'NONE',  ( 0.7241447959337304896, 0.01574803149606299191, -0.4894625474206326099 ) ) ;
#1705 = VECTOR ( 'NONE', #5973, 39.37007874015748143 ) ;
#1706 = CARTESIAN_POINT ( 'NONE',  ( 0.9540544871799059301, 0.01574803149606299191, -0.5216015625000000044 ) ) ;
#1707 = CARTESIAN_POINT ( 'NONE',  ( 1.820855657916423453, 6.402768735150616918E-18, -0.4977059771700541035 ) ) ;
#1708 = CARTESIAN_POINT ( 'NONE',  ( 1.985697422333190021, 6.402768735150616918E-18, -0.5857795907696653481 ) ) ;
#1709 = VECTOR ( 'NONE', #3464, 39.37007874015748143 ) ;
#1710 = CARTESIAN_POINT ( 'NONE',  ( 0.9858525161510304224, 0.01574803149606299191, -0.7392728819672014229 ) ) ;
#1711 = CARTESIAN_POINT ( 'NONE',  ( 0.9009294871799053972, 0.01574803149606299191, -0.5198437500000000488 ) ) ;
#1712 = DIRECTION ( 'NONE',  ( 0.1910251177206492290, 0.000000000000000000, 0.9815851488280638026 ) ) ;
#1713 = AXIS2_PLACEMENT_3D ( 'NONE', #2282, #5741, #4763 ) ;
#1714 = CARTESIAN_POINT ( 'NONE',  ( 2.080408026208834471, 0.01574803149606299191, -0.4896555717446321454 ) ) ;
#1715 = ORIENTED_EDGE ( 'NONE', *, *, #2067, .T. ) ;
#1716 = EDGE_CURVE ( 'NONE', #5036, #1195, #1769, .T. ) ;
#1717 = VERTEX_POINT ( 'NONE', #2455 ) ;
#1718 = CARTESIAN_POINT ( 'NONE',  ( 2.029786909054905220, 0.000000000000000000, -0.6268749999999999600 ) ) ;
#1719 = CARTESIAN_POINT ( 'NONE',  ( 1.558888402621585678, 0.01574803149606299191, -0.7361794251699712577 ) ) ;
#1720 = CARTESIAN_POINT ( 'NONE',  ( 1.673936597650692137, -2.134256245050205639E-18, -0.6998280544597671460 ) ) ;
#1721 = FACE_BOUND ( 'NONE', #2580, .T. ) ;
#1722 = VERTEX_POINT ( 'NONE', #388 ) ;
#1723 = CARTESIAN_POINT ( 'NONE',  ( 1.808186265675640669, 0.01574803149606299191, -0.7347176547495120058 ) ) ;
#1724 = CARTESIAN_POINT ( 'NONE',  ( 1.695739057791677995, 0.01574803149606299191, -0.7206459225298146309 ) ) ;
#1725 = CARTESIAN_POINT ( 'NONE',  ( 0.7230486278049053084, 2.134256245050205639E-18, -0.7393750000000000044 ) ) ;
#1726 = EDGE_CURVE ( 'NONE', #1862, #5864, #4870, .T. ) ;
#1727 = CARTESIAN_POINT ( 'NONE',  ( 1.060044030121990666, 0.01574803149606299191, -0.6209116725288940097 ) ) ;
#1728 = ADVANCED_FACE ( 'NONE', ( #2323 ), #1412, .F. ) ;
#1729 = CARTESIAN_POINT ( 'NONE',  ( 1.547304550103224097, 0.01574803149606299191, -0.7346194713301407164 ) ) ;
#1730 = CARTESIAN_POINT ( 'NONE',  ( 1.602922912838602887, 2.134256245050205639E-18, -0.4935646415454433833 ) ) ;
#1731 = CARTESIAN_POINT ( 'NONE',  ( 1.776485828945926215, -0.000000000000000000, -0.6031878490030767592 ) ) ;
#1732 = CARTESIAN_POINT ( 'NONE',  ( 2.014454538516512905, 0.01574803149606299191, -0.7362508006461742083 ) ) ;
#1733 = CARTESIAN_POINT ( 'NONE',  ( 2.029786909054905220, 0.01574803149606299191, -0.6925000000000000044 ) ) ;
#1734 = CARTESIAN_POINT ( 'NONE',  ( 1.769386518429905797, 0.01574803149606299191, -0.4893750000000000044 ) ) ;
#1735 = FACE_OUTER_BOUND ( 'NONE', #6285, .T. ) ;
#1736 = LINE ( 'NONE', #2136, #6301 ) ;
#1737 = CARTESIAN_POINT ( 'NONE',  ( 2.064929235405824404, 0.01574803149606299191, -0.4978859496103231752 ) ) ;
#1738 = ADVANCED_FACE ( 'NONE', ( #4247 ), #1857, .F. ) ;
#1739 = ORIENTED_EDGE ( 'NONE', *, *, #5339, .F. ) ;
#1740 = ORIENTED_EDGE ( 'NONE', *, *, #4173, .F. ) ;
#1741 = VERTEX_POINT ( 'NONE', #421 ) ;
#1742 = FACE_OUTER_BOUND ( 'NONE', #4107, .T. ) ;
#1743 = CARTESIAN_POINT ( 'NONE',  ( 1.528193775660272591, 0.01574803149606299191, -0.7140213084126223464 ) ) ;
#1744 = CARTESIAN_POINT ( 'NONE',  ( 0.8591040579150183154, 2.134256245050205639E-18, -0.7378883234517279455 ) ) ;
#1745 = CARTESIAN_POINT ( 'NONE',  ( 1.663883044790278154, 0.01574803149606299191, -0.5243648215944163304 ) ) ;
#1746 = ORIENTED_EDGE ( 'NONE', *, *, #3030, .F. ) ;
#1747 = B_SPLINE_SURFACE_WITH_KNOTS ( 'NONE', 3, 1, ( 
 ( #4613, #5092 ),
 ( #1732, #5056 ),
 ( #2155, #2237 ),
 ( #2646, #769 ),
 ( #717, #1233 ),
 ( #4644, #295 ),
 ( #5996, #1621 ),
 ( #5597, #3536 ),
 ( #5513, #4534 ),
 ( #6084, #3053 ),
 ( #2592, #2131 ) ),
 .UNSPECIFIED., .F., .F., .F.,
 ( 4, 1, 1, 1, 1, 1, 1, 1, 4 ),
 ( 2, 2 ),
 ( 0.000000000000000000, 0.1569433403011107064, 0.3052641691385835077, 0.4438862275305962002, 0.5729504529666084034, 0.6925868846920740785, 0.8040351933094590509, 0.9064180598495786834, 1.000000000000000000 ),
 ( 0.000000000000000000, 1.000000000000000000 ),
 .UNSPECIFIED. ) ;
#1748 = LINE ( 'NONE', #3657, #3312 ) ;
#1749 = CARTESIAN_POINT ( 'NONE',  ( 2.058978316266319997, 0.01574803149606299191, -0.5080936862799417808 ) ) ;
#1750 = DIRECTION ( 'NONE',  ( 0.000000000000000000, 0.000000000000000000, 1.000000000000000000 ) ) ;
#1751 = FACE_OUTER_BOUND ( 'NONE', #6203, .T. ) ;
#1752 = CARTESIAN_POINT ( 'NONE',  ( 1.678201197137761280, 0.000000000000000000, -0.7052509260326546014 ) ) ;
#1753 = VERTEX_POINT ( 'NONE', #2352 ) ;
#1754 = CARTESIAN_POINT ( 'NONE',  ( 1.529863366413430237, 6.402768735150616918E-18, -0.7188059347168455071 ) ) ;
#1755 = CARTESIAN_POINT ( 'NONE',  ( 0.2000000000000000111, 0.1400000000000000133, -0.5507499999999999618 ) ) ;
#1756 = EDGE_CURVE ( 'NONE', #713, #1418, #4280, .T. ) ;
#1757 = LINE ( 'NONE', #2621, #5372 ) ;
#1758 = CARTESIAN_POINT ( 'NONE',  ( 1.996278443486029897, 0.01574803149606299191, -0.6319324330598173889 ) ) ;
#1759 = CARTESIAN_POINT ( 'NONE',  ( 1.824487736825889606, 0.000000000000000000, -0.5593313761245476412 ) ) ;
#1760 = DIRECTION ( 'NONE',  ( 1.000000000000000000, 0.000000000000000000, 1.724651511151681521E-17 ) ) ;
#1761 = CARTESIAN_POINT ( 'NONE',  ( 1.959995555432552550, 6.402768735150616918E-18, -0.5942874467830964180 ) ) ;
#1762 = DIRECTION ( 'NONE',  ( 0.000000000000000000, 0.000000000000000000, 1.000000000000000000 ) ) ;
#1763 = EDGE_CURVE ( 'NONE', #841, #549, #1104, .T. ) ;
#1764 = B_SPLINE_SURFACE_WITH_KNOTS ( 'NONE', 3, 1, ( 
 ( #4482, #3512 ),
 ( #1126, #669 ),
 ( #220, #3003 ),
 ( #2186, #1631 ),
 ( #5521, #2572 ),
 ( #4971, #1684 ),
 ( #2138, #1569 ),
 ( #2542, #161 ),
 ( #3480, #1092 ),
 ( #5459, #5972 ),
 ( #4513, #1596 ) ),
 .UNSPECIFIED., .F., .F., .F.,
 ( 4, 1, 1, 1, 1, 1, 1, 1, 4 ),
 ( 2, 2 ),
 ( 0.000000000000000000, 0.1182764693417158869, 0.2293361993440335977, 0.3395720181782663771, 0.4538680160291304055, 0.5741236693671500912, 0.7016203289588394121, 0.8424135457246765268, 1.000000000000000000 ),
 ( 0.000000000000000000, 1.000000000000000000 ),
 .UNSPECIFIED. ) ;
#1765 = LINE ( 'NONE', #3745, #4846 ) ;
#1766 = CARTESIAN_POINT ( 'NONE',  ( 1.740454092043963064, 0.01574803149606299191, -0.6888545350961746694 ) ) ;
#1767 = CARTESIAN_POINT ( 'NONE',  ( 2.061409850723055381, 0.01574803149606299191, -0.5025771258101796590 ) ) ;
#1768 = CARTESIAN_POINT ( 'NONE',  ( 2.091062328429526662, 0.000000000000000000, -0.7352390000847036644 ) ) ;
#1769 = B_SPLINE_CURVE_WITH_KNOTS ( 'NONE', 3,
 ( #519, #4351, #487, #1957, #2422, #5847, #3861, #450, #2385, #5881, #1475, #1002, #4735, #2919, #5816 ),
 .UNSPECIFIED., .F., .F.,
 ( 4, 1, 1, 1, 1, 1, 1, 1, 1, 1, 1, 1, 4 ),
 ( 0.000000000000000000, 0.08052749546006585102, 0.1557511882370008760, 0.2241427968279403882, 0.2877648094757402353, 0.3477864607779119210, 0.4043844265791493031, 0.4586476125116776825, 0.5125118302262239300, 0.6218513028698997580, 0.7381902753420745977, 0.8627846496160036516, 1.000000000000000000 ),
 .UNSPECIFIED. ) ;
#1770 = ADVANCED_FACE ( 'NONE', ( #3345 ), #4267, .F. ) ;
#1771 = ORIENTED_EDGE ( 'NONE', *, *, #647, .T. ) ;
#1772 = VERTEX_POINT ( 'NONE', #1908 ) ;
#1773 = LINE ( 'NONE', #3680, #1612 ) ;
#1774 = DIRECTION ( 'NONE',  ( 0.000000000000000000, -1.000000000000000000, 0.000000000000000000 ) ) ;
#1775 = B_SPLINE_CURVE_WITH_KNOTS ( 'NONE', 3,
 ( #3756, #1435, #1882, #2873, #4202, #6294, #1915, #957, #3790, #6191, #3350 ),
 .UNSPECIFIED., .F., .F.,
 ( 4, 1, 1, 1, 1, 1, 1, 1, 4 ),
 ( 0.000000000000000000, 0.1229088741204422824, 0.2364516494111417177, 0.3479825443924760009, 0.4617666234886315113, 0.5802917925316444236, 0.7062604613274525711, 0.8451898420971099002, 1.000000000000000000 ),
 .UNSPECIFIED. ) ;
#1776 = CARTESIAN_POINT ( 'NONE',  ( 0.9946093181914842374, 4.268512490100411279E-18, -0.7375105510891896143 ) ) ;
#1777 = CARTESIAN_POINT ( 'NONE',  ( 0.8458848803077126943, 2.134256245050205639E-18, -0.7299017421335639577 ) ) ;
#1778 = EDGE_CURVE ( 'NONE', #6229, #1520, #3431, .T. ) ;
#1779 = CARTESIAN_POINT ( 'NONE',  ( 1.051111225091001966, 0.000000000000000000, -0.6690768429477933488 ) ) ;
#1780 = ORIENTED_EDGE ( 'NONE', *, *, #4359, .F. ) ;
#1781 = VERTEX_POINT ( 'NONE', #1333 ) ;
#1782 = CARTESIAN_POINT ( 'NONE',  ( 1.892708143753448535, 0.01574803149606299191, -0.6411864590076461479 ) ) ;
#1783 = CARTESIAN_POINT ( 'NONE',  ( 1.531593549679905575, 0.000000000000000000, -0.5353710937500000266 ) ) ;
#1784 = CARTESIAN_POINT ( 'NONE',  ( 1.483617750234937915, 0.01574803149606299191, -0.4908385602056248298 ) ) ;
#1785 = ADVANCED_FACE ( 'NONE', ( #4756 ), #3242, .T. ) ;
#1786 = CARTESIAN_POINT ( 'NONE',  ( 1.691383674748812460, -0.000000000000000000, -0.6501121880039365530 ) ) ;
#1787 = CARTESIAN_POINT ( 'NONE',  ( 1.838429487179906063, 0.01574803149606299191, -0.6155957031250001155 ) ) ;
#1788 = CARTESIAN_POINT ( 'NONE',  ( 1.063098356008050915, 0.000000000000000000, -0.7053616767970833923 ) ) ;
#1789 = EDGE_LOOP ( 'NONE', ( #703, #672, #1278, #45, #3839, #4574, #158, #1666, #2408, #2054, #4007, #5969, #1947, #2048, #2617, #2062, #5980, #2364, #5743, #1925 ) ) ;
#1790 = CARTESIAN_POINT ( 'NONE',  ( 1.427597597673662344, 0.01574803149606299191, -0.5066997352566700030 ) ) ;
#1791 = VECTOR ( 'NONE', #5796, 39.37007874015748143 ) ;
#1792 = B_SPLINE_CURVE_WITH_KNOTS ( 'NONE', 3,
 ( #5040, #3551, #137, #3039, #1132, #3130, #2635, #3486, #2659, #676, #2169 ),
 .UNSPECIFIED., .F., .F.,
 ( 4, 1, 1, 1, 1, 1, 1, 1, 4 ),
 ( 0.000000000000000000, 0.1395642491078828151, 0.2676158841578833436, 0.3871625851447760835, 0.5033746567004202532, 0.6189297495907163382, 0.7365412102021500207, 0.8613167564720007885, 1.000000000000000000 ),
 .UNSPECIFIED. ) ;
#1793 = CARTESIAN_POINT ( 'NONE',  ( 1.987745893429905264, 0.000000000000000000, -0.6829296874999999378 ) ) ;
#1794 = EDGE_CURVE ( 'NONE', #4515, #5277, #2406, .T. ) ;
#1795 = CARTESIAN_POINT ( 'NONE',  ( 1.761735317671229817, 0.01574803149606299191, -0.5332466344749231535 ) ) ;
#1796 = CARTESIAN_POINT ( 'NONE',  ( 1.241468419633695586, 1.067128122525102820E-17, -0.7077921830871947151 ) ) ;
#1797 = VECTOR ( 'NONE', #6219, 39.37007874015748143 ) ;
#1798 = LINE ( 'NONE', #4224, #1923 ) ;
#1799 = CARTESIAN_POINT ( 'NONE',  ( 0.7626869087248968615, 0.01574803149606299191, -0.5132015219545007501 ) ) ;
#1800 = CARTESIAN_POINT ( 'NONE',  ( 1.613429487179905530, 0.000000000000000000, -0.7068066406249999822 ) ) ;
#1801 = VERTEX_POINT ( 'NONE', #4720 ) ;
#1802 = AXIS2_PLACEMENT_3D ( 'NONE', #865, #1416, #3332 ) ;
#1803 = VECTOR ( 'NONE', #298, 39.37007874015748143 ) ;
#1804 = LINE ( 'NONE', #5211, #5666 ) ;
#1805 = CARTESIAN_POINT ( 'NONE',  ( 1.732325644947370291, 4.268512490100411279E-18, -0.6832802168751842542 ) ) ;
#1806 = CARTESIAN_POINT ( 'NONE',  ( 0.8458848803077126943, 0.01574803149606299191, -0.7299017421335639577 ) ) ;
#1807 = CARTESIAN_POINT ( 'NONE',  ( 0.9540544871799059301, 0.000000000000000000, -0.7072949218750000933 ) ) ;
#1808 = EDGE_CURVE ( 'NONE', #5961, #4545, #1173, .T. ) ;
#1809 = CARTESIAN_POINT ( 'NONE',  ( 1.185304487179905886, 0.000000000000000000, -0.6925000000000000044 ) ) ;
#1810 = CARTESIAN_POINT ( 'NONE',  ( 0.9839861278049059079, 0.01574803149606299191, -0.7393750000000001155 ) ) ;
#1811 = VECTOR ( 'NONE', #3107, 39.37007874015748143 ) ;
#1812 =( NAMED_UNIT ( * ) SI_UNIT ( $, .STERADIAN. ) SOLID_ANGLE_UNIT ( ) );
#1813 = VERTEX_POINT ( 'NONE', #2867 ) ;
#1814 = B_SPLINE_SURFACE_WITH_KNOTS ( 'NONE', 3, 1, ( 
 ( #266, #5176 ),
 ( #5493, #1125 ),
 ( #3032, #5004 ),
 ( #1630, #160 ),
 ( #2571, #4512 ),
 ( #4025, #2363 ),
 ( #400, #2796 ),
 ( #2300, #5208 ),
 ( #4291, #809 ),
 ( #875, #1424 ),
 ( #2729, #3706 ) ),
 .UNSPECIFIED., .F., .F., .F.,
 ( 4, 1, 1, 1, 1, 1, 1, 1, 4 ),
 ( 2, 2 ),
 ( 0.000000000000000000, 0.1083625427723342444, 0.2179321617883494544, 0.3333712092284985551, 0.4596966744870134569, 0.5901616249011426563, 0.7207242691456540173, 0.8558783121450039832, 1.000000000000000000 ),
 ( 0.000000000000000000, 1.000000000000000000 ),
 .UNSPECIFIED. ) ;
#1815 = CIRCLE ( 'NONE', #6207, 0.06249999999999995143 ) ;
#1816 = ORIENTED_EDGE ( 'NONE', *, *, #4363, .T. ) ;
#1817 = LINE ( 'NONE', #4304, #4962 ) ;
#1818 = LINE ( 'NONE', #2411, #1396 ) ;
#1819 = CARTESIAN_POINT ( 'NONE',  ( 0.8351230133880261919, 0.01574803149606299191, -0.7143722516419394042 ) ) ;
#1820 = CARTESIAN_POINT ( 'NONE',  ( 1.657621228432649918, 0.01574803149606299191, -0.5390989695264859494 ) ) ;
#1821 = ORIENTED_EDGE ( 'NONE', *, *, #3515, .F. ) ;
#1822 = ORIENTED_EDGE ( 'NONE', *, *, #3381, .F. ) ;
#1823 = ORIENTED_EDGE ( 'NONE', *, *, #2595, .F. ) ;
#1824 = CARTESIAN_POINT ( 'NONE',  ( 1.465415459423557554, 0.000000000000000000, -0.5068682642342801081 ) ) ;
#1825 = CARTESIAN_POINT ( 'NONE',  ( 1.664406049679905797, 0.01574803149606299191, -0.6747265625000000711 ) ) ;
#1826 = CARTESIAN_POINT ( 'NONE',  ( 1.784879200717557124, 0.01574803149606299191, -0.5343142984488762348 ) ) ;
#1827 = CARTESIAN_POINT ( 'NONE',  ( 1.496241987179905752, 1.707404996040164512E-17, -0.4893750000000001155 ) ) ;
#1828 = CARTESIAN_POINT ( 'NONE',  ( 0.8738356983049108129, 0.01574803149606299191, -0.4894727179906456782 ) ) ;
#1829 = DIRECTION ( 'NONE',  ( -1.000000000000000000, 0.000000000000000000, -0.000000000000000000 ) ) ;
#1830 = EDGE_CURVE ( 'NONE', #3395, #1964, #2014, .T. ) ;
#1831 = CARTESIAN_POINT ( 'NONE',  ( 1.986394734441949250, 0.01574803149606299191, -0.6814065122916799222 ) ) ;
#1832 = LINE ( 'NONE', #2791, #4967 ) ;
#1833 = DIRECTION ( 'NONE',  ( 1.000000000000000000, 0.000000000000000000, -0.000000000000000000 ) ) ;
#1834 = DIRECTION ( 'NONE',  ( -1.000000000000000000, 0.000000000000000000, -0.000000000000000000 ) ) ;
#1835 = CARTESIAN_POINT ( 'NONE',  ( 1.051163031618342902, 8.537024980200822558E-18, -0.6519758408726168408 ) ) ;
#1836 = ORIENTED_EDGE ( 'NONE', *, *, #6065, .F. ) ;
#1837 = CARTESIAN_POINT ( 'NONE',  ( 0.6947540883937034506, 2.134256245050205639E-18, -0.5208762587359284657 ) ) ;
#1838 = CARTESIAN_POINT ( 'NONE',  ( 1.722040335830644420, 0.01574803149606299191, -0.6714435597812290490 ) ) ;
#1839 = EDGE_LOOP ( 'NONE', ( #1347, #6199, #4920, #311 ) ) ;
#1840 = CARTESIAN_POINT ( 'NONE',  ( 1.072807442151357815, 0.01574803149606299191, -0.7167076236229926733 ) ) ;
#1841 = CARTESIAN_POINT ( 'NONE',  ( 1.214894330929905841, 0.000000000000000000, -0.4893750000000000044 ) ) ;
#1842 = CARTESIAN_POINT ( 'NONE',  ( 1.924068291746614756, 0.000000000000000000, -0.6770761326926550971 ) ) ;
#1843 = DIRECTION ( 'NONE',  ( -0.000000000000000000, -1.000000000000000000, -0.000000000000000000 ) ) ;
#1844 = CARTESIAN_POINT ( 'NONE',  ( 0.9774285247949268118, 0.000000000000000000, -0.4896414070140062136 ) ) ;
#1845 = DIRECTION ( 'NONE',  ( 0.1910251177206492290, 0.000000000000000000, 0.9815851488280638026 ) ) ;
#1846 = ORIENTED_EDGE ( 'NONE', *, *, #6177, .T. ) ;
#1847 = ORIENTED_EDGE ( 'NONE', *, *, #2264, .T. ) ;
#1848 = CARTESIAN_POINT ( 'NONE',  ( 2.013866381153823326, -0.000000000000000000, -0.5831681608761836166 ) ) ;
#1849 = CARTESIAN_POINT ( 'NONE',  ( 1.976425237444370486, 0.01574803149606299191, -0.5880286626417449147 ) ) ;
#1850 = ORIENTED_EDGE ( 'NONE', *, *, #5588, .T. ) ;
#1851 = CARTESIAN_POINT ( 'NONE',  ( 1.754690887052041459, -2.134256245050205639E-18, -0.7391306120520303446 ) ) ;
#1852 = CARTESIAN_POINT ( 'NONE',  ( 1.125190884624478249, 0.01574803149606299191, -0.7356584067465468113 ) ) ;
#1853 = ORIENTED_EDGE ( 'NONE', *, *, #787, .T. ) ;
#1854 = VERTEX_POINT ( 'NONE', #1877 ) ;
#1855 = CARTESIAN_POINT ( 'NONE',  ( 1.936062937789623462, 6.402768735150616918E-18, -0.6144818557087909916 ) ) ;
#1856 = EDGE_CURVE ( 'NONE', #3752, #3909, #3971, .T. ) ;
#1857 = CYLINDRICAL_SURFACE ( 'NONE', #993, 0.06249999999999995143 ) ;
#1858 = CARTESIAN_POINT ( 'NONE',  ( 1.765314851565303433, 0.01574803149606299191, -0.4894335053759544807 ) ) ;
#1859 = CARTESIAN_POINT ( 'NONE',  ( 1.979054487179905397, 0.01574803149606299191, -0.6598339843749999600 ) ) ;
#1860 = CARTESIAN_POINT ( 'NONE',  ( 0.8480777341973135819, 0.01574803149606299191, -0.5134606427243957327 ) ) ;
#1861 = CARTESIAN_POINT ( 'NONE',  ( 1.667807909642012865, 0.000000000000000000, -0.6890069819365174375 ) ) ;
#1862 = VERTEX_POINT ( 'NONE', #6045 ) ;
#1863 = ADVANCED_FACE ( 'NONE', ( #625 ), #32, .T. ) ;
#1864 = CARTESIAN_POINT ( 'NONE',  ( 1.529863366413430237, 0.01574803149606299191, -0.7188059347168455071 ) ) ;
#1865 = CARTESIAN_POINT ( 'NONE',  ( 1.979109395844689478, 0.01574803149606299191, -0.6579403409033010020 ) ) ;
#1866 = CARTESIAN_POINT ( 'NONE',  ( 1.207521284054905886, 0.01574803149606299191, -0.7362499999999999600 ) ) ;
#1867 = DIRECTION ( 'NONE',  ( 0.000000000000000000, 1.000000000000000000, 0.000000000000000000 ) ) ;
#1868 = CARTESIAN_POINT ( 'NONE',  ( 1.060044030121990666, 8.537024980200822558E-18, -0.6209116725288940097 ) ) ;
#1869 = ORIENTED_EDGE ( 'NONE', *, *, #2382, .T. ) ;
#1870 = FACE_OUTER_BOUND ( 'NONE', #1134, .T. ) ;
#1871 = FACE_OUTER_BOUND ( 'NONE', #2781, .T. ) ;
#1872 = ORIENTED_EDGE ( 'NONE', *, *, #4628, .T. ) ;
#1873 = CARTESIAN_POINT ( 'NONE',  ( 1.728900917347253152, 0.01574803149606299191, -0.6799757533355104133 ) ) ;
#1874 = CARTESIAN_POINT ( 'NONE',  ( 1.208533026208835182, 0.000000000000000000, -0.4896555717446322009 ) ) ;
#1875 = CARTESIAN_POINT ( 'NONE',  ( 1.740454092043963064, 0.000000000000000000, -0.6888545350961746694 ) ) ;
#1876 = CARTESIAN_POINT ( 'NONE',  ( 2.015297436579219337, 0.000000000000000000, -0.6920102964326760864 ) ) ;
#1877 = CARTESIAN_POINT ( 'NONE',  ( 1.185304487179905886, 0.000000000000000000, -0.5209667968750000266 ) ) ;
#1878 = VERTEX_POINT ( 'NONE', #174 ) ;
#1879 = ADVANCED_FACE ( 'NONE', ( #3493, #5558 ), #1227, .T. ) ;
#1880 = B_SPLINE_CURVE_WITH_KNOTS ( 'NONE', 3,
 ( #339, #3309, #470, #6288, #2832, #1907, #3818 ),
 .UNSPECIFIED., .F., .F.,
 ( 4, 1, 1, 1, 4 ),
 ( 0.000000000000000000, 0.2690630086932790932, 0.5190356294881083299, 0.7598120114060945562, 1.000000000000000000 ),
 .UNSPECIFIED. ) ;
#1881 = CARTESIAN_POINT ( 'NONE',  ( 1.375949032086511536, -0.000000000000000000, -0.7081110065730980008 ) ) ;
#1882 = CARTESIAN_POINT ( 'NONE',  ( 1.220537491511593187, 0.01574803149606299191, -0.4896771582000229994 ) ) ;
#1883 = CARTESIAN_POINT ( 'NONE',  ( 2.088699410802785206, 0.01574803149606299191, -0.4894783444736948708 ) ) ;
#1884 = ORIENTED_EDGE ( 'NONE', *, *, #1533, .F. ) ;
#1885 = CARTESIAN_POINT ( 'NONE',  ( 1.122327413818216213, 2.134256245050205639E-18, -0.6872853059217891580 ) ) ;
#1886 = CARTESIAN_POINT ( 'NONE',  ( 2.057179487179905397, 0.01574803149606299191, -0.5209667968750000266 ) ) ;
#1887 = ORIENTED_EDGE ( 'NONE', *, *, #1325, .F. ) ;
#1888 = CARTESIAN_POINT ( 'NONE',  ( 1.835792828667160537, 0.000000000000000000, -0.6421749967205810927 ) ) ;
#1889 = CYLINDRICAL_SURFACE ( 'NONE', #4012, 0.1250000000000000278 ) ;
#1890 = CARTESIAN_POINT ( 'NONE',  ( 0.9540544871799059301, 0.01574803149606299191, -0.7072949218750000933 ) ) ;
#1891 = CARTESIAN_POINT ( 'NONE',  ( 1.835792828667160537, 0.01574803149606299191, -0.6421749967205810927 ) ) ;
#1892 = CARTESIAN_POINT ( 'NONE',  ( 0.9839861278049059079, -2.134256245050205639E-18, -0.4893750000000001155 ) ) ;
#1893 = EDGE_CURVE ( 'NONE', #2602, #3028, #772, .T. ) ;
#1894 = PLANE ( 'NONE',  #3918 ) ;
#1895 = CARTESIAN_POINT ( 'NONE',  ( 1.766896284054905619, 0.000000000000000000, -0.7393750000000000044 ) ) ;
#1896 = LINE ( 'NONE', #1485, #5568 ) ;
#1897 = LINE ( 'NONE', #767, #2800 ) ;
#1898 = DIRECTION ( 'NONE',  ( -0.000000000000000000, -1.000000000000000000, -0.000000000000000000 ) ) ;
#1899 = PLANE ( 'NONE',  #4620 ) ;
#1900 = CARTESIAN_POINT ( 'NONE',  ( 1.375929487179905486, 0.01574803149606299191, -0.5195996093750000488 ) ) ;
#1901 = EDGE_LOOP ( 'NONE', ( #2351, #896, #3453, #1128 ) ) ;
#1902 = VECTOR ( 'NONE', #5714, 39.37007874015748143 ) ;
#1903 = CARTESIAN_POINT ( 'NONE',  ( 0.8975919255271859187, 0.000000000000000000, -0.7222966303625634188 ) ) ;
#1904 = ORIENTED_EDGE ( 'NONE', *, *, #3803, .F. ) ;
#1905 = CARTESIAN_POINT ( 'NONE',  ( 1.740454092043963064, 0.01574803149606299191, -0.6888545350961746694 ) ) ;
#1906 = CARTESIAN_POINT ( 'NONE',  ( 0.8421573271858109333, 0.01574803149606299191, -0.7253841327795518268 ) ) ;
#1907 = CARTESIAN_POINT ( 'NONE',  ( 1.986394734441949250, 0.01574803149606299191, -0.6814065122916799222 ) ) ;
#1908 = CARTESIAN_POINT ( 'NONE',  ( 0.2000000000000000111, 0.07499999999999999722, -0.4899999999999999911 ) ) ;
#1909 = AXIS2_PLACEMENT_3D ( 'NONE', #848, #3276, #2834 ) ;
#1910 = ORIENTED_EDGE ( 'NONE', *, *, #726, .T. ) ;
#1911 = CARTESIAN_POINT ( 'NONE',  ( 1.717106793559112665, 0.000000000000000000, -0.5447731005710385599 ) ) ;
#1912 = CARTESIAN_POINT ( 'NONE',  ( 1.379717071670105266, 0.000000000000000000, -0.7233376626297155498 ) ) ;
#1913 = CARTESIAN_POINT ( 'NONE',  ( 2.014297921151178894, 0.01574803149606299191, -0.6276072213740757633 ) ) ;
#1914 = DIRECTION ( 'NONE',  ( 0.5126370364104440025, 0.000000000000000000, -0.8586054209590789910 ) ) ;
#1915 = CARTESIAN_POINT ( 'NONE',  ( 1.237685893904240775, 0.01574803149606299191, -0.5022764856182353466 ) ) ;
#1916 = CARTESIAN_POINT ( 'NONE',  ( 2.111867746087522590, 2.134256245050205639E-18, -0.5078715846304679982 ) ) ;
#1917 = ORIENTED_EDGE ( 'NONE', *, *, #1196, .F. ) ;
#1918 = CIRCLE ( 'NONE', #6311, 0.06249999999999995143 ) ;
#1919 = CARTESIAN_POINT ( 'NONE',  ( 1.515237353580049406, 0.01574803149606299191, -0.4955375751385837080 ) ) ;
#1920 = CARTESIAN_POINT ( 'NONE',  ( 1.241483348082478066, 0.01574803149606299191, -0.5189743242880153762 ) ) ;
#1921 = DIRECTION ( 'NONE',  ( 0.000000000000000000, 0.000000000000000000, -1.000000000000000000 ) ) ;
#1922 = ORIENTED_EDGE ( 'NONE', *, *, #5339, .T. ) ;
#1923 = VECTOR ( 'NONE', #4674, 39.37007874015748143 ) ;
#1924 = B_SPLINE_SURFACE_WITH_KNOTS ( 'NONE', 3, 1, ( 
 ( #3847, #5828 ),
 ( #1455, #1083 ),
 ( #95, #4404 ),
 ( #3376, #4926 ),
 ( #1559, #4438 ),
 ( #5449, #2993 ),
 ( #2007, #3914 ),
 ( #2041, #602 ),
 ( #2964, #2498 ),
 ( #5903, #125 ),
 ( #1587, #61 ),
 ( #2072, #5349 ),
 ( #536, #980 ),
 ( #2899, #5964 ),
 ( #4814, #3500 ) ),
 .UNSPECIFIED., .F., .F., .F.,
 ( 4, 1, 1, 1, 1, 1, 1, 1, 1, 1, 1, 1, 4 ),
 ( 2, 2 ),
 ( 0.000000000000000000, 0.09272377659486601142, 0.1807643789926703659, 0.2652681729395943711, 0.3457875854624136158, 0.4222225138628163954, 0.4949001608196640367, 0.5671667024153693726, 0.6412352119551114615, 0.7193716595256073321, 0.8039038165697613980, 0.8964316416643115515, 1.000000000000000000 ),
 ( 0.000000000000000000, 1.000000000000000000 ),
 .UNSPECIFIED. ) ;
#1925 = ORIENTED_EDGE ( 'NONE', *, *, #1551, .F. ) ;
#1926 = CARTESIAN_POINT ( 'NONE',  ( 1.798645790280699375, 0.000000000000000000, -0.6907216911062845632 ) ) ;
#1927 = CARTESIAN_POINT ( 'NONE',  ( 1.769386518429905797, 0.01574803149606299191, -0.4893750000000000044 ) ) ;
#1928 = DIRECTION ( 'NONE',  ( -0.000000000000000000, -1.000000000000000000, -0.000000000000000000 ) ) ;
#1929 = CARTESIAN_POINT ( 'NONE',  ( 1.409415925713246587, 0.01574803149606299191, -0.4896533112033676916 ) ) ;
#1930 = CARTESIAN_POINT ( 'NONE',  ( 1.598617746523097294, 0.01574803149606299191, -0.4910786117551032004 ) ) ;
#1931 = CARTESIAN_POINT ( 'NONE',  ( 1.119801729226426623, 0.01574803149606299191, -0.6343080054560634728 ) ) ;
#1932 = DIRECTION ( 'NONE',  ( 0.000000000000000000, 0.000000000000000000, -1.000000000000000000 ) ) ;
#1933 = VERTEX_POINT ( 'NONE', #3136 ) ;
#1934 = EDGE_CURVE ( 'NONE', #2553, #3902, #3880, .T. ) ;
#1935 = CARTESIAN_POINT ( 'NONE',  ( 2.079999999999999627, 0.3149999999999992251, -1.054999999999999938 ) ) ;
#1936 = CARTESIAN_POINT ( 'NONE',  ( 2.329999999999999627, 0.1700000000000018718, 0.000000000000000000 ) ) ;
#1937 = CARTESIAN_POINT ( 'NONE',  ( 1.515237353580049406, 0.01574803149606299191, -0.4955375751385837080 ) ) ;
#1938 = EDGE_CURVE ( 'NONE', #1717, #1801, #4557, .T. ) ;
#1939 = CARTESIAN_POINT ( 'NONE',  ( 1.051163031618342902, 0.01574803149606299191, -0.6519758408726168408 ) ) ;
#1940 = ORIENTED_EDGE ( 'NONE', *, *, #258, .F. ) ;
#1941 = LINE ( 'NONE', #5935, #2611 ) ;
#1942 = ORIENTED_EDGE ( 'NONE', *, *, #4707, .F. ) ;
#1943 = CARTESIAN_POINT ( 'NONE',  ( 1.763880060268210315, 0.01574803149606299191, -0.6954613183098844464 ) ) ;
#1944 = ADVANCED_FACE ( 'NONE', ( #1580 ), #2420, .T. ) ;
#1945 = CARTESIAN_POINT ( 'NONE',  ( 1.972365034054905708, 0.000000000000000000, -0.7317089843750002043 ) ) ;
#1946 = CARTESIAN_POINT ( 'NONE',  ( 0.9660967097892542155, 0.01574803149606299191, -0.7347396469861320334 ) ) ;
#1947 = ORIENTED_EDGE ( 'NONE', *, *, #1679, .F. ) ;
#1948 = CARTESIAN_POINT ( 'NONE',  ( 1.560304487179905664, 0.01574803149606299191, -0.6799999999999999378 ) ) ;
#1949 = CARTESIAN_POINT ( 'NONE',  ( 2.112337753909511839, 0.000000000000000000, -0.7152455378057739344 ) ) ;
#1950 = ORIENTED_EDGE ( 'NONE', *, *, #6267, .T. ) ;
#1951 = ADVANCED_FACE ( 'NONE', ( #3017 ), #4226, .T. ) ;
#1952 = CARTESIAN_POINT ( 'NONE',  ( 1.781260387671455003, 0.01574803149606299191, -0.7390843603633459047 ) ) ;
#1953 = LINE ( 'NONE', #2656, #5895 ) ;
#1954 = CARTESIAN_POINT ( 'NONE',  ( 1.664491007856813143, 0.01574803149606299191, -0.6761815302582975251 ) ) ;
#1955 = CARTESIAN_POINT ( 'NONE',  ( 1.010122235186169393, 0.01574803149606299191, -0.5144648697149064587 ) ) ;
#1956 = ORIENTED_EDGE ( 'NONE', *, *, #5520, .T. ) ;
#1957 = CARTESIAN_POINT ( 'NONE',  ( 1.612896946833452416, 0.000000000000000000, -0.7146062921768565612 ) ) ;
#1958 = CARTESIAN_POINT ( 'NONE',  ( 1.241468419633695586, 0.000000000000000000, -0.7077921830871947151 ) ) ;
#1959 = CARTESIAN_POINT ( 'NONE',  ( 0.7241447959337304896, -0.000000000000000000, -0.4894625474206326099 ) ) ;
#1960 = CARTESIAN_POINT ( 'NONE',  ( 1.815029803629884420, 0.01574803149606299191, -0.6803083471560583684 ) ) ;
#1961 = CARTESIAN_POINT ( 'NONE',  ( 1.659002355286515629, -2.134256245050205639E-18, -0.5325534197047187002 ) ) ;
#1962 = DIRECTION ( 'NONE',  ( 0.000000000000000000, 0.000000000000000000, 1.000000000000000000 ) ) ;
#1963 = DIRECTION ( 'NONE',  ( -0.000000000000000000, -1.000000000000000000, -0.000000000000000000 ) ) ;
#1964 = VERTEX_POINT ( 'NONE', #1654 ) ;
#1965 = CARTESIAN_POINT ( 'NONE',  ( 1.606462641188736384, 2.134256245050205639E-18, -0.7284961019223472611 ) ) ;
#1966 = LINE ( 'NONE', #3870, #4852 ) ;
#1967 = DIRECTION ( 'NONE',  ( -0.000000000000000000, -1.000000000000000000, -0.000000000000000000 ) ) ;
#1968 = CARTESIAN_POINT ( 'NONE',  ( 1.145802534054905841, 0.01574803149606299191, -0.5831250000000000044 ) ) ;
#1969 = ORIENTED_EDGE ( 'NONE', *, *, #3822, .T. ) ;
#1970 = ADVANCED_FACE ( 'NONE', ( #699 ), #328, .T. ) ;
#1971 = ORIENTED_EDGE ( 'NONE', *, *, #5593, .T. ) ;
#1972 = CARTESIAN_POINT ( 'NONE',  ( 1.533394957509973899, 0.000000000000000000, -0.7262016775290135451 ) ) ;
#1973 = CARTESIAN_POINT ( 'NONE',  ( 1.838429487179905841, 2.134256245050205639E-18, -0.6155957031250000044 ) ) ;
#1974 = LINE ( 'NONE', #31, #4221 ) ;
#1975 = CARTESIAN_POINT ( 'NONE',  ( 0.000000000000000000, 0.1400000000000000133, -0.1250000000000000278 ) ) ;
#1976 = EDGE_CURVE ( 'NONE', #5672, #2171, #4264, .T. ) ;
#1977 = ORIENTED_EDGE ( 'NONE', *, *, #2317, .F. ) ;
#1978 = B_SPLINE_SURFACE_WITH_KNOTS ( 'NONE', 3, 1, ( 
 ( #5757, #2862 ),
 ( #2534, #1647 ),
 ( #4010, #4890 ),
 ( #1586, #5963 ),
 ( #3498, #5025 ),
 ( #601, #5992 ),
 ( #5479, #1115 ),
 ( #5902, #3021 ),
 ( #3442, #2590 ),
 ( #5511, #1619 ),
 ( #4531, #6022 ) ),
 .UNSPECIFIED., .F., .F., .F.,
 ( 4, 1, 1, 1, 1, 1, 1, 1, 4 ),
 ( 2, 2 ),
 ( 0.000000000000000000, 0.1402943894369882427, 0.2690238711738889288, 0.3898006988269686057, 0.5083482253201334622, 0.6259820118935320865, 0.7431690458776171182, 0.8666051232822475914, 1.000000000000000000 ),
 ( 0.000000000000000000, 1.000000000000000000 ),
 .UNSPECIFIED. ) ;
#1979 = B_SPLINE_CURVE_WITH_KNOTS ( 'NONE', 3,
 ( #1648, #1731, #1144, #1620, #658, #183, #6023, #3563, #5537, #691, #2622 ),
 .UNSPECIFIED., .F., .F.,
 ( 4, 1, 1, 1, 1, 1, 1, 1, 4 ),
 ( 0.000000000000000000, 0.1249108283483912479, 0.2412637508857340130, 0.3578520569941244789, 0.4774295477735239768, 0.5999512735949174003, 0.7235590086772570872, 0.8556308261798988291, 1.000000000000000000 ),
 .UNSPECIFIED. ) ;
#1980 = PLANE ( 'NONE',  #688 ) ;
#1981 = CARTESIAN_POINT ( 'NONE',  ( 2.097528139869468955, 0.01574803149606299191, -0.7333496907531327214 ) ) ;
#1982 = ORIENTED_EDGE ( 'NONE', *, *, #4689, .T. ) ;
#1983 = CARTESIAN_POINT ( 'NONE',  ( 2.088699410802785206, -0.000000000000000000, -0.4894783444736948708 ) ) ;
#1984 = CARTESIAN_POINT ( 'NONE',  ( 1.241348367497592697, 2.134256245050205639E-18, -0.5143599453195993876 ) ) ;
#1985 = DIRECTION ( 'NONE',  ( 0.000000000000000000, 1.000000000000000000, 0.000000000000000000 ) ) ;
#1986 = ORIENTED_EDGE ( 'NONE', *, *, #661, .T. ) ;
#1987 = VERTEX_POINT ( 'NONE', #6252 ) ;
#1988 = CARTESIAN_POINT ( 'NONE',  ( 2.229999999999999538, 0.1400000000000000133, -0.1250000000000000278 ) ) ;
#1989 = EDGE_CURVE ( 'NONE', #1854, #116, #198, .T. ) ;
#1990 = CARTESIAN_POINT ( 'NONE',  ( 1.208922318698867571, -0.000000000000000000, -0.7362422922750069265 ) ) ;
#1991 = CARTESIAN_POINT ( 'NONE',  ( 1.717106793559112665, 0.01574803149606299191, -0.5447731005710385599 ) ) ;
#1992 = CARTESIAN_POINT ( 'NONE',  ( 1.838429487179906063, 0.01574803149606299191, -0.6155957031250001155 ) ) ;
#1993 = CARTESIAN_POINT ( 'NONE',  ( 1.988666322972035161, 2.134256245050205639E-18, -0.6837113544980910618 ) ) ;
#1994 = FACE_OUTER_BOUND ( 'NONE', #5477, .T. ) ;
#1995 = PLANE ( 'NONE',  #997 ) ;
#1996 = CARTESIAN_POINT ( 'NONE',  ( 2.016798627804905486, 0.000000000000000000, -0.7362499999999999600 ) ) ;
#1997 = ORIENTED_EDGE ( 'NONE', *, *, #108, .F. ) ;
#1998 = CARTESIAN_POINT ( 'NONE',  ( 1.524806440304905530, 0.01574803149606299191, -0.7020214843750001155 ) ) ;
#1999 = CARTESIAN_POINT ( 'NONE',  ( 2.113429487179905308, 0.01574803149606299191, -0.7037304687500000044 ) ) ;
#2000 = CARTESIAN_POINT ( 'NONE',  ( 1.586386269185758202, 0.01574803149606299191, -0.4894778167403063818 ) ) ;
#2001 = CARTESIAN_POINT ( 'NONE',  ( 1.451056603349967222, 6.402768735150616918E-18, -0.7319510360970333807 ) ) ;
#2002 = CARTESIAN_POINT ( 'NONE',  ( 1.527352189719010322, 0.01574803149606299191, -0.5157819592465736624 ) ) ;
#2003 = CARTESIAN_POINT ( 'NONE',  ( 1.123855721102109406, 0.01574803149606299191, -0.5842720217304789854 ) ) ;
#2004 = ORIENTED_EDGE ( 'NONE', *, *, #2400, .T. ) ;
#2005 = VERTEX_POINT ( 'NONE', #5283 ) ;
#2006 = DIRECTION ( 'NONE',  ( 0.000000000000000000, 0.000000000000000000, 1.000000000000000000 ) ) ;
#2007 = CARTESIAN_POINT ( 'NONE',  ( 1.671979584735631352, 0.01574803149606299191, -0.6200600494550865260 ) ) ;
#2008 = CARTESIAN_POINT ( 'NONE',  ( 1.820135691242227072, 2.134256245050205639E-18, -0.5538288753223686856 ) ) ;
#2009 = CARTESIAN_POINT ( 'NONE',  ( 0.9774285247949268118, 0.000000000000000000, -0.4896414070140062136 ) ) ;
#2010 = VECTOR ( 'NONE', #195, 39.37007874015748143 ) ;
#2011 = CARTESIAN_POINT ( 'NONE',  ( 1.710304487179905575, 0.01574803149606299191, -0.5480664062500000266 ) ) ;
#2012 = CARTESIAN_POINT ( 'NONE',  ( 2.069312334274281628, 0.000000000000000000, -0.4940949613715138189 ) ) ;
#2013 = ORIENTED_EDGE ( 'NONE', *, *, #2516, .F. ) ;
#2014 = B_SPLINE_CURVE_WITH_KNOTS ( 'NONE', 3,
 ( #2442, #3851, #5354, #6255, #952, #3750, #4372, #4787, #4818, #5732, #1366 ),
 .UNSPECIFIED., .F., .F.,
 ( 4, 1, 1, 1, 1, 1, 1, 1, 4 ),
 ( 0.000000000000000000, 0.08220167381014792385, 0.1736621169389050423, 0.2759481427328039360, 0.3912616871088741011, 0.5210725658350752187, 0.6654153851221460414, 0.8245207618702736774, 1.000000000000000000 ),
 .UNSPECIFIED. ) ;
#2015 = EDGE_CURVE ( 'NONE', #2437, #4106, #3073, .T. ) ;
#2016 = CARTESIAN_POINT ( 'NONE',  ( 2.109560893904240508, 0.000000000000000000, -0.5022764856182352355 ) ) ;
#2017 = VECTOR ( 'NONE', #2701, 39.37007874015748143 ) ;
#2018 = AXIS2_PLACEMENT_3D ( 'NONE', #4656, #1660, #248 ) ;
#2019 = CARTESIAN_POINT ( 'NONE',  ( 1.220537491511593187, 2.134256245050205639E-18, -0.4896771582000229994 ) ) ;
#2020 = EDGE_CURVE ( 'NONE', #3253, #1360, #3713, .T. ) ;
#2021 = CARTESIAN_POINT ( 'NONE',  ( 1.101837058032423711, 0.000000000000000000, -0.7320828900431359809 ) ) ;
#2022 = ORIENTED_EDGE ( 'NONE', *, *, #803, .F. ) ;
#2023 = VECTOR ( 'NONE', #646, 39.37007874015748854 ) ;
#2024 = DIRECTION ( 'NONE',  ( 0.000000000000000000, 0.000000000000000000, -1.000000000000000000 ) ) ;
#2025 = FACE_OUTER_BOUND ( 'NONE', #3019, .T. ) ;
#2026 = CARTESIAN_POINT ( 'NONE',  ( 0.6946794871799053528, 0.000000000000000000, -0.5235546875000000044 ) ) ;
#2027 = CARTESIAN_POINT ( 'NONE',  ( 1.823938795864575635, 0.01574803149606299191, -0.6701617500199026356 ) ) ;
#2028 = LINE ( 'NONE', #5302, #3618 ) ;
#2029 = CARTESIAN_POINT ( 'NONE',  ( 1.820855657916423453, 0.01574803149606299191, -0.4977059771700541035 ) ) ;
#2030 = CARTESIAN_POINT ( 'NONE',  ( 0.4375624944334203792, 0.07000000000000000666, -0.8622057382686417748 ) ) ;
#2031 = VECTOR ( 'NONE', #5753, 39.37007874015748143 ) ;
#2032 = ORIENTED_EDGE ( 'NONE', *, *, #3056, .F. ) ;
#2033 = CARTESIAN_POINT ( 'NONE',  ( 1.612264134385513747, 0.01574803149606299191, -0.7180788956478462159 ) ) ;
#2034 = CIRCLE ( 'NONE', #2917, 0.06425000000000000155 ) ;
#2035 = CARTESIAN_POINT ( 'NONE',  ( 1.215543124153548371, 1.067128122525102820E-17, -0.7358011333994024517 ) ) ;
#2036 = CARTESIAN_POINT ( 'NONE',  ( 1.710304487179905575, 0.01574803149606299191, -0.5480664062500000266 ) ) ;
#2037 = CARTESIAN_POINT ( 'NONE',  ( 1.496241987179905752, 0.01574803149606299191, -0.4893750000000001155 ) ) ;
#2038 = CARTESIAN_POINT ( 'NONE',  ( 1.753557752773087897, 0.000000000000000000, -0.6236842304198113585 ) ) ;
#2039 = EDGE_LOOP ( 'NONE', ( #5131, #5259, #728, #825 ) ) ;
#2040 = CARTESIAN_POINT ( 'NONE',  ( 0.8994370279011818514, 0.000000000000000000, -0.5070591035736968788 ) ) ;
#2041 = CARTESIAN_POINT ( 'NONE',  ( 1.668203108893058451, 0.01574803149606299191, -0.6178426964903311891 ) ) ;
#2042 = CARTESIAN_POINT ( 'NONE',  ( 1.804396425349244382, 2.134256245050205639E-18, -0.5411194729566484174 ) ) ;
#2043 = CARTESIAN_POINT ( 'NONE',  ( 0.9541362347901385377, 0.000000000000000000, -0.5192325721664362570 ) ) ;
#2044 = CARTESIAN_POINT ( 'NONE',  ( 2.017677534054905575, 0.01574803149606299191, -0.5831250000000000044 ) ) ;
#2045 = B_SPLINE_CURVE_WITH_KNOTS ( 'NONE', 3,
 ( #3167, #2700, #4645, #2795, #399, #2332, #5754, #5274, #2210, #296, #2238 ),
 .UNSPECIFIED., .F., .F.,
 ( 4, 1, 1, 1, 1, 1, 1, 1, 4 ),
 ( 0.000000000000000000, 0.1249108283483912479, 0.2412637508857340130, 0.3578520569941244789, 0.4774295477735239768, 0.5999512735949174003, 0.7235590086772570872, 0.8556308261798988291, 1.000000000000000000 ),
 .UNSPECIFIED. ) ;
#2046 = DIRECTION ( 'NONE',  ( -0.000000000000000000, -1.000000000000000000, -0.000000000000000000 ) ) ;
#2047 = LINE ( 'NONE', #5455, #4952 ) ;
#2048 = ORIENTED_EDGE ( 'NONE', *, *, #6007, .F. ) ;
#2049 = CARTESIAN_POINT ( 'NONE',  ( 0.8738356983049108129, 0.01574803149606299191, -0.4894727179906456782 ) ) ;
#2050 = CARTESIAN_POINT ( 'NONE',  ( 0.9540544871799059301, 0.01574803149606299191, -0.7072949218750000933 ) ) ;
#2051 = CARTESIAN_POINT ( 'NONE',  ( 1.109162933886112645, 0.01574803149606299191, -0.7337673975142066096 ) ) ;
#2052 = DIRECTION ( 'NONE',  ( 0.000000000000000000, 0.000000000000000000, -1.000000000000000000 ) ) ;
#2053 = CARTESIAN_POINT ( 'NONE',  ( 1.496241987179905752, 0.01574803149606299191, -0.4893750000000001155 ) ) ;
#2054 = ORIENTED_EDGE ( 'NONE', *, *, #623, .F. ) ;
#2055 = CARTESIAN_POINT ( 'NONE',  ( 1.944682442151357327, 0.000000000000000000, -0.7167076236229928954 ) ) ;
#2056 = CARTESIAN_POINT ( 'NONE',  ( 0.8981951121799053306, 0.000000000000000000, -0.7209667968749999822 ) ) ;
#2057 = DIRECTION ( 'NONE',  ( -0.000000000000000000, -1.000000000000000000, -0.000000000000000000 ) ) ;
#2058 = CARTESIAN_POINT ( 'NONE',  ( 1.663883044790278154, -2.134256245050205639E-18, -0.5243648215944163304 ) ) ;
#2059 = CARTESIAN_POINT ( 'NONE',  ( 1.892691377180733658, 0.01574803149606299191, -0.5872266457023426200 ) ) ;
#2060 = CARTESIAN_POINT ( 'NONE',  ( 1.972365034054905486, 0.01574803149606299191, -0.7317089843750000933 ) ) ;
#2061 = EDGE_CURVE ( 'NONE', #4105, #713, #2768, .T. ) ;
#2062 = ORIENTED_EDGE ( 'NONE', *, *, #2241, .F. ) ;
#2063 = CARTESIAN_POINT ( 'NONE',  ( 1.189534850723055648, 0.01574803149606299191, -0.5025771258101797700 ) ) ;
#2064 = DIRECTION ( 'NONE',  ( -0.000000000000000000, -1.000000000000000000, -0.000000000000000000 ) ) ;
#2065 = CARTESIAN_POINT ( 'NONE',  ( 1.694613477266188939, -0.000000000000000000, -0.6237233461077282826 ) ) ;
#2066 = CARTESIAN_POINT ( 'NONE',  ( 1.438803373186489321, 0.01574803149606299191, -0.7356877575278358838 ) ) ;
#2067 = EDGE_CURVE ( 'NONE', #4416, #2005, #5305, .T. ) ;
#2068 = CARTESIAN_POINT ( 'NONE',  ( 1.776485828945926215, 0.000000000000000000, -0.6031878490030767592 ) ) ;
#2069 = ORIENTED_EDGE ( 'NONE', *, *, #928, .F. ) ;
#2070 = CARTESIAN_POINT ( 'NONE',  ( 1.126579248247542742, 0.000000000000000000, -0.6888589245931213689 ) ) ;
#2071 = DIRECTION ( 'NONE',  ( -0.000000000000000000, -1.000000000000000000, -0.000000000000000000 ) ) ;
#2072 = CARTESIAN_POINT ( 'NONE',  ( 1.658308644130744192, 0.01574803149606299191, -0.6027245569226415967 ) ) ;
#2073 = CARTESIAN_POINT ( 'NONE',  ( 1.836002695480820401, 2.134256245050205639E-18, -0.5878216532983788767 ) ) ;
#2074 = FACE_OUTER_BOUND ( 'NONE', #5201, .T. ) ;
#2075 = ADVANCED_FACE ( 'NONE', ( #631 ), #62, .T. ) ;
#2076 = DIRECTION ( 'NONE',  ( -0.000000000000000000, -1.000000000000000000, -0.000000000000000000 ) ) ;
#2077 = CARTESIAN_POINT ( 'NONE',  ( 1.496241987179905752, 0.01574803149606299191, -0.4893750000000001155 ) ) ;
#2078 = DIRECTION ( 'NONE',  ( 0.000000000000000000, -1.000000000000000000, 0.000000000000000000 ) ) ;
#2079 = VERTEX_POINT ( 'NONE', #4501 ) ;
#2080 = CARTESIAN_POINT ( 'NONE',  ( 1.010304487179905841, 0.000000000000000000, -0.7072949218750000933 ) ) ;
#2081 = CARTESIAN_POINT ( 'NONE',  ( 1.710304487179905575, 0.01574803149606299191, -0.5480664062500000266 ) ) ;
#2082 = CARTESIAN_POINT ( 'NONE',  ( 1.612896946833452416, 0.01574803149606299191, -0.7146062921768565612 ) ) ;
#2083 = EDGE_CURVE ( 'NONE', #2637, #6291, #2901, .T. ) ;
#2084 = CARTESIAN_POINT ( 'NONE',  ( 1.527352189719010322, 0.000000000000000000, -0.5157819592465736624 ) ) ;
#2085 = ORIENTED_EDGE ( 'NONE', *, *, #4009, .T. ) ;
#2086 = CARTESIAN_POINT ( 'NONE',  ( 1.214894330929905841, 0.01574803149606299191, -0.4893750000000000044 ) ) ;
#2087 = FACE_OUTER_BOUND ( 'NONE', #274, .T. ) ;
#2088 = CARTESIAN_POINT ( 'NONE',  ( 2.008996359965232514, 2.134256245050205639E-18, -0.6912050257421653576 ) ) ;
#2089 = CARTESIAN_POINT ( 'NONE',  ( 0.6946794871799053528, 0.01574803149606299191, -0.7089062499999998490 ) ) ;
#2090 = EDGE_LOOP ( 'NONE', ( #858, #932, #800, #3681 ) ) ;
#2091 = CARTESIAN_POINT ( 'NONE',  ( 1.894679487179905752, 0.01574803149606299191, -0.6143750000000000044 ) ) ;
#2092 = ADVANCED_FACE ( 'NONE', ( #151 ), #5329, .T. ) ;
#2093 = CARTESIAN_POINT ( 'NONE',  ( 0.4375624944334203792, 0.000000000000000000, -0.8622057382686417748 ) ) ;
#2094 = CARTESIAN_POINT ( 'NONE',  ( 1.414269197322425509, 0.01574803149606299191, -0.4910812313587941125 ) ) ;
#2095 = CARTESIAN_POINT ( 'NONE',  ( 1.778631139808374284, 6.402768735150616918E-18, -0.6954999401474570853 ) ) ;
#2096 = CARTESIAN_POINT ( 'NONE',  ( 1.069057398142129633, 0.01574803149606299191, -0.6085854038213160955 ) ) ;
#2097 = ORIENTED_EDGE ( 'NONE', *, *, #5484, .F. ) ;
#2098 = CARTESIAN_POINT ( 'NONE',  ( 1.008670260437244393, 0.000000000000000000, -0.5079346876839752056 ) ) ;
#2099 = LINE ( 'NONE', #2128, #679 ) ;
#2100 = B_SPLINE_CURVE_WITH_KNOTS ( 'NONE', 3,
 ( #234, #906, #1352, #6167, #2853, #3737, #6276, #2391, #3293, #3333, #4773 ),
 .UNSPECIFIED., .F., .F.,
 ( 4, 1, 1, 1, 1, 1, 1, 1, 4 ),
 ( 0.000000000000000000, 0.1178289174662618122, 0.2298717041193024391, 0.3399627030475842471, 0.4535632596048721488, 0.5726946505010789279, 0.7001359251603210820, 0.8414316731342473821, 1.000000000000000000 ),
 .UNSPECIFIED. ) ;
#2101 = CARTESIAN_POINT ( 'NONE',  ( 0.8862177752544848630, 0.01574803149606299191, -0.4911911030535148215 ) ) ;
#2102 = CARTESIAN_POINT ( 'NONE',  ( 1.838379137025604182, 0.01574803149606299191, -0.6122730195714291002 ) ) ;
#2103 = CARTESIAN_POINT ( 'NONE',  ( 1.922804487179905264, 0.01574803149606299191, -0.6608593750000000266 ) ) ;
#2104 = CARTESIAN_POINT ( 'NONE',  ( 1.119801729226426623, 0.000000000000000000, -0.6343080054560634728 ) ) ;
#2105 = CARTESIAN_POINT ( 'NONE',  ( 2.329999999999999627, 0.2149999999999981093, -0.9549999999999996270 ) ) ;
#2106 = DIRECTION ( 'NONE',  ( -0.000000000000000000, -1.000000000000000000, -0.000000000000000000 ) ) ;
#2107 = ORIENTED_EDGE ( 'NONE', *, *, #4689, .F. ) ;
#2108 = CARTESIAN_POINT ( 'NONE',  ( 1.657179487179905708, 0.000000000000000000, -0.5913769531250000488 ) ) ;
#2109 = LINE ( 'NONE', #104, #6099 ) ;
#2110 = CARTESIAN_POINT ( 'NONE',  ( 1.611192039233947160, 0.01574803149606299191, -0.7211664009154009625 ) ) ;
#2111 = CIRCLE ( 'NONE', #5981, 0.06425000000000000155 ) ;
#2112 = ORIENTED_EDGE ( 'NONE', *, *, #458, .F. ) ;
#2113 = VERTEX_POINT ( 'NONE', #2671 ) ;
#2114 = VECTOR ( 'NONE', #1330, 39.37007874015748143 ) ;
#2115 = CARTESIAN_POINT ( 'NONE',  ( 0.9008891810162703573, 0.000000000000000000, -0.7072611830166861679 ) ) ;
#2116 = CARTESIAN_POINT ( 'NONE',  ( 1.010118819068422269, 0.01574803149606299191, -0.7144299674326135552 ) ) ;
#2117 = CARTESIAN_POINT ( 'NONE',  ( 1.710304487179905575, 0.000000000000000000, -0.5799999999999999600 ) ) ;
#2118 = CARTESIAN_POINT ( 'NONE',  ( 1.097832163975086095, 0.000000000000000000, -0.7308371393224524226 ) ) ;
#2119 = VECTOR ( 'NONE', #1302, 39.37007874015748143 ) ;
#2120 = CARTESIAN_POINT ( 'NONE',  ( 1.582290012972215942, 2.134256245050205639E-18, -0.4896745418457100762 ) ) ;
#2121 = VECTOR ( 'NONE', #4709, 39.37007874015748143 ) ;
#2122 = CARTESIAN_POINT ( 'NONE',  ( 1.973712058032422778, 0.01574803149606299191, -0.7320828900431357589 ) ) ;
#2123 = CARTESIAN_POINT ( 'NONE',  ( 2.104999999999999982, 0.1400000000000000133, -0.1250000000000000278 ) ) ;
#2124 = LINE ( 'NONE', #6076, #5060 ) ;
#2125 = ORIENTED_EDGE ( 'NONE', *, *, #5161, .F. ) ;
#2126 = CARTESIAN_POINT ( 'NONE',  ( 1.890142677013845196, 0.01574803149606299191, -0.6538268478142293949 ) ) ;
#2127 = AXIS2_PLACEMENT_3D ( 'NONE', #3838, #5821, #586 ) ;
#2128 = CARTESIAN_POINT ( 'NONE',  ( 1.185304487179905886, 0.01574803149606299191, -0.6925000000000000044 ) ) ;
#2129 = EDGE_CURVE ( 'NONE', #5863, #457, #1896, .T. ) ;
#2130 = CARTESIAN_POINT ( 'NONE',  ( 0.9617045812454951825, 0.01574803149606299191, -0.4979291817477100590 ) ) ;
#2131 = CARTESIAN_POINT ( 'NONE',  ( 1.972365034054905486, 0.000000000000000000, -0.7317089843750000933 ) ) ;
#2132 = CARTESIAN_POINT ( 'NONE',  ( 1.112670047573996346, 0.000000000000000000, -0.6406349633961225809 ) ) ;
#2133 = EDGE_CURVE ( 'NONE', #378, #4990, #2402, .T. ) ;
#2134 = CARTESIAN_POINT ( 'NONE',  ( 1.772128976813631018, 0.01574803149606299191, -0.5875327545382760253 ) ) ;
#2135 = DIRECTION ( 'NONE',  ( 1.000000000000000000, 0.000000000000000000, 0.000000000000000000 ) ) ;
#2136 = CARTESIAN_POINT ( 'NONE',  ( 1.680909955929905664, 0.01574803149606299191, -0.5122265624999999822 ) ) ;
#2137 = CARTESIAN_POINT ( 'NONE',  ( 1.375986807546271340, 2.134256245050205639E-18, -0.7106320226300181231 ) ) ;
#2138 = CARTESIAN_POINT ( 'NONE',  ( 1.006420498838386912, 0.01574803149606299191, -0.5022524685038082248 ) ) ;
#2139 = EDGE_CURVE ( 'NONE', #5304, #549, #5081, .T. ) ;
#2140 = CARTESIAN_POINT ( 'NONE',  ( 1.497759988432243006, -0.000000000000000000, -0.4894122655946467337 ) ) ;
#2141 = ORIENTED_EDGE ( 'NONE', *, *, #365, .T. ) ;
#2142 = CARTESIAN_POINT ( 'NONE',  ( 1.107265499518347074, -0.000000000000000000, -0.6621100154890268152 ) ) ;
#2143 = CARTESIAN_POINT ( 'NONE',  ( 1.383044063519956790, 2.134256245050205639E-18, -0.4975010437442897171 ) ) ;
#2144 = CARTESIAN_POINT ( 'NONE',  ( 1.763777133497301586, 0.000000000000000000, -0.5825476701987745143 ) ) ;
#2145 = CARTESIAN_POINT ( 'NONE',  ( 1.072807442151357815, 0.01574803149606299191, -0.7167076236229926733 ) ) ;
#2146 = ORIENTED_EDGE ( 'NONE', *, *, #5990, .T. ) ;
#2147 = CARTESIAN_POINT ( 'NONE',  ( 2.094430632894472399, 0.01574803149606299191, -0.7344148740484145454 ) ) ;
#2148 = CARTESIAN_POINT ( 'NONE',  ( 1.981037933886112601, 0.01574803149606299191, -0.7337673975142066096 ) ) ;
#2149 = CARTESIAN_POINT ( 'NONE',  ( 0.9557711501985686198, 0.01574803149606299191, -0.7205359440606082799 ) ) ;
#2150 = DIRECTION ( 'NONE',  ( 1.000000000000000000, 0.000000000000000000, -0.000000000000000000 ) ) ;
#2151 = ORIENTED_EDGE ( 'NONE', *, *, #1204, .T. ) ;
#2152 = CARTESIAN_POINT ( 'NONE',  ( 1.115870893429905752, 0.01574803149606299191, -0.6829296874999999378 ) ) ;
#2153 = FACE_OUTER_BOUND ( 'NONE', #4903, .T. ) ;
#2154 = PLANE ( 'NONE',  #690 ) ;
#2155 = CARTESIAN_POINT ( 'NONE',  ( 2.009895144867603012, 0.01574803149606299191, -0.7362523579507957994 ) ) ;
#2156 = CARTESIAN_POINT ( 'NONE',  ( 1.967856238116828749, 0.01574803149606299191, -0.5908602598766081737 ) ) ;
#2157 = LINE ( 'NONE', #6087, #182 ) ;
#2158 = CARTESIAN_POINT ( 'NONE',  ( 1.114519734441949961, 0.01574803149606299191, -0.6814065122916800332 ) ) ;
#2159 = CARTESIAN_POINT ( 'NONE',  ( 1.676278791428718939, 0.01574803149606299191, -0.6215183839780858976 ) ) ;
#2160 = CARTESIAN_POINT ( 'NONE',  ( 1.241483348082478066, -0.000000000000000000, -0.5189743242880153762 ) ) ;
#2161 = EDGE_CURVE ( 'NONE', #4021, #2910, #6186, .T. ) ;
#2162 = LINE ( 'NONE', #4198, #889 ) ;
#2163 = CARTESIAN_POINT ( 'NONE',  ( 1.010304487179905841, 0.000000000000000000, -0.5216015625000000044 ) ) ;
#2164 = ORIENTED_EDGE ( 'NONE', *, *, #3831, .F. ) ;
#2165 = ORIENTED_EDGE ( 'NONE', *, *, #5792, .F. ) ;
#2166 = CARTESIAN_POINT ( 'NONE',  ( 1.922804487179905264, 2.134256245050205639E-18, -0.6608593750000000266 ) ) ;
#2167 = B_SPLINE_CURVE_WITH_KNOTS ( 'NONE', 3,
 ( #3048, #5021, #4638, #2668, #4585, #2201, #1727, #2616, #2586, #4095, #3637, #175, #5085, #1193, #4040, #5048, #3558, #6132, #5617 ),
 .UNSPECIFIED., .F., .F.,
 ( 4, 1, 1, 1, 1, 1, 1, 1, 1, 1, 1, 1, 1, 1, 1, 1, 4 ),
 ( 0.000000000000000000, 0.06471401816636546123, 0.1260074759657009158, 0.1848404604205493573, 0.2412139089641156531, 0.2962365839730131123, 0.3506218337640996663, 0.4049891146124617869, 0.4601104791148301065, 0.5167961286223616835, 0.5752343926751204428, 0.6364091737907190405, 0.7005078337452680382, 0.7688271593737624476, 0.8409926476957445551, 0.9181950594621326456, 1.000000000000000000 ),
 .UNSPECIFIED. ) ;
#2168 = CARTESIAN_POINT ( 'NONE',  ( 1.379845879715390522, 0.01574803149606299191, -0.5020266861008524373 ) ) ;
#2169 = CARTESIAN_POINT ( 'NONE',  ( 1.404298627804905442, 0.000000000000000000, -0.4893750000000000044 ) ) ;
#2170 = CARTESIAN_POINT ( 'NONE',  ( 1.129696731730191805, 0.01574803149606299191, -0.6300410242652463300 ) ) ;
#2171 = VERTEX_POINT ( 'NONE', #1156 ) ;
#2172 = LINE ( 'NONE', #1641, #5165 ) ;
#2173 = CARTESIAN_POINT ( 'NONE',  ( 1.762758600844492651, 0.01574803149606299191, -0.7392921514118790949 ) ) ;
#2174 = CARTESIAN_POINT ( 'NONE',  ( 1.985958081255676522, 0.01574803149606299191, -0.7345421172199687598 ) ) ;
#2175 = DIRECTION ( 'NONE',  ( -0.000000000000000000, -1.000000000000000000, -0.000000000000000000 ) ) ;
#2176 = CARTESIAN_POINT ( 'NONE',  ( 1.613429487179905530, 0.01574803149606299191, -0.7068066406249999822 ) ) ;
#2177 = CARTESIAN_POINT ( 'NONE',  ( 1.155339892973302085, 0.01574803149606299191, -0.6924726754716854504 ) ) ;
#2178 = CARTESIAN_POINT ( 'NONE',  ( 1.580519330929905486, 0.000000000000000000, -0.7362499999999999600 ) ) ;
#2179 = DIRECTION ( 'NONE',  ( -1.000000000000000000, 0.000000000000000000, -0.000000000000000000 ) ) ;
#2180 = ADVANCED_FACE ( 'NONE', ( #4458 ), #5949, .T. ) ;
#2181 = CARTESIAN_POINT ( 'NONE',  ( 1.868526479374532645, 0.01574803149606299191, -0.5313588354496490140 ) ) ;
#2182 = CARTESIAN_POINT ( 'NONE',  ( 1.101837058032423711, -0.000000000000000000, -0.7320828900431359809 ) ) ;
#2183 = CARTESIAN_POINT ( 'NONE',  ( 1.101837058032423711, 0.01574803149606299191, -0.7320828900431359809 ) ) ;
#2184 = DIRECTION ( 'NONE',  ( -0.000000000000000000, -1.000000000000000000, -0.000000000000000000 ) ) ;
#2185 = CARTESIAN_POINT ( 'NONE',  ( 2.058978316266319997, 0.01574803149606299191, -0.5080936862799417808 ) ) ;
#2186 = CARTESIAN_POINT ( 'NONE',  ( 0.9945664885472488281, 0.01574803149606299191, -0.4912168270001306958 ) ) ;
#2187 = ORIENTED_EDGE ( 'NONE', *, *, #4183, .F. ) ;
#2188 = ORIENTED_EDGE ( 'NONE', *, *, #458, .T. ) ;
#2189 = ADVANCED_FACE ( 'NONE', ( #110 ), #5010, .F. ) ;
#2190 = EDGE_CURVE ( 'NONE', #4238, #6119, #6320, .T. ) ;
#2191 = CARTESIAN_POINT ( 'NONE',  ( 1.565724409054905397, 0.01574803149606299191, -0.7362499999999999600 ) ) ;
#2192 = CARTESIAN_POINT ( 'NONE',  ( 1.145802534054905841, 0.000000000000000000, -0.5831250000000000044 ) ) ;
#2193 = EDGE_CURVE ( 'NONE', #3687, #4365, #4211, .T. ) ;
#2194 = LINE ( 'NONE', #4578, #2023 ) ;
#2195 = ORIENTED_EDGE ( 'NONE', *, *, #647, .F. ) ;
#2196 = VECTOR ( 'NONE', #3203, 39.37007874015748143 ) ;
#2197 = CARTESIAN_POINT ( 'NONE',  ( 1.875803376153104551, 0.01574803149606299191, -0.6875206543491854116 ) ) ;
#2198 = CARTESIAN_POINT ( 'NONE',  ( 2.080408026208834471, 0.01574803149606299191, -0.4896555717446321454 ) ) ;
#2199 = CARTESIAN_POINT ( 'NONE',  ( 1.457960737179905486, 0.000000000000000000, -0.5314648437500000266 ) ) ;
#2200 = VECTOR ( 'NONE', #2629, 39.37007874015748143 ) ;
#2201 = CARTESIAN_POINT ( 'NONE',  ( 1.056748798460251715, 0.01574803149606299191, -0.6279117520509200912 ) ) ;
#2202 = AXIS2_PLACEMENT_3D ( 'NONE', #4168, #3724, #3653 ) ;
#2203 = CARTESIAN_POINT ( 'NONE',  ( 1.558888402621585678, 6.402768735150616918E-18, -0.7361794251699712577 ) ) ;
#2204 = VECTOR ( 'NONE', #4054, 39.37007874015748143 ) ;
#2205 = EDGE_CURVE ( 'NONE', #1741, #648, #3598, .T. ) ;
#2206 = CARTESIAN_POINT ( 'NONE',  ( 0.7127769309459734970, 0.01574803149606299191, -0.4912586770440596773 ) ) ;
#2207 = AXIS2_PLACEMENT_3D ( 'NONE', #5781, #6306, #1478 ) ;
#2208 = CARTESIAN_POINT ( 'NONE',  ( 0.9007052954871305195, 0.000000000000000000, -0.5131930965690219004 ) ) ;
#2209 = CARTESIAN_POINT ( 'NONE',  ( 1.832073469489249540, 6.402768735150616918E-18, -0.5024235809266067720 ) ) ;
#2210 = CARTESIAN_POINT ( 'NONE',  ( 1.757000958224330001, 0.01574803149606299191, -0.6235582935077611522 ) ) ;
#2211 = CARTESIAN_POINT ( 'NONE',  ( 1.765314851565303433, 0.01574803149606299191, -0.4894335053759544807 ) ) ;
#2212 = AXIS2_PLACEMENT_3D ( 'NONE', #568, #1117, #4440 ) ;
#2213 = CARTESIAN_POINT ( 'NONE',  ( 1.769386518429905797, 0.000000000000000000, -0.4893750000000000044 ) ) ;
#2214 = CARTESIAN_POINT ( 'NONE',  ( 1.687457193133251154, 0.01574803149606299191, -0.6502917361556365128 ) ) ;
#2215 = CARTESIAN_POINT ( 'NONE',  ( 1.241348367497592697, 0.000000000000000000, -0.5143599453195993876 ) ) ;
#2216 = VERTEX_POINT ( 'NONE', #5190 ) ;
#2217 = ORIENTED_EDGE ( 'NONE', *, *, #6283, .T. ) ;
#2218 = CARTESIAN_POINT ( 'NONE',  ( 1.922804487179905264, 0.01574803149606299191, -0.6608593750000000266 ) ) ;
#2219 = CARTESIAN_POINT ( 'NONE',  ( 1.531415355931479816, 0.01574803149606299191, -0.7228581240702762756 ) ) ;
#2220 = CARTESIAN_POINT ( 'NONE',  ( 1.680909955929905664, 0.01574803149606299191, -0.5122265624999999822 ) ) ;
#2221 = CARTESIAN_POINT ( 'NONE',  ( 1.659002355286515629, 0.01574803149606299191, -0.5325534197047187002 ) ) ;
#2222 = ORIENTED_EDGE ( 'NONE', *, *, #4237, .F. ) ;
#2223 = EDGE_CURVE ( 'NONE', #549, #3902, #5549, .T. ) ;
#2224 = CARTESIAN_POINT ( 'NONE',  ( 1.781260387671455003, 0.000000000000000000, -0.7390843603633459047 ) ) ;
#2225 = CARTESIAN_POINT ( 'NONE',  ( 2.061409850723055381, 0.01574803149606299191, -0.5025771258101796590 ) ) ;
#2226 = CARTESIAN_POINT ( 'NONE',  ( 0.6947506969205405891, 2.134256245050205639E-18, -0.7111116464360122125 ) ) ;
#2227 = EDGE_CURVE ( 'NONE', #3209, #6119, #5101, .T. ) ;
#2228 = CARTESIAN_POINT ( 'NONE',  ( 1.664491142161984572, -0.000000000000000000, -0.6731983133695433885 ) ) ;
#2229 = CARTESIAN_POINT ( 'NONE',  ( 1.838379791394499918, 0.01574803149606299191, -0.6187231248477531587 ) ) ;
#2230 = CARTESIAN_POINT ( 'NONE',  ( 0.8311052684299053972, 0.01574803149606299191, -0.7079785156249999156 ) ) ;
#2231 = ORIENTED_EDGE ( 'NONE', *, *, #2304, .T. ) ;
#2232 = CARTESIAN_POINT ( 'NONE',  ( 1.542791287405409717, 0.01574803149606299191, -0.7332006196461090530 ) ) ;
#2233 = DIRECTION ( 'NONE',  ( 0.000000000000000000, -1.000000000000000000, 0.000000000000000000 ) ) ;
#2234 = CARTESIAN_POINT ( 'NONE',  ( 1.590294150816323748, 0.01574803149606299191, -0.4894676275273492916 ) ) ;
#2235 = DIRECTION ( 'NONE',  ( 0.000000000000000000, 0.000000000000000000, 1.000000000000000000 ) ) ;
#2236 = ADVANCED_FACE ( 'NONE', ( #1742 ), #2712, .F. ) ;
#2237 = CARTESIAN_POINT ( 'NONE',  ( 2.009895144867603012, 0.000000000000000000, -0.7362523579507957994 ) ) ;
#2238 = CARTESIAN_POINT ( 'NONE',  ( 1.751759565304905619, 0.01574803149606299191, -0.6237500000000000266 ) ) ;
#2239 = B_SPLINE_CURVE_WITH_KNOTS ( 'NONE', 3,
 ( #2451, #5913, #4382, #2082, #5494, #2110, #4078, #4026, #6058, #190, #3123, #612, #702, #3089, #5946 ),
 .UNSPECIFIED., .F., .F.,
 ( 4, 1, 1, 1, 1, 1, 1, 1, 1, 1, 1, 1, 4 ),
 ( 0.000000000000000000, 0.08052749546006585102, 0.1557511882370008760, 0.2241427968279403882, 0.2877648094757402353, 0.3477864607779119210, 0.4043844265791493031, 0.4586476125116776825, 0.5125118302262239300, 0.6218513028698997580, 0.7381902753420745977, 0.8627846496160036516, 1.000000000000000000 ),
 .UNSPECIFIED. ) ;
#2240 = CARTESIAN_POINT ( 'NONE',  ( 1.745531162030891315, 0.000000000000000000, -0.4906680382963545251 ) ) ;
#2241 = EDGE_CURVE ( 'NONE', #972, #5155, #5608, .T. ) ;
#2242 = CARTESIAN_POINT ( 'NONE',  ( 0.7241447959337304896, 0.01574803149606299191, -0.4894625474206326099 ) ) ;
#2243 = LINE ( 'NONE', #3144, #3684 ) ;
#2244 = CARTESIAN_POINT ( 'NONE',  ( 1.659822654122398156, 0.01574803149606299191, -0.6075281398586190873 ) ) ;
#2245 = CARTESIAN_POINT ( 'NONE',  ( 2.061409850723055381, 0.000000000000000000, -0.5025771258101796590 ) ) ;
#2246 = CARTESIAN_POINT ( 'NONE',  ( 1.429054487179905575, 0.000000000000000000, -0.5196484375000000044 ) ) ;
#2247 = VERTEX_POINT ( 'NONE', #1718 ) ;
#2248 = EDGE_LOOP ( 'NONE', ( #3151, #4669, #2310, #228 ) ) ;
#2249 = ADVANCED_FACE ( 'NONE', ( #6064 ), #500, .T. ) ;
#2250 = CARTESIAN_POINT ( 'NONE',  ( 1.500687740155434380, 0.01574803149606299191, -0.4894841393225337067 ) ) ;
#2251 = LINE ( 'NONE', #5609, #5151 ) ;
#2252 = CARTESIAN_POINT ( 'NONE',  ( 1.721528154462228288, 0.01574803149606299191, -0.7327834402532488189 ) ) ;
#2253 = CARTESIAN_POINT ( 'NONE',  ( 1.657186911217147784, 0.01574803149606299191, -0.5455585947241952116 ) ) ;
#2254 = ORIENTED_EDGE ( 'NONE', *, *, #1585, .T. ) ;
#2255 = ORIENTED_EDGE ( 'NONE', *, *, #3148, .T. ) ;
#2256 = LINE ( 'NONE', #3185, #186 ) ;
#2257 = CARTESIAN_POINT ( 'NONE',  ( 1.731848186306505610, 0.01574803149606299191, -0.7357802255022201088 ) ) ;
#2258 = CARTESIAN_POINT ( 'NONE',  ( 1.478404088627531143, 0.01574803149606299191, -0.4930660046446770362 ) ) ;
#2259 = CARTESIAN_POINT ( 'NONE',  ( 0.8591856055488283905, 2.134256245050205639E-18, -0.4938918121870692901 ) ) ;
#2260 = CARTESIAN_POINT ( 'NONE',  ( 1.731848186306505610, 0.000000000000000000, -0.7357802255022201088 ) ) ;
#2261 = ORIENTED_EDGE ( 'NONE', *, *, #5658, .T. ) ;
#2262 = CARTESIAN_POINT ( 'NONE',  ( 1.526503262588267296, 0.01574803149606299191, -0.7083255533305482521 ) ) ;
#2263 = LINE ( 'NONE', #2755, #778 ) ;
#2264 = EDGE_CURVE ( 'NONE', #5709, #2468, #2562, .T. ) ;
#2265 = CARTESIAN_POINT ( 'NONE',  ( 0.7665544871799053750, 0.01574803149606299191, -0.5189160156250000044 ) ) ;
#2266 = CARTESIAN_POINT ( 'NONE',  ( 1.241468419633695586, 0.01574803149606299191, -0.7077921830871947151 ) ) ;
#2267 = CARTESIAN_POINT ( 'NONE',  ( 1.157911909054905708, 0.01574803149606299191, -0.6268749999999999600 ) ) ;
#2268 = CARTESIAN_POINT ( 'NONE',  ( 1.074656226345996446, 0.000000000000000000, -0.6032118762582028282 ) ) ;
#2269 = CARTESIAN_POINT ( 'NONE',  ( 1.185304487179905886, 0.01574803149606299191, -0.6268749999999999600 ) ) ;
#2270 = VERTEX_POINT ( 'NONE', #620 ) ;
#2271 = CARTESIAN_POINT ( 'NONE',  ( 0.7193935879870801964, 0.01574803149606299191, -0.4896277986352555733 ) ) ;
#2272 = CARTESIAN_POINT ( 'NONE',  ( 1.736104624238639760, 0.01574803149606299191, -0.6862385073715552286 ) ) ;
#2273 = CARTESIAN_POINT ( 'NONE',  ( 1.768716956861621004, 4.268512490100411279E-18, -0.6955688596395961376 ) ) ;
#2274 = CARTESIAN_POINT ( 'NONE',  ( 1.957212064746079117, 0.01574803149606299191, -0.7256772953896105660 ) ) ;
#2275 = CARTESIAN_POINT ( 'NONE',  ( 1.990610854456254408, 0.000000000000000000, -0.6853627314024504091 ) ) ;
#2276 = VERTEX_POINT ( 'NONE', #2554 ) ;
#2277 = EDGE_LOOP ( 'NONE', ( #6035, #5728, #3269, #4974 ) ) ;
#2278 = CARTESIAN_POINT ( 'NONE',  ( 0.7587084062087602332, 0.000000000000000000, -0.5076686854596073051 ) ) ;
#2279 = ORIENTED_EDGE ( 'NONE', *, *, #5712, .T. ) ;
#2280 = EDGE_CURVE ( 'NONE', #3094, #4868, #2847, .T. ) ;
#2281 = CARTESIAN_POINT ( 'NONE',  ( 0.9991646983031481355, 4.268512490100411279E-18, -0.7348674797975486284 ) ) ;
#2282 = CARTESIAN_POINT ( 'NONE',  ( 0.4374999999999998335, 0.07000000000000000666, -0.3649999999999999911 ) ) ;
#2283 = CARTESIAN_POINT ( 'NONE',  ( 1.144923627804905752, 0.01574803149606299191, -0.7362499999999999600 ) ) ;
#2284 = ORIENTED_EDGE ( 'NONE', *, *, #2527, .T. ) ;
#2285 = ORIENTED_EDGE ( 'NONE', *, *, #316, .F. ) ;
#2286 = FACE_OUTER_BOUND ( 'NONE', #2090, .T. ) ;
#2287 = DIRECTION ( 'NONE',  ( -0.9739204540951198474, 0.000000000000000000, 0.2268897289327035383 ) ) ;
#2288 = CARTESIAN_POINT ( 'NONE',  ( 1.412013471554905530, 0.01574803149606299191, -0.7362499999999999600 ) ) ;
#2289 = CARTESIAN_POINT ( 'NONE',  ( 1.493973960459992423, 1.707404996040164512E-17, -0.4894559208444422826 ) ) ;
#2290 = LINE ( 'NONE', #356, #267 ) ;
#2291 = CARTESIAN_POINT ( 'NONE',  ( 1.819662547184250689, 0.01574803149606299191, -0.6755243741251424350 ) ) ;
#2292 = CARTESIAN_POINT ( 'NONE',  ( 1.979054487179905397, 0.000000000000000000, -0.6598339843749999600 ) ) ;
#2293 = AXIS2_PLACEMENT_3D ( 'NONE', #488, #4836, #4872 ) ;
#2294 = CARTESIAN_POINT ( 'NONE',  ( 1.979306421502357916, 0.01574803149606299191, -0.6665005902013986239 ) ) ;
#2295 = CARTESIAN_POINT ( 'NONE',  ( 2.021782668011069983, 2.134256245050205639E-18, -0.6269579293438025669 ) ) ;
#2296 = VECTOR ( 'NONE', #363, 39.37007874015748143 ) ;
#2297 = AXIS2_PLACEMENT_3D ( 'NONE', #4939, #4417, #2024 ) ;
#2298 = CARTESIAN_POINT ( 'NONE',  ( 1.769923627804905752, 0.000000000000000000, -0.5331249999999999600 ) ) ;
#2299 = CARTESIAN_POINT ( 'NONE',  ( 1.069057398142129633, 0.000000000000000000, -0.6085854038213160955 ) ) ;
#2300 = CARTESIAN_POINT ( 'NONE',  ( 1.681828174618588800, 0.01574803149606299191, -0.6517141322442286944 ) ) ;
#2301 = ORIENTED_EDGE ( 'NONE', *, *, #3639, .F. ) ;
#2302 = VECTOR ( 'NONE', #961, 39.37007874015748143 ) ;
#2303 = VECTOR ( 'NONE', #3985, 39.37007874015748143 ) ;
#2304 = EDGE_CURVE ( 'NONE', #1639, #5502, #5391, .T. ) ;
#2305 = CARTESIAN_POINT ( 'NONE',  ( 0.6948946821016818154, 2.134256245050205639E-18, -0.5158284825360056614 ) ) ;
#2306 = CARTESIAN_POINT ( 'NONE',  ( 1.925673690198496102, 0.01574803149606299191, -0.6847626957698803585 ) ) ;
#2307 = CARTESIAN_POINT ( 'NONE',  ( 1.412013471554905530, 0.01574803149606299191, -0.7362499999999999600 ) ) ;
#2308 = CARTESIAN_POINT ( 'NONE',  ( 0.9617045812454951825, 0.000000000000000000, -0.4979291817477100590 ) ) ;
#2309 = VECTOR ( 'NONE', #5492, 39.37007874015748143 ) ;
#2310 = ORIENTED_EDGE ( 'NONE', *, *, #5424, .T. ) ;
#2311 = B_SPLINE_SURFACE_WITH_KNOTS ( 'NONE', 3, 1, ( 
 ( #5551, #2606 ),
 ( #4550, #3578 ),
 ( #196, #3964 ),
 ( #3998, #5075 ),
 ( #2168, #705 ),
 ( #3009, #2143 ),
 ( #4576, #1131 ),
 ( #5918, #5499 ),
 ( #3038, #4941 ),
 ( #582, #136 ),
 ( #3484, #5465 ) ),
 .UNSPECIFIED., .F., .F., .F.,
 ( 4, 1, 1, 1, 1, 1, 1, 1, 4 ),
 ( 2, 2 ),
 ( 0.000000000000000000, 0.1395642491078828151, 0.2676158841578833436, 0.3871625851447760835, 0.5033746567004202532, 0.6189297495907163382, 0.7365412102021500207, 0.8613167564720007885, 1.000000000000000000 ),
 ( 0.000000000000000000, 1.000000000000000000 ),
 .UNSPECIFIED. ) ;
#2312 = EDGE_CURVE ( 'NONE', #4860, #2079, #1167, .T. ) ;
#2313 = AXIS2_PLACEMENT_3D ( 'NONE', #394, #6210, #1829 ) ;
#2314 = ORIENTED_EDGE ( 'NONE', *, *, #4467, .F. ) ;
#2315 = CARTESIAN_POINT ( 'NONE',  ( 1.922883731520457662, 6.402768735150616918E-18, -0.6578450886893918437 ) ) ;
#2316 = CARTESIAN_POINT ( 'NONE',  ( 1.946531226345996179, 0.01574803149606299191, -0.6032118762582030502 ) ) ;
#2317 = EDGE_CURVE ( 'NONE', #2336, #3909, #687, .T. ) ;
#2318 = CARTESIAN_POINT ( 'NONE',  ( 0.7266619090549053528, 0.01574803149606299191, -0.4893750000000000044 ) ) ;
#2319 = CARTESIAN_POINT ( 'NONE',  ( 1.657179487179905708, 0.01574803149606299191, -0.5469433593750000488 ) ) ;
#2320 = ORIENTED_EDGE ( 'NONE', *, *, #5857, .T. ) ;
#2321 = ORIENTED_EDGE ( 'NONE', *, *, #3148, .F. ) ;
#2322 = EDGE_LOOP ( 'NONE', ( #3441, #2439, #3787, #2380 ) ) ;
#2323 = FACE_OUTER_BOUND ( 'NONE', #3210, .T. ) ;
#2324 = CARTESIAN_POINT ( 'NONE',  ( 1.464261349065736573, 0.01574803149606299191, -0.7043165516219213051 ) ) ;
#2325 = CARTESIAN_POINT ( 'NONE',  ( 1.457960737179905486, 1.707404996040164512E-17, -0.5314648437500000266 ) ) ;
#2326 = CARTESIAN_POINT ( 'NONE',  ( 0.8759294871799053750, 0.01574803149606299191, -0.4893750000000000044 ) ) ;
#2327 = LINE ( 'NONE', #4251, #5583 ) ;
#2328 = VERTEX_POINT ( 'NONE', #1675 ) ;
#2329 = DIRECTION ( 'NONE',  ( -0.000000000000000000, -1.000000000000000000, -0.000000000000000000 ) ) ;
#2330 = FACE_OUTER_BOUND ( 'NONE', #3284, .T. ) ;
#2331 = DIRECTION ( 'NONE',  ( -0.000000000000000000, -1.000000000000000000, -0.000000000000000000 ) ) ;
#2332 = CARTESIAN_POINT ( 'NONE',  ( 1.769839029394348229, 0.01574803149606299191, -0.6176721814844803315 ) ) ;
#2333 = CARTESIAN_POINT ( 'NONE',  ( 0.7393959099419196157, 0.000000000000000000, -0.4912410258914117200 ) ) ;
#2334 = ORIENTED_EDGE ( 'NONE', *, *, #2694, .F. ) ;
#2335 = DIRECTION ( 'NONE',  ( -0.5185576816259125366, 0.000000000000000000, 0.8550426485426084744 ) ) ;
#2336 = VERTEX_POINT ( 'NONE', #2618 ) ;
#2337 = CARTESIAN_POINT ( 'NONE',  ( 1.950606691666809445, 0.000000000000000000, -0.7215291218473320889 ) ) ;
#2338 = LINE ( 'NONE', #2307, #5144 ) ;
#2339 = CARTESIAN_POINT ( 'NONE',  ( 0.9541399169134242575, 0.01574803149606299191, -0.7096467500054416400 ) ) ;
#2340 = ORIENTED_EDGE ( 'NONE', *, *, #3229, .T. ) ;
#2341 = DIRECTION ( 'NONE',  ( 0.000000000000000000, 0.000000000000000000, -1.000000000000000000 ) ) ;
#2342 = EDGE_CURVE ( 'NONE', #1813, #5358, #3208, .T. ) ;
#2343 = CARTESIAN_POINT ( 'NONE',  ( 1.923038031618342192, 6.402768735150616918E-18, -0.6519758408726168408 ) ) ;
#2344 = CARTESIAN_POINT ( 'NONE',  ( 1.987799062737381162, 0.01574803149606299191, -0.6372473612529567788 ) ) ;
#2345 = CARTESIAN_POINT ( 'NONE',  ( 1.924114692446510455, 0.01574803149606299191, -0.6434199382235037401 ) ) ;
#2346 = CARTESIAN_POINT ( 'NONE',  ( 2.112943956533414713, 0.01574803149606299191, -0.7116585904362078274 ) ) ;
#2347 = ORIENTED_EDGE ( 'NONE', *, *, #1716, .F. ) ;
#2348 = CARTESIAN_POINT ( 'NONE',  ( 1.703399162339077844, 0.01574803149606299191, -0.7251547768737167665 ) ) ;
#2349 = CARTESIAN_POINT ( 'NONE',  ( 1.680909955929905664, 0.01574803149606299191, -0.5122265624999999822 ) ) ;
#2350 = ORIENTED_EDGE ( 'NONE', *, *, #4252, .T. ) ;
#2351 = ORIENTED_EDGE ( 'NONE', *, *, #2190, .F. ) ;
#2352 = CARTESIAN_POINT ( 'NONE',  ( 1.565724409054905397, 0.01574803149606299191, -0.7362499999999999600 ) ) ;
#2353 = CARTESIAN_POINT ( 'NONE',  ( 1.235236404935127430, 0.000000000000000000, -0.7266000665955246740 ) ) ;
#2354 = CARTESIAN_POINT ( 'NONE',  ( 0.7070973242328877362, 0.000000000000000000, -0.4938955433169965881 ) ) ;
#2355 = CARTESIAN_POINT ( 'NONE',  ( 1.819662547184250689, 0.01574803149606299191, -0.6755243741251424350 ) ) ;
#2356 = LINE ( 'NONE', #1415, #3106 ) ;
#2357 = CARTESIAN_POINT ( 'NONE',  ( 1.185304487179905886, 0.01574803149606299191, -0.5209667968750000266 ) ) ;
#2358 = CARTESIAN_POINT ( 'NONE',  ( 1.742937513423403750, 0.000000000000000000, -0.7378313643018082901 ) ) ;
#2359 = ORIENTED_EDGE ( 'NONE', *, *, #4969, .F. ) ;
#2360 = CARTESIAN_POINT ( 'NONE',  ( 2.007564165549411861, 2.134256245050205639E-18, -0.6285930086686676299 ) ) ;
#2361 = LINE ( 'NONE', #461, #2121 ) ;
#2362 = CARTESIAN_POINT ( 'NONE',  ( 2.057179487179905397, 0.01574803149606299191, -0.5831250000000000044 ) ) ;
#2363 = CARTESIAN_POINT ( 'NONE',  ( 1.672500485702157036, 0.000000000000000000, -0.6575839985045565106 ) ) ;
#2364 = ORIENTED_EDGE ( 'NONE', *, *, #3616, .F. ) ;
#2365 = CARTESIAN_POINT ( 'NONE',  ( 0.8906855878890969080, 0.01574803149606299191, -0.7316341506825990715 ) ) ;
#2366 = EDGE_LOOP ( 'NONE', ( #3711, #364, #3449, #2539 ) ) ;
#2367 = CARTESIAN_POINT ( 'NONE',  ( 1.722040335830644420, 0.01574803149606299191, -0.6714435597812290490 ) ) ;
#2368 = CARTESIAN_POINT ( 'NONE',  ( 1.193054235405824004, 0.000000000000000000, -0.4978859496103228977 ) ) ;
#2369 = CARTESIAN_POINT ( 'NONE',  ( 2.229999999999999538, 0.000000000000000000, -1.104999999999999982 ) ) ;
#2370 = CARTESIAN_POINT ( 'NONE',  ( 2.105108418246065760, 0.000000000000000000, -0.7286887187873851701 ) ) ;
#2371 = CARTESIAN_POINT ( 'NONE',  ( 1.582290012972215942, 0.000000000000000000, -0.4896745418457100762 ) ) ;
#2372 = ORIENTED_EDGE ( 'NONE', *, *, #5452, .F. ) ;
#2373 = CARTESIAN_POINT ( 'NONE',  ( 1.731229338394735473, 0.000000000000000000, -0.5393713399673585318 ) ) ;
#2374 = CARTESIAN_POINT ( 'NONE',  ( 1.378345129665667690, 0.000000000000000000, -0.7205800435056687325 ) ) ;
#2375 = CARTESIAN_POINT ( 'NONE',  ( 1.524806440304905530, 0.01574803149606299191, -0.7020214843750001155 ) ) ;
#2376 = CARTESIAN_POINT ( 'NONE',  ( 0.7652613171323492391, 0.01574803149606299191, -0.5170053078946710290 ) ) ;
#2377 = CARTESIAN_POINT ( 'NONE',  ( 2.109560893904240508, 2.134256245050205639E-18, -0.5022764856182352355 ) ) ;
#2378 = CARTESIAN_POINT ( 'NONE',  ( 1.239992746087522857, 0.01574803149606299191, -0.5078715846304679982 ) ) ;
#2379 = CARTESIAN_POINT ( 'NONE',  ( 1.008670260437244393, 0.01574803149606299191, -0.5079346876839752056 ) ) ;
#2380 = ORIENTED_EDGE ( 'NONE', *, *, #4089, .T. ) ;
#2381 = EDGE_CURVE ( 'NONE', #4545, #2907, #2483, .T. ) ;
#2382 = EDGE_CURVE ( 'NONE', #2113, #876, #2401, .T. ) ;
#2383 = ORIENTED_EDGE ( 'NONE', *, *, #570, .T. ) ;
#2384 = CARTESIAN_POINT ( 'NONE',  ( 1.925934603288674385, 0.01574803149606299191, -0.6353857216656664253 ) ) ;
#2385 = CARTESIAN_POINT ( 'NONE',  ( 1.606462641188736384, 0.000000000000000000, -0.7284961019223472611 ) ) ;
#2386 = CARTESIAN_POINT ( 'NONE',  ( 1.463077998984859907, 0.01574803149606299191, -0.7086071453434762413 ) ) ;
#2387 = LINE ( 'NONE', #6305, #4436 ) ;
#2388 = CARTESIAN_POINT ( 'NONE',  ( 1.778631139808374284, 0.01574803149606299191, -0.6954999401474570853 ) ) ;
#2389 = CARTESIAN_POINT ( 'NONE',  ( 1.657201181744086149, -2.134256245050205639E-18, -0.5428967921756030490 ) ) ;
#2390 = CARTESIAN_POINT ( 'NONE',  ( 1.115924062737381650, 0.01574803149606299191, -0.6372473612529567788 ) ) ;
#2391 = CARTESIAN_POINT ( 'NONE',  ( 1.427597597673662344, 0.000000000000000000, -0.5066997352566700030 ) ) ;
#2392 = ORIENTED_EDGE ( 'NONE', *, *, #6111, .F. ) ;
#2393 = LINE ( 'NONE', #1935, #1709 ) ;
#2394 = CARTESIAN_POINT ( 'NONE',  ( 1.157911909054905708, 0.01574803149606299191, -0.6925000000000000044 ) ) ;
#2395 = CARTESIAN_POINT ( 'NONE',  ( 0.7665544871799053750, 0.01574803149606299191, -0.5189160156250000044 ) ) ;
#2396 = CARTESIAN_POINT ( 'NONE',  ( 1.504885159408923423, 0.01574803149606299191, -0.4903065445313095627 ) ) ;
#2397 = CARTESIAN_POINT ( 'NONE',  ( 0.7289193246192244846, -0.000000000000000000, -0.4894478294210971026 ) ) ;
#2398 = AXIS2_PLACEMENT_3D ( 'NONE', #1067, #2549, #552 ) ;
#2399 = ORIENTED_EDGE ( 'NONE', *, *, #5050, .F. ) ;
#2400 = EDGE_CURVE ( 'NONE', #3263, #5152, #3193, .T. ) ;
#2401 = B_SPLINE_CURVE_WITH_KNOTS ( 'NONE', 3,
 ( #148, #4008, #5989, #1617, #3533, #5510, #6169 ),
 .UNSPECIFIED., .F., .F.,
 ( 4, 1, 1, 1, 4 ),
 ( 0.000000000000000000, 0.2943402270832192191, 0.5600815636156156740, 0.7933767436914694882, 1.000000000000000000 ),
 .UNSPECIFIED. ) ;
#2402 = CIRCLE ( 'NONE', #4017, 0.1249999999999999584 ) ;
#2403 = PLANE ( 'NONE',  #5378 ) ;
#2404 = CARTESIAN_POINT ( 'NONE',  ( 0.8549813327993925904, 0.01574803149606299191, -0.7363010216256794527 ) ) ;
#2405 = CARTESIAN_POINT ( 'NONE',  ( 1.745283156712634565, 0.000000000000000000, -0.6912848327287646200 ) ) ;
#2406 = LINE ( 'NONE', #985, #5156 ) ;
#2407 = CIRCLE ( 'NONE', #3306, 0.06250000000000001388 ) ;
#2408 = ORIENTED_EDGE ( 'NONE', *, *, #2716, .F. ) ;
#2409 = CARTESIAN_POINT ( 'NONE',  ( 1.377198421603221590, 0.000000000000000000, -0.7175827911707547413 ) ) ;
#2410 = CARTESIAN_POINT ( 'NONE',  ( 0.8698121679576881204, 0.000000000000000000, -0.4896604978119677987 ) ) ;
#2411 = CARTESIAN_POINT ( 'NONE',  ( 1.613429487179905530, 0.01574803149606299191, -0.5195996093750000488 ) ) ;
#2412 = CARTESIAN_POINT ( 'NONE',  ( 2.092412491511593142, 2.134256245050205639E-18, -0.4896771582000231104 ) ) ;
#2413 = ORIENTED_EDGE ( 'NONE', *, *, #3707, .F. ) ;
#2414 = VECTOR ( 'NONE', #1234, 39.37007874015748143 ) ;
#2415 = CARTESIAN_POINT ( 'NONE',  ( 1.861136782071959317, 0.01574803149606299191, -0.7058083210826882059 ) ) ;
#2416 = CARTESIAN_POINT ( 'NONE',  ( 1.710304487179905575, 0.01574803149606299191, -0.5799999999999999600 ) ) ;
#2417 = CARTESIAN_POINT ( 'NONE',  ( 0.6985316199744912025, 0.01574803149606299191, -0.7266548157250078965 ) ) ;
#2418 = ORIENTED_EDGE ( 'NONE', *, *, #6007, .T. ) ;
#2419 = VECTOR ( 'NONE', #5032, 39.37007874015748143 ) ;
#2420 = B_SPLINE_SURFACE_WITH_KNOTS ( 'NONE', 3, 1, ( 
 ( #5959, #2641 ),
 ( #5474, #1672 ),
 ( #4065, #204 ),
 ( #1191, #3584 ),
 ( #3109, #4094 ),
 ( #1164, #3076 ),
 ( #5084, #1698 ),
 ( #2149, #2615 ),
 ( #5047, #3614 ),
 ( #5111, #1643 ),
 ( #5020, #737 ) ),
 .UNSPECIFIED., .F., .F., .F.,
 ( 4, 1, 1, 1, 1, 1, 1, 1, 4 ),
 ( 2, 2 ),
 ( 0.000000000000000000, 0.1359458605750245852, 0.2591076351429702496, 0.3755067662957188301, 0.4910744644399315795, 0.6077466682551784238, 0.7281929059737897170, 0.8582514089327529794, 1.000000000000000000 ),
 ( 0.000000000000000000, 1.000000000000000000 ),
 .UNSPECIFIED. ) ;
#2421 = EDGE_LOOP ( 'NONE', ( #2231, #449, #981, #5253, #1462, #4654 ) ) ;
#2422 = CARTESIAN_POINT ( 'NONE',  ( 1.612264134385513747, 0.000000000000000000, -0.7180788956478462159 ) ) ;
#2423 = CARTESIAN_POINT ( 'NONE',  ( 1.712658128297170013, 0.01574803149606299191, -0.4981184784900473117 ) ) ;
#2424 = CARTESIAN_POINT ( 'NONE',  ( 1.493973960459992423, 0.01574803149606299191, -0.4894559208444422826 ) ) ;
#2425 = DIRECTION ( 'NONE',  ( -0.000000000000000000, -1.000000000000000000, -0.000000000000000000 ) ) ;
#2426 = EDGE_CURVE ( 'NONE', #2814, #3815, #973, .T. ) ;
#2427 = CARTESIAN_POINT ( 'NONE',  ( 1.881239693776089350, 0.01574803149606299191, -0.5513158088305722959 ) ) ;
#2428 = CARTESIAN_POINT ( 'NONE',  ( 1.939531165635440590, 0.01574803149606299191, -0.7112607086607197759 ) ) ;
#2429 = EDGE_LOOP ( 'NONE', ( #6159, #2678, #4383, #1850 ) ) ;
#2430 = B_SPLINE_CURVE_WITH_KNOTS ( 'NONE', 3,
 ( #3755, #4305, #924, #1913, #3246, #5738, #1370, #3279, #2344, #3789, #3948, #5932, #1556, #3469, #121 ),
 .UNSPECIFIED., .F., .F.,
 ( 4, 1, 1, 1, 1, 1, 1, 1, 1, 1, 1, 1, 4 ),
 ( 0.000000000000000000, 0.1196246628663752143, 0.2282837097143243510, 0.3263627238658242113, 0.4152666510313157699, 0.4958568814466446373, 0.5702432826981825853, 0.6394510592149723616, 0.7065314550312612463, 0.7732900845859886907, 0.8425412606324501619, 0.9177644306273171626, 1.000000000000000000 ),
 .UNSPECIFIED. ) ;
#2431 = EDGE_CURVE ( 'NONE', #6323, #841, #2669, .T. ) ;
#2432 = CARTESIAN_POINT ( 'NONE',  ( 1.233233418246066027, 1.067128122525102820E-17, -0.7286887187873851701 ) ) ;
#2433 = LINE ( 'NONE', #22, #3925 ) ;
#2434 = CARTESIAN_POINT ( 'NONE',  ( 1.517968615889645712, 0.01574803149606299191, -0.4979413322131798214 ) ) ;
#2435 = CARTESIAN_POINT ( 'NONE',  ( 1.772884450528833034, 0.01574803149606299191, -0.6143659011276845217 ) ) ;
#2436 = ORIENTED_EDGE ( 'NONE', *, *, #1893, .T. ) ;
#2437 = VERTEX_POINT ( 'NONE', #5684 ) ;
#2438 = CARTESIAN_POINT ( 'NONE',  ( 1.539035552760663172, 0.000000000000000000, -0.7313131790087699091 ) ) ;
#2439 = ORIENTED_EDGE ( 'NONE', *, *, #3689, .F. ) ;
#2440 = CARTESIAN_POINT ( 'NONE',  ( 1.837365641014719220, 0.01574803149606299191, -0.5965159553965388994 ) ) ;
#2441 = CARTESIAN_POINT ( 'NONE',  ( 0.8702165965549053528, 2.134256245050205639E-18, -0.7393750000000000044 ) ) ;
#2442 = CARTESIAN_POINT ( 'NONE',  ( 1.987745893429905264, 0.01574803149606299191, -0.6829296874999999378 ) ) ;
#2443 = VERTEX_POINT ( 'NONE', #1317 ) ;
#2444 = ADVANCED_FACE ( 'NONE', ( #359 ), #1525, .T. ) ;
#2445 = DIRECTION ( 'NONE',  ( 0.000000000000000000, 0.000000000000000000, -1.000000000000000000 ) ) ;
#2446 = DIRECTION ( 'NONE',  ( 0.000000000000000000, 0.000000000000000000, -1.000000000000000000 ) ) ;
#2447 = CARTESIAN_POINT ( 'NONE',  ( 2.108803341666530162, 0.000000000000000000, -0.7242062594868183822 ) ) ;
#2448 = ORIENTED_EDGE ( 'NONE', *, *, #3499, .F. ) ;
#2449 = CARTESIAN_POINT ( 'NONE',  ( 2.111867746087522590, 0.000000000000000000, -0.5078715846304679982 ) ) ;
#2450 = CARTESIAN_POINT ( 'NONE',  ( 1.116791322972035649, 2.134256245050205639E-18, -0.6837113544980911728 ) ) ;
#2451 = CARTESIAN_POINT ( 'NONE',  ( 1.613429487179905530, 0.01574803149606299191, -0.7068066406249999822 ) ) ;
#2452 = ORIENTED_EDGE ( 'NONE', *, *, #4516, .T. ) ;
#2453 = EDGE_CURVE ( 'NONE', #4309, #134, #1354, .T. ) ;
#2454 = CARTESIAN_POINT ( 'NONE',  ( 1.928623798460251004, 6.402768735150616918E-18, -0.6279117520509202022 ) ) ;
#2455 = CARTESIAN_POINT ( 'NONE',  ( 1.524806440304905530, 0.01574803149606299191, -0.7020214843750001155 ) ) ;
#2456 = FACE_OUTER_BOUND ( 'NONE', #2429, .T. ) ;
#2457 = CARTESIAN_POINT ( 'NONE',  ( 1.465415459423557554, 0.01574803149606299191, -0.5068682642342801081 ) ) ;
#2458 = CARTESIAN_POINT ( 'NONE',  ( 1.657179487179905708, -2.134256245050205639E-18, -0.5469433593750000488 ) ) ;
#2459 = CARTESIAN_POINT ( 'NONE',  ( 1.657621228432649918, 0.000000000000000000, -0.5390989695264859494 ) ) ;
#2460 = CARTESIAN_POINT ( 'NONE',  ( 1.696437299679905752, 0.01574803149606299191, -0.6237500000000000266 ) ) ;
#2461 = ORIENTED_EDGE ( 'NONE', *, *, #6104, .F. ) ;
#2462 = CARTESIAN_POINT ( 'NONE',  ( 1.225653139869469443, 0.01574803149606299191, -0.7333496907531326103 ) ) ;
#2463 = DIRECTION ( 'NONE',  ( -0.000000000000000000, -1.000000000000000000, -0.000000000000000000 ) ) ;
#2464 = CARTESIAN_POINT ( 'NONE',  ( 1.433115318383023640, 0.000000000000000000, -0.7361275896145631492 ) ) ;
#2465 = DIRECTION ( 'NONE',  ( -1.000000000000000000, 0.000000000000000000, 0.000000000000000000 ) ) ;
#2466 = ORIENTED_EDGE ( 'NONE', *, *, #4086, .T. ) ;
#2467 = ADVANCED_FACE ( 'NONE', ( #4743 ), #5392, .T. ) ;
#2468 = VERTEX_POINT ( 'NONE', #2928 ) ;
#2469 = CARTESIAN_POINT ( 'NONE',  ( 0.8777482983523854365, -0.000000000000000000, -0.4894554326371468034 ) ) ;
#2470 = CARTESIAN_POINT ( 'NONE',  ( 1.547304550103224097, 0.000000000000000000, -0.7346194713301407164 ) ) ;
#2471 = CARTESIAN_POINT ( 'NONE',  ( 1.820135691242227072, 0.01574803149606299191, -0.5538288753223686856 ) ) ;
#2472 = CARTESIAN_POINT ( 'NONE',  ( 0.8311052684299053972, 0.01574803149606299191, -0.7079785156249999156 ) ) ;
#2473 = LINE ( 'NONE', #988, #4633 ) ;
#2474 = CARTESIAN_POINT ( 'NONE',  ( 0.8641409577175938050, 0.000000000000000000, -0.4912404362675277802 ) ) ;
#2475 = CARTESIAN_POINT ( 'NONE',  ( 1.766896284054905619, 0.000000000000000000, -0.7393750000000000044 ) ) ;
#2476 = CARTESIAN_POINT ( 'NONE',  ( 2.111397415065153549, 0.01574803149606299191, -0.7185264885591116091 ) ) ;
#2477 = ORIENTED_EDGE ( 'NONE', *, *, #1095, .F. ) ;
#2478 = CARTESIAN_POINT ( 'NONE',  ( 0.8478981602852648791, 0.01574803149606299191, -0.5176555267358625700 ) ) ;
#2479 = CARTESIAN_POINT ( 'NONE',  ( 1.724106526501848036, 0.01574803149606299191, -0.5419057985329381877 ) ) ;
#2480 = CARTESIAN_POINT ( 'NONE',  ( 1.216824410802786138, 0.01574803149606299191, -0.4894783444736948708 ) ) ;
#2481 = CARTESIAN_POINT ( 'NONE',  ( 0.7166972805375858568, 0.01574803149606299191, -0.7390839934332873451 ) ) ;
#2482 = ORIENTED_EDGE ( 'NONE', *, *, #3173, .F. ) ;
#2483 = B_SPLINE_CURVE_WITH_KNOTS ( 'NONE', 3,
 ( #4471, #3979, #6078, #5594, #1646, #2991, #599, #2098, #3020, #628, #4498 ),
 .UNSPECIFIED., .F., .F.,
 ( 4, 1, 1, 1, 1, 1, 1, 1, 4 ),
 ( 0.000000000000000000, 0.1182764693417158869, 0.2293361993440335977, 0.3395720181782663771, 0.4538680160291304055, 0.5741236693671500912, 0.7016203289588394121, 0.8424135457246765268, 1.000000000000000000 ),
 .UNSPECIFIED. ) ;
#2484 = DIRECTION ( 'NONE',  ( 0.000000000000000000, 0.000000000000000000, 1.000000000000000000 ) ) ;
#2485 = DIRECTION ( 'NONE',  ( -0.000000000000000000, -1.000000000000000000, -0.000000000000000000 ) ) ;
#2486 = CARTESIAN_POINT ( 'NONE',  ( 1.483617750234937915, 0.01574803149606299191, -0.4908385602056248298 ) ) ;
#2487 = CARTESIAN_POINT ( 'NONE',  ( 1.679451743075582426, 0.01574803149606299191, -0.5130238392814815418 ) ) ;
#2488 = CARTESIAN_POINT ( 'NONE',  ( 1.796313817858544937, 0.01574803149606299191, -0.4913360111011859654 ) ) ;
#2489 = CARTESIAN_POINT ( 'NONE',  ( 1.957212064746079117, 0.01574803149606299191, -0.7256772953896105660 ) ) ;
#2490 = ORIENTED_EDGE ( 'NONE', *, *, #3422, .T. ) ;
#2491 = CARTESIAN_POINT ( 'NONE',  ( 1.107179487179905886, 0.01574803149606299191, -0.6598339843750001821 ) ) ;
#2492 = DIRECTION ( 'NONE',  ( 1.000000000000000000, 0.000000000000000000, 0.000000000000000000 ) ) ;
#2493 = CARTESIAN_POINT ( 'NONE',  ( 1.464894330929905619, 0.01574803149606299191, -0.7020214843750001155 ) ) ;
#2494 = CARTESIAN_POINT ( 'NONE',  ( 1.451056603349967222, 0.000000000000000000, -0.7319510360970333807 ) ) ;
#2495 = CARTESIAN_POINT ( 'NONE',  ( 1.141991381153823593, 0.01574803149606299191, -0.5831681608761835056 ) ) ;
#2496 = VERTEX_POINT ( 'NONE', #5890 ) ;
#2497 = CARTESIAN_POINT ( 'NONE',  ( 1.894585122914099085, -0.000000000000000000, -0.6097147406940437442 ) ) ;
#2498 = CARTESIAN_POINT ( 'NONE',  ( 1.664871923455722325, -2.134256245050205639E-18, -0.6150814801740419613 ) ) ;
#2499 = CARTESIAN_POINT ( 'NONE',  ( 1.833988177525957219, 0.01574803149606299191, -0.5797518390386818821 ) ) ;
#2500 = DIRECTION ( 'NONE',  ( -0.000000000000000000, -1.000000000000000000, -0.000000000000000000 ) ) ;
#2501 = LINE ( 'NONE', #5539, #5068 ) ;
#2502 = AXIS2_PLACEMENT_3D ( 'NONE', #2505, #5516, #1149 ) ;
#2503 = CARTESIAN_POINT ( 'NONE',  ( 1.769923627804905752, 0.000000000000000000, -0.5331249999999999600 ) ) ;
#2504 = CARTESIAN_POINT ( 'NONE',  ( 0.6946794871799053528, 0.000000000000000000, -0.7089062499999998490 ) ) ;
#2505 = CARTESIAN_POINT ( 'NONE',  ( 0.1250000000000000000, 0.000000000000000000, -0.1250000000000000278 ) ) ;
#2506 = VERTEX_POINT ( 'NONE', #4808 ) ;
#2507 = CARTESIAN_POINT ( 'NONE',  ( 1.412013471554905530, 0.01574803149606299191, -0.7362499999999999600 ) ) ;
#2508 = VECTOR ( 'NONE', #3145, 39.37007874015748143 ) ;
#2509 = CARTESIAN_POINT ( 'NONE',  ( 1.712615238068587731, -0.000000000000000000, -0.6583572771525912914 ) ) ;
#2510 = CARTESIAN_POINT ( 'NONE',  ( 1.710304487179905575, 0.000000000000000000, -0.5480664062500000266 ) ) ;
#2511 = PLANE ( 'NONE',  #595 ) ;
#2512 = ADVANCED_FACE ( 'NONE', ( #1419 ), #3433, .T. ) ;
#2513 = CARTESIAN_POINT ( 'NONE',  ( 1.530605170206580601, 0.000000000000000000, -0.5301263936895446172 ) ) ;
#2514 = AXIS2_PLACEMENT_3D ( 'NONE', #3025, #4999, #4018 ) ;
#2515 = ORIENTED_EDGE ( 'NONE', *, *, #4561, .T. ) ;
#2516 = EDGE_CURVE ( 'NONE', #4464, #1645, #5856, .T. ) ;
#2517 = CARTESIAN_POINT ( 'NONE',  ( 1.964515483710597588, 0.000000000000000000, -0.7291341438346857773 ) ) ;
#2518 = CARTESIAN_POINT ( 'NONE',  ( 1.613429487179905530, 2.134256245050205639E-18, -0.7068066406249999822 ) ) ;
#2519 = CARTESIAN_POINT ( 'NONE',  ( 1.377517148579386896, 0.01574803149606299191, -0.5072631977476020904 ) ) ;
#2520 = CARTESIAN_POINT ( 'NONE',  ( 1.657186911217147784, -2.134256245050205639E-18, -0.5455585947241952116 ) ) ;
#2521 = CARTESIAN_POINT ( 'NONE',  ( 1.107234395844689967, 0.01574803149606299191, -0.6579403409033011130 ) ) ;
#2522 = CARTESIAN_POINT ( 'NONE',  ( 1.710304487179905575, 0.01574803149606299191, -0.5799999999999999600 ) ) ;
#2523 = ADVANCED_FACE ( 'NONE', ( #1994 ), #1041, .T. ) ;
#2524 = AXIS2_PLACEMENT_3D ( 'NONE', #1936, #560, #4916 ) ;
#2525 = VERTEX_POINT ( 'NONE', #454 ) ;
#2526 = CARTESIAN_POINT ( 'NONE',  ( 1.185532124056223102, 0.01574803149606299191, -0.5142886079259293419 ) ) ;
#2527 = EDGE_CURVE ( 'NONE', #6119, #3923, #434, .T. ) ;
#2528 = CARTESIAN_POINT ( 'NONE',  ( 2.113343419633694875, 0.000000000000000000, -0.7077921830871947151 ) ) ;
#2529 = CARTESIAN_POINT ( 'NONE',  ( 1.235236404935127430, 1.067128122525102820E-17, -0.7266000665955246740 ) ) ;
#2530 = LINE ( 'NONE', #2036, #6314 ) ;
#2531 = CARTESIAN_POINT ( 'NONE',  ( 1.104550237444370753, 0.01574803149606299191, -0.5880286626417446927 ) ) ;
#2532 = ORIENTED_EDGE ( 'NONE', *, *, #4661, .T. ) ;
#2533 = CARTESIAN_POINT ( 'NONE',  ( 1.116791322972035649, -0.000000000000000000, -0.6837113544980911728 ) ) ;
#2534 = CARTESIAN_POINT ( 'NONE',  ( 1.185382510028260228, 0.01574803149606299191, -0.5186778385476670250 ) ) ;
#2535 = CARTESIAN_POINT ( 'NONE',  ( 0.8702165965549053528, 0.000000000000000000, -0.7393750000000000044 ) ) ;
#2536 = CARTESIAN_POINT ( 'NONE',  ( 0.9540544871799059301, 0.01574803149606299191, -0.5216015625000000044 ) ) ;
#2537 = CARTESIAN_POINT ( 'NONE',  ( 1.861136782071959317, 0.000000000000000000, -0.7058083210826882059 ) ) ;
#2538 = DIRECTION ( 'NONE',  ( -0.000000000000000000, -1.000000000000000000, -0.000000000000000000 ) ) ;
#2539 = ORIENTED_EDGE ( 'NONE', *, *, #4572, .T. ) ;
#2540 = CARTESIAN_POINT ( 'NONE',  ( 1.489674841191251264, 0.000000000000000000, -0.4896093089674877219 ) ) ;
#2541 = CARTESIAN_POINT ( 'NONE',  ( 1.693409955929905619, 0.000000000000000000, -0.6500195312500000044 ) ) ;
#2542 = CARTESIAN_POINT ( 'NONE',  ( 1.008670260437244393, 0.01574803149606299191, -0.5079346876839752056 ) ) ;
#2543 = PLANE ( 'NONE',  #3811 ) ;
#2544 = ORIENTED_EDGE ( 'NONE', *, *, #4678, .T. ) ;
#2545 = EDGE_CURVE ( 'NONE', #4868, #1456, #1817, .T. ) ;
#2546 = VERTEX_POINT ( 'NONE', #5320 ) ;
#2547 = CARTESIAN_POINT ( 'NONE',  ( 1.934973356008049539, 0.000000000000000000, -0.7053616767970830592 ) ) ;
#2548 = B_SPLINE_CURVE_WITH_KNOTS ( 'NONE', 3,
 ( #2060, #4841, #556, #2489, #494, #2983, #2428, #3394, #3866, #5439, #5854, #1481, #5370, #51, #1009 ),
 .UNSPECIFIED., .F., .F.,
 ( 4, 1, 1, 1, 1, 1, 1, 1, 1, 1, 1, 1, 4 ),
 ( 0.000000000000000000, 0.08979271063556075461, 0.1753942178141339459, 0.2588056349961311287, 0.3398127966891519858, 0.4200621604101825168, 0.4991223246882413589, 0.5788384868517749693, 0.6591082875927603002, 0.7411182879485650465, 0.8251094400327129152, 0.9110392593857608023, 1.000000000000000000 ),
 .UNSPECIFIED. ) ;
#2549 = DIRECTION ( 'NONE',  ( 0.000000000000000000, -1.000000000000000000, 0.000000000000000000 ) ) ;
#2550 = CARTESIAN_POINT ( 'NONE',  ( 2.229999999999999538, 0.07000000000000074218, -0.1750000000000000444 ) ) ;
#2551 = CARTESIAN_POINT ( 'NONE',  ( 1.776564252804905708, 0.000000000000000000, -0.6016308593750000488 ) ) ;
#2552 = DIRECTION ( 'NONE',  ( 0.000000000000000000, 1.000000000000000000, 0.000000000000000000 ) ) ;
#2553 = VERTEX_POINT ( 'NONE', #4759 ) ;
#2554 = CARTESIAN_POINT ( 'NONE',  ( 2.104999999999999982, 0.1400000000000000133, -1.229999999999999982 ) ) ;
#2555 = CARTESIAN_POINT ( 'NONE',  ( 2.087418124153548327, 0.01574803149606299191, -0.7358011333994025627 ) ) ;
#2556 = CARTESIAN_POINT ( 'NONE',  ( 1.412013471554905530, 0.000000000000000000, -0.7362499999999999600 ) ) ;
#2557 = CARTESIAN_POINT ( 'NONE',  ( 1.773752465236892117, 0.01574803149606299191, -0.6955825106874353736 ) ) ;
#2558 = CARTESIAN_POINT ( 'NONE',  ( 1.095981238116829237, 0.01574803149606299191, -0.5908602598766083958 ) ) ;
#2559 = ORIENTED_EDGE ( 'NONE', *, *, #3030, .T. ) ;
#2560 = CARTESIAN_POINT ( 'NONE',  ( 1.861136782071959317, 0.01574803149606299191, -0.7058083210826882059 ) ) ;
#2561 = CARTESIAN_POINT ( 'NONE',  ( 1.889985985152423664, 0.000000000000000000, -0.5745310507535678068 ) ) ;
#2562 = B_SPLINE_CURVE_WITH_KNOTS ( 'NONE', 3,
 ( #1135, #4947, #2526, #590, #2063, #3970, #5955, #1577, #3489, #1105, #4982 ),
 .UNSPECIFIED., .F., .F.,
 ( 4, 1, 1, 1, 1, 1, 1, 1, 4 ),
 ( 0.000000000000000000, 0.1402943894369882427, 0.2690238711738889288, 0.3898006988269686057, 0.5083482253201334622, 0.6259820118935320865, 0.7431690458776171182, 0.8666051232822475914, 1.000000000000000000 ),
 .UNSPECIFIED. ) ;
#2563 = FACE_OUTER_BOUND ( 'NONE', #2322, .T. ) ;
#2564 = CARTESIAN_POINT ( 'NONE',  ( 1.560304487179905664, 0.01574803149606299191, -0.6799999999999999378 ) ) ;
#2565 = CARTESIAN_POINT ( 'NONE',  ( 1.107265499518347074, 0.000000000000000000, -0.6621100154890268152 ) ) ;
#2566 = EDGE_CURVE ( 'NONE', #3423, #2814, #3349, .T. ) ;
#2567 = CARTESIAN_POINT ( 'NONE',  ( 1.781260387671455003, 0.000000000000000000, -0.7390843603633459047 ) ) ;
#2568 = DIRECTION ( 'NONE',  ( 0.000000000000000000, 0.000000000000000000, -1.000000000000000000 ) ) ;
#2569 = ORIENTED_EDGE ( 'NONE', *, *, #3434, .T. ) ;
#2570 = CARTESIAN_POINT ( 'NONE',  ( 1.483617750234937915, 0.000000000000000000, -0.4908385602056248298 ) ) ;
#2571 = CARTESIAN_POINT ( 'NONE',  ( 1.668958520626598663, 0.01574803149606299191, -0.6614720397614882730 ) ) ;
#2572 = CARTESIAN_POINT ( 'NONE',  ( 0.9990819392866335802, 0.000000000000000000, -0.4939665818789647500 ) ) ;
#2573 = EDGE_LOOP ( 'NONE', ( #754, #283, #5297, #2827, #1616, #2780, #2881, #2532, #6327, #510, #19, #3988, #2350, #505, #5319, #224, #1112, #252, #3875, #3175 ) ) ;
#2574 = ORIENTED_EDGE ( 'NONE', *, *, #282, .F. ) ;
#2575 = CARTESIAN_POINT ( 'NONE',  ( 0.8986376333861287868, -0.000000000000000000, -0.7196902923623984538 ) ) ;
#2576 = CARTESIAN_POINT ( 'NONE',  ( 0.8717019066464760657, -0.000000000000000000, -0.7393013101592029734 ) ) ;
#2577 = CARTESIAN_POINT ( 'NONE',  ( 1.768400757564957182, 0.000000000000000000, -0.5845930326826114243 ) ) ;
#2578 = FACE_OUTER_BOUND ( 'NONE', #3294, .T. ) ;
#2579 = EDGE_CURVE ( 'NONE', #4470, #2171, #5603, .T. ) ;
#2580 = EDGE_LOOP ( 'NONE', ( #1550, #3995 ) ) ;
#2581 = EDGE_CURVE ( 'NONE', #3183, #1344, #1773, .T. ) ;
#2582 = CARTESIAN_POINT ( 'NONE',  ( 1.571520055508351055, 2.134256245050205639E-18, -0.4938218264033372717 ) ) ;
#2583 = CARTESIAN_POINT ( 'NONE',  ( 1.611959180508165890, 0.000000000000000000, -0.5065921339596431983 ) ) ;
#2584 = CARTESIAN_POINT ( 'NONE',  ( 0.7016800623061106856, 0.01574803149606299191, -0.7312576142679250157 ) ) ;
#2585 = CARTESIAN_POINT ( 'NONE',  ( 1.809936025685241257, 0.01574803149606299191, -0.6843817981834026121 ) ) ;
#2586 = CARTESIAN_POINT ( 'NONE',  ( 1.069057398142129633, 0.01574803149606299191, -0.6085854038213160955 ) ) ;
#2587 = ORIENTED_EDGE ( 'NONE', *, *, #2223, .T. ) ;
#2588 = EDGE_CURVE ( 'NONE', #2171, #1632, #345, .T. ) ;
#2589 = CARTESIAN_POINT ( 'NONE',  ( 1.116791322972035649, 0.01574803149606299191, -0.6837113544980911728 ) ) ;
#2590 = CARTESIAN_POINT ( 'NONE',  ( 1.208533026208835182, 0.000000000000000000, -0.4896555717446322009 ) ) ;
#2591 = CARTESIAN_POINT ( 'NONE',  ( 0.9541362347901385377, 0.01574803149606299191, -0.5192325721664362570 ) ) ;
#2592 = CARTESIAN_POINT ( 'NONE',  ( 1.972365034054905486, 0.01574803149606299191, -0.7317089843750000933 ) ) ;
#2593 = CARTESIAN_POINT ( 'NONE',  ( 1.107431421502358626, 0.000000000000000000, -0.6665005902013986239 ) ) ;
#2594 = ORIENTED_EDGE ( 'NONE', *, *, #4363, .F. ) ;
#2595 = EDGE_CURVE ( 'NONE', #3374, #1741, #3788, .T. ) ;
#2596 = CARTESIAN_POINT ( 'NONE',  ( 0.9991646983031481355, 0.01574803149606299191, -0.7348674797975486284 ) ) ;
#2597 = CARTESIAN_POINT ( 'NONE',  ( 2.113429487179905308, 2.134256245050205639E-18, -0.5214062499999999600 ) ) ;
#2598 = CARTESIAN_POINT ( 'NONE',  ( 1.391183730908384097, 2.134256245050205639E-18, -0.7327621706631577414 ) ) ;
#2599 = CARTESIAN_POINT ( 'NONE',  ( 0.2000000000000000111, 0.000000000000000000, -0.7399999999999999911 ) ) ;
#2600 = CARTESIAN_POINT ( 'NONE',  ( 0.1250000000000000000, 0.000000000000000000, -1.229999999999999982 ) ) ;
#2601 = AXIS2_PLACEMENT_3D ( 'NONE', #770, #5142, #5622 ) ;
#2602 = VERTEX_POINT ( 'NONE', #5187 ) ;
#2603 = VERTEX_POINT ( 'NONE', #412 ) ;
#2604 = AXIS2_PLACEMENT_3D ( 'NONE', #3501, #4856, #4369 ) ;
#2605 = CARTESIAN_POINT ( 'NONE',  ( 1.109194553361001923, 0.000000000000000000, -0.6727046574171605675 ) ) ;
#2606 = CARTESIAN_POINT ( 'NONE',  ( 1.375929487179905486, 2.134256245050205639E-18, -0.5195996093750000488 ) ) ;
#2607 = CARTESIAN_POINT ( 'NONE',  ( 1.994202413818217279, 2.134256245050205639E-18, -0.6872853059217896021 ) ) ;
#2608 = CARTESIAN_POINT ( 'NONE',  ( 2.648333333333330319, -0.1033333333333356224, -0.6366666666666710439 ) ) ;
#2609 = EDGE_LOOP ( 'NONE', ( #3559, #2972 ) ) ;
#2610 = VECTOR ( 'NONE', #6158, 39.37007874015748143 ) ;
#2611 = VECTOR ( 'NONE', #4368, 39.37007874015748143 ) ;
#2612 = CARTESIAN_POINT ( 'NONE',  ( 1.561903426995251865, 0.01574803149606299191, -0.5073008020406500895 ) ) ;
#2613 = VECTOR ( 'NONE', #5587, 39.37007874015748143 ) ;
#2614 = CARTESIAN_POINT ( 'NONE',  ( 1.425377796716588374, 0.01574803149606299191, -0.5014018362069876389 ) ) ;
#2615 = CARTESIAN_POINT ( 'NONE',  ( 0.9557711501985686198, 0.000000000000000000, -0.7205359440606082799 ) ) ;
#2616 = CARTESIAN_POINT ( 'NONE',  ( 1.064187937789624838, 0.01574803149606299191, -0.6144818557087915467 ) ) ;
#2617 = ORIENTED_EDGE ( 'NONE', *, *, #6195, .F. ) ;
#2618 = CARTESIAN_POINT ( 'NONE',  ( 1.588527143429905530, 0.01574803149606299191, -0.4893750000000000044 ) ) ;
#2619 = VECTOR ( 'NONE', #5112, 39.37007874015748854 ) ;
#2620 = EDGE_CURVE ( 'NONE', #4536, #5327, #820, .T. ) ;
#2621 = CARTESIAN_POINT ( 'NONE',  ( 2.086769330929905131, 0.01574803149606299191, -0.4893750000000000044 ) ) ;
#2622 = CARTESIAN_POINT ( 'NONE',  ( 1.751759565304905619, 0.000000000000000000, -0.6237500000000000266 ) ) ;
#2623 = CARTESIAN_POINT ( 'NONE',  ( 1.894400054854275872, 0.01574803149606299191, -0.6005749975862315626 ) ) ;
#2624 = CARTESIAN_POINT ( 'NONE',  ( 1.185304487179905886, 0.01574803149606299191, -0.5209667968750000266 ) ) ;
#2625 = CARTESIAN_POINT ( 'NONE',  ( 0.8311052684299053972, 0.01574803149606299191, -0.7079785156249999156 ) ) ;
#2626 = DIRECTION ( 'NONE',  ( 0.000000000000000000, -0.000000000000000000, 1.000000000000000000 ) ) ;
#2627 = CARTESIAN_POINT ( 'NONE',  ( 1.691383674748812460, 0.01574803149606299191, -0.6501121880039365530 ) ) ;
#2628 = CARTESIAN_POINT ( 'NONE',  ( 2.057179487179905397, 0.01574803149606299191, -0.5209667968750000266 ) ) ;
#2629 = DIRECTION ( 'NONE',  ( -1.000000000000000000, -0.000000000000000000, -0.000000000000000000 ) ) ;
#2630 = CARTESIAN_POINT ( 'NONE',  ( 1.429054487179905575, 0.01574803149606299191, -0.5196484375000000044 ) ) ;
#2631 = ORIENTED_EDGE ( 'NONE', *, *, #3624, .F. ) ;
#2632 = ORIENTED_EDGE ( 'NONE', *, *, #1230, .F. ) ;
#2633 = ORIENTED_EDGE ( 'NONE', *, *, #3296, .T. ) ;
#2634 = PLANE ( 'NONE',  #5776 ) ;
#2635 = CARTESIAN_POINT ( 'NONE',  ( 1.387152977514224839, 0.000000000000000000, -0.4938059999865766492 ) ) ;
#2636 = FACE_BOUND ( 'NONE', #3404, .T. ) ;
#2637 = VERTEX_POINT ( 'NONE', #4688 ) ;
#2638 = CARTESIAN_POINT ( 'NONE',  ( 2.083507787569097491, 0.01574803149606299191, -0.7362273807603317843 ) ) ;
#2639 = FACE_OUTER_BOUND ( 'NONE', #2723, .T. ) ;
#2640 = CARTESIAN_POINT ( 'NONE',  ( 1.425377796716588374, 6.402768735150616918E-18, -0.5014018362069876389 ) ) ;
#2641 = CARTESIAN_POINT ( 'NONE',  ( 0.9839861278049059079, 0.000000000000000000, -0.7393750000000001155 ) ) ;
#2642 = VERTEX_POINT ( 'NONE', #3245 ) ;
#2643 = CARTESIAN_POINT ( 'NONE',  ( 1.131486889415794339, 0.000000000000000000, -0.6902494895767093963 ) ) ;
#2644 = DIRECTION ( 'NONE',  ( 1.000000000000000000, 0.000000000000000000, -0.000000000000000000 ) ) ;
#2645 = DIRECTION ( 'NONE',  ( 0.000000000000000000, 0.000000000000000000, 1.000000000000000000 ) ) ;
#2646 = CARTESIAN_POINT ( 'NONE',  ( 2.003270906212587743, 0.01574803149606299191, -0.7359727928301215139 ) ) ;
#2647 = ADVANCED_FACE ( 'NONE', ( #5221 ), #6202, .T. ) ;
#2648 = EDGE_CURVE ( 'NONE', #1933, #577, #4366, .T. ) ;
#2649 = DIRECTION ( 'NONE',  ( -0.000000000000000000, -1.000000000000000000, -0.000000000000000000 ) ) ;
#2650 = CARTESIAN_POINT ( 'NONE',  ( 1.119425891385690042, 0.01574803149606299191, -0.7351717324689980293 ) ) ;
#2651 = CARTESIAN_POINT ( 'NONE',  ( 1.664662274991622892, 0.01574803149606299191, -0.6701247915765811136 ) ) ;
#2652 = CARTESIAN_POINT ( 'NONE',  ( 1.214894330929905841, 0.000000000000000000, -0.4893750000000000044 ) ) ;
#2653 = LINE ( 'NONE', #725, #4740 ) ;
#2654 = ORIENTED_EDGE ( 'NONE', *, *, #4292, .F. ) ;
#2655 = ORIENTED_EDGE ( 'NONE', *, *, #1012, .F. ) ;
#2656 = CARTESIAN_POINT ( 'NONE',  ( 1.776564252804905708, 0.01574803149606299191, -0.6016308593750000488 ) ) ;
#2657 = CARTESIAN_POINT ( 'NONE',  ( 0.7332614639089398700, 0.000000000000000000, -0.7376097719688642362 ) ) ;
#2658 = CARTESIAN_POINT ( 'NONE',  ( 1.215543124153548371, 0.01574803149606299191, -0.7358011333994024517 ) ) ;
#2659 = CARTESIAN_POINT ( 'NONE',  ( 1.397994253911368778, 0.000000000000000000, -0.4896635208739297807 ) ) ;
#2660 = CARTESIAN_POINT ( 'NONE',  ( 2.104999999999999982, 0.000000000000000000, -0.1250000000000000278 ) ) ;
#2661 = ORIENTED_EDGE ( 'NONE', *, *, #4921, .T. ) ;
#2662 = ADVANCED_FACE ( 'NONE', ( #3503 ), #1410, .T. ) ;
#2663 = CARTESIAN_POINT ( 'NONE',  ( 1.567419642280679648, 0.01574803149606299191, -0.4974999878971747003 ) ) ;
#2664 = CARTESIAN_POINT ( 'NONE',  ( 1.668203108893058451, 0.000000000000000000, -0.6178426964903311891 ) ) ;
#2665 = CARTESIAN_POINT ( 'NONE',  ( 1.381421036947733327, 0.01574803149606299191, -0.7257794113598587948 ) ) ;
#2666 = CARTESIAN_POINT ( 'NONE',  ( 2.009895144867603012, 0.01574803149606299191, -0.7362523579507957994 ) ) ;
#2667 = CARTESIAN_POINT ( 'NONE',  ( 1.771241987179905664, 0.01574803149606299191, -0.6956250000000000488 ) ) ;
#2668 = CARTESIAN_POINT ( 'NONE',  ( 1.052239692446510944, 0.01574803149606299191, -0.6434199382235037401 ) ) ;
#2669 = LINE ( 'NONE', #3739, #6193 ) ;
#2670 = CARTESIAN_POINT ( 'NONE',  ( 1.606691871339055222, 2.134256245050205639E-18, -0.4969210215378405127 ) ) ;
#2671 = CARTESIAN_POINT ( 'NONE',  ( 0.9009294871799053972, 0.01574803149606299191, -0.7016796874999999822 ) ) ;
#2672 = CARTESIAN_POINT ( 'NONE',  ( 0.9007052954871305195, 0.01574803149606299191, -0.5131930965690219004 ) ) ;
#2673 = CARTESIAN_POINT ( 'NONE',  ( 1.860759227425130113, 0.01574803149606299191, -0.5226579468159356923 ) ) ;
#2674 = B_SPLINE_CURVE_WITH_KNOTS ( 'NONE', 3,
 ( #5967, #5941, #100, #4507, #3986, #511, #4408, #1501, #156, #989, #2504 ),
 .UNSPECIFIED., .F., .F.,
 ( 4, 1, 1, 1, 1, 1, 1, 1, 4 ),
 ( 0.000000000000000000, 0.1389097126577631680, 0.2639610228471216957, 0.3808913182282731569, 0.4957771556646393685, 0.6115653426108732527, 0.7318968433117957195, 0.8602132000557086711, 1.000000000000000000 ),
 .UNSPECIFIED. ) ;
#2675 = CARTESIAN_POINT ( 'NONE',  ( 1.131395906212588676, 0.000000000000000000, -0.7359727928301216249 ) ) ;
#2676 = CARTESIAN_POINT ( 'NONE',  ( 1.658308644130744192, 0.01574803149606299191, -0.6027245569226415967 ) ) ;
#2677 = CARTESIAN_POINT ( 'NONE',  ( 1.713966596554905575, 0.000000000000000000, -0.6598339843749999600 ) ) ;
#2678 = ORIENTED_EDGE ( 'NONE', *, *, #4016, .F. ) ;
#2679 = ORIENTED_EDGE ( 'NONE', *, *, #4511, .T. ) ;
#2680 = ADVANCED_FACE ( 'NONE', ( #1650 ), #127, .F. ) ;
#2681 = FACE_OUTER_BOUND ( 'NONE', #4293, .T. ) ;
#2682 = CARTESIAN_POINT ( 'NONE',  ( 0.8351230133880261919, 2.134256245050205639E-18, -0.7143722516419394042 ) ) ;
#2683 = B_SPLINE_CURVE_WITH_KNOTS ( 'NONE', 3,
 ( #2541, #5971, #132, #4156, #4128, #2509, #3670 ),
 .UNSPECIFIED., .F., .F.,
 ( 4, 1, 1, 1, 4 ),
 ( 0.000000000000000000, 0.2466395578083376561, 0.4949969674476933923, 0.7458445846746503127, 1.000000000000000000 ),
 .UNSPECIFIED. ) ;
#2684 = DIRECTION ( 'NONE',  ( -0.9808598768512358790, 0.000000000000000000, -0.1947149249117245962 ) ) ;
#2685 = ORIENTED_EDGE ( 'NONE', *, *, #2620, .T. ) ;
#2686 = EDGE_CURVE ( 'NONE', #3132, #122, #2501, .T. ) ;
#2687 = CIRCLE ( 'NONE', #3090, 0.1250000000000000000 ) ;
#2688 = CARTESIAN_POINT ( 'NONE',  ( 1.808186265675640669, 0.000000000000000000, -0.7347176547495120058 ) ) ;
#2689 = CARTESIAN_POINT ( 'NONE',  ( 2.064929235405824404, 0.01574803149606299191, -0.4978859496103231752 ) ) ;
#2690 = CARTESIAN_POINT ( 'NONE',  ( 2.229999999999999538, 0.07000000000000074218, -0.1250000000000000278 ) ) ;
#2691 = DIRECTION ( 'NONE',  ( -0.000000000000000000, -1.000000000000000000, -0.000000000000000000 ) ) ;
#2692 = AXIS2_PLACEMENT_3D ( 'NONE', #2123, #711, #6075 ) ;
#2693 = ORIENTED_EDGE ( 'NONE', *, *, #5210, .T. ) ;
#2694 = EDGE_CURVE ( 'NONE', #5709, #1854, #3565, .T. ) ;
#2695 = CARTESIAN_POINT ( 'NONE',  ( 1.769923627804905752, 0.01574803149606299191, -0.5331249999999999600 ) ) ;
#2696 = CARTESIAN_POINT ( 'NONE',  ( 1.590294150816323748, 2.134256245050205639E-18, -0.4894676275273492916 ) ) ;
#2697 = AXIS2_PLACEMENT_3D ( 'NONE', #459, #3840, #5341 ) ;
#2698 = CARTESIAN_POINT ( 'NONE',  ( 1.010304487179905841, 0.01574803149606299191, -0.5216015625000000044 ) ) ;
#2699 = CARTESIAN_POINT ( 'NONE',  ( 1.886116638024798453, 6.402768735150616918E-18, -0.5625483926388011868 ) ) ;
#2700 = CARTESIAN_POINT ( 'NONE',  ( 1.776485828945926215, 0.01574803149606299191, -0.6031878490030767592 ) ) ;
#2701 = DIRECTION ( 'NONE',  ( -0.000000000000000000, -1.000000000000000000, -0.000000000000000000 ) ) ;
#2702 = EDGE_CURVE ( 'NONE', #1987, #4692, #212, .T. ) ;
#2703 = CARTESIAN_POINT ( 'NONE',  ( 1.684434984871821639, -0.000000000000000000, -0.5103719722821387084 ) ) ;
#2704 = CARTESIAN_POINT ( 'NONE',  ( 1.763880060268210315, 0.01574803149606299191, -0.6954613183098844464 ) ) ;
#2705 = CARTESIAN_POINT ( 'NONE',  ( 1.685855432617688221, 0.01574803149606299191, -0.6232241219072142124 ) ) ;
#2706 = CARTESIAN_POINT ( 'NONE',  ( 1.376515128654870690, 2.134256245050205639E-18, -0.7142347700367687180 ) ) ;
#2707 = CARTESIAN_POINT ( 'NONE',  ( 2.080797318698867748, -0.000000000000000000, -0.7362422922750070375 ) ) ;
#2708 = ORIENTED_EDGE ( 'NONE', *, *, #3367, .F. ) ;
#2709 = VERTEX_POINT ( 'NONE', #1562 ) ;
#2710 = PLANE ( 'NONE',  #3697 ) ;
#2711 = EDGE_LOOP ( 'NONE', ( #885, #834, #5229, #3719 ) ) ;
#2712 = PLANE ( 'NONE',  #2018 ) ;
#2713 = CARTESIAN_POINT ( 'NONE',  ( 1.008685021262136328, 0.01574803149606299191, -0.7209525945835419947 ) ) ;
#2714 = CARTESIAN_POINT ( 'NONE',  ( 0.8549813327993925904, 0.01574803149606299191, -0.7363010216256794527 ) ) ;
#2715 = FACE_OUTER_BOUND ( 'NONE', #2984, .T. ) ;
#2716 = EDGE_CURVE ( 'NONE', #1686, #3357, #3474, .T. ) ;
#2717 = ORIENTED_EDGE ( 'NONE', *, *, #4542, .F. ) ;
#2718 = CARTESIAN_POINT ( 'NONE',  ( 1.881651661052698099, 0.000000000000000000, -0.6770903126124550031 ) ) ;
#2719 = CARTESIAN_POINT ( 'NONE',  ( 2.057179487179905397, 0.000000000000000000, -0.6925000000000000044 ) ) ;
#2720 = CARTESIAN_POINT ( 'NONE',  ( 1.474107282438539279, 1.707404996040164512E-17, -0.4961317259515357625 ) ) ;
#2721 = CARTESIAN_POINT ( 'NONE',  ( 1.676804996875719045, 0.000000000000000000, -0.6542057912973630041 ) ) ;
#2722 = CARTESIAN_POINT ( 'NONE',  ( 1.072807442151357815, 0.000000000000000000, -0.7167076236229926733 ) ) ;
#2723 = EDGE_LOOP ( 'NONE', ( #1740, #3477, #1956, #5080 ) ) ;
#2724 = CARTESIAN_POINT ( 'NONE',  ( 1.535891689266108084, 0.01574803149606299191, -0.7290154587386727947 ) ) ;
#2725 = CARTESIAN_POINT ( 'NONE',  ( 1.738501658885703183, 0.000000000000000000, -0.5371477835755119612 ) ) ;
#2726 = LINE ( 'NONE', #689, #3806 ) ;
#2727 = CARTESIAN_POINT ( 'NONE',  ( 1.996278443486029897, 2.134256245050205639E-18, -0.6319324330598173889 ) ) ;
#2728 = CARTESIAN_POINT ( 'NONE',  ( 1.838281702508807403, 0.000000000000000000, -0.6058431670515889156 ) ) ;
#2729 = CARTESIAN_POINT ( 'NONE',  ( 1.693409955929905619, 0.01574803149606299191, -0.6500195312500000044 ) ) ;
#2730 = ORIENTED_EDGE ( 'NONE', *, *, #5938, .T. ) ;
#2731 = ADVANCED_FACE ( 'NONE', ( #2995 ), #4960, .T. ) ;
#2732 = CARTESIAN_POINT ( 'NONE',  ( 0.7127769309459734970, 0.01574803149606299191, -0.4912586770440596773 ) ) ;
#2733 = CARTESIAN_POINT ( 'NONE',  ( 1.010304487179905841, 0.01574803149606299191, -0.5216015625000000044 ) ) ;
#2734 = CARTESIAN_POINT ( 'NONE',  ( 1.212719781241064609, -0.000000000000000000, -0.4894709107017727323 ) ) ;
#2735 = CARTESIAN_POINT ( 'NONE',  ( 1.964515483710597588, 0.000000000000000000, -0.7291341438346857773 ) ) ;
#2736 = CARTESIAN_POINT ( 'NONE',  ( 0.7393959099419196157, 0.01574803149606299191, -0.4912410258914117200 ) ) ;
#2737 = ORIENTED_EDGE ( 'NONE', *, *, #4726, .T. ) ;
#2738 = CARTESIAN_POINT ( 'NONE',  ( 2.079999999999999627, 0.3149999999999992251, -1.054999999999999938 ) ) ;
#2739 = DIRECTION ( 'NONE',  ( -1.000000000000000000, 0.000000000000000000, 0.000000000000000000 ) ) ;
#2740 = CARTESIAN_POINT ( 'NONE',  ( 0.7665544871799053750, 0.000000000000000000, -0.5189160156250000044 ) ) ;
#2741 = CARTESIAN_POINT ( 'NONE',  ( 0.9894561831163073418, 4.268512490100411279E-18, -0.7390757100430840332 ) ) ;
#2742 = CARTESIAN_POINT ( 'NONE',  ( 1.754690887052041459, 0.01574803149606299191, -0.7391306120520303446 ) ) ;
#2743 = CARTESIAN_POINT ( 'NONE',  ( 1.660217759286164219, 0.01574803149606299191, -0.5296793320298502916 ) ) ;
#2744 = ORIENTED_EDGE ( 'NONE', *, *, #661, .F. ) ;
#2745 = VERTEX_POINT ( 'NONE', #6292 ) ;
#2746 = B_SPLINE_SURFACE_WITH_KNOTS ( 'NONE', 3, 1, ( 
 ( #2946, #929 ),
 ( #2480, #1438 ),
 ( #4866, #2019 ),
 ( #4381, #4346 ),
 ( #5398, #4901 ),
 ( #3928, #2844 ),
 ( #1470, #445 ),
 ( #2378, #6298 ),
 ( #515, #1984 ),
 ( #1920, #3354 ),
 ( #5841, #5325 ) ),
 .UNSPECIFIED., .F., .F., .F.,
 ( 4, 1, 1, 1, 1, 1, 1, 1, 4 ),
 ( 2, 2 ),
 ( 0.000000000000000000, 0.1229088741204422824, 0.2364516494111417177, 0.3479825443924760009, 0.4617666234886315113, 0.5802917925316444236, 0.7062604613274525711, 0.8451898420971099002, 1.000000000000000000 ),
 ( 0.000000000000000000, 1.000000000000000000 ),
 .UNSPECIFIED. ) ;
#2747 = CARTESIAN_POINT ( 'NONE',  ( 1.886340918577241954, 0.01574803149606299191, -0.6657903054405369669 ) ) ;
#2748 = CARTESIAN_POINT ( 'NONE',  ( 2.057407124056222614, 0.01574803149606299191, -0.5142886079259293419 ) ) ;
#2749 = CARTESIAN_POINT ( 'NONE',  ( 1.474107282438539279, 0.01574803149606299191, -0.4961317259515357625 ) ) ;
#2750 = CARTESIAN_POINT ( 'NONE',  ( 1.157911909054905708, 8.537024980200822558E-18, -0.6268749999999999600 ) ) ;
#2751 = PLANE ( 'NONE',  #2313 ) ;
#2752 = ORIENTED_EDGE ( 'NONE', *, *, #2015, .T. ) ;
#2753 = EDGE_CURVE ( 'NONE', #4464, #3127, #2473, .T. ) ;
#2754 = CARTESIAN_POINT ( 'NONE',  ( 0.7478044871799053306, 0.01574803149606299191, -0.7087109374999999156 ) ) ;
#2755 = CARTESIAN_POINT ( 'NONE',  ( 0.7478044871799053306, 0.01574803149606299191, -0.5706250000000000488 ) ) ;
#2756 = CARTESIAN_POINT ( 'NONE',  ( 1.769923627804905752, 2.134256245050205639E-18, -0.5331249999999999600 ) ) ;
#2757 = CARTESIAN_POINT ( 'NONE',  ( 1.238370542610794933, 0.01574803149606299191, -0.7215162773531212936 ) ) ;
#2758 = CARTESIAN_POINT ( 'NONE',  ( 1.784879200717557124, 0.000000000000000000, -0.5343142984488762348 ) ) ;
#2759 = CARTESIAN_POINT ( 'NONE',  ( 1.056748798460251715, 0.000000000000000000, -0.6279117520509200912 ) ) ;
#2760 = LINE ( 'NONE', #1388, #5079 ) ;
#2761 = EDGE_CURVE ( 'NONE', #5152, #4547, #5470, .T. ) ;
#2762 = ORIENTED_EDGE ( 'NONE', *, *, #333, .T. ) ;
#2763 = ADVANCED_FACE ( 'NONE', ( #2869 ), #475, .T. ) ;
#2764 = CARTESIAN_POINT ( 'NONE',  ( 1.791801517429670199, 0.01574803149606299191, -0.5359145275914167783 ) ) ;
#2765 = CARTESIAN_POINT ( 'NONE',  ( 0.7070973242328877362, 2.134256245050205639E-18, -0.4938955433169965881 ) ) ;
#2766 = ORIENTED_EDGE ( 'NONE', *, *, #3892, .F. ) ;
#2767 = CARTESIAN_POINT ( 'NONE',  ( 1.745283156712634565, 0.01574803149606299191, -0.6912848327287646200 ) ) ;
#2768 = LINE ( 'NONE', #4717, #1797 ) ;
#2769 = CARTESIAN_POINT ( 'NONE',  ( 1.934973356008049539, 0.000000000000000000, -0.7053616767970830592 ) ) ;
#2770 = CARTESIAN_POINT ( 'NONE',  ( 0.7546439343552930890, 0.01574803149606299191, -0.5023460579134045867 ) ) ;
#2771 = DIRECTION ( 'NONE',  ( -0.000000000000000000, -1.000000000000000000, -0.000000000000000000 ) ) ;
#2772 = VERTEX_POINT ( 'NONE', #5869 ) ;
#2773 = CARTESIAN_POINT ( 'NONE',  ( 1.838429487179906063, 0.01574803149606299191, -0.6155957031250001155 ) ) ;
#2774 = VERTEX_POINT ( 'NONE', #4565 ) ;
#2775 = CARTESIAN_POINT ( 'NONE',  ( 0.7652613171323492391, 0.000000000000000000, -0.5170053078946710290 ) ) ;
#2776 = ORIENTED_EDGE ( 'NONE', *, *, #5077, .F. ) ;
#2777 = CARTESIAN_POINT ( 'NONE',  ( 1.230989168791269073, 0.01574803149606299191, -0.7305022709825920169 ) ) ;
#2778 = CARTESIAN_POINT ( 'NONE',  ( 1.683242799315642024, -2.134256245050205639E-18, -0.7105331776193423154 ) ) ;
#2779 = CARTESIAN_POINT ( 'NONE',  ( 1.050929487179905975, 0.000000000000000000, -0.6608593750000001377 ) ) ;
#2780 = ORIENTED_EDGE ( 'NONE', *, *, #1324, .T. ) ;
#2781 = EDGE_LOOP ( 'NONE', ( #5624, #468, #428, #4343 ) ) ;
#2782 = VERTEX_POINT ( 'NONE', #3055 ) ;
#2783 = CARTESIAN_POINT ( 'NONE',  ( 1.778631139808374284, 0.000000000000000000, -0.6954999401474570853 ) ) ;
#2784 = DIRECTION ( 'NONE',  ( 1.000000000000000000, -0.000000000000000000, -0.000000000000000000 ) ) ;
#2785 = DIRECTION ( 'NONE',  ( -0.000000000000000000, -1.000000000000000000, -0.000000000000000000 ) ) ;
#2786 = CARTESIAN_POINT ( 'NONE',  ( 0.8478044871799053084, 2.134256245050205639E-18, -0.5198437500000000488 ) ) ;
#2787 = CARTESIAN_POINT ( 'NONE',  ( 1.059288929458669370, 0.000000000000000000, -0.6989466174180837266 ) ) ;
#2788 = ORIENTED_EDGE ( 'NONE', *, *, #5178, .T. ) ;
#2789 = VECTOR ( 'NONE', #919, 39.37007874015748143 ) ;
#2790 = CARTESIAN_POINT ( 'NONE',  ( 0.7332614639089398700, 0.01574803149606299191, -0.7376097719688642362 ) ) ;
#2791 = CARTESIAN_POINT ( 'NONE',  ( 1.580519330929905486, 0.01574803149606299191, -0.7362499999999999600 ) ) ;
#2792 = VECTOR ( 'NONE', #5651, 39.37007874015748143 ) ;
#2793 = VECTOR ( 'NONE', #3078, 39.37007874015748143 ) ;
#2794 = DIRECTION ( 'NONE',  ( -0.000000000000000000, -1.000000000000000000, -0.000000000000000000 ) ) ;
#2795 = CARTESIAN_POINT ( 'NONE',  ( 1.774979853927590057, 0.01574803149606299191, -0.6104769995186635212 ) ) ;
#2796 = CARTESIAN_POINT ( 'NONE',  ( 1.676804996875719045, 0.000000000000000000, -0.6542057912973630041 ) ) ;
#2797 = ORIENTED_EDGE ( 'NONE', *, *, #2648, .F. ) ;
#2798 = EDGE_CURVE ( 'NONE', #4860, #2525, #215, .T. ) ;
#2799 = AXIS2_PLACEMENT_3D ( 'NONE', #2953, #3364, #114 ) ;
#2800 = VECTOR ( 'NONE', #2823, 39.37007874015748143 ) ;
#2801 = CARTESIAN_POINT ( 'NONE',  ( 0.8906855878890969080, 0.000000000000000000, -0.7316341506825990715 ) ) ;
#2802 = ORIENTED_EDGE ( 'NONE', *, *, #538, .T. ) ;
#2803 = CARTESIAN_POINT ( 'NONE',  ( 1.924068291746614756, 0.01574803149606299191, -0.6770761326926550971 ) ) ;
#2804 = CARTESIAN_POINT ( 'NONE',  ( 1.693409955929905619, 0.000000000000000000, -0.6500195312500000044 ) ) ;
#2805 = CARTESIAN_POINT ( 'NONE',  ( 1.571520055508351055, 0.000000000000000000, -0.4938218264033372717 ) ) ;
#2806 = ORIENTED_EDGE ( 'NONE', *, *, #5990, .F. ) ;
#2807 = B_SPLINE_SURFACE_WITH_KNOTS ( 'NONE', 3, 1, ( 
 ( #5770, #1062 ),
 ( #3451, #2450 ),
 ( #3828, #4310 ),
 ( #575, #1885 ),
 ( #1033, #41 ),
 ( #5877, #3418 ),
 ( #5431, #2975 ),
 ( #3321, #5812 ),
 ( #547, #4934 ),
 ( #6262, #481 ),
 ( #4796, #3792 ) ),
 .UNSPECIFIED., .F., .F., .F.,
 ( 4, 1, 1, 1, 1, 1, 1, 1, 4 ),
 ( 2, 2 ),
 ( 0.000000000000000000, 0.08220167381014568952, 0.1736621169389030162, 0.2759481427328021041, 0.3912616871088695492, 0.5210725658350771061, 0.6654153851221421556, 0.8245207618702732333, 1.000000000000000000 ),
 ( 0.000000000000000000, 1.000000000000000000 ),
 .UNSPECIFIED. ) ;
#2808 = CARTESIAN_POINT ( 'NONE',  ( 2.079396284054905397, 0.01574803149606299191, -0.7362499999999999600 ) ) ;
#2809 = FACE_OUTER_BOUND ( 'NONE', #3461, .T. ) ;
#2810 = ORIENTED_EDGE ( 'NONE', *, *, #5848, .F. ) ;
#2811 = CARTESIAN_POINT ( 'NONE',  ( 0.8662979170463562806, 2.134256245050205639E-18, -0.7392444795448696038 ) ) ;
#2812 = DIRECTION ( 'NONE',  ( -0.000000000000000000, -1.000000000000000000, -0.000000000000000000 ) ) ;
#2813 = EDGE_LOOP ( 'NONE', ( #953, #4479, #320, #3575, #38 ) ) ;
#2814 = VERTEX_POINT ( 'NONE', #5940 ) ;
#2815 = CARTESIAN_POINT ( 'NONE',  ( 1.404298627804905442, 0.01574803149606299191, -0.4893750000000000044 ) ) ;
#2816 = CARTESIAN_POINT ( 'NONE',  ( 1.453839067587300748, 0.01574803149606299191, -0.7296764973674428889 ) ) ;
#2817 = CARTESIAN_POINT ( 'NONE',  ( 1.376515128654870690, 0.01574803149606299191, -0.7142347700367687180 ) ) ;
#2818 = CARTESIAN_POINT ( 'NONE',  ( 1.785719756999780028, 0.01574803149606299191, -0.6944622703488225746 ) ) ;
#2819 = FACE_OUTER_BOUND ( 'NONE', #1411, .T. ) ;
#2820 = CARTESIAN_POINT ( 'NONE',  ( 1.375929487179905486, 0.01574803149606299191, -0.7068066406249999822 ) ) ;
#2821 = ORIENTED_EDGE ( 'NONE', *, *, #792, .F. ) ;
#2822 = EDGE_CURVE ( 'NONE', #6168, #4457, #5453, .T. ) ;
#2823 = DIRECTION ( 'NONE',  ( 0.000000000000000000, 0.000000000000000000, 1.000000000000000000 ) ) ;
#2824 = DIRECTION ( 'NONE',  ( -0.000000000000000000, -1.000000000000000000, -0.000000000000000000 ) ) ;
#2825 = DIRECTION ( 'NONE',  ( -0.000000000000000000, -1.000000000000000000, -0.000000000000000000 ) ) ;
#2826 = CARTESIAN_POINT ( 'NONE',  ( 0.7500023183947310823, 0.000000000000000000, -0.4977831352683730892 ) ) ;
#2827 = ORIENTED_EDGE ( 'NONE', *, *, #1856, .T. ) ;
#2828 = CARTESIAN_POINT ( 'NONE',  ( 0.7193935879870801964, 2.134256245050205639E-18, -0.4896277986352555733 ) ) ;
#2829 = ORIENTED_EDGE ( 'NONE', *, *, #4407, .T. ) ;
#2830 = CARTESIAN_POINT ( 'NONE',  ( 1.756973919283858043, 0.01574803149606299191, -0.6946510964328902471 ) ) ;
#2831 = CARTESIAN_POINT ( 'NONE',  ( 1.202595232313247609, 0.000000000000000000, -0.4912707174611701255 ) ) ;
#2832 = CARTESIAN_POINT ( 'NONE',  ( 1.983689106504815669, 0.01574803149606299191, -0.6783564305222392621 ) ) ;
#2833 = CARTESIAN_POINT ( 'NONE',  ( 2.057179487179905397, 0.000000000000000000, -0.5831250000000000044 ) ) ;
#2834 = DIRECTION ( 'NONE',  ( 0.000000000000000000, 0.000000000000000000, 1.000000000000000000 ) ) ;
#2835 = ADVANCED_FACE ( 'NONE', ( #155 ), #5486, .T. ) ;
#2837 = EDGE_CURVE ( 'NONE', #4748, #2868, #680, .T. ) ;
#2836 = ORIENTED_EDGE ( 'NONE', *, *, #427, .F. ) ;
#2838 = CARTESIAN_POINT ( 'NONE',  ( 1.745971109681790256, 0.000000000000000000, -0.5353052020652324661 ) ) ;
#2839 = CARTESIAN_POINT ( 'NONE',  ( 0.7478044871799053306, 0.01574803149606299191, -0.5706250000000000488 ) ) ;
#2840 = DIRECTION ( 'NONE',  ( 0.000000000000000000, 0.000000000000000000, -1.000000000000000000 ) ) ;
#2841 = CARTESIAN_POINT ( 'NONE',  ( 0.7289193246192244846, 0.01574803149606299191, -0.4894478294210971026 ) ) ;
#2842 = CARTESIAN_POINT ( 'NONE',  ( 0.4374999999999998335, 0.07000000000000000666, -0.3649999999999999911 ) ) ;
#2843 = CARTESIAN_POINT ( 'NONE',  ( 1.010240318423201833, 0.01574803149606299191, -0.7097608649968422112 ) ) ;
#2844 = CARTESIAN_POINT ( 'NONE',  ( 1.234491485694180657, 2.134256245050205639E-18, -0.4975879760096892923 ) ) ;
#2845 = CARTESIAN_POINT ( 'NONE',  ( 1.100490034054905752, 0.01574803149606299191, -0.7317089843750000933 ) ) ;
#2846 = ORIENTED_EDGE ( 'NONE', *, *, #2837, .T. ) ;
#2847 = B_SPLINE_CURVE_WITH_KNOTS ( 'NONE', 3,
 ( #2091, #4002, #4559, #3113, #2126, #656, #3050, #123, #5088, #2560, #4991, #1141, #5962, #4954, #5478, #1702, #4068, #714, #4043 ),
 .UNSPECIFIED., .F., .F.,
 ( 4, 1, 1, 1, 1, 1, 1, 1, 1, 1, 1, 1, 1, 1, 1, 1, 4 ),
 ( 0.000000000000000000, 0.06807904218953644837, 0.1334568085468225696, 0.1970431859788141504, 0.2589951028646220732, 0.3192107792938391753, 0.3780683211263616839, 0.4358361098827949753, 0.4933934818721130711, 0.5511703361136249812, 0.6091929274594467536, 0.6688946999614665545, 0.7301869901136294194, 0.7935211943086338815, 0.8593314533622711249, 0.9278229601315397534, 1.000000000000000000 ),
 .UNSPECIFIED. ) ;
#2848 = CARTESIAN_POINT ( 'NONE',  ( 1.830860046329600088, 0.000000000000000000, -0.6573772749885622435 ) ) ;
#2849 = CARTESIAN_POINT ( 'NONE',  ( 1.107179487179905886, 0.000000000000000000, -0.6598339843750001821 ) ) ;
#2850 = CARTESIAN_POINT ( 'NONE',  ( 0.8981951121799053306, 0.000000000000000000, -0.7209667968749999822 ) ) ;
#2851 = LINE ( 'NONE', #2885, #1299 ) ;
#2852 = LINE ( 'NONE', #5199, #379 ) ;
#2853 = CARTESIAN_POINT ( 'NONE',  ( 1.418549276487558020, 0.000000000000000000, -0.4936193505801174664 ) ) ;
#2854 = EDGE_CURVE ( 'NONE', #2546, #753, #2407, .T. ) ;
#2855 = ORIENTED_EDGE ( 'NONE', *, *, #1667, .T. ) ;
#2856 = CARTESIAN_POINT ( 'NONE',  ( 1.222555632894472888, 0.01574803149606299191, -0.7344148740484145454 ) ) ;
#2857 = CARTESIAN_POINT ( 'NONE',  ( 1.833988177525957219, 0.000000000000000000, -0.5797518390386818821 ) ) ;
#2858 = DIRECTION ( 'NONE',  ( 0.000000000000000000, -0.000000000000000000, 1.000000000000000000 ) ) ;
#2859 = B_SPLINE_SURFACE_WITH_KNOTS ( 'NONE', 3, 1, ( 
 ( #4191, #6179 ),
 ( #435, #1903 ),
 ( #3710, #3307 ),
 ( #5280, #1362 ),
 ( #2365, #2801 ),
 ( #3270, #5247 ),
 ( #4714, #5692 ),
 ( #3814, #3981 ),
 ( #4891, #4957 ),
 ( #4473, #3951 ),
 ( #566, #2535 ) ),
 .UNSPECIFIED., .F., .F., .F.,
 ( 4, 1, 1, 1, 1, 1, 1, 1, 4 ),
 ( 2, 2 ),
 ( 0.000000000000000000, 0.1232899105900047976, 0.2445989755350567174, 0.3693748217677472745, 0.4972936742108767794, 0.6256943598673445628, 0.7500965678079896115, 0.8741929308902359752, 1.000000000000000000 ),
 ( 0.000000000000000000, 1.000000000000000000 ),
 .UNSPECIFIED. ) ;
#2860 = CARTESIAN_POINT ( 'NONE',  ( 0.7626869087248968615, 0.000000000000000000, -0.5132015219545007501 ) ) ;
#2861 = ORIENTED_EDGE ( 'NONE', *, *, #3216, .T. ) ;
#2862 = CARTESIAN_POINT ( 'NONE',  ( 1.185304487179905886, 0.000000000000000000, -0.5209667968750000266 ) ) ;
#2863 = CARTESIAN_POINT ( 'NONE',  ( 0.6964325878483179633, 0.01574803149606299191, -0.5087791208421069689 ) ) ;
#2864 = FACE_OUTER_BOUND ( 'NONE', #1606, .T. ) ;
#2865 = CARTESIAN_POINT ( 'NONE',  ( 0.8981951121799053306, 0.01574803149606299191, -0.7209667968749999822 ) ) ;
#2866 = CARTESIAN_POINT ( 'NONE',  ( 1.771241987179906108, 0.000000000000000000, -0.6956250000000001599 ) ) ;
#2867 = CARTESIAN_POINT ( 'NONE',  ( 1.115870893429905752, 0.01574803149606299191, -0.6829296874999999378 ) ) ;
#2868 = VERTEX_POINT ( 'NONE', #819 ) ;
#2869 = FACE_OUTER_BOUND ( 'NONE', #5523, .T. ) ;
#2870 = CARTESIAN_POINT ( 'NONE',  ( 1.409419473140379742, -0.000000000000000000, -0.7361919806855357074 ) ) ;
#2871 = ADVANCED_FACE ( 'NONE', ( #5632 ), #783, .F. ) ;
#2872 = CARTESIAN_POINT ( 'NONE',  ( 0.8591856055488283905, 0.000000000000000000, -0.4938918121870692901 ) ) ;
#2873 = CARTESIAN_POINT ( 'NONE',  ( 1.225846635246174987, 0.01574803149606299191, -0.4912065637766127035 ) ) ;
#2874 = CARTESIAN_POINT ( 'NONE',  ( 2.102333527385670919, 2.134256245050205639E-18, -0.4939404300633070122 ) ) ;
#2875 = CARTESIAN_POINT ( 'NONE',  ( 1.010118819068422269, 0.01574803149606299191, -0.7144299674326135552 ) ) ;
#2876 = CARTESIAN_POINT ( 'NONE',  ( 1.894583119666773063, 0.01574803149606299191, -0.6189702593203569858 ) ) ;
#2877 = CARTESIAN_POINT ( 'NONE',  ( 1.667807909642012865, 0.01574803149606299191, -0.6890069819365174375 ) ) ;
#2878 = CARTESIAN_POINT ( 'NONE',  ( 1.457960737179905486, 0.01574803149606299191, -0.5314648437500000266 ) ) ;
#2879 = ORIENTED_EDGE ( 'NONE', *, *, #4239, .F. ) ;
#2880 = EDGE_CURVE ( 'NONE', #1297, #3679, #5929, .T. ) ;
#2881 = ORIENTED_EDGE ( 'NONE', *, *, #1716, .T. ) ;
#2882 = CARTESIAN_POINT ( 'NONE',  ( 1.838379791394499918, -0.000000000000000000, -0.6187231248477531587 ) ) ;
#2883 = CARTESIAN_POINT ( 'NONE',  ( 1.241554487179905797, 0.000000000000000000, -0.7037304687500000044 ) ) ;
#2884 = DIRECTION ( 'NONE',  ( 0.1947149249117245684, 0.000000000000000000, -0.9808598768512357680 ) ) ;
#2885 = CARTESIAN_POINT ( 'NONE',  ( 1.580519330929905486, 0.000000000000000000, -0.7362499999999999600 ) ) ;
#2886 = CARTESIAN_POINT ( 'NONE',  ( 1.135689165549412794, 8.537024980200822558E-18, -0.6285930086686676299 ) ) ;
#2887 = DIRECTION ( 'NONE',  ( 1.000000000000000000, 0.000000000000000000, 0.000000000000000000 ) ) ;
#2888 = ORIENTED_EDGE ( 'NONE', *, *, #3901, .T. ) ;
#2889 = ADVANCED_FACE ( 'NONE', ( #5851 ), #1005, .T. ) ;
#2890 = DIRECTION ( 'NONE',  ( -0.000000000000000000, -1.000000000000000000, -0.000000000000000000 ) ) ;
#2891 = CARTESIAN_POINT ( 'NONE',  ( 1.447660429977835950, 0.01574803149606299191, -0.7336199647703163240 ) ) ;
#2892 = CARTESIAN_POINT ( 'NONE',  ( 1.426857221554905575, 0.000000000000000000, -0.7362499999999999600 ) ) ;
#2893 = CARTESIAN_POINT ( 'NONE',  ( 1.776334354212897537, 0.000000000000000000, -0.6061951555971232253 ) ) ;
#2894 = VECTOR ( 'NONE', #1261, 39.37007874015748143 ) ;
#2895 = EDGE_CURVE ( 'NONE', #3132, #4080, #2927, .T. ) ;
#2896 = ORIENTED_EDGE ( 'NONE', *, *, #2579, .F. ) ;
#2897 = ORIENTED_EDGE ( 'NONE', *, *, #2581, .T. ) ;
#2898 = VECTOR ( 'NONE', #4460, 39.37007874015748143 ) ;
#2899 = CARTESIAN_POINT ( 'NONE',  ( 1.657217684161891968, 0.01574803149606299191, -0.5934167419783636932 ) ) ;
#2900 = VERTEX_POINT ( 'NONE', #4514 ) ;
#2901 = LINE ( 'NONE', #506, #480 ) ;
#2902 = CARTESIAN_POINT ( 'NONE',  ( 0.9713539534111289564, 0.000000000000000000, -0.4912763834839860011 ) ) ;
#2903 = DIRECTION ( 'NONE',  ( -1.000000000000000000, 0.000000000000000000, 0.000000000000000000 ) ) ;
#2904 = EDGE_CURVE ( 'NONE', #5899, #5195, #4573, .T. ) ;
#2905 = VECTOR ( 'NONE', #4274, 39.37007874015748143 ) ;
#2906 = VECTOR ( 'NONE', #2335, 39.37007874015748854 ) ;
#2907 = VERTEX_POINT ( 'NONE', #2163 ) ;
#2908 = DIRECTION ( 'NONE',  ( 0.1947149249117245684, 0.000000000000000000, -0.9808598768512357680 ) ) ;
#2909 = CARTESIAN_POINT ( 'NONE',  ( 2.108803341666530162, 0.01574803149606299191, -0.7242062594868183822 ) ) ;
#2910 = VERTEX_POINT ( 'NONE', #4079 ) ;
#2911 = VECTOR ( 'NONE', #4186, 39.37007874015748854 ) ;
#2912 = CARTESIAN_POINT ( 'NONE',  ( 1.894394208361081411, 0.01574803149606299191, -0.6279784448590506329 ) ) ;
#2913 = CARTESIAN_POINT ( 'NONE',  ( 2.113358348082477800, 0.01574803149606299191, -0.5189743242880153762 ) ) ;
#2914 = CARTESIAN_POINT ( 'NONE',  ( 0.9540544871799059301, 0.01574803149606299191, -0.7072949218750000933 ) ) ;
#2915 = CARTESIAN_POINT ( 'NONE',  ( 0.8478044871799053084, 0.01574803149606299191, -0.6550000000000000266 ) ) ;
#2916 = ORIENTED_EDGE ( 'NONE', *, *, #1794, .T. ) ;
#2917 = AXIS2_PLACEMENT_3D ( 'NONE', #5310, #463, #6175 ) ;
#2918 = B_SPLINE_SURFACE_WITH_KNOTS ( 'NONE', 3, 1, ( 
 ( #2536, #97 ),
 ( #4893, #2043 ),
 ( #3408, #3879 ),
 ( #4475, #5389 ),
 ( #5867, #5353 ),
 ( #3953, #3023 ),
 ( #5937, #539 ),
 ( #984, #2902 ),
 ( #4857, #2009 ),
 ( #1531, #5904 ),
 ( #126, #1026 ) ),
 .UNSPECIFIED., .F., .F., .F.,
 ( 4, 1, 1, 1, 1, 1, 1, 1, 4 ),
 ( 2, 2 ),
 ( 0.000000000000000000, 0.1424398776969912905, 0.2712812560000503193, 0.3923796910592005638, 0.5088161684751046909, 0.6247939480670415824, 0.7414158700954426306, 0.8643288066307963646, 1.000000000000000000 ),
 ( 0.000000000000000000, 1.000000000000000000 ),
 .UNSPECIFIED. ) ;
#2919 = CARTESIAN_POINT ( 'NONE',  ( 1.582851716830929067, -0.000000000000000000, -0.7361789246398285913 ) ) ;
#2920 = CARTESIAN_POINT ( 'NONE',  ( 1.207521284054905886, 0.000000000000000000, -0.7362499999999999600 ) ) ;
#2921 = CARTESIAN_POINT ( 'NONE',  ( 1.767170879987526755, 0.01574803149606299191, -0.5331658911032798320 ) ) ;
#2922 = CARTESIAN_POINT ( 'NONE',  ( 1.661816482012886009, 0.01574803149606299191, -0.5269625847838745880 ) ) ;
#2923 = EDGE_CURVE ( 'NONE', #4082, #2546, #6059, .T. ) ;
#2924 = CARTESIAN_POINT ( 'NONE',  ( 1.657201181744086149, 0.000000000000000000, -0.5428967921756030490 ) ) ;
#2925 = LINE ( 'NONE', #3365, #3298 ) ;
#2926 = ORIENTED_EDGE ( 'NONE', *, *, #492, .F. ) ;
#2927 = B_SPLINE_CURVE_WITH_KNOTS ( 'NONE', 3,
 ( #4874, #5301, #1929, #3835, #3896, #3426, #1444, #1790, #3961, #5947, #2630 ),
 .UNSPECIFIED., .F., .F.,
 ( 4, 1, 1, 1, 1, 1, 1, 1, 4 ),
 ( 0.000000000000000000, 0.1178289174662618122, 0.2298717041193024391, 0.3399627030475842471, 0.4535632596048721488, 0.5726946505010789279, 0.7001359251603210820, 0.8414316731342473821, 1.000000000000000000 ),
 .UNSPECIFIED. ) ;
#2928 = CARTESIAN_POINT ( 'NONE',  ( 1.214894330929905841, 0.01574803149606299191, -0.4893750000000000044 ) ) ;
#2929 = CARTESIAN_POINT ( 'NONE',  ( 1.587301957338526304, 0.01574803149606299191, -0.7360433113835537222 ) ) ;
#2930 = CARTESIAN_POINT ( 'NONE',  ( 1.699237136485957089, 0.01574803149606299191, -0.6503816025927658950 ) ) ;
#2931 = CARTESIAN_POINT ( 'NONE',  ( 0.8478044871799053084, 0.01574803149606299191, -0.5198437500000000488 ) ) ;
#2932 = CARTESIAN_POINT ( 'NONE',  ( 1.426857221554905575, 0.01574803149606299191, -0.7362499999999999600 ) ) ;
#2933 = CARTESIAN_POINT ( 'NONE',  ( 1.757000958224330001, 0.000000000000000000, -0.6235582935077611522 ) ) ;
#2934 = ORIENTED_EDGE ( 'NONE', *, *, #5530, .T. ) ;
#2935 = ORIENTED_EDGE ( 'NONE', *, *, #5930, .F. ) ;
#2936 = CARTESIAN_POINT ( 'NONE',  ( 1.842502878105087394, 0.000000000000000000, -0.5081351905995079576 ) ) ;
#2937 = CARTESIAN_POINT ( 'NONE',  ( 1.525398575787976885, -0.000000000000000000, -0.7042213982687018925 ) ) ;
#2938 = CARTESIAN_POINT ( 'NONE',  ( 1.824487736825889606, 2.134256245050205639E-18, -0.5593313761245476412 ) ) ;
#2939 = CARTESIAN_POINT ( 'NONE',  ( 0.8421573271858109333, 0.000000000000000000, -0.7253841327795518268 ) ) ;
#2940 = ADVANCED_FACE ( 'NONE', ( #4972, #1685 ), #1215, .T. ) ;
#2941 = CARTESIAN_POINT ( 'NONE',  ( 1.820506218596455339, 0.000000000000000000, -0.7309932627730580945 ) ) ;
#2942 = CARTESIAN_POINT ( 'NONE',  ( 2.079396284054905397, 0.000000000000000000, -0.7362499999999999600 ) ) ;
#2943 = ORIENTED_EDGE ( 'NONE', *, *, #2129, .F. ) ;
#2944 = LINE ( 'NONE', #1123, #2309 ) ;
#2945 = CARTESIAN_POINT ( 'NONE',  ( 1.717106793559112665, 0.000000000000000000, -0.5447731005710385599 ) ) ;
#2946 = CARTESIAN_POINT ( 'NONE',  ( 1.214894330929905841, 0.01574803149606299191, -0.4893750000000000044 ) ) ;
#2947 = CARTESIAN_POINT ( 'NONE',  ( 1.713966596554905575, 0.000000000000000000, -0.6598339843749999600 ) ) ;
#2948 = ORIENTED_EDGE ( 'NONE', *, *, #3803, .T. ) ;
#2949 = EDGE_LOOP ( 'NONE', ( #109, #1821, #5281, #2559 ) ) ;
#2950 = CARTESIAN_POINT ( 'NONE',  ( 0.7283223191602938851, 4.268512490100411279E-18, -0.7391253615402667565 ) ) ;
#2951 = DIRECTION ( 'NONE',  ( -0.1910251177206492290, 0.000000000000000000, -0.9815851488280638026 ) ) ;
#2952 = CARTESIAN_POINT ( 'NONE',  ( 1.661816482012886009, -2.134256245050205639E-18, -0.5269625847838745880 ) ) ;
#2953 = CARTESIAN_POINT ( 'NONE',  ( 2.104999999999999982, 0.000000000000000000, -0.1250000000000000278 ) ) ;
#2954 = CARTESIAN_POINT ( 'NONE',  ( 1.973712058032422778, -0.000000000000000000, -0.7320828900431357589 ) ) ;
#2955 = ORIENTED_EDGE ( 'NONE', *, *, #409, .T. ) ;
#2956 = CARTESIAN_POINT ( 'NONE',  ( 1.599321718607590759, 0.01574803149606299191, -0.7330338142798326073 ) ) ;
#2957 = CARTESIAN_POINT ( 'NONE',  ( 1.567419642280679648, 0.01574803149606299191, -0.4974999878971747003 ) ) ;
#2958 = LINE ( 'NONE', #5927, #3612 ) ;
#2959 = CARTESIAN_POINT ( 'NONE',  ( 1.520271763518826758, 0.01574803149606299191, -0.5006583000933099159 ) ) ;
#2960 = CARTESIAN_POINT ( 'NONE',  ( 1.141991381153823593, 8.537024980200822558E-18, -0.5831681608761835056 ) ) ;
#2961 = ORIENTED_EDGE ( 'NONE', *, *, #5024, .T. ) ;
#2962 = EDGE_LOOP ( 'NONE', ( #2482, #1674, #2383, #2829 ) ) ;
#2963 = CARTESIAN_POINT ( 'NONE',  ( 1.886116638024798453, 0.000000000000000000, -0.5625483926388011868 ) ) ;
#2964 = CARTESIAN_POINT ( 'NONE',  ( 1.664871923455722325, 0.01574803149606299191, -0.6150814801740419613 ) ) ;
#2965 = CARTESIAN_POINT ( 'NONE',  ( 1.815363405212180314, 2.134256245050205639E-18, -0.5489212441863686731 ) ) ;
#2966 = ADVANCED_FACE ( 'NONE', ( #1570 ), #2511, .F. ) ;
#2967 = CARTESIAN_POINT ( 'NONE',  ( 0.8504840420974694171, 0.000000000000000000, -0.7337022499453741409 ) ) ;
#2968 = CARTESIAN_POINT ( 'NONE',  ( 1.109194553361001923, 0.000000000000000000, -0.6727046574171605675 ) ) ;
#2969 = ADVANCED_FACE ( 'NONE', ( #3004 ), #2543, .F. ) ;
#2970 = FACE_OUTER_BOUND ( 'NONE', #4209, .T. ) ;
#2971 = CARTESIAN_POINT ( 'NONE',  ( 2.001571731730191317, 0.000000000000000000, -0.6300410242652461079 ) ) ;
#2972 = ORIENTED_EDGE ( 'NONE', *, *, #5024, .F. ) ;
#2973 = CARTESIAN_POINT ( 'NONE',  ( 1.528618984234911160, 0.01574803149606299191, -0.5208600826160169062 ) ) ;
#2974 = CARTESIAN_POINT ( 'NONE',  ( 0.8759294871799053750, 0.01574803149606299191, -0.4893750000000000044 ) ) ;
#2975 = CARTESIAN_POINT ( 'NONE',  ( 1.137121359965232115, 2.134256245050205639E-18, -0.6912050257421651356 ) ) ;
#2976 = CARTESIAN_POINT ( 'NONE',  ( 0.8759294871799053750, 0.01574803149606299191, -0.4893750000000000044 ) ) ;
#2977 = ORIENTED_EDGE ( 'NONE', *, *, #1095, .T. ) ;
#2978 = DIRECTION ( 'NONE',  ( -0.000000000000000000, -1.000000000000000000, -0.000000000000000000 ) ) ;
#2979 = CARTESIAN_POINT ( 'NONE',  ( 0.8937347775914286085, 0.000000000000000000, -0.7284242665971171204 ) ) ;
#2980 = CARTESIAN_POINT ( 'NONE',  ( 2.029786909054905220, 0.01574803149606299191, -0.6268749999999999600 ) ) ;
#2981 = CARTESIAN_POINT ( 'NONE',  ( 1.922804487179905264, 2.134256245050205639E-18, -0.6608593750000000266 ) ) ;
#2982 = CARTESIAN_POINT ( 'NONE',  ( 1.119801729226426623, 8.537024980200822558E-18, -0.6343080054560634728 ) ) ;
#2983 = CARTESIAN_POINT ( 'NONE',  ( 1.944682442151357327, 0.01574803149606299191, -0.7167076236229928954 ) ) ;
#2984 = EDGE_LOOP ( 'NONE', ( #1384, #3243, #2788, #486 ) ) ;
#2985 = EDGE_CURVE ( 'NONE', #5838, #3752, #5006, .T. ) ;
#2986 = CARTESIAN_POINT ( 'NONE',  ( 1.580519330929905486, 0.01574803149606299191, -0.7362499999999999600 ) ) ;
#2987 = CARTESIAN_POINT ( 'NONE',  ( 0.1250000000000000000, 0.1400000000000000133, -0.1250000000000000278 ) ) ;
#2988 = FACE_OUTER_BOUND ( 'NONE', #73, .T. ) ;
#2989 = CARTESIAN_POINT ( 'NONE',  ( 1.769839029394348229, 0.000000000000000000, -0.6176721814844803315 ) ) ;
#2990 = VERTEX_POINT ( 'NONE', #1281 ) ;
#2991 = CARTESIAN_POINT ( 'NONE',  ( 1.003085492958266656, 0.000000000000000000, -0.4976146864655981439 ) ) ;
#2992 = LINE ( 'NONE', #1558, #5055 ) ;
#2993 = CARTESIAN_POINT ( 'NONE',  ( 1.676278791428718939, -2.134256245050205639E-18, -0.6215183839780858976 ) ) ;
#2994 = CARTESIAN_POINT ( 'NONE',  ( 0.8549813327993925904, 0.000000000000000000, -0.7363010216256794527 ) ) ;
#2995 = FACE_OUTER_BOUND ( 'NONE', #2813, .T. ) ;
#2996 = EDGE_CURVE ( 'NONE', #5355, #4061, #1918, .T. ) ;
#2997 = VECTOR ( 'NONE', #3267, 39.37007874015748143 ) ;
#2998 = CARTESIAN_POINT ( 'NONE',  ( 0.6946794871799053528, 0.01574803149606299191, -0.5235546875000000044 ) ) ;
#2999 = LINE ( 'NONE', #4965, #5653 ) ;
#3000 = ORIENTED_EDGE ( 'NONE', *, *, #2342, .T. ) ;
#3001 = CARTESIAN_POINT ( 'NONE',  ( 2.113223367497592431, 0.000000000000000000, -0.5143599453195993876 ) ) ;
#3002 = CARTESIAN_POINT ( 'NONE',  ( 1.757303321649497541, 0.01574803149606299191, -0.4895486222519863095 ) ) ;
#3003 = CARTESIAN_POINT ( 'NONE',  ( 0.9894199094816070739, 0.000000000000000000, -0.4896848526063652951 ) ) ;
#3004 = FACE_OUTER_BOUND ( 'NONE', #1503, .T. ) ;
#3005 = VERTEX_POINT ( 'NONE', #4706 ) ;
#3006 = VECTOR ( 'NONE', #2649, 39.37007874015748143 ) ;
#3007 = ORIENTED_EDGE ( 'NONE', *, *, #3537, .F. ) ;
#3008 = LINE ( 'NONE', #5498, #768 ) ;
#3009 = CARTESIAN_POINT ( 'NONE',  ( 1.383044063519956790, 0.01574803149606299191, -0.4975010437442897171 ) ) ;
#3010 = CARTESIAN_POINT ( 'NONE',  ( 0.8702165965549053528, 0.01574803149606299191, -0.7393750000000000044 ) ) ;
#3011 = CARTESIAN_POINT ( 'NONE',  ( 1.894400054854275872, 0.01574803149606299191, -0.6005749975862315626 ) ) ;
#3012 = VECTOR ( 'NONE', #1898, 39.37007874015748143 ) ;
#3013 = ORIENTED_EDGE ( 'NONE', *, *, #1082, .T. ) ;
#3014 = CARTESIAN_POINT ( 'NONE',  ( 1.529658595102607155, -2.134256245050205639E-18, -0.5252131334001274299 ) ) ;
#3015 = CARTESIAN_POINT ( 'NONE',  ( 1.709930108842510954, 0.000000000000000000, -0.6554230818510524692 ) ) ;
#3016 = CARTESIAN_POINT ( 'NONE',  ( 1.433115318383023640, 0.01574803149606299191, -0.7361275896145631492 ) ) ;
#3017 = FACE_OUTER_BOUND ( 'NONE', #5127, .T. ) ;
#3018 = DIRECTION ( 'NONE',  ( 1.000000000000000000, 0.000000000000000000, 0.000000000000000000 ) ) ;
#3019 = EDGE_LOOP ( 'NONE', ( #1407, #1059, #5612, #2466 ) ) ;
#3020 = CARTESIAN_POINT ( 'NONE',  ( 1.010122235186169393, 0.000000000000000000, -0.5144648697149064587 ) ) ;
#3021 = CARTESIAN_POINT ( 'NONE',  ( 1.202595232313247609, 0.000000000000000000, -0.4912707174611701255 ) ) ;
#3022 = DIRECTION ( 'NONE',  ( -0.000000000000000000, -1.000000000000000000, -0.000000000000000000 ) ) ;
#3023 = CARTESIAN_POINT ( 'NONE',  ( 0.9617045812454951825, 0.000000000000000000, -0.4979291817477100590 ) ) ;
#3024 = DIRECTION ( 'NONE',  ( 0.000000000000000000, -1.000000000000000000, 0.000000000000000000 ) ) ;
#3025 = CARTESIAN_POINT ( 'NONE',  ( 2.104999999999999982, 0.1400000000000000133, -1.104999999999999982 ) ) ;
#3026 = CARTESIAN_POINT ( 'NONE',  ( 0.7478044871799053306, 0.01574803149606299191, -0.5706250000000000488 ) ) ;
#3027 = LINE ( 'NONE', #3506, #4104 ) ;
#3028 = VERTEX_POINT ( 'NONE', #1755 ) ;
#3029 = CARTESIAN_POINT ( 'NONE',  ( 1.522866706948486026, 0.01574803149606299191, -0.5045972091795551950 ) ) ;
#3030 = EDGE_CURVE ( 'NONE', #1781, #5227, #323, .T. ) ;
#3031 = CARTESIAN_POINT ( 'NONE',  ( 1.474107282438539279, 0.000000000000000000, -0.4961317259515357625 ) ) ;
#3032 = CARTESIAN_POINT ( 'NONE',  ( 1.664662274991622892, 0.01574803149606299191, -0.6701247915765811136 ) ) ;
#3033 = EDGE_CURVE ( 'NONE', #3423, #3374, #2263, .T. ) ;
#3034 = CARTESIAN_POINT ( 'NONE',  ( 1.145802534054905841, 0.01574803149606299191, -0.5831250000000000044 ) ) ;
#3035 = CARTESIAN_POINT ( 'NONE',  ( 1.496241987179905752, 2.134256245050205639E-18, -0.4893750000000001155 ) ) ;
#3036 = ORIENTED_EDGE ( 'NONE', *, *, #341, .T. ) ;
#3037 = CARTESIAN_POINT ( 'NONE',  ( 0.7248498183248278659, 4.268512490100411279E-18, -0.7392897378189623447 ) ) ;
#3038 = CARTESIAN_POINT ( 'NONE',  ( 1.397994253911368778, 0.01574803149606299191, -0.4896635208739297807 ) ) ;
#3039 = CARTESIAN_POINT ( 'NONE',  ( 1.377517148579386896, 0.000000000000000000, -0.5072631977476020904 ) ) ;
#3040 = ADVANCED_FACE ( 'NONE', ( #6136 ), #1018, .T. ) ;
#3041 = CARTESIAN_POINT ( 'NONE',  ( 1.119801729226426623, 0.01574803149606299191, -0.6343080054560634728 ) ) ;
#3042 = EDGE_LOOP ( 'NONE', ( #3237, #1498, #1541, #6002, #1528, #5827, #1044, #5606, #5579, #5007, #4259, #4946, #408, #1771, #2254 ) ) ;
#3043 = CARTESIAN_POINT ( 'NONE',  ( 1.609980016809673842, 0.01574803149606299191, -0.7239907930556348514 ) ) ;
#3044 = CARTESIAN_POINT ( 'NONE',  ( 1.576503429023484726, 0.01574803149606299191, -0.4911699182281333842 ) ) ;
#3045 = EDGE_CURVE ( 'NONE', #5358, #4373, #5376, .T. ) ;
#3046 = CARTESIAN_POINT ( 'NONE',  ( 0.7058091336034709729, 0.01574803149606299191, -0.7349402306124369622 ) ) ;
#3047 = CARTESIAN_POINT ( 'NONE',  ( 1.524806440304905530, 0.01574803149606299191, -0.7020214843750001155 ) ) ;
#3048 = CARTESIAN_POINT ( 'NONE',  ( 1.050929487179905975, 0.01574803149606299191, -0.6608593750000001377 ) ) ;
#3049 = EDGE_LOOP ( 'NONE', ( #4348, #6100, #2685, #3036 ) ) ;
#3050 = CARTESIAN_POINT ( 'NONE',  ( 1.881651661052698099, 0.01574803149606299191, -0.6770903126124550031 ) ) ;
#3051 = CARTESIAN_POINT ( 'NONE',  ( 0.9007052954871305195, 0.000000000000000000, -0.5131930965690219004 ) ) ;
#3052 = CARTESIAN_POINT ( 'NONE',  ( 0.9542919257015421985, 0.01574803149606299191, -0.5147207550859113079 ) ) ;
#3053 = CARTESIAN_POINT ( 'NONE',  ( 1.973712058032422778, 0.000000000000000000, -0.7320828900431357589 ) ) ;
#3054 = CARTESIAN_POINT ( 'NONE',  ( 1.107339530997315746, 0.000000000000000000, -0.6543145289080799509 ) ) ;
#3055 = CARTESIAN_POINT ( 'NONE',  ( 2.229999999999999538, 0.1400000000000000133, -0.1750000000000000444 ) ) ;
#3056 = EDGE_CURVE ( 'NONE', #3607, #1513, #1440, .T. ) ;
#3057 = CARTESIAN_POINT ( 'NONE',  ( 1.100490034054905752, 0.000000000000000000, -0.7317089843750000933 ) ) ;
#3058 = CARTESIAN_POINT ( 'NONE',  ( 0.5624999999999998890, 0.07000000000000000666, -0.3649999999999999911 ) ) ;
#3059 = CARTESIAN_POINT ( 'NONE',  ( 1.525471009848470061, 0.01574803149606299191, -0.5099781126022837618 ) ) ;
#3060 = CARTESIAN_POINT ( 'NONE',  ( 2.097721635246173832, 0.000000000000000000, -0.4912065637766125370 ) ) ;
#3061 = CARTESIAN_POINT ( 'NONE',  ( 1.691386596499492745, 0.000000000000000000, -0.5067145864463102889 ) ) ;
#3062 = DIRECTION ( 'NONE',  ( -1.000000000000000000, 0.000000000000000000, 0.000000000000000000 ) ) ;
#3063 = CARTESIAN_POINT ( 'NONE',  ( 2.029786909054905220, 0.01574803149606299191, -0.6925000000000000044 ) ) ;
#3064 = EDGE_CURVE ( 'NONE', #2005, #4171, #1953, .T. ) ;
#3065 = ORIENTED_EDGE ( 'NONE', *, *, #5720, .F. ) ;
#3066 = EDGE_LOOP ( 'NONE', ( #5933, #5417, #4035, #2955 ) ) ;
#3067 = CARTESIAN_POINT ( 'NONE',  ( 0.9003140876050503838, 0.000000000000000000, -0.7124100590933337696 ) ) ;
#3068 = CARTESIAN_POINT ( 'NONE',  ( 1.379845879715390522, 0.01574803149606299191, -0.5020266861008524373 ) ) ;
#3069 = CARTESIAN_POINT ( 'NONE',  ( 1.998454248247542031, 2.134256245050205639E-18, -0.6888589245931215910 ) ) ;
#3070 = CARTESIAN_POINT ( 'NONE',  ( 1.658177123033379718, 0.000000000000000000, -0.5356634234653790960 ) ) ;
#3071 = ADVANCED_FACE ( 'NONE', ( #4690 ), #2710, .T. ) ;
#3072 = ORIENTED_EDGE ( 'NONE', *, *, #1482, .T. ) ;
#3073 = B_SPLINE_CURVE_WITH_KNOTS ( 'NONE', 3,
 ( #4682, #3747, #338, #917, #1430, #2404, #4195, #1806, #1906, #3817, #3343, #950, #6183 ),
 .UNSPECIFIED., .F., .F.,
 ( 4, 1, 1, 1, 1, 1, 1, 1, 1, 1, 4 ),
 ( 0.000000000000000000, 0.07535272531117850892, 0.1457101459564908996, 0.2120494024962112922, 0.2759698615500869590, 0.3943682188678130363, 0.5031898768367717434, 0.6106090348338225615, 0.7233993654665143991, 0.8507550168245121558, 1.000000000000000000 ),
 .UNSPECIFIED. ) ;
#3074 = CARTESIAN_POINT ( 'NONE',  ( 1.709930108842510954, 0.01574803149606299191, -0.6554230818510524692 ) ) ;
#3075 = CARTESIAN_POINT ( 'NONE',  ( 0.6962886798552460066, 2.134256245050205639E-18, -0.7213397502294378594 ) ) ;
#3076 = CARTESIAN_POINT ( 'NONE',  ( 0.9616892447190834581, 0.000000000000000000, -0.7309173442086571715 ) ) ;
#3077 = ORIENTED_EDGE ( 'NONE', *, *, #831, .F. ) ;
#3078 = DIRECTION ( 'NONE',  ( -0.000000000000000000, -1.000000000000000000, -0.000000000000000000 ) ) ;
#3079 = CARTESIAN_POINT ( 'NONE',  ( 1.602922912838602887, 0.01574803149606299191, -0.4935646415454433833 ) ) ;
#3080 = CARTESIAN_POINT ( 'NONE',  ( 0.8972963424864434101, 0.000000000000000000, -0.5017395451863837508 ) ) ;
#3081 = B_SPLINE_CURVE_WITH_KNOTS ( 'NONE', 3,
 ( #3594, #4101, #1208, #2675, #4616, #1260, #4129, #721, #1148, #2182, #3057 ),
 .UNSPECIFIED., .F., .F.,
 ( 4, 1, 1, 1, 1, 1, 1, 1, 4 ),
 ( 0.000000000000000000, 0.1569433403011132877, 0.3052641691385795109, 0.4438862275305977545, 0.5729504529666065160, 0.6925868846920718580, 0.8040351933094564973, 0.9064180598495789054, 0.9999999999999998890 ),
 .UNSPECIFIED. ) ;
#3082 = CARTESIAN_POINT ( 'NONE',  ( 1.889985985152423664, 0.01574803149606299191, -0.5745310507535678068 ) ) ;
#3083 = EDGE_CURVE ( 'NONE', #3698, #1418, #1338, .T. ) ;
#3084 = CARTESIAN_POINT ( 'NONE',  ( 1.107431421502358626, 0.01574803149606299191, -0.6665005902013986239 ) ) ;
#3085 = CARTESIAN_POINT ( 'NONE',  ( 1.745531162030891315, 0.000000000000000000, -0.4906680382963545251 ) ) ;
#3086 = CARTESIAN_POINT ( 'NONE',  ( 2.104999999999999982, 0.1400000000000000133, -1.229999999999999982 ) ) ;
#3087 = CARTESIAN_POINT ( 'NONE',  ( 1.671979584735631352, 0.01574803149606299191, -0.6200600494550865260 ) ) ;
#3088 = CARTESIAN_POINT ( 'NONE',  ( 1.751759565304905619, 0.01574803149606299191, -0.6237500000000000266 ) ) ;
#3089 = CARTESIAN_POINT ( 'NONE',  ( 1.582851716830929067, 0.01574803149606299191, -0.7361789246398285913 ) ) ;
#3090 = AXIS2_PLACEMENT_3D ( 'NONE', #5688, #1867, #4257 ) ;
#3091 = CARTESIAN_POINT ( 'NONE',  ( 1.520271763518826758, 0.000000000000000000, -0.5006583000933099159 ) ) ;
#3092 = EDGE_CURVE ( 'NONE', #5468, #4515, #2430, .T. ) ;
#3093 = ORIENTED_EDGE ( 'NONE', *, *, #3889, .F. ) ;
#3094 = VERTEX_POINT ( 'NONE', #3977 ) ;
#3095 = STYLED_ITEM ( 'NONE', ( #5508 ), #5220 ) ;
#3096 = AXIS2_PLACEMENT_3D ( 'NONE', #786, #1774, #4627 ) ;
#3097 = CARTESIAN_POINT ( 'NONE',  ( 1.928086293975099341, 0.000000000000000000, -0.6920564396778251526 ) ) ;
#3098 = FACE_OUTER_BOUND ( 'NONE', #860, .T. ) ;
#3099 = CARTESIAN_POINT ( 'NONE',  ( 2.008996359965232514, 0.01574803149606299191, -0.6912050257421653576 ) ) ;
#3100 = CARTESIAN_POINT ( 'NONE',  ( 1.063098356008050915, 0.01574803149606299191, -0.7053616767970833923 ) ) ;
#3101 = EDGE_LOOP ( 'NONE', ( #4554, #7, #6216, #5880 ) ) ;
#3102 = VECTOR ( 'NONE', #5426, 39.37007874015748143 ) ;
#3103 = VECTOR ( 'NONE', #2645, 39.37007874015748143 ) ;
#3104 = LINE ( 'NONE', #4037, #3195 ) ;
#3105 = DIRECTION ( 'NONE',  ( -0.000000000000000000, -0.000000000000000000, -1.000000000000000000 ) ) ;
#3106 = VECTOR ( 'NONE', #2785, 39.37007874015748143 ) ;
#3107 = DIRECTION ( 'NONE',  ( -0.000000000000000000, -1.000000000000000000, -0.000000000000000000 ) ) ;
#3108 = EDGE_CURVE ( 'NONE', #4716, #2443, #913, .T. ) ;
#3109 = CARTESIAN_POINT ( 'NONE',  ( 0.9660967097892542155, 0.01574803149606299191, -0.7347396469861320334 ) ) ;
#3110 = DIRECTION ( 'NONE',  ( 0.000000000000000000, -0.000000000000000000, 1.000000000000000000 ) ) ;
#3111 = EDGE_CURVE ( 'NONE', #4392, #4799, #4306, .T. ) ;
#3112 = ORIENTED_EDGE ( 'NONE', *, *, #1461, .T. ) ;
#3113 = CARTESIAN_POINT ( 'NONE',  ( 1.892708143753448535, 0.01574803149606299191, -0.6411864590076461479 ) ) ;
#3114 = VECTOR ( 'NONE', #5610, 39.37007874015748143 ) ;
#3115 = DIRECTION ( 'NONE',  ( 0.000000000000000000, -0.000000000000000000, 1.000000000000000000 ) ) ;
#3116 = CARTESIAN_POINT ( 'NONE',  ( 0.9008519069861026241, 0.01574803149606299191, -0.5175423311753131195 ) ) ;
#3117 = CARTESIAN_POINT ( 'NONE',  ( 1.894679487179905752, 6.402768735150616918E-18, -0.6143750000000000044 ) ) ;
#3118 = CARTESIAN_POINT ( 'NONE',  ( 1.207521284054905886, 0.01574803149606299191, -0.7362499999999999600 ) ) ;
#3119 = CARTESIAN_POINT ( 'NONE',  ( 1.142579538516513615, 0.01574803149606299191, -0.7362508006461742083 ) ) ;
#3120 = CARTESIAN_POINT ( 'NONE',  ( 1.664406049679905797, 0.000000000000000000, -0.6747265625000000711 ) ) ;
#3121 = CARTESIAN_POINT ( 'NONE',  ( 1.715405917995800333, -0.000000000000000000, -0.6619560225051788205 ) ) ;
#3122 = EDGE_CURVE ( 'NONE', #5009, #4716, #3324, .T. ) ;
#3123 = CARTESIAN_POINT ( 'NONE',  ( 1.599321718607590759, 0.01574803149606299191, -0.7330338142798326073 ) ) ;
#3124 = DIRECTION ( 'NONE',  ( 0.000000000000000000, -1.000000000000000000, 0.000000000000000000 ) ) ;
#3125 = ORIENTED_EDGE ( 'NONE', *, *, #6188, .F. ) ;
#3126 = ORIENTED_EDGE ( 'NONE', *, *, #1019, .F. ) ;
#3127 = VERTEX_POINT ( 'NONE', #1376 ) ;
#3128 = CARTESIAN_POINT ( 'NONE',  ( 0.7477206009100992867, -0.000000000000000000, -0.7110595137107713626 ) ) ;
#3129 = CARTESIAN_POINT ( 'NONE',  ( 1.241525148475799423, 0.01574803149606299191, -0.7051150258839001816 ) ) ;
#3130 = CARTESIAN_POINT ( 'NONE',  ( 1.383044063519956790, 0.000000000000000000, -0.4975010437442897171 ) ) ;
#3131 = FACE_BOUND ( 'NONE', #3042, .T. ) ;
#3132 = VERTEX_POINT ( 'NONE', #2815 ) ;
#3133 = CARTESIAN_POINT ( 'NONE',  ( 1.704782003139035274, 0.000000000000000000, -0.6524058314271993231 ) ) ;
#3134 = CARTESIAN_POINT ( 'NONE',  ( 1.673936597650692137, 0.01574803149606299191, -0.6998280544597671460 ) ) ;
#3135 = CARTESIAN_POINT ( 'NONE',  ( 1.427597597673662344, 6.402768735150616918E-18, -0.5066997352566700030 ) ) ;
#3136 = CARTESIAN_POINT ( 'NONE',  ( 1.157911909054905708, 0.000000000000000000, -0.6268749999999999600 ) ) ;
#3137 = LINE ( 'NONE', #2230, #2619 ) ;
#3138 = CARTESIAN_POINT ( 'NONE',  ( 1.979054487179905397, 0.000000000000000000, -0.6598339843749999600 ) ) ;
#3139 = CARTESIAN_POINT ( 'NONE',  ( 0.8759294871799053750, 0.01574803149606299191, -0.4893750000000000044 ) ) ;
#3140 = CARTESIAN_POINT ( 'NONE',  ( 0.8759294871799053750, 0.01574803149606299191, -0.4893750000000000044 ) ) ;
#3141 = CARTESIAN_POINT ( 'NONE',  ( 1.860759227425130113, 6.402768735150616918E-18, -0.5226579468159356923 ) ) ;
#3142 = ADVANCED_FACE ( 'NONE', ( #419 ), #5775, .T. ) ;
#3143 = CARTESIAN_POINT ( 'NONE',  ( 1.691386596499492745, 0.000000000000000000, -0.5067145864463102889 ) ) ;
#3144 = CARTESIAN_POINT ( 'NONE',  ( 2.648333333333330319, 0.4883333333333356729, -0.6366666666666711549 ) ) ;
#3145 = DIRECTION ( 'NONE',  ( 0.000000000000000000, 0.000000000000000000, 1.000000000000000000 ) ) ;
#3146 = CARTESIAN_POINT ( 'NONE',  ( 0.9009294871799053972, 0.01574803149606299191, -0.7016796874999999822 ) ) ;
#3147 = CARTESIAN_POINT ( 'NONE',  ( 1.216824410802786138, -0.000000000000000000, -0.4894783444736948708 ) ) ;
#3148 = EDGE_CURVE ( 'NONE', #1781, #6229, #3, .T. ) ;
#3149 = ORIENTED_EDGE ( 'NONE', *, *, #4762, .T. ) ;
#3150 = ORIENTED_EDGE ( 'NONE', *, *, #4393, .T. ) ;
#3151 = ORIENTED_EDGE ( 'NONE', *, *, #1082, .F. ) ;
#3152 = CARTESIAN_POINT ( 'NONE',  ( 1.547304550103224097, 0.01574803149606299191, -0.7346194713301407164 ) ) ;
#3153 = CARTESIAN_POINT ( 'NONE',  ( 1.742937513423403750, 0.01574803149606299191, -0.7378313643018082901 ) ) ;
#3154 = EDGE_CURVE ( 'NONE', #4799, #5009, #3566, .T. ) ;
#3155 = CARTESIAN_POINT ( 'NONE',  ( 1.056211293975100052, 0.01574803149606299191, -0.6920564396778251526 ) ) ;
#3156 = ORIENTED_EDGE ( 'NONE', *, *, #1346, .T. ) ;
#3157 = CARTESIAN_POINT ( 'NONE',  ( 1.852314904582269328, 0.000000000000000000, -0.7135240400532313343 ) ) ;
#3158 = CARTESIAN_POINT ( 'NONE',  ( 0.9009294871799053972, 0.01574803149606299191, -0.5198437500000000488 ) ) ;
#3159 = CARTESIAN_POINT ( 'NONE',  ( 2.003270906212587743, 0.01574803149606299191, -0.7359727928301215139 ) ) ;
#3160 = CARTESIAN_POINT ( 'NONE',  ( 1.838282755252247602, 0.01574803149606299191, -0.6248297380482389363 ) ) ;
#3161 = SURFACE_SIDE_STYLE ('',( #712 ) ) ;
#3162 = EDGE_CURVE ( 'NONE', #931, #58, #5569, .T. ) ;
#3163 = CARTESIAN_POINT ( 'NONE',  ( 1.535891689266108084, 6.402768735150616918E-18, -0.7290154587386727947 ) ) ;
#3164 = CARTESIAN_POINT ( 'NONE',  ( 1.613202667016747638, 2.134256245050205639E-18, -0.5128209222399751077 ) ) ;
#3165 = CARTESIAN_POINT ( 'NONE',  ( 1.979214530997315702, 0.01574803149606299191, -0.6543145289080800620 ) ) ;
#3166 = CARTESIAN_POINT ( 'NONE',  ( 1.852028320624386604, 6.402768735150616918E-18, -0.5149517904640361632 ) ) ;
#3167 = CARTESIAN_POINT ( 'NONE',  ( 1.776564252804905708, 0.01574803149606299191, -0.6016308593750000488 ) ) ;
#3168 = CARTESIAN_POINT ( 'NONE',  ( 2.104999999999999982, 0.1400000000000000133, 0.000000000000000000 ) ) ;
#3169 = CARTESIAN_POINT ( 'NONE',  ( 1.747791684523105182, 0.01574803149606299191, -0.5800446072327218872 ) ) ;
#3170 = FACE_OUTER_BOUND ( 'NONE', #5798, .T. ) ;
#3171 = DIRECTION ( 'NONE',  ( 0.000000000000000000, 0.000000000000000000, -1.000000000000000000 ) ) ;
#3172 = CARTESIAN_POINT ( 'NONE',  ( 1.234491485694180657, 0.000000000000000000, -0.4975879760096892923 ) ) ;
#3173 = EDGE_CURVE ( 'NONE', #5630, #5002, #4849, .T. ) ;
#3174 = CARTESIAN_POINT ( 'NONE',  ( 2.022310854072205011, 0.000000000000000000, -0.6924205760502365470 ) ) ;
#3175 = ORIENTED_EDGE ( 'NONE', *, *, #3831, .T. ) ;
#3176 = EDGE_LOOP ( 'NONE', ( #1997, #5126, #6092, #4913 ) ) ;
#3177 = ORIENTED_EDGE ( 'NONE', *, *, #5008, .F. ) ;
#3178 = CARTESIAN_POINT ( 'NONE',  ( 0.7475625992338678083, 0.000000000000000000, -0.7154831098358276353 ) ) ;
#3179 = CARTESIAN_POINT ( 'NONE',  ( 1.208922318698867571, 0.01574803149606299191, -0.7362422922750069265 ) ) ;
#3180 = VECTOR ( 'NONE', #2538, 39.37007874015748143 ) ;
#3181 = CARTESIAN_POINT ( 'NONE',  ( 0.8625570961444087859, 0.01574803149606299191, -0.7387827557922144184 ) ) ;
#3182 = CARTESIAN_POINT ( 'NONE',  ( 1.050990762372156828, 0.01574803149606299191, -0.6636299963044934858 ) ) ;
#3183 = VERTEX_POINT ( 'NONE', #2105 ) ;
#3184 = AXIS2_PLACEMENT_3D ( 'NONE', #4802, #5404, #2951 ) ;
#3185 = CARTESIAN_POINT ( 'NONE',  ( 2.057179487179905397, 0.000000000000000000, -0.6268749999999999600 ) ) ;
#3186 = CARTESIAN_POINT ( 'NONE',  ( 1.683242799315642024, 0.01574803149606299191, -0.7105331776193423154 ) ) ;
#3187 = CARTESIAN_POINT ( 'NONE',  ( 1.467706553724523966, 1.707404996040164512E-17, -0.5032050347491267006 ) ) ;
#3188 = PLANE ( 'NONE',  #1802 ) ;
#3189 = CARTESIAN_POINT ( 'NONE',  ( 1.815029803629884420, 6.402768735150616918E-18, -0.6803083471560583684 ) ) ;
#3190 = AXIS2_PLACEMENT_3D ( 'NONE', #2915, #3929, #10 ) ;
#3191 = CARTESIAN_POINT ( 'NONE',  ( 1.683242799315642024, 0.000000000000000000, -0.7105331776193423154 ) ) ;
#3192 = VECTOR ( 'NONE', #6116, 39.37007874015748143 ) ;
#3193 = LINE ( 'NONE', #2695, #884 ) ;
#3194 = CARTESIAN_POINT ( 'NONE',  ( 1.609779303471527534, 0.01574803149606299191, -0.5012731594545389857 ) ) ;
#3195 = VECTOR ( 'NONE', #254, 39.37007874015748143 ) ;
#3196 = CARTESIAN_POINT ( 'NONE',  ( 1.979054487179905397, 2.134256245050205639E-18, -0.6598339843749999600 ) ) ;
#3197 = CARTESIAN_POINT ( 'NONE',  ( 2.057179487179905397, 0.000000000000000000, -0.5831250000000000044 ) ) ;
#3198 = CARTESIAN_POINT ( 'NONE',  ( 1.104550237444370753, 0.000000000000000000, -0.5880286626417446927 ) ) ;
#3199 = B_SPLINE_SURFACE_WITH_KNOTS ( 'NONE', 3, 1, ( 
 ( #5852, #3392 ),
 ( #5368, #1993 ),
 ( #5884, #1100 ),
 ( #1183, #2607 ),
 ( #4601, #3069 ),
 ( #4520, #6039 ),
 ( #3099, #2088 ),
 ( #4551, #5978 ),
 ( #197, #1690 ),
 ( #4978, #730 ),
 ( #1637, #1663 ) ),
 .UNSPECIFIED., .F., .F., .F.,
 ( 4, 1, 1, 1, 1, 1, 1, 1, 4 ),
 ( 2, 2 ),
 ( 0.000000000000000000, 0.08220167381014792385, 0.1736621169389050423, 0.2759481427328039360, 0.3912616871088741011, 0.5210725658350752187, 0.6654153851221460414, 0.8245207618702736774, 1.000000000000000000 ),
 ( 0.000000000000000000, 1.000000000000000000 ),
 .UNSPECIFIED. ) ;
#3200 = DIRECTION ( 'NONE',  ( 0.000000000000000000, -1.000000000000000000, 0.000000000000000000 ) ) ;
#3201 = AXIS2_PLACEMENT_3D ( 'NONE', #4777, #1285, #3336 ) ;
#3202 = CARTESIAN_POINT ( 'NONE',  ( 0.6988641811770868184, 0.01574803149606299191, -0.5027176849446669538 ) ) ;
#3203 = DIRECTION ( 'NONE',  ( 0.000000000000000000, 0.000000000000000000, -1.000000000000000000 ) ) ;
#3204 = ORIENTED_EDGE ( 'NONE', *, *, #4062, .F. ) ;
#3205 = CARTESIAN_POINT ( 'NONE',  ( 0.9009294871799053972, 0.01574803149606299191, -0.5198437500000000488 ) ) ;
#3206 = CARTESIAN_POINT ( 'NONE',  ( 0.9660967097892542155, 0.000000000000000000, -0.7347396469861320334 ) ) ;
#3207 = CARTESIAN_POINT ( 'NONE',  ( 0.7332345392384469474, 0.01574803149606299191, -0.4895870481753199499 ) ) ;
#3208 = B_SPLINE_CURVE_WITH_KNOTS ( 'NONE', 3,
 ( #2152, #2589, #207, #4588, #3589, #1197, #1113, #235, #179, #2177, #5535 ),
 .UNSPECIFIED., .F., .F.,
 ( 4, 1, 1, 1, 1, 1, 1, 1, 4 ),
 ( 0.000000000000000000, 0.08220167381014568952, 0.1736621169389030162, 0.2759481427328021041, 0.3912616871088695492, 0.5210725658350771061, 0.6654153851221421556, 0.8245207618702732333, 1.000000000000000000 ),
 .UNSPECIFIED. ) ;
#3209 = VERTEX_POINT ( 'NONE', #746 ) ;
#3210 = EDGE_LOOP ( 'NONE', ( #3093, #4262, #6008, #1334, #478, #5759, #6247, #2515 ) ) ;
#3211 = EDGE_CURVE ( 'NONE', #1722, #733, #5542, .T. ) ;
#3212 = DIRECTION ( 'NONE',  ( 0.000000000000000000, 0.000000000000000000, -1.000000000000000000 ) ) ;
#3213 = CARTESIAN_POINT ( 'NONE',  ( 1.922804487179905264, 0.01574803149606299191, -0.6608593750000000266 ) ) ;
#3214 = VERTEX_POINT ( 'NONE', #4538 ) ;
#3215 = CARTESIAN_POINT ( 'NONE',  ( 1.508745516350300298, 0.01574803149606299191, -0.4915347143449858014 ) ) ;
#3216 = EDGE_CURVE ( 'NONE', #5873, #336, #3081, .T. ) ;
#3217 = CARTESIAN_POINT ( 'NONE',  ( 0.9858525161510304224, 4.268512490100411279E-18, -0.7392728819672014229 ) ) ;
#3218 = CARTESIAN_POINT ( 'NONE',  ( 1.766896284054905619, 0.01574803149606299191, -0.7393750000000000044 ) ) ;
#3219 = FACE_OUTER_BOUND ( 'NONE', #5296, .T. ) ;
#3220 = ORIENTED_EDGE ( 'NONE', *, *, #139, .T. ) ;
#3221 = ORIENTED_EDGE ( 'NONE', *, *, #5089, .F. ) ;
#3222 = EDGE_CURVE ( 'NONE', #1772, #1878, #2157, .T. ) ;
#3223 = CARTESIAN_POINT ( 'NONE',  ( 1.894679487179905752, 0.000000000000000000, -0.6143750000000000044 ) ) ;
#3224 = LINE ( 'NONE', #255, #4533 ) ;
#3225 = LINE ( 'NONE', #5136, #600 ) ;
#3226 = CARTESIAN_POINT ( 'NONE',  ( 1.157911909054905708, 0.01574803149606299191, -0.6268749999999999600 ) ) ;
#3227 = CARTESIAN_POINT ( 'NONE',  ( 1.050929487179905975, -2.134256245050205639E-18, -0.6608593750000001377 ) ) ;
#3228 = ORIENTED_EDGE ( 'NONE', *, *, #1726, .T. ) ;
#3229 = EDGE_CURVE ( 'NONE', #4106, #2216, #4593, .T. ) ;
#3230 = CARTESIAN_POINT ( 'NONE',  ( 1.558888402621585678, 0.01574803149606299191, -0.7361794251699712577 ) ) ;
#3231 = CARTESIAN_POINT ( 'NONE',  ( 1.761735317671229817, 0.000000000000000000, -0.5332466344749231535 ) ) ;
#3232 = CARTESIAN_POINT ( 'NONE',  ( 1.240462753909512106, 1.067128122525102820E-17, -0.7152455378057739344 ) ) ;
#3233 = LINE ( 'NONE', #5723, #4636 ) ;
#3234 = CARTESIAN_POINT ( 'NONE',  ( 1.054059603288675318, 0.000000000000000000, -0.6353857216656665363 ) ) ;
#3235 = CARTESIAN_POINT ( 'NONE',  ( 0.7652613171323492391, -0.000000000000000000, -0.5170053078946710290 ) ) ;
#3236 = B_SPLINE_CURVE_WITH_KNOTS ( 'NONE', 3,
 ( #622, #4063, #5082, #3555, #4003, #5107, #6015, #4090, #4604, #709, #5585, #5472, #5531, #2147, #5017, #2555, #2638, #1695, #5957 ),
 .UNSPECIFIED., .F., .F.,
 ( 4, 1, 1, 1, 1, 1, 1, 1, 1, 1, 1, 1, 1, 1, 1, 1, 4 ),
 ( 0.000000000000000000, 0.07632991237579972443, 0.1475902797655206378, 0.2141341229181883410, 0.2766335995961090588, 0.3354621556079133704, 0.3904701877972195367, 0.4445106943788564302, 0.4965622250395489434, 0.5495416088508521257, 0.6031030765590439380, 0.6597058747106790966, 0.7195927783563121904, 0.7833678860529309507, 0.8506459785148551278, 0.9227992763119452491, 1.000000000000000000 ),
 .UNSPECIFIED. ) ;
#3237 = ORIENTED_EDGE ( 'NONE', *, *, #4062, .T. ) ;
#3238 = CARTESIAN_POINT ( 'NONE',  ( 1.776491450839594366, 2.134256245050205639E-18, -0.5997790228293909953 ) ) ;
#3239 = CARTESIAN_POINT ( 'NONE',  ( 0.9003140876050503838, 0.000000000000000000, -0.7124100590933337696 ) ) ;
#3240 = CARTESIAN_POINT ( 'NONE',  ( 0.9817290272152714437, -0.000000000000000000, -0.7392844530789838275 ) ) ;
#3241 = DIRECTION ( 'NONE',  ( 0.000000000000000000, -1.000000000000000000, 0.000000000000000000 ) ) ;
#3242 = PLANE ( 'NONE',  #5480 ) ;
#3243 = ORIENTED_EDGE ( 'NONE', *, *, #3229, .F. ) ;
#3244 = ORIENTED_EDGE ( 'NONE', *, *, #4370, .T. ) ;
#3245 = CARTESIAN_POINT ( 'NONE',  ( 0.9839861278049059079, 0.01574803149606299191, -0.4893750000000001155 ) ) ;
#3246 = CARTESIAN_POINT ( 'NONE',  ( 2.007564165549411861, 0.01574803149606299191, -0.6285930086686676299 ) ) ;
#3247 = CARTESIAN_POINT ( 'NONE',  ( 1.928623798460251004, 0.01574803149606299191, -0.6279117520509202022 ) ) ;
#3248 = EDGE_LOOP ( 'NONE', ( #5734, #168, #991, #6151, #1454, #81 ) ) ;
#3249 = DIRECTION ( 'NONE',  ( -0.000000000000000000, -1.000000000000000000, -0.000000000000000000 ) ) ;
#3250 = CARTESIAN_POINT ( 'NONE',  ( 0.8504840420974694171, 0.01574803149606299191, -0.7337022499453741409 ) ) ;
#3251 = CARTESIAN_POINT ( 'NONE',  ( 1.580519330929905486, 0.01574803149606299191, -0.7362499999999999600 ) ) ;
#3252 = ORIENTED_EDGE ( 'NONE', *, *, #5862, .F. ) ;
#3253 = VERTEX_POINT ( 'NONE', #1680 ) ;
#3254 = B_SPLINE_SURFACE_WITH_KNOTS ( 'NONE', 3, 1, ( 
 ( #2628, #5123 ),
 ( #4077, #244 ),
 ( #6118, #301 ),
 ( #2185, #750 ),
 ( #1767, #2245 ),
 ( #1737, #4103 ),
 ( #5628, #3597 ),
 ( #5572, #1213 ),
 ( #1714, #6148 ),
 ( #6089, #4132 ),
 ( #3675, #5657 ) ),
 .UNSPECIFIED., .F., .F., .F.,
 ( 4, 1, 1, 1, 1, 1, 1, 1, 4 ),
 ( 2, 2 ),
 ( 0.000000000000000000, 0.1402943894369881039, 0.2690238711738882071, 0.3898006988269702155, 0.5083482253201352385, 0.6259820118935296440, 0.7431690458776171182, 0.8666051232822503669, 1.000000000000000000 ),
 ( 0.000000000000000000, 1.000000000000000000 ),
 .UNSPECIFIED. ) ;
#3255 = CARTESIAN_POINT ( 'NONE',  ( 1.809936025685241257, 0.000000000000000000, -0.6843817981834026121 ) ) ;
#3256 = CARTESIAN_POINT ( 'NONE',  ( 1.861136782071959317, 0.000000000000000000, -0.7058083210826882059 ) ) ;
#3257 = LINE ( 'NONE', #231, #5256 ) ;
#3258 = LINE ( 'NONE', #4637, #386 ) ;
#3259 = ADVANCED_FACE ( 'NONE', ( #1735 ), #4399, .T. ) ;
#3260 = CARTESIAN_POINT ( 'NONE',  ( 1.185304487179905886, 0.000000000000000000, -0.6925000000000000044 ) ) ;
#3261 = CARTESIAN_POINT ( 'NONE',  ( 1.827661828411983214, 0.01574803149606299191, -0.6640829252053401799 ) ) ;
#3262 = CARTESIAN_POINT ( 'NONE',  ( 1.664668896976415846, 0.000000000000000000, -0.6792280049237870987 ) ) ;
#3263 = VERTEX_POINT ( 'NONE', #3672 ) ;
#3264 = CARTESIAN_POINT ( 'NONE',  ( 1.693409955929905619, 0.01574803149606299191, -0.6500195312500000044 ) ) ;
#3265 = CARTESIAN_POINT ( 'NONE',  ( 2.021782668011069983, 0.01574803149606299191, -0.6269579293438025669 ) ) ;
#3266 = CARTESIAN_POINT ( 'NONE',  ( 1.838429487179906063, 0.000000000000000000, -0.6155957031250001155 ) ) ;
#3267 = DIRECTION ( 'NONE',  ( 0.5126370364104440025, 0.000000000000000000, -0.8586054209590789910 ) ) ;
#3268 = CARTESIAN_POINT ( 'NONE',  ( 1.056748798460251715, 0.01574803149606299191, -0.6279117520509200912 ) ) ;
#3269 = ORIENTED_EDGE ( 'NONE', *, *, #409, .F. ) ;
#3270 = CARTESIAN_POINT ( 'NONE',  ( 0.8870561645206488377, 0.01574803149606299191, -0.7343265376928468369 ) ) ;
#3271 = ORIENTED_EDGE ( 'NONE', *, *, #5554, .T. ) ;
#3272 = CARTESIAN_POINT ( 'NONE',  ( 1.718108001943642105, 4.268512490100411279E-18, -0.6659397922214859156 ) ) ;
#3273 = CARTESIAN_POINT ( 'NONE',  ( 1.747791684523105182, 0.01574803149606299191, -0.5800446072327218872 ) ) ;
#3274 = CARTESIAN_POINT ( 'NONE',  ( 1.756973919283858043, 0.000000000000000000, -0.6946510964328902471 ) ) ;
#3275 = CARTESIAN_POINT ( 'NONE',  ( 2.112943956533414713, 0.000000000000000000, -0.7116585904362078274 ) ) ;
#3276 = DIRECTION ( 'NONE',  ( 0.000000000000000000, 1.000000000000000000, 0.000000000000000000 ) ) ;
#3277 = EDGE_LOOP ( 'NONE', ( #2, #420, #5400, #3523 ) ) ;
#3278 = CARTESIAN_POINT ( 'NONE',  ( 1.751759565304905619, 0.01574803149606299191, -0.6237500000000000266 ) ) ;
#3279 = CARTESIAN_POINT ( 'NONE',  ( 1.991676729226425469, 0.01574803149606299191, -0.6343080054560629177 ) ) ;
#3280 = CARTESIAN_POINT ( 'NONE',  ( 1.157911909054905708, 0.000000000000000000, -0.6925000000000000044 ) ) ;
#3281 = FACE_OUTER_BOUND ( 'NONE', #4932, .T. ) ;
#3282 = EDGE_CURVE ( 'NONE', #4080, #3214, #1765, .T. ) ;
#3283 = CARTESIAN_POINT ( 'NONE',  ( 1.052193291746615467, 0.000000000000000000, -0.6770761326926553192 ) ) ;
#3284 = EDGE_LOOP ( 'NONE', ( #2821, #6256, #3495, #2916 ) ) ;
#3285 = ORIENTED_EDGE ( 'NONE', *, *, #1976, .F. ) ;
#3286 = B_SPLINE_CURVE_WITH_KNOTS ( 'NONE', 3,
 ( #1394, #5285, #2275, #405, #4162, #6289, #6254, #1876, #3174, #302, #4719 ),
 .UNSPECIFIED., .F., .F.,
 ( 4, 1, 1, 1, 1, 1, 1, 1, 4 ),
 ( 0.000000000000000000, 0.08220167381014792385, 0.1736621169389050423, 0.2759481427328039360, 0.3912616871088741011, 0.5210725658350752187, 0.6654153851221460414, 0.8245207618702736774, 1.000000000000000000 ),
 .UNSPECIFIED. ) ;
#3287 = VERTEX_POINT ( 'NONE', #1428 ) ;
#3288 = B_SPLINE_CURVE_WITH_KNOTS ( 'NONE', 3,
 ( #5528, #3605, #1159, #1574, #166, #250, #1604, #5013, #3999, #3520, #5076 ),
 .UNSPECIFIED., .F., .F.,
 ( 4, 1, 1, 1, 1, 1, 1, 1, 4 ),
 ( 0.000000000000000000, 0.1232899105900047976, 0.2445989755350567174, 0.3693748217677472745, 0.4972936742108767794, 0.6256943598673445628, 0.7500965678079896115, 0.8741929308902359752, 1.000000000000000000 ),
 .UNSPECIFIED. ) ;
#3289 = CARTESIAN_POINT ( 'NONE',  ( 1.228441344785508704, 0.000000000000000000, -0.7320200826854215137 ) ) ;
#3290 = CARTESIAN_POINT ( 'NONE',  ( 1.461156639516344669, 0.01574803149606299191, -0.5198684452770315767 ) ) ;
#3291 = CARTESIAN_POINT ( 'NONE',  ( 2.017677534054905575, 0.000000000000000000, -0.5831250000000000044 ) ) ;
#3292 = CARTESIAN_POINT ( 'NONE',  ( 0.8494475127983880380, 2.134256245050205639E-18, -0.5074720540016978143 ) ) ;
#3293 = CARTESIAN_POINT ( 'NONE',  ( 1.428821296707037725, 0.000000000000000000, -0.5129039883238329933 ) ) ;
#3294 = EDGE_LOOP ( 'NONE', ( #1000, #2413, #4766, #3244 ) ) ;
#3295 = VECTOR ( 'NONE', #5461, 39.37007874015748143 ) ;
#3296 = EDGE_CURVE ( 'NONE', #2113, #2774, #1804, .T. ) ;
#3297 = CARTESIAN_POINT ( 'NONE',  ( 2.104999999999999982, 0.1400000000000000133, -0.1250000000000000278 ) ) ;
#3298 = VECTOR ( 'NONE', #1073, 39.37007874015748143 ) ;
#3299 = VECTOR ( 'NONE', #1712, 39.37007874015748143 ) ;
#3300 = LINE ( 'NONE', #3197, #1519 ) ;
#3301 = FACE_OUTER_BOUND ( 'NONE', #3867, .T. ) ;
#3302 = ADVANCED_FACE ( 'NONE', ( #1871 ), #403, .T. ) ;
#3303 = LINE ( 'NONE', #432, #5278 ) ;
#3304 = EDGE_CURVE ( 'NONE', #2216, #3374, #6145, .T. ) ;
#3305 = ORIENTED_EDGE ( 'NONE', *, *, #1989, .F. ) ;
#3306 = AXIS2_PLACEMENT_3D ( 'NONE', #6152, #1368, #2341 ) ;
#3307 = CARTESIAN_POINT ( 'NONE',  ( 0.8963952433606935388, 0.000000000000000000, -0.7249349314784748755 ) ) ;
#3308 = DIRECTION ( 'NONE',  ( -0.000000000000000000, -1.000000000000000000, -0.000000000000000000 ) ) ;
#3309 = CARTESIAN_POINT ( 'NONE',  ( 1.979140499518346363, 0.01574803149606299191, -0.6621100154890268152 ) ) ;
#3310 = CARTESIAN_POINT ( 'NONE',  ( 1.522726018945274928, 0.01574803149606299191, -0.5045931464528480292 ) ) ;
#3311 = CARTESIAN_POINT ( 'NONE',  ( 0.9540544871799059301, 0.000000000000000000, -0.5216015625000000044 ) ) ;
#3312 = VECTOR ( 'NONE', #4699, 39.37007874015748143 ) ;
#3313 = ORIENTED_EDGE ( 'NONE', *, *, #751, .F. ) ;
#3314 = B_SPLINE_SURFACE_WITH_KNOTS ( 'NONE', 3, 1, ( 
 ( #120, #3907 ),
 ( #1078, #2068 ),
 ( #3401, #2893 ),
 ( #4848, #501 ),
 ( #2435, #3976 ),
 ( #3873, #2989 ),
 ( #5960, #1490 ),
 ( #5381, #1581 ),
 ( #1020, #2933 ),
 ( #4886, #2038 ),
 ( #1555, #4400 ) ),
 .UNSPECIFIED., .F., .F., .F.,
 ( 4, 1, 1, 1, 1, 1, 1, 1, 4 ),
 ( 2, 2 ),
 ( 0.000000000000000000, 0.1249108283483912479, 0.2412637508857340130, 0.3578520569941244789, 0.4774295477735239768, 0.5999512735949174003, 0.7235590086772570872, 0.8556308261798988291, 1.000000000000000000 ),
 ( 0.000000000000000000, 1.000000000000000000 ),
 .UNSPECIFIED. ) ;
#3315 = VECTOR ( 'NONE', #2465, 39.37007874015748143 ) ;
#3316 = CARTESIAN_POINT ( 'NONE',  ( 1.386586445447966165, 0.000000000000000000, -0.7303482480404905886 ) ) ;
#3317 = LINE ( 'NONE', #5291, #588 ) ;
#3318 = CARTESIAN_POINT ( 'NONE',  ( 2.097721635246173832, 2.134256245050205639E-18, -0.4912065637766125370 ) ) ;
#3319 = EDGE_LOOP ( 'NONE', ( #2285, #2961, #5855, #859 ) ) ;
#3320 = ADVANCED_FACE ( 'NONE', ( #5313 ), #550, .T. ) ;
#3321 = CARTESIAN_POINT ( 'NONE',  ( 1.143422436579220269, 0.01574803149606299191, -0.6920102964326763084 ) ) ;
#3322 = LINE ( 'NONE', #2510, #5067 ) ;
#3323 = ORIENTED_EDGE ( 'NONE', *, *, #6065, .T. ) ;
#3324 = LINE ( 'NONE', #5745, #4443 ) ;
#3325 = ORIENTED_EDGE ( 'NONE', *, *, #180, .F. ) ;
#3326 = DIRECTION ( 'NONE',  ( -0.000000000000000000, -1.000000000000000000, -0.000000000000000000 ) ) ;
#3327 = CARTESIAN_POINT ( 'NONE',  ( 1.429038886757755478, 0.01574803149606299191, -0.7362073259274009018 ) ) ;
#3328 = CARTESIAN_POINT ( 'NONE',  ( 1.457960737179905486, 0.01574803149606299191, -0.5314648437500000266 ) ) ;
#3329 = CARTESIAN_POINT ( 'NONE',  ( 1.838282755252247602, 0.01574803149606299191, -0.6248297380482389363 ) ) ;
#3330 = CARTESIAN_POINT ( 'NONE',  ( 1.772498423178937799, 2.134256245050205639E-18, -0.5331913355487007955 ) ) ;
#3331 = CARTESIAN_POINT ( 'NONE',  ( 1.672788419108712787, -2.134256245050205639E-18, -0.5170126222841918695 ) ) ;
#3332 = DIRECTION ( 'NONE',  ( 0.000000000000000000, 0.000000000000000000, 1.000000000000000000 ) ) ;
#3333 = CARTESIAN_POINT ( 'NONE',  ( 1.428973828345612374, -0.000000000000000000, -0.5173155831521890624 ) ) ;
#3334 = ORIENTED_EDGE ( 'NONE', *, *, #2702, .T. ) ;
#3335 = CARTESIAN_POINT ( 'NONE',  ( 0.4374999999999998335, 0.07000000000000000666, -0.3649999999999999911 ) ) ;
#3336 = DIRECTION ( 'NONE',  ( 0.000000000000000000, 0.000000000000000000, -1.000000000000000000 ) ) ;
#3337 = PLANE ( 'NONE',  #5261 ) ;
#3338 = ORIENTED_EDGE ( 'NONE', *, *, #5625, .T. ) ;
#3339 = CARTESIAN_POINT ( 'NONE',  ( 1.784879200717557124, 0.01574803149606299191, -0.5343142984488762348 ) ) ;
#3340 = CARTESIAN_POINT ( 'NONE',  ( 1.776353707618672395, 2.134256245050205639E-18, -0.5962752996905649194 ) ) ;
#3341 = ORIENTED_EDGE ( 'NONE', *, *, #5720, .T. ) ;
#3342 = CARTESIAN_POINT ( 'NONE',  ( 1.715405917995800333, 0.01574803149606299191, -0.6619560225051788205 ) ) ;
#3343 = CARTESIAN_POINT ( 'NONE',  ( 0.8351230133880261919, 0.01574803149606299191, -0.7143722516419394042 ) ) ;
#3344 = CARTESIAN_POINT ( 'NONE',  ( 1.763880060268210315, 0.000000000000000000, -0.6954613183098844464 ) ) ;
#3345 = FACE_OUTER_BOUND ( 'NONE', #6019, .T. ) ;
#3346 = EDGE_CURVE ( 'NONE', #2907, #5227, #4782, .T. ) ;
#3347 = EDGE_LOOP ( 'NONE', ( #1389, #3454, #543, #1153, #927 ) ) ;
#3348 = CARTESIAN_POINT ( 'NONE',  ( 1.710304487179905575, 0.000000000000000000, -0.5480664062500000266 ) ) ;
#3349 = LINE ( 'NONE', #2839, #5485 ) ;
#3350 = CARTESIAN_POINT ( 'NONE',  ( 1.241554487179905797, 0.01574803149606299191, -0.5214062499999999600 ) ) ;
#3351 = CARTESIAN_POINT ( 'NONE',  ( 2.057407124056222614, 0.000000000000000000, -0.5142886079259293419 ) ) ;
#3352 = CARTESIAN_POINT ( 'NONE',  ( 2.113223367497592431, 0.01574803149606299191, -0.5143599453195993876 ) ) ;
#3353 = ADVANCED_FACE ( 'NONE', ( #5727 ), #2859, .T. ) ;
#3354 = CARTESIAN_POINT ( 'NONE',  ( 1.241483348082478066, 2.134256245050205639E-18, -0.5189743242880153762 ) ) ;
#3355 = CARTESIAN_POINT ( 'NONE',  ( 0.000000000000000000, 0.1400000000000000133, -0.1250000000000000278 ) ) ;
#3356 = ORIENTED_EDGE ( 'NONE', *, *, #2566, .T. ) ;
#3357 = VERTEX_POINT ( 'NONE', #3406 ) ;
#3358 = CARTESIAN_POINT ( 'NONE',  ( 1.815029803629884420, 0.000000000000000000, -0.6803083471560583684 ) ) ;
#3359 = ADVANCED_FACE ( 'NONE', ( #1053 ), #2403, .T. ) ;
#3360 = CARTESIAN_POINT ( 'NONE',  ( 1.438803373186489321, 0.01574803149606299191, -0.7356877575278358838 ) ) ;
#3361 = CARTESIAN_POINT ( 'NONE',  ( 1.531593549679905575, 0.01574803149606299191, -0.5353710937500000266 ) ) ;
#3362 = CARTESIAN_POINT ( 'NONE',  ( 1.833607059997175659, 0.01574803149606299191, -0.6500644315707517773 ) ) ;
#3363 = LINE ( 'NONE', #2980, #5677 ) ;
#3364 = DIRECTION ( 'NONE',  ( 0.000000000000000000, 1.000000000000000000, 0.000000000000000000 ) ) ;
#3365 = CARTESIAN_POINT ( 'NONE',  ( 1.429054487179905575, 0.01574803149606299191, -0.5196484375000000044 ) ) ;
#3366 = ORIENTED_EDGE ( 'NONE', *, *, #5592, .F. ) ;
#3367 = EDGE_CURVE ( 'NONE', #6264, #1300, #1941, .T. ) ;
#3368 = CARTESIAN_POINT ( 'NONE',  ( 1.207521284054905886, 1.067128122525102820E-17, -0.7362499999999999600 ) ) ;
#3369 = CARTESIAN_POINT ( 'NONE',  ( 1.185304487179905886, 0.01574803149606299191, -0.6925000000000000044 ) ) ;
#3370 = CARTESIAN_POINT ( 'NONE',  ( 1.588527143429905530, 0.000000000000000000, -0.4893750000000000044 ) ) ;
#3371 = B_SPLINE_SURFACE_WITH_KNOTS ( 'NONE', 3, 1, ( 
 ( #414, #6260 ),
 ( #1883, #3791 ),
 ( #5768, #2412 ),
 ( #1402, #3318 ),
 ( #4793, #2874 ),
 ( #5292, #926 ),
 ( #443, #2377 ),
 ( #6295, #1916 ),
 ( #3826, #5322 ),
 ( #4823, #129 ),
 ( #6001, #2597 ) ),
 .UNSPECIFIED., .F., .F., .F.,
 ( 4, 1, 1, 1, 1, 1, 1, 1, 4 ),
 ( 2, 2 ),
 ( 0.000000000000000000, 0.1229088741204394375, 0.2364516494111389144, 0.3479825443924757788, 0.4617666234886313448, 0.5802917925316443126, 0.7062604613274525711, 0.8451898420971099002, 1.000000000000000000 ),
 ( 0.000000000000000000, 1.000000000000000000 ),
 .UNSPECIFIED. ) ;
#3372 = CARTESIAN_POINT ( 'NONE',  ( 1.769386518429905797, 0.000000000000000000, -0.4893750000000000044 ) ) ;
#3373 = ADVANCED_FACE ( 'NONE', ( #1494 ), #1924, .T. ) ;
#3374 = VERTEX_POINT ( 'NONE', #5481 ) ;
#3375 = EDGE_LOOP ( 'NONE', ( #5922, #2846, #3996, #3874, #444, #1166, #303, #4166, #2861, #619 ) ) ;
#3376 = CARTESIAN_POINT ( 'NONE',  ( 1.685855432617688221, 0.01574803149606299191, -0.6232241219072142124 ) ) ;
#3377 = ORIENTED_EDGE ( 'NONE', *, *, #448, .T. ) ;
#3378 = LINE ( 'NONE', #4959, #93 ) ;
#3379 = CARTESIAN_POINT ( 'NONE',  ( 0.9713539534111289564, 0.000000000000000000, -0.4912763834839860011 ) ) ;
#3380 = ORIENTED_EDGE ( 'NONE', *, *, #2161, .F. ) ;
#3381 = EDGE_CURVE ( 'NONE', #4529, #3432, #290, .T. ) ;
#3382 = DIRECTION ( 'NONE',  ( -0.000000000000000000, -1.000000000000000000, -0.000000000000000000 ) ) ;
#3383 = CARTESIAN_POINT ( 'NONE',  ( 2.112337753909511839, 0.01574803149606299191, -0.7152455378057739344 ) ) ;
#3384 = CARTESIAN_POINT ( 'NONE',  ( 1.771767225926073719, 0.01574803149606299191, -0.7392764425951390272 ) ) ;
#3385 = CARTESIAN_POINT ( 'NONE',  ( 1.157911909054905708, 0.000000000000000000, -0.6925000000000000044 ) ) ;
#3386 = DIRECTION ( 'NONE',  ( 1.000000000000000000, 0.000000000000000000, 0.000000000000000000 ) ) ;
#3387 = ORIENTED_EDGE ( 'NONE', *, *, #3499, .T. ) ;
#3388 = B_SPLINE_CURVE_WITH_KNOTS ( 'NONE', 3,
 ( #3647, #4715, #6146, #1838, #368, #6218, #270, #2272, #1766, #5180, #774, #1209, #2704, #812, #4192 ),
 .UNSPECIFIED., .F., .F.,
 ( 4, 1, 1, 1, 1, 1, 1, 1, 1, 1, 1, 1, 4 ),
 ( 0.000000000000000000, 0.1075212931455933191, 0.2018531455207841496, 0.2834991629665748469, 0.3522698592065470757, 0.4159778075812734510, 0.4825984022751547697, 0.5530617777884793140, 0.6284494531993556343, 0.7089724738938529836, 0.7972121718589568751, 0.8941376139955272695, 1.000000000000000000 ),
 .UNSPECIFIED. ) ;
#3389 = CARTESIAN_POINT ( 'NONE',  ( 1.827661828411983214, 0.000000000000000000, -0.6640829252053401799 ) ) ;
#3390 = LINE ( 'NONE', #520, #4315 ) ;
#3391 = CARTESIAN_POINT ( 'NONE',  ( 0.6948946821016818154, 0.000000000000000000, -0.5158284825360056614 ) ) ;
#3392 = CARTESIAN_POINT ( 'NONE',  ( 1.987745893429905486, 2.134256245050205639E-18, -0.6829296875000001599 ) ) ;
#3393 = CARTESIAN_POINT ( 'NONE',  ( 1.129696731730191805, 8.537024980200822558E-18, -0.6300410242652463300 ) ) ;
#3394 = CARTESIAN_POINT ( 'NONE',  ( 1.934973356008049539, 0.01574803149606299191, -0.7053616767970830592 ) ) ;
#3395 = VERTEX_POINT ( 'NONE', #3443 ) ;
#3396 = CARTESIAN_POINT ( 'NONE',  ( 1.599321718607590759, 2.134256245050205639E-18, -0.7330338142798326073 ) ) ;
#3397 = CARTESIAN_POINT ( 'NONE',  ( 1.693409955929906063, 0.000000000000000000, -0.6500195312500001155 ) ) ;
#3398 = EDGE_CURVE ( 'NONE', #4725, #4889, #4612, .T. ) ;
#3399 = DIRECTION ( 'NONE',  ( -0.000000000000000000, -1.000000000000000000, -0.000000000000000000 ) ) ;
#3400 = CARTESIAN_POINT ( 'NONE',  ( 1.461404679769241488, 0.000000000000000000, -0.7145777509405611960 ) ) ;
#3401 = CARTESIAN_POINT ( 'NONE',  ( 1.776334354212897537, 0.01574803149606299191, -0.6061951555971232253 ) ) ;
#3402 = AXIS2_PLACEMENT_3D ( 'NONE', #2362, #3843, #5825 ) ;
#3403 = EDGE_LOOP ( 'NONE', ( #3911, #5795, #2261, #33 ) ) ;
#3404 = EDGE_LOOP ( 'NONE', ( #5042, #5736, #1557, #193, #4378, #5835, #222, #2279, #2661, #2085, #4819, #5822, #5260, #557, #3013, #2737, #3779, #1633 ) ) ;
#3405 = AXIS2_PLACEMENT_3D ( 'NONE', #580, #551, #2484 ) ;
#3406 = CARTESIAN_POINT ( 'NONE',  ( 1.412013471554905530, 0.01574803149606299191, -0.7362499999999999600 ) ) ;
#3407 = CARTESIAN_POINT ( 'NONE',  ( 1.831433209737319601, 2.134256245050205639E-18, -0.5723111445099197114 ) ) ;
#3408 = CARTESIAN_POINT ( 'NONE',  ( 0.9542919257015421985, 0.01574803149606299191, -0.5147207550859113079 ) ) ;
#3409 = VECTOR ( 'NONE', #5167, 39.37007874015748143 ) ;
#3410 = VECTOR ( 'NONE', #6081, 39.37007874015748143 ) ;
#3411 = ORIENTED_EDGE ( 'NONE', *, *, #1272, .F. ) ;
#3412 = B_SPLINE_CURVE_WITH_KNOTS ( 'NONE', 3,
 ( #389, #2324, #2386, #4248, #6236, #3769, #5747, #2816, #4769, #4317, #5779, #3360, #1413, #3327, #6304 ),
 .UNSPECIFIED., .F., .F.,
 ( 4, 1, 1, 1, 1, 1, 1, 1, 1, 1, 1, 1, 4 ),
 ( 0.000000000000000000, 0.1222949938864778124, 0.2286286528862490897, 0.3182628567669206210, 0.3913788219531474932, 0.4539022426926815901, 0.5143803733557370528, 0.5744352707559096105, 0.6372430550670444838, 0.7073086258173409968, 0.7906023698698244617, 0.8879324945909642386, 1.000000000000000000 ),
 .UNSPECIFIED. ) ;
#3413 = CARTESIAN_POINT ( 'NONE',  ( 2.229999999999999538, 0.07000000000000074218, -1.054999999999999938 ) ) ;
#3414 = CARTESIAN_POINT ( 'NONE',  ( 2.110245542610794445, 0.01574803149606299191, -0.7215162773531212936 ) ) ;
#3415 = ORIENTED_EDGE ( 'NONE', *, *, #5625, .F. ) ;
#3416 = VECTOR ( 'NONE', #3508, 39.37007874015748143 ) ;
#3417 = CARTESIAN_POINT ( 'NONE',  ( 2.092412491511593142, 0.000000000000000000, -0.4896771582000231104 ) ) ;
#3418 = CARTESIAN_POINT ( 'NONE',  ( 1.131486889415794339, 2.134256245050205639E-18, -0.6902494895767093963 ) ) ;
#3419 = DIRECTION ( 'NONE',  ( 0.000000000000000000, 0.000000000000000000, -1.000000000000000000 ) ) ;
#3420 = VERTEX_POINT ( 'NONE', #262 ) ;
#3421 = CIRCLE ( 'NONE', #1521, 0.1250000000000000278 ) ;
#3422 = EDGE_CURVE ( 'NONE', #3440, #2642, #1145, .T. ) ;
#3423 = VERTEX_POINT ( 'NONE', #4045 ) ;
#3424 = DIRECTION ( 'NONE',  ( -0.000000000000000000, -1.000000000000000000, -0.000000000000000000 ) ) ;
#3425 = CARTESIAN_POINT ( 'NONE',  ( 0.7127769309459734970, 0.000000000000000000, -0.4912586770440596773 ) ) ;
#3426 = CARTESIAN_POINT ( 'NONE',  ( 1.422321296183318928, 0.01574803149606299191, -0.4970202175162799496 ) ) ;
#3427 = CARTESIAN_POINT ( 'NONE',  ( 1.666396295937958794, -2.134256245050205639E-18, -0.5218875421156071726 ) ) ;
#3428 = DIRECTION ( 'NONE',  ( -0.5773502691896240657, -0.5773502691896305050, 0.5773502691896225114 ) ) ;
#3429 = CARTESIAN_POINT ( 'NONE',  ( 1.774014222424570519, 0.01574803149606299191, -0.4894713636712924032 ) ) ;
#3430 = CARTESIAN_POINT ( 'NONE',  ( 0.7266619090549053528, 0.000000000000000000, -0.4893750000000000044 ) ) ;
#3431 = B_SPLINE_CURVE_WITH_KNOTS ( 'NONE', 3,
 ( #1810, #6290, #5802, #5764, #1946, #1395, #3717, #406, #4858, #2339, #3819 ),
 .UNSPECIFIED., .F., .F.,
 ( 4, 1, 1, 1, 1, 1, 1, 1, 4 ),
 ( 0.000000000000000000, 0.1359458605750245852, 0.2591076351429702496, 0.3755067662957188301, 0.4910744644399315795, 0.6077466682551784238, 0.7281929059737897170, 0.8582514089327529794, 1.000000000000000000 ),
 .UNSPECIFIED. ) ;
#3432 = VERTEX_POINT ( 'NONE', #237 ) ;
#3433 = PLANE ( 'NONE',  #2697 ) ;
#3434 = EDGE_CURVE ( 'NONE', #4799, #4410, #4994, .T. ) ;
#3435 = CARTESIAN_POINT ( 'NONE',  ( 1.211632787569097980, 1.067128122525102820E-17, -0.7362273807603317843 ) ) ;
#3436 = CARTESIAN_POINT ( 'NONE',  ( 1.404298627804905442, 6.402768735150616918E-18, -0.4893750000000000044 ) ) ;
#3437 = CARTESIAN_POINT ( 'NONE',  ( 1.500687740155434380, 0.01574803149606299191, -0.4894841393225337067 ) ) ;
#3438 = ADVANCED_FACE ( 'NONE', ( #2563 ), #2154, .T. ) ;
#3439 = CARTESIAN_POINT ( 'NONE',  ( 1.088120555432553038, 0.01574803149606299191, -0.5942874467830964180 ) ) ;
#3440 = VERTEX_POINT ( 'NONE', #4098 ) ;
#3441 = ORIENTED_EDGE ( 'NONE', *, *, #2837, .F. ) ;
#3442 = CARTESIAN_POINT ( 'NONE',  ( 1.208533026208835182, 0.01574803149606299191, -0.4896555717446322009 ) ) ;
#3443 = CARTESIAN_POINT ( 'NONE',  ( 1.987745893429905264, 0.01574803149606299191, -0.6829296874999999378 ) ) ;
#3444 = CARTESIAN_POINT ( 'NONE',  ( 2.229999999999999538, 0.1400000000000000133, -0.1250000000000000278 ) ) ;
#3445 = CARTESIAN_POINT ( 'NONE',  ( 1.157911909054905708, 0.000000000000000000, -0.6268749999999999600 ) ) ;
#3446 = CARTESIAN_POINT ( 'NONE',  ( 0.7665544871799053750, 0.01574803149606299191, -0.5189160156250000044 ) ) ;
#3447 = CARTESIAN_POINT ( 'NONE',  ( 1.890142677013845196, 0.000000000000000000, -0.6538268478142293949 ) ) ;
#3448 = CARTESIAN_POINT ( 'NONE',  ( 2.086769330929905131, 0.000000000000000000, -0.4893750000000000044 ) ) ;
#3449 = ORIENTED_EDGE ( 'NONE', *, *, #4028, .T. ) ;
#3450 = CARTESIAN_POINT ( 'NONE',  ( 1.470629762457503320, 0.000000000000000000, -0.4996377347448205386 ) ) ;
#3451 = CARTESIAN_POINT ( 'NONE',  ( 1.116791322972035649, 0.01574803149606299191, -0.6837113544980911728 ) ) ;
#3452 = CARTESIAN_POINT ( 'NONE',  ( 1.657179487179905708, 0.01574803149606299191, -0.5913769531250000488 ) ) ;
#3453 = ORIENTED_EDGE ( 'NONE', *, *, #5452, .T. ) ;
#3454 = ORIENTED_EDGE ( 'NONE', *, *, #6200, .F. ) ;
#3455 = B_SPLINE_CURVE_WITH_KNOTS ( 'NONE', 3,
 ( #5659, #1294, #3207, #2736, #5697, #847, #2770, #5724, #1799, #3704, #911 ),
 .UNSPECIFIED., .F., .F.,
 ( 4, 1, 1, 1, 1, 1, 1, 1, 4 ),
 ( 0.000000000000000000, 0.1293235928071807261, 0.2472114869378300994, 0.3634275511446827811, 0.4836271207114492543, 0.6085420377595613939, 0.7362682684320625004, 0.8675229715430915478, 1.000000000000000000 ),
 .UNSPECIFIED. ) ;
#3456 = CARTESIAN_POINT ( 'NONE',  ( 1.115870893429905752, 0.000000000000000000, -0.6829296874999999378 ) ) ;
#3457 = CARTESIAN_POINT ( 'NONE',  ( 1.375929487179905486, 0.000000000000000000, -0.5195996093750000488 ) ) ;
#3458 = CARTESIAN_POINT ( 'NONE',  ( 1.609779303471527534, 0.01574803149606299191, -0.5012731594545389857 ) ) ;
#3459 = CARTESIAN_POINT ( 'NONE',  ( 1.783070922449353723, 0.01574803149606299191, -0.4896599532753784789 ) ) ;
#3460 = DIRECTION ( 'NONE',  ( -1.000000000000000000, 0.000000000000000000, 0.000000000000000000 ) ) ;
#3461 = EDGE_LOOP ( 'NONE', ( #578, #496, #5323, #3968 ) ) ;
#3462 = CARTESIAN_POINT ( 'NONE',  ( 2.104999999999999982, 0.1400000000000000133, -0.1250000000000000278 ) ) ;
#3463 = EDGE_CURVE ( 'NONE', #3094, #3488, #4500, .T. ) ;
#3464 = DIRECTION ( 'NONE',  ( 1.000000000000000000, -0.000000000000000000, -0.000000000000000000 ) ) ;
#3465 = CARTESIAN_POINT ( 'NONE',  ( 1.691057947734114331, 0.000000000000000000, -0.6236713845239659770 ) ) ;
#3466 = CARTESIAN_POINT ( 'NONE',  ( 1.461404679769241488, 6.402768735150616918E-18, -0.7145777509405611960 ) ) ;
#3467 = CARTESIAN_POINT ( 'NONE',  ( 1.459595107145875037, 0.000000000000000000, -0.7194963355705181751 ) ) ;
#3468 = DIRECTION ( 'NONE',  ( 0.0001256912946026835702, 0.000000000000000000, -0.9999999921008492221 ) ) ;
#3469 = CARTESIAN_POINT ( 'NONE',  ( 1.979109395844689478, 0.01574803149606299191, -0.6579403409033010020 ) ) ;
#3470 = EDGE_LOOP ( 'NONE', ( #3773, #2654, #4276, #907 ) ) ;
#3471 = CARTESIAN_POINT ( 'NONE',  ( 1.796313817858544937, 0.000000000000000000, -0.4913360111011859654 ) ) ;
#3472 = DIRECTION ( 'NONE',  ( 0.000000000000000000, 0.000000000000000000, -1.000000000000000000 ) ) ;
#3473 = CARTESIAN_POINT ( 'NONE',  ( 1.922865762372156340, 0.000000000000000000, -0.6636299963044934858 ) ) ;
#3474 = LINE ( 'NONE', #5966, #273 ) ;
#3475 = CARTESIAN_POINT ( 'NONE',  ( 1.892708143753448535, 0.000000000000000000, -0.6411864590076461479 ) ) ;
#3476 = PLANE ( 'NONE',  #6082 ) ;
#3477 = ORIENTED_EDGE ( 'NONE', *, *, #874, .F. ) ;
#3478 = CARTESIAN_POINT ( 'NONE',  ( 0.9839861278049059079, 0.000000000000000000, -0.7393750000000001155 ) ) ;
#3479 = CARTESIAN_POINT ( 'NONE',  ( 1.712658128297170013, 0.01574803149606299191, -0.4981184784900473117 ) ) ;
#3480 = CARTESIAN_POINT ( 'NONE',  ( 1.010122235186169393, 0.01574803149606299191, -0.5144648697149064587 ) ) ;
#3481 = DIRECTION ( 'NONE',  ( -1.000000000000000000, 0.000000000000000000, 0.000000000000000000 ) ) ;
#3482 = ORIENTED_EDGE ( 'NONE', *, *, #2317, .T. ) ;
#3483 = CARTESIAN_POINT ( 'NONE',  ( 1.613404943642253286, 2.134256245050205639E-18, -0.7081754898437299106 ) ) ;
#3484 = CARTESIAN_POINT ( 'NONE',  ( 1.404298627804905442, 0.01574803149606299191, -0.4893750000000000044 ) ) ;
#3485 = ADVANCED_FACE ( 'NONE', ( #3641 ), #954, .T. ) ;
#3486 = CARTESIAN_POINT ( 'NONE',  ( 1.392167759854682441, 0.000000000000000000, -0.4911824671211253435 ) ) ;
#3487 = CARTESIAN_POINT ( 'NONE',  ( 1.868526479374532645, 0.01574803149606299191, -0.5313588354496490140 ) ) ;
#3488 = VERTEX_POINT ( 'NONE', #3535 ) ;
#3489 = CARTESIAN_POINT ( 'NONE',  ( 1.208533026208835182, 0.01574803149606299191, -0.4896555717446322009 ) ) ;
#3490 = UNCERTAINTY_MEASURE_WITH_UNIT (LENGTH_MEASURE( 1.000000000000000082E-05 ), #6046, 'distance_accuracy_value', 'NONE');
#3491 = CARTESIAN_POINT ( 'NONE',  ( 1.571520055508351055, 0.01574803149606299191, -0.4938218264033372717 ) ) ;
#3492 = CARTESIAN_POINT ( 'NONE',  ( 1.458036284001869909, 0.01574803149606299191, -0.7235988223764778793 ) ) ;
#3493 = FACE_BOUND ( 'NONE', #2609, .T. ) ;
#3494 = CARTESIAN_POINT ( 'NONE',  ( 1.088120555432553038, 8.537024980200822558E-18, -0.5942874467830964180 ) ) ;
#3495 = ORIENTED_EDGE ( 'NONE', *, *, #3092, .T. ) ;
#3496 = DIRECTION ( 'NONE',  ( -0.000000000000000000, -1.000000000000000000, -0.000000000000000000 ) ) ;
#3497 = EDGE_CURVE ( 'NONE', #4171, #513, #1979, .T. ) ;
#3498 = CARTESIAN_POINT ( 'NONE',  ( 1.189534850723055648, 0.01574803149606299191, -0.5025771258101797700 ) ) ;
#3499 = EDGE_CURVE ( 'NONE', #5879, #3651, #1897, .T. ) ;
#3500 = CARTESIAN_POINT ( 'NONE',  ( 1.657179487179905930, -2.134256245050205639E-18, -0.5913769531250000488 ) ) ;
#3501 = CARTESIAN_POINT ( 'NONE',  ( 2.057179487179905397, 0.01574803149606299191, -0.6268749999999999600 ) ) ;
#3502 = CARTESIAN_POINT ( 'NONE',  ( 0.8688808535651532106, -0.000000000000000000, -0.7393305100684861575 ) ) ;
#3503 = FACE_OUTER_BOUND ( 'NONE', #3761, .T. ) ;
#3504 = VECTOR ( 'NONE', #3424, 39.37007874015748143 ) ;
#3505 = CARTESIAN_POINT ( 'NONE',  ( 1.842602247532375781, 0.000000000000000000, -0.7203398435468796324 ) ) ;
#3506 = CARTESIAN_POINT ( 'NONE',  ( 1.494777143429905530, 0.01574803149606299191, -0.5737499999999999822 ) ) ;
#3507 = ORIENTED_EDGE ( 'NONE', *, *, #531, .T. ) ;
#3508 = DIRECTION ( 'NONE',  ( 0.000000000000000000, 0.000000000000000000, 1.000000000000000000 ) ) ;
#3509 = AXIS2_PLACEMENT_3D ( 'NONE', #4695, #3759, #4631 ) ;
#3510 = VECTOR ( 'NONE', #4384, 39.37007874015748143 ) ;
#3511 = DIRECTION ( 'NONE',  ( 0.000000000000000000, 0.000000000000000000, -1.000000000000000000 ) ) ;
#3512 = CARTESIAN_POINT ( 'NONE',  ( 0.9839861278049059079, 0.000000000000000000, -0.4893750000000001155 ) ) ;
#3513 = DIRECTION ( 'NONE',  ( -0.7071067811865465735, -0.000000000000000000, -0.7071067811865485719 ) ) ;
#3514 = CARTESIAN_POINT ( 'NONE',  ( 1.500687740155434380, 0.000000000000000000, -0.4894841393225337067 ) ) ;
#3515 = EDGE_CURVE ( 'NONE', #2772, #2907, #6212, .T. ) ;
#3516 = VECTOR ( 'NONE', #6170, 39.37007874015748143 ) ;
#3517 = ORIENTED_EDGE ( 'NONE', *, *, #608, .F. ) ;
#3518 = CARTESIAN_POINT ( 'NONE',  ( 0.7477206009100992867, 0.01574803149606299191, -0.7110595137107713626 ) ) ;
#3519 = CARTESIAN_POINT ( 'NONE',  ( 1.375929487179905486, 0.01574803149606299191, -0.5195996093750000488 ) ) ;
#3520 = CARTESIAN_POINT ( 'NONE',  ( 0.8717019066464760657, 0.01574803149606299191, -0.7393013101592029734 ) ) ;
#3521 = FACE_BOUND ( 'NONE', #4509, .T. ) ;
#3522 = VECTOR ( 'NONE', #3399, 39.37007874015748143 ) ;
#3523 = ORIENTED_EDGE ( 'NONE', *, *, #1511, .T. ) ;
#3524 = B_SPLINE_CURVE_WITH_KNOTS ( 'NONE', 3,
 ( #1357, #4127, #1255, #1321, #3234, #2759, #4614, #4710, #2299, #2268, #4746, #4187, #265, #3198, #1387, #5175, #362, #4225, #6245 ),
 .UNSPECIFIED., .F., .F.,
 ( 4, 1, 1, 1, 1, 1, 1, 1, 1, 1, 1, 1, 1, 1, 1, 1, 4 ),
 ( 0.000000000000000000, 0.06471401816636546123, 0.1260074759657009158, 0.1848404604205493573, 0.2412139089641156531, 0.2962365839730131123, 0.3506218337640996663, 0.4049891146124617869, 0.4601104791148301065, 0.5167961286223616835, 0.5752343926751204428, 0.6364091737907190405, 0.7005078337452680382, 0.7688271593737624476, 0.8409926476957445551, 0.9181950594621326456, 1.000000000000000000 ),
 .UNSPECIFIED. ) ;
#3525 = CARTESIAN_POINT ( 'NONE',  ( 1.531253049571068336, -2.134256245050205639E-18, -0.5335642766421965222 ) ) ;
#3526 = B_SPLINE_CURVE_WITH_KNOTS ( 'NONE', 3,
 ( #5083, #5984, #2666, #3159, #3556, #232, #2174, #2148, #4583, #2122, #4064 ),
 .UNSPECIFIED., .F., .F.,
 ( 4, 1, 1, 1, 1, 1, 1, 1, 4 ),
 ( 0.000000000000000000, 0.1569433403011107064, 0.3052641691385835077, 0.4438862275305962002, 0.5729504529666084034, 0.6925868846920740785, 0.8040351933094590509, 0.9064180598495786834, 1.000000000000000000 ),
 .UNSPECIFIED. ) ;
#3527 = CARTESIAN_POINT ( 'NONE',  ( 1.612264134385513747, 2.134256245050205639E-18, -0.7180788956478462159 ) ) ;
#3528 = CARTESIAN_POINT ( 'NONE',  ( 1.564206941234194126, 0.01574803149606299191, -0.5020369708627390182 ) ) ;
#3529 = CARTESIAN_POINT ( 'NONE',  ( 0.7230486278049053084, 0.01574803149606299191, -0.7393750000000000044 ) ) ;
#3530 = CARTESIAN_POINT ( 'NONE',  ( 1.798645790280699375, 0.01574803149606299191, -0.6907216911062845632 ) ) ;
#3531 = SURFACE_STYLE_USAGE ( .BOTH. , #3161 ) ;
#3532 = ORIENTED_EDGE ( 'NONE', *, *, #3762, .T. ) ;
#3533 = CARTESIAN_POINT ( 'NONE',  ( 0.8995797985643696482, 0.01574803149606299191, -0.7169725059948139911 ) ) ;
#3534 = DIRECTION ( 'NONE',  ( 0.5773502691896241767, -0.5773502691896305050, -0.5773502691896226224 ) ) ;
#3535 = CARTESIAN_POINT ( 'NONE',  ( 1.894679487179905752, 0.000000000000000000, -0.6143750000000000044 ) ) ;
#3536 = CARTESIAN_POINT ( 'NONE',  ( 1.981037933886112601, 0.000000000000000000, -0.7337673975142066096 ) ) ;
#3537 = EDGE_CURVE ( 'NONE', #6006, #1195, #1832, .T. ) ;
#3538 = CARTESIAN_POINT ( 'NONE',  ( 1.712658128297170013, 0.000000000000000000, -0.4981184784900473117 ) ) ;
#3539 = CARTESIAN_POINT ( 'NONE',  ( 1.996278443486029897, 0.000000000000000000, -0.6319324330598173889 ) ) ;
#3540 = CARTESIAN_POINT ( 'NONE',  ( 1.522866706948486026, -2.134256245050205639E-18, -0.5045972091795551950 ) ) ;
#3541 = CARTESIAN_POINT ( 'NONE',  ( 0.000000000000000000, 0.000000000000000000, -0.1250000000000000278 ) ) ;
#3542 = ADVANCED_FACE ( 'NONE', ( #294 ), #429, .F. ) ;
#3543 = CARTESIAN_POINT ( 'NONE',  ( 1.765314851565303433, 0.000000000000000000, -0.4894335053759544807 ) ) ;
#3544 = FACE_OUTER_BOUND ( 'NONE', #3101, .T. ) ;
#3545 = ORIENTED_EDGE ( 'NONE', *, *, #1361, .F. ) ;
#3546 = EDGE_LOOP ( 'NONE', ( #3220, #3334, #3377, #3532, #3978, #6041 ) ) ;
#3547 = ORIENTED_EDGE ( 'NONE', *, *, #4452, .F. ) ;
#3548 = DIRECTION ( 'NONE',  ( 0.000000000000000000, 1.000000000000000000, 0.000000000000000000 ) ) ;
#3549 = CARTESIAN_POINT ( 'NONE',  ( 0.7230486278049053084, 0.000000000000000000, -0.7393750000000000044 ) ) ;
#3550 = CARTESIAN_POINT ( 'NONE',  ( 1.115870893429905752, 0.000000000000000000, -0.6829296874999999378 ) ) ;
#3551 = CARTESIAN_POINT ( 'NONE',  ( 1.376002534677285949, -0.000000000000000000, -0.5174111302577745208 ) ) ;
#3552 = CARTESIAN_POINT ( 'NONE',  ( 1.085337064746080049, 0.01574803149606299191, -0.7256772953896107881 ) ) ;
#3553 = ORIENTED_EDGE ( 'NONE', *, *, #531, .F. ) ;
#3554 = ADVANCED_FACE ( 'NONE', ( #4775 ), #3740, .T. ) ;
#3555 = CARTESIAN_POINT ( 'NONE',  ( 2.112943956533414713, 0.01574803149606299191, -0.7116585904362078274 ) ) ;
#3556 = CARTESIAN_POINT ( 'NONE',  ( 1.997065884624477983, 0.01574803149606299191, -0.7356584067465468113 ) ) ;
#3557 = CARTESIAN_POINT ( 'NONE',  ( 1.588527143429905530, 0.000000000000000000, -0.4893750000000000044 ) ) ;
#3558 = CARTESIAN_POINT ( 'NONE',  ( 1.134583499330998446, 0.01574803149606299191, -0.5832520543012010839 ) ) ;
#3559 = ORIENTED_EDGE ( 'NONE', *, *, #1893, .F. ) ;
#3560 = CARTESIAN_POINT ( 'NONE',  ( 1.143422436579220269, 0.000000000000000000, -0.6920102964326763084 ) ) ;
#3561 = ADVANCED_FACE ( 'NONE', ( #2330 ), #4861, .T. ) ;
#3562 = CARTESIAN_POINT ( 'NONE',  ( 1.613429487179905530, 2.134256245050205639E-18, -0.5195996093750000488 ) ) ;
#3563 = CARTESIAN_POINT ( 'NONE',  ( 1.761859233006684233, 0.000000000000000000, -0.6223503111505126473 ) ) ;
#3564 = CARTESIAN_POINT ( 'NONE',  ( 1.774014222424570519, 6.402768735150616918E-18, -0.4894713636712924032 ) ) ;
#3565 = LINE ( 'NONE', #2624, #4742 ) ;
#3566 = LINE ( 'NONE', #5093, #3006 ) ;
#3567 = CARTESIAN_POINT ( 'NONE',  ( 1.107179487179905886, 0.01574803149606299191, -0.6598339843750001821 ) ) ;
#3568 = CARTESIAN_POINT ( 'NONE',  ( 0.9008519069861026241, 0.01574803149606299191, -0.5175423311753131195 ) ) ;
#3569 = CARTESIAN_POINT ( 'NONE',  ( 1.225846635246174987, 0.000000000000000000, -0.4912065637766127035 ) ) ;
#3570 = DIRECTION ( 'NONE',  ( 0.000000000000000000, 0.000000000000000000, -1.000000000000000000 ) ) ;
#3571 = ORIENTED_EDGE ( 'NONE', *, *, #4969, .T. ) ;
#3572 = ADVANCED_FACE ( 'NONE', ( #1385 ), #6143, .T. ) ;
#3573 = ORIENTED_EDGE ( 'NONE', *, *, #4292, .T. ) ;
#3574 = EDGE_CURVE ( 'NONE', #5395, #577, #592, .T. ) ;
#3575 = ORIENTED_EDGE ( 'NONE', *, *, #6104, .T. ) ;
#3576 = CARTESIAN_POINT ( 'NONE',  ( 0.000000000000000000, 0.000000000000000000, -0.1250000000000000278 ) ) ;
#3577 = FACE_OUTER_BOUND ( 'NONE', #1789, .T. ) ;
#3578 = CARTESIAN_POINT ( 'NONE',  ( 1.376002534677285949, 2.134256245050205639E-18, -0.5174111302577745208 ) ) ;
#3579 = CARTESIAN_POINT ( 'NONE',  ( 1.745460737179905575, 0.000000000000000000, -0.5799999999999999600 ) ) ;
#3580 = CARTESIAN_POINT ( 'NONE',  ( 1.672788419108712787, 0.000000000000000000, -0.5170126222841918695 ) ) ;
#3581 = ORIENTED_EDGE ( 'NONE', *, *, #4894, .F. ) ;
#3582 = CARTESIAN_POINT ( 'NONE',  ( 1.588527143429905530, 2.134256245050205639E-18, -0.4893750000000000044 ) ) ;
#3583 = CARTESIAN_POINT ( 'NONE',  ( 0.7208586851107868787, 2.134256245050205639E-18, -0.7392746610202701740 ) ) ;
#3584 = CARTESIAN_POINT ( 'NONE',  ( 0.9713664042163668855, 0.000000000000000000, -0.7374641792590741485 ) ) ;
#3585 = FACE_OUTER_BOUND ( 'NONE', #6160, .T. ) ;
#3586 = CARTESIAN_POINT ( 'NONE',  ( 0.8518084288704442786, 0.000000000000000000, -0.5021821391456254835 ) ) ;
#3587 = B_SPLINE_CURVE_WITH_KNOTS ( 'NONE', 3,
 ( #4935, #6299, #2481, #4414, #482, #3857, #2417, #5361, #4867, #516, #71 ),
 .UNSPECIFIED., .F., .F.,
 ( 4, 1, 1, 1, 1, 1, 1, 1, 4 ),
 ( 0.000000000000000000, 0.1389097126577631680, 0.2639610228471216957, 0.3808913182282731569, 0.4957771556646393685, 0.6115653426108732527, 0.7318968433117957195, 0.8602132000557086711, 1.000000000000000000 ),
 .UNSPECIFIED. ) ;
#3588 = EDGE_LOOP ( 'NONE', ( #223, #2632, #5087, #5015 ) ) ;
#3589 = CARTESIAN_POINT ( 'NONE',  ( 1.126579248247542742, 0.01574803149606299191, -0.6888589245931213689 ) ) ;
#3590 = EDGE_CURVE ( 'NONE', #922, #1050, #2393, .T. ) ;
#3591 = FACE_OUTER_BOUND ( 'NONE', #4774, .T. ) ;
#3592 = CARTESIAN_POINT ( 'NONE',  ( 0.8777482983523854365, 0.01574803149606299191, -0.4894554326371468034 ) ) ;
#3593 = CARTESIAN_POINT ( 'NONE',  ( 1.892691377180733658, 6.402768735150616918E-18, -0.5872266457023426200 ) ) ;
#3594 = CARTESIAN_POINT ( 'NONE',  ( 1.144923627804905752, 0.000000000000000000, -0.7362499999999999600 ) ) ;
#3595 = CARTESIAN_POINT ( 'NONE',  ( 1.109194553361001923, 0.01574803149606299191, -0.6727046574171605675 ) ) ;
#3596 = CARTESIAN_POINT ( 'NONE',  ( 0.6946794871799053528, 0.000000000000000000, -0.5235546875000000044 ) ) ;
#3597 = CARTESIAN_POINT ( 'NONE',  ( 2.069312334274281628, 0.000000000000000000, -0.4940949613715138189 ) ) ;
#3598 = B_SPLINE_CURVE_WITH_KNOTS ( 'NONE', 3,
 ( #822, #3128, #3178, #278, #3652, #1240, #6036, #2657, #5633, #5157, #755 ),
 .UNSPECIFIED., .F., .F.,
 ( 4, 1, 1, 1, 1, 1, 1, 1, 4 ),
 ( 0.000000000000000000, 0.1581692231159462503, 0.2979152898125614901, 0.4257598827158990962, 0.5443383524022874509, 0.6560061348833443606, 0.7665598615528721460, 0.8789143086602184685, 1.000000000000000000 ),
 .UNSPECIFIED. ) ;
#3599 = CARTESIAN_POINT ( 'NONE',  ( 2.079396284054905397, 0.01574803149606299191, -0.7362499999999999600 ) ) ;
#3600 = ORIENTED_EDGE ( 'NONE', *, *, #4876, .F. ) ;
#3601 = ORIENTED_EDGE ( 'NONE', *, *, #3064, .T. ) ;
#3602 = VECTOR ( 'NONE', #912, 39.37007874015748143 ) ;
#3603 = VECTOR ( 'NONE', #5074, 39.37007874015748143 ) ;
#3604 = CARTESIAN_POINT ( 'NONE',  ( 1.003152008026783282, 0.01574803149606299191, -0.7312250803505266905 ) ) ;
#3605 = CARTESIAN_POINT ( 'NONE',  ( 0.8975919255271859187, 0.01574803149606299191, -0.7222966303625634188 ) ) ;
#3606 = CARTESIAN_POINT ( 'NONE',  ( 1.097832163975086095, 0.01574803149606299191, -0.7308371393224524226 ) ) ;
#3607 = VERTEX_POINT ( 'NONE', #5342 ) ;
#3608 = VECTOR ( 'NONE', #5369, 39.37007874015748143 ) ;
#3609 = VECTOR ( 'NONE', #2492, 39.37007874015748143 ) ;
#3610 = FACE_OUTER_BOUND ( 'NONE', #4712, .T. ) ;
#3611 = CARTESIAN_POINT ( 'NONE',  ( 1.671979584735631352, 0.000000000000000000, -0.6200600494550865260 ) ) ;
#3612 = VECTOR ( 'NONE', #4327, 39.37007874015748143 ) ;
#3613 = CARTESIAN_POINT ( 'NONE',  ( 1.429054487179905575, 0.01574803149606299191, -0.5196484375000000044 ) ) ;
#3614 = CARTESIAN_POINT ( 'NONE',  ( 0.9543037309410364877, 0.000000000000000000, -0.7141564496431698217 ) ) ;
#3615 = DIRECTION ( 'NONE',  ( -1.000000000000000000, 0.000000000000000000, 0.000000000000000000 ) ) ;
#3616 = EDGE_CURVE ( 'NONE', #2745, #2336, #6161, .T. ) ;
#3617 = CARTESIAN_POINT ( 'NONE',  ( 1.150435854072204611, 0.000000000000000000, -0.6924205760502364360 ) ) ;
#3618 = VECTOR ( 'NONE', #453, 39.37007874015748143 ) ;
#3619 = DIRECTION ( 'NONE',  ( -0.000000000000000000, -1.000000000000000000, -0.000000000000000000 ) ) ;
#3620 = CARTESIAN_POINT ( 'NONE',  ( 1.894679487179905752, 0.01574803149606299191, -0.6143750000000000044 ) ) ;
#3621 = ADVANCED_FACE ( 'NONE', ( #4426 ), #1075, .T. ) ;
#3622 = CARTESIAN_POINT ( 'NONE',  ( 1.875431796667851980, 6.402768735150616918E-18, -0.5408623662470751770 ) ) ;
#3623 = PRODUCT ( 'Eggfinder LCD Case V2 Program Door No Inlay', 'Eggfinder LCD Case V2 Program Door No Inlay', '', ( #849 ) ) ;
#3624 = EDGE_CURVE ( 'NONE', #753, #5355, #1420, .T. ) ;
#3625 = CARTESIAN_POINT ( 'NONE',  ( 0.9839861278049059079, 0.01574803149606299191, -0.7393750000000001155 ) ) ;
#3626 = CARTESIAN_POINT ( 'NONE',  ( 1.097832163975086095, 0.01574803149606299191, -0.7308371393224524226 ) ) ;
#3627 = CARTESIAN_POINT ( 'NONE',  ( 1.381421036947733327, 2.134256245050205639E-18, -0.7257794113598587948 ) ) ;
#3628 = ORIENTED_EDGE ( 'NONE', *, *, #4495, .T. ) ;
#3629 = ORIENTED_EDGE ( 'NONE', *, *, #2083, .F. ) ;
#3630 = CARTESIAN_POINT ( 'NONE',  ( 1.497759988432243006, 0.01574803149606299191, -0.4894122655946467337 ) ) ;
#3631 = CARTESIAN_POINT ( 'NONE',  ( 0.8325133568397476980, 0.01574803149606299191, -0.7102193113138469682 ) ) ;
#3632 = CARTESIAN_POINT ( 'NONE',  ( 1.663883044790278154, 0.000000000000000000, -0.5243648215944163304 ) ) ;
#3633 = EDGE_LOOP ( 'NONE', ( #5815, #5058, #5347, #5037 ) ) ;
#3634 = CARTESIAN_POINT ( 'NONE',  ( 1.875803376153104551, 0.000000000000000000, -0.6875206543491854116 ) ) ;
#3635 = CARTESIAN_POINT ( 'NONE',  ( 1.658308644130744192, 0.000000000000000000, -0.6027245569226415967 ) ) ;
#3636 = CARTESIAN_POINT ( 'NONE',  ( 1.100490034054905752, 0.01574803149606299191, -0.7317089843750000933 ) ) ;
#3637 = CARTESIAN_POINT ( 'NONE',  ( 1.081051659418518884, 0.01574803149606299191, -0.5984973928187043990 ) ) ;
#3638 = CARTESIAN_POINT ( 'NONE',  ( 1.547304550103224097, 6.402768735150616918E-18, -0.7346194713301407164 ) ) ;
#3639 = EDGE_CURVE ( 'NONE', #6121, #2443, #4324, .T. ) ;
#3640 = CARTESIAN_POINT ( 'NONE',  ( 1.613202667016747638, 0.01574803149606299191, -0.5128209222399751077 ) ) ;
#3641 = FACE_OUTER_BOUND ( 'NONE', #5371, .T. ) ;
#3642 = DIRECTION ( 'NONE',  ( 0.000000000000000000, 0.000000000000000000, -1.000000000000000000 ) ) ;
#3643 = DIRECTION ( 'NONE',  ( 0.000000000000000000, 1.000000000000000000, 0.000000000000000000 ) ) ;
#3644 = LINE ( 'NONE', #2050, #5390 ) ;
#3645 = ORIENTED_EDGE ( 'NONE', *, *, #3574, .T. ) ;
#3646 = CARTESIAN_POINT ( 'NONE',  ( 1.702075544601744372, 0.000000000000000000, -0.5021292573646175539 ) ) ;
#3647 = CARTESIAN_POINT ( 'NONE',  ( 1.713966596554905575, 0.01574803149606299191, -0.6598339843749999600 ) ) ;
#3648 = CARTESIAN_POINT ( 'NONE',  ( 1.676804996875719045, 0.01574803149606299191, -0.6542057912973630041 ) ) ;
#3649 = CARTESIAN_POINT ( 'NONE',  ( 1.386586445447966165, 0.01574803149606299191, -0.7303482480404905886 ) ) ;
#3650 = ORIENTED_EDGE ( 'NONE', *, *, #751, .T. ) ;
#3651 = VERTEX_POINT ( 'NONE', #1486 ) ;
#3652 = CARTESIAN_POINT ( 'NONE',  ( 0.7442187974722289656, 0.000000000000000000, -0.7270785883326325028 ) ) ;
#3653 = DIRECTION ( 'NONE',  ( 0.000000000000000000, 0.000000000000000000, -1.000000000000000000 ) ) ;
#3654 = CARTESIAN_POINT ( 'NONE',  ( 1.695739057791677995, -2.134256245050205639E-18, -0.7206459225298146309 ) ) ;
#3655 = PLANE ( 'NONE',  #1403 ) ;
#3656 = EDGE_LOOP ( 'NONE', ( #4653, #5740, #3387, #845 ) ) ;
#3657 = CARTESIAN_POINT ( 'NONE',  ( 0.2000000000000000111, 0.07499999999999999722, -0.7399999999999999911 ) ) ;
#3658 = CARTESIAN_POINT ( 'NONE',  ( 1.721528154462228288, 0.01574803149606299191, -0.7327834402532488189 ) ) ;
#3659 = CARTESIAN_POINT ( 'NONE',  ( 1.462584698831354668, 0.01574803149606299191, -0.5150544321967966965 ) ) ;
#3660 = B_SPLINE_CURVE_WITH_KNOTS ( 'NONE', 3,
 ( #4589, #260, #4097, #4184, #5595, #6080, #6050, #2206, #4560, #1704, #208 ),
 .UNSPECIFIED., .F., .F.,
 ( 4, 1, 1, 1, 1, 1, 1, 1, 4 ),
 ( 0.000000000000000000, 0.1495992834452412878, 0.2819353318743840764, 0.4014919506173720287, 0.5122141042476819894, 0.6214475079150043602, 0.7346574448313997197, 0.8594258060854099712, 0.9999999999999998890 ),
 .UNSPECIFIED. ) ;
#3661 = CARTESIAN_POINT ( 'NONE',  ( 0.8591856055488283905, 0.01574803149606299191, -0.4938918121870692901 ) ) ;
#3662 = CARTESIAN_POINT ( 'NONE',  ( 1.670509882653886002, 0.000000000000000000, -0.6943561838738041558 ) ) ;
#3663 = EDGE_LOOP ( 'NONE', ( #5726, #194, #4001, #3553, #3411, #1398, #534, #1244, #1011, #878, #2448, #3125, #704, #1377, #4415 ) ) ;
#3664 = CARTESIAN_POINT ( 'NONE',  ( 1.563345906875897251, 6.402768735150616918E-18, -0.7362254443784330693 ) ) ;
#3665 = CARTESIAN_POINT ( 'NONE',  ( 1.767170879987526755, 0.01574803149606299191, -0.5331658911032798320 ) ) ;
#3666 = CARTESIAN_POINT ( 'NONE',  ( 1.979140499518346363, -0.000000000000000000, -0.6621100154890268152 ) ) ;
#3667 = CARTESIAN_POINT ( 'NONE',  ( 1.984545047573996079, 0.01574803149606299191, -0.6406349633961228029 ) ) ;
#3668 = CARTESIAN_POINT ( 'NONE',  ( 1.815363405212180314, 0.000000000000000000, -0.5489212441863686731 ) ) ;
#3669 = PLANE ( 'NONE',  #366 ) ;
#3670 = CARTESIAN_POINT ( 'NONE',  ( 1.713966596554905575, 0.000000000000000000, -0.6598339843749999600 ) ) ;
#3671 = EDGE_CURVE ( 'NONE', #2079, #1933, #1966, .T. ) ;
#3672 = CARTESIAN_POINT ( 'NONE',  ( 1.769923627804905752, 0.01574803149606299191, -0.5331249999999999600 ) ) ;
#3673 = CARTESIAN_POINT ( 'NONE',  ( 1.613429487179905530, 0.01574803149606299191, -0.5195996093750000488 ) ) ;
#3674 = CARTESIAN_POINT ( 'NONE',  ( 1.672500485702157036, 0.01574803149606299191, -0.6575839985045565106 ) ) ;
#3675 = CARTESIAN_POINT ( 'NONE',  ( 2.086769330929905131, 0.01574803149606299191, -0.4893750000000000044 ) ) ;
#3676 = DIRECTION ( 'NONE',  ( 0.000000000000000000, 0.000000000000000000, -1.000000000000000000 ) ) ;
#3677 = ORIENTED_EDGE ( 'NONE', *, *, #5541, .F. ) ;
#3678 = ADVANCED_FACE ( 'NONE', ( #1449 ), #5674, .T. ) ;
#3679 = VERTEX_POINT ( 'NONE', #1188 ) ;
#3680 = CARTESIAN_POINT ( 'NONE',  ( 2.329999999999999627, 0.2149999999999981093, 0.000000000000000000 ) ) ;
#3681 = ORIENTED_EDGE ( 'NONE', *, *, #2545, .T. ) ;
#3682 = CARTESIAN_POINT ( 'NONE',  ( 1.496241987179905530, 0.01574803149606299191, -0.4893750000000000044 ) ) ;
#3683 = CARTESIAN_POINT ( 'NONE',  ( 1.235236404935127430, 0.01574803149606299191, -0.7266000665955246740 ) ) ;
#3684 = VECTOR ( 'NONE', #4820, 39.37007874015748143 ) ;
#3685 = CARTESIAN_POINT ( 'NONE',  ( 1.766896284054905619, -2.134256245050205639E-18, -0.7393750000000000044 ) ) ;
#3686 = CARTESIAN_POINT ( 'NONE',  ( 1.560304487179905664, 0.01574803149606299191, -0.5196484375000000044 ) ) ;
#3687 = VERTEX_POINT ( 'NONE', #2093 ) ;
#3688 = EDGE_LOOP ( 'NONE', ( #3228, #3600, #2574, #1986 ) ) ;
#3689 = EDGE_CURVE ( 'NONE', #6277, #4748, #2172, .T. ) ;
#3690 = AXIS2_PLACEMENT_3D ( 'NONE', #5590, #4584, #5533 ) ;
#3691 = CARTESIAN_POINT ( 'NONE',  ( 1.461156639516344669, 0.000000000000000000, -0.5198684452770315767 ) ) ;
#3692 = CARTESIAN_POINT ( 'NONE',  ( 1.712031122953206586, 0.01574803149606299191, -0.7291730766818089737 ) ) ;
#3693 = CARTESIAN_POINT ( 'NONE',  ( 1.489674841191251264, 0.01574803149606299191, -0.4896093089674877219 ) ) ;
#3694 = DIRECTION ( 'NONE',  ( -0.000000000000000000, -1.000000000000000000, -0.000000000000000000 ) ) ;
#3695 = CARTESIAN_POINT ( 'NONE',  ( 1.838429487179906063, 6.402768735150616918E-18, -0.6155957031250001155 ) ) ;
#3696 = CARTESIAN_POINT ( 'NONE',  ( 1.056211293975100052, 0.000000000000000000, -0.6920564396778251526 ) ) ;
#3697 = AXIS2_PLACEMENT_3D ( 'NONE', #2375, #5807, #5703 ) ;
#3698 = VERTEX_POINT ( 'NONE', #4581 ) ;
#3699 = CARTESIAN_POINT ( 'NONE',  ( 1.987745893429905264, 0.01574803149606299191, -0.6829296874999999378 ) ) ;
#3700 = CARTESIAN_POINT ( 'NONE',  ( 1.010304487179905841, 0.01574803149606299191, -0.7072949218750000933 ) ) ;
#3701 = VECTOR ( 'NONE', #4212, 39.37007874015748143 ) ;
#3702 = CARTESIAN_POINT ( 'NONE',  ( 1.241068956533415202, 0.01574803149606299191, -0.7116585904362078274 ) ) ;
#3703 = FACE_OUTER_BOUND ( 'NONE', #163, .T. ) ;
#3704 = CARTESIAN_POINT ( 'NONE',  ( 0.7652613171323492391, 0.01574803149606299191, -0.5170053078946710290 ) ) ;
#3705 = B_SPLINE_SURFACE_WITH_KNOTS ( 'NONE', 3, 1, ( 
 ( #3218, #3685 ),
 ( #823, #4139 ),
 ( #2742, #1851 ),
 ( #3153, #893 ),
 ( #4694, #6196 ),
 ( #2252, #4243 ),
 ( #3758, #3725 ),
 ( #2348, #6097 ),
 ( #4169, #3654 ),
 ( #5129, #349 ),
 ( #6124, #2778 ),
 ( #5634, #4729 ),
 ( #1269, #1720 ),
 ( #5158, #789 ),
 ( #2877, #3887 ),
 ( #1539, #5294 ),
 ( #1508, #5912 ),
 ( #1954, #4413 ),
 ( #4273, #4825 ) ),
 .UNSPECIFIED., .F., .F., .F.,
 ( 4, 1, 1, 1, 1, 1, 1, 1, 1, 1, 1, 1, 1, 1, 1, 1, 4 ),
 ( 2, 2 ),
 ( 0.000000000000000000, 0.09403118419943332085, 0.1833433453235890631, 0.2684563974261002794, 0.3500721697809880961, 0.4272362797519792532, 0.4992283581201434339, 0.5662326547883448358, 0.6289847331196514180, 0.6876689143158525308, 0.7431519811438742629, 0.7948100883308165665, 0.8441840176181645283, 0.8896842298769512825, 0.9307774820599377108, 0.9669399739666799665, 1.000000000000000000 ),
 ( 0.000000000000000000, 1.000000000000000000 ),
 .UNSPECIFIED. ) ;
#3706 = CARTESIAN_POINT ( 'NONE',  ( 1.693409955929905619, 0.000000000000000000, -0.6500195312500000044 ) ) ;
#3707 = EDGE_CURVE ( 'NONE', #4447, #336, #3104, .T. ) ;
#3708 = ORIENTED_EDGE ( 'NONE', *, *, #538, .F. ) ;
#3709 = VECTOR ( 'NONE', #3460, 39.37007874015748143 ) ;
#3710 = CARTESIAN_POINT ( 'NONE',  ( 0.8963952433606935388, 0.01574803149606299191, -0.7249349314784748755 ) ) ;
#3711 = ORIENTED_EDGE ( 'NONE', *, *, #1202, .F. ) ;
#3712 = CARTESIAN_POINT ( 'NONE',  ( 1.053798690198496590, 0.01574803149606299191, -0.6847626957698803585 ) ) ;
#3713 = LINE ( 'NONE', #5695, #2114 ) ;
#3714 = CARTESIAN_POINT ( 'NONE',  ( 1.944682442151357327, 0.01574803149606299191, -0.7167076236229928954 ) ) ;
#3715 = CARTESIAN_POINT ( 'NONE',  ( 2.102864168791268362, 0.000000000000000000, -0.7305022709825920169 ) ) ;
#3716 = EDGE_CURVE ( 'NONE', #2506, #6264, #3236, .T. ) ;
#3717 = CARTESIAN_POINT ( 'NONE',  ( 0.9582350277136064687, 0.01574803149606299191, -0.7261417824543621169 ) ) ;
#3718 = DIRECTION ( 'NONE',  ( 1.000000000000000000, 0.000000000000000000, 0.000000000000000000 ) ) ;
#3719 = ORIENTED_EDGE ( 'NONE', *, *, #64, .T. ) ;
#3720 = ORIENTED_EDGE ( 'NONE', *, *, #3367, .T. ) ;
#3721 = EDGE_CURVE ( 'NONE', #670, #5873, #4492, .T. ) ;
#3722 = DIRECTION ( 'NONE',  ( 0.000000000000000000, 0.000000000000000000, -1.000000000000000000 ) ) ;
#3723 = CARTESIAN_POINT ( 'NONE',  ( 1.922883731520457662, 0.01574803149606299191, -0.6578450886893918437 ) ) ;
#3724 = DIRECTION ( 'NONE',  ( 1.000000000000000000, 0.000000000000000000, 0.000000000000000000 ) ) ;
#3725 = CARTESIAN_POINT ( 'NONE',  ( 1.712031122953206586, -2.134256245050205639E-18, -0.7291730766818089737 ) ) ;
#3726 = CARTESIAN_POINT ( 'NONE',  ( 1.063098356008050915, 0.000000000000000000, -0.7053616767970833923 ) ) ;
#3727 = ORIENTED_EDGE ( 'NONE', *, *, #5848, .T. ) ;
#3728 = ORIENTED_EDGE ( 'NONE', *, *, #2190, .T. ) ;
#3729 = VERTEX_POINT ( 'NONE', #682 ) ;
#3730 = CARTESIAN_POINT ( 'NONE',  ( 1.795121136997139821, 0.000000000000000000, -0.7374563110120658793 ) ) ;
#3731 = CARTESIAN_POINT ( 'NONE',  ( 1.742937513423403750, 0.01574803149606299191, -0.7378313643018082901 ) ) ;
#3732 = CARTESIAN_POINT ( 'NONE',  ( 1.397427255402597046, 0.01574803149606299191, -0.7347834679733039609 ) ) ;
#3733 = CARTESIAN_POINT ( 'NONE',  ( 1.777536860385634965, 0.01574803149606299191, -0.5333211429501247824 ) ) ;
#3734 = LINE ( 'NONE', #1516, #4337 ) ;
#3735 = CARTESIAN_POINT ( 'NONE',  ( 1.664406049679905797, 0.000000000000000000, -0.6747265625000000711 ) ) ;
#3736 = CARTESIAN_POINT ( 'NONE',  ( 1.819662547184250689, 6.402768735150616918E-18, -0.6755243741251424350 ) ) ;
#3737 = CARTESIAN_POINT ( 'NONE',  ( 1.422321296183318928, 0.000000000000000000, -0.4970202175162799496 ) ) ;
#3738 = ORIENTED_EDGE ( 'NONE', *, *, #3537, .T. ) ;
#3739 = CARTESIAN_POINT ( 'NONE',  ( 0.1250000000000000000, 0.1400000000000000133, -1.229999999999999982 ) ) ;
#3740 = CYLINDRICAL_SURFACE ( 'NONE', #5578, 0.1249999999999999584 ) ;
#3741 = DIRECTION ( 'NONE',  ( 0.000000000000000000, 0.000000000000000000, -1.000000000000000000 ) ) ;
#3742 = CARTESIAN_POINT ( 'NONE',  ( 2.104999999999999982, 0.000000000000000000, -0.1250000000000000278 ) ) ;
#3743 = CARTESIAN_POINT ( 'NONE',  ( 1.052239692446510944, 8.537024980200822558E-18, -0.6434199382235037401 ) ) ;
#3744 = ORIENTED_EDGE ( 'NONE', *, *, #1670, .T. ) ;
#3745 = CARTESIAN_POINT ( 'NONE',  ( 1.429054487179905575, 0.01574803149606299191, -0.5196484375000000044 ) ) ;
#3746 = ADVANCED_FACE ( 'NONE', ( #3610 ), #1464, .T. ) ;
#3747 = CARTESIAN_POINT ( 'NONE',  ( 0.8688808535651532106, 0.01574803149606299191, -0.7393305100684861575 ) ) ;
#3748 = CARTESIAN_POINT ( 'NONE',  ( 1.725682410198084105, 0.000000000000000000, -0.6760040987930447942 ) ) ;
#3749 = LINE ( 'NONE', #4235, #3802 ) ;
#3750 = CARTESIAN_POINT ( 'NONE',  ( 2.003361889415793406, 0.01574803149606299191, -0.6902494895767088412 ) ) ;
#3751 = CARTESIAN_POINT ( 'NONE',  ( 0.000000000000000000, 0.000000000000000000, 0.000000000000000000 ) ) ;
#3752 = VERTEX_POINT ( 'NONE', #6205 ) ;
#3753 = ORIENTED_EDGE ( 'NONE', *, *, #2193, .T. ) ;
#3754 = CARTESIAN_POINT ( 'NONE',  ( 1.381421036947733327, 0.000000000000000000, -0.7257794113598587948 ) ) ;
#3755 = CARTESIAN_POINT ( 'NONE',  ( 2.029786909054905220, 0.01574803149606299191, -0.6268749999999999600 ) ) ;
#3756 = CARTESIAN_POINT ( 'NONE',  ( 1.214894330929905841, 0.01574803149606299191, -0.4893750000000000044 ) ) ;
#3757 = ORIENTED_EDGE ( 'NONE', *, *, #2304, .F. ) ;
#3758 = CARTESIAN_POINT ( 'NONE',  ( 1.712031122953206586, 0.01574803149606299191, -0.7291730766818089737 ) ) ;
#3759 = DIRECTION ( 'NONE',  ( 0.8550426485426084744, -0.000000000000000000, 0.5185576816259125366 ) ) ;
#3760 = ORIENTED_EDGE ( 'NONE', *, *, #3045, .T. ) ;
#3761 = EDGE_LOOP ( 'NONE', ( #5719, #4698, #4842, #2679 ) ) ;
#3762 = EDGE_CURVE ( 'NONE', #6291, #2247, #2256, .T. ) ;
#3763 = B_SPLINE_CURVE_WITH_KNOTS ( 'NONE', 3,
 ( #4044, #4924, #1052, #3471, #3912, #1023, #1529, #2936, #149, #535, #3980, #60, #5419, #2963, #2561, #124, #4499, #2497, #4435 ),
 .UNSPECIFIED., .F., .F.,
 ( 4, 1, 1, 1, 1, 1, 1, 1, 1, 1, 1, 1, 1, 1, 1, 1, 4 ),
 ( 0.000000000000000000, 0.06939722258969714674, 0.1358146130938058249, 0.1999374310785876074, 0.2624119349190583983, 0.3231370129599319685, 0.3822617588893446605, 0.4403934758608926692, 0.4985087807155207940, 0.5566045901593710266, 0.6150207315980802392, 0.6743829798034521872, 0.7356213399213481496, 0.7984768865626264978, 0.8629404959799606978, 0.9301147940872457331, 1.000000000000000000 ),
 .UNSPECIFIED. ) ;
#3764 = DIRECTION ( 'NONE',  ( 0.000000000000000000, 0.000000000000000000, 1.000000000000000000 ) ) ;
#3765 = ADVANCED_FACE ( 'NONE', ( #2286 ), #387, .T. ) ;
#3766 = B_SPLINE_SURFACE_WITH_KNOTS ( 'NONE', 3, 1, ( 
 ( #1518, #3430 ),
 ( #2841, #853 ),
 ( #5188, #346 ),
 ( #4792, #5255 ),
 ( #4822, #1371 ),
 ( #5, #925 ),
 ( #442, #5739 ),
 ( #1401, #2278 ),
 ( #3825, #1303 ),
 ( #2376, #2775 ),
 ( #821, #2740 ) ),
 .UNSPECIFIED., .F., .F., .F.,
 ( 4, 1, 1, 1, 1, 1, 1, 1, 4 ),
 ( 2, 2 ),
 ( 0.000000000000000000, 0.1293235928071807261, 0.2472114869378300994, 0.3634275511446827811, 0.4836271207114492543, 0.6085420377595613939, 0.7362682684320625004, 0.8675229715430915478, 1.000000000000000000 ),
 ( 0.000000000000000000, 1.000000000000000000 ),
 .UNSPECIFIED. ) ;
#3767 = CARTESIAN_POINT ( 'NONE',  ( 1.946531226345996179, 6.402768735150616918E-18, -0.6032118762582030502 ) ) ;
#3768 = CARTESIAN_POINT ( 'NONE',  ( 0.5000000000000000000, 0.07000000000000000666, -0.8649999999999998801 ) ) ;
#3769 = CARTESIAN_POINT ( 'NONE',  ( 1.458036284001869909, 0.01574803149606299191, -0.7235988223764778793 ) ) ;
#3770 = CARTESIAN_POINT ( 'NONE',  ( 1.560304487179905664, 0.01574803149606299191, -0.6799999999999999378 ) ) ;
#3771 = CARTESIAN_POINT ( 'NONE',  ( 0.8550660800290225128, 0.01574803149606299191, -0.4975983446888450623 ) ) ;
#3772 = CARTESIAN_POINT ( 'NONE',  ( 1.078731691666809045, 0.000000000000000000, -0.7215291218473318668 ) ) ;
#3773 = ORIENTED_EDGE ( 'NONE', *, *, #2381, .F. ) ;
#3774 = CARTESIAN_POINT ( 'NONE',  ( 1.983689106504815669, 0.000000000000000000, -0.6783564305222392621 ) ) ;
#3775 = CARTESIAN_POINT ( 'NONE',  ( 1.991676729226425469, 0.01574803149606299191, -0.6343080054560629177 ) ) ;
#3776 = DIRECTION ( 'NONE',  ( 0.000000000000000000, 0.000000000000000000, 1.000000000000000000 ) ) ;
#3777 = LINE ( 'NONE', #327, #2997 ) ;
#3778 = CARTESIAN_POINT ( 'NONE',  ( 1.064187937789624838, 0.01574803149606299191, -0.6144818557087915467 ) ) ;
#3779 = ORIENTED_EDGE ( 'NONE', *, *, #3497, .T. ) ;
#3780 = EDGE_CURVE ( 'NONE', #2506, #979, #5359, .T. ) ;
#3781 = CARTESIAN_POINT ( 'NONE',  ( 0.1250000000000000000, 0.1400000000000000133, -1.104999999999999982 ) ) ;
#3782 = CARTESIAN_POINT ( 'NONE',  ( 1.736104624238639760, 4.268512490100411279E-18, -0.6862385073715552286 ) ) ;
#3783 = CARTESIAN_POINT ( 'NONE',  ( 1.197437334274282561, 0.000000000000000000, -0.4940949613715140409 ) ) ;
#3784 = FACE_OUTER_BOUND ( 'NONE', #1901, .T. ) ;
#3785 = CARTESIAN_POINT ( 'NONE',  ( 2.111397415065153549, 0.000000000000000000, -0.7185264885591116091 ) ) ;
#3786 = CARTESIAN_POINT ( 'NONE',  ( 0.9557921979920567246, 0.000000000000000000, -0.5083359794443373936 ) ) ;
#3787 = ORIENTED_EDGE ( 'NONE', *, *, #5089, .T. ) ;
#3788 = LINE ( 'NONE', #1369, #380 ) ;
#3789 = CARTESIAN_POINT ( 'NONE',  ( 1.984545047573996079, 0.01574803149606299191, -0.6406349633961228029 ) ) ;
#3790 = CARTESIAN_POINT ( 'NONE',  ( 1.241348367497592697, 0.01574803149606299191, -0.5143599453195993876 ) ) ;
#3791 = CARTESIAN_POINT ( 'NONE',  ( 2.088699410802785206, 2.134256245050205639E-18, -0.4894783444736948708 ) ) ;
#3792 = CARTESIAN_POINT ( 'NONE',  ( 1.157911909054905708, 2.134256245050205639E-18, -0.6925000000000000044 ) ) ;
#3793 = CARTESIAN_POINT ( 'NONE',  ( 1.131395906212588676, 0.01574803149606299191, -0.7359727928301216249 ) ) ;
#3794 = ORIENTED_EDGE ( 'NONE', *, *, #5792, .T. ) ;
#3795 = CARTESIAN_POINT ( 'NONE',  ( 1.959995555432552550, 0.01574803149606299191, -0.5942874467830964180 ) ) ;
#3796 = CARTESIAN_POINT ( 'NONE',  ( 1.838282755252247602, 0.000000000000000000, -0.6248297380482389363 ) ) ;
#3797 = CARTESIAN_POINT ( 'NONE',  ( 1.684434984871821639, 0.01574803149606299191, -0.5103719722821387084 ) ) ;
#3798 = CARTESIAN_POINT ( 'NONE',  ( 1.462584698831354668, 0.01574803149606299191, -0.5150544321967966965 ) ) ;
#3799 = DIRECTION ( 'NONE',  ( -0.000000000000000000, -1.000000000000000000, -0.000000000000000000 ) ) ;
#3800 = CARTESIAN_POINT ( 'NONE',  ( 0.8494475127983880380, 0.01574803149606299191, -0.5074720540016978143 ) ) ;
#3801 = CARTESIAN_POINT ( 'NONE',  ( 1.689011453713198829, 0.000000000000000000, -0.7157743846298709745 ) ) ;
#3802 = VECTOR ( 'NONE', #3241, 39.37007874015748143 ) ;
#3803 = EDGE_CURVE ( 'NONE', #2276, #6323, #4824, .T. ) ;
#3804 = B_SPLINE_CURVE_WITH_KNOTS ( 'NONE', 3,
 ( #1274, #2173, #1696, #3731, #2257, #3658, #3692, #5676, #1724, #1225, #3186, #1311, #3134, #4143, #6128, #5108, #5639, #735, #1825 ),
 .UNSPECIFIED., .F., .F.,
 ( 4, 1, 1, 1, 1, 1, 1, 1, 1, 1, 1, 1, 1, 1, 1, 1, 4 ),
 ( 0.000000000000000000, 0.09403118419943332085, 0.1833433453235890631, 0.2684563974261002794, 0.3500721697809880961, 0.4272362797519792532, 0.4992283581201434339, 0.5662326547883448358, 0.6289847331196514180, 0.6876689143158525308, 0.7431519811438742629, 0.7948100883308165665, 0.8441840176181645283, 0.8896842298769512825, 0.9307774820599377108, 0.9669399739666799665, 1.000000000000000000 ),
 .UNSPECIFIED. ) ;
#3805 = CARTESIAN_POINT ( 'NONE',  ( 2.027034734310539488, 2.134256245050205639E-18, -0.6269035143893506579 ) ) ;
#3806 = VECTOR ( 'NONE', #4672, 39.37007874015748143 ) ;
#3807 = CARTESIAN_POINT ( 'NONE',  ( 0.5624375055665796763, 0.07000000000000000666, -0.8622057382686417748 ) ) ;
#3808 = B_SPLINE_CURVE_WITH_KNOTS ( 'NONE', 3,
 ( #3954, #1120, #1564, #3475, #3447, #3853, #4862, #4964, #605, #2537, #4930, #3505, #5000, #2941, #4895, #634, #2567, #5836, #2475 ),
 .UNSPECIFIED., .F., .F.,
 ( 4, 1, 1, 1, 1, 1, 1, 1, 1, 1, 1, 1, 1, 1, 1, 1, 4 ),
 ( 0.000000000000000000, 0.06807904218953644837, 0.1334568085468225696, 0.1970431859788141504, 0.2589951028646220732, 0.3192107792938391753, 0.3780683211263616839, 0.4358361098827949753, 0.4933934818721130711, 0.5511703361136249812, 0.6091929274594467536, 0.6688946999614665545, 0.7301869901136294194, 0.7935211943086338815, 0.8593314533622711249, 0.9278229601315397534, 1.000000000000000000 ),
 .UNSPECIFIED. ) ;
#3809 = CARTESIAN_POINT ( 'NONE',  ( 0.7332345392384469474, 0.000000000000000000, -0.4895870481753199499 ) ) ;
#3810 = ORIENTED_EDGE ( 'NONE', *, *, #3422, .F. ) ;
#3811 = AXIS2_PLACEMENT_3D ( 'NONE', #4483, #3513, #5495 ) ;
#3812 = EDGE_CURVE ( 'NONE', #3729, #4973, #1748, .T. ) ;
#3813 = DIRECTION ( 'NONE',  ( 0.000000000000000000, -1.000000000000000000, 0.000000000000000000 ) ) ;
#3814 = CARTESIAN_POINT ( 'NONE',  ( 0.8789971827093882029, 0.01574803149606299191, -0.7382221875493851782 ) ) ;
#3815 = VERTEX_POINT ( 'NONE', #353 ) ;
#3816 = CARTESIAN_POINT ( 'NONE',  ( 1.718108001943642105, 0.01574803149606299191, -0.6659397922214859156 ) ) ;
#3817 = CARTESIAN_POINT ( 'NONE',  ( 0.8386757062408136676, 0.01574803149606299191, -0.7202955058092699314 ) ) ;
#3818 = CARTESIAN_POINT ( 'NONE',  ( 1.987745893429905264, 0.01574803149606299191, -0.6829296874999999378 ) ) ;
#3819 = CARTESIAN_POINT ( 'NONE',  ( 0.9540544871799059301, 0.01574803149606299191, -0.7072949218750000933 ) ) ;
#3820 = AXIS2_PLACEMENT_3D ( 'NONE', #2987, #2064, #5790 ) ;
#3821 = EDGE_LOOP ( 'NONE', ( #4660, #6189, #4330, #4869, #2948, #4575, #1816, #6150, #4879, #4721, #868, #3517 ) ) ;
#3822 = EDGE_CURVE ( 'NONE', #5584, #1448, #5638, .T. ) ;
#3823 = DIRECTION ( 'NONE',  ( 0.000000000000000000, -0.000000000000000000, -1.000000000000000000 ) ) ;
#3824 = CARTESIAN_POINT ( 'NONE',  ( 1.376515128654870690, 0.000000000000000000, -0.7142347700367687180 ) ) ;
#3825 = CARTESIAN_POINT ( 'NONE',  ( 0.7626869087248968615, 0.01574803149606299191, -0.5132015219545007501 ) ) ;
#3826 = CARTESIAN_POINT ( 'NONE',  ( 2.113223367497592431, 0.01574803149606299191, -0.5143599453195993876 ) ) ;
#3827 = ORIENTED_EDGE ( 'NONE', *, *, #3812, .F. ) ;
#3828 = CARTESIAN_POINT ( 'NONE',  ( 1.118735854456255119, 0.01574803149606299191, -0.6853627314024504091 ) ) ;
#3829 = CARTESIAN_POINT ( 'NONE',  ( 1.109162933886112645, 0.000000000000000000, -0.7337673975142066096 ) ) ;
#3830 = ORIENTED_EDGE ( 'NONE', *, *, #74, .T. ) ;
#3831 = EDGE_CURVE ( 'NONE', #4457, #1271, #5243, .T. ) ;
#3832 = CARTESIAN_POINT ( 'NONE',  ( 1.524806440304905530, 0.01574803149606299191, -0.7020214843750001155 ) ) ;
#3833 = CARTESIAN_POINT ( 'NONE',  ( 1.713966596554905575, 0.01574803149606299191, -0.6598339843749999600 ) ) ;
#3834 = LINE ( 'NONE', #3361, #176 ) ;
#3835 = CARTESIAN_POINT ( 'NONE',  ( 1.414269197322425509, 0.01574803149606299191, -0.4910812313587941125 ) ) ;
#3836 = CARTESIAN_POINT ( 'NONE',  ( 1.660217759286164219, 0.01574803149606299191, -0.5296793320298502916 ) ) ;
#3837 = CARTESIAN_POINT ( 'NONE',  ( 1.110199592300106897, 0.01574803149606299191, -0.6446385603825365296 ) ) ;
#3838 = CARTESIAN_POINT ( 'NONE',  ( 0.1250000000000000000, 0.1400000000000000133, -3.414809992080329023E-17 ) ) ;
#3839 = ORIENTED_EDGE ( 'NONE', *, *, #2895, .F. ) ;
#3840 = DIRECTION ( 'NONE',  ( -1.000000000000000000, 0.000000000000000000, 0.000000000000000000 ) ) ;
#3841 = CARTESIAN_POINT ( 'NONE',  ( 1.228441344785508704, 1.067128122525102820E-17, -0.7320200826854215137 ) ) ;
#3842 = CARTESIAN_POINT ( 'NONE',  ( 0.5000000000000000000, 0.000000000000000000, -0.9274999999999998801 ) ) ;
#3843 = DIRECTION ( 'NONE',  ( 1.000000000000000000, 0.000000000000000000, 0.000000000000000000 ) ) ;
#3844 = DIRECTION ( 'NONE',  ( 0.000000000000000000, -0.000000000000000000, 1.000000000000000000 ) ) ;
#3845 = ORIENTED_EDGE ( 'NONE', *, *, #1204, .F. ) ;
#3846 = ADVANCED_FACE ( 'NONE', ( #5430 ), #1505, .T. ) ;
#3847 = CARTESIAN_POINT ( 'NONE',  ( 1.696437299679905752, 0.01574803149606299191, -0.6237500000000000266 ) ) ;
#3848 = EDGE_LOOP ( 'NONE', ( #1437, #3629, #4208, #1872 ) ) ;
#3849 = CARTESIAN_POINT ( 'NONE',  ( 1.067656165635440191, 0.01574803149606299191, -0.7112607086607196649 ) ) ;
#3850 = CARTESIAN_POINT ( 'NONE',  ( 1.969707163975085829, 0.01574803149606299191, -0.7308371393224524226 ) ) ;
#3851 = CARTESIAN_POINT ( 'NONE',  ( 1.988666322972035161, 0.01574803149606299191, -0.6837113544980910618 ) ) ;
#3852 = ORIENTED_EDGE ( 'NONE', *, *, #3497, .F. ) ;
#3853 = CARTESIAN_POINT ( 'NONE',  ( 1.886340918577241954, 0.000000000000000000, -0.6657903054405369669 ) ) ;
#3854 = CARTESIAN_POINT ( 'NONE',  ( 2.102864168791268362, 0.01574803149606299191, -0.7305022709825920169 ) ) ;
#3855 = CARTESIAN_POINT ( 'NONE',  ( 1.852314904582269328, 0.01574803149606299191, -0.7135240400532313343 ) ) ;
#3856 = LINE ( 'NONE', #3385, #4229 ) ;
#3857 = CARTESIAN_POINT ( 'NONE',  ( 0.7016800623061106856, 0.01574803149606299191, -0.7312576142679250157 ) ) ;
#3858 = ORIENTED_EDGE ( 'NONE', *, *, #1856, .F. ) ;
#3859 = EDGE_CURVE ( 'NONE', #2270, #4049, #84, .T. ) ;
#3860 = CARTESIAN_POINT ( 'NONE',  ( 1.925934603288674385, 6.402768735150616918E-18, -0.6353857216656664253 ) ) ;
#3861 = CARTESIAN_POINT ( 'NONE',  ( 1.609980016809673842, 0.000000000000000000, -0.7239907930556348514 ) ) ;
#3862 = CARTESIAN_POINT ( 'NONE',  ( 1.734216351434068271, 0.01574803149606299191, -0.4923811934883015606 ) ) ;
#3863 = CARTESIAN_POINT ( 'NONE',  ( 1.738501658885703183, 0.01574803149606299191, -0.5371477835755119612 ) ) ;
#3864 = CARTESIAN_POINT ( 'NONE',  ( 1.672788419108712787, 0.01574803149606299191, -0.5170126222841918695 ) ) ;
#3865 = CARTESIAN_POINT ( 'NONE',  ( 1.886116638024798453, 0.01574803149606299191, -0.5625483926388011868 ) ) ;
#3866 = CARTESIAN_POINT ( 'NONE',  ( 1.931163929458668882, 0.01574803149606299191, -0.6989466174180838376 ) ) ;
#3867 = EDGE_LOOP ( 'NONE', ( #3177, #5035, #5263, #1583 ) ) ;
#3868 = CARTESIAN_POINT ( 'NONE',  ( 1.526503262588267296, 6.402768735150616918E-18, -0.7083255533305482521 ) ) ;
#3869 = CARTESIAN_POINT ( 'NONE',  ( 1.603529295976721780, 0.01574803149606299191, -0.7307674476966626864 ) ) ;
#3870 = CARTESIAN_POINT ( 'NONE',  ( 1.185304487179905886, 0.000000000000000000, -0.6268749999999999600 ) ) ;
#3871 = CARTESIAN_POINT ( 'NONE',  ( 1.447660429977835950, 6.402768735150616918E-18, -0.7336199647703163240 ) ) ;
#3872 = B_SPLINE_SURFACE_WITH_KNOTS ( 'NONE', 3, 1, ( 
 ( #804, #4642 ),
 ( #2234, #2696 ),
 ( #4152, #741 ),
 ( #6171, #5139 ),
 ( #3079, #1730 ),
 ( #4124, #2670 ),
 ( #3194, #324 ),
 ( #6138, #236 ),
 ( #3640, #3164 ),
 ( #5090, #1676 ),
 ( #766, #3562 ) ),
 .UNSPECIFIED., .F., .F., .F.,
 ( 4, 1, 1, 1, 1, 1, 1, 1, 4 ),
 ( 2, 2 ),
 ( 0.000000000000000000, 0.1196506913845639536, 0.2323942988104791274, 0.3415846489330138791, 0.4540851286129701792, 0.5719373066527821958, 0.6999891916916327617, 0.8408352924363500236, 1.000000000000000000 ),
 ( 0.000000000000000000, 1.000000000000000000 ),
 .UNSPECIFIED. ) ;
#3873 = CARTESIAN_POINT ( 'NONE',  ( 1.769839029394348229, 0.01574803149606299191, -0.6176721814844803315 ) ) ;
#3874 = ORIENTED_EDGE ( 'NONE', *, *, #1989, .T. ) ;
#3875 = ORIENTED_EDGE ( 'NONE', *, *, #6324, .T. ) ;
#3876 = CARTESIAN_POINT ( 'NONE',  ( 1.810088710735638928, 0.01574803149606299191, -0.5446912955164561199 ) ) ;
#3877 = CARTESIAN_POINT ( 'NONE',  ( 1.531415355931479816, 0.000000000000000000, -0.7228581240702762756 ) ) ;
#3878 = CARTESIAN_POINT ( 'NONE',  ( 1.836002695480820401, 0.01574803149606299191, -0.5878216532983788767 ) ) ;
#3879 = CARTESIAN_POINT ( 'NONE',  ( 0.9542919257015421985, 0.000000000000000000, -0.5147207550859113079 ) ) ;
#3880 = LINE ( 'NONE', #1975, #4537 ) ;
#3882 = EDGE_CURVE ( 'NONE', #3949, #4780, #1594, .T. ) ;
#3881 = EDGE_LOOP ( 'NONE', ( #3727, #418, #277, #1239 ) ) ;
#3883 = CARTESIAN_POINT ( 'NONE',  ( 2.017677534054905575, 0.01574803149606299191, -0.5831250000000000044 ) ) ;
#3884 = CARTESIAN_POINT ( 'NONE',  ( 2.100316344785508438, 0.01574803149606299191, -0.7320200826854215137 ) ) ;
#3885 = EDGE_LOOP ( 'NONE', ( #818, #3708, #686, #4275 ) ) ;
#3886 = CARTESIAN_POINT ( 'NONE',  ( 1.478404088627531143, 0.000000000000000000, -0.4930660046446770362 ) ) ;
#3887 = CARTESIAN_POINT ( 'NONE',  ( 1.667807909642012865, -2.134256245050205639E-18, -0.6890069819365174375 ) ) ;
#3888 = CARTESIAN_POINT ( 'NONE',  ( 2.029786909054905220, 0.01574803149606299191, -0.6925000000000000044 ) ) ;
#3889 = EDGE_CURVE ( 'NONE', #2782, #1645, #4022, .T. ) ;
#3890 = ORIENTED_EDGE ( 'NONE', *, *, #4407, .F. ) ;
#3891 = EDGE_LOOP ( 'NONE', ( #2222, #2125, #417, #1634 ) ) ;
#3892 = EDGE_CURVE ( 'NONE', #5227, #1096, #4936, .T. ) ;
#3893 = DIRECTION ( 'NONE',  ( 0.000000000000000000, 0.000000000000000000, 1.000000000000000000 ) ) ;
#3894 = FACE_OUTER_BOUND ( 'NONE', #678, .T. ) ;
#3895 = CARTESIAN_POINT ( 'NONE',  ( 0.7024987142455111355, 0.000000000000000000, -0.4977812166467366906 ) ) ;
#3896 = CARTESIAN_POINT ( 'NONE',  ( 1.418549276487558020, 0.01574803149606299191, -0.4936193505801174664 ) ) ;
#3897 = CARTESIAN_POINT ( 'NONE',  ( 1.611959180508165890, 0.01574803149606299191, -0.5065921339596431983 ) ) ;
#3898 = DIRECTION ( 'NONE',  ( -1.000000000000000000, 0.000000000000000000, 0.000000000000000000 ) ) ;
#3899 = CARTESIAN_POINT ( 'NONE',  ( 1.107339530997315746, 0.01574803149606299191, -0.6543145289080799509 ) ) ;
#3900 = FACE_OUTER_BOUND ( 'NONE', #385, .T. ) ;
#3901 = EDGE_CURVE ( 'NONE', #4788, #5524, #2944, .T. ) ;
#3902 = VERTEX_POINT ( 'NONE', #3541 ) ;
#3903 = CARTESIAN_POINT ( 'NONE',  ( 2.113429487179905308, 0.000000000000000000, -0.7037304687500000044 ) ) ;
#3904 = CARTESIAN_POINT ( 'NONE',  ( 1.238370542610794933, 1.067128122525102820E-17, -0.7215162773531212936 ) ) ;
#3905 = CARTESIAN_POINT ( 'NONE',  ( 1.429038886757755478, 0.01574803149606299191, -0.7362073259274009018 ) ) ;
#3906 = CARTESIAN_POINT ( 'NONE',  ( 1.522866706948486026, 0.01574803149606299191, -0.5045972091795551950 ) ) ;
#3907 = CARTESIAN_POINT ( 'NONE',  ( 1.776564252804905708, 0.000000000000000000, -0.6016308593750000488 ) ) ;
#3908 = VECTOR ( 'NONE', #807, 39.37007874015748143 ) ;
#3909 = VERTEX_POINT ( 'NONE', #4899 ) ;
#3910 = VECTOR ( 'NONE', #5321, 39.37007874015748143 ) ;
#3911 = ORIENTED_EDGE ( 'NONE', *, *, #6137, .F. ) ;
#3912 = CARTESIAN_POINT ( 'NONE',  ( 1.808935402057506803, 0.000000000000000000, -0.4939147066958607946 ) ) ;
#3913 = VECTOR ( 'NONE', #4136, 39.37007874015748143 ) ;
#3914 = CARTESIAN_POINT ( 'NONE',  ( 1.671979584735631352, -2.134256245050205639E-18, -0.6200600494550865260 ) ) ;
#3915 = CARTESIAN_POINT ( 'NONE',  ( 1.815363405212180314, 0.01574803149606299191, -0.5489212441863686731 ) ) ;
#3916 = CARTESIAN_POINT ( 'NONE',  ( 0.5624375055665796763, 0.07000000000000000666, -0.8622057382686417748 ) ) ;
#3917 = DIRECTION ( 'NONE',  ( 1.000000000000000000, 0.000000000000000000, 0.000000000000000000 ) ) ;
#3918 = AXIS2_PLACEMENT_3D ( 'NONE', #4666, #798, #940 ) ;
#3919 = VECTOR ( 'NONE', #3917, 39.37007874015748143 ) ;
#3920 = B_SPLINE_CURVE_WITH_KNOTS ( 'NONE', 3,
 ( #2677, #3121, #1431, #6184, #3748, #846, #5832, #4683, #1875, #2405, #1331, #3274, #3344, #4298, #2866 ),
 .UNSPECIFIED., .F., .F.,
 ( 4, 1, 1, 1, 1, 1, 1, 1, 1, 1, 1, 1, 4 ),
 ( 0.000000000000000000, 0.1075212931455933191, 0.2018531455207841496, 0.2834991629665748469, 0.3522698592065470757, 0.4159778075812734510, 0.4825984022751547697, 0.5530617777884793140, 0.6284494531993556343, 0.7089724738938529836, 0.7972121718589568751, 0.8941376139955272695, 1.000000000000000000 ),
 .UNSPECIFIED. ) ;
#3921 = CARTESIAN_POINT ( 'NONE',  ( 2.229999999999999094, 0.06250000000000000000, -0.1750000000000000444 ) ) ;
#3922 = CARTESIAN_POINT ( 'NONE',  ( 2.080408026208834471, 0.000000000000000000, -0.4896555717446321454 ) ) ;
#3923 = VERTEX_POINT ( 'NONE', #69 ) ;
#3924 = CARTESIAN_POINT ( 'NONE',  ( 0.8905803518740539326, 0.01574803149606299191, -0.4937336027666552329 ) ) ;
#3925 = VECTOR ( 'NONE', #1967, 39.37007874015748143 ) ;
#3926 = CARTESIAN_POINT ( 'NONE',  ( 1.515237353580049406, -2.134256245050205639E-18, -0.4955375751385837080 ) ) ;
#3927 = CARTESIAN_POINT ( 'NONE',  ( 1.003152008026783282, 0.000000000000000000, -0.7312250803505266905 ) ) ;
#3928 = CARTESIAN_POINT ( 'NONE',  ( 1.234491485694180657, 0.01574803149606299191, -0.4975879760096892923 ) ) ;
#3929 = DIRECTION ( 'NONE',  ( 1.000000000000000000, 0.000000000000000000, 0.000000000000000000 ) ) ;
#3930 = CARTESIAN_POINT ( 'NONE',  ( 1.504885159408923423, 0.000000000000000000, -0.4903065445313095627 ) ) ;
#3931 = COLOUR_RGB ( '',0.9098039215686274384, 0.4431372549019607643, 0.03137254901960784270 ) ;
#3932 = EDGE_CURVE ( 'NONE', #4410, #6121, #1668, .T. ) ;
#3933 = EDGE_LOOP ( 'NONE', ( #3204, #3252, #2752, #2340 ) ) ;
#3934 = CARTESIAN_POINT ( 'NONE',  ( 1.972365034054905486, 0.000000000000000000, -0.7317089843750000933 ) ) ;
#3935 = CARTESIAN_POINT ( 'NONE',  ( 0.7442187974722289656, 4.268512490100411279E-18, -0.7270785883326325028 ) ) ;
#3936 = CARTESIAN_POINT ( 'NONE',  ( 0.7266619090549053528, 0.000000000000000000, -0.4893750000000000044 ) ) ;
#3937 = CARTESIAN_POINT ( 'NONE',  ( 1.838379791394499918, 0.01574803149606299191, -0.6187231248477531587 ) ) ;
#3938 = CARTESIAN_POINT ( 'NONE',  ( 1.590294150816323748, 0.01574803149606299191, -0.4894676275273492916 ) ) ;
#3939 = CARTESIAN_POINT ( 'NONE',  ( 1.832073469489249540, 0.01574803149606299191, -0.5024235809266067720 ) ) ;
#3940 = CARTESIAN_POINT ( 'NONE',  ( 2.003270906212587743, 0.000000000000000000, -0.7359727928301215139 ) ) ;
#3941 = ORIENTED_EDGE ( 'NONE', *, *, #3707, .T. ) ;
#3942 = CARTESIAN_POINT ( 'NONE',  ( 1.587301957338526304, 2.134256245050205639E-18, -0.7360433113835537222 ) ) ;
#3943 = CARTESIAN_POINT ( 'NONE',  ( 1.208922318698867571, 1.067128122525102820E-17, -0.7362422922750069265 ) ) ;
#3944 = CARTESIAN_POINT ( 'NONE',  ( 2.088699410802785206, 0.01574803149606299191, -0.4894783444736948708 ) ) ;
#3945 = CARTESIAN_POINT ( 'NONE',  ( 1.429054487179905575, 0.01574803149606299191, -0.6799999999999999378 ) ) ;
#3946 = CARTESIAN_POINT ( 'NONE',  ( 1.458036284001869909, 0.000000000000000000, -0.7235988223764778793 ) ) ;
#3947 = CARTESIAN_POINT ( 'NONE',  ( 1.657179487179905708, 0.01574803149606299191, -0.5469433593750000488 ) ) ;
#3948 = CARTESIAN_POINT ( 'NONE',  ( 1.982074592300107074, 0.01574803149606299191, -0.6446385603825367516 ) ) ;
#3949 = VERTEX_POINT ( 'NONE', #4933 ) ;
#3950 = CARTESIAN_POINT ( 'NONE',  ( 0.9839861278049059079, 0.000000000000000000, -0.7393750000000001155 ) ) ;
#3951 = CARTESIAN_POINT ( 'NONE',  ( 0.8717019066464760657, 0.000000000000000000, -0.7393013101592029734 ) ) ;
#3952 = CARTESIAN_POINT ( 'NONE',  ( 1.752197867299052580, 0.01574803149606299191, -0.5801289281510280116 ) ) ;
#3953 = CARTESIAN_POINT ( 'NONE',  ( 0.9617045812454951825, 0.01574803149606299191, -0.4979291817477100590 ) ) ;
#3954 = CARTESIAN_POINT ( 'NONE',  ( 1.894679487179905752, 0.000000000000000000, -0.6143750000000000044 ) ) ;
#3955 = CARTESIAN_POINT ( 'NONE',  ( 0.8981951121799053306, 0.01574803149606299191, -0.7209667968749999822 ) ) ;
#3956 = ORIENTED_EDGE ( 'NONE', *, *, #2400, .F. ) ;
#3957 = CARTESIAN_POINT ( 'NONE',  ( 1.409419473140379742, 0.01574803149606299191, -0.7361919806855357074 ) ) ;
#3958 = CARTESIAN_POINT ( 'NONE',  ( 1.684434984871821639, 0.01574803149606299191, -0.5103719722821387084 ) ) ;
#3959 = CARTESIAN_POINT ( 'NONE',  ( 0.9858349916979387562, 0.01574803149606299191, -0.4894804284713953901 ) ) ;
#3960 = LINE ( 'NONE', #1571, #3295 ) ;
#3961 = CARTESIAN_POINT ( 'NONE',  ( 1.428821296707037725, 0.01574803149606299191, -0.5129039883238329933 ) ) ;
#3962 = ORIENTED_EDGE ( 'NONE', *, *, #4992, .T. ) ;
#3963 = CARTESIAN_POINT ( 'NONE',  ( 0.9009294871799053972, 0.000000000000000000, -0.7016796874999999822 ) ) ;
#3964 = CARTESIAN_POINT ( 'NONE',  ( 1.376142604005369696, 2.134256245050205639E-18, -0.5132146990251265084 ) ) ;
#3965 = CARTESIAN_POINT ( 'NONE',  ( 1.666396295937958794, 0.01574803149606299191, -0.5218875421156071726 ) ) ;
#3966 = CARTESIAN_POINT ( 'NONE',  ( 1.860759227425130113, 0.01574803149606299191, -0.5226579468159356923 ) ) ;
#3967 = ADVANCED_FACE ( 'NONE', ( #574 ), #4278, .T. ) ;
#3968 = ORIENTED_EDGE ( 'NONE', *, *, #4449, .T. ) ;
#3969 = EDGE_CURVE ( 'NONE', #116, #3698, #5402, .T. ) ;
#3970 = CARTESIAN_POINT ( 'NONE',  ( 1.193054235405824004, 0.01574803149606299191, -0.4978859496103228977 ) ) ;
#3971 = B_SPLINE_CURVE_WITH_KNOTS ( 'NONE', 3,
 ( #5833, #471, #4336, #882, #6330, #1460, #2805, #920, #2371, #4300, #3557 ),
 .UNSPECIFIED., .F., .F.,
 ( 4, 1, 1, 1, 1, 1, 1, 1, 4 ),
 ( 0.000000000000000000, 0.1398494190053519437, 0.2681627003714484592, 0.3889048537734010602, 0.5053543800120462448, 0.6211455851889932100, 0.7380783065581103530, 0.8631088051525332983, 1.000000000000000000 ),
 .UNSPECIFIED. ) ;
#3972 = EDGE_CURVE ( 'NONE', #4536, #513, #4651, .T. ) ;
#3973 = CARTESIAN_POINT ( 'NONE',  ( 1.560376766784887570, 0.01574803149606299191, -0.5174596313471864217 ) ) ;
#3974 = CARTESIAN_POINT ( 'NONE',  ( 1.680930020251101054, 0.000000000000000000, -0.6224926959607453014 ) ) ;
#3975 = CARTESIAN_POINT ( 'NONE',  ( 1.443618306362833170, 0.01574803149606299191, -0.7348318188605668100 ) ) ;
#3976 = CARTESIAN_POINT ( 'NONE',  ( 1.772884450528833034, 0.000000000000000000, -0.6143659011276845217 ) ) ;
#3977 = CARTESIAN_POINT ( 'NONE',  ( 1.894679487179905752, 0.01574803149606299191, -0.6143750000000000044 ) ) ;
#3978 = ORIENTED_EDGE ( 'NONE', *, *, #792, .T. ) ;
#3979 = CARTESIAN_POINT ( 'NONE',  ( 0.9858349916979387562, -0.000000000000000000, -0.4894804284713953901 ) ) ;
#3980 = CARTESIAN_POINT ( 'NONE',  ( 1.868526479374532645, 0.000000000000000000, -0.5313588354496490140 ) ) ;
#3981 = CARTESIAN_POINT ( 'NONE',  ( 0.8789971827093882029, 0.000000000000000000, -0.7382221875493851782 ) ) ;
#3982 = PLANE ( 'NONE',  #5271 ) ;
#3983 = CARTESIAN_POINT ( 'NONE',  ( 1.111814106504815935, 0.000000000000000000, -0.6783564305222392621 ) ) ;
#3984 = ADVANCED_FACE ( 'NONE', ( #4596 ), #3254, .T. ) ;
#3985 = DIRECTION ( 'NONE',  ( -0.000000000000000000, -1.000000000000000000, -0.000000000000000000 ) ) ;
#3986 = CARTESIAN_POINT ( 'NONE',  ( 0.7058091336034709729, 0.000000000000000000, -0.7349402306124369622 ) ) ;
#3987 = CARTESIAN_POINT ( 'NONE',  ( 1.980300589604965467, 0.000000000000000000, -0.6491831046553113715 ) ) ;
#3988 = ORIENTED_EDGE ( 'NONE', *, *, #331, .T. ) ;
#3989 = CARTESIAN_POINT ( 'NONE',  ( 1.517968615889645712, -2.134256245050205639E-18, -0.4979413322131798214 ) ) ;
#3990 = DIRECTION ( 'NONE',  ( 1.000000000000000000, 0.000000000000000000, 0.000000000000000000 ) ) ;
#3991 = B_SPLINE_CURVE_WITH_KNOTS ( 'NONE', 3,
 ( #1169, #3666, #1252, #5172, #5052, #5647, #715 ),
 .UNSPECIFIED., .F., .F.,
 ( 4, 1, 1, 1, 4 ),
 ( 0.000000000000000000, 0.2690630086932790932, 0.5190356294881083299, 0.7598120114060945562, 1.000000000000000000 ),
 .UNSPECIFIED. ) ;
#3992 = CARTESIAN_POINT ( 'NONE',  ( 1.680909955929905664, 0.000000000000000000, -0.5122265624999999822 ) ) ;
#3993 = CARTESIAN_POINT ( 'NONE',  ( 1.972365034054905486, 0.01574803149606299191, -0.7317089843750000933 ) ) ;
#3994 = DIRECTION ( 'NONE',  ( 1.000000000000000000, -0.000000000000000000, -0.000000000000000000 ) ) ;
#3995 = ORIENTED_EDGE ( 'NONE', *, *, #1080, .F. ) ;
#3996 = ORIENTED_EDGE ( 'NONE', *, *, #5008, .T. ) ;
#3997 = LINE ( 'NONE', #2086, #4430 ) ;
#3998 = CARTESIAN_POINT ( 'NONE',  ( 1.377517148579386896, 0.01574803149606299191, -0.5072631977476020904 ) ) ;
#3999 = CARTESIAN_POINT ( 'NONE',  ( 0.8746523298013867409, 0.01574803149606299191, -0.7391549325012293226 ) ) ;
#4000 = CARTESIAN_POINT ( 'NONE',  ( 1.100490034054905752, 0.01574803149606299191, -0.7317089843750000933 ) ) ;
#4001 = ORIENTED_EDGE ( 'NONE', *, *, #2382, .F. ) ;
#4002 = CARTESIAN_POINT ( 'NONE',  ( 1.894583119666773063, 0.01574803149606299191, -0.6189702593203569858 ) ) ;
#4003 = CARTESIAN_POINT ( 'NONE',  ( 2.112337753909511839, 0.01574803149606299191, -0.7152455378057739344 ) ) ;
#4004 = CARTESIAN_POINT ( 'NONE',  ( 1.709930108842510954, 0.01574803149606299191, -0.6554230818510524692 ) ) ;
#4005 = CARTESIAN_POINT ( 'NONE',  ( 1.785719756999780028, 0.01574803149606299191, -0.6944622703488225746 ) ) ;
#4006 = CARTESIAN_POINT ( 'NONE',  ( 1.081051659418518884, 0.01574803149606299191, -0.5984973928187043990 ) ) ;
#4007 = ORIENTED_EDGE ( 'NONE', *, *, #5520, .F. ) ;
#4008 = CARTESIAN_POINT ( 'NONE',  ( 0.9009156020876871729, 0.01574803149606299191, -0.7036024599242634014 ) ) ;
#4009 = EDGE_CURVE ( 'NONE', #6063, #4313, #3920, .T. ) ;
#4010 = CARTESIAN_POINT ( 'NONE',  ( 1.185532124056223102, 0.01574803149606299191, -0.5142886079259293419 ) ) ;
#4011 = CARTESIAN_POINT ( 'NONE',  ( 0.8777482983523854365, 0.000000000000000000, -0.4894554326371468034 ) ) ;
#4012 = AXIS2_PLACEMENT_3D ( 'NONE', #4385, #5817, #4736 ) ;
#4013 = CARTESIAN_POINT ( 'NONE',  ( 1.837365641014719220, 2.134256245050205639E-18, -0.5965159553965388994 ) ) ;
#4014 = CARTESIAN_POINT ( 'NONE',  ( 0.8662979170463562806, 0.000000000000000000, -0.7392444795448696038 ) ) ;
#4015 = CARTESIAN_POINT ( 'NONE',  ( 1.107234395844689967, -0.000000000000000000, -0.6579403409033011130 ) ) ;
#4016 = EDGE_CURVE ( 'NONE', #3729, #1772, #1114, .T. ) ;
#4017 = AXIS2_PLACEMENT_3D ( 'NONE', #3462, #793, #6204 ) ;
#4018 = DIRECTION ( 'NONE',  ( 0.000000000000000000, 0.000000000000000000, -1.000000000000000000 ) ) ;
#4019 = CARTESIAN_POINT ( 'NONE',  ( 1.745460737179905575, 2.134256245050205639E-18, -0.5799999999999999600 ) ) ;
#4020 = CARTESIAN_POINT ( 'NONE',  ( 1.979214530997315702, 0.000000000000000000, -0.6543145289080800620 ) ) ;
#4021 = VERTEX_POINT ( 'NONE', #2369 ) ;
#4022 = LINE ( 'NONE', #6003, #4448 ) ;
#4023 = VECTOR ( 'NONE', #904, 39.37007874015748143 ) ;
#4024 = VECTOR ( 'NONE', #2840, 39.37007874015748143 ) ;
#4025 = CARTESIAN_POINT ( 'NONE',  ( 1.672500485702157036, 0.01574803149606299191, -0.6575839985045565106 ) ) ;
#4026 = CARTESIAN_POINT ( 'NONE',  ( 1.608322235033031289, 0.01574803149606299191, -0.7263902811075736432 ) ) ;
#4027 = VERTEX_POINT ( 'NONE', #4196 ) ;
#4028 = EDGE_CURVE ( 'NONE', #4515, #3395, #1880, .T. ) ;
#4029 = ORIENTED_EDGE ( 'NONE', *, *, #2798, .T. ) ;
#4030 = CARTESIAN_POINT ( 'NONE',  ( 1.114519734441949961, -0.000000000000000000, -0.6814065122916800332 ) ) ;
#4031 = CARTESIAN_POINT ( 'NONE',  ( 0.8746523298013867409, 0.000000000000000000, -0.7391549325012293226 ) ) ;
#4032 = CARTESIAN_POINT ( 'NONE',  ( 0.8702165965549053528, 2.134256245050205639E-18, -0.7393750000000000044 ) ) ;
#4033 = CARTESIAN_POINT ( 'NONE',  ( 1.092640483710597410, 0.01574803149606299191, -0.7291341438346854442 ) ) ;
#4034 =( GEOMETRIC_REPRESENTATION_CONTEXT ( 3 ) GLOBAL_UNCERTAINTY_ASSIGNED_CONTEXT ( ( #3490 ) ) GLOBAL_UNIT_ASSIGNED_CONTEXT ( ( #6046, #941, #5268 ) ) REPRESENTATION_CONTEXT ( 'NONE', 'WORKASPACE' ) );
#4035 = ORIENTED_EDGE ( 'NONE', *, *, #5244, .T. ) ;
#4036 = EDGE_CURVE ( 'NONE', #1096, #5631, #660, .T. ) ;
#4037 = CARTESIAN_POINT ( 'NONE',  ( 1.100490034054905752, 0.01574803149606299191, -0.7317089843750000933 ) ) ;
#4038 = CARTESIAN_POINT ( 'NONE',  ( 0.6985316199744912025, 0.01574803149606299191, -0.7266548157250078965 ) ) ;
#4039 = DIRECTION ( 'NONE',  ( -0.2279442785594660015, 0.000000000000000000, 0.9736741784971009173 ) ) ;
#4040 = CARTESIAN_POINT ( 'NONE',  ( 1.113822422333190509, 0.01574803149606299191, -0.5857795907696653481 ) ) ;
#4041 = EDGE_LOOP ( 'NONE', ( #5915, #5385, #347, #759 ) ) ;
#4042 = CARTESIAN_POINT ( 'NONE',  ( 1.560304487179905664, 0.000000000000000000, -0.6799999999999999378 ) ) ;
#4043 = CARTESIAN_POINT ( 'NONE',  ( 1.766896284054905619, 0.01574803149606299191, -0.7393750000000000044 ) ) ;
#4044 = CARTESIAN_POINT ( 'NONE',  ( 1.769386518429905797, 0.000000000000000000, -0.4893750000000000044 ) ) ;
#4045 = CARTESIAN_POINT ( 'NONE',  ( 0.7478044871799053306, 0.01574803149606299191, -0.5706250000000000488 ) ) ;
#4046 = CARTESIAN_POINT ( 'NONE',  ( 1.796313817858544937, 0.01574803149606299191, -0.4913360111011859654 ) ) ;
#4047 = CARTESIAN_POINT ( 'NONE',  ( 1.108425589604966177, 0.000000000000000000, -0.6491831046553113715 ) ) ;
#4048 = ADVANCED_FACE ( 'NONE', ( #3784 ), #5844, .T. ) ;
#4049 = VERTEX_POINT ( 'NONE', #632 ) ;
#4050 = CARTESIAN_POINT ( 'NONE',  ( 1.758396792154359289, 2.134256245050205639E-18, -0.5810554274509128758 ) ) ;
#4051 = CARTESIAN_POINT ( 'NONE',  ( 2.021782668011069983, 0.000000000000000000, -0.6269579293438025669 ) ) ;
#4052 = CARTESIAN_POINT ( 'NONE',  ( 1.694613477266188939, 0.01574803149606299191, -0.6237233461077282826 ) ) ;
#4053 = CARTESIAN_POINT ( 'NONE',  ( 1.237685893904240775, 0.000000000000000000, -0.5022764856182353466 ) ) ;
#4054 = DIRECTION ( 'NONE',  ( 0.000000000000000000, 1.000000000000000000, 0.000000000000000000 ) ) ;
#4055 = CARTESIAN_POINT ( 'NONE',  ( 1.512166063596593224, 0.000000000000000000, -0.4933984099248497346 ) ) ;
#4056 = VERTEX_POINT ( 'NONE', #1588 ) ;
#4057 = CARTESIAN_POINT ( 'NONE',  ( 0.7375783214138085242, 4.268512490100411279E-18, -0.7350724542995681343 ) ) ;
#4058 = CARTESIAN_POINT ( 'NONE',  ( 0.8702165965549053528, 2.134256245050205639E-18, -0.7393750000000000044 ) ) ;
#4059 = CARTESIAN_POINT ( 'NONE',  ( 0.5624999999999998890, 0.000000000000000000, -0.3649999999999999911 ) ) ;
#4060 = CARTESIAN_POINT ( 'NONE',  ( 1.072807442151357815, 0.000000000000000000, -0.7167076236229926733 ) ) ;
#4061 = VERTEX_POINT ( 'NONE', #507 ) ;
#4062 = EDGE_CURVE ( 'NONE', #895, #2216, #1259, .T. ) ;
#4063 = CARTESIAN_POINT ( 'NONE',  ( 2.113400148475798712, 0.01574803149606299191, -0.7051150258839001816 ) ) ;
#4064 = CARTESIAN_POINT ( 'NONE',  ( 1.972365034054905486, 0.01574803149606299191, -0.7317089843750000933 ) ) ;
#4065 = CARTESIAN_POINT ( 'NONE',  ( 0.9774270794135049290, 0.01574803149606299191, -0.7391118740944179200 ) ) ;
#4066 = FACE_OUTER_BOUND ( 'NONE', #3403, .T. ) ;
#4067 = ORIENTED_EDGE ( 'NONE', *, *, #3882, .F. ) ;
#4068 = CARTESIAN_POINT ( 'NONE',  ( 1.781260387671455003, 0.01574803149606299191, -0.7390843603633459047 ) ) ;
#4069 = PLANE ( 'NONE',  #1607 ) ;
#4070 = CARTESIAN_POINT ( 'NONE',  ( 1.145802534054905841, 0.01574803149606299191, -0.5831250000000000044 ) ) ;
#4071 = CARTESIAN_POINT ( 'NONE',  ( 1.791801517429670199, 2.134256245050205639E-18, -0.5359145275914167783 ) ) ;
#4072 = CARTESIAN_POINT ( 'NONE',  ( 1.842502878105087394, 6.402768735150616918E-18, -0.5081351905995079576 ) ) ;
#4073 = CARTESIAN_POINT ( 'NONE',  ( 1.752197867299052580, 0.01574803149606299191, -0.5801289281510280116 ) ) ;
#4074 = LINE ( 'NONE', #5001, #4834 ) ;
#4075 = CARTESIAN_POINT ( 'NONE',  ( 1.681828174618588800, 0.01574803149606299191, -0.6517141322442286944 ) ) ;
#4076 = CARTESIAN_POINT ( 'NONE',  ( 0.9009294871799053972, 0.000000000000000000, -0.7016796874999999822 ) ) ;
#4077 = CARTESIAN_POINT ( 'NONE',  ( 2.057257510028259517, 0.01574803149606299191, -0.5186778385476670250 ) ) ;
#4078 = CARTESIAN_POINT ( 'NONE',  ( 1.609980016809673842, 0.01574803149606299191, -0.7239907930556348514 ) ) ;
#4079 = CARTESIAN_POINT ( 'NONE',  ( 2.104999999999999982, 0.000000000000000000, -1.229999999999999982 ) ) ;
#4080 = VERTEX_POINT ( 'NONE', #1055 ) ;
#4081 = ORIENTED_EDGE ( 'NONE', *, *, #6324, .F. ) ;
#4082 = VERTEX_POINT ( 'NONE', #3916 ) ;
#4083 = CARTESIAN_POINT ( 'NONE',  ( 1.496241987179905530, -2.134256245050205639E-18, -0.4893750000000000044 ) ) ;
#4084 = CARTESIAN_POINT ( 'NONE',  ( 1.222555632894472888, 0.01574803149606299191, -0.7344148740484145454 ) ) ;
#4085 = CARTESIAN_POINT ( 'NONE',  ( 1.747791684523105182, -0.000000000000000000, -0.5800446072327218872 ) ) ;
#4086 = EDGE_CURVE ( 'NONE', #3815, #648, #3378, .T. ) ;
#4087 = CARTESIAN_POINT ( 'NONE',  ( 1.112670047573996346, 0.01574803149606299191, -0.6406349633961225809 ) ) ;
#4088 = ORIENTED_EDGE ( 'NONE', *, *, #4542, .T. ) ;
#4089 = EDGE_CURVE ( 'NONE', #2603, #2868, #1974, .T. ) ;
#4090 = CARTESIAN_POINT ( 'NONE',  ( 2.108803341666530162, 0.01574803149606299191, -0.7242062594868183822 ) ) ;
#4091 = CARTESIAN_POINT ( 'NONE',  ( 1.664871923455722325, 0.000000000000000000, -0.6150814801740419613 ) ) ;
#4092 = ADVANCED_FACE ( 'NONE', ( #1459 ), #5450, .F. ) ;
#4093 = CARTESIAN_POINT ( 'NONE',  ( 1.429054487179905575, 6.402768735150616918E-18, -0.5196484375000000044 ) ) ;
#4094 = CARTESIAN_POINT ( 'NONE',  ( 0.9660967097892542155, 0.000000000000000000, -0.7347396469861320334 ) ) ;
#4095 = CARTESIAN_POINT ( 'NONE',  ( 1.074656226345996446, 0.01574803149606299191, -0.6032118762582028282 ) ) ;
#4096 = CARTESIAN_POINT ( 'NONE',  ( 1.155339892973302085, -0.000000000000000000, -0.6924726754716854504 ) ) ;
#4097 = CARTESIAN_POINT ( 'NONE',  ( 0.6948946821016818154, 0.01574803149606299191, -0.5158284825360056614 ) ) ;
#4098 = CARTESIAN_POINT ( 'NONE',  ( 0.9540544871799059301, 0.01574803149606299191, -0.5216015625000000044 ) ) ;
#4099 = CARTESIAN_POINT ( 'NONE',  ( 1.875431796667851980, 0.01574803149606299191, -0.5408623662470751770 ) ) ;
#4100 = ADVANCED_FACE ( 'NONE', ( #603 ), #2918, .T. ) ;
#4101 = CARTESIAN_POINT ( 'NONE',  ( 1.142579538516513615, -0.000000000000000000, -0.7362508006461742083 ) ) ;
#4102 = CARTESIAN_POINT ( 'NONE',  ( 2.057179487179905397, 0.01574803149606299191, -0.6925000000000000044 ) ) ;
#4103 = CARTESIAN_POINT ( 'NONE',  ( 2.064929235405824404, 0.000000000000000000, -0.4978859496103231752 ) ) ;
#4104 = VECTOR ( 'NONE', #5968, 39.37007874015748143 ) ;
#4105 = VERTEX_POINT ( 'NONE', #4996 ) ;
#4106 = VERTEX_POINT ( 'NONE', #2472 ) ;
#4107 = EDGE_LOOP ( 'NONE', ( #1969, #206, #642, #4133, #1453 ) ) ;
#4108 = VECTOR ( 'NONE', #6310, 39.37007874015748143 ) ;
#4109 = VECTOR ( 'NONE', #5300, 39.37007874015748143 ) ;
#4110 = CARTESIAN_POINT ( 'NONE',  ( 1.922865762372156340, -0.000000000000000000, -0.6636299963044934858 ) ) ;
#4111 = CARTESIAN_POINT ( 'NONE',  ( 1.241554487179905797, 0.01574803149606299191, -0.7037304687500000044 ) ) ;
#4112 = FACE_OUTER_BOUND ( 'NONE', #3933, .T. ) ;
#4113 = FACE_OUTER_BOUND ( 'NONE', #6013, .T. ) ;
#4114 = ADVANCED_FACE ( 'NONE', ( #2074 ), #3982, .T. ) ;
#4115 = ORIENTED_EDGE ( 'NONE', *, *, #3689, .T. ) ;
#4116 = VECTOR ( 'NONE', #1914, 39.37007874015748143 ) ;
#4117 = DIRECTION ( 'NONE',  ( -0.000000000000000000, -1.000000000000000000, -0.000000000000000000 ) ) ;
#4118 = CARTESIAN_POINT ( 'NONE',  ( 1.494777143429905530, 0.01574803149606299191, -0.5737499999999999822 ) ) ;
#4119 = VECTOR ( 'NONE', #6274, 39.37007874015748143 ) ;
#4120 = CARTESIAN_POINT ( 'NONE',  ( 1.428973828345612374, 6.402768735150616918E-18, -0.5173155831521890624 ) ) ;
#4121 = LINE ( 'NONE', #5137, #5888 ) ;
#4122 = B_SPLINE_CURVE_WITH_KNOTS ( 'NONE', 3,
 ( #3579, #4085, #645, #5552, #2144, #2577, #5103, #6067, #5581, #1221, #2551 ),
 .UNSPECIFIED., .F., .F.,
 ( 4, 1, 1, 1, 1, 1, 1, 1, 4 ),
 ( 0.000000000000000000, 0.1615399494669155500, 0.3053584822690652012, 0.4332607637433861791, 0.5478791969258786088, 0.6538167439720030671, 0.7577512807189702437, 0.8719633333694412070, 1.000000000000000000 ),
 .UNSPECIFIED. ) ;
#4123 = CARTESIAN_POINT ( 'NONE',  ( 1.552658766736872975, 6.402768735150616918E-18, -0.7355145572601897719 ) ) ;
#4124 = CARTESIAN_POINT ( 'NONE',  ( 1.606691871339055222, 0.01574803149606299191, -0.4969210215378405127 ) ) ;
#4125 = CARTESIAN_POINT ( 'NONE',  ( 0.9009294871799053972, 0.01574803149606299191, -0.5198437500000000488 ) ) ;
#4126 = CARTESIAN_POINT ( 'NONE',  ( 1.842502878105087394, 0.01574803149606299191, -0.5081351905995079576 ) ) ;
#4127 = CARTESIAN_POINT ( 'NONE',  ( 1.051008731520458150, -0.000000000000000000, -0.6578450886893919547 ) ) ;
#4128 = CARTESIAN_POINT ( 'NONE',  ( 1.709930108842510954, 0.000000000000000000, -0.6554230818510524692 ) ) ;
#4129 = CARTESIAN_POINT ( 'NONE',  ( 1.114083081255677454, 0.000000000000000000, -0.7345421172199687598 ) ) ;
#4130 = CARTESIAN_POINT ( 'NONE',  ( 2.113429487179905308, 0.000000000000000000, -0.7037304687500000044 ) ) ;
#4131 = CARTESIAN_POINT ( 'NONE',  ( 1.666365687984099342, 0.01574803149606299191, -0.6656937951576626933 ) ) ;
#4132 = CARTESIAN_POINT ( 'NONE',  ( 2.084594781241063899, 0.000000000000000000, -0.4894709107017726213 ) ) ;
#4133 = ORIENTED_EDGE ( 'NONE', *, *, #6267, .F. ) ;
#4134 = CARTESIAN_POINT ( 'NONE',  ( 1.838281702508807403, 0.01574803149606299191, -0.6058431670515889156 ) ) ;
#4135 = ORIENTED_EDGE ( 'NONE', *, *, #831, .T. ) ;
#4136 = DIRECTION ( 'NONE',  ( -0.000000000000000000, -0.000000000000000000, 1.000000000000000000 ) ) ;
#4138 = CARTESIAN_POINT ( 'NONE',  ( 1.539035552760663172, 0.01574803149606299191, -0.7313131790087699091 ) ) ;
#4137 = CARTESIAN_POINT ( 'NONE',  ( 2.111867746087522590, 0.01574803149606299191, -0.5078715846304679982 ) ) ;
#4139 = CARTESIAN_POINT ( 'NONE',  ( 1.762758600844492651, -2.134256245050205639E-18, -0.7392921514118790949 ) ) ;
#4140 = CARTESIAN_POINT ( 'NONE',  ( 1.059288929458669370, 0.01574803149606299191, -0.6989466174180837266 ) ) ;
#4141 = ORIENTED_EDGE ( 'NONE', *, *, #1124, .T. ) ;
#4142 = CARTESIAN_POINT ( 'NONE',  ( 0.1250000000000000000, 0.1400000000000000133, -1.229999999999999982 ) ) ;
#4143 = CARTESIAN_POINT ( 'NONE',  ( 1.670509882653886002, 0.01574803149606299191, -0.6943561838738041558 ) ) ;
#4144 = CARTESIAN_POINT ( 'NONE',  ( 0.6946794871799053528, 2.134256245050205639E-18, -0.7089062499999998490 ) ) ;
#4145 = EDGE_CURVE ( 'NONE', #4990, #2782, #63, .T. ) ;
#4146 = CARTESIAN_POINT ( 'NONE',  ( 0.8478981602852648791, 0.01574803149606299191, -0.5176555267358625700 ) ) ;
#4147 = FACE_OUTER_BOUND ( 'NONE', #4219, .T. ) ;
#4148 = ORIENTED_EDGE ( 'NONE', *, *, #1142, .T. ) ;
#4149 = ADVANCED_FACE ( 'NONE', ( #1171 ), #5907, .T. ) ;
#4150 = CARTESIAN_POINT ( 'NONE',  ( 1.531415355931479816, 0.01574803149606299191, -0.7228581240702762756 ) ) ;
#4151 = CARTESIAN_POINT ( 'NONE',  ( 1.753728998630890379, 0.01574803149606299191, -0.5340668624874459480 ) ) ;
#4152 = CARTESIAN_POINT ( 'NONE',  ( 1.593726161428278054, 0.01574803149606299191, -0.4896475354661984358 ) ) ;
#4153 = CARTESIAN_POINT ( 'NONE',  ( 2.029786909054905220, 0.01574803149606299191, -0.6268749999999999600 ) ) ;
#4154 = CYLINDRICAL_SURFACE ( 'NONE', #495, 0.06250000000000001388 ) ;
#4155 = LINE ( 'NONE', #6142, #5476 ) ;
#4156 = CARTESIAN_POINT ( 'NONE',  ( 1.704782003139035274, 0.000000000000000000, -0.6524058314271993231 ) ) ;
#4157 = ADVANCED_FACE ( 'NONE', ( #692 ), #1747, .T. ) ;
#4158 = CARTESIAN_POINT ( 'NONE',  ( 0.8311052684299053972, 0.000000000000000000, -0.7079785156249999156 ) ) ;
#4159 = DIRECTION ( 'NONE',  ( 0.000000000000000000, 0.000000000000000000, -1.000000000000000000 ) ) ;
#4160 = CARTESIAN_POINT ( 'NONE',  ( 1.657290006273648864, 0.01574803149606299191, -0.5972788753130612305 ) ) ;
#4161 = CARTESIAN_POINT ( 'NONE',  ( 1.383455271777545681, 0.01574803149606299191, -0.7279091463883348156 ) ) ;
#4162 = CARTESIAN_POINT ( 'NONE',  ( 1.998454248247542031, 0.000000000000000000, -0.6888589245931215910 ) ) ;
#4163 = EDGE_CURVE ( 'NONE', #1722, #670, #1649, .T. ) ;
#4164 = ORIENTED_EDGE ( 'NONE', *, *, #5541, .T. ) ;
#4165 = B_SPLINE_SURFACE_WITH_KNOTS ( 'NONE', 3, 1, ( 
 ( #1040, #2458 ),
 ( #4909, #2520 ),
 ( #4388, #2389 ),
 ( #6307, #4838 ),
 ( #5437, #113 ),
 ( #4942, #1961 ),
 ( #3836, #4461 ),
 ( #2922, #2952 ),
 ( #4804, #2058 ),
 ( #3965, #3427 ),
 ( #554, #4875 ),
 ( #3864, #3331 ),
 ( #491, #5819 ),
 ( #2487, #968 ),
 ( #1445, #939 ) ),
 .UNSPECIFIED., .F., .F., .F.,
 ( 4, 1, 1, 1, 1, 1, 1, 1, 1, 1, 1, 1, 4 ),
 ( 2, 2 ),
 ( 0.000000000000000000, 0.09205312451680723596, 0.1769450435511222830, 0.2538380710616470748, 0.3234417386752869161, 0.3904016918865663710, 0.4607757796727417476, 0.5324700122916071754, 0.6105580655028191028, 0.6951179418603872229, 0.7882534485539408609, 0.8894766297257150622, 1.000000000000000000 ),
 ( 0.000000000000000000, 1.000000000000000000 ),
 .UNSPECIFIED. ) ;
#4166 = ORIENTED_EDGE ( 'NONE', *, *, #5077, .T. ) ;
#4167 = CARTESIAN_POINT ( 'NONE',  ( 1.500687740155434380, -2.134256245050205639E-18, -0.4894841393225337067 ) ) ;
#4168 = CARTESIAN_POINT ( 'NONE',  ( 1.657179487179905708, 0.01574803149606299191, -0.5913769531250000488 ) ) ;
#4169 = CARTESIAN_POINT ( 'NONE',  ( 1.695739057791677995, 0.01574803149606299191, -0.7206459225298146309 ) ) ;
#4170 = PLANE ( 'NONE',  #3509 ) ;
#4171 = VERTEX_POINT ( 'NONE', #4810 ) ;
#4172 = EDGE_LOOP ( 'NONE', ( #3545, #5456, #1940, #785, #5022, #1374, #5777, #6296, #1074, #3126, #2314, #4632, #2112, #344, #5497, #247, #2806, #1836 ) ) ;
#4173 = EDGE_CURVE ( 'NONE', #5440, #6268, #1386, .T. ) ;
#4174 = CARTESIAN_POINT ( 'NONE',  ( 1.894394208361081411, 0.000000000000000000, -0.6279784448590506329 ) ) ;
#4175 = CARTESIAN_POINT ( 'NONE',  ( 1.657217684161891968, -0.000000000000000000, -0.5934167419783636932 ) ) ;
#4176 = CARTESIAN_POINT ( 'NONE',  ( 1.379717071670105266, 0.01574803149606299191, -0.7233376626297155498 ) ) ;
#4177 = CARTESIAN_POINT ( 'NONE',  ( 0.6947506969205405891, 0.01574803149606299191, -0.7111116464360122125 ) ) ;
#4178 = CARTESIAN_POINT ( 'NONE',  ( 1.668958520626598663, 0.000000000000000000, -0.6614720397614882730 ) ) ;
#4179 = DIRECTION ( 'NONE',  ( -0.000000000000000000, 1.000000000000000000, -0.000000000000000000 ) ) ;
#4180 = ORIENTED_EDGE ( 'NONE', *, *, #3346, .T. ) ;
#4181 = DIRECTION ( 'NONE',  ( -0.000000000000000000, -1.000000000000000000, -0.000000000000000000 ) ) ;
#4182 = DIRECTION ( 'NONE',  ( 0.000000000000000000, 0.000000000000000000, -1.000000000000000000 ) ) ;
#4183 = EDGE_CURVE ( 'NONE', #2602, #2709, #3233, .T. ) ;
#4184 = CARTESIAN_POINT ( 'NONE',  ( 0.6964325878483179633, 0.01574803149606299191, -0.5087791208421069689 ) ) ;
#4185 = CARTESIAN_POINT ( 'NONE',  ( 1.979214530997315702, 2.134256245050205639E-18, -0.6543145289080800620 ) ) ;
#4186 = DIRECTION ( 'NONE',  ( -0.2268897289327035660, 0.000000000000000000, -0.9739204540951197364 ) ) ;
#4187 = CARTESIAN_POINT ( 'NONE',  ( 1.088120555432553038, 0.000000000000000000, -0.5942874467830964180 ) ) ;
#4188 = LINE ( 'NONE', #1900, #2296 ) ;
#4189 = EDGE_LOOP ( 'NONE', ( #5215, #1216, #5100, #1304 ) ) ;
#4190 = EDGE_CURVE ( 'NONE', #4813, #4732, #2361, .T. ) ;
#4191 = CARTESIAN_POINT ( 'NONE',  ( 0.8981951121799053306, 0.01574803149606299191, -0.7209667968749999822 ) ) ;
#4192 = CARTESIAN_POINT ( 'NONE',  ( 1.771241987179906108, 0.01574803149606299191, -0.6956250000000001599 ) ) ;
#4193 = ORIENTED_EDGE ( 'NONE', *, *, #3216, .F. ) ;
#4194 = CARTESIAN_POINT ( 'NONE',  ( 1.750779356921252639, 4.268512490100411279E-18, -0.6932570329004636989 ) ) ;
#4195 = CARTESIAN_POINT ( 'NONE',  ( 0.8504840420974694171, 0.01574803149606299191, -0.7337022499453741409 ) ) ;
#4196 = CARTESIAN_POINT ( 'NONE',  ( 1.696437299679905752, 0.000000000000000000, -0.6237500000000000266 ) ) ;
#4197 = CARTESIAN_POINT ( 'NONE',  ( 2.107111404935126941, 0.000000000000000000, -0.7266000665955246740 ) ) ;
#4198 = CARTESIAN_POINT ( 'NONE',  ( 1.429054487179905575, 0.000000000000000000, -0.6799999999999999378 ) ) ;
#4199 = ORIENTED_EDGE ( 'NONE', *, *, #2996, .F. ) ;
#4200 = ORIENTED_EDGE ( 'NONE', *, *, #540, .F. ) ;
#4201 = CARTESIAN_POINT ( 'NONE',  ( 1.940932398142129811, 0.000000000000000000, -0.6085854038213164285 ) ) ;
#4202 = CARTESIAN_POINT ( 'NONE',  ( 1.230458527385670742, 0.01574803149606299191, -0.4939404300633070122 ) ) ;
#4203 = CARTESIAN_POINT ( 'NONE',  ( 1.006398639980607523, 0.01574803149606299191, -0.7265893274304040528 ) ) ;
#4204 = VECTOR ( 'NONE', #4472, 39.37007874015748143 ) ;
#4205 = LINE ( 'NONE', #5225, #3114 ) ;
#4206 = ADVANCED_FACE ( 'NONE', ( #1422, #6173 ), #4289, .T. ) ;
#4207 = CARTESIAN_POINT ( 'NONE',  ( 1.144923627804905752, 0.000000000000000000, -0.7362499999999999600 ) ) ;
#4208 = ORIENTED_EDGE ( 'NONE', *, *, #1136, .T. ) ;
#4209 = EDGE_LOOP ( 'NONE', ( #1823, #1363, #3356, #5901 ) ) ;
#4210 = AXIS2_PLACEMENT_3D ( 'NONE', #5591, #2691, #4609 ) ;
#4211 = CIRCLE ( 'NONE', #3096, 0.06249999999999995143 ) ;
#4212 = DIRECTION ( 'NONE',  ( 0.000000000000000000, 1.000000000000000000, 0.000000000000000000 ) ) ;
#4213 = LINE ( 'NONE', #6206, #1902 ) ;
#4214 = CARTESIAN_POINT ( 'NONE',  ( 1.496241987179905752, 0.01574803149606299191, -0.4893750000000001155 ) ) ;
#4215 = CARTESIAN_POINT ( 'NONE',  ( 1.155159734310539976, 8.537024980200822558E-18, -0.6269035143893506579 ) ) ;
#4216 = AXIS2_PLACEMENT_3D ( 'NONE', #4311, #1985, #4902 ) ;
#4217 = CARTESIAN_POINT ( 'NONE',  ( 1.051111225091001966, 0.000000000000000000, -0.6690768429477933488 ) ) ;
#4218 = VECTOR ( 'NONE', #3022, 39.37007874015748143 ) ;
#4219 = EDGE_LOOP ( 'NONE', ( #2776, #663, #5411, #4497 ) ) ;
#4220 = CARTESIAN_POINT ( 'NONE',  ( 1.979306421502357916, 0.000000000000000000, -0.6665005902013986239 ) ) ;
#4221 = VECTOR ( 'NONE', #2500, 39.37007874015748143 ) ;
#4222 = CARTESIAN_POINT ( 'NONE',  ( 2.329999999999999627, 0.2149999999999981093, 0.000000000000000000 ) ) ;
#4223 = CARTESIAN_POINT ( 'NONE',  ( 1.593726161428278054, 0.000000000000000000, -0.4896475354661984358 ) ) ;
#4224 = CARTESIAN_POINT ( 'NONE',  ( 1.426857221554905575, 0.000000000000000000, -0.7362499999999999600 ) ) ;
#4225 = CARTESIAN_POINT ( 'NONE',  ( 1.141991381153823593, -0.000000000000000000, -0.5831681608761835056 ) ) ;
#4226 = B_SPLINE_SURFACE_WITH_KNOTS ( 'NONE', 3, 1, ( 
 ( #2667, #1110 ),
 ( #2557, #4494 ),
 ( #145, #2095 ),
 ( #4005, #685 ),
 ( #5985, #1614 ),
 ( #3530, #5507 ),
 ( #1139, #653 ),
 ( #2585, #6017 ),
 ( #866, #3189 ),
 ( #2291, #3736 ),
 ( #5717, #5680 ),
 ( #3261, #4608 ),
 ( #4667, #6239 ),
 ( #6105, #1249 ),
 ( #318, #1383 ),
 ( #905, #5616 ),
 ( #3160, #287 ),
 ( #2229, #6166 ),
 ( #1787, #3695 ) ),
 .UNSPECIFIED., .F., .F., .F.,
 ( 4, 1, 1, 1, 1, 1, 1, 1, 1, 1, 1, 1, 1, 1, 1, 1, 4 ),
 ( 2, 2 ),
 ( 0.000000000000000000, 0.06367428536359440172, 0.1237398255667193081, 0.1814634900644866988, 0.2371307894525906401, 0.2918252068321824932, 0.3462646736541583059, 0.4009169421464858774, 0.4570118938865215252, 0.5149554476108593182, 0.5746918512815932800, 0.6375200860453686946, 0.7032845951744762791, 0.7727501022173918210, 0.8450323190435804488, 0.9206353381430476546, 0.9999999999999998890 ),
 ( 0.000000000000000000, 1.000000000000000000 ),
 .UNSPECIFIED. ) ;
#4227 = FACE_OUTER_BOUND ( 'NONE', #289, .T. ) ;
#4228 = ORIENTED_EDGE ( 'NONE', *, *, #1756, .F. ) ;
#4229 = VECTOR ( 'NONE', #5360, 39.37007874015748143 ) ;
#4230 = LINE ( 'NONE', #947, #1791 ) ;
#4231 = CARTESIAN_POINT ( 'NONE',  ( 0.6988641811770868184, 2.134256245050205639E-18, -0.5027176849446669538 ) ) ;
#4232 = PLANE ( 'NONE',  #169 ) ;
#4233 = CARTESIAN_POINT ( 'NONE',  ( 1.189534850723055648, 0.000000000000000000, -0.5025771258101797700 ) ) ;
#4234 = CARTESIAN_POINT ( 'NONE',  ( 1.925673690198496102, 0.000000000000000000, -0.6847626957698803585 ) ) ;
#4235 = CARTESIAN_POINT ( 'NONE',  ( 2.079999999999999627, 0.3149999999999992251, -1.054999999999999938 ) ) ;
#4236 = CARTESIAN_POINT ( 'NONE',  ( 2.329999999999999627, 0.06250000000000000000, -0.1750000000000000444 ) ) ;
#4237 = EDGE_CURVE ( 'NONE', #67, #5125, #3300, .T. ) ;
#4239 = EDGE_CURVE ( 'NONE', #2525, #1933, #944, .T. ) ;
#4238 = VERTEX_POINT ( 'NONE', #6279 ) ;
#4240 = ORIENTED_EDGE ( 'NONE', *, *, #4572, .F. ) ;
#4241 = CARTESIAN_POINT ( 'NONE',  ( 1.922804487179905264, 0.01574803149606299191, -0.6608593750000000266 ) ) ;
#4242 = CARTESIAN_POINT ( 'NONE',  ( 1.952926659418518840, 0.01574803149606299191, -0.5984973928187045100 ) ) ;
#4243 = CARTESIAN_POINT ( 'NONE',  ( 1.721528154462228288, -2.134256245050205639E-18, -0.7327834402532488189 ) ) ;
#4244 = CARTESIAN_POINT ( 'NONE',  ( 1.059288929458669370, 0.000000000000000000, -0.6989466174180837266 ) ) ;
#4245 = EDGE_LOOP ( 'NONE', ( #2797, #2879, #4680, #3645 ) ) ;
#4246 = ORIENTED_EDGE ( 'NONE', *, *, #509, .F. ) ;
#4247 = FACE_OUTER_BOUND ( 'NONE', #1155, .T. ) ;
#4248 = CARTESIAN_POINT ( 'NONE',  ( 1.461404679769241488, 0.01574803149606299191, -0.7145777509405611960 ) ) ;
#4249 = CARTESIAN_POINT ( 'NONE',  ( 1.458525488838899875, 0.01574803149606299191, -0.5293639032030675873 ) ) ;
#4250 = CARTESIAN_POINT ( 'NONE',  ( 0.8518084288704442786, 2.134256245050205639E-18, -0.5021821391456254835 ) ) ;
#4251 = CARTESIAN_POINT ( 'NONE',  ( 0.4374999999999998335, 0.07000000000000000666, -0.3649999999999999911 ) ) ;
#4252 = EDGE_CURVE ( 'NONE', #433, #4470, #1798, .T. ) ;
#4253 = ORIENTED_EDGE ( 'NONE', *, *, #3721, .F. ) ;
#4254 = CARTESIAN_POINT ( 'NONE',  ( 1.552658766736872975, 0.01574803149606299191, -0.7355145572601897719 ) ) ;
#4255 = DIRECTION ( 'NONE',  ( -0.7071067811865513475, -0.7071067811865436870, 0.000000000000000000 ) ) ;
#4256 = CARTESIAN_POINT ( 'NONE',  ( 0.1250000000000000000, 0.1400000000000000133, -1.229999999999999982 ) ) ;
#4257 = DIRECTION ( 'NONE',  ( 0.000000000000000000, 0.000000000000000000, 1.000000000000000000 ) ) ;
#4258 = CARTESIAN_POINT ( 'NONE',  ( 1.056748798460251715, 8.537024980200822558E-18, -0.6279117520509200912 ) ) ;
#4259 = ORIENTED_EDGE ( 'NONE', *, *, #3108, .T. ) ;
#4260 = CARTESIAN_POINT ( 'NONE',  ( 1.777536860385634965, 0.01574803149606299191, -0.5333211429501247824 ) ) ;
#4261 = CARTESIAN_POINT ( 'NONE',  ( 0.7266619090549053528, 2.134256245050205639E-18, -0.4893750000000000044 ) ) ;
#4262 = ORIENTED_EDGE ( 'NONE', *, *, #4145, .F. ) ;
#4263 = CARTESIAN_POINT ( 'NONE',  ( 1.050990762372156828, 0.01574803149606299191, -0.6636299963044934858 ) ) ;
#4264 = LINE ( 'NONE', #5831, #5061 ) ;
#4265 = CARTESIAN_POINT ( 'NONE',  ( 1.931163929458668882, 0.000000000000000000, -0.6989466174180838376 ) ) ;
#4266 = DIRECTION ( 'NONE',  ( -1.000000000000000000, 0.000000000000000000, 0.000000000000000000 ) ) ;
#4267 = PLANE ( 'NONE',  #4843 ) ;
#4268 = ORIENTED_EDGE ( 'NONE', *, *, #1080, .T. ) ;
#4269 = CARTESIAN_POINT ( 'NONE',  ( 1.924114692446510455, 6.402768735150616918E-18, -0.6434199382235037401 ) ) ;
#4270 = CARTESIAN_POINT ( 'NONE',  ( 1.959995555432552550, 0.01574803149606299191, -0.5942874467830964180 ) ) ;
#4271 = CARTESIAN_POINT ( 'NONE',  ( 2.107111404935126941, 0.000000000000000000, -0.7266000665955246740 ) ) ;
#4272 = ORIENTED_EDGE ( 'NONE', *, *, #6032, .T. ) ;
#4273 = CARTESIAN_POINT ( 'NONE',  ( 1.664406049679905797, 0.01574803149606299191, -0.6747265625000000711 ) ) ;
#4274 = DIRECTION ( 'NONE',  ( -1.000000000000000000, 0.000000000000000000, 0.000000000000000000 ) ) ;
#4275 = ORIENTED_EDGE ( 'NONE', *, *, #2453, .T. ) ;
#4276 = ORIENTED_EDGE ( 'NONE', *, *, #6111, .T. ) ;
#4277 = ADVANCED_FACE ( 'NONE', ( #910 ), #4154, .F. ) ;
#4278 = B_SPLINE_SURFACE_WITH_KNOTS ( 'NONE', 3, 1, ( 
 ( #2507, #4450 ),
 ( #3957, #1567 ),
 ( #5457, #5601 ),
 ( #666, #1236 ),
 ( #4619, #2598 ),
 ( #3649, #4540 ),
 ( #4161, #5096 ),
 ( #1177, #3627 ),
 ( #1683, #5148 ),
 ( #6031, #1293 ),
 ( #1263, #219 ),
 ( #776, #2706 ),
 ( #724, #2137 ),
 ( #4570, #700 ),
 ( #1655, #189 ) ),
 .UNSPECIFIED., .F., .F., .F.,
 ( 4, 1, 1, 1, 1, 1, 1, 1, 1, 1, 1, 1, 4 ),
 ( 2, 2 ),
 ( 0.000000000000000000, 0.1456817349758525171, 0.2786834729361730156, 0.4002203989206651880, 0.5136386216531620974, 0.5683753864952296730, 0.6227437561373749819, 0.6785936170311778204, 0.7350696838698020930, 0.7955826855105287976, 0.8584107594692896859, 0.9267421627647466353, 0.9999999999999998890 ),
 ( 0.000000000000000000, 1.000000000000000000 ),
 .UNSPECIFIED. ) ;
#4279 = ORIENTED_EDGE ( 'NONE', *, *, #5244, .F. ) ;
#4280 = LINE ( 'NONE', #6270, #268 ) ;
#4281 = PLANE ( 'NONE',  #2293 ) ;
#4282 = CARTESIAN_POINT ( 'NONE',  ( 1.459586459303022332, 0.01574803149606299191, -0.5254169721375746560 ) ) ;
#4283 = CARTESIAN_POINT ( 'NONE',  ( 1.565724409054905397, 0.000000000000000000, -0.7362499999999999600 ) ) ;
#4284 = CARTESIAN_POINT ( 'NONE',  ( 0.8738356983049108129, 2.134256245050205639E-18, -0.4894727179906456782 ) ) ;
#4285 = CARTESIAN_POINT ( 'NONE',  ( 1.695739057791677995, 0.000000000000000000, -0.7206459225298146309 ) ) ;
#4286 = ADVANCED_FACE ( 'NONE', ( #3703 ), #5309, .F. ) ;
#4287 = EDGE_CURVE ( 'NONE', #4082, #4783, #5273, .T. ) ;
#4288 = CARTESIAN_POINT ( 'NONE',  ( 1.991676729226425469, 2.134256245050205639E-18, -0.6343080054560629177 ) ) ;
#4289 = PLANE ( 'NONE',  #3201 ) ;
#4290 = CARTESIAN_POINT ( 'NONE',  ( 1.429054487179905575, 0.01574803149606299191, -0.6799999999999999378 ) ) ;
#4291 = CARTESIAN_POINT ( 'NONE',  ( 1.687457193133251154, 0.01574803149606299191, -0.6502917361556365128 ) ) ;
#4292 = EDGE_CURVE ( 'NONE', #2642, #4545, #1356, .T. ) ;
#4293 = EDGE_LOOP ( 'NONE', ( #4067, #4621, #3323, #358 ) ) ;
#4294 = CARTESIAN_POINT ( 'NONE',  ( 0.7266619090549053528, 0.01574803149606299191, -0.4893750000000000044 ) ) ;
#4295 = EDGE_LOOP ( 'NONE', ( #888, #3677, #1309, #5975 ) ) ;
#4296 = CARTESIAN_POINT ( 'NONE',  ( 1.728900917347253152, 4.268512490100411279E-18, -0.6799757533355104133 ) ) ;
#4297 = CARTESIAN_POINT ( 'NONE',  ( 0.8986376333861287868, 0.01574803149606299191, -0.7196902923623984538 ) ) ;
#4298 = CARTESIAN_POINT ( 'NONE',  ( 1.768716956861621004, -0.000000000000000000, -0.6955688596395961376 ) ) ;
#4299 = CARTESIAN_POINT ( 'NONE',  ( 2.094430632894472399, 0.000000000000000000, -0.7344148740484145454 ) ) ;
#4300 = CARTESIAN_POINT ( 'NONE',  ( 1.586386269185758202, -0.000000000000000000, -0.4894778167403063818 ) ) ;
#4301 = ORIENTED_EDGE ( 'NONE', *, *, #2854, .F. ) ;
#4302 = EDGE_CURVE ( 'NONE', #4056, #5152, #6134, .T. ) ;
#4303 = CARTESIAN_POINT ( 'NONE',  ( 1.724106526501848036, 0.000000000000000000, -0.5419057985329381877 ) ) ;
#4304 = CARTESIAN_POINT ( 'NONE',  ( 1.766896284054905619, 0.01574803149606299191, -0.7393750000000000044 ) ) ;
#4305 = CARTESIAN_POINT ( 'NONE',  ( 2.027034734310539488, 0.01574803149606299191, -0.6269035143893506579 ) ) ;
#4306 = LINE ( 'NONE', #3446, #4116 ) ;
#4307 = CARTESIAN_POINT ( 'NONE',  ( 2.029786909054905220, 0.01574803149606299191, -0.6268749999999999600 ) ) ;
#4308 = CARTESIAN_POINT ( 'NONE',  ( 2.074470232313248008, 0.000000000000000000, -0.4912707174611702365 ) ) ;
#4309 = VERTEX_POINT ( 'NONE', #398 ) ;
#4310 = CARTESIAN_POINT ( 'NONE',  ( 1.118735854456255119, 2.134256245050205639E-18, -0.6853627314024504091 ) ) ;
#4311 = CARTESIAN_POINT ( 'NONE',  ( 0.1250000000000000000, 0.1400000000000000133, -1.104999999999999982 ) ) ;
#4312 = ORIENTED_EDGE ( 'NONE', *, *, #4881, .F. ) ;
#4313 = VERTEX_POINT ( 'NONE', #119 ) ;
#4314 = CARTESIAN_POINT ( 'NONE',  ( 1.931919030121990399, 6.402768735150616918E-18, -0.6209116725288940097 ) ) ;
#4315 = VECTOR ( 'NONE', #2784, 39.37007874015748143 ) ;
#4316 = CARTESIAN_POINT ( 'NONE',  ( 1.792390993416857814, 0.000000000000000000, -0.6929414081459976948 ) ) ;
#4317 = CARTESIAN_POINT ( 'NONE',  ( 1.447660429977835950, 0.01574803149606299191, -0.7336199647703163240 ) ) ;
#4318 = CARTESIAN_POINT ( 'NONE',  ( 0.6988641811770868184, 0.000000000000000000, -0.5027176849446669538 ) ) ;
#4319 = CARTESIAN_POINT ( 'NONE',  ( 1.613350864161711806, 0.01574803149606299191, -0.5172499027416601614 ) ) ;
#4320 = ADVANCED_FACE ( 'NONE', ( #2988 ), #1077, .F. ) ;
#4321 = CARTESIAN_POINT ( 'NONE',  ( 1.129696731730191805, 0.01574803149606299191, -0.6300410242652463300 ) ) ;
#4322 = ORIENTED_EDGE ( 'NONE', *, *, #1069, .T. ) ;
#4323 = VECTOR ( 'NONE', #6037, 39.37007874015748143 ) ;
#4324 = LINE ( 'NONE', #5823, #1618 ) ;
#4325 = CARTESIAN_POINT ( 'NONE',  ( 2.106366485694179946, 0.01574803149606299191, -0.4975879760096892923 ) ) ;
#4326 = AXIS2_PLACEMENT_3D ( 'NONE', #4988, #233, #4527 ) ;
#4327 = DIRECTION ( 'NONE',  ( -0.000000000000000000, -1.000000000000000000, -0.000000000000000000 ) ) ;
#4328 = DIRECTION ( 'NONE',  ( 1.000000000000000000, 0.000000000000000000, -0.000000000000000000 ) ) ;
#4329 = CARTESIAN_POINT ( 'NONE',  ( 1.050929487179905752, 0.01574803149606299191, -0.6608593750000000266 ) ) ;
#4330 = ORIENTED_EDGE ( 'NONE', *, *, #671, .T. ) ;
#4331 = AXIS2_PLACEMENT_3D ( 'NONE', #1118, #3024, #3823 ) ;
#4332 = CARTESIAN_POINT ( 'NONE',  ( 1.772498423178937799, 0.01574803149606299191, -0.5331913355487007955 ) ) ;
#4333 = CARTESIAN_POINT ( 'NONE',  ( 1.157911909054905708, 0.01574803149606299191, -0.6925000000000000044 ) ) ;
#4334 = CARTESIAN_POINT ( 'NONE',  ( 1.715405917995800333, 4.268512490100411279E-18, -0.6619560225051788205 ) ) ;
#4335 = CARTESIAN_POINT ( 'NONE',  ( 0.9616892447190834581, 0.000000000000000000, -0.7309173442086571715 ) ) ;
#4336 = CARTESIAN_POINT ( 'NONE',  ( 1.560515363671391986, 0.000000000000000000, -0.5132625730204321002 ) ) ;
#4337 = VECTOR ( 'NONE', #5952, 39.37007874015748143 ) ;
#4338 = ORIENTED_EDGE ( 'NONE', *, *, #5789, .T. ) ;
#4339 = B_SPLINE_SURFACE_WITH_KNOTS ( 'NONE', 3, 1, ( 
 ( #1999, #3903 ),
 ( #5891, #4948 ),
 ( #558, #2528 ),
 ( #2346, #990 ),
 ( #3383, #1949 ),
 ( #2476, #5909 ),
 ( #3414, #5809 ),
 ( #2909, #2447 ),
 ( #5357, #4271 ),
 ( #4761, #4377 ),
 ( #3854, #477 ),
 ( #3884, #37 ),
 ( #1981, #5394 ),
 ( #6, #5837 ),
 ( #5872, #1502 ),
 ( #4863, #512 ),
 ( #1467, #1028 ),
 ( #1535, #4342 ),
 ( #1436, #2942 ) ),
 .UNSPECIFIED., .F., .F., .F.,
 ( 4, 1, 1, 1, 1, 1, 1, 1, 1, 1, 1, 1, 1, 1, 1, 1, 4 ),
 ( 2, 2 ),
 ( 0.000000000000000000, 0.07632991237579972443, 0.1475902797655206378, 0.2141341229181883410, 0.2766335995961090588, 0.3354621556079133704, 0.3904701877972195367, 0.4445106943788564302, 0.4965622250395489434, 0.5495416088508521257, 0.6031030765590439380, 0.6597058747106790966, 0.7195927783563121904, 0.7833678860529309507, 0.8506459785148551278, 0.9227992763119452491, 1.000000000000000000 ),
 ( 0.000000000000000000, 1.000000000000000000 ),
 .UNSPECIFIED. ) ;
#4340 = CARTESIAN_POINT ( 'NONE',  ( 2.017677534054905575, 0.01574803149606299191, -0.5831250000000000044 ) ) ;
#4341 = DIRECTION ( 'NONE',  ( -0.000000000000000000, -1.000000000000000000, -0.000000000000000000 ) ) ;
#4342 = CARTESIAN_POINT ( 'NONE',  ( 2.080797318698867748, 0.000000000000000000, -0.7362422922750070375 ) ) ;
#4343 = ORIENTED_EDGE ( 'NONE', *, *, #2431, .T. ) ;
#4344 = CARTESIAN_POINT ( 'NONE',  ( 1.008685021262136328, 0.01574803149606299191, -0.7209525945835419947 ) ) ;
#4345 = CARTESIAN_POINT ( 'NONE',  ( 1.890142677013845196, 0.000000000000000000, -0.6538268478142293949 ) ) ;
#4346 = CARTESIAN_POINT ( 'NONE',  ( 1.225846635246174987, 2.134256245050205639E-18, -0.4912065637766127035 ) ) ;
#4347 = CARTESIAN_POINT ( 'NONE',  ( 1.104657787042074624, 0.000000000000000000, -0.7328658653892223818 ) ) ;
#4348 = ORIENTED_EDGE ( 'NONE', *, *, #5447, .F. ) ;
#4349 = B_SPLINE_CURVE_WITH_KNOTS ( 'NONE', 3,
 ( #1996, #524, #4912, #3940, #1447, #4463, #5409, #4945, #1043, #2954, #4391 ),
 .UNSPECIFIED., .F., .F.,
 ( 4, 1, 1, 1, 1, 1, 1, 1, 4 ),
 ( 0.000000000000000000, 0.1569433403011107064, 0.3052641691385835077, 0.4438862275305962002, 0.5729504529666084034, 0.6925868846920740785, 0.8040351933094590509, 0.9064180598495786834, 1.000000000000000000 ),
 .UNSPECIFIED. ) ;
#4350 = ORIENTED_EDGE ( 'NONE', *, *, #2161, .T. ) ;
#4351 = CARTESIAN_POINT ( 'NONE',  ( 1.613404943642253286, -0.000000000000000000, -0.7081754898437299106 ) ) ;
#4352 = CARTESIAN_POINT ( 'NONE',  ( 1.241525148475799423, -0.000000000000000000, -0.7051150258839001816 ) ) ;
#4353 = CARTESIAN_POINT ( 'NONE',  ( 1.375949032086511536, 0.01574803149606299191, -0.7081110065730980008 ) ) ;
#4354 = CARTESIAN_POINT ( 'NONE',  ( 1.804500012064770953, 0.01574803149606299191, -0.6878813029802639534 ) ) ;
#4355 = DIRECTION ( 'NONE',  ( -1.000000000000000000, 0.000000000000000000, 0.000000000000000000 ) ) ;
#4356 = CARTESIAN_POINT ( 'NONE',  ( 1.894585122914099085, 0.01574803149606299191, -0.6097147406940437442 ) ) ;
#4357 = PLANE ( 'NONE',  #372 ) ;
#4358 = ORIENTED_EDGE ( 'NONE', *, *, #874, .T. ) ;
#4359 = EDGE_CURVE ( 'NONE', #401, #1468, #1579, .T. ) ;
#4360 = CARTESIAN_POINT ( 'NONE',  ( 1.215543124153548371, 0.01574803149606299191, -0.7358011333994024517 ) ) ;
#4361 = DIRECTION ( 'NONE',  ( -0.000000000000000000, -1.000000000000000000, -0.000000000000000000 ) ) ;
#4362 = CARTESIAN_POINT ( 'NONE',  ( 1.528618984234911160, 0.01574803149606299191, -0.5208600826160169062 ) ) ;
#4363 = EDGE_CURVE ( 'NONE', #5304, #2553, #5473, .T. ) ;
#4364 = CARTESIAN_POINT ( 'NONE',  ( 1.113822422333190509, 0.01574803149606299191, -0.5857795907696653481 ) ) ;
#4365 = VERTEX_POINT ( 'NONE', #3842 ) ;
#4366 = B_SPLINE_CURVE_WITH_KNOTS ( 'NONE', 3,
 ( #3445, #4441, #1147, #5451, #5939, #5423, #1056, #2104, #633, #2132, #4998, #4047, #3054, #4015, #1172 ),
 .UNSPECIFIED., .F., .F.,
 ( 4, 1, 1, 1, 1, 1, 1, 1, 1, 1, 1, 1, 4 ),
 ( 0.000000000000000000, 0.1196246628663752143, 0.2282837097143243510, 0.3263627238658261542, 0.4152666510313158255, 0.4958568814466465247, 0.5702432826981826963, 0.6394510592149724726, 0.7065314550312626896, 0.7732900845859880246, 0.8425412606324502729, 0.9177644306273172736, 1.000000000000000000 ),
 .UNSPECIFIED. ) ;
#4367 = ORIENTED_EDGE ( 'NONE', *, *, #3122, .F. ) ;
#4368 = DIRECTION ( 'NONE',  ( -1.000000000000000000, 0.000000000000000000, 0.000000000000000000 ) ) ;
#4369 = DIRECTION ( 'NONE',  ( 1.000000000000000000, 0.000000000000000000, -0.000000000000000000 ) ) ;
#4370 = EDGE_CURVE ( 'NONE', #1328, #2496, #2958, .T. ) ;
#4371 = CARTESIAN_POINT ( 'NONE',  ( 0.8311052684299053972, 0.000000000000000000, -0.7079785156249999156 ) ) ;
#4372 = CARTESIAN_POINT ( 'NONE',  ( 2.008996359965232514, 0.01574803149606299191, -0.6912050257421653576 ) ) ;
#4373 = VERTEX_POINT ( 'NONE', #3369 ) ;
#4374 = EDGE_CURVE ( 'NONE', #4966, #4547, #2530, .T. ) ;
#4375 = CARTESIAN_POINT ( 'NONE',  ( 1.767170879987526755, -0.000000000000000000, -0.5331658911032798320 ) ) ;
#4376 = DIRECTION ( 'NONE',  ( 0.000000000000000000, 1.000000000000000000, 0.000000000000000000 ) ) ;
#4377 = CARTESIAN_POINT ( 'NONE',  ( 2.105108418246065760, 0.000000000000000000, -0.7286887187873851701 ) ) ;
#4378 = ORIENTED_EDGE ( 'NONE', *, *, #1129, .T. ) ;
#4379 = ADVANCED_FACE ( 'NONE', ( #5379 ), #5162, .T. ) ;
#4380 = CARTESIAN_POINT ( 'NONE',  ( 2.102333527385670919, 0.000000000000000000, -0.4939404300633070122 ) ) ;
#4381 = CARTESIAN_POINT ( 'NONE',  ( 1.225846635246174987, 0.01574803149606299191, -0.4912065637766127035 ) ) ;
#4382 = CARTESIAN_POINT ( 'NONE',  ( 1.613357473084141569, 0.01574803149606299191, -0.7108230314208824341 ) ) ;
#4383 = ORIENTED_EDGE ( 'NONE', *, *, #3812, .T. ) ;
#4384 = DIRECTION ( 'NONE',  ( 1.000000000000000000, 0.000000000000000000, 1.724651511151681521E-17 ) ) ;
#4385 = CARTESIAN_POINT ( 'NONE',  ( 0.2000000000000000111, 0.07499999999999999722, -0.6149999999999999911 ) ) ;
#4386 = CARTESIAN_POINT ( 'NONE',  ( 1.731229338394735473, 0.01574803149606299191, -0.5393713399673585318 ) ) ;
#4387 = CARTESIAN_POINT ( 'NONE',  ( 1.792390993416857814, 0.01574803149606299191, -0.6929414081459976948 ) ) ;
#4388 = CARTESIAN_POINT ( 'NONE',  ( 1.657201181744086149, 0.01574803149606299191, -0.5428967921756030490 ) ) ;
#4389 = CARTESIAN_POINT ( 'NONE',  ( 2.238333333333333730, 0.07833333333333485082, -0.1833333333333345694 ) ) ;
#4390 = CARTESIAN_POINT ( 'NONE',  ( 2.104999999999999982, 0.000000000000000000, 0.000000000000000000 ) ) ;
#4391 = CARTESIAN_POINT ( 'NONE',  ( 1.972365034054905486, 0.000000000000000000, -0.7317089843750000933 ) ) ;
#4392 = VERTEX_POINT ( 'NONE', #2395 ) ;
#4393 = EDGE_CURVE ( 'NONE', #3440, #5961, #2433, .T. ) ;
#4394 = CARTESIAN_POINT ( 'NONE',  ( 1.580519330929905486, 2.134256245050205639E-18, -0.7362499999999999600 ) ) ;
#4395 = CARTESIAN_POINT ( 'NONE',  ( 1.564206941234194126, 0.01574803149606299191, -0.5020369708627390182 ) ) ;
#4396 = CARTESIAN_POINT ( 'NONE',  ( 1.710304487179905575, 0.01574803149606299191, -0.5480664062500000266 ) ) ;
#4397 = CARTESIAN_POINT ( 'NONE',  ( 1.433115318383023640, 6.402768735150616918E-18, -0.7361275896145631492 ) ) ;
#4398 = CARTESIAN_POINT ( 'NONE',  ( 1.512166063596593224, 0.01574803149606299191, -0.4933984099248497346 ) ) ;
#4399 = B_SPLINE_SURFACE_WITH_KNOTS ( 'NONE', 3, 1, ( 
 ( #1174, #4019 ),
 ( #3169, #5145 ),
 ( #4073, #5515 ),
 ( #1651, #4050 ),
 ( #664, #6000 ),
 ( #1625, #187 ),
 ( #2134, #6028 ),
 ( #4567, #216 ),
 ( #6284, #3340 ),
 ( #915, #3238 ),
 ( #4751, #6249 ) ),
 .UNSPECIFIED., .F., .F., .F.,
 ( 4, 1, 1, 1, 1, 1, 1, 1, 4 ),
 ( 2, 2 ),
 ( 0.000000000000000000, 0.1615399494669155500, 0.3053584822690652012, 0.4332607637433861791, 0.5478791969258786088, 0.6538167439720030671, 0.7577512807189702437, 0.8719633333694412070, 1.000000000000000000 ),
 ( 0.000000000000000000, 1.000000000000000000 ),
 .UNSPECIFIED. ) ;
#4400 = CARTESIAN_POINT ( 'NONE',  ( 1.751759565304905619, 0.000000000000000000, -0.6237500000000000266 ) ) ;
#4401 = ORIENTED_EDGE ( 'NONE', *, *, #3639, .T. ) ;
#4402 = ORIENTED_EDGE ( 'NONE', *, *, #955, .F. ) ;
#4403 = CARTESIAN_POINT ( 'NONE',  ( 0.9008519069861026241, -0.000000000000000000, -0.5175423311753131195 ) ) ;
#4404 = CARTESIAN_POINT ( 'NONE',  ( 1.691057947734114331, -2.134256245050205639E-18, -0.6236713845239659770 ) ) ;
#4405 = CARTESIAN_POINT ( 'NONE',  ( 1.838429487179905841, 0.01574803149606299191, -0.6155957031250000044 ) ) ;
#4406 = CARTESIAN_POINT ( 'NONE',  ( 0.8625570961444087859, 0.000000000000000000, -0.7387827557922144184 ) ) ;
#4407 = EDGE_CURVE ( 'NONE', #655, #5002, #4884, .T. ) ;
#4408 = CARTESIAN_POINT ( 'NONE',  ( 0.6985316199744912025, 0.000000000000000000, -0.7266548157250078965 ) ) ;
#4409 = CARTESIAN_POINT ( 'NONE',  ( 2.061409850723055381, 0.000000000000000000, -0.5025771258101796590 ) ) ;
#4410 = VERTEX_POINT ( 'NONE', #2931 ) ;
#4411 = CARTESIAN_POINT ( 'NONE',  ( 0.8518084288704442786, 0.01574803149606299191, -0.5021821391456254835 ) ) ;
#4412 = CARTESIAN_POINT ( 'NONE',  ( 1.717106793559112665, 0.01574803149606299191, -0.5447731005710385599 ) ) ;
#4413 = CARTESIAN_POINT ( 'NONE',  ( 1.664491007856813143, -2.134256245050205639E-18, -0.6761815302582975251 ) ) ;
#4414 = CARTESIAN_POINT ( 'NONE',  ( 0.7108323930433019244, 0.01574803149606299191, -0.7375787142954144393 ) ) ;
#4415 = ORIENTED_EDGE ( 'NONE', *, *, #5178, .F. ) ;
#4416 = VERTEX_POINT ( 'NONE', #529 ) ;
#4417 = DIRECTION ( 'NONE',  ( -0.000000000000000000, -1.000000000000000000, -0.000000000000000000 ) ) ;
#4418 = LINE ( 'NONE', #6009, #4323 ) ;
#4419 = CARTESIAN_POINT ( 'NONE',  ( 1.710304487179905575, 0.01574803149606299191, -0.5480664062500000266 ) ) ;
#4420 = CARTESIAN_POINT ( 'NONE',  ( 1.613429487179905530, 0.01574803149606299191, -0.5195996093750000488 ) ) ;
#4421 = CARTESIAN_POINT ( 'NONE',  ( 1.922883731520457662, -0.000000000000000000, -0.6578450886893918437 ) ) ;
#4422 = CARTESIAN_POINT ( 'NONE',  ( 1.808935402057506803, 0.01574803149606299191, -0.4939147066958607946 ) ) ;
#4423 = CARTESIAN_POINT ( 'NONE',  ( 1.157911909054905708, 0.01574803149606299191, -0.6925000000000000044 ) ) ;
#4424 = ORIENTED_EDGE ( 'NONE', *, *, #803, .T. ) ;
#4425 = CARTESIAN_POINT ( 'NONE',  ( 1.606462641188736384, 0.01574803149606299191, -0.7284961019223472611 ) ) ;
#4426 = FACE_OUTER_BOUND ( 'NONE', #1323, .T. ) ;
#4427 = CARTESIAN_POINT ( 'NONE',  ( 1.456182082736453776, 0.01574803149606299191, -0.7269627238124476420 ) ) ;
#4428 = CARTESIAN_POINT ( 'NONE',  ( 1.438803373186489321, 0.000000000000000000, -0.7356877575278358838 ) ) ;
#4429 = FACE_OUTER_BOUND ( 'NONE', #5489, .T. ) ;
#4430 = VECTOR ( 'NONE', #2978, 39.37007874015748143 ) ;
#4432 = ORIENTED_EDGE ( 'NONE', *, *, #1934, .T. ) ;
#4431 = ADVANCED_FACE ( 'NONE', ( #5896 ), #1358, .T. ) ;
#4433 = B_SPLINE_CURVE_WITH_KNOTS ( 'NONE', 3,
 ( #683, #2065, #3465, #593, #3974, #4663, #3611, #2664, #4091, #285, #796, #3635, #5586, #4175, #829 ),
 .UNSPECIFIED., .F., .F.,
 ( 4, 1, 1, 1, 1, 1, 1, 1, 1, 1, 1, 1, 4 ),
 ( 0.000000000000000000, 0.09272377659486601142, 0.1807643789926703659, 0.2652681729395943711, 0.3457875854624136158, 0.4222225138628163954, 0.4949001608196640367, 0.5671667024153693726, 0.6412352119551114615, 0.7193716595256073321, 0.8039038165697613980, 0.8964316416643115515, 1.000000000000000000 ),
 .UNSPECIFIED. ) ;
#4434 = AXIS2_PLACEMENT_3D ( 'NONE', #763, #3615, #1228 ) ;
#4435 = CARTESIAN_POINT ( 'NONE',  ( 1.894679487179905752, 0.000000000000000000, -0.6143750000000000044 ) ) ;
#4436 = VECTOR ( 'NONE', #1928, 39.37007874015748143 ) ;
#4437 = B_SPLINE_CURVE_WITH_KNOTS ( 'NONE', 3,
 ( #6281, #2397, #3809, #2333, #5689, #2826, #1322, #945, #2860, #3235, #4711 ),
 .UNSPECIFIED., .F., .F.,
 ( 4, 1, 1, 1, 1, 1, 1, 1, 4 ),
 ( 0.000000000000000000, 0.1293235928071807261, 0.2472114869378300994, 0.3634275511446827811, 0.4836271207114492543, 0.6085420377595613939, 0.7362682684320625004, 0.8675229715430915478, 1.000000000000000000 ),
 .UNSPECIFIED. ) ;
#4438 = CARTESIAN_POINT ( 'NONE',  ( 1.680930020251101054, -2.134256245050205639E-18, -0.6224926959607453014 ) ) ;
#4439 = CARTESIAN_POINT ( 'NONE',  ( 1.810088710735638928, 0.01574803149606299191, -0.5446912955164561199 ) ) ;
#4440 = DIRECTION ( 'NONE',  ( 0.000000000000000000, 0.000000000000000000, -1.000000000000000000 ) ) ;
#4441 = CARTESIAN_POINT ( 'NONE',  ( 1.155159734310539976, -0.000000000000000000, -0.6269035143893506579 ) ) ;
#4442 = AXIS2_PLACEMENT_3D ( 'NONE', #1063, #4797, #3419 ) ;
#4443 = VECTOR ( 'NONE', #3764, 39.37007874015748143 ) ;
#4444 = CARTESIAN_POINT ( 'NONE',  ( 1.761735317671229817, 0.000000000000000000, -0.5332466344749231535 ) ) ;
#4445 = DIRECTION ( 'NONE',  ( -0.000000000000000000, -1.000000000000000000, -0.000000000000000000 ) ) ;
#4446 = CARTESIAN_POINT ( 'NONE',  ( 1.115870893429905752, 0.01574803149606299191, -0.6829296874999999378 ) ) ;
#4447 = VERTEX_POINT ( 'NONE', #3636 ) ;
#4448 = VECTOR ( 'NONE', #514, 39.37007874015748143 ) ;
#4449 = EDGE_CURVE ( 'NONE', #1513, #4049, #4607, .T. ) ;
#4450 = CARTESIAN_POINT ( 'NONE',  ( 1.412013471554905530, 2.134256245050205639E-18, -0.7362499999999999600 ) ) ;
#4451 = CARTESIAN_POINT ( 'NONE',  ( 0.2000000000000000111, 0.07499999999999999722, -0.5507499999999999618 ) ) ;
#4452 = EDGE_CURVE ( 'NONE', #4373, #140, #710, .T. ) ;
#4453 = PLANE ( 'NONE',  #3190 ) ;
#4454 = EDGE_CURVE ( 'NONE', #1300, #6265, #3526, .T. ) ;
#4455 = CARTESIAN_POINT ( 'NONE',  ( 1.531253049571068336, -0.000000000000000000, -0.5335642766421965222 ) ) ;
#4456 = VECTOR ( 'NONE', #2908, 39.37007874015748854 ) ;
#4457 = VERTEX_POINT ( 'NONE', #2199 ) ;
#4458 = FACE_OUTER_BOUND ( 'NONE', #3066, .T. ) ;
#4459 = CARTESIAN_POINT ( 'NONE',  ( 0.7463846647147023283, 0.01574803149606299191, -0.7217315991900602468 ) ) ;
#4460 = DIRECTION ( 'NONE',  ( -0.000000000000000000, -1.000000000000000000, -0.000000000000000000 ) ) ;
#4461 = CARTESIAN_POINT ( 'NONE',  ( 1.660217759286164219, -2.134256245050205639E-18, -0.5296793320298502916 ) ) ;
#4462 = CARTESIAN_POINT ( 'NONE',  ( 1.112670047573996346, 0.01574803149606299191, -0.6406349633961225809 ) ) ;
#4463 = CARTESIAN_POINT ( 'NONE',  ( 1.991300891385690219, 0.000000000000000000, -0.7351717324689980293 ) ) ;
#4464 = VERTEX_POINT ( 'NONE', #6044 ) ;
#4465 = CARTESIAN_POINT ( 'NONE',  ( 1.531593549679905575, -2.134256245050205639E-18, -0.5353710937500000266 ) ) ;
#4466 = CARTESIAN_POINT ( 'NONE',  ( 1.560515363671391986, 0.01574803149606299191, -0.5132625730204321002 ) ) ;
#4467 = EDGE_CURVE ( 'NONE', #4309, #627, #965, .T. ) ;
#4468 = CARTESIAN_POINT ( 'NONE',  ( 1.443618306362833170, 6.402768735150616918E-18, -0.7348318188605668100 ) ) ;
#4469 = LINE ( 'NONE', #4496, #604 ) ;
#4470 = VERTEX_POINT ( 'NONE', #2556 ) ;
#4471 = CARTESIAN_POINT ( 'NONE',  ( 0.9839861278049059079, -2.134256245050205639E-18, -0.4893750000000001155 ) ) ;
#4472 = DIRECTION ( 'NONE',  ( -1.000000000000000000, 0.000000000000000000, 0.000000000000000000 ) ) ;
#4473 = CARTESIAN_POINT ( 'NONE',  ( 0.8717019066464760657, 0.01574803149606299191, -0.7393013101592029734 ) ) ;
#4474 = CARTESIAN_POINT ( 'NONE',  ( 1.838281702508807403, 0.01574803149606299191, -0.6058431670515889156 ) ) ;
#4475 = CARTESIAN_POINT ( 'NONE',  ( 0.9557921979920567246, 0.01574803149606299191, -0.5083359794443373936 ) ) ;
#4476 = CARTESIAN_POINT ( 'NONE',  ( 1.114519734441949961, 0.000000000000000000, -0.6814065122916800332 ) ) ;
#4477 = CARTESIAN_POINT ( 'NONE',  ( 0.2000000000000000111, 0.000000000000000000, -0.6149999999999999911 ) ) ;
#4478 = CARTESIAN_POINT ( 'NONE',  ( 1.991676729226425469, 0.000000000000000000, -0.6343080054560629177 ) ) ;
#4479 = ORIENTED_EDGE ( 'NONE', *, *, #3624, .T. ) ;
#4480 = CARTESIAN_POINT ( 'NONE',  ( 0.8480777341973135819, 0.01574803149606299191, -0.5134606427243957327 ) ) ;
#4481 = CARTESIAN_POINT ( 'NONE',  ( 1.723331972758510355, 0.01574803149606299191, -0.4949251846485587802 ) ) ;
#4482 = CARTESIAN_POINT ( 'NONE',  ( 0.9839861278049059079, 0.01574803149606299191, -0.4893750000000001155 ) ) ;
#4483 = CARTESIAN_POINT ( 'NONE',  ( 2.329999999999999627, 0.000000000000000000, -0.2750000000000003553 ) ) ;
#4484 = ORIENTED_EDGE ( 'NONE', *, *, #26, .F. ) ;
#4485 = ORIENTED_EDGE ( 'NONE', *, *, #1045, .T. ) ;
#4486 = CARTESIAN_POINT ( 'NONE',  ( 1.107431421502358626, 0.000000000000000000, -0.6665005902013986239 ) ) ;
#4487 = DIRECTION ( 'NONE',  ( 0.000000000000000000, -0.000000000000000000, -1.000000000000000000 ) ) ;
#4488 = DIRECTION ( 'NONE',  ( -0.000000000000000000, -1.000000000000000000, -0.000000000000000000 ) ) ;
#4489 = CARTESIAN_POINT ( 'NONE',  ( 1.676658021327765979, 0.000000000000000000, -0.5145513045461380663 ) ) ;
#4490 = ADVANCED_FACE ( 'NONE', ( #1671 ), #5793, .T. ) ;
#4491 = EDGE_LOOP ( 'NONE', ( #130, #6312, #2934, #2452 ) ) ;
#4492 = LINE ( 'NONE', #143, #694 ) ;
#4493 = CARTESIAN_POINT ( 'NONE',  ( 1.695347850284714797, 0.01574803149606299191, -0.6501399421424436387 ) ) ;
#4494 = CARTESIAN_POINT ( 'NONE',  ( 1.773752465236892117, 6.402768735150616918E-18, -0.6955825106874353736 ) ) ;
#4495 = EDGE_CURVE ( 'NONE', #5547, #2745, #903, .T. ) ;
#4496 = CARTESIAN_POINT ( 'NONE',  ( 1.426857221554905575, 0.01574803149606299191, -0.7362499999999999600 ) ) ;
#4497 = ORIENTED_EDGE ( 'NONE', *, *, #3721, .T. ) ;
#4498 = CARTESIAN_POINT ( 'NONE',  ( 1.010304487179905841, 0.000000000000000000, -0.5216015625000000044 ) ) ;
#4499 = CARTESIAN_POINT ( 'NONE',  ( 1.894400054854275872, 0.000000000000000000, -0.6005749975862315626 ) ) ;
#4500 = LINE ( 'NONE', #3620, #4218 ) ;
#4501 = CARTESIAN_POINT ( 'NONE',  ( 1.185304487179905886, 0.000000000000000000, -0.6268749999999999600 ) ) ;
#4502 = DIRECTION ( 'NONE',  ( 1.000000000000000000, 0.000000000000000000, 0.000000000000000000 ) ) ;
#4503 = DIRECTION ( 'NONE',  ( 0.000000000000000000, -0.000000000000000000, -1.000000000000000000 ) ) ;
#4504 = EDGE_CURVE ( 'NONE', #5672, #332, #5782, .T. ) ;
#4505 = CARTESIAN_POINT ( 'NONE',  ( 1.995730721102108474, 6.402768735150616918E-18, -0.5842720217304788743 ) ) ;
#4506 = DIRECTION ( 'NONE',  ( -1.000000000000000000, 0.000000000000000000, 0.000000000000000000 ) ) ;
#4507 = CARTESIAN_POINT ( 'NONE',  ( 0.7108323930433019244, 0.000000000000000000, -0.7375787142954144393 ) ) ;
#4508 = CARTESIAN_POINT ( 'NONE',  ( 1.107265499518347074, 0.01574803149606299191, -0.6621100154890268152 ) ) ;
#4509 = EDGE_LOOP ( 'NONE', ( #2284, #4088, #4722, #3650, #962, #3962, #5868, #3830, #1922, #3728 ) ) ;
#4510 = CARTESIAN_POINT ( 'NONE',  ( 2.113358348082477800, -0.000000000000000000, -0.5189743242880153762 ) ) ;
#4511 = EDGE_CURVE ( 'NONE', #1813, #1639, #2356, .T. ) ;
#4512 = CARTESIAN_POINT ( 'NONE',  ( 1.668958520626598663, 0.000000000000000000, -0.6614720397614882730 ) ) ;
#4513 = CARTESIAN_POINT ( 'NONE',  ( 1.010304487179906063, 0.01574803149606299191, -0.5216015625000001155 ) ) ;
#4514 = CARTESIAN_POINT ( 'NONE',  ( 1.657179487179905708, 0.01574803149606299191, -0.5913769531250000488 ) ) ;
#4515 = VERTEX_POINT ( 'NONE', #1859 ) ;
#4516 = EDGE_CURVE ( 'NONE', #4105, #3698, #3225, .T. ) ;
#4517 = B_SPLINE_CURVE_WITH_KNOTS ( 'NONE', 3,
 ( #3735, #2228, #832, #5303, #4178, #5679, #2721, #6165, #5750, #1786, #6238 ),
 .UNSPECIFIED., .F., .F.,
 ( 4, 1, 1, 1, 1, 1, 1, 1, 4 ),
 ( 0.000000000000000000, 0.1083625427723342444, 0.2179321617883494544, 0.3333712092284985551, 0.4596966744870134569, 0.5901616249011426563, 0.7207242691456540173, 0.8558783121450039832, 1.000000000000000000 ),
 .UNSPECIFIED. ) ;
#4518 = CARTESIAN_POINT ( 'NONE',  ( 0.7442187974722289656, 0.01574803149606299191, -0.7270785883326325028 ) ) ;
#4519 = CARTESIAN_POINT ( 'NONE',  ( 0.8906855878890969080, 0.000000000000000000, -0.7316341506825990715 ) ) ;
#4520 = CARTESIAN_POINT ( 'NONE',  ( 2.003361889415793406, 0.01574803149606299191, -0.6902494895767088412 ) ) ;
#4521 = FACE_BOUND ( 'NONE', #2573, .T. ) ;
#4522 = EDGE_LOOP ( 'NONE', ( #4350, #2022, #1917, #2855 ) ) ;
#4523 = EDGE_CURVE ( 'NONE', #503, #4692, #3258, .T. ) ;
#4524 = CARTESIAN_POINT ( 'NONE',  ( 1.560304487179905664, 2.134256245050205639E-18, -0.5196484375000000044 ) ) ;
#4525 = CARTESIAN_POINT ( 'NONE',  ( 1.613202667016747638, 0.000000000000000000, -0.5128209222399751077 ) ) ;
#4526 = CARTESIAN_POINT ( 'NONE',  ( 1.409415925713246587, 6.402768735150616918E-18, -0.4896533112033676916 ) ) ;
#4527 = DIRECTION ( 'NONE',  ( 0.000000000000000000, 0.000000000000000000, 1.000000000000000000 ) ) ;
#4528 = CARTESIAN_POINT ( 'NONE',  ( 1.769923627804905752, 0.000000000000000000, -0.5331249999999999600 ) ) ;
#4529 = VERTEX_POINT ( 'NONE', #4283 ) ;
#4530 = CARTESIAN_POINT ( 'NONE',  ( 1.185304487179905886, 0.01574803149606299191, -0.6268749999999999600 ) ) ;
#4531 = CARTESIAN_POINT ( 'NONE',  ( 1.214894330929905841, 0.01574803149606299191, -0.4893750000000000044 ) ) ;
#4532 = CARTESIAN_POINT ( 'NONE',  ( 0.9557921979920567246, 0.01574803149606299191, -0.5083359794443373936 ) ) ;
#4533 = VECTOR ( 'NONE', #5197, 39.37007874015748143 ) ;
#4534 = CARTESIAN_POINT ( 'NONE',  ( 1.976532787042074135, 0.000000000000000000, -0.7328658653892226038 ) ) ;
#4535 = CARTESIAN_POINT ( 'NONE',  ( 1.109194553361001923, 0.01574803149606299191, -0.6727046574171605675 ) ) ;
#4536 = VERTEX_POINT ( 'NONE', #762 ) ;
#4537 = VECTOR ( 'NONE', #2175, 39.37007874015748143 ) ;
#4538 = CARTESIAN_POINT ( 'NONE',  ( 1.429054487179905575, 0.000000000000000000, -0.5196484375000000044 ) ) ;
#4539 = LINE ( 'NONE', #3086, #1694 ) ;
#4540 = CARTESIAN_POINT ( 'NONE',  ( 1.386586445447966165, 2.134256245050205639E-18, -0.7303482480404905886 ) ) ;
#4541 = CIRCLE ( 'NONE', #2799, 0.1249999999999999584 ) ;
#4542 = EDGE_CURVE ( 'NONE', #3923, #67, #4738, .T. ) ;
#4543 = AXIS2_PLACEMENT_3D ( 'NONE', #3781, #6217, #4679 ) ;
#4544 = CARTESIAN_POINT ( 'NONE',  ( 2.113429487179905308, 0.01574803149606299191, -0.5214062499999999600 ) ) ;
#4545 = VERTEX_POINT ( 'NONE', #1892 ) ;
#4546 = VECTOR ( 'NONE', #2463, 39.37007874015748143 ) ;
#4547 = VERTEX_POINT ( 'NONE', #5166 ) ;
#4548 = ORIENTED_EDGE ( 'NONE', *, *, #4851, .F. ) ;
#4549 = CARTESIAN_POINT ( 'NONE',  ( 2.229999999999999538, 0.1400000000000000133, -0.1250000000000000278 ) ) ;
#4550 = CARTESIAN_POINT ( 'NONE',  ( 1.376002534677285949, 0.01574803149606299191, -0.5174111302577745208 ) ) ;
#4551 = CARTESIAN_POINT ( 'NONE',  ( 2.015297436579219337, 0.01574803149606299191, -0.6920102964326760864 ) ) ;
#4552 = CARTESIAN_POINT ( 'NONE',  ( 1.110199592300106897, 0.01574803149606299191, -0.6446385603825365296 ) ) ;
#4553 = AXIS2_PLACEMENT_3D ( 'NONE', #738, #3110, #2150 ) ;
#4554 = ORIENTED_EDGE ( 'NONE', *, *, #4992, .F. ) ;
#4555 = CARTESIAN_POINT ( 'NONE',  ( 1.586386269185758202, 0.01574803149606299191, -0.4894778167403063818 ) ) ;
#4556 = CARTESIAN_POINT ( 'NONE',  ( 1.185304487179905886, 0.01574803149606299191, -0.6925000000000000044 ) ) ;
#4557 = LINE ( 'NONE', #3047, #1601 ) ;
#4558 = LENGTH_MEASURE_WITH_UNIT ( LENGTH_MEASURE( 0.02539999999999999897 ), #1165 );
#4559 = CARTESIAN_POINT ( 'NONE',  ( 1.894394208361081411, 0.01574803149606299191, -0.6279784448590506329 ) ) ;
#4560 = CARTESIAN_POINT ( 'NONE',  ( 0.7193935879870801964, 0.01574803149606299191, -0.4896277986352555733 ) ) ;
#4561 = EDGE_CURVE ( 'NONE', #5584, #1645, #6237, .T. ) ;
#4562 = CARTESIAN_POINT ( 'NONE',  ( 0.9713539534111289564, 0.01574803149606299191, -0.4912763834839860011 ) ) ;
#4563 = CARTESIAN_POINT ( 'NONE',  ( 1.886116638024798453, 0.01574803149606299191, -0.5625483926388011868 ) ) ;
#4564 = CARTESIAN_POINT ( 'NONE',  ( 1.111814106504815935, 0.01574803149606299191, -0.6783564305222392621 ) ) ;
#4565 = CARTESIAN_POINT ( 'NONE',  ( 0.9009294871799053972, 0.000000000000000000, -0.7016796874999999822 ) ) ;
#4566 = ADVANCED_FACE ( 'NONE', ( #2819 ), #780, .T. ) ;
#4567 = CARTESIAN_POINT ( 'NONE',  ( 1.774776285444839452, 0.01574803149606299191, -0.5914623805091675512 ) ) ;
#4568 = CARTESIAN_POINT ( 'NONE',  ( 1.111814106504815935, 0.01574803149606299191, -0.6783564305222392621 ) ) ;
#4569 = CARTESIAN_POINT ( 'NONE',  ( 1.691057947734114331, 0.01574803149606299191, -0.6236713845239659770 ) ) ;
#4570 = CARTESIAN_POINT ( 'NONE',  ( 1.375949032086511536, 0.01574803149606299191, -0.7081110065730980008 ) ) ;
#4571 = CARTESIAN_POINT ( 'NONE',  ( 0.1250000000000000000, 0.1400000000000000133, -1.229999999999999982 ) ) ;
#4572 = EDGE_CURVE ( 'NONE', #3395, #3287, #3734, .T. ) ;
#4573 = LINE ( 'NONE', #221, #1200 ) ;
#4574 = ORIENTED_EDGE ( 'NONE', *, *, #1590, .F. ) ;
#4575 = ORIENTED_EDGE ( 'NONE', *, *, #6115, .T. ) ;
#4576 = CARTESIAN_POINT ( 'NONE',  ( 1.387152977514224839, 0.01574803149606299191, -0.4938059999865766492 ) ) ;
#4577 = CARTESIAN_POINT ( 'NONE',  ( 0.8478044871799053084, 0.000000000000000000, -0.5198437500000000488 ) ) ;
#4578 = CARTESIAN_POINT ( 'NONE',  ( 1.524806440304905530, 0.000000000000000000, -0.7020214843750001155 ) ) ;
#4579 = ORIENTED_EDGE ( 'NONE', *, *, #4997, .F. ) ;
#4580 = B_SPLINE_CURVE_WITH_KNOTS ( 'NONE', 3,
 ( #930, #3959, #1471, #446, #1406, #5813, #42, #2379, #1955, #1439, #5326 ),
 .UNSPECIFIED., .F., .F.,
 ( 4, 1, 1, 1, 1, 1, 1, 1, 4 ),
 ( 0.000000000000000000, 0.1182764693417158869, 0.2293361993440335977, 0.3395720181782663771, 0.4538680160291304055, 0.5741236693671500912, 0.7016203289588394121, 0.8424135457246765268, 1.000000000000000000 ),
 .UNSPECIFIED. ) ;
#4581 = CARTESIAN_POINT ( 'NONE',  ( 1.241554487179905797, 0.000000000000000000, -0.5214062499999999600 ) ) ;
#4582 = CARTESIAN_POINT ( 'NONE',  ( 2.057179487179905397, 0.01574803149606299191, -0.5209667968750000266 ) ) ;
#4583 = CARTESIAN_POINT ( 'NONE',  ( 1.976532787042074135, 0.01574803149606299191, -0.7328658653892226038 ) ) ;
#4584 = DIRECTION ( 'NONE',  ( 0.000000000000000000, -0.000000000000000000, 1.000000000000000000 ) ) ;
#4585 = CARTESIAN_POINT ( 'NONE',  ( 1.054059603288675318, 0.01574803149606299191, -0.6353857216656665363 ) ) ;
#4586 = ORIENTED_EDGE ( 'NONE', *, *, #1295, .T. ) ;
#4587 = EDGE_CURVE ( 'NONE', #2336, #972, #6224, .T. ) ;
#4588 = CARTESIAN_POINT ( 'NONE',  ( 1.122327413818216213, 0.01574803149606299191, -0.6872853059217891580 ) ) ;
#4589 = CARTESIAN_POINT ( 'NONE',  ( 0.6946794871799053528, 0.01574803149606299191, -0.5235546875000000044 ) ) ;
#4590 = CARTESIAN_POINT ( 'NONE',  ( 0.9839861278049059079, 0.01574803149606299191, -0.4893750000000001155 ) ) ;
#4591 = CARTESIAN_POINT ( 'NONE',  ( 1.783070922449353723, 6.402768735150616918E-18, -0.4896599532753784789 ) ) ;
#4592 = CARTESIAN_POINT ( 'NONE',  ( 1.976425237444370486, 6.402768735150616918E-18, -0.5880286626417449147 ) ) ;
#4593 = LINE ( 'NONE', #2625, #3192 ) ;
#4594 = CARTESIAN_POINT ( 'NONE',  ( 1.109162933886112645, 0.01574803149606299191, -0.7337673975142066096 ) ) ;
#4595 = CARTESIAN_POINT ( 'NONE',  ( 2.329999999999999627, 0.2149999999999981093, -0.2750000000000003553 ) ) ;
#4596 = FACE_OUTER_BOUND ( 'NONE', #483, .T. ) ;
#4597 = ADVANCED_FACE ( 'NONE', ( #5335 ), #49, .F. ) ;
#4598 = FACE_OUTER_BOUND ( 'NONE', #3470, .T. ) ;
#4599 = ORIENTED_EDGE ( 'NONE', *, *, #5577, .F. ) ;
#4600 = CARTESIAN_POINT ( 'NONE',  ( 1.211632787569097980, 0.01574803149606299191, -0.7362273807603317843 ) ) ;
#4601 = CARTESIAN_POINT ( 'NONE',  ( 1.998454248247542031, 0.01574803149606299191, -0.6888589245931215910 ) ) ;
#4602 = CARTESIAN_POINT ( 'NONE',  ( 1.142422921151178938, 0.01574803149606299191, -0.6276072213740757633 ) ) ;
#4603 = ORIENTED_EDGE ( 'NONE', *, *, #4370, .F. ) ;
#4604 = CARTESIAN_POINT ( 'NONE',  ( 2.107111404935126941, 0.01574803149606299191, -0.7266000665955246740 ) ) ;
#4605 = CARTESIAN_POINT ( 'NONE',  ( 2.084594781241063899, 0.01574803149606299191, -0.4894709107017726213 ) ) ;
#4606 = CARTESIAN_POINT ( 'NONE',  ( 1.378345129665667690, 0.01574803149606299191, -0.7205800435056687325 ) ) ;
#4607 = LINE ( 'NONE', #203, #1811 ) ;
#4608 = CARTESIAN_POINT ( 'NONE',  ( 1.827661828411983214, 6.402768735150616918E-18, -0.6640829252053401799 ) ) ;
#4609 = DIRECTION ( 'NONE',  ( 0.000000000000000000, 0.000000000000000000, -1.000000000000000000 ) ) ;
#4610 = CARTESIAN_POINT ( 'NONE',  ( 1.565724409054905397, 6.402768735150616918E-18, -0.7362499999999999600 ) ) ;
#4611 = LINE ( 'NONE', #2265, #5262 ) ;
#4612 = LINE ( 'NONE', #1232, #3103 ) ;
#4613 = CARTESIAN_POINT ( 'NONE',  ( 2.016798627804905486, 0.01574803149606299191, -0.7362499999999999600 ) ) ;
#4614 = CARTESIAN_POINT ( 'NONE',  ( 1.060044030121990666, 0.000000000000000000, -0.6209116725288940097 ) ) ;
#4615 = LINE ( 'NONE', #1151, #2792 ) ;
#4616 = CARTESIAN_POINT ( 'NONE',  ( 1.125190884624478249, 0.000000000000000000, -0.7356584067465468113 ) ) ;
#4617 = CARTESIAN_POINT ( 'NONE',  ( 1.085337064746080049, 0.01574803149606299191, -0.7256772953896107881 ) ) ;
#4618 = CARTESIAN_POINT ( 'NONE',  ( 0.9003140876050503838, 0.01574803149606299191, -0.7124100590933337696 ) ) ;
#4619 = CARTESIAN_POINT ( 'NONE',  ( 1.391183730908384097, 0.01574803149606299191, -0.7327621706631577414 ) ) ;
#4620 = AXIS2_PLACEMENT_3D ( 'NONE', #2932, #2858, #4328 ) ;
#4621 = ORIENTED_EDGE ( 'NONE', *, *, #72, .F. ) ;
#4622 = CARTESIAN_POINT ( 'NONE',  ( 1.838379137025604182, 0.01574803149606299191, -0.6122730195714291002 ) ) ;
#4623 = ORIENTED_EDGE ( 'NONE', *, *, #3162, .F. ) ;
#4624 = ADVANCED_FACE ( 'NONE', ( #1007 ), #4165, .T. ) ;
#4625 = EDGE_LOOP ( 'NONE', ( #2347, #5098, #5954, #3738 ) ) ;
#4626 = VECTOR ( 'NONE', #5562, 39.37007874015748143 ) ;
#4627 = DIRECTION ( 'NONE',  ( 0.000000000000000000, 0.000000000000000000, -1.000000000000000000 ) ) ;
#4628 = EDGE_CURVE ( 'NONE', #5468, #2247, #3363, .T. ) ;
#4629 = CARTESIAN_POINT ( 'NONE',  ( 1.533394957509973899, 0.01574803149606299191, -0.7262016775290135451 ) ) ;
#4630 = CARTESIAN_POINT ( 'NONE',  ( 0.8311052684299053972, 2.134256245050205639E-18, -0.7079785156249999156 ) ) ;
#4631 = DIRECTION ( 'NONE',  ( 0.5185576816259125366, 0.000000000000000000, -0.8550426485426084744 ) ) ;
#4632 = ORIENTED_EDGE ( 'NONE', *, *, #1301, .F. ) ;
#4633 = VECTOR ( 'NONE', #2445, 39.37007874015748143 ) ;
#4634 = DIRECTION ( 'NONE',  ( -1.000000000000000000, 0.000000000000000000, 0.000000000000000000 ) ) ;
#4635 = CARTESIAN_POINT ( 'NONE',  ( 1.426857221554905575, 0.000000000000000000, -0.7362499999999999600 ) ) ;
#4636 = VECTOR ( 'NONE', #2794, 39.37007874015748143 ) ;
#4637 = CARTESIAN_POINT ( 'NONE',  ( 2.057179487179905397, 0.01574803149606299191, -0.6925000000000000044 ) ) ;
#4638 = CARTESIAN_POINT ( 'NONE',  ( 1.051163031618342902, 0.01574803149606299191, -0.6519758408726168408 ) ) ;
#4639 = CARTESIAN_POINT ( 'NONE',  ( 0.7412875443072729498, 0.01574803149606299191, -0.7315630477927050901 ) ) ;
#4640 = DIRECTION ( 'NONE',  ( -0.000000000000000000, -1.000000000000000000, -0.000000000000000000 ) ) ;
#4641 = EDGE_CURVE ( 'NONE', #4783, #4697, #2028, .T. ) ;
#4642 = CARTESIAN_POINT ( 'NONE',  ( 1.588527143429905530, 2.134256245050205639E-18, -0.4893750000000000044 ) ) ;
#4643 = DIRECTION ( 'NONE',  ( -0.000000000000000000, -1.000000000000000000, -0.000000000000000000 ) ) ;
#4644 = CARTESIAN_POINT ( 'NONE',  ( 1.991300891385690219, 0.01574803149606299191, -0.7351717324689980293 ) ) ;
#4645 = CARTESIAN_POINT ( 'NONE',  ( 1.776334354212897537, 0.01574803149606299191, -0.6061951555971232253 ) ) ;
#4646 = CARTESIAN_POINT ( 'NONE',  ( 1.712658128297170013, 0.000000000000000000, -0.4981184784900473117 ) ) ;
#4647 = B_SPLINE_CURVE_WITH_KNOTS ( 'NONE', 3,
 ( #5643, #1277, #5168, #799, #3772, #2722, #319, #1788, #2787, #3696, #4741, #5681, #4217, #1314, #3227 ),
 .UNSPECIFIED., .F., .F.,
 ( 4, 1, 1, 1, 1, 1, 1, 1, 1, 1, 1, 1, 4 ),
 ( 0.000000000000000000, 0.08979271063555817334, 0.1753942178141328634, 0.2588056349961301850, 0.3398127966891512086, 0.4200621604101829609, 0.4991223246882410258, 0.5788384868517739701, 0.6591082875927595230, 0.7411182879485643804, 0.8251094400327123601, 0.9110392593857606913, 1.000000000000000000 ),
 .UNSPECIFIED. ) ;
#4648 = CARTESIAN_POINT ( 'NONE',  ( 0.9946093181914842374, 0.01574803149606299191, -0.7375105510891896143 ) ) ;
#4649 = CARTESIAN_POINT ( 'NONE',  ( 1.144923627804905752, 0.01574803149606299191, -0.7362499999999999600 ) ) ;
#4650 = CARTESIAN_POINT ( 'NONE',  ( 1.664871923455722325, 0.01574803149606299191, -0.6150814801740419613 ) ) ;
#4651 = LINE ( 'NONE', #3088, #2419 ) ;
#4652 = LINE ( 'NONE', #2246, #1097 ) ;
#4653 = ORIENTED_EDGE ( 'NONE', *, *, #2020, .F. ) ;
#4654 = ORIENTED_EDGE ( 'NONE', *, *, #681, .T. ) ;
#4655 = ORIENTED_EDGE ( 'NONE', *, *, #1976, .T. ) ;
#4656 = CARTESIAN_POINT ( 'NONE',  ( 2.329999999999999627, 0.000000000000000000, -0.9549999999999996270 ) ) ;
#4657 = CARTESIAN_POINT ( 'NONE',  ( 1.240462753909512106, 0.01574803149606299191, -0.7152455378057739344 ) ) ;
#4658 = CARTESIAN_POINT ( 'NONE',  ( 0.8662979170463562806, 0.01574803149606299191, -0.7392444795448696038 ) ) ;
#4659 = CARTESIAN_POINT ( 'NONE',  ( 1.666396295937958794, 0.01574803149606299191, -0.5218875421156071726 ) ) ;
#4660 = ORIENTED_EDGE ( 'NONE', *, *, #3398, .F. ) ;
#4661 = EDGE_CURVE ( 'NONE', #1195, #4529, #2851, .T. ) ;
#4662 = CARTESIAN_POINT ( 'NONE',  ( 1.842602247532375781, 0.000000000000000000, -0.7203398435468796324 ) ) ;
#4663 = CARTESIAN_POINT ( 'NONE',  ( 1.676278791428718939, 0.000000000000000000, -0.6215183839780858976 ) ) ;
#4664 = CARTESIAN_POINT ( 'NONE',  ( 1.375929487179905486, 0.01574803149606299191, -0.7068066406249999822 ) ) ;
#4665 = ADVANCED_FACE ( 'NONE', ( #16 ), #3199, .T. ) ;
#4666 = CARTESIAN_POINT ( 'NONE',  ( 1.375929487179905486, 0.01574803149606299191, -0.7068066406249999822 ) ) ;
#4667 = CARTESIAN_POINT ( 'NONE',  ( 1.830860046329600088, 0.01574803149606299191, -0.6573772749885622435 ) ) ;
#4668 = LINE ( 'NONE', #426, #902 ) ;
#4669 = ORIENTED_EDGE ( 'NONE', *, *, #4190, .F. ) ;
#4670 = CARTESIAN_POINT ( 'NONE',  ( 1.983689106504815669, 0.01574803149606299191, -0.6783564305222392621 ) ) ;
#4671 = CARTESIAN_POINT ( 'NONE',  ( 0.5000000000000000000, 0.07000000000000000666, -0.8649999999999998801 ) ) ;
#4672 = DIRECTION ( 'NONE',  ( -0.000000000000000000, -1.000000000000000000, -0.000000000000000000 ) ) ;
#4673 = CARTESIAN_POINT ( 'NONE',  ( 1.979109395844689478, 2.134256245050205639E-18, -0.6579403409033010020 ) ) ;
#4674 = DIRECTION ( 'NONE',  ( -1.000000000000000000, 0.000000000000000000, 0.000000000000000000 ) ) ;
#4675 = FACE_OUTER_BOUND ( 'NONE', #3546, .T. ) ;
#4676 = CARTESIAN_POINT ( 'NONE',  ( 1.185304487179905886, 0.000000000000000000, -0.5831250000000000044 ) ) ;
#4677 = ORIENTED_EDGE ( 'NONE', *, *, #365, .F. ) ;
#4678 = EDGE_CURVE ( 'NONE', #876, #2437, #3288, .T. ) ;
#4679 = DIRECTION ( 'NONE',  ( 0.000000000000000000, 0.000000000000000000, -1.000000000000000000 ) ) ;
#4680 = ORIENTED_EDGE ( 'NONE', *, *, #5924, .T. ) ;
#4681 = FACE_OUTER_BOUND ( 'NONE', #1265, .T. ) ;
#4682 = CARTESIAN_POINT ( 'NONE',  ( 0.8702165965549053528, 0.01574803149606299191, -0.7393750000000000044 ) ) ;
#4683 = CARTESIAN_POINT ( 'NONE',  ( 1.736104624238639760, 0.000000000000000000, -0.6862385073715552286 ) ) ;
#4684 = CARTESIAN_POINT ( 'NONE',  ( 2.110245542610794445, 0.000000000000000000, -0.7215162773531212936 ) ) ;
#4685 = ORIENTED_EDGE ( 'NONE', *, *, #2588, .F. ) ;
#4686 = B_SPLINE_SURFACE_WITH_KNOTS ( 'NONE', 3, 1, ( 
 ( #3010, #4032 ),
 ( #6011, #5669 ),
 ( #4658, #2811 ),
 ( #3181, #280 ),
 ( #5707, #1744 ),
 ( #2714, #757 ),
 ( #3250, #1306 ),
 ( #5257, #1777 ),
 ( #415, #1342 ),
 ( #856, #6157 ),
 ( #1819, #2682 ),
 ( #3631, #308 ),
 ( #1242, #4630 ) ),
 .UNSPECIFIED., .F., .F., .F.,
 ( 4, 1, 1, 1, 1, 1, 1, 1, 1, 1, 4 ),
 ( 2, 2 ),
 ( 0.000000000000000000, 0.07535272531117850892, 0.1457101459564908996, 0.2120494024962112922, 0.2759698615500869590, 0.3943682188678130363, 0.5031898768367717434, 0.6106090348338225615, 0.7233993654665143991, 0.8507550168245121558, 1.000000000000000000 ),
 ( 0.000000000000000000, 1.000000000000000000 ),
 .UNSPECIFIED. ) ;
#4687 = VERTEX_POINT ( 'NONE', #5466 ) ;
#4688 = CARTESIAN_POINT ( 'NONE',  ( 2.057179487179905397, 0.01574803149606299191, -0.6268749999999999600 ) ) ;
#4689 = EDGE_CURVE ( 'NONE', #6229, #1096, #5500, .T. ) ;
#4690 = FACE_OUTER_BOUND ( 'NONE', #1223, .T. ) ;
#4691 = LINE ( 'NONE', #2808, #1192 ) ;
#4692 = VERTEX_POINT ( 'NONE', #617 ) ;
#4693 = CARTESIAN_POINT ( 'NONE',  ( 0.9858525161510304224, 0.01574803149606299191, -0.7392728819672014229 ) ) ;
#4694 = CARTESIAN_POINT ( 'NONE',  ( 1.731848186306505610, 0.01574803149606299191, -0.7357802255022201088 ) ) ;
#4695 = CARTESIAN_POINT ( 'NONE',  ( 0.8311052684299053972, 0.01574803149606299191, -0.7079785156249999156 ) ) ;
#4696 = PRODUCT_RELATED_PRODUCT_CATEGORY ( 'part', '', ( #3623 ) ) ;
#4697 = VERTEX_POINT ( 'NONE', #4059 ) ;
#4698 = ORIENTED_EDGE ( 'NONE', *, *, #3574, .F. ) ;
#4699 = DIRECTION ( 'NONE',  ( -0.000000000000000000, -1.000000000000000000, -0.000000000000000000 ) ) ;
#4700 = CARTESIAN_POINT ( 'NONE',  ( 2.074470232313248008, 0.01574803149606299191, -0.4912707174611702365 ) ) ;
#4701 = CARTESIAN_POINT ( 'NONE',  ( 1.461156639516344669, 1.707404996040164512E-17, -0.5198684452770315767 ) ) ;
#4702 = CARTESIAN_POINT ( 'NONE',  ( 1.155159734310539976, 0.01574803149606299191, -0.6269035143893506579 ) ) ;
#4703 = CARTESIAN_POINT ( 'NONE',  ( 1.010304487179905841, 0.000000000000000000, -0.7072949218750000933 ) ) ;
#4704 = ORIENTED_EDGE ( 'NONE', *, *, #890, .F. ) ;
#4705 = CARTESIAN_POINT ( 'NONE',  ( 0.7283223191602938851, 0.01574803149606299191, -0.7391253615402667565 ) ) ;
#4706 = CARTESIAN_POINT ( 'NONE',  ( 1.745460737179905575, 0.000000000000000000, -0.5799999999999999600 ) ) ;
#4707 = EDGE_CURVE ( 'NONE', #1632, #122, #1792, .T. ) ;
#4708 = CARTESIAN_POINT ( 'NONE',  ( 2.014297921151178894, 2.134256245050205639E-18, -0.6276072213740757633 ) ) ;
#4709 = DIRECTION ( 'NONE',  ( -0.000000000000000000, -1.000000000000000000, -0.000000000000000000 ) ) ;
#4710 = CARTESIAN_POINT ( 'NONE',  ( 1.064187937789624838, 0.000000000000000000, -0.6144818557087915467 ) ) ;
#4711 = CARTESIAN_POINT ( 'NONE',  ( 0.7665544871799053750, 0.000000000000000000, -0.5189160156250000044 ) ) ;
#4712 = EDGE_LOOP ( 'NONE', ( #3858, #5181, #5153, #3482 ) ) ;
#4713 = CARTESIAN_POINT ( 'NONE',  ( 1.815363405212180314, 0.01574803149606299191, -0.5489212441863686731 ) ) ;
#4714 = CARTESIAN_POINT ( 'NONE',  ( 0.8831483222728963023, 0.01574803149606299191, -0.7365684856197703967 ) ) ;
#4715 = CARTESIAN_POINT ( 'NONE',  ( 1.715405917995800333, 0.01574803149606299191, -0.6619560225051788205 ) ) ;
#4716 = VERTEX_POINT ( 'NONE', #4577 ) ;
#4717 = CARTESIAN_POINT ( 'NONE',  ( 1.241554487179905797, 0.01574803149606299191, -0.5214062499999999600 ) ) ;
#4718 = CARTESIAN_POINT ( 'NONE',  ( 0.9839861278049059079, 0.000000000000000000, -0.7393750000000001155 ) ) ;
#4719 = CARTESIAN_POINT ( 'NONE',  ( 2.029786909054905220, 0.000000000000000000, -0.6925000000000000044 ) ) ;
#4720 = CARTESIAN_POINT ( 'NONE',  ( 1.494777143429905530, 0.01574803149606299191, -0.5737499999999999822 ) ) ;
#4721 = ORIENTED_EDGE ( 'NONE', *, *, #2133, .T. ) ;
#4722 = ORIENTED_EDGE ( 'NONE', *, *, #4237, .T. ) ;
#4723 = CARTESIAN_POINT ( 'NONE',  ( 1.375929487179905486, 0.000000000000000000, -0.7068066406249999822 ) ) ;
#4724 = CARTESIAN_POINT ( 'NONE',  ( 1.936062937789623462, 0.01574803149606299191, -0.6144818557087909916 ) ) ;
#4725 = VERTEX_POINT ( 'NONE', #226 ) ;
#4726 = EDGE_CURVE ( 'NONE', #3005, #4171, #4122, .T. ) ;
#4727 = CARTESIAN_POINT ( 'NONE',  ( 1.228441344785508704, 0.01574803149606299191, -0.7320200826854215137 ) ) ;
#4728 = CLOSED_SHELL ( 'NONE', ( #1738, #4597, #4092, #5894, #1879, #1728, #2189, #3554, #2835, #4286, #3302, #6079, #3621, #5363, #611, #720, #1770, #5834, #2966, #3542, #4320, #2871, #2180, #4277, #1390, #5154, #4768, #2731, #2647, #2763, #396, #3984, #784, #6308, #739, #1258, #4157, #4048, #2940, #4665, #2444, #3561, #2075, #3846, #201, #3373, #1664, #4624, #4908, #4149, #3765, #4790, #4975, #3678, #1426, #1951, #2092, #3040, #5150, #5306, #3259, #5119, #1863, #1599, #2249, #5994, #4114, #3746, #1168, #2512, #731, #870, #2467, #3071, #472, #4379, #321, #3967, #5771, #1640, #4431, #5705, #1496, #4566, #141, #5054, #3438, #253, #1085, #4831, #2889, #3572, #5193, #6042, #5956, #4206, #4829, #2662, #5811, #4983, #544, #3359, #6266, #1785, #1656, #1944, #842, #4100, #999, #4758, #5999, #5641, #701, #4490, #5410, #3320, #5462, #3142, #6062, #5682, #3485, #2523, #1970, #3353, #5132, #213, #2680, #2969, #2236 ) ) ;
#4729 = CARTESIAN_POINT ( 'NONE',  ( 1.678201197137761280, -2.134256245050205639E-18, -0.7052509260326546014 ) ) ;
#4730 = CARTESIAN_POINT ( 'NONE',  ( 1.658177123033379718, 0.01574803149606299191, -0.5356634234653790960 ) ) ;
#4731 = ORIENTED_EDGE ( 'NONE', *, *, #64, .F. ) ;
#4732 = VERTEX_POINT ( 'NONE', #2117 ) ;
#4733 = CIRCLE ( 'NONE', #1699, 0.1250000000000000278 ) ;
#4734 = AXIS2_PLACEMENT_3D ( 'NONE', #4905, #3548, #5525 ) ;
#4735 = CARTESIAN_POINT ( 'NONE',  ( 1.587301957338526304, 0.000000000000000000, -0.7360433113835537222 ) ) ;
#4736 = DIRECTION ( 'NONE',  ( 0.000000000000000000, 0.000000000000000000, -1.000000000000000000 ) ) ;
#4737 = CARTESIAN_POINT ( 'NONE',  ( 1.391183730908384097, 0.01574803149606299191, -0.7327621706631577414 ) ) ;
#4738 = LINE ( 'NONE', #3291, #4119 ) ;
#4739 = CARTESIAN_POINT ( 'NONE',  ( 0.8478981602852648791, 2.134256245050205639E-18, -0.5176555267358625700 ) ) ;
#4740 = VECTOR ( 'NONE', #5069, 39.37007874015748143 ) ;
#4741 = CARTESIAN_POINT ( 'NONE',  ( 1.053798690198496590, 0.000000000000000000, -0.6847626957698803585 ) ) ;
#4742 = VECTOR ( 'NONE', #98, 39.37007874015748143 ) ;
#4743 = FACE_OUTER_BOUND ( 'NONE', #5786, .T. ) ;
#4744 = CARTESIAN_POINT ( 'NONE',  ( 2.007564165549411861, 0.01574803149606299191, -0.6285930086686676299 ) ) ;
#4745 = CARTESIAN_POINT ( 'NONE',  ( 1.772498423178937799, -0.000000000000000000, -0.5331913355487007955 ) ) ;
#4746 = CARTESIAN_POINT ( 'NONE',  ( 1.081051659418518884, 0.000000000000000000, -0.5984973928187043990 ) ) ;
#4747 = DIRECTION ( 'NONE',  ( 0.000000000000000000, 0.000000000000000000, -1.000000000000000000 ) ) ;
#4748 = VERTEX_POINT ( 'NONE', #2192 ) ;
#4749 = VECTOR ( 'NONE', #2046, 39.37007874015748143 ) ;
#4750 = CARTESIAN_POINT ( 'NONE',  ( 1.828228106193082958, 0.01574803149606299191, -0.5655082474758671429 ) ) ;
#4751 = CARTESIAN_POINT ( 'NONE',  ( 1.776564252804905708, 0.01574803149606299191, -0.6016308593750000488 ) ) ;
#4752 = CARTESIAN_POINT ( 'NONE',  ( 1.732325644947370291, 0.01574803149606299191, -0.6832802168751842542 ) ) ;
#4753 = CARTESIAN_POINT ( 'NONE',  ( 0.8986376333861287868, 0.000000000000000000, -0.7196902923623984538 ) ) ;
#4754 = CARTESIAN_POINT ( 'NONE',  ( 1.922865762372156340, 0.01574803149606299191, -0.6636299963044934858 ) ) ;
#4755 = CARTESIAN_POINT ( 'NONE',  ( 2.087418124153548327, 0.000000000000000000, -0.7358011333994025627 ) ) ;
#4756 = FACE_OUTER_BOUND ( 'NONE', #2949, .T. ) ;
#4757 = ORIENTED_EDGE ( 'NONE', *, *, #2312, .T. ) ;
#4758 = ADVANCED_FACE ( 'NONE', ( #4112 ), #4686, .T. ) ;
#4759 = CARTESIAN_POINT ( 'NONE',  ( 0.000000000000000000, 0.1400000000000000133, -0.1250000000000000278 ) ) ;
#4760 = LINE ( 'NONE', #413, #3910 ) ;
#4761 = CARTESIAN_POINT ( 'NONE',  ( 2.105108418246065760, 0.01574803149606299191, -0.7286887187873851701 ) ) ;
#4762 = EDGE_CURVE ( 'NONE', #5547, #5838, #4205, .T. ) ;
#4763 = DIRECTION ( 'NONE',  ( -0.0001256912946026835702, 0.000000000000000000, 0.9999999921008492221 ) ) ;
#4764 = CARTESIAN_POINT ( 'NONE',  ( 1.053798690198496590, 0.01574803149606299191, -0.6847626957698803585 ) ) ;
#4765 = VERTEX_POINT ( 'NONE', #2220 ) ;
#4766 = ORIENTED_EDGE ( 'NONE', *, *, #1399, .T. ) ;
#4767 = DIRECTION ( 'NONE',  ( 0.000000000000000000, 0.000000000000000000, -1.000000000000000000 ) ) ;
#4768 = ADVANCED_FACE ( 'NONE', ( #6231 ), #5191, .F. ) ;
#4769 = CARTESIAN_POINT ( 'NONE',  ( 1.451056603349967222, 0.01574803149606299191, -0.7319510360970333807 ) ) ;
#4770 = CARTESIAN_POINT ( 'NONE',  ( 1.474107282438539279, 0.01574803149606299191, -0.4961317259515357625 ) ) ;
#4771 = CARTESIAN_POINT ( 'NONE',  ( 1.458525488838899875, 1.707404996040164512E-17, -0.5293639032030675873 ) ) ;
#4772 = CARTESIAN_POINT ( 'NONE',  ( 0.8641409577175938050, 0.01574803149606299191, -0.4912404362675277802 ) ) ;
#4773 = CARTESIAN_POINT ( 'NONE',  ( 1.429054487179905575, 0.000000000000000000, -0.5196484375000000044 ) ) ;
#4774 = EDGE_LOOP ( 'NONE', ( #1536, #1977, #5560, #4164 ) ) ;
#4775 = FACE_OUTER_BOUND ( 'NONE', #3881, .T. ) ;
#4776 = CARTESIAN_POINT ( 'NONE',  ( 2.097721635246173832, 0.01574803149606299191, -0.4912065637766125370 ) ) ;
#4777 = CARTESIAN_POINT ( 'NONE',  ( 1.079120435182996385, 0.01574803149606299191, -0.5999818517838254595 ) ) ;
#4778 = CARTESIAN_POINT ( 'NONE',  ( 1.696437299679905752, 0.01574803149606299191, -0.6237500000000000266 ) ) ;
#4779 = DIRECTION ( 'NONE',  ( -0.000000000000000000, -1.000000000000000000, -0.000000000000000000 ) ) ;
#4780 = VERTEX_POINT ( 'NONE', #1372 ) ;
#4781 = CARTESIAN_POINT ( 'NONE',  ( 0.2000000000000000111, 0.000000000000000000, -0.6149999999999999911 ) ) ;
#4782 = LINE ( 'NONE', #367, #1803 ) ;
#4783 = VERTEX_POINT ( 'NONE', #382 ) ;
#4784 = CARTESIAN_POINT ( 'NONE',  ( 1.050929487179905975, 0.01574803149606299191, -0.6608593750000001377 ) ) ;
#4785 = CARTESIAN_POINT ( 'NONE',  ( 0.9713664042163668855, 0.000000000000000000, -0.7374641792590741485 ) ) ;
#4786 = LINE ( 'NONE', #1332, #2789 ) ;
#4787 = CARTESIAN_POINT ( 'NONE',  ( 2.015297436579219337, 0.01574803149606299191, -0.6920102964326760864 ) ) ;
#4788 = VERTEX_POINT ( 'NONE', #2318 ) ;
#4789 = CARTESIAN_POINT ( 'NONE',  ( 1.738501658885703183, 0.000000000000000000, -0.5371477835755119612 ) ) ;
#4790 = ADVANCED_FACE ( 'NONE', ( #3281 ), #3705, .T. ) ;
#4791 = CARTESIAN_POINT ( 'NONE',  ( 1.936062937789623462, 0.000000000000000000, -0.6144818557087909916 ) ) ;
#4792 = CARTESIAN_POINT ( 'NONE',  ( 0.7393959099419196157, 0.01574803149606299191, -0.4912410258914117200 ) ) ;
#4793 = CARTESIAN_POINT ( 'NONE',  ( 2.102333527385670919, 0.01574803149606299191, -0.4939404300633070122 ) ) ;
#4794 = ORIENTED_EDGE ( 'NONE', *, *, #6226, .T. ) ;
#4795 = CARTESIAN_POINT ( 'NONE',  ( 1.006398639980607523, 0.01574803149606299191, -0.7265893274304040528 ) ) ;
#4796 = CARTESIAN_POINT ( 'NONE',  ( 1.157911909054905708, 0.01574803149606299191, -0.6925000000000000044 ) ) ;
#4797 = DIRECTION ( 'NONE',  ( 0.000000000000000000, -1.000000000000000000, 0.000000000000000000 ) ) ;
#4798 = ORIENTED_EDGE ( 'NONE', *, *, #3108, .F. ) ;
#4799 = VERTEX_POINT ( 'NONE', #9 ) ;
#4800 = CARTESIAN_POINT ( 'NONE',  ( 0.1250000000000000000, 0.000000000000000000, -3.414809992080329023E-17 ) ) ;
#4801 = CARTESIAN_POINT ( 'NONE',  ( 1.241068956533415202, 0.000000000000000000, -0.7116585904362078274 ) ) ;
#4802 = CARTESIAN_POINT ( 'NONE',  ( 1.429054487179905575, 0.01574803149606299191, -0.6799999999999999378 ) ) ;
#4803 = CARTESIAN_POINT ( 'NONE',  ( 1.827661828411983214, 0.01574803149606299191, -0.6640829252053401799 ) ) ;
#4804 = CARTESIAN_POINT ( 'NONE',  ( 1.663883044790278154, 0.01574803149606299191, -0.5243648215944163304 ) ) ;
#4805 = CARTESIAN_POINT ( 'NONE',  ( 0.8518084288704442786, 0.01574803149606299191, -0.5021821391456254835 ) ) ;
#4806 = CARTESIAN_POINT ( 'NONE',  ( 1.762758600844492651, -0.000000000000000000, -0.7392921514118790949 ) ) ;
#4807 = ORIENTED_EDGE ( 'NONE', *, *, #2545, .F. ) ;
#4808 = CARTESIAN_POINT ( 'NONE',  ( 2.113429487179905308, 0.01574803149606299191, -0.7037304687500000044 ) ) ;
#4809 = CARTESIAN_POINT ( 'NONE',  ( 1.582290012972215942, 0.01574803149606299191, -0.4896745418457100762 ) ) ;
#4810 = CARTESIAN_POINT ( 'NONE',  ( 1.776564252804905708, 0.000000000000000000, -0.6016308593750000488 ) ) ;
#4811 = CARTESIAN_POINT ( 'NONE',  ( 1.443618306362833170, 0.000000000000000000, -0.7348318188605668100 ) ) ;
#4812 = CARTESIAN_POINT ( 'NONE',  ( 1.464894330929905619, 0.01574803149606299191, -0.7020214843750001155 ) ) ;
#4813 = VERTEX_POINT ( 'NONE', #2416 ) ;
#4814 = CARTESIAN_POINT ( 'NONE',  ( 1.657179487179905930, 0.01574803149606299191, -0.5913769531250000488 ) ) ;
#4815 = ADVANCED_BREP_SHAPE_REPRESENTATION ( 'Eggfinder LCD Case V2 Program Door No Inlay', ( #5220, #4961 ), #6090 ) ;
#4816 = CARTESIAN_POINT ( 'NONE',  ( 1.740454092043963064, 4.268512490100411279E-18, -0.6888545350961746694 ) ) ;
#4817 = CARTESIAN_POINT ( 'NONE',  ( 0.9774270794135049290, 0.000000000000000000, -0.7391118740944179200 ) ) ;
#4818 = CARTESIAN_POINT ( 'NONE',  ( 2.022310854072205011, 0.01574803149606299191, -0.6924205760502365470 ) ) ;
#4819 = ORIENTED_EDGE ( 'NONE', *, *, #1692, .T. ) ;
#4820 = DIRECTION ( 'NONE',  ( 0.5773502691896247319, 0.5773502691896310601, 0.5773502691896215122 ) ) ;
#4821 = CARTESIAN_POINT ( 'NONE',  ( 1.391183730908384097, 0.000000000000000000, -0.7327621706631577414 ) ) ;
#4822 = CARTESIAN_POINT ( 'NONE',  ( 0.7450025352503145681, 0.01574803149606299191, -0.4939107330302300869 ) ) ;
#4823 = CARTESIAN_POINT ( 'NONE',  ( 2.113358348082477800, 0.01574803149606299191, -0.5189743242880153762 ) ) ;
#4824 = LINE ( 'NONE', #4142, #5490 ) ;
#4825 = CARTESIAN_POINT ( 'NONE',  ( 1.664406049679905797, -2.134256245050205639E-18, -0.6747265625000000711 ) ) ;
#4826 = B_SPLINE_CURVE_WITH_KNOTS ( 'NONE', 3,
 ( #6280, #4917, #4885, #3400, #3467, #3946, #5860, #90, #2494, #1524, #4811, #4428, #2464, #462, #2892 ),
 .UNSPECIFIED., .F., .F.,
 ( 4, 1, 1, 1, 1, 1, 1, 1, 1, 1, 1, 1, 4 ),
 ( 0.000000000000000000, 0.1222949938864778124, 0.2286286528862490897, 0.3182628567669206210, 0.3913788219531474932, 0.4539022426926815901, 0.5143803733557370528, 0.5744352707559096105, 0.6372430550670444838, 0.7073086258173409968, 0.7906023698698244617, 0.8879324945909642386, 1.000000000000000000 ),
 .UNSPECIFIED. ) ;
#4827 = LINE ( 'NONE', #3888, #5991 ) ;
#4828 = ORIENTED_EDGE ( 'NONE', *, *, #4016, .T. ) ;
#4829 = ADVANCED_FACE ( 'NONE', ( #70 ), #2807, .T. ) ;
#4830 = B_SPLINE_CURVE_WITH_KNOTS ( 'NONE', 3,
 ( #2026, #1443, #3391, #967, #4318, #3895, #2354, #3425, #5367, #1959, #3936 ),
 .UNSPECIFIED., .F., .F.,
 ( 4, 1, 1, 1, 1, 1, 1, 1, 4 ),
 ( 0.000000000000000000, 0.1495992834452412878, 0.2819353318743840764, 0.4014919506173720287, 0.5122141042476819894, 0.6214475079150043602, 0.7346574448313997197, 0.8594258060854099712, 0.9999999999999998890 ),
 .UNSPECIFIED. ) ;
#4831 = ADVANCED_FACE ( 'NONE', ( #1405 ), #2746, .T. ) ;
#4832 = VERTEX_POINT ( 'NONE', #960 ) ;
#4833 = CARTESIAN_POINT ( 'NONE',  ( 1.946531226345996179, 0.01574803149606299191, -0.6032118762582030502 ) ) ;
#4834 = VECTOR ( 'NONE', #2106, 39.37007874015748143 ) ;
#4835 = CARTESIAN_POINT ( 'NONE',  ( 1.838429487179906063, 0.000000000000000000, -0.6155957031250001155 ) ) ;
#4836 = DIRECTION ( 'NONE',  ( 1.000000000000000000, 0.000000000000000000, 0.000000000000000000 ) ) ;
#4837 = LINE ( 'NONE', #5527, #2898 ) ;
#4838 = CARTESIAN_POINT ( 'NONE',  ( 1.657621228432649918, -2.134256245050205639E-18, -0.5390989695264859494 ) ) ;
#4839 = CARTESIAN_POINT ( 'NONE',  ( 1.928623798460251004, 0.000000000000000000, -0.6279117520509202022 ) ) ;
#4840 = CARTESIAN_POINT ( 'NONE',  ( 1.124403443486030385, 0.01574803149606299191, -0.6319324330598170558 ) ) ;
#4841 = CARTESIAN_POINT ( 'NONE',  ( 1.969707163975085829, 0.01574803149606299191, -0.7308371393224524226 ) ) ;
#4842 = ORIENTED_EDGE ( 'NONE', *, *, #890, .T. ) ;
#4843 = AXIS2_PLACEMENT_3D ( 'NONE', #4236, #439, #5698 ) ;
#4844 = EDGE_CURVE ( 'NONE', #5502, #140, #3856, .T. ) ;
#4845 = CARTESIAN_POINT ( 'NONE',  ( 1.576503429023484726, 0.01574803149606299191, -0.4911699182281333842 ) ) ;
#4846 = VECTOR ( 'NONE', #5797, 39.37007874015748143 ) ;
#4847 = CARTESIAN_POINT ( 'NONE',  ( 1.438803373186489321, 6.402768735150616918E-18, -0.7356877575278358838 ) ) ;
#4848 = CARTESIAN_POINT ( 'NONE',  ( 1.774979853927590057, 0.01574803149606299191, -0.6104769995186635212 ) ) ;
#4849 = B_SPLINE_CURVE_WITH_KNOTS ( 'NONE', 3,
 ( #269, #2703, #3143, #3646, #3538, #6054, #241, #3085, #5029, #5120, #2213 ),
 .UNSPECIFIED., .F., .F.,
 ( 4, 1, 1, 1, 1, 1, 1, 1, 4 ),
 ( 0.000000000000000000, 0.1292762757122593031, 0.2549421511798584672, 0.3773445022293860918, 0.4965462753555073827, 0.6164033901152238260, 0.7399491348754002606, 0.8678354194808639566, 1.000000000000000000 ),
 .UNSPECIFIED. ) ;
#4850 = ORIENTED_EDGE ( 'NONE', *, *, #1763, .F. ) ;
#4851 = EDGE_CURVE ( 'NONE', #1520, #5631, #994, .T. ) ;
#4852 = VECTOR ( 'NONE', #6316, 39.37007874015748143 ) ;
#4853 = ORIENTED_EDGE ( 'NONE', *, *, #4844, .F. ) ;
#4854 = CARTESIAN_POINT ( 'NONE',  ( 1.552658766736872975, 0.000000000000000000, -0.7355145572601897719 ) ) ;
#4855 = VERTEX_POINT ( 'NONE', #4451 ) ;
#4856 = DIRECTION ( 'NONE',  ( 0.000000000000000000, -0.000000000000000000, 1.000000000000000000 ) ) ;
#4857 = CARTESIAN_POINT ( 'NONE',  ( 0.9774285247949268118, 0.01574803149606299191, -0.4896414070140062136 ) ) ;
#4858 = CARTESIAN_POINT ( 'NONE',  ( 0.9543037309410364877, 0.01574803149606299191, -0.7141564496431698217 ) ) ;
#4859 = VECTOR ( 'NONE', #977, 39.37007874015748143 ) ;
#4860 = VERTEX_POINT ( 'NONE', #771 ) ;
#4861 = B_SPLINE_SURFACE_WITH_KNOTS ( 'NONE', 3, 1, ( 
 ( #4153, #908 ),
 ( #1355, #3805 ),
 ( #3265, #2295 ),
 ( #5239, #4708 ),
 ( #4744, #2360 ),
 ( #360, #6139 ),
 ( #1758, #2727 ),
 ( #3775, #4288 ),
 ( #6278, #6172 ),
 ( #3667, #1253 ),
 ( #6243, #1283 ),
 ( #871, #397 ),
 ( #3165, #4185 ),
 ( #1865, #4673 ),
 ( #5140, #3196 ) ),
 .UNSPECIFIED., .F., .F., .F.,
 ( 4, 1, 1, 1, 1, 1, 1, 1, 1, 1, 1, 1, 4 ),
 ( 2, 2 ),
 ( 0.000000000000000000, 0.1196246628663752143, 0.2282837097143243510, 0.3263627238658242113, 0.4152666510313157699, 0.4958568814466446373, 0.5702432826981825853, 0.6394510592149723616, 0.7065314550312612463, 0.7732900845859886907, 0.8425412606324501619, 0.9177644306273171626, 1.000000000000000000 ),
 ( 0.000000000000000000, 1.000000000000000000 ),
 .UNSPECIFIED. ) ;
#4862 = CARTESIAN_POINT ( 'NONE',  ( 1.881651661052698099, 0.000000000000000000, -0.6770903126124550031 ) ) ;
#4863 = CARTESIAN_POINT ( 'NONE',  ( 2.087418124153548327, 0.01574803149606299191, -0.7358011333994025627 ) ) ;
#4864 = ORIENTED_EDGE ( 'NONE', *, *, #5789, .F. ) ;
#4865 = CARTESIAN_POINT ( 'NONE',  ( 1.886340918577241954, 0.000000000000000000, -0.6657903054405369669 ) ) ;
#4866 = CARTESIAN_POINT ( 'NONE',  ( 1.220537491511593187, 0.01574803149606299191, -0.4896771582000229994 ) ) ;
#4867 = CARTESIAN_POINT ( 'NONE',  ( 0.6948872731656431379, 0.01574803149606299191, -0.7153414717591428662 ) ) ;
#4868 = VERTEX_POINT ( 'NONE', #1287 ) ;
#4869 = ORIENTED_EDGE ( 'NONE', *, *, #1196, .T. ) ;
#4870 = LINE ( 'NONE', #4800, #3510 ) ;
#4871 = B_SPLINE_CURVE_WITH_KNOTS ( 'NONE', 3,
 ( #1476, #3797, #5333, #966, #2423, #5264, #3862, #5882, #1514, #1858, #1927 ),
 .UNSPECIFIED., .F., .F.,
 ( 4, 1, 1, 1, 1, 1, 1, 1, 4 ),
 ( 0.000000000000000000, 0.1292762757122593031, 0.2549421511798584672, 0.3773445022293860918, 0.4965462753555073827, 0.6164033901152238260, 0.7399491348754002606, 0.8678354194808639566, 1.000000000000000000 ),
 .UNSPECIFIED. ) ;
#4872 = DIRECTION ( 'NONE',  ( 0.000000000000000000, 0.000000000000000000, -1.000000000000000000 ) ) ;
#4873 = CARTESIAN_POINT ( 'NONE',  ( 1.429054487179905575, 0.000000000000000000, -0.6799999999999999378 ) ) ;
#4874 = CARTESIAN_POINT ( 'NONE',  ( 1.404298627804905442, 0.01574803149606299191, -0.4893750000000000044 ) ) ;
#4875 = CARTESIAN_POINT ( 'NONE',  ( 1.669359781745054949, -2.134256245050205639E-18, -0.5194307890960563334 ) ) ;
#4876 = EDGE_CURVE ( 'NONE', #378, #5864, #5143, .T. ) ;
#4877 = CARTESIAN_POINT ( 'NONE',  ( 1.142422921151178938, 8.537024980200822558E-18, -0.6276072213740757633 ) ) ;
#4878 = CARTESIAN_POINT ( 'NONE',  ( 0.6946794871799053528, 0.01574803149606299191, -0.7089062499999998490 ) ) ;
#4879 = ORIENTED_EDGE ( 'NONE', *, *, #282, .T. ) ;
#4880 = CARTESIAN_POINT ( 'NONE',  ( 1.608322235033031289, 2.134256245050205639E-18, -0.7263902811075736432 ) ) ;
#4881 = EDGE_CURVE ( 'NONE', #5631, #5961, #2109, .T. ) ;
#4882 = CARTESIAN_POINT ( 'NONE',  ( 1.236928341666530429, 1.067128122525102820E-17, -0.7242062594868183822 ) ) ;
#4883 = CARTESIAN_POINT ( 'NONE',  ( 2.086769330929905131, 0.01574803149606299191, -0.4893750000000000044 ) ) ;
#4884 = LINE ( 'NONE', #1487, #3522 ) ;
#4885 = CARTESIAN_POINT ( 'NONE',  ( 1.463077998984859907, 0.000000000000000000, -0.7086071453434762413 ) ) ;
#4886 = CARTESIAN_POINT ( 'NONE',  ( 1.753557752773087897, 0.01574803149606299191, -0.6236842304198113585 ) ) ;
#4887 = ORIENTED_EDGE ( 'NONE', *, *, #5318, .F. ) ;
#4888 = B_SPLINE_CURVE_WITH_KNOTS ( 'NONE', 3,
 ( #6303, #13, #2783, #6235, #4316, #1926, #1441, #3255, #3358, #964, #933, #3389, #2848, #5230, #1888, #46, #3796, #2882, #4835 ),
 .UNSPECIFIED., .F., .F.,
 ( 4, 1, 1, 1, 1, 1, 1, 1, 1, 1, 1, 1, 1, 1, 1, 1, 4 ),
 ( 0.000000000000000000, 0.06367428536359440172, 0.1237398255667193081, 0.1814634900644866988, 0.2371307894525906401, 0.2918252068321824932, 0.3462646736541583059, 0.4009169421464858774, 0.4570118938865215252, 0.5149554476108593182, 0.5746918512815932800, 0.6375200860453686946, 0.7032845951744762791, 0.7727501022173918210, 0.8450323190435804488, 0.9206353381430476546, 0.9999999999999998890 ),
 .UNSPECIFIED. ) ;
#4889 = VERTEX_POINT ( 'NONE', #5519 ) ;
#4890 = CARTESIAN_POINT ( 'NONE',  ( 1.185532124056223102, 0.000000000000000000, -0.5142886079259293419 ) ) ;
#4891 = CARTESIAN_POINT ( 'NONE',  ( 0.8746523298013867409, 0.01574803149606299191, -0.7391549325012293226 ) ) ;
#4892 = CARTESIAN_POINT ( 'NONE',  ( 1.838281702508807403, 2.134256245050205639E-18, -0.6058431670515889156 ) ) ;
#4893 = CARTESIAN_POINT ( 'NONE',  ( 0.9541362347901385377, 0.01574803149606299191, -0.5192325721664362570 ) ) ;
#4894 = EDGE_CURVE ( 'NONE', #1520, #3440, #3644, .T. ) ;
#4895 = CARTESIAN_POINT ( 'NONE',  ( 1.808186265675640669, 0.000000000000000000, -0.7347176547495120058 ) ) ;
#4896 = CARTESIAN_POINT ( 'NONE',  ( 2.057179487179905397, 0.000000000000000000, -0.5209667968750000266 ) ) ;
#4897 = EDGE_LOOP ( 'NONE', ( #533, #5534, #5348, #5690 ) ) ;
#4898 = CARTESIAN_POINT ( 'NONE',  ( 0.8812601051126202067, 0.01574803149606299191, -0.4896107340137542674 ) ) ;
#4899 = CARTESIAN_POINT ( 'NONE',  ( 1.588527143429905530, 0.000000000000000000, -0.4893750000000000044 ) ) ;
#4900 = CARTESIAN_POINT ( 'NONE',  ( 1.712572332975243805, 0.01574803149606299191, -0.5469684390282316677 ) ) ;
#4901 = CARTESIAN_POINT ( 'NONE',  ( 1.230458527385670742, 2.134256245050205639E-18, -0.4939404300633070122 ) ) ;
#4902 = DIRECTION ( 'NONE',  ( 0.000000000000000000, 0.000000000000000000, 1.000000000000000000 ) ) ;
#4903 = EDGE_LOOP ( 'NONE', ( #5287, #310, #3720, #3341 ) ) ;
#4904 = ORIENTED_EDGE ( 'NONE', *, *, #1472, .F. ) ;
#4905 = CARTESIAN_POINT ( 'NONE',  ( 2.104999999999999982, 0.000000000000000000, -1.104999999999999982 ) ) ;
#4906 = CARTESIAN_POINT ( 'NONE',  ( 1.241554487179905797, 0.01574803149606299191, -0.7037304687500000044 ) ) ;
#4907 = CARTESIAN_POINT ( 'NONE',  ( 2.113429487179905308, 0.01574803149606299191, -0.5214062499999999600 ) ) ;
#4908 = ADVANCED_FACE ( 'NONE', ( #1091 ), #899, .T. ) ;
#4909 = CARTESIAN_POINT ( 'NONE',  ( 1.657186911217147784, 0.01574803149606299191, -0.5455585947241952116 ) ) ;
#4910 = DIRECTION ( 'NONE',  ( 0.000000000000000000, 0.000000000000000000, 1.000000000000000000 ) ) ;
#4911 = CARTESIAN_POINT ( 'NONE',  ( 1.112670047573996346, 8.537024980200822558E-18, -0.6406349633961225809 ) ) ;
#4912 = CARTESIAN_POINT ( 'NONE',  ( 2.009895144867603012, 0.000000000000000000, -0.7362523579507957994 ) ) ;
#4913 = ORIENTED_EDGE ( 'NONE', *, *, #5517, .T. ) ;
#4914 = CARTESIAN_POINT ( 'NONE',  ( 1.571520055508351055, 0.01574803149606299191, -0.4938218264033372717 ) ) ;
#4915 = CARTESIAN_POINT ( 'NONE',  ( 1.710304487179905575, 0.000000000000000000, -0.5480664062500000266 ) ) ;
#4916 = DIRECTION ( 'NONE',  ( 0.000000000000000000, 0.000000000000000000, -1.000000000000000000 ) ) ;
#4917 = CARTESIAN_POINT ( 'NONE',  ( 1.464261349065736573, -0.000000000000000000, -0.7043165516219213051 ) ) ;
#4918 = B_SPLINE_SURFACE_WITH_KNOTS ( 'NONE', 3, 1, ( 
 ( #581, #2518 ),
 ( #111, #3483 ),
 ( #5982, #4984 ),
 ( #1609, #1106 ),
 ( #2033, #3527 ),
 ( #5504, #621 ),
 ( #3043, #649 ),
 ( #20, #4880 ),
 ( #4425, #1965 ),
 ( #3869, #1484 ),
 ( #2956, #3396 ),
 ( #5374, #1013 ),
 ( #2929, #3942 ),
 ( #5925, #527 ),
 ( #2986, #4394 ) ),
 .UNSPECIFIED., .F., .F., .F.,
 ( 4, 1, 1, 1, 1, 1, 1, 1, 1, 1, 1, 1, 4 ),
 ( 2, 2 ),
 ( 0.000000000000000000, 0.08052749546006585102, 0.1557511882370008760, 0.2241427968279403882, 0.2877648094757402353, 0.3477864607779119210, 0.4043844265791493031, 0.4586476125116776825, 0.5125118302262239300, 0.6218513028698997580, 0.7381902753420745977, 0.8627846496160036516, 1.000000000000000000 ),
 ( 0.000000000000000000, 1.000000000000000000 ),
 .UNSPECIFIED. ) ;
#4919 = CARTESIAN_POINT ( 'NONE',  ( 1.145802534054905841, 0.01574803149606299191, -0.5831250000000000044 ) ) ;
#4920 = ORIENTED_EDGE ( 'NONE', *, *, #6188, .T. ) ;
#4921 = EDGE_CURVE ( 'NONE', #134, #6063, #2683, .T. ) ;
#4922 = B_SPLINE_CURVE_WITH_KNOTS ( 'NONE', 3,
 ( #243, #3626, #5599, #4617, #5282, #1840, #3849, #916, #469, #949, #3712, #5830, #982, #4263, #4784 ),
 .UNSPECIFIED., .F., .F.,
 ( 4, 1, 1, 1, 1, 1, 1, 1, 1, 1, 1, 1, 4 ),
 ( 0.000000000000000000, 0.08979271063555817334, 0.1753942178141328634, 0.2588056349961301850, 0.3398127966891512086, 0.4200621604101829609, 0.4991223246882410258, 0.5788384868517739701, 0.6591082875927595230, 0.7411182879485643804, 0.8251094400327123601, 0.9110392593857606913, 1.000000000000000000 ),
 .UNSPECIFIED. ) ;
#4923 = ORIENTED_EDGE ( 'NONE', *, *, #4504, .T. ) ;
#4924 = CARTESIAN_POINT ( 'NONE',  ( 1.774014222424570519, -0.000000000000000000, -0.4894713636712924032 ) ) ;
#4925 = EDGE_CURVE ( 'NONE', #2814, #1741, #4615, .T. ) ;
#4926 = CARTESIAN_POINT ( 'NONE',  ( 1.685855432617688221, -2.134256245050205639E-18, -0.6232241219072142124 ) ) ;
#4927 = CARTESIAN_POINT ( 'NONE',  ( 1.810088710735638928, 2.134256245050205639E-18, -0.5446912955164561199 ) ) ;
#4928 = CARTESIAN_POINT ( 'NONE',  ( 0.8386757062408136676, 0.000000000000000000, -0.7202955058092699314 ) ) ;
#4929 = CARTESIAN_POINT ( 'NONE',  ( 1.115870893429905752, 0.01574803149606299191, -0.6829296874999999378 ) ) ;
#4930 = CARTESIAN_POINT ( 'NONE',  ( 1.852314904582269328, 0.000000000000000000, -0.7135240400532313343 ) ) ;
#4931 = CARTESIAN_POINT ( 'NONE',  ( 2.027034734310539488, -0.000000000000000000, -0.6269035143893506579 ) ) ;
#4932 = EDGE_LOOP ( 'NONE', ( #5160, #4807, #2188, #2802 ) ) ;
#4933 = CARTESIAN_POINT ( 'NONE',  ( 1.657179487179905708, 0.000000000000000000, -0.5913769531250000488 ) ) ;
#4934 = CARTESIAN_POINT ( 'NONE',  ( 1.150435854072204611, 2.134256245050205639E-18, -0.6924205760502364360 ) ) ;
#4935 = CARTESIAN_POINT ( 'NONE',  ( 0.7230486278049053084, 0.01574803149606299191, -0.7393750000000000044 ) ) ;
#4936 = B_SPLINE_CURVE_WITH_KNOTS ( 'NONE', 3,
 ( #2080, #1629, #39, #1031, #5970, #3927, #545, #5875, #5397, #4968, #3478 ),
 .UNSPECIFIED., .F., .F.,
 ( 4, 1, 1, 1, 1, 1, 1, 1, 4 ),
 ( 0.000000000000000000, 0.1578428353174667897, 0.2988651118194809442, 0.4256063816622773777, 0.5454550476073432019, 0.6584628360853416185, 0.7692520896568657562, 0.8804925052990102419, 1.000000000000000000 ),
 .UNSPECIFIED. ) ;
#4937 = CARTESIAN_POINT ( 'NONE',  ( 1.529658595102607155, 0.000000000000000000, -0.5252131334001274299 ) ) ;
#4938 = ORIENTED_EDGE ( 'NONE', *, *, #2753, .T. ) ;
#4939 = CARTESIAN_POINT ( 'NONE',  ( 0.2000000000000000111, 0.1400000000000000133, -0.6149999999999999911 ) ) ;
#4940 = FACE_OUTER_BOUND ( 'NONE', #4625, .T. ) ;
#4941 = CARTESIAN_POINT ( 'NONE',  ( 1.397994253911368778, 2.134256245050205639E-18, -0.4896635208739297807 ) ) ;
#4942 = CARTESIAN_POINT ( 'NONE',  ( 1.659002355286515629, 0.01574803149606299191, -0.5325534197047187002 ) ) ;
#4943 = CARTESIAN_POINT ( 'NONE',  ( 1.925934603288674385, 0.000000000000000000, -0.6353857216656664253 ) ) ;
#4944 = CARTESIAN_POINT ( 'NONE',  ( 1.108425589604966177, 8.537024980200822558E-18, -0.6491831046553113715 ) ) ;
#4945 = CARTESIAN_POINT ( 'NONE',  ( 1.981037933886112601, 0.000000000000000000, -0.7337673975142066096 ) ) ;
#4946 = ORIENTED_EDGE ( 'NONE', *, *, #1119, .T. ) ;
#4947 = CARTESIAN_POINT ( 'NONE',  ( 1.185382510028260228, 0.01574803149606299191, -0.5186778385476670250 ) ) ;
#4948 = CARTESIAN_POINT ( 'NONE',  ( 2.113400148475798712, 0.000000000000000000, -0.7051150258839001816 ) ) ;
#4949 = CARTESIAN_POINT ( 'NONE',  ( 1.222555632894472888, 1.067128122525102820E-17, -0.7344148740484145454 ) ) ;
#4950 = CARTESIAN_POINT ( 'NONE',  ( 1.458036284001869909, 6.402768735150616918E-18, -0.7235988223764778793 ) ) ;
#4951 = CARTESIAN_POINT ( 'NONE',  ( 1.123855721102109406, 8.537024980200822558E-18, -0.5842720217304789854 ) ) ;
#4952 = VECTOR ( 'NONE', #1088, 39.37007874015748143 ) ;
#4953 = ORIENTED_EDGE ( 'NONE', *, *, #1035, .F. ) ;
#4954 = CARTESIAN_POINT ( 'NONE',  ( 1.820506218596455339, 0.01574803149606299191, -0.7309932627730580945 ) ) ;
#4955 = CARTESIAN_POINT ( 'NONE',  ( 0.8972963424864434101, 0.000000000000000000, -0.5017395451863837508 ) ) ;
#4956 = CIRCLE ( 'NONE', #1701, 0.1250000000000000278 ) ;
#4957 = CARTESIAN_POINT ( 'NONE',  ( 0.8746523298013867409, 0.000000000000000000, -0.7391549325012293226 ) ) ;
#4958 = CARTESIAN_POINT ( 'NONE',  ( 1.774776285444839452, 0.01574803149606299191, -0.5914623805091675512 ) ) ;
#4959 = CARTESIAN_POINT ( 'NONE',  ( 0.7230486278049053084, 0.01574803149606299191, -0.7393750000000000044 ) ) ;
#4960 = PLANE ( 'NONE',  #4331 ) ;
#4961 = AXIS2_PLACEMENT_3D ( 'NONE', #3751, #5604, #3718 ) ;
#4962 = VECTOR ( 'NONE', #1400, 39.37007874015748143 ) ;
#4963 = CARTESIAN_POINT ( 'NONE',  ( 1.457960737179905486, 0.01574803149606299191, -0.5314648437500000266 ) ) ;
#4964 = CARTESIAN_POINT ( 'NONE',  ( 1.875803376153104551, 0.000000000000000000, -0.6875206543491854116 ) ) ;
#4965 = CARTESIAN_POINT ( 'NONE',  ( 2.229999999999999538, 0.000000000000000000, -0.1250000000000000278 ) ) ;
#4966 = VERTEX_POINT ( 'NONE', #2081 ) ;
#4967 = VECTOR ( 'NONE', #5648, 39.37007874015748143 ) ;
#4968 = CARTESIAN_POINT ( 'NONE',  ( 0.9858525161510304224, -0.000000000000000000, -0.7392728819672014229 ) ) ;
#4969 = EDGE_CURVE ( 'NONE', #1772, #3729, #4733, .T. ) ;
#4970 = CARTESIAN_POINT ( 'NONE',  ( 1.734216351434068271, 0.000000000000000000, -0.4923811934883015606 ) ) ;
#4971 = CARTESIAN_POINT ( 'NONE',  ( 1.003085492958266656, 0.01574803149606299191, -0.4976146864655981439 ) ) ;
#4972 = FACE_BOUND ( 'NONE', #3248, .T. ) ;
#4973 = VERTEX_POINT ( 'NONE', #2599 ) ;
#4974 = ORIENTED_EDGE ( 'NONE', *, *, #2904, .T. ) ;
#4975 = ADVANCED_FACE ( 'NONE', ( #5033 ), #1814, .T. ) ;
#4976 = CARTESIAN_POINT ( 'NONE',  ( 0.7230486278049053084, 4.268512490100411279E-18, -0.7393750000000000044 ) ) ;
#4977 = CARTESIAN_POINT ( 'NONE',  ( 0.8963952433606935388, 0.000000000000000000, -0.7249349314784748755 ) ) ;
#4978 = CARTESIAN_POINT ( 'NONE',  ( 2.027214892973301819, 0.01574803149606299191, -0.6924726754716854504 ) ) ;
#4979 = DIRECTION ( 'NONE',  ( -0.5773502691896247319, 0.5773502691896310601, -0.5773502691896215122 ) ) ;
#4980 = EDGE_LOOP ( 'NONE', ( #147, #1089, #1846, #5073 ) ) ;
#4981 = B_SPLINE_CURVE_WITH_KNOTS ( 'NONE', 3,
 ( #3370, #5345, #4223, #6140, #5018, #118, #1189, #2583, #4525, #172, #1076 ),
 .UNSPECIFIED., .F., .F.,
 ( 4, 1, 1, 1, 1, 1, 1, 1, 4 ),
 ( 0.000000000000000000, 0.1196506913845639536, 0.2323942988104791274, 0.3415846489330138791, 0.4540851286129701792, 0.5719373066527821958, 0.6999891916916327617, 0.8408352924363500236, 1.000000000000000000 ),
 .UNSPECIFIED. ) ;
#4982 = CARTESIAN_POINT ( 'NONE',  ( 1.214894330929905841, 0.01574803149606299191, -0.4893750000000000044 ) ) ;
#4983 = ADVANCED_FACE ( 'NONE', ( #1452 ), #3337, .T. ) ;
#4984 = CARTESIAN_POINT ( 'NONE',  ( 1.613357473084141569, 2.134256245050205639E-18, -0.7108230314208824341 ) ) ;
#4985 = DIRECTION ( 'NONE',  ( -0.000000000000000000, -1.000000000000000000, -0.000000000000000000 ) ) ;
#4986 = CARTESIAN_POINT ( 'NONE',  ( 1.712615238068587731, 0.01574803149606299191, -0.6583572771525912914 ) ) ;
#4987 = CARTESIAN_POINT ( 'NONE',  ( 1.426857221554905575, 6.402768735150616918E-18, -0.7362499999999999600 ) ) ;
#4988 = CARTESIAN_POINT ( 'NONE',  ( 0.2000000000000000111, 0.1400000000000000133, -0.6149999999999999911 ) ) ;
#4989 = CARTESIAN_POINT ( 'NONE',  ( 1.069057398142129633, 8.537024980200822558E-18, -0.6085854038213160955 ) ) ;
#4990 = VERTEX_POINT ( 'NONE', #840 ) ;
#4991 = CARTESIAN_POINT ( 'NONE',  ( 1.852314904582269328, 0.01574803149606299191, -0.7135240400532313343 ) ) ;
#4992 = EDGE_CURVE ( 'NONE', #4049, #979, #2760, .T. ) ;
#4993 = CARTESIAN_POINT ( 'NONE',  ( 2.238333333333333730, 0.3066666666666651442, -0.1833333333333345694 ) ) ;
#4994 = LINE ( 'NONE', #5053, #3410 ) ;
#4995 = CARTESIAN_POINT ( 'NONE',  ( 1.758396792154359289, 0.01574803149606299191, -0.5810554274509128758 ) ) ;
#4996 = CARTESIAN_POINT ( 'NONE',  ( 1.241554487179905797, 0.01574803149606299191, -0.5214062499999999600 ) ) ;
#4997 = EDGE_CURVE ( 'NONE', #332, #1632, #4188, .T. ) ;
#4998 = CARTESIAN_POINT ( 'NONE',  ( 1.110199592300106897, 0.000000000000000000, -0.6446385603825365296 ) ) ;
#4999 = DIRECTION ( 'NONE',  ( -0.000000000000000000, -1.000000000000000000, -0.000000000000000000 ) ) ;
#5000 = CARTESIAN_POINT ( 'NONE',  ( 1.831973276787609795, 0.000000000000000000, -0.7261232052962024452 ) ) ;
#5001 = CARTESIAN_POINT ( 'NONE',  ( 1.745460737179905575, 0.01574803149606299191, -0.5799999999999999600 ) ) ;
#5002 = VERTEX_POINT ( 'NONE', #3372 ) ;
#5003 = CARTESIAN_POINT ( 'NONE',  ( 2.106366485694179946, 0.000000000000000000, -0.4975879760096892923 ) ) ;
#5004 = CARTESIAN_POINT ( 'NONE',  ( 1.664662274991622892, 0.000000000000000000, -0.6701247915765811136 ) ) ;
#5005 = LINE ( 'NONE', #2600, #2200 ) ;
#5006 = LINE ( 'NONE', #4042, #891 ) ;
#5007 = ORIENTED_EDGE ( 'NONE', *, *, #3122, .T. ) ;
#5008 = EDGE_CURVE ( 'NONE', #2868, #1854, #330, .T. ) ;
#5009 = VERTEX_POINT ( 'NONE', #5794 ) ;
#5010 = CYLINDRICAL_SURFACE ( 'NONE', #2297, 0.06425000000000000155 ) ;
#5011 = PLANE ( 'NONE',  #2398 ) ;
#5012 = CARTESIAN_POINT ( 'NONE',  ( 1.010304487179905841, 4.268512490100411279E-18, -0.7072949218750000933 ) ) ;
#5013 = CARTESIAN_POINT ( 'NONE',  ( 0.8789971827093882029, 0.01574803149606299191, -0.7382221875493851782 ) ) ;
#5014 = CARTESIAN_POINT ( 'NONE',  ( 1.108425589604966177, 0.01574803149606299191, -0.6491831046553113715 ) ) ;
#5015 = ORIENTED_EDGE ( 'NONE', *, *, #3154, .T. ) ;
#5016 = CARTESIAN_POINT ( 'NONE',  ( 1.528618984234911160, -2.134256245050205639E-18, -0.5208600826160169062 ) ) ;
#5017 = CARTESIAN_POINT ( 'NONE',  ( 2.091062328429526662, 0.01574803149606299191, -0.7352390000847036644 ) ) ;
#5018 = CARTESIAN_POINT ( 'NONE',  ( 1.602922912838602887, 0.000000000000000000, -0.4935646415454433833 ) ) ;
#5019 = CARTESIAN_POINT ( 'NONE',  ( 1.418549276487558020, 0.01574803149606299191, -0.4936193505801174664 ) ) ;
#5020 = CARTESIAN_POINT ( 'NONE',  ( 0.9540544871799059301, 0.01574803149606299191, -0.7072949218750000933 ) ) ;
#5021 = CARTESIAN_POINT ( 'NONE',  ( 1.051008731520458150, 0.01574803149606299191, -0.6578450886893919547 ) ) ;
#5022 = ORIENTED_EDGE ( 'NONE', *, *, #5424, .F. ) ;
#5023 = CARTESIAN_POINT ( 'NONE',  ( 1.588527143429905530, 0.01574803149606299191, -0.4893750000000000044 ) ) ;
#5024 = EDGE_CURVE ( 'NONE', #3028, #2602, #2034, .T. ) ;
#5025 = CARTESIAN_POINT ( 'NONE',  ( 1.189534850723055648, 0.000000000000000000, -0.5025771258101797700 ) ) ;
#5026 = CARTESIAN_POINT ( 'NONE',  ( 0.8972963424864434101, 0.01574803149606299191, -0.5017395451863837508 ) ) ;
#5027 = CARTESIAN_POINT ( 'NONE',  ( 1.868526479374532645, 6.402768735150616918E-18, -0.5313588354496490140 ) ) ;
#5028 = CARTESIAN_POINT ( 'NONE',  ( 1.107179487179905886, 0.000000000000000000, -0.6598339843749999600 ) ) ;
#5029 = CARTESIAN_POINT ( 'NONE',  ( 1.757303321649497541, 0.000000000000000000, -0.4895486222519863095 ) ) ;
#5030 = CARTESIAN_POINT ( 'NONE',  ( 1.984545047573996079, 0.000000000000000000, -0.6406349633961228029 ) ) ;
#5031 = CARTESIAN_POINT ( 'NONE',  ( 1.525471009848470061, -2.134256245050205639E-18, -0.5099781126022837618 ) ) ;
#5032 = DIRECTION ( 'NONE',  ( -0.000000000000000000, -1.000000000000000000, -0.000000000000000000 ) ) ;
#5033 = FACE_OUTER_BOUND ( 'NONE', #3885, .T. ) ;
#5034 = DIRECTION ( 'NONE',  ( 0.000000000000000000, 0.000000000000000000, 1.000000000000000000 ) ) ;
#5035 = ORIENTED_EDGE ( 'NONE', *, *, #4089, .F. ) ;
#5036 = VERTEX_POINT ( 'NONE', #1800 ) ;
#5037 = ORIENTED_EDGE ( 'NONE', *, *, #2083, .T. ) ;
#5038 = CARTESIAN_POINT ( 'NONE',  ( 1.111814106504815935, 0.000000000000000000, -0.6783564305222392621 ) ) ;
#5039 = CARTESIAN_POINT ( 'NONE',  ( 0.8975919255271859187, -0.000000000000000000, -0.7222966303625634188 ) ) ;
#5040 = CARTESIAN_POINT ( 'NONE',  ( 1.375929487179905486, 0.000000000000000000, -0.5195996093750000488 ) ) ;
#5041 = CARTESIAN_POINT ( 'NONE',  ( 1.135689165549412794, 0.01574803149606299191, -0.6285930086686676299 ) ) ;
#5042 = ORIENTED_EDGE ( 'NONE', *, *, #410, .T. ) ;
#5043 = EDGE_CURVE ( 'NONE', #5524, #4687, #4437, .T. ) ;
#5044 = DIRECTION ( 'NONE',  ( -0.000000000000000000, -1.000000000000000000, -0.000000000000000000 ) ) ;
#5045 = CARTESIAN_POINT ( 'NONE',  ( 2.079999999999999627, 0.3149999999999992251, -1.054999999999999938 ) ) ;
#5046 = CARTESIAN_POINT ( 'NONE',  ( 1.428821296707037725, 6.402768735150616918E-18, -0.5129039883238329933 ) ) ;
#5047 = CARTESIAN_POINT ( 'NONE',  ( 0.9543037309410364877, 0.01574803149606299191, -0.7141564496431698217 ) ) ;
#5048 = CARTESIAN_POINT ( 'NONE',  ( 1.123855721102109406, 0.01574803149606299191, -0.5842720217304789854 ) ) ;
#5049 = VERTEX_POINT ( 'NONE', #4812 ) ;
#5050 = EDGE_CURVE ( 'NONE', #5049, #6268, #3303, .T. ) ;
#5051 = CARTESIAN_POINT ( 'NONE',  ( 1.137121359965232115, 0.000000000000000000, -0.6912050257421651356 ) ) ;
#5052 = CARTESIAN_POINT ( 'NONE',  ( 1.983689106504815669, 0.000000000000000000, -0.6783564305222392621 ) ) ;
#5053 = CARTESIAN_POINT ( 'NONE',  ( 0.8478044871799053084, 0.01574803149606299191, -0.6550000000000000266 ) ) ;
#5054 = ADVANCED_FACE ( 'NONE', ( #4227 ), #5735, .T. ) ;
#5055 = VECTOR ( 'NONE', #2071, 39.37007874015748143 ) ;
#5056 = CARTESIAN_POINT ( 'NONE',  ( 2.014454538516512905, 0.000000000000000000, -0.7362508006461742083 ) ) ;
#5057 = DIRECTION ( 'NONE',  ( 0.000000000000000000, 1.000000000000000000, 0.000000000000000000 ) ) ;
#5058 = ORIENTED_EDGE ( 'NONE', *, *, #4523, .F. ) ;
#5059 = EDGE_CURVE ( 'NONE', #5671, #4780, #597, .T. ) ;
#5060 = VECTOR ( 'NONE', #1644, 39.37007874015748143 ) ;
#5061 = VECTOR ( 'NONE', #3308, 39.37007874015748143 ) ;
#5062 = B_SPLINE_CURVE_WITH_KNOTS ( 'NONE', 3,
 ( #3213, #3723, #5704, #2345, #1339, #3247, #5222, #4724, #377, #2316, #4242, #4270, #6228, #1849, #1057, #5454, #1087, #1466, #3883 ),
 .UNSPECIFIED., .F., .F.,
 ( 4, 1, 1, 1, 1, 1, 1, 1, 1, 1, 1, 1, 1, 1, 1, 1, 4 ),
 ( 0.000000000000000000, 0.06471401816636543347, 0.1260074759657008603, 0.1848404604205492741, 0.2412139089641152645, 0.2962365839730135564, 0.3506218337640996108, 0.4049891146124610652, 0.4601104791148300510, 0.5167961286223607953, 0.5752343926751203318, 0.6364091737907180413, 0.7005078337452679271, 0.7688271593737614484, 0.8409926476957444441, 0.9181950594621315354, 0.9999999999999998890 ),
 .UNSPECIFIED. ) ;
#5063 = CARTESIAN_POINT ( 'NONE',  ( 0.9894561831163073418, 0.01574803149606299191, -0.7390757100430840332 ) ) ;
#5064 = CARTESIAN_POINT ( 'NONE',  ( 2.007564165549411861, 0.000000000000000000, -0.6285930086686676299 ) ) ;
#5065 = DIRECTION ( 'NONE',  ( 0.000000000000000000, 0.000000000000000000, -1.000000000000000000 ) ) ;
#5066 = CARTESIAN_POINT ( 'NONE',  ( 1.241554487179905797, 0.000000000000000000, -0.5214062499999999600 ) ) ;
#5067 = VECTOR ( 'NONE', #548, 39.37007874015748143 ) ;
#5068 = VECTOR ( 'NONE', #2076, 39.37007874015748143 ) ;
#5069 = DIRECTION ( 'NONE',  ( -0.000000000000000000, -1.000000000000000000, -0.000000000000000000 ) ) ;
#5070 = ORIENTED_EDGE ( 'NONE', *, *, #4454, .F. ) ;
#5071 = VECTOR ( 'NONE', #2824, 39.37007874015748143 ) ;
#5072 = ORIENTED_EDGE ( 'NONE', *, *, #5530, .F. ) ;
#5073 = ORIENTED_EDGE ( 'NONE', *, *, #4523, .T. ) ;
#5074 = DIRECTION ( 'NONE',  ( 0.000000000000000000, 0.000000000000000000, -1.000000000000000000 ) ) ;
#5075 = CARTESIAN_POINT ( 'NONE',  ( 1.377517148579386896, 2.134256245050205639E-18, -0.5072631977476020904 ) ) ;
#5076 = CARTESIAN_POINT ( 'NONE',  ( 0.8702165965549053528, 0.01574803149606299191, -0.7393750000000000044 ) ) ;
#5077 = EDGE_CURVE ( 'NONE', #733, #5873, #1049, .T. ) ;
#5078 = CARTESIAN_POINT ( 'NONE',  ( 1.115924062737381650, 0.01574803149606299191, -0.6372473612529567788 ) ) ;
#5079 = VECTOR ( 'NONE', #4747, 39.37007874015748143 ) ;
#5080 = ORIENTED_EDGE ( 'NONE', *, *, #5050, .T. ) ;
#5081 = LINE ( 'NONE', #1001, #1284 ) ;
#5082 = CARTESIAN_POINT ( 'NONE',  ( 2.113343419633694875, 0.01574803149606299191, -0.7077921830871947151 ) ) ;
#5083 = CARTESIAN_POINT ( 'NONE',  ( 2.016798627804905486, 0.01574803149606299191, -0.7362499999999999600 ) ) ;
#5084 = CARTESIAN_POINT ( 'NONE',  ( 0.9582350277136064687, 0.01574803149606299191, -0.7261417824543621169 ) ) ;
#5085 = CARTESIAN_POINT ( 'NONE',  ( 1.095981238116829237, 0.01574803149606299191, -0.5908602598766083958 ) ) ;
#5086 = B_SPLINE_CURVE_WITH_KNOTS ( 'NONE', 3,
 ( #6010, #5039, #4977, #2979, #4519, #1158, #5436, #1068, #4031, #2576, #4058 ),
 .UNSPECIFIED., .F., .F.,
 ( 4, 1, 1, 1, 1, 1, 1, 1, 4 ),
 ( 0.000000000000000000, 0.1232899105900047976, 0.2445989755350567174, 0.3693748217677472745, 0.4972936742108767794, 0.6256943598673445628, 0.7500965678079896115, 0.8741929308902359752, 1.000000000000000000 ),
 .UNSPECIFIED. ) ;
#5087 = ORIENTED_EDGE ( 'NONE', *, *, #3111, .T. ) ;
#5088 = CARTESIAN_POINT ( 'NONE',  ( 1.868989555706127792, 0.01574803149606299191, -0.6971243818934035330 ) ) ;
#5089 = EDGE_CURVE ( 'NONE', #6277, #2603, #5931, .T. ) ;
#5090 = CARTESIAN_POINT ( 'NONE',  ( 1.613350864161711806, 0.01574803149606299191, -0.5172499027416601614 ) ) ;
#5091 = CARTESIAN_POINT ( 'NONE',  ( 0.9774285247949268118, 0.01574803149606299191, -0.4896414070140062136 ) ) ;
#5092 = CARTESIAN_POINT ( 'NONE',  ( 2.016798627804905486, 0.000000000000000000, -0.7362499999999999600 ) ) ;
#5093 = CARTESIAN_POINT ( 'NONE',  ( 0.8478044871799053084, 0.01574803149606299191, -0.6550000000000000266 ) ) ;
#5094 = CARTESIAN_POINT ( 'NONE',  ( 1.131395906212588676, 0.01574803149606299191, -0.7359727928301216249 ) ) ;
#5095 = DIRECTION ( 'NONE',  ( 0.000000000000000000, 0.000000000000000000, -1.000000000000000000 ) ) ;
#5096 = CARTESIAN_POINT ( 'NONE',  ( 1.383455271777545681, 2.134256245050205639E-18, -0.7279091463883348156 ) ) ;
#5097 = DIRECTION ( 'NONE',  ( 0.000000000000000000, 0.000000000000000000, -1.000000000000000000 ) ) ;
#5098 = ORIENTED_EDGE ( 'NONE', *, *, #1549, .F. ) ;
#5099 = ORIENTED_EDGE ( 'NONE', *, *, #955, .T. ) ;
#5100 = ORIENTED_EDGE ( 'NONE', *, *, #1361, .T. ) ;
#5101 = LINE ( 'NONE', #2218, #1194 ) ;
#5102 = PLANE ( 'NONE',  #2202 ) ;
#5103 = CARTESIAN_POINT ( 'NONE',  ( 1.772128976813631018, 0.000000000000000000, -0.5875327545382760253 ) ) ;
#5104 = CARTESIAN_POINT ( 'NONE',  ( 1.669359781745054949, 0.000000000000000000, -0.5194307890960563334 ) ) ;
#5105 = ORIENTED_EDGE ( 'NONE', *, *, #1551, .T. ) ;
#5106 = EDGE_CURVE ( 'NONE', #1659, #3687, #1615, .T. ) ;
#5107 = CARTESIAN_POINT ( 'NONE',  ( 2.111397415065153549, 0.01574803149606299191, -0.7185264885591116091 ) ) ;
#5108 = CARTESIAN_POINT ( 'NONE',  ( 1.665900850217559626, 0.01574803149606299191, -0.6839488409616876208 ) ) ;
#5109 = CARTESIAN_POINT ( 'NONE',  ( 1.386586445447966165, 0.01574803149606299191, -0.7303482480404905886 ) ) ;
#5110 = CARTESIAN_POINT ( 'NONE',  ( 1.406032779645482345, 6.402768735150616918E-18, -0.4894693142053127000 ) ) ;
#5111 = CARTESIAN_POINT ( 'NONE',  ( 0.9541399169134242575, 0.01574803149606299191, -0.7096467500054416400 ) ) ;
#5112 = DIRECTION ( 'NONE',  ( -0.5185576816259125366, 0.000000000000000000, 0.8550426485426084744 ) ) ;
#5113 = CARTESIAN_POINT ( 'NONE',  ( 1.565724409054905397, 0.01574803149606299191, -0.7362499999999999600 ) ) ;
#5114 = CARTESIAN_POINT ( 'NONE',  ( 0.8777482983523854365, 0.01574803149606299191, -0.4894554326371468034 ) ) ;
#5115 = CARTESIAN_POINT ( 'NONE',  ( 0.8942947290157428064, 0.000000000000000000, -0.4972820757421343441 ) ) ;
#5116 = CARTESIAN_POINT ( 'NONE',  ( 1.894585122914099085, 0.01574803149606299191, -0.6097147406940437442 ) ) ;
#5117 = CARTESIAN_POINT ( 'NONE',  ( 1.995730721102108474, 0.01574803149606299191, -0.5842720217304788743 ) ) ;
#5118 = EDGE_CURVE ( 'NONE', #1686, #433, #4469, .T. ) ;
#5119 = ADVANCED_FACE ( 'NONE', ( #4429 ), #3314, .T. ) ;
#5120 = CARTESIAN_POINT ( 'NONE',  ( 1.765314851565303433, -0.000000000000000000, -0.4894335053759544807 ) ) ;
#5121 = CARTESIAN_POINT ( 'NONE',  ( 1.662040493455708923, 0.01574803149606299191, -0.6116574796490572563 ) ) ;
#5122 = CARTESIAN_POINT ( 'NONE',  ( 0.9008891810162703573, 0.01574803149606299191, -0.7072611830166861679 ) ) ;
#5123 = CARTESIAN_POINT ( 'NONE',  ( 2.057179487179905397, 0.000000000000000000, -0.5209667968750000266 ) ) ;
#5124 = APPLICATION_PROTOCOL_DEFINITION ( 'draft international standard', 'automotive_design', 1998, #5328 ) ;
#5125 = VERTEX_POINT ( 'NONE', #57 ) ;
#5126 = ORIENTED_EDGE ( 'NONE', *, *, #3780, .F. ) ;
#5127 = EDGE_LOOP ( 'NONE', ( #5362, #1492, #178, #5418 ) ) ;
#5128 = CARTESIAN_POINT ( 'NONE',  ( 1.542791287405409717, 0.01574803149606299191, -0.7332006196461090530 ) ) ;
#5129 = CARTESIAN_POINT ( 'NONE',  ( 1.689011453713198829, 0.01574803149606299191, -0.7157743846298709745 ) ) ;
#5130 = CARTESIAN_POINT ( 'NONE',  ( 1.051111225091001966, 0.01574803149606299191, -0.6690768429477933488 ) ) ;
#5131 = ORIENTED_EDGE ( 'NONE', *, *, #3083, .F. ) ;
#5132 = ADVANCED_FACE ( 'NONE', ( #5898 ), #1526, .T. ) ;
#5133 = CARTESIAN_POINT ( 'NONE',  ( 1.881651661052698099, 0.01574803149606299191, -0.6770903126124550031 ) ) ;
#5134 = DIRECTION ( 'NONE',  ( 0.000000000000000000, 0.000000000000000000, -1.000000000000000000 ) ) ;
#5135 = CARTESIAN_POINT ( 'NONE',  ( 1.404457255419189421, 0.01574803149606299191, -0.7360809920015050078 ) ) ;
#5136 = CARTESIAN_POINT ( 'NONE',  ( 1.241554487179905797, 0.01574803149606299191, -0.5214062499999999600 ) ) ;
#5137 = CARTESIAN_POINT ( 'NONE',  ( 0.6946794871799053528, 0.01574803149606299191, -0.7089062499999998490 ) ) ;
#5138 = CARTESIAN_POINT ( 'NONE',  ( 1.533394957509973899, 6.402768735150616918E-18, -0.7262016775290135451 ) ) ;
#5139 = CARTESIAN_POINT ( 'NONE',  ( 1.598617746523097294, 2.134256245050205639E-18, -0.4910786117551032004 ) ) ;
#5140 = CARTESIAN_POINT ( 'NONE',  ( 1.979054487179905397, 0.01574803149606299191, -0.6598339843749999600 ) ) ;
#5141 = CARTESIAN_POINT ( 'NONE',  ( 1.894679487179905752, 0.01574803149606299191, -0.6143750000000000044 ) ) ;
#5142 = DIRECTION ( 'NONE',  ( 1.000000000000000000, 0.000000000000000000, 0.000000000000000000 ) ) ;
#5143 = LINE ( 'NONE', #3168, #2017 ) ;
#5144 = VECTOR ( 'NONE', #1843, 39.37007874015748143 ) ;
#5145 = CARTESIAN_POINT ( 'NONE',  ( 1.747791684523105182, 2.134256245050205639E-18, -0.5800446072327218872 ) ) ;
#5146 = CARTESIAN_POINT ( 'NONE',  ( 2.113429487179905308, 0.01574803149606299191, -0.5214062499999999600 ) ) ;
#5147 = CARTESIAN_POINT ( 'NONE',  ( 1.050929487179905975, 0.01574803149606299191, -0.6608593750000001377 ) ) ;
#5148 = CARTESIAN_POINT ( 'NONE',  ( 1.379717071670105266, 2.134256245050205639E-18, -0.7233376626297155498 ) ) ;
#5149 = DIRECTION ( 'NONE',  ( 0.000000000000000000, -1.000000000000000000, -0.000000000000000000 ) ) ;
#5150 = ADVANCED_FACE ( 'NONE', ( #4066 ), #1700, .T. ) ;
#5151 = VECTOR ( 'NONE', #3249, 39.37007874015748143 ) ;
#5152 = VERTEX_POINT ( 'NONE', #4528 ) ;
#5153 = ORIENTED_EDGE ( 'NONE', *, *, #3616, .T. ) ;
#5154 = ADVANCED_FACE ( 'NONE', ( #3585 ), #654, .F. ) ;
#5155 = VERTEX_POINT ( 'NONE', #2176 ) ;
#5156 = VECTOR ( 'NONE', #2771, 39.37007874015748143 ) ;
#5157 = CARTESIAN_POINT ( 'NONE',  ( 0.7248498183248278659, -0.000000000000000000, -0.7392897378189623447 ) ) ;
#5158 = CARTESIAN_POINT ( 'NONE',  ( 1.670509882653886002, 0.01574803149606299191, -0.6943561838738041558 ) ) ;
#5159 = CARTESIAN_POINT ( 'NONE',  ( 0.9540544871799059301, 0.000000000000000000, -0.5216015625000000044 ) ) ;
#5160 = ORIENTED_EDGE ( 'NONE', *, *, #5246, .F. ) ;
#5161 = EDGE_CURVE ( 'NONE', #931, #67, #2124, .T. ) ;
#5162 = B_SPLINE_SURFACE_WITH_KNOTS ( 'NONE', 3, 1, ( 
 ( #2493, #5958 ),
 ( #1553, #5443 ),
 ( #5344, #6318 ),
 ( #1109, #3466 ),
 ( #1047, #5824 ),
 ( #3492, #4950 ),
 ( #4427, #596 ),
 ( #1450, #89 ),
 ( #975, #2001 ),
 ( #2891, #3871 ),
 ( #3975, #4468 ),
 ( #2066, #4847 ),
 ( #3016, #4397 ),
 ( #3905, #1016 ),
 ( #499, #4987 ) ),
 .UNSPECIFIED., .F., .F., .F.,
 ( 4, 1, 1, 1, 1, 1, 1, 1, 1, 1, 1, 1, 4 ),
 ( 2, 2 ),
 ( 0.000000000000000000, 0.1222949938864778124, 0.2286286528862490897, 0.3182628567669206210, 0.3913788219531474932, 0.4539022426926815901, 0.5143803733557370528, 0.5744352707559096105, 0.6372430550670444838, 0.7073086258173409968, 0.7906023698698244617, 0.8879324945909642386, 1.000000000000000000 ),
 ( 0.000000000000000000, 1.000000000000000000 ),
 .UNSPECIFIED. ) ;
#5163 = CARTESIAN_POINT ( 'NONE',  ( 1.892708143753448535, 0.000000000000000000, -0.6411864590076461479 ) ) ;
#5164 = DIRECTION ( 'NONE',  ( 0.2268897289327035105, 0.000000000000000000, 0.9739204540951197364 ) ) ;
#5165 = VECTOR ( 'NONE', #6071, 39.37007874015748143 ) ;
#5166 = CARTESIAN_POINT ( 'NONE',  ( 1.710304487179905575, 0.000000000000000000, -0.5480664062500000266 ) ) ;
#5167 = DIRECTION ( 'NONE',  ( -0.000000000000000000, -1.000000000000000000, -0.000000000000000000 ) ) ;
#5168 = CARTESIAN_POINT ( 'NONE',  ( 1.092640483710597410, 0.000000000000000000, -0.7291341438346854442 ) ) ;
#5169 = EDGE_CURVE ( 'NONE', #5879, #3253, #4121, .T. ) ;
#5170 = CARTESIAN_POINT ( 'NONE',  ( 0.7463846647147023283, 0.01574803149606299191, -0.7217315991900602468 ) ) ;
#5171 = CARTESIAN_POINT ( 'NONE',  ( 1.745971109681790256, 0.01574803149606299191, -0.5353052020652324661 ) ) ;
#5172 = CARTESIAN_POINT ( 'NONE',  ( 1.981069553361002100, 0.000000000000000000, -0.6727046574171606785 ) ) ;
#5173 = CARTESIAN_POINT ( 'NONE',  ( 1.241554487179905797, 1.067128122525102820E-17, -0.7037304687500000044 ) ) ;
#5174 = CARTESIAN_POINT ( 'NONE',  ( 0.9839861278049059079, 0.01574803149606299191, -0.4893750000000001155 ) ) ;
#5175 = CARTESIAN_POINT ( 'NONE',  ( 1.123855721102109406, 0.000000000000000000, -0.5842720217304789854 ) ) ;
#5176 = CARTESIAN_POINT ( 'NONE',  ( 1.664406049679905797, 0.000000000000000000, -0.6747265625000000711 ) ) ;
#5177 = ORIENTED_EDGE ( 'NONE', *, *, #2581, .F. ) ;
#5178 = EDGE_CURVE ( 'NONE', #4106, #3423, #3137, .T. ) ;
#5179 = CARTESIAN_POINT ( 'NONE',  ( 0.7024987142455111355, 2.134256245050205639E-18, -0.4977812166467366906 ) ) ;
#5180 = CARTESIAN_POINT ( 'NONE',  ( 1.745283156712634565, 0.01574803149606299191, -0.6912848327287646200 ) ) ;
#5181 = ORIENTED_EDGE ( 'NONE', *, *, #6032, .F. ) ;
#5182 = CARTESIAN_POINT ( 'NONE',  ( 1.664491142161984572, 0.01574803149606299191, -0.6731983133695433885 ) ) ;
#5183 = CARTESIAN_POINT ( 'NONE',  ( 1.185532124056223102, 0.000000000000000000, -0.5142886079259293419 ) ) ;
#5184 = CARTESIAN_POINT ( 'NONE',  ( 0.9541399169134242575, -0.000000000000000000, -0.7096467500054416400 ) ) ;
#5185 = CARTESIAN_POINT ( 'NONE',  ( 0.1250000000000000000, 0.1400000000000000133, -3.414809992080329023E-17 ) ) ;
#5186 = ORIENTED_EDGE ( 'NONE', *, *, #5862, .T. ) ;
#5187 = CARTESIAN_POINT ( 'NONE',  ( 0.2000000000000000111, 0.1400000000000000133, -0.6792500000000000204 ) ) ;
#5188 = CARTESIAN_POINT ( 'NONE',  ( 0.7332345392384469474, 0.01574803149606299191, -0.4895870481753199499 ) ) ;
#5189 = ORIENTED_EDGE ( 'NONE', *, *, #667, .T. ) ;
#5190 = CARTESIAN_POINT ( 'NONE',  ( 0.8311052684299053972, 0.000000000000000000, -0.7079785156249999156 ) ) ;
#5191 = PLANE ( 'NONE',  #1713 ) ;
#5192 = CARTESIAN_POINT ( 'NONE',  ( 1.661816482012886009, 0.01574803149606299191, -0.5269625847838745880 ) ) ;
#5193 = ADVANCED_FACE ( 'NONE', ( #4147 ), #5559, .T. ) ;
#5194 = EDGE_LOOP ( 'NONE', ( #3757, #1291, #3000, #5607 ) ) ;
#5195 = VERTEX_POINT ( 'NONE', #257 ) ;
#5196 = CARTESIAN_POINT ( 'NONE',  ( 1.795121136997139821, 0.01574803149606299191, -0.7374563110120658793 ) ) ;
#5197 = DIRECTION ( 'NONE',  ( 0.000000000000000000, -1.000000000000000000, 0.000000000000000000 ) ) ;
#5198 = CARTESIAN_POINT ( 'NONE',  ( 1.465415459423557554, 1.707404996040164512E-17, -0.5068682642342801081 ) ) ;
#5199 = CARTESIAN_POINT ( 'NONE',  ( 0.4375624944334203792, 0.07000000000000000666, -0.8622057382686417748 ) ) ;
#5200 = CARTESIAN_POINT ( 'NONE',  ( -1.707404996040164512E-17, 0.1400000000000000133, -1.104999999999999982 ) ) ;
#5201 = EDGE_LOOP ( 'NONE', ( #5887, #5773, #3628, #4272 ) ) ;
#5202 = B_SPLINE_CURVE_WITH_KNOTS ( 'NONE', 3,
 ( #2319, #2253, #281, #1820, #4730, #2221, #2743, #5192, #1745, #4659, #790, #416, #383, #758, #2349 ),
 .UNSPECIFIED., .F., .F.,
 ( 4, 1, 1, 1, 1, 1, 1, 1, 1, 1, 1, 1, 4 ),
 ( 0.000000000000000000, 0.09205312451680723596, 0.1769450435511222830, 0.2538380710616470748, 0.3234417386752869161, 0.3904016918865663710, 0.4607757796727417476, 0.5324700122916071754, 0.6105580655028191028, 0.6951179418603872229, 0.7882534485539408609, 0.8894766297257150622, 1.000000000000000000 ),
 .UNSPECIFIED. ) ;
#5203 = CARTESIAN_POINT ( 'NONE',  ( 1.528193775660272591, 6.402768735150616918E-18, -0.7140213084126223464 ) ) ;
#5204 = CARTESIAN_POINT ( 'NONE',  ( 1.745971109681790256, 0.000000000000000000, -0.5353052020652324661 ) ) ;
#5205 = CARTESIAN_POINT ( 'NONE',  ( 1.239522415065154259, 0.01574803149606299191, -0.7185264885591116091 ) ) ;
#5206 = CARTESIAN_POINT ( 'NONE',  ( 1.798314247221638684, 0.000000000000000000, -0.5381625900991808820 ) ) ;
#5207 = DIRECTION ( 'NONE',  ( 0.000000000000000000, 0.000000000000000000, -1.000000000000000000 ) ) ;
#5208 = CARTESIAN_POINT ( 'NONE',  ( 1.681828174618588800, 0.000000000000000000, -0.6517141322442286944 ) ) ;
#5209 = ORIENTED_EDGE ( 'NONE', *, *, #2129, .T. ) ;
#5210 = EDGE_CURVE ( 'NONE', #1328, #6277, #2167, .T. ) ;
#5211 = CARTESIAN_POINT ( 'NONE',  ( 0.9009294871799053972, 0.01574803149606299191, -0.7016796874999999822 ) ) ;
#5212 = CARTESIAN_POINT ( 'NONE',  ( 1.939531165635440590, 0.01574803149606299191, -0.7112607086607197759 ) ) ;
#5213 = CARTESIAN_POINT ( 'NONE',  ( 2.097528139869468955, 0.000000000000000000, -0.7333496907531327214 ) ) ;
#5214 = CARTESIAN_POINT ( 'NONE',  ( 1.010304487179905841, 0.01574803149606299191, -0.5216015625000000044 ) ) ;
#5215 = ORIENTED_EDGE ( 'NONE', *, *, #410, .F. ) ;
#5216 = B_SPLINE_SURFACE_WITH_KNOTS ( 'NONE', 3, 1, ( 
 ( #643, #1635 ),
 ( #3518, #1602 ),
 ( #135, #1130 ),
 ( #4459, #76 ),
 ( #4518, #3935 ),
 ( #1098, #5917 ),
 ( #1544, #4057 ),
 ( #5403, #1038 ),
 ( #5526, #2950 ),
 ( #5435, #3037 ),
 ( #1157, #4976 ) ),
 .UNSPECIFIED., .F., .F., .F.,
 ( 4, 1, 1, 1, 1, 1, 1, 1, 4 ),
 ( 2, 2 ),
 ( 0.000000000000000000, 0.1581692231159462503, 0.2979152898125614901, 0.4257598827158990962, 0.5443383524022874509, 0.6560061348833443606, 0.7665598615528721460, 0.8789143086602184685, 1.000000000000000000 ),
 ( 0.000000000000000000, 1.000000000000000000 ),
 .UNSPECIFIED. ) ;
#5217 = CARTESIAN_POINT ( 'NONE',  ( 2.229999999999999538, 0.3149999999999992251, -1.054999999999999938 ) ) ;
#5218 = CARTESIAN_POINT ( 'NONE',  ( 1.837365641014719220, 0.01574803149606299191, -0.5965159553965388994 ) ) ;
#5219 = EDGE_LOOP ( 'NONE', ( #1375, #1051, #727, #3794 ) ) ;
#5220 = MANIFOLD_SOLID_BREP ( 'Stock-Eggfinder LCD Case V2 Program Door-1', #4728 ) ;
#5221 = FACE_OUTER_BOUND ( 'NONE', #5219, .T. ) ;
#5222 = CARTESIAN_POINT ( 'NONE',  ( 1.931919030121990399, 0.01574803149606299191, -0.6209116725288940097 ) ) ;
#5224 = CARTESIAN_POINT ( 'NONE',  ( 1.239522415065154259, 0.01574803149606299191, -0.7185264885591116091 ) ) ;
#5223 = CARTESIAN_POINT ( 'NONE',  ( 2.109560893904240508, 0.01574803149606299191, -0.5022764856182352355 ) ) ;
#5225 = CARTESIAN_POINT ( 'NONE',  ( 1.560304487179905664, 0.01574803149606299191, -0.6799999999999999378 ) ) ;
#5226 = CARTESIAN_POINT ( 'NONE',  ( 1.142579538516513615, 0.000000000000000000, -0.7362508006461742083 ) ) ;
#5227 = VERTEX_POINT ( 'NONE', #4703 ) ;
#5228 = ORIENTED_EDGE ( 'NONE', *, *, #3463, .T. ) ;
#5229 = ORIENTED_EDGE ( 'NONE', *, *, #2716, .T. ) ;
#5230 = CARTESIAN_POINT ( 'NONE',  ( 1.833607059997175659, 0.000000000000000000, -0.6500644315707517773 ) ) ;
#5231 = CARTESIAN_POINT ( 'NONE',  ( 1.771767225926073719, 0.000000000000000000, -0.7392764425951390272 ) ) ;
#5232 = DIRECTION ( 'NONE',  ( 0.000000000000000000, 0.000000000000000000, 1.000000000000000000 ) ) ;
#5233 = CARTESIAN_POINT ( 'NONE',  ( 1.777536860385634965, 2.134256245050205639E-18, -0.5333211429501247824 ) ) ;
#5234 = CARTESIAN_POINT ( 'NONE',  ( 0.6948872731656431379, 2.134256245050205639E-18, -0.7153414717591428662 ) ) ;
#5235 = CARTESIAN_POINT ( 'NONE',  ( 0.8698121679576881204, 2.134256245050205639E-18, -0.4896604978119677987 ) ) ;
#5236 = CARTESIAN_POINT ( 'NONE',  ( 1.664406049679905797, 0.000000000000000000, -0.6747265625000000711 ) ) ;
#5237 = EDGE_CURVE ( 'NONE', #122, #3214, #2100, .T. ) ;
#5238 = DIRECTION ( 'NONE',  ( -0.000000000000000000, -1.000000000000000000, -0.000000000000000000 ) ) ;
#5239 = CARTESIAN_POINT ( 'NONE',  ( 2.014297921151178894, 0.01574803149606299191, -0.6276072213740757633 ) ) ;
#5240 = CARTESIAN_POINT ( 'NONE',  ( 1.838379137025604182, -0.000000000000000000, -0.6122730195714291002 ) ) ;
#5241 = CARTESIAN_POINT ( 'NONE',  ( 1.613429487179905530, 0.000000000000000000, -0.5195996093750000488 ) ) ;
#5242 = CARTESIAN_POINT ( 'NONE',  ( 1.051008731520458150, 0.01574803149606299191, -0.6578450886893919547 ) ) ;
#5243 = B_SPLINE_CURVE_WITH_KNOTS ( 'NONE', 3,
 ( #795, #479, #312, #3691, #5675, #1310, #1824, #5713, #3450, #3031, #3886, #2570, #2540, #1090, #1150 ),
 .UNSPECIFIED., .F., .F.,
 ( 4, 1, 1, 1, 1, 1, 1, 1, 1, 1, 1, 1, 4 ),
 ( 0.000000000000000000, 0.1034052082864633099, 0.1942621505951396821, 0.2740690385957843533, 0.3420949973771597041, 0.4058894925794381825, 0.4739550307434834409, 0.5465684191698734207, 0.6247960913698367147, 0.7080746101722659169, 0.7957400007157737765, 0.8922413854497031060, 0.9999999999999998890 ),
 .UNSPECIFIED. ) ;
#5244 = EDGE_CURVE ( 'NONE', #4889, #5899, #4668, .T. ) ;
#5245 = EDGE_LOOP ( 'NONE', ( #2897, #2141, #4938, #1950 ) ) ;
#5246 = EDGE_CURVE ( 'NONE', #1456, #1336, #6214, .T. ) ;
#5247 = CARTESIAN_POINT ( 'NONE',  ( 0.8870561645206488377, 0.000000000000000000, -0.7343265376928468369 ) ) ;
#5248 = CARTESIAN_POINT ( 'NONE',  ( 1.713966596554906019, 4.268512490100411279E-18, -0.6598339843750001821 ) ) ;
#5249 = DIRECTION ( 'NONE',  ( 0.000000000000000000, -1.000000000000000000, 0.000000000000000000 ) ) ;
#5250 = CARTESIAN_POINT ( 'NONE',  ( 2.079396284054905397, 0.000000000000000000, -0.7362499999999999600 ) ) ;
#5251 = CARTESIAN_POINT ( 'NONE',  ( 0.9660916658251496036, 0.000000000000000000, -0.4940636039383386469 ) ) ;
#5252 = LENGTH_MEASURE_WITH_UNIT ( LENGTH_MEASURE( 0.02539999999999999897 ), #5699 );
#5253 = ORIENTED_EDGE ( 'NONE', *, *, #3671, .T. ) ;
#5254 = CARTESIAN_POINT ( 'NONE',  ( 1.923038031618342192, 0.01574803149606299191, -0.6519758408726168408 ) ) ;
#5255 = CARTESIAN_POINT ( 'NONE',  ( 0.7393959099419196157, 0.000000000000000000, -0.4912410258914117200 ) ) ;
#5256 = VECTOR ( 'NONE', #6102, 39.37007874015748143 ) ;
#5257 = CARTESIAN_POINT ( 'NONE',  ( 0.8458848803077126943, 0.01574803149606299191, -0.7299017421335639577 ) ) ;
#5258 = CARTESIAN_POINT ( 'NONE',  ( 1.119425891385690042, 0.000000000000000000, -0.7351717324689980293 ) ) ;
#5259 = ORIENTED_EDGE ( 'NONE', *, *, #4516, .F. ) ;
#5260 = ORIENTED_EDGE ( 'NONE', *, *, #2761, .T. ) ;
#5261 = AXIS2_PLACEMENT_3D ( 'NONE', #2269, #3844, #5276 ) ;
#5262 = VECTOR ( 'NONE', #3619, 39.37007874015748143 ) ;
#5263 = ORIENTED_EDGE ( 'NONE', *, *, #1154, .T. ) ;
#5264 = CARTESIAN_POINT ( 'NONE',  ( 1.723331972758510355, 0.01574803149606299191, -0.4949251846485587802 ) ) ;
#5265 = PLANE ( 'NONE',  #3184 ) ;
#5266 = CARTESIAN_POINT ( 'NONE',  ( 1.470629762457503320, 0.01574803149606299191, -0.4996377347448205386 ) ) ;
#5267 = CARTESIAN_POINT ( 'NONE',  ( 0.8478044871799053084, 0.01574803149606299191, -0.5198437500000000488 ) ) ;
#5268 =( NAMED_UNIT ( * ) SI_UNIT ( $, .STERADIAN. ) SOLID_ANGLE_UNIT ( ) );
#5269 = VECTOR ( 'NONE', #2739, 39.37007874015748143 ) ;
#5270 = ORIENTED_EDGE ( 'NONE', *, *, #1934, .F. ) ;
#5271 = AXIS2_PLACEMENT_3D ( 'NONE', #2564, #4502, #152 ) ;
#5272 = DIRECTION ( 'NONE',  ( -0.000000000000000000, -1.000000000000000000, -0.000000000000000000 ) ) ;
#5273 = LINE ( 'NONE', #3807, #5071 ) ;
#5274 = CARTESIAN_POINT ( 'NONE',  ( 1.761859233006684233, 0.01574803149606299191, -0.6223503111505126473 ) ) ;
#5275 = B_SPLINE_SURFACE_WITH_KNOTS ( 'NONE', 3, 1, ( 
 ( #3226, #2750 ),
 ( #4702, #4215 ),
 ( #6309, #5438 ),
 ( #5467, #4877 ),
 ( #1101, #2886 ),
 ( #4321, #3393 ),
 ( #4840, #50 ),
 ( #1931, #2982 ),
 ( #2390, #1042 ),
 ( #4462, #4911 ),
 ( #3837, #585 ),
 ( #5920, #4944 ),
 ( #3899, #5885 ),
 ( #2521, #5408 ),
 ( #5820, #1575 ) ),
 .UNSPECIFIED., .F., .F., .F.,
 ( 4, 1, 1, 1, 1, 1, 1, 1, 1, 1, 1, 1, 4 ),
 ( 2, 2 ),
 ( 0.000000000000000000, 0.1196246628663752143, 0.2282837097143243510, 0.3263627238658261542, 0.4152666510313158255, 0.4958568814466465247, 0.5702432826981826963, 0.6394510592149724726, 0.7065314550312626896, 0.7732900845859880246, 0.8425412606324502729, 0.9177644306273172736, 1.000000000000000000 ),
 ( 0.000000000000000000, 1.000000000000000000 ),
 .UNSPECIFIED. ) ;
#5276 = DIRECTION ( 'NONE',  ( 1.000000000000000000, 0.000000000000000000, -0.000000000000000000 ) ) ;
#5277 = VERTEX_POINT ( 'NONE', #2292 ) ;
#5278 = VECTOR ( 'NONE', #4779, 39.37007874015748143 ) ;
#5279 = EDGE_CURVE ( 'NONE', #336, #2496, #4647, .T. ) ;
#5280 = CARTESIAN_POINT ( 'NONE',  ( 0.8937347775914286085, 0.01574803149606299191, -0.7284242665971171204 ) ) ;
#5281 = ORIENTED_EDGE ( 'NONE', *, *, #1329, .T. ) ;
#5282 = CARTESIAN_POINT ( 'NONE',  ( 1.078731691666809045, 0.01574803149606299191, -0.7215291218473318668 ) ) ;
#5283 = CARTESIAN_POINT ( 'NONE',  ( 1.776564252804905708, 0.01574803149606299191, -0.6016308593750000488 ) ) ;
#5284 = CARTESIAN_POINT ( 'NONE',  ( 1.934973356008049539, 0.01574803149606299191, -0.7053616767970830592 ) ) ;
#5285 = CARTESIAN_POINT ( 'NONE',  ( 1.988666322972035161, -0.000000000000000000, -0.6837113544980910618 ) ) ;
#5286 = CARTESIAN_POINT ( 'NONE',  ( 0.9817295246001155329, -0.000000000000000000, -0.4894666760164760877 ) ) ;
#5287 = ORIENTED_EDGE ( 'NONE', *, *, #74, .F. ) ;
#5288 = CARTESIAN_POINT ( 'NONE',  ( 1.753728998630890379, 0.000000000000000000, -0.5340668624874459480 ) ) ;
#5289 = CARTESIAN_POINT ( 'NONE',  ( 2.006458499330998624, 0.000000000000000000, -0.5832520543012011949 ) ) ;
#5290 = CARTESIAN_POINT ( 'NONE',  ( 1.241554487179905797, 0.000000000000000000, -0.5214062499999999600 ) ) ;
#5291 = CARTESIAN_POINT ( 'NONE',  ( 1.494777143429905530, 0.01574803149606299191, -0.5737499999999999822 ) ) ;
#5292 = CARTESIAN_POINT ( 'NONE',  ( 2.106366485694179946, 0.01574803149606299191, -0.4975879760096892923 ) ) ;
#5293 = ORIENTED_EDGE ( 'NONE', *, *, #2904, .F. ) ;
#5294 = CARTESIAN_POINT ( 'NONE',  ( 1.665900850217559626, -2.134256245050205639E-18, -0.6839488409616876208 ) ) ;
#5295 = CARTESIAN_POINT ( 'NONE',  ( 1.104657787042074624, 0.01574803149606299191, -0.7328658653892223818 ) ) ;
#5296 = EDGE_LOOP ( 'NONE', ( #4193, #4253, #1217, #3941 ) ) ;
#5297 = ORIENTED_EDGE ( 'NONE', *, *, #2985, .T. ) ;
#5298 = CARTESIAN_POINT ( 'NONE',  ( 1.426857221554905575, 0.01574803149606299191, -0.7362499999999999600 ) ) ;
#5299 = CARTESIAN_POINT ( 'NONE',  ( 1.225653139869469443, 0.000000000000000000, -0.7333496907531326103 ) ) ;
#5300 = DIRECTION ( 'NONE',  ( -0.000000000000000000, -1.000000000000000000, -0.000000000000000000 ) ) ;
#5301 = CARTESIAN_POINT ( 'NONE',  ( 1.406032779645482345, 0.01574803149606299191, -0.4894693142053127000 ) ) ;
#5302 = CARTESIAN_POINT ( 'NONE',  ( 0.5624999999999998890, 0.000000000000000000, -0.3649999999999999911 ) ) ;
#5303 = CARTESIAN_POINT ( 'NONE',  ( 1.666365687984099342, 0.000000000000000000, -0.6656937951576626933 ) ) ;
#5304 = VERTEX_POINT ( 'NONE', #5200 ) ;
#5305 = B_SPLINE_CURVE_WITH_KNOTS ( 'NONE', 3,
 ( #5729, #3273, #3952, #4995, #5352, #5936, #537, #4958, #30, #96, #1495 ),
 .UNSPECIFIED., .F., .F.,
 ( 4, 1, 1, 1, 1, 1, 1, 1, 4 ),
 ( 0.000000000000000000, 0.1615399494669155500, 0.3053584822690652012, 0.4332607637433861791, 0.5478791969258786088, 0.6538167439720030671, 0.7577512807189702437, 0.8719633333694412070, 1.000000000000000000 ),
 .UNSPECIFIED. ) ;
#5306 = ADVANCED_FACE ( 'NONE', ( #833 ), #2751, .T. ) ;
#5307 = CARTESIAN_POINT ( 'NONE',  ( 1.560304487179905664, 0.01574803149606299191, -0.5196484375000000044 ) ) ;
#5308 = CARTESIAN_POINT ( 'NONE',  ( 2.102333527385670919, 0.01574803149606299191, -0.4939404300633070122 ) ) ;
#5309 = PLANE ( 'NONE',  #5673 ) ;
#5310 = CARTESIAN_POINT ( 'NONE',  ( 0.2000000000000000111, 0.1400000000000000133, -0.6149999999999999911 ) ) ;
#5311 = ORIENTED_EDGE ( 'NONE', *, *, #4302, .F. ) ;
#5312 = CARTESIAN_POINT ( 'NONE',  ( 1.824487736825889606, 0.01574803149606299191, -0.5593313761245476412 ) ) ;
#5313 = FACE_OUTER_BOUND ( 'NONE', #304, .T. ) ;
#5314 = CARTESIAN_POINT ( 'NONE',  ( 1.763880060268210315, 4.268512490100411279E-18, -0.6954613183098844464 ) ) ;
#5315 = CARTESIAN_POINT ( 'NONE',  ( 0.8995797985643696482, 0.01574803149606299191, -0.7169725059948139911 ) ) ;
#5316 = CARTESIAN_POINT ( 'NONE',  ( 1.972365034054905708, 0.01574803149606299191, -0.7317089843750002043 ) ) ;
#5317 = CARTESIAN_POINT ( 'NONE',  ( 0.9839861278049059079, -2.134256245050205639E-18, -0.4893750000000001155 ) ) ;
#5318 = EDGE_CURVE ( 'NONE', #753, #1659, #2327, .T. ) ;
#5319 = ORIENTED_EDGE ( 'NONE', *, *, #2588, .T. ) ;
#5320 = CARTESIAN_POINT ( 'NONE',  ( 0.5624999999999998890, 0.07000000000000000666, -0.3649999999999999911 ) ) ;
#5321 = DIRECTION ( 'NONE',  ( -0.000000000000000000, -1.000000000000000000, -0.000000000000000000 ) ) ;
#5322 = CARTESIAN_POINT ( 'NONE',  ( 2.113223367497592431, 2.134256245050205639E-18, -0.5143599453195993876 ) ) ;
#5323 = ORIENTED_EDGE ( 'NONE', *, *, #3056, .T. ) ;
#5324 = DIRECTION ( 'NONE',  ( -0.5126370364104440025, 0.000000000000000000, 0.8586054209590789910 ) ) ;
#5325 = CARTESIAN_POINT ( 'NONE',  ( 1.241554487179905797, 2.134256245050205639E-18, -0.5214062499999999600 ) ) ;
#5326 = CARTESIAN_POINT ( 'NONE',  ( 1.010304487179905841, 0.01574803149606299191, -0.5216015625000000044 ) ) ;
#5327 = VERTEX_POINT ( 'NONE', #2460 ) ;
#5328 = APPLICATION_CONTEXT ( 'automotive_design' ) ;
#5329 = B_SPLINE_SURFACE_WITH_KNOTS ( 'NONE', 3, 1, ( 
 ( #4405, #1973 ),
 ( #2102, #983 ),
 ( #4474, #4892 ),
 ( #2440, #4013 ),
 ( #3878, #2073 ),
 ( #2499, #1054 ),
 ( #5866, #3407 ),
 ( #5388, #5421 ),
 ( #1025, #2938 ),
 ( #2471, #2008 ),
 ( #3915, #2965 ),
 ( #4439, #4927 ),
 ( #567, #2042 ),
 ( #210, #6083 ),
 ( #743, #4071 ),
 ( #1826, #6052 ),
 ( #3733, #5233 ),
 ( #5406, #3330 ),
 ( #1006, #2756 ) ),
 .UNSPECIFIED., .F., .F., .F.,
 ( 4, 1, 1, 1, 1, 1, 1, 1, 1, 1, 1, 1, 1, 1, 1, 1, 4 ),
 ( 2, 2 ),
 ( 0.000000000000000000, 0.08182733182821372298, 0.1583472116030950338, 0.2306556717352037100, 0.2984336761490579693, 0.3629752137949624480, 0.4241354733974939673, 0.4833404898126505422, 0.5404489010828538165, 0.5965863673725729788, 0.6516263808094682197, 0.7065787043126550149, 0.7618096902813250582, 0.8178554473551580273, 0.8759158008403525875, 0.9365891825421323036, 0.9999999999999998890 ),
 ( 0.000000000000000000, 1.000000000000000000 ),
 .UNSPECIFIED. ) ;
#5330 = ORIENTED_EDGE ( 'NONE', *, *, #2798, .F. ) ;
#5331 = CARTESIAN_POINT ( 'NONE',  ( 1.940932398142129811, 0.01574803149606299191, -0.6085854038213164285 ) ) ;
#5332 = CARTESIAN_POINT ( 'NONE',  ( 1.525398575787976885, 0.01574803149606299191, -0.7042213982687018925 ) ) ;
#5333 = CARTESIAN_POINT ( 'NONE',  ( 1.691386596499492745, 0.01574803149606299191, -0.5067145864463102889 ) ) ;
#5334 = DIRECTION ( 'NONE',  ( -0.000000000000000000, -1.000000000000000000, -0.000000000000000000 ) ) ;
#5335 = FACE_OUTER_BOUND ( 'NONE', #779, .T. ) ;
#5336 = CARTESIAN_POINT ( 'NONE',  ( 1.923038031618342192, 0.000000000000000000, -0.6519758408726168408 ) ) ;
#5337 = CARTESIAN_POINT ( 'NONE',  ( 1.769386518429905797, 0.01574803149606299191, -0.4893750000000000044 ) ) ;
#5338 = FACE_OUTER_BOUND ( 'NONE', #3688, .T. ) ;
#5339 = EDGE_CURVE ( 'NONE', #5843, #4238, #4349, .T. ) ;
#5340 = EDGE_LOOP ( 'NONE', ( #525, #4887, #4301, #4135 ) ) ;
#5341 = DIRECTION ( 'NONE',  ( 0.000000000000000000, 0.000000000000000000, 1.000000000000000000 ) ) ;
#5342 = CARTESIAN_POINT ( 'NONE',  ( 2.086769330929905131, 0.01574803149606299191, -0.4893750000000000044 ) ) ;
#5343 = CARTESIAN_POINT ( 'NONE',  ( 2.092412491511593142, 0.01574803149606299191, -0.4896771582000231104 ) ) ;
#5344 = CARTESIAN_POINT ( 'NONE',  ( 1.463077998984859907, 0.01574803149606299191, -0.7086071453434762413 ) ) ;
#5345 = CARTESIAN_POINT ( 'NONE',  ( 1.590294150816323748, -0.000000000000000000, -0.4894676275273492916 ) ) ;
#5346 = CARTESIAN_POINT ( 'NONE',  ( 0.4374999999999998335, 0.000000000000000000, -0.3649999999999999911 ) ) ;
#5347 = ORIENTED_EDGE ( 'NONE', *, *, #1316, .T. ) ;
#5348 = ORIENTED_EDGE ( 'NONE', *, *, #5382, .T. ) ;
#5349 = CARTESIAN_POINT ( 'NONE',  ( 1.658308644130744192, -2.134256245050205639E-18, -0.6027245569226415967 ) ) ;
#5350 = EDGE_LOOP ( 'NONE', ( #810, #3890, #2320, #5228 ) ) ;
#5351 = CARTESIAN_POINT ( 'NONE',  ( 1.768716956861621004, 0.01574803149606299191, -0.6955688596395961376 ) ) ;
#5352 = CARTESIAN_POINT ( 'NONE',  ( 1.763777133497301586, 0.01574803149606299191, -0.5825476701987745143 ) ) ;
#5353 = CARTESIAN_POINT ( 'NONE',  ( 0.9582180331331666689, 0.000000000000000000, -0.5027135717260216019 ) ) ;
#5354 = CARTESIAN_POINT ( 'NONE',  ( 1.990610854456254408, 0.01574803149606299191, -0.6853627314024504091 ) ) ;
#5355 = VERTEX_POINT ( 'NONE', #2030 ) ;
#5356 = CARTESIAN_POINT ( 'NONE',  ( 1.531593549679905575, 0.000000000000000000, -0.5353710937500000266 ) ) ;
#5357 = CARTESIAN_POINT ( 'NONE',  ( 2.107111404935126941, 0.01574803149606299191, -0.7266000665955246740 ) ) ;
#5358 = VERTEX_POINT ( 'NONE', #4423 ) ;
#5359 = LINE ( 'NONE', #992, #897 ) ;
#5360 = DIRECTION ( 'NONE',  ( 1.000000000000000000, 0.000000000000000000, 0.000000000000000000 ) ) ;
#5361 = CARTESIAN_POINT ( 'NONE',  ( 0.6962886798552460066, 0.01574803149606299191, -0.7213397502294378594 ) ) ;
#5362 = ORIENTED_EDGE ( 'NONE', *, *, #1692, .F. ) ;
#5363 = ADVANCED_FACE ( 'NONE', ( #5338 ), #5886, .F. ) ;
#5364 = VECTOR ( 'NONE', #3534, 39.37007874015748143 ) ;
#5365 = CARTESIAN_POINT ( 'NONE',  ( 1.526503262588267296, 0.01574803149606299191, -0.7083255533305482521 ) ) ;
#5366 = LINE ( 'NONE', #1379, #3504 ) ;
#5367 = CARTESIAN_POINT ( 'NONE',  ( 0.7193935879870801964, 0.000000000000000000, -0.4896277986352555733 ) ) ;
#5368 = CARTESIAN_POINT ( 'NONE',  ( 1.988666322972035161, 0.01574803149606299191, -0.6837113544980910618 ) ) ;
#5369 = DIRECTION ( 'NONE',  ( -0.000000000000000000, -1.000000000000000000, -0.000000000000000000 ) ) ;
#5370 = CARTESIAN_POINT ( 'NONE',  ( 1.922986225091002144, 0.01574803149606299191, -0.6690768429477937929 ) ) ;
#5371 = EDGE_LOOP ( 'NONE', ( #473, #2301, #5637, #817 ) ) ;
#5372 = VECTOR ( 'NONE', #5619, 39.37007874015748143 ) ;
#5373 = B_SPLINE_CURVE_WITH_KNOTS ( 'NONE', 3,
 ( #5337, #3429, #3459, #2488, #4422, #2029, #3939, #970, #493, #3966, #3487, #79, #2427, #3865, #1547, #2059, #3011, #4356, #17 ),
 .UNSPECIFIED., .F., .F.,
 ( 4, 1, 1, 1, 1, 1, 1, 1, 1, 1, 1, 1, 1, 1, 1, 1, 4 ),
 ( 0.000000000000000000, 0.06939722258969714674, 0.1358146130938058249, 0.1999374310785876074, 0.2624119349190583983, 0.3231370129599319685, 0.3822617588893446605, 0.4403934758608926692, 0.4985087807155207940, 0.5566045901593710266, 0.6150207315980802392, 0.6743829798034521872, 0.7356213399213481496, 0.7984768865626264978, 0.8629404959799606978, 0.9301147940872457331, 1.000000000000000000 ),
 .UNSPECIFIED. ) ;
#5374 = CARTESIAN_POINT ( 'NONE',  ( 1.593652242189570911, 0.01574803149606299191, -0.7349146247617434069 ) ) ;
#5375 = CARTESIAN_POINT ( 'NONE',  ( 1.695347850284714797, 0.01574803149606299191, -0.6501399421424436387 ) ) ;
#5376 = LINE ( 'NONE', #2394, #3609 ) ;
#5377 = CIRCLE ( 'NONE', #4442, 0.06249999999999995143 ) ;
#5378 = AXIS2_PLACEMENT_3D ( 'NONE', #4333, #3472, #6326 ) ;
#5379 = FACE_OUTER_BOUND ( 'NONE', #791, .T. ) ;
#5380 = CARTESIAN_POINT ( 'NONE',  ( 2.329999999999999627, 0.000000000000000000, -0.2750000000000003553 ) ) ;
#5381 = CARTESIAN_POINT ( 'NONE',  ( 1.761859233006684233, 0.01574803149606299191, -0.6223503111505126473 ) ) ;
#5382 = EDGE_CURVE ( 'NONE', #4080, #401, #2925, .T. ) ;
#5383 = ORIENTED_EDGE ( 'NONE', *, *, #2431, .F. ) ;
#5384 = VECTOR ( 'NONE', #5859, 39.37007874015748143 ) ;
#5385 = ORIENTED_EDGE ( 'NONE', *, *, #2686, .F. ) ;
#5386 = CARTESIAN_POINT ( 'NONE',  ( 0.8862177752544848630, 0.000000000000000000, -0.4911911030535148215 ) ) ;
#5387 = CARTESIAN_POINT ( 'NONE',  ( 1.565724409054905397, 0.000000000000000000, -0.7362499999999999600 ) ) ;
#5388 = CARTESIAN_POINT ( 'NONE',  ( 1.828228106193082958, 0.01574803149606299191, -0.5655082474758671429 ) ) ;
#5389 = CARTESIAN_POINT ( 'NONE',  ( 0.9557921979920567246, 0.000000000000000000, -0.5083359794443373936 ) ) ;
#5390 = VECTOR ( 'NONE', #6004, 39.37007874015748143 ) ;
#5391 = B_SPLINE_CURVE_WITH_KNOTS ( 'NONE', 3,
 ( #6049, #2533, #1584, #5561, #2070, #2643, #5051, #3560, #3617, #4096, #6021 ),
 .UNSPECIFIED., .F., .F.,
 ( 4, 1, 1, 1, 1, 1, 1, 1, 4 ),
 ( 0.000000000000000000, 0.08220167381014568952, 0.1736621169389030162, 0.2759481427328021041, 0.3912616871088695492, 0.5210725658350771061, 0.6654153851221421556, 0.8245207618702732333, 1.000000000000000000 ),
 .UNSPECIFIED. ) ;
#5392 = B_SPLINE_SURFACE_WITH_KNOTS ( 'NONE', 3, 1, ( 
 ( #5113, #4610 ),
 ( #1280, #3664 ),
 ( #3230, #2203 ),
 ( #4254, #4123 ),
 ( #1729, #3638 ),
 ( #2232, #1251 ),
 ( #6242, #322 ),
 ( #2724, #3163 ),
 ( #765, #5138 ),
 ( #4150, #6135 ),
 ( #1864, #1754 ),
 ( #5644, #5203 ),
 ( #2262, #3868 ),
 ( #5412, #5787 ),
 ( #1998, #6313 ) ),
 .UNSPECIFIED., .F., .F., .F.,
 ( 4, 1, 1, 1, 1, 1, 1, 1, 1, 1, 1, 1, 4 ),
 ( 2, 2 ),
 ( 0.000000000000000000, 0.1174015895797311526, 0.2200200149628016300, 0.3090989580098876255, 0.3851055460046563517, 0.4526885015523732791, 0.5158688681660508202, 0.5762142002903342108, 0.6371455783483166435, 0.7067072651947415851, 0.7900877326000482759, 0.8874825861711249653, 1.000000000000000000 ),
 ( 0.000000000000000000, 1.000000000000000000 ),
 .UNSPECIFIED. ) ;
#5393 = LINE ( 'NONE', #571, #1211 ) ;
#5394 = CARTESIAN_POINT ( 'NONE',  ( 2.097528139869468955, 0.000000000000000000, -0.7333496907531327214 ) ) ;
#5395 = VERTEX_POINT ( 'NONE', #971 ) ;
#5396 = DIRECTION ( 'NONE',  ( -0.8586054209590789910, 0.000000000000000000, -0.5126370364104440025 ) ) ;
#5397 = CARTESIAN_POINT ( 'NONE',  ( 0.9894561831163073418, 0.000000000000000000, -0.7390757100430840332 ) ) ;
#5398 = CARTESIAN_POINT ( 'NONE',  ( 1.230458527385670742, 0.01574803149606299191, -0.4939404300633070122 ) ) ;
#5399 = CARTESIAN_POINT ( 'NONE',  ( 1.922804487179905264, 2.134256245050205639E-18, -0.6608593750000000266 ) ) ;
#5400 = ORIENTED_EDGE ( 'NONE', *, *, #4467, .T. ) ;
#5401 = ORIENTED_EDGE ( 'NONE', *, *, #2139, .T. ) ;
#5402 = B_SPLINE_CURVE_WITH_KNOTS ( 'NONE', 3,
 ( #2652, #3147, #6057, #3569, #272, #3172, #4053, #5545, #2215, #2160, #5066 ),
 .UNSPECIFIED., .F., .F.,
 ( 4, 1, 1, 1, 1, 1, 1, 1, 4 ),
 ( 0.000000000000000000, 0.1229088741204422824, 0.2364516494111417177, 0.3479825443924760009, 0.4617666234886315113, 0.5802917925316444236, 0.7062604613274525711, 0.8451898420971099002, 1.000000000000000000 ),
 .UNSPECIFIED. ) ;
#5403 = CARTESIAN_POINT ( 'NONE',  ( 0.7332614639089398700, 0.01574803149606299191, -0.7376097719688642362 ) ) ;
#5404 = DIRECTION ( 'NONE',  ( 0.9815851488280638026, 0.000000000000000000, -0.1910251177206492290 ) ) ;
#5405 = CARTESIAN_POINT ( 'NONE',  ( 1.798645790280699375, 0.01574803149606299191, -0.6907216911062845632 ) ) ;
#5406 = CARTESIAN_POINT ( 'NONE',  ( 1.772498423178937799, 0.01574803149606299191, -0.5331913355487007955 ) ) ;
#5407 = DIRECTION ( 'NONE',  ( -0.000000000000000000, -1.000000000000000000, -0.000000000000000000 ) ) ;
#5408 = CARTESIAN_POINT ( 'NONE',  ( 1.107234395844689967, 8.537024980200822558E-18, -0.6579403409033011130 ) ) ;
#5409 = CARTESIAN_POINT ( 'NONE',  ( 1.985958081255676522, 0.000000000000000000, -0.7345421172199687598 ) ) ;
#5410 = ADVANCED_FACE ( 'NONE', ( #1548 ), #4357, .T. ) ;
#5411 = ORIENTED_EDGE ( 'NONE', *, *, #4163, .T. ) ;
#5412 = CARTESIAN_POINT ( 'NONE',  ( 1.525398575787976885, 0.01574803149606299191, -0.7042213982687018925 ) ) ;
#5413 = CARTESIAN_POINT ( 'NONE',  ( 1.230989168791269073, 1.067128122525102820E-17, -0.7305022709825920169 ) ) ;
#5414 = CARTESIAN_POINT ( 'NONE',  ( 1.406032779645482345, 0.01574803149606299191, -0.4894693142053127000 ) ) ;
#5415 = CARTESIAN_POINT ( 'NONE',  ( 1.531253049571068336, 0.01574803149606299191, -0.5335642766421965222 ) ) ;
#5416 = CARTESIAN_POINT ( 'NONE',  ( 0.8461180787847011331, 0.01574803149606299191, -0.7298756350952343430 ) ) ;
#5417 = ORIENTED_EDGE ( 'NONE', *, *, #3398, .T. ) ;
#5418 = ORIENTED_EDGE ( 'NONE', *, *, #1623, .T. ) ;
#5419 = CARTESIAN_POINT ( 'NONE',  ( 1.881239693776089350, 0.000000000000000000, -0.5513158088305722959 ) ) ;
#5420 = CARTESIAN_POINT ( 'NONE',  ( 1.526503262588267296, 0.000000000000000000, -0.7083255533305482521 ) ) ;
#5421 = CARTESIAN_POINT ( 'NONE',  ( 1.828228106193082958, 2.134256245050205639E-18, -0.5655082474758671429 ) ) ;
#5422 = CARTESIAN_POINT ( 'NONE',  ( 0.8351230133880261919, 0.000000000000000000, -0.7143722516419394042 ) ) ;
#5423 = CARTESIAN_POINT ( 'NONE',  ( 1.129696731730191805, 0.000000000000000000, -0.6300410242652463300 ) ) ;
#5424 = EDGE_CURVE ( 'NONE', #4813, #4416, #5921, .T. ) ;
#5425 = B_SPLINE_CURVE_WITH_KNOTS ( 'NONE', 3,
 ( #3567, #4508, #157, #3595, #4568, #2158, #4446 ),
 .UNSPECIFIED., .F., .F.,
 ( 4, 1, 1, 1, 4 ),
 ( 0.000000000000000000, 0.2690630086932779830, 0.5190356294881061094, 0.7598120114060888941, 1.000000000000000000 ),
 .UNSPECIFIED. ) ;
#5426 = DIRECTION ( 'NONE',  ( 0.000000000000000000, 0.000000000000000000, -1.000000000000000000 ) ) ;
#5427 = CARTESIAN_POINT ( 'NONE',  ( 2.057257510028259517, -0.000000000000000000, -0.5186778385476670250 ) ) ;
#5428 = ORIENTED_EDGE ( 'NONE', *, *, #1124, .F. ) ;
#5429 = CARTESIAN_POINT ( 'NONE',  ( 0.8994370279011818514, 0.01574803149606299191, -0.5070591035736968788 ) ) ;
#5430 = FACE_OUTER_BOUND ( 'NONE', #3633, .T. ) ;
#5431 = CARTESIAN_POINT ( 'NONE',  ( 1.137121359965232115, 0.01574803149606299191, -0.6912050257421651356 ) ) ;
#5432 = FACE_OUTER_BOUND ( 'NONE', #1473, .T. ) ;
#5433 = ORIENTED_EDGE ( 'NONE', *, *, #4894, .T. ) ;
#5434 = ORIENTED_EDGE ( 'NONE', *, *, #1257, .T. ) ;
#5435 = CARTESIAN_POINT ( 'NONE',  ( 0.7248498183248278659, 0.01574803149606299191, -0.7392897378189623447 ) ) ;
#5436 = CARTESIAN_POINT ( 'NONE',  ( 0.8831483222728963023, 0.000000000000000000, -0.7365684856197703967 ) ) ;
#5437 = CARTESIAN_POINT ( 'NONE',  ( 1.658177123033379718, 0.01574803149606299191, -0.5356634234653790960 ) ) ;
#5438 = CARTESIAN_POINT ( 'NONE',  ( 1.149907668011070472, 8.537024980200822558E-18, -0.6269579293438025669 ) ) ;
#5439 = CARTESIAN_POINT ( 'NONE',  ( 1.928086293975099341, 0.01574803149606299191, -0.6920564396778251526 ) ) ;
#5440 = VERTEX_POINT ( 'NONE', #115 ) ;
#5441 = CARTESIAN_POINT ( 'NONE',  ( 1.530605170206580601, 0.01574803149606299191, -0.5301263936895446172 ) ) ;
#5442 = CARTESIAN_POINT ( 'NONE',  ( 1.235236404935127430, 0.01574803149606299191, -0.7266000665955246740 ) ) ;
#5443 = CARTESIAN_POINT ( 'NONE',  ( 1.464261349065736573, 6.402768735150616918E-18, -0.7043165516219213051 ) ) ;
#5444 = CARTESIAN_POINT ( 'NONE',  ( 1.525471009848470061, 0.01574803149606299191, -0.5099781126022837618 ) ) ;
#5445 = CARTESIAN_POINT ( 'NONE',  ( 1.134583499330998446, 8.537024980200822558E-18, -0.5832520543012010839 ) ) ;
#5446 = EDGE_LOOP ( 'NONE', ( #4685, #3285, #4923, #5988 ) ) ;
#5447 = EDGE_CURVE ( 'NONE', #513, #4027, #18, .T. ) ;
#5448 = CARTESIAN_POINT ( 'NONE',  ( 0.8905803518740539326, 0.000000000000000000, -0.4937336027666552329 ) ) ;
#5449 = CARTESIAN_POINT ( 'NONE',  ( 1.676278791428718939, 0.01574803149606299191, -0.6215183839780858976 ) ) ;
#5450 = CYLINDRICAL_SURFACE ( 'NONE', #2212, 0.06425000000000000155 ) ;
#5451 = CARTESIAN_POINT ( 'NONE',  ( 1.142422921151178938, 0.000000000000000000, -0.6276072213740757633 ) ) ;
#5452 = EDGE_CURVE ( 'NONE', #6265, #3209, #2548, .T. ) ;
#5453 = LINE ( 'NONE', #4963, #2303 ) ;
#5454 = CARTESIAN_POINT ( 'NONE',  ( 1.995730721102108474, 0.01574803149606299191, -0.5842720217304788743 ) ) ;
#5455 = CARTESIAN_POINT ( 'NONE',  ( 0.8478044871799053084, 0.01574803149606299191, -0.5198437500000000488 ) ) ;
#5456 = ORIENTED_EDGE ( 'NONE', *, *, #2620, .F. ) ;
#5457 = CARTESIAN_POINT ( 'NONE',  ( 1.404457255419189421, 0.01574803149606299191, -0.7360809920015050078 ) ) ;
#5458 = CARTESIAN_POINT ( 'NONE',  ( 1.734216351434068271, 0.01574803149606299191, -0.4923811934883015606 ) ) ;
#5459 = CARTESIAN_POINT ( 'NONE',  ( 1.010241499067669357, 0.01574803149606299191, -0.5191350500798622702 ) ) ;
#5460 = DIRECTION ( 'NONE',  ( 0.000000000000000000, 0.000000000000000000, 1.000000000000000000 ) ) ;
#5461 = DIRECTION ( 'NONE',  ( 1.000000000000000000, -0.000000000000000000, -0.000000000000000000 ) ) ;
#5462 = ADVANCED_FACE ( 'NONE', ( #3900 ), #3766, .T. ) ;
#5463 = ORIENTED_EDGE ( 'NONE', *, *, #827, .F. ) ;
#5464 = CARTESIAN_POINT ( 'NONE',  ( 0.8995797985643696482, 0.000000000000000000, -0.7169725059948139911 ) ) ;
#5465 = CARTESIAN_POINT ( 'NONE',  ( 1.404298627804905442, 2.134256245050205639E-18, -0.4893750000000000044 ) ) ;
#5466 = CARTESIAN_POINT ( 'NONE',  ( 0.7665544871799053750, 0.000000000000000000, -0.5189160156250000044 ) ) ;
#5467 = CARTESIAN_POINT ( 'NONE',  ( 1.142422921151178938, 0.01574803149606299191, -0.6276072213740757633 ) ) ;
#5468 = VERTEX_POINT ( 'NONE', #4307 ) ;
#5469 = B_SPLINE_CURVE_WITH_KNOTS ( 'NONE', 3,
 ( #723, #5182, #2651, #4131, #6117, #3674, #3648, #4075, #2214, #2627, #6030 ),
 .UNSPECIFIED., .F., .F.,
 ( 4, 1, 1, 1, 1, 1, 1, 1, 4 ),
 ( 0.000000000000000000, 0.1083625427723342444, 0.2179321617883494544, 0.3333712092284985551, 0.4596966744870134569, 0.5901616249011426563, 0.7207242691456540173, 0.8558783121450039832, 1.000000000000000000 ),
 .UNSPECIFIED. ) ;
#5470 = B_SPLINE_CURVE_WITH_KNOTS ( 'NONE', 3,
 ( #2503, #4375, #4444, #5288, #2838, #4789, #2373, #4303, #1911, #5805, #3348 ),
 .UNSPECIFIED., .F., .F.,
 ( 4, 1, 1, 1, 1, 1, 1, 1, 4 ),
 ( 0.000000000000000000, 0.1330733262487469315, 0.2627659362384358599, 0.3887957597851894875, 0.5126889517223318649, 0.6344410886993782084, 0.7564245126272963748, 0.8781791936067050441, 1.000000000000000000 ),
 .UNSPECIFIED. ) ;
#5471 = CARTESIAN_POINT ( 'NONE',  ( 1.531593549679905575, 0.01574803149606299191, -0.5353710937500000266 ) ) ;
#5472 = CARTESIAN_POINT ( 'NONE',  ( 2.100316344785508438, 0.01574803149606299191, -0.7320200826854215137 ) ) ;
#5473 = LINE ( 'NONE', #55, #5384 ) ;
#5474 = CARTESIAN_POINT ( 'NONE',  ( 0.9817290272152714437, 0.01574803149606299191, -0.7392844530789838275 ) ) ;
#5475 = CARTESIAN_POINT ( 'NONE',  ( 1.081051659418518884, 8.537024980200822558E-18, -0.5984973928187043990 ) ) ;
#5476 = VECTOR ( 'NONE', #1760, 39.37007874015748143 ) ;
#5477 = EDGE_LOOP ( 'NONE', ( #1308, #2097, #3507, #2633 ) ) ;
#5478 = CARTESIAN_POINT ( 'NONE',  ( 1.808186265675640669, 0.01574803149606299191, -0.7347176547495120058 ) ) ;
#5479 = CARTESIAN_POINT ( 'NONE',  ( 1.197437334274282561, 0.01574803149606299191, -0.4940949613715140409 ) ) ;
#5480 = AXIS2_PLACEMENT_3D ( 'NONE', #5214, #2903, #1432 ) ;
#5481 = CARTESIAN_POINT ( 'NONE',  ( 0.7478044871799053306, 0.000000000000000000, -0.5706250000000000488 ) ) ;
#5482 = DIRECTION ( 'NONE',  ( -0.000000000000000000, -1.000000000000000000, -0.000000000000000000 ) ) ;
#5483 = CARTESIAN_POINT ( 'NONE',  ( 1.114519734441949961, 0.01574803149606299191, -0.6814065122916800332 ) ) ;
#5484 = EDGE_CURVE ( 'NONE', #1036, #3420, #4760, .T. ) ;
#5485 = VECTOR ( 'NONE', #3722, 39.37007874015748143 ) ;
#5486 = CYLINDRICAL_SURFACE ( 'NONE', #2514, 0.1250000000000000278 ) ;
#5487 = LINE ( 'NONE', #5356, #4456 ) ;
#5488 = CARTESIAN_POINT ( 'NONE',  ( 0.2000000000000000111, 0.07499999999999999722, -0.6149999999999999911 ) ) ;
#5489 = EDGE_LOOP ( 'NONE', ( #3852, #6034, #1566, #343 ) ) ;
#5490 = VECTOR ( 'NONE', #6127, 39.37007874015748143 ) ;
#5491 = CARTESIAN_POINT ( 'NONE',  ( 1.520271763518826758, -2.134256245050205639E-18, -0.5006583000933099159 ) ) ;
#5492 = DIRECTION ( 'NONE',  ( -0.000000000000000000, -1.000000000000000000, -0.000000000000000000 ) ) ;
#5493 = CARTESIAN_POINT ( 'NONE',  ( 1.664491142161984572, 0.01574803149606299191, -0.6731983133695433885 ) ) ;
#5494 = CARTESIAN_POINT ( 'NONE',  ( 1.612264134385513747, 0.01574803149606299191, -0.7180788956478462159 ) ) ;
#5495 = DIRECTION ( 'NONE',  ( 0.000000000000000000, -1.000000000000000000, 0.000000000000000000 ) ) ;
#5496 = DIRECTION ( 'NONE',  ( -0.000000000000000000, -1.000000000000000000, -0.000000000000000000 ) ) ;
#5497 = ORIENTED_EDGE ( 'NONE', *, *, #5857, .F. ) ;
#5498 = CARTESIAN_POINT ( 'NONE',  ( 0.1250000000000000000, 0.1400000000000000133, -3.414809992080329023E-17 ) ) ;
#5499 = CARTESIAN_POINT ( 'NONE',  ( 1.392167759854682441, 2.134256245050205639E-18, -0.4911824671211253435 ) ) ;
#5500 = LINE ( 'NONE', #706, #5567 ) ;
#5501 = CARTESIAN_POINT ( 'NONE',  ( 2.079999999999999627, 0.3149999999999992251, -0.1750000000000000444 ) ) ;
#5502 = VERTEX_POINT ( 'NONE', #3280 ) ;
#5503 = B_SPLINE_CURVE_WITH_KNOTS ( 'NONE', 3,
 ( #1565, #4931, #4051, #1626, #5064, #2971, #3539, #4478, #665, #5030, #1175, #3987, #4020, #1592, #217 ),
 .UNSPECIFIED., .F., .F.,
 ( 4, 1, 1, 1, 1, 1, 1, 1, 1, 1, 1, 1, 4 ),
 ( 0.000000000000000000, 0.1196246628663752143, 0.2282837097143243510, 0.3263627238658242113, 0.4152666510313157699, 0.4958568814466446373, 0.5702432826981825853, 0.6394510592149723616, 0.7065314550312612463, 0.7732900845859886907, 0.8425412606324501619, 0.9177644306273171626, 1.000000000000000000 ),
 .UNSPECIFIED. ) ;
#5504 = CARTESIAN_POINT ( 'NONE',  ( 1.611192039233947160, 0.01574803149606299191, -0.7211664009154009625 ) ) ;
#5505 = CARTESIAN_POINT ( 'NONE',  ( 1.712615238068587731, 0.000000000000000000, -0.6583572771525912914 ) ) ;
#5506 = CARTESIAN_POINT ( 'NONE',  ( 0.7166972805375858568, 0.01574803149606299191, -0.7390839934332873451 ) ) ;
#5507 = CARTESIAN_POINT ( 'NONE',  ( 1.798645790280699375, 6.402768735150616918E-18, -0.6907216911062845632 ) ) ;
#5508 = PRESENTATION_STYLE_ASSIGNMENT (( #3531 ) ) ;
#5509 = ORIENTED_EDGE ( 'NONE', *, *, #1019, .T. ) ;
#5510 = CARTESIAN_POINT ( 'NONE',  ( 0.8986376333861287868, 0.01574803149606299191, -0.7196902923623984538 ) ) ;
#5511 = CARTESIAN_POINT ( 'NONE',  ( 1.212719781241064609, 0.01574803149606299191, -0.4894709107017727323 ) ) ;
#5512 = CARTESIAN_POINT ( 'NONE',  ( 0.9582180331331666689, 0.01574803149606299191, -0.5027135717260216019 ) ) ;
#5513 = CARTESIAN_POINT ( 'NONE',  ( 1.976532787042074135, 0.01574803149606299191, -0.7328658653892226038 ) ) ;
#5514 = CARTESIAN_POINT ( 'NONE',  ( 2.013866381153823326, 0.01574803149606299191, -0.5831681608761836166 ) ) ;
#5515 = CARTESIAN_POINT ( 'NONE',  ( 1.752197867299052580, 2.134256245050205639E-18, -0.5801289281510280116 ) ) ;
#5516 = DIRECTION ( 'NONE',  ( 0.000000000000000000, 1.000000000000000000, 0.000000000000000000 ) ) ;
#5517 = EDGE_CURVE ( 'NONE', #6264, #1340, #4691, .T. ) ;
#5518 = CARTESIAN_POINT ( 'NONE',  ( 0.8478044871799053084, 0.01574803149606299191, -0.5198437500000000488 ) ) ;
#5519 = CARTESIAN_POINT ( 'NONE',  ( 2.079999999999999627, 0.1400000000000000133, -0.1750000000000000444 ) ) ;
#5520 = EDGE_CURVE ( 'NONE', #1801, #5049, #3317, .T. ) ;
#5521 = CARTESIAN_POINT ( 'NONE',  ( 0.9990819392866335802, 0.01574803149606299191, -0.4939665818789647500 ) ) ;
#5522 = EDGE_LOOP ( 'NONE', ( #946, #4864, #2631, #1693 ) ) ;
#5523 = EDGE_LOOP ( 'NONE', ( #2717, #2165, #5189, #6282 ) ) ;
#5524 = VERTEX_POINT ( 'NONE', #6259 ) ;
#5525 = DIRECTION ( 'NONE',  ( 0.000000000000000000, 0.000000000000000000, 1.000000000000000000 ) ) ;
#5526 = CARTESIAN_POINT ( 'NONE',  ( 0.7283223191602938851, 0.01574803149606299191, -0.7391253615402667565 ) ) ;
#5527 = CARTESIAN_POINT ( 'NONE',  ( 2.229999999999999538, 0.1400000000000000133, -0.1250000000000000278 ) ) ;
#5528 = CARTESIAN_POINT ( 'NONE',  ( 0.8981951121799053306, 0.01574803149606299191, -0.7209667968749999822 ) ) ;
#5529 = CARTESIAN_POINT ( 'NONE',  ( 1.085337064746080049, 0.000000000000000000, -0.7256772953896107881 ) ) ;
#5530 = EDGE_CURVE ( 'NONE', #2468, #4105, #1775, .T. ) ;
#5531 = CARTESIAN_POINT ( 'NONE',  ( 2.097528139869468955, 0.01574803149606299191, -0.7333496907531327214 ) ) ;
#5532 = CARTESIAN_POINT ( 'NONE',  ( 1.699237136485957089, 0.01574803149606299191, -0.6503816025927658950 ) ) ;
#5533 = DIRECTION ( 'NONE',  ( 1.000000000000000000, 0.000000000000000000, -0.000000000000000000 ) ) ;
#5534 = ORIENTED_EDGE ( 'NONE', *, *, #3282, .F. ) ;
#5535 = CARTESIAN_POINT ( 'NONE',  ( 1.157911909054905708, 0.01574803149606299191, -0.6925000000000000044 ) ) ;
#5536 = DIRECTION ( 'NONE',  ( 0.000000000000000000, 0.000000000000000000, 1.000000000000000000 ) ) ;
#5537 = CARTESIAN_POINT ( 'NONE',  ( 1.757000958224330001, 0.000000000000000000, -0.6235582935077611522 ) ) ;
#5538 = CARTESIAN_POINT ( 'NONE',  ( 1.769386518429905797, 6.402768735150616918E-18, -0.4893750000000000044 ) ) ;
#5539 = CARTESIAN_POINT ( 'NONE',  ( 1.404298627804905442, 0.01574803149606299191, -0.4893750000000000044 ) ) ;
#5540 = ORIENTED_EDGE ( 'NONE', *, *, #316, .T. ) ;
#5541 = EDGE_CURVE ( 'NONE', #972, #246, #1818, .T. ) ;
#5542 = LINE ( 'NONE', #3118, #998 ) ;
#5543 = DIRECTION ( 'NONE',  ( 0.000000000000000000, 0.000000000000000000, -1.000000000000000000 ) ) ;
#5544 = CARTESIAN_POINT ( 'NONE',  ( 2.079396284054905397, 0.000000000000000000, -0.7362499999999999600 ) ) ;
#5545 = CARTESIAN_POINT ( 'NONE',  ( 1.239992746087522857, 0.000000000000000000, -0.5078715846304679982 ) ) ;
#5546 = CARTESIAN_POINT ( 'NONE',  ( 0.4999999999999998335, 0.000000000000000000, -0.3649999999999999911 ) ) ;
#5547 = VERTEX_POINT ( 'NONE', #1948 ) ;
#5548 = EDGE_LOOP ( 'NONE', ( #1593, #1094, #4484, #6300 ) ) ;
#5549 = LINE ( 'NONE', #3576, #3913 ) ;
#5550 = CARTESIAN_POINT ( 'NONE',  ( 2.113429487179905308, 0.000000000000000000, -0.7037304687500000044 ) ) ;
#5551 = CARTESIAN_POINT ( 'NONE',  ( 1.375929487179905486, 0.01574803149606299191, -0.5195996093750000488 ) ) ;
#5552 = CARTESIAN_POINT ( 'NONE',  ( 1.758396792154359289, 0.000000000000000000, -0.5810554274509128758 ) ) ;
#5553 = PLANE ( 'NONE',  #1198 ) ;
#5554 = EDGE_CURVE ( 'NONE', #4365, #4783, #1815, .T. ) ;
#5555 = EDGE_LOOP ( 'NONE', ( #1739, #3065, #1433, #4794 ) ) ;
#5556 = CARTESIAN_POINT ( 'NONE',  ( 1.704782003139035274, 0.01574803149606299191, -0.6524058314271993231 ) ) ;
#5557 = CARTESIAN_POINT ( 'NONE',  ( 1.414269197322425509, 6.402768735150616918E-18, -0.4910812313587941125 ) ) ;
#5558 = FACE_OUTER_BOUND ( 'NONE', #3821, .T. ) ;
#5559 = PLANE ( 'NONE',  #4553 ) ;
#5560 = ORIENTED_EDGE ( 'NONE', *, *, #4587, .T. ) ;
#5561 = CARTESIAN_POINT ( 'NONE',  ( 1.122327413818216213, 0.000000000000000000, -0.6872853059217891580 ) ) ;
#5562 = DIRECTION ( 'NONE',  ( 0.000000000000000000, 0.000000000000000000, 1.000000000000000000 ) ) ;
#5563 = CARTESIAN_POINT ( 'NONE',  ( 0.8862177752544848630, 0.000000000000000000, -0.4911911030535148215 ) ) ;
#5564 = VECTOR ( 'NONE', #5496, 39.37007874015748143 ) ;
#5565 = CARTESIAN_POINT ( 'NONE',  ( 1.881239693776089350, 6.402768735150616918E-18, -0.5513158088305722959 ) ) ;
#5566 = CARTESIAN_POINT ( 'NONE',  ( 1.976425237444370486, 0.01574803149606299191, -0.5880286626417449147 ) ) ;
#5567 = VECTOR ( 'NONE', #4488, 39.37007874015748143 ) ;
#5568 = VECTOR ( 'NONE', #4985, 39.37007874015748143 ) ;
#5569 = LINE ( 'NONE', #773, #2414 ) ;
#5570 = LINE ( 'NONE', #5146, #2196 ) ;
#5571 = CARTESIAN_POINT ( 'NONE',  ( 1.680930020251101054, 0.01574803149606299191, -0.6224926959607453014 ) ) ;
#5572 = CARTESIAN_POINT ( 'NONE',  ( 2.074470232313248008, 0.01574803149606299191, -0.4912707174611702365 ) ) ;
#5573 = AXIS2_PLACEMENT_3D ( 'NONE', #4544, #3062, #5034 ) ;
#5574 = AXIS2_PLACEMENT_3D ( 'NONE', #693, #5057, #185 ) ;
#5575 = LINE ( 'NONE', #1214, #2204 ) ;
#5576 = ORIENTED_EDGE ( 'NONE', *, *, #4561, .F. ) ;
#5577 = EDGE_CURVE ( 'NONE', #3209, #6223, #5062, .T. ) ;
#5578 = AXIS2_PLACEMENT_3D ( 'NONE', #3297, #5272, #5722 ) ;
#5579 = ORIENTED_EDGE ( 'NONE', *, *, #229, .T. ) ;
#5580 = CARTESIAN_POINT ( 'NONE',  ( 1.006398639980607523, 4.268512490100411279E-18, -0.7265893274304040528 ) ) ;
#5581 = CARTESIAN_POINT ( 'NONE',  ( 1.776353707618672395, 0.000000000000000000, -0.5962752996905649194 ) ) ;
#5582 = LINE ( 'NONE', #2608, #87 ) ;
#5583 = VECTOR ( 'NONE', #1963, 39.37007874015748143 ) ;
#5584 = VERTEX_POINT ( 'NONE', #3413 ) ;
#5585 = CARTESIAN_POINT ( 'NONE',  ( 2.102864168791268362, 0.01574803149606299191, -0.7305022709825920169 ) ) ;
#5586 = CARTESIAN_POINT ( 'NONE',  ( 1.657290006273648864, 0.000000000000000000, -0.5972788753130612305 ) ) ;
#5587 = DIRECTION ( 'NONE',  ( -0.000000000000000000, -1.000000000000000000, -0.000000000000000000 ) ) ;
#5588 = EDGE_CURVE ( 'NONE', #4973, #1878, #3421, .T. ) ;
#5589 = B_SPLINE_SURFACE_WITH_KNOTS ( 'NONE', 3, 1, ( 
 ( #2283, #4207 ),
 ( #6197, #5226 ),
 ( #5708, #6232 ),
 ( #3793, #857 ),
 ( #1852, #5742 ),
 ( #1373, #5258 ),
 ( #105, #5842 ),
 ( #2051, #3829 ),
 ( #5295, #4347 ),
 ( #995, #2021 ),
 ( #2845, #5878 ) ),
 .UNSPECIFIED., .F., .F., .F.,
 ( 4, 1, 1, 1, 1, 1, 1, 1, 4 ),
 ( 2, 2 ),
 ( 0.000000000000000000, 0.1569433403011132877, 0.3052641691385795109, 0.4438862275305977545, 0.5729504529666065160, 0.6925868846920718580, 0.8040351933094564973, 0.9064180598495789054, 0.9999999999999998890 ),
 ( 0.000000000000000000, 1.000000000000000000 ),
 .UNSPECIFIED. ) ;
#5590 = CARTESIAN_POINT ( 'NONE',  ( 1.751759565304905619, 0.01574803149606299191, -0.6237500000000000266 ) ) ;
#5591 = CARTESIAN_POINT ( 'NONE',  ( 0.5000000000000000000, 0.07000000000000000666, -0.8649999999999998801 ) ) ;
#5592 = EDGE_CURVE ( 'NONE', #2782, #5195, #5871, .T. ) ;
#5593 = EDGE_CURVE ( 'NONE', #876, #1542, #5393, .T. ) ;
#5594 = CARTESIAN_POINT ( 'NONE',  ( 0.9945664885472488281, 0.000000000000000000, -0.4912168270001306958 ) ) ;
#5595 = CARTESIAN_POINT ( 'NONE',  ( 0.6988641811770868184, 0.01574803149606299191, -0.5027176849446669538 ) ) ;
#5596 = CARTESIAN_POINT ( 'NONE',  ( 0.8812601051126202067, 0.000000000000000000, -0.4896107340137542674 ) ) ;
#5597 = CARTESIAN_POINT ( 'NONE',  ( 1.981037933886112601, 0.01574803149606299191, -0.7337673975142066096 ) ) ;
#5598 = CARTESIAN_POINT ( 'NONE',  ( 1.003152008026783282, 0.01574803149606299191, -0.7312250803505266905 ) ) ;
#5599 = CARTESIAN_POINT ( 'NONE',  ( 1.092640483710597410, 0.01574803149606299191, -0.7291341438346854442 ) ) ;
#5600 = CARTESIAN_POINT ( 'NONE',  ( 0.9009156020876871729, 0.01574803149606299191, -0.7036024599242634014 ) ) ;
#5601 = CARTESIAN_POINT ( 'NONE',  ( 1.404457255419189421, 2.134256245050205639E-18, -0.7360809920015050078 ) ) ;
#5602 = EDGE_CURVE ( 'NONE', #3651, #1360, #541, .T. ) ;
#5603 = B_SPLINE_CURVE_WITH_KNOTS ( 'NONE', 3,
 ( #956, #2870, #441, #5702, #4821, #3316, #1337, #3754, #1912, #2374, #2409, #3824, #5737, #1881, #6153 ),
 .UNSPECIFIED., .F., .F.,
 ( 4, 1, 1, 1, 1, 1, 1, 1, 1, 1, 1, 1, 4 ),
 ( 0.000000000000000000, 0.1456817349758525171, 0.2786834729361730156, 0.4002203989206651880, 0.5136386216531620974, 0.5683753864952296730, 0.6227437561373749819, 0.6785936170311778204, 0.7350696838698020930, 0.7955826855105287976, 0.8584107594692896859, 0.9267421627647466353, 0.9999999999999998890 ),
 .UNSPECIFIED. ) ;
#5604 = DIRECTION ( 'NONE',  ( 0.000000000000000000, 0.000000000000000000, 1.000000000000000000 ) ) ;
#5605 = ORIENTED_EDGE ( 'NONE', *, *, #2312, .F. ) ;
#5606 = ORIENTED_EDGE ( 'NONE', *, *, #5043, .T. ) ;
#5607 = ORIENTED_EDGE ( 'NONE', *, *, #509, .T. ) ;
#5608 = LINE ( 'NONE', #1181, #3603 ) ;
#5609 = CARTESIAN_POINT ( 'NONE',  ( 2.229999999999999538, 0.1400000000000000133, -1.104999999999999982 ) ) ;
#5610 = DIRECTION ( 'NONE',  ( -0.000000000000000000, -1.000000000000000000, -0.000000000000000000 ) ) ;
#5611 = CARTESIAN_POINT ( 'NONE',  ( 1.155159734310539976, 0.01574803149606299191, -0.6269035143893506579 ) ) ;
#5612 = ORIENTED_EDGE ( 'NONE', *, *, #2426, .T. ) ;
#5613 = CARTESIAN_POINT ( 'NONE',  ( 1.894583119666773063, 0.000000000000000000, -0.6189702593203569858 ) ) ;
#5614 = CARTESIAN_POINT ( 'NONE',  ( 1.751759565304905619, 0.000000000000000000, -0.6237500000000000266 ) ) ;
#5615 = CARTESIAN_POINT ( 'NONE',  ( 0.7208586851107868787, 0.01574803149606299191, -0.7392746610202701740 ) ) ;
#5616 = CARTESIAN_POINT ( 'NONE',  ( 1.837336015419612334, 6.402768735150616918E-18, -0.6337440644695004899 ) ) ;
#5617 = CARTESIAN_POINT ( 'NONE',  ( 1.145802534054905841, 0.01574803149606299191, -0.5831250000000000044 ) ) ;
#5618 = CARTESIAN_POINT ( 'NONE',  ( 0.7375783214138085242, 0.01574803149606299191, -0.7350724542995681343 ) ) ;
#5619 = DIRECTION ( 'NONE',  ( -0.000000000000000000, -1.000000000000000000, -0.000000000000000000 ) ) ;
#5620 = DIRECTION ( 'NONE',  ( 0.000000000000000000, 0.000000000000000000, -1.000000000000000000 ) ) ;
#5621 = CARTESIAN_POINT ( 'NONE',  ( 1.808935402057506803, 6.402768735150616918E-18, -0.4939147066958607946 ) ) ;
#5622 = DIRECTION ( 'NONE',  ( 0.000000000000000000, 0.000000000000000000, -1.000000000000000000 ) ) ;
#5623 = CARTESIAN_POINT ( 'NONE',  ( 1.745531162030891315, 0.01574803149606299191, -0.4906680382963545251 ) ) ;
#5624 = ORIENTED_EDGE ( 'NONE', *, *, #1763, .T. ) ;
#5625 = EDGE_CURVE ( 'NONE', #25, #1271, #1027, .T. ) ;
#5626 = DIRECTION ( 'NONE',  ( -0.000000000000000000, -1.000000000000000000, -0.000000000000000000 ) ) ;
#5627 = CARTESIAN_POINT ( 'NONE',  ( 1.613429487179905530, 0.000000000000000000, -0.5195996093750000488 ) ) ;
#5628 = CARTESIAN_POINT ( 'NONE',  ( 2.069312334274281628, 0.01574803149606299191, -0.4940949613715138189 ) ) ;
#5629 = EDGE_CURVE ( 'NONE', #457, #5838, #5487, .T. ) ;
#5630 = VERTEX_POINT ( 'NONE', #5908 ) ;
#5631 = VERTEX_POINT ( 'NONE', #36 ) ;
#5632 = FACE_OUTER_BOUND ( 'NONE', #2277, .T. ) ;
#5633 = CARTESIAN_POINT ( 'NONE',  ( 0.7283223191602938851, 0.000000000000000000, -0.7391253615402667565 ) ) ;
#5634 = CARTESIAN_POINT ( 'NONE',  ( 1.678201197137761280, 0.01574803149606299191, -0.7052509260326546014 ) ) ;
#5635 = EDGE_CURVE ( 'NONE', #648, #3253, #2674, .T. ) ;
#5636 = LINE ( 'NONE', #3251, #2905 ) ;
#5637 = ORIENTED_EDGE ( 'NONE', *, *, #1272, .T. ) ;
#5638 = LINE ( 'NONE', #1273, #3701 ) ;
#5639 = CARTESIAN_POINT ( 'NONE',  ( 1.664668896976415846, 0.01574803149606299191, -0.6792280049237870987 ) ) ;
#5640 = CARTESIAN_POINT ( 'NONE',  ( 1.465415459423557554, 0.01574803149606299191, -0.5068682642342801081 ) ) ;
#5641 = ADVANCED_FACE ( 'NONE', ( #2970 ), #1980, .T. ) ;
#5642 = CARTESIAN_POINT ( 'NONE',  ( 0.8641409577175938050, 2.134256245050205639E-18, -0.4912404362675277802 ) ) ;
#5643 = CARTESIAN_POINT ( 'NONE',  ( 1.100490034054905752, 0.000000000000000000, -0.7317089843750000933 ) ) ;
#5644 = CARTESIAN_POINT ( 'NONE',  ( 1.528193775660272591, 0.01574803149606299191, -0.7140213084126223464 ) ) ;
#5645 = EDGE_CURVE ( 'NONE', #3488, #1456, #3808, .T. ) ;
#5646 = CARTESIAN_POINT ( 'NONE',  ( 1.753728998630890379, 0.000000000000000000, -0.5340668624874459480 ) ) ;
#5647 = CARTESIAN_POINT ( 'NONE',  ( 1.986394734441949250, -0.000000000000000000, -0.6814065122916799222 ) ) ;
#5648 = DIRECTION ( 'NONE',  ( -0.000000000000000000, -1.000000000000000000, -0.000000000000000000 ) ) ;
#5649 = CARTESIAN_POINT ( 'NONE',  ( 1.494777143429905530, 0.000000000000000000, -0.5737499999999999822 ) ) ;
#5650 = LINE ( 'NONE', #1286, #3908 ) ;
#5651 = DIRECTION ( 'NONE',  ( -0.000000000000000000, -1.000000000000000000, -0.000000000000000000 ) ) ;
#5652 = ORIENTED_EDGE ( 'NONE', *, *, #1778, .T. ) ;
#5653 = VECTOR ( 'NONE', #2568, 39.37007874015748143 ) ;
#5654 = DIRECTION ( 'NONE',  ( -0.000000000000000000, -1.000000000000000000, -0.000000000000000000 ) ) ;
#5655 = CARTESIAN_POINT ( 'NONE',  ( 0.5000000000000000000, 0.07000000000000000666, -0.9274999999999998801 ) ) ;
#5656 = DIRECTION ( 'NONE',  ( 0.000000000000000000, -1.000000000000000000, 0.000000000000000000 ) ) ;
#5657 = CARTESIAN_POINT ( 'NONE',  ( 2.086769330929905131, 0.000000000000000000, -0.4893750000000000044 ) ) ;
#5658 = EDGE_CURVE ( 'NONE', #4966, #4813, #65, .T. ) ;
#5659 = CARTESIAN_POINT ( 'NONE',  ( 0.7266619090549053528, 0.01574803149606299191, -0.4893750000000000044 ) ) ;
#5660 = VECTOR ( 'NONE', #5095, 39.37007874015748143 ) ;
#5661 = ORIENTED_EDGE ( 'NONE', *, *, #170, .T. ) ;
#5662 = ORIENTED_EDGE ( 'NONE', *, *, #1938, .T. ) ;
#5663 = DIRECTION ( 'NONE',  ( 0.000000000000000000, 0.000000000000000000, 1.000000000000000000 ) ) ;
#5664 = DIRECTION ( 'NONE',  ( 0.000000000000000000, -1.000000000000000000, 0.000000000000000000 ) ) ;
#5665 = EDGE_LOOP ( 'NONE', ( #1600, #5605, #4029, #959 ) ) ;
#5666 = VECTOR ( 'NONE', #5654, 39.37007874015748143 ) ;
#5667 = CARTESIAN_POINT ( 'NONE',  ( 1.504885159408923423, 0.01574803149606299191, -0.4903065445313095627 ) ) ;
#5668 = CARTESIAN_POINT ( 'NONE',  ( 1.233233418246066027, 0.01574803149606299191, -0.7286887187873851701 ) ) ;
#5669 = CARTESIAN_POINT ( 'NONE',  ( 0.8688808535651532106, 2.134256245050205639E-18, -0.7393305100684861575 ) ) ;
#5670 = CARTESIAN_POINT ( 'NONE',  ( 1.056211293975100052, 0.000000000000000000, -0.6920564396778251526 ) ) ;
#5671 = VERTEX_POINT ( 'NONE', #317 ) ;
#5672 = VERTEX_POINT ( 'NONE', #2820 ) ;
#5673 = AXIS2_PLACEMENT_3D ( 'NONE', #4256, #3776, #1833 ) ;
#5674 = B_SPLINE_SURFACE_WITH_KNOTS ( 'NONE', 3, 1, ( 
 ( #974, #3397 ),
 ( #5375, #1015 ),
 ( #2930, #1162 ),
 ( #5556, #3133 ),
 ( #3074, #3015 ),
 ( #4986, #5505 ),
 ( #230, #202 ) ),
 .UNSPECIFIED., .F., .F., .F.,
 ( 4, 1, 1, 1, 4 ),
 ( 2, 2 ),
 ( 0.000000000000000000, 0.2466395578083376561, 0.4949969674476933923, 0.7458445846746503127, 1.000000000000000000 ),
 ( 0.000000000000000000, 1.000000000000000000 ),
 .UNSPECIFIED. ) ;
#5675 = CARTESIAN_POINT ( 'NONE',  ( 1.462584698831354668, 0.000000000000000000, -0.5150544321967966965 ) ) ;
#5676 = CARTESIAN_POINT ( 'NONE',  ( 1.703399162339077844, 0.01574803149606299191, -0.7251547768737167665 ) ) ;
#5677 = VECTOR ( 'NONE', #2425, 39.37007874015748143 ) ;
#5678 = CARTESIAN_POINT ( 'NONE',  ( 1.483617750234937915, 1.707404996040164512E-17, -0.4908385602056248298 ) ) ;
#5679 = CARTESIAN_POINT ( 'NONE',  ( 1.672500485702157036, 0.000000000000000000, -0.6575839985045565106 ) ) ;
#5680 = CARTESIAN_POINT ( 'NONE',  ( 1.823938795864575635, 6.402768735150616918E-18, -0.6701617500199026356 ) ) ;
#5681 = CARTESIAN_POINT ( 'NONE',  ( 1.052193291746615467, 0.000000000000000000, -0.6770761326926553192 ) ) ;
#5682 = ADVANCED_FACE ( 'NONE', ( #1751 ), #6257, .T. ) ;
#5683 = ORIENTED_EDGE ( 'NONE', *, *, #928, .T. ) ;
#5684 = CARTESIAN_POINT ( 'NONE',  ( 0.8702165965549053528, 0.01574803149606299191, -0.7393750000000000044 ) ) ;
#5685 = CARTESIAN_POINT ( 'NONE',  ( 1.767170879987526755, 0.000000000000000000, -0.5331658911032798320 ) ) ;
#5686 = CARTESIAN_POINT ( 'NONE',  ( 1.241068956533415202, 1.067128122525102820E-17, -0.7116585904362078274 ) ) ;
#5687 = CARTESIAN_POINT ( 'NONE',  ( 1.837365641014719220, 0.000000000000000000, -0.5965159553965388994 ) ) ;
#5688 = CARTESIAN_POINT ( 'NONE',  ( 0.1250000000000000000, 0.1400000000000000133, -0.1250000000000000278 ) ) ;
#5689 = CARTESIAN_POINT ( 'NONE',  ( 0.7450025352503145681, 0.000000000000000000, -0.4939107330302300869 ) ) ;
#5690 = ORIENTED_EDGE ( 'NONE', *, *, #4359, .T. ) ;
#5691 = B_SPLINE_CURVE_WITH_KNOTS ( 'NONE', 3,
 ( #4649, #3119, #6180, #5094, #722, #2650, #299, #4594, #242, #2183, #747 ),
 .UNSPECIFIED., .F., .F.,
 ( 4, 1, 1, 1, 1, 1, 1, 1, 4 ),
 ( 0.000000000000000000, 0.1569433403011132877, 0.3052641691385795109, 0.4438862275305977545, 0.5729504529666065160, 0.6925868846920718580, 0.8040351933094564973, 0.9064180598495789054, 0.9999999999999998890 ),
 .UNSPECIFIED. ) ;
#5692 = CARTESIAN_POINT ( 'NONE',  ( 0.8831483222728963023, 0.000000000000000000, -0.7365684856197703967 ) ) ;
#5693 = ORIENTED_EDGE ( 'NONE', *, *, #3045, .F. ) ;
#5694 = CARTESIAN_POINT ( 'NONE',  ( 1.771241987179906108, 4.268512490100411279E-18, -0.6956250000000001599 ) ) ;
#5695 = CARTESIAN_POINT ( 'NONE',  ( 0.6946794871799053528, 0.000000000000000000, -0.7089062499999998490 ) ) ;
#5696 = CARTESIAN_POINT ( 'NONE',  ( 1.944682442151357327, 0.000000000000000000, -0.7167076236229928954 ) ) ;
#5697 = CARTESIAN_POINT ( 'NONE',  ( 0.7450025352503145681, 0.01574803149606299191, -0.4939107330302300869 ) ) ;
#5698 = DIRECTION ( 'NONE',  ( -1.000000000000000000, 0.000000000000000000, -0.000000000000000000 ) ) ;
#5699 =( LENGTH_UNIT ( ) NAMED_UNIT ( * ) SI_UNIT ( $, .METRE. ) );
#5700 = ORIENTED_EDGE ( 'NONE', *, *, #3211, .T. ) ;
#5701 = ORIENTED_EDGE ( 'NONE', *, *, #5043, .F. ) ;
#5702 = CARTESIAN_POINT ( 'NONE',  ( 1.397427255402597046, 0.000000000000000000, -0.7347834679733039609 ) ) ;
#5703 = DIRECTION ( 'NONE',  ( 0.2279442785594659737, 0.000000000000000000, -0.9736741784971009173 ) ) ;
#5704 = CARTESIAN_POINT ( 'NONE',  ( 1.923038031618342192, 0.01574803149606299191, -0.6519758408726168408 ) ) ;
#5705 = ADVANCED_FACE ( 'NONE', ( #1276 ), #3188, .T. ) ;
#5706 = CARTESIAN_POINT ( 'NONE',  ( 0.4374999999999997780, 0.000000000000000000, -0.3649999999999999911 ) ) ;
#5707 = CARTESIAN_POINT ( 'NONE',  ( 0.8591040579150183154, 0.01574803149606299191, -0.7378883234517279455 ) ) ;
#5708 = CARTESIAN_POINT ( 'NONE',  ( 1.138020144867603278, 0.01574803149606299191, -0.7362523579507952443 ) ) ;
#5709 = VERTEX_POINT ( 'NONE', #2357 ) ;
#5710 = ORIENTED_EDGE ( 'NONE', *, *, #5749, .F. ) ;
#5711 = CARTESIAN_POINT ( 'NONE',  ( 1.936062937789623462, 0.01574803149606299191, -0.6144818557087909916 ) ) ;
#5712 = EDGE_CURVE ( 'NONE', #1336, #134, #4517, .T. ) ;
#5713 = CARTESIAN_POINT ( 'NONE',  ( 1.467706553724523966, 0.000000000000000000, -0.5032050347491267006 ) ) ;
#5714 = DIRECTION ( 'NONE',  ( -0.000000000000000000, -0.000000000000000000, -1.000000000000000000 ) ) ;
#5715 = DIRECTION ( 'NONE',  ( 0.000000000000000000, 0.000000000000000000, 1.000000000000000000 ) ) ;
#5716 = LINE ( 'NONE', #1351, #3409 ) ;
#5717 = CARTESIAN_POINT ( 'NONE',  ( 1.823938795864575635, 0.01574803149606299191, -0.6701617500199026356 ) ) ;
#5718 = CARTESIAN_POINT ( 'NONE',  ( 1.703399162339077844, 0.000000000000000000, -0.7251547768737167665 ) ) ;
#5719 = ORIENTED_EDGE ( 'NONE', *, *, #681, .F. ) ;
#5720 = EDGE_CURVE ( 'NONE', #1300, #5843, #5716, .T. ) ;
#5721 = CARTESIAN_POINT ( 'NONE',  ( 1.981069553361002100, 0.01574803149606299191, -0.6727046574171606785 ) ) ;
#5722 = DIRECTION ( 'NONE',  ( 0.000000000000000000, 0.000000000000000000, -1.000000000000000000 ) ) ;
#5723 = CARTESIAN_POINT ( 'NONE',  ( 0.2000000000000000111, 0.1400000000000000133, -0.6792500000000000204 ) ) ;
#5724 = CARTESIAN_POINT ( 'NONE',  ( 0.7587084062087602332, 0.01574803149606299191, -0.5076686854596073051 ) ) ;
#5725 = CARTESIAN_POINT ( 'NONE',  ( 1.054059603288675318, 0.01574803149606299191, -0.6353857216656665363 ) ) ;
#5726 = ORIENTED_EDGE ( 'NONE', *, *, #2015, .F. ) ;
#5727 = FACE_OUTER_BOUND ( 'NONE', #6181, .T. ) ;
#5728 = ORIENTED_EDGE ( 'NONE', *, *, #3590, .F. ) ;
#5729 = CARTESIAN_POINT ( 'NONE',  ( 1.745460737179905575, 0.01574803149606299191, -0.5799999999999999600 ) ) ;
#5730 = CARTESIAN_POINT ( 'NONE',  ( 1.922986225091002144, 0.01574803149606299191, -0.6690768429477937929 ) ) ;
#5731 = CARTESIAN_POINT ( 'NONE',  ( 2.057179487179905397, 0.01574803149606299191, -0.5209667968750000266 ) ) ;
#5732 = CARTESIAN_POINT ( 'NONE',  ( 2.027214892973301819, 0.01574803149606299191, -0.6924726754716854504 ) ) ;
#5733 = APPLICATION_PROTOCOL_DEFINITION ( 'draft international standard', 'automotive_design', 1998, #1102 ) ;
#5734 = ORIENTED_EDGE ( 'NONE', *, *, #4028, .F. ) ;
#5735 = B_SPLINE_SURFACE_WITH_KNOTS ( 'NONE', 3, 1, ( 
 ( #4329, #6215 ),
 ( #5242, #6322 ),
 ( #1939, #1835 ),
 ( #5826, #3743 ),
 ( #5725, #1359 ),
 ( #3268, #4258 ),
 ( #6246, #1868 ),
 ( #3778, #5755 ),
 ( #2096, #4989 ),
 ( #532, #91 ),
 ( #4006, #5475 ),
 ( #3439, #3494 ),
 ( #2558, #23 ),
 ( #2531, #626 ),
 ( #4364, #1111 ),
 ( #2003, #4951 ),
 ( #562, #5445 ),
 ( #2495, #2960 ),
 ( #1968, #5986 ) ),
 .UNSPECIFIED., .F., .F., .F.,
 ( 4, 1, 1, 1, 1, 1, 1, 1, 1, 1, 1, 1, 1, 1, 1, 1, 4 ),
 ( 2, 2 ),
 ( 0.000000000000000000, 0.06471401816636546123, 0.1260074759657009158, 0.1848404604205493573, 0.2412139089641156531, 0.2962365839730131123, 0.3506218337640996663, 0.4049891146124617869, 0.4601104791148301065, 0.5167961286223616835, 0.5752343926751204428, 0.6364091737907190405, 0.7005078337452680382, 0.7688271593737624476, 0.8409926476957445551, 0.9181950594621326456, 1.000000000000000000 ),
 ( 0.000000000000000000, 1.000000000000000000 ),
 .UNSPECIFIED. ) ;
#5736 = ORIENTED_EDGE ( 'NONE', *, *, #3882, .T. ) ;
#5737 = CARTESIAN_POINT ( 'NONE',  ( 1.375986807546271340, 0.000000000000000000, -0.7106320226300181231 ) ) ;
#5738 = CARTESIAN_POINT ( 'NONE',  ( 2.001571731730191317, 0.01574803149606299191, -0.6300410242652461079 ) ) ;
#5739 = CARTESIAN_POINT ( 'NONE',  ( 0.7546439343552930890, 0.000000000000000000, -0.5023460579134045867 ) ) ;
#5740 = ORIENTED_EDGE ( 'NONE', *, *, #5169, .F. ) ;
#5741 = DIRECTION ( 'NONE',  ( -0.9999999921008492221, 0.000000000000000000, -0.0001256912946026835702 ) ) ;
#5742 = CARTESIAN_POINT ( 'NONE',  ( 1.125190884624478249, 0.000000000000000000, -0.7356584067465468113 ) ) ;
#5743 = ORIENTED_EDGE ( 'NONE', *, *, #4495, .F. ) ;
#5744 = ORIENTED_EDGE ( 'NONE', *, *, #1590, .T. ) ;
#5745 = CARTESIAN_POINT ( 'NONE',  ( 0.8478044871799053084, 0.000000000000000000, -0.6550000000000000266 ) ) ;
#5746 = CARTESIAN_POINT ( 'NONE',  ( 1.952926659418518840, 0.01574803149606299191, -0.5984973928187045100 ) ) ;
#5747 = CARTESIAN_POINT ( 'NONE',  ( 1.456182082736453776, 0.01574803149606299191, -0.7269627238124476420 ) ) ;
#5748 = CARTESIAN_POINT ( 'NONE',  ( 1.459586459303022332, 1.707404996040164512E-17, -0.5254169721375746560 ) ) ;
#5749 = EDGE_CURVE ( 'NONE', #140, #2079, #1382, .T. ) ;
#5750 = CARTESIAN_POINT ( 'NONE',  ( 1.687457193133251154, 0.000000000000000000, -0.6502917361556365128 ) ) ;
#5751 = ORIENTED_EDGE ( 'NONE', *, *, #921, .F. ) ;
#5752 = CARTESIAN_POINT ( 'NONE',  ( 1.241554487179905797, 0.01574803149606299191, -0.7037304687500000044 ) ) ;
#5753 = DIRECTION ( 'NONE',  ( -1.000000000000000000, 0.000000000000000000, 0.000000000000000000 ) ) ;
#5754 = CARTESIAN_POINT ( 'NONE',  ( 1.766196029182908855, 0.01574803149606299191, -0.6204474108498754248 ) ) ;
#5755 = CARTESIAN_POINT ( 'NONE',  ( 1.064187937789624838, 8.537024980200822558E-18, -0.6144818557087915467 ) ) ;
#5756 = EDGE_LOOP ( 'NONE', ( #4367, #6120, #2569, #5683 ) ) ;
#5757 = CARTESIAN_POINT ( 'NONE',  ( 1.185304487179905886, 0.01574803149606299191, -0.5209667968750000266 ) ) ;
#5758 = CARTESIAN_POINT ( 'NONE',  ( 0.6947540883937034506, 0.01574803149606299191, -0.5208762587359284657 ) ) ;
#5759 = ORIENTED_EDGE ( 'NONE', *, *, #671, .F. ) ;
#5760 = CARTESIAN_POINT ( 'NONE',  ( 2.229999999999999538, 0.1400000000000000133, -1.054999999999999938 ) ) ;
#5761 = CARTESIAN_POINT ( 'NONE',  ( 1.185304487179905886, 0.000000000000000000, -0.5209667968750000266 ) ) ;
#5762 = CARTESIAN_POINT ( 'NONE',  ( 1.950606691666809445, 0.01574803149606299191, -0.7215291218473320889 ) ) ;
#5763 = CARTESIAN_POINT ( 'NONE',  ( 1.214894330929905841, 0.000000000000000000, -0.4893750000000000044 ) ) ;
#5764 = CARTESIAN_POINT ( 'NONE',  ( 0.9713664042163668855, 0.01574803149606299191, -0.7374641792590741485 ) ) ;
#5765 = ORIENTED_EDGE ( 'NONE', *, *, #1533, .T. ) ;
#5766 = CARTESIAN_POINT ( 'NONE',  ( 1.952926659418518840, 0.000000000000000000, -0.5984973928187045100 ) ) ;
#5767 = CARTESIAN_POINT ( 'NONE',  ( 0.5000000000000000000, 0.000000000000000000, -0.8649999999999998801 ) ) ;
#5768 = CARTESIAN_POINT ( 'NONE',  ( 2.092412491511593142, 0.01574803149606299191, -0.4896771582000231104 ) ) ;
#5769 = AXIS2_PLACEMENT_3D ( 'NONE', #4781, #3813, #6248 ) ;
#5770 = CARTESIAN_POINT ( 'NONE',  ( 1.115870893429905752, 0.01574803149606299191, -0.6829296874999999378 ) ) ;
#5771 = ADVANCED_FACE ( 'NONE', ( #6275 ), #1894, .T. ) ;
#5772 = CARTESIAN_POINT ( 'NONE',  ( 1.053798690198496590, 0.000000000000000000, -0.6847626957698803585 ) ) ;
#5773 = ORIENTED_EDGE ( 'NONE', *, *, #4762, .F. ) ;
#5774 = VECTOR ( 'NONE', #3570, 39.37007874015748143 ) ;
#5775 = PLANE ( 'NONE',  #5785 ) ;
#5776 = AXIS2_PLACEMENT_3D ( 'NONE', #1662, #1182, #4487 ) ;
#5777 = ORIENTED_EDGE ( 'NONE', *, *, #1482, .F. ) ;
#5778 = DIRECTION ( 'NONE',  ( -1.000000000000000000, 0.000000000000000000, 0.000000000000000000 ) ) ;
#5779 = CARTESIAN_POINT ( 'NONE',  ( 1.443618306362833170, 0.01574803149606299191, -0.7348318188605668100 ) ) ;
#5780 = LINE ( 'NONE', #1414, #4109 ) ;
#5781 = CARTESIAN_POINT ( 'NONE',  ( 1.241554487179905797, 0.01574803149606299191, -0.5214062499999999600 ) ) ;
#5782 = LINE ( 'NONE', #4664, #6201 ) ;
#5783 = CARTESIAN_POINT ( 'NONE',  ( 0.8759294871799053750, 2.134256245050205639E-18, -0.4893750000000000044 ) ) ;
#5784 = CARTESIAN_POINT ( 'NONE',  ( 1.665900850217559626, 0.000000000000000000, -0.6839488409616876208 ) ) ;
#5785 = AXIS2_PLACEMENT_3D ( 'NONE', #1409, #5396, #5324 ) ;
#5786 = EDGE_LOOP ( 'NONE', ( #1822, #1884, #1065, #2151 ) ) ;
#5787 = CARTESIAN_POINT ( 'NONE',  ( 1.525398575787976885, 6.402768735150616918E-18, -0.7042213982687018925 ) ) ;
#5788 = VECTOR ( 'NONE', #3642, 39.37007874015748143 ) ;
#5789 = EDGE_CURVE ( 'NONE', #5355, #3687, #2852, .T. ) ;
#5790 = DIRECTION ( 'NONE',  ( 0.000000000000000000, 0.000000000000000000, -1.000000000000000000 ) ) ;
#5791 = DIRECTION ( 'NONE',  ( -0.000000000000000000, -1.000000000000000000, -0.000000000000000000 ) ) ;
#5792 = EDGE_CURVE ( 'NONE', #6223, #3923, #2290, .T. ) ;
#5793 = B_SPLINE_SURFACE_WITH_KNOTS ( 'NONE', 3, 1, ( 
 ( #3529, #1725 ),
 ( #5615, #3583 ),
 ( #5506, #1248 ),
 ( #144, #1138 ),
 ( #3046, #651 ),
 ( #2584, #173 ),
 ( #4038, #6016 ),
 ( #1642, #3075 ),
 ( #6208, #5234 ),
 ( #4177, #2226 ),
 ( #392, #4144 ) ),
 .UNSPECIFIED., .F., .F., .F.,
 ( 4, 1, 1, 1, 1, 1, 1, 1, 4 ),
 ( 2, 2 ),
 ( 0.000000000000000000, 0.1389097126577631680, 0.2639610228471216957, 0.3808913182282731569, 0.4957771556646393685, 0.6115653426108732527, 0.7318968433117957195, 0.8602132000557086711, 1.000000000000000000 ),
 ( 0.000000000000000000, 1.000000000000000000 ),
 .UNSPECIFIED. ) ;
#5794 = CARTESIAN_POINT ( 'NONE',  ( 0.8478044871799053084, 0.000000000000000000, -0.6550000000000000266 ) ) ;
#5795 = ORIENTED_EDGE ( 'NONE', *, *, #4374, .F. ) ;
#5796 = DIRECTION ( 'NONE',  ( 1.000000000000000000, 0.000000000000000000, 0.000000000000000000 ) ) ;
#5797 = DIRECTION ( 'NONE',  ( -0.000000000000000000, -1.000000000000000000, -0.000000000000000000 ) ) ;
#5798 = EDGE_LOOP ( 'NONE', ( #2392, #3810, #3581, #6261, #2321, #6027 ) ) ;
#5799 = CARTESIAN_POINT ( 'NONE',  ( 1.722040335830644420, 4.268512490100411279E-18, -0.6714435597812290490 ) ) ;
#5800 = CARTESIAN_POINT ( 'NONE',  ( 0.8981951121799053306, 0.000000000000000000, -0.7209667968749999822 ) ) ;
#5801 = CARTESIAN_POINT ( 'NONE',  ( 0.9557711501985686198, 0.000000000000000000, -0.7205359440606082799 ) ) ;
#5802 = CARTESIAN_POINT ( 'NONE',  ( 0.9774270794135049290, 0.01574803149606299191, -0.7391118740944179200 ) ) ;
#5803 = ORIENTED_EDGE ( 'NONE', *, *, #12, .F. ) ;
#5804 = B_SPLINE_CURVE_WITH_KNOTS ( 'NONE', 3,
 ( #2883, #4352, #1958, #4801, #47, #5849, #422, #900, #2353, #451, #1442, #3289, #5299, #6271, #1003, #14, #863, #1990, #2920 ),
 .UNSPECIFIED., .F., .F.,
 ( 4, 1, 1, 1, 1, 1, 1, 1, 1, 1, 1, 1, 1, 1, 1, 1, 4 ),
 ( 0.000000000000000000, 0.07632991237579972443, 0.1475902797655206378, 0.2141341229181883410, 0.2766335995961090588, 0.3354621556079133704, 0.3904701877972195367, 0.4445106943788564302, 0.4965622250395489434, 0.5495416088508521257, 0.6031030765590439380, 0.6597058747106790966, 0.7195927783563121904, 0.7833678860529335042, 0.8506459785148551278, 0.9227992763119478026, 1.000000000000000000 ),
 .UNSPECIFIED. ) ;
#5805 = CARTESIAN_POINT ( 'NONE',  ( 1.712572332975243805, -0.000000000000000000, -0.5469684390282316677 ) ) ;
#5806 = CARTESIAN_POINT ( 'NONE',  ( 1.946531226345996179, 0.000000000000000000, -0.6032118762582030502 ) ) ;
#5807 = DIRECTION ( 'NONE',  ( 0.9736741784971010283, -0.000000000000000000, 0.2279442785594660015 ) ) ;
#5808 = DIRECTION ( 'NONE',  ( -0.2268897289327035660, 0.000000000000000000, -0.9739204540951197364 ) ) ;
#5809 = CARTESIAN_POINT ( 'NONE',  ( 2.110245542610794445, 0.000000000000000000, -0.7215162773531212936 ) ) ;
#5810 = EDGE_LOOP ( 'NONE', ( #4828, #3571 ) ) ;
#5811 = ADVANCED_FACE ( 'NONE', ( #1313 ), #5275, .T. ) ;
#5812 = CARTESIAN_POINT ( 'NONE',  ( 1.143422436579220269, 2.134256245050205639E-18, -0.6920102964326763084 ) ) ;
#5813 = CARTESIAN_POINT ( 'NONE',  ( 1.003085492958266656, 0.01574803149606299191, -0.4976146864655981439 ) ) ;
#5814 = EDGE_LOOP ( 'NONE', ( #2195, #1425, #1869, #1971 ) ) ;
#5815 = ORIENTED_EDGE ( 'NONE', *, *, #448, .F. ) ;
#5816 = CARTESIAN_POINT ( 'NONE',  ( 1.580519330929905486, 0.000000000000000000, -0.7362499999999999600 ) ) ;
#5817 = DIRECTION ( 'NONE',  ( -0.000000000000000000, -1.000000000000000000, -0.000000000000000000 ) ) ;
#5818 = CARTESIAN_POINT ( 'NONE',  ( 1.458525488838899875, 0.01574803149606299191, -0.5293639032030675873 ) ) ;
#5819 = CARTESIAN_POINT ( 'NONE',  ( 1.676658021327765979, -2.134256245050205639E-18, -0.5145513045461380663 ) ) ;
#5820 = CARTESIAN_POINT ( 'NONE',  ( 1.107179487179905886, 0.01574803149606299191, -0.6598339843750001821 ) ) ;
#5821 = DIRECTION ( 'NONE',  ( 1.724651511151681521E-17, 0.000000000000000000, -1.000000000000000000 ) ) ;
#5822 = ORIENTED_EDGE ( 'NONE', *, *, #4302, .T. ) ;
#5823 = CARTESIAN_POINT ( 'NONE',  ( 0.8759294871799053750, 0.01574803149606299191, -0.4893750000000000044 ) ) ;
#5824 = CARTESIAN_POINT ( 'NONE',  ( 1.459595107145875037, 6.402768735150616918E-18, -0.7194963355705181751 ) ) ;
#5825 = DIRECTION ( 'NONE',  ( 0.000000000000000000, 0.000000000000000000, -1.000000000000000000 ) ) ;
#5826 = CARTESIAN_POINT ( 'NONE',  ( 1.052239692446510944, 0.01574803149606299191, -0.6434199382235037401 ) ) ;
#5827 = ORIENTED_EDGE ( 'NONE', *, *, #2020, .T. ) ;
#5828 = CARTESIAN_POINT ( 'NONE',  ( 1.696437299679905752, -2.134256245050205639E-18, -0.6237500000000000266 ) ) ;
#5829 = EDGE_LOOP ( 'NONE', ( #6126, #2943, #5105, #3149 ) ) ;
#5830 = CARTESIAN_POINT ( 'NONE',  ( 1.052193291746615467, 0.01574803149606299191, -0.6770761326926553192 ) ) ;
#5831 = CARTESIAN_POINT ( 'NONE',  ( 1.375929487179905486, 0.01574803149606299191, -0.7068066406249999822 ) ) ;
#5832 = CARTESIAN_POINT ( 'NONE',  ( 1.732325644947370291, 0.000000000000000000, -0.6832802168751842542 ) ) ;
#5833 = CARTESIAN_POINT ( 'NONE',  ( 1.560304487179905664, 0.000000000000000000, -0.5196484375000000044 ) ) ;
#5834 = ADVANCED_FACE ( 'NONE', ( #455 ), #1995, .F. ) ;
#5835 = ORIENTED_EDGE ( 'NONE', *, *, #5645, .T. ) ;
#5836 = CARTESIAN_POINT ( 'NONE',  ( 1.771767225926073719, -0.000000000000000000, -0.7392764425951390272 ) ) ;
#5837 = CARTESIAN_POINT ( 'NONE',  ( 2.094430632894472399, 0.000000000000000000, -0.7344148740484145454 ) ) ;
#5838 = VERTEX_POINT ( 'NONE', #1446 ) ;
#5839 = CARTESIAN_POINT ( 'NONE',  ( 1.508745516350300298, -2.134256245050205639E-18, -0.4915347143449858014 ) ) ;
#5840 = CARTESIAN_POINT ( 'NONE',  ( 1.894679487179905752, 0.01574803149606299191, -0.6143750000000000044 ) ) ;
#5841 = CARTESIAN_POINT ( 'NONE',  ( 1.241554487179905797, 0.01574803149606299191, -0.5214062499999999600 ) ) ;
#5842 = CARTESIAN_POINT ( 'NONE',  ( 1.114083081255677454, 0.000000000000000000, -0.7345421172199687598 ) ) ;
#5843 = VERTEX_POINT ( 'NONE', #5953 ) ;
#5844 = B_SPLINE_SURFACE_WITH_KNOTS ( 'NONE', 3, 1, ( 
 ( #5316, #1945 ),
 ( #3850, #404 ),
 ( #815, #2735 ),
 ( #2274, #1393 ),
 ( #5762, #2337 ),
 ( #3714, #5696 ),
 ( #5212, #6220 ),
 ( #5284, #2769 ),
 ( #918, #4265 ),
 ( #369, #6253 ),
 ( #2306, #4234 ),
 ( #2803, #1842 ),
 ( #5730, #1364 ),
 ( #4754, #3473 ),
 ( #2103, #5965 ) ),
 .UNSPECIFIED., .F., .F., .F.,
 ( 4, 1, 1, 1, 1, 1, 1, 1, 1, 1, 1, 1, 4 ),
 ( 2, 2 ),
 ( 0.000000000000000000, 0.08979271063556075461, 0.1753942178141339459, 0.2588056349961311287, 0.3398127966891519858, 0.4200621604101825168, 0.4991223246882413589, 0.5788384868517749693, 0.6591082875927603002, 0.7411182879485650465, 0.8251094400327129152, 0.9110392593857608023, 1.000000000000000000 ),
 ( 0.000000000000000000, 1.000000000000000000 ),
 .UNSPECIFIED. ) ;
#5845 = EDGE_LOOP ( 'NONE', ( #52, #352, #4953, #1576, #1367, #6234, #5072, #1180, #191, #3221 ) ) ;
#5846 = CARTESIAN_POINT ( 'NONE',  ( 1.928623798460251004, 0.01574803149606299191, -0.6279117520509202022 ) ) ;
#5847 = CARTESIAN_POINT ( 'NONE',  ( 1.611192039233947160, 0.000000000000000000, -0.7211664009154009625 ) ) ;
#5848 = EDGE_CURVE ( 'NONE', #5864, #2328, #4541, .T. ) ;
#5849 = CARTESIAN_POINT ( 'NONE',  ( 1.239522415065154259, 0.000000000000000000, -0.7185264885591116091 ) ) ;
#5850 = CARTESIAN_POINT ( 'NONE',  ( 1.375986807546271340, 0.01574803149606299191, -0.7106320226300181231 ) ) ;
#5851 = FACE_OUTER_BOUND ( 'NONE', #2039, .T. ) ;
#5852 = CARTESIAN_POINT ( 'NONE',  ( 1.987745893429905486, 0.01574803149606299191, -0.6829296875000001599 ) ) ;
#5853 = CARTESIAN_POINT ( 'NONE',  ( 1.531593549679905575, 0.01574803149606299191, -0.5353710937500000266 ) ) ;
#5854 = CARTESIAN_POINT ( 'NONE',  ( 1.925673690198496102, 0.01574803149606299191, -0.6847626957698803585 ) ) ;
#5855 = ORIENTED_EDGE ( 'NONE', *, *, #4183, .T. ) ;
#5856 = LINE ( 'NONE', #4389, #5998 ) ;
#5857 = EDGE_CURVE ( 'NONE', #655, #3094, #5373, .T. ) ;
#5858 = CARTESIAN_POINT ( 'NONE',  ( 1.219187328429527151, 0.01574803149606299191, -0.7352390000847036644 ) ) ;
#5859 = DIRECTION ( 'NONE',  ( -0.000000000000000000, -0.000000000000000000, 1.000000000000000000 ) ) ;
#5860 = CARTESIAN_POINT ( 'NONE',  ( 1.456182082736453776, 0.000000000000000000, -0.7269627238124476420 ) ) ;
#5861 = CARTESIAN_POINT ( 'NONE',  ( 1.207521284054905886, 0.000000000000000000, -0.7362499999999999600 ) ) ;
#5863 = VERTEX_POINT ( 'NONE', #5853 ) ;
#5862 = EDGE_CURVE ( 'NONE', #2437, #895, #523, .T. ) ;
#5864 = VERTEX_POINT ( 'NONE', #4390 ) ;
#5865 = CARTESIAN_POINT ( 'NONE',  ( 1.529863366413430237, 0.000000000000000000, -0.7188059347168455071 ) ) ;
#5866 = CARTESIAN_POINT ( 'NONE',  ( 1.831433209737319601, 0.01574803149606299191, -0.5723111445099197114 ) ) ;
#5867 = CARTESIAN_POINT ( 'NONE',  ( 0.9582180331331666689, 0.01574803149606299191, -0.5027135717260216019 ) ) ;
#5868 = ORIENTED_EDGE ( 'NONE', *, *, #108, .T. ) ;
#5869 = CARTESIAN_POINT ( 'NONE',  ( 1.010304487179905841, 0.01574803149606299191, -0.5216015625000000044 ) ) ;
#5870 = EDGE_CURVE ( 'NONE', #4780, #5630, #1335, .T. ) ;
#5871 = LINE ( 'NONE', #3921, #5906 ) ;
#5872 = CARTESIAN_POINT ( 'NONE',  ( 2.091062328429526662, 0.01574803149606299191, -0.7352390000847036644 ) ) ;
#5873 = VERTEX_POINT ( 'NONE', #227 ) ;
#5874 = CARTESIAN_POINT ( 'NONE',  ( 1.517968615889645712, 0.01574803149606299191, -0.4979413322131798214 ) ) ;
#5875 = CARTESIAN_POINT ( 'NONE',  ( 0.9946093181914842374, 0.000000000000000000, -0.7375105510891896143 ) ) ;
#5876 = CARTESIAN_POINT ( 'NONE',  ( 2.113429487179905308, 0.01574803149606299191, -0.5214062499999999600 ) ) ;
#5877 = CARTESIAN_POINT ( 'NONE',  ( 1.131486889415794339, 0.01574803149606299191, -0.6902494895767093963 ) ) ;
#5878 = CARTESIAN_POINT ( 'NONE',  ( 1.100490034054905752, 0.000000000000000000, -0.7317089843750000933 ) ) ;
#5879 = VERTEX_POINT ( 'NONE', #2089 ) ;
#5880 = ORIENTED_EDGE ( 'NONE', *, *, #3780, .T. ) ;
#5881 = CARTESIAN_POINT ( 'NONE',  ( 1.603529295976721780, 0.000000000000000000, -0.7307674476966626864 ) ) ;
#5882 = CARTESIAN_POINT ( 'NONE',  ( 1.745531162030891315, 0.01574803149606299191, -0.4906680382963545251 ) ) ;
#5883 = CARTESIAN_POINT ( 'NONE',  ( 1.375929487179905486, 0.01574803149606299191, -0.7068066406249999822 ) ) ;
#5884 = CARTESIAN_POINT ( 'NONE',  ( 1.990610854456254408, 0.01574803149606299191, -0.6853627314024504091 ) ) ;
#5885 = CARTESIAN_POINT ( 'NONE',  ( 1.107339530997315746, 8.537024980200822558E-18, -0.6543145289080799509 ) ) ;
#5886 = PLANE ( 'NONE',  #2127 ) ;
#5887 = ORIENTED_EDGE ( 'NONE', *, *, #2985, .F. ) ;
#5888 = VECTOR ( 'NONE', #288, 39.37007874015748143 ) ;
#5889 = VECTOR ( 'NONE', #5065, 39.37007874015748143 ) ;
#5890 = CARTESIAN_POINT ( 'NONE',  ( 1.050929487179905975, -2.134256245050205639E-18, -0.6608593750000001377 ) ) ;
#5891 = CARTESIAN_POINT ( 'NONE',  ( 2.113400148475798712, 0.01574803149606299191, -0.7051150258839001816 ) ) ;
#5892 = CARTESIAN_POINT ( 'NONE',  ( 1.230989168791269073, 0.01574803149606299191, -0.7305022709825920169 ) ) ;
#5893 = AXIS2_PLACEMENT_3D ( 'NONE', #5546, #133, #5097 ) ;
#5894 = ADVANCED_FACE ( 'NONE', ( #1222, #4521, #3521, #707, #1721, #4113, #2636, #732, #3131 ), #5553, .F. ) ;
#5895 = VECTOR ( 'NONE', #6154, 39.37007874015748143 ) ;
#5896 = FACE_OUTER_BOUND ( 'NONE', #4041, .T. ) ;
#5897 = DIRECTION ( 'NONE',  ( 0.000000000000000000, -1.000000000000000000, 0.000000000000000000 ) ) ;
#5898 = FACE_OUTER_BOUND ( 'NONE', #3663, .T. ) ;
#5899 = VERTEX_POINT ( 'NONE', #5501 ) ;
#5900 = VECTOR ( 'NONE', #5715, 39.37007874015748143 ) ;
#5901 = ORIENTED_EDGE ( 'NONE', *, *, #4925, .T. ) ;
#5902 = CARTESIAN_POINT ( 'NONE',  ( 1.202595232313247609, 0.01574803149606299191, -0.4912707174611701255 ) ) ;
#5903 = CARTESIAN_POINT ( 'NONE',  ( 1.662040493455708923, 0.01574803149606299191, -0.6116574796490572563 ) ) ;
#5904 = CARTESIAN_POINT ( 'NONE',  ( 0.9817295246001155329, 0.000000000000000000, -0.4894666760164760877 ) ) ;
#5905 = CARTESIAN_POINT ( 'NONE',  ( 2.006458499330998624, 0.01574803149606299191, -0.5832520543012011949 ) ) ;
#5906 = VECTOR ( 'NONE', #4376, 39.37007874015748143 ) ;
#5907 = B_SPLINE_SURFACE_WITH_KNOTS ( 'NONE', 3, 1, ( 
 ( #6024, #5538 ),
 ( #211, #3564 ),
 ( #1146, #4591 ),
 ( #4046, #6053 ),
 ( #744, #5621 ),
 ( #1678, #1707 ),
 ( #264, #2209 ),
 ( #4126, #4072 ),
 ( #238, #3166 ),
 ( #2673, #3141 ),
 ( #2181, #5027 ),
 ( #4099, #3622 ),
 ( #6112, #5565 ),
 ( #4563, #2699 ),
 ( #3082, #184 ),
 ( #1254, #3593 ),
 ( #2623, #659 ),
 ( #5116, #1203 ),
 ( #5141, #3117 ) ),
 .UNSPECIFIED., .F., .F., .F.,
 ( 4, 1, 1, 1, 1, 1, 1, 1, 1, 1, 1, 1, 1, 1, 1, 1, 4 ),
 ( 2, 2 ),
 ( 0.000000000000000000, 0.06939722258969714674, 0.1358146130938058249, 0.1999374310785876074, 0.2624119349190583983, 0.3231370129599319685, 0.3822617588893446605, 0.4403934758608926692, 0.4985087807155207940, 0.5566045901593710266, 0.6150207315980802392, 0.6743829798034521872, 0.7356213399213481496, 0.7984768865626264978, 0.8629404959799606978, 0.9301147940872457331, 1.000000000000000000 ),
 ( 0.000000000000000000, 1.000000000000000000 ),
 .UNSPECIFIED. ) ;
#5908 = CARTESIAN_POINT ( 'NONE',  ( 1.680909955929905664, 0.000000000000000000, -0.5122265624999999822 ) ) ;
#5909 = CARTESIAN_POINT ( 'NONE',  ( 2.111397415065153549, 0.000000000000000000, -0.7185264885591116091 ) ) ;
#5910 = ORIENTED_EDGE ( 'NONE', *, *, #1808, .T. ) ;
#5911 = CARTESIAN_POINT ( 'NONE',  ( 0.8591856055488283905, 0.01574803149606299191, -0.4938918121870692901 ) ) ;
#5912 = CARTESIAN_POINT ( 'NONE',  ( 1.664668896976415846, -2.134256245050205639E-18, -0.6792280049237870987 ) ) ;
#5913 = CARTESIAN_POINT ( 'NONE',  ( 1.613404943642253286, 0.01574803149606299191, -0.7081754898437299106 ) ) ;
#5914 = CARTESIAN_POINT ( 'NONE',  ( 1.528618984234911160, 0.000000000000000000, -0.5208600826160169062 ) ) ;
#5915 = ORIENTED_EDGE ( 'NONE', *, *, #5237, .F. ) ;
#5916 = CARTESIAN_POINT ( 'NONE',  ( 1.969707163975085829, -0.000000000000000000, -0.7308371393224524226 ) ) ;
#5917 = CARTESIAN_POINT ( 'NONE',  ( 0.7412875443072729498, 4.268512490100411279E-18, -0.7315630477927050901 ) ) ;
#5918 = CARTESIAN_POINT ( 'NONE',  ( 1.392167759854682441, 0.01574803149606299191, -0.4911824671211253435 ) ) ;
#5919 = CARTESIAN_POINT ( 'NONE',  ( 1.593726161428278054, 0.01574803149606299191, -0.4896475354661984358 ) ) ;
#5920 = CARTESIAN_POINT ( 'NONE',  ( 1.108425589604966177, 0.01574803149606299191, -0.6491831046553113715 ) ) ;
#5921 = LINE ( 'NONE', #2522, #4108 ) ;
#5922 = ORIENTED_EDGE ( 'NONE', *, *, #192, .T. ) ;
#5923 = CARTESIAN_POINT ( 'NONE',  ( 1.530605170206580601, -2.134256245050205639E-18, -0.5301263936895446172 ) ) ;
#5924 = EDGE_CURVE ( 'NONE', #2525, #5395, #1489, .T. ) ;
#5925 = CARTESIAN_POINT ( 'NONE',  ( 1.582851716830929067, 0.01574803149606299191, -0.7361789246398285913 ) ) ;
#5926 = CARTESIAN_POINT ( 'NONE',  ( 1.225653139869469443, 1.067128122525102820E-17, -0.7333496907531326103 ) ) ;
#5927 = CARTESIAN_POINT ( 'NONE',  ( 1.050929487179905975, 0.01574803149606299191, -0.6608593750000001377 ) ) ;
#5928 = CARTESIAN_POINT ( 'NONE',  ( 1.497759988432243006, 0.01574803149606299191, -0.4894122655946467337 ) ) ;
#5929 = B_SPLINE_CURVE_WITH_KNOTS ( 'NONE', 3,
 ( #239, #745, #2388, #2818, #4387, #5405, #4354, #490, #1960, #2355, #2027, #4803, #938, #3362, #1891, #6273, #3329, #3937, #1992 ),
 .UNSPECIFIED., .F., .F.,
 ( 4, 1, 1, 1, 1, 1, 1, 1, 1, 1, 1, 1, 1, 1, 1, 1, 4 ),
 ( 0.000000000000000000, 0.06367428536359440172, 0.1237398255667193081, 0.1814634900644866988, 0.2371307894525906401, 0.2918252068321824932, 0.3462646736541583059, 0.4009169421464858774, 0.4570118938865215252, 0.5149554476108593182, 0.5746918512815932800, 0.6375200860453686946, 0.7032845951744762791, 0.7727501022173918210, 0.8450323190435804488, 0.9206353381430476546, 0.9999999999999998890 ),
 .UNSPECIFIED. ) ;
#5930 = EDGE_CURVE ( 'NONE', #3432, #5440, #2194, .T. ) ;
#5931 = LINE ( 'NONE', #4919, #883 ) ;
#5932 = CARTESIAN_POINT ( 'NONE',  ( 1.980300589604965467, 0.01574803149606299191, -0.6491831046553113715 ) ) ;
#5933 = ORIENTED_EDGE ( 'NONE', *, *, #44, .T. ) ;
#5934 = CARTESIAN_POINT ( 'NONE',  ( 2.057179487179905397, 0.01574803149606299191, -0.6268749999999999600 ) ) ;
#5935 = CARTESIAN_POINT ( 'NONE',  ( 2.079396284054905397, 0.01574803149606299191, -0.7362499999999999600 ) ) ;
#5936 = CARTESIAN_POINT ( 'NONE',  ( 1.768400757564957182, 0.01574803149606299191, -0.5845930326826114243 ) ) ;
#5937 = CARTESIAN_POINT ( 'NONE',  ( 0.9660916658251496036, 0.01574803149606299191, -0.4940636039383386469 ) ) ;
#5938 = EDGE_CURVE ( 'NONE', #3183, #1050, #5582, .T. ) ;
#5939 = CARTESIAN_POINT ( 'NONE',  ( 1.135689165549412794, 0.000000000000000000, -0.6285930086686676299 ) ) ;
#5940 = CARTESIAN_POINT ( 'NONE',  ( 0.7478044871799053306, 0.01574803149606299191, -0.7087109374999999156 ) ) ;
#5941 = CARTESIAN_POINT ( 'NONE',  ( 0.7208586851107868787, -0.000000000000000000, -0.7392746610202701740 ) ) ;
#5942 = CARTESIAN_POINT ( 'NONE',  ( 1.580519330929905486, 0.01574803149606299191, -0.7362499999999999600 ) ) ;
#5943 = ORIENTED_EDGE ( 'NONE', *, *, #1726, .F. ) ;
#5944 = CARTESIAN_POINT ( 'NONE',  ( 0.8550660800290225128, 0.01574803149606299191, -0.4975983446888450623 ) ) ;
#5945 = CARTESIAN_POINT ( 'NONE',  ( 1.684434984871821639, 0.000000000000000000, -0.5103719722821387084 ) ) ;
#5946 = CARTESIAN_POINT ( 'NONE',  ( 1.580519330929905486, 0.01574803149606299191, -0.7362499999999999600 ) ) ;
#5947 = CARTESIAN_POINT ( 'NONE',  ( 1.428973828345612374, 0.01574803149606299191, -0.5173155831521890624 ) ) ;
#5948 = CARTESIAN_POINT ( 'NONE',  ( 1.522866706948486026, 0.000000000000000000, -0.5045972091795551950 ) ) ;
#5949 = PLANE ( 'NONE',  #3405 ) ;
#5950 = CARTESIAN_POINT ( 'NONE',  ( 1.769386518429905797, 0.01574803149606299191, -0.4893750000000000044 ) ) ;
#5951 = CARTESIAN_POINT ( 'NONE',  ( 1.404298627804905442, 0.01574803149606299191, -0.4893750000000000044 ) ) ;
#5952 = DIRECTION ( 'NONE',  ( -0.000000000000000000, -1.000000000000000000, -0.000000000000000000 ) ) ;
#5953 = CARTESIAN_POINT ( 'NONE',  ( 2.016798627804905486, 0.000000000000000000, -0.7362499999999999600 ) ) ;
#5954 = ORIENTED_EDGE ( 'NONE', *, *, #6195, .T. ) ;
#5955 = CARTESIAN_POINT ( 'NONE',  ( 1.197437334274282561, 0.01574803149606299191, -0.4940949613715140409 ) ) ;
#5956 = ADVANCED_FACE ( 'NONE', ( #2578 ), #1624, .T. ) ;
#5957 = CARTESIAN_POINT ( 'NONE',  ( 2.079396284054905397, 0.01574803149606299191, -0.7362499999999999600 ) ) ;
#5958 = CARTESIAN_POINT ( 'NONE',  ( 1.464894330929905619, 6.402768735150616918E-18, -0.7020214843750001155 ) ) ;
#5959 = CARTESIAN_POINT ( 'NONE',  ( 0.9839861278049059079, 0.01574803149606299191, -0.7393750000000001155 ) ) ;
#5960 = CARTESIAN_POINT ( 'NONE',  ( 1.766196029182908855, 0.01574803149606299191, -0.6204474108498754248 ) ) ;
#5961 = VERTEX_POINT ( 'NONE', #5159 ) ;
#5962 = CARTESIAN_POINT ( 'NONE',  ( 1.831973276787609795, 0.01574803149606299191, -0.7261232052962024452 ) ) ;
#5963 = CARTESIAN_POINT ( 'NONE',  ( 1.187103316266320263, 0.000000000000000000, -0.5080936862799417808 ) ) ;
#5964 = CARTESIAN_POINT ( 'NONE',  ( 1.657217684161891968, -2.134256245050205639E-18, -0.5934167419783636932 ) ) ;
#5965 = CARTESIAN_POINT ( 'NONE',  ( 1.922804487179905264, 0.000000000000000000, -0.6608593750000000266 ) ) ;
#5966 = CARTESIAN_POINT ( 'NONE',  ( 1.426857221554905575, 0.01574803149606299191, -0.7362499999999999600 ) ) ;
#5967 = CARTESIAN_POINT ( 'NONE',  ( 0.7230486278049053084, 0.000000000000000000, -0.7393750000000000044 ) ) ;
#5968 = DIRECTION ( 'NONE',  ( -0.000000000000000000, -1.000000000000000000, -0.000000000000000000 ) ) ;
#5969 = ORIENTED_EDGE ( 'NONE', *, *, #1938, .F. ) ;
#5970 = CARTESIAN_POINT ( 'NONE',  ( 1.006398639980607523, 0.000000000000000000, -0.7265893274304040528 ) ) ;
#5971 = CARTESIAN_POINT ( 'NONE',  ( 1.695347850284714797, -0.000000000000000000, -0.6501399421424436387 ) ) ;
#5972 = CARTESIAN_POINT ( 'NONE',  ( 1.010241499067669357, 0.000000000000000000, -0.5191350500798622702 ) ) ;
#5973 = DIRECTION ( 'NONE',  ( 0.0001256912946021341237, -0.000000000000000000, 0.9999999921008492221 ) ) ;
#5974 = ORIENTED_EDGE ( 'NONE', *, *, #935, .F. ) ;
#5975 = ORIENTED_EDGE ( 'NONE', *, *, #1549, .T. ) ;
#5976 = LINE ( 'NONE', #4549, #2010 ) ;
#5977 = CARTESIAN_POINT ( 'NONE',  ( 1.838429487179906063, 0.01574803149606299191, -0.6155957031250001155 ) ) ;
#5978 = CARTESIAN_POINT ( 'NONE',  ( 2.015297436579219337, 2.134256245050205639E-18, -0.6920102964326760864 ) ) ;
#5979 = CARTESIAN_POINT ( 'NONE',  ( 1.157911909054905708, 0.01574803149606299191, -0.6268749999999999600 ) ) ;
#5980 = ORIENTED_EDGE ( 'NONE', *, *, #4587, .F. ) ;
#5981 = AXIS2_PLACEMENT_3D ( 'NONE', #5488, #2078, #5543 ) ;
#5982 = CARTESIAN_POINT ( 'NONE',  ( 1.613357473084141569, 0.01574803149606299191, -0.7108230314208824341 ) ) ;
#5983 = CARTESIAN_POINT ( 'NONE',  ( 1.560304487179905664, 0.01574803149606299191, -0.5196484375000000044 ) ) ;
#5984 = CARTESIAN_POINT ( 'NONE',  ( 2.014454538516512905, 0.01574803149606299191, -0.7362508006461742083 ) ) ;
#5985 = CARTESIAN_POINT ( 'NONE',  ( 1.792390993416857814, 0.01574803149606299191, -0.6929414081459976948 ) ) ;
#5986 = CARTESIAN_POINT ( 'NONE',  ( 1.145802534054905841, 8.537024980200822558E-18, -0.5831250000000000044 ) ) ;
#5987 = AXIS2_PLACEMENT_3D ( 'NONE', #6056, #1682, #1210 ) ;
#5988 = ORIENTED_EDGE ( 'NONE', *, *, #4997, .T. ) ;
#5989 = CARTESIAN_POINT ( 'NONE',  ( 0.9008891810162703573, 0.01574803149606299191, -0.7072611830166861679 ) ) ;
#5990 = EDGE_CURVE ( 'NONE', #5671, #4765, #5202, .T. ) ;
#5991 = VECTOR ( 'NONE', #3386, 39.37007874015748143 ) ;
#5992 = CARTESIAN_POINT ( 'NONE',  ( 1.193054235405824004, 0.000000000000000000, -0.4978859496103228977 ) ) ;
#5993 = AXIS2_PLACEMENT_3D ( 'NONE', #1597, #3124, #2052 ) ;
#5994 = ADVANCED_FACE ( 'NONE', ( #6125 ), #3655, .T. ) ;
#5995 = CARTESIAN_POINT ( 'NONE',  ( 0.8942947290157428064, 0.01574803149606299191, -0.4972820757421343441 ) ) ;
#5996 = CARTESIAN_POINT ( 'NONE',  ( 1.985958081255676522, 0.01574803149606299191, -0.7345421172199687598 ) ) ;
#5997 = CARTESIAN_POINT ( 'NONE',  ( 1.107179487179905886, 0.01574803149606299191, -0.6598339843749999600 ) ) ;
#5998 = VECTOR ( 'NONE', #3428, 39.37007874015748854 ) ;
#5999 = ADVANCED_FACE ( 'NONE', ( #2715 ), #4170, .T. ) ;
#6000 = CARTESIAN_POINT ( 'NONE',  ( 1.763777133497301586, 2.134256245050205639E-18, -0.5825476701987745143 ) ) ;
#6001 = CARTESIAN_POINT ( 'NONE',  ( 2.113429487179905308, 0.01574803149606299191, -0.5214062499999999600 ) ) ;
#6002 = ORIENTED_EDGE ( 'NONE', *, *, #2205, .T. ) ;
#6003 = CARTESIAN_POINT ( 'NONE',  ( 2.229999999999999538, 0.1400000000000000133, -0.1750000000000000444 ) ) ;
#6004 = DIRECTION ( 'NONE',  ( 0.000000000000000000, 0.000000000000000000, 1.000000000000000000 ) ) ;
#6005 = CARTESIAN_POINT ( 'NONE',  ( 0.9839861278049059079, 0.01574803149606299191, -0.7393750000000001155 ) ) ;
#6006 = VERTEX_POINT ( 'NONE', #1307 ) ;
#6007 = EDGE_CURVE ( 'NONE', #6006, #1753, #5636, .T. ) ;
#6008 = ORIENTED_EDGE ( 'NONE', *, *, #1563, .T. ) ;
#6009 = CARTESIAN_POINT ( 'NONE',  ( 2.017677534054905575, 0.01574803149606299191, -0.5831250000000000044 ) ) ;
#6010 = CARTESIAN_POINT ( 'NONE',  ( 0.8981951121799053306, 0.000000000000000000, -0.7209667968749999822 ) ) ;
#6011 = CARTESIAN_POINT ( 'NONE',  ( 0.8688808535651532106, 0.01574803149606299191, -0.7393305100684861575 ) ) ;
#6012 = CARTESIAN_POINT ( 'NONE',  ( 1.092640483710597410, 0.000000000000000000, -0.7291341438346854442 ) ) ;
#6013 = EDGE_LOOP ( 'NONE', ( #2810, #5943, #5463, #1627, #4850, #6061, #3380, #5974 ) ) ;
#6014 = PRODUCT_DEFINITION_CONTEXT ( 'detailed design', #5328, 'design' ) ;
#6015 = CARTESIAN_POINT ( 'NONE',  ( 2.110245542610794445, 0.01574803149606299191, -0.7215162773531212936 ) ) ;
#6016 = CARTESIAN_POINT ( 'NONE',  ( 0.6985316199744912025, 2.134256245050205639E-18, -0.7266548157250078965 ) ) ;
#6017 = CARTESIAN_POINT ( 'NONE',  ( 1.809936025685241257, 6.402768735150616918E-18, -0.6843817981834026121 ) ) ;
#6018 = FILL_AREA_STYLE ('',( #1250 ) ) ;
#6019 = EDGE_LOOP ( 'NONE', ( #636, #1103, #5293, #4279 ) ) ;
#6020 = DIRECTION ( 'NONE',  ( 0.000000000000000000, 0.000000000000000000, 1.000000000000000000 ) ) ;
#6021 = CARTESIAN_POINT ( 'NONE',  ( 1.157911909054905708, 0.000000000000000000, -0.6925000000000000044 ) ) ;
#6022 = CARTESIAN_POINT ( 'NONE',  ( 1.214894330929905841, 0.000000000000000000, -0.4893750000000000044 ) ) ;
#6023 = CARTESIAN_POINT ( 'NONE',  ( 1.766196029182908855, 0.000000000000000000, -0.6204474108498754248 ) ) ;
#6024 = CARTESIAN_POINT ( 'NONE',  ( 1.769386518429905797, 0.01574803149606299191, -0.4893750000000000044 ) ) ;
#6025 = CARTESIAN_POINT ( 'NONE',  ( 1.115870893429905752, 0.000000000000000000, -0.6829296874999999378 ) ) ;
#6026 = EDGE_CURVE ( 'NONE', #58, #5125, #6263, .T. ) ;
#6027 = ORIENTED_EDGE ( 'NONE', *, *, #1329, .F. ) ;
#6028 = CARTESIAN_POINT ( 'NONE',  ( 1.772128976813631018, 2.134256245050205639E-18, -0.5875327545382760253 ) ) ;
#6029 = FACE_OUTER_BOUND ( 'NONE', #1315, .T. ) ;
#6030 = CARTESIAN_POINT ( 'NONE',  ( 1.693409955929905619, 0.01574803149606299191, -0.6500195312500000044 ) ) ;
#6031 = CARTESIAN_POINT ( 'NONE',  ( 1.378345129665667690, 0.01574803149606299191, -0.7205800435056687325 ) ) ;
#6032 = EDGE_CURVE ( 'NONE', #2745, #3752, #350, .T. ) ;
#6033 = LINE ( 'NONE', #1657, #5774 ) ;
#6034 = ORIENTED_EDGE ( 'NONE', *, *, #3064, .F. ) ;
#6035 = ORIENTED_EDGE ( 'NONE', *, *, #492, .T. ) ;
#6036 = CARTESIAN_POINT ( 'NONE',  ( 0.7375783214138085242, 0.000000000000000000, -0.7350724542995681343 ) ) ;
#6037 = DIRECTION ( 'NONE',  ( 1.000000000000000000, 0.000000000000000000, 0.000000000000000000 ) ) ;
#6038 = CARTESIAN_POINT ( 'NONE',  ( 1.383044063519956790, 0.01574803149606299191, -0.4975010437442897171 ) ) ;
#6039 = CARTESIAN_POINT ( 'NONE',  ( 2.003361889415793406, 2.134256245050205639E-18, -0.6902494895767088412 ) ) ;
#6040 = CARTESIAN_POINT ( 'NONE',  ( 1.067656165635440191, 0.01574803149606299191, -0.7112607086607196649 ) ) ;
#6041 = ORIENTED_EDGE ( 'NONE', *, *, #1202, .T. ) ;
#6042 = ADVANCED_FACE ( 'NONE', ( #3219 ), #5589, .T. ) ;
#6043 = CARTESIAN_POINT ( 'NONE',  ( 1.586386269185758202, 2.134256245050205639E-18, -0.4894778167403063818 ) ) ;
#6044 = CARTESIAN_POINT ( 'NONE',  ( 2.329999999999999627, 0.1700000000000018718, -0.2750000000000003553 ) ) ;
#6045 = CARTESIAN_POINT ( 'NONE',  ( 0.1250000000000000000, 0.000000000000000000, -3.414809992080329023E-17 ) ) ;
#6046 =( CONVERSION_BASED_UNIT ( 'INCH', #4558 ) LENGTH_UNIT ( ) NAMED_UNIT ( #794 ) );
#6047 = CARTESIAN_POINT ( 'NONE',  ( 0.8480777341973135819, 0.000000000000000000, -0.5134606427243957327 ) ) ;
#6048 = ORIENTED_EDGE ( 'NONE', *, *, #1186, .T. ) ;
#6049 = CARTESIAN_POINT ( 'NONE',  ( 1.115870893429905752, 0.000000000000000000, -0.6829296874999999378 ) ) ;
#6050 = CARTESIAN_POINT ( 'NONE',  ( 0.7070973242328877362, 0.01574803149606299191, -0.4938955433169965881 ) ) ;
#6051 = CARTESIAN_POINT ( 'NONE',  ( 0.8994370279011818514, 0.01574803149606299191, -0.5070591035736968788 ) ) ;
#6052 = CARTESIAN_POINT ( 'NONE',  ( 1.784879200717557124, 2.134256245050205639E-18, -0.5343142984488762348 ) ) ;
#6053 = CARTESIAN_POINT ( 'NONE',  ( 1.796313817858544937, 6.402768735150616918E-18, -0.4913360111011859654 ) ) ;
#6054 = CARTESIAN_POINT ( 'NONE',  ( 1.723331972758510355, 0.000000000000000000, -0.4949251846485587802 ) ) ;
#6055 = CARTESIAN_POINT ( 'NONE',  ( 0.9540544871799059301, 0.01574803149606299191, -0.7072949218750000933 ) ) ;
#6056 = CARTESIAN_POINT ( 'NONE',  ( 0.5624999999999998890, 0.07000000000000000666, -0.3649999999999999911 ) ) ;
#6057 = CARTESIAN_POINT ( 'NONE',  ( 1.220537491511593187, 0.000000000000000000, -0.4896771582000229994 ) ) ;
#6058 = CARTESIAN_POINT ( 'NONE',  ( 1.606462641188736384, 0.01574803149606299191, -0.7284961019223472611 ) ) ;
#6059 = LINE ( 'NONE', #1093, #1705 ) ;
#6060 = ORIENTED_EDGE ( 'NONE', *, *, #4393, .F. ) ;
#6061 = ORIENTED_EDGE ( 'NONE', *, *, #6283, .F. ) ;
#6062 = ADVANCED_FACE ( 'NONE', ( #1540 ), #4453, .T. ) ;
#6063 = VERTEX_POINT ( 'NONE', #2947 ) ;
#6064 = FACE_OUTER_BOUND ( 'NONE', #1491, .T. ) ;
#6065 = EDGE_CURVE ( 'NONE', #2900, #5671, #576, .T. ) ;
#6066 = CARTESIAN_POINT ( 'NONE',  ( 1.219187328429527151, 0.01574803149606299191, -0.7352390000847036644 ) ) ;
#6067 = CARTESIAN_POINT ( 'NONE',  ( 1.774776285444839452, 0.000000000000000000, -0.5914623805091675512 ) ) ;
#6068 = CARTESIAN_POINT ( 'NONE',  ( 1.666396295937958794, 0.000000000000000000, -0.5218875421156071726 ) ) ;
#6069 = ORIENTED_EDGE ( 'NONE', *, *, #2761, .F. ) ;
#6070 = B_SPLINE_CURVE_WITH_KNOTS ( 'NONE', 3,
 ( #3035, #2140, #3514, #3930, #613, #4055, #1658, #1127, #3091, #5948, #641, #2084, #5914, #4937, #2513, #4455, #107 ),
 .UNSPECIFIED., .F., .F.,
 ( 4, 1, 1, 1, 1, 1, 1, 1, 1, 1, 1, 1, 1, 1, 4 ),
 ( 0.000000000000000000, 0.07069536468307452415, 0.1363493445435630391, 0.1987594013957700301, 0.2588602169264461184, 0.3171901101198943418, 0.3731041825817999480, 0.4280200805415859677, 0.4827573213892193960, 0.5927463869171771815, 0.7055645666115499814, 0.7666872951880470133, 0.8368385738096285609, 0.9142487221832366062, 1.000000000000000000 ),
 .UNSPECIFIED. ) ;
#6071 = DIRECTION ( 'NONE',  ( -0.000000000000000000, -1.000000000000000000, -0.000000000000000000 ) ) ;
#6072 = CARTESIAN_POINT ( 'NONE',  ( 2.069312334274281628, 0.01574803149606299191, -0.4940949613715138189 ) ) ;
#6073 = CARTESIAN_POINT ( 'NONE',  ( 1.693409955929905619, 0.01574803149606299191, -0.6500195312500000044 ) ) ;
#6074 = B_SPLINE_CURVE_WITH_KNOTS ( 'NONE', 3,
 ( #2288, #6129, #5135, #3732, #4737, #5109, #314, #2665, #4176, #4606, #901, #2817, #5850, #4353, #5883 ),
 .UNSPECIFIED., .F., .F.,
 ( 4, 1, 1, 1, 1, 1, 1, 1, 1, 1, 1, 1, 4 ),
 ( 0.000000000000000000, 0.1456817349758525171, 0.2786834729361730156, 0.4002203989206651880, 0.5136386216531620974, 0.5683753864952296730, 0.6227437561373749819, 0.6785936170311778204, 0.7350696838698020930, 0.7955826855105287976, 0.8584107594692896859, 0.9267421627647466353, 0.9999999999999998890 ),
 .UNSPECIFIED. ) ;
#6075 = DIRECTION ( 'NONE',  ( 0.000000000000000000, -0.000000000000000000, 1.000000000000000000 ) ) ;
#6076 = CARTESIAN_POINT ( 'NONE',  ( 2.057179487179905397, 0.01574803149606299191, -0.5831250000000000044 ) ) ;
#6077 = CARTESIAN_POINT ( 'NONE',  ( 0.8550660800290225128, 0.000000000000000000, -0.4975983446888450623 ) ) ;
#6078 = CARTESIAN_POINT ( 'NONE',  ( 0.9894199094816070739, 0.000000000000000000, -0.4896848526063652951 ) ) ;
#6079 = ADVANCED_FACE ( 'NONE', ( #5432 ), #1034, .F. ) ;
#6080 = CARTESIAN_POINT ( 'NONE',  ( 0.7024987142455111355, 0.01574803149606299191, -0.4977812166467366906 ) ) ;
#6081 = DIRECTION ( 'NONE',  ( 0.000000000000000000, 0.000000000000000000, 1.000000000000000000 ) ) ;
#6082 = AXIS2_PLACEMENT_3D ( 'NONE', #6055, #2135, #696 ) ;
#6083 = CARTESIAN_POINT ( 'NONE',  ( 1.798314247221638684, 2.134256245050205639E-18, -0.5381625900991808820 ) ) ;
#6084 = CARTESIAN_POINT ( 'NONE',  ( 1.973712058032422778, 0.01574803149606299191, -0.7320828900431357589 ) ) ;
#6085 = PRESENTATION_LAYER_ASSIGNMENT (  '', '', ( #3095 ) ) ;
#6086 = CIRCLE ( 'NONE', #373, 0.06425000000000000155 ) ;
#6087 = CARTESIAN_POINT ( 'NONE',  ( 0.2000000000000000111, 0.07499999999999999722, -0.4899999999999999911 ) ) ;
#6088 = LINE ( 'NONE', #5627, #5660 ) ;
#6089 = CARTESIAN_POINT ( 'NONE',  ( 2.084594781241063899, 0.01574803149606299191, -0.4894709107017726213 ) ) ;
#6090 =( GEOMETRIC_REPRESENTATION_CONTEXT ( 3 ) GLOBAL_UNCERTAINTY_ASSIGNED_CONTEXT ( ( #1610 ) ) GLOBAL_UNIT_ASSIGNED_CONTEXT ( ( #342, #1237, #1812 ) ) REPRESENTATION_CONTEXT ( 'NONE', 'WORKASPACE' ) );
#6091 = VECTOR ( 'NONE', #305, 39.37007874015748143 ) ;
#6092 = ORIENTED_EDGE ( 'NONE', *, *, #3716, .T. ) ;
#6093 = VECTOR ( 'NONE', #4643, 39.37007874015748143 ) ;
#6094 = EDGE_LOOP ( 'NONE', ( #6302, #2107, #5652, #384 ) ) ;
#6095 = CARTESIAN_POINT ( 'NONE',  ( 1.931163929458668882, 0.000000000000000000, -0.6989466174180838376 ) ) ;
#6096 = CARTESIAN_POINT ( 'NONE',  ( 1.563345906875897251, 0.01574803149606299191, -0.7362254443784330693 ) ) ;
#6097 = CARTESIAN_POINT ( 'NONE',  ( 1.703399162339077844, -2.134256245050205639E-18, -0.7251547768737167665 ) ) ;
#6098 = CARTESIAN_POINT ( 'NONE',  ( 1.680909955929905664, 0.000000000000000000, -0.5122265624999999822 ) ) ;
#6099 = VECTOR ( 'NONE', #1762, 39.37007874015748143 ) ;
#6100 = ORIENTED_EDGE ( 'NONE', *, *, #3972, .F. ) ;
#6101 = CARTESIAN_POINT ( 'NONE',  ( 1.831973276787609795, 0.000000000000000000, -0.7261232052962024452 ) ) ;
#6102 = DIRECTION ( 'NONE',  ( -0.000000000000000000, -1.000000000000000000, -0.000000000000000000 ) ) ;
#6103 = CARTESIAN_POINT ( 'NONE',  ( 1.704782003139035274, 0.01574803149606299191, -0.6524058314271993231 ) ) ;
#6104 = EDGE_CURVE ( 'NONE', #4061, #4082, #5377, .T. ) ;
#6105 = CARTESIAN_POINT ( 'NONE',  ( 1.833607059997175659, 0.01574803149606299191, -0.6500644315707517773 ) ) ;
#6106 = DIRECTION ( 'NONE',  ( 0.000000000000000000, -0.000000000000000000, -1.000000000000000000 ) ) ;
#6107 = B_SPLINE_CURVE_WITH_KNOTS ( 'NONE', 3,
 ( #3963, #674, #2115, #3067, #5464, #2575, #2056 ),
 .UNSPECIFIED., .F., .F.,
 ( 4, 1, 1, 1, 4 ),
 ( 0.000000000000000000, 0.2943402270832192191, 0.5600815636156156740, 0.7933767436914694882, 1.000000000000000000 ),
 .UNSPECIFIED. ) ;
#6108 = CARTESIAN_POINT ( 'NONE',  ( 0.7442187974722289656, 0.01574803149606299191, -0.7270785883326325028 ) ) ;
#6109 = CARTESIAN_POINT ( 'NONE',  ( 2.104999999999999982, 0.1400000000000000133, -1.104999999999999982 ) ) ;
#6110 = CARTESIAN_POINT ( 'NONE',  ( 0.9009294871799053972, 0.000000000000000000, -0.5198437500000000488 ) ) ;
#6111 = EDGE_CURVE ( 'NONE', #2642, #2772, #4580, .T. ) ;
#6112 = CARTESIAN_POINT ( 'NONE',  ( 1.881239693776089350, 0.01574803149606299191, -0.5513158088305722959 ) ) ;
#6113 = FACE_OUTER_BOUND ( 'NONE', #4980, .T. ) ;
#6114 = CARTESIAN_POINT ( 'NONE',  ( 1.680909955929905664, 0.01574803149606299191, -0.5122265624999999822 ) ) ;
#6115 = EDGE_CURVE ( 'NONE', #6323, #5304, #484, .T. ) ;
#6116 = DIRECTION ( 'NONE',  ( -0.000000000000000000, -1.000000000000000000, -0.000000000000000000 ) ) ;
#6117 = CARTESIAN_POINT ( 'NONE',  ( 1.668958520626598663, 0.01574803149606299191, -0.6614720397614882730 ) ) ;
#6118 = CARTESIAN_POINT ( 'NONE',  ( 2.057407124056222614, 0.01574803149606299191, -0.5142886079259293419 ) ) ;
#6119 = VERTEX_POINT ( 'NONE', #5399 ) ;
#6120 = ORIENTED_EDGE ( 'NONE', *, *, #3154, .F. ) ;
#6121 = VERTEX_POINT ( 'NONE', #2976 ) ;
#6122 = DIRECTION ( 'NONE',  ( -0.000000000000000000, -1.000000000000000000, -0.000000000000000000 ) ) ;
#6123 = CARTESIAN_POINT ( 'NONE',  ( 1.529863366413430237, 0.01574803149606299191, -0.7188059347168455071 ) ) ;
#6124 = CARTESIAN_POINT ( 'NONE',  ( 1.683242799315642024, 0.01574803149606299191, -0.7105331776193423154 ) ) ;
#6125 = FACE_OUTER_BOUND ( 'NONE', #5829, .T. ) ;
#6126 = ORIENTED_EDGE ( 'NONE', *, *, #5629, .F. ) ;
#6127 = DIRECTION ( 'NONE',  ( -1.000000000000000000, -0.000000000000000000, -0.000000000000000000 ) ) ;
#6128 = CARTESIAN_POINT ( 'NONE',  ( 1.667807909642012865, 0.01574803149606299191, -0.6890069819365174375 ) ) ;
#6129 = CARTESIAN_POINT ( 'NONE',  ( 1.409419473140379742, 0.01574803149606299191, -0.7361919806855357074 ) ) ;
#6130 = CARTESIAN_POINT ( 'NONE',  ( 1.461156639516344669, 0.01574803149606299191, -0.5198684452770315767 ) ) ;
#6131 = CARTESIAN_POINT ( 'NONE',  ( 0.8480777341973135819, 2.134256245050205639E-18, -0.5134606427243957327 ) ) ;
#6132 = CARTESIAN_POINT ( 'NONE',  ( 1.141991381153823593, 0.01574803149606299191, -0.5831681608761835056 ) ) ;
#6133 = EDGE_LOOP ( 'NONE', ( #4599, #2372, #5070, #2708, #447, #2655, #2032, #2836, #4623, #6241 ) ) ;
#6134 = B_SPLINE_CURVE_WITH_KNOTS ( 'NONE', 3,
 ( #3266, #5240, #2728, #5687, #1320, #2857, #430, #6141, #1759, #872, #3668, #806, #326, #5206, #838, #2758, #361, #4745, #2298 ),
 .UNSPECIFIED., .F., .F.,
 ( 4, 1, 1, 1, 1, 1, 1, 1, 1, 1, 1, 1, 1, 1, 1, 1, 4 ),
 ( 0.000000000000000000, 0.08182733182821372298, 0.1583472116030950338, 0.2306556717352037100, 0.2984336761490579693, 0.3629752137949624480, 0.4241354733974939673, 0.4833404898126505422, 0.5404489010828538165, 0.5965863673725729788, 0.6516263808094682197, 0.7065787043126550149, 0.7618096902813250582, 0.8178554473551580273, 0.8759158008403525875, 0.9365891825421323036, 0.9999999999999998890 ),
 .UNSPECIFIED. ) ;
#6135 = CARTESIAN_POINT ( 'NONE',  ( 1.531415355931479816, 6.402768735150616918E-18, -0.7228581240702762756 ) ) ;
#6136 = FACE_OUTER_BOUND ( 'NONE', #162, .T. ) ;
#6137 = EDGE_CURVE ( 'NONE', #4547, #4732, #3322, .T. ) ;
#6138 = CARTESIAN_POINT ( 'NONE',  ( 1.611959180508165890, 0.01574803149606299191, -0.5065921339596431983 ) ) ;
#6139 = CARTESIAN_POINT ( 'NONE',  ( 2.001571731730191317, 2.134256245050205639E-18, -0.6300410242652461079 ) ) ;
#6140 = CARTESIAN_POINT ( 'NONE',  ( 1.598617746523097294, 0.000000000000000000, -0.4910786117551032004 ) ) ;
#6141 = CARTESIAN_POINT ( 'NONE',  ( 1.828228106193082958, 0.000000000000000000, -0.5655082474758671429 ) ) ;
#6142 = CARTESIAN_POINT ( 'NONE',  ( 0.1250000000000000000, 0.1400000000000000133, -3.414809992080329023E-17 ) ) ;
#6143 = B_SPLINE_SURFACE_WITH_KNOTS ( 'NONE', 3, 1, ( 
 ( #5752, #5173 ),
 ( #805, #325 ),
 ( #2266, #1796 ),
 ( #3702, #5686 ),
 ( #1319, #3232 ),
 ( #5205, #837 ),
 ( #2757, #3904 ),
 ( #54, #4882 ),
 ( #5442, #2529 ),
 ( #85, #2432 ),
 ( #5892, #5413 ),
 ( #528, #3841 ),
 ( #2462, #5926 ),
 ( #2856, #4949 ),
 ( #5858, #1522 ),
 ( #4360, #2035 ),
 ( #1552, #3435 ),
 ( #117, #3943 ),
 ( #21, #3368 ) ),
 .UNSPECIFIED., .F., .F., .F.,
 ( 4, 1, 1, 1, 1, 1, 1, 1, 1, 1, 1, 1, 1, 1, 1, 1, 4 ),
 ( 2, 2 ),
 ( 0.000000000000000000, 0.07632991237579972443, 0.1475902797655206378, 0.2141341229181883410, 0.2766335995961090588, 0.3354621556079133704, 0.3904701877972195367, 0.4445106943788564302, 0.4965622250395489434, 0.5495416088508521257, 0.6031030765590439380, 0.6597058747106790966, 0.7195927783563121904, 0.7833678860529335042, 0.8506459785148551278, 0.9227992763119478026, 1.000000000000000000 ),
 ( 0.000000000000000000, 1.000000000000000000 ),
 .UNSPECIFIED. ) ;
#6144 = DIRECTION ( 'NONE',  ( -0.000000000000000000, -1.000000000000000000, -0.000000000000000000 ) ) ;
#6145 = LINE ( 'NONE', #4158, #2906 ) ;
#6146 = CARTESIAN_POINT ( 'NONE',  ( 1.718108001943642105, 0.01574803149606299191, -0.6659397922214859156 ) ) ;
#6147 = CARTESIAN_POINT ( 'NONE',  ( 1.657217684161891968, 0.01574803149606299191, -0.5934167419783636932 ) ) ;
#6148 = CARTESIAN_POINT ( 'NONE',  ( 2.080408026208834471, 0.000000000000000000, -0.4896555717446321454 ) ) ;
#6149 = CARTESIAN_POINT ( 'NONE',  ( 2.079396284054905397, 0.000000000000000000, -0.7362499999999999600 ) ) ;
#6150 = ORIENTED_EDGE ( 'NONE', *, *, #180, .T. ) ;
#6151 = ORIENTED_EDGE ( 'NONE', *, *, #1316, .F. ) ;
#6152 = CARTESIAN_POINT ( 'NONE',  ( 0.4999999999999998335, 0.07000000000000000666, -0.3649999999999999911 ) ) ;
#6153 = CARTESIAN_POINT ( 'NONE',  ( 1.375929487179905486, 0.000000000000000000, -0.7068066406249999822 ) ) ;
#6154 = DIRECTION ( 'NONE',  ( -0.000000000000000000, -1.000000000000000000, -0.000000000000000000 ) ) ;
#6155 = CARTESIAN_POINT ( 'NONE',  ( 1.925673690198496102, 0.000000000000000000, -0.6847626957698803585 ) ) ;
#6156 = CARTESIAN_POINT ( 'NONE',  ( 1.241068956533415202, 0.01574803149606299191, -0.7116585904362078274 ) ) ;
#6157 = CARTESIAN_POINT ( 'NONE',  ( 0.8386757062408136676, 2.134256245050205639E-18, -0.7202955058092699314 ) ) ;
#6158 = DIRECTION ( 'NONE',  ( -0.000000000000000000, -1.000000000000000000, -0.000000000000000000 ) ) ;
#6159 = ORIENTED_EDGE ( 'NONE', *, *, #3222, .F. ) ;
#6160 = EDGE_LOOP ( 'NONE', ( #4402, #4199, #4338, #3753 ) ) ;
#6161 = B_SPLINE_CURVE_WITH_KNOTS ( 'NONE', 3,
 ( #5307, #943, #4466, #1046, #4395, #2957, #4914, #4845, #4809, #2000, #559 ),
 .UNSPECIFIED., .F., .F.,
 ( 4, 1, 1, 1, 1, 1, 1, 1, 4 ),
 ( 0.000000000000000000, 0.1398494190053519437, 0.2681627003714484592, 0.3889048537734010602, 0.5053543800120462448, 0.6211455851889932100, 0.7380783065581103530, 0.8631088051525332983, 1.000000000000000000 ),
 .UNSPECIFIED. ) ;
#6162 = CARTESIAN_POINT ( 'NONE',  ( 1.842602247532375781, 0.01574803149606299191, -0.7203398435468796324 ) ) ;
#6163 = CARTESIAN_POINT ( 'NONE',  ( 2.057257510028259517, 0.01574803149606299191, -0.5186778385476670250 ) ) ;
#6164 = CARTESIAN_POINT ( 'NONE',  ( 1.478404088627531143, 1.707404996040164512E-17, -0.4930660046446770362 ) ) ;
#6165 = CARTESIAN_POINT ( 'NONE',  ( 1.681828174618588800, 0.000000000000000000, -0.6517141322442286944 ) ) ;
#6166 = CARTESIAN_POINT ( 'NONE',  ( 1.838379791394499918, 6.402768735150616918E-18, -0.6187231248477531587 ) ) ;
#6167 = CARTESIAN_POINT ( 'NONE',  ( 1.414269197322425509, 0.000000000000000000, -0.4910812313587941125 ) ) ;
#6168 = VERTEX_POINT ( 'NONE', #2878 ) ;
#6169 = CARTESIAN_POINT ( 'NONE',  ( 0.8981951121799053306, 0.01574803149606299191, -0.7209667968749999822 ) ) ;
#6170 = DIRECTION ( 'NONE',  ( -0.000000000000000000, -1.000000000000000000, -0.000000000000000000 ) ) ;
#6171 = CARTESIAN_POINT ( 'NONE',  ( 1.598617746523097294, 0.01574803149606299191, -0.4910786117551032004 ) ) ;
#6172 = CARTESIAN_POINT ( 'NONE',  ( 1.987799062737381162, 2.134256245050205639E-18, -0.6372473612529567788 ) ) ;
#6173 = FACE_OUTER_BOUND ( 'NONE', #5845, .T. ) ;
#6174 = DIRECTION ( 'NONE',  ( 0.000000000000000000, -0.000000000000000000, 1.000000000000000000 ) ) ;
#6175 = DIRECTION ( 'NONE',  ( 0.000000000000000000, 0.000000000000000000, 1.000000000000000000 ) ) ;
#6176 = ORIENTED_EDGE ( 'NONE', *, *, #6026, .F. ) ;
#6177 = EDGE_CURVE ( 'NONE', #1964, #503, #4827, .T. ) ;
#6178 = AXIS2_PLACEMENT_3D ( 'NONE', #3742, #3643, #6174 ) ;
#6179 = CARTESIAN_POINT ( 'NONE',  ( 0.8981951121799053306, 0.000000000000000000, -0.7209667968749999822 ) ) ;
#6180 = CARTESIAN_POINT ( 'NONE',  ( 1.138020144867603278, 0.01574803149606299191, -0.7362523579507952443 ) ) ;
#6181 = EDGE_LOOP ( 'NONE', ( #1687, #11, #2544, #5186 ) ) ;
#6182 = CARTESIAN_POINT ( 'NONE',  ( 1.771241987179906108, 0.01574803149606299191, -0.6956250000000001599 ) ) ;
#6183 = CARTESIAN_POINT ( 'NONE',  ( 0.8311052684299053972, 0.01574803149606299191, -0.7079785156249999156 ) ) ;
#6184 = CARTESIAN_POINT ( 'NONE',  ( 1.722040335830644420, 0.000000000000000000, -0.6714435597812290490 ) ) ;
#6185 = CARTESIAN_POINT ( 'NONE',  ( 2.100316344785508438, 0.000000000000000000, -0.7320200826854215137 ) ) ;
#6186 = CIRCLE ( 'NONE', #4734, 0.1250000000000000278 ) ;
#6187 = ORIENTED_EDGE ( 'NONE', *, *, #2342, .F. ) ;
#6188 = EDGE_CURVE ( 'NONE', #3815, #5879, #3587, .T. ) ;
#6189 = ORIENTED_EDGE ( 'NONE', *, *, #26, .T. ) ;
#6190 = CARTESIAN_POINT ( 'NONE',  ( 1.959995555432552550, 0.000000000000000000, -0.5942874467830964180 ) ) ;
#6191 = CARTESIAN_POINT ( 'NONE',  ( 1.241483348082478066, 0.01574803149606299191, -0.5189743242880153762 ) ) ;
#6192 = VECTOR ( 'NONE', #2812, 39.37007874015748143 ) ;
#6193 = VECTOR ( 'NONE', #4181, 39.37007874015748143 ) ;
#6194 = CARTESIAN_POINT ( 'NONE',  ( 0.9946093181914842374, 0.01574803149606299191, -0.7375105510891896143 ) ) ;
#6195 = EDGE_CURVE ( 'NONE', #5155, #6006, #2239, .T. ) ;
#6196 = CARTESIAN_POINT ( 'NONE',  ( 1.731848186306505610, -2.134256245050205639E-18, -0.7357802255022201088 ) ) ;
#6197 = CARTESIAN_POINT ( 'NONE',  ( 1.142579538516513615, 0.01574803149606299191, -0.7362508006461742083 ) ) ;
#6198 = ORIENTED_EDGE ( 'NONE', *, *, #4287, .F. ) ;
#6199 = ORIENTED_EDGE ( 'NONE', *, *, #4086, .F. ) ;
#6200 = EDGE_CURVE ( 'NONE', #4697, #1659, #1512, .T. ) ;
#6201 = VECTOR ( 'NONE', #1750, 39.37007874015748143 ) ;
#6202 = B_SPLINE_SURFACE_WITH_KNOTS ( 'NONE', 3, 1, ( 
 ( #4241, #852 ),
 ( #376, #2315 ),
 ( #5254, #2343 ),
 ( #6258, #4269 ),
 ( #2384, #3860 ),
 ( #5846, #2454 ),
 ( #1474, #4314 ),
 ( #5711, #1855 ),
 ( #5331, #963 ),
 ( #4833, #3767 ),
 ( #5746, #6269 ),
 ( #3795, #1761 ),
 ( #2156, #329 ),
 ( #5566, #4592 ),
 ( #240, #1708 ),
 ( #5117, #4505 ),
 ( #5905, #153 ),
 ( #5514, #569 ),
 ( #2044, #1532 ) ),
 .UNSPECIFIED., .F., .F., .F.,
 ( 4, 1, 1, 1, 1, 1, 1, 1, 1, 1, 1, 1, 1, 1, 1, 1, 4 ),
 ( 2, 2 ),
 ( 0.000000000000000000, 0.06471401816636543347, 0.1260074759657008603, 0.1848404604205492741, 0.2412139089641152645, 0.2962365839730135564, 0.3506218337640996108, 0.4049891146124610652, 0.4601104791148300510, 0.5167961286223607953, 0.5752343926751203318, 0.6364091737907180413, 0.7005078337452679271, 0.7688271593737614484, 0.8409926476957444441, 0.9181950594621315354, 0.9999999999999998890 ),
 ( 0.000000000000000000, 1.000000000000000000 ),
 .UNSPECIFIED. ) ;
#6203 = EDGE_LOOP ( 'NONE', ( #4798, #2069, #351, #4401 ) ) ;
#6204 = DIRECTION ( 'NONE',  ( 0.000000000000000000, 0.000000000000000000, 1.000000000000000000 ) ) ;
#6205 = CARTESIAN_POINT ( 'NONE',  ( 1.560304487179905664, 0.000000000000000000, -0.5196484375000000044 ) ) ;
#6206 = CARTESIAN_POINT ( 'NONE',  ( 2.229999999999999538, 0.3149999999999992251, -0.000000000000000000 ) ) ;
#6207 = AXIS2_PLACEMENT_3D ( 'NONE', #5767, #5664, #887 ) ;
#6208 = CARTESIAN_POINT ( 'NONE',  ( 0.6948872731656431379, 0.01574803149606299191, -0.7153414717591428662 ) ) ;
#6209 = DIRECTION ( 'NONE',  ( -0.000000000000000000, -1.000000000000000000, -0.000000000000000000 ) ) ;
#6210 = DIRECTION ( 'NONE',  ( 0.000000000000000000, 0.000000000000000000, -1.000000000000000000 ) ) ;
#6211 = CARTESIAN_POINT ( 'NONE',  ( 1.981069553361002100, 0.000000000000000000, -0.6727046574171606785 ) ) ;
#6212 = LINE ( 'NONE', #2698, #6093 ) ;
#6213 = CARTESIAN_POINT ( 'NONE',  ( 0.4999999999999998335, 0.07000000000000000666, -0.3649999999999999911 ) ) ;
#6214 = B_SPLINE_CURVE_WITH_KNOTS ( 'NONE', 3,
 ( #1895, #4806, #357, #2358, #2260, #456, #867, #5718, #4285, #3801, #3191, #1752, #6240, #3662, #1861, #5784, #3262, #1417, #5236 ),
 .UNSPECIFIED., .F., .F.,
 ( 4, 1, 1, 1, 1, 1, 1, 1, 1, 1, 1, 1, 1, 1, 1, 1, 4 ),
 ( 0.000000000000000000, 0.09403118419943332085, 0.1833433453235890631, 0.2684563974261002794, 0.3500721697809880961, 0.4272362797519792532, 0.4992283581201434339, 0.5662326547883448358, 0.6289847331196514180, 0.6876689143158525308, 0.7431519811438742629, 0.7948100883308165665, 0.8441840176181645283, 0.8896842298769512825, 0.9307774820599377108, 0.9669399739666799665, 1.000000000000000000 ),
 .UNSPECIFIED. ) ;
#6215 = CARTESIAN_POINT ( 'NONE',  ( 1.050929487179905752, 8.537024980200822558E-18, -0.6608593750000000266 ) ) ;
#6216 = ORIENTED_EDGE ( 'NONE', *, *, #1012, .T. ) ;
#6217 = DIRECTION ( 'NONE',  ( -0.000000000000000000, -1.000000000000000000, -0.000000000000000000 ) ) ;
#6218 = CARTESIAN_POINT ( 'NONE',  ( 1.728900917347253152, 0.01574803149606299191, -0.6799757533355104133 ) ) ;
#6219 = DIRECTION ( 'NONE',  ( 0.000000000000000000, 0.000000000000000000, -1.000000000000000000 ) ) ;
#6220 = CARTESIAN_POINT ( 'NONE',  ( 1.939531165635440590, 0.000000000000000000, -0.7112607086607197759 ) ) ;
#6221 = CARTESIAN_POINT ( 'NONE',  ( 2.113400148475798712, -0.000000000000000000, -0.7051150258839001816 ) ) ;
#6222 = CARTESIAN_POINT ( 'NONE',  ( 0.9541362347901385377, -0.000000000000000000, -0.5192325721664362570 ) ) ;
#6223 = VERTEX_POINT ( 'NONE', #245 ) ;
#6224 = B_SPLINE_CURVE_WITH_KNOTS ( 'NONE', 3,
 ( #1070, #3938, #5919, #1930, #1546, #1479, #3458, #3897, #583, #4319, #4420 ),
 .UNSPECIFIED., .F., .F.,
 ( 4, 1, 1, 1, 1, 1, 1, 1, 4 ),
 ( 0.000000000000000000, 0.1196506913845639536, 0.2323942988104791274, 0.3415846489330138791, 0.4540851286129701792, 0.5719373066527821958, 0.6999891916916327617, 0.8408352924363500236, 1.000000000000000000 ),
 .UNSPECIFIED. ) ;
#6225 = EDGE_LOOP ( 'NONE', ( #4081, #1780, #3156, #1122 ) ) ;
#6226 = EDGE_CURVE ( 'NONE', #6265, #4238, #2653, .T. ) ;
#6227 = CARTESIAN_POINT ( 'NONE',  ( 1.967856238116828749, 0.000000000000000000, -0.5908602598766081737 ) ) ;
#6228 = CARTESIAN_POINT ( 'NONE',  ( 1.967856238116828749, 0.01574803149606299191, -0.5908602598766081737 ) ) ;
#6229 = VERTEX_POINT ( 'NONE', #6005 ) ;
#6230 = CARTESIAN_POINT ( 'NONE',  ( 1.512166063596593224, 0.01574803149606299191, -0.4933984099248497346 ) ) ;
#6231 = FACE_OUTER_BOUND ( 'NONE', #5522, .T. ) ;
#6232 = CARTESIAN_POINT ( 'NONE',  ( 1.138020144867603278, 0.000000000000000000, -0.7362523579507952443 ) ) ;
#6233 = ORIENTED_EDGE ( 'NONE', *, *, #1830, .T. ) ;
#6234 = ORIENTED_EDGE ( 'NONE', *, *, #2061, .F. ) ;
#6235 = CARTESIAN_POINT ( 'NONE',  ( 1.785719756999780028, 0.000000000000000000, -0.6944622703488225746 ) ) ;
#6236 = CARTESIAN_POINT ( 'NONE',  ( 1.459595107145875037, 0.01574803149606299191, -0.7194963355705181751 ) ) ;
#6237 = LINE ( 'NONE', #2690, #1205 ) ;
#6238 = CARTESIAN_POINT ( 'NONE',  ( 1.693409955929905619, 0.000000000000000000, -0.6500195312500000044 ) ) ;
#6239 = CARTESIAN_POINT ( 'NONE',  ( 1.830860046329600088, 6.402768735150616918E-18, -0.6573772749885622435 ) ) ;
#6240 = CARTESIAN_POINT ( 'NONE',  ( 1.673936597650692137, 0.000000000000000000, -0.6998280544597671460 ) ) ;
#6241 = ORIENTED_EDGE ( 'NONE', *, *, #667, .F. ) ;
#6242 = CARTESIAN_POINT ( 'NONE',  ( 1.539035552760663172, 0.01574803149606299191, -0.7313131790087699091 ) ) ;
#6243 = CARTESIAN_POINT ( 'NONE',  ( 1.982074592300107074, 0.01574803149606299191, -0.6446385603825367516 ) ) ;
#6244 = DIRECTION ( 'NONE',  ( 0.000000000000000000, 0.000000000000000000, 1.000000000000000000 ) ) ;
#6245 = CARTESIAN_POINT ( 'NONE',  ( 1.145802534054905841, 0.000000000000000000, -0.5831250000000000044 ) ) ;
#6246 = CARTESIAN_POINT ( 'NONE',  ( 1.060044030121990666, 0.01574803149606299191, -0.6209116725288940097 ) ) ;
#6247 = ORIENTED_EDGE ( 'NONE', *, *, #3822, .F. ) ;
#6248 = DIRECTION ( 'NONE',  ( 0.000000000000000000, 0.000000000000000000, -1.000000000000000000 ) ) ;
#6249 = CARTESIAN_POINT ( 'NONE',  ( 1.776564252804905708, 2.134256245050205639E-18, -0.6016308593750000488 ) ) ;
#6250 = ORIENTED_EDGE ( 'NONE', *, *, #3892, .T. ) ;
#6251 = CARTESIAN_POINT ( 'NONE',  ( 1.241554487179905797, 0.000000000000000000, -0.7037304687500000044 ) ) ;
#6252 = CARTESIAN_POINT ( 'NONE',  ( 2.029786909054905220, 0.000000000000000000, -0.6925000000000000044 ) ) ;
#6253 = CARTESIAN_POINT ( 'NONE',  ( 1.928086293975099341, 0.000000000000000000, -0.6920564396778251526 ) ) ;
#6254 = CARTESIAN_POINT ( 'NONE',  ( 2.008996359965232514, 0.000000000000000000, -0.6912050257421653576 ) ) ;
#6255 = CARTESIAN_POINT ( 'NONE',  ( 1.994202413818217279, 0.01574803149606299191, -0.6872853059217896021 ) ) ;
#6256 = ORIENTED_EDGE ( 'NONE', *, *, #4628, .F. ) ;
#6257 = B_SPLINE_SURFACE_WITH_KNOTS ( 'NONE', 3, 1, ( 
 ( #5267, #2786 ),
 ( #4146, #4739 ),
 ( #1860, #6131 ),
 ( #3800, #3292 ),
 ( #4805, #4250 ),
 ( #3771, #425 ),
 ( #3661, #2259 ),
 ( #4772, #5642 ),
 ( #393, #5235 ),
 ( #1828, #4284 ),
 ( #2326, #5783 ) ),
 .UNSPECIFIED., .F., .F., .F.,
 ( 4, 1, 1, 1, 1, 1, 1, 1, 4 ),
 ( 2, 2 ),
 ( 0.000000000000000000, 0.1401180047643451332, 0.2686100580034988528, 0.3908975091221431053, 0.5089641436815214304, 0.6263889689773974867, 0.7425663412124188234, 0.8660351272880012496, 1.000000000000000000 ),
 ( 0.000000000000000000, 1.000000000000000000 ),
 .UNSPECIFIED. ) ;
#6258 = CARTESIAN_POINT ( 'NONE',  ( 1.924114692446510455, 0.01574803149606299191, -0.6434199382235037401 ) ) ;
#6259 = CARTESIAN_POINT ( 'NONE',  ( 0.7266619090549053528, 0.000000000000000000, -0.4893750000000000044 ) ) ;
#6260 = CARTESIAN_POINT ( 'NONE',  ( 2.086769330929905131, 2.134256245050205639E-18, -0.4893750000000000044 ) ) ;
#6261 = ORIENTED_EDGE ( 'NONE', *, *, #1778, .F. ) ;
#6262 = CARTESIAN_POINT ( 'NONE',  ( 1.155339892973302085, 0.01574803149606299191, -0.6924726754716854504 ) ) ;
#6263 = LINE ( 'NONE', #1886, #2610 ) ;
#6264 = VERTEX_POINT ( 'NONE', #3599 ) ;
#6265 = VERTEX_POINT ( 'NONE', #3993 ) ;
#6266 = ADVANCED_FACE ( 'NONE', ( #4598 ), #1764, .T. ) ;
#6267 = EDGE_CURVE ( 'NONE', #3127, #3183, #5575, .T. ) ;
#6268 = VERTEX_POINT ( 'NONE', #1178 ) ;
#6269 = CARTESIAN_POINT ( 'NONE',  ( 1.952926659418518840, 6.402768735150616918E-18, -0.5984973928187045100 ) ) ;
#6270 = CARTESIAN_POINT ( 'NONE',  ( 1.241554487179905797, 0.01574803149606299191, -0.7037304687500000044 ) ) ;
#6271 = CARTESIAN_POINT ( 'NONE',  ( 1.222555632894472888, 0.000000000000000000, -0.7344148740484145454 ) ) ;
#6272 = CARTESIAN_POINT ( 'NONE',  ( 1.753728998630890379, 0.01574803149606299191, -0.5340668624874459480 ) ) ;
#6273 = CARTESIAN_POINT ( 'NONE',  ( 1.837336015419612334, 0.01574803149606299191, -0.6337440644695004899 ) ) ;
#6274 = DIRECTION ( 'NONE',  ( 1.000000000000000000, 0.000000000000000000, 0.000000000000000000 ) ) ;
#6275 = FACE_OUTER_BOUND ( 'NONE', #5446, .T. ) ;
#6276 = CARTESIAN_POINT ( 'NONE',  ( 1.425377796716588374, 0.000000000000000000, -0.5014018362069876389 ) ) ;
#6277 = VERTEX_POINT ( 'NONE', #3034 ) ;
#6278 = CARTESIAN_POINT ( 'NONE',  ( 1.987799062737381162, 0.01574803149606299191, -0.6372473612529567788 ) ) ;
#6279 = CARTESIAN_POINT ( 'NONE',  ( 1.972365034054905486, 0.000000000000000000, -0.7317089843750000933 ) ) ;
#6280 = CARTESIAN_POINT ( 'NONE',  ( 1.464894330929905619, 0.000000000000000000, -0.7020214843750001155 ) ) ;
#6281 = CARTESIAN_POINT ( 'NONE',  ( 0.7266619090549053528, 0.000000000000000000, -0.4893750000000000044 ) ) ;
#6282 = ORIENTED_EDGE ( 'NONE', *, *, #5161, .T. ) ;
#6283 = EDGE_CURVE ( 'NONE', #2910, #841, #5005, .T. ) ;
#6284 = CARTESIAN_POINT ( 'NONE',  ( 1.776353707618672395, 0.01574803149606299191, -0.5962752996905649194 ) ) ;
#6285 = EDGE_LOOP ( 'NONE', ( #851, #5751, #1715, #3601 ) ) ;
#6286 = CARTESIAN_POINT ( 'NONE',  ( 1.736104624238639760, 0.01574803149606299191, -0.6862385073715552286 ) ) ;
#6287 = CARTESIAN_POINT ( 'NONE',  ( 0.8995797985643696482, 0.000000000000000000, -0.7169725059948139911 ) ) ;
#6288 = CARTESIAN_POINT ( 'NONE',  ( 1.981069553361002100, 0.01574803149606299191, -0.6727046574171606785 ) ) ;
#6289 = CARTESIAN_POINT ( 'NONE',  ( 2.003361889415793406, 0.000000000000000000, -0.6902494895767088412 ) ) ;
#6290 = CARTESIAN_POINT ( 'NONE',  ( 0.9817290272152714437, 0.01574803149606299191, -0.7392844530789838275 ) ) ;
#6291 = VERTEX_POINT ( 'NONE', #640 ) ;
#6292 = CARTESIAN_POINT ( 'NONE',  ( 1.560304487179905664, 0.01574803149606299191, -0.5196484375000000044 ) ) ;
#6293 = CARTESIAN_POINT ( 'NONE',  ( 1.976425237444370486, 0.000000000000000000, -0.5880286626417449147 ) ) ;
#6294 = CARTESIAN_POINT ( 'NONE',  ( 1.234491485694180657, 0.01574803149606299191, -0.4975879760096892923 ) ) ;
#6295 = CARTESIAN_POINT ( 'NONE',  ( 2.111867746087522590, 0.01574803149606299191, -0.5078715846304679982 ) ) ;
#6296 = ORIENTED_EDGE ( 'NONE', *, *, #1069, .F. ) ;
#6297 = VECTOR ( 'NONE', #5134, 39.37007874015748143 ) ;
#6298 = CARTESIAN_POINT ( 'NONE',  ( 1.239992746087522857, 2.134256245050205639E-18, -0.5078715846304679982 ) ) ;
#6299 = CARTESIAN_POINT ( 'NONE',  ( 0.7208586851107868787, 0.01574803149606299191, -0.7392746610202701740 ) ) ;
#6300 = ORIENTED_EDGE ( 'NONE', *, *, #44, .F. ) ;
#6301 = VECTOR ( 'NONE', #2184, 39.37007874015748143 ) ;
#6302 = ORIENTED_EDGE ( 'NONE', *, *, #4036, .F. ) ;
#6303 = CARTESIAN_POINT ( 'NONE',  ( 1.771241987179906108, 0.000000000000000000, -0.6956250000000001599 ) ) ;
#6304 = CARTESIAN_POINT ( 'NONE',  ( 1.426857221554905575, 0.01574803149606299191, -0.7362499999999999600 ) ) ;
#6305 = CARTESIAN_POINT ( 'NONE',  ( 1.613429487179905530, 0.01574803149606299191, -0.7068066406249999822 ) ) ;
#6306 = DIRECTION ( 'NONE',  ( -1.000000000000000000, 0.000000000000000000, 0.000000000000000000 ) ) ;
#6307 = CARTESIAN_POINT ( 'NONE',  ( 1.657621228432649918, 0.01574803149606299191, -0.5390989695264859494 ) ) ;
#6308 = ADVANCED_FACE ( 'NONE', ( #3544 ), #1152, .T. ) ;
#6309 = CARTESIAN_POINT ( 'NONE',  ( 1.149907668011070472, 0.01574803149606299191, -0.6269579293438025669 ) ) ;
#6310 = DIRECTION ( 'NONE',  ( 1.000000000000000000, 0.000000000000000000, 0.000000000000000000 ) ) ;
#6311 = AXIS2_PLACEMENT_3D ( 'NONE', #4671, #2233, #4182 ) ;
#6312 = ORIENTED_EDGE ( 'NONE', *, *, #726, .F. ) ;
#6313 = CARTESIAN_POINT ( 'NONE',  ( 1.524806440304905530, 6.402768735150616918E-18, -0.7020214843750001155 ) ) ;
#6314 = VECTOR ( 'NONE', #4361, 39.37007874015748143 ) ;
#6315 = EDGE_CURVE ( 'NONE', #3420, #2774, #6033, .T. ) ;
#6316 = DIRECTION ( 'NONE',  ( -1.000000000000000000, 0.000000000000000000, 0.000000000000000000 ) ) ;
#6317 = B_SPLINE_CURVE_WITH_KNOTS ( 'NONE', 3,
 ( #3139, #5114, #4898, #68, #3924, #1628, #1537, #5429, #1653, #3568, #3205 ),
 .UNSPECIFIED., .F., .F.,
 ( 4, 1, 1, 1, 1, 1, 1, 1, 4 ),
 ( 0.000000000000000000, 0.1223731541130507472, 0.2362811909163045343, 0.3470119684561828177, 0.4604108216925586472, 0.5797917582613334453, 0.7068249063641643959, 0.8448649611941178028, 0.9999999999999998890 ),
 .UNSPECIFIED. ) ;
#6318 = CARTESIAN_POINT ( 'NONE',  ( 1.463077998984859907, 6.402768735150616918E-18, -0.7086071453434762413 ) ) ;
#6319 = CARTESIAN_POINT ( 'NONE',  ( 1.375929487179905486, 0.01574803149606299191, -0.5195996093750000488 ) ) ;
#6320 = B_SPLINE_CURVE_WITH_KNOTS ( 'NONE', 3,
 ( #3934, #5916, #2517, #1543, #1066, #2055, #614, #2547, #6095, #3097, #6155, #1219, #1688, #4110, #2166 ),
 .UNSPECIFIED., .F., .F.,
 ( 4, 1, 1, 1, 1, 1, 1, 1, 1, 1, 1, 1, 4 ),
 ( 0.000000000000000000, 0.08979271063556075461, 0.1753942178141339459, 0.2588056349961311287, 0.3398127966891519858, 0.4200621604101825168, 0.4991223246882413589, 0.5788384868517749693, 0.6591082875927603002, 0.7411182879485650465, 0.8251094400327129152, 0.9110392593857608023, 1.000000000000000000 ),
 .UNSPECIFIED. ) ;
#6321 = B_SPLINE_SURFACE_WITH_KNOTS ( 'NONE', 3, 1, ( 
 ( #436, #5248 ),
 ( #3342, #4334 ),
 ( #3816, #3272 ),
 ( #2367, #5799 ),
 ( #879, #1457 ),
 ( #1873, #4296 ),
 ( #4752, #1805 ),
 ( #6286, #3782 ),
 ( #1905, #4816 ),
 ( #2767, #1429 ),
 ( #337, #4194 ),
 ( #2830, #6328 ),
 ( #1943, #5314 ),
 ( #5351, #2273 ),
 ( #6182, #5694 ) ),
 .UNSPECIFIED., .F., .F., .F.,
 ( 4, 1, 1, 1, 1, 1, 1, 1, 1, 1, 1, 1, 4 ),
 ( 2, 2 ),
 ( 0.000000000000000000, 0.1075212931455933191, 0.2018531455207841496, 0.2834991629665748469, 0.3522698592065470757, 0.4159778075812734510, 0.4825984022751547697, 0.5530617777884793140, 0.6284494531993556343, 0.7089724738938529836, 0.7972121718589568751, 0.8941376139955272695, 1.000000000000000000 ),
 ( 0.000000000000000000, 1.000000000000000000 ),
 .UNSPECIFIED. ) ;
#6322 = CARTESIAN_POINT ( 'NONE',  ( 1.051008731520458150, 8.537024980200822558E-18, -0.6578450886893919547 ) ) ;
#6323 = VERTEX_POINT ( 'NONE', #4571 ) ;
#6324 = EDGE_CURVE ( 'NONE', #1468, #4457, #2162, .T. ) ;
#6325 = CARTESIAN_POINT ( 'NONE',  ( 1.769923627804905752, 0.01574803149606299191, -0.5331249999999999600 ) ) ;
#6326 = DIRECTION ( 'NONE',  ( -1.000000000000000000, 0.000000000000000000, -0.000000000000000000 ) ) ;
#6327 = ORIENTED_EDGE ( 'NONE', *, *, #3381, .T. ) ;
#6328 = CARTESIAN_POINT ( 'NONE',  ( 1.756973919283858043, 4.268512490100411279E-18, -0.6946510964328902471 ) ) ;
#6329 = CARTESIAN_POINT ( 'NONE',  ( 0.9543037309410364877, 0.000000000000000000, -0.7141564496431698217 ) ) ;
#6330 = CARTESIAN_POINT ( 'NONE',  ( 1.564206941234194126, 0.000000000000000000, -0.5020369708627390182 ) ) ;
ENDSEC;
END-ISO-10303-21;
