ISO-10303-21;
HEADER;
FILE_DESCRIPTION (( 'STEP AP214' ),
    '1' );
FILE_NAME ('Eggfinder LCD Case V2 Program Door Text Inlay.STEP',
    '2026-05-24T17:32:45',
    ( '' ),
    ( '' ),
    'SwSTEP 2.0',
    'SolidWorks 2024',
    '' );
FILE_SCHEMA (( 'AUTOMOTIVE_DESIGN' ));
ENDSEC;

DATA;
#1 = ORIENTED_EDGE ( 'NONE', *, *, #269, .T. ) ;
#2 = CARTESIAN_POINT ( 'NONE',  ( 1.379845879715390522, 0.000000000000000000, -0.5020266861008524373 ) ) ;
#3 = CARTESIAN_POINT ( 'NONE',  ( 1.751759565304905619, 0.01574803149606299191, -0.6237500000000000266 ) ) ;
#4 = CARTESIAN_POINT ( 'NONE',  ( 0.9540544871799059301, -0.1645399120536400472, -0.7072949218750000933 ) ) ;
#5 = EDGE_LOOP ( 'NONE', ( #4500, #1186, #146, #2269 ) ) ;
#6 = CARTESIAN_POINT ( 'NONE',  ( 1.771241987179906108, 2.134256245050205639E-18, -0.6956250000000001599 ) ) ;
#7 = B_SPLINE_CURVE_WITH_KNOTS ( 'NONE', 3,
 ( #1431, #1063, #554, #638, #1032, #149, #2696, #2748, #610, #2776, #5385, #3115 ),
 .UNSPECIFIED., .F., .F.,
 ( 4, 2, 2, 2, 2, 4 ),
 ( 0.000000000000000000, 0.0003382897226661547006, 0.0006765794453323094012, 0.001014869167998464156, 0.001184014029331541479, 0.001353158890664618802 ),
 .UNSPECIFIED. ) ;
#8 = EDGE_CURVE ( 'NONE', #3648, #2189, #692, .T. ) ;
#9 = EDGE_CURVE ( 'NONE', #2688, #4296, #3700, .T. ) ;
#10 = EDGE_CURVE ( 'NONE', #5005, #5149, #2444, .T. ) ;
#11 = CARTESIAN_POINT ( 'NONE',  ( 0.7626869087248968615, 0.000000000000000000, -0.5132015219545007501 ) ) ;
#12 = B_SPLINE_CURVE_WITH_KNOTS ( 'NONE', 3,
 ( #2719, #640, #4925, #1860, #1459, #1432, #3143, #4459, #1067, #200, #1034, #613, #2329, #1915, #2779 ),
 .UNSPECIFIED., .F., .F.,
 ( 4, 1, 1, 1, 1, 1, 1, 1, 1, 1, 1, 1, 4 ),
 ( 0.000000000000000000, 0.08223556937268283740, 0.1574587393675498381, 0.2267099154140113093, 0.2934685449687387537, 0.3605489407850276384, 0.4297567173018174147, 0.5041431185533553627, 0.5847333489686842301, 0.6736372761341757887, 0.7717162902856756768, 0.8803753371336248135, 1.000000000000000000 ),
 .UNSPECIFIED. ) ;
#13 = VERTEX_POINT ( 'NONE', #2011 ) ;
#14 = CARTESIAN_POINT ( 'NONE',  ( 1.985958081255676522, 0.000000000000000000, -0.7345421172199687598 ) ) ;
#15 = B_SPLINE_CURVE_WITH_KNOTS ( 'NONE', 3,
 ( #358, #3420, #4223, #3302, #807, #2888, #5572, #3800, #741, #1675, #2947 ),
 .UNSPECIFIED., .F., .F.,
 ( 4, 1, 1, 1, 1, 1, 1, 1, 4 ),
 ( 0.000000000000000000, 0.1232899105900047976, 0.2445989755350567174, 0.3693748217677472745, 0.4972936742108767794, 0.6256943598673445628, 0.7500965678079896115, 0.8741929308902359752, 1.000000000000000000 ),
 .UNSPECIFIED. ) ;
#16 = CARTESIAN_POINT ( 'NONE',  ( 1.124403443486030385, 0.01574803149606299191, -0.6319324330598170558 ) ) ;
#17 = DIRECTION ( 'NONE',  ( 1.000000000000000000, 0.000000000000000000, 0.000000000000000000 ) ) ;
#18 = CARTESIAN_POINT ( 'NONE',  ( 1.114083081255677454, 0.000000000000000000, -0.7345421172199687598 ) ) ;
#19 = CARTESIAN_POINT ( 'NONE',  ( 1.758396792154359289, 0.01574803149606299191, -0.5810554274509128758 ) ) ;
#20 = CARTESIAN_POINT ( 'NONE',  ( 0.7374512755248778806, 0.01574803149606298497, -0.4907127604429908918 ) ) ;
#21 = CARTESIAN_POINT ( 'NONE',  ( 1.975964827661120804, 0.01574803149606298844, -0.7327082117502717873 ) ) ;
#22 = CARTESIAN_POINT ( 'NONE',  ( 1.785719756999780028, 0.01574803149606298844, -0.6944622703488225746 ) ) ;
#23 = CARTESIAN_POINT ( 'NONE',  ( 1.750779356921252639, 0.01574803149606299538, -0.6932570329004636989 ) ) ;
#24 = FACE_OUTER_BOUND ( 'NONE', #3012, .T. ) ;
#25 = CARTESIAN_POINT ( 'NONE',  ( 1.010008287102960089, 0.01574803149606299885, -0.5138148400996230825 ) ) ;
#26 = CARTESIAN_POINT ( 'NONE',  ( 1.680909955929905664, 0.01574803149606299191, -0.5122265624999999822 ) ) ;
#27 = ORIENTED_EDGE ( 'NONE', *, *, #4444, .F. ) ;
#28 = CARTESIAN_POINT ( 'NONE',  ( 1.998454248247542031, 0.01574803149606299191, -0.6888589245931215910 ) ) ;
#29 = CARTESIAN_POINT ( 'NONE',  ( 1.957212064746079117, 0.000000000000000000, -0.7256772953896105660 ) ) ;
#30 = CARTESIAN_POINT ( 'NONE',  ( 0.8478044871799053084, -0.3448278556033430586, -0.5198437500000000488 ) ) ;
#31 = EDGE_LOOP ( 'NONE', ( #374, #5318, #4770, #1049 ) ) ;
#32 = CARTESIAN_POINT ( 'NONE',  ( 0.7443814856445081229, 0.01574803149606299538, -0.7269642110811058711 ) ) ;
#33 = FACE_OUTER_BOUND ( 'NONE', #997, .T. ) ;
#34 = VECTOR ( 'NONE', #4973, 39.37007874015748143 ) ;
#35 = VERTEX_POINT ( 'NONE', #2429 ) ;
#36 = ADVANCED_FACE ( 'NONE', ( #3734 ), #5028, .F. ) ;
#37 = VERTEX_POINT ( 'NONE', #5086 ) ;
#38 = CARTESIAN_POINT ( 'NONE',  ( 1.613429487179905530, 0.01574803149606299191, -0.5195996093750000488 ) ) ;
#39 = PRESENTATION_LAYER_ASSIGNMENT (  '', '', ( #298 ) ) ;
#40 = ORIENTED_EDGE ( 'NONE', *, *, #4573, .F. ) ;
#41 = ORIENTED_EDGE ( 'NONE', *, *, #2248, .F. ) ;
#42 = CARTESIAN_POINT ( 'NONE',  ( 1.378345129665667690, -2.134256245050205639E-18, -0.7205800435056687325 ) ) ;
#43 = EDGE_CURVE ( 'NONE', #547, #3921, #2547, .T. ) ;
#44 = CARTESIAN_POINT ( 'NONE',  ( 1.698284657121876373, 0.01574803149606298497, -0.7222812022551090561 ) ) ;
#45 = PRESENTATION_LAYER_ASSIGNMENT (  '', '', ( #2457 ) ) ;
#46 = CARTESIAN_POINT ( 'NONE',  ( 1.241554487179905797, 0.000000000000000000, -0.7037304687500000044 ) ) ;
#47 = CARTESIAN_POINT ( 'NONE',  ( 1.429054487179905575, 0.000000000000000000, -0.5196484375000000044 ) ) ;
#48 = EDGE_CURVE ( 'NONE', #1110, #1242, #297, .T. ) ;
#49 = CARTESIAN_POINT ( 'NONE',  ( 1.107179487179905886, 0.01574803149606299191, -0.6598339843749999600 ) ) ;
#50 = CARTESIAN_POINT ( 'NONE',  ( 2.022310854072205011, 2.134256245050205639E-18, -0.6924205760502365470 ) ) ;
#51 = VERTEX_POINT ( 'NONE', #5459 ) ;
#52 = CARTESIAN_POINT ( 'NONE',  ( 1.067656165635440191, 0.01574803149606299538, -0.7112607086607196649 ) ) ;
#53 = B_SPLINE_SURFACE_WITH_KNOTS ( 'NONE', 3, 1, ( 
 ( #4448, #1847 ),
 ( #544, #1874 ),
 ( #3156, #5232 ),
 ( #1816, #897 ),
 ( #2684, #1347 ),
 ( #970, #2606 ),
 ( #2290, #4858 ),
 ( #3060, #4775 ),
 ( #994, #4343 ),
 ( #4420, #3108 ),
 ( #3943, #2708 ) ),
 .UNSPECIFIED., .F., .F., .F.,
 ( 4, 1, 1, 1, 1, 1, 1, 1, 4 ),
 ( 2, 2 ),
 ( 0.000000000000000000, 0.1249108283483912479, 0.2412637508857340130, 0.3578520569941244789, 0.4774295477735239768, 0.5999512735949174003, 0.7235590086772570872, 0.8556308261798988291, 1.000000000000000000 ),
 ( 0.000000000000000000, 1.000000000000000000 ),
 .UNSPECIFIED. ) ;
#54 = CARTESIAN_POINT ( 'NONE',  ( 0.9817290272152714437, 2.134256245050205639E-18, -0.7392844530789838275 ) ) ;
#55 = CARTESIAN_POINT ( 'NONE',  ( 1.375929487179905486, 0.01574803149606299191, -0.5195996093750000488 ) ) ;
#56 = CARTESIAN_POINT ( 'NONE',  ( 0.8778089169542155901, 0.01574803149606299191, -0.4894581133519340654 ) ) ;
#57 = CARTESIAN_POINT ( 'NONE',  ( 1.666396295937958794, 0.01574803149606299191, -0.5218875421156071726 ) ) ;
#58 = CARTESIAN_POINT ( 'NONE',  ( 0.9540544871799059301, 0.000000000000000000, -0.5216015625000000044 ) ) ;
#59 = LINE ( 'NONE', #3080, #5158 ) ;
#60 = ADVANCED_FACE ( 'NONE', ( #4579 ), #406, .F. ) ;
#61 = ORIENTED_EDGE ( 'NONE', *, *, #4457, .F. ) ;
#62 = CARTESIAN_POINT ( 'NONE',  ( 1.691511672946364175, 0.01574803149606299191, -0.6236780154014233135 ) ) ;
#63 = CARTESIAN_POINT ( 'NONE',  ( 2.088444944118354130, 0.01574803149606299885, -0.7358773376099456698 ) ) ;
#64 = CARTESIAN_POINT ( 'NONE',  ( 1.239522415065154259, 1.067128122525102820E-17, -0.7185264885591116091 ) ) ;
#65 = ORIENTED_EDGE ( 'NONE', *, *, #3870, .T. ) ;
#66 = ORIENTED_EDGE ( 'NONE', *, *, #5440, .T. ) ;
#67 = CARTESIAN_POINT ( 'NONE',  ( 1.206860025286267346, 0.01574803149606299191, -0.4901319351979162020 ) ) ;
#68 = CARTESIAN_POINT ( 'NONE',  ( 0.7024987142455111355, 2.134256245050205639E-18, -0.4977812166467366906 ) ) ;
#69 = CARTESIAN_POINT ( 'NONE',  ( 1.761370970773960432, 0.01574803149606299191, -0.7392643669764037417 ) ) ;
#70 = CARTESIAN_POINT ( 'NONE',  ( 1.972365034054905486, 0.000000000000000000, -0.7317089843750000933 ) ) ;
#71 = CARTESIAN_POINT ( 'NONE',  ( 1.157911909054905708, 0.000000000000000000, -0.6925000000000000044 ) ) ;
#72 = DIRECTION ( 'NONE',  ( 0.000000000000000000, 0.000000000000000000, 1.000000000000000000 ) ) ;
#73 = B_SPLINE_CURVE_WITH_KNOTS ( 'NONE', 3,
 ( #2578, #5120, #2124, #1208, #3303, #4645, #775, #2496, #4224, #359, #2075 ),
 .UNSPECIFIED., .F., .F.,
 ( 4, 1, 1, 1, 1, 1, 1, 1, 4 ),
 ( 0.000000000000000000, 0.1578428353174667897, 0.2988651118194809442, 0.4256063816622773777, 0.5454550476073432019, 0.6584628360853416185, 0.7692520896568657562, 0.8804925052990102419, 1.000000000000000000 ),
 .UNSPECIFIED. ) ;
#74 = CARTESIAN_POINT ( 'NONE',  ( 1.815029803629884420, 8.537024980200822558E-18, -0.6803083471560583684 ) ) ;
#75 = B_SPLINE_CURVE_WITH_KNOTS ( 'NONE', 3,
 ( #1882, #4811, #4455, #2296, #4426, #552, #2274, #1428, #4006, #1378, #2572 ),
 .UNSPECIFIED., .F., .F.,
 ( 4, 1, 1, 1, 1, 1, 1, 1, 4 ),
 ( 0.000000000000000000, 0.1402943894369881039, 0.2690238711738882071, 0.3898006988269702155, 0.5083482253201352385, 0.6259820118935296440, 0.7431690458776171182, 0.8666051232822503669, 1.000000000000000000 ),
 .UNSPECIFIED. ) ;
#76 = CARTESIAN_POINT ( 'NONE',  ( 1.922890707292850943, 0.01574803149606299191, -0.6647579067389627339 ) ) ;
#77 = CARTESIAN_POINT ( 'NONE',  ( 1.923038031618342192, 0.01574803149606298844, -0.6519758408726168408 ) ) ;
#78 = CARTESIAN_POINT ( 'NONE',  ( 1.979140499518346363, 0.01574803149606299191, -0.6621100154890268152 ) ) ;
#79 = CARTESIAN_POINT ( 'NONE',  ( 1.458036284001869909, -2.134256245050205639E-18, -0.7235988223764778793 ) ) ;
#80 = CARTESIAN_POINT ( 'NONE',  ( 1.676658021327765979, -2.134256245050205639E-18, -0.5145513045461380663 ) ) ;
#81 = ORIENTED_EDGE ( 'NONE', *, *, #123, .T. ) ;
#82 = CARTESIAN_POINT ( 'NONE',  ( 1.988666322972035161, 0.01574803149606299191, -0.6837113544980910618 ) ) ;
#83 = VECTOR ( 'NONE', #561, 39.37007874015748143 ) ;
#84 = EDGE_LOOP ( 'NONE', ( #3675, #1908, #3373, #2821 ) ) ;
#85 = CARTESIAN_POINT ( 'NONE',  ( 1.404298627804905442, 0.01574803149606299538, -0.4893750000000000044 ) ) ;
#86 = FACE_OUTER_BOUND ( 'NONE', #3590, .T. ) ;
#87 = CARTESIAN_POINT ( 'NONE',  ( 0.8992573659304564648, 0.01574803149606299191, -0.7178793909353894387 ) ) ;
#88 = CARTESIAN_POINT ( 'NONE',  ( 1.972365034054905486, 0.000000000000000000, -0.7317089843750000933 ) ) ;
#89 = ORIENTED_EDGE ( 'NONE', *, *, #1284, .F. ) ;
#90 = EDGE_LOOP ( 'NONE', ( #2657, #4798, #5130, #1524 ) ) ;
#91 = ORIENTED_EDGE ( 'NONE', *, *, #4812, .T. ) ;
#92 = ORIENTED_EDGE ( 'NONE', *, *, #3875, .T. ) ;
#93 = CARTESIAN_POINT ( 'NONE',  ( 0.7024987142455111355, 0.01574803149606298844, -0.4977812166467366906 ) ) ;
#94 = CARTESIAN_POINT ( 'NONE',  ( 1.107958779388623416, 0.01574803149606299191, -0.6682891302034226211 ) ) ;
#95 = CARTESIAN_POINT ( 'NONE',  ( 0.9798447217241778029, 0.01574803149606298844, -0.4895438758407429924 ) ) ;
#96 = LINE ( 'NONE', #1800, #4526 ) ;
#97 = CARTESIAN_POINT ( 'NONE',  ( 1.838379791394499918, 8.537024980200822558E-18, -0.6187231248477531587 ) ) ;
#98 = CARTESIAN_POINT ( 'NONE',  ( 1.990610854456254408, 2.134256245050205639E-18, -0.6853627314024504091 ) ) ;
#99 = CARTESIAN_POINT ( 'NONE',  ( 1.922804487179905264, 0.01574803149606299191, -0.6608593750000000266 ) ) ;
#100 = CARTESIAN_POINT ( 'NONE',  ( 1.922883731520457662, 6.402768735150616918E-18, -0.6578450886893918437 ) ) ;
#101 = CARTESIAN_POINT ( 'NONE',  ( 1.145802534054905841, 6.402768735150616918E-18, -0.5831250000000000044 ) ) ;
#102 = CARTESIAN_POINT ( 'NONE',  ( 1.457960737179905486, 1.707404996040164512E-17, -0.5314648437500000266 ) ) ;
#103 = LINE ( 'NONE', #4823, #4266 ) ;
#104 = CARTESIAN_POINT ( 'NONE',  ( 1.657201181744086149, 0.01574803149606299191, -0.5428967921756030490 ) ) ;
#105 = CARTESIAN_POINT ( 'NONE',  ( 1.820855657916423453, 0.01574803149606299191, -0.4977059771700541035 ) ) ;
#106 = EDGE_CURVE ( 'NONE', #2361, #4296, #2943, .T. ) ;
#107 = VERTEX_POINT ( 'NONE', #355 ) ;
#108 = CARTESIAN_POINT ( 'NONE',  ( 1.376515128654870690, 2.134256245050205639E-18, -0.7142347700367687180 ) ) ;
#109 = LINE ( 'NONE', #2730, #4354 ) ;
#110 = EDGE_CURVE ( 'NONE', #2392, #1758, #4797, .T. ) ;
#111 = CARTESIAN_POINT ( 'NONE',  ( 1.429054487179905575, 0.01574803149606299191, -0.5196484375000000044 ) ) ;
#112 = CARTESIAN_POINT ( 'NONE',  ( 1.664668896976415846, 0.000000000000000000, -0.6792280049237870987 ) ) ;
#113 = CARTESIAN_POINT ( 'NONE',  ( 1.703399162339077844, 0.000000000000000000, -0.7251547768737167665 ) ) ;
#114 = ORIENTED_EDGE ( 'NONE', *, *, #520, .F. ) ;
#115 = EDGE_CURVE ( 'NONE', #142, #171, #2914, .T. ) ;
#116 = ORIENTED_EDGE ( 'NONE', *, *, #5256, .T. ) ;
#117 = VECTOR ( 'NONE', #1301, 39.37007874015748143 ) ;
#118 = FILL_AREA_STYLE_COLOUR ( '', #2134 ) ;
#119 = EDGE_LOOP ( 'NONE', ( #3961, #2758, #3153, #1307 ) ) ;
#120 = CARTESIAN_POINT ( 'NONE',  ( 1.952926659418518840, 2.134256245050205639E-18, -0.5984973928187045100 ) ) ;
#121 = CARTESIAN_POINT ( 'NONE',  ( 0.8494475127983880380, 0.000000000000000000, -0.5074720540016978143 ) ) ;
#122 = FACE_BOUND ( 'NONE', #1955, .T. ) ;
#123 = EDGE_CURVE ( 'NONE', #2392, #365, #5512, .T. ) ;
#124 = DIRECTION ( 'NONE',  ( 0.000000000000000000, 1.000000000000000000, 0.000000000000000000 ) ) ;
#125 = AXIS2_PLACEMENT_3D ( 'NONE', #3023, #3905, #3099 ) ;
#126 = CARTESIAN_POINT ( 'NONE',  ( 1.059711248763720137, 0.01574803149606299191, -0.6213686133062399364 ) ) ;
#127 = CARTESIAN_POINT ( 'NONE',  ( 1.125190884624478249, 0.01574803149606298844, -0.7356584067465468113 ) ) ;
#128 = CARTESIAN_POINT ( 'NONE',  ( 1.137121359965232115, 2.134256245050205639E-18, -0.6912050257421651356 ) ) ;
#129 = CARTESIAN_POINT ( 'NONE',  ( 1.923014037647912566, 0.01574803149606299191, -0.6686497368472525960 ) ) ;
#130 = CARTESIAN_POINT ( 'NONE',  ( 1.375929487179905486, 0.01574803149606299191, -0.7068066406249999822 ) ) ;
#131 = VECTOR ( 'NONE', #261, 39.37007874015748143 ) ;
#132 = CARTESIAN_POINT ( 'NONE',  ( 1.745460737179905575, 0.000000000000000000, -0.5799999999999999600 ) ) ;
#133 = CARTESIAN_POINT ( 'NONE',  ( 1.241483348082478066, 0.01574803149606299191, -0.5189743242880153762 ) ) ;
#134 = CARTESIAN_POINT ( 'NONE',  ( 1.810088710735638928, 0.01574803149606299191, -0.5446912955164561199 ) ) ;
#135 = CARTESIAN_POINT ( 'NONE',  ( 1.664616126642058047, 0.01574803149606299538, -0.6711680335060969949 ) ) ;
#136 = VERTEX_POINT ( 'NONE', #2521 ) ;
#137 = CARTESIAN_POINT ( 'NONE',  ( 1.696437299679905752, 0.01574803149606299191, -0.6237500000000000266 ) ) ;
#138 = CARTESIAN_POINT ( 'NONE',  ( 0.7156804668265217551, 0.01574803149606299885, -0.4905250800119418386 ) ) ;
#139 = CARTESIAN_POINT ( 'NONE',  ( 2.097264061325595286, 0.01574803149606299885, -0.7336969019097844269 ) ) ;
#140 = CARTESIAN_POINT ( 'NONE',  ( 1.241525148475799423, 0.01574803149606299538, -0.7051150258839001816 ) ) ;
#141 = CARTESIAN_POINT ( 'NONE',  ( 1.533394957509973899, 0.01574803149606298844, -0.7262016775290135451 ) ) ;
#142 = VERTEX_POINT ( 'NONE', #1796 ) ;
#143 = VERTEX_POINT ( 'NONE', #1030 ) ;
#144 = LINE ( 'NONE', #3593, #1730 ) ;
#145 =( NAMED_UNIT ( * ) SI_UNIT ( $, .STERADIAN. ) SOLID_ANGLE_UNIT ( ) );
#146 = ORIENTED_EDGE ( 'NONE', *, *, #3455, .F. ) ;
#147 = FACE_OUTER_BOUND ( 'NONE', #2503, .T. ) ;
#148 = LINE ( 'NONE', #4866, #2363 ) ;
#149 = CARTESIAN_POINT ( 'NONE',  ( 0.8492985931866205984, 0.01574803149606299191, -0.7330150501935274177 ) ) ;
#150 = CARTESIAN_POINT ( 'NONE',  ( 1.712615238068587731, 2.134256245050205639E-18, -0.6583572771525912914 ) ) ;
#151 = CARTESIAN_POINT ( 'NONE',  ( 1.560662033921746739, 0.01574803149606300232, -0.7361977361134682818 ) ) ;
#152 = CARTESIAN_POINT ( 'NONE',  ( 1.392167759854682441, 0.01574803149606299538, -0.4911824671211253435 ) ) ;
#153 = CARTESIAN_POINT ( 'NONE',  ( 1.968640819098437023, 0.01574803149606298844, -0.7304873526597882583 ) ) ;
#154 = FACE_OUTER_BOUND ( 'NONE', #2125, .T. ) ;
#155 = CARTESIAN_POINT ( 'NONE',  ( 0.9008519069861026241, 0.000000000000000000, -0.5175423311753131195 ) ) ;
#156 = CARTESIAN_POINT ( 'NONE',  ( 1.889985985152423664, 6.402768735150616918E-18, -0.5745310507535678068 ) ) ;
#157 = DIRECTION ( 'NONE',  ( -1.000000000000000000, 0.000000000000000000, 0.000000000000000000 ) ) ;
#158 = CARTESIAN_POINT ( 'NONE',  ( 1.928086293975099341, 0.000000000000000000, -0.6920564396778251526 ) ) ;
#159 = B_SPLINE_CURVE_WITH_KNOTS ( 'NONE', 3,
 ( #3845, #3964, #4342, #1346, #138, #2605, #4831, #1845, #1815, #969, #3460, #2707, #3918, #5284, #5177, #3039 ),
 .UNSPECIFIED., .F., .F.,
 ( 4, 2, 2, 2, 2, 2, 2, 4 ),
 ( 0.000000000000000000, 0.0001676702385298459933, 0.0003353404770596919867, 0.0005030107155895379529, 0.0006706809541193839734, 0.001006021431179068967, 0.001173691669708914120, 0.001341361908238759273 ),
 .UNSPECIFIED. ) ;
#160 = CARTESIAN_POINT ( 'NONE',  ( 1.838429487179905841, 0.01574803149606299191, -0.6155957031250000044 ) ) ;
#161 = EDGE_LOOP ( 'NONE', ( #1342, #5316, #2479, #3780 ) ) ;
#162 = VERTEX_POINT ( 'NONE', #3975 ) ;
#163 = CARTESIAN_POINT ( 'NONE',  ( 1.833988177525957219, 0.000000000000000000, -0.5797518390386818821 ) ) ;
#164 = CARTESIAN_POINT ( 'NONE',  ( 1.984944324784761127, 0.01574803149606298844, -0.6797726487482019797 ) ) ;
#165 = CARTESIAN_POINT ( 'NONE',  ( 1.664491007856813143, 0.01574803149606299538, -0.6761815302582975251 ) ) ;
#166 = CARTESIAN_POINT ( 'NONE',  ( 1.833799276862752903, 0.01574803149606298497, -0.6495095838227770146 ) ) ;
#167 = VERTEX_POINT ( 'NONE', #3491 ) ;
#168 = VECTOR ( 'NONE', #2168, 39.37007874015748143 ) ;
#169 = FACE_OUTER_BOUND ( 'NONE', #1871, .T. ) ;
#170 = CARTESIAN_POINT ( 'NONE',  ( 1.592242304802980124, 0.01574803149606298844, -0.4895697453204176375 ) ) ;
#171 = VERTEX_POINT ( 'NONE', #3568 ) ;
#172 = CARTESIAN_POINT ( 'NONE',  ( 1.050929487179905752, 0.01574803149606299885, -0.6608593750000000266 ) ) ;
#173 = CARTESIAN_POINT ( 'NONE',  ( 0.7266619090549053528, 2.134256245050205639E-18, -0.4893750000000000044 ) ) ;
#174 = CARTESIAN_POINT ( 'NONE',  ( 1.107179487179905886, 0.000000000000000000, -0.6598339843749999600 ) ) ;
#175 = ADVANCED_FACE ( 'NONE', ( #4034 ), #3878, .F. ) ;
#176 = CARTESIAN_POINT ( 'NONE',  ( 1.699237136485957089, 0.01574803149606298844, -0.6503816025927658950 ) ) ;
#177 = CARTESIAN_POINT ( 'NONE',  ( 1.808186265675640669, 2.134256245050205639E-18, -0.7347176547495120058 ) ) ;
#178 = CARTESIAN_POINT ( 'NONE',  ( 0.9003140876050503838, 2.134256245050205639E-18, -0.7124100590933337696 ) ) ;
#179 = CARTESIAN_POINT ( 'NONE',  ( 2.029786909054905220, 0.01574803149606299191, -0.6268749999999999600 ) ) ;
#180 = CARTESIAN_POINT ( 'NONE',  ( 1.467706553724523966, 0.01574803149606299538, -0.5032050347491267006 ) ) ;
#181 = CARTESIAN_POINT ( 'NONE',  ( 1.506842923979168303, 0.01574803149606300232, -0.4908429016548815360 ) ) ;
#182 = CARTESIAN_POINT ( 'NONE',  ( 1.894585122914099085, 0.01574803149606299191, -0.6097147406940437442 ) ) ;
#183 = CARTESIAN_POINT ( 'NONE',  ( 1.664406049679905797, 0.01574803149606299191, -0.6747265625000000711 ) ) ;
#184 = CARTESIAN_POINT ( 'NONE',  ( 1.459586459303022332, 2.134256245050205639E-18, -0.5254169721375746560 ) ) ;
#185 = VERTEX_POINT ( 'NONE', #3517 ) ;
#186 = ORIENTED_EDGE ( 'NONE', *, *, #3502, .F. ) ;
#187 = VERTEX_POINT ( 'NONE', #925 ) ;
#188 = CARTESIAN_POINT ( 'NONE',  ( 0.6988641811770868184, 0.000000000000000000, -0.5027176849446669538 ) ) ;
#189 = FACE_OUTER_BOUND ( 'NONE', #1019, .T. ) ;
#190 = CARTESIAN_POINT ( 'NONE',  ( 1.838429487179905841, 0.01574803149606299191, -0.6155957031250000044 ) ) ;
#191 = EDGE_LOOP ( 'NONE', ( #2555, #911, #2235, #1393 ) ) ;
#192 = DIRECTION ( 'NONE',  ( 0.000000000000000000, 1.000000000000000000, 0.000000000000000000 ) ) ;
#193 = ORIENTED_EDGE ( 'NONE', *, *, #825, .T. ) ;
#194 = EDGE_CURVE ( 'NONE', #143, #1154, #148, .T. ) ;
#195 = CARTESIAN_POINT ( 'NONE',  ( 1.004259500165513908, 0.01574803149606299191, -0.4993493390962117084 ) ) ;
#196 = CARTESIAN_POINT ( 'NONE',  ( 2.016798627804905486, 0.000000000000000000, -0.7362499999999999600 ) ) ;
#197 = EDGE_CURVE ( 'NONE', #5356, #1737, #4842, .T. ) ;
#198 = CARTESIAN_POINT ( 'NONE',  ( 1.124403443486030385, 0.000000000000000000, -0.6319324330598170558 ) ) ;
#199 = CARTESIAN_POINT ( 'NONE',  ( 1.145802534054905841, 0.01574803149606299191, -0.5831250000000000044 ) ) ;
#200 = CARTESIAN_POINT ( 'NONE',  ( 2.001571731730191317, -2.134256245050205639E-18, -0.6300410242652461079 ) ) ;
#201 = CARTESIAN_POINT ( 'NONE',  ( 0.6946794871799053528, 0.01574803149606299191, -0.5235546875000000044 ) ) ;
#202 = STYLED_ITEM ( 'NONE', ( #4857 ), #2150 ) ;
#203 = CARTESIAN_POINT ( 'NONE',  ( 0.9945664885472488281, -2.134256245050205639E-18, -0.4912168270001306958 ) ) ;
#204 = B_SPLINE_CURVE_WITH_KNOTS ( 'NONE', 3,
 ( #4527, #902, #3951, #1476, #4402, #5242, #1328, #3902, #2613, #2242, #1355, #4080 ),
 .UNSPECIFIED., .F., .F.,
 ( 4, 2, 2, 2, 2, 4 ),
 ( 0.000000000000000000, 0.0003137652582211378064, 0.0006275305164422756128, 0.0009412957746634134735, 0.001098178403773982350, 0.001255061032884551226 ),
 .UNSPECIFIED. ) ;
#205 = CARTESIAN_POINT ( 'NONE',  ( 2.006458499330998624, 0.01574803149606298844, -0.5832520543012011949 ) ) ;
#206 = CARTESIAN_POINT ( 'NONE',  ( 1.463816727537642803, 0.01574803149606299538, -0.5107745593281035612 ) ) ;
#207 =( GEOMETRIC_REPRESENTATION_CONTEXT ( 3 ) GLOBAL_UNCERTAINTY_ASSIGNED_CONTEXT ( ( #4147 ) ) GLOBAL_UNIT_ASSIGNED_CONTEXT ( ( #1762, #2653, #2209 ) ) REPRESENTATION_CONTEXT ( 'NONE', 'WORKASPACE' ) );
#208 = CARTESIAN_POINT ( 'NONE',  ( 1.445966208725136370, 0.01574803149606300232, -0.7342329928643693826 ) ) ;
#209 = CARTESIAN_POINT ( 'NONE',  ( 1.894400054854275872, 0.01574803149606299191, -0.6005749975862315626 ) ) ;
#210 = FACE_OUTER_BOUND ( 'NONE', #5557, .T. ) ;
#211 = CARTESIAN_POINT ( 'NONE',  ( 1.922804487179905264, 0.000000000000000000, -0.6608593750000000266 ) ) ;
#212 = CARTESIAN_POINT ( 'NONE',  ( 1.458525488838899875, 2.134256245050205639E-18, -0.5293639032030675873 ) ) ;
#213 = VECTOR ( 'NONE', #3388, 39.37007874015748143 ) ;
#214 = FILL_AREA_STYLE ('',( #1141 ) ) ;
#215 = EDGE_LOOP ( 'NONE', ( #4234, #3857, #2129, #3312 ) ) ;
#216 = CARTESIAN_POINT ( 'NONE',  ( 0.8575400768300716070, 0.01574803149606298844, -0.4950499300543212411 ) ) ;
#217 = CARTESIAN_POINT ( 'NONE',  ( 1.230989168791269073, 1.067128122525102820E-17, -0.7305022709825920169 ) ) ;
#218 = EDGE_CURVE ( 'NONE', #4369, #1162, #4401, .T. ) ;
#219 = LINE ( 'NONE', #5184, #5246 ) ;
#220 = DIMENSIONAL_EXPONENTS ( 1.000000000000000000, 0.000000000000000000, 0.000000000000000000, 0.000000000000000000, 0.000000000000000000, 0.000000000000000000, 0.000000000000000000 ) ;
#221 = DIRECTION ( 'NONE',  ( 0.000000000000000000, 1.000000000000000000, 0.000000000000000000 ) ) ;
#222 = CARTESIAN_POINT ( 'NONE',  ( 1.564206941234194126, 0.01574803149606299538, -0.5020369708627390182 ) ) ;
#223 = ORIENTED_EDGE ( 'NONE', *, *, #1677, .T. ) ;
#224 = CARTESIAN_POINT ( 'NONE',  ( 1.680909955929905664, 2.134256245050205639E-18, -0.5122265624999999822 ) ) ;
#225 = PRODUCT_DEFINITION_SHAPE ( 'NONE', 'NONE',  #4553 ) ;
#226 = CARTESIAN_POINT ( 'NONE',  ( 1.676278791428718939, 0.01574803149606299191, -0.6215183839780858976 ) ) ;
#227 = CARTESIAN_POINT ( 'NONE',  ( 1.003085492958266656, 0.000000000000000000, -0.4976146864655981439 ) ) ;
#228 = CARTESIAN_POINT ( 'NONE',  ( 1.089101540272410018, 0.01574803149606299538, -0.5937573424245501386 ) ) ;
#229 = CARTESIAN_POINT ( 'NONE',  ( 1.207521284054905886, 0.000000000000000000, -0.7362499999999999600 ) ) ;
#230 = ORIENTED_EDGE ( 'NONE', *, *, #4138, .F. ) ;
#231 = CARTESIAN_POINT ( 'NONE',  ( 0.9839861278049059079, -0.3448278556033430586, -0.4893750000000001155 ) ) ;
#232 = CARTESIAN_POINT ( 'NONE',  ( 0.7058091336034709729, 4.268512490100411279E-18, -0.7349402306124369622 ) ) ;
#233 = LINE ( 'NONE', #1606, #3242 ) ;
#234 = EDGE_CURVE ( 'NONE', #1162, #654, #2716, .T. ) ;
#235 = CARTESIAN_POINT ( 'NONE',  ( 1.772472901439485993, 0.01574803149606299191, -0.5881128944498612565 ) ) ;
#236 = CARTESIAN_POINT ( 'NONE',  ( 1.663883044790278154, 2.134256245050205639E-18, -0.5243648215944163304 ) ) ;
#237 = CARTESIAN_POINT ( 'NONE',  ( 1.530605170206580601, 0.000000000000000000, -0.5301263936895446172 ) ) ;
#238 = ORIENTED_EDGE ( 'NONE', *, *, #2426, .T. ) ;
#239 = ADVANCED_FACE ( 'NONE', ( #4007 ), #2241, .F. ) ;
#240 = VERTEX_POINT ( 'NONE', #951 ) ;
#241 = FACE_OUTER_BOUND ( 'NONE', #1366, .T. ) ;
#242 = CARTESIAN_POINT ( 'NONE',  ( 1.599321718607590759, 2.134256245050205639E-18, -0.7330338142798326073 ) ) ;
#243 = CARTESIAN_POINT ( 'NONE',  ( 2.113400148475798712, 0.01574803149606299191, -0.7051150258839001816 ) ) ;
#244 = CARTESIAN_POINT ( 'NONE',  ( 1.010304487179905841, -0.3448278556033430586, -0.7072949218750000933 ) ) ;
#245 = CARTESIAN_POINT ( 'NONE',  ( 0.8480777341973135819, 2.134256245050205639E-18, -0.5134606427243957327 ) ) ;
#246 = CARTESIAN_POINT ( 'NONE',  ( 1.560515363671391986, 0.01574803149606299538, -0.5132625730204321002 ) ) ;
#247 = CARTESIAN_POINT ( 'NONE',  ( 2.084594781241063899, 0.000000000000000000, -0.4894709107017726213 ) ) ;
#248 = CARTESIAN_POINT ( 'NONE',  ( 1.560376766784887570, 0.000000000000000000, -0.5174596313471864217 ) ) ;
#249 = AXIS2_PLACEMENT_3D ( 'NONE', #617, #4041, #2419 ) ;
#250 = CARTESIAN_POINT ( 'NONE',  ( 1.742179938598469757, 0.01574803149606299885, -0.6900667059751889321 ) ) ;
#251 = ORIENTED_EDGE ( 'NONE', *, *, #3021, .T. ) ;
#252 = CARTESIAN_POINT ( 'NONE',  ( 0.8916428058444704208, 0.01574803149606299538, -0.7307364130934975721 ) ) ;
#253 = CARTESIAN_POINT ( 'NONE',  ( 1.534776221753356040, 0.01574803149606299885, -0.7279670143539092031 ) ) ;
#254 = CARTESIAN_POINT ( 'NONE',  ( 1.731036065556244008, 0.01574803149606299885, -0.4930006620195335199 ) ) ;
#255 = CARTESIAN_POINT ( 'NONE',  ( 1.980300589604965467, 0.01574803149606299191, -0.6491831046553113715 ) ) ;
#256 = ORIENTED_EDGE ( 'NONE', *, *, #4346, .T. ) ;
#257 = CARTESIAN_POINT ( 'NONE',  ( 1.668017666987040792, 0.01574803149606299191, -0.6175696235272623014 ) ) ;
#258 = CARTESIAN_POINT ( 'NONE',  ( 1.777536860385634965, -2.134256245050205639E-18, -0.5333211429501247824 ) ) ;
#259 = EDGE_CURVE ( 'NONE', #3843, #3381, #4205, .T. ) ;
#260 = CARTESIAN_POINT ( 'NONE',  ( 2.079396284054905397, -0.1645399120536400472, -0.7362499999999999600 ) ) ;
#261 = DIRECTION ( 'NONE',  ( 0.000000000000000000, 1.000000000000000000, 0.000000000000000000 ) ) ;
#262 = ADVANCED_FACE ( 'NONE', ( #3113 ), #977, .T. ) ;
#263 = FACE_OUTER_BOUND ( 'NONE', #5227, .T. ) ;
#264 = CARTESIAN_POINT ( 'NONE',  ( 1.889985985152423664, 0.000000000000000000, -0.5745310507535678068 ) ) ;
#265 = ORIENTED_EDGE ( 'NONE', *, *, #1341, .F. ) ;
#266 = B_SPLINE_CURVE_WITH_KNOTS ( 'NONE', 3,
 ( #2280, #2389, #5325, #4010, #3200, #4481, #253, #1969, #4510, #4895, #2699, #4430, #151, #3573 ),
 .UNSPECIFIED., .F., .F.,
 ( 4, 2, 2, 2, 2, 2, 4 ),
 ( 0.000000000000000000, 0.0003871593526597220470, 0.0005807390289895781373, 0.0007743187053194342277, 0.0009678983816492903181, 0.001161478057979146300, 0.001548637410638878864 ),
 .UNSPECIFIED. ) ;
#267 = CARTESIAN_POINT ( 'NONE',  ( 0.9008891810162703573, 0.01574803149606299191, -0.7072611830166861679 ) ) ;
#268 = CARTESIAN_POINT ( 'NONE',  ( 0.7587084062087602332, -4.268512490100411279E-18, -0.5076686854596073051 ) ) ;
#269 = EDGE_CURVE ( 'NONE', #1660, #5145, #2775, .T. ) ;
#270 = CARTESIAN_POINT ( 'NONE',  ( 0.8608256601595906110, 0.01574803149606299885, -0.4927404121481324673 ) ) ;
#271 = LINE ( 'NONE', #3277, #1958 ) ;
#272 = EDGE_CURVE ( 'NONE', #162, #1681, #3003, .T. ) ;
#273 = CARTESIAN_POINT ( 'NONE',  ( 2.079396284054905397, 0.01574803149606299191, -0.7362499999999999600 ) ) ;
#274 = CARTESIAN_POINT ( 'NONE',  ( 1.606691871339055222, -2.134256245050205639E-18, -0.4969210215378405127 ) ) ;
#275 = CARTESIAN_POINT ( 'NONE',  ( 1.522726018945274262, 0.01574803149606299538, -0.5045931464528480292 ) ) ;
#276 = EDGE_CURVE ( 'NONE', #2567, #287, #839, .T. ) ;
#277 = DIRECTION ( 'NONE',  ( 0.000000000000000000, 0.000000000000000000, -1.000000000000000000 ) ) ;
#278 = CARTESIAN_POINT ( 'NONE',  ( 2.057179487179905397, 0.01574803149606299191, -0.5209667968750000266 ) ) ;
#279 = CARTESIAN_POINT ( 'NONE',  ( 1.657179487179905930, -2.134256245050205639E-18, -0.5913769531250000488 ) ) ;
#280 = ORIENTED_EDGE ( 'NONE', *, *, #750, .F. ) ;
#281 = ORIENTED_EDGE ( 'NONE', *, *, #368, .T. ) ;
#282 = CARTESIAN_POINT ( 'NONE',  ( 1.678201197137761280, 0.000000000000000000, -0.7052509260326546014 ) ) ;
#283 = CARTESIAN_POINT ( 'NONE',  ( 1.613081652228460561, 0.01574803149606298844, -0.7154611761875465659 ) ) ;
#284 = ADVANCED_FACE ( 'NONE', ( #4977 ), #1656, .F. ) ;
#285 = CARTESIAN_POINT ( 'NONE',  ( 1.404298627804905442, 2.134256245050205639E-18, -0.4893750000000000044 ) ) ;
#286 = CARTESIAN_POINT ( 'NONE',  ( 0.9557921979920567246, 0.01574803149606299538, -0.5083359794443373936 ) ) ;
#287 = VERTEX_POINT ( 'NONE', #1510 ) ;
#288 = CARTESIAN_POINT ( 'NONE',  ( 1.732325644947370291, 2.134256245050205639E-18, -0.6832802168751842542 ) ) ;
#289 = CARTESIAN_POINT ( 'NONE',  ( 1.563345906875897251, 6.402768735150616918E-18, -0.7362254443784330693 ) ) ;
#290 = VECTOR ( 'NONE', #1064, 39.37007874015748143 ) ;
#291 = CARTESIAN_POINT ( 'NONE',  ( 0.6985316199744912025, 4.268512490100411279E-18, -0.7266548157250078965 ) ) ;
#292 = CARTESIAN_POINT ( 'NONE',  ( 1.409419473140379742, -2.134256245050205639E-18, -0.7361919806855357074 ) ) ;
#293 = CARTESIAN_POINT ( 'NONE',  ( 1.894583119666773063, 0.000000000000000000, -0.6189702593203569858 ) ) ;
#294 = CARTESIAN_POINT ( 'NONE',  ( 0.8478044871799053084, -0.1645399120536400472, -0.5198437500000000488 ) ) ;
#295 = CARTESIAN_POINT ( 'NONE',  ( 1.463816727537642803, 2.134256245050205639E-18, -0.5107745593281035612 ) ) ;
#296 = CARTESIAN_POINT ( 'NONE',  ( 1.525471009848470061, 0.000000000000000000, -0.5099781126022837618 ) ) ;
#297 = LINE ( 'NONE', #5424, #4269 ) ;
#298 = STYLED_ITEM ( 'NONE', ( #4050 ), #2194 ) ;
#299 = CARTESIAN_POINT ( 'NONE',  ( 1.088120555432553038, 0.01574803149606299191, -0.5942874467830964180 ) ) ;
#300 = CARTESIAN_POINT ( 'NONE',  ( 0.8524313596599317755, 0.01574803149606298497, -0.5009467505087601413 ) ) ;
#301 = CARTESIAN_POINT ( 'NONE',  ( 1.233233418246066027, 0.01574803149606299538, -0.7286887187873851701 ) ) ;
#302 = CARTESIAN_POINT ( 'NONE',  ( 1.447660429977835950, 6.402768735150616918E-18, -0.7336199647703163240 ) ) ;
#303 = CLOSED_SHELL ( 'NONE', ( #3783, #5513, #3690, #4021, #779, #5328, #4284, #2713, #2401, #5431, #597, #803, #2018, #3928, #2160, #5096, #2582, #721, #284, #2357 ) ) ;
#304 = CARTESIAN_POINT ( 'NONE',  ( 2.110245542610794445, 0.01574803149606299191, -0.7215162773531212936 ) ) ;
#305 = FACE_OUTER_BOUND ( 'NONE', #1045, .T. ) ;
#306 = CARTESIAN_POINT ( 'NONE',  ( 1.769386518429905797, 0.01574803149606299191, -0.4893750000000000044 ) ) ;
#307 = VERTEX_POINT ( 'NONE', #4170 ) ;
#308 = MANIFOLD_SOLID_BREP ( 'Stock-Eggfinder LCD Case V2 Program Door-6', #1740 ) ;
#309 = EDGE_LOOP ( 'NONE', ( #3516, #3397, #5344, #815 ) ) ;
#310 = CARTESIAN_POINT ( 'NONE',  ( 0.8844343889242762824, 0.01574803149606298844, -0.7359242766690845539 ) ) ;
#311 = CARTESIAN_POINT ( 'NONE',  ( 1.934973356008049539, 2.134256245050205639E-18, -0.7053616767970830592 ) ) ;
#312 = CARTESIAN_POINT ( 'NONE',  ( 0.9946093181914842374, 4.268512490100411279E-18, -0.7375105510891896143 ) ) ;
#313 = CARTESIAN_POINT ( 'NONE',  ( 1.135689165549412794, 0.01574803149606299191, -0.6285930086686676299 ) ) ;
#314 = ORIENTED_EDGE ( 'NONE', *, *, #446, .T. ) ;
#315 = CARTESIAN_POINT ( 'NONE',  ( 1.783579714467295352, 0.01574803149606299191, -0.6947770203958978374 ) ) ;
#316 = CARTESIAN_POINT ( 'NONE',  ( 2.106366485694179946, 0.01574803149606299191, -0.4975879760096892923 ) ) ;
#317 = CARTESIAN_POINT ( 'NONE',  ( 2.113429487179905308, -0.3448278556033430586, -0.7037304687500000044 ) ) ;
#318 = CARTESIAN_POINT ( 'NONE',  ( 2.113429487179905308, 0.000000000000000000, -0.7037304687500000044 ) ) ;
#319 = LINE ( 'NONE', #1169, #4482 ) ;
#320 = CARTESIAN_POINT ( 'NONE',  ( 1.460725728040582316, 0.01574803149606299191, -0.5213623378382311602 ) ) ;
#321 = CARTESIAN_POINT ( 'NONE',  ( 1.527352189719010322, 0.000000000000000000, -0.5157819592465736624 ) ) ;
#322 = CARTESIAN_POINT ( 'NONE',  ( 1.753557752773087897, 2.134256245050205639E-18, -0.6236842304198113585 ) ) ;
#323 = CARTESIAN_POINT ( 'NONE',  ( 1.880336701916606401, 0.01574803149606299191, -0.6799077970769830115 ) ) ;
#324 = CARTESIAN_POINT ( 'NONE',  ( 1.769923627804905752, 0.01574803149606299191, -0.5331249999999999600 ) ) ;
#325 = CARTESIAN_POINT ( 'NONE',  ( 1.134583499330998446, 0.000000000000000000, -0.5832520543012010839 ) ) ;
#326 = CARTESIAN_POINT ( 'NONE',  ( 0.8325133568397476980, 0.01574803149606298497, -0.7102193113138469682 ) ) ;
#327 = CARTESIAN_POINT ( 'NONE',  ( 1.866858255149004275, 0.01574803149606298844, -0.5291155269074976353 ) ) ;
#328 = CARTESIAN_POINT ( 'NONE',  ( 1.565724409054905397, 0.000000000000000000, -0.7362499999999999600 ) ) ;
#329 = CARTESIAN_POINT ( 'NONE',  ( 2.111397415065153549, 0.01574803149606299191, -0.7185264885591116091 ) ) ;
#330 = CARTESIAN_POINT ( 'NONE',  ( 1.942015217379021497, 0.01574803149606299885, -0.6072912558274448092 ) ) ;
#331 = CARTESIAN_POINT ( 'NONE',  ( 1.238624608747603828, 0.01574803149606299885, -0.7215255738739466684 ) ) ;
#332 = DIRECTION ( 'NONE',  ( -1.000000000000000000, 0.000000000000000000, -0.000000000000000000 ) ) ;
#333 = B_SPLINE_CURVE_WITH_KNOTS ( 'NONE', 3,
 ( #5483, #5397, #2371, #770, #1523, #1138, #4963, #5026, #1109, #2820, #2399, #1610, #2009, #4126, #264, #3699, #5423, #2853, #2428 ),
 .UNSPECIFIED., .F., .F.,
 ( 4, 1, 1, 1, 1, 1, 1, 1, 1, 1, 1, 1, 1, 1, 1, 1, 4 ),
 ( 0.000000000000000000, 0.06939722258969714674, 0.1358146130938058249, 0.1999374310785876074, 0.2624119349190583983, 0.3231370129599319685, 0.3822617588893446605, 0.4403934758608926692, 0.4985087807155207940, 0.5566045901593710266, 0.6150207315980802392, 0.6743829798034521872, 0.7356213399213481496, 0.7984768865626264978, 0.8629404959799606978, 0.9301147940872457331, 1.000000000000000000 ),
 .UNSPECIFIED. ) ;
#334 = B_SPLINE_CURVE_WITH_KNOTS ( 'NONE', 3,
 ( #4958, #3578, #3666, #2334, #208, #1105, #4069, #4542, #1439, #1039, #5303, #3694, #2815, #4571 ),
 .UNSPECIFIED., .F., .F.,
 ( 4, 2, 2, 2, 2, 2, 4 ),
 ( 0.000000000000000000, 0.0003655126995070970145, 0.0005482690492606464433, 0.0007310253990141958721, 0.0009137817487677450841, 0.001096538098521294621, 0.001462050798028396515 ),
 .UNSPECIFIED. ) ;
#335 = ORIENTED_EDGE ( 'NONE', *, *, #4816, .F. ) ;
#336 = CARTESIAN_POINT ( 'NONE',  ( 0.7332345392384469474, 0.01574803149606298844, -0.4895870481753199499 ) ) ;
#337 = B_SPLINE_CURVE_WITH_KNOTS ( 'NONE', 3,
 ( #1945, #342, #2874, #1600, #3663, #5388, #254, #2901, #3260, #5536, #819, #371, #3379, #1663 ),
 .UNSPECIFIED., .F., .F.,
 ( 4, 2, 2, 2, 2, 2, 4 ),
 ( 0.000000000000000000, 0.0002938150084306510390, 0.0005876300168613020781, 0.001175260033722625623, 0.001762890050583948952, 0.002056705059014610724, 0.002350520067445272497 ),
 .UNSPECIFIED. ) ;
#338 = ORIENTED_EDGE ( 'NONE', *, *, #341, .T. ) ;
#339 = CARTESIAN_POINT ( 'NONE',  ( 1.055615942539575025, 0.01574803149606299191, -0.6913258774859359912 ) ) ;
#340 = CARTESIAN_POINT ( 'NONE',  ( 1.599321718607590759, 2.134256245050205639E-18, -0.7330338142798326073 ) ) ;
#341 = EDGE_CURVE ( 'NONE', #789, #4267, #441, .T. ) ;
#342 = CARTESIAN_POINT ( 'NONE',  ( 1.765527627475413475, 0.01574803149606299538, -0.4894304480200781238 ) ) ;
#343 = EDGE_CURVE ( 'NONE', #136, #869, #4388, .T. ) ;
#344 = VECTOR ( 'NONE', #820, 39.37007874015748143 ) ;
#345 = CARTESIAN_POINT ( 'NONE',  ( 1.149907668011070472, 0.01574803149606299191, -0.6269579293438025669 ) ) ;
#346 = ORIENTED_EDGE ( 'NONE', *, *, #5257, .T. ) ;
#347 = AXIS2_PLACEMENT_3D ( 'NONE', #4272, #1191, #857 ) ;
#348 = CARTESIAN_POINT ( 'NONE',  ( 1.750779356921252639, 2.134256245050205639E-18, -0.6932570329004636989 ) ) ;
#349 = CARTESIAN_POINT ( 'NONE',  ( 2.097721635246173832, 0.01574803149606299191, -0.4912065637766125370 ) ) ;
#350 = CARTESIAN_POINT ( 'NONE',  ( 1.831973276787609795, 0.01574803149606299191, -0.7261232052962024452 ) ) ;
#351 = CARTESIAN_POINT ( 'NONE',  ( 2.080797318698867748, 0.000000000000000000, -0.7362422922750070375 ) ) ;
#352 = CARTESIAN_POINT ( 'NONE',  ( 1.732325644947370291, 0.01574803149606299538, -0.6832802168751842542 ) ) ;
#353 = CARTESIAN_POINT ( 'NONE',  ( 1.528618984234911160, 0.01574803149606299885, -0.5208600826160169062 ) ) ;
#354 = B_SPLINE_SURFACE_WITH_KNOTS ( 'NONE', 3, 1, ( 
 ( #1890, #983 ),
 ( #4871, #2721 ),
 ( #2302, #1488 ),
 ( #4066, #203 ),
 ( #3637, #1917 ),
 ( #5360, #1769 ),
 ( #5376, #5269 ),
 ( #1503, #4377 ),
 ( #2768, #2793 ),
 ( #3518, #2346 ),
 ( #3216, #4350 ) ),
 .UNSPECIFIED., .F., .F., .F.,
 ( 4, 1, 1, 1, 1, 1, 1, 1, 4 ),
 ( 2, 2 ),
 ( 0.000000000000000000, 0.1182764693417158869, 0.2293361993440335977, 0.3395720181782663771, 0.4538680160291304055, 0.5741236693671500912, 0.7016203289588394121, 0.8424135457246765268, 1.000000000000000000 ),
 ( 0.000000000000000000, 1.000000000000000000 ),
 .UNSPECIFIED. ) ;
#355 = CARTESIAN_POINT ( 'NONE',  ( 0.7478044871799054416, 0.01574803149606299191, -0.7087109375000000266 ) ) ;
#356 = CARTESIAN_POINT ( 'NONE',  ( 1.074656226345996446, 0.01574803149606299191, -0.6032118762582028282 ) ) ;
#357 = CARTESIAN_POINT ( 'NONE',  ( 1.777536860385634965, 0.000000000000000000, -0.5333211429501247824 ) ) ;
#358 = CARTESIAN_POINT ( 'NONE',  ( 0.8981951121799053306, 2.134256245050205639E-18, -0.7209667968749999822 ) ) ;
#359 = CARTESIAN_POINT ( 'NONE',  ( 0.9858525161510304224, -2.134256245050205639E-18, -0.7392728819672014229 ) ) ;
#360 = CARTESIAN_POINT ( 'NONE',  ( 1.894679487179905752, 0.01574803149606299191, -0.6143750000000000044 ) ) ;
#361 = DIRECTION ( 'NONE',  ( -1.000000000000000000, 0.000000000000000000, 0.000000000000000000 ) ) ;
#362 = CARTESIAN_POINT ( 'NONE',  ( 1.010241499067669357, 0.000000000000000000, -0.5191350500798622702 ) ) ;
#363 = CARTESIAN_POINT ( 'NONE',  ( 1.804500012064770953, -2.134256245050205639E-18, -0.6878813029802639534 ) ) ;
#364 = CARTESIAN_POINT ( 'NONE',  ( 1.981037933886112601, 0.01574803149606299191, -0.7337673975142066096 ) ) ;
#365 = VERTEX_POINT ( 'NONE', #3424 ) ;
#366 = CARTESIAN_POINT ( 'NONE',  ( 0.7266619090549053528, 0.01574803149606298844, -0.4893750000000000044 ) ) ;
#367 = VERTEX_POINT ( 'NONE', #4339 ) ;
#368 = EDGE_CURVE ( 'NONE', #693, #4289, #59, .T. ) ;
#369 = PLANE ( 'NONE',  #3534 ) ;
#370 = CARTESIAN_POINT ( 'NONE',  ( 1.606360117753615979, 0.01574803149606299191, -0.7286332484206907711 ) ) ;
#371 = CARTESIAN_POINT ( 'NONE',  ( 1.687730472320890573, 0.01574803149606299191, -0.5086384151336812431 ) ) ;
#372 = B_SPLINE_CURVE_WITH_KNOTS ( 'NONE', 3,
 ( #3010, #1761, #1320, #3038, #875, #443, #2158, #32, #4391, #516, #1738, #4341 ),
 .UNSPECIFIED., .F., .F.,
 ( 4, 2, 2, 2, 2, 4 ),
 ( 0.000000000000000000, 0.0001394265085853635508, 0.0002788530171707271016, 0.0005577060343414589737, 0.0008365590515121909543, 0.001115412068682922718 ),
 .UNSPECIFIED. ) ;
#373 = CARTESIAN_POINT ( 'NONE',  ( 1.489674841191251264, 1.707404996040164512E-17, -0.4896093089674877219 ) ) ;
#374 = ORIENTED_EDGE ( 'NONE', *, *, #3019, .F. ) ;
#375 = CARTESIAN_POINT ( 'NONE',  ( 1.718108001943642105, 2.134256245050205639E-18, -0.6659397922214859156 ) ) ;
#376 = MANIFOLD_SOLID_BREP ( 'Stock-Eggfinder LCD Case V2 Program Door-5', #3254 ) ;
#377 = CARTESIAN_POINT ( 'NONE',  ( 1.774776285444839452, 0.01574803149606299191, -0.5914623805091675512 ) ) ;
#378 = CARTESIAN_POINT ( 'NONE',  ( 2.113429487179905308, 2.134256245050205639E-18, -0.5214062499999999600 ) ) ;
#379 = CARTESIAN_POINT ( 'NONE',  ( 1.781260387671455003, 0.01574803149606299191, -0.7390843603633459047 ) ) ;
#380 = CARTESIAN_POINT ( 'NONE',  ( 2.100316344785508438, 0.000000000000000000, -0.7320200826854215137 ) ) ;
#381 = CARTESIAN_POINT ( 'NONE',  ( 1.560702538629377578, 0.01574803149606299191, -0.5118118472262679353 ) ) ;
#382 = CARTESIAN_POINT ( 'NONE',  ( 1.429054487179905575, 0.01574803149606299538, -0.5196484375000000044 ) ) ;
#383 = DIRECTION ( 'NONE',  ( -0.5126370364104440025, 0.000000000000000000, 0.8586054209590787689 ) ) ;
#384 = VECTOR ( 'NONE', #1960, 39.37007874015748143 ) ;
#385 = CARTESIAN_POINT ( 'NONE',  ( 1.776564252804905708, -0.3448278556033430586, -0.6016308593750000488 ) ) ;
#386 = CARTESIAN_POINT ( 'NONE',  ( 1.214894330929905841, -2.134256245050205639E-18, -0.4893750000000000044 ) ) ;
#387 = DIRECTION ( 'NONE',  ( 0.000000000000000000, 0.000000000000000000, 1.000000000000000000 ) ) ;
#388 = CARTESIAN_POINT ( 'NONE',  ( 1.775820830270489870, 0.01574803149606299191, -0.6078792456800863331 ) ) ;
#389 = VECTOR ( 'NONE', #2974, 39.37007874015748143 ) ;
#390 = CARTESIAN_POINT ( 'NONE',  ( 0.7477206009100992867, 0.01574803149606298844, -0.7110595137107713626 ) ) ;
#391 = CARTESIAN_POINT ( 'NONE',  ( 1.946251596472782230, 0.01574803149606299885, -0.6033404745706881789 ) ) ;
#392 = CARTESIAN_POINT ( 'NONE',  ( 1.010304487179905841, 0.01574803149606299191, -0.7072949218750000933 ) ) ;
#393 = EDGE_LOOP ( 'NONE', ( #5505, #975, #2795, #2586 ) ) ;
#394 = ORIENTED_EDGE ( 'NONE', *, *, #3595, .F. ) ;
#395 = CARTESIAN_POINT ( 'NONE',  ( 0.7652613171323492391, 0.000000000000000000, -0.5170053078946710290 ) ) ;
#396 = ORIENTED_EDGE ( 'NONE', *, *, #1792, .T. ) ;
#397 = DIRECTION ( 'NONE',  ( -0.000000000000000000, 1.000000000000000000, -0.000000000000000000 ) ) ;
#398 = CARTESIAN_POINT ( 'NONE',  ( 0.9774285247949268118, 0.000000000000000000, -0.4896414070140062136 ) ) ;
#399 = CARTESIAN_POINT ( 'NONE',  ( 1.185304487179905886, 0.01574803149606299191, -0.6925000000000000044 ) ) ;
#400 = ORIENTED_EDGE ( 'NONE', *, *, #3808, .F. ) ;
#401 = CARTESIAN_POINT ( 'NONE',  ( 2.086769330929905131, 0.01574803149606299191, -0.4893750000000000044 ) ) ;
#402 = CARTESIAN_POINT ( 'NONE',  ( 2.001866460597538921, 0.01574803149606299191, -0.7360407839715595868 ) ) ;
#403 = CARTESIAN_POINT ( 'NONE',  ( 1.107265499518347074, 0.01574803149606299191, -0.6621100154890268152 ) ) ;
#404 = CARTESIAN_POINT ( 'NONE',  ( 1.722040335830644420, 0.01574803149606299538, -0.6714435597812290490 ) ) ;
#405 = CARTESIAN_POINT ( 'NONE',  ( 1.428973828345612374, 6.402768735150616918E-18, -0.5173155831521890624 ) ) ;
#406 = PLANE ( 'NONE',  #3448 ) ;
#407 = CARTESIAN_POINT ( 'NONE',  ( 1.056748798460251715, 6.402768735150616918E-18, -0.6279117520509200912 ) ) ;
#408 = CARTESIAN_POINT ( 'NONE',  ( 1.464261349065736573, -2.134256245050205639E-18, -0.7043165516219213051 ) ) ;
#409 = ADVANCED_FACE ( 'NONE', ( #5173 ), #3721, .F. ) ;
#410 = CARTESIAN_POINT ( 'NONE',  ( 1.123855721102109406, 0.000000000000000000, -0.5842720217304789854 ) ) ;
#411 = ORIENTED_EDGE ( 'NONE', *, *, #5271, .F. ) ;
#412 = CARTESIAN_POINT ( 'NONE',  ( 1.826654389537800460, 0.01574803149606298497, -0.4999159018415674227 ) ) ;
#413 = CARTESIAN_POINT ( 'NONE',  ( 1.383044063519956790, 0.000000000000000000, -0.4975010437442897171 ) ) ;
#414 = CARTESIAN_POINT ( 'NONE',  ( 1.659183128681827490, 0.01574803149606298497, -0.5320310294690786534 ) ) ;
#415 = EDGE_CURVE ( 'NONE', #3135, #1426, #1521, .T. ) ;
#416 = CARTESIAN_POINT ( 'NONE',  ( 1.567419642280679648, 0.000000000000000000, -0.4974999878971747003 ) ) ;
#417 = VERTEX_POINT ( 'NONE', #3642 ) ;
#418 = CARTESIAN_POINT ( 'NONE',  ( 1.971793986156103795, 0.01574803149606299191, -0.5894049294391913163 ) ) ;
#419 = CARTESIAN_POINT ( 'NONE',  ( 1.241554487179905797, -2.134256245050205639E-18, -0.5214062499999999600 ) ) ;
#420 = CARTESIAN_POINT ( 'NONE',  ( 0.8549813327993925904, 0.01574803149606298497, -0.7363010216256794527 ) ) ;
#421 = CARTESIAN_POINT ( 'NONE',  ( 0.7652613171323492391, 0.01574803149606298844, -0.5170053078946710290 ) ) ;
#422 = ORIENTED_EDGE ( 'NONE', *, *, #4444, .T. ) ;
#423 = ORIENTED_EDGE ( 'NONE', *, *, #1918, .F. ) ;
#424 = B_SPLINE_CURVE_WITH_KNOTS ( 'NONE', 3,
 ( #5035, #1714, #1182, #4619, #2562, #2112, #3776, #2923, #3429, #5494, #419 ),
 .UNSPECIFIED., .F., .F.,
 ( 4, 1, 1, 1, 1, 1, 1, 1, 4 ),
 ( 0.000000000000000000, 0.1229088741204422824, 0.2364516494111417177, 0.3479825443924760009, 0.4617666234886315113, 0.5802917925316444236, 0.7062604613274525711, 0.8451898420971099002, 1.000000000000000000 ),
 .UNSPECIFIED. ) ;
#425 = DIRECTION ( 'NONE',  ( 0.000000000000000000, 0.000000000000000000, 1.000000000000000000 ) ) ;
#426 = CARTESIAN_POINT ( 'NONE',  ( 1.422321296183318928, 0.000000000000000000, -0.4970202175162799496 ) ) ;
#427 = DIRECTION ( 'NONE',  ( 0.000000000000000000, 1.000000000000000000, 0.000000000000000000 ) ) ;
#428 = VECTOR ( 'NONE', #670, 39.37007874015748143 ) ;
#429 = CARTESIAN_POINT ( 'NONE',  ( 1.792390993416857814, 0.01574803149606298844, -0.6929414081459976948 ) ) ;
#430 = CARTESIAN_POINT ( 'NONE',  ( 1.580741091408690346, 0.01574803149606300232, -0.4898564358795322593 ) ) ;
#431 = CARTESIAN_POINT ( 'NONE',  ( 1.409415925713246587, 6.402768735150616918E-18, -0.4896533112033676916 ) ) ;
#432 = CARTESIAN_POINT ( 'NONE',  ( 1.710304487179905575, -0.3448278556033430586, -0.5799999999999999600 ) ) ;
#433 = VECTOR ( 'NONE', #1167, 39.37007874015748143 ) ;
#434 = CARTESIAN_POINT ( 'NONE',  ( 1.986394734441949250, 2.134256245050205639E-18, -0.6814065122916799222 ) ) ;
#435 = CARTESIAN_POINT ( 'NONE',  ( 1.979054487179905397, 0.01574803149606299191, -0.6598339843749999600 ) ) ;
#436 = EDGE_CURVE ( 'NONE', #4728, #2872, #1912, .T. ) ;
#437 = CARTESIAN_POINT ( 'NONE',  ( 0.8963952433606935388, 2.134256245050205639E-18, -0.7249349314784748755 ) ) ;
#438 = EDGE_CURVE ( 'NONE', #2504, #2567, #4293, .T. ) ;
#439 = EDGE_LOOP ( 'NONE', ( #230, #2867, #522, #1873 ) ) ;
#440 = CARTESIAN_POINT ( 'NONE',  ( 1.404457255419189421, 2.134256245050205639E-18, -0.7360809920015050078 ) ) ;
#441 = B_SPLINE_CURVE_WITH_KNOTS ( 'NONE', 3,
 ( #1679, #5200, #3504, #2179, #2, #413, #1734, #3939, #3532, #2650, #3454 ),
 .UNSPECIFIED., .F., .F.,
 ( 4, 1, 1, 1, 1, 1, 1, 1, 4 ),
 ( 0.000000000000000000, 0.1395642491078828151, 0.2676158841578833436, 0.3871625851447760835, 0.5033746567004202532, 0.6189297495907163382, 0.7365412102021500207, 0.8613167564720007885, 1.000000000000000000 ),
 .UNSPECIFIED. ) ;
#442 = ORIENTED_EDGE ( 'NONE', *, *, #5036, .F. ) ;
#443 = CARTESIAN_POINT ( 'NONE',  ( 0.7371888124787849828, 0.01574803149606299538, -0.7355280461006947768 ) ) ;
#444 = B_SPLINE_SURFACE_WITH_KNOTS ( 'NONE', 3, 1, ( 
 ( #3201, #1889 ),
 ( #4511, #4407 ),
 ( #4928, #1068 ),
 ( #1407, #641 ),
 ( #2364, #534 ),
 ( #3119, #2246 ),
 ( #1801, #4848 ),
 ( #152, #3227 ),
 ( #2063, #3785 ),
 ( #2030, #2809 ),
 ( #4538, #285 ) ),
 .UNSPECIFIED., .F., .F., .F.,
 ( 4, 1, 1, 1, 1, 1, 1, 1, 4 ),
 ( 2, 2 ),
 ( 0.000000000000000000, 0.1395642491078828151, 0.2676158841578833436, 0.3871625851447760835, 0.5033746567004202532, 0.6189297495907163382, 0.7365412102021500207, 0.8613167564720007885, 1.000000000000000000 ),
 ( 0.000000000000000000, 1.000000000000000000 ),
 .UNSPECIFIED. ) ;
#445 = CARTESIAN_POINT ( 'NONE',  ( 1.225389061325595774, 0.01574803149606298844, -0.7336969019097855371 ) ) ;
#446 = EDGE_CURVE ( 'NONE', #2109, #3538, #3731, .T. ) ;
#447 = CARTESIAN_POINT ( 'NONE',  ( 1.185304487179905886, -0.3448278556033430586, -0.6268749999999999600 ) ) ;
#448 = ORIENTED_EDGE ( 'NONE', *, *, #984, .T. ) ;
#449 = EDGE_CURVE ( 'NONE', #462, #3561, #2039, .T. ) ;
#450 = EDGE_LOOP ( 'NONE', ( #1416, #1353, #2059, #4757 ) ) ;
#451 = EDGE_LOOP ( 'NONE', ( #2413, #1744, #3426, #346 ) ) ;
#452 = CARTESIAN_POINT ( 'NONE',  ( 2.009328700493087982, 0.01574803149606300579, -0.7362525514253033254 ) ) ;
#453 = SHAPE_DEFINITION_REPRESENTATION ( #225, #2803 ) ;
#454 = ADVANCED_FACE ( 'NONE', ( #5050 ), #2490, .F. ) ;
#455 = DIRECTION ( 'NONE',  ( -0.000000000000000000, 0.000000000000000000, 1.000000000000000000 ) ) ;
#456 = CARTESIAN_POINT ( 'NONE',  ( 1.837336015419612334, 0.01574803149606298844, -0.6337440644695004899 ) ) ;
#457 = CARTESIAN_POINT ( 'NONE',  ( 2.027214892973301819, 2.134256245050205639E-18, -0.6924726754716854504 ) ) ;
#458 = CARTESIAN_POINT ( 'NONE',  ( 1.185304487179905886, 0.01574803149606299191, -0.6268749999999999600 ) ) ;
#459 = CARTESIAN_POINT ( 'NONE',  ( 1.987745893429905486, -0.3448278556033430586, -0.6829296875000001599 ) ) ;
#460 = CARTESIAN_POINT ( 'NONE',  ( 1.426857221554905575, -2.134256245050205639E-18, -0.7362499999999999600 ) ) ;
#461 = CARTESIAN_POINT ( 'NONE',  ( 1.241554487179905797, -2.134256245050205639E-18, -0.5214062499999999600 ) ) ;
#462 = VERTEX_POINT ( 'NONE', #4124 ) ;
#463 = CARTESIAN_POINT ( 'NONE',  ( 2.015297436579219337, 0.01574803149606299191, -0.6920102964326760864 ) ) ;
#464 = ORIENTED_EDGE ( 'NONE', *, *, #2782, .F. ) ;
#465 = CARTESIAN_POINT ( 'NONE',  ( 1.664234401564584243, 0.01574803149606299191, -0.6144152731303267334 ) ) ;
#466 = SURFACE_STYLE_USAGE ( .BOTH. , #1739 ) ;
#467 = CARTESIAN_POINT ( 'NONE',  ( 1.664406049679905797, 0.000000000000000000, -0.6747265625000000711 ) ) ;
#468 = CARTESIAN_POINT ( 'NONE',  ( 1.238370542610794933, 0.01574803149606299538, -0.7215162773531212936 ) ) ;
#469 = VECTOR ( 'NONE', #5342, 39.37007874015748143 ) ;
#470 = EDGE_LOOP ( 'NONE', ( #3718, #2084, #3876, #5309 ) ) ;
#471 = B_SPLINE_CURVE_WITH_KNOTS ( 'NONE', 3,
 ( #2201, #3935, #937, #2646, #510, #702, #3175, #5391, #2333, #1104, #1073, #4095, #2514, #2003, #5564, #5538, #2965, #1697, #4634 ),
 .UNSPECIFIED., .F., .F.,
 ( 4, 1, 1, 1, 1, 1, 1, 1, 1, 1, 1, 1, 1, 1, 1, 1, 4 ),
 ( 0.000000000000000000, 0.07632991237579972443, 0.1475902797655206378, 0.2141341229181883410, 0.2766335995961090588, 0.3354621556079133704, 0.3904701877972195367, 0.4445106943788564302, 0.4965622250395489434, 0.5495416088508521257, 0.6031030765590439380, 0.6597058747106790966, 0.7195927783563121904, 0.7833678860529335042, 0.8506459785148551278, 0.9227992763119478026, 1.000000000000000000 ),
 .UNSPECIFIED. ) ;
#472 = DIRECTION ( 'NONE',  ( -0.2268897289327035660, 0.000000000000000000, -0.9739204540951197364 ) ) ;
#473 = VECTOR ( 'NONE', #4905, 39.37007874015748143 ) ;
#474 = EDGE_LOOP ( 'NONE', ( #2239, #4048, #5215, #116 ) ) ;
#475 = CARTESIAN_POINT ( 'NONE',  ( 1.681135688033968068, 0.01574803149606299538, -0.7085701742763461652 ) ) ;
#476 = CARTESIAN_POINT ( 'NONE',  ( 2.016798627804905486, 0.000000000000000000, -0.7362499999999999600 ) ) ;
#477 = CARTESIAN_POINT ( 'NONE',  ( 1.214894330929905841, 0.01574803149606299191, -0.4893750000000000044 ) ) ;
#478 = CARTESIAN_POINT ( 'NONE',  ( 0.8478044871799053084, 0.000000000000000000, -0.5198437500000000488 ) ) ;
#479 = CARTESIAN_POINT ( 'NONE',  ( 1.101837058032423711, 0.000000000000000000, -0.7320828900431359809 ) ) ;
#480 = B_SPLINE_SURFACE_WITH_KNOTS ( 'NONE', 3, 1, ( 
 ( #4809, #4398 ),
 ( #2830, #4916 ),
 ( #246, #5468 ),
 ( #1507, #1088 ),
 ( #222, #4082 ),
 ( #1058, #5406 ),
 ( #3626, #660 ),
 ( #606, #3684 ),
 ( #1559, #633 ),
 ( #1529, #4111 ),
 ( #2866, #4557 ) ),
 .UNSPECIFIED., .F., .F., .F.,
 ( 4, 1, 1, 1, 1, 1, 1, 1, 4 ),
 ( 2, 2 ),
 ( 0.000000000000000000, 0.1398494190053519437, 0.2681627003714484592, 0.3889048537734010602, 0.5053543800120462448, 0.6211455851889932100, 0.7380783065581103530, 0.8631088051525332983, 1.000000000000000000 ),
 ( 0.000000000000000000, 1.000000000000000000 ),
 .UNSPECIFIED. ) ;
#481 = CARTESIAN_POINT ( 'NONE',  ( 1.496241987179905530, 0.01574803149606299538, -0.4893750000000000044 ) ) ;
#482 = CARTESIAN_POINT ( 'NONE',  ( 0.8797058154589310064, 0.01574803149606298844, -0.4895438448064056702 ) ) ;
#483 = CARTESIAN_POINT ( 'NONE',  ( 0.8972963424864434101, 0.01574803149606299191, -0.5017395451863837508 ) ) ;
#484 = VERTEX_POINT ( 'NONE', #1107 ) ;
#485 = B_SPLINE_CURVE_WITH_KNOTS ( 'NONE', 3,
 ( #1214, #2081, #2501, #3871, #4650, #782, #5095, #1302, #5524, #4230, #3371, #392 ),
 .UNSPECIFIED., .F., .F.,
 ( 4, 2, 2, 2, 2, 4 ),
 ( 0.000000000000000000, 0.0001464744609843999655, 0.0002929489219687999310, 0.0005858978439375955253, 0.0008788467659063912280, 0.001171795687875186714 ),
 .UNSPECIFIED. ) ;
#486 = ORIENTED_EDGE ( 'NONE', *, *, #3881, .T. ) ;
#487 = CARTESIAN_POINT ( 'NONE',  ( 2.057179487179905397, -0.3448278556033430586, -0.5831250000000000044 ) ) ;
#488 = PLANE ( 'NONE',  #3622 ) ;
#489 = CARTESIAN_POINT ( 'NONE',  ( 1.979833779388622705, 0.01574803149606298150, -0.6682891302034229541 ) ) ;
#490 = CARTESIAN_POINT ( 'NONE',  ( 1.664491007856813143, 0.000000000000000000, -0.6761815302582975251 ) ) ;
#491 = ORIENTED_EDGE ( 'NONE', *, *, #5164, .F. ) ;
#492 = ORIENTED_EDGE ( 'NONE', *, *, #3598, .F. ) ;
#493 = CARTESIAN_POINT ( 'NONE',  ( 1.767170879987526755, 0.000000000000000000, -0.5331658911032798320 ) ) ;
#494 = ORIENTED_EDGE ( 'NONE', *, *, #2599, .T. ) ;
#495 = CARTESIAN_POINT ( 'NONE',  ( 1.210840196930018209, 0.01574803149606299191, -0.4895547020821039430 ) ) ;
#496 = ORIENTED_EDGE ( 'NONE', *, *, #9, .F. ) ;
#497 = CARTESIAN_POINT ( 'NONE',  ( 0.7193935879870801964, 2.134256245050205639E-18, -0.4896277986352555733 ) ) ;
#498 = CARTESIAN_POINT ( 'NONE',  ( 1.664406049679905797, 0.01574803149606299191, -0.6747265625000000711 ) ) ;
#499 = CARTESIAN_POINT ( 'NONE',  ( 0.9588589448773248147, 0.01574803149606298497, -0.5014583337727829271 ) ) ;
#500 = CARTESIAN_POINT ( 'NONE',  ( 2.113429487179905308, 0.01574803149606299191, -0.7037304687500000044 ) ) ;
#501 = EDGE_CURVE ( 'NONE', #1399, #4862, #3759, .T. ) ;
#502 = CARTESIAN_POINT ( 'NONE',  ( 1.835792828667160537, 0.01574803149606298844, -0.6421749967205810927 ) ) ;
#503 = CARTESIAN_POINT ( 'NONE',  ( 1.994202413818217279, 2.134256245050205639E-18, -0.6872853059217896021 ) ) ;
#504 = VERTEX_POINT ( 'NONE', #4153 ) ;
#505 = CARTESIAN_POINT ( 'NONE',  ( 1.051111225091001966, 0.000000000000000000, -0.6690768429477933488 ) ) ;
#506 = CARTESIAN_POINT ( 'NONE',  ( 0.9839861278049059079, -2.134256245050205639E-18, -0.7393750000000001155 ) ) ;
#507 = CARTESIAN_POINT ( 'NONE',  ( 1.704782003139035274, 2.134256245050205639E-18, -0.6524058314271993231 ) ) ;
#508 = CARTESIAN_POINT ( 'NONE',  ( 1.385701727686349916, 0.01574803149606299191, -0.4947901564401930852 ) ) ;
#509 = EDGE_CURVE ( 'NONE', #973, #2790, #1716, .T. ) ;
#510 = CARTESIAN_POINT ( 'NONE',  ( 1.240462753909512106, 0.000000000000000000, -0.7152455378057739344 ) ) ;
#511 = CARTESIAN_POINT ( 'NONE',  ( 1.241554487179905797, 0.01574803149606299191, -0.5214062499999999600 ) ) ;
#512 = ORIENTED_EDGE ( 'NONE', *, *, #4512, .T. ) ;
#513 = CARTESIAN_POINT ( 'NONE',  ( 1.988666322972035161, 2.134256245050205639E-18, -0.6837113544980910618 ) ) ;
#514 = CARTESIAN_POINT ( 'NONE',  ( 1.972365034054905708, 0.01574803149606298844, -0.7317089843750002043 ) ) ;
#515 = VECTOR ( 'NONE', #3191, 39.37007874015748143 ) ;
#516 = CARTESIAN_POINT ( 'NONE',  ( 0.7474990705047777073, 0.01574803149606299191, -0.7162133242760825302 ) ) ;
#517 = CARTESIAN_POINT ( 'NONE',  ( 2.113036166277122430, 0.01574803149606299885, -0.7128370859888999433 ) ) ;
#518 = CARTESIAN_POINT ( 'NONE',  ( 1.241525148475799423, 1.067128122525102820E-17, -0.7051150258839001816 ) ) ;
#519 = VECTOR ( 'NONE', #732, 39.37007874015748143 ) ;
#520 = EDGE_CURVE ( 'NONE', #3843, #1991, #4575, .T. ) ;
#521 = EDGE_LOOP ( 'NONE', ( #1152, #3530, #3346, #2153 ) ) ;
#522 = ORIENTED_EDGE ( 'NONE', *, *, #4607, .T. ) ;
#523 = ORIENTED_EDGE ( 'NONE', *, *, #919, .F. ) ;
#524 = B_SPLINE_CURVE_WITH_KNOTS ( 'NONE', 3,
 ( #1013, #4959, #4046, #2756, #2726, #563, #3607, #2256, #1520, #990, #4488, #3989 ),
 .UNSPECIFIED., .F., .F.,
 ( 4, 2, 2, 2, 2, 4 ),
 ( 0.000000000000000000, 0.0004378205717426505170, 0.0008756411434853010340, 0.001313461715227951443, 0.001532372001099274695, 0.001751282286970598165 ),
 .UNSPECIFIED. ) ;
#525 = SURFACE_STYLE_USAGE ( .BOTH. , #2238 ) ;
#526 = ORIENTED_EDGE ( 'NONE', *, *, #3329, .F. ) ;
#527 = CARTESIAN_POINT ( 'NONE',  ( 1.940932398142129811, 2.134256245050205639E-18, -0.6085854038213164285 ) ) ;
#528 = CARTESIAN_POINT ( 'NONE',  ( 0.8478044871799053084, 0.000000000000000000, -0.5198437500000000488 ) ) ;
#529 = DIRECTION ( 'NONE',  ( 0.000000000000000000, 1.000000000000000000, 0.000000000000000000 ) ) ;
#530 = CARTESIAN_POINT ( 'NONE',  ( 1.107234395844689967, 0.000000000000000000, -0.6579403409033011130 ) ) ;
#531 = B_SPLINE_CURVE_WITH_KNOTS ( 'NONE', 3,
 ( #3234, #4489, #2338, #2852, #708, #5422, #4072, #3209, #2398, #1078, #2787 ),
 .UNSPECIFIED., .F., .F.,
 ( 4, 1, 1, 1, 1, 1, 1, 1, 4 ),
 ( 0.000000000000000000, 0.1229088741204394375, 0.2364516494111389144, 0.3479825443924757788, 0.4617666234886313448, 0.5802917925316443126, 0.7062604613274525711, 0.8451898420971099002, 1.000000000000000000 ),
 .UNSPECIFIED. ) ;
#532 = CARTESIAN_POINT ( 'NONE',  ( 1.216877904383269815, 0.01574803149606299191, -0.4894812087416449686 ) ) ;
#533 = CARTESIAN_POINT ( 'NONE',  ( 1.404298627804905442, 0.000000000000000000, -0.4893750000000000044 ) ) ;
#534 = CARTESIAN_POINT ( 'NONE',  ( 1.379845879715390522, 2.134256245050205639E-18, -0.5020266861008524373 ) ) ;
#535 = CARTESIAN_POINT ( 'NONE',  ( 1.050990762372156828, 0.01574803149606299538, -0.6636299963044934858 ) ) ;
#536 = CARTESIAN_POINT ( 'NONE',  ( 1.412013471554905530, 0.01574803149606299191, -0.7362499999999999600 ) ) ;
#537 = FACE_OUTER_BOUND ( 'NONE', #5532, .T. ) ;
#538 = CARTESIAN_POINT ( 'NONE',  ( 1.745460737179905575, -0.1645399120536400472, -0.5799999999999999600 ) ) ;
#539 = CARTESIAN_POINT ( 'NONE',  ( 0.8759294871799053750, 0.01574803149606299191, -0.4893750000000000044 ) ) ;
#540 = CARTESIAN_POINT ( 'NONE',  ( 1.838281702508807403, 0.01574803149606299191, -0.6058431670515889156 ) ) ;
#541 = CARTESIAN_POINT ( 'NONE',  ( 1.671174337948529542, 0.01574803149606299538, -0.6588225501628579561 ) ) ;
#542 = EDGE_LOOP ( 'NONE', ( #4762, #1896, #4264, #591 ) ) ;
#543 = FACE_OUTER_BOUND ( 'NONE', #1659, .T. ) ;
#544 = CARTESIAN_POINT ( 'NONE',  ( 1.776485828945926215, 0.01574803149606298844, -0.6031878490030767592 ) ) ;
#545 = CARTESIAN_POINT ( 'NONE',  ( 1.241554487179905797, 0.01574803149606299538, -0.7037304687500000044 ) ) ;
#546 = CARTESIAN_POINT ( 'NONE',  ( 1.525398575787976885, 6.402768735150616918E-18, -0.7042213982687018925 ) ) ;
#547 = VERTEX_POINT ( 'NONE', #4605 ) ;
#548 = VERTEX_POINT ( 'NONE', #733 ) ;
#549 = EDGE_CURVE ( 'NONE', #4734, #2504, #4184, .T. ) ;
#550 = VECTOR ( 'NONE', #221, 39.37007874015748143 ) ;
#551 = VERTEX_POINT ( 'NONE', #4332 ) ;
#552 = CARTESIAN_POINT ( 'NONE',  ( 2.064929235405824404, 0.000000000000000000, -0.4978859496103231752 ) ) ;
#553 = DIRECTION ( 'NONE',  ( 0.000000000000000000, 0.000000000000000000, 1.000000000000000000 ) ) ;
#554 = CARTESIAN_POINT ( 'NONE',  ( 0.8357616436661980952, 0.01574803149606298844, -0.7155438361961525828 ) ) ;
#555 = VECTOR ( 'NONE', #3674, 39.37007874015748143 ) ;
#556 = LINE ( 'NONE', #1888, #643 ) ;
#557 = CARTESIAN_POINT ( 'NONE',  ( 1.831973276787609795, 2.134256245050205639E-18, -0.7261232052962024452 ) ) ;
#558 = CARTESIAN_POINT ( 'NONE',  ( 1.944850550579607429, 0.01574803149606298150, -0.7173038002526254120 ) ) ;
#559 = CARTESIAN_POINT ( 'NONE',  ( 0.9713664042163668855, 2.134256245050205639E-18, -0.7374641792590741485 ) ) ;
#560 = CARTESIAN_POINT ( 'NONE',  ( 0.9009294871799053972, 0.01574803149606299191, -0.5198437500000000488 ) ) ;
#561 = DIRECTION ( 'NONE',  ( 0.000000000000000000, 0.000000000000000000, 1.000000000000000000 ) ) ;
#562 = CARTESIAN_POINT ( 'NONE',  ( 1.875431796667851980, 0.01574803149606299191, -0.5408623662470751770 ) ) ;
#563 = CARTESIAN_POINT ( 'NONE',  ( 1.118823255460063004, 0.01574803149606299191, -0.6345417014236025555 ) ) ;
#564 = CARTESIAN_POINT ( 'NONE',  ( 1.931163929458668882, 0.01574803149606298844, -0.6989466174180838376 ) ) ;
#565 = ORIENTED_EDGE ( 'NONE', *, *, #1273, .F. ) ;
#566 = CARTESIAN_POINT ( 'NONE',  ( 1.185304487179905886, 0.000000000000000000, -0.6925000000000000044 ) ) ;
#567 = EDGE_CURVE ( 'NONE', #4263, #3843, #3070, .T. ) ;
#568 = B_SPLINE_SURFACE_WITH_KNOTS ( 'NONE', 3, 1, ( 
 ( #5320, #4113 ),
 ( #2774, #3249 ),
 ( #4503, #4890 ),
 ( #1941, #4477 ),
 ( #636, #2355 ),
 ( #1121, #3656 ),
 ( #3285, #4674 ),
 ( #3366, #1234 ),
 ( #1618, #5059 ),
 ( #2919, #302 ),
 ( #2949, #2497 ),
 ( #809, #5032 ),
 ( #3339, #1179 ),
 ( #1209, #4225 ),
 ( #4290, #3278 ) ),
 .UNSPECIFIED., .F., .F., .F.,
 ( 4, 1, 1, 1, 1, 1, 1, 1, 1, 1, 1, 1, 4 ),
 ( 2, 2 ),
 ( 0.000000000000000000, 0.1222949938864778124, 0.2286286528862490897, 0.3182628567669206210, 0.3913788219531474932, 0.4539022426926815901, 0.5143803733557370528, 0.5744352707559096105, 0.6372430550670444838, 0.7073086258173409968, 0.7906023698698244617, 0.8879324945909642386, 1.000000000000000000 ),
 ( 0.000000000000000000, 1.000000000000000000 ),
 .UNSPECIFIED. ) ;
#569 = CARTESIAN_POINT ( 'NONE',  ( 0.8987298801659011627, 0.01574803149606299191, -0.7194241956669268356 ) ) ;
#570 = CARTESIAN_POINT ( 'NONE',  ( 1.588527143429905530, 0.01574803149606299538, -0.4893750000000000044 ) ) ;
#571 = FACE_OUTER_BOUND ( 'NONE', #5017, .T. ) ;
#572 = VERTEX_POINT ( 'NONE', #2144 ) ;
#573 = ADVANCED_FACE ( 'NONE', ( #2618 ), #3775, .F. ) ;
#574 = LINE ( 'NONE', #3161, #550 ) ;
#575 = SURFACE_STYLE_USAGE ( .BOTH. , #3064 ) ;
#576 = ORIENTED_EDGE ( 'NONE', *, *, #2376, .T. ) ;
#577 = CARTESIAN_POINT ( 'NONE',  ( 1.241554487179905797, 0.01574803149606299191, -0.5214062499999999600 ) ) ;
#578 = CARTESIAN_POINT ( 'NONE',  ( 0.8480777341973135819, 0.000000000000000000, -0.5134606427243957327 ) ) ;
#579 = CARTESIAN_POINT ( 'NONE',  ( 0.8702165965549053528, -0.3448278556033430586, -0.7393750000000000044 ) ) ;
#580 = CARTESIAN_POINT ( 'NONE',  ( 1.155159734310539976, 0.000000000000000000, -0.6269035143893506579 ) ) ;
#581 = CARTESIAN_POINT ( 'NONE',  ( 2.029786909054905220, 0.01574803149606299191, -0.6925000000000000044 ) ) ;
#582 = CARTESIAN_POINT ( 'NONE',  ( 1.157911909054905708, 2.134256245050205639E-18, -0.6925000000000000044 ) ) ;
#583 = DIRECTION ( 'NONE',  ( 0.000000000000000000, 1.000000000000000000, 0.000000000000000000 ) ) ;
#584 = CARTESIAN_POINT ( 'NONE',  ( 1.382840630068717713, 0.01574803149606299885, -0.7274107589755077763 ) ) ;
#585 = CARTESIAN_POINT ( 'NONE',  ( 1.465415459423557554, 1.707404996040164512E-17, -0.5068682642342801081 ) ) ;
#586 = B_SPLINE_CURVE_WITH_KNOTS ( 'NONE', 3,
 ( #5322, #21, #827, #4277, #2143, #402, #452, #5132 ),
 .UNSPECIFIED., .F., .F.,
 ( 4, 2, 2, 4 ),
 ( 0.000000000000000000, 0.0002842556461241716034, 0.0005685112922483432068, 0.001137022584496686414 ),
 .UNSPECIFIED. ) ;
#587 = CARTESIAN_POINT ( 'NONE',  ( 1.525341127158432730, 0.01574803149606298497, -0.5092414643454785672 ) ) ;
#588 = CARTESIAN_POINT ( 'NONE',  ( 1.832073469489249540, 0.01574803149606299191, -0.5024235809266067720 ) ) ;
#589 = CARTESIAN_POINT ( 'NONE',  ( 1.769802562314494399, 0.01574803149606299191, -0.5856463096167228155 ) ) ;
#590 = CARTESIAN_POINT ( 'NONE',  ( 1.676658021327765979, 2.134256245050205639E-18, -0.5145513045461380663 ) ) ;
#591 = ORIENTED_EDGE ( 'NONE', *, *, #4457, .T. ) ;
#592 = EDGE_LOOP ( 'NONE', ( #5099, #3111, #4083, #1178 ) ) ;
#593 = B_SPLINE_CURVE_WITH_KNOTS ( 'NONE', 3,
 ( #4142, #2417, #5011, #3348, #3317, #370, #2086, #1156, #4203, #283, #2450, #1128 ),
 .UNSPECIFIED., .F., .F.,
 ( 4, 2, 2, 2, 2, 4 ),
 ( 0.000000000000000000, 0.0003182790773283789227, 0.0006365581546567578453, 0.0007956976933209390125, 0.0009548372319851203965, 0.001273116309313466468 ),
 .UNSPECIFIED. ) ;
#594 = CARTESIAN_POINT ( 'NONE',  ( 0.9817290272152714437, 0.01574803149606299191, -0.7392844530789838275 ) ) ;
#595 = EDGE_CURVE ( 'NONE', #1398, #3612, #3415, .T. ) ;
#596 = ORIENTED_EDGE ( 'NONE', *, *, #1920, .T. ) ;
#597 = ADVANCED_FACE ( 'NONE', ( #1310 ), #2466, .F. ) ;
#598 = CARTESIAN_POINT ( 'NONE',  ( 1.664662274991622892, 0.01574803149606299191, -0.6701247915765811136 ) ) ;
#599 = CARTESIAN_POINT ( 'NONE',  ( 1.593652242189570911, 2.134256245050205639E-18, -0.7349146247617434069 ) ) ;
#600 = CARTESIAN_POINT ( 'NONE',  ( 0.7230486278049053084, 4.268512490100411279E-18, -0.7393750000000000044 ) ) ;
#601 = VERTEX_POINT ( 'NONE', #5165 ) ;
#602 = AXIS2_PLACEMENT_3D ( 'NONE', #2783, #3639, #4872 ) ;
#603 = CARTESIAN_POINT ( 'NONE',  ( 1.565724409054905397, 0.000000000000000000, -0.7362499999999999600 ) ) ;
#604 = CARTESIAN_POINT ( 'NONE',  ( 0.8591856055488283905, 0.01574803149606299191, -0.4938918121870692901 ) ) ;
#605 = PRODUCT_DEFINITION_FORMATION_WITH_SPECIFIED_SOURCE ( 'ANY', '', #1069, .NOT_KNOWN. ) ;
#606 = CARTESIAN_POINT ( 'NONE',  ( 1.576503429023484726, 0.01574803149606299538, -0.4911699182281333842 ) ) ;
#607 = ORIENTED_EDGE ( 'NONE', *, *, #2324, .T. ) ;
#608 = CARTESIAN_POINT ( 'NONE',  ( 1.776353707618672395, 2.134256245050205639E-18, -0.5962752996905649194 ) ) ;
#609 = CARTESIAN_POINT ( 'NONE',  ( 0.7127769309459734970, 2.134256245050205639E-18, -0.4912586770440596773 ) ) ;
#610 = CARTESIAN_POINT ( 'NONE',  ( 0.8613423819956399496, 0.01574803149606299538, -0.7385301333638765175 ) ) ;
#611 = ADVANCED_FACE ( 'NONE', ( #982 ), #5075, .F. ) ;
#612 = CARTESIAN_POINT ( 'NONE',  ( 1.704782003139035274, 0.01574803149606298844, -0.6524058314271993231 ) ) ;
#613 = CARTESIAN_POINT ( 'NONE',  ( 2.014297921151178894, -2.134256245050205639E-18, -0.6276072213740757633 ) ) ;
#614 = CARTESIAN_POINT ( 'NONE',  ( 1.894583119666773063, 2.134256245050205639E-18, -0.6189702593203569858 ) ) ;
#615 = CARTESIAN_POINT ( 'NONE',  ( 0.9009294871799053972, -0.3448278556033430586, -0.7016796874999999822 ) ) ;
#616 = B_SPLINE_SURFACE_WITH_KNOTS ( 'NONE', 3, 1, ( 
 ( #5540, #2880 ),
 ( #4638, #293 ),
 ( #797, #2093 ),
 ( #4152, #706 ),
 ( #4574, #4247 ),
 ( #1255, #4664 ),
 ( #767, #2489 ),
 ( #4214, #2424 ),
 ( #2006, #2069 ),
 ( #1668, #5023 ),
 ( #3357, #3384 ),
 ( #5110, #1977 ),
 ( #350, #4988 ),
 ( #2396, #4123 ),
 ( #5420, #4183 ),
 ( #2850, #1607 ),
 ( #379, #1545 ),
 ( #3791, #3730 ),
 ( #1638, #5455 ) ),
 .UNSPECIFIED., .F., .F., .F.,
 ( 4, 1, 1, 1, 1, 1, 1, 1, 1, 1, 1, 1, 1, 1, 1, 1, 4 ),
 ( 2, 2 ),
 ( 0.000000000000000000, 0.06807904218953644837, 0.1334568085468225696, 0.1970431859788141504, 0.2589951028646220732, 0.3192107792938391753, 0.3780683211263616839, 0.4358361098827949753, 0.4933934818721130711, 0.5511703361136249812, 0.6091929274594467536, 0.6688946999614665545, 0.7301869901136294194, 0.7935211943086338815, 0.8593314533622711249, 0.9278229601315397534, 1.000000000000000000 ),
 ( 0.000000000000000000, 1.000000000000000000 ),
 .UNSPECIFIED. ) ;
#617 = CARTESIAN_POINT ( 'NONE',  ( 0.7478044871799053306, -0.3448278556033430586, -0.5706250000000000488 ) ) ;
#618 = EDGE_CURVE ( 'NONE', #143, #2161, #2453, .T. ) ;
#619 = CARTESIAN_POINT ( 'NONE',  ( 0.9007052954871305195, 0.000000000000000000, -0.5131930965690219004 ) ) ;
#620 = PLANE ( 'NONE',  #5244 ) ;
#621 = CARTESIAN_POINT ( 'NONE',  ( 1.775231487049288237, 0.01574803149606299191, -0.5928138693150726279 ) ) ;
#622 = CARTESIAN_POINT ( 'NONE',  ( 1.922865762372156340, 0.01574803149606298844, -0.6636299963044934858 ) ) ;
#623 = FACE_OUTER_BOUND ( 'NONE', #4143, .T. ) ;
#624 = ORIENTED_EDGE ( 'NONE', *, *, #984, .F. ) ;
#625 = ORIENTED_EDGE ( 'NONE', *, *, #1241, .F. ) ;
#626 = CARTESIAN_POINT ( 'NONE',  ( 0.9713664042163668855, 0.01574803149606299191, -0.7374641792590741485 ) ) ;
#627 = CARTESIAN_POINT ( 'NONE',  ( 0.7652613171323492391, -4.268512490100411279E-18, -0.5170053078946710290 ) ) ;
#628 = VERTEX_POINT ( 'NONE', #201 ) ;
#629 = CARTESIAN_POINT ( 'NONE',  ( 1.144923627804905752, -0.1645399120536400472, -0.7362499999999999600 ) ) ;
#630 = CARTESIAN_POINT ( 'NONE',  ( 1.235236404935127430, 1.067128122525102820E-17, -0.7266000665955246740 ) ) ;
#631 = CARTESIAN_POINT ( 'NONE',  ( 1.113069324784761394, 0.01574803149606299191, -0.6797726487482019797 ) ) ;
#632 = FACE_OUTER_BOUND ( 'NONE', #521, .T. ) ;
#633 = CARTESIAN_POINT ( 'NONE',  ( 1.582290012972215942, 2.134256245050205639E-18, -0.4896745418457100762 ) ) ;
#634 = ORIENTED_EDGE ( 'NONE', *, *, #234, .F. ) ;
#635 = CARTESIAN_POINT ( 'NONE',  ( 1.702075544601744372, 2.134256245050205639E-18, -0.5021292573646175539 ) ) ;
#636 = CARTESIAN_POINT ( 'NONE',  ( 1.459595107145875037, 0.01574803149606298844, -0.7194963355705181751 ) ) ;
#637 = CARTESIAN_POINT ( 'NONE',  ( 1.657290006273648864, -2.134256245050205639E-18, -0.5972788753130612305 ) ) ;
#638 = CARTESIAN_POINT ( 'NONE',  ( 0.8404844224135491482, 0.01574803149606298150, -0.7230653235431474535 ) ) ;
#639 = CARTESIAN_POINT ( 'NONE',  ( 1.105579475657365141, 0.01574803149606298150, -0.5877144976046684288 ) ) ;
#640 = CARTESIAN_POINT ( 'NONE',  ( 1.979109395844689478, -2.134256245050205639E-18, -0.6579403409033010020 ) ) ;
#641 = CARTESIAN_POINT ( 'NONE',  ( 1.377517148579386896, 2.134256245050205639E-18, -0.5072631977476020904 ) ) ;
#642 = EDGE_CURVE ( 'NONE', #2229, #3188, #1461, .T. ) ;
#643 = VECTOR ( 'NONE', #3635, 39.37007874015748143 ) ;
#644 = CARTESIAN_POINT ( 'NONE',  ( 1.979109395844689478, 6.402768735150616918E-18, -0.6579403409033010020 ) ) ;
#645 = AXIS2_PLACEMENT_3D ( 'NONE', #4765, #3986, #3958 ) ;
#646 = CARTESIAN_POINT ( 'NONE',  ( 1.513954647002669018, 0.01574803149606299538, -0.4945359354968043020 ) ) ;
#647 = CARTESIAN_POINT ( 'NONE',  ( 1.833988177525957219, 0.01574803149606299191, -0.5797518390386818821 ) ) ;
#648 = CARTESIAN_POINT ( 'NONE',  ( 1.118820775507343157, 0.01574803149606299191, -0.7351195081982740964 ) ) ;
#649 = CARTESIAN_POINT ( 'NONE',  ( 1.939531165635440590, 0.000000000000000000, -0.7112607086607197759 ) ) ;
#650 = DIRECTION ( 'NONE',  ( 0.000000000000000000, 0.000000000000000000, 1.000000000000000000 ) ) ;
#651 = CARTESIAN_POINT ( 'NONE',  ( 1.531593549679905575, 0.01574803149606299885, -0.5353710937500000266 ) ) ;
#652 = VECTOR ( 'NONE', #3686, 39.37007874015748143 ) ;
#653 = LINE ( 'NONE', #2733, #3981 ) ;
#654 = VERTEX_POINT ( 'NONE', #1916 ) ;
#655 = CARTESIAN_POINT ( 'NONE',  ( 1.693409955929905619, 0.01574803149606299191, -0.6500195312500000044 ) ) ;
#656 = CARTESIAN_POINT ( 'NONE',  ( 1.606462641188736384, 2.134256245050205639E-18, -0.7284961019223472611 ) ) ;
#657 = CARTESIAN_POINT ( 'NONE',  ( 1.666432724646259800, 0.01574803149606298497, -0.6854957477437090274 ) ) ;
#658 = LINE ( 'NONE', #5378, #1372 ) ;
#659 = CARTESIAN_POINT ( 'NONE',  ( 0.8478044871799053084, 2.134256245050205639E-18, -0.5198437500000000488 ) ) ;
#660 = CARTESIAN_POINT ( 'NONE',  ( 1.571520055508351055, 2.134256245050205639E-18, -0.4938218264033372717 ) ) ;
#661 = CARTESIAN_POINT ( 'NONE',  ( 1.157911909054905708, 0.000000000000000000, -0.6925000000000000044 ) ) ;
#662 = B_SPLINE_SURFACE_WITH_KNOTS ( 'NONE', 3, 1, ( 
 ( #2200, #3957 ),
 ( #5301, #100 ),
 ( #77, #1754 ),
 ( #4462, #5193 ),
 ( #3983, #1779 ),
 ( #1436, #908 ),
 ( #3147, #1804 ),
 ( #3498, #960 ),
 ( #3052, #4764 ),
 ( #1836, #5223 ),
 ( #3121, #1362 ),
 ( #4792, #5250 ),
 ( #3549, #4821 ),
 ( #5277, #4850 ),
 ( #985, #2702 ),
 ( #2781, #1971 ),
 ( #205, #1946 ),
 ( #1516, #3603 ),
 ( #2365, #1540 ) ),
 .UNSPECIFIED., .F., .F., .F.,
 ( 4, 1, 1, 1, 1, 1, 1, 1, 1, 1, 1, 1, 1, 1, 1, 1, 4 ),
 ( 2, 2 ),
 ( 0.000000000000000000, 0.06471401816636543347, 0.1260074759657008603, 0.1848404604205492741, 0.2412139089641152645, 0.2962365839730135564, 0.3506218337640996108, 0.4049891146124610652, 0.4601104791148300510, 0.5167961286223607953, 0.5752343926751203318, 0.6364091737907180413, 0.7005078337452679271, 0.7688271593737614484, 0.8409926476957444441, 0.9181950594621315354, 0.9999999999999998890 ),
 ( 0.000000000000000000, 1.000000000000000000 ),
 .UNSPECIFIED. ) ;
#663 = CARTESIAN_POINT ( 'NONE',  ( 1.522866706948486026, -2.134256245050205639E-18, -0.5045972091795551950 ) ) ;
#664 = CARTESIAN_POINT ( 'NONE',  ( 0.7412875443072729498, 4.268512490100411279E-18, -0.7315630477927050901 ) ) ;
#665 = VERTEX_POINT ( 'NONE', #3636 ) ;
#666 = CARTESIAN_POINT ( 'NONE',  ( 1.070140217379020431, 0.01574803149606299191, -0.6072912558274458084 ) ) ;
#667 = ADVANCED_FACE ( 'NONE', ( #2672 ), #444, .F. ) ;
#668 = CARTESIAN_POINT ( 'NONE',  ( 0.7478044871799053306, 0.01574803149606299191, -0.5706250000000000488 ) ) ;
#669 = CARTESIAN_POINT ( 'NONE',  ( 0.9858525161510304224, 0.01574803149606299191, -0.7392728819672014229 ) ) ;
#670 = DIRECTION ( 'NONE',  ( 0.000000000000000000, 1.000000000000000000, 0.000000000000000000 ) ) ;
#671 = EDGE_CURVE ( 'NONE', #4120, #1351, #1605, .T. ) ;
#672 = ORIENTED_EDGE ( 'NONE', *, *, #2761, .T. ) ;
#673 = FACE_OUTER_BOUND ( 'NONE', #4808, .T. ) ;
#674 = CARTESIAN_POINT ( 'NONE',  ( 0.9009294871799053972, 0.01574803149606299191, -0.7016796874999999822 ) ) ;
#675 = CARTESIAN_POINT ( 'NONE',  ( 1.528193775660272591, 2.134256245050205639E-18, -0.7140213084126223464 ) ) ;
#676 = CARTESIAN_POINT ( 'NONE',  ( 1.496241987179905752, 2.134256245050205639E-18, -0.4893750000000001155 ) ) ;
#677 = CARTESIAN_POINT ( 'NONE',  ( 1.515237353580049406, 0.01574803149606299885, -0.4955375751385837080 ) ) ;
#678 = EDGE_LOOP ( 'NONE', ( #1760, #4591, #576, #4259 ) ) ;
#679 = EDGE_CURVE ( 'NONE', #4569, #2688, #1221, .T. ) ;
#680 = CARTESIAN_POINT ( 'NONE',  ( 0.9557711501985686198, 0.01574803149606299191, -0.7205359440606082799 ) ) ;
#681 = SURFACE_STYLE_FILL_AREA ( #214 ) ;
#682 = CARTESIAN_POINT ( 'NONE',  ( 1.672500485702157036, 0.000000000000000000, -0.6575839985045565106 ) ) ;
#683 = CARTESIAN_POINT ( 'NONE',  ( 1.609980016809673842, 2.134256245050205639E-18, -0.7239907930556348514 ) ) ;
#684 = CARTESIAN_POINT ( 'NONE',  ( 2.080797318698867748, 0.000000000000000000, -0.7362422922750070375 ) ) ;
#685 = DIRECTION ( 'NONE',  ( 0.000000000000000000, 0.000000000000000000, 1.000000000000000000 ) ) ;
#686 = CARTESIAN_POINT ( 'NONE',  ( 1.724106526501848036, 0.000000000000000000, -0.5419057985329381877 ) ) ;
#687 = ADVANCED_FACE ( 'NONE', ( #1515 ), #5027, .F. ) ;
#688 = LINE ( 'NONE', #1478, #3116 ) ;
#689 = AXIS2_PLACEMENT_3D ( 'NONE', #4135, #2771, #277 ) ;
#690 = CARTESIAN_POINT ( 'NONE',  ( 1.765314851565303433, 2.134256245050205639E-18, -0.4894335053759544807 ) ) ;
#691 = CARTESIAN_POINT ( 'NONE',  ( 1.696437299679905752, 0.01574803149606299191, -0.6237500000000000266 ) ) ;
#692 = B_SPLINE_CURVE_WITH_KNOTS ( 'NONE', 3,
 ( #3645, #1496, #4936, #4156, #1172, #4283, #4992, #5544, #771, #322, #1642 ),
 .UNSPECIFIED., .F., .F.,
 ( 4, 1, 1, 1, 1, 1, 1, 1, 4 ),
 ( 0.000000000000000000, 0.1249108283483912479, 0.2412637508857340130, 0.3578520569941244789, 0.4774295477735239768, 0.5999512735949174003, 0.7235590086772570872, 0.8556308261798988291, 1.000000000000000000 ),
 .UNSPECIFIED. ) ;
#693 = VERTEX_POINT ( 'NONE', #1570 ) ;
#694 = VECTOR ( 'NONE', #2980, 39.37007874015748143 ) ;
#695 = ORIENTED_EDGE ( 'NONE', *, *, #671, .F. ) ;
#696 = CARTESIAN_POINT ( 'NONE',  ( 1.683242799315642024, 0.000000000000000000, -0.7105331776193423154 ) ) ;
#697 = CARTESIAN_POINT ( 'NONE',  ( 1.241554487179905797, -0.1645399120536400472, -0.5214062499999999600 ) ) ;
#698 = B_SPLINE_SURFACE_WITH_KNOTS ( 'NONE', 3, 1, ( 
 ( #2446, #4087 ),
 ( #2251, #2026 ),
 ( #1094, #3745 ),
 ( #1484, #1534 ),
 ( #3659, #3255 ),
 ( #4922, #2806 ),
 ( #4534, #1275 ),
 ( #4710, #851 ),
 ( #1688, #5498 ),
 ( #788, #2058 ),
 ( #2534, #5531 ) ),
 .UNSPECIFIED., .F., .F., .F.,
 ( 4, 1, 1, 1, 1, 1, 1, 1, 4 ),
 ( 2, 2 ),
 ( 0.000000000000000000, 0.1196506913845639536, 0.2323942988104791274, 0.3415846489330138791, 0.4540851286129701792, 0.5719373066527821958, 0.6999891916916327617, 0.8408352924363500236, 1.000000000000000000 ),
 ( 0.000000000000000000, 1.000000000000000000 ),
 .UNSPECIFIED. ) ;
#699 = CARTESIAN_POINT ( 'NONE',  ( 1.010304487179905841, 0.01574803149606299191, -0.7072949218750000933 ) ) ;
#700 = CARTESIAN_POINT ( 'NONE',  ( 1.979109395844689478, 0.01574803149606299191, -0.6579403409033010020 ) ) ;
#701 = ORIENTED_EDGE ( 'NONE', *, *, #1430, .F. ) ;
#702 = CARTESIAN_POINT ( 'NONE',  ( 1.239522415065154259, 0.000000000000000000, -0.7185264885591116091 ) ) ;
#703 = CARTESIAN_POINT ( 'NONE',  ( 1.526503262588267296, 0.01574803149606298844, -0.7083255533305482521 ) ) ;
#704 = CARTESIAN_POINT ( 'NONE',  ( 2.088699410802785206, 2.134256245050205639E-18, -0.4894783444736948708 ) ) ;
#705 = DIRECTION ( 'NONE',  ( -1.000000000000000000, 0.000000000000000000, -0.000000000000000000 ) ) ;
#706 = CARTESIAN_POINT ( 'NONE',  ( 1.892708143753448535, 0.000000000000000000, -0.6411864590076461479 ) ) ;
#707 = CARTESIAN_POINT ( 'NONE',  ( 1.565724409054905397, 0.000000000000000000, -0.7362499999999999600 ) ) ;
#708 = CARTESIAN_POINT ( 'NONE',  ( 2.102333527385670919, -2.134256245050205639E-18, -0.4939404300633070122 ) ) ;
#709 = CARTESIAN_POINT ( 'NONE',  ( 1.497759988432243006, 0.01574803149606299885, -0.4894122655946467337 ) ) ;
#710 = CARTESIAN_POINT ( 'NONE',  ( 1.664406049679905797, 0.000000000000000000, -0.6747265625000000711 ) ) ;
#711 = B_SPLINE_SURFACE_WITH_KNOTS ( 'NONE', 3, 1, ( 
 ( #5375, #5428 ),
 ( #3650, #2738 ),
 ( #1984, #3738 ),
 ( #1084, #2766 ),
 ( #3678, #3187 ),
 ( #3157, #2859 ),
 ( #1500, #683 ),
 ( #4583, #2792 ),
 ( #1474, #656 ),
 ( #2375, #1447 ),
 ( #4495, #242 ),
 ( #4106, #599 ),
 ( #4970, #1115 ),
 ( #4131, #2826 ),
 ( #4053, #4552 ) ),
 .UNSPECIFIED., .F., .F., .F.,
 ( 4, 1, 1, 1, 1, 1, 1, 1, 1, 1, 1, 1, 4 ),
 ( 2, 2 ),
 ( 0.000000000000000000, 0.08052749546006585102, 0.1557511882370008760, 0.2241427968279403882, 0.2877648094757402353, 0.3477864607779119210, 0.4043844265791493031, 0.4586476125116776825, 0.5125118302262239300, 0.6218513028698997580, 0.7381902753420745977, 0.8627846496160036516, 1.000000000000000000 ),
 ( 0.000000000000000000, 1.000000000000000000 ),
 .UNSPECIFIED. ) ;
#712 = CARTESIAN_POINT ( 'NONE',  ( 1.193054235405824004, 0.000000000000000000, -0.4978859496103228977 ) ) ;
#713 = CARTESIAN_POINT ( 'NONE',  ( 1.664406049679905797, 0.000000000000000000, -0.6747265625000000711 ) ) ;
#714 = CARTESIAN_POINT ( 'NONE',  ( 1.207521284054905886, -0.1645399120536400472, -0.7362499999999999600 ) ) ;
#715 = CARTESIAN_POINT ( 'NONE',  ( 2.105108418246065760, 0.000000000000000000, -0.7286887187873851701 ) ) ;
#716 = CARTESIAN_POINT ( 'NONE',  ( 1.931586248763721425, 0.01574803149606298844, -0.6213686133062383821 ) ) ;
#717 = CARTESIAN_POINT ( 'NONE',  ( 0.8738356983049108129, 0.01574803149606299191, -0.4894727179906456782 ) ) ;
#718 = CARTESIAN_POINT ( 'NONE',  ( 0.6948872731656431379, -2.134256245050205639E-18, -0.7153414717591428662 ) ) ;
#719 = CARTESIAN_POINT ( 'NONE',  ( 1.723331972758510355, 0.01574803149606299191, -0.4949251846485587802 ) ) ;
#720 = CARTESIAN_POINT ( 'NONE',  ( 1.664871923455722325, 0.01574803149606299191, -0.6150814801740419613 ) ) ;
#721 = ADVANCED_FACE ( 'NONE', ( #1970 ), #4204, .F. ) ;
#722 = B_SPLINE_CURVE_WITH_KNOTS ( 'NONE', 3,
 ( #506, #54, #2283, #559, #1863, #2723, #4411, #3910, #2620, #3932, #4358 ),
 .UNSPECIFIED., .F., .F.,
 ( 4, 1, 1, 1, 1, 1, 1, 1, 4 ),
 ( 0.000000000000000000, 0.1359458605750245852, 0.2591076351429702496, 0.3755067662957188301, 0.4910744644399315795, 0.6077466682551784238, 0.7281929059737897170, 0.8582514089327529794, 1.000000000000000000 ),
 .UNSPECIFIED. ) ;
#723 = ORIENTED_EDGE ( 'NONE', *, *, #259, .T. ) ;
#724 = DIRECTION ( 'NONE',  ( 0.9736741784971010283, 0.000000000000000000, 0.2279442785594660292 ) ) ;
#725 = CARTESIAN_POINT ( 'NONE',  ( 1.939531165635440590, 2.134256245050205639E-18, -0.7112607086607197759 ) ) ;
#726 = CARTESIAN_POINT ( 'NONE',  ( 1.008685021262136328, 0.01574803149606299191, -0.7209525945835419947 ) ) ;
#727 = VERTEX_POINT ( 'NONE', #229 ) ;
#728 = LINE ( 'NONE', #3852, #3906 ) ;
#729 = CARTESIAN_POINT ( 'NONE',  ( 1.531415355931479816, 0.01574803149606298844, -0.7228581240702762756 ) ) ;
#730 = AXIS2_PLACEMENT_3D ( 'NONE', #5396, #4099, #1547 ) ;
#731 = LINE ( 'NONE', #2908, #3299 ) ;
#732 = DIRECTION ( 'NONE',  ( 1.000000000000000000, 0.000000000000000000, 0.000000000000000000 ) ) ;
#733 = CARTESIAN_POINT ( 'NONE',  ( 1.107179487179905886, 0.01574803149606299191, -0.6598339843750001821 ) ) ;
#734 = DIRECTION ( 'NONE',  ( 0.000000000000000000, 1.000000000000000000, 0.000000000000000000 ) ) ;
#735 = CARTESIAN_POINT ( 'NONE',  ( 1.457960737179905486, 0.01574803149606299191, -0.5314648437500000266 ) ) ;
#736 = CARTESIAN_POINT ( 'NONE',  ( 1.531253049571068336, 0.01574803149606299885, -0.5335642766421965222 ) ) ;
#737 = CARTESIAN_POINT ( 'NONE',  ( 1.724106526501848036, 2.134256245050205639E-18, -0.5419057985329381877 ) ) ;
#738 = MECHANICAL_DESIGN_GEOMETRIC_PRESENTATION_REPRESENTATION (  '', ( #298 ), #1820 ) ;
#739 = CARTESIAN_POINT ( 'NONE',  ( 1.134583499330998446, 6.402768735150616918E-18, -0.5832520543012010839 ) ) ;
#740 = CARTESIAN_POINT ( 'NONE',  ( 1.189534850723055648, 0.000000000000000000, -0.5025771258101797700 ) ) ;
#741 = CARTESIAN_POINT ( 'NONE',  ( 0.8746523298013867409, 2.134256245050205639E-18, -0.7391549325012293226 ) ) ;
#742 = CARTESIAN_POINT ( 'NONE',  ( 1.095981238116829237, 0.000000000000000000, -0.5908602598766083958 ) ) ;
#743 = VERTEX_POINT ( 'NONE', #4596 ) ;
#744 = CARTESIAN_POINT ( 'NONE',  ( 1.893519676693009357, 0.01574803149606299191, -0.5936643960668310793 ) ) ;
#745 = CARTESIAN_POINT ( 'NONE',  ( 1.979140499518346363, 2.134256245050205639E-18, -0.6621100154890268152 ) ) ;
#746 = CARTESIAN_POINT ( 'NONE',  ( 2.113429487179905308, 0.01574803149606299191, -0.7037304687500000044 ) ) ;
#747 = CARTESIAN_POINT ( 'NONE',  ( 1.838282755252247602, -2.134256245050205639E-18, -0.6248297380482389363 ) ) ;
#748 = EDGE_CURVE ( 'NONE', #2767, #484, #4118, .T. ) ;
#749 = CARTESIAN_POINT ( 'NONE',  ( 1.212066098798930236, 0.01574803149606299191, -0.7362249969193536137 ) ) ;
#750 = EDGE_CURVE ( 'NONE', #4303, #4864, #337, .T. ) ;
#751 = CARTESIAN_POINT ( 'NONE',  ( 1.710304487179905575, 0.01574803149606299191, -0.5799999999999999600 ) ) ;
#752 = CARTESIAN_POINT ( 'NONE',  ( 2.086769330929905131, 0.01574803149606299191, -0.4893750000000000044 ) ) ;
#753 = ORIENTED_EDGE ( 'NONE', *, *, #3431, .F. ) ;
#754 = CARTESIAN_POINT ( 'NONE',  ( 1.611476597417636825, 0.01574803149606299885, -0.5050675714801494687 ) ) ;
#755 = EDGE_LOOP ( 'NONE', ( #1295, #3937, #4423, #4655, #1070, #1743 ) ) ;
#756 = CARTESIAN_POINT ( 'NONE',  ( 1.052756437996605454, 0.01574803149606299191, -0.6800999611582250193 ) ) ;
#757 = CARTESIAN_POINT ( 'NONE',  ( 1.613429487179905530, 0.000000000000000000, -0.7068066406249999822 ) ) ;
#758 = B_SPLINE_CURVE_WITH_KNOTS ( 'NONE', 3,
 ( #3029, #1756, #2252, #4335, #508, #3476, #4383, #2226, #5195, #4360 ),
 .UNSPECIFIED., .F., .F.,
 ( 4, 2, 2, 2, 4 ),
 ( 0.000000000000000000, 0.0002966830902165311368, 0.0005933661804330622735, 0.0008900492706495934103, 0.001186732360866124547 ),
 .UNSPECIFIED. ) ;
#759 = CARTESIAN_POINT ( 'NONE',  ( 0.7478044871799053306, 0.000000000000000000, -0.7087109375000000266 ) ) ;
#760 = CARTESIAN_POINT ( 'NONE',  ( 1.142422921151178938, -2.134256245050205639E-18, -0.6276072213740757633 ) ) ;
#761 = LINE ( 'NONE', #821, #1335 ) ;
#762 = CARTESIAN_POINT ( 'NONE',  ( 1.680909955929905664, 2.134256245050205639E-18, -0.5122265624999999822 ) ) ;
#763 = ORIENTED_EDGE ( 'NONE', *, *, #48, .F. ) ;
#764 = CARTESIAN_POINT ( 'NONE',  ( 1.722040335830644420, 2.134256245050205639E-18, -0.6714435597812290490 ) ) ;
#765 = CARTESIAN_POINT ( 'NONE',  ( 1.772128976813631018, 0.01574803149606299191, -0.5875327545382760253 ) ) ;
#766 = CARTESIAN_POINT ( 'NONE',  ( 0.6962886798552460066, 0.01574803149606299191, -0.7213397502294378594 ) ) ;
#767 = CARTESIAN_POINT ( 'NONE',  ( 1.881651661052698099, 0.01574803149606299191, -0.6770903126124550031 ) ) ;
#768 = CARTESIAN_POINT ( 'NONE',  ( 1.375929487179905486, -0.1645399120536400472, -0.7068066406249999822 ) ) ;
#769 = CARTESIAN_POINT ( 'NONE',  ( 1.780042568655743729, 0.01574803149606299885, -0.5335381376610660586 ) ) ;
#770 = CARTESIAN_POINT ( 'NONE',  ( 1.796313817858544937, 0.000000000000000000, -0.4913360111011859654 ) ) ;
#771 = CARTESIAN_POINT ( 'NONE',  ( 1.757000958224330001, 2.134256245050205639E-18, -0.6235582935077611522 ) ) ;
#772 = CARTESIAN_POINT ( 'NONE',  ( 0.7478044871799053306, 0.000000000000000000, -0.5706250000000000488 ) ) ;
#773 = FACE_OUTER_BOUND ( 'NONE', #3256, .T. ) ;
#774 = CARTESIAN_POINT ( 'NONE',  ( 1.759594940703147481, 0.01574803149606298150, -0.5334055033420156411 ) ) ;
#775 = CARTESIAN_POINT ( 'NONE',  ( 0.9991646983031481355, -2.134256245050205639E-18, -0.7348674797975486284 ) ) ;
#776 = CARTESIAN_POINT ( 'NONE',  ( 1.802680048852922212, 0.01574803149606298497, -0.4924680965636530350 ) ) ;
#777 = CARTESIAN_POINT ( 'NONE',  ( 2.083507787569097491, 0.000000000000000000, -0.7362273807603317843 ) ) ;
#778 = LINE ( 'NONE', #4, #4926 ) ;
#779 = ADVANCED_FACE ( 'NONE', ( #4683 ), #3308, .F. ) ;
#780 = ADVANCED_FACE ( 'NONE', ( #3579 ), #620, .F. ) ;
#781 = CARTESIAN_POINT ( 'NONE',  ( 1.609779303471527534, -2.134256245050205639E-18, -0.5012731594545389857 ) ) ;
#782 = CARTESIAN_POINT ( 'NONE',  ( 0.9988356582251125548, 0.01574803149606299885, -0.7352821477967782515 ) ) ;
#783 = CARTESIAN_POINT ( 'NONE',  ( 1.981037933886112601, 0.000000000000000000, -0.7337673975142066096 ) ) ;
#784 = ORIENTED_EDGE ( 'NONE', *, *, #1514, .F. ) ;
#785 = CARTESIAN_POINT ( 'NONE',  ( 0.8662979170463562806, 6.402768735150616918E-18, -0.7392444795448696038 ) ) ;
#786 = ORIENTED_EDGE ( 'NONE', *, *, #4436, .F. ) ;
#787 = ORIENTED_EDGE ( 'NONE', *, *, #1449, .T. ) ;
#788 = CARTESIAN_POINT ( 'NONE',  ( 1.613350864161711806, 0.01574803149606299191, -0.5172499027416601614 ) ) ;
#789 = VERTEX_POINT ( 'NONE', #3529 ) ;
#790 = CARTESIAN_POINT ( 'NONE',  ( 1.703399162339077844, 0.000000000000000000, -0.7251547768737167665 ) ) ;
#791 = CARTESIAN_POINT ( 'NONE',  ( 1.924068291746614756, 2.134256245050205639E-18, -0.6770761326926550971 ) ) ;
#792 = CARTESIAN_POINT ( 'NONE',  ( 1.003152008026783282, 0.01574803149606299191, -0.7312250803505266905 ) ) ;
#793 = CARTESIAN_POINT ( 'NONE',  ( 1.112670047573996346, 0.01574803149606299191, -0.6406349633961225809 ) ) ;
#794 =( CONVERSION_BASED_UNIT ( 'INCH', #4208 ) LENGTH_UNIT ( ) NAMED_UNIT ( #1976 ) );
#795 = ORIENTED_EDGE ( 'NONE', *, *, #1501, .T. ) ;
#796 = CARTESIAN_POINT ( 'NONE',  ( 0.7076628952899141067, 0.01574803149606298844, -0.7362022929968599083 ) ) ;
#797 = CARTESIAN_POINT ( 'NONE',  ( 1.894394208361081411, 0.01574803149606299191, -0.6279784448590506329 ) ) ;
#798 = CARTESIAN_POINT ( 'NONE',  ( 1.563345906875897251, 2.134256245050205639E-18, -0.7362254443784330693 ) ) ;
#799 = CARTESIAN_POINT ( 'NONE',  ( 1.613429487179905530, -0.1645399120536400472, -0.5195996093750000488 ) ) ;
#800 = CARTESIAN_POINT ( 'NONE',  ( 1.414269197322425509, 6.402768735150616918E-18, -0.4910812313587941125 ) ) ;
#801 = B_SPLINE_SURFACE_WITH_KNOTS ( 'NONE', 3, 1, ( 
 ( #1893, #3206 ),
 ( #2704, #1075 ),
 ( #540, #2725 ),
 ( #1867, #2784 ),
 ( #2285, #4515 ),
 ( #647, #5304 ),
 ( #4873, #2254 ),
 ( #3960, #4464 ),
 ( #5253, #1390 ),
 ( #3104, #4825 ),
 ( #2679, #4416 ),
 ( #134, #1840 ),
 ( #3553, #2938 ),
 ( #1948, #4637 ),
 ( #2816, #1519 ),
 ( #5393, #4543 ),
 ( #2068, #258 ),
 ( #1975, #4602 ),
 ( #1134, #5479 ) ),
 .UNSPECIFIED., .F., .F., .F.,
 ( 4, 1, 1, 1, 1, 1, 1, 1, 1, 1, 1, 1, 1, 1, 1, 1, 4 ),
 ( 2, 2 ),
 ( 0.000000000000000000, 0.08182733182821372298, 0.1583472116030950338, 0.2306556717352037100, 0.2984336761490579693, 0.3629752137949624480, 0.4241354733974939673, 0.4833404898126505422, 0.5404489010828538165, 0.5965863673725729788, 0.6516263808094682197, 0.7065787043126550149, 0.7618096902813250582, 0.8178554473551580273, 0.8759158008403525875, 0.9365891825421323036, 0.9999999999999998890 ),
 ( 0.000000000000000000, 1.000000000000000000 ),
 .UNSPECIFIED. ) ;
#802 = DIRECTION ( 'NONE',  ( 0.000000000000000000, 1.000000000000000000, 0.000000000000000000 ) ) ;
#803 = ADVANCED_FACE ( 'NONE', ( #4070 ), #801, .F. ) ;
#804 = CARTESIAN_POINT ( 'NONE',  ( 1.008160806862496983, 0.01574803149606299191, -0.5063120506938453280 ) ) ;
#805 = FACE_OUTER_BOUND ( 'NONE', #1718, .T. ) ;
#806 = CARTESIAN_POINT ( 'NONE',  ( 1.185532124056223102, 0.01574803149606299191, -0.5142886079259293419 ) ) ;
#807 = CARTESIAN_POINT ( 'NONE',  ( 0.8906855878890969080, 2.134256245050205639E-18, -0.7316341506825990715 ) ) ;
#808 = CARTESIAN_POINT ( 'NONE',  ( 1.230458527385670742, 0.01574803149606299191, -0.4939404300633070122 ) ) ;
#809 = CARTESIAN_POINT ( 'NONE',  ( 1.438803373186489321, 0.01574803149606298844, -0.7356877575278358838 ) ) ;
#810 = CARTESIAN_POINT ( 'NONE',  ( 1.680909955929905664, 0.01574803149606299191, -0.5122265624999999822 ) ) ;
#811 = B_SPLINE_CURVE_WITH_KNOTS ( 'NONE', 3,
 ( #5491, #1619, #2427, #1015, #3732, #3180, #2728, #4125, #236, #4047, #2308, #4904, #590, #1895, #4990 ),
 .UNSPECIFIED., .F., .F.,
 ( 4, 1, 1, 1, 1, 1, 1, 1, 1, 1, 1, 1, 4 ),
 ( 0.000000000000000000, 0.09205312451680723596, 0.1769450435511222830, 0.2538380710616470748, 0.3234417386752869161, 0.3904016918865663710, 0.4607757796727417476, 0.5324700122916071754, 0.6105580655028191028, 0.6951179418603872229, 0.7882534485539408609, 0.8894766297257150622, 1.000000000000000000 ),
 .UNSPECIFIED. ) ;
#812 = CARTESIAN_POINT ( 'NONE',  ( 1.745460737179905575, 0.000000000000000000, -0.5799999999999999600 ) ) ;
#813 = CARTESIAN_POINT ( 'NONE',  ( 1.613350864161711806, -2.134256245050205639E-18, -0.5172499027416601614 ) ) ;
#814 = CARTESIAN_POINT ( 'NONE',  ( 0.8759294871799053750, 2.134256245050205639E-18, -0.4893750000000000044 ) ) ;
#815 = ORIENTED_EDGE ( 'NONE', *, *, #3304, .T. ) ;
#816 = ORIENTED_EDGE ( 'NONE', *, *, #1427, .F. ) ;
#817 = ORIENTED_EDGE ( 'NONE', *, *, #1689, .T. ) ;
#818 = EDGE_LOOP ( 'NONE', ( #3434, #1732, #1082, #852 ) ) ;
#819 = CARTESIAN_POINT ( 'NONE',  ( 1.694659401538260113, 0.01574803149606299538, -0.5053182807388931774 ) ) ;
#820 = DIRECTION ( 'NONE',  ( 0.000000000000000000, 0.000000000000000000, -1.000000000000000000 ) ) ;
#821 = CARTESIAN_POINT ( 'NONE',  ( 1.745460737179905575, 0.000000000000000000, -0.5799999999999999600 ) ) ;
#822 = CARTESIAN_POINT ( 'NONE',  ( 1.241554487179905797, 0.01574803149606299191, -0.5214062499999999600 ) ) ;
#823 = ORIENTED_EDGE ( 'NONE', *, *, #4983, .T. ) ;
#824 = CARTESIAN_POINT ( 'NONE',  ( 1.118716760857424442, 0.01574803149606299885, -0.6852807643577196739 ) ) ;
#825 = EDGE_CURVE ( 'NONE', #3381, #1944, #233, .T. ) ;
#826 = CARTESIAN_POINT ( 'NONE',  ( 0.8972963424864434101, 2.134256245050205639E-18, -0.5017395451863837508 ) ) ;
#827 = CARTESIAN_POINT ( 'NONE',  ( 1.979604071308324498, 0.01574803149606300232, -0.7335280143350600968 ) ) ;
#828 = CARTESIAN_POINT ( 'NONE',  ( 1.109194553361001923, 0.01574803149606299191, -0.6727046574171605675 ) ) ;
#829 = CARTESIAN_POINT ( 'NONE',  ( 1.560304487179905664, 0.01574803149606299191, -0.5196484375000000044 ) ) ;
#830 = CARTESIAN_POINT ( 'NONE',  ( 1.422321296183318928, 6.402768735150616918E-18, -0.4970202175162799496 ) ) ;
#831 = CARTESIAN_POINT ( 'NONE',  ( 2.057179487179905397, -0.3448278556033430586, -0.5209667968750000266 ) ) ;
#832 = CARTESIAN_POINT ( 'NONE',  ( 0.9009294871799053972, -0.1645399120536400472, -0.7016796874999999822 ) ) ;
#833 = CARTESIAN_POINT ( 'NONE',  ( 1.193054235405824004, 0.01574803149606299191, -0.4978859496103228977 ) ) ;
#834 = VECTOR ( 'NONE', #4880, 39.37007874015748143 ) ;
#835 = LINE ( 'NONE', #3336, #3350 ) ;
#836 = CARTESIAN_POINT ( 'NONE',  ( 1.054059603288675318, 0.000000000000000000, -0.6353857216656665363 ) ) ;
#837 = ORIENTED_EDGE ( 'NONE', *, *, #1571, .T. ) ;
#838 = CARTESIAN_POINT ( 'NONE',  ( 1.855107892091138133, 0.01574803149606299191, -0.5173002058316573670 ) ) ;
#839 = LINE ( 'NONE', #196, #652 ) ;
#840 = B_SPLINE_CURVE_WITH_KNOTS ( 'NONE', 3,
 ( #822, #2484, #4209, #3521, #2615, #4353, #4379, #2219, #4739, #954, #532, #477 ),
 .UNSPECIFIED., .F., .F.,
 ( 4, 2, 2, 2, 2, 4 ),
 ( 0.000000000000000000, 0.0002949114809252348802, 0.0005898229618504697604, 0.0008847344427757046405, 0.001032190183238317419, 0.001179645923700930413 ),
 .UNSPECIFIED. ) ;
#841 = VECTOR ( 'NONE', #3888, 39.37007874015748143 ) ;
#842 = CARTESIAN_POINT ( 'NONE',  ( 1.561903426995251865, 0.000000000000000000, -0.5073008020406500895 ) ) ;
#843 = ORIENTED_EDGE ( 'NONE', *, *, #2600, .F. ) ;
#844 = CARTESIAN_POINT ( 'NONE',  ( 1.611959180508165890, -2.134256245050205639E-18, -0.5065921339596431983 ) ) ;
#845 = CLOSED_SHELL ( 'NONE', ( #1751, #3243, #3148, #855, #4294, #5264, #3679, #2249, #1031, #1541, #3406, #573, #611, #3089, #1401, #4271, #4629, #2736 ) ) ;
#846 = LINE ( 'NONE', #751, #4921 ) ;
#847 = CARTESIAN_POINT ( 'NONE',  ( 0.8688808535651532106, 0.01574803149606298497, -0.7393305100684861575 ) ) ;
#848 = VERTEX_POINT ( 'NONE', #1637 ) ;
#849 = VECTOR ( 'NONE', #1332, 39.37007874015748143 ) ;
#850 = ORIENTED_EDGE ( 'NONE', *, *, #1696, .F. ) ;
#851 = CARTESIAN_POINT ( 'NONE',  ( 1.611959180508165890, 2.134256245050205639E-18, -0.5065921339596431983 ) ) ;
#852 = ORIENTED_EDGE ( 'NONE', *, *, #2510, .T. ) ;
#853 = ORIENTED_EDGE ( 'NONE', *, *, #2019, .T. ) ;
#854 = CARTESIAN_POINT ( 'NONE',  ( 2.009895144867603012, 0.000000000000000000, -0.7362523579507957994 ) ) ;
#855 = ADVANCED_FACE ( 'NONE', ( #3355 ), #4151, .F. ) ;
#856 = CARTESIAN_POINT ( 'NONE',  ( 1.115924062737381650, -2.134256245050205639E-18, -0.6372473612529567788 ) ) ;
#857 = DIRECTION ( 'NONE',  ( 0.000000000000000000, 0.000000000000000000, -1.000000000000000000 ) ) ;
#858 = EDGE_CURVE ( 'NONE', #2189, #1399, #2368, .T. ) ;
#859 = CARTESIAN_POINT ( 'NONE',  ( 1.745283156712634565, 2.134256245050205639E-18, -0.6912848327287646200 ) ) ;
#860 = CARTESIAN_POINT ( 'NONE',  ( 0.9009294871799053972, 2.134256245050205639E-18, -0.5198437500000000488 ) ) ;
#861 = CARTESIAN_POINT ( 'NONE',  ( 1.107431421502358626, 2.134256245050205639E-18, -0.6665005902013986239 ) ) ;
#862 = CARTESIAN_POINT ( 'NONE',  ( 1.718108001943642105, 0.01574803149606299538, -0.6659397922214859156 ) ) ;
#863 = CARTESIAN_POINT ( 'NONE',  ( 1.429054487179905575, 6.402768735150616918E-18, -0.5196484375000000044 ) ) ;
#864 = ORIENTED_EDGE ( 'NONE', *, *, #4689, .F. ) ;
#865 = EDGE_CURVE ( 'NONE', #4028, #462, #5379, .T. ) ;
#866 = LINE ( 'NONE', #432, #5013 ) ;
#867 = CARTESIAN_POINT ( 'NONE',  ( 1.776564252804905708, -2.134256245050205639E-18, -0.6016308593750000488 ) ) ;
#868 = B_SPLINE_CURVE_WITH_KNOTS ( 'NONE', 3,
 ( #58, #4961, #4098, #2996, #2968, #3445, #5137, #3416, #4722, #2145, #2545 ),
 .UNSPECIFIED., .F., .F.,
 ( 4, 1, 1, 1, 1, 1, 1, 1, 4 ),
 ( 0.000000000000000000, 0.1424398776969912905, 0.2712812560000503193, 0.3923796910592005638, 0.5088161684751046909, 0.6247939480670415824, 0.7414158700954426306, 0.8643288066307963646, 1.000000000000000000 ),
 .UNSPECIFIED. ) ;
#869 = VERTEX_POINT ( 'NONE', #2950 ) ;
#870 = CARTESIAN_POINT ( 'NONE',  ( 1.994202413818217279, 2.134256245050205639E-18, -0.6872853059217896021 ) ) ;
#871 =( CONVERSION_BASED_UNIT ( 'INCH', #2205 ) LENGTH_UNIT ( ) NAMED_UNIT ( #4778 ) );
#872 = CARTESIAN_POINT ( 'NONE',  ( 1.987745893429905486, 2.134256245050205639E-18, -0.6829296875000001599 ) ) ;
#873 = EDGE_CURVE ( 'NONE', #4864, #1994, #3282, .T. ) ;
#874 = ORIENTED_EDGE ( 'NONE', *, *, #446, .F. ) ;
#875 = CARTESIAN_POINT ( 'NONE',  ( 0.7321036846219479699, 0.01574803149606299191, -0.7379595360554225270 ) ) ;
#876 = ORIENTED_EDGE ( 'NONE', *, *, #4389, .F. ) ;
#877 = EDGE_CURVE ( 'NONE', #2533, #5131, #2811, .T. ) ;
#878 = CARTESIAN_POINT ( 'NONE',  ( 1.757303321649497541, 0.000000000000000000, -0.4895486222519863095 ) ) ;
#879 = ORIENTED_EDGE ( 'NONE', *, *, #1689, .F. ) ;
#880 = B_SPLINE_CURVE_WITH_KNOTS ( 'NONE', 3,
 ( #130, #1010, #934, #4013, #3073, #584, #1387, #3474, #4437, #4382, #1334, #536 ),
 .UNSPECIFIED., .F., .F.,
 ( 4, 2, 2, 2, 2, 4 ),
 ( 0.000000000000000000, 0.0003368331086555848334, 0.0005052496629833811261, 0.0006736662173111774730, 0.001010499325966764421, 0.001347332434622351260 ),
 .UNSPECIFIED. ) ;
#881 = ORIENTED_EDGE ( 'NONE', *, *, #4036, .F. ) ;
#882 = CARTESIAN_POINT ( 'NONE',  ( 0.8662979170463562806, 2.134256245050205639E-18, -0.7392444795448696038 ) ) ;
#883 = CARTESIAN_POINT ( 'NONE',  ( 2.104999999999999982, 0.000000000000000000, -0.1250000000000000278 ) ) ;
#884 = CARTESIAN_POINT ( 'NONE',  ( 1.425377796716588374, 0.000000000000000000, -0.5014018362069876389 ) ) ;
#885 = VECTOR ( 'NONE', #1672, 39.37007874015748143 ) ;
#886 = CARTESIAN_POINT ( 'NONE',  ( 1.830860046329600088, 8.537024980200822558E-18, -0.6573772749885622435 ) ) ;
#887 = DIRECTION ( 'NONE',  ( 0.000000000000000000, 0.000000000000000000, -1.000000000000000000 ) ) ;
#888 = LINE ( 'NONE', #832, #885 ) ;
#889 = LINE ( 'NONE', #935, #3613 ) ;
#890 = CARTESIAN_POINT ( 'NONE',  ( 0.8851270286795952513, 0.01574803149606299885, -0.4908545928571593775 ) ) ;
#891 = CARTESIAN_POINT ( 'NONE',  ( 0.8862177752544848630, 0.000000000000000000, -0.4911911030535148215 ) ) ;
#892 = ORIENTED_EDGE ( 'NONE', *, *, #3841, .T. ) ;
#893 = CARTESIAN_POINT ( 'NONE',  ( 1.375949032086511536, 0.01574803149606299538, -0.7081110065730980008 ) ) ;
#894 = ORIENTED_EDGE ( 'NONE', *, *, #2664, .F. ) ;
#895 = CARTESIAN_POINT ( 'NONE',  ( 1.657179487179905708, 0.000000000000000000, -0.5913769531250000488 ) ) ;
#896 = B_SPLINE_CURVE_WITH_KNOTS ( 'NONE', 3,
 ( #3475, #5194, #3053, #3499, #250, #3224, #4951, #2386, #3197, #1125, #3717, #5386 ),
 .UNSPECIFIED., .F., .F.,
 ( 4, 2, 2, 2, 2, 4 ),
 ( 0.000000000000000000, 0.0004506718347384831239, 0.0009013436694769662479, 0.001126679586846216375, 0.001352015504215466719, 0.001802687338953979767 ),
 .UNSPECIFIED. ) ;
#897 = CARTESIAN_POINT ( 'NONE',  ( 1.774979853927590057, -2.134256245050205639E-18, -0.6104769995186635212 ) ) ;
#898 = CARTESIAN_POINT ( 'NONE',  ( 1.754690887052041459, 0.000000000000000000, -0.7391306120520303446 ) ) ;
#899 = VERTEX_POINT ( 'NONE', #3456 ) ;
#900 = ORIENTED_EDGE ( 'NONE', *, *, #1111, .T. ) ;
#901 = ORIENTED_EDGE ( 'NONE', *, *, #5201, .T. ) ;
#902 = CARTESIAN_POINT ( 'NONE',  ( 0.9542048742064008771, 0.01574803149606299191, -0.7114349844129310707 ) ) ;
#903 = LINE ( 'NONE', #46, #344 ) ;
#904 = CARTESIAN_POINT ( 'NONE',  ( 1.409415925713246587, 0.000000000000000000, -0.4896533112033676916 ) ) ;
#905 = B_SPLINE_CURVE_WITH_KNOTS ( 'NONE', 3,
 ( #2931, #4595, #3376, #2508, #5103, #4657, #725, #311, #4628, #3749, #4981, #791, #1599, #5473, #4238 ),
 .UNSPECIFIED., .F., .F.,
 ( 4, 1, 1, 1, 1, 1, 1, 1, 1, 1, 1, 1, 4 ),
 ( 0.000000000000000000, 0.08979271063556075461, 0.1753942178141339459, 0.2588056349961311287, 0.3398127966891519858, 0.4200621604101825168, 0.4991223246882413589, 0.5788384868517749693, 0.6591082875927603002, 0.7411182879485650465, 0.8251094400327129152, 0.9110392593857608023, 1.000000000000000000 ),
 .UNSPECIFIED. ) ;
#906 = CARTESIAN_POINT ( 'NONE',  ( 1.107179487179905886, 2.134256245050205639E-18, -0.6598339843749999600 ) ) ;
#907 = CARTESIAN_POINT ( 'NONE',  ( 1.072807442151357815, 0.000000000000000000, -0.7167076236229926733 ) ) ;
#908 = CARTESIAN_POINT ( 'NONE',  ( 1.928623798460251004, 6.402768735150616918E-18, -0.6279117520509202022 ) ) ;
#909 = CARTESIAN_POINT ( 'NONE',  ( 1.494777143429905530, 0.000000000000000000, -0.5737499999999999822 ) ) ;
#910 = CARTESIAN_POINT ( 'NONE',  ( 1.658177123033379718, 0.01574803149606299191, -0.5356634234653790960 ) ) ;
#911 = ORIENTED_EDGE ( 'NONE', *, *, #1341, .T. ) ;
#912 = CARTESIAN_POINT ( 'NONE',  ( 1.404457255419189421, 0.01574803149606299538, -0.7360809920015050078 ) ) ;
#913 = ORIENTED_EDGE ( 'NONE', *, *, #5510, .T. ) ;
#914 = CARTESIAN_POINT ( 'NONE',  ( 1.418337985207999585, 0.01574803149606299885, -0.4932876731770514667 ) ) ;
#915 = CARTESIAN_POINT ( 'NONE',  ( 1.670509882653886002, 0.000000000000000000, -0.6943561838738041558 ) ) ;
#916 = FACE_OUTER_BOUND ( 'NONE', #1898, .T. ) ;
#917 = VECTOR ( 'NONE', #192, 39.37007874015748143 ) ;
#918 = ORIENTED_EDGE ( 'NONE', *, *, #1173, .T. ) ;
#919 = EDGE_CURVE ( 'NONE', #628, #1373, #3865, .T. ) ;
#920 = ADVANCED_FACE ( 'NONE', ( #2473 ), #1267, .F. ) ;
#921 = VECTOR ( 'NONE', #4180, 39.37007874015748143 ) ;
#922 = VERTEX_POINT ( 'NONE', #3425 ) ;
#923 = CARTESIAN_POINT ( 'NONE',  ( 1.185444033394554397, 0.01574803149606299191, -0.5168558723297747015 ) ) ;
#924 = ORIENTED_EDGE ( 'NONE', *, *, #2187, .F. ) ;
#925 = CARTESIAN_POINT ( 'NONE',  ( 1.010304487179906063, 0.01574803149606299191, -0.5216015625000001155 ) ) ;
#926 = CARTESIAN_POINT ( 'NONE',  ( 1.664964536323062960, 0.01574803149606298844, -0.6802354189936374862 ) ) ;
#927 = CARTESIAN_POINT ( 'NONE',  ( 0.8421573271858109333, 2.134256245050205639E-18, -0.7253841327795518268 ) ) ;
#928 = CARTESIAN_POINT ( 'NONE',  ( 1.429054487179905575, -0.3448278556033430586, -0.6799999999999999378 ) ) ;
#929 = CARTESIAN_POINT ( 'NONE',  ( 1.833607059997175659, 0.01574803149606298844, -0.6500644315707517773 ) ) ;
#930 = ORIENTED_EDGE ( 'NONE', *, *, #2137, .F. ) ;
#931 = CARTESIAN_POINT ( 'NONE',  ( 0.8986376333861287868, 2.134256245050205639E-18, -0.7196902923623984538 ) ) ;
#932 = B_SPLINE_SURFACE_WITH_KNOTS ( 'NONE', 3, 1, ( 
 ( #2204, #4338 ),
 ( #5199, #1391 ),
 ( #912, #440 ),
 ( #4729, #2230 ),
 ( #2126, #2626 ),
 ( #5228, #1317 ),
 ( #4417, #3938 ),
 ( #2580, #4799 ),
 ( #1784, #940 ),
 ( #4387, #3034 ),
 ( #4749, #3531 ),
 ( #3962, #108 ),
 ( #1811, #3105 ),
 ( #893, #966 ),
 ( #2680, #4097 ) ),
 .UNSPECIFIED., .F., .F., .F.,
 ( 4, 1, 1, 1, 1, 1, 1, 1, 1, 1, 1, 1, 4 ),
 ( 2, 2 ),
 ( 0.000000000000000000, 0.1456817349758525171, 0.2786834729361730156, 0.4002203989206651880, 0.5136386216531620974, 0.5683753864952296730, 0.6227437561373749819, 0.6785936170311778204, 0.7350696838698020930, 0.7955826855105287976, 0.8584107594692896859, 0.9267421627647466353, 0.9999999999999998890 ),
 ( 0.000000000000000000, 1.000000000000000000 ),
 .UNSPECIFIED. ) ;
#933 = VERTEX_POINT ( 'NONE', #2156 ) ;
#934 = CARTESIAN_POINT ( 'NONE',  ( 1.376410308509181890, 0.01574803149606299885, -0.7157411909277114903 ) ) ;
#935 = CARTESIAN_POINT ( 'NONE',  ( 1.766896284054905619, -0.3448278556033430586, -0.7393750000000000044 ) ) ;
#936 = EDGE_CURVE ( 'NONE', #2835, #548, #4193, .T. ) ;
#937 = CARTESIAN_POINT ( 'NONE',  ( 1.241468419633695586, 0.000000000000000000, -0.7077921830871947151 ) ) ;
#938 = CARTESIAN_POINT ( 'NONE',  ( 1.241483348082478066, -2.134256245050205639E-18, -0.5189743242880153762 ) ) ;
#939 = ORIENTED_EDGE ( 'NONE', *, *, #1111, .F. ) ;
#940 = CARTESIAN_POINT ( 'NONE',  ( 1.379717071670105266, 2.134256245050205639E-18, -0.7233376626297155498 ) ) ;
#941 = DIRECTION ( 'NONE',  ( 0.000000000000000000, 1.000000000000000000, 0.000000000000000000 ) ) ;
#942 = ORIENTED_EDGE ( 'NONE', *, *, #106, .T. ) ;
#943 = LINE ( 'NONE', #3993, #2798 ) ;
#944 = DIRECTION ( 'NONE',  ( 0.000000000000000000, 1.000000000000000000, 0.000000000000000000 ) ) ;
#945 = CARTESIAN_POINT ( 'NONE',  ( 1.678201197137761280, 0.01574803149606299538, -0.7052509260326546014 ) ) ;
#946 = ORIENTED_EDGE ( 'NONE', *, *, #671, .T. ) ;
#947 = ORIENTED_EDGE ( 'NONE', *, *, #2107, .F. ) ;
#948 = CARTESIAN_POINT ( 'NONE',  ( 1.185304487179905886, 0.01574803149606299191, -0.5831250000000000044 ) ) ;
#949 = ORIENTED_EDGE ( 'NONE', *, *, #4092, .F. ) ;
#950 = CARTESIAN_POINT ( 'NONE',  ( 0.9007052954871305195, 2.134256245050205639E-18, -0.5131930965690219004 ) ) ;
#951 = CARTESIAN_POINT ( 'NONE',  ( 0.6946794871799053528, -2.134256245050205639E-18, -0.7089062499999998490 ) ) ;
#952 = CARTESIAN_POINT ( 'NONE',  ( 1.674050874895259167, 0.01574803149606299191, -0.7001626243973644304 ) ) ;
#953 = CARTESIAN_POINT ( 'NONE',  ( 1.680930020251101054, 2.134256245050205639E-18, -0.6224926959607453014 ) ) ;
#954 = CARTESIAN_POINT ( 'NONE',  ( 1.218876637684267461, 0.01574803149606300232, -0.4895900499248739823 ) ) ;
#955 = B_SPLINE_CURVE_WITH_KNOTS ( 'NONE', 3,
 ( #71, #5133, #1799, #1773, #2990, #1357, #3069, #1383, #2668, #2244, #3412 ),
 .UNSPECIFIED., .F., .F.,
 ( 4, 1, 1, 1, 1, 1, 1, 1, 4 ),
 ( 0.000000000000000000, 0.1754792381297267667, 0.3345846148778578444, 0.4789274341649228939, 0.6087383128911304508, 0.7240518572671978959, 0.8263378830610970116, 0.9177983261898543521, 1.000000000000000000 ),
 .UNSPECIFIED. ) ;
#956 = CARTESIAN_POINT ( 'NONE',  ( 1.142579538516513615, 0.000000000000000000, -0.7362508006461742083 ) ) ;
#957 = CARTESIAN_POINT ( 'NONE',  ( 1.820506218596455339, 2.134256245050205639E-18, -0.7309932627730580945 ) ) ;
#958 = CARTESIAN_POINT ( 'NONE',  ( 1.988666322972035161, 2.134256245050205639E-18, -0.6837113544980910618 ) ) ;
#959 = DIRECTION ( 'NONE',  ( 0.000000000000000000, 1.000000000000000000, 0.000000000000000000 ) ) ;
#960 = CARTESIAN_POINT ( 'NONE',  ( 1.936062937789623462, 6.402768735150616918E-18, -0.6144818557087909916 ) ) ;
#961 = CARTESIAN_POINT ( 'NONE',  ( 1.981069553361002100, 2.134256245050205639E-18, -0.6727046574171606785 ) ) ;
#962 = CARTESIAN_POINT ( 'NONE',  ( 1.894679487179905752, 0.01574803149606299191, -0.6143750000000000044 ) ) ;
#963 = DIRECTION ( 'NONE',  ( 1.000000000000000000, 0.000000000000000000, 0.000000000000000000 ) ) ;
#964 = CARTESIAN_POINT ( 'NONE',  ( 1.660217759286164219, -2.134256245050205639E-18, -0.5296793320298502916 ) ) ;
#965 = CARTESIAN_POINT ( 'NONE',  ( 1.894585122914099085, 6.402768735150616918E-18, -0.6097147406940437442 ) ) ;
#966 = CARTESIAN_POINT ( 'NONE',  ( 1.375949032086511536, 2.134256245050205639E-18, -0.7081110065730980008 ) ) ;
#967 = VECTOR ( 'NONE', #5308, 39.37007874015748143 ) ;
#968 = EDGE_LOOP ( 'NONE', ( #881, #2164, #5347, #4060 ) ) ;
#969 = CARTESIAN_POINT ( 'NONE',  ( 0.6993190840698119137, 0.01574803149606299191, -0.5016649932280287105 ) ) ;
#970 = CARTESIAN_POINT ( 'NONE',  ( 1.769839029394348229, 0.01574803149606298844, -0.6176721814844803315 ) ) ;
#971 = CARTESIAN_POINT ( 'NONE',  ( 1.721528154462228288, 0.01574803149606299538, -0.7327834402532488189 ) ) ;
#972 = EDGE_LOOP ( 'NONE', ( #4732, #2845, #3044, #3062 ) ) ;
#973 = VERTEX_POINT ( 'NONE', #328 ) ;
#974 = CARTESIAN_POINT ( 'NONE',  ( 1.761735317671229817, 0.000000000000000000, -0.5332466344749231535 ) ) ;
#975 = ORIENTED_EDGE ( 'NONE', *, *, #2187, .T. ) ;
#976 = CARTESIAN_POINT ( 'NONE',  ( 0.7288390665433646110, 0.01574803149606298844, -0.4894452401108717599 ) ) ;
#977 = PLANE ( 'NONE',  #3716 ) ;
#978 = CARTESIAN_POINT ( 'NONE',  ( 1.157911909054905708, -2.134256245050205639E-18, -0.6268749999999999600 ) ) ;
#979 = CARTESIAN_POINT ( 'NONE',  ( 1.129696731730191805, 0.000000000000000000, -0.6300410242652463300 ) ) ;
#980 = CARTESIAN_POINT ( 'NONE',  ( 2.086769330929905131, 0.01574803149606299538, -0.4893750000000000044 ) ) ;
#981 = EDGE_CURVE ( 'NONE', #167, #2288, #3625, .T. ) ;
#982 = FACE_OUTER_BOUND ( 'NONE', #2203, .T. ) ;
#983 = CARTESIAN_POINT ( 'NONE',  ( 0.9839861278049059079, -2.134256245050205639E-18, -0.4893750000000001155 ) ) ;
#984 = EDGE_CURVE ( 'NONE', #5145, #2311, #811, .T. ) ;
#985 = CARTESIAN_POINT ( 'NONE',  ( 1.985697422333190021, 0.01574803149606298844, -0.5857795907696653481 ) ) ;
#986 = EDGE_CURVE ( 'NONE', #162, #4475, #3698, .T. ) ;
#987 = LINE ( 'NONE', #4439, #4965 ) ;
#988 = CARTESIAN_POINT ( 'NONE',  ( 1.669359781745054949, -2.134256245050205639E-18, -0.5194307890960563334 ) ) ;
#989 = CARTESIAN_POINT ( 'NONE',  ( 1.881239693776089350, 0.01574803149606299191, -0.5513158088305722959 ) ) ;
#990 = CARTESIAN_POINT ( 'NONE',  ( 1.107401380588604489, 0.01574803149606299191, -0.6540269529839172202 ) ) ;
#991 = B_SPLINE_CURVE_WITH_KNOTS ( 'NONE', 3,
 ( #4249, #4640, #769, #2491, #3793, #3359, #1250, #2000, #5078, #2064, #2962, #2033, #5105, #4686, #5504, #1633, #3351, #4241 ),
 .UNSPECIFIED., .F., .F.,
 ( 4, 2, 2, 2, 2, 2, 2, 2, 4 ),
 ( 0.000000000000000000, 0.0003819749658084994589, 0.0007639499316169989177, 0.001145924897425498485, 0.001527899863233997835, 0.001909874829042497186, 0.002291849794850996970, 0.002673824760659496320, 0.003055799726467995671 ),
 .UNSPECIFIED. ) ;
#992 = EDGE_LOOP ( 'NONE', ( #4374, #837, #1973, #4104 ) ) ;
#993 = ORIENTED_EDGE ( 'NONE', *, *, #1430, .T. ) ;
#994 = CARTESIAN_POINT ( 'NONE',  ( 1.757000958224330001, 0.01574803149606298844, -0.6235582935077611522 ) ) ;
#995 = CARTESIAN_POINT ( 'NONE',  ( 1.667807909642012865, 0.000000000000000000, -0.6890069819365174375 ) ) ;
#996 = CARTESIAN_POINT ( 'NONE',  ( 1.613429487179905530, -0.1645399120536400472, -0.7068066406249999822 ) ) ;
#997 = EDGE_LOOP ( 'NONE', ( #2957, #4340, #3816, #5527 ) ) ;
#998 = VECTOR ( 'NONE', #1153, 39.37007874015748143 ) ;
#999 = SURFACE_STYLE_FILL_AREA ( #5214 ) ;
#1000 = ORIENTED_EDGE ( 'NONE', *, *, #1771, .T. ) ;
#1001 = PLANE ( 'NONE',  #3665 ) ;
#1002 = CARTESIAN_POINT ( 'NONE',  ( 0.7478044871799053306, -0.3448278556033430586, -0.5706250000000000488 ) ) ;
#1003 = CARTESIAN_POINT ( 'NONE',  ( 1.119801729226426623, 0.000000000000000000, -0.6343080054560634728 ) ) ;
#1004 = VECTOR ( 'NONE', #2645, 39.37007874015748143 ) ;
#1005 = CARTESIAN_POINT ( 'NONE',  ( 2.076782794501359497, 0.01574803149606298844, -0.4906240140677637362 ) ) ;
#1006 = COLOUR_RGB ( '',0.7921568627450980005, 0.8196078431372548767, 0.9333333333333333481 ) ;
#1007 = CARTESIAN_POINT ( 'NONE',  ( 1.137121359965232115, 0.01574803149606299191, -0.6912050257421651356 ) ) ;
#1008 = CARTESIAN_POINT ( 'NONE',  ( 0.8995797985643696482, 2.134256245050205639E-18, -0.7169725059948139911 ) ) ;
#1009 = EDGE_CURVE ( 'NONE', #4296, #2648, #4875, .T. ) ;
#1010 = CARTESIAN_POINT ( 'NONE',  ( 1.375996235611573804, 0.01574803149606299885, -0.7112612222258050121 ) ) ;
#1011 = CARTESIAN_POINT ( 'NONE',  ( 1.529601839873386826, 0.01574803149606299538, -0.5248265988628283418 ) ) ;
#1012 = CARTESIAN_POINT ( 'NONE',  ( 1.868526479374532645, 6.402768735150616918E-18, -0.5313588354496490140 ) ) ;
#1013 = CARTESIAN_POINT ( 'NONE',  ( 1.157911909054905708, 0.01574803149606299191, -0.6268749999999999600 ) ) ;
#1014 = CARTESIAN_POINT ( 'NONE',  ( 1.944682442151357327, 0.01574803149606298844, -0.7167076236229928954 ) ) ;
#1015 = CARTESIAN_POINT ( 'NONE',  ( 1.657621228432649918, 2.134256245050205639E-18, -0.5390989695264859494 ) ) ;
#1016 = ADVANCED_FACE ( 'NONE', ( #4466, #623 ), #2008, .F. ) ;
#1017 = EDGE_LOOP ( 'NONE', ( #1536, #1627, #1566, #3092 ) ) ;
#1018 = LINE ( 'NONE', #2402, #4438 ) ;
#1019 = EDGE_LOOP ( 'NONE', ( #442, #2186, #2763, #4000 ) ) ;
#1020 = CARTESIAN_POINT ( 'NONE',  ( 2.057179487179905397, 0.000000000000000000, -0.6925000000000000044 ) ) ;
#1021 = CARTESIAN_POINT ( 'NONE',  ( 1.211632787569097980, 1.067128122525102820E-17, -0.7362273807603317843 ) ) ;
#1022 = CARTESIAN_POINT ( 'NONE',  ( 1.816483578825219825, 0.01574803149606299191, -0.6790527913911491575 ) ) ;
#1023 = ORIENTED_EDGE ( 'NONE', *, *, #197, .F. ) ;
#1024 = EDGE_CURVE ( 'NONE', #51, #5265, #4517, .T. ) ;
#1025 = LINE ( 'NONE', #2742, #3706 ) ;
#1026 = CARTESIAN_POINT ( 'NONE',  ( 1.745971109681790256, 0.01574803149606299191, -0.5353052020652324661 ) ) ;
#1027 = CARTESIAN_POINT ( 'NONE',  ( 1.199187458904914960, 0.01574803149606299191, -0.4928331375930908309 ) ) ;
#1028 = ORIENTED_EDGE ( 'NONE', *, *, #3595, .T. ) ;
#1029 = CARTESIAN_POINT ( 'NONE',  ( 0.7434572070395616405, 0.01574803149606299885, -0.4931807288094260944 ) ) ;
#1030 = CARTESIAN_POINT ( 'NONE',  ( 1.894679487179905752, 0.000000000000000000, -0.6143750000000000044 ) ) ;
#1031 = ADVANCED_FACE ( 'NONE', ( #263 ), #1137, .F. ) ;
#1032 = CARTESIAN_POINT ( 'NONE',  ( 0.8430154333617905227, 0.01574803149606299191, -0.7268132199351031719 ) ) ;
#1033 = CARTESIAN_POINT ( 'NONE',  ( 1.709930108842510954, 2.134256245050205639E-18, -0.6554230818510524692 ) ) ;
#1034 = CARTESIAN_POINT ( 'NONE',  ( 2.007564165549411861, -2.134256245050205639E-18, -0.6285930086686676299 ) ) ;
#1035 = CARTESIAN_POINT ( 'NONE',  ( 1.881651661052698099, 2.134256245050205639E-18, -0.6770903126124550031 ) ) ;
#1036 = CARTESIAN_POINT ( 'NONE',  ( 1.050929487179905975, 0.000000000000000000, -0.6608593750000001377 ) ) ;
#1037 = VERTEX_POINT ( 'NONE', #1950 ) ;
#1038 = CARTESIAN_POINT ( 'NONE',  ( 2.027034734310539488, 6.402768735150616918E-18, -0.6269035143893506579 ) ) ;
#1039 = CARTESIAN_POINT ( 'NONE',  ( 1.459197590732978833, 0.01574803149606299885, -0.7207195506292032317 ) ) ;
#1040 = CARTESIAN_POINT ( 'NONE',  ( 1.892691377180733658, 0.01574803149606299191, -0.5872266457023426200 ) ) ;
#1041 = CARTESIAN_POINT ( 'NONE',  ( 1.115110300103733021, 0.01574803149606299885, -0.7347003355214778431 ) ) ;
#1042 = CARTESIAN_POINT ( 'NONE',  ( 1.922986225091002144, 0.000000000000000000, -0.6690768429477937929 ) ) ;
#1043 = DIRECTION ( 'NONE',  ( 0.000000000000000000, 1.000000000000000000, 0.000000000000000000 ) ) ;
#1044 = CARTESIAN_POINT ( 'NONE',  ( 1.972365034054905486, 0.000000000000000000, -0.7317089843750000933 ) ) ;
#1045 = EDGE_LOOP ( 'NONE', ( #3848, #2564, #1028, #422 ) ) ;
#1046 = EDGE_LOOP ( 'NONE', ( #879, #4661, #2373, #3134 ) ) ;
#1047 = CARTESIAN_POINT ( 'NONE',  ( 0.9543037309410364877, 0.01574803149606299191, -0.7141564496431698217 ) ) ;
#1048 = CARTESIAN_POINT ( 'NONE',  ( 0.7450025352503145681, -4.268512490100411279E-18, -0.4939107330302300869 ) ) ;
#1049 = ORIENTED_EDGE ( 'NONE', *, *, #3360, .T. ) ;
#1050 = CARTESIAN_POINT ( 'NONE',  ( 0.7266619090549053528, 0.000000000000000000, -0.4893750000000000044 ) ) ;
#1051 = PLANE ( 'NONE',  #2753 ) ;
#1052 = ORIENTED_EDGE ( 'NONE', *, *, #2395, .T. ) ;
#1053 = AXIS2_PLACEMENT_3D ( 'NONE', #5240, #5294, #5266 ) ;
#1054 = CARTESIAN_POINT ( 'NONE',  ( 1.109928010617273975, 0.01574803149606299885, -0.6742653817441692787 ) ) ;
#1055 = PLANE ( 'NONE',  #4957 ) ;
#1056 = CARTESIAN_POINT ( 'NONE',  ( 0.8550660800290225128, 2.134256245050205639E-18, -0.4975983446888450623 ) ) ;
#1057 = AXIS2_PLACEMENT_3D ( 'NONE', #3117, #5187, #17 ) ;
#1058 = CARTESIAN_POINT ( 'NONE',  ( 1.567419642280679648, 0.01574803149606299538, -0.4974999878971747003 ) ) ;
#1059 = ORIENTED_EDGE ( 'NONE', *, *, #2259, .T. ) ;
#1060 = FACE_OUTER_BOUND ( 'NONE', #2541, .T. ) ;
#1061 = CARTESIAN_POINT ( 'NONE',  ( 1.776564252804905708, 0.01574803149606299191, -0.6016308593750000488 ) ) ;
#1062 = CARTESIAN_POINT ( 'NONE',  ( 1.500687740155434380, -2.134256245050205639E-18, -0.4894841393225337067 ) ) ;
#1063 = CARTESIAN_POINT ( 'NONE',  ( 0.8334679411129977122, 0.01574803149606299191, -0.7117384121808010278 ) ) ;
#1064 = DIRECTION ( 'NONE',  ( 1.000000000000000000, 0.000000000000000000, 0.000000000000000000 ) ) ;
#1065 = EDGE_LOOP ( 'NONE', ( #1879, #2293, #3813, #5209 ) ) ;
#1066 = CARTESIAN_POINT ( 'NONE',  ( 1.122636425620467504, 0.01574803149606298844, -0.5844222799748887143 ) ) ;
#1067 = CARTESIAN_POINT ( 'NONE',  ( 1.996278443486029897, -2.134256245050205639E-18, -0.6319324330598173889 ) ) ;
#1068 = CARTESIAN_POINT ( 'NONE',  ( 1.376142604005369696, 2.134256245050205639E-18, -0.5132146990251265084 ) ) ;
#1069 = PRODUCT ( 'Eggfinder LCD Case V2 Program Door Text Inlay', 'Eggfinder LCD Case V2 Program Door Text Inlay', '', ( #2195 ) ) ;
#1070 = ORIENTED_EDGE ( 'NONE', *, *, #4615, .T. ) ;
#1071 = VERTEX_POINT ( 'NONE', #3670 ) ;
#1072 = CARTESIAN_POINT ( 'NONE',  ( 0.9540544871799059301, 0.01574803149606299538, -0.5216015625000000044 ) ) ;
#1073 = CARTESIAN_POINT ( 'NONE',  ( 1.230989168791269073, 0.000000000000000000, -0.7305022709825920169 ) ) ;
#1074 = CARTESIAN_POINT ( 'NONE',  ( 0.7230486278049053084, 4.268512490100411279E-18, -0.7393750000000000044 ) ) ;
#1075 = CARTESIAN_POINT ( 'NONE',  ( 1.838379137025604182, -2.134256245050205639E-18, -0.6122730195714291002 ) ) ;
#1076 = CARTESIAN_POINT ( 'NONE',  ( 1.185304487179905886, 0.000000000000000000, -0.5831250000000000044 ) ) ;
#1077 = CARTESIAN_POINT ( 'NONE',  ( 1.706610581149001327, 0.01574803149606299191, -0.6534726155007180015 ) ) ;
#1078 = CARTESIAN_POINT ( 'NONE',  ( 2.113358348082477800, -2.134256245050205639E-18, -0.5189743242880153762 ) ) ;
#1079 = CARTESIAN_POINT ( 'NONE',  ( 1.522866706948486026, 0.01574803149606299885, -0.5045972091795551950 ) ) ;
#1080 = CARTESIAN_POINT ( 'NONE',  ( 0.9616892447190834581, 0.01574803149606299191, -0.7309173442086571715 ) ) ;
#1081 = LINE ( 'NONE', #1445, #555 ) ;
#1082 = ORIENTED_EDGE ( 'NONE', *, *, #1853, .T. ) ;
#1083 = CARTESIAN_POINT ( 'NONE',  ( 0.8482575793316267099, 0.01574803149606298844, -0.5119789072236680116 ) ) ;
#1084 = CARTESIAN_POINT ( 'NONE',  ( 1.612896946833452416, 0.01574803149606299191, -0.7146062921768565612 ) ) ;
#1085 = CARTESIAN_POINT ( 'NONE',  ( 1.713128560777284370, 0.01574803149606299885, -0.7296233851993561004 ) ) ;
#1086 = CARTESIAN_POINT ( 'NONE',  ( 1.524806440304905530, 0.01574803149606299191, -0.7020214843750001155 ) ) ;
#1087 = CARTESIAN_POINT ( 'NONE',  ( 1.710304487179905575, 0.01574803149606299191, -0.5480664062500000266 ) ) ;
#1088 = CARTESIAN_POINT ( 'NONE',  ( 1.561903426995251865, 2.134256245050205639E-18, -0.5073008020406500895 ) ) ;
#1089 = CARTESIAN_POINT ( 'NONE',  ( 2.057257510028259517, 0.000000000000000000, -0.5186778385476670250 ) ) ;
#1090 = FILL_AREA_STYLE ('',( #3394 ) ) ;
#1091 = EDGE_CURVE ( 'NONE', #4005, #162, #1806, .T. ) ;
#1092 = CARTESIAN_POINT ( 'NONE',  ( 1.588527143429905530, 0.000000000000000000, -0.4893750000000000044 ) ) ;
#1093 = EDGE_CURVE ( 'NONE', #1791, #4734, #531, .T. ) ;
#1094 = CARTESIAN_POINT ( 'NONE',  ( 1.593726161428278054, 0.01574803149606299191, -0.4896475354661984358 ) ) ;
#1095 = AXIS2_PLACEMENT_3D ( 'NONE', #3289, #4659, #2390 ) ;
#1096 = CARTESIAN_POINT ( 'NONE',  ( 1.074376596472781609, 0.01574803149606300579, -0.6033404745706892891 ) ) ;
#1097 = CARTESIAN_POINT ( 'NONE',  ( 1.894679487179905752, 0.01574803149606299191, -0.6143750000000000044 ) ) ;
#1098 = CARTESIAN_POINT ( 'NONE',  ( 0.9839861278049059079, 0.01574803149606299191, -0.7393750000000001155 ) ) ;
#1099 = EDGE_CURVE ( 'NONE', #4475, #185, #1286, .T. ) ;
#1100 = VECTOR ( 'NONE', #5443, 39.37007874015748143 ) ;
#1101 = CARTESIAN_POINT ( 'NONE',  ( 2.001571731730191317, 0.01574803149606299191, -0.6300410242652461079 ) ) ;
#1102 = ORIENTED_EDGE ( 'NONE', *, *, #3994, .F. ) ;
#1103 = UNCERTAINTY_MEASURE_WITH_UNIT (LENGTH_MEASURE( 1.000000000000000082E-05 ), #4004, 'distance_accuracy_value', 'NONE');
#1104 = CARTESIAN_POINT ( 'NONE',  ( 1.233233418246066027, 0.000000000000000000, -0.7286887187873851701 ) ) ;
#1105 = CARTESIAN_POINT ( 'NONE',  ( 1.450501394412340384, 0.01574803149606300232, -0.7323075111629346878 ) ) ;
#1106 = CARTESIAN_POINT ( 'NONE',  ( 1.745460737179905575, 0.01574803149606299191, -0.5799999999999999600 ) ) ;
#1107 = CARTESIAN_POINT ( 'NONE',  ( 0.9009294871799053972, 0.000000000000000000, -0.7016796874999999822 ) ) ;
#1108 = DIRECTION ( 'NONE',  ( 1.000000000000000000, 0.000000000000000000, 0.000000000000000000 ) ) ;
#1109 = CARTESIAN_POINT ( 'NONE',  ( 1.852028320624386604, 0.000000000000000000, -0.5149517904640361632 ) ) ;
#1110 = VERTEX_POINT ( 'NONE', #1170 ) ;
#1111 = EDGE_CURVE ( 'NONE', #2109, #2343, #556, .T. ) ;
#1112 = CARTESIAN_POINT ( 'NONE',  ( 1.838379137025604182, 0.000000000000000000, -0.6122730195714291002 ) ) ;
#1113 = ORIENTED_EDGE ( 'NONE', *, *, #2510, .F. ) ;
#1114 = CARTESIAN_POINT ( 'NONE',  ( 0.6948946821016818154, 0.000000000000000000, -0.5158284825360056614 ) ) ;
#1115 = CARTESIAN_POINT ( 'NONE',  ( 1.587301957338526304, 2.134256245050205639E-18, -0.7360433113835537222 ) ) ;
#1116 = CARTESIAN_POINT ( 'NONE',  ( 2.105108418246065760, 0.01574803149606299191, -0.7286887187873851701 ) ) ;
#1117 = DIRECTION ( 'NONE',  ( 0.000000000000000000, 0.000000000000000000, 1.000000000000000000 ) ) ;
#1118 = DIRECTION ( 'NONE',  ( 0.000000000000000000, 1.000000000000000000, 0.000000000000000000 ) ) ;
#1119 = CARTESIAN_POINT ( 'NONE',  ( 2.113429487179905308, -0.1645399120536400472, -0.5214062499999999600 ) ) ;
#1120 = CARTESIAN_POINT ( 'NONE',  ( 1.985697422333190021, 2.134256245050205639E-18, -0.5857795907696653481 ) ) ;
#1121 = CARTESIAN_POINT ( 'NONE',  ( 1.458036284001869909, 0.01574803149606298844, -0.7235988223764778793 ) ) ;
#1122 = CARTESIAN_POINT ( 'NONE',  ( 1.680930020251101054, -2.134256245050205639E-18, -0.6224926959607453014 ) ) ;
#1123 = CARTESIAN_POINT ( 'NONE',  ( 0.7442187974722289656, 4.268512490100411279E-18, -0.7270785883326325028 ) ) ;
#1124 = VERTEX_POINT ( 'NONE', #4089 ) ;
#1125 = CARTESIAN_POINT ( 'NONE',  ( 1.720688806982602959, 0.01574803149606299191, -0.6697168279113173694 ) ) ;
#1126 = ORIENTED_EDGE ( 'NONE', *, *, #2423, .F. ) ;
#1127 = LINE ( 'NONE', #2085, #1100 ) ;
#1128 = CARTESIAN_POINT ( 'NONE',  ( 1.613429487179905530, 0.01574803149606299191, -0.7068066406249999822 ) ) ;
#1129 = CARTESIAN_POINT ( 'NONE',  ( 0.7248498183248278659, 2.134256245050205639E-18, -0.7392897378189623447 ) ) ;
#1130 = CARTESIAN_POINT ( 'NONE',  ( 2.021782668011069983, 6.402768735150616918E-18, -0.6269579293438025669 ) ) ;
#1131 = VERTEX_POINT ( 'NONE', #2808 ) ;
#1132 = CARTESIAN_POINT ( 'NONE',  ( 1.533394957509973899, 6.402768735150616918E-18, -0.7262016775290135451 ) ) ;
#1133 = CARTESIAN_POINT ( 'NONE',  ( 1.527015104572162496, 0.01574803149606299191, -0.5144288845501541196 ) ) ;
#1134 = CARTESIAN_POINT ( 'NONE',  ( 1.769923627804905752, 0.01574803149606299191, -0.5331249999999999600 ) ) ;
#1135 = CARTESIAN_POINT ( 'NONE',  ( 0.9540544871799059301, 0.000000000000000000, -0.5216015625000000044 ) ) ;
#1136 = DIRECTION ( 'NONE',  ( 0.000000000000000000, 1.000000000000000000, 0.000000000000000000 ) ) ;
#1137 = PLANE ( 'NONE',  #4709 ) ;
#1138 = CARTESIAN_POINT ( 'NONE',  ( 1.820855657916423453, 0.000000000000000000, -0.4977059771700541035 ) ) ;
#1139 = CARTESIAN_POINT ( 'NONE',  ( 1.676804996875719045, 2.134256245050205639E-18, -0.6542057912973630041 ) ) ;
#1140 = B_SPLINE_CURVE_WITH_KNOTS ( 'NONE', 3,
 ( #99, #76, #129, #3497, #1435, #2643, #2751, #2331, #558, #3072, #2223, #1803, #153, #4790 ),
 .UNSPECIFIED., .F., .F.,
 ( 4, 2, 2, 2, 2, 2, 4 ),
 ( 0.000000000000000000, 0.0002935070840136796738, 0.0005870141680273593477, 0.001174028336054708721, 0.001761042504082057985, 0.002054549588095741074, 0.002348056672109423947 ),
 .UNSPECIFIED. ) ;
#1141 = FILL_AREA_STYLE_COLOUR ( '', #1539 ) ;
#1142 = CARTESIAN_POINT ( 'NONE',  ( 1.714971774131518689, 0.01574803149606299191, -0.5458067605113027243 ) ) ;
#1143 = CARTESIAN_POINT ( 'NONE',  ( 1.222555632894472888, 1.067128122525102820E-17, -0.7344148740484145454 ) ) ;
#1144 = ADVANCED_FACE ( 'NONE', ( #4117 ), #3662, .T. ) ;
#1145 = CARTESIAN_POINT ( 'NONE',  ( 1.429054487179905575, 0.000000000000000000, -0.5196484375000000044 ) ) ;
#1146 = CARTESIAN_POINT ( 'NONE',  ( 2.107111404935126941, 0.01574803149606299191, -0.7266000665955246740 ) ) ;
#1147 = CARTESIAN_POINT ( 'NONE',  ( 0.7230486278049053084, 2.134256245050205639E-18, -0.7393750000000000044 ) ) ;
#1148 = PLANE ( 'NONE',  #1195 ) ;
#1149 = VECTOR ( 'NONE', #2875, 39.37007874015748143 ) ;
#1150 = CARTESIAN_POINT ( 'NONE',  ( 2.057407124056222614, 0.000000000000000000, -0.5142886079259293419 ) ) ;
#1151 = CARTESIAN_POINT ( 'NONE',  ( 1.691057947734114331, -2.134256245050205639E-18, -0.6236713845239659770 ) ) ;
#1152 = ORIENTED_EDGE ( 'NONE', *, *, #4847, .F. ) ;
#1153 = DIRECTION ( 'NONE',  ( 0.000000000000000000, 0.000000000000000000, -1.000000000000000000 ) ) ;
#1154 = VERTEX_POINT ( 'NONE', #1097 ) ;
#1155 = CARTESIAN_POINT ( 'NONE',  ( 1.082514254960366573, 0.01574803149606299191, -0.7239944762739998207 ) ) ;
#1156 = CARTESIAN_POINT ( 'NONE',  ( 1.610266714444655634, 0.01574803149606299191, -0.7235268945573015698 ) ) ;
#1157 = B_SPLINE_SURFACE_WITH_KNOTS ( 'NONE', 3, 1, ( 
 ( #3539, #4836 ),
 ( #4373, #493 ),
 ( #3947, #974 ),
 ( #2690, #5291 ),
 ( #1026, #2380 ),
 ( #2021, #3682 ),
 ( #2349, #5000 ),
 ( #1936, #686 ),
 ( #1505, #2439 ),
 ( #4946, #3742 ),
 ( #1087, #1451 ) ),
 .UNSPECIFIED., .F., .F., .F.,
 ( 4, 1, 1, 1, 1, 1, 1, 1, 4 ),
 ( 2, 2 ),
 ( 0.000000000000000000, 0.1330733262487469315, 0.2627659362384358599, 0.3887957597851894875, 0.5126889517223318649, 0.6344410886993782084, 0.7564245126272963748, 0.8781791936067050441, 1.000000000000000000 ),
 ( 0.000000000000000000, 1.000000000000000000 ),
 .UNSPECIFIED. ) ;
#1158 = CARTESIAN_POINT ( 'NONE',  ( 0.9991646983031481355, 4.268512490100411279E-18, -0.7348674797975486284 ) ) ;
#1159 = CARTESIAN_POINT ( 'NONE',  ( 1.979054487179905397, 0.01574803149606299191, -0.6598339843749999600 ) ) ;
#1160 = CARTESIAN_POINT ( 'NONE',  ( 1.010304487179905841, 0.01574803149606299191, -0.7072949218750000933 ) ) ;
#1161 = CARTESIAN_POINT ( 'NONE',  ( 1.496241987179905752, 1.707404996040164512E-17, -0.4893750000000001155 ) ) ;
#1162 = VERTEX_POINT ( 'NONE', #668 ) ;
#1163 = CARTESIAN_POINT ( 'NONE',  ( 1.121881214075133970, 0.01574803149606299538, -0.6870469066062081520 ) ) ;
#1164 = CARTESIAN_POINT ( 'NONE',  ( 1.528193775660272591, 0.01574803149606298844, -0.7140213084126223464 ) ) ;
#1165 = CARTESIAN_POINT ( 'NONE',  ( 0.8812601051126202067, 2.134256245050205639E-18, -0.4896107340137542674 ) ) ;
#1166 = DIRECTION ( 'NONE',  ( 0.000000000000000000, 1.000000000000000000, 0.000000000000000000 ) ) ;
#1167 = DIRECTION ( 'NONE',  ( 0.000000000000000000, 1.000000000000000000, 0.000000000000000000 ) ) ;
#1168 = CARTESIAN_POINT ( 'NONE',  ( 2.110245542610794445, 0.000000000000000000, -0.7215162773531212936 ) ) ;
#1169 = CARTESIAN_POINT ( 'NONE',  ( 0.8311052684299053972, -0.1645399120536400472, -0.7079785156249999156 ) ) ;
#1170 = CARTESIAN_POINT ( 'NONE',  ( 2.016798627804905486, 0.01574803149606299191, -0.7362499999999999600 ) ) ;
#1171 = CARTESIAN_POINT ( 'NONE',  ( 0.8981951121799053306, 2.134256245050205639E-18, -0.7209667968749999822 ) ) ;
#1172 = CARTESIAN_POINT ( 'NONE',  ( 1.772884450528833034, 2.134256245050205639E-18, -0.6143659011276845217 ) ) ;
#1173 = EDGE_CURVE ( 'NONE', #5416, #4349, #1486, .T. ) ;
#1174 = CARTESIAN_POINT ( 'NONE',  ( 1.104550237444370753, 0.01574803149606299191, -0.5880286626417446927 ) ) ;
#1175 = CARTESIAN_POINT ( 'NONE',  ( 1.185382510028260228, 0.000000000000000000, -0.5186778385476670250 ) ) ;
#1176 = DIRECTION ( 'NONE',  ( 0.000000000000000000, 1.000000000000000000, 0.000000000000000000 ) ) ;
#1177 = CARTESIAN_POINT ( 'NONE',  ( 1.056748798460251715, 0.000000000000000000, -0.6279117520509200912 ) ) ;
#1178 = ORIENTED_EDGE ( 'NONE', *, *, #4703, .T. ) ;
#1179 = CARTESIAN_POINT ( 'NONE',  ( 1.433115318383023640, 6.402768735150616918E-18, -0.7361275896145631492 ) ) ;
#1180 = CARTESIAN_POINT ( 'NONE',  ( 2.057179487179905397, 0.01574803149606299191, -0.5831250000000000044 ) ) ;
#1181 = CARTESIAN_POINT ( 'NONE',  ( 1.838429487179906063, -2.134256245050205639E-18, -0.6155957031250001155 ) ) ;
#1182 = CARTESIAN_POINT ( 'NONE',  ( 1.220537491511593187, -2.134256245050205639E-18, -0.4896771582000229994 ) ) ;
#1183 = PLANE ( 'NONE',  #3866 ) ;
#1184 = CARTESIAN_POINT ( 'NONE',  ( 1.684434984871821639, 0.01574803149606299191, -0.5103719722821387084 ) ) ;
#1185 = EDGE_LOOP ( 'NONE', ( #3009, #4956, #512, #4325 ) ) ;
#1186 = ORIENTED_EDGE ( 'NONE', *, *, #3808, .T. ) ;
#1187 = CARTESIAN_POINT ( 'NONE',  ( 2.057179487179905397, -0.3448278556033430586, -0.5831250000000000044 ) ) ;
#1188 = CARTESIAN_POINT ( 'NONE',  ( 1.603529295976721780, 2.134256245050205639E-18, -0.7307674476966626864 ) ) ;
#1189 = CARTESIAN_POINT ( 'NONE',  ( 0.7283223191602938851, 2.134256245050205639E-18, -0.7391253615402667565 ) ) ;
#1190 = CARTESIAN_POINT ( 'NONE',  ( 0.9839861278049059079, 0.000000000000000000, -0.4893750000000001155 ) ) ;
#1191 = DIRECTION ( 'NONE',  ( 1.000000000000000000, 0.000000000000000000, 0.000000000000000000 ) ) ;
#1192 = EDGE_LOOP ( 'NONE', ( #3540, #1512, #3478, #1591 ) ) ;
#1193 = CARTESIAN_POINT ( 'NONE',  ( 1.715405917995800333, 2.134256245050205639E-18, -0.6619560225051788205 ) ) ;
#1194 = CARTESIAN_POINT ( 'NONE',  ( 1.768400757564957182, 0.01574803149606299191, -0.5845930326826114243 ) ) ;
#1195 = AXIS2_PLACEMENT_3D ( 'NONE', #275, #1118, #4529 ) ;
#1196 = CARTESIAN_POINT ( 'NONE',  ( 0.8478044871799053084, 0.000000000000000000, -0.5198437500000000488 ) ) ;
#1197 = EDGE_CURVE ( 'NONE', #1426, #4888, #266, .T. ) ;
#1198 = CARTESIAN_POINT ( 'NONE',  ( 1.457960737179905486, 0.000000000000000000, -0.5314648437500000266 ) ) ;
#1199 = CARTESIAN_POINT ( 'NONE',  ( 2.057179487179905397, 0.000000000000000000, -0.5831250000000000044 ) ) ;
#1200 = CARTESIAN_POINT ( 'NONE',  ( 1.771241987179906108, 0.01574803149606299538, -0.6956250000000001599 ) ) ;
#1201 = EDGE_CURVE ( 'NONE', #2288, #417, #12, .T. ) ;
#1202 = CARTESIAN_POINT ( 'NONE',  ( 1.517968615889645712, 0.000000000000000000, -0.4979413322131798214 ) ) ;
#1203 = CARTESIAN_POINT ( 'NONE',  ( 1.693409955929905619, 2.134256245050205639E-18, -0.6500195312500000044 ) ) ;
#1204 = CARTESIAN_POINT ( 'NONE',  ( 0.9989446013652710787, 0.01574803149606299191, -0.4936502317813384333 ) ) ;
#1205 = AXIS2_PLACEMENT_3D ( 'NONE', #883, #3634, #3142 ) ;
#1206 = CARTESIAN_POINT ( 'NONE',  ( 1.064187937789624838, 6.402768735150616918E-18, -0.6144818557087915467 ) ) ;
#1207 = CARTESIAN_POINT ( 'NONE',  ( 1.463077998984859907, -2.134256245050205639E-18, -0.7086071453434762413 ) ) ;
#1208 = CARTESIAN_POINT ( 'NONE',  ( 1.008685021262136328, -2.134256245050205639E-18, -0.7209525945835419947 ) ) ;
#1209 = CARTESIAN_POINT ( 'NONE',  ( 1.429038886757755478, 0.01574803149606298844, -0.7362073259274009018 ) ) ;
#1210 = CARTESIAN_POINT ( 'NONE',  ( 1.986394734441949250, 2.134256245050205639E-18, -0.6814065122916799222 ) ) ;
#1211 = CARTESIAN_POINT ( 'NONE',  ( 2.083507787569097491, 0.01574803149606299191, -0.7362273807603317843 ) ) ;
#1212 = CARTESIAN_POINT ( 'NONE',  ( 1.988784020843522571, 0.01574803149606299191, -0.5852148037595826802 ) ) ;
#1213 = B_SPLINE_SURFACE_WITH_KNOTS ( 'NONE', 3, 1, ( 
 ( #3702, #713 ),
 ( #5374, #1473 ),
 ( #598, #4995 ),
 ( #2315, #4969 ),
 ( #5345, #2344 ),
 ( #3617, #682 ),
 ( #3186, #4910 ),
 ( #3677, #2765 ),
 ( #4494, #1499 ),
 ( #4158, #5400 ),
 ( #655, #2374 ) ),
 .UNSPECIFIED., .F., .F., .F.,
 ( 4, 1, 1, 1, 1, 1, 1, 1, 4 ),
 ( 2, 2 ),
 ( 0.000000000000000000, 0.1083625427723342444, 0.2179321617883494544, 0.3333712092284985551, 0.4596966744870134569, 0.5901616249011426563, 0.7207242691456540173, 0.8558783121450039832, 1.000000000000000000 ),
 ( 0.000000000000000000, 1.000000000000000000 ),
 .UNSPECIFIED. ) ;
#1214 = CARTESIAN_POINT ( 'NONE',  ( 0.9839861278049059079, 0.01574803149606299191, -0.7393750000000001155 ) ) ;
#1215 = VERTEX_POINT ( 'NONE', #5501 ) ;
#1216 = EDGE_LOOP ( 'NONE', ( #3056, #3082, #256, #3646 ) ) ;
#1217 = CARTESIAN_POINT ( 'NONE',  ( 1.751759565304905619, 0.01574803149606299191, -0.6237500000000000266 ) ) ;
#1218 = B_SPLINE_CURVE_WITH_KNOTS ( 'NONE', 3,
 ( #4381, #4012, #3101, #178, #1008, #931, #1408 ),
 .UNSPECIFIED., .F., .F.,
 ( 4, 1, 1, 1, 4 ),
 ( 0.000000000000000000, 0.2943402270832192191, 0.5600815636156156740, 0.7933767436914694882, 1.000000000000000000 ),
 .UNSPECIFIED. ) ;
#1219 = DIRECTION ( 'NONE',  ( -1.000000000000000000, 0.000000000000000000, 0.000000000000000000 ) ) ;
#1220 = EDGE_CURVE ( 'NONE', #1712, #5351, #593, .T. ) ;
#1221 = LINE ( 'NONE', #4566, #2794 ) ;
#1222 = PLANE ( 'NONE',  #347 ) ;
#1223 = ORIENTED_EDGE ( 'NONE', *, *, #10, .F. ) ;
#1224 = FACE_BOUND ( 'NONE', #4446, .T. ) ;
#1225 = CARTESIAN_POINT ( 'NONE',  ( 2.111867746087522590, 2.134256245050205639E-18, -0.5078715846304679982 ) ) ;
#1226 = DIRECTION ( 'NONE',  ( 0.000000000000000000, 0.000000000000000000, 1.000000000000000000 ) ) ;
#1227 = CARTESIAN_POINT ( 'NONE',  ( 1.524806440304905530, 2.134256245050205639E-18, -0.7020214843750001155 ) ) ;
#1228 = CARTESIAN_POINT ( 'NONE',  ( 1.740454092043963064, 6.402768735150616918E-18, -0.6888545350961746694 ) ) ;
#1229 = CARTESIAN_POINT ( 'NONE',  ( 1.101837058032423711, 0.01574803149606298844, -0.7320828900431359809 ) ) ;
#1230 = DIRECTION ( 'NONE',  ( 1.000000000000000000, 0.000000000000000000, 0.000000000000000000 ) ) ;
#1231 = LINE ( 'NONE', #3833, #1331 ) ;
#1232 = CARTESIAN_POINT ( 'NONE',  ( 1.800328835304180641, 0.01574803149606298844, -0.7365428456248066524 ) ) ;
#1233 = CARTESIAN_POINT ( 'NONE',  ( 1.220537491511593187, -2.134256245050205639E-18, -0.4896771582000229994 ) ) ;
#1234 = CARTESIAN_POINT ( 'NONE',  ( 1.453839067587300748, 6.402768735150616918E-18, -0.7296764973674428889 ) ) ;
#1235 = CARTESIAN_POINT ( 'NONE',  ( 2.087418124153548327, 0.000000000000000000, -0.7358011333994025627 ) ) ;
#1236 = CARTESIAN_POINT ( 'NONE',  ( 1.576503429023484726, 0.000000000000000000, -0.4911699182281333842 ) ) ;
#1237 = LINE ( 'NONE', #1655, #2447 ) ;
#1238 = B_SPLINE_CURVE_WITH_KNOTS ( 'NONE', 3,
 ( #3399, #749, #2584, #445, #3807, #1271, #331, #2531, #5555, #1588 ),
 .UNSPECIFIED., .F., .F.,
 ( 4, 2, 2, 2, 4 ),
 ( 0.000000000000000000, 0.0003437964083910843502, 0.0006875928167821687004, 0.001031389225173253051, 0.001375185633564337401 ),
 .UNSPECIFIED. ) ;
#1239 = CARTESIAN_POINT ( 'NONE',  ( 2.016798627804905486, 0.01574803149606299191, -0.7362499999999999600 ) ) ;
#1240 = CARTESIAN_POINT ( 'NONE',  ( 0.8702165965549053528, 6.402768735150616918E-18, -0.7393750000000000044 ) ) ;
#1241 = EDGE_CURVE ( 'NONE', #1624, #1264, #3940, .T. ) ;
#1242 = VERTEX_POINT ( 'NONE', #1996 ) ;
#1243 = EDGE_CURVE ( 'NONE', #3203, #933, #2061, .T. ) ;
#1244 = EDGE_LOOP ( 'NONE', ( #701, #4633, #4756, #3513 ) ) ;
#1245 = CARTESIAN_POINT ( 'NONE',  ( 1.580519330929905486, 2.134256245050205639E-18, -0.7362499999999999600 ) ) ;
#1246 = CARTESIAN_POINT ( 'NONE',  ( 1.375949032086511536, -2.134256245050205639E-18, -0.7081110065730980008 ) ) ;
#1247 = CARTESIAN_POINT ( 'NONE',  ( 1.774014222424570519, 0.01574803149606299191, -0.4894713636712924032 ) ) ;
#1248 = AXIS2_PLACEMENT_3D ( 'NONE', #447, #5556, #5097 ) ;
#1249 = CARTESIAN_POINT ( 'NONE',  ( 0.9713539534111289564, 0.01574803149606299538, -0.4912763834839860011 ) ) ;
#1250 = CARTESIAN_POINT ( 'NONE',  ( 1.808478006240442859, 0.01574803149606299191, -0.5434708510946626436 ) ) ;
#1251 = CARTESIAN_POINT ( 'NONE',  ( 1.489674841191251264, 0.01574803149606299538, -0.4896093089674877219 ) ) ;
#1252 = ORIENTED_EDGE ( 'NONE', *, *, #1197, .F. ) ;
#1253 = CARTESIAN_POINT ( 'NONE',  ( 1.664406049679905797, -0.3448278556033430586, -0.6747265625000000711 ) ) ;
#1254 = CARTESIAN_POINT ( 'NONE',  ( 0.8777482983523854365, 2.134256245050205639E-18, -0.4894554326371468034 ) ) ;
#1255 = CARTESIAN_POINT ( 'NONE',  ( 1.886340918577241954, 0.01574803149606299191, -0.6657903054405369669 ) ) ;
#1256 = CARTESIAN_POINT ( 'NONE',  ( 1.773752465236892117, 0.01574803149606298844, -0.6955825106874353736 ) ) ;
#1257 = CARTESIAN_POINT ( 'NONE',  ( 1.560433784061151963, 0.01574803149606299538, -0.5157330064557643645 ) ) ;
#1258 = VERTEX_POINT ( 'NONE', #5534 ) ;
#1259 = CARTESIAN_POINT ( 'NONE',  ( 1.404298627804905442, -0.3448278556033430586, -0.4893750000000000044 ) ) ;
#1260 = DIRECTION ( 'NONE',  ( 0.000000000000000000, 0.000000000000000000, -1.000000000000000000 ) ) ;
#1261 = DIRECTION ( 'NONE',  ( -1.000000000000000000, 0.000000000000000000, 0.000000000000000000 ) ) ;
#1262 = LINE ( 'NONE', #5031, #1736 ) ;
#1263 = CARTESIAN_POINT ( 'NONE',  ( 0.8702165965549053528, 0.01574803149606298844, -0.7393750000000000044 ) ) ;
#1264 = VERTEX_POINT ( 'NONE', #1245 ) ;
#1265 = CARTESIAN_POINT ( 'NONE',  ( 1.776564252804905708, 0.01574803149606299191, -0.6016308593750000488 ) ) ;
#1266 = SURFACE_STYLE_FILL_AREA ( #1090 ) ;
#1267 = PLANE ( 'NONE',  #3523 ) ;
#1268 = CARTESIAN_POINT ( 'NONE',  ( 0.7332614639089398700, 0.01574803149606298844, -0.7376097719688642362 ) ) ;
#1269 = EDGE_LOOP ( 'NONE', ( #2714, #4560, #3900, #3164 ) ) ;
#1270 = CARTESIAN_POINT ( 'NONE',  ( 1.837336015419612334, -2.134256245050205639E-18, -0.6337440644695004899 ) ) ;
#1271 = CARTESIAN_POINT ( 'NONE',  ( 1.236411090216192665, 0.01574803149606299191, -0.7257365849973886895 ) ) ;
#1272 = CARTESIAN_POINT ( 'NONE',  ( 2.009895144867603012, 0.000000000000000000, -0.7362523579507957994 ) ) ;
#1273 = EDGE_CURVE ( 'NONE', #5125, #3923, #1662, .T. ) ;
#1274 = EDGE_CURVE ( 'NONE', #3503, #367, #905, .T. ) ;
#1275 = CARTESIAN_POINT ( 'NONE',  ( 1.609779303471527534, 2.134256245050205639E-18, -0.5012731594545389857 ) ) ;
#1276 = ORIENTED_EDGE ( 'NONE', *, *, #1987, .F. ) ;
#1277 = ORIENTED_EDGE ( 'NONE', *, *, #3332, .T. ) ;
#1278 = EDGE_CURVE ( 'NONE', #4369, #4120, #3707, .T. ) ;
#1279 = CARTESIAN_POINT ( 'NONE',  ( 0.9757708319106908057, 0.01574803149606299191, -0.4901132356928744604 ) ) ;
#1280 = CARTESIAN_POINT ( 'NONE',  ( 1.112670047573996346, -2.134256245050205639E-18, -0.6406349633961225809 ) ) ;
#1281 =( NAMED_UNIT ( * ) PLANE_ANGLE_UNIT ( ) SI_UNIT ( $, .RADIAN. ) );
#1282 = CARTESIAN_POINT ( 'NONE',  ( 2.017677534054905575, 0.01574803149606299191, -0.5831250000000000044 ) ) ;
#1283 = CARTESIAN_POINT ( 'NONE',  ( 1.560304487179905664, 0.000000000000000000, -0.5196484375000000044 ) ) ;
#1284 = EDGE_CURVE ( 'NONE', #2836, #4728, #4133, .T. ) ;
#1285 = CARTESIAN_POINT ( 'NONE',  ( 0.7190937461603852388, 0.01574803149606299191, -0.7391937762433610226 ) ) ;
#1286 = B_SPLINE_CURVE_WITH_KNOTS ( 'NONE', 3,
 ( #4154, #3269, #4576, #2041, #3761, #2883, #5025, #2464, #4186, #1578, #4608, #320, #3296, #735 ),
 .UNSPECIFIED., .F., .F.,
 ( 4, 2, 2, 2, 2, 2, 4 ),
 ( 0.000000000000000000, 0.0002002507232990563795, 0.0004005014465981127591, 0.0008010028931962087130, 0.001001253616495261000, 0.001201504339794313286, 0.001602005786392407018 ),
 .UNSPECIFIED. ) ;
#1287 = LINE ( 'NONE', #4691, #2588 ) ;
#1288 = CARTESIAN_POINT ( 'NONE',  ( 1.833607059997175659, 8.537024980200822558E-18, -0.6500644315707517773 ) ) ;
#1289 = CARTESIAN_POINT ( 'NONE',  ( 1.745283156712634565, 6.402768735150616918E-18, -0.6912848327287646200 ) ) ;
#1290 = CARTESIAN_POINT ( 'NONE',  ( 1.425377796716588374, 0.01574803149606299538, -0.5014018362069876389 ) ) ;
#1291 = CARTESIAN_POINT ( 'NONE',  ( 1.078731691666809045, -2.134256245050205639E-18, -0.7215291218473318668 ) ) ;
#1292 = CARTESIAN_POINT ( 'NONE',  ( 1.185304487179905886, 0.000000000000000000, -0.5209667968750000266 ) ) ;
#1293 = VECTOR ( 'NONE', #3428, 39.37007874015748143 ) ;
#1294 = CARTESIAN_POINT ( 'NONE',  ( 0.8870561645206488377, 0.01574803149606298844, -0.7343265376928468369 ) ) ;
#1295 = ORIENTED_EDGE ( 'NONE', *, *, #981, .T. ) ;
#1296 = CARTESIAN_POINT ( 'NONE',  ( 1.964515483710597588, 0.01574803149606298844, -0.7291341438346857773 ) ) ;
#1297 = EDGE_CURVE ( 'NONE', #665, #2929, #574, .T. ) ;
#1298 = CARTESIAN_POINT ( 'NONE',  ( 1.660773506594491078, 0.01574803149606298497, -0.5286268323446476902 ) ) ;
#1299 = AXIS2_PLACEMENT_3D ( 'NONE', #4760, #455, #2169 ) ;
#1300 = ORIENTED_EDGE ( 'NONE', *, *, #2327, .T. ) ;
#1301 = DIRECTION ( 'NONE',  ( 0.000000000000000000, 1.000000000000000000, 0.000000000000000000 ) ) ;
#1302 = CARTESIAN_POINT ( 'NONE',  ( 1.006565824421327138, 0.01574803149606298844, -0.7264465654028582353 ) ) ;
#1303 = VECTOR ( 'NONE', #387, 39.37007874015748143 ) ;
#1304 = CARTESIAN_POINT ( 'NONE',  ( 0.8478044871799053084, 0.000000000000000000, -0.6550000000000000266 ) ) ;
#1305 = CARTESIAN_POINT ( 'NONE',  ( 0.7665544871799053750, 0.01574803149606298844, -0.5189160156250000044 ) ) ;
#1306 = ORIENTED_EDGE ( 'NONE', *, *, #8, .T. ) ;
#1307 = ORIENTED_EDGE ( 'NONE', *, *, #2610, .T. ) ;
#1308 = CARTESIAN_POINT ( 'NONE',  ( 1.397427255402597046, -2.134256245050205639E-18, -0.7347834679733039609 ) ) ;
#1309 = CARTESIAN_POINT ( 'NONE',  ( 0.9678864969446169253, 0.01574803149606299538, -0.4928146213869634140 ) ) ;
#1310 = FACE_OUTER_BOUND ( 'NONE', #3896, .T. ) ;
#1311 = CARTESIAN_POINT ( 'NONE',  ( 1.085337064746080049, 0.01574803149606299538, -0.7256772953896107881 ) ) ;
#1312 = CARTESIAN_POINT ( 'NONE',  ( 1.052193291746615467, -2.134256245050205639E-18, -0.6770761326926553192 ) ) ;
#1313 = CARTESIAN_POINT ( 'NONE',  ( 1.145802534054905841, 0.01574803149606299191, -0.5831250000000000044 ) ) ;
#1314 = CARTESIAN_POINT ( 'NONE',  ( 0.9008050971641711202, 0.01574803149606298844, -0.5161537163743808998 ) ) ;
#1315 = CARTESIAN_POINT ( 'NONE',  ( 1.659002355286515629, 0.01574803149606299191, -0.5325534197047187002 ) ) ;
#1316 = ORIENTED_EDGE ( 'NONE', *, *, #3435, .F. ) ;
#1317 = CARTESIAN_POINT ( 'NONE',  ( 1.386586445447966165, 2.134256245050205639E-18, -0.7303482480404905886 ) ) ;
#1318 = DIRECTION ( 'NONE',  ( 0.000000000000000000, 0.000000000000000000, -1.000000000000000000 ) ) ;
#1319 = VERTEX_POINT ( 'NONE', #4885 ) ;
#1320 = CARTESIAN_POINT ( 'NONE',  ( 0.7267464174958314649, 0.01574803149606299191, -0.7391984347275962763 ) ) ;
#1321 = CARTESIAN_POINT ( 'NONE',  ( 1.052077231759452003, 0.01574803149606299191, -0.6763085150584853267 ) ) ;
#1322 = CARTESIAN_POINT ( 'NONE',  ( 1.997065884624477983, 0.01574803149606299191, -0.7356584067465468113 ) ) ;
#1323 = ORIENTED_EDGE ( 'NONE', *, *, #936, .F. ) ;
#1324 = ORIENTED_EDGE ( 'NONE', *, *, #1792, .F. ) ;
#1325 = CARTESIAN_POINT ( 'NONE',  ( 1.613138792000309518, 0.01574803149606300232, -0.5122384158897693718 ) ) ;
#1326 = VERTEX_POINT ( 'NONE', #2379 ) ;
#1327 = EDGE_LOOP ( 'NONE', ( #394, #823, #281, #3811 ) ) ;
#1328 = CARTESIAN_POINT ( 'NONE',  ( 0.9678432635927453065, 0.01574803149606299191, -0.7359154800402379903 ) ) ;
#1329 = CARTESIAN_POINT ( 'NONE',  ( 0.9737690456508686365, 0.01574803149606299538, -0.4906064650031028429 ) ) ;
#1330 = DIRECTION ( 'NONE',  ( 0.000000000000000000, -0.000000000000000000, 1.000000000000000000 ) ) ;
#1331 = VECTOR ( 'NONE', #5545, 39.37007874015748854 ) ;
#1332 = DIRECTION ( 'NONE',  ( 0.000000000000000000, 0.000000000000000000, -1.000000000000000000 ) ) ;
#1333 = LINE ( 'NONE', #2198, #5425 ) ;
#1334 = CARTESIAN_POINT ( 'NONE',  ( 1.407564196261656519, 0.01574803149606299538, -0.7361504841711039582 ) ) ;
#1335 = VECTOR ( 'NONE', #3320, 39.37007874015748143 ) ;
#1336 = EDGE_CURVE ( 'NONE', #462, #789, #1904, .T. ) ;
#1337 = CARTESIAN_POINT ( 'NONE',  ( 0.8942947290157428064, 0.000000000000000000, -0.4972820757421343441 ) ) ;
#1338 = EDGE_CURVE ( 'NONE', #4968, #5553, #1025, .T. ) ;
#1339 = ORIENTED_EDGE ( 'NONE', *, *, #2599, .F. ) ;
#1340 = CARTESIAN_POINT ( 'NONE',  ( 1.998454248247542031, 2.134256245050205639E-18, -0.6888589245931215910 ) ) ;
#1341 = EDGE_CURVE ( 'NONE', #1758, #2207, #3623, .T. ) ;
#1342 = ORIENTED_EDGE ( 'NONE', *, *, #1201, .F. ) ;
#1343 = B_SPLINE_CURVE_WITH_KNOTS ( 'NONE', 3,
 ( #2470, #4699, #5144, #3838, #836, #1177, #4315, #5488, #4727, #2889, #4613, #3392, #742, #3337, #4288, #410, #325, #5057, #1616 ),
 .UNSPECIFIED., .F., .F.,
 ( 4, 1, 1, 1, 1, 1, 1, 1, 1, 1, 1, 1, 1, 1, 1, 1, 4 ),
 ( 0.000000000000000000, 0.06471401816636546123, 0.1260074759657009158, 0.1848404604205493573, 0.2412139089641156531, 0.2962365839730131123, 0.3506218337640996663, 0.4049891146124617869, 0.4601104791148301065, 0.5167961286223616835, 0.5752343926751204428, 0.6364091737907190405, 0.7005078337452680382, 0.7688271593737624476, 0.8409926476957445551, 0.9181950594621326456, 1.000000000000000000 ),
 .UNSPECIFIED. ) ;
#1344 = CARTESIAN_POINT ( 'NONE',  ( 1.670022578766260368, 0.01574803149606299191, -0.6190106614233651383 ) ) ;
#1345 = B_SPLINE_SURFACE_WITH_KNOTS ( 'NONE', 3, 1, ( 
 ( #5068, #1240 ),
 ( #847, #1658 ),
 ( #4708, #785 ),
 ( #3810, #4679 ),
 ( #2563, #4299 ),
 ( #420, #2133 ),
 ( #1715, #2471 ),
 ( #3769, #2918 ),
 ( #4646, #1617 ),
 ( #5489, #4191 ),
 ( #5058, #3338 ),
 ( #326, #2048 ),
 ( #3564, #1766 ) ),
 .UNSPECIFIED., .F., .F., .F.,
 ( 4, 1, 1, 1, 1, 1, 1, 1, 1, 1, 4 ),
 ( 2, 2 ),
 ( 0.000000000000000000, 0.07535272531117850892, 0.1457101459564908996, 0.2120494024962112922, 0.2759698615500869590, 0.3943682188678130363, 0.5031898768367717434, 0.6106090348338225615, 0.7233993654665143991, 0.8507550168245121558, 1.000000000000000000 ),
 ( 0.000000000000000000, 1.000000000000000000 ),
 .UNSPECIFIED. ) ;
#1346 = CARTESIAN_POINT ( 'NONE',  ( 0.7178317637925270001, 0.01574803149606299191, -0.4900598284851693798 ) ) ;
#1347 = CARTESIAN_POINT ( 'NONE',  ( 1.772884450528833034, -2.134256245050205639E-18, -0.6143659011276845217 ) ) ;
#1348 = CARTESIAN_POINT ( 'NONE',  ( 1.766896284054905619, 0.01574803149606299538, -0.7393750000000000044 ) ) ;
#1349 = VERTEX_POINT ( 'NONE', #1558 ) ;
#1350 = FACE_OUTER_BOUND ( 'NONE', #3211, .T. ) ;
#1351 = VERTEX_POINT ( 'NONE', #1147 ) ;
#1352 = FILL_AREA_STYLE ('',( #4838 ) ) ;
#1353 = ORIENTED_EDGE ( 'NONE', *, *, #1278, .T. ) ;
#1354 = CARTESIAN_POINT ( 'NONE',  ( 0.6948946821016818154, 2.134256245050205639E-18, -0.5158284825360056614 ) ) ;
#1355 = CARTESIAN_POINT ( 'NONE',  ( 0.9819058335836065021, 0.01574803149606300579, -0.7392915459273675660 ) ) ;
#1356 = CARTESIAN_POINT ( 'NONE',  ( 1.976532787042074135, 0.000000000000000000, -0.7328658653892226038 ) ) ;
#1357 = CARTESIAN_POINT ( 'NONE',  ( 1.131486889415794339, 2.134256245050205639E-18, -0.6902494895767093963 ) ) ;
#1358 = CARTESIAN_POINT ( 'NONE',  ( 1.428973828345612374, 0.000000000000000000, -0.5173155831521890624 ) ) ;
#1359 = CARTESIAN_POINT ( 'NONE',  ( 1.827661828411983214, 0.01574803149606298844, -0.6640829252053401799 ) ) ;
#1360 = LINE ( 'NONE', #5222, #2804 ) ;
#1361 = EDGE_LOOP ( 'NONE', ( #3788, #5348, #2689, #3846, #2935, #5213, #786, #924, #3159, #4548, #5234, #695, #3916, #3088, #2589 ) ) ;
#1362 = CARTESIAN_POINT ( 'NONE',  ( 1.952926659418518840, 6.402768735150616918E-18, -0.5984973928187045100 ) ) ;
#1363 = CARTESIAN_POINT ( 'NONE',  ( 0.9540544871799059301, -0.3448278556033430586, -0.5216015625000000044 ) ) ;
#1364 = EDGE_CURVE ( 'NONE', #1264, #973, #4473, .T. ) ;
#1365 = CARTESIAN_POINT ( 'NONE',  ( 0.8972963424864434101, 0.000000000000000000, -0.5017395451863837508 ) ) ;
#1366 = EDGE_LOOP ( 'NONE', ( #2772, #1602, #2906, #3823, #3970, #947, #3457, #1921, #526, #1472 ) ) ;
#1367 = VERTEX_POINT ( 'NONE', #4108 ) ;
#1368 = CARTESIAN_POINT ( 'NONE',  ( 1.686609343486752621, 0.01574803149606299885, -0.6234028595366462033 ) ) ;
#1369 = CARTESIAN_POINT ( 'NONE',  ( 0.9009294871799053972, 0.01574803149606299191, -0.7016796874999999822 ) ) ;
#1370 = CARTESIAN_POINT ( 'NONE',  ( 1.742937513423403750, 0.000000000000000000, -0.7378313643018082901 ) ) ;
#1371 = ORIENTED_EDGE ( 'NONE', *, *, #3781, .T. ) ;
#1372 = VECTOR ( 'NONE', #1504, 39.37007874015748143 ) ;
#1373 = VERTEX_POINT ( 'NONE', #3280 ) ;
#1374 = VECTOR ( 'NONE', #4820, 39.37007874015748143 ) ;
#1375 = ORIENTED_EDGE ( 'NONE', *, *, #3683, .F. ) ;
#1376 = LENGTH_MEASURE_WITH_UNIT ( LENGTH_MEASURE( 0.02539999999999999897 ), #3949 );
#1377 = ORIENTED_EDGE ( 'NONE', *, *, #5201, .F. ) ;
#1378 = CARTESIAN_POINT ( 'NONE',  ( 2.084594781241063899, 0.000000000000000000, -0.4894709107017726213 ) ) ;
#1379 = DIRECTION ( 'NONE',  ( 0.5185576816259125366, 0.000000000000000000, -0.8550426485426084744 ) ) ;
#1380 = CARTESIAN_POINT ( 'NONE',  ( 1.708046244408803593, 0.01574803149606298150, -0.7274486086276623631 ) ) ;
#1381 = VECTOR ( 'NONE', #1611, 39.37007874015748143 ) ;
#1382 = LINE ( 'NONE', #4270, #168 ) ;
#1383 = CARTESIAN_POINT ( 'NONE',  ( 1.122327413818216213, 2.134256245050205639E-18, -0.6872853059217891580 ) ) ;
#1384 = FACE_OUTER_BOUND ( 'NONE', #451, .T. ) ;
#1385 = CARTESIAN_POINT ( 'NONE',  ( 1.852314904582269328, 2.134256245050205639E-18, -0.7135240400532313343 ) ) ;
#1386 = LINE ( 'NONE', #4484, #1374 ) ;
#1387 = CARTESIAN_POINT ( 'NONE',  ( 1.384527955116684028, 0.01574803149606300232, -0.7288527092742372870 ) ) ;
#1388 = CARTESIAN_POINT ( 'NONE',  ( 1.456182082736453776, -2.134256245050205639E-18, -0.7269627238124476420 ) ) ;
#1389 = CARTESIAN_POINT ( 'NONE',  ( 1.659002355286515629, -2.134256245050205639E-18, -0.5325534197047187002 ) ) ;
#1390 = CARTESIAN_POINT ( 'NONE',  ( 1.824487736825889606, -2.134256245050205639E-18, -0.5593313761245476412 ) ) ;
#1391 = CARTESIAN_POINT ( 'NONE',  ( 1.409419473140379742, 2.134256245050205639E-18, -0.7361919806855357074 ) ) ;
#1392 = CARTESIAN_POINT ( 'NONE',  ( 2.057179487179905397, 0.01574803149606299191, -0.5831250000000000044 ) ) ;
#1393 = ORIENTED_EDGE ( 'NONE', *, *, #4273, .T. ) ;
#1394 = CARTESIAN_POINT ( 'NONE',  ( 1.185304487179905886, -0.1645399120536400472, -0.5209667968750000266 ) ) ;
#1395 = CARTESIAN_POINT ( 'NONE',  ( 2.101584391012098152, 0.01574803149606299538, -0.7317927498611404014 ) ) ;
#1396 = CARTESIAN_POINT ( 'NONE',  ( 1.241554487179905797, 1.067128122525102820E-17, -0.7037304687500000044 ) ) ;
#1397 = ORIENTED_EDGE ( 'NONE', *, *, #1749, .F. ) ;
#1398 = VERTEX_POINT ( 'NONE', #4999 ) ;
#1399 = VERTEX_POINT ( 'NONE', #4056 ) ;
#1400 = CARTESIAN_POINT ( 'NONE',  ( 1.967856238116828749, 2.134256245050205639E-18, -0.5908602598766081737 ) ) ;
#1401 = ADVANCED_FACE ( 'NONE', ( #2796 ), #3681, .T. ) ;
#1402 = CARTESIAN_POINT ( 'NONE',  ( 0.8759294871799053750, 0.000000000000000000, -0.4893750000000000044 ) ) ;
#1403 = CARTESIAN_POINT ( 'NONE',  ( 1.657290006273648864, 2.134256245050205639E-18, -0.5972788753130612305 ) ) ;
#1404 = ADVANCED_FACE ( 'NONE', ( #632 ), #1055, .F. ) ;
#1405 = B_SPLINE_CURVE_WITH_KNOTS ( 'NONE', 3,
 ( #1453, #3163, #495, #67, #4887, #1027, #2744, #4474, #2190, #3489, #4781, #923, #2636, #2660 ),
 .UNSPECIFIED., .F., .F.,
 ( 4, 2, 2, 2, 2, 2, 4 ),
 ( 0.000000000000000000, 0.0001531088750305836072, 0.0003062177500611672144, 0.0006124355001223344289, 0.0009186532501835016976, 0.001071762125214085169, 0.001224871000244668858 ),
 .UNSPECIFIED. ) ;
#1406 = PLANE ( 'NONE',  #1299 ) ;
#1407 = CARTESIAN_POINT ( 'NONE',  ( 1.377517148579386896, 0.01574803149606299538, -0.5072631977476020904 ) ) ;
#1408 = CARTESIAN_POINT ( 'NONE',  ( 0.8981951121799053306, 2.134256245050205639E-18, -0.7209667968749999822 ) ) ;
#1409 = CARTESIAN_POINT ( 'NONE',  ( 2.016798627804905486, -0.1645399120536400472, -0.7362499999999999600 ) ) ;
#1410 = VECTOR ( 'NONE', #1657, 39.37007874015748143 ) ;
#1411 = CARTESIAN_POINT ( 'NONE',  ( 2.057179487179905397, 0.000000000000000000, -0.5209667968750000266 ) ) ;
#1412 = CARTESIAN_POINT ( 'NONE',  ( 1.666396295937958794, -2.134256245050205639E-18, -0.5218875421156071726 ) ) ;
#1413 = CARTESIAN_POINT ( 'NONE',  ( 1.881239693776089350, 6.402768735150616918E-18, -0.5513158088305722959 ) ) ;
#1414 = CARTESIAN_POINT ( 'NONE',  ( 1.565724409054905397, -0.3448278556033430586, -0.7362499999999999600 ) ) ;
#1415 = CARTESIAN_POINT ( 'NONE',  ( 1.995438473142430391, 0.01574803149606299885, -0.6877463146519625647 ) ) ;
#1416 = ORIENTED_EDGE ( 'NONE', *, *, #218, .F. ) ;
#1417 = LINE ( 'NONE', #2789, #469 ) ;
#1418 = CARTESIAN_POINT ( 'NONE',  ( 1.745460737179905575, -0.3448278556033430586, -0.5799999999999999600 ) ) ;
#1419 = CARTESIAN_POINT ( 'NONE',  ( 0.9009059165582523621, 0.01574803149606299538, -0.7049436875242545142 ) ) ;
#1420 = CARTESIAN_POINT ( 'NONE',  ( 1.762758600844492651, 0.01574803149606299538, -0.7392921514118790949 ) ) ;
#1421 = CARTESIAN_POINT ( 'NONE',  ( 1.837118965091591338, 0.01574803149606298150, -0.6351626066669708859 ) ) ;
#1422 = ORIENTED_EDGE ( 'NONE', *, *, #3332, .F. ) ;
#1423 = ORIENTED_EDGE ( 'NONE', *, *, #1243, .T. ) ;
#1424 = B_SPLINE_CURVE_WITH_KNOTS ( 'NONE', 3,
 ( #1597, #4174, #5073, #2416, #310, #2060, #252, #2388, #3748, #3782, #5040, #4564 ),
 .UNSPECIFIED., .F., .F.,
 ( 4, 2, 2, 2, 2, 4 ),
 ( 0.000000000000000000, 0.0002231592877230409314, 0.0004463185754460818628, 0.0006694778631691227942, 0.0007810575070306438562, 0.0008926371508921649182 ),
 .UNSPECIFIED. ) ;
#1425 = PRESENTATION_STYLE_ASSIGNMENT (( #525 ) ) ;
#1426 = VERTEX_POINT ( 'NONE', #1086 ) ;
#1427 = EDGE_CURVE ( 'NONE', #5149, #2872, #4029, .T. ) ;
#1428 = CARTESIAN_POINT ( 'NONE',  ( 2.074470232313248008, 0.000000000000000000, -0.4912707174611702365 ) ) ;
#1429 = CARTESIAN_POINT ( 'NONE',  ( 0.6947540883937034506, 0.01574803149606298844, -0.5208762587359284657 ) ) ;
#1430 = EDGE_CURVE ( 'NONE', #2311, #4864, #4081, .T. ) ;
#1431 = CARTESIAN_POINT ( 'NONE',  ( 0.8311052684299053972, 0.01574803149606299191, -0.7079785156249999156 ) ) ;
#1432 = CARTESIAN_POINT ( 'NONE',  ( 1.984545047573996079, -2.134256245050205639E-18, -0.6406349633961228029 ) ) ;
#1433 = ADVANCED_FACE ( 'NONE', ( #169 ), #1934, .F. ) ;
#1434 = CARTESIAN_POINT ( 'NONE',  ( 1.894394208361081411, 2.134256245050205639E-18, -0.6279784448590506329 ) ) ;
#1435 = CARTESIAN_POINT ( 'NONE',  ( 1.924631437996604744, 0.01574803149606299191, -0.6800999611582253523 ) ) ;
#1436 = CARTESIAN_POINT ( 'NONE',  ( 1.928623798460251004, 0.01574803149606298844, -0.6279117520509202022 ) ) ;
#1437 = EDGE_CURVE ( 'NONE', #3503, #4810, #658, .T. ) ;
#1438 = B_SPLINE_CURVE_WITH_KNOTS ( 'NONE', 3,
 ( #5493, #2982, #2892, #2475, #3342, #3507, #5231, #465, #4830, #1344, #3917, #3894, #2652, #1368, #62, #137 ),
 .UNSPECIFIED., .F., .F.,
 ( 4, 2, 2, 2, 2, 2, 2, 4 ),
 ( 0.000000000000000000, 0.0001863463716911994603, 0.0003726927433823989206, 0.0005590391150735984352, 0.0007453854867647978413, 0.0009317318584559972474, 0.001118078230147196870, 0.001490770973529593948 ),
 .UNSPECIFIED. ) ;
#1439 = CARTESIAN_POINT ( 'NONE',  ( 1.457240914909303964, 0.01574803149606299885, -0.7252054087995156717 ) ) ;
#1440 = CARTESIAN_POINT ( 'NONE',  ( 1.796313817858544937, 0.01574803149606299191, -0.4913360111011859654 ) ) ;
#1441 = CARTESIAN_POINT ( 'NONE',  ( 1.752691920184162422, 0.01574803149606298844, -0.5801837446871677129 ) ) ;
#1442 = CARTESIAN_POINT ( 'NONE',  ( 1.922986225091002144, 0.01574803149606298844, -0.6690768429477937929 ) ) ;
#1443 = ORIENTED_EDGE ( 'NONE', *, *, #2426, .F. ) ;
#1444 = EDGE_LOOP ( 'NONE', ( #3137, #4337, #5069, #2236 ) ) ;
#1445 = CARTESIAN_POINT ( 'NONE',  ( 1.157911909054905708, -0.1645399120536400472, -0.6268749999999999600 ) ) ;
#1446 = CARTESIAN_POINT ( 'NONE',  ( 1.664491007856813143, 0.000000000000000000, -0.6761815302582975251 ) ) ;
#1447 = CARTESIAN_POINT ( 'NONE',  ( 1.603529295976721780, 2.134256245050205639E-18, -0.7307674476966626864 ) ) ;
#1448 = CARTESIAN_POINT ( 'NONE',  ( 1.565724409054905397, 0.01574803149606298844, -0.7362499999999999600 ) ) ;
#1449 = EDGE_CURVE ( 'NONE', #693, #3897, #5212, .T. ) ;
#1450 = ORIENTED_EDGE ( 'NONE', *, *, #3430, .T. ) ;
#1451 = CARTESIAN_POINT ( 'NONE',  ( 1.710304487179905575, 0.000000000000000000, -0.5480664062500000266 ) ) ;
#1452 = VECTOR ( 'NONE', #1752, 39.37007874015748143 ) ;
#1453 = CARTESIAN_POINT ( 'NONE',  ( 1.214894330929905841, 0.01574803149606299191, -0.4893750000000000044 ) ) ;
#1454 = ORIENTED_EDGE ( 'NONE', *, *, #3171, .F. ) ;
#1455 = CARTESIAN_POINT ( 'NONE',  ( 0.7488467515321558521, 0.01574803149606298150, -0.4969084340167868041 ) ) ;
#1456 = CARTESIAN_POINT ( 'NONE',  ( 0.8698121679576881204, 0.000000000000000000, -0.4896604978119677987 ) ) ;
#1457 = CARTESIAN_POINT ( 'NONE',  ( 1.691057947734114331, 2.134256245050205639E-18, -0.6236713845239659770 ) ) ;
#1458 = VECTOR ( 'NONE', #5300, 39.37007874015748143 ) ;
#1459 = CARTESIAN_POINT ( 'NONE',  ( 1.982074592300107074, -2.134256245050205639E-18, -0.6446385603825367516 ) ) ;
#1460 = COLOUR_RGB ( '',0.7921568627450980005, 0.8196078431372548767, 0.9333333333333333481 ) ;
#1461 = LINE ( 'NONE', #3100, #3154 ) ;
#1462 = CARTESIAN_POINT ( 'NONE',  ( 1.657179487179905930, -0.1645399120536400472, -0.5913769531250000488 ) ) ;
#1463 = CARTESIAN_POINT ( 'NONE',  ( 1.987799062737381162, 6.402768735150616918E-18, -0.6372473612529567788 ) ) ;
#1464 = CARTESIAN_POINT ( 'NONE',  ( 1.470629762457503320, 0.01574803149606299538, -0.4996377347448205386 ) ) ;
#1465 = PLANE ( 'NONE',  #1502 ) ;
#1466 = CARTESIAN_POINT ( 'NONE',  ( 1.842502878105087394, 6.402768735150616918E-18, -0.5081351905995079576 ) ) ;
#1467 = CARTESIAN_POINT ( 'NONE',  ( 1.689903660584312961, 0.01574803149606299885, -0.6501798653379330384 ) ) ;
#1468 = CARTESIAN_POINT ( 'NONE',  ( 1.483617750234937915, 2.134256245050205639E-18, -0.4908385602056248298 ) ) ;
#1469 = ORIENTED_EDGE ( 'NONE', *, *, #4023, .F. ) ;
#1470 = ORIENTED_EDGE ( 'NONE', *, *, #5256, .F. ) ;
#1471 = LINE ( 'NONE', #566, #834 ) ;
#1472 = ORIENTED_EDGE ( 'NONE', *, *, #3620, .F. ) ;
#1473 = CARTESIAN_POINT ( 'NONE',  ( 1.664491142161984572, 0.000000000000000000, -0.6731983133695433885 ) ) ;
#1474 = CARTESIAN_POINT ( 'NONE',  ( 1.606462641188736384, 0.01574803149606299191, -0.7284961019223472611 ) ) ;
#1475 = ORIENTED_EDGE ( 'NONE', *, *, #3862, .F. ) ;
#1476 = CARTESIAN_POINT ( 'NONE',  ( 0.9568537144581904519, 0.01574803149606298844, -0.7235308242875801987 ) ) ;
#1477 = DIRECTION ( 'NONE',  ( -1.000000000000000000, 0.000000000000000000, -0.000000000000000000 ) ) ;
#1478 = CARTESIAN_POINT ( 'NONE',  ( 0.6946794871799053528, -0.1645399120536400472, -0.5235546875000000044 ) ) ;
#1479 = ORIENTED_EDGE ( 'NONE', *, *, #4909, .F. ) ;
#1480 = LINE ( 'NONE', #4841, #4221 ) ;
#1481 = CARTESIAN_POINT ( 'NONE',  ( 1.774776285444839452, 2.134256245050205639E-18, -0.5914623805091675512 ) ) ;
#1482 = CARTESIAN_POINT ( 'NONE',  ( 1.525471009848470061, -2.134256245050205639E-18, -0.5099781126022837618 ) ) ;
#1483 = CARTESIAN_POINT ( 'NONE',  ( 1.662040493455708923, 2.134256245050205639E-18, -0.6116574796490572563 ) ) ;
#1484 = CARTESIAN_POINT ( 'NONE',  ( 1.598617746523097294, 0.01574803149606299191, -0.4910786117551032004 ) ) ;
#1485 = CARTESIAN_POINT ( 'NONE',  ( 1.134157180270772391, 0.01574803149606298844, -0.5833187455279330580 ) ) ;
#1486 = LINE ( 'NONE', #3258, #2538 ) ;
#1487 = CARTESIAN_POINT ( 'NONE',  ( 1.143422436579220269, 0.01574803149606299191, -0.6920102964326763084 ) ) ;
#1488 = CARTESIAN_POINT ( 'NONE',  ( 0.9894199094816070739, -2.134256245050205639E-18, -0.4896848526063652951 ) ) ;
#1489 = FACE_OUTER_BOUND ( 'NONE', #592, .T. ) ;
#1490 = CARTESIAN_POINT ( 'NONE',  ( 0.7230486278049053084, 0.01574803149606299191, -0.7393750000000000044 ) ) ;
#1491 = CARTESIAN_POINT ( 'NONE',  ( 1.894400054854275872, 6.402768735150616918E-18, -0.6005749975862315626 ) ) ;
#1492 = CARTESIAN_POINT ( 'NONE',  ( 1.759834404902792304, 0.01574803149606298844, -0.5813676534760403580 ) ) ;
#1493 = DIRECTION ( 'NONE',  ( 0.2279442785594660015, 0.000000000000000000, -0.9736741784971009173 ) ) ;
#1494 = CARTESIAN_POINT ( 'NONE',  ( 1.467706553724523966, 2.134256245050205639E-18, -0.5032050347491267006 ) ) ;
#1495 = CARTESIAN_POINT ( 'NONE',  ( 2.029786909054905220, 0.01574803149606299191, -0.6925000000000000044 ) ) ;
#1496 = CARTESIAN_POINT ( 'NONE',  ( 1.776485828945926215, 2.134256245050205639E-18, -0.6031878490030767592 ) ) ;
#1497 = CARTESIAN_POINT ( 'NONE',  ( 0.9839861278049059079, -2.134256245050205639E-18, -0.7393750000000001155 ) ) ;
#1498 = ORIENTED_EDGE ( 'NONE', *, *, #2992, .T. ) ;
#1499 = CARTESIAN_POINT ( 'NONE',  ( 1.687457193133251154, 0.000000000000000000, -0.6502917361556365128 ) ) ;
#1500 = CARTESIAN_POINT ( 'NONE',  ( 1.609980016809673842, 0.01574803149606299191, -0.7239907930556348514 ) ) ;
#1501 = EDGE_CURVE ( 'NONE', #2648, #4425, #1237, .T. ) ;
#1502 = AXIS2_PLACEMENT_3D ( 'NONE', #257, #1922, #4900 ) ;
#1503 = CARTESIAN_POINT ( 'NONE',  ( 1.008670260437244393, 0.01574803149606299191, -0.5079346876839752056 ) ) ;
#1504 = DIRECTION ( 'NONE',  ( 0.000000000000000000, 1.000000000000000000, 0.000000000000000000 ) ) ;
#1505 = CARTESIAN_POINT ( 'NONE',  ( 1.717106793559112665, 0.01574803149606299191, -0.5447731005710385599 ) ) ;
#1506 = EDGE_CURVE ( 'NONE', #107, #1162, #3741, .T. ) ;
#1507 = CARTESIAN_POINT ( 'NONE',  ( 1.561903426995251865, 0.01574803149606299538, -0.5073008020406500895 ) ) ;
#1508 = EDGE_LOOP ( 'NONE', ( #4593, #338, #3004, #1726 ) ) ;
#1509 = DIRECTION ( 'NONE',  ( 0.000000000000000000, 1.000000000000000000, 0.000000000000000000 ) ) ;
#1510 = CARTESIAN_POINT ( 'NONE',  ( 2.016798627804905486, 0.000000000000000000, -0.7362499999999999600 ) ) ;
#1511 = CARTESIAN_POINT ( 'NONE',  ( 1.010122235186169393, 0.000000000000000000, -0.5144648697149064587 ) ) ;
#1512 = ORIENTED_EDGE ( 'NONE', *, *, #2837, .T. ) ;
#1513 = CARTESIAN_POINT ( 'NONE',  ( 1.695347850284714797, 0.01574803149606298844, -0.6501399421424436387 ) ) ;
#1514 = EDGE_CURVE ( 'NONE', #2343, #2400, #1645, .T. ) ;
#1515 = FACE_OUTER_BOUND ( 'NONE', #2234, .T. ) ;
#1516 = CARTESIAN_POINT ( 'NONE',  ( 2.013866381153823326, 0.01574803149606298844, -0.5831681608761836166 ) ) ;
#1517 = EDGE_LOOP ( 'NONE', ( #1443, #3946, #4171, #892 ) ) ;
#1518 = CARTESIAN_POINT ( 'NONE',  ( 1.530599877356851657, 0.01574803149606299191, -0.5300983079086826200 ) ) ;
#1519 = CARTESIAN_POINT ( 'NONE',  ( 1.791801517429670199, -2.134256245050205639E-18, -0.5359145275914167783 ) ) ;
#1520 = CARTESIAN_POINT ( 'NONE',  ( 1.108673766310167563, 0.01574803149606298844, -0.6483886655631334595 ) ) ;
#1521 = LINE ( 'NONE', #3990, #3997 ) ;
#1522 = CARTESIAN_POINT ( 'NONE',  ( 1.478404088627531143, 2.134256245050205639E-18, -0.4930660046446770362 ) ) ;
#1523 = CARTESIAN_POINT ( 'NONE',  ( 1.808935402057506803, 0.000000000000000000, -0.4939147066958607946 ) ) ;
#1524 = ORIENTED_EDGE ( 'NONE', *, *, #5235, .T. ) ;
#1525 = DIRECTION ( 'NONE',  ( 0.000000000000000000, 1.000000000000000000, 0.000000000000000000 ) ) ;
#1526 = CARTESIAN_POINT ( 'NONE',  ( 1.228441344785508704, 1.067128122525102820E-17, -0.7320200826854215137 ) ) ;
#1527 = CARTESIAN_POINT ( 'NONE',  ( 2.113429487179905308, 0.000000000000000000, -0.7037304687500000044 ) ) ;
#1528 = CARTESIAN_POINT ( 'NONE',  ( 1.185304487179905886, -0.3448278556033430586, -0.6925000000000000044 ) ) ;
#1529 = CARTESIAN_POINT ( 'NONE',  ( 1.586386269185758202, 0.01574803149606299538, -0.4894778167403063818 ) ) ;
#1530 = LINE ( 'NONE', #661, #3402 ) ;
#1531 = CARTESIAN_POINT ( 'NONE',  ( 1.776564252804905708, 2.134256245050205639E-18, -0.6016308593750000488 ) ) ;
#1532 = CARTESIAN_POINT ( 'NONE',  ( 1.531253049571068336, -2.134256245050205639E-18, -0.5335642766421965222 ) ) ;
#1533 = CARTESIAN_POINT ( 'NONE',  ( 1.752197867299052580, -2.134256245050205639E-18, -0.5801289281510280116 ) ) ;
#1534 = CARTESIAN_POINT ( 'NONE',  ( 1.598617746523097294, 2.134256245050205639E-18, -0.4910786117551032004 ) ) ;
#1535 = VECTOR ( 'NONE', #5461, 39.37007874015748143 ) ;
#1536 = ORIENTED_EDGE ( 'NONE', *, *, #4843, .F. ) ;
#1537 = CARTESIAN_POINT ( 'NONE',  ( 1.721528154462228288, 0.000000000000000000, -0.7327834402532488189 ) ) ;
#1538 = CARTESIAN_POINT ( 'NONE',  ( 0.9839861278049059079, 4.268512490100411279E-18, -0.7393750000000001155 ) ) ;
#1539 = COLOUR_RGB ( '',0.7921568627450980005, 0.8196078431372548767, 0.9333333333333333481 ) ;
#1540 = CARTESIAN_POINT ( 'NONE',  ( 2.017677534054905575, 6.402768735150616918E-18, -0.5831250000000000044 ) ) ;
#1541 = ADVANCED_FACE ( 'NONE', ( #1713 ), #2130, .F. ) ;
#1542 = VERTEX_POINT ( 'NONE', #2052 ) ;
#1543 = CARTESIAN_POINT ( 'NONE',  ( 1.752197867299052580, 2.134256245050205639E-18, -0.5801289281510280116 ) ) ;
#1544 = CARTESIAN_POINT ( 'NONE',  ( 0.7166972805375858568, 4.268512490100411279E-18, -0.7390839934332873451 ) ) ;
#1545 = CARTESIAN_POINT ( 'NONE',  ( 1.781260387671455003, 0.000000000000000000, -0.7390843603633459047 ) ) ;
#1546 = CARTESIAN_POINT ( 'NONE',  ( 1.525398575787976885, 2.134256245050205639E-18, -0.7042213982687018925 ) ) ;
#1547 = DIRECTION ( 'NONE',  ( 0.000000000000000000, -0.000000000000000000, 1.000000000000000000 ) ) ;
#1548 = CARTESIAN_POINT ( 'NONE',  ( 1.520271763518826758, 0.01574803149606299885, -0.5006583000933099159 ) ) ;
#1549 = B_SPLINE_SURFACE_WITH_KNOTS ( 'NONE', 3, 1, ( 
 ( #3673, #1897 ),
 ( #3584, #4856 ),
 ( #267, #4447 ),
 ( #1929, #5310 ),
 ( #3237, #2289 ),
 ( #4549, #1981 ),
 ( #4966, #2341 ) ),
 .UNSPECIFIED., .F., .F., .F.,
 ( 4, 1, 1, 1, 4 ),
 ( 2, 2 ),
 ( 0.000000000000000000, 0.2943402270832192191, 0.5600815636156156740, 0.7933767436914694882, 1.000000000000000000 ),
 ( 0.000000000000000000, 1.000000000000000000 ),
 .UNSPECIFIED. ) ;
#1550 = CARTESIAN_POINT ( 'NONE',  ( 2.057179487179905397, -0.3448278556033430586, -0.6925000000000000044 ) ) ;
#1551 = CARTESIAN_POINT ( 'NONE',  ( 1.074656226345996446, 6.402768735150616918E-18, -0.6032118762582028282 ) ) ;
#1552 = CARTESIAN_POINT ( 'NONE',  ( 1.836002695480820401, 0.000000000000000000, -0.5878216532983788767 ) ) ;
#1553 = CARTESIAN_POINT ( 'NONE',  ( 1.719682914208433999, 0.01574803149606299191, -0.5436467001929358167 ) ) ;
#1554 = CARTESIAN_POINT ( 'NONE',  ( 1.215543124153548371, 0.01574803149606299538, -0.7358011333994024517 ) ) ;
#1555 = VERTEX_POINT ( 'NONE', #3398 ) ;
#1556 = CARTESIAN_POINT ( 'NONE',  ( 1.657179487179905708, 0.000000000000000000, -0.5469433593750000488 ) ) ;
#1557 = CARTESIAN_POINT ( 'NONE',  ( 2.100316344785508438, 0.01574803149606299191, -0.7320200826854215137 ) ) ;
#1558 = CARTESIAN_POINT ( 'NONE',  ( 2.057179487179905397, 0.01574803149606299191, -0.5209667968750000266 ) ) ;
#1559 = CARTESIAN_POINT ( 'NONE',  ( 1.582290012972215942, 0.01574803149606299538, -0.4896745418457100762 ) ) ;
#1560 = CARTESIAN_POINT ( 'NONE',  ( 1.457960737179905486, 0.000000000000000000, -0.5314648437500000266 ) ) ;
#1561 = B_SPLINE_SURFACE_WITH_KNOTS ( 'NONE', 3, 1, ( 
 ( #3619, #5417 ),
 ( #3589, #3158 ),
 ( #4883, #1543 ),
 ( #19, #2487 ),
 ( #4331, #3470 ),
 ( #1194, #4635 ),
 ( #765, #4212 ),
 ( #377, #1481 ),
 ( #2383, #608 ),
 ( #1884, #3712 ),
 ( #1061, #1531 ) ),
 .UNSPECIFIED., .F., .F., .F.,
 ( 4, 1, 1, 1, 1, 1, 1, 1, 4 ),
 ( 2, 2 ),
 ( 0.000000000000000000, 0.1615399494669155500, 0.3053584822690652012, 0.4332607637433861791, 0.5478791969258786088, 0.6538167439720030671, 0.7577512807189702437, 0.8719633333694412070, 1.000000000000000000 ),
 ( 0.000000000000000000, 1.000000000000000000 ),
 .UNSPECIFIED. ) ;
#1562 = FACE_OUTER_BOUND ( 'NONE', #5039, .T. ) ;
#1563 = CARTESIAN_POINT ( 'NONE',  ( 1.508745516350300298, -2.134256245050205639E-18, -0.4915347143449858014 ) ) ;
#1564 = EDGE_CURVE ( 'NONE', #4736, #1326, #2377, .T. ) ;
#1565 = CARTESIAN_POINT ( 'NONE',  ( 1.109162933886112645, 0.000000000000000000, -0.7337673975142066096 ) ) ;
#1566 = ORIENTED_EDGE ( 'NONE', *, *, #4370, .T. ) ;
#1567 = EDGE_CURVE ( 'NONE', #3812, #4862, #1438, .T. ) ;
#1568 = CARTESIAN_POINT ( 'NONE',  ( 1.058767079894988861, 0.01574803149606299191, -0.6986720348437291950 ) ) ;
#1569 = CARTESIAN_POINT ( 'NONE',  ( 1.612264134385513747, 2.134256245050205639E-18, -0.7180788956478462159 ) ) ;
#1570 = CARTESIAN_POINT ( 'NONE',  ( 1.588527143429905530, 0.000000000000000000, -0.4893750000000000044 ) ) ;
#1571 = EDGE_CURVE ( 'NONE', #417, #4425, #943, .T. ) ;
#1572 = CARTESIAN_POINT ( 'NONE',  ( 1.982074592300107074, 6.402768735150616918E-18, -0.6446385603825367516 ) ) ;
#1573 = VERTEX_POINT ( 'NONE', #2682 ) ;
#1574 = DIRECTION ( 'NONE',  ( 0.000000000000000000, 1.000000000000000000, 0.000000000000000000 ) ) ;
#1575 = CARTESIAN_POINT ( 'NONE',  ( 2.092412491511593142, 2.134256245050205639E-18, -0.4896771582000231104 ) ) ;
#1576 = LINE ( 'NONE', #3696, #5018 ) ;
#1577 = CARTESIAN_POINT ( 'NONE',  ( 2.102864168791268362, 0.000000000000000000, -0.7305022709825920169 ) ) ;
#1578 = CARTESIAN_POINT ( 'NONE',  ( 1.463609709634041023, 0.01574803149606299885, -0.5112974833963790378 ) ) ;
#1579 = CARTESIAN_POINT ( 'NONE',  ( 1.529658595102607155, 0.000000000000000000, -0.5252131334001274299 ) ) ;
#1580 = DIRECTION ( 'NONE',  ( 1.000000000000000000, 0.000000000000000000, 0.000000000000000000 ) ) ;
#1581 = CARTESIAN_POINT ( 'NONE',  ( 1.113822422333190509, 6.402768735150616918E-18, -0.5857795907696653481 ) ) ;
#1582 = CARTESIAN_POINT ( 'NONE',  ( 1.871303817535228120, 0.01574803149606298844, -0.6942959275198915536 ) ) ;
#1583 = CARTESIAN_POINT ( 'NONE',  ( 0.8478044871799053084, 0.01574803149606299191, -0.5198437500000000488 ) ) ;
#1584 = CARTESIAN_POINT ( 'NONE',  ( 0.8789971827093882029, 2.134256245050205639E-18, -0.7382221875493851782 ) ) ;
#1585 = CARTESIAN_POINT ( 'NONE',  ( 2.027214892973301819, 0.01574803149606299191, -0.6924726754716854504 ) ) ;
#1586 = CARTESIAN_POINT ( 'NONE',  ( 1.109194553361001923, 0.000000000000000000, -0.6727046574171605675 ) ) ;
#1587 = CARTESIAN_POINT ( 'NONE',  ( 1.922804487179905264, 0.01574803149606299191, -0.6608593750000000266 ) ) ;
#1588 = CARTESIAN_POINT ( 'NONE',  ( 1.241554487179905797, 0.01574803149606299191, -0.7037304687500000044 ) ) ;
#1589 = CARTESIAN_POINT ( 'NONE',  ( 0.7166972805375858568, -2.134256245050205639E-18, -0.7390839934332873451 ) ) ;
#1590 = VECTOR ( 'NONE', #4636, 39.37007874015748143 ) ;
#1591 = ORIENTED_EDGE ( 'NONE', *, *, #3042, .T. ) ;
#1592 = CARTESIAN_POINT ( 'NONE',  ( 2.074470232313248008, 0.01574803149606299191, -0.4912707174611702365 ) ) ;
#1593 = VECTOR ( 'NONE', #3599, 39.37007874015748143 ) ;
#1594 = CARTESIAN_POINT ( 'NONE',  ( 1.100490034054905752, 0.000000000000000000, -0.7317089843750000933 ) ) ;
#1595 = VERTEX_POINT ( 'NONE', #5176 ) ;
#1596 = ADVANCED_FACE ( 'NONE', ( #543 ), #3083, .F. ) ;
#1597 = CARTESIAN_POINT ( 'NONE',  ( 0.8702165965549053528, 0.01574803149606299191, -0.7393750000000000044 ) ) ;
#1598 = ADVANCED_FACE ( 'NONE', ( #5255 ), #4322, .T. ) ;
#1599 = CARTESIAN_POINT ( 'NONE',  ( 1.922986225091002144, 2.134256245050205639E-18, -0.6690768429477937929 ) ) ;
#1600 = CARTESIAN_POINT ( 'NONE',  ( 1.753967000661815545, 0.01574803149606299191, -0.4898797368240633276 ) ) ;
#1601 = APPLICATION_PROTOCOL_DEFINITION ( 'draft international standard', 'automotive_design', 1998, #5041 ) ;
#1602 = ORIENTED_EDGE ( 'NONE', *, *, #1846, .F. ) ;
#1603 = CARTESIAN_POINT ( 'NONE',  ( 1.790886107129955329, 0.01574803149606298844, -0.6933862542630843118 ) ) ;
#1604 = CARTESIAN_POINT ( 'NONE',  ( 2.102333527385670919, 0.01574803149606299191, -0.4939404300633070122 ) ) ;
#1605 = B_SPLINE_CURVE_WITH_KNOTS ( 'NONE', 3,
 ( #759, #5474, #4176, #4982, #5502, #1997, #2841, #5043, #1189, #1129, #4630 ),
 .UNSPECIFIED., .F., .F.,
 ( 4, 1, 1, 1, 1, 1, 1, 1, 4 ),
 ( 0.000000000000000000, 0.1581692231159462503, 0.2979152898125614901, 0.4257598827158990962, 0.5443383524022874509, 0.6560061348833443606, 0.7665598615528721460, 0.8789143086602184685, 1.000000000000000000 ),
 .UNSPECIFIED. ) ;
#1606 = CARTESIAN_POINT ( 'NONE',  ( 0.8759294871799053750, -0.3448278556033430586, -0.4893750000000000044 ) ) ;
#1607 = CARTESIAN_POINT ( 'NONE',  ( 1.795121136997139821, 0.000000000000000000, -0.7374563110120658793 ) ) ;
#1608 = CARTESIAN_POINT ( 'NONE',  ( 2.111397415065153549, 0.000000000000000000, -0.7185264885591116091 ) ) ;
#1609 = CARTESIAN_POINT ( 'NONE',  ( 1.756973919283858043, 6.402768735150616918E-18, -0.6946510964328902471 ) ) ;
#1610 = CARTESIAN_POINT ( 'NONE',  ( 1.875431796667851980, 0.000000000000000000, -0.5408623662470751770 ) ) ;
#1611 = DIRECTION ( 'NONE',  ( 0.000000000000000000, 0.000000000000000000, -1.000000000000000000 ) ) ;
#1612 = DIRECTION ( 'NONE',  ( 0.000000000000000000, 1.000000000000000000, 0.000000000000000000 ) ) ;
#1613 = EDGE_CURVE ( 'NONE', #35, #1071, #1843, .T. ) ;
#1614 = CARTESIAN_POINT ( 'NONE',  ( 1.095981238116829237, 6.402768735150616918E-18, -0.5908602598766083958 ) ) ;
#1615 = CARTESIAN_POINT ( 'NONE',  ( 1.613429487179905530, 0.000000000000000000, -0.7068066406249999822 ) ) ;
#1616 = CARTESIAN_POINT ( 'NONE',  ( 1.145802534054905841, 0.000000000000000000, -0.5831250000000000044 ) ) ;
#1617 = CARTESIAN_POINT ( 'NONE',  ( 0.8421573271858109333, 6.402768735150616918E-18, -0.7253841327795518268 ) ) ;
#1618 = CARTESIAN_POINT ( 'NONE',  ( 1.451056603349967222, 0.01574803149606298844, -0.7319510360970333807 ) ) ;
#1619 = CARTESIAN_POINT ( 'NONE',  ( 1.657186911217147784, 2.134256245050205639E-18, -0.5455585947241952116 ) ) ;
#1620 = CARTESIAN_POINT ( 'NONE',  ( 2.097528139869468955, 0.000000000000000000, -0.7333496907531327214 ) ) ;
#1621 = DIRECTION ( 'NONE',  ( -1.000000000000000000, 0.000000000000000000, 0.000000000000000000 ) ) ;
#1622 = EDGE_CURVE ( 'NONE', #4898, #107, #372, .T. ) ;
#1623 = CARTESIAN_POINT ( 'NONE',  ( 1.991300891385690219, 0.000000000000000000, -0.7351717324689980293 ) ) ;
#1624 = VERTEX_POINT ( 'NONE', #3963 ) ;
#1625 = ORIENTED_EDGE ( 'NONE', *, *, #1274, .F. ) ;
#1626 = CARTESIAN_POINT ( 'NONE',  ( 0.9839861278049059079, 0.01574803149606299191, -0.7393750000000001155 ) ) ;
#1627 = ORIENTED_EDGE ( 'NONE', *, *, #748, .T. ) ;
#1628 = CARTESIAN_POINT ( 'NONE',  ( 1.085947122293388079, 0.01574803149606299538, -0.7259609668066935306 ) ) ;
#1629 = CARTESIAN_POINT ( 'NONE',  ( 1.580519330929905486, 2.134256245050205639E-18, -0.7362499999999999600 ) ) ;
#1630 = CARTESIAN_POINT ( 'NONE',  ( 1.376515128654870690, -2.134256245050205639E-18, -0.7142347700367687180 ) ) ;
#1631 = DIRECTION ( 'NONE',  ( 0.000000000000000000, 0.000000000000000000, -1.000000000000000000 ) ) ;
#1632 = CARTESIAN_POINT ( 'NONE',  ( 0.9839861278049059079, 0.01574803149606299538, -0.4893750000000001155 ) ) ;
#1633 = CARTESIAN_POINT ( 'NONE',  ( 1.838222680796695041, 0.01574803149606299191, -0.6054001720296162681 ) ) ;
#1634 = ORIENTED_EDGE ( 'NONE', *, *, #595, .F. ) ;
#1635 = PLANE ( 'NONE',  #5066 ) ;
#1636 = FACE_OUTER_BOUND ( 'NONE', #4032, .T. ) ;
#1637 = CARTESIAN_POINT ( 'NONE',  ( 1.115870893429905752, 0.01574803149606298844, -0.6829296874999999378 ) ) ;
#1638 = CARTESIAN_POINT ( 'NONE',  ( 1.766896284054905619, 0.01574803149606299191, -0.7393750000000000044 ) ) ;
#1639 = DIRECTION ( 'NONE',  ( 1.000000000000000000, 0.000000000000000000, 0.000000000000000000 ) ) ;
#1640 = CARTESIAN_POINT ( 'NONE',  ( 1.736104624238639760, 0.01574803149606299538, -0.6862385073715552286 ) ) ;
#1641 = CARTESIAN_POINT ( 'NONE',  ( 1.418549276487558020, 6.402768735150616918E-18, -0.4936193505801174664 ) ) ;
#1642 = CARTESIAN_POINT ( 'NONE',  ( 1.751759565304905619, 2.134256245050205639E-18, -0.6237500000000000266 ) ) ;
#1643 = CARTESIAN_POINT ( 'NONE',  ( 1.053798690198496590, -2.134256245050205639E-18, -0.6847626957698803585 ) ) ;
#1644 = VECTOR ( 'NONE', #1525, 39.37007874015748143 ) ;
#1645 = B_SPLINE_CURVE_WITH_KNOTS ( 'NONE', 3,
 ( #2500, #2561, #1683, #4260, #1212, #3869, #418, #4297, #5467, #391, #330, #3844, #716, #2080, #3370, #2438, #2921, #1587 ),
 .UNSPECIFIED., .F., .F.,
 ( 4, 2, 2, 2, 2, 2, 2, 2, 4 ),
 ( 0.000000000000000000, 0.0004405862287421288890, 0.0008811724574842577781, 0.001321758686226386613, 0.001762344914968515556, 0.002202931143710644499, 0.002643517372452773226, 0.003084103601194902386, 0.003524689829937031112 ),
 .UNSPECIFIED. ) ;
#1646 = CARTESIAN_POINT ( 'NONE',  ( 1.056748798460251715, 0.01574803149606299191, -0.6279117520509200912 ) ) ;
#1647 = CARTESIAN_POINT ( 'NONE',  ( 1.808507469859411465, 0.01574803149606299191, -0.7347170086959662338 ) ) ;
#1648 = CARTESIAN_POINT ( 'NONE',  ( 2.001273233714614186, 0.01574803149606299191, -0.6298405139987079959 ) ) ;
#1649 = CARTESIAN_POINT ( 'NONE',  ( 1.216824410802786138, 0.01574803149606299191, -0.4894783444736948708 ) ) ;
#1650 = CARTESIAN_POINT ( 'NONE',  ( 1.810914947222047378, 0.01574803149606298844, -0.4944017704810275138 ) ) ;
#1651 = CLOSED_SHELL ( 'NONE', ( #2025, #4219, #4196, #4094, #1859, #4347, #4301, #5262, #5016, #2440, #454, #5101, #239, #5186, #780, #667, #3217, #2855, #1433, #2277, #3571, #5446 ) ) ;
#1652 = CARTESIAN_POINT ( 'NONE',  ( 1.757944760825191910, 0.01574803149606299885, -0.6234098098886351469 ) ) ;
#1653 = CARTESIAN_POINT ( 'NONE',  ( 2.100316344785508438, 0.000000000000000000, -0.7320200826854215137 ) ) ;
#1654 = CARTESIAN_POINT ( 'NONE',  ( 0.7375783214138085242, 0.01574803149606298844, -0.7350724542995681343 ) ) ;
#1655 = CARTESIAN_POINT ( 'NONE',  ( 2.057179487179905397, 0.01574803149606299191, -0.6268749999999999600 ) ) ;
#1656 = B_SPLINE_SURFACE_WITH_KNOTS ( 'NONE', 3, 1, ( 
 ( #691, #3250 ),
 ( #1910, #3286 ),
 ( #2105, #1151 ),
 ( #3713, #5122 ),
 ( #4590, #1122 ),
 ( #226, #1942 ),
 ( #2412, #4085 ),
 ( #2443, #3840 ),
 ( #720, #2833 ),
 ( #4919, #3657 ),
 ( #4504, #5551 ),
 ( #5438, #4137 ),
 ( #4062, #637 ),
 ( #1964, #3629 ),
 ( #2356, #279 ) ),
 .UNSPECIFIED., .F., .F., .F.,
 ( 4, 1, 1, 1, 1, 1, 1, 1, 1, 1, 1, 1, 4 ),
 ( 2, 2 ),
 ( 0.000000000000000000, 0.09272377659486601142, 0.1807643789926703659, 0.2652681729395943711, 0.3457875854624136158, 0.4222225138628163954, 0.4949001608196640367, 0.5671667024153693726, 0.6412352119551114615, 0.7193716595256073321, 0.8039038165697613980, 0.8964316416643115515, 1.000000000000000000 ),
 ( 0.000000000000000000, 1.000000000000000000 ),
 .UNSPECIFIED. ) ;
#1657 = DIRECTION ( 'NONE',  ( 0.000000000000000000, 1.000000000000000000, 0.000000000000000000 ) ) ;
#1658 = CARTESIAN_POINT ( 'NONE',  ( 0.8688808535651532106, 6.402768735150616918E-18, -0.7393305100684861575 ) ) ;
#1659 = EDGE_LOOP ( 'NONE', ( #939, #314, #3616, #2633 ) ) ;
#1660 = VERTEX_POINT ( 'NONE', #895 ) ;
#1661 = LINE ( 'NONE', #4980, #3709 ) ;
#1662 = LINE ( 'NONE', #697, #2897 ) ;
#1663 = CARTESIAN_POINT ( 'NONE',  ( 1.680909955929905664, 0.01574803149606299191, -0.5122265624999999822 ) ) ;
#1664 = B_SPLINE_CURVE_WITH_KNOTS ( 'NONE', 3,
 ( #190, #1849, #2686, #1421, #4570, #166, #4181, #3728, #3560, #5477, #1022, #1901, #4149, #4026, #1603, #315, #5287, #3132, #2292, #4450 ),
 .UNSPECIFIED., .F., .F.,
 ( 4, 2, 2, 2, 2, 2, 2, 2, 2, 4 ),
 ( 0.000000000000000000, 0.0003725989051564751898, 0.0007451978103129503796, 0.001117796715469425569, 0.001490395620625900759, 0.001862994525782375949, 0.002235593430938851139, 0.002608192336095326545, 0.002794491788673564032, 0.002980791241251801518 ),
 .UNSPECIFIED. ) ;
#1665 = ORIENTED_EDGE ( 'NONE', *, *, #4769, .T. ) ;
#1666 = CARTESIAN_POINT ( 'NONE',  ( 1.117281584089615309, 0.01574803149606299191, -0.6841277046026004172 ) ) ;
#1667 = CARTESIAN_POINT ( 'NONE',  ( 0.6948872731656431379, 0.01574803149606299191, -0.7153414717591428662 ) ) ;
#1668 = CARTESIAN_POINT ( 'NONE',  ( 1.861136782071959317, 0.01574803149606299191, -0.7058083210826882059 ) ) ;
#1669 = CARTESIAN_POINT ( 'NONE',  ( 1.763880060268210315, 0.01574803149606299538, -0.6954613183098844464 ) ) ;
#1670 = CARTESIAN_POINT ( 'NONE',  ( 1.059288929458669370, 0.01574803149606299538, -0.6989466174180837266 ) ) ;
#1671 = DIRECTION ( 'NONE',  ( 1.000000000000000000, 0.000000000000000000, 0.000000000000000000 ) ) ;
#1672 = DIRECTION ( 'NONE',  ( 0.000000000000000000, 1.000000000000000000, 0.000000000000000000 ) ) ;
#1673 = CARTESIAN_POINT ( 'NONE',  ( 1.060044030121990666, 6.402768735150616918E-18, -0.6209116725288940097 ) ) ;
#1674 = CARTESIAN_POINT ( 'NONE',  ( 1.784879200717557124, 0.000000000000000000, -0.5343142984488762348 ) ) ;
#1675 = CARTESIAN_POINT ( 'NONE',  ( 0.8717019066464760657, 2.134256245050205639E-18, -0.7393013101592029734 ) ) ;
#1676 = CARTESIAN_POINT ( 'NONE',  ( 0.8746523298013867409, 0.01574803149606298844, -0.7391549325012293226 ) ) ;
#1677 = EDGE_CURVE ( 'NONE', #3921, #3594, #4406, .T. ) ;
#1678 = CARTESIAN_POINT ( 'NONE',  ( 1.891634076367973760, 0.01574803149606299538, -0.5814476993146565631 ) ) ;
#1679 = CARTESIAN_POINT ( 'NONE',  ( 1.375929487179905486, 0.000000000000000000, -0.5195996093750000488 ) ) ;
#1680 = CARTESIAN_POINT ( 'NONE',  ( 1.776564252804905708, -2.134256245050205639E-18, -0.6016308593750000488 ) ) ;
#1681 = VERTEX_POINT ( 'NONE', #1787 ) ;
#1682 = B_SPLINE_CURVE_WITH_KNOTS ( 'NONE', 3,
 ( #4698, #1706, #2576, #5516, #1648, #3002, #2151, #4314, #4672, #4726, #2524, #435 ),
 .UNSPECIFIED., .F., .F.,
 ( 4, 2, 2, 2, 2, 4 ),
 ( 0.000000000000000000, 0.0004378205717426595159, 0.0008756411434853190318, 0.001313461715227978548, 0.001532372001099312859, 0.001751282286970646954 ),
 .UNSPECIFIED. ) ;
#1683 = CARTESIAN_POINT ( 'NONE',  ( 2.006032180270772791, 0.01574803149606299885, -0.5833187455279331690 ) ) ;
#1684 = EDGE_CURVE ( 'NONE', #2189, #2533, #1417, .T. ) ;
#1685 = ADVANCED_FACE ( 'NONE', ( #3128 ), #1549, .F. ) ;
#1686 = CARTESIAN_POINT ( 'NONE',  ( 1.426857221554905575, -0.1645399120536400472, -0.7362499999999999600 ) ) ;
#1687 = ORIENTED_EDGE ( 'NONE', *, *, #5210, .F. ) ;
#1688 = CARTESIAN_POINT ( 'NONE',  ( 1.613202667016747638, 0.01574803149606299191, -0.5128209222399751077 ) ) ;
#1689 = EDGE_CURVE ( 'NONE', #2229, #13, #1471, .T. ) ;
#1690 = VECTOR ( 'NONE', #2994, 39.37007874015748143 ) ;
#1691 = EDGE_LOOP ( 'NONE', ( #2309, #3374, #2983, #3229 ) ) ;
#1692 = ORIENTED_EDGE ( 'NONE', *, *, #877, .T. ) ;
#1693 = VECTOR ( 'NONE', #4084, 39.37007874015748143 ) ;
#1694 = LINE ( 'NONE', #1770, #5292 ) ;
#1695 = CARTESIAN_POINT ( 'NONE',  ( 1.107339530997315746, 0.01574803149606299191, -0.6543145289080799509 ) ) ;
#1696 = EDGE_CURVE ( 'NONE', #2288, #5282, #653, .T. ) ;
#1697 = CARTESIAN_POINT ( 'NONE',  ( 1.208922318698867571, 0.000000000000000000, -0.7362422922750069265 ) ) ;
#1698 = CARTESIAN_POINT ( 'NONE',  ( 2.097721635246173832, 2.134256245050205639E-18, -0.4912065637766125370 ) ) ;
#1699 = CARTESIAN_POINT ( 'NONE',  ( 1.778631139808374284, 8.537024980200822558E-18, -0.6954999401474570853 ) ) ;
#1700 = CARTESIAN_POINT ( 'NONE',  ( 1.745283156712634565, 0.01574803149606299538, -0.6912848327287646200 ) ) ;
#1701 = LINE ( 'NONE', #2520, #2268 ) ;
#1702 = B_SPLINE_SURFACE_WITH_KNOTS ( 'NONE', 3, 1, ( 
 ( #4641, #4577 ),
 ( #709, #1951 ),
 ( #3762, #5458 ),
 ( #3210, #4935 ),
 ( #3270, #1980 ),
 ( #4547, #2912 ),
 ( #677, #3235 ),
 ( #3671, #1202 ),
 ( #1548, #4217 ),
 ( #1079, #4100 ),
 ( #4187, #296 ),
 ( #2465, #321 ),
 ( #353, #2072 ),
 ( #3794, #1579 ),
 ( #2788, #237 ),
 ( #736, #3733 ),
 ( #651, #4518 ) ),
 .UNSPECIFIED., .F., .F., .F.,
 ( 4, 1, 1, 1, 1, 1, 1, 1, 1, 1, 1, 1, 1, 1, 4 ),
 ( 2, 2 ),
 ( 0.000000000000000000, 0.07069536468307452415, 0.1363493445435630391, 0.1987594013957700301, 0.2588602169264461184, 0.3171901101198943418, 0.3731041825817999480, 0.4280200805415859677, 0.4827573213892193960, 0.5927463869171771815, 0.7055645666115499814, 0.7666872951880470133, 0.8368385738096285609, 0.9142487221832366062, 1.000000000000000000 ),
 ( 0.000000000000000000, 1.000000000000000000 ),
 .UNSPECIFIED. ) ;
#1703 = B_SPLINE_CURVE_WITH_KNOTS ( 'NONE', 3,
 ( #2505, #2163, #1717, #3432, #5154, #4235, #3013, #4735, #878, #3898, #4625 ),
 .UNSPECIFIED., .F., .F.,
 ( 4, 1, 1, 1, 1, 1, 1, 1, 4 ),
 ( 0.000000000000000000, 0.1292762757122593031, 0.2549421511798584672, 0.3773445022293860918, 0.4965462753555073827, 0.6164033901152238260, 0.7399491348754002606, 0.8678354194808639566, 1.000000000000000000 ),
 .UNSPECIFIED. ) ;
#1704 = CARTESIAN_POINT ( 'NONE',  ( 1.693409955929905619, 2.134256245050205639E-18, -0.6500195312500000044 ) ) ;
#1705 = CARTESIAN_POINT ( 'NONE',  ( 1.769923627804905752, 0.000000000000000000, -0.5331249999999999600 ) ) ;
#1706 = CARTESIAN_POINT ( 'NONE',  ( 2.024034574790565699, 0.01574803149606299191, -0.6269345980684817299 ) ) ;
#1707 = CARTESIAN_POINT ( 'NONE',  ( 0.8717019066464760657, 2.134256245050205639E-18, -0.7393013101592029734 ) ) ;
#1708 = ORIENTED_EDGE ( 'NONE', *, *, #4409, .F. ) ;
#1709 = CARTESIAN_POINT ( 'NONE',  ( 1.987745893429905486, 2.134256245050205639E-18, -0.6829296875000001599 ) ) ;
#1710 = CARTESIAN_POINT ( 'NONE',  ( 1.754861080392294825, 0.01574803149606299191, -0.6236365605789968569 ) ) ;
#1711 = CARTESIAN_POINT ( 'NONE',  ( 1.772128976813631018, -2.134256245050205639E-18, -0.5875327545382760253 ) ) ;
#1712 = VERTEX_POINT ( 'NONE', #3647 ) ;
#1713 = FACE_OUTER_BOUND ( 'NONE', #2212, .T. ) ;
#1714 = CARTESIAN_POINT ( 'NONE',  ( 1.216824410802786138, -2.134256245050205639E-18, -0.4894783444736948708 ) ) ;
#1715 = CARTESIAN_POINT ( 'NONE',  ( 0.8504840420974694171, 0.01574803149606298497, -0.7337022499453741409 ) ) ;
#1716 = B_SPLINE_CURVE_WITH_KNOTS ( 'NONE', 3,
 ( #707, #798, #5456, #3792, #2881, #3358, #3697, #2094, #2851, #4960, #4989, #675, #5083, #1546, #1227 ),
 .UNSPECIFIED., .F., .F.,
 ( 4, 1, 1, 1, 1, 1, 1, 1, 1, 1, 1, 1, 4 ),
 ( 0.000000000000000000, 0.1174015895797311526, 0.2200200149628016300, 0.3090989580098876255, 0.3851055460046563517, 0.4526885015523732791, 0.5158688681660508202, 0.5762142002903342108, 0.6371455783483166435, 0.7067072651947415851, 0.7900877326000482759, 0.8874825861711249653, 1.000000000000000000 ),
 .UNSPECIFIED. ) ;
#1717 = CARTESIAN_POINT ( 'NONE',  ( 1.691386596499492745, 0.000000000000000000, -0.5067145864463102889 ) ) ;
#1718 = EDGE_LOOP ( 'NONE', ( #4140, #3693, #2295, #5561 ) ) ;
#1719 = EDGE_LOOP ( 'NONE', ( #3583, #448, #993, #2824 ) ) ;
#1720 = CARTESIAN_POINT ( 'NONE',  ( 1.973712058032422778, 0.000000000000000000, -0.7320828900431357589 ) ) ;
#1721 = CARTESIAN_POINT ( 'NONE',  ( 1.109162933886112645, 0.01574803149606298844, -0.7337673975142066096 ) ) ;
#1722 = CARTESIAN_POINT ( 'NONE',  ( 1.922883731520457662, 2.134256245050205639E-18, -0.6578450886893918437 ) ) ;
#1723 = CARTESIAN_POINT ( 'NONE',  ( 1.804500012064770953, 0.01574803149606298844, -0.6878813029802639534 ) ) ;
#1724 = CARTESIAN_POINT ( 'NONE',  ( 1.725682410198084105, 0.01574803149606299538, -0.6760040987930447942 ) ) ;
#1725 = PRODUCT_DEFINITION_CONTEXT ( 'detailed design', #5329, 'design' ) ;
#1726 = ORIENTED_EDGE ( 'NONE', *, *, #2267, .T. ) ;
#1727 = CARTESIAN_POINT ( 'NONE',  ( 1.418549276487558020, 0.01574803149606299538, -0.4936193505801174664 ) ) ;
#1728 = ADVANCED_FACE ( 'NONE', ( #2822 ), #3011, .F. ) ;
#1729 = CARTESIAN_POINT ( 'NONE',  ( 1.092640483710597410, -2.134256245050205639E-18, -0.7291341438346854442 ) ) ;
#1730 = VECTOR ( 'NONE', #472, 39.37007874015748143 ) ;
#1731 = CARTESIAN_POINT ( 'NONE',  ( 1.657201181744086149, -2.134256245050205639E-18, -0.5428967921756030490 ) ) ;
#1732 = ORIENTED_EDGE ( 'NONE', *, *, #4371, .T. ) ;
#1733 = CARTESIAN_POINT ( 'NONE',  ( 1.464894330929905619, -0.1645399120536400472, -0.7020214843750001155 ) ) ;
#1734 = CARTESIAN_POINT ( 'NONE',  ( 1.387152977514224839, 0.000000000000000000, -0.4938059999865766492 ) ) ;
#1735 = CARTESIAN_POINT ( 'NONE',  ( 1.981069553361002100, 2.134256245050205639E-18, -0.6727046574171606785 ) ) ;
#1736 = VECTOR ( 'NONE', #1176, 39.37007874015748143 ) ;
#1737 = VERTEX_POINT ( 'NONE', #2551 ) ;
#1738 = CARTESIAN_POINT ( 'NONE',  ( 0.7476711392484386431, 0.01574803149606299885, -0.7124442991135570002 ) ) ;
#1739 = SURFACE_SIDE_STYLE ('',( #3084 ) ) ;
#1740 = CLOSED_SHELL ( 'NONE', ( #3751, #4580, #2162, #5010, #3837, #3325, #175, #1864, #60, #920, #2031, #3725, #3251, #1685, #3604, #4042, #4195 ) ) ;
#1741 = B_SPLINE_CURVE_WITH_KNOTS ( 'NONE', 3,
 ( #4213, #2067, #2937, #5506, #2879, #4150, #3826, #4276, #796, #2092, #2005, #1285, #4601, #2543 ),
 .UNSPECIFIED., .F., .F.,
 ( 4, 2, 2, 2, 2, 2, 4 ),
 ( 0.000000000000000000, 0.0001490894534965197507, 0.0002981789069930395014, 0.0005963578139860760755, 0.0008945367209791127037, 0.001043626174475630964, 0.001192715627972149332 ),
 .UNSPECIFIED. ) ;
#1742 = EDGE_LOOP ( 'NONE', ( #1397, #3863, #81, #66 ) ) ;
#1743 = ORIENTED_EDGE ( 'NONE', *, *, #5362, .T. ) ;
#1744 = ORIENTED_EDGE ( 'NONE', *, *, #1846, .T. ) ;
#1745 = ORIENTED_EDGE ( 'NONE', *, *, #1819, .F. ) ;
#1746 = B_SPLINE_SURFACE_WITH_KNOTS ( 'NONE', 3, 1, ( 
 ( #401, #2516 ),
 ( #5454, #704 ),
 ( #5565, #1575 ),
 ( #349, #1698 ),
 ( #1604, #3790 ),
 ( #316, #4182 ),
 ( #5021, #3354 ),
 ( #3293, #1225 ),
 ( #2422, #4246 ),
 ( #3383, #2460 ),
 ( #5539, #378 ) ),
 .UNSPECIFIED., .F., .F., .F.,
 ( 4, 1, 1, 1, 1, 1, 1, 1, 4 ),
 ( 2, 2 ),
 ( 0.000000000000000000, 0.1229088741204394375, 0.2364516494111389144, 0.3479825443924757788, 0.4617666234886313448, 0.5802917925316443126, 0.7062604613274525711, 0.8451898420971099002, 1.000000000000000000 ),
 ( 0.000000000000000000, 1.000000000000000000 ),
 .UNSPECIFIED. ) ;
#1747 = CARTESIAN_POINT ( 'NONE',  ( 1.739364958832056773, 0.01574803149606298150, -0.7372426784119290311 ) ) ;
#1748 = CARTESIAN_POINT ( 'NONE',  ( 1.972365034054905708, 0.01574803149606299191, -0.7317089843750002043 ) ) ;
#1749 = EDGE_CURVE ( 'NONE', #1326, #3562, #4253, .T. ) ;
#1750 = DIRECTION ( 'NONE',  ( -0.000000000000000000, 1.000000000000000000, -0.000000000000000000 ) ) ;
#1751 = ADVANCED_FACE ( 'NONE', ( #805 ), #4282, .F. ) ;
#1752 = DIRECTION ( 'NONE',  ( 0.000000000000000000, 1.000000000000000000, 0.000000000000000000 ) ) ;
#1753 = CARTESIAN_POINT ( 'NONE',  ( 1.067656165635440191, 0.000000000000000000, -0.7112607086607196649 ) ) ;
#1754 = CARTESIAN_POINT ( 'NONE',  ( 1.923038031618342192, 6.402768735150616918E-18, -0.6519758408726168408 ) ) ;
#1755 = CARTESIAN_POINT ( 'NONE',  ( 1.983689106504815669, 0.01574803149606299191, -0.6783564305222392621 ) ) ;
#1756 = CARTESIAN_POINT ( 'NONE',  ( 1.400387122050250399, 0.01574803149606299191, -0.4895540108070636220 ) ) ;
#1757 = CARTESIAN_POINT ( 'NONE',  ( 0.8759294871799053750, 0.000000000000000000, -0.4893750000000000044 ) ) ;
#1758 = VERTEX_POINT ( 'NONE', #2675 ) ;
#1759 = DIRECTION ( 'NONE',  ( 0.000000000000000000, 1.000000000000000000, 0.000000000000000000 ) ) ;
#1760 = ORIENTED_EDGE ( 'NONE', *, *, #4101, .F. ) ;
#1761 = CARTESIAN_POINT ( 'NONE',  ( 0.7248976752480865704, 0.01574803149606299885, -0.7392874724363672767 ) ) ;
#1762 =( CONVERSION_BASED_UNIT ( 'INCH', #5205 ) LENGTH_UNIT ( ) NAMED_UNIT ( #1903 ) );
#1763 = CARTESIAN_POINT ( 'NONE',  ( 1.981803010617273708, 0.01574803149606298844, -0.6742653817441693898 ) ) ;
#1764 = ORIENTED_EDGE ( 'NONE', *, *, #1844, .T. ) ;
#1765 = ORIENTED_EDGE ( 'NONE', *, *, #3841, .F. ) ;
#1766 = CARTESIAN_POINT ( 'NONE',  ( 0.8311052684299053972, 6.402768735150616918E-18, -0.7079785156249999156 ) ) ;
#1767 = ORIENTED_EDGE ( 'NONE', *, *, #2099, .T. ) ;
#1768 = CARTESIAN_POINT ( 'NONE',  ( 0.6946794871799053528, 2.134256245050205639E-18, -0.5235546875000000044 ) ) ;
#1769 = CARTESIAN_POINT ( 'NONE',  ( 1.003085492958266656, -2.134256245050205639E-18, -0.4976146864655981439 ) ) ;
#1770 = CARTESIAN_POINT ( 'NONE',  ( 1.771241987179906108, -0.3448278556033430586, -0.6956250000000001599 ) ) ;
#1771 = EDGE_CURVE ( 'NONE', #5149, #2836, #2167, .T. ) ;
#1772 = ADVANCED_FACE ( 'NONE', ( #5570 ), #2913, .F. ) ;
#1773 = CARTESIAN_POINT ( 'NONE',  ( 1.143422436579220269, 2.134256245050205639E-18, -0.6920102964326763084 ) ) ;
#1774 = CARTESIAN_POINT ( 'NONE',  ( 0.8702165965549053528, 0.01574803149606299191, -0.7393750000000000044 ) ) ;
#1775 = VECTOR ( 'NONE', #3333, 39.37007874015748143 ) ;
#1776 = CARTESIAN_POINT ( 'NONE',  ( 1.823938795864575635, 8.537024980200822558E-18, -0.6701617500199026356 ) ) ;
#1777 = CARTESIAN_POINT ( 'NONE',  ( 1.998454248247542031, 2.134256245050205639E-18, -0.6888589245931215910 ) ) ;
#1778 = DIRECTION ( 'NONE',  ( 0.000000000000000000, 0.000000000000000000, 1.000000000000000000 ) ) ;
#1779 = CARTESIAN_POINT ( 'NONE',  ( 1.925934603288674385, 6.402768735150616918E-18, -0.6353857216656664253 ) ) ;
#1780 = LINE ( 'NONE', #2149, #5418 ) ;
#1781 = CARTESIAN_POINT ( 'NONE',  ( 1.457960737179905486, 0.01574803149606299538, -0.5314648437500000266 ) ) ;
#1782 = CARTESIAN_POINT ( 'NONE',  ( 0.8777482983523854365, 0.000000000000000000, -0.4894554326371468034 ) ) ;
#1783 = ORIENTED_EDGE ( 'NONE', *, *, #2865, .T. ) ;
#1784 = CARTESIAN_POINT ( 'NONE',  ( 1.379717071670105266, 0.01574803149606299538, -0.7233376626297155498 ) ) ;
#1785 =( NAMED_UNIT ( * ) PLANE_ANGLE_UNIT ( ) SI_UNIT ( $, .RADIAN. ) );
#1786 = ORIENTED_EDGE ( 'NONE', *, *, #4843, .T. ) ;
#1787 = CARTESIAN_POINT ( 'NONE',  ( 1.531593549679905575, 0.000000000000000000, -0.5353710937500000266 ) ) ;
#1788 = DIRECTION ( 'NONE',  ( -0.000000000000000000, 0.000000000000000000, -1.000000000000000000 ) ) ;
#1789 = CARTESIAN_POINT ( 'NONE',  ( 2.057179487179905397, 0.01574803149606299191, -0.6268749999999999600 ) ) ;
#1790 = CARTESIAN_POINT ( 'NONE',  ( 1.766896284054905619, 0.000000000000000000, -0.7393750000000000044 ) ) ;
#1791 = VERTEX_POINT ( 'NONE', #3000 ) ;
#1792 = EDGE_CURVE ( 'NONE', #3538, #2898, #1780, .T. ) ;
#1793 = VERTEX_POINT ( 'NONE', #55 ) ;
#1794 = FACE_OUTER_BOUND ( 'NONE', #1327, .T. ) ;
#1795 = ORIENTED_EDGE ( 'NONE', *, *, #3098, .T. ) ;
#1796 = CARTESIAN_POINT ( 'NONE',  ( 0.9540544871799059301, 0.01574803149606299191, -0.5216015625000000044 ) ) ;
#1797 = DIRECTION ( 'NONE',  ( 0.000000000000000000, -0.000000000000000000, 1.000000000000000000 ) ) ;
#1798 = CARTESIAN_POINT ( 'NONE',  ( 0.9550954653787689930, 0.01574803149606299885, -0.5112464632799407216 ) ) ;
#1799 = CARTESIAN_POINT ( 'NONE',  ( 1.150435854072204611, 2.134256245050205639E-18, -0.6924205760502364360 ) ) ;
#1800 = CARTESIAN_POINT ( 'NONE',  ( 1.144923627804905752, 0.000000000000000000, -0.7362499999999999600 ) ) ;
#1801 = CARTESIAN_POINT ( 'NONE',  ( 1.387152977514224839, 0.01574803149606299538, -0.4938059999865766492 ) ) ;
#1802 = ORIENTED_EDGE ( 'NONE', *, *, #1567, .T. ) ;
#1803 = CARTESIAN_POINT ( 'NONE',  ( 1.964927994720189641, 0.01574803149606299885, -0.7292379968848157201 ) ) ;
#1804 = CARTESIAN_POINT ( 'NONE',  ( 1.931919030121990399, 6.402768735150616918E-18, -0.6209116725288940097 ) ) ;
#1805 = CARTESIAN_POINT ( 'NONE',  ( 1.458525488838899875, 0.01574803149606299538, -0.5293639032030675873 ) ) ;
#1806 = B_SPLINE_CURVE_WITH_KNOTS ( 'NONE', 3,
 ( #3152, #212, #184, #4962, #3609, #295, #5457, #1494, #2819, #5339, #1522, #1468, #2757, #2370, #676 ),
 .UNSPECIFIED., .F., .F.,
 ( 4, 1, 1, 1, 1, 1, 1, 1, 1, 1, 1, 1, 4 ),
 ( 0.000000000000000000, 0.1034052082864633099, 0.1942621505951396821, 0.2740690385957843533, 0.3420949973771597041, 0.4058894925794381825, 0.4739550307434834409, 0.5465684191698734207, 0.6247960913698367147, 0.7080746101722659169, 0.7957400007157737765, 0.8922413854497031060, 0.9999999999999998890 ),
 .UNSPECIFIED. ) ;
#1807 = CARTESIAN_POINT ( 'NONE',  ( 1.447660429977835950, -2.134256245050205639E-18, -0.7336199647703163240 ) ) ;
#1808 = CARTESIAN_POINT ( 'NONE',  ( 1.239992746087522857, 0.01574803149606299191, -0.5078715846304679982 ) ) ;
#1809 = CARTESIAN_POINT ( 'NONE',  ( 1.842502878105087394, 0.01574803149606299191, -0.5081351905995079576 ) ) ;
#1810 = ORIENTED_EDGE ( 'NONE', *, *, #4023, .T. ) ;
#1811 = CARTESIAN_POINT ( 'NONE',  ( 1.375986807546271340, 0.01574803149606299538, -0.7106320226300181231 ) ) ;
#1812 = FILL_AREA_STYLE ('',( #2627 ) ) ;
#1813 = VECTOR ( 'NONE', #5012, 39.37007874015748143 ) ;
#1814 = EDGE_CURVE ( 'NONE', #2161, #1215, #889, .T. ) ;
#1815 = CARTESIAN_POINT ( 'NONE',  ( 0.7038249073449345250, 0.01574803149606299191, -0.4966434411579717101 ) ) ;
#1816 = CARTESIAN_POINT ( 'NONE',  ( 1.774979853927590057, 0.01574803149606298844, -0.6104769995186635212 ) ) ;
#1817 = CARTESIAN_POINT ( 'NONE',  ( 1.667807909642012865, 0.01574803149606299538, -0.6890069819365174375 ) ) ;
#1818 = EDGE_LOOP ( 'NONE', ( #2635, #3264, #27, #2057, #5450, #5198, #2114, #4372, #1252, #4199, #4554, #3908, #4877, #61, #843, #1826, #4884, #4068, #3899, #2506 ) ) ;
#1819 = EDGE_CURVE ( 'NONE', #1258, #4728, #896, .T. ) ;
#1820 =( GEOMETRIC_REPRESENTATION_CONTEXT ( 3 ) GLOBAL_UNCERTAINTY_ASSIGNED_CONTEXT ( ( #5451 ) ) GLOBAL_UNIT_ASSIGNED_CONTEXT ( ( #5372, #5312, #2372 ) ) REPRESENTATION_CONTEXT ( 'NONE', 'WORKASPACE' ) );
#1821 = ORIENTED_EDGE ( 'NONE', *, *, #4001, .T. ) ;
#1822 = ORIENTED_EDGE ( 'NONE', *, *, #5008, .F. ) ;
#1823 = CARTESIAN_POINT ( 'NONE',  ( 1.597668826233848982, 0.01574803149606299538, -0.4908242421909566056 ) ) ;
#1824 = VECTOR ( 'NONE', #1580, 39.37007874015748143 ) ;
#1825 = CARTESIAN_POINT ( 'NONE',  ( 1.464894330929905619, 0.000000000000000000, -0.7020214843750001155 ) ) ;
#1826 = ORIENTED_EDGE ( 'NONE', *, *, #2267, .F. ) ;
#1827 = DIRECTION ( 'NONE',  ( 0.000000000000000000, 1.000000000000000000, 0.000000000000000000 ) ) ;
#1828 = CARTESIAN_POINT ( 'NONE',  ( 0.6988641811770868184, 0.01574803149606298844, -0.5027176849446669538 ) ) ;
#1829 = CARTESIAN_POINT ( 'NONE',  ( 1.664487397297035765, 0.01574803149606299191, -0.6761196969156250125 ) ) ;
#1830 = VECTOR ( 'NONE', #3295, 39.37007874015748143 ) ;
#1831 = CARTESIAN_POINT ( 'NONE',  ( 1.565724409054905397, 0.01574803149606299191, -0.7362499999999999600 ) ) ;
#1832 = CARTESIAN_POINT ( 'NONE',  ( 2.057179487179905397, 0.01574803149606299191, -0.5209667968750000266 ) ) ;
#1833 = CARTESIAN_POINT ( 'NONE',  ( 1.114083081255677454, 0.01574803149606298844, -0.7345421172199687598 ) ) ;
#1834 = CARTESIAN_POINT ( 'NONE',  ( 1.115870893429905752, 0.01574803149606299191, -0.6829296874999999378 ) ) ;
#1835 = FACE_OUTER_BOUND ( 'NONE', #2420, .T. ) ;
#1836 = CARTESIAN_POINT ( 'NONE',  ( 1.946531226345996179, 0.01574803149606298844, -0.6032118762582030502 ) ) ;
#1837 = B_SPLINE_CURVE_WITH_KNOTS ( 'NONE', 3,
 ( #3509, #569, #87, #2183, #3965, #3919, #1419, #1369 ),
 .UNSPECIFIED., .F., .F.,
 ( 4, 2, 2, 4 ),
 ( 0.000000000000000000, 0.0001243102055119912756, 0.0002486204110239825511, 0.0004972408220479754021 ),
 .UNSPECIFIED. ) ;
#1838 = DIRECTION ( 'NONE',  ( 1.000000000000000000, 0.000000000000000000, 0.000000000000000000 ) ) ;
#1839 = CARTESIAN_POINT ( 'NONE',  ( 1.660217759286164219, 0.01574803149606299191, -0.5296793320298502916 ) ) ;
#1840 = CARTESIAN_POINT ( 'NONE',  ( 1.810088710735638928, -2.134256245050205639E-18, -0.5446912955164561199 ) ) ;
#1841 = CARTESIAN_POINT ( 'NONE',  ( 1.129991460597539410, 0.01574803149606299191, -0.7360407839715595868 ) ) ;
#1842 = ORIENTED_EDGE ( 'NONE', *, *, #1613, .T. ) ;
#1843 = LINE ( 'NONE', #1394, #117 ) ;
#1844 = EDGE_CURVE ( 'NONE', #4888, #1712, #2414, .T. ) ;
#1845 = CARTESIAN_POINT ( 'NONE',  ( 0.7055579487407904749, 0.01574803149606298497, -0.4951648890945713477 ) ) ;
#1846 = EDGE_CURVE ( 'NONE', #4198, #665, #2434, .T. ) ;
#1847 = CARTESIAN_POINT ( 'NONE',  ( 1.776564252804905708, -2.134256245050205639E-18, -0.6016308593750000488 ) ) ;
#1848 = CARTESIAN_POINT ( 'NONE',  ( 1.670509882653886002, 0.01574803149606299538, -0.6943561838738041558 ) ) ;
#1849 = CARTESIAN_POINT ( 'NONE',  ( 1.838351199528131419, 0.01574803149606298844, -0.6205224489402035859 ) ) ;
#1850 = ORIENTED_EDGE ( 'NONE', *, *, #4907, .F. ) ;
#1851 = VERTEX_POINT ( 'NONE', #3688 ) ;
#1852 = EDGE_CURVE ( 'NONE', #1367, #4968, #3631, .T. ) ;
#1853 = EDGE_CURVE ( 'NONE', #551, #3890, #2360, .T. ) ;
#1854 =( LENGTH_UNIT ( ) NAMED_UNIT ( * ) SI_UNIT ( $, .METRE. ) );
#1855 = VERTEX_POINT ( 'NONE', #132 ) ;
#1856 = CARTESIAN_POINT ( 'NONE',  ( 0.7641063223433915974, 0.01574803149606299191, -0.5152987593429768642 ) ) ;
#1857 = CARTESIAN_POINT ( 'NONE',  ( 0.7070973242328877362, 2.134256245050205639E-18, -0.4938955433169965881 ) ) ;
#1858 = CARTESIAN_POINT ( 'NONE',  ( 0.9945664885472488281, 0.000000000000000000, -0.4912168270001306958 ) ) ;
#1859 = ADVANCED_FACE ( 'NONE', ( #537 ), #698, .F. ) ;
#1860 = CARTESIAN_POINT ( 'NONE',  ( 1.980300589604965467, -2.134256245050205639E-18, -0.6491831046553113715 ) ) ;
#1861 = CARTESIAN_POINT ( 'NONE',  ( 1.155339892973302085, 0.01574803149606299191, -0.6924726754716854504 ) ) ;
#1862 = CARTESIAN_POINT ( 'NONE',  ( 1.375929487179905486, -0.1645399120536400472, -0.5195996093750000488 ) ) ;
#1863 = CARTESIAN_POINT ( 'NONE',  ( 0.9660967097892542155, 2.134256245050205639E-18, -0.7347396469861320334 ) ) ;
#1864 = ADVANCED_FACE ( 'NONE', ( #5129 ), #2147, .F. ) ;
#1865 = VECTOR ( 'NONE', #2224, 39.37007874015748143 ) ;
#1866 = CARTESIAN_POINT ( 'NONE',  ( 0.9009294871799053972, 0.01574803149606299191, -0.5198437500000000488 ) ) ;
#1867 = CARTESIAN_POINT ( 'NONE',  ( 1.837365641014719220, 0.01574803149606299191, -0.5965159553965388994 ) ) ;
#1868 = DIRECTION ( 'NONE',  ( 0.000000000000000000, 0.000000000000000000, 1.000000000000000000 ) ) ;
#1869 = CARTESIAN_POINT ( 'NONE',  ( 1.925673690198496102, 0.000000000000000000, -0.6847626957698803585 ) ) ;
#1870 = LINE ( 'NONE', #3581, #967 ) ;
#1871 = EDGE_LOOP ( 'NONE', ( #4806, #2485, #3433, #486 ) ) ;
#1872 = AXIS2_PLACEMENT_3D ( 'NONE', #1414, #3641, #3125 ) ;
#1873 = ORIENTED_EDGE ( 'NONE', *, *, #3683, .T. ) ;
#1874 = CARTESIAN_POINT ( 'NONE',  ( 1.776485828945926215, -2.134256245050205639E-18, -0.6031878490030767592 ) ) ;
#1875 = CARTESIAN_POINT ( 'NONE',  ( 1.241468419633695586, 0.01574803149606299538, -0.7077921830871947151 ) ) ;
#1876 = CARTESIAN_POINT ( 'NONE',  ( 1.539035552760663172, 0.01574803149606298844, -0.7313131790087699091 ) ) ;
#1877 = VERTEX_POINT ( 'NONE', #1626 ) ;
#1878 = B_SPLINE_CURVE_WITH_KNOTS ( 'NONE', 3,
 ( #2403, #1142, #1553, #3276, #2432, #5548, #3767, #774, #5143, #324 ),
 .UNSPECIFIED., .F., .F.,
 ( 4, 2, 2, 2, 4 ),
 ( 0.000000000000000000, 0.0003948746126485436323, 0.0007897492252970872645, 0.001184623837945630951, 0.001579498450594174529 ),
 .UNSPECIFIED. ) ;
#1879 = ORIENTED_EDGE ( 'NONE', *, *, #449, .F. ) ;
#1880 = DIRECTION ( 'NONE',  ( -0.1910251177206492290, 0.000000000000000000, -0.9815851488280638026 ) ) ;
#1881 = ORIENTED_EDGE ( 'NONE', *, *, #567, .T. ) ;
#1882 = CARTESIAN_POINT ( 'NONE',  ( 2.057179487179905397, 0.000000000000000000, -0.5209667968750000266 ) ) ;
#1883 = B_SPLINE_SURFACE_WITH_KNOTS ( 'NONE', 3, 1, ( 
 ( #3386, #2095 ),
 ( #2040, #4279 ),
 ( #862, #5567 ),
 ( #404, #3885 ),
 ( #1724, #5509 ),
 ( #3829, #2882 ),
 ( #352, #5542 ),
 ( #1640, #5112 ),
 ( #2574, #1228 ),
 ( #1700, #1289 ),
 ( #23, #3760 ),
 ( #3328, #1609 ),
 ( #1669, #4309 ),
 ( #4666, #5051 ),
 ( #1200, #2911 ) ),
 .UNSPECIFIED., .F., .F., .F.,
 ( 4, 1, 1, 1, 1, 1, 1, 1, 1, 1, 1, 1, 4 ),
 ( 2, 2 ),
 ( 0.000000000000000000, 0.1075212931455933191, 0.2018531455207841496, 0.2834991629665748469, 0.3522698592065470757, 0.4159778075812734510, 0.4825984022751547697, 0.5530617777884793140, 0.6284494531993556343, 0.7089724738938529836, 0.7972121718589568751, 0.8941376139955272695, 1.000000000000000000 ),
 ( 0.000000000000000000, 1.000000000000000000 ),
 .UNSPECIFIED. ) ;
#1884 = CARTESIAN_POINT ( 'NONE',  ( 1.776491450839594366, 0.01574803149606299191, -0.5997790228293909953 ) ) ;
#1885 = CARTESIAN_POINT ( 'NONE',  ( 0.8550660800290225128, 0.000000000000000000, -0.4975983446888450623 ) ) ;
#1886 = CARTESIAN_POINT ( 'NONE',  ( 1.157911909054905708, 0.000000000000000000, -0.6268749999999999600 ) ) ;
#1887 = CARTESIAN_POINT ( 'NONE',  ( 1.704782003139035274, 2.134256245050205639E-18, -0.6524058314271993231 ) ) ;
#1888 = CARTESIAN_POINT ( 'NONE',  ( 2.017677534054905575, -0.1645399120536400472, -0.5831250000000000044 ) ) ;
#1889 = CARTESIAN_POINT ( 'NONE',  ( 1.375929487179905486, 2.134256245050205639E-18, -0.5195996093750000488 ) ) ;
#1890 = CARTESIAN_POINT ( 'NONE',  ( 0.9839861278049059079, 0.01574803149606299191, -0.4893750000000001155 ) ) ;
#1891 = CARTESIAN_POINT ( 'NONE',  ( 2.057179487179905397, 0.000000000000000000, -0.6268749999999999600 ) ) ;
#1892 = CARTESIAN_POINT ( 'NONE',  ( 1.461156639516344669, 1.707404996040164512E-17, -0.5198684452770315767 ) ) ;
#1893 = CARTESIAN_POINT ( 'NONE',  ( 1.838429487179905841, 0.01574803149606299191, -0.6155957031250000044 ) ) ;
#1894 = CARTESIAN_POINT ( 'NONE',  ( 1.100490034054905752, 0.01574803149606299538, -0.7317089843750000933 ) ) ;
#1895 = CARTESIAN_POINT ( 'NONE',  ( 1.679451743075582426, 2.134256245050205639E-18, -0.5130238392814815418 ) ) ;
#1896 = ORIENTED_EDGE ( 'NONE', *, *, #865, .T. ) ;
#1897 = CARTESIAN_POINT ( 'NONE',  ( 0.9009294871799053972, 0.000000000000000000, -0.7016796874999999822 ) ) ;
#1898 = EDGE_LOOP ( 'NONE', ( #5261, #3287, #251, #3726 ) ) ;
#1899 = CARTESIAN_POINT ( 'NONE',  ( 0.7193935879870801964, 0.000000000000000000, -0.4896277986352555733 ) ) ;
#1900 = CARTESIAN_POINT ( 'NONE',  ( 1.769386518429905797, 0.01574803149606299191, -0.4893750000000000044 ) ) ;
#1901 = CARTESIAN_POINT ( 'NONE',  ( 1.808867094833309874, 0.01574803149606299191, -0.6852467416519438803 ) ) ;
#1902 = ORIENTED_EDGE ( 'NONE', *, *, #1819, .T. ) ;
#1903 = DIMENSIONAL_EXPONENTS ( 1.000000000000000000, 0.000000000000000000, 0.000000000000000000, 0.000000000000000000, 0.000000000000000000, 0.000000000000000000, 0.000000000000000000 ) ;
#1904 = LINE ( 'NONE', #4972, #4433 ) ;
#1905 = FACE_OUTER_BOUND ( 'NONE', #5192, .T. ) ;
#1906 = VECTOR ( 'NONE', #2131, 39.37007874015748143 ) ;
#1907 = LINE ( 'NONE', #1938, #4121 ) ;
#1908 = ORIENTED_EDGE ( 'NONE', *, *, #3860, .T. ) ;
#1909 = CARTESIAN_POINT ( 'NONE',  ( 0.7353165122017586430, 0.01574803149606299191, -0.4901412885075693282 ) ) ;
#1910 = CARTESIAN_POINT ( 'NONE',  ( 1.694613477266188939, 0.01574803149606299191, -0.6237233461077282826 ) ) ;
#1911 = CARTESIAN_POINT ( 'NONE',  ( 1.429054487179905575, -0.1645399120536400472, -0.5196484375000000044 ) ) ;
#1912 = B_SPLINE_CURVE_WITH_KNOTS ( 'NONE', 3,
 ( #5368, #3208, #3233, #4933, #1077, #3268, #3828, #5481, #5421, #3327 ),
 .UNSPECIFIED., .F., .F.,
 ( 4, 2, 2, 2, 4 ),
 ( 0.000000000000000000, 0.0001479296778549872961, 0.0002958593557099745922, 0.0004437890335649618883, 0.0005917187114199491844 ),
 .UNSPECIFIED. ) ;
#1913 = VECTOR ( 'NONE', #4390, 39.37007874015748854 ) ;
#1914 = CARTESIAN_POINT ( 'NONE',  ( 1.139975627519152157, 0.01574803149606299538, -0.5831909890584424661 ) ) ;
#1915 = CARTESIAN_POINT ( 'NONE',  ( 2.027034734310539488, -2.134256245050205639E-18, -0.6269035143893506579 ) ) ;
#1916 = CARTESIAN_POINT ( 'NONE',  ( 0.8311052684299053972, 0.01574803149606299191, -0.7079785156249999156 ) ) ;
#1917 = CARTESIAN_POINT ( 'NONE',  ( 0.9990819392866335802, -2.134256245050205639E-18, -0.4939665818789647500 ) ) ;
#1918 = EDGE_CURVE ( 'NONE', #2311, #1573, #1703, .T. ) ;
#1919 = FACE_OUTER_BOUND ( 'NONE', #161, .T. ) ;
#1920 = EDGE_CURVE ( 'NONE', #2027, #4289, #5065, .T. ) ;
#1921 = ORIENTED_EDGE ( 'NONE', *, *, #4452, .F. ) ;
#1922 = DIRECTION ( 'NONE',  ( 0.000000000000000000, 1.000000000000000000, 0.000000000000000000 ) ) ;
#1923 = CARTESIAN_POINT ( 'NONE',  ( 1.852028320624386604, 0.01574803149606299191, -0.5149517904640361632 ) ) ;
#1924 = CARTESIAN_POINT ( 'NONE',  ( 1.664504974421603389, 0.01574803149606299538, -0.6729498879127016053 ) ) ;
#1925 = CARTESIAN_POINT ( 'NONE',  ( 1.924068291746614756, 0.01574803149606298844, -0.6770761326926550971 ) ) ;
#1926 = CARTESIAN_POINT ( 'NONE',  ( 2.057179487179905397, 0.01574803149606299191, -0.6925000000000000044 ) ) ;
#1927 = CARTESIAN_POINT ( 'NONE',  ( 2.000629357640539396, 0.01574803149606299191, -0.6895799527731676370 ) ) ;
#1928 = ORIENTED_EDGE ( 'NONE', *, *, #4329, .T. ) ;
#1929 = CARTESIAN_POINT ( 'NONE',  ( 0.9003140876050503838, 0.01574803149606299191, -0.7124100590933337696 ) ) ;
#1930 = ORIENTED_EDGE ( 'NONE', *, *, #4913, .T. ) ;
#1931 = CARTESIAN_POINT ( 'NONE',  ( 0.8682146039335083554, 0.01574803149606299191, -0.4901265311072751651 ) ) ;
#1932 = CARTESIAN_POINT ( 'NONE',  ( 1.208922318698867571, 0.01574803149606299538, -0.7362422922750069265 ) ) ;
#1933 = CARTESIAN_POINT ( 'NONE',  ( 1.671030253060369342, 0.01574803149606299885, -0.6955625836124864625 ) ) ;
#1934 = PLANE ( 'NONE',  #5153 ) ;
#1935 = B_SPLINE_CURVE_WITH_KNOTS ( 'NONE', 3,
 ( #3704, #2435, #2076, #2890, #3839, #2526, #4584, #4701, #2049, #3770, #3802 ),
 .UNSPECIFIED., .F., .F.,
 ( 4, 1, 1, 1, 1, 1, 1, 1, 4 ),
 ( 0.000000000000000000, 0.1402943894369882427, 0.2690238711738889288, 0.3898006988269686057, 0.5083482253201334622, 0.6259820118935320865, 0.7431690458776171182, 0.8666051232822475914, 1.000000000000000000 ),
 .UNSPECIFIED. ) ;
#1936 = CARTESIAN_POINT ( 'NONE',  ( 1.724106526501848036, 0.01574803149606299191, -0.5419057985329381877 ) ) ;
#1937 = EDGE_CURVE ( 'NONE', #2877, #4055, #144, .T. ) ;
#1938 = CARTESIAN_POINT ( 'NONE',  ( 0.6946794871799053528, -0.1645399120536400472, -0.7089062499999998490 ) ) ;
#1939 = EDGE_LOOP ( 'NONE', ( #89, #5341, #4626, #1902 ) ) ;
#1940 = CARTESIAN_POINT ( 'NONE',  ( 1.745531162030891315, 0.01574803149606299191, -0.4906680382963545251 ) ) ;
#1941 = CARTESIAN_POINT ( 'NONE',  ( 1.461404679769241488, 0.01574803149606298844, -0.7145777509405611960 ) ) ;
#1942 = CARTESIAN_POINT ( 'NONE',  ( 1.676278791428718939, -2.134256245050205639E-18, -0.6215183839780858976 ) ) ;
#1943 = CARTESIAN_POINT ( 'NONE',  ( 1.008670260437244393, 0.000000000000000000, -0.5079346876839752056 ) ) ;
#1944 = VERTEX_POINT ( 'NONE', #4779 ) ;
#1945 = CARTESIAN_POINT ( 'NONE',  ( 1.769386518429905797, 0.01574803149606299191, -0.4893750000000000044 ) ) ;
#1946 = CARTESIAN_POINT ( 'NONE',  ( 2.006458499330998624, 6.402768735150616918E-18, -0.5832520543012011949 ) ) ;
#1947 = FACE_OUTER_BOUND ( 'NONE', #3660, .T. ) ;
#1948 = CARTESIAN_POINT ( 'NONE',  ( 1.798314247221638684, 0.01574803149606299191, -0.5381625900991808820 ) ) ;
#1949 = CARTESIAN_POINT ( 'NONE',  ( 1.665511832154996430, 0.01574803149606299191, -0.6677883603815443214 ) ) ;
#1950 = CARTESIAN_POINT ( 'NONE',  ( 1.157911909054905708, 0.000000000000000000, -0.6925000000000000044 ) ) ;
#1951 = CARTESIAN_POINT ( 'NONE',  ( 1.497759988432243006, 0.000000000000000000, -0.4894122655946467337 ) ) ;
#1952 = ORIENTED_EDGE ( 'NONE', *, *, #5139, .F. ) ;
#1953 = CARTESIAN_POINT ( 'NONE',  ( 0.9774270794135049290, -2.134256245050205639E-18, -0.7391118740944179200 ) ) ;
#1954 = CARTESIAN_POINT ( 'NONE',  ( 0.7266619090549053528, 0.000000000000000000, -0.4893750000000000044 ) ) ;
#1955 = EDGE_LOOP ( 'NONE', ( #1450, #1498, #1783, #3632, #5157, #3110 ) ) ;
#1956 = CARTESIAN_POINT ( 'NONE',  ( 0.7127769309459734970, 0.000000000000000000, -0.4912586770440596773 ) ) ;
#1957 = CARTESIAN_POINT ( 'NONE',  ( 2.057179487179905397, 0.01574803149606299191, -0.6925000000000000044 ) ) ;
#1958 = VECTOR ( 'NONE', #3618, 39.37007874015748143 ) ;
#1959 = CARTESIAN_POINT ( 'NONE',  ( 1.107265499518347074, 0.000000000000000000, -0.6621100154890268152 ) ) ;
#1960 = DIRECTION ( 'NONE',  ( 0.000000000000000000, 1.000000000000000000, 0.000000000000000000 ) ) ;
#1961 = CARTESIAN_POINT ( 'NONE',  ( 0.8494475127983880380, 0.01574803149606299191, -0.5074720540016978143 ) ) ;
#1962 = DIRECTION ( 'NONE',  ( -1.000000000000000000, 0.000000000000000000, -0.000000000000000000 ) ) ;
#1963 = CARTESIAN_POINT ( 'NONE',  ( 1.207521284054905886, 0.01574803149606299191, -0.7362499999999999600 ) ) ;
#1964 = CARTESIAN_POINT ( 'NONE',  ( 1.657217684161891968, 0.01574803149606299191, -0.5934167419783636932 ) ) ;
#1965 = CARTESIAN_POINT ( 'NONE',  ( 1.571520055508351055, 0.000000000000000000, -0.4938218264033372717 ) ) ;
#1966 = CARTESIAN_POINT ( 'NONE',  ( 1.104657787042074624, 0.000000000000000000, -0.7328658653892223818 ) ) ;
#1967 = ORIENTED_EDGE ( 'NONE', *, *, #2839, .F. ) ;
#1968 = CARTESIAN_POINT ( 'NONE',  ( 1.050929487179905752, 0.01574803149606299885, -0.6608593750000000266 ) ) ;
#1969 = CARTESIAN_POINT ( 'NONE',  ( 1.538670899840549389, 0.01574803149606300232, -0.7311398973605375273 ) ) ;
#1970 = FACE_OUTER_BOUND ( 'NONE', #972, .T. ) ;
#1971 = CARTESIAN_POINT ( 'NONE',  ( 1.995730721102108474, 6.402768735150616918E-18, -0.5842720217304788743 ) ) ;
#1972 = CARTESIAN_POINT ( 'NONE',  ( 1.462584698831354668, 1.707404996040164512E-17, -0.5150544321967966965 ) ) ;
#1973 = ORIENTED_EDGE ( 'NONE', *, *, #1501, .F. ) ;
#1974 = CARTESIAN_POINT ( 'NONE',  ( 2.029786909054905220, -0.1645399120536400472, -0.6925000000000000044 ) ) ;
#1975 = CARTESIAN_POINT ( 'NONE',  ( 1.772498423178937799, 0.01574803149606299191, -0.5331913355487007955 ) ) ;
#1976 = DIMENSIONAL_EXPONENTS ( 1.000000000000000000, 0.000000000000000000, 0.000000000000000000, 0.000000000000000000, 0.000000000000000000, 0.000000000000000000, 0.000000000000000000 ) ;
#1977 = CARTESIAN_POINT ( 'NONE',  ( 1.842602247532375781, 0.000000000000000000, -0.7203398435468796324 ) ) ;
#1978 = CARTESIAN_POINT ( 'NONE',  ( 2.091062328429526662, 0.000000000000000000, -0.7352390000847036644 ) ) ;
#1979 = CARTESIAN_POINT ( 'NONE',  ( 1.185304487179905886, -0.3448278556033430586, -0.5209667968750000266 ) ) ;
#1980 = CARTESIAN_POINT ( 'NONE',  ( 1.508745516350300298, 0.000000000000000000, -0.4915347143449858014 ) ) ;
#1981 = CARTESIAN_POINT ( 'NONE',  ( 0.8986376333861287868, 0.000000000000000000, -0.7196902923623984538 ) ) ;
#1982 = DIRECTION ( 'NONE',  ( -0.000000000000000000, 1.000000000000000000, -0.000000000000000000 ) ) ;
#1983 = CARTESIAN_POINT ( 'NONE',  ( 0.7070973242328877362, 0.000000000000000000, -0.4938955433169965881 ) ) ;
#1984 = CARTESIAN_POINT ( 'NONE',  ( 1.613357473084141569, 0.01574803149606299191, -0.7108230314208824341 ) ) ;
#1985 = CARTESIAN_POINT ( 'NONE',  ( 2.079396284054905397, 0.000000000000000000, -0.7362499999999999600 ) ) ;
#1986 = CARTESIAN_POINT ( 'NONE',  ( 0.8494475127983880380, 2.134256245050205639E-18, -0.5074720540016978143 ) ) ;
#1987 = EDGE_CURVE ( 'NONE', #3877, #3612, #3922, .T. ) ;
#1988 = CARTESIAN_POINT ( 'NONE',  ( 0.7230486278049053084, 2.134256245050205639E-18, -0.7393750000000000044 ) ) ;
#1989 = CARTESIAN_POINT ( 'NONE',  ( 2.057179487179905397, 0.000000000000000000, -0.5209667968750000266 ) ) ;
#1990 = CARTESIAN_POINT ( 'NONE',  ( 1.517968615889645712, -2.134256245050205639E-18, -0.4979413322131798214 ) ) ;
#1991 = VERTEX_POINT ( 'NONE', #5211 ) ;
#1992 = CARTESIAN_POINT ( 'NONE',  ( 1.119425891385690042, 0.000000000000000000, -0.7351717324689980293 ) ) ;
#1993 = VECTOR ( 'NONE', #1219, 39.37007874015748143 ) ;
#1994 = VERTEX_POINT ( 'NONE', #2659 ) ;
#1995 = CARTESIAN_POINT ( 'NONE',  ( 1.673936597650692137, 0.000000000000000000, -0.6998280544597671460 ) ) ;
#1996 = CARTESIAN_POINT ( 'NONE',  ( 2.079396284054905397, 0.01574803149606299191, -0.7362499999999999600 ) ) ;
#1997 = CARTESIAN_POINT ( 'NONE',  ( 0.7412875443072729498, 2.134256245050205639E-18, -0.7315630477927050901 ) ) ;
#1998 = VECTOR ( 'NONE', #2654, 39.37007874015748143 ) ;
#1999 = CARTESIAN_POINT ( 'NONE',  ( 1.980300589604965467, 6.402768735150616918E-18, -0.6491831046553113715 ) ) ;
#2000 = CARTESIAN_POINT ( 'NONE',  ( 1.816442537326437456, 0.01574803149606299191, -0.5498018168378352444 ) ) ;
#2001 = VERTEX_POINT ( 'NONE', #2634 ) ;
#2002 = VECTOR ( 'NONE', #3864, 39.37007874015748143 ) ;
#2003 = CARTESIAN_POINT ( 'NONE',  ( 1.222555632894472888, 0.000000000000000000, -0.7344148740484145454 ) ) ;
#2004 = CARTESIAN_POINT ( 'NONE',  ( 1.524806440304905530, 0.01574803149606298844, -0.7020214843750001155 ) ) ;
#2005 = CARTESIAN_POINT ( 'NONE',  ( 0.7151790345289176232, 0.01574803149606299191, -0.7386650566563888187 ) ) ;
#2006 = CARTESIAN_POINT ( 'NONE',  ( 1.868989555706127792, 0.01574803149606299191, -0.6971243818934035330 ) ) ;
#2007 = CARTESIAN_POINT ( 'NONE',  ( 2.112943956533414713, 0.000000000000000000, -0.7116585904362078274 ) ) ;
#2008 = PLANE ( 'NONE',  #730 ) ;
#2009 = CARTESIAN_POINT ( 'NONE',  ( 1.881239693776089350, 0.000000000000000000, -0.5513158088305722959 ) ) ;
#2010 = B_SPLINE_SURFACE_WITH_KNOTS ( 'NONE', 3, 1, ( 
 ( #545, #1396 ),
 ( #140, #518 ),
 ( #1875, #5286 ),
 ( #4833, #2264 ),
 ( #4344, #3920 ),
 ( #3559, #64 ),
 ( #468, #2185 ),
 ( #2211, #2316 ),
 ( #2404, #630 ),
 ( #301, #3215 ),
 ( #5401, #217 ),
 ( #2345, #1526 ),
 ( #4882, #3703 ),
 ( #2015, #1143 ),
 ( #3240, #2433 ),
 ( #1554, #4078 ),
 ( #4525, #1021 ),
 ( #1932, #4470 ),
 ( #4943, #4996 ) ),
 .UNSPECIFIED., .F., .F., .F.,
 ( 4, 1, 1, 1, 1, 1, 1, 1, 1, 1, 1, 1, 1, 1, 1, 1, 4 ),
 ( 2, 2 ),
 ( 0.000000000000000000, 0.07632991237579972443, 0.1475902797655206378, 0.2141341229181883410, 0.2766335995961090588, 0.3354621556079133704, 0.3904701877972195367, 0.4445106943788564302, 0.4965622250395489434, 0.5495416088508521257, 0.6031030765590439380, 0.6597058747106790966, 0.7195927783563121904, 0.7833678860529335042, 0.8506459785148551278, 0.9227992763119478026, 1.000000000000000000 ),
 ( 0.000000000000000000, 1.000000000000000000 ),
 .UNSPECIFIED. ) ;
#2011 = CARTESIAN_POINT ( 'NONE',  ( 1.185304487179905886, 0.000000000000000000, -0.6925000000000000044 ) ) ;
#2012 = CARTESIAN_POINT ( 'NONE',  ( 1.088120555432553038, 6.402768735150616918E-18, -0.5942874467830964180 ) ) ;
#2013 = CARTESIAN_POINT ( 'NONE',  ( 1.810088710735638928, 0.000000000000000000, -0.5446912955164561199 ) ) ;
#2014 = LINE ( 'NONE', #2791, #5155 ) ;
#2015 = CARTESIAN_POINT ( 'NONE',  ( 1.222555632894472888, 0.01574803149606299538, -0.7344148740484145454 ) ) ;
#2016 = CARTESIAN_POINT ( 'NONE',  ( 2.029786909054905220, 0.01574803149606299191, -0.6925000000000000044 ) ) ;
#2017 = CARTESIAN_POINT ( 'NONE',  ( 2.094430632894472399, 0.01574803149606299191, -0.7344148740484145454 ) ) ;
#2018 = ADVANCED_FACE ( 'NONE', ( #1350 ), #1157, .F. ) ;
#2019 = EDGE_CURVE ( 'NONE', #1994, #3812, #2797, .T. ) ;
#2020 = CARTESIAN_POINT ( 'NONE',  ( 1.838379791394499918, -2.134256245050205639E-18, -0.6187231248477531587 ) ) ;
#2021 = CARTESIAN_POINT ( 'NONE',  ( 1.738501658885703183, 0.01574803149606299191, -0.5371477835755119612 ) ) ;
#2022 = PLANE ( 'NONE',  #3572 ) ;
#2023 = CARTESIAN_POINT ( 'NONE',  ( 2.057407124056222614, 0.01574803149606299191, -0.5142886079259293419 ) ) ;
#2024 = ORIENTED_EDGE ( 'NONE', *, *, #234, .T. ) ;
#2025 = ADVANCED_FACE ( 'NONE', ( #4134 ), #1148, .T. ) ;
#2026 = CARTESIAN_POINT ( 'NONE',  ( 1.590294150816323748, 2.134256245050205639E-18, -0.4894676275273492916 ) ) ;
#2027 = VERTEX_POINT ( 'NONE', #2829 ) ;
#2028 = LINE ( 'NONE', #1187, #4167 ) ;
#2029 = CARTESIAN_POINT ( 'NONE',  ( 1.613357473084141569, 2.134256245050205639E-18, -0.7108230314208824341 ) ) ;
#2030 = CARTESIAN_POINT ( 'NONE',  ( 1.402124492928383592, 0.01574803149606299538, -0.4894744996973858786 ) ) ;
#2031 = ADVANCED_FACE ( 'NONE', ( #1905 ), #4578, .F. ) ;
#2032 = CARTESIAN_POINT ( 'NONE',  ( 1.135689165549412794, -2.134256245050205639E-18, -0.6285930086686676299 ) ) ;
#2033 = CARTESIAN_POINT ( 'NONE',  ( 1.832668941061771806, 0.01574803149606298497, -0.5754616372041341243 ) ) ;
#2034 = ORIENTED_EDGE ( 'NONE', *, *, #3945, .F. ) ;
#2035 = CARTESIAN_POINT ( 'NONE',  ( 1.115870893429905752, 0.01574803149606298844, -0.6829296874999999378 ) ) ;
#2036 = CARTESIAN_POINT ( 'NONE',  ( 1.529863366413430237, 0.01574803149606298844, -0.7188059347168455071 ) ) ;
#2037 = CARTESIAN_POINT ( 'NONE',  ( 0.8942947290157428064, 2.134256245050205639E-18, -0.4972820757421343441 ) ) ;
#2038 = FACE_OUTER_BOUND ( 'NONE', #439, .T. ) ;
#2039 = LINE ( 'NONE', #768, #4974 ) ;
#2040 = CARTESIAN_POINT ( 'NONE',  ( 1.715405917995800333, 0.01574803149606299538, -0.6619560225051788205 ) ) ;
#2041 = CARTESIAN_POINT ( 'NONE',  ( 1.485766982148276405, 0.01574803149606299191, -0.4903619581673789862 ) ) ;
#2042 = CARTESIAN_POINT ( 'NONE',  ( 1.404298627804905442, 0.01574803149606299538, -0.4893750000000000044 ) ) ;
#2043 = CARTESIAN_POINT ( 'NONE',  ( 1.731229338394735473, 2.134256245050205639E-18, -0.5393713399673585318 ) ) ;
#2044 = EDGE_CURVE ( 'NONE', #367, #2400, #5127, .T. ) ;
#2045 = CARTESIAN_POINT ( 'NONE',  ( 1.883898262379141597, 0.01574803149606299538, -0.6722066753339698275 ) ) ;
#2046 = LINE ( 'NONE', #1615, #389 ) ;
#2047 = CARTESIAN_POINT ( 'NONE',  ( 0.8831483222728963023, 0.01574803149606298844, -0.7365684856197703967 ) ) ;
#2048 = CARTESIAN_POINT ( 'NONE',  ( 0.8325133568397476980, 6.402768735150616918E-18, -0.7102193113138469682 ) ) ;
#2049 = CARTESIAN_POINT ( 'NONE',  ( 1.208533026208835182, -2.134256245050205639E-18, -0.4896555717446322009 ) ) ;
#2050 = CARTESIAN_POINT ( 'NONE',  ( 0.6946794871799053528, 0.01574803149606299191, -0.5235546875000000044 ) ) ;
#2051 = CARTESIAN_POINT ( 'NONE',  ( 2.110245542610794445, 0.000000000000000000, -0.7215162773531212936 ) ) ;
#2052 = CARTESIAN_POINT ( 'NONE',  ( 0.9839861278049059079, 0.01574803149606299885, -0.4893750000000001155 ) ) ;
#2053 = DIRECTION ( 'NONE',  ( 0.000000000000000000, 1.000000000000000000, 0.000000000000000000 ) ) ;
#2054 = DIRECTION ( 'NONE',  ( -0.1947149249117245684, 0.000000000000000000, 0.9808598768512357680 ) ) ;
#2055 = VECTOR ( 'NONE', #4093, 39.37007874015748143 ) ;
#2056 = CARTESIAN_POINT ( 'NONE',  ( 1.691386596499492745, 2.134256245050205639E-18, -0.5067145864463102889 ) ) ;
#2057 = ORIENTED_EDGE ( 'NONE', *, *, #5405, .F. ) ;
#2058 = CARTESIAN_POINT ( 'NONE',  ( 1.613350864161711806, 2.134256245050205639E-18, -0.5172499027416601614 ) ) ;
#2059 = ORIENTED_EDGE ( 'NONE', *, *, #3505, .T. ) ;
#2060 = CARTESIAN_POINT ( 'NONE',  ( 0.8893682380089421580, 0.01574803149606298844, -0.7327181385038488148 ) ) ;
#2061 = LINE ( 'NONE', #3784, #1993 ) ;
#2062 = B_SPLINE_SURFACE_WITH_KNOTS ( 'NONE', 3, 1, ( 
 ( #4037, #2778 ),
 ( #1513, #4894 ),
 ( #176, #3225 ),
 ( #612, #1887 ),
 ( #4953, #1033 ),
 ( #4536, #150 ),
 ( #2749, #4064 ) ),
 .UNSPECIFIED., .F., .F., .F.,
 ( 4, 1, 1, 1, 4 ),
 ( 2, 2 ),
 ( 0.000000000000000000, 0.2466395578083376561, 0.4949969674476933923, 0.7458445846746503127, 1.000000000000000000 ),
 ( 0.000000000000000000, 1.000000000000000000 ),
 .UNSPECIFIED. ) ;
#2063 = CARTESIAN_POINT ( 'NONE',  ( 1.397994253911368778, 0.01574803149606299538, -0.4896635208739297807 ) ) ;
#2064 = CARTESIAN_POINT ( 'NONE',  ( 1.826095067903153346, 0.01574803149606299191, -0.5616402021303665837 ) ) ;
#2065 = EDGE_LOOP ( 'NONE', ( #2711, #396, #1810, #3198 ) ) ;
#2066 = CARTESIAN_POINT ( 'NONE',  ( 1.756973919283858043, 2.134256245050205639E-18, -0.6946510964328902471 ) ) ;
#2067 = CARTESIAN_POINT ( 'NONE',  ( 0.6947430528789012572, 0.01574803149606299191, -0.7108749071635797057 ) ) ;
#2068 = CARTESIAN_POINT ( 'NONE',  ( 1.777536860385634965, 0.01574803149606299191, -0.5333211429501247824 ) ) ;
#2069 = CARTESIAN_POINT ( 'NONE',  ( 1.868989555706127792, 0.000000000000000000, -0.6971243818934035330 ) ) ;
#2070 = CARTESIAN_POINT ( 'NONE',  ( 2.107111404935126941, 0.000000000000000000, -0.7266000665955246740 ) ) ;
#2071 = LINE ( 'NONE', #799, #2408 ) ;
#2072 = CARTESIAN_POINT ( 'NONE',  ( 1.528618984234911160, 0.000000000000000000, -0.5208600826160169062 ) ) ;
#2073 = CARTESIAN_POINT ( 'NONE',  ( 1.761735317671229817, 2.134256245050205639E-18, -0.5332466344749231535 ) ) ;
#2074 = CARTESIAN_POINT ( 'NONE',  ( 1.100490034054905752, 0.000000000000000000, -0.7317089843750000933 ) ) ;
#2075 = CARTESIAN_POINT ( 'NONE',  ( 0.9839861278049059079, -2.134256245050205639E-18, -0.7393750000000001155 ) ) ;
#2076 = CARTESIAN_POINT ( 'NONE',  ( 1.185532124056223102, -2.134256245050205639E-18, -0.5142886079259293419 ) ) ;
#2077 = CARTESIAN_POINT ( 'NONE',  ( 1.674364631219305455, 0.01574803149606299538, -0.5159190778234847841 ) ) ;
#2078 = CARTESIAN_POINT ( 'NONE',  ( 2.086769330929905131, 0.01574803149606299538, -0.4893750000000000044 ) ) ;
#2079 = CARTESIAN_POINT ( 'NONE',  ( 1.774776285444839452, -2.134256245050205639E-18, -0.5914623805091675512 ) ) ;
#2080 = CARTESIAN_POINT ( 'NONE',  ( 1.926957692834848412, 0.01574803149606298497, -0.6320267784971628222 ) ) ;
#2081 = CARTESIAN_POINT ( 'NONE',  ( 0.9859280953702338479, 0.01574803149606299885, -0.7392687467071409335 ) ) ;
#2082 = ORIENTED_EDGE ( 'NONE', *, *, #3926, .F. ) ;
#2083 = EDGE_LOOP ( 'NONE', ( #3948, #5497, #1277, #1802 ) ) ;
#2084 = ORIENTED_EDGE ( 'NONE', *, *, #618, .T. ) ;
#2085 = CARTESIAN_POINT ( 'NONE',  ( 1.185304487179905886, 0.000000000000000000, -0.6268749999999999600 ) ) ;
#2086 = CARTESIAN_POINT ( 'NONE',  ( 1.607854612833698349, 0.01574803149606299538, -0.7270515342606713727 ) ) ;
#2087 = CARTESIAN_POINT ( 'NONE',  ( 1.769386518429905797, 0.01574803149606299191, -0.4893750000000000044 ) ) ;
#2088 = LINE ( 'NONE', #3724, #2591 ) ;
#2089 = ORIENTED_EDGE ( 'NONE', *, *, #5403, .F. ) ;
#2090 = CARTESIAN_POINT ( 'NONE',  ( 1.736104624238639760, 2.134256245050205639E-18, -0.6862385073715552286 ) ) ;
#2091 = AXIS2_PLACEMENT_3D ( 'NONE', #4802, #3059, #2261 ) ;
#2092 = CARTESIAN_POINT ( 'NONE',  ( 0.7132251798678550525, 0.01574803149606298497, -0.7382105959184662725 ) ) ;
#2093 = CARTESIAN_POINT ( 'NONE',  ( 1.894394208361081411, 0.000000000000000000, -0.6279784448590506329 ) ) ;
#2094 = CARTESIAN_POINT ( 'NONE',  ( 1.535891689266108084, 2.134256245050205639E-18, -0.7290154587386727947 ) ) ;
#2095 = CARTESIAN_POINT ( 'NONE',  ( 1.713966596554906019, 6.402768735150616918E-18, -0.6598339843750001821 ) ) ;
#2096 = EDGE_CURVE ( 'NONE', #4002, #2998, #1238, .T. ) ;
#2097 = DIRECTION ( 'NONE',  ( 0.000000000000000000, 1.000000000000000000, 0.000000000000000000 ) ) ;
#2098 = CARTESIAN_POINT ( 'NONE',  ( 2.029786909054905220, 0.01574803149606299191, -0.6925000000000000044 ) ) ;
#2099 = EDGE_CURVE ( 'NONE', #1851, #2415, #2476, .T. ) ;
#2100 = CARTESIAN_POINT ( 'NONE',  ( 1.052239692446510944, 6.402768735150616918E-18, -0.6434199382235037401 ) ) ;
#2101 = CARTESIAN_POINT ( 'NONE',  ( 1.772498423178937799, 0.000000000000000000, -0.5331913355487007955 ) ) ;
#2102 = CARTESIAN_POINT ( 'NONE',  ( 0.9009294871799053972, 2.134256245050205639E-18, -0.5198437500000000488 ) ) ;
#2103 = CARTESIAN_POINT ( 'NONE',  ( 0.8746523298013867409, 2.134256245050205639E-18, -0.7391549325012293226 ) ) ;
#2104 = CARTESIAN_POINT ( 'NONE',  ( 1.872107876849745445, 0.01574803149606299191, -0.5357911119573083303 ) ) ;
#2105 = CARTESIAN_POINT ( 'NONE',  ( 1.691057947734114331, 0.01574803149606299191, -0.6236713845239659770 ) ) ;
#2106 = STYLED_ITEM ( 'NONE', ( #2384 ), #308 ) ;
#2107 = EDGE_CURVE ( 'NONE', #4712, #5125, #424, .T. ) ;
#2108 = CARTESIAN_POINT ( 'NONE',  ( 1.560515363671391986, 0.000000000000000000, -0.5132625730204321002 ) ) ;
#2109 = VERTEX_POINT ( 'NONE', #5064 ) ;
#2110 = CARTESIAN_POINT ( 'NONE',  ( 1.830860046329600088, -2.134256245050205639E-18, -0.6573772749885622435 ) ) ;
#2111 = B_SPLINE_SURFACE_WITH_KNOTS ( 'NONE', 3, 1, ( 
 ( #1490, #1074 ),
 ( #5419, #3205 ),
 ( #3266, #1544 ),
 ( #4930, #2367 ),
 ( #4987, #232 ),
 ( #2848, #2284 ),
 ( #4015, #291 ),
 ( #766, #3324 ),
 ( #1667, #5478 ),
 ( #5135, #2488 ),
 ( #4662, #5048 ) ),
 .UNSPECIFIED., .F., .F., .F.,
 ( 4, 1, 1, 1, 1, 1, 1, 1, 4 ),
 ( 2, 2 ),
 ( 0.000000000000000000, 0.1389097126577631680, 0.2639610228471216957, 0.3808913182282731569, 0.4957771556646393685, 0.6115653426108732527, 0.7318968433117957195, 0.8602132000557086711, 1.000000000000000000 ),
 ( 0.000000000000000000, 1.000000000000000000 ),
 .UNSPECIFIED. ) ;
#2112 = CARTESIAN_POINT ( 'NONE',  ( 1.234491485694180657, -2.134256245050205639E-18, -0.4975879760096892923 ) ) ;
#2113 = ORIENTED_EDGE ( 'NONE', *, *, #679, .F. ) ;
#2114 = ORIENTED_EDGE ( 'NONE', *, *, #1220, .F. ) ;
#2115 = EDGE_CURVE ( 'NONE', #1877, #5553, #485, .T. ) ;
#2116 = ORIENTED_EDGE ( 'NONE', *, *, #2515, .F. ) ;
#2117 = CARTESIAN_POINT ( 'NONE',  ( 1.771241987179906108, 2.134256245050205639E-18, -0.6956250000000001599 ) ) ;
#2118 = CARTESIAN_POINT ( 'NONE',  ( 1.493973960459992423, 1.707404996040164512E-17, -0.4894559208444422826 ) ) ;
#2119 = LINE ( 'NONE', #3853, #1590 ) ;
#2120 = CARTESIAN_POINT ( 'NONE',  ( 1.819662547184250689, 8.537024980200822558E-18, -0.6755243741251424350 ) ) ;
#2121 = CARTESIAN_POINT ( 'NONE',  ( 1.100490034054905752, 0.01574803149606299538, -0.7317089843750000933 ) ) ;
#2122 = CARTESIAN_POINT ( 'NONE',  ( 1.001974057435848220, 0.01574803149606299191, -0.4962951615179920228 ) ) ;
#2123 = CARTESIAN_POINT ( 'NONE',  ( 1.831433209737319601, 0.000000000000000000, -0.5723111445099197114 ) ) ;
#2124 = CARTESIAN_POINT ( 'NONE',  ( 1.010118819068422269, -2.134256245050205639E-18, -0.7144299674326135552 ) ) ;
#2125 = EDGE_LOOP ( 'NONE', ( #4088, #5471, #900, #5371 ) ) ;
#2126 = CARTESIAN_POINT ( 'NONE',  ( 1.391183730908384097, 0.01574803149606299538, -0.7327621706631577414 ) ) ;
#2127 = CARTESIAN_POINT ( 'NONE',  ( 1.773437762808556473, 0.01574803149606299538, -0.6136259705388572572 ) ) ;
#2128 = CARTESIAN_POINT ( 'NONE',  ( 0.7475625992338678083, 4.268512490100411279E-18, -0.7154831098358276353 ) ) ;
#2129 = ORIENTED_EDGE ( 'NONE', *, *, #5188, .F. ) ;
#2130 = PLANE ( 'NONE',  #2706 ) ;
#2131 = DIRECTION ( 'NONE',  ( 0.000000000000000000, 1.000000000000000000, 0.000000000000000000 ) ) ;
#2132 = CARTESIAN_POINT ( 'NONE',  ( 2.014454538516512905, 0.000000000000000000, -0.7362508006461742083 ) ) ;
#2133 = CARTESIAN_POINT ( 'NONE',  ( 0.8549813327993925904, 6.402768735150616918E-18, -0.7363010216256794527 ) ) ;
#2134 = COLOUR_RGB ( '',0.7921568627450980005, 0.8196078431372548767, 0.9333333333333333481 ) ;
#2135 = ORIENTED_EDGE ( 'NONE', *, *, #4506, .F. ) ;
#2136 = VERTEX_POINT ( 'NONE', #4261 ) ;
#2137 = EDGE_CURVE ( 'NONE', #3314, #628, #159, .T. ) ;
#2138 = VECTOR ( 'NONE', #397, 39.37007874015748143 ) ;
#2139 = CARTESIAN_POINT ( 'NONE',  ( 1.997065884624477983, 0.000000000000000000, -0.7356584067465468113 ) ) ;
#2140 = CARTESIAN_POINT ( 'NONE',  ( 0.9713539534111289564, 0.000000000000000000, -0.4912763834839860011 ) ) ;
#2141 = CARTESIAN_POINT ( 'NONE',  ( 1.427597597673662344, 0.000000000000000000, -0.5066997352566700030 ) ) ;
#2142 = CARTESIAN_POINT ( 'NONE',  ( 0.7616374972858694914, 0.01574803149606299191, -0.5116964234988276017 ) ) ;
#2143 = CARTESIAN_POINT ( 'NONE',  ( 1.990695775507343113, 0.01574803149606299191, -0.7351195081982740964 ) ) ;
#2144 = CARTESIAN_POINT ( 'NONE',  ( 1.429054487179905575, 0.000000000000000000, -0.6799999999999999378 ) ) ;
#2145 = CARTESIAN_POINT ( 'NONE',  ( 0.9817295246001155329, -2.134256245050205639E-18, -0.4894666760164760877 ) ) ;
#2146 = CARTESIAN_POINT ( 'NONE',  ( 1.092640483710597410, 0.01574803149606299538, -0.7291341438346854442 ) ) ;
#2147 = B_SPLINE_SURFACE_WITH_KNOTS ( 'NONE', 3, 1, ( 
 ( #366, #4654 ),
 ( #3407, #3847 ),
 ( #336, #5559 ),
 ( #3464, #2566 ),
 ( #3814, #2587 ),
 ( #5100, #3874 ),
 ( #2928, #4265 ),
 ( #2956, #4680 ),
 ( #4302, #11 ),
 ( #421, #395 ),
 ( #1305, #3779 ) ),
 .UNSPECIFIED., .F., .F., .F.,
 ( 4, 1, 1, 1, 1, 1, 1, 1, 4 ),
 ( 2, 2 ),
 ( 0.000000000000000000, 0.1293235928071807261, 0.2472114869378300994, 0.3634275511446827811, 0.4836271207114492543, 0.6085420377595613939, 0.7362682684320625004, 0.8675229715430915478, 1.000000000000000000 ),
 ( 0.000000000000000000, 1.000000000000000000 ),
 .UNSPECIFIED. ) ;
#2148 = CARTESIAN_POINT ( 'NONE',  ( 0.9936276319429114823, 0.01574803149606299538, -0.4909656462657052134 ) ) ;
#2149 = CARTESIAN_POINT ( 'NONE',  ( 2.057179487179905397, 0.000000000000000000, -0.5209667968750000266 ) ) ;
#2150 = MANIFOLD_SOLID_BREP ( 'Stock-Eggfinder LCD Case V2 Program Door-3', #1651 ) ;
#2151 = CARTESIAN_POINT ( 'NONE',  ( 1.985946349764979191, 0.01574803149606298844, -0.6382096886440212780 ) ) ;
#2152 = CARTESIAN_POINT ( 'NONE',  ( 0.8937347775914286085, 0.01574803149606298844, -0.7284242665971171204 ) ) ;
#2153 = ORIENTED_EDGE ( 'NONE', *, *, #5210, .T. ) ;
#2154 = CARTESIAN_POINT ( 'NONE',  ( 1.987745893429905486, 0.01574803149606299191, -0.6829296875000001599 ) ) ;
#2155 =( NAMED_UNIT ( * ) PLANE_ANGLE_UNIT ( ) SI_UNIT ( $, .RADIAN. ) );
#2156 = CARTESIAN_POINT ( 'NONE',  ( 1.710304487179905575, 0.01574803149606299191, -0.5799999999999999600 ) ) ;
#2157 = ORIENTED_EDGE ( 'NONE', *, *, #2436, .T. ) ;
#2158 = CARTESIAN_POINT ( 'NONE',  ( 0.7400904951029217971, 0.01574803149606299538, -0.7330299940893985067 ) ) ;
#2159 = ORIENTED_EDGE ( 'NONE', *, *, #1622, .T. ) ;
#2160 = ADVANCED_FACE ( 'NONE', ( #86 ), #488, .F. ) ;
#2161 = VERTEX_POINT ( 'NONE', #4803 ) ;
#2162 = ADVANCED_FACE ( 'NONE', ( #4075 ), #4522, .F. ) ;
#2163 = CARTESIAN_POINT ( 'NONE',  ( 1.684434984871821639, 0.000000000000000000, -0.5103719722821387084 ) ) ;
#2164 = ORIENTED_EDGE ( 'NONE', *, *, #4939, .T. ) ;
#2165 = ORIENTED_EDGE ( 'NONE', *, *, #2451, .T. ) ;
#2166 = CARTESIAN_POINT ( 'NONE',  ( 1.381421036947733327, -2.134256245050205639E-18, -0.7257794113598587948 ) ) ;
#2167 = B_SPLINE_CURVE_WITH_KNOTS ( 'NONE', 3,
 ( #1704, #3449, #5224, #507, #4725, #5168, #4312 ),
 .UNSPECIFIED., .F., .F.,
 ( 4, 1, 1, 1, 4 ),
 ( 0.000000000000000000, 0.2466395578083376561, 0.4949969674476933923, 0.7458445846746503127, 1.000000000000000000 ),
 .UNSPECIFIED. ) ;
#2168 = DIRECTION ( 'NONE',  ( -1.000000000000000000, 0.000000000000000000, 0.000000000000000000 ) ) ;
#2169 = DIRECTION ( 'NONE',  ( 1.000000000000000000, 0.000000000000000000, 0.000000000000000000 ) ) ;
#2170 = CARTESIAN_POINT ( 'NONE',  ( 1.830860046329600088, 0.01574803149606298844, -0.6573772749885622435 ) ) ;
#2171 = LINE ( 'NONE', #4357, #3820 ) ;
#2172 = CARTESIAN_POINT ( 'NONE',  ( 1.006663402279701414, 0.01574803149606299191, -0.5025611653997841266 ) ) ;
#2173 = CARTESIAN_POINT ( 'NONE',  ( 1.979306421502357916, 0.01574803149606299191, -0.6665005902013986239 ) ) ;
#2174 = CARTESIAN_POINT ( 'NONE',  ( 1.894501468924476795, 0.01574803149606299885, -0.6228488054183014544 ) ) ;
#2175 = AXIS2_PLACEMENT_3D ( 'NONE', #487, #3458, #4733 ) ;
#2176 = CARTESIAN_POINT ( 'NONE',  ( 1.453839067587300748, -2.134256245050205639E-18, -0.7296764973674428889 ) ) ;
#2177 = CARTESIAN_POINT ( 'NONE',  ( 1.657179487179905708, -2.134256245050205639E-18, -0.5469433593750000488 ) ) ;
#2178 = CARTESIAN_POINT ( 'NONE',  ( 2.015297436579219337, 2.134256245050205639E-18, -0.6920102964326760864 ) ) ;
#2179 = CARTESIAN_POINT ( 'NONE',  ( 1.377517148579386896, 0.000000000000000000, -0.5072631977476020904 ) ) ;
#2180 = AXIS2_PLACEMENT_3D ( 'NONE', #3066, #3543, #1797 ) ;
#2181 = ORIENTED_EDGE ( 'NONE', *, *, #1449, .F. ) ;
#2182 = CARTESIAN_POINT ( 'NONE',  ( 1.428763282651323685, 0.01574803149606300232, -0.5123132421681828585 ) ) ;
#2183 = CARTESIAN_POINT ( 'NONE',  ( 0.8999707705768946742, 0.01574803149606298844, -0.7146864269326294039 ) ) ;
#2184 = VECTOR ( 'NONE', #3950, 39.37007874015748143 ) ;
#2185 = CARTESIAN_POINT ( 'NONE',  ( 1.238370542610794933, 1.067128122525102820E-17, -0.7215162773531212936 ) ) ;
#2186 = ORIENTED_EDGE ( 'NONE', *, *, #1241, .T. ) ;
#2187 = EDGE_CURVE ( 'NONE', #5175, #601, #2698, .T. ) ;
#2188 = EDGE_CURVE ( 'NONE', #899, #2984, #1018, .T. ) ;
#2189 = VERTEX_POINT ( 'NONE', #4103 ) ;
#2190 = CARTESIAN_POINT ( 'NONE',  ( 1.188275767256188331, 0.01574803149606299191, -0.5049740999434877420 ) ) ;
#2191 = B_SPLINE_SURFACE_WITH_KNOTS ( 'NONE', 3, 1, ( 
 ( #278, #1989 ),
 ( #3711, #1089 ),
 ( #2023, #1150 ),
 ( #3744, #2868 ),
 ( #4197, #5469 ),
 ( #3685, #4112 ),
 ( #3777, #4531 ),
 ( #1592, #4918 ),
 ( #3313, #2382 ),
 ( #4623, #247 ),
 ( #752, #5407 ) ),
 .UNSPECIFIED., .F., .F., .F.,
 ( 4, 1, 1, 1, 1, 1, 1, 1, 4 ),
 ( 2, 2 ),
 ( 0.000000000000000000, 0.1402943894369881039, 0.2690238711738882071, 0.3898006988269702155, 0.5083482253201352385, 0.6259820118935296440, 0.7431690458776171182, 0.8666051232822503669, 1.000000000000000000 ),
 ( 0.000000000000000000, 1.000000000000000000 ),
 .UNSPECIFIED. ) ;
#2192 = CARTESIAN_POINT ( 'NONE',  ( 1.693673115901022541, 0.01574803149606298844, -0.7193264838329919142 ) ) ;
#2193 = CARTESIAN_POINT ( 'NONE',  ( 2.014454538516512905, 0.000000000000000000, -0.7362508006461742083 ) ) ;
#2194 = MANIFOLD_SOLID_BREP ( 'Stock-Eggfinder LCD Case V2 Program Door-2', #845 ) ;
#2195 = PRODUCT_CONTEXT ( 'NONE', #5041, 'mechanical' ) ;
#2196 = CARTESIAN_POINT ( 'NONE',  ( 1.613429487179905530, 0.01574803149606299191, -0.7068066406249999822 ) ) ;
#2197 = CARTESIAN_POINT ( 'NONE',  ( 1.785719756999780028, 8.537024980200822558E-18, -0.6944622703488225746 ) ) ;
#2198 = CARTESIAN_POINT ( 'NONE',  ( 1.657179487179905708, -0.1645399120536400472, -0.5469433593750000488 ) ) ;
#2199 = B_SPLINE_CURVE_WITH_KNOTS ( 'NONE', 3,
 ( #5480, #457, #50, #5248, #4819, #4356, #1777, #503, #98, #958, #5275 ),
 .UNSPECIFIED., .F., .F.,
 ( 4, 1, 1, 1, 1, 1, 1, 1, 4 ),
 ( 0.000000000000000000, 0.1754792381297263226, 0.3345846148778539586, 0.4789274341649247813, 0.6087383128911258989, 0.7240518572671961195, 0.8263378830610950132, 0.9177983261898521317, 1.000000000000000000 ),
 .UNSPECIFIED. ) ;
#2200 = CARTESIAN_POINT ( 'NONE',  ( 1.922804487179905264, 0.01574803149606298844, -0.6608593750000000266 ) ) ;
#2201 = CARTESIAN_POINT ( 'NONE',  ( 1.241554487179905797, 0.000000000000000000, -0.7037304687500000044 ) ) ;
#2202 = CARTESIAN_POINT ( 'NONE',  ( 1.657186911217147784, -2.134256245050205639E-18, -0.5455585947241952116 ) ) ;
#2203 = EDGE_LOOP ( 'NONE', ( #4908, #1928, #4410, #4274 ) ) ;
#2204 = CARTESIAN_POINT ( 'NONE',  ( 1.412013471554905530, 0.01574803149606299538, -0.7362499999999999600 ) ) ;
#2205 = LENGTH_MEASURE_WITH_UNIT ( LENGTH_MEASURE( 0.02539999999999999897 ), #4827 );
#2206 = EDGE_CURVE ( 'NONE', #4569, #2648, #4022, .T. ) ;
#2207 = VERTEX_POINT ( 'NONE', #4492 ) ;
#2208 = CARTESIAN_POINT ( 'NONE',  ( 1.408014837408225528, 0.01574803149606299191, -0.4895783515188857904 ) ) ;
#2209 =( NAMED_UNIT ( * ) SI_UNIT ( $, .STERADIAN. ) SOLID_ANGLE_UNIT ( ) );
#2210 = CARTESIAN_POINT ( 'NONE',  ( 1.982675099796193940, 0.01574803149606298844, -0.6762194091946964747 ) ) ;
#2211 = CARTESIAN_POINT ( 'NONE',  ( 1.236928341666530429, 0.01574803149606299538, -0.7242062594868183822 ) ) ;
#2212 = EDGE_LOOP ( 'NONE', ( #1634, #5288, #91, #5007 ) ) ;
#2213 = B_SPLINE_CURVE_WITH_KNOTS ( 'NONE', 3,
 ( #4226, #5430, #3610, #3181, #1415, #1927, #3644, #4443, #5370, #4876, #3126, #1495 ),
 .UNSPECIFIED., .F., .F.,
 ( 4, 2, 2, 2, 2, 4 ),
 ( 0.000000000000000000, 0.0001380651792643248880, 0.0002761303585286497761, 0.0005522607170572961912, 0.0008283910755859426062, 0.001104521434114589130 ),
 .UNSPECIFIED. ) ;
#2214 = ORIENTED_EDGE ( 'NONE', *, *, #3435, .T. ) ;
#2215 = ORIENTED_EDGE ( 'NONE', *, *, #3992, .F. ) ;
#2216 = CARTESIAN_POINT ( 'NONE',  ( 0.9009294871799053972, 0.01574803149606299191, -0.7016796874999999822 ) ) ;
#2217 = CARTESIAN_POINT ( 'NONE',  ( 1.755847289321684324, 0.01574803149606299885, -0.7391287467657433607 ) ) ;
#2218 = CARTESIAN_POINT ( 'NONE',  ( 1.981037933886112601, 0.000000000000000000, -0.7337673975142066096 ) ) ;
#2219 = CARTESIAN_POINT ( 'NONE',  ( 1.224629629695758393, 0.01574803149606298844, -0.4908673558901950340 ) ) ;
#2220 = VECTOR ( 'NONE', #2754, 39.37007874015748143 ) ;
#2221 = CARTESIAN_POINT ( 'NONE',  ( 1.837336015419612334, 8.537024980200822558E-18, -0.6337440644695004899 ) ) ;
#2222 = ORIENTED_EDGE ( 'NONE', *, *, #4110, .F. ) ;
#2223 = CARTESIAN_POINT ( 'NONE',  ( 1.957822122293388034, 0.01574803149606299885, -0.7259609668066941968 ) ) ;
#2224 = DIRECTION ( 'NONE',  ( 0.000000000000000000, 1.000000000000000000, 0.000000000000000000 ) ) ;
#2225 = VECTOR ( 'NONE', #124, 39.37007874015748143 ) ;
#2226 = CARTESIAN_POINT ( 'NONE',  ( 1.376318949394801594, 0.01574803149606299885, -0.5117590108326581788 ) ) ;
#2227 = EDGE_CURVE ( 'NONE', #2318, #2001, #1081, .T. ) ;
#2228 = CARTESIAN_POINT ( 'NONE',  ( 1.672788419108712787, 0.01574803149606299191, -0.5170126222841918695 ) ) ;
#2229 = VERTEX_POINT ( 'NONE', #3701 ) ;
#2230 = CARTESIAN_POINT ( 'NONE',  ( 1.397427255402597046, 2.134256245050205639E-18, -0.7347834679733039609 ) ) ;
#2231 = DIRECTION ( 'NONE',  ( 0.000000000000000000, 1.000000000000000000, 0.000000000000000000 ) ) ;
#2232 = B_SPLINE_SURFACE_WITH_KNOTS ( 'NONE', 3, 1, ( 
 ( #1159, #5447 ),
 ( #700, #644 ),
 ( #2752, #2812 ),
 ( #255, #1999 ),
 ( #3664, #1572 ),
 ( #4955, #2332 ),
 ( #5331, #1463 ),
 ( #3174, #3638 ),
 ( #2303, #5389 ),
 ( #1101, #3202 ),
 ( #5414, #5364 ),
 ( #4899, #3262 ),
 ( #3228, #1130 ),
 ( #4568, #1038 ),
 ( #179, #3723 ) ),
 .UNSPECIFIED., .F., .F., .F.,
 ( 4, 1, 1, 1, 1, 1, 1, 1, 1, 1, 1, 1, 4 ),
 ( 2, 2 ),
 ( 0.000000000000000000, 0.08223556937268283740, 0.1574587393675498381, 0.2267099154140113093, 0.2934685449687387537, 0.3605489407850276384, 0.4297567173018174147, 0.5041431185533553627, 0.5847333489686842301, 0.6736372761341757887, 0.7717162902856756768, 0.8803753371336248135, 1.000000000000000000 ),
 ( 0.000000000000000000, 1.000000000000000000 ),
 .UNSPECIFIED. ) ;
#2233 = CARTESIAN_POINT ( 'NONE',  ( 1.667807909642012865, 0.000000000000000000, -0.6890069819365174375 ) ) ;
#2234 = EDGE_LOOP ( 'NONE', ( #2896, #4073, #2964, #4807 ) ) ;
#2235 = ORIENTED_EDGE ( 'NONE', *, *, #4389, .T. ) ;
#2236 = ORIENTED_EDGE ( 'NONE', *, *, #1197, .T. ) ;
#2237 = CARTESIAN_POINT ( 'NONE',  ( 1.602647490935815711, 0.01574803149606299885, -0.4931992489717540451 ) ) ;
#2238 = SURFACE_SIDE_STYLE ('',( #999 ) ) ;
#2239 = ORIENTED_EDGE ( 'NONE', *, *, #3021, .F. ) ;
#2240 = CARTESIAN_POINT ( 'NONE',  ( 0.7471475710386682456, 0.01574803149606299538, -0.4955409594890001213 ) ) ;
#2241 = PLANE ( 'NONE',  #2550 ) ;
#2242 = CARTESIAN_POINT ( 'NONE',  ( 0.9798255243340140419, 0.01574803149606299191, -0.7392082226223815056 ) ) ;
#2243 = CARTESIAN_POINT ( 'NONE',  ( 1.107339530997315746, 0.000000000000000000, -0.6543145289080799509 ) ) ;
#2244 = CARTESIAN_POINT ( 'NONE',  ( 1.116791322972035649, 2.134256245050205639E-18, -0.6837113544980911728 ) ) ;
#2245 = CARTESIAN_POINT ( 'NONE',  ( 2.104999999999999982, 0.000000000000000000, -0.1250000000000000278 ) ) ;
#2246 = CARTESIAN_POINT ( 'NONE',  ( 1.383044063519956790, 2.134256245050205639E-18, -0.4975010437442897171 ) ) ;
#2247 = LINE ( 'NONE', #3982, #4621 ) ;
#2248 = EDGE_CURVE ( 'NONE', #1326, #2392, #3714, .T. ) ;
#2249 = ADVANCED_FACE ( 'NONE', ( #773 ), #5167, .F. ) ;
#2250 = LINE ( 'NONE', #1409, #1865 ) ;
#2251 = CARTESIAN_POINT ( 'NONE',  ( 1.590294150816323748, 0.01574803149606299191, -0.4894676275273492916 ) ) ;
#2252 = CARTESIAN_POINT ( 'NONE',  ( 1.396480337529816484, 0.01574803149606298844, -0.4898533930810667902 ) ) ;
#2253 = CARTESIAN_POINT ( 'NONE',  ( 0.8777482983523854365, 0.01574803149606299191, -0.4894554326371468034 ) ) ;
#2254 = CARTESIAN_POINT ( 'NONE',  ( 1.831433209737319601, -2.134256245050205639E-18, -0.5723111445099197114 ) ) ;
#2255 = EDGE_CURVE ( 'NONE', #1215, #1154, #3310, .T. ) ;
#2256 = CARTESIAN_POINT ( 'NONE',  ( 1.109700999797957000, 0.01574803149606299191, -0.6456456788903846000 ) ) ;
#2257 = CARTESIAN_POINT ( 'NONE',  ( 1.950606691666809445, 0.000000000000000000, -0.7215291218473320889 ) ) ;
#2258 = DIRECTION ( 'NONE',  ( 0.000000000000000000, 1.000000000000000000, 0.000000000000000000 ) ) ;
#2259 = EDGE_CURVE ( 'NONE', #1855, #3203, #5169, .T. ) ;
#2260 = AXIS2_PLACEMENT_3D ( 'NONE', #1528, #3190, #3245 ) ;
#2261 = DIRECTION ( 'NONE',  ( 1.000000000000000000, 0.000000000000000000, 0.000000000000000000 ) ) ;
#2262 = FILL_AREA_STYLE ('',( #2683 ) ) ;
#2263 = CARTESIAN_POINT ( 'NONE',  ( 2.113333092838274307, 0.01574803149606299191, -0.7082795269799845306 ) ) ;
#2264 = CARTESIAN_POINT ( 'NONE',  ( 1.241068956533415202, 1.067128122525102820E-17, -0.7116585904362078274 ) ) ;
#2265 = CARTESIAN_POINT ( 'NONE',  ( 0.7248498183248278659, 4.268512490100411279E-18, -0.7392897378189623447 ) ) ;
#2266 = ORIENTED_EDGE ( 'NONE', *, *, #3567, .T. ) ;
#2267 = EDGE_CURVE ( 'NONE', #3594, #1793, #758, .T. ) ;
#2268 = VECTOR ( 'NONE', #887, 39.37007874015748143 ) ;
#2269 = ORIENTED_EDGE ( 'NONE', *, *, #4435, .F. ) ;
#2270 = EDGE_LOOP ( 'NONE', ( #4523, #4076, #2165, #817, #3185, #1300 ) ) ;
#2271 = CARTESIAN_POINT ( 'NONE',  ( 1.590384723826198332, 0.01574803149606299538, -0.4894723754157925821 ) ) ;
#2272 = MECHANICAL_DESIGN_GEOMETRIC_PRESENTATION_REPRESENTATION (  '', ( #2106 ), #4445 ) ;
#2273 = ORIENTED_EDGE ( 'NONE', *, *, #4766, .T. ) ;
#2274 = CARTESIAN_POINT ( 'NONE',  ( 2.069312334274281628, 0.000000000000000000, -0.4940949613715138189 ) ) ;
#2275 = DIRECTION ( 'NONE',  ( -0.000000000000000000, 1.000000000000000000, -0.000000000000000000 ) ) ;
#2276 = VECTOR ( 'NONE', #1639, 39.37007874015748143 ) ;
#2277 = ADVANCED_FACE ( 'NONE', ( #3934 ), #3831, .F. ) ;
#2278 = CARTESIAN_POINT ( 'NONE',  ( 1.680909955929905664, 0.01574803149606299191, -0.5122265624999999822 ) ) ;
#2279 = CARTESIAN_POINT ( 'NONE',  ( 2.057319033394553909, 0.01574803149606299191, -0.5168558723297744795 ) ) ;
#2280 = CARTESIAN_POINT ( 'NONE',  ( 1.524806440304905530, 0.01574803149606299191, -0.7020214843750001155 ) ) ;
#2281 = CARTESIAN_POINT ( 'NONE',  ( 1.150435854072204611, 0.01574803149606299191, -0.6924205760502364360 ) ) ;
#2282 = PLANE ( 'NONE',  #2454 ) ;
#2283 = CARTESIAN_POINT ( 'NONE',  ( 0.9774270794135049290, 2.134256245050205639E-18, -0.7391118740944179200 ) ) ;
#2284 = CARTESIAN_POINT ( 'NONE',  ( 0.7016800623061106856, 4.268512490100411279E-18, -0.7312576142679250157 ) ) ;
#2285 = CARTESIAN_POINT ( 'NONE',  ( 1.836002695480820401, 0.01574803149606299191, -0.5878216532983788767 ) ) ;
#2286 = CARTESIAN_POINT ( 'NONE',  ( 1.693409955929906063, 0.01574803149606299191, -0.6500195312500001155 ) ) ;
#2287 = CARTESIAN_POINT ( 'NONE',  ( 2.057179487179905397, 0.000000000000000000, -0.5831250000000000044 ) ) ;
#2288 = VERTEX_POINT ( 'NONE', #3263 ) ;
#2289 = CARTESIAN_POINT ( 'NONE',  ( 0.8995797985643696482, 0.000000000000000000, -0.7169725059948139911 ) ) ;
#2290 = CARTESIAN_POINT ( 'NONE',  ( 1.766196029182908855, 0.01574803149606298844, -0.6204474108498754248 ) ) ;
#2291 = CARTESIAN_POINT ( 'NONE',  ( 1.712031122953206586, 0.01574803149606299538, -0.7291730766818089737 ) ) ;
#2292 = CARTESIAN_POINT ( 'NONE',  ( 1.773723456407559462, 0.01574803149606299538, -0.6955830016557641438 ) ) ;
#2293 = ORIENTED_EDGE ( 'NONE', *, *, #1336, .T. ) ;
#2294 = CARTESIAN_POINT ( 'NONE',  ( 1.680909955929905664, -0.3448278556033430586, -0.5122265624999999822 ) ) ;
#2295 = ORIENTED_EDGE ( 'NONE', *, *, #595, .T. ) ;
#2296 = CARTESIAN_POINT ( 'NONE',  ( 2.058978316266319997, 0.000000000000000000, -0.5080936862799417808 ) ) ;
#2297 = CARTESIAN_POINT ( 'NONE',  ( 0.8641409577175938050, 0.000000000000000000, -0.4912404362675277802 ) ) ;
#2298 = DIRECTION ( 'NONE',  ( 0.000000000000000000, 1.000000000000000000, 0.000000000000000000 ) ) ;
#2299 = CARTESIAN_POINT ( 'NONE',  ( 1.115924062737381650, 0.000000000000000000, -0.6372473612529567788 ) ) ;
#2300 = CARTESIAN_POINT ( 'NONE',  ( 2.057249550249947045, 0.01574803149606299191, -0.5189113547706282192 ) ) ;
#2301 = CARTESIAN_POINT ( 'NONE',  ( 1.131486889415794339, 2.134256245050205639E-18, -0.6902494895767093963 ) ) ;
#2302 = CARTESIAN_POINT ( 'NONE',  ( 0.9894199094816070739, 0.01574803149606299191, -0.4896848526063652951 ) ) ;
#2303 = CARTESIAN_POINT ( 'NONE',  ( 1.996278443486029897, 0.01574803149606299191, -0.6319324330598173889 ) ) ;
#2304 = STYLED_ITEM ( 'NONE', ( #4424 ), #4090 ) ;
#2305 = CARTESIAN_POINT ( 'NONE',  ( 1.516102504268022733, 0.01574803149606299885, -0.4961526503599472671 ) ) ;
#2306 = CARTESIAN_POINT ( 'NONE',  ( 1.886116638024798453, 6.402768735150616918E-18, -0.5625483926388011868 ) ) ;
#2307 = DIRECTION ( 'NONE',  ( 0.000000000000000000, 0.000000000000000000, 1.000000000000000000 ) ) ;
#2308 = CARTESIAN_POINT ( 'NONE',  ( 1.669359781745054949, 2.134256245050205639E-18, -0.5194307890960563334 ) ) ;
#2309 = ORIENTED_EDGE ( 'NONE', *, *, #3519, .F. ) ;
#2310 = VECTOR ( 'NONE', #2461, 39.37007874015748854 ) ;
#2311 = VERTEX_POINT ( 'NONE', #762 ) ;
#2312 = CARTESIAN_POINT ( 'NONE',  ( 0.9774270794135049290, 0.01574803149606299191, -0.7391118740944179200 ) ) ;
#2313 = CARTESIAN_POINT ( 'NONE',  ( 0.7546439343552930890, -4.268512490100411279E-18, -0.5023460579134045867 ) ) ;
#2314 = ORIENTED_EDGE ( 'NONE', *, *, #3430, .F. ) ;
#2315 = CARTESIAN_POINT ( 'NONE',  ( 1.666365687984099342, 0.01574803149606299191, -0.6656937951576626933 ) ) ;
#2316 = CARTESIAN_POINT ( 'NONE',  ( 1.236928341666530429, 1.067128122525102820E-17, -0.7242062594868183822 ) ) ;
#2317 = CARTESIAN_POINT ( 'NONE',  ( 1.558888402621585678, 6.402768735150616918E-18, -0.7361794251699712577 ) ) ;
#2318 = VERTEX_POINT ( 'NONE', #4687 ) ;
#2319 = CARTESIAN_POINT ( 'NONE',  ( 0.7478044871799053306, 0.000000000000000000, -0.7087109374999999156 ) ) ;
#2320 = CARTESIAN_POINT ( 'NONE',  ( 0.8591856055488283905, 2.134256245050205639E-18, -0.4938918121870692901 ) ) ;
#2321 = CARTESIAN_POINT ( 'NONE',  ( 0.6947506969205405891, -2.134256245050205639E-18, -0.7111116464360122125 ) ) ;
#2322 = ORIENTED_EDGE ( 'NONE', *, *, #2837, .F. ) ;
#2323 = CARTESIAN_POINT ( 'NONE',  ( 1.925934603288674385, 2.134256245050205639E-18, -0.6353857216656664253 ) ) ;
#2324 = EDGE_CURVE ( 'NONE', #3923, #307, #840, .T. ) ;
#2325 = CARTESIAN_POINT ( 'NONE',  ( 0.7241447959337304896, 2.134256245050205639E-18, -0.4894625474206326099 ) ) ;
#2326 = CARTESIAN_POINT ( 'NONE',  ( 1.142422921151178938, 0.000000000000000000, -0.6276072213740757633 ) ) ;
#2327 = EDGE_CURVE ( 'NONE', #1037, #1595, #955, .T. ) ;
#2328 = CARTESIAN_POINT ( 'NONE',  ( 2.057830854996293368, 0.01574803149606299885, -0.5127708412504351498 ) ) ;
#2329 = CARTESIAN_POINT ( 'NONE',  ( 2.021782668011069983, -2.134256245050205639E-18, -0.6269579293438025669 ) ) ;
#2330 = CARTESIAN_POINT ( 'NONE',  ( 1.842602247532375781, 2.134256245050205639E-18, -0.7203398435468796324 ) ) ;
#2331 = CARTESIAN_POINT ( 'NONE',  ( 1.939331522804612629, 0.01574803149606300232, -0.7115525117263691302 ) ) ;
#2332 = CARTESIAN_POINT ( 'NONE',  ( 1.984545047573996079, 6.402768735150616918E-18, -0.6406349633961228029 ) ) ;
#2333 = CARTESIAN_POINT ( 'NONE',  ( 1.235236404935127430, 0.000000000000000000, -0.7266000665955246740 ) ) ;
#2334 = CARTESIAN_POINT ( 'NONE',  ( 1.443602738328782831, 0.01574803149606299885, -0.7348148159651627376 ) ) ;
#2335 = CARTESIAN_POINT ( 'NONE',  ( 1.375929487179905486, -0.3448278556033430586, -0.5195996093750000488 ) ) ;
#2336 = CARTESIAN_POINT ( 'NONE',  ( 1.676594762766694169, 0.01574803149606299191, -0.6543126055063490654 ) ) ;
#2337 = CARTESIAN_POINT ( 'NONE',  ( 1.922804487179905264, 0.01574803149606298844, -0.6608593750000000266 ) ) ;
#2338 = CARTESIAN_POINT ( 'NONE',  ( 2.092412491511593142, -2.134256245050205639E-18, -0.4896771582000231104 ) ) ;
#2339 = LINE ( 'NONE', #4800, #473 ) ;
#2340 = ORIENTED_EDGE ( 'NONE', *, *, #2395, .F. ) ;
#2341 = CARTESIAN_POINT ( 'NONE',  ( 0.8981951121799053306, 0.000000000000000000, -0.7209667968749999822 ) ) ;
#2342 = DIRECTION ( 'NONE',  ( 0.000000000000000000, 0.000000000000000000, 1.000000000000000000 ) ) ;
#2343 = VERTEX_POINT ( 'NONE', #1282 ) ;
#2344 = CARTESIAN_POINT ( 'NONE',  ( 1.668958520626598663, 0.000000000000000000, -0.6614720397614882730 ) ) ;
#2345 = CARTESIAN_POINT ( 'NONE',  ( 1.228441344785508704, 0.01574803149606299538, -0.7320200826854215137 ) ) ;
#2346 = CARTESIAN_POINT ( 'NONE',  ( 1.010241499067669357, -2.134256245050205639E-18, -0.5191350500798622702 ) ) ;
#2347 = VERTEX_POINT ( 'NONE', #4717 ) ;
#2348 = CARTESIAN_POINT ( 'NONE',  ( 1.693409955929905619, -0.3448278556033430586, -0.6500195312500000044 ) ) ;
#2349 = CARTESIAN_POINT ( 'NONE',  ( 1.731229338394735473, 0.01574803149606299191, -0.5393713399673585318 ) ) ;
#2350 = AXIS2_PLACEMENT_3D ( 'NONE', #2849, #4663, #3695 ) ;
#2351 = CARTESIAN_POINT ( 'NONE',  ( 1.412013471554905530, 0.000000000000000000, -0.7362499999999999600 ) ) ;
#2352 = EDGE_LOOP ( 'NONE', ( #4051, #3405, #2135, #2387, #4139, #3591 ) ) ;
#2353 = EDGE_CURVE ( 'NONE', #417, #4569, #2570, .T. ) ;
#2354 = CARTESIAN_POINT ( 'NONE',  ( 1.712658128297170013, 2.134256245050205639E-18, -0.4981184784900473117 ) ) ;
#2355 = CARTESIAN_POINT ( 'NONE',  ( 1.459595107145875037, 6.402768735150616918E-18, -0.7194963355705181751 ) ) ;
#2356 = CARTESIAN_POINT ( 'NONE',  ( 1.657179487179905930, 0.01574803149606299191, -0.5913769531250000488 ) ) ;
#2357 = ADVANCED_FACE ( 'NONE', ( #5163 ), #3022, .F. ) ;
#2358 = CARTESIAN_POINT ( 'NONE',  ( 0.9894199094816070739, 0.000000000000000000, -0.4896848526063652951 ) ) ;
#2359 = AXIS2_PLACEMENT_3D ( 'NONE', #1363, #1838, #5225 ) ;
#2360 = LINE ( 'NONE', #2871, #4162 ) ;
#2361 = VERTEX_POINT ( 'NONE', #581 ) ;
#2362 = CARTESIAN_POINT ( 'NONE',  ( 1.099918986156103617, 0.01574803149606299191, -0.5894049294391922045 ) ) ;
#2363 = VECTOR ( 'NONE', #2638, 39.37007874015748143 ) ;
#2364 = CARTESIAN_POINT ( 'NONE',  ( 1.379845879715390522, 0.01574803149606299538, -0.5020266861008524373 ) ) ;
#2365 = CARTESIAN_POINT ( 'NONE',  ( 2.017677534054905575, 0.01574803149606298844, -0.5831250000000000044 ) ) ;
#2366 = CARTESIAN_POINT ( 'NONE',  ( 1.463816727537642803, 1.707404996040164512E-17, -0.5107745593281035612 ) ) ;
#2367 = CARTESIAN_POINT ( 'NONE',  ( 0.7108323930433019244, 4.268512490100411279E-18, -0.7375787142954144393 ) ) ;
#2368 = LINE ( 'NONE', #4572, #4262 ) ;
#2369 = CARTESIAN_POINT ( 'NONE',  ( 1.679751732912099671, 0.01574803149606298844, -0.6525494265718038145 ) ) ;
#2370 = CARTESIAN_POINT ( 'NONE',  ( 1.493973960459992423, 2.134256245050205639E-18, -0.4894559208444422826 ) ) ;
#2371 = CARTESIAN_POINT ( 'NONE',  ( 1.783070922449353723, 0.000000000000000000, -0.4896599532753784789 ) ) ;
#2372 =( NAMED_UNIT ( * ) SI_UNIT ( $, .STERADIAN. ) SOLID_ANGLE_UNIT ( ) );
#2373 = ORIENTED_EDGE ( 'NONE', *, *, #5530, .F. ) ;
#2374 = CARTESIAN_POINT ( 'NONE',  ( 1.693409955929905619, 0.000000000000000000, -0.6500195312500000044 ) ) ;
#2375 = CARTESIAN_POINT ( 'NONE',  ( 1.603529295976721780, 0.01574803149606299191, -0.7307674476966626864 ) ) ;
#2376 = EDGE_CURVE ( 'NONE', #5175, #3314, #5357, .T. ) ;
#2377 = B_SPLINE_CURVE_WITH_KNOTS ( 'NONE', 3,
 ( #6, #5523, #3307, #2953, #5034, #2862, #363, #5150, #4677, #3774, #4586, #4164, #2110, #4618, #5126, #1270, #747, #2020, #1181 ),
 .UNSPECIFIED., .F., .F.,
 ( 4, 1, 1, 1, 1, 1, 1, 1, 1, 1, 1, 1, 1, 1, 1, 1, 4 ),
 ( 0.000000000000000000, 0.06367428536359440172, 0.1237398255667193081, 0.1814634900644866988, 0.2371307894525906401, 0.2918252068321824932, 0.3462646736541583059, 0.4009169421464858774, 0.4570118938865215252, 0.5149554476108593182, 0.5746918512815932800, 0.6375200860453686946, 0.7032845951744762791, 0.7727501022173918210, 0.8450323190435804488, 0.9206353381430476546, 0.9999999999999998890 ),
 .UNSPECIFIED. ) ;
#2378 = CARTESIAN_POINT ( 'NONE',  ( 2.091062328429526662, 0.000000000000000000, -0.7352390000847036644 ) ) ;
#2379 = CARTESIAN_POINT ( 'NONE',  ( 1.838429487179906063, -2.134256245050205639E-18, -0.6155957031250001155 ) ) ;
#2380 = CARTESIAN_POINT ( 'NONE',  ( 1.745971109681790256, 0.000000000000000000, -0.5353052020652324661 ) ) ;
#2381 = DIRECTION ( 'NONE',  ( -0.000000000000000000, 1.000000000000000000, -0.000000000000000000 ) ) ;
#2382 = CARTESIAN_POINT ( 'NONE',  ( 2.080408026208834471, 0.000000000000000000, -0.4896555717446321454 ) ) ;
#2383 = CARTESIAN_POINT ( 'NONE',  ( 1.776353707618672395, 0.01574803149606299191, -0.5962752996905649194 ) ) ;
#2384 = PRESENTATION_STYLE_ASSIGNMENT (( #4949 ) ) ;
#2385 = DIRECTION ( 'NONE',  ( 0.000000000000000000, 1.000000000000000000, 0.000000000000000000 ) ) ;
#2386 = CARTESIAN_POINT ( 'NONE',  ( 1.728064704299716148, 0.01574803149606299191, -0.6790557957690098734 ) ) ;
#2387 = ORIENTED_EDGE ( 'NONE', *, *, #3676, .F. ) ;
#2388 = CARTESIAN_POINT ( 'NONE',  ( 0.8945188682706559646, 0.01574803149606299885, -0.7273919475777415045 ) ) ;
#2389 = CARTESIAN_POINT ( 'NONE',  ( 1.526127949091639735, 0.01574803149606299538, -0.7069311809287441850 ) ) ;
#2390 = DIRECTION ( 'NONE',  ( 1.000000000000000000, 0.000000000000000000, 0.000000000000000000 ) ) ;
#2391 = CARTESIAN_POINT ( 'NONE',  ( 0.9540544871799059301, 0.000000000000000000, -0.5216015625000000044 ) ) ;
#2392 = VERTEX_POINT ( 'NONE', #5297 ) ;
#2393 = UNCERTAINTY_MEASURE_WITH_UNIT (LENGTH_MEASURE( 1.000000000000000082E-05 ), #794, 'distance_accuracy_value', 'NONE');
#2394 = CARTESIAN_POINT ( 'NONE',  ( 1.501624019942680910, 0.01574803149606299885, -0.4896123565871828842 ) ) ;
#2395 = EDGE_CURVE ( 'NONE', #37, #1349, #3514, .T. ) ;
#2396 = CARTESIAN_POINT ( 'NONE',  ( 1.820506218596455339, 0.01574803149606299191, -0.7309932627730580945 ) ) ;
#2397 = CARTESIAN_POINT ( 'NONE',  ( 2.112337753909511839, 0.000000000000000000, -0.7152455378057739344 ) ) ;
#2398 = CARTESIAN_POINT ( 'NONE',  ( 2.113223367497592431, -2.134256245050205639E-18, -0.5143599453195993876 ) ) ;
#2399 = CARTESIAN_POINT ( 'NONE',  ( 1.868526479374532645, 0.000000000000000000, -0.5313588354496490140 ) ) ;
#2400 = VERTEX_POINT ( 'NONE', #4009 ) ;
#2401 = ADVANCED_FACE ( 'NONE', ( #3168 ), #2062, .F. ) ;
#2402 = CARTESIAN_POINT ( 'NONE',  ( 1.560304487179905664, 0.000000000000000000, -0.5196484375000000044 ) ) ;
#2403 = CARTESIAN_POINT ( 'NONE',  ( 1.710304487179905575, 0.01574803149606299191, -0.5480664062500000266 ) ) ;
#2404 = CARTESIAN_POINT ( 'NONE',  ( 1.235236404935127430, 0.01574803149606299538, -0.7266000665955246740 ) ) ;
#2405 = CARTESIAN_POINT ( 'NONE',  ( 2.096504629695758126, 0.01574803149606299538, -0.4908673558901951450 ) ) ;
#2406 = CARTESIAN_POINT ( 'NONE',  ( 1.602922912838602887, -2.134256245050205639E-18, -0.4935646415454433833 ) ) ;
#2407 = CARTESIAN_POINT ( 'NONE',  ( 0.8478044871799053084, 0.01574803149606299191, -0.5198437500000000488 ) ) ;
#2408 = VECTOR ( 'NONE', #2519, 39.37007874015748143 ) ;
#2409 = PLANE ( 'NONE',  #689 ) ;
#2410 = CARTESIAN_POINT ( 'NONE',  ( 1.560304487179905664, 0.000000000000000000, -0.6799999999999999378 ) ) ;
#2411 = B_SPLINE_CURVE_WITH_KNOTS ( 'NONE', 3,
 ( #5056, #408, #1207, #2916, #4014, #79, #1388, #2176, #4384, #1807, #3450, #4414, #3122, #3500, #460 ),
 .UNSPECIFIED., .F., .F.,
 ( 4, 1, 1, 1, 1, 1, 1, 1, 1, 1, 1, 1, 4 ),
 ( 0.000000000000000000, 0.1222949938864778124, 0.2286286528862490897, 0.3182628567669206210, 0.3913788219531474932, 0.4539022426926815901, 0.5143803733557370528, 0.5744352707559096105, 0.6372430550670444838, 0.7073086258173409968, 0.7906023698698244617, 0.8879324945909642386, 1.000000000000000000 ),
 .UNSPECIFIED. ) ;
#2412 = CARTESIAN_POINT ( 'NONE',  ( 1.671979584735631352, 0.01574803149606299191, -0.6200600494550865260 ) ) ;
#2413 = ORIENTED_EDGE ( 'NONE', *, *, #2670, .F. ) ;
#2414 = LINE ( 'NONE', #5470, #290 ) ;
#2415 = VERTEX_POINT ( 'NONE', #4924 ) ;
#2416 = CARTESIAN_POINT ( 'NONE',  ( 0.8817393187566797685, 0.01574803149606299538, -0.7372641562086584832 ) ) ;
#2417 = CARTESIAN_POINT ( 'NONE',  ( 1.584744700286186969, 0.01574803149606299538, -0.7361212392967548812 ) ) ;
#2418 = CARTESIAN_POINT ( 'NONE',  ( 1.008685021262136328, 4.268512490100411279E-18, -0.7209525945835419947 ) ) ;
#2419 = DIRECTION ( 'NONE',  ( 0.5185576816259126476, 0.000000000000000000, -0.8550426485426084744 ) ) ;
#2420 = EDGE_LOOP ( 'NONE', ( #2222, #4748, #4201, #5558 ) ) ;
#2421 = FACE_OUTER_BOUND ( 'NONE', #1444, .T. ) ;
#2422 = CARTESIAN_POINT ( 'NONE',  ( 2.113223367497592431, 0.01574803149606299191, -0.5143599453195993876 ) ) ;
#2423 = EDGE_CURVE ( 'NONE', #3612, #3890, #4268, .T. ) ;
#2424 = CARTESIAN_POINT ( 'NONE',  ( 1.875803376153104551, 0.000000000000000000, -0.6875206543491854116 ) ) ;
#2425 = CARTESIAN_POINT ( 'NONE',  ( 2.083507787569097491, 0.000000000000000000, -0.7362273807603317843 ) ) ;
#2426 = EDGE_CURVE ( 'NONE', #1351, #4898, #3817, .T. ) ;
#2427 = CARTESIAN_POINT ( 'NONE',  ( 1.657201181744086149, 2.134256245050205639E-18, -0.5428967921756030490 ) ) ;
#2428 = CARTESIAN_POINT ( 'NONE',  ( 1.894679487179905752, 0.000000000000000000, -0.6143750000000000044 ) ) ;
#2429 = CARTESIAN_POINT ( 'NONE',  ( 1.185304487179905886, 0.000000000000000000, -0.5209667968750000266 ) ) ;
#2430 = CARTESIAN_POINT ( 'NONE',  ( 1.051163031618342902, 6.402768735150616918E-18, -0.6519758408726168408 ) ) ;
#2431 = CARTESIAN_POINT ( 'NONE',  ( 1.832396611978669432, 0.01574803149606299538, -0.7260395417760298065 ) ) ;
#2432 = CARTESIAN_POINT ( 'NONE',  ( 1.734309879611025673, 0.01574803149606298844, -0.5383461475731784462 ) ) ;
#2433 = CARTESIAN_POINT ( 'NONE',  ( 1.219187328429527151, 1.067128122525102820E-17, -0.7352390000847036644 ) ) ;
#2434 = B_SPLINE_CURVE_WITH_KNOTS ( 'NONE', 3,
 ( #4563, #5410, #4507, #3984, #5441, #1992, #4172, #1565, #1966, #5006, #1594 ),
 .UNSPECIFIED., .F., .F.,
 ( 4, 1, 1, 1, 1, 1, 1, 1, 4 ),
 ( 0.000000000000000000, 0.1569433403011132877, 0.3052641691385795109, 0.4438862275305977545, 0.5729504529666065160, 0.6925868846920718580, 0.8040351933094564973, 0.9064180598495789054, 0.9999999999999998890 ),
 .UNSPECIFIED. ) ;
#2436 = EDGE_CURVE ( 'NONE', #1758, #2136, #1661, .T. ) ;
#2435 = CARTESIAN_POINT ( 'NONE',  ( 1.185382510028260228, -2.134256245050205639E-18, -0.5186778385476670250 ) ) ;
#2437 = CARTESIAN_POINT ( 'NONE',  ( 2.105011697526480763, 0.01574803149606299191, -0.4960070823649368466 ) ) ;
#2438 = CARTESIAN_POINT ( 'NONE',  ( 1.923242296593746792, 0.01574803149606299885, -0.6491817847985571488 ) ) ;
#2439 = CARTESIAN_POINT ( 'NONE',  ( 1.717106793559112665, 0.000000000000000000, -0.5447731005710385599 ) ) ;
#2440 = ADVANCED_FACE ( 'NONE', ( #5472 ), #369, .F. ) ;
#2441 = CARTESIAN_POINT ( 'NONE',  ( 0.6946794871799053528, -2.134256245050205639E-18, -0.7089062499999998490 ) ) ;
#2442 = CARTESIAN_POINT ( 'NONE',  ( 1.745531162030891315, 2.134256245050205639E-18, -0.4906680382963545251 ) ) ;
#2443 = CARTESIAN_POINT ( 'NONE',  ( 1.668203108893058451, 0.01574803149606299191, -0.6178426964903311891 ) ) ;
#2444 = B_SPLINE_CURVE_WITH_KNOTS ( 'NONE', 3,
 ( #710, #4251, #3271, #3362, #2854, #2467, #1139, #5115, #5053, #4218, #1203 ),
 .UNSPECIFIED., .F., .F.,
 ( 4, 1, 1, 1, 1, 1, 1, 1, 4 ),
 ( 0.000000000000000000, 0.1083625427723342444, 0.2179321617883494544, 0.3333712092284985551, 0.4596966744870134569, 0.5901616249011426563, 0.7207242691456540173, 0.8558783121450039832, 1.000000000000000000 ),
 .UNSPECIFIED. ) ;
#2445 = ORIENTED_EDGE ( 'NONE', *, *, #5510, .F. ) ;
#2446 = CARTESIAN_POINT ( 'NONE',  ( 1.588527143429905530, 0.01574803149606299191, -0.4893750000000000044 ) ) ;
#2447 = VECTOR ( 'NONE', #1621, 39.37007874015748143 ) ;
#2448 = ORIENTED_EDGE ( 'NONE', *, *, #4684, .T. ) ;
#2449 = CARTESIAN_POINT ( 'NONE',  ( 1.072975550579608806, 0.01574803149606299191, -0.7173038002526245238 ) ) ;
#2450 = CARTESIAN_POINT ( 'NONE',  ( 1.613352523815493988, 0.01574803149606299538, -0.7110990634508317365 ) ) ;
#2451 = EDGE_CURVE ( 'NONE', #2318, #2229, #1127, .T. ) ;
#2452 = CARTESIAN_POINT ( 'NONE',  ( 0.9991646983031481355, 0.01574803149606299191, -0.7348674797975486284 ) ) ;
#2453 = B_SPLINE_CURVE_WITH_KNOTS ( 'NONE', 3,
 ( #2720, #614, #1434, #4818, #3522, #2700, #1035, #4431, #4091, #4869, #1385, #2330, #557, #957, #177, #3574, #5359, #4065, #5326 ),
 .UNSPECIFIED., .F., .F.,
 ( 4, 1, 1, 1, 1, 1, 1, 1, 1, 1, 1, 1, 1, 1, 1, 1, 4 ),
 ( 0.000000000000000000, 0.06807904218953644837, 0.1334568085468225696, 0.1970431859788141504, 0.2589951028646220732, 0.3192107792938391753, 0.3780683211263616839, 0.4358361098827949753, 0.4933934818721130711, 0.5511703361136249812, 0.6091929274594467536, 0.6688946999614665545, 0.7301869901136294194, 0.7935211943086338815, 0.8593314533622711249, 0.9278229601315397534, 1.000000000000000000 ),
 .UNSPECIFIED. ) ;
#2454 = AXIS2_PLACEMENT_3D ( 'NONE', #615, #5327, #1778 ) ;
#2455 = CARTESIAN_POINT ( 'NONE',  ( 1.129696731730191805, -2.134256245050205639E-18, -0.6300410242652463300 ) ) ;
#2456 = ORIENTED_EDGE ( 'NONE', *, *, #2741, .T. ) ;
#2457 = STYLED_ITEM ( 'NONE', ( #3057 ), #376 ) ;
#2458 = LINE ( 'NONE', #1253, #921 ) ;
#2459 = CARTESIAN_POINT ( 'NONE',  ( 1.547304550103224097, 0.01574803149606298844, -0.7346194713301407164 ) ) ;
#2460 = CARTESIAN_POINT ( 'NONE',  ( 2.113358348082477800, 2.134256245050205639E-18, -0.5189743242880153762 ) ) ;
#2461 = DIRECTION ( 'NONE',  ( 0.1910251177206492290, -0.000000000000000000, 0.9815851488280638026 ) ) ;
#2462 = CARTESIAN_POINT ( 'NONE',  ( 2.113429487179905308, 0.000000000000000000, -0.7037304687500000044 ) ) ;
#2463 = CARTESIAN_POINT ( 'NONE',  ( 1.564862200439600892, 0.01574803149606299191, -0.5007285766354085954 ) ) ;
#2464 = CARTESIAN_POINT ( 'NONE',  ( 1.467052340569630520, 0.01574803149606299885, -0.5041477891857933935 ) ) ;
#2465 = CARTESIAN_POINT ( 'NONE',  ( 1.527352189719010322, 0.01574803149606299885, -0.5157819592465736624 ) ) ;
#2466 = B_SPLINE_SURFACE_WITH_KNOTS ( 'NONE', 3, 1, ( 
 ( #4355, #2573 ),
 ( #1256, #2593 ),
 ( #2642, #1699 ),
 ( #22, #2197 ),
 ( #429, #4380 ),
 ( #2544, #5221 ),
 ( #1723, #3929 ),
 ( #5136, #3955 ),
 ( #5190, #74 ),
 ( #4721, #2120 ),
 ( #4308, #1776 ),
 ( #1359, #4789 ),
 ( #2170, #886 ),
 ( #929, #1288 ),
 ( #502, #2967 ),
 ( #456, #2221 ),
 ( #3444, #4278 ),
 ( #3907, #97 ),
 ( #3024, #3385 ) ),
 .UNSPECIFIED., .F., .F., .F.,
 ( 4, 1, 1, 1, 1, 1, 1, 1, 1, 1, 1, 1, 1, 1, 1, 1, 4 ),
 ( 2, 2 ),
 ( 0.000000000000000000, 0.06367428536359440172, 0.1237398255667193081, 0.1814634900644866988, 0.2371307894525906401, 0.2918252068321824932, 0.3462646736541583059, 0.4009169421464858774, 0.4570118938865215252, 0.5149554476108593182, 0.5746918512815932800, 0.6375200860453686946, 0.7032845951744762791, 0.7727501022173918210, 0.8450323190435804488, 0.9206353381430476546, 0.9999999999999998890 ),
 ( 0.000000000000000000, 1.000000000000000000 ),
 .UNSPECIFIED. ) ;
#2467 = CARTESIAN_POINT ( 'NONE',  ( 1.672500485702157036, 2.134256245050205639E-18, -0.6575839985045565106 ) ) ;
#2468 = CARTESIAN_POINT ( 'NONE',  ( 1.214894330929905841, 0.01574803149606299191, -0.4893750000000000044 ) ) ;
#2469 = CARTESIAN_POINT ( 'NONE',  ( 1.412013471554905530, 0.01574803149606299191, -0.7362499999999999600 ) ) ;
#2470 = CARTESIAN_POINT ( 'NONE',  ( 1.050929487179905975, -2.134256245050205639E-18, -0.6608593750000001377 ) ) ;
#2471 = CARTESIAN_POINT ( 'NONE',  ( 0.8504840420974694171, 6.402768735150616918E-18, -0.7337022499453741409 ) ) ;
#2472 = CARTESIAN_POINT ( 'NONE',  ( 1.894510100400803365, 0.01574803149606298844, -0.6060388515276422527 ) ) ;
#2473 = FACE_OUTER_BOUND ( 'NONE', #2712, .T. ) ;
#2474 = CARTESIAN_POINT ( 'NONE',  ( 2.113343419633694875, 0.01574803149606299191, -0.7077921830871947151 ) ) ;
#2475 = CARTESIAN_POINT ( 'NONE',  ( 1.657973630073932947, 0.01574803149606299191, -0.6011451288450669894 ) ) ;
#2476 = LINE ( 'NONE', #3309, #5062 ) ;
#2477 = LINE ( 'NONE', #5002, #3204 ) ;
#2478 = ORIENTED_EDGE ( 'NONE', *, *, #415, .T. ) ;
#2479 = ORIENTED_EDGE ( 'NONE', *, *, #2764, .F. ) ;
#2480 = CARTESIAN_POINT ( 'NONE',  ( 2.113429487179905308, 0.000000000000000000, -0.7037304687500000044 ) ) ;
#2481 = CARTESIAN_POINT ( 'NONE',  ( 1.609980016809673842, 2.134256245050205639E-18, -0.7239907930556348514 ) ) ;
#2482 = CARTESIAN_POINT ( 'NONE',  ( 1.010304487179905841, 4.268512490100411279E-18, -0.7072949218750000933 ) ) ;
#2483 = CARTESIAN_POINT ( 'NONE',  ( 1.107234395844689967, 0.01574803149606299191, -0.6579403409033011130 ) ) ;
#2484 = CARTESIAN_POINT ( 'NONE',  ( 1.241440126463924765, 0.01574803149606299191, -0.5174967715880948171 ) ) ;
#2485 = ORIENTED_EDGE ( 'NONE', *, *, #5271, .T. ) ;
#2486 = CARTESIAN_POINT ( 'NONE',  ( 1.728900917347253152, 2.134256245050205639E-18, -0.6799757533355104133 ) ) ;
#2487 = CARTESIAN_POINT ( 'NONE',  ( 1.758396792154359289, 2.134256245050205639E-18, -0.5810554274509128758 ) ) ;
#2488 = CARTESIAN_POINT ( 'NONE',  ( 0.6947506969205405891, 4.268512490100411279E-18, -0.7111116464360122125 ) ) ;
#2489 = CARTESIAN_POINT ( 'NONE',  ( 1.881651661052698099, 0.000000000000000000, -0.6770903126124550031 ) ) ;
#2490 = PLANE ( 'NONE',  #3007 ) ;
#2491 = CARTESIAN_POINT ( 'NONE',  ( 1.789902668189385926, 0.01574803149606299191, -0.5353522329787057110 ) ) ;
#2492 = CARTESIAN_POINT ( 'NONE',  ( 0.8963952433606935388, 0.01574803149606298844, -0.7249349314784748755 ) ) ;
#2493 = CARTESIAN_POINT ( 'NONE',  ( 1.429054487179905575, 0.01574803149606299191, -0.6799999999999999378 ) ) ;
#2494 = CARTESIAN_POINT ( 'NONE',  ( 1.085337064746080049, -2.134256245050205639E-18, -0.7256772953896107881 ) ) ;
#2495 = CARTESIAN_POINT ( 'NONE',  ( 1.775340685165093246, 0.01574803149606299191, -0.7392041381254308430 ) ) ;
#2496 = CARTESIAN_POINT ( 'NONE',  ( 0.9946093181914842374, -2.134256245050205639E-18, -0.7375105510891896143 ) ) ;
#2497 = CARTESIAN_POINT ( 'NONE',  ( 1.443618306362833170, 6.402768735150616918E-18, -0.7348318188605668100 ) ) ;
#2498 = CARTESIAN_POINT ( 'NONE',  ( 2.080797318698867748, 0.01574803149606299191, -0.7362422922750070375 ) ) ;
#2499 = CARTESIAN_POINT ( 'NONE',  ( 1.664406049679905797, 0.000000000000000000, -0.6747265625000000711 ) ) ;
#2500 = CARTESIAN_POINT ( 'NONE',  ( 2.017677534054905575, 0.01574803149606299191, -0.5831250000000000044 ) ) ;
#2501 = CARTESIAN_POINT ( 'NONE',  ( 0.9878696734313915373, 0.01574803149606299538, -0.7391606421591807585 ) ) ;
#2502 = VECTOR ( 'NONE', #2614, 39.37007874015748854 ) ;
#2503 = EDGE_LOOP ( 'NONE', ( #5439, #1687, #2565, #5183, #4508, #3654 ) ) ;
#2504 = VERTEX_POINT ( 'NONE', #2480 ) ;
#2505 = CARTESIAN_POINT ( 'NONE',  ( 1.680909955929905664, 2.134256245050205639E-18, -0.5122265624999999822 ) ) ;
#2506 = ORIENTED_EDGE ( 'NONE', *, *, #1099, .F. ) ;
#2507 = CARTESIAN_POINT ( 'NONE',  ( 1.050929487179905752, 0.01574803149606299885, -0.6608593750000000266 ) ) ;
#2508 = CARTESIAN_POINT ( 'NONE',  ( 1.957212064746079117, 2.134256245050205639E-18, -0.7256772953896105660 ) ) ;
#2509 = CARTESIAN_POINT ( 'NONE',  ( 0.9946093181914842374, 0.01574803149606299191, -0.7375105510891896143 ) ) ;
#2510 = EDGE_CURVE ( 'NONE', #3890, #2929, #3873, .T. ) ;
#2511 = CARTESIAN_POINT ( 'NONE',  ( 1.107234395844689967, -2.134256245050205639E-18, -0.6579403409033011130 ) ) ;
#2512 = CARTESIAN_POINT ( 'NONE',  ( 1.470629762457503320, 1.707404996040164512E-17, -0.4996377347448205386 ) ) ;
#2513 = EDGE_LOOP ( 'NONE', ( #565, #2273, #4964, #4490 ) ) ;
#2514 = CARTESIAN_POINT ( 'NONE',  ( 1.225653139869469443, 0.000000000000000000, -0.7333496907531326103 ) ) ;
#2515 = EDGE_CURVE ( 'NONE', #3045, #2415, #1424, .T. ) ;
#2516 = CARTESIAN_POINT ( 'NONE',  ( 2.086769330929905131, 2.134256245050205639E-18, -0.4893750000000000044 ) ) ;
#2517 = DIRECTION ( 'NONE',  ( 0.000000000000000000, 1.000000000000000000, 0.000000000000000000 ) ) ;
#2518 = CARTESIAN_POINT ( 'NONE',  ( 2.097528139869468955, 0.000000000000000000, -0.7333496907531327214 ) ) ;
#2519 = DIRECTION ( 'NONE',  ( 0.000000000000000000, 1.000000000000000000, 0.000000000000000000 ) ) ;
#2520 = CARTESIAN_POINT ( 'NONE',  ( 2.057179487179905397, 0.01574803149606299191, -0.5209667968750000266 ) ) ;
#2521 = CARTESIAN_POINT ( 'NONE',  ( 0.8478044871799053084, 0.01574803149606299191, -0.6550000000000000266 ) ) ;
#2522 = CARTESIAN_POINT ( 'NONE',  ( 1.010204834726138978, 0.01574803149606299191, -0.5176993338701035841 ) ) ;
#2523 = CARTESIAN_POINT ( 'NONE',  ( 1.185382510028260228, 0.01574803149606299191, -0.5186778385476670250 ) ) ;
#2524 = CARTESIAN_POINT ( 'NONE',  ( 1.979138404719091859, 0.01574803149606300579, -0.6569399074407841210 ) ) ;
#2525 = CARTESIAN_POINT ( 'NONE',  ( 1.230458527385670742, -2.134256245050205639E-18, -0.4939404300633070122 ) ) ;
#2526 = CARTESIAN_POINT ( 'NONE',  ( 1.193054235405824004, -2.134256245050205639E-18, -0.4978859496103228977 ) ) ;
#2527 = EDGE_CURVE ( 'NONE', #3538, #3490, #2028, .T. ) ;
#2528 = CARTESIAN_POINT ( 'NONE',  ( 1.677610899153722412, 0.01574803149606299191, -0.5140303193113886504 ) ) ;
#2529 = LINE ( 'NONE', #4115, #694 ) ;
#2530 = CARTESIAN_POINT ( 'NONE',  ( 0.7478044871799053306, 0.01574803149606299191, -0.7087109374999999156 ) ) ;
#2531 = CARTESIAN_POINT ( 'NONE',  ( 1.241161166277124028, 0.01574803149606299885, -0.7128370859889008315 ) ) ;
#2532 = ORIENTED_EDGE ( 'NONE', *, *, #2616, .T. ) ;
#2533 = VERTEX_POINT ( 'NONE', #1217 ) ;
#2534 = CARTESIAN_POINT ( 'NONE',  ( 1.613429487179905530, 0.01574803149606299191, -0.5195996093750000488 ) ) ;
#2535 = EDGE_LOOP ( 'NONE', ( #5237, #2927, #2926, #400 ) ) ;
#2536 = EDGE_LOOP ( 'NONE', ( #3973, #5290, #3621, #1371 ) ) ;
#2537 = CARTESIAN_POINT ( 'NONE',  ( 2.113429487179905308, -2.134256245050205639E-18, -0.5214062499999999600 ) ) ;
#2538 = VECTOR ( 'NONE', #3600, 39.37007874015748854 ) ;
#2539 = FACE_OUTER_BOUND ( 'NONE', #3109, .T. ) ;
#2540 = CARTESIAN_POINT ( 'NONE',  ( 1.474107282438539279, 0.01574803149606299538, -0.4961317259515357625 ) ) ;
#2541 = EDGE_LOOP ( 'NONE', ( #4540, #3213, #4835, #3481 ) ) ;
#2542 = VECTOR ( 'NONE', #72, 39.37007874015748143 ) ;
#2543 = CARTESIAN_POINT ( 'NONE',  ( 0.7230486278049053084, 0.01574803149606299191, -0.7393750000000000044 ) ) ;
#2544 = CARTESIAN_POINT ( 'NONE',  ( 1.798645790280699375, 0.01574803149606298844, -0.6907216911062845632 ) ) ;
#2545 = CARTESIAN_POINT ( 'NONE',  ( 0.9839861278049059079, -2.134256245050205639E-18, -0.4893750000000001155 ) ) ;
#2546 = CARTESIAN_POINT ( 'NONE',  ( 1.427597597673662344, 6.402768735150616918E-18, -0.5066997352566700030 ) ) ;
#2547 = LINE ( 'NONE', #2493, #4878 ) ;
#2548 = B_SPLINE_CURVE_WITH_KNOTS ( 'NONE', 3,
 ( #3630, #5323, #1457, #3544, #953, #5270, #3167, #4008, #4920, #1483, #5296, #3658, #1403, #4892, #3196 ),
 .UNSPECIFIED., .F., .F.,
 ( 4, 1, 1, 1, 1, 1, 1, 1, 1, 1, 1, 1, 4 ),
 ( 0.000000000000000000, 0.09272377659486601142, 0.1807643789926703659, 0.2652681729395943711, 0.3457875854624136158, 0.4222225138628163954, 0.4949001608196640367, 0.5671667024153693726, 0.6412352119551114615, 0.7193716595256073321, 0.8039038165697613980, 0.8964316416643115515, 1.000000000000000000 ),
 .UNSPECIFIED. ) ;
#2549 = CARTESIAN_POINT ( 'NONE',  ( 1.067656165635440191, -2.134256245050205639E-18, -0.7112607086607196649 ) ) ;
#2550 = AXIS2_PLACEMENT_3D ( 'NONE', #3095, #3166, #5321 ) ;
#2551 = CARTESIAN_POINT ( 'NONE',  ( 0.9009294871799053972, 0.01574803149606299191, -0.5198437500000000488 ) ) ;
#2552 = CARTESIAN_POINT ( 'NONE',  ( 1.202595232313247609, 0.000000000000000000, -0.4912707174611701255 ) ) ;
#2553 = B_SPLINE_CURVE_WITH_KNOTS ( 'NONE', 3,
 ( #4476, #1722, #3628, #3093, #2323, #2662, #4400, #5352, #527, #3974, #120, #3541, #1400, #3566, #1120, #4169, #2773, #4589, #3248 ),
 .UNSPECIFIED., .F., .F.,
 ( 4, 1, 1, 1, 1, 1, 1, 1, 1, 1, 1, 1, 1, 1, 1, 1, 4 ),
 ( 0.000000000000000000, 0.06471401816636543347, 0.1260074759657008603, 0.1848404604205492741, 0.2412139089641152645, 0.2962365839730135564, 0.3506218337640996108, 0.4049891146124610652, 0.4601104791148300510, 0.5167961286223607953, 0.5752343926751203318, 0.6364091737907180413, 0.7005078337452679271, 0.7688271593737614484, 0.8409926476957444441, 0.9181950594621315354, 0.9999999999999998890 ),
 .UNSPECIFIED. ) ;
#2554 = DIRECTION ( 'NONE',  ( 0.000000000000000000, 0.000000000000000000, -1.000000000000000000 ) ) ;
#2555 = ORIENTED_EDGE ( 'NONE', *, *, #2436, .F. ) ;
#2556 = CARTESIAN_POINT ( 'NONE',  ( 1.848609180540446983, 0.01574803149606299191, -0.5121484718026185767 ) ) ;
#2557 = CARTESIAN_POINT ( 'NONE',  ( 1.969707163975085829, 0.01574803149606298844, -0.7308371393224524226 ) ) ;
#2558 = CARTESIAN_POINT ( 'NONE',  ( 1.775330686243400624, 0.01574803149606299538, -0.6093557347131938196 ) ) ;
#2559 = CARTESIAN_POINT ( 'NONE',  ( 1.586386269185758202, 0.000000000000000000, -0.4894778167403063818 ) ) ;
#2560 = ORIENTED_EDGE ( 'NONE', *, *, #1093, .F. ) ;
#2561 = CARTESIAN_POINT ( 'NONE',  ( 2.011850627519151224, 0.01574803149606299191, -0.5831909890584424661 ) ) ;
#2562 = CARTESIAN_POINT ( 'NONE',  ( 1.230458527385670742, -2.134256245050205639E-18, -0.4939404300633070122 ) ) ;
#2563 = CARTESIAN_POINT ( 'NONE',  ( 0.8591040579150183154, 0.01574803149606298497, -0.7378883234517279455 ) ) ;
#2564 = ORIENTED_EDGE ( 'NONE', *, *, #2188, .T. ) ;
#2565 = ORIENTED_EDGE ( 'NONE', *, *, #2115, .F. ) ;
#2566 = CARTESIAN_POINT ( 'NONE',  ( 0.7393959099419196157, 0.000000000000000000, -0.4912410258914117200 ) ) ;
#2567 = VERTEX_POINT ( 'NONE', #2838 ) ;
#2568 = CARTESIAN_POINT ( 'NONE',  ( 2.003270906212587743, 0.000000000000000000, -0.7359727928301215139 ) ) ;
#2569 = CARTESIAN_POINT ( 'NONE',  ( 1.119801729226426623, 0.01574803149606299191, -0.6343080054560634728 ) ) ;
#2570 = LINE ( 'NONE', #4305, #4711 ) ;
#2571 = CARTESIAN_POINT ( 'NONE',  ( 1.119425891385690042, 0.01574803149606298844, -0.7351717324689980293 ) ) ;
#2572 = CARTESIAN_POINT ( 'NONE',  ( 2.086769330929905131, 0.000000000000000000, -0.4893750000000000044 ) ) ;
#2573 = CARTESIAN_POINT ( 'NONE',  ( 1.771241987179905664, 8.537024980200822558E-18, -0.6956250000000000488 ) ) ;
#2574 = CARTESIAN_POINT ( 'NONE',  ( 1.740454092043963064, 0.01574803149606299538, -0.6888545350961746694 ) ) ;
#2575 = LINE ( 'NONE', #1259, #2993 ) ;
#2576 = CARTESIAN_POINT ( 'NONE',  ( 2.018290870563014927, 0.01574803149606298844, -0.6271388769549176567 ) ) ;
#2577 = EDGE_CURVE ( 'NONE', #2161, #5005, #5332, .T. ) ;
#2578 = CARTESIAN_POINT ( 'NONE',  ( 1.010304487179905841, 0.000000000000000000, -0.7072949218750000933 ) ) ;
#2579 = ORIENTED_EDGE ( 'NONE', *, *, #873, .F. ) ;
#2580 = CARTESIAN_POINT ( 'NONE',  ( 1.381421036947733327, 0.01574803149606299538, -0.7257794113598587948 ) ) ;
#2581 = CARTESIAN_POINT ( 'NONE',  ( 1.969707163975085829, 0.000000000000000000, -0.7308371393224524226 ) ) ;
#2582 = ADVANCED_FACE ( 'NONE', ( #3996 ), #53, .F. ) ;
#2583 = ORIENTED_EDGE ( 'NONE', *, *, #4163, .F. ) ;
#2584 = CARTESIAN_POINT ( 'NONE',  ( 1.216569944118353952, 0.01574803149606298844, -0.7358773376099451147 ) ) ;
#2585 = LINE ( 'NONE', #1686, #1410 ) ;
#2586 = ORIENTED_EDGE ( 'NONE', *, *, #3992, .T. ) ;
#2587 = CARTESIAN_POINT ( 'NONE',  ( 0.7450025352503145681, 0.000000000000000000, -0.4939107330302300869 ) ) ;
#2588 = VECTOR ( 'NONE', #4720, 39.37007874015748143 ) ;
#2589 = ORIENTED_EDGE ( 'NONE', *, *, #4751, .F. ) ;
#2590 = ORIENTED_EDGE ( 'NONE', *, *, #3455, .T. ) ;
#2591 = VECTOR ( 'NONE', #3787, 39.37007874015748143 ) ;
#2592 = CARTESIAN_POINT ( 'NONE',  ( 0.8625570961444087859, 2.134256245050205639E-18, -0.7387827557922144184 ) ) ;
#2593 = CARTESIAN_POINT ( 'NONE',  ( 1.773752465236892117, 8.537024980200822558E-18, -0.6955825106874353736 ) ) ;
#2594 = CARTESIAN_POINT ( 'NONE',  ( 1.404298627804905442, 0.01574803149606299538, -0.4893750000000000044 ) ) ;
#2595 = B_SPLINE_SURFACE_WITH_KNOTS ( 'NONE', 3, 1, ( 
 ( #5517, #386 ),
 ( #1649, #3365 ),
 ( #5089, #1233 ),
 ( #2948, #4673 ),
 ( #808, #2525 ),
 ( #4255, #5171 ),
 ( #4336, #4385 ),
 ( #1808, #3552 ),
 ( #3123, #4440 ),
 ( #133, #938 ),
 ( #511, #461 ) ),
 .UNSPECIFIED., .F., .F., .F.,
 ( 4, 1, 1, 1, 1, 1, 1, 1, 4 ),
 ( 2, 2 ),
 ( 0.000000000000000000, 0.1229088741204422824, 0.2364516494111417177, 0.3479825443924760009, 0.4617666234886315113, 0.5802917925316444236, 0.7062604613274525711, 0.8451898420971099002, 1.000000000000000000 ),
 ( 0.000000000000000000, 1.000000000000000000 ),
 .UNSPECIFIED. ) ;
#2596 = CARTESIAN_POINT ( 'NONE',  ( 1.010304487179906063, 0.01574803149606299191, -0.5216015625000001155 ) ) ;
#2597 = DIRECTION ( 'NONE',  ( 0.000000000000000000, 1.000000000000000000, 0.000000000000000000 ) ) ;
#2598 = CARTESIAN_POINT ( 'NONE',  ( 0.8833714905709858511, 0.01574803149606298844, -0.4902541533900306447 ) ) ;
#2599 = EDGE_CURVE ( 'NONE', #2415, #5356, #1837, .T. ) ;
#2600 = EDGE_CURVE ( 'NONE', #1793, #3561, #3587, .T. ) ;
#2601 = ORIENTED_EDGE ( 'NONE', *, *, #2324, .F. ) ;
#2602 = CARTESIAN_POINT ( 'NONE',  ( 0.7266619090549053528, 0.000000000000000000, -0.4893750000000000044 ) ) ;
#2603 = ORIENTED_EDGE ( 'NONE', *, *, #1091, .F. ) ;
#2604 = CARTESIAN_POINT ( 'NONE',  ( 1.428927586305733133, 0.01574803149606299191, -0.5159781482049806689 ) ) ;
#2605 = CARTESIAN_POINT ( 'NONE',  ( 0.7114615802939234790, 0.01574803149606299538, -0.4918932426877664077 ) ) ;
#2606 = CARTESIAN_POINT ( 'NONE',  ( 1.769839029394348229, -2.134256245050205639E-18, -0.6176721814844803315 ) ) ;
#2607 = FACE_OUTER_BOUND ( 'NONE', #1216, .T. ) ;
#2608 = ORIENTED_EDGE ( 'NONE', *, *, #1093, .T. ) ;
#2609 = CARTESIAN_POINT ( 'NONE',  ( 1.605575081527533143, 0.01574803149606299191, -0.4956036822622073568 ) ) ;
#2610 = EDGE_CURVE ( 'NONE', #1242, #3071, #3796, .T. ) ;
#2611 = ORIENTED_EDGE ( 'NONE', *, *, #1506, .F. ) ;
#2612 = ORIENTED_EDGE ( 'NONE', *, *, #5432, .T. ) ;
#2613 = CARTESIAN_POINT ( 'NONE',  ( 0.9757128010955880004, 0.01574803149606299538, -0.7386248187151464029 ) ) ;
#2614 = DIRECTION ( 'NONE',  ( -0.2279442785594660015, 0.000000000000000000, 0.9736741784971009173 ) ) ;
#2615 = CARTESIAN_POINT ( 'NONE',  ( 1.237831052305708557, 0.01574803149606300232, -0.5023347764844582342 ) ) ;
#2616 = EDGE_CURVE ( 'NONE', #5282, #1124, #5263, .T. ) ;
#2617 = DIRECTION ( 'NONE',  ( 0.000000000000000000, 1.000000000000000000, 0.000000000000000000 ) ) ;
#2618 = FACE_OUTER_BOUND ( 'NONE', #5203, .T. ) ;
#2619 = CARTESIAN_POINT ( 'NONE',  ( 1.063098356008050915, 0.000000000000000000, -0.7053616767970833923 ) ) ;
#2620 = CARTESIAN_POINT ( 'NONE',  ( 0.9543037309410364877, 2.134256245050205639E-18, -0.7141564496431698217 ) ) ;
#2621 = CARTESIAN_POINT ( 'NONE',  ( 1.987745893429905264, 2.134256245050205639E-18, -0.6829296874999999378 ) ) ;
#2622 = CARTESIAN_POINT ( 'NONE',  ( 1.893444799782032950, 0.01574803149606299191, -0.6354658383570406244 ) ) ;
#2623 = COLOUR_RGB ( '',0.7921568627450980005, 0.8196078431372548767, 0.9333333333333333481 ) ;
#2624 = CARTESIAN_POINT ( 'NONE',  ( 0.8974352572830410768, 0.01574803149606299538, -0.5018333409306297010 ) ) ;
#2625 = ORIENTED_EDGE ( 'NONE', *, *, #436, .T. ) ;
#2626 = CARTESIAN_POINT ( 'NONE',  ( 1.391183730908384097, 2.134256245050205639E-18, -0.7327621706631577414 ) ) ;
#2627 = FILL_AREA_STYLE_COLOUR ( '', #1460 ) ;
#2628 = ORIENTED_EDGE ( 'NONE', *, *, #858, .F. ) ;
#2629 = CARTESIAN_POINT ( 'NONE',  ( 1.413397090059649530, 0.01574803149606300232, -0.4908554385885243176 ) ) ;
#2630 = CARTESIAN_POINT ( 'NONE',  ( 2.083941098798929303, 0.01574803149606299191, -0.7362249969193545018 ) ) ;
#2631 = CLOSED_SHELL ( 'NONE', ( #3927, #1404, #687, #1728, #2844, #4620, #3356, #3036 ) ) ;
#2632 = CARTESIAN_POINT ( 'NONE',  ( 1.665900850217559626, 0.01574803149606299538, -0.6839488409616876208 ) ) ;
#2633 = ORIENTED_EDGE ( 'NONE', *, *, #3431, .T. ) ;
#2634 = CARTESIAN_POINT ( 'NONE',  ( 1.157911909054905708, 0.01574803149606299191, -0.6268749999999999600 ) ) ;
#2635 = ORIENTED_EDGE ( 'NONE', *, *, #3781, .F. ) ;
#2636 = CARTESIAN_POINT ( 'NONE',  ( 1.185374550249947756, 0.01574803149606299885, -0.5189113547706285523 ) ) ;
#2637 = EDGE_LOOP ( 'NONE', ( #5293, #4127, #4394, #5442 ) ) ;
#2638 = DIRECTION ( 'NONE',  ( 0.000000000000000000, 1.000000000000000000, 0.000000000000000000 ) ) ;
#2639 = CARTESIAN_POINT ( 'NONE',  ( 0.8759294871799053750, 0.000000000000000000, -0.4893750000000000044 ) ) ;
#2640 = CARTESIAN_POINT ( 'NONE',  ( 1.214894330929905841, -2.134256245050205639E-18, -0.4893750000000000044 ) ) ;
#2641 = CARTESIAN_POINT ( 'NONE',  ( 1.494777143429905530, 0.01574803149606299191, -0.5737499999999999822 ) ) ;
#2642 = CARTESIAN_POINT ( 'NONE',  ( 1.778631139808374284, 0.01574803149606298844, -0.6954999401474570853 ) ) ;
#2643 = CARTESIAN_POINT ( 'NONE',  ( 1.927490942539574759, 0.01574803149606299191, -0.6913258774859367684 ) ) ;
#2644 = DIRECTION ( 'NONE',  ( 0.000000000000000000, 0.000000000000000000, 1.000000000000000000 ) ) ;
#2645 = DIRECTION ( 'NONE',  ( 0.000000000000000000, 1.000000000000000000, 0.000000000000000000 ) ) ;
#2646 = CARTESIAN_POINT ( 'NONE',  ( 1.241068956533415202, 0.000000000000000000, -0.7116585904362078274 ) ) ;
#2647 = CARTESIAN_POINT ( 'NONE',  ( 0.8905803518740539326, 0.01574803149606299191, -0.4937336027666552329 ) ) ;
#2648 = VERTEX_POINT ( 'NONE', #1789 ) ;
#2649 = CARTESIAN_POINT ( 'NONE',  ( 2.003361889415793406, 2.134256245050205639E-18, -0.6902494895767088412 ) ) ;
#2650 = CARTESIAN_POINT ( 'NONE',  ( 1.402124492928383592, 0.000000000000000000, -0.4894744996973858786 ) ) ;
#2651 = LINE ( 'NONE', #3533, #1913 ) ;
#2652 = CARTESIAN_POINT ( 'NONE',  ( 1.679348441015835247, 0.01574803149606299885, -0.6221826502921212754 ) ) ;
#2653 =( NAMED_UNIT ( * ) PLANE_ANGLE_UNIT ( ) SI_UNIT ( $, .RADIAN. ) );
#2654 = DIRECTION ( 'NONE',  ( 0.000000000000000000, 0.000000000000000000, -1.000000000000000000 ) ) ;
#2655 = CARTESIAN_POINT ( 'NONE',  ( 1.689011453713198829, 0.01574803149606299538, -0.7157743846298709745 ) ) ;
#2656 = EDGE_LOOP ( 'NONE', ( #1126, #1276, #1967, #949, #2601, #3192, #3058, #1708, #4020, #1113 ) ) ;
#2657 = ORIENTED_EDGE ( 'NONE', *, *, #4245, .F. ) ;
#2658 = ORIENTED_EDGE ( 'NONE', *, *, #3378, .F. ) ;
#2659 = CARTESIAN_POINT ( 'NONE',  ( 1.657179487179905708, 0.01574803149606299191, -0.5469433593750000488 ) ) ;
#2660 = CARTESIAN_POINT ( 'NONE',  ( 1.185304487179905886, 0.01574803149606299191, -0.5209667968750000266 ) ) ;
#2661 = ORIENTED_EDGE ( 'NONE', *, *, #1564, .F. ) ;
#2662 = CARTESIAN_POINT ( 'NONE',  ( 1.928623798460251004, 2.134256245050205639E-18, -0.6279117520509202022 ) ) ;
#2663 = CARTESIAN_POINT ( 'NONE',  ( 0.6964325878483179633, 0.01574803149606298844, -0.5087791208421069689 ) ) ;
#2664 = EDGE_CURVE ( 'NONE', #4712, #307, #3085, .T. ) ;
#2665 = CARTESIAN_POINT ( 'NONE',  ( 1.723409845292037668, 0.01574803149606299191, -0.7333685373184204437 ) ) ;
#2666 = CARTESIAN_POINT ( 'NONE',  ( 0.9839861278049059079, -2.134256245050205639E-18, -0.4893750000000001155 ) ) ;
#2667 = EDGE_CURVE ( 'NONE', #1944, #1991, #3991, .T. ) ;
#2668 = CARTESIAN_POINT ( 'NONE',  ( 1.118735854456255119, 2.134256245050205639E-18, -0.6853627314024504091 ) ) ;
#2669 = CARTESIAN_POINT ( 'NONE',  ( 1.138020144867603278, 0.000000000000000000, -0.7362523579507952443 ) ) ;
#2670 = EDGE_CURVE ( 'NONE', #4198, #5113, #4582, .T. ) ;
#2671 =( GEOMETRIC_REPRESENTATION_CONTEXT ( 3 ) GLOBAL_UNCERTAINTY_ASSIGNED_CONTEXT ( ( #3230 ) ) GLOBAL_UNIT_ASSIGNED_CONTEXT ( ( #4375, #3972, #3136 ) ) REPRESENTATION_CONTEXT ( 'NONE', 'WORKASPACE' ) );
#2672 = FACE_OUTER_BOUND ( 'NONE', #1508, .T. ) ;
#2673 = CARTESIAN_POINT ( 'NONE',  ( 1.053798690198496590, 0.01574803149606299538, -0.6847626957698803585 ) ) ;
#2674 = CARTESIAN_POINT ( 'NONE',  ( 1.185304487179905886, 0.000000000000000000, -0.5209667968750000266 ) ) ;
#2675 = CARTESIAN_POINT ( 'NONE',  ( 1.710304487179905575, 2.134256245050205639E-18, -0.5480664062500000266 ) ) ;
#2676 = EDGE_CURVE ( 'NONE', #5363, #4369, #2014, .T. ) ;
#2677 = DIRECTION ( 'NONE',  ( -0.000000000000000000, 1.000000000000000000, -0.000000000000000000 ) ) ;
#2678 = CARTESIAN_POINT ( 'NONE',  ( 1.679451743075582426, -2.134256245050205639E-18, -0.5130238392814815418 ) ) ;
#2679 = CARTESIAN_POINT ( 'NONE',  ( 1.815363405212180314, 0.01574803149606299191, -0.5489212441863686731 ) ) ;
#2680 = CARTESIAN_POINT ( 'NONE',  ( 1.375929487179905486, 0.01574803149606299538, -0.7068066406249999822 ) ) ;
#2681 = ORIENTED_EDGE ( 'NONE', *, *, #2664, .T. ) ;
#2682 = CARTESIAN_POINT ( 'NONE',  ( 1.769386518429905797, 0.000000000000000000, -0.4893750000000000044 ) ) ;
#2683 = FILL_AREA_STYLE_COLOUR ( '', #2623 ) ;
#2684 = CARTESIAN_POINT ( 'NONE',  ( 1.772884450528833034, 0.01574803149606298844, -0.6143659011276845217 ) ) ;
#2685 = CARTESIAN_POINT ( 'NONE',  ( 1.664406049679905797, 0.000000000000000000, -0.6747265625000000711 ) ) ;
#2686 = CARTESIAN_POINT ( 'NONE',  ( 1.838217748415934771, 0.01574803149606298844, -0.6254414471085455451 ) ) ;
#2687 = EDGE_CURVE ( 'NONE', #3715, #5175, #3773, .T. ) ;
#2688 = VERTEX_POINT ( 'NONE', #1020 ) ;
#2689 = ORIENTED_EDGE ( 'NONE', *, *, #748, .F. ) ;
#2690 = CARTESIAN_POINT ( 'NONE',  ( 1.753728998630890379, 0.01574803149606299191, -0.5340668624874459480 ) ) ;
#2691 = SURFACE_STYLE_FILL_AREA ( #1352 ) ;
#2692 = ORIENTED_EDGE ( 'NONE', *, *, #8, .F. ) ;
#2693 = CARTESIAN_POINT ( 'NONE',  ( 1.185304487179905886, 0.01574803149606299191, -0.5831250000000000044 ) ) ;
#2694 = CARTESIAN_POINT ( 'NONE',  ( 2.057179487179905397, -0.3448278556033430586, -0.6925000000000000044 ) ) ;
#2695 = LINE ( 'NONE', #579, #4320 ) ;
#2696 = CARTESIAN_POINT ( 'NONE',  ( 0.8530635653001940044, 0.01574803149606298497, -0.7354936529644492405 ) ) ;
#2697 = CARTESIAN_POINT ( 'NONE',  ( 2.082715196930017498, 0.01574803149606299191, -0.4895547020821037210 ) ) ;
#2698 = B_SPLINE_CURVE_WITH_KNOTS ( 'NONE', 3,
 ( #1954, #3275, #4550, #2857, #1048, #3184, #2313, #268, #3155, #627, #4994 ),
 .UNSPECIFIED., .F., .F.,
 ( 4, 1, 1, 1, 1, 1, 1, 1, 4 ),
 ( 0.000000000000000000, 0.1293235928071807261, 0.2472114869378300994, 0.3634275511446827811, 0.4836271207114492543, 0.6085420377595613939, 0.7362682684320625004, 0.8675229715430915478, 1.000000000000000000 ),
 .UNSPECIFIED. ) ;
#2699 = CARTESIAN_POINT ( 'NONE',  ( 1.548104714612827282, 0.01574803149606299191, -0.7347432067089640917 ) ) ;
#2700 = CARTESIAN_POINT ( 'NONE',  ( 1.886340918577241954, 2.134256245050205639E-18, -0.6657903054405369669 ) ) ;
#2701 = DIRECTION ( 'NONE',  ( 0.000000000000000000, 1.000000000000000000, 0.000000000000000000 ) ) ;
#2702 = CARTESIAN_POINT ( 'NONE',  ( 1.985697422333190021, 6.402768735150616918E-18, -0.5857795907696653481 ) ) ;
#2703 = CARTESIAN_POINT ( 'NONE',  ( 1.676658021327765979, 0.01574803149606299191, -0.5145513045461380663 ) ) ;
#2704 = CARTESIAN_POINT ( 'NONE',  ( 1.838379137025604182, 0.01574803149606299191, -0.6122730195714291002 ) ) ;
#2705 = PLANE ( 'NONE',  #3672 ) ;
#2706 = AXIS2_PLACEMENT_3D ( 'NONE', #4228, #5094, #3806 ) ;
#2707 = CARTESIAN_POINT ( 'NONE',  ( 0.6956480516620495713, 0.01574803149606299885, -0.5123352360524577875 ) ) ;
#2708 = CARTESIAN_POINT ( 'NONE',  ( 1.751759565304905619, -2.134256245050205639E-18, -0.6237500000000000266 ) ) ;
#2709 = CARTESIAN_POINT ( 'NONE',  ( 1.721528154462228288, 0.000000000000000000, -0.7327834402532488189 ) ) ;
#2710 = CARTESIAN_POINT ( 'NONE',  ( 1.525398575787976885, 0.01574803149606298844, -0.7042213982687018925 ) ) ;
#2711 = ORIENTED_EDGE ( 'NONE', *, *, #2527, .F. ) ;
#2712 = EDGE_LOOP ( 'NONE', ( #186, #1881, #2870, #2448 ) ) ;
#2713 = ADVANCED_FACE ( 'NONE', ( #3649 ), #1213, .F. ) ;
#2714 = ORIENTED_EDGE ( 'NONE', *, *, #3261, .F. ) ;
#2715 = CARTESIAN_POINT ( 'NONE',  ( 1.429054487179905575, 0.01574803149606299191, -0.5196484375000000044 ) ) ;
#2716 = LINE ( 'NONE', #5241, #3824 ) ;
#2717 = CARTESIAN_POINT ( 'NONE',  ( 1.149907668011070472, 0.000000000000000000, -0.6269579293438025669 ) ) ;
#2718 = CARTESIAN_POINT ( 'NONE',  ( 2.058287948109319476, 0.01574803149606299191, -0.5107771994596173037 ) ) ;
#2719 = CARTESIAN_POINT ( 'NONE',  ( 1.979054487179905397, 0.000000000000000000, -0.6598339843749999600 ) ) ;
#2720 = CARTESIAN_POINT ( 'NONE',  ( 1.894679487179905752, 0.000000000000000000, -0.6143750000000000044 ) ) ;
#2721 = CARTESIAN_POINT ( 'NONE',  ( 0.9858349916979387562, -2.134256245050205639E-18, -0.4894804284713953901 ) ) ;
#2722 = B_SPLINE_SURFACE_WITH_KNOTS ( 'NONE', 3, 1, ( 
 ( #4660, #2933 ),
 ( #2483, #2511 ),
 ( #1695, #4685 ),
 ( #3319, #4207 ),
 ( #4631, #3410 ),
 ( #793, #1280 ),
 ( #4716, #856 ),
 ( #2569, #3880 ),
 ( #16, #3439 ),
 ( #5161, #2455 ),
 ( #313, #2032 ),
 ( #3752, #760 ),
 ( #345, #3786 ),
 ( #5268, #3114 ),
 ( #3569, #978 ) ),
 .UNSPECIFIED., .F., .F., .F.,
 ( 4, 1, 1, 1, 1, 1, 1, 1, 1, 1, 1, 1, 4 ),
 ( 2, 2 ),
 ( 0.000000000000000000, 0.08223556937268272637, 0.1574587393675497271, 0.2267099154140119754, 0.2934685449687373104, 0.3605489407850275274, 0.4297567173018173037, 0.5041431185533534753, 0.5847333489686841190, 0.6736372761341737903, 0.7717162902856756768, 0.8803753371336248135, 1.000000000000000000 ),
 ( 0.000000000000000000, 1.000000000000000000 ),
 .UNSPECIFIED. ) ;
#2723 = CARTESIAN_POINT ( 'NONE',  ( 0.9616892447190834581, 2.134256245050205639E-18, -0.7309173442086571715 ) ) ;
#2724 = CARTESIAN_POINT ( 'NONE',  ( 0.8994370279011818514, 0.000000000000000000, -0.5070591035736968788 ) ) ;
#2725 = CARTESIAN_POINT ( 'NONE',  ( 1.838281702508807403, -2.134256245050205639E-18, -0.6058431670515889156 ) ) ;
#2726 = CARTESIAN_POINT ( 'NONE',  ( 1.129398233714615563, 0.01574803149606299191, -0.6298405139987067747 ) ) ;
#2727 = CARTESIAN_POINT ( 'NONE',  ( 1.934973356008049539, 0.000000000000000000, -0.7053616767970830592 ) ) ;
#2728 = CARTESIAN_POINT ( 'NONE',  ( 1.660217759286164219, 2.134256245050205639E-18, -0.5296793320298502916 ) ) ;
#2729 = B_SPLINE_CURVE_WITH_KNOTS ( 'NONE', 3,
 ( #4705, #248, #2108, #842, #3805, #416, #1965, #1236, #5409, #2559, #1092 ),
 .UNSPECIFIED., .F., .F.,
 ( 4, 1, 1, 1, 1, 1, 1, 1, 4 ),
 ( 0.000000000000000000, 0.1398494190053519437, 0.2681627003714484592, 0.3889048537734010602, 0.5053543800120462448, 0.6211455851889932100, 0.7380783065581103530, 0.8631088051525332983, 1.000000000000000000 ),
 .UNSPECIFIED. ) ;
#2730 = CARTESIAN_POINT ( 'NONE',  ( 0.7478044871799055526, -0.1645399120536400472, -0.7087109375000000266 ) ) ;
#2731 = ORIENTED_EDGE ( 'NONE', *, *, #5460, .F. ) ;
#2732 = B_SPLINE_CURVE_WITH_KNOTS ( 'NONE', 3,
 ( #1988, #5436, #1589, #3743, #4168, #5350, #3283, #5001, #718, #2321, #2441 ),
 .UNSPECIFIED., .F., .F.,
 ( 4, 1, 1, 1, 1, 1, 1, 1, 4 ),
 ( 0.000000000000000000, 0.1389097126577631680, 0.2639610228471216957, 0.3808913182282731569, 0.4957771556646393685, 0.6115653426108732527, 0.7318968433117957195, 0.8602132000557086711, 1.000000000000000000 ),
 .UNSPECIFIED. ) ;
#2733 = CARTESIAN_POINT ( 'NONE',  ( 1.979054487179905397, -0.3448278556033430586, -0.6598339843749999600 ) ) ;
#2734 = CARTESIAN_POINT ( 'NONE',  ( 0.7478044871799053306, -0.3448278556033430586, -0.7087109374999999156 ) ) ;
#2735 = ORIENTED_EDGE ( 'NONE', *, *, #436, .F. ) ;
#2736 = ADVANCED_FACE ( 'NONE', ( #4105, #241 ), #3239, .F. ) ;
#2737 = CARTESIAN_POINT ( 'NONE',  ( 0.6964325878483179633, 0.000000000000000000, -0.5087791208421069689 ) ) ;
#2738 = CARTESIAN_POINT ( 'NONE',  ( 1.613404943642253286, 2.134256245050205639E-18, -0.7081754898437299106 ) ) ;
#2739 = CARTESIAN_POINT ( 'NONE',  ( 0.7230486278049053084, 0.01574803149606298844, -0.7393750000000000044 ) ) ;
#2740 = ORIENTED_EDGE ( 'NONE', *, *, #3195, .T. ) ;
#2741 = EDGE_CURVE ( 'NONE', #2136, #365, #1878, .T. ) ;
#2742 = CARTESIAN_POINT ( 'NONE',  ( 1.010304487179905841, -0.1645399120536400472, -0.7072949218750000933 ) ) ;
#2743 = CARTESIAN_POINT ( 'NONE',  ( 0.8480777341973135819, 0.01574803149606299191, -0.5134606427243957327 ) ) ;
#2744 = CARTESIAN_POINT ( 'NONE',  ( 1.195737462901158121, 0.01574803149606299191, -0.4952443511992593583 ) ) ;
#2745 = ORIENTED_EDGE ( 'NONE', *, *, #4684, .F. ) ;
#2746 = CARTESIAN_POINT ( 'NONE',  ( 0.7266619090549053528, 0.01574803149606299191, -0.4893750000000000044 ) ) ;
#2747 = CARTESIAN_POINT ( 'NONE',  ( 0.6947540883937034506, 2.134256245050205639E-18, -0.5208762587359284657 ) ) ;
#2748 = CARTESIAN_POINT ( 'NONE',  ( 0.8592211459965858333, 0.01574803149606298497, -0.7379398496872445756 ) ) ;
#2749 = CARTESIAN_POINT ( 'NONE',  ( 1.713966596554905575, 0.01574803149606298844, -0.6598339843749999600 ) ) ;
#2750 = CARTESIAN_POINT ( 'NONE',  ( 1.155339892973302085, 2.134256245050205639E-18, -0.6924726754716854504 ) ) ;
#2751 = CARTESIAN_POINT ( 'NONE',  ( 1.930642079894988372, 0.01574803149606300232, -0.6986720348437304162 ) ) ;
#2752 = CARTESIAN_POINT ( 'NONE',  ( 1.979214530997315702, 0.01574803149606299191, -0.6543145289080800620 ) ) ;
#2753 = AXIS2_PLACEMENT_3D ( 'NONE', #5116, #1261, #2971 ) ;
#2754 = DIRECTION ( 'NONE',  ( 0.000000000000000000, 1.000000000000000000, 0.000000000000000000 ) ) ;
#2755 = CARTESIAN_POINT ( 'NONE',  ( 1.892691377180733658, 6.402768735150616918E-18, -0.5872266457023426200 ) ) ;
#2756 = CARTESIAN_POINT ( 'NONE',  ( 1.134993702236477997, 0.01574803149606298844, -0.6286411722627794907 ) ) ;
#2757 = CARTESIAN_POINT ( 'NONE',  ( 1.489674841191251264, 2.134256245050205639E-18, -0.4896093089674877219 ) ) ;
#2758 = ORIENTED_EDGE ( 'NONE', *, *, #438, .T. ) ;
#2759 = VECTOR ( 'NONE', #2517, 39.37007874015748143 ) ;
#2760 = CARTESIAN_POINT ( 'NONE',  ( 0.9582350277136064687, 0.01574803149606299191, -0.7261417824543621169 ) ) ;
#2761 = EDGE_CURVE ( 'NONE', #1851, #1555, #15, .T. ) ;
#2762 = CARTESIAN_POINT ( 'NONE',  ( 2.057179487179905397, -0.3448278556033430586, -0.6268749999999999600 ) ) ;
#2763 = ORIENTED_EDGE ( 'NONE', *, *, #3945, .T. ) ;
#2764 = EDGE_CURVE ( 'NONE', #4425, #5282, #1682, .T. ) ;
#2765 = CARTESIAN_POINT ( 'NONE',  ( 1.681828174618588800, 0.000000000000000000, -0.6517141322442286944 ) ) ;
#2766 = CARTESIAN_POINT ( 'NONE',  ( 1.612896946833452416, 2.134256245050205639E-18, -0.7146062921768565612 ) ) ;
#2767 = VERTEX_POINT ( 'NONE', #2102 ) ;
#2768 = CARTESIAN_POINT ( 'NONE',  ( 1.010122235186169393, 0.01574803149606299191, -0.5144648697149064587 ) ) ;
#2769 = DIRECTION ( 'NONE',  ( -1.000000000000000000, 0.000000000000000000, 0.000000000000000000 ) ) ;
#2770 = CARTESIAN_POINT ( 'NONE',  ( 0.8641409577175938050, 2.134256245050205639E-18, -0.4912404362675277802 ) ) ;
#2771 = DIRECTION ( 'NONE',  ( 1.000000000000000000, 0.000000000000000000, 0.000000000000000000 ) ) ;
#2772 = ORIENTED_EDGE ( 'NONE', *, *, #4371, .F. ) ;
#2773 = CARTESIAN_POINT ( 'NONE',  ( 2.006458499330998624, 2.134256245050205639E-18, -0.5832520543012011949 ) ) ;
#2774 = CARTESIAN_POINT ( 'NONE',  ( 1.464261349065736573, 0.01574803149606298844, -0.7043165516219213051 ) ) ;
#2775 = LINE ( 'NONE', #2869, #1303 ) ;
#2776 = CARTESIAN_POINT ( 'NONE',  ( 0.8657368348033952499, 0.01574803149606299191, -0.7392127580146761190 ) ) ;
#2777 = ORIENTED_EDGE ( 'NONE', *, *, #4001, .F. ) ;
#2778 = CARTESIAN_POINT ( 'NONE',  ( 1.693409955929906063, 2.134256245050205639E-18, -0.6500195312500001155 ) ) ;
#2779 = CARTESIAN_POINT ( 'NONE',  ( 2.029786909054905220, -2.134256245050205639E-18, -0.6268749999999999600 ) ) ;
#2780 = CARTESIAN_POINT ( 'NONE',  ( 1.122327413818216213, 0.01574803149606299191, -0.6872853059217891580 ) ) ;
#2781 = CARTESIAN_POINT ( 'NONE',  ( 1.995730721102108474, 0.01574803149606298844, -0.5842720217304788743 ) ) ;
#2782 = EDGE_CURVE ( 'NONE', #3648, #5131, #3391, .T. ) ;
#2783 = CARTESIAN_POINT ( 'NONE',  ( 0.8461180787847011331, 0.01574803149606299191, -0.7298756350952343430 ) ) ;
#2784 = CARTESIAN_POINT ( 'NONE',  ( 1.837365641014719220, -2.134256245050205639E-18, -0.5965159553965388994 ) ) ;
#2785 = CARTESIAN_POINT ( 'NONE',  ( 1.666240359830370110, 0.01574803149606299885, -0.6661509710086571667 ) ) ;
#2786 = CARTESIAN_POINT ( 'NONE',  ( 1.922865762372156340, 0.000000000000000000, -0.6636299963044934858 ) ) ;
#2787 = CARTESIAN_POINT ( 'NONE',  ( 2.113429487179905308, -2.134256245050205639E-18, -0.5214062499999999600 ) ) ;
#2788 = CARTESIAN_POINT ( 'NONE',  ( 1.530605170206580601, 0.01574803149606299885, -0.5301263936895446172 ) ) ;
#2789 = CARTESIAN_POINT ( 'NONE',  ( 1.751759565304905619, -0.1645399120536400472, -0.6237500000000000266 ) ) ;
#2790 = VERTEX_POINT ( 'NONE', #3836 ) ;
#2791 = CARTESIAN_POINT ( 'NONE',  ( 0.7478044871799053306, 0.000000000000000000, -0.5706250000000000488 ) ) ;
#2792 = CARTESIAN_POINT ( 'NONE',  ( 1.608322235033031289, 2.134256245050205639E-18, -0.7263902811075736432 ) ) ;
#2793 = CARTESIAN_POINT ( 'NONE',  ( 1.010122235186169393, -2.134256245050205639E-18, -0.5144648697149064587 ) ) ;
#2794 = VECTOR ( 'NONE', #1631, 39.37007874015748143 ) ;
#2795 = ORIENTED_EDGE ( 'NONE', *, *, #3173, .T. ) ;
#2796 = FACE_OUTER_BOUND ( 'NONE', #1046, .T. ) ;
#2797 = LINE ( 'NONE', #3281, #34 ) ;
#2798 = VECTOR ( 'NONE', #2231, 39.37007874015748143 ) ;
#2799 = LINE ( 'NONE', #2351, #5289 ) ;
#2800 = CARTESIAN_POINT ( 'NONE',  ( 1.723331972758510355, 2.134256245050205639E-18, -0.4949251846485587802 ) ) ;
#2801 = CARTESIAN_POINT ( 'NONE',  ( 1.496241987179905752, 2.134256245050205639E-18, -0.4893750000000001155 ) ) ;
#2802 = CARTESIAN_POINT ( 'NONE',  ( 1.747791684523105182, -2.134256245050205639E-18, -0.5800446072327218872 ) ) ;
#2803 = ADVANCED_BREP_SHAPE_REPRESENTATION ( 'Eggfinder LCD Case V2 Program Door Text Inlay', ( #4058, #2194, #2150, #4090, #376, #308, #1057 ), #4755 ) ;
#2804 = VECTOR ( 'NONE', #2701, 39.37007874015748143 ) ;
#2805 = B_SPLINE_CURVE_WITH_KNOTS ( 'NONE', 3,
 ( #5319, #1856, #2142, #3883, #3443, #1455, #2240, #1029, #3165, #20, #1909, #3112, #976, #2746 ),
 .UNSPECIFIED., .F., .F.,
 ( 4, 2, 2, 2, 2, 2, 4 ),
 ( 0.000000000000000000, 0.0003326751369011090968, 0.0006653502738022181937, 0.0008316878422527708989, 0.0009980254107033236042, 0.001164362979153876418, 0.001330700547604429232 ),
 .UNSPECIFIED. ) ;
#2806 = CARTESIAN_POINT ( 'NONE',  ( 1.606691871339055222, 2.134256245050205639E-18, -0.4969210215378405127 ) ) ;
#2807 = DIRECTION ( 'NONE',  ( 0.000000000000000000, 1.000000000000000000, 0.000000000000000000 ) ) ;
#2808 = CARTESIAN_POINT ( 'NONE',  ( 0.9839861278049059079, -2.134256245050205639E-18, -0.4893750000000001155 ) ) ;
#2809 = CARTESIAN_POINT ( 'NONE',  ( 1.402124492928383592, 2.134256245050205639E-18, -0.4894744996973858786 ) ) ;
#2810 = EDGE_CURVE ( 'NONE', #973, #4888, #1262, .T. ) ;
#2811 = B_SPLINE_CURVE_WITH_KNOTS ( 'NONE', 3,
 ( #3, #1710, #1652, #5148, #5091, #3340, #2127, #2558, #388, #5174, #5060, #3395 ),
 .UNSPECIFIED., .F., .F.,
 ( 4, 2, 2, 2, 2, 4 ),
 ( 0.000000000000000000, 0.0002348053335347848730, 0.0004696106670695697461, 0.0007044160006043545920, 0.0008218186673717512705, 0.0009392213341391478405 ),
 .UNSPECIFIED. ) ;
#2812 = CARTESIAN_POINT ( 'NONE',  ( 1.979214530997315702, 6.402768735150616918E-18, -0.6543145289080800620 ) ) ;
#2813 = CARTESIAN_POINT ( 'NONE',  ( 1.465415459423557554, 0.01574803149606299538, -0.5068682642342801081 ) ) ;
#2814 = ORIENTED_EDGE ( 'NONE', *, *, #4413, .T. ) ;
#2815 = CARTESIAN_POINT ( 'NONE',  ( 1.463593167846688470, 0.01574803149606299538, -0.7067392447789494492 ) ) ;
#2816 = CARTESIAN_POINT ( 'NONE',  ( 1.791801517429670199, 0.01574803149606299191, -0.5359145275914167783 ) ) ;
#2817 = DIRECTION ( 'NONE',  ( 1.000000000000000000, 0.000000000000000000, 0.000000000000000000 ) ) ;
#2818 = CARTESIAN_POINT ( 'NONE',  ( 2.079396284054905397, 0.000000000000000000, -0.7362499999999999600 ) ) ;
#2819 = CARTESIAN_POINT ( 'NONE',  ( 1.470629762457503320, 2.134256245050205639E-18, -0.4996377347448205386 ) ) ;
#2820 = CARTESIAN_POINT ( 'NONE',  ( 1.860759227425130113, 0.000000000000000000, -0.5226579468159356923 ) ) ;
#2821 = ORIENTED_EDGE ( 'NONE', *, *, #43, .T. ) ;
#2822 = FACE_OUTER_BOUND ( 'NONE', #31, .T. ) ;
#2823 = CARTESIAN_POINT ( 'NONE',  ( 1.838281702508807403, 0.000000000000000000, -0.6058431670515889156 ) ) ;
#2824 = ORIENTED_EDGE ( 'NONE', *, *, #873, .T. ) ;
#2825 = DIRECTION ( 'NONE',  ( 0.000000000000000000, 1.000000000000000000, 0.000000000000000000 ) ) ;
#2826 = CARTESIAN_POINT ( 'NONE',  ( 1.582851716830929067, 2.134256245050205639E-18, -0.7361789246398285913 ) ) ;
#2827 = CARTESIAN_POINT ( 'NONE',  ( 2.107111404935126941, 0.000000000000000000, -0.7266000665955246740 ) ) ;
#2828 = DIRECTION ( 'NONE',  ( 0.9815851488280638026, 0.000000000000000000, -0.1910251177206492290 ) ) ;
#2829 = CARTESIAN_POINT ( 'NONE',  ( 1.613429487179905530, 0.01574803149606299191, -0.5195996093750000488 ) ) ;
#2830 = CARTESIAN_POINT ( 'NONE',  ( 1.560376766784887570, 0.01574803149606299538, -0.5174596313471864217 ) ) ;
#2831 = VERTEX_POINT ( 'NONE', #2469 ) ;
#2832 = CARTESIAN_POINT ( 'NONE',  ( 1.734216351434068271, 2.134256245050205639E-18, -0.4923811934883015606 ) ) ;
#2833 = CARTESIAN_POINT ( 'NONE',  ( 1.664871923455722325, -2.134256245050205639E-18, -0.6150814801740419613 ) ) ;
#2834 = CARTESIAN_POINT ( 'NONE',  ( 0.7475625992338678083, 0.01574803149606298844, -0.7154831098358276353 ) ) ;
#2835 = VERTEX_POINT ( 'NONE', #4189 ) ;
#2836 = VERTEX_POINT ( 'NONE', #5487 ) ;
#2837 = EDGE_CURVE ( 'NONE', #3897, #1624, #2046, .T. ) ;
#2838 = CARTESIAN_POINT ( 'NONE',  ( 2.079396284054905397, 0.000000000000000000, -0.7362499999999999600 ) ) ;
#2839 = EDGE_CURVE ( 'NONE', #1071, #3877, #835, .T. ) ;
#2840 = CARTESIAN_POINT ( 'NONE',  ( 1.608322235033031289, 2.134256245050205639E-18, -0.7263902811075736432 ) ) ;
#2841 = CARTESIAN_POINT ( 'NONE',  ( 0.7375783214138085242, 2.134256245050205639E-18, -0.7350724542995681343 ) ) ;
#2842 = EDGE_CURVE ( 'NONE', #4055, #922, #2411, .T. ) ;
#2843 = CARTESIAN_POINT ( 'NONE',  ( 0.9542919257015421985, 0.000000000000000000, -0.5147207550859113079 ) ) ;
#2844 = ADVANCED_FACE ( 'NONE', ( #3054 ), #4852, .F. ) ;
#2845 = ORIENTED_EDGE ( 'NONE', *, *, #858, .T. ) ;
#2846 = UNCERTAINTY_MEASURE_WITH_UNIT (LENGTH_MEASURE( 1.000000000000000082E-05 ), #871, 'distance_accuracy_value', 'NONE');
#2847 = CARTESIAN_POINT ( 'NONE',  ( 1.558888402621585678, 0.01574803149606298844, -0.7361794251699712577 ) ) ;
#2848 = CARTESIAN_POINT ( 'NONE',  ( 0.7016800623061106856, 0.01574803149606299191, -0.7312576142679250157 ) ) ;
#2849 = CARTESIAN_POINT ( 'NONE',  ( 1.144923627804905752, -0.3448278556033430586, -0.7362499999999999600 ) ) ;
#2850 = CARTESIAN_POINT ( 'NONE',  ( 1.795121136997139821, 0.01574803149606299191, -0.7374563110120658793 ) ) ;
#2851 = CARTESIAN_POINT ( 'NONE',  ( 1.533394957509973899, 2.134256245050205639E-18, -0.7262016775290135451 ) ) ;
#2852 = CARTESIAN_POINT ( 'NONE',  ( 2.097721635246173832, -2.134256245050205639E-18, -0.4912065637766125370 ) ) ;
#2853 = CARTESIAN_POINT ( 'NONE',  ( 1.894585122914099085, 0.000000000000000000, -0.6097147406940437442 ) ) ;
#2854 = CARTESIAN_POINT ( 'NONE',  ( 1.668958520626598663, 2.134256245050205639E-18, -0.6614720397614882730 ) ) ;
#2855 = ADVANCED_FACE ( 'NONE', ( #3551 ), #3911, .F. ) ;
#2856 = VECTOR ( 'NONE', #1612, 39.37007874015748143 ) ;
#2857 = CARTESIAN_POINT ( 'NONE',  ( 0.7393959099419196157, -4.268512490100411279E-18, -0.4912410258914117200 ) ) ;
#2858 = CARTESIAN_POINT ( 'NONE',  ( 0.8739837766554132692, 0.01574803149606299191, -0.4894658071129339150 ) ) ;
#2859 = CARTESIAN_POINT ( 'NONE',  ( 1.611192039233947160, 2.134256245050205639E-18, -0.7211664009154009625 ) ) ;
#2860 = AXIS2_PLACEMENT_3D ( 'NONE', #317, #3758, #1226 ) ;
#2861 = CARTESIAN_POINT ( 'NONE',  ( 2.094632639231470694, 0.01574803149606299885, -0.4902912640615639805 ) ) ;
#2862 = CARTESIAN_POINT ( 'NONE',  ( 1.798645790280699375, -2.134256245050205639E-18, -0.6907216911062845632 ) ) ;
#2863 = B_SPLINE_SURFACE_WITH_KNOTS ( 'NONE', 3, 1, ( 
 ( #1348, #1790 ),
 ( #1420, #3510 ),
 ( #5207, #898 ),
 ( #3131, #1370 ),
 ( #3484, #3536 ),
 ( #971, #2709 ),
 ( #2291, #3588 ),
 ( #4859, #113 ),
 ( #5259, #3061 ),
 ( #2655, #4025 ),
 ( #3944, #5233 ),
 ( #945, #3998 ),
 ( #4421, #3086 ),
 ( #1848, #4805 ),
 ( #1817, #995 ),
 ( #2632, #4368 ),
 ( #4449, #5314 ),
 ( #165, #490 ),
 ( #4393, #2685 ) ),
 .UNSPECIFIED., .F., .F., .F.,
 ( 4, 1, 1, 1, 1, 1, 1, 1, 1, 1, 1, 1, 1, 1, 1, 1, 4 ),
 ( 2, 2 ),
 ( 0.000000000000000000, 0.09403118419943332085, 0.1833433453235890631, 0.2684563974261002794, 0.3500721697809880961, 0.4272362797519792532, 0.4992283581201434339, 0.5662326547883448358, 0.6289847331196514180, 0.6876689143158525308, 0.7431519811438742629, 0.7948100883308165665, 0.8441840176181645283, 0.8896842298769512825, 0.9307774820599377108, 0.9669399739666799665, 1.000000000000000000 ),
 ( 0.000000000000000000, 1.000000000000000000 ),
 .UNSPECIFIED. ) ;
#2864 = CARTESIAN_POINT ( 'NONE',  ( 0.8518084288704442786, 2.134256245050205639E-18, -0.5021821391456254835 ) ) ;
#2865 = EDGE_CURVE ( 'NONE', #5098, #504, #103, .T. ) ;
#2866 = CARTESIAN_POINT ( 'NONE',  ( 1.588527143429905530, 0.01574803149606299538, -0.4893750000000000044 ) ) ;
#2867 = ORIENTED_EDGE ( 'NONE', *, *, #549, .T. ) ;
#2868 = CARTESIAN_POINT ( 'NONE',  ( 2.058978316266319997, 0.000000000000000000, -0.5080936862799417808 ) ) ;
#2869 = CARTESIAN_POINT ( 'NONE',  ( 1.657179487179905708, 0.000000000000000000, -0.5469433593750000488 ) ) ;
#2870 = ORIENTED_EDGE ( 'NONE', *, *, #520, .T. ) ;
#2871 = CARTESIAN_POINT ( 'NONE',  ( 1.050929487179905975, -0.3448278556033430586, -0.6608593750000001377 ) ) ;
#2872 = VERTEX_POINT ( 'NONE', #5170 ) ;
#2873 = DIRECTION ( 'NONE',  ( 0.000000000000000000, 1.000000000000000000, 0.000000000000000000 ) ) ;
#2874 = CARTESIAN_POINT ( 'NONE',  ( 1.761668738242165411, 0.01574803149606298844, -0.4894859263913504122 ) ) ;
#2875 = DIRECTION ( 'NONE',  ( -1.000000000000000000, 0.000000000000000000, -0.000000000000000000 ) ) ;
#2876 = CARTESIAN_POINT ( 'NONE',  ( 1.478404088627531143, 1.707404996040164512E-17, -0.4930660046446770362 ) ) ;
#2877 = VERTEX_POINT ( 'NONE', #909 ) ;
#2878 = CARTESIAN_POINT ( 'NONE',  ( 1.528193775660272591, 6.402768735150616918E-18, -0.7140213084126223464 ) ) ;
#2879 = CARTESIAN_POINT ( 'NONE',  ( 0.6956492874500604939, 0.01574803149606299538, -0.7186524662072905079 ) ) ;
#2880 = CARTESIAN_POINT ( 'NONE',  ( 1.894679487179905752, 0.000000000000000000, -0.6143750000000000044 ) ) ;
#2881 = CARTESIAN_POINT ( 'NONE',  ( 1.547304550103224097, 2.134256245050205639E-18, -0.7346194713301407164 ) ) ;
#2882 = CARTESIAN_POINT ( 'NONE',  ( 1.728900917347253152, 6.402768735150616918E-18, -0.6799757533355104133 ) ) ;
#2883 = CARTESIAN_POINT ( 'NONE',  ( 1.475927989599581602, 0.01574803149606299885, -0.4942318651796792639 ) ) ;
#2884 = CARTESIAN_POINT ( 'NONE',  ( 0.8981951121799053306, 0.01574803149606298844, -0.7209667968749999822 ) ) ;
#2885 = CARTESIAN_POINT ( 'NONE',  ( 1.767170879987526755, 2.134256245050205639E-18, -0.5331658911032798320 ) ) ;
#2886 = CARTESIAN_POINT ( 'NONE',  ( 1.113822422333190509, 0.01574803149606299191, -0.5857795907696653481 ) ) ;
#2887 = CARTESIAN_POINT ( 'NONE',  ( 1.815363405212180314, 0.000000000000000000, -0.5489212441863686731 ) ) ;
#2888 = CARTESIAN_POINT ( 'NONE',  ( 0.8870561645206488377, 2.134256245050205639E-18, -0.7343265376928468369 ) ) ;
#2889 = CARTESIAN_POINT ( 'NONE',  ( 1.074656226345996446, 0.000000000000000000, -0.6032118762582028282 ) ) ;
#2890 = CARTESIAN_POINT ( 'NONE',  ( 1.187103316266320263, -2.134256245050205639E-18, -0.5080936862799417808 ) ) ;
#2891 = CARTESIAN_POINT ( 'NONE',  ( 1.111814106504815935, 0.000000000000000000, -0.6783564305222392621 ) ) ;
#2892 = CARTESIAN_POINT ( 'NONE',  ( 1.657282237012028814, 0.01574803149606299538, -0.5963032614868163384 ) ) ;
#2893 = DIRECTION ( 'NONE',  ( 0.000000000000000000, 1.000000000000000000, 0.000000000000000000 ) ) ;
#2894 = CARTESIAN_POINT ( 'NONE',  ( 1.702075544601744372, 0.01574803149606299191, -0.5021292573646175539 ) ) ;
#2895 = ORIENTED_EDGE ( 'NONE', *, *, #269, .F. ) ;
#2896 = ORIENTED_EDGE ( 'NONE', *, *, #1338, .F. ) ;
#2897 = VECTOR ( 'NONE', #5444, 39.37007874015748143 ) ;
#2898 = VERTEX_POINT ( 'NONE', #1411 ) ;
#2899 = CARTESIAN_POINT ( 'NONE',  ( 1.712031122953206586, 0.000000000000000000, -0.7291730766818089737 ) ) ;
#2900 = CARTESIAN_POINT ( 'NONE',  ( 1.593652242189570911, 2.134256245050205639E-18, -0.7349146247617434069 ) ) ;
#2901 = CARTESIAN_POINT ( 'NONE',  ( 1.716094237139906609, 0.01574803149606299538, -0.4969587174134232899 ) ) ;
#2902 = VECTOR ( 'NONE', #361, 39.37007874015748143 ) ;
#2903 = CARTESIAN_POINT ( 'NONE',  ( 0.9660916658251496036, 0.01574803149606299538, -0.4940636039383386469 ) ) ;
#2904 =( LENGTH_UNIT ( ) NAMED_UNIT ( * ) SI_UNIT ( $, .METRE. ) );
#2905 = CARTESIAN_POINT ( 'NONE',  ( 1.493973960459992423, 0.01574803149606299538, -0.4894559208444422826 ) ) ;
#2906 = ORIENTED_EDGE ( 'NONE', *, *, #3146, .F. ) ;
#2907 = FACE_OUTER_BOUND ( 'NONE', #5340, .T. ) ;
#2908 = CARTESIAN_POINT ( 'NONE',  ( 1.429054487179905575, 0.000000000000000000, -0.6799999999999999378 ) ) ;
#2909 = FACE_OUTER_BOUND ( 'NONE', #470, .T. ) ;
#2910 = CARTESIAN_POINT ( 'NONE',  ( 2.105108418246065760, 0.000000000000000000, -0.7286887187873851701 ) ) ;
#2911 = CARTESIAN_POINT ( 'NONE',  ( 1.771241987179906108, 6.402768735150616918E-18, -0.6956250000000001599 ) ) ;
#2912 = CARTESIAN_POINT ( 'NONE',  ( 1.512166063596593224, 0.000000000000000000, -0.4933984099248497346 ) ) ;
#2913 = B_SPLINE_SURFACE_WITH_KNOTS ( 'NONE', 3, 1, ( 
 ( #3526, #2621 ),
 ( #3933, #434 ),
 ( #1755, #4822 ),
 ( #3028, #961 ),
 ( #2173, #3887 ),
 ( #78, #4412 ),
 ( #4794, #5141 ) ),
 .UNSPECIFIED., .F., .F., .F.,
 ( 4, 1, 1, 1, 4 ),
 ( 2, 2 ),
 ( 0.000000000000000000, 0.2401879885939054438, 0.4809643705118916701, 0.7309369913067209623, 1.000000000000000000 ),
 ( 0.000000000000000000, 1.000000000000000000 ),
 .UNSPECIFIED. ) ;
#2914 = LINE ( 'NONE', #5484, #1381 ) ;
#2915 = CARTESIAN_POINT ( 'NONE',  ( 0.9879449421880958093, 0.01574803149606299191, -0.4896042027281960474 ) ) ;
#2916 = CARTESIAN_POINT ( 'NONE',  ( 1.461404679769241488, -2.134256245050205639E-18, -0.7145777509405611960 ) ) ;
#2917 = CARTESIAN_POINT ( 'NONE',  ( 0.8717019066464760657, 0.01574803149606298844, -0.7393013101592029734 ) ) ;
#2918 = CARTESIAN_POINT ( 'NONE',  ( 0.8458848803077126943, 6.402768735150616918E-18, -0.7299017421335639577 ) ) ;
#2919 = CARTESIAN_POINT ( 'NONE',  ( 1.447660429977835950, 0.01574803149606298844, -0.7336199647703163240 ) ) ;
#2920 = CARTESIAN_POINT ( 'NONE',  ( 2.112943956533414713, 0.000000000000000000, -0.7116585904362078274 ) ) ;
#2921 = CARTESIAN_POINT ( 'NONE',  ( 1.922958188894854148, 0.01574803149606299538, -0.6550128883984571715 ) ) ;
#2922 = EDGE_CURVE ( 'NONE', #899, #5416, #987, .T. ) ;
#2923 = CARTESIAN_POINT ( 'NONE',  ( 1.239992746087522857, -2.134256245050205639E-18, -0.5078715846304679982 ) ) ;
#2924 = EDGE_CURVE ( 'NONE', #1737, #1944, #3557, .T. ) ;
#2925 = CARTESIAN_POINT ( 'NONE',  ( 1.985958081255676522, 0.000000000000000000, -0.7345421172199687598 ) ) ;
#2926 = ORIENTED_EDGE ( 'NONE', *, *, #106, .F. ) ;
#2927 = ORIENTED_EDGE ( 'NONE', *, *, #9, .T. ) ;
#2928 = CARTESIAN_POINT ( 'NONE',  ( 0.7546439343552930890, 0.01574803149606298844, -0.5023460579134045867 ) ) ;
#2929 = VERTEX_POINT ( 'NONE', #3076 ) ;
#2930 = CARTESIAN_POINT ( 'NONE',  ( 1.766896284054905619, 2.134256245050205639E-18, -0.7393750000000000044 ) ) ;
#2931 = CARTESIAN_POINT ( 'NONE',  ( 1.972365034054905486, 0.000000000000000000, -0.7317089843750000933 ) ) ;
#2932 = CARTESIAN_POINT ( 'NONE',  ( 1.006398639980607523, 0.01574803149606299191, -0.7265893274304040528 ) ) ;
#2933 = CARTESIAN_POINT ( 'NONE',  ( 1.107179487179905886, -2.134256245050205639E-18, -0.6598339843750001821 ) ) ;
#2934 = CARTESIAN_POINT ( 'NONE',  ( 1.478404088627531143, 0.01574803149606299538, -0.4930660046446770362 ) ) ;
#2935 = ORIENTED_EDGE ( 'NONE', *, *, #259, .F. ) ;
#2936 = EDGE_CURVE ( 'NONE', #2347, #727, #471, .T. ) ;
#2937 = CARTESIAN_POINT ( 'NONE',  ( 0.6948069703882184811, 0.01574803149606298844, -0.7128435119474521020 ) ) ;
#2938 = CARTESIAN_POINT ( 'NONE',  ( 1.804396425349244382, -2.134256245050205639E-18, -0.5411194729566484174 ) ) ;
#2939 = LINE ( 'NONE', #260, #2759 ) ;
#2940 = CARTESIAN_POINT ( 'NONE',  ( 2.108803341666530162, 0.000000000000000000, -0.7242062594868183822 ) ) ;
#2941 = CARTESIAN_POINT ( 'NONE',  ( 1.573311916296618040, 0.01574803149606299885, -0.4925703641521685938 ) ) ;
#2942 = CARTESIAN_POINT ( 'NONE',  ( 1.100490034054905752, 0.000000000000000000, -0.7317089843750000933 ) ) ;
#2943 = LINE ( 'NONE', #2098, #1824 ) ;
#2944 = CARTESIAN_POINT ( 'NONE',  ( 1.097832163975086095, -2.134256245050205639E-18, -0.7308371393224524226 ) ) ;
#2945 = CARTESIAN_POINT ( 'NONE',  ( 1.052239692446510944, 0.01574803149606299191, -0.6434199382235037401 ) ) ;
#2946 = CARTESIAN_POINT ( 'NONE',  ( 1.824487736825889606, 0.000000000000000000, -0.5593313761245476412 ) ) ;
#2947 = CARTESIAN_POINT ( 'NONE',  ( 0.8702165965549053528, 2.134256245050205639E-18, -0.7393750000000000044 ) ) ;
#2948 = CARTESIAN_POINT ( 'NONE',  ( 1.225846635246174987, 0.01574803149606299191, -0.4912065637766127035 ) ) ;
#2949 = CARTESIAN_POINT ( 'NONE',  ( 1.443618306362833170, 0.01574803149606298844, -0.7348318188605668100 ) ) ;
#2950 = CARTESIAN_POINT ( 'NONE',  ( 0.7665544871799053750, 0.01574803149606299191, -0.5189160156250000044 ) ) ;
#2951 = CARTESIAN_POINT ( 'NONE',  ( 1.107431421502358626, 0.000000000000000000, -0.6665005902013986239 ) ) ;
#2952 = CARTESIAN_POINT ( 'NONE',  ( 0.7248498183248278659, 0.01574803149606298844, -0.7392897378189623447 ) ) ;
#2953 = CARTESIAN_POINT ( 'NONE',  ( 1.785719756999780028, -2.134256245050205639E-18, -0.6944622703488225746 ) ) ;
#2954 = STYLED_ITEM ( 'NONE', ( #1425 ), #4058 ) ;
#2955 = ORIENTED_EDGE ( 'NONE', *, *, #1749, .T. ) ;
#2956 = CARTESIAN_POINT ( 'NONE',  ( 0.7587084062087602332, 0.01574803149606298844, -0.5076686854596073051 ) ) ;
#2957 = ORIENTED_EDGE ( 'NONE', *, *, #4512, .F. ) ;
#2958 = B_SPLINE_SURFACE_WITH_KNOTS ( 'NONE', 3, 1, ( 
 ( #539, #1757 ),
 ( #2253, #1782 ),
 ( #5226, #3987 ),
 ( #3477, #891 ),
 ( #2647, #5197 ),
 ( #3501, #1337 ),
 ( #483, #1365 ),
 ( #4796, #2724 ),
 ( #3149, #619 ),
 ( #4096, #155 ),
 ( #1866, #3231 ) ),
 .UNSPECIFIED., .F., .F., .F.,
 ( 4, 1, 1, 1, 1, 1, 1, 1, 4 ),
 ( 2, 2 ),
 ( 0.000000000000000000, 0.1223731541130507472, 0.2362811909163045343, 0.3470119684561828177, 0.4604108216925586472, 0.5797917582613334453, 0.7068249063641643959, 0.8448649611941178028, 0.9999999999999998890 ),
 ( 0.000000000000000000, 1.000000000000000000 ),
 .UNSPECIFIED. ) ;
#2959 = CARTESIAN_POINT ( 'NONE',  ( 1.375929487179905486, -2.134256245050205639E-18, -0.7068066406249999822 ) ) ;
#2960 = CARTESIAN_POINT ( 'NONE',  ( 1.783070922449353723, 0.01574803149606299191, -0.4896599532753784789 ) ) ;
#2961 = CARTESIAN_POINT ( 'NONE',  ( 0.9617045812454951825, 0.000000000000000000, -0.4979291817477100590 ) ) ;
#2962 = CARTESIAN_POINT ( 'NONE',  ( 1.828634840362408642, 0.01574803149606298497, -0.5661581393414653052 ) ) ;
#2963 = CARTESIAN_POINT ( 'NONE',  ( 1.496241987179905752, 0.01574803149606299538, -0.4893750000000001155 ) ) ;
#2964 = ORIENTED_EDGE ( 'NONE', *, *, #3019, .T. ) ;
#2965 = CARTESIAN_POINT ( 'NONE',  ( 1.211632787569097980, 0.000000000000000000, -0.7362273807603317843 ) ) ;
#2966 = LINE ( 'NONE', #3729, #1690 ) ;
#2967 = CARTESIAN_POINT ( 'NONE',  ( 1.835792828667160537, 8.537024980200822558E-18, -0.6421749967205810927 ) ) ;
#2968 = CARTESIAN_POINT ( 'NONE',  ( 0.9582180331331666689, -2.134256245050205639E-18, -0.5027135717260216019 ) ) ;
#2969 = CARTESIAN_POINT ( 'NONE',  ( 1.404298627804905442, 6.402768735150616918E-18, -0.4893750000000000044 ) ) ;
#2970 = CARTESIAN_POINT ( 'NONE',  ( 0.8478044871799053084, -0.3448278556033430586, -0.6550000000000000266 ) ) ;
#2971 = DIRECTION ( 'NONE',  ( 0.000000000000000000, 0.000000000000000000, 1.000000000000000000 ) ) ;
#2972 = CARTESIAN_POINT ( 'NONE',  ( 1.123855721102109406, 0.01574803149606299191, -0.5842720217304789854 ) ) ;
#2973 = CARTESIAN_POINT ( 'NONE',  ( 1.783763017981768284, 0.01574803149606299191, -0.7388958531079777847 ) ) ;
#2974 = DIRECTION ( 'NONE',  ( 0.000000000000000000, 0.000000000000000000, -1.000000000000000000 ) ) ;
#2975 = CARTESIAN_POINT ( 'NONE',  ( 1.145802534054905841, 0.01574803149606299191, -0.5831250000000000044 ) ) ;
#2976 = ORIENTED_EDGE ( 'NONE', *, *, #276, .F. ) ;
#2977 = CARTESIAN_POINT ( 'NONE',  ( 1.894595087979844994, 0.01574803149606299191, -0.6102068739182373580 ) ) ;
#2978 = CARTESIAN_POINT ( 'NONE',  ( 1.497759988432243006, -2.134256245050205639E-18, -0.4894122655946467337 ) ) ;
#2979 = DIRECTION ( 'NONE',  ( 1.000000000000000000, 0.000000000000000000, 0.000000000000000000 ) ) ;
#2980 = DIRECTION ( 'NONE',  ( -0.000000000000000000, 1.000000000000000000, -0.000000000000000000 ) ) ;
#2981 = ORIENTED_EDGE ( 'NONE', *, *, #2764, .T. ) ;
#2982 = CARTESIAN_POINT ( 'NONE',  ( 1.657225626144443797, 0.01574803149606300232, -0.5938408584043307625 ) ) ;
#2983 = ORIENTED_EDGE ( 'NONE', *, *, #986, .T. ) ;
#2984 = VERTEX_POINT ( 'NONE', #1283 ) ;
#2985 = CARTESIAN_POINT ( 'NONE',  ( 2.029786909054905220, 0.000000000000000000, -0.6925000000000000044 ) ) ;
#2986 = VECTOR ( 'NONE', #4546, 39.37007874015748143 ) ;
#2987 = ADVANCED_FACE ( 'NONE', ( #1224, #2907 ), #3353, .T. ) ;
#2988 = CARTESIAN_POINT ( 'NONE',  ( 0.9817295246001155329, 0.01574803149606299538, -0.4894666760164760877 ) ) ;
#2989 = CARTESIAN_POINT ( 'NONE',  ( 2.104999999999999982, 0.000000000000000000, -0.1250000000000000278 ) ) ;
#2990 = CARTESIAN_POINT ( 'NONE',  ( 1.137121359965232115, 2.134256245050205639E-18, -0.6912050257421651356 ) ) ;
#2991 = CARTESIAN_POINT ( 'NONE',  ( 1.143253355832106299, 0.01574803149606299191, -0.6919780664173926787 ) ) ;
#2992 = EDGE_CURVE ( 'NONE', #848, #5098, #3969, .T. ) ;
#2993 = VECTOR ( 'NONE', #3909, 39.37007874015748143 ) ;
#2994 = DIRECTION ( 'NONE',  ( 0.000000000000000000, 1.000000000000000000, 0.000000000000000000 ) ) ;
#2995 = DIRECTION ( 'NONE',  ( 0.000000000000000000, 0.000000000000000000, 1.000000000000000000 ) ) ;
#2996 = CARTESIAN_POINT ( 'NONE',  ( 0.9557921979920567246, -2.134256245050205639E-18, -0.5083359794443373936 ) ) ;
#2997 = CARTESIAN_POINT ( 'NONE',  ( 1.409415925713246587, 0.01574803149606299538, -0.4896533112033676916 ) ) ;
#2998 = VERTEX_POINT ( 'NONE', #5452 ) ;
#2999 = LINE ( 'NONE', #5485, #1775 ) ;
#3000 = CARTESIAN_POINT ( 'NONE',  ( 2.086769330929905131, 0.000000000000000000, -0.4893750000000000044 ) ) ;
#3001 = CARTESIAN_POINT ( 'NONE',  ( 1.185532124056223102, 0.000000000000000000, -0.5142886079259293419 ) ) ;
#3002 = CARTESIAN_POINT ( 'NONE',  ( 1.990698255460061405, 0.01574803149606299191, -0.6345417014236021114 ) ) ;
#3003 = B_SPLINE_CURVE_WITH_KNOTS ( 'NONE', 3,
 ( #2801, #2978, #1062, #4114, #1563, #4559, #5408, #1990, #5353, #663, #1482, #5004, #4702, #4532, #5383, #1532, #3194 ),
 .UNSPECIFIED., .F., .F.,
 ( 4, 1, 1, 1, 1, 1, 1, 1, 1, 1, 1, 1, 1, 1, 4 ),
 ( 0.000000000000000000, 0.07069536468307452415, 0.1363493445435630391, 0.1987594013957700301, 0.2588602169264461184, 0.3171901101198943418, 0.3731041825817999480, 0.4280200805415859677, 0.4827573213892193960, 0.5927463869171771815, 0.7055645666115499814, 0.7666872951880470133, 0.8368385738096285609, 0.9142487221832366062, 1.000000000000000000 ),
 .UNSPECIFIED. ) ;
#3004 = ORIENTED_EDGE ( 'NONE', *, *, #3219, .T. ) ;
#3005 = CARTESIAN_POINT ( 'NONE',  ( 2.022310854072205011, 2.134256245050205639E-18, -0.6924205760502365470 ) ) ;
#3006 = SURFACE_SIDE_STYLE ('',( #4772 ) ) ;
#3007 = AXIS2_PLACEMENT_3D ( 'NONE', #4215, #4248, #5541 ) ;
#3008 = CARTESIAN_POINT ( 'NONE',  ( 1.107179487179905886, -0.3448278556033430586, -0.6598339843749999600 ) ) ;
#3009 = ORIENTED_EDGE ( 'NONE', *, *, #5307, .F. ) ;
#3010 = CARTESIAN_POINT ( 'NONE',  ( 0.7230486278049053084, 0.01574803149606299191, -0.7393750000000000044 ) ) ;
#3011 = B_SPLINE_SURFACE_WITH_KNOTS ( 'NONE', 3, 1, ( 
 ( #4467, #1497 ),
 ( #594, #3212 ),
 ( #2312, #1953 ),
 ( #626, #5398 ),
 ( #4049, #3614 ),
 ( #1080, #3183 ),
 ( #2760, #4906 ),
 ( #680, #4128 ),
 ( #1047, #4491 ),
 ( #4938, #5283 ),
 ( #4521, #5514 ) ),
 .UNSPECIFIED., .F., .F., .F.,
 ( 4, 1, 1, 1, 1, 1, 1, 1, 4 ),
 ( 2, 2 ),
 ( 0.000000000000000000, 0.1359458605750245852, 0.2591076351429702496, 0.3755067662957188301, 0.4910744644399315795, 0.6077466682551784238, 0.7281929059737897170, 0.8582514089327529794, 1.000000000000000000 ),
 ( 0.000000000000000000, 1.000000000000000000 ),
 .UNSPECIFIED. ) ;
#3012 = EDGE_LOOP ( 'NONE', ( #5377, #1795, #5102, #223 ) ) ;
#3013 = CARTESIAN_POINT ( 'NONE',  ( 1.734216351434068271, 0.000000000000000000, -0.4923811934883015606 ) ) ;
#3014 = ORIENTED_EDGE ( 'NONE', *, *, #1613, .F. ) ;
#3015 = CARTESIAN_POINT ( 'NONE',  ( 1.386586445447966165, -2.134256245050205639E-18, -0.7303482480404905886 ) ) ;
#3016 = B_SPLINE_CURVE_WITH_KNOTS ( 'NONE', 3,
 ( #3580, #4902, #5394, #4874, #621, #5305, #235, #589, #3151, #5367, #1492, #1441, #3232, #1106 ),
 .UNSPECIFIED., .F., .F.,
 ( 4, 2, 2, 2, 2, 2, 4 ),
 ( 0.000000000000000000, 0.0001353848101125566306, 0.0002707696202251132613, 0.0004061544303376699461, 0.0005415392404502265226, 0.0008123088606753559385, 0.001083078480900485354 ),
 .UNSPECIFIED. ) ;
#3017 = CARTESIAN_POINT ( 'NONE',  ( 0.8702165965549053528, 2.134256245050205639E-18, -0.7393750000000000044 ) ) ;
#3018 = B_SPLINE_CURVE_WITH_KNOTS ( 'NONE', 3,
 ( #4784, #4738, #95, #1279, #1329, #1309, #4351, #499, #3437, #1798, #4759, #5159, #5243, #3409 ),
 .UNSPECIFIED., .F., .F.,
 ( 4, 2, 2, 2, 2, 2, 4 ),
 ( 0.000000000000000000, 0.0001566616082239542167, 0.0003133232164479084333, 0.0006266464328958282507, 0.0009399696493437480682, 0.001096631257567705483, 0.001253292865791663007 ),
 .UNSPECIFIED. ) ;
#3019 = EDGE_CURVE ( 'NONE', #1319, #1877, #728, .T. ) ;
#3020 = CARTESIAN_POINT ( 'NONE',  ( 0.9817295246001155329, 0.000000000000000000, -0.4894666760164760877 ) ) ;
#3021 = EDGE_CURVE ( 'NONE', #5005, #4598, #2458, .T. ) ;
#3022 = PLANE ( 'NONE',  #1205 ) ;
#3023 = CARTESIAN_POINT ( 'NONE',  ( 2.016798627804905486, -0.3448278556033430586, -0.7362499999999999600 ) ) ;
#3024 = CARTESIAN_POINT ( 'NONE',  ( 1.838429487179906063, 0.01574803149606298844, -0.6155957031250001155 ) ) ;
#3025 = CARTESIAN_POINT ( 'NONE',  ( 1.078731691666809045, 0.01574803149606299538, -0.7215291218473318668 ) ) ;
#3026 = EDGE_CURVE ( 'NONE', #2836, #4736, #3427, .T. ) ;
#3027 = CARTESIAN_POINT ( 'NONE',  ( 1.144923627804905752, 0.01574803149606299191, -0.7362499999999999600 ) ) ;
#3028 = CARTESIAN_POINT ( 'NONE',  ( 1.981069553361002100, 0.01574803149606299191, -0.6727046574171606785 ) ) ;
#3029 = CARTESIAN_POINT ( 'NONE',  ( 1.404298627804905442, 0.01574803149606299538, -0.4893750000000000044 ) ) ;
#3030 = CARTESIAN_POINT ( 'NONE',  ( 0.8988996368878231502, 0.01574803149606299191, -0.5053630912690274535 ) ) ;
#3031 = B_SPLINE_CURVE_WITH_KNOTS ( 'NONE', 3,
 ( #5092, #5033, #4971, #4998, #5466, #2437, #3341, #2405, #2861, #4616, #4107, #2078 ),
 .UNSPECIFIED., .F., .F.,
 ( 4, 2, 2, 2, 2, 4 ),
 ( 0.000000000000000000, 0.0002949114809252465354, 0.0005898229618504930707, 0.0008847344427757395519, 0.001032190183238362955, 0.001179645923700986141 ),
 .UNSPECIFIED. ) ;
#3032 = CARTESIAN_POINT ( 'NONE',  ( 1.680909955929905664, -2.134256245050205639E-18, -0.5122265624999999822 ) ) ;
#3033 = ORIENTED_EDGE ( 'NONE', *, *, #1937, .T. ) ;
#3034 = CARTESIAN_POINT ( 'NONE',  ( 1.378345129665667690, 2.134256245050205639E-18, -0.7205800435056687325 ) ) ;
#3035 = CARTESIAN_POINT ( 'NONE',  ( 1.979306421502357916, 2.134256245050205639E-18, -0.6665005902013986239 ) ) ;
#3036 = ADVANCED_FACE ( 'NONE', ( #5134 ), #1635, .F. ) ;
#3037 = ORIENTED_EDGE ( 'NONE', *, *, #5164, .T. ) ;
#3038 = CARTESIAN_POINT ( 'NONE',  ( 0.7303446003344069570, 0.01574803149606299191, -0.7385290023108121993 ) ) ;
#3039 = CARTESIAN_POINT ( 'NONE',  ( 0.6946794871799053528, 0.01574803149606299191, -0.5235546875000000044 ) ) ;
#3040 = CARTESIAN_POINT ( 'NONE',  ( 1.067456522804612673, 0.01574803149606299191, -0.7115525117263683530 ) ) ;
#3041 = ORIENTED_EDGE ( 'NONE', *, *, #4138, .T. ) ;
#3042 = EDGE_CURVE ( 'NONE', #5351, #2027, #3469, .T. ) ;
#3043 = VECTOR ( 'NONE', #4159, 39.37007874015748143 ) ;
#3044 = ORIENTED_EDGE ( 'NONE', *, *, #501, .T. ) ;
#3045 = VERTEX_POINT ( 'NONE', #1774 ) ;
#3046 = CARTESIAN_POINT ( 'NONE',  ( 1.667434077894469846, 0.01574803149606299191, -0.6880528977458029161 ) ) ;
#3047 = CARTESIAN_POINT ( 'NONE',  ( 0.8311052684299053972, 0.000000000000000000, -0.7079785156249999156 ) ) ;
#3048 = FACE_OUTER_BOUND ( 'NONE', #968, .T. ) ;
#3049 = CARTESIAN_POINT ( 'NONE',  ( 1.115870893429905752, 2.134256245050205639E-18, -0.6829296874999999378 ) ) ;
#3050 = CARTESIAN_POINT ( 'NONE',  ( 1.085337064746080049, 0.000000000000000000, -0.7256772953896107881 ) ) ;
#3051 = B_SPLINE_SURFACE_WITH_KNOTS ( 'NONE', 3, 1, ( 
 ( #5038, #224 ),
 ( #1184, #5437 ),
 ( #4501, #2056 ),
 ( #2894, #635 ),
 ( #3284, #2354 ),
 ( #719, #2800 ),
 ( #5496, #2832 ),
 ( #1940, #2442 ),
 ( #5382, #4558 ),
 ( #3193, #690 ),
 ( #306, #3221 ) ),
 .UNSPECIFIED., .F., .F., .F.,
 ( 4, 1, 1, 1, 1, 1, 1, 1, 4 ),
 ( 2, 2 ),
 ( 0.000000000000000000, 0.1292762757122593031, 0.2549421511798584672, 0.3773445022293860918, 0.4965462753555073827, 0.6164033901152238260, 0.7399491348754002606, 0.8678354194808639566, 1.000000000000000000 ),
 ( 0.000000000000000000, 1.000000000000000000 ),
 .UNSPECIFIED. ) ;
#3052 = CARTESIAN_POINT ( 'NONE',  ( 1.940932398142129811, 0.01574803149606298844, -0.6085854038213164285 ) ) ;
#3053 = CARTESIAN_POINT ( 'NONE',  ( 1.759346004351365123, 0.01574803149606298497, -0.6951898962295008921 ) ) ;
#3054 = FACE_OUTER_BOUND ( 'NONE', #4863, .T. ) ;
#3055 = FACE_OUTER_BOUND ( 'NONE', #1719, .T. ) ;
#3056 = ORIENTED_EDGE ( 'NONE', *, *, #3272, .F. ) ;
#3057 = PRESENTATION_STYLE_ASSIGNMENT (( #4730 ) ) ;
#3058 = ORIENTED_EDGE ( 'NONE', *, *, #2096, .F. ) ;
#3059 = DIRECTION ( 'NONE',  ( -0.000000000000000000, 0.000000000000000000, 1.000000000000000000 ) ) ;
#3060 = CARTESIAN_POINT ( 'NONE',  ( 1.761859233006684233, 0.01574803149606298844, -0.6223503111505126473 ) ) ;
#3061 = CARTESIAN_POINT ( 'NONE',  ( 1.695739057791677995, 0.000000000000000000, -0.7206459225298146309 ) ) ;
#3062 = ORIENTED_EDGE ( 'NONE', *, *, #5330, .T. ) ;
#3063 = ORIENTED_EDGE ( 'NONE', *, *, #2610, .F. ) ;
#3064 = SURFACE_SIDE_STYLE ('',( #2691 ) ) ;
#3065 = CARTESIAN_POINT ( 'NONE',  ( 0.6946794871799053528, 0.01574803149606298844, -0.5235546875000000044 ) ) ;
#3066 = CARTESIAN_POINT ( 'NONE',  ( 1.079120435182996385, 0.01574803149606299191, -0.5999818517838254595 ) ) ;
#3067 = CARTESIAN_POINT ( 'NONE',  ( 1.494777143429905530, 0.000000000000000000, -0.5737499999999999822 ) ) ;
#3068 = APPLICATION_PROTOCOL_DEFINITION ( 'draft international standard', 'automotive_design', 1998, #5329 ) ;
#3069 = CARTESIAN_POINT ( 'NONE',  ( 1.126579248247542742, 2.134256245050205639E-18, -0.6888589245931213689 ) ) ;
#3070 = LINE ( 'NONE', #478, #4785 ) ;
#3071 = VERTEX_POINT ( 'NONE', #500 ) ;
#3072 = CARTESIAN_POINT ( 'NONE',  ( 1.954389254960366307, 0.01574803149606298150, -0.7239944762739999318 ) ) ;
#3073 = CARTESIAN_POINT ( 'NONE',  ( 1.380016709648090201, 0.01574803149606299885, -0.7239282812414213897 ) ) ;
#3074 = CARTESIAN_POINT ( 'NONE',  ( 1.893936972218407400, 0.01574803149606299538, -0.6312767629044602202 ) ) ;
#3075 = VECTOR ( 'NONE', #1043, 39.37007874015748143 ) ;
#3076 = CARTESIAN_POINT ( 'NONE',  ( 1.100490034054905752, 0.01574803149606299538, -0.7317089843750000933 ) ) ;
#3077 = CARTESIAN_POINT ( 'NONE',  ( 1.658177123033379718, -2.134256245050205639E-18, -0.5356634234653790960 ) ) ;
#3078 = ORIENTED_EDGE ( 'NONE', *, *, #4370, .F. ) ;
#3079 = CARTESIAN_POINT ( 'NONE',  ( 2.022310854072205011, 0.01574803149606299191, -0.6924205760502365470 ) ) ;
#3080 = CARTESIAN_POINT ( 'NONE',  ( 1.588527143429905530, -0.3448278556033430586, -0.4893750000000000044 ) ) ;
#3081 = AXIS2_PLACEMENT_3D ( 'NONE', #4718, #3727, #5080 ) ;
#3082 = ORIENTED_EDGE ( 'NONE', *, *, #2936, .T. ) ;
#3083 = PLANE ( 'NONE',  #2175 ) ;
#3084 = SURFACE_STYLE_FILL_AREA ( #2262 ) ;
#3085 = LINE ( 'NONE', #4804, #4079 ) ;
#3086 = CARTESIAN_POINT ( 'NONE',  ( 1.673936597650692137, 0.000000000000000000, -0.6998280544597671460 ) ) ;
#3087 = ORIENTED_EDGE ( 'NONE', *, *, #5008, .T. ) ;
#3088 = ORIENTED_EDGE ( 'NONE', *, *, #2676, .F. ) ;
#3089 = ADVANCED_FACE ( 'NONE', ( #3048 ), #1406, .T. ) ;
#3090 = ADVANCED_FACE ( 'NONE', ( #3495 ), #5220, .F. ) ;
#3091 = ORIENTED_EDGE ( 'NONE', *, *, #1284, .T. ) ;
#3092 = ORIENTED_EDGE ( 'NONE', *, *, #197, .T. ) ;
#3093 = CARTESIAN_POINT ( 'NONE',  ( 1.924114692446510455, 2.134256245050205639E-18, -0.6434199382235037401 ) ) ;
#3094 = B_SPLINE_SURFACE_WITH_KNOTS ( 'NONE', 3, 1, ( 
 ( #2016, #5465 ),
 ( #1585, #3305 ),
 ( #3079, #3005 ),
 ( #463, #2178 ),
 ( #3453, #4826 ),
 ( #5254, #2649 ),
 ( #28, #1340 ),
 ( #3914, #870 ),
 ( #3423, #4771 ),
 ( #82, #513 ),
 ( #2154, #1709 ) ),
 .UNSPECIFIED., .F., .F., .F.,
 ( 4, 1, 1, 1, 1, 1, 1, 1, 4 ),
 ( 2, 2 ),
 ( 0.000000000000000000, 0.1754792381297263226, 0.3345846148778539586, 0.4789274341649247813, 0.6087383128911258989, 0.7240518572671961195, 0.8263378830610950132, 0.9177983261898521317, 1.000000000000000000 ),
 ( 0.000000000000000000, 1.000000000000000000 ),
 .UNSPECIFIED. ) ;
#3095 = CARTESIAN_POINT ( 'NONE',  ( 1.412013471554905530, -0.3448278556033430586, -0.7362499999999999600 ) ) ;
#3096 = CARTESIAN_POINT ( 'NONE',  ( 1.108507839841767151, 0.01574803149606299885, -0.6703168596798948498 ) ) ;
#3097 = CARTESIAN_POINT ( 'NONE',  ( 0.8549813327993925904, 2.134256245050205639E-18, -0.7363010216256794527 ) ) ;
#3098 = EDGE_CURVE ( 'NONE', #4267, #5106, #4767, .T. ) ;
#3099 = DIRECTION ( 'NONE',  ( 1.000000000000000000, 0.000000000000000000, 0.000000000000000000 ) ) ;
#3100 = CARTESIAN_POINT ( 'NONE',  ( 1.185304487179905886, -0.3448278556033430586, -0.6268749999999999600 ) ) ;
#3101 = CARTESIAN_POINT ( 'NONE',  ( 0.9008891810162703573, 2.134256245050205639E-18, -0.7072611830166861679 ) ) ;
#3102 = EDGE_CURVE ( 'NONE', #572, #547, #4787, .T. ) ;
#3103 = CARTESIAN_POINT ( 'NONE',  ( 1.679451743075582426, 0.01574803149606299191, -0.5130238392814815418 ) ) ;
#3104 = CARTESIAN_POINT ( 'NONE',  ( 1.820135691242227072, 0.01574803149606299191, -0.5538288753223686856 ) ) ;
#3105 = CARTESIAN_POINT ( 'NONE',  ( 1.375986807546271340, 2.134256245050205639E-18, -0.7106320226300181231 ) ) ;
#3106 = CARTESIAN_POINT ( 'NONE',  ( 1.972365034054905708, 0.000000000000000000, -0.7317089843750002043 ) ) ;
#3107 = LINE ( 'NONE', #4828, #4397 ) ;
#3108 = CARTESIAN_POINT ( 'NONE',  ( 1.753557752773087897, -2.134256245050205639E-18, -0.6236842304198113585 ) ) ;
#3109 = EDGE_LOOP ( 'NONE', ( #1422, #1, #2740, #853 ) ) ;
#3110 = ORIENTED_EDGE ( 'NONE', *, *, #5188, .T. ) ;
#3111 = ORIENTED_EDGE ( 'NONE', *, *, #5384, .T. ) ;
#3112 = CARTESIAN_POINT ( 'NONE',  ( 0.7310162531678500164, 0.01574803149606299191, -0.4895152184899916881 ) ) ;
#3113 = FACE_OUTER_BOUND ( 'NONE', #4386, .T. ) ;
#3114 = CARTESIAN_POINT ( 'NONE',  ( 1.155159734310539976, -2.134256245050205639E-18, -0.6269035143893506579 ) ) ;
#3115 = CARTESIAN_POINT ( 'NONE',  ( 0.8702165965549053528, 0.01574803149606299191, -0.7393750000000000044 ) ) ;
#3116 = VECTOR ( 'NONE', #5380, 39.37007874015748143 ) ;
#3117 = CARTESIAN_POINT ( 'NONE',  ( 0.000000000000000000, 0.000000000000000000, 0.000000000000000000 ) ) ;
#3118 = CARTESIAN_POINT ( 'NONE',  ( 1.144923627804905752, 0.000000000000000000, -0.7362499999999999600 ) ) ;
#3119 = CARTESIAN_POINT ( 'NONE',  ( 1.383044063519956790, 0.01574803149606299538, -0.4975010437442897171 ) ) ;
#3120 = PLANE ( 'NONE',  #4788 ) ;
#3121 = CARTESIAN_POINT ( 'NONE',  ( 1.952926659418518840, 0.01574803149606298844, -0.5984973928187045100 ) ) ;
#3122 = CARTESIAN_POINT ( 'NONE',  ( 1.433115318383023640, -2.134256245050205639E-18, -0.7361275896145631492 ) ) ;
#3123 = CARTESIAN_POINT ( 'NONE',  ( 1.241348367497592697, 0.01574803149606299191, -0.5143599453195993876 ) ) ;
#3124 = CARTESIAN_POINT ( 'NONE',  ( 1.894679487179905752, 6.402768735150616918E-18, -0.6143750000000000044 ) ) ;
#3125 = DIRECTION ( 'NONE',  ( 1.000000000000000000, 0.000000000000000000, 0.000000000000000000 ) ) ;
#3126 = CARTESIAN_POINT ( 'NONE',  ( 2.026117502922832880, 0.01574803149606299191, -0.6924610170432173861 ) ) ;
#3127 = ORIENTED_EDGE ( 'NONE', *, *, #3098, .F. ) ;
#3128 = FACE_OUTER_BOUND ( 'NONE', #5180, .T. ) ;
#3129 = CARTESIAN_POINT ( 'NONE',  ( 1.979134689743858200, 0.01574803149606298844, -0.6619562790863349200 ) ) ;
#3130 = B_SPLINE_CURVE_WITH_KNOTS ( 'NONE', 3,
 ( #812, #2802, #1533, #3842, #3252, #4978, #1711, #2079, #5552, #4533, #1680 ),
 .UNSPECIFIED., .F., .F.,
 ( 4, 1, 1, 1, 1, 1, 1, 1, 4 ),
 ( 0.000000000000000000, 0.1615399494669155500, 0.3053584822690652012, 0.4332607637433861791, 0.5478791969258786088, 0.6538167439720030671, 0.7577512807189702437, 0.8719633333694412070, 1.000000000000000000 ),
 .UNSPECIFIED. ) ;
#3131 = CARTESIAN_POINT ( 'NONE',  ( 1.742937513423403750, 0.01574803149606299538, -0.7378313643018082901 ) ) ;
#3132 = CARTESIAN_POINT ( 'NONE',  ( 1.776204898019480005, 0.01574803149606299191, -0.6955407502406587561 ) ) ;
#3133 = ORIENTED_EDGE ( 'NONE', *, *, #4166, .F. ) ;
#3134 = ORIENTED_EDGE ( 'NONE', *, *, #4939, .F. ) ;
#3135 = VERTEX_POINT ( 'NONE', #2641 ) ;
#3136 =( NAMED_UNIT ( * ) SI_UNIT ( $, .STERADIAN. ) SOLID_ANGLE_UNIT ( ) );
#3137 = ORIENTED_EDGE ( 'NONE', *, *, #2810, .F. ) ;
#3138 = FACE_OUTER_BOUND ( 'NONE', #191, .T. ) ;
#3139 = CARTESIAN_POINT ( 'NONE',  ( 0.7266619090549053528, 0.01574803149606298844, -0.4893750000000000044 ) ) ;
#3140 = CARTESIAN_POINT ( 'NONE',  ( 1.006420498838386912, 0.000000000000000000, -0.5022524685038082248 ) ) ;
#3141 = B_SPLINE_CURVE_WITH_KNOTS ( 'NONE', 3,
 ( #2596, #2522, #25, #804, #2172, #2122, #1204, #2148, #4252, #2915, #5569, #3418 ),
 .UNSPECIFIED., .F., .F.,
 ( 4, 2, 2, 2, 2, 4 ),
 ( 0.000000000000000000, 0.0002938580263844112347, 0.0005877160527688224693, 0.0008815740791532336498, 0.001028503092345439294, 0.001175432105537644939 ),
 .UNSPECIFIED. ) ;
#3142 = DIRECTION ( 'NONE',  ( 0.000000000000000000, -0.000000000000000000, 1.000000000000000000 ) ) ;
#3143 = CARTESIAN_POINT ( 'NONE',  ( 1.987799062737381162, -2.134256245050205639E-18, -0.6372473612529567788 ) ) ;
#3144 = CARTESIAN_POINT ( 'NONE',  ( 1.143422436579220269, 2.134256245050205639E-18, -0.6920102964326763084 ) ) ;
#3145 = CARTESIAN_POINT ( 'NONE',  ( 0.7266619090549053528, 0.01574803149606299191, -0.4893750000000000044 ) ) ;
#3146 = EDGE_CURVE ( 'NONE', #727, #4198, #96, .T. ) ;
#3147 = CARTESIAN_POINT ( 'NONE',  ( 1.931919030121990399, 0.01574803149606298844, -0.6209116725288940097 ) ) ;
#3148 = ADVANCED_FACE ( 'NONE', ( #1384 ), #4327, .F. ) ;
#3149 = CARTESIAN_POINT ( 'NONE',  ( 0.9007052954871305195, 0.01574803149606299191, -0.5131930965690219004 ) ) ;
#3150 = CARTESIAN_POINT ( 'NONE',  ( 1.832073469489249540, 6.402768735150616918E-18, -0.5024235809266067720 ) ) ;
#3151 = CARTESIAN_POINT ( 'NONE',  ( 1.768262406702022727, 0.01574803149606299191, -0.5846574509738040604 ) ) ;
#3152 = CARTESIAN_POINT ( 'NONE',  ( 1.457960737179905486, 0.000000000000000000, -0.5314648437500000266 ) ) ;
#3153 = ORIENTED_EDGE ( 'NONE', *, *, #5307, .T. ) ;
#3154 = VECTOR ( 'NONE', #4011, 39.37007874015748143 ) ;
#3155 = CARTESIAN_POINT ( 'NONE',  ( 0.7626869087248968615, -4.268512490100411279E-18, -0.5132015219545007501 ) ) ;
#3156 = CARTESIAN_POINT ( 'NONE',  ( 1.776334354212897537, 0.01574803149606298844, -0.6061951555971232253 ) ) ;
#3157 = CARTESIAN_POINT ( 'NONE',  ( 1.611192039233947160, 0.01574803149606299191, -0.7211664009154009625 ) ) ;
#3158 = CARTESIAN_POINT ( 'NONE',  ( 1.747791684523105182, 2.134256245050205639E-18, -0.5800446072327218872 ) ) ;
#3159 = ORIENTED_EDGE ( 'NONE', *, *, #2687, .F. ) ;
#3160 = AXIS2_PLACEMENT_3D ( 'NONE', #5427, #2825, #4551 ) ;
#3161 = CARTESIAN_POINT ( 'NONE',  ( 1.100490034054905752, -0.3448278556033430586, -0.7317089843750000933 ) ) ;
#3162 = CARTESIAN_POINT ( 'NONE',  ( 0.8550660800290225128, 0.01574803149606299191, -0.4975983446888450623 ) ) ;
#3163 = CARTESIAN_POINT ( 'NONE',  ( 1.212867181770630687, 0.01574803149606299191, -0.4894644094531210299 ) ) ;
#3164 = ORIENTED_EDGE ( 'NONE', *, *, #5139, .T. ) ;
#3165 = CARTESIAN_POINT ( 'NONE',  ( 0.7415110018061122910, 0.01574803149606298497, -0.4922309246819653872 ) ) ;
#3166 = DIRECTION ( 'NONE',  ( -0.000000000000000000, 0.000000000000000000, 1.000000000000000000 ) ) ;
#3167 = CARTESIAN_POINT ( 'NONE',  ( 1.671979584735631352, 2.134256245050205639E-18, -0.6200600494550865260 ) ) ;
#3168 = FACE_OUTER_BOUND ( 'NONE', #3941, .T. ) ;
#3169 = CARTESIAN_POINT ( 'NONE',  ( 1.118735854456255119, 2.134256245050205639E-18, -0.6853627314024504091 ) ) ;
#3170 = CARTESIAN_POINT ( 'NONE',  ( 1.056211293975100052, 0.000000000000000000, -0.6920564396778251526 ) ) ;
#3171 = EDGE_CURVE ( 'NONE', #1349, #3490, #1701, .T. ) ;
#3172 = B_SPLINE_SURFACE_WITH_KNOTS ( 'NONE', 3, 1, ( 
 ( #1448, #4471 ),
 ( #3265, #289 ),
 ( #2847, #2317 ),
 ( #5020, #4986 ),
 ( #2459, #4422 ),
 ( #3756, #5315 ),
 ( #1876, #5047 ),
 ( #3999, #3292 ),
 ( #141, #1132 ),
 ( #729, #5453 ),
 ( #2036, #4054 ),
 ( #1164, #2878 ),
 ( #703, #4600 ),
 ( #2710, #546 ),
 ( #2004, #3323 ) ),
 .UNSPECIFIED., .F., .F., .F.,
 ( 4, 1, 1, 1, 1, 1, 1, 1, 1, 1, 1, 1, 4 ),
 ( 2, 2 ),
 ( 0.000000000000000000, 0.1174015895797311526, 0.2200200149628016300, 0.3090989580098876255, 0.3851055460046563517, 0.4526885015523732791, 0.5158688681660508202, 0.5762142002903342108, 0.6371455783483166435, 0.7067072651947415851, 0.7900877326000482759, 0.8874825861711249653, 1.000000000000000000 ),
 ( 0.000000000000000000, 1.000000000000000000 ),
 .UNSPECIFIED. ) ;
#3173 = EDGE_CURVE ( 'NONE', #601, #869, #2171, .T. ) ;
#3174 = CARTESIAN_POINT ( 'NONE',  ( 1.991676729226425469, 0.01574803149606299191, -0.6343080054560629177 ) ) ;
#3175 = CARTESIAN_POINT ( 'NONE',  ( 1.238370542610794933, 0.000000000000000000, -0.7215162773531212936 ) ) ;
#3176 = LINE ( 'NONE', #1974, #2220 ) ;
#3177 = CARTESIAN_POINT ( 'NONE',  ( 1.868526479374532645, 0.01574803149606299191, -0.5313588354496490140 ) ) ;
#3178 = CARTESIAN_POINT ( 'NONE',  ( 1.107729071308323876, 0.01574803149606299885, -0.7335280143350603188 ) ) ;
#3179 = CARTESIAN_POINT ( 'NONE',  ( 1.934973356008049539, 0.01574803149606298844, -0.7053616767970830592 ) ) ;
#3180 = CARTESIAN_POINT ( 'NONE',  ( 1.659002355286515629, 2.134256245050205639E-18, -0.5325534197047187002 ) ) ;
#3181 = CARTESIAN_POINT ( 'NONE',  ( 1.993756214075133260, 0.01574803149606298497, -0.6870469066062081520 ) ) ;
#3182 = ORIENTED_EDGE ( 'NONE', *, *, #5330, .F. ) ;
#3183 = CARTESIAN_POINT ( 'NONE',  ( 0.9616892447190834581, -2.134256245050205639E-18, -0.7309173442086571715 ) ) ;
#3184 = CARTESIAN_POINT ( 'NONE',  ( 0.7500023183947310823, -4.268512490100411279E-18, -0.4977831352683730892 ) ) ;
#3185 = ORIENTED_EDGE ( 'NONE', *, *, #4036, .T. ) ;
#3186 = CARTESIAN_POINT ( 'NONE',  ( 1.676804996875719045, 0.01574803149606299191, -0.6542057912973630041 ) ) ;
#3187 = CARTESIAN_POINT ( 'NONE',  ( 1.612264134385513747, 2.134256245050205639E-18, -0.7180788956478462159 ) ) ;
#3188 = VERTEX_POINT ( 'NONE', #458 ) ;
#3189 = CARTESIAN_POINT ( 'NONE',  ( 1.766896284054905619, 0.01574803149606299191, -0.7393750000000000044 ) ) ;
#3190 = DIRECTION ( 'NONE',  ( -1.000000000000000000, 0.000000000000000000, 0.000000000000000000 ) ) ;
#3191 = DIRECTION ( 'NONE',  ( 0.000000000000000000, 1.000000000000000000, 0.000000000000000000 ) ) ;
#3192 = ORIENTED_EDGE ( 'NONE', *, *, #4786, .F. ) ;
#3193 = CARTESIAN_POINT ( 'NONE',  ( 1.765314851565303433, 0.01574803149606299191, -0.4894335053759544807 ) ) ;
#3194 = CARTESIAN_POINT ( 'NONE',  ( 1.531593549679905575, 0.000000000000000000, -0.5353710937500000266 ) ) ;
#3195 = EDGE_CURVE ( 'NONE', #5145, #1994, #1333, .T. ) ;
#3196 = CARTESIAN_POINT ( 'NONE',  ( 1.657179487179905708, 0.000000000000000000, -0.5913769531250000488 ) ) ;
#3197 = CARTESIAN_POINT ( 'NONE',  ( 1.726238521565019113, 0.01574803149606298844, -0.6767059529690766517 ) ) ;
#3198 = ORIENTED_EDGE ( 'NONE', *, *, #3171, .T. ) ;
#3199 = CARTESIAN_POINT ( 'NONE',  ( 2.071062458904916248, 0.01574803149606298497, -0.4928331375930904423 ) ) ;
#3200 = CARTESIAN_POINT ( 'NONE',  ( 1.530777743841502447, 0.01574803149606299885, -0.7214765193347362215 ) ) ;
#3201 = CARTESIAN_POINT ( 'NONE',  ( 1.375929487179905486, 0.01574803149606299538, -0.5195996093750000488 ) ) ;
#3202 = CARTESIAN_POINT ( 'NONE',  ( 2.001571731730191317, 6.402768735150616918E-18, -0.6300410242652461079 ) ) ;
#3203 = VERTEX_POINT ( 'NONE', #3417 ) ;
#3204 = VECTOR ( 'NONE', #1509, 39.37007874015748143 ) ;
#3205 = CARTESIAN_POINT ( 'NONE',  ( 0.7208586851107868787, 4.268512490100411279E-18, -0.7392746610202701740 ) ) ;
#3206 = CARTESIAN_POINT ( 'NONE',  ( 1.838429487179905841, -2.134256245050205639E-18, -0.6155957031250000044 ) ) ;
#3207 = CARTESIAN_POINT ( 'NONE',  ( 1.010304487179905841, 0.01574803149606299191, -0.7072949218750000933 ) ) ;
#3208 = CARTESIAN_POINT ( 'NONE',  ( 1.712640991687294667, 0.01574803149606299191, -0.6583854196145152438 ) ) ;
#3209 = CARTESIAN_POINT ( 'NONE',  ( 2.111867746087522590, -2.134256245050205639E-18, -0.5078715846304679982 ) ) ;
#3210 = CARTESIAN_POINT ( 'NONE',  ( 1.504885159408923423, 0.01574803149606299885, -0.4903065445313095627 ) ) ;
#3211 = EDGE_LOOP ( 'NONE', ( #4985, #3746, #2157, #2456 ) ) ;
#3212 = CARTESIAN_POINT ( 'NONE',  ( 0.9817290272152714437, -2.134256245050205639E-18, -0.7392844530789838275 ) ) ;
#3213 = ORIENTED_EDGE ( 'NONE', *, *, #4751, .T. ) ;
#3214 = CARTESIAN_POINT ( 'NONE',  ( 0.6946794871799053528, 0.000000000000000000, -0.5235546875000000044 ) ) ;
#3215 = CARTESIAN_POINT ( 'NONE',  ( 1.233233418246066027, 1.067128122525102820E-17, -0.7286887187873851701 ) ) ;
#3216 = CARTESIAN_POINT ( 'NONE',  ( 1.010304487179906063, 0.01574803149606299191, -0.5216015625000001155 ) ) ;
#3217 = ADVANCED_FACE ( 'NONE', ( #24 ), #3459, .F. ) ;
#3218 = CARTESIAN_POINT ( 'NONE',  ( 1.588527143429905530, 0.000000000000000000, -0.4893750000000000044 ) ) ;
#3219 = EDGE_CURVE ( 'NONE', #4267, #3594, #2575, .T. ) ;
#3220 = DIRECTION ( 'NONE',  ( 0.000000000000000000, 1.000000000000000000, 0.000000000000000000 ) ) ;
#3221 = CARTESIAN_POINT ( 'NONE',  ( 1.769386518429905797, 2.134256245050205639E-18, -0.4893750000000000044 ) ) ;
#3222 = SURFACE_SIDE_STYLE ('',( #1266 ) ) ;
#3223 = CARTESIAN_POINT ( 'NONE',  ( 0.7478044871799054416, 4.268512490100411279E-18, -0.7087109375000000266 ) ) ;
#3224 = CARTESIAN_POINT ( 'NONE',  ( 1.734653056199449761, 0.01574803149606299885, -0.6852004216637115341 ) ) ;
#3225 = CARTESIAN_POINT ( 'NONE',  ( 1.699237136485957089, 2.134256245050205639E-18, -0.6503816025927658950 ) ) ;
#3226 = DIRECTION ( 'NONE',  ( -1.000000000000000000, 0.000000000000000000, 0.000000000000000000 ) ) ;
#3227 = CARTESIAN_POINT ( 'NONE',  ( 1.392167759854682441, 2.134256245050205639E-18, -0.4911824671211253435 ) ) ;
#3228 = CARTESIAN_POINT ( 'NONE',  ( 2.021782668011069983, 0.01574803149606299191, -0.6269579293438025669 ) ) ;
#3229 = ORIENTED_EDGE ( 'NONE', *, *, #1099, .T. ) ;
#3230 = UNCERTAINTY_MEASURE_WITH_UNIT (LENGTH_MEASURE( 1.000000000000000082E-05 ), #4375, 'distance_accuracy_value', 'NONE');
#3231 = CARTESIAN_POINT ( 'NONE',  ( 0.9009294871799053972, 0.000000000000000000, -0.5198437500000000488 ) ) ;
#3232 = CARTESIAN_POINT ( 'NONE',  ( 1.749078336704058989, 0.01574803149606299191, -0.5800692298366753041 ) ) ;
#3233 = CARTESIAN_POINT ( 'NONE',  ( 1.711315045923947453, 0.01574803149606299191, -0.6569372771949997247 ) ) ;
#3234 = CARTESIAN_POINT ( 'NONE',  ( 2.086769330929905131, 0.000000000000000000, -0.4893750000000000044 ) ) ;
#3235 = CARTESIAN_POINT ( 'NONE',  ( 1.515237353580049406, 0.000000000000000000, -0.4955375751385837080 ) ) ;
#3236 = ORIENTED_EDGE ( 'NONE', *, *, #1684, .T. ) ;
#3237 = CARTESIAN_POINT ( 'NONE',  ( 0.8995797985643696482, 0.01574803149606299191, -0.7169725059948139911 ) ) ;
#3238 = ORIENTED_EDGE ( 'NONE', *, *, #1564, .T. ) ;
#3239 = PLANE ( 'NONE',  #3160 ) ;
#3240 = CARTESIAN_POINT ( 'NONE',  ( 1.219187328429527151, 0.01574803149606299538, -0.7352390000847036644 ) ) ;
#3241 = CARTESIAN_POINT ( 'NONE',  ( 1.115870893429905752, 0.01574803149606298844, -0.6829296874999999378 ) ) ;
#3242 = VECTOR ( 'NONE', #1166, 39.37007874015748143 ) ;
#3243 = ADVANCED_FACE ( 'NONE', ( #5568 ), #5434, .F. ) ;
#3244 = EDGE_CURVE ( 'NONE', #484, #1851, #1218, .T. ) ;
#3245 = DIRECTION ( 'NONE',  ( 0.000000000000000000, 0.000000000000000000, 1.000000000000000000 ) ) ;
#3246 = VECTOR ( 'NONE', #1750, 39.37007874015748143 ) ;
#3247 = FACE_OUTER_BOUND ( 'NONE', #1361, .T. ) ;
#3248 = CARTESIAN_POINT ( 'NONE',  ( 2.017677534054905575, 0.000000000000000000, -0.5831250000000000044 ) ) ;
#3249 = CARTESIAN_POINT ( 'NONE',  ( 1.464261349065736573, 6.402768735150616918E-18, -0.7043165516219213051 ) ) ;
#3250 = CARTESIAN_POINT ( 'NONE',  ( 1.696437299679905752, -2.134256245050205639E-18, -0.6237500000000000266 ) ) ;
#3251 = ADVANCED_FACE ( 'NONE', ( #4434 ), #2282, .F. ) ;
#3252 = CARTESIAN_POINT ( 'NONE',  ( 1.763777133497301586, -2.134256245050205639E-18, -0.5825476701987745143 ) ) ;
#3253 = EDGE_CURVE ( 'NONE', #789, #1793, #3602, .T. ) ;
#3254 = CLOSED_SHELL ( 'NONE', ( #4519, #409, #4280, #3090, #3441, #5361, #3872, #4031, #36, #1596, #2987, #1772, #5160, #1598, #262, #1144, #4603, #1016 ) ) ;
#3255 = CARTESIAN_POINT ( 'NONE',  ( 1.602922912838602887, 2.134256245050205639E-18, -0.4935646415454433833 ) ) ;
#3256 = EDGE_LOOP ( 'NONE', ( #3014, #3893, #2681, #3565 ) ) ;
#3257 = CARTESIAN_POINT ( 'NONE',  ( 1.494777143429905530, -0.3448278556033430586, -0.5737499999999999822 ) ) ;
#3258 = CARTESIAN_POINT ( 'NONE',  ( 1.560304487179905664, 0.01574803149606299191, -0.6799999999999999378 ) ) ;
#3259 =( GEOMETRIC_REPRESENTATION_CONTEXT ( 3 ) GLOBAL_UNCERTAINTY_ASSIGNED_CONTEXT ( ( #2846 ) ) GLOBAL_UNIT_ASSIGNED_CONTEXT ( ( #871, #1785, #5147 ) ) REPRESENTATION_CONTEXT ( 'NONE', 'WORKASPACE' ) );
#3260 = CARTESIAN_POINT ( 'NONE',  ( 1.708839128380422290, 0.01574803149606299538, -0.4994737195347851988 ) ) ;
#3261 = EDGE_CURVE ( 'NONE', #1573, #4303, #1360, .T. ) ;
#3262 = CARTESIAN_POINT ( 'NONE',  ( 2.014297921151178894, 6.402768735150616918E-18, -0.6276072213740757633 ) ) ;
#3263 = CARTESIAN_POINT ( 'NONE',  ( 1.979054487179905397, 0.000000000000000000, -0.6598339843749999600 ) ) ;
#3264 = ORIENTED_EDGE ( 'NONE', *, *, #1173, .F. ) ;
#3265 = CARTESIAN_POINT ( 'NONE',  ( 1.563345906875897251, 0.01574803149606298844, -0.7362254443784330693 ) ) ;
#3266 = CARTESIAN_POINT ( 'NONE',  ( 0.7166972805375858568, 0.01574803149606299191, -0.7390839934332873451 ) ) ;
#3267 = CARTESIAN_POINT ( 'NONE',  ( 1.979054487179905397, 0.01574803149606299191, -0.6598339843749999600 ) ) ;
#3268 = CARTESIAN_POINT ( 'NONE',  ( 1.703033763706363724, 0.01574803149606299191, -0.6517703498125940742 ) ) ;
#3269 = CARTESIAN_POINT ( 'NONE',  ( 1.493602273622299359, 0.01574803149606299191, -0.4894691822458667185 ) ) ;
#3270 = CARTESIAN_POINT ( 'NONE',  ( 1.508745516350300298, 0.01574803149606299885, -0.4915347143449858014 ) ) ;
#3271 = CARTESIAN_POINT ( 'NONE',  ( 1.664662274991622892, 2.134256245050205639E-18, -0.6701247915765811136 ) ) ;
#3272 = EDGE_CURVE ( 'NONE', #2347, #2998, #2247, .T. ) ;
#3273 = CARTESIAN_POINT ( 'NONE',  ( 1.050929487179905752, 0.01574803149606299191, -0.6608593750000000266 ) ) ;
#3274 = B_SPLINE_SURFACE_WITH_KNOTS ( 'NONE', 3, 1, ( 
 ( #1072, #2391 ),
 ( #4513, #4119 ),
 ( #4984, #2843 ),
 ( #286, #5014 ),
 ( #5563, #4240 ),
 ( #3821, #2961 ),
 ( #2903, #4177 ),
 ( #1249, #2140 ),
 ( #3380, #398 ),
 ( #2988, #3020 ),
 ( #1632, #1190 ) ),
 .UNSPECIFIED., .F., .F., .F.,
 ( 4, 1, 1, 1, 1, 1, 1, 1, 4 ),
 ( 2, 2 ),
 ( 0.000000000000000000, 0.1424398776969912905, 0.2712812560000503193, 0.3923796910592005638, 0.5088161684751046909, 0.6247939480670415824, 0.7414158700954426306, 0.8643288066307963646, 1.000000000000000000 ),
 ( 0.000000000000000000, 1.000000000000000000 ),
 .UNSPECIFIED. ) ;
#3275 = CARTESIAN_POINT ( 'NONE',  ( 0.7289193246192244846, -4.268512490100411279E-18, -0.4894478294210971026 ) ) ;
#3276 = CARTESIAN_POINT ( 'NONE',  ( 1.729386125728682888, 0.01574803149606298844, -0.5399654275059696529 ) ) ;
#3277 = CARTESIAN_POINT ( 'NONE',  ( 1.157911909054905708, -0.1645399120536400472, -0.6925000000000000044 ) ) ;
#3278 = CARTESIAN_POINT ( 'NONE',  ( 1.426857221554905575, 6.402768735150616918E-18, -0.7362499999999999600 ) ) ;
#3279 = LINE ( 'NONE', #1180, #2902 ) ;
#3280 = CARTESIAN_POINT ( 'NONE',  ( 0.6946794871799053528, 0.01574803149606299191, -0.7089062499999998490 ) ) ;
#3281 = CARTESIAN_POINT ( 'NONE',  ( 1.657179487179905708, 0.01574803149606299191, -0.5469433593750000488 ) ) ;
#3282 = B_SPLINE_CURVE_WITH_KNOTS ( 'NONE', 3,
 ( #810, #2528, #2077, #5123, #3367, #3803, #1298, #414, #4704, #5519, #4319, #4257 ),
 .UNSPECIFIED., .F., .F.,
 ( 4, 2, 2, 2, 2, 4 ),
 ( 0.000000000000000000, 0.0002860695872849474677, 0.0005721391745698949354, 0.0007151739682123687235, 0.0008582087618548424031, 0.001144278349139789871 ),
 .UNSPECIFIED. ) ;
#3283 = CARTESIAN_POINT ( 'NONE',  ( 0.6985316199744912025, -2.134256245050205639E-18, -0.7266548157250078965 ) ) ;
#3284 = CARTESIAN_POINT ( 'NONE',  ( 1.712658128297170013, 0.01574803149606299191, -0.4981184784900473117 ) ) ;
#3285 = CARTESIAN_POINT ( 'NONE',  ( 1.456182082736453776, 0.01574803149606298844, -0.7269627238124476420 ) ) ;
#3286 = CARTESIAN_POINT ( 'NONE',  ( 1.694613477266188939, -2.134256245050205639E-18, -0.6237233461077282826 ) ) ;
#3287 = ORIENTED_EDGE ( 'NONE', *, *, #2577, .T. ) ;
#3288 = CARTESIAN_POINT ( 'NONE',  ( 1.096765819098437511, 0.01574803149606299191, -0.7304873526597879252 ) ) ;
#3289 = CARTESIAN_POINT ( 'NONE',  ( 1.696437299679905752, -0.3448278556033430586, -0.6237500000000000266 ) ) ;
#3290 = LINE ( 'NONE', #231, #2055 ) ;
#3291 = ORIENTED_EDGE ( 'NONE', *, *, #4273, .F. ) ;
#3292 = CARTESIAN_POINT ( 'NONE',  ( 1.535891689266108084, 6.402768735150616918E-18, -0.7290154587386727947 ) ) ;
#3293 = CARTESIAN_POINT ( 'NONE',  ( 2.111867746087522590, 0.01574803149606299191, -0.5078715846304679982 ) ) ;
#3294 = LINE ( 'NONE', #3827, #519 ) ;
#3295 = DIRECTION ( 'NONE',  ( 0.000000000000000000, 1.000000000000000000, 0.000000000000000000 ) ) ;
#3296 = CARTESIAN_POINT ( 'NONE',  ( 1.459320493410277919, 0.01574803149606299885, -0.5264063955757704028 ) ) ;
#3297 = CARTESIAN_POINT ( 'NONE',  ( 1.560304487179905664, -0.1645399120536400472, -0.5196484375000000044 ) ) ;
#3298 = CARTESIAN_POINT ( 'NONE',  ( 1.769923627804905752, 0.000000000000000000, -0.5331249999999999600 ) ) ;
#3299 = VECTOR ( 'NONE', #5081, 39.37007874015748143 ) ;
#3300 = CARTESIAN_POINT ( 'NONE',  ( 1.054059603288675318, 0.01574803149606299191, -0.6353857216656665363 ) ) ;
#3301 = CARTESIAN_POINT ( 'NONE',  ( 1.766896284054905619, 0.01574803149606299191, -0.7393750000000000044 ) ) ;
#3302 = CARTESIAN_POINT ( 'NONE',  ( 0.8937347775914286085, 2.134256245050205639E-18, -0.7284242665971171204 ) ) ;
#3303 = CARTESIAN_POINT ( 'NONE',  ( 1.006398639980607523, -2.134256245050205639E-18, -0.7265893274304040528 ) ) ;
#3304 = EDGE_CURVE ( 'NONE', #2400, #4810, #1140, .T. ) ;
#3305 = CARTESIAN_POINT ( 'NONE',  ( 2.027214892973301819, 2.134256245050205639E-18, -0.6924726754716854504 ) ) ;
#3306 = CARTESIAN_POINT ( 'NONE',  ( 1.107179487179905886, 0.000000000000000000, -0.6598339843749999600 ) ) ;
#3307 = CARTESIAN_POINT ( 'NONE',  ( 1.778631139808374284, -2.134256245050205639E-18, -0.6954999401474570853 ) ) ;
#3308 = B_SPLINE_SURFACE_WITH_KNOTS ( 'NONE', 3, 1, ( 
 ( #2087, #3819 ),
 ( #1247, #5104 ),
 ( #2960, #4239 ),
 ( #1440, #4016 ),
 ( #3988, #4441 ),
 ( #105, #3640 ),
 ( #588, #3150 ),
 ( #1809, #1466 ),
 ( #1923, #4901 ),
 ( #3606, #4931 ),
 ( #3177, #1012 ),
 ( #562, #5280 ),
 ( #989, #1413 ),
 ( #5337, #2306 ),
 ( #5366, #156 ),
 ( #1040, #2755 ),
 ( #209, #1491 ),
 ( #182, #965 ),
 ( #4487, #3124 ) ),
 .UNSPECIFIED., .F., .F., .F.,
 ( 4, 1, 1, 1, 1, 1, 1, 1, 1, 1, 1, 1, 1, 1, 1, 1, 4 ),
 ( 2, 2 ),
 ( 0.000000000000000000, 0.06939722258969714674, 0.1358146130938058249, 0.1999374310785876074, 0.2624119349190583983, 0.3231370129599319685, 0.3822617588893446605, 0.4403934758608926692, 0.4985087807155207940, 0.5566045901593710266, 0.6150207315980802392, 0.6743829798034521872, 0.7356213399213481496, 0.7984768865626264978, 0.8629404959799606978, 0.9301147940872457331, 1.000000000000000000 ),
 ( 0.000000000000000000, 1.000000000000000000 ),
 .UNSPECIFIED. ) ;
#3309 = CARTESIAN_POINT ( 'NONE',  ( 0.8981951121799053306, -0.3448278556033430586, -0.7209667968749999822 ) ) ;
#3310 = B_SPLINE_CURVE_WITH_KNOTS ( 'NONE', 3,
 ( #3301, #2495, #2973, #1232, #1647, #5462, #2431, #5030, #5142, #3335, #1582, #323, #2045, #5055, #3364, #2622, #3074, #2174, #3550, #962 ),
 .UNSPECIFIED., .F., .F.,
 ( 4, 2, 2, 2, 2, 2, 2, 2, 2, 4 ),
 ( 0.000000000000000000, 0.0006373879777948523572, 0.001274775955589704714, 0.001912163933384557072, 0.002549551911179409429, 0.003186939888974261569, 0.003824327866769114143, 0.004461715844563967151, 0.004780409833461396474, 0.005099103822358825797 ),
 .UNSPECIFIED. ) ;
#3311 = CARTESIAN_POINT ( 'NONE',  ( 2.113429487179905308, 0.01574803149606299191, -0.5214062499999999600 ) ) ;
#3312 = ORIENTED_EDGE ( 'NONE', *, *, #2227, .F. ) ;
#3313 = CARTESIAN_POINT ( 'NONE',  ( 2.080408026208834471, 0.01574803149606299191, -0.4896555717446321454 ) ) ;
#3314 = VERTEX_POINT ( 'NONE', #3145 ) ;
#3315 = ORIENTED_EDGE ( 'NONE', *, *, #1009, .F. ) ;
#3316 = CARTESIAN_POINT ( 'NONE',  ( 1.051015707292850765, 0.01574803149606300232, -0.6647579067389627339 ) ) ;
#3317 = CARTESIAN_POINT ( 'NONE',  ( 1.601160577162274778, 0.01574803149606299191, -0.7323754775960540364 ) ) ;
#3318 = CARTESIAN_POINT ( 'NONE',  ( 0.9894561831163073418, 4.268512490100411279E-18, -0.7390757100430840332 ) ) ;
#3319 = CARTESIAN_POINT ( 'NONE',  ( 1.108425589604966177, 0.01574803149606299191, -0.6491831046553113715 ) ) ;
#3320 = DIRECTION ( 'NONE',  ( 1.000000000000000000, 0.000000000000000000, 0.000000000000000000 ) ) ;
#3321 = CARTESIAN_POINT ( 'NONE',  ( 1.474107282438539279, 1.707404996040164512E-17, -0.4961317259515357625 ) ) ;
#3322 = CARTESIAN_POINT ( 'NONE',  ( 1.713966596554905575, 2.134256245050205639E-18, -0.6598339843749999600 ) ) ;
#3323 = CARTESIAN_POINT ( 'NONE',  ( 1.524806440304905530, 6.402768735150616918E-18, -0.7020214843750001155 ) ) ;
#3324 = CARTESIAN_POINT ( 'NONE',  ( 0.6962886798552460066, 4.268512490100411279E-18, -0.7213397502294378594 ) ) ;
#3325 = ADVANCED_FACE ( 'NONE', ( #1835 ), #3120, .F. ) ;
#3326 = PLANE ( 'NONE',  #2860 ) ;
#3327 = CARTESIAN_POINT ( 'NONE',  ( 1.693409955929906063, 0.01574803149606299191, -0.6500195312500001155 ) ) ;
#3328 = CARTESIAN_POINT ( 'NONE',  ( 1.756973919283858043, 0.01574803149606299538, -0.6946510964328902471 ) ) ;
#3329 = EDGE_CURVE ( 'NONE', #1398, #5236, #1386, .T. ) ;
#3330 = CARTESIAN_POINT ( 'NONE',  ( 0.8975919255271859187, 0.01574803149606298844, -0.7222966303625634188 ) ) ;
#3331 = CARTESIAN_POINT ( 'NONE',  ( 1.745971109681790256, 2.134256245050205639E-18, -0.5353052020652324661 ) ) ;
#3332 = EDGE_CURVE ( 'NONE', #1660, #3812, #3548, .T. ) ;
#3333 = DIRECTION ( 'NONE',  ( 0.000000000000000000, 0.000000000000000000, -1.000000000000000000 ) ) ;
#3334 = CARTESIAN_POINT ( 'NONE',  ( 1.141991381153823593, 0.01574803149606299191, -0.5831681608761835056 ) ) ;
#3335 = CARTESIAN_POINT ( 'NONE',  ( 1.866032016491783629, 0.01574803149606298150, -0.7008290166964390444 ) ) ;
#3336 = CARTESIAN_POINT ( 'NONE',  ( 1.185304487179905886, 0.01574803149606299191, -0.5209667968750000266 ) ) ;
#3337 = CARTESIAN_POINT ( 'NONE',  ( 1.104550237444370753, 0.000000000000000000, -0.5880286626417446927 ) ) ;
#3338 = CARTESIAN_POINT ( 'NONE',  ( 0.8351230133880261919, 6.402768735150616918E-18, -0.7143722516419394042 ) ) ;
#3339 = CARTESIAN_POINT ( 'NONE',  ( 1.433115318383023640, 0.01574803149606298844, -0.7361275896145631492 ) ) ;
#3340 = CARTESIAN_POINT ( 'NONE',  ( 1.771479433454256291, 0.01574803149606299885, -0.6161270533016096618 ) ) ;
#3341 = CARTESIAN_POINT ( 'NONE',  ( 2.101873903396393573, 0.01574803149606299191, -0.4934075758929422628 ) ) ;
#3342 = CARTESIAN_POINT ( 'NONE',  ( 1.658534274809410292, 0.01574803149606299191, -0.6035473070764043602 ) ) ;
#3343 = ORIENTED_EDGE ( 'NONE', *, *, #1567, .F. ) ;
#3344 = ORIENTED_EDGE ( 'NONE', *, *, #438, .F. ) ;
#3345 = PRESENTATION_LAYER_ASSIGNMENT (  '', '', ( #202 ) ) ;
#3346 = ORIENTED_EDGE ( 'NONE', *, *, #1338, .T. ) ;
#3347 = CARTESIAN_POINT ( 'NONE',  ( 1.093052994720189020, 0.01574803149606299191, -0.7292379968848153871 ) ) ;
#3348 = CARTESIAN_POINT ( 'NONE',  ( 1.597086981731441702, 0.01574803149606298844, -0.7339520767866700712 ) ) ;
#3349 = CARTESIAN_POINT ( 'NONE',  ( 1.010240318423201833, 0.01574803149606299191, -0.7097608649968422112 ) ) ;
#3350 = VECTOR ( 'NONE', #2554, 39.37007874015748143 ) ;
#3351 = CARTESIAN_POINT ( 'NONE',  ( 1.838352204335592655, 0.01574803149606299191, -0.6104956902385373363 ) ) ;
#3352 = VECTOR ( 'NONE', #802, 39.37007874015748143 ) ;
#3353 = PLANE ( 'NONE',  #3081 ) ;
#3354 = CARTESIAN_POINT ( 'NONE',  ( 2.109560893904240508, 2.134256245050205639E-18, -0.5022764856182352355 ) ) ;
#3355 = FACE_OUTER_BOUND ( 'NONE', #2637, .T. ) ;
#3356 = ADVANCED_FACE ( 'NONE', ( #4849 ), #354, .F. ) ;
#3357 = CARTESIAN_POINT ( 'NONE',  ( 1.852314904582269328, 0.01574803149606299191, -0.7135240400532313343 ) ) ;
#3358 = CARTESIAN_POINT ( 'NONE',  ( 1.542791287405409717, 2.134256245050205639E-18, -0.7332006196461090530 ) ) ;
#3359 = CARTESIAN_POINT ( 'NONE',  ( 1.804140903690426567, 0.01574803149606299191, -0.5408631282125955231 ) ) ;
#3360 = EDGE_CURVE ( 'NONE', #171, #1877, #204, .T. ) ;
#3361 = CARTESIAN_POINT ( 'NONE',  ( 1.428821296707037725, 0.01574803149606299538, -0.5129039883238329933 ) ) ;
#3362 = CARTESIAN_POINT ( 'NONE',  ( 1.666365687984099342, 2.134256245050205639E-18, -0.6656937951576626933 ) ) ;
#3363 = CARTESIAN_POINT ( 'NONE',  ( 1.081051659418518884, 6.402768735150616918E-18, -0.5984973928187043990 ) ) ;
#3364 = CARTESIAN_POINT ( 'NONE',  ( 1.891495793439045503, 0.01574803149606299538, -0.6479770133485879269 ) ) ;
#3365 = CARTESIAN_POINT ( 'NONE',  ( 1.216824410802786138, -2.134256245050205639E-18, -0.4894783444736948708 ) ) ;
#3366 = CARTESIAN_POINT ( 'NONE',  ( 1.453839067587300748, 0.01574803149606298844, -0.7296764973674428889 ) ) ;
#3367 = CARTESIAN_POINT ( 'NONE',  ( 1.665311621221931659, 0.01574803149606298497, -0.5226322303467676456 ) ) ;
#3368 = CARTESIAN_POINT ( 'NONE',  ( 2.094430632894472399, 0.000000000000000000, -0.7344148740484145454 ) ) ;
#3369 = CARTESIAN_POINT ( 'NONE',  ( 0.7283223191602938851, 0.01574803149606298844, -0.7391253615402667565 ) ) ;
#3370 = CARTESIAN_POINT ( 'NONE',  ( 1.925259009701003610, 0.01574803149606299885, -0.6376904458516642338 ) ) ;
#3371 = CARTESIAN_POINT ( 'NONE',  ( 1.010202259914001699, 0.01574803149606299538, -0.7112234166155695370 ) ) ;
#3372 = DIRECTION ( 'NONE',  ( -0.9808598768512358790, 0.000000000000000000, -0.1947149249117245962 ) ) ;
#3373 = ORIENTED_EDGE ( 'NONE', *, *, #3102, .T. ) ;
#3374 = ORIENTED_EDGE ( 'NONE', *, *, #1091, .T. ) ;
#3375 = CARTESIAN_POINT ( 'NONE',  ( 1.051367296593745948, 0.01574803149606299191, -0.6491817847985575929 ) ) ;
#3376 = CARTESIAN_POINT ( 'NONE',  ( 1.964515483710597588, 2.134256245050205639E-18, -0.7291341438346857773 ) ) ;
#3377 = CARTESIAN_POINT ( 'NONE',  ( 1.391183730908384097, -2.134256245050205639E-18, -0.7327621706631577414 ) ) ;
#3378 = EDGE_CURVE ( 'NONE', #2790, #1426, #219, .T. ) ;
#3379 = CARTESIAN_POINT ( 'NONE',  ( 1.684320169671541967, 0.01574803149606298844, -0.5104323789201573591 ) ) ;
#3380 = CARTESIAN_POINT ( 'NONE',  ( 0.9774285247949268118, 0.01574803149606299538, -0.4896414070140062136 ) ) ;
#3381 = VERTEX_POINT ( 'NONE', #2639 ) ;
#3382 = CARTESIAN_POINT ( 'NONE',  ( 1.139596318687717158, 0.01574803149606299191, -0.6915586638542083886 ) ) ;
#3383 = CARTESIAN_POINT ( 'NONE',  ( 2.113358348082477800, 0.01574803149606299191, -0.5189743242880153762 ) ) ;
#3384 = CARTESIAN_POINT ( 'NONE',  ( 1.852314904582269328, 0.000000000000000000, -0.7135240400532313343 ) ) ;
#3385 = CARTESIAN_POINT ( 'NONE',  ( 1.838429487179906063, 8.537024980200822558E-18, -0.6155957031250001155 ) ) ;
#3386 = CARTESIAN_POINT ( 'NONE',  ( 1.713966596554906019, 0.01574803149606299538, -0.6598339843750001821 ) ) ;
#3387 = CARTESIAN_POINT ( 'NONE',  ( 1.059288929458669370, 0.000000000000000000, -0.6989466174180837266 ) ) ;
#3388 = DIRECTION ( 'NONE',  ( -0.000000000000000000, 1.000000000000000000, -0.000000000000000000 ) ) ;
#3389 = CARTESIAN_POINT ( 'NONE',  ( 1.069057398142129633, 0.01574803149606299191, -0.6085854038213160955 ) ) ;
#3390 = CARTESIAN_POINT ( 'NONE',  ( 1.212719781241064609, 0.01574803149606299191, -0.4894709107017727323 ) ) ;
#3391 = LINE ( 'NONE', #385, #841 ) ;
#3392 = CARTESIAN_POINT ( 'NONE',  ( 1.088120555432553038, 0.000000000000000000, -0.5942874467830964180 ) ) ;
#3393 = CARTESIAN_POINT ( 'NONE',  ( 1.769386518429905797, 0.01574803149606299191, -0.4893750000000000044 ) ) ;
#3394 = FILL_AREA_STYLE_COLOUR ( '', #1006 ) ;
#3395 = CARTESIAN_POINT ( 'NONE',  ( 1.776564252804905708, 0.01574803149606299191, -0.6016308593750000488 ) ) ;
#3396 = CARTESIAN_POINT ( 'NONE',  ( 0.7477206009100992867, 4.268512490100411279E-18, -0.7110595137107713626 ) ) ;
#3397 = ORIENTED_EDGE ( 'NONE', *, *, #1274, .T. ) ;
#3398 = CARTESIAN_POINT ( 'NONE',  ( 0.8702165965549053528, 2.134256245050205639E-18, -0.7393750000000000044 ) ) ;
#3399 = CARTESIAN_POINT ( 'NONE',  ( 1.207521284054905886, 0.01574803149606299191, -0.7362499999999999600 ) ) ;
#3400 = EDGE_CURVE ( 'NONE', #4598, #1215, #5311, .T. ) ;
#3401 = CARTESIAN_POINT ( 'NONE',  ( 2.016798627804905486, 0.000000000000000000, -0.7362499999999999600 ) ) ;
#3402 = VECTOR ( 'NONE', #332, 39.37007874015748143 ) ;
#3403 = ORIENTED_EDGE ( 'NONE', *, *, #343, .F. ) ;
#3404 = VECTOR ( 'NONE', #1574, 39.37007874015748143 ) ;
#3405 = ORIENTED_EDGE ( 'NONE', *, *, #1024, .F. ) ;
#3406 = ADVANCED_FACE ( 'NONE', ( #122, #5218 ), #4914, .T. ) ;
#3407 = CARTESIAN_POINT ( 'NONE',  ( 0.7289193246192244846, 0.01574803149606298844, -0.4894478294210971026 ) ) ;
#3408 = ORIENTED_EDGE ( 'NONE', *, *, #1243, .F. ) ;
#3409 = CARTESIAN_POINT ( 'NONE',  ( 0.9540544871799059301, 0.01574803149606299191, -0.5216015625000000044 ) ) ;
#3410 = CARTESIAN_POINT ( 'NONE',  ( 1.110199592300106897, -2.134256245050205639E-18, -0.6446385603825365296 ) ) ;
#3411 = B_SPLINE_CURVE_WITH_KNOTS ( 'NONE', 3,
 ( #3855, #4693, #430, #2941, #5482, #2463, #4185, #381, #1257, #829 ),
 .UNSPECIFIED., .F., .F.,
 ( 4, 2, 2, 2, 4 ),
 ( 0.000000000000000000, 0.0002958248762858442125, 0.0005916497525716884250, 0.0008874746288575326375, 0.001183299505143376850 ),
 .UNSPECIFIED. ) ;
#3412 = CARTESIAN_POINT ( 'NONE',  ( 1.115870893429905752, 2.134256245050205639E-18, -0.6829296874999999378 ) ) ;
#3413 = CARTESIAN_POINT ( 'NONE',  ( 1.771241987179906108, 2.134256245050205639E-18, -0.6956250000000001599 ) ) ;
#3414 = CARTESIAN_POINT ( 'NONE',  ( 0.8759294871799053750, 0.000000000000000000, -0.4893750000000000044 ) ) ;
#3415 = LINE ( 'NONE', #4741, #1452 ) ;
#3416 = CARTESIAN_POINT ( 'NONE',  ( 0.9713539534111289564, -2.134256245050205639E-18, -0.4912763834839860011 ) ) ;
#3417 = CARTESIAN_POINT ( 'NONE',  ( 1.745460737179905575, 0.01574803149606299191, -0.5799999999999999600 ) ) ;
#3418 = CARTESIAN_POINT ( 'NONE',  ( 0.9839861278049059079, 0.01574803149606299885, -0.4893750000000001155 ) ) ;
#3419 = CARTESIAN_POINT ( 'NONE',  ( 1.185304487179905886, 0.01574803149606299191, -0.5209667968750000266 ) ) ;
#3420 = CARTESIAN_POINT ( 'NONE',  ( 0.8975919255271859187, 2.134256245050205639E-18, -0.7222966303625634188 ) ) ;
#3421 = CARTESIAN_POINT ( 'NONE',  ( 0.8702165965549053528, 2.134256245050205639E-18, -0.7393750000000000044 ) ) ;
#3422 = ORIENTED_EDGE ( 'NONE', *, *, #1336, .F. ) ;
#3423 = CARTESIAN_POINT ( 'NONE',  ( 1.990610854456254408, 0.01574803149606299191, -0.6853627314024504091 ) ) ;
#3424 = CARTESIAN_POINT ( 'NONE',  ( 1.769923627804905752, 0.01574803149606299191, -0.5331249999999999600 ) ) ;
#3425 = CARTESIAN_POINT ( 'NONE',  ( 1.426857221554905575, -2.134256245050205639E-18, -0.7362499999999999600 ) ) ;
#3426 = ORIENTED_EDGE ( 'NONE', *, *, #1297, .T. ) ;
#3427 = B_SPLINE_CURVE_WITH_KNOTS ( 'NONE', 3,
 ( #3322, #1193, #375, #764, #4148, #2486, #288, #2090, #4211, #859, #348, #2066, #3825, #3789, #3413 ),
 .UNSPECIFIED., .F., .F.,
 ( 4, 1, 1, 1, 1, 1, 1, 1, 1, 1, 1, 1, 4 ),
 ( 0.000000000000000000, 0.1075212931455933191, 0.2018531455207841496, 0.2834991629665748469, 0.3522698592065470757, 0.4159778075812734510, 0.4825984022751547697, 0.5530617777884793140, 0.6284494531993556343, 0.7089724738938529836, 0.7972121718589568751, 0.8941376139955272695, 1.000000000000000000 ),
 .UNSPECIFIED. ) ;
#3428 = DIRECTION ( 'NONE',  ( 0.000000000000000000, 0.000000000000000000, 1.000000000000000000 ) ) ;
#3429 = CARTESIAN_POINT ( 'NONE',  ( 1.241348367497592697, -2.134256245050205639E-18, -0.5143599453195993876 ) ) ;
#3430 = EDGE_CURVE ( 'NONE', #548, #848, #3850, .T. ) ;
#3431 = EDGE_CURVE ( 'NONE', #3490, #2343, #3279, .T. ) ;
#3432 = CARTESIAN_POINT ( 'NONE',  ( 1.702075544601744372, 0.000000000000000000, -0.5021292573646175539 ) ) ;
#3433 = ORIENTED_EDGE ( 'NONE', *, *, #3519, .T. ) ;
#3434 = ORIENTED_EDGE ( 'NONE', *, *, #1297, .F. ) ;
#3435 = EDGE_CURVE ( 'NONE', #4210, #37, #3031, .T. ) ;
#3436 = EDGE_CURVE ( 'NONE', #1595, #2835, #4502, .T. ) ;
#3437 = CARTESIAN_POINT ( 'NONE',  ( 0.9569016606838897099, 0.01574803149606299191, -0.5052532212236265918 ) ) ;
#3438 = VECTOR ( 'NONE', #4731, 39.37007874015748143 ) ;
#3439 = CARTESIAN_POINT ( 'NONE',  ( 1.124403443486030385, -2.134256245050205639E-18, -0.6319324330598170558 ) ) ;
#3440 = DIRECTION ( 'NONE',  ( 1.000000000000000000, 0.000000000000000000, 0.000000000000000000 ) ) ;
#3441 = ADVANCED_FACE ( 'NONE', ( #4161 ), #4229, .F. ) ;
#3442 = VECTOR ( 'NONE', #2873, 39.37007874015748143 ) ;
#3443 = CARTESIAN_POINT ( 'NONE',  ( 0.7536870397862329707, 0.01574803149606298497, -0.5012550875497422398 ) ) ;
#3444 = CARTESIAN_POINT ( 'NONE',  ( 1.838282755252247602, 0.01574803149606298844, -0.6248297380482389363 ) ) ;
#3445 = CARTESIAN_POINT ( 'NONE',  ( 0.9617045812454951825, -2.134256245050205639E-18, -0.4979291817477100590 ) ) ;
#3446 = CARTESIAN_POINT ( 'NONE',  ( 1.422321296183318928, 0.01574803149606299538, -0.4970202175162799496 ) ) ;
#3447 = CARTESIAN_POINT ( 'NONE',  ( 1.072807442151357815, -2.134256245050205639E-18, -0.7167076236229926733 ) ) ;
#3448 = AXIS2_PLACEMENT_3D ( 'NONE', #2970, #4695, #383 ) ;
#3449 = CARTESIAN_POINT ( 'NONE',  ( 1.695347850284714797, 2.134256245050205639E-18, -0.6501399421424436387 ) ) ;
#3450 = CARTESIAN_POINT ( 'NONE',  ( 1.443618306362833170, -2.134256245050205639E-18, -0.7348318188605668100 ) ) ;
#3451 = CARTESIAN_POINT ( 'NONE',  ( 1.657621228432649918, 0.01574803149606299191, -0.5390989695264859494 ) ) ;
#3452 = EDGE_LOOP ( 'NONE', ( #3133, #3033, #3037, #4146 ) ) ;
#3453 = CARTESIAN_POINT ( 'NONE',  ( 2.008996359965232514, 0.01574803149606299191, -0.6912050257421653576 ) ) ;
#3454 = CARTESIAN_POINT ( 'NONE',  ( 1.404298627804905442, 0.000000000000000000, -0.4893750000000000044 ) ) ;
#3455 = EDGE_CURVE ( 'NONE', #1124, #2361, #2213, .T. ) ;
#3456 = CARTESIAN_POINT ( 'NONE',  ( 1.560304487179905664, 0.000000000000000000, -0.6799999999999999378 ) ) ;
#3457 = ORIENTED_EDGE ( 'NONE', *, *, #5107, .F. ) ;
#3458 = DIRECTION ( 'NONE',  ( -0.000000000000000000, 0.000000000000000000, -1.000000000000000000 ) ) ;
#3459 = B_SPLINE_SURFACE_WITH_KNOTS ( 'NONE', 3, 1, ( 
 ( #2594, #2969 ),
 ( #5138, #4694 ),
 ( #2997, #431 ),
 ( #3930, #800 ),
 ( #1727, #1641 ),
 ( #3446, #830 ),
 ( #1290, #4281 ),
 ( #4333, #2546 ),
 ( #3361, #4723 ),
 ( #5166, #405 ),
 ( #382, #863 ) ),
 .UNSPECIFIED., .F., .F., .F.,
 ( 4, 1, 1, 1, 1, 1, 1, 1, 4 ),
 ( 2, 2 ),
 ( 0.000000000000000000, 0.1178289174662618122, 0.2298717041193024391, 0.3399627030475842471, 0.4535632596048721488, 0.5726946505010789279, 0.7001359251603210820, 0.8414316731342473821, 1.000000000000000000 ),
 ( 0.000000000000000000, 1.000000000000000000 ),
 .UNSPECIFIED. ) ;
#3460 = CARTESIAN_POINT ( 'NONE',  ( 0.6973874607563310679, 0.01574803149606300232, -0.5058587024771672436 ) ) ;
#3461 = CARTESIAN_POINT ( 'NONE',  ( 2.003270906212587743, 0.01574803149606299191, -0.7359727928301215139 ) ) ;
#3462 = ORIENTED_EDGE ( 'NONE', *, *, #1009, .T. ) ;
#3463 = ORIENTED_EDGE ( 'NONE', *, *, #3747, .T. ) ;
#3464 = CARTESIAN_POINT ( 'NONE',  ( 0.7393959099419196157, 0.01574803149606298844, -0.4912410258914117200 ) ) ;
#3465 = EDGE_LOOP ( 'NONE', ( #3968, #5172, #4979, #4236 ) ) ;
#3466 = ORIENTED_EDGE ( 'NONE', *, *, #1771, .F. ) ;
#3467 = CARTESIAN_POINT ( 'NONE',  ( 1.744851633659001866, 0.01574803149606299538, -0.7380657452053666079 ) ) ;
#3468 = CARTESIAN_POINT ( 'NONE',  ( 1.185304487179905886, -0.3448278556033430586, -0.5831250000000000044 ) ) ;
#3469 = LINE ( 'NONE', #2196, #2542 ) ;
#3470 = CARTESIAN_POINT ( 'NONE',  ( 1.763777133497301586, 2.134256245050205639E-18, -0.5825476701987745143 ) ) ;
#3471 = CARTESIAN_POINT ( 'NONE',  ( 1.109194553361001923, 2.134256245050205639E-18, -0.6727046574171605675 ) ) ;
#3472 = ORIENTED_EDGE ( 'NONE', *, *, #2676, .T. ) ;
#3473 = CARTESIAN_POINT ( 'NONE',  ( 1.100490034054905752, 0.01574803149606298844, -0.7317089843750000933 ) ) ;
#3474 = CARTESIAN_POINT ( 'NONE',  ( 1.390194730140335233, 0.01574803149606299885, -0.7325198158787697977 ) ) ;
#3475 = CARTESIAN_POINT ( 'NONE',  ( 1.771241987179905664, 0.01574803149606299191, -0.6956250000000000488 ) ) ;
#3476 = CARTESIAN_POINT ( 'NONE',  ( 1.380532941183346241, 0.01574803149606298844, -0.5006615550048481023 ) ) ;
#3477 = CARTESIAN_POINT ( 'NONE',  ( 0.8862177752544848630, 0.01574803149606299191, -0.4911911030535148215 ) ) ;
#3478 = ORIENTED_EDGE ( 'NONE', *, *, #5036, .T. ) ;
#3479 = LINE ( 'NONE', #1733, #5208 ) ;
#3480 = LENGTH_MEASURE_WITH_UNIT ( LENGTH_MEASURE( 0.02539999999999999897 ), #4750 );
#3481 = ORIENTED_EDGE ( 'NONE', *, *, #4909, .T. ) ;
#3482 = CARTESIAN_POINT ( 'NONE',  ( 1.427106307592845624, 0.01574803149606300232, -0.5051746176630930174 ) ) ;
#3483 = CARTESIAN_POINT ( 'NONE',  ( 1.979213700007948162, 0.01574803149606298844, -0.6640786623018040125 ) ) ;
#3484 = CARTESIAN_POINT ( 'NONE',  ( 1.731848186306505610, 0.01574803149606299538, -0.7357802255022201088 ) ) ;
#3485 = B_SPLINE_CURVE_WITH_KNOTS ( 'NONE', 3,
 ( #3017, #3849, #882, #2592, #5219, #3097, #3953, #3903, #927, #4330, #3520, #4715, #3047 ),
 .UNSPECIFIED., .F., .F.,
 ( 4, 1, 1, 1, 1, 1, 1, 1, 1, 1, 4 ),
 ( 0.000000000000000000, 0.07535272531117850892, 0.1457101459564908996, 0.2120494024962112922, 0.2759698615500869590, 0.3943682188678130363, 0.5031898768367717434, 0.6106090348338225615, 0.7233993654665143991, 0.8507550168245121558, 1.000000000000000000 ),
 .UNSPECIFIED. ) ;
#3486 = ORIENTED_EDGE ( 'NONE', *, *, #1622, .F. ) ;
#3487 = VECTOR ( 'NONE', #427, 39.37007874015748143 ) ;
#3488 = ORIENTED_EDGE ( 'NONE', *, *, #2924, .T. ) ;
#3489 = CARTESIAN_POINT ( 'NONE',  ( 1.186412948109319743, 0.01574803149606299191, -0.5107771994596181919 ) ) ;
#3490 = VERTEX_POINT ( 'NONE', #1392 ) ;
#3491 = CARTESIAN_POINT ( 'NONE',  ( 1.987745893429905486, 2.134256245050205639E-18, -0.6829296875000001599 ) ) ;
#3492 = CARTESIAN_POINT ( 'NONE',  ( 1.107338700007948429, 0.01574803149606299885, -0.6640786623018035684 ) ) ;
#3493 = VECTOR ( 'NONE', #2307, 39.37007874015748143 ) ;
#3494 = CARTESIAN_POINT ( 'NONE',  ( 1.713966596554906019, 0.01574803149606299191, -0.6598339843750001821 ) ) ;
#3495 = FACE_OUTER_BOUND ( 'NONE', #1185, .T. ) ;
#3496 = CARTESIAN_POINT ( 'NONE',  ( 1.111814106504815935, 2.134256245050205639E-18, -0.6783564305222392621 ) ) ;
#3497 = CARTESIAN_POINT ( 'NONE',  ( 1.923952231759450626, 0.01574803149606299191, -0.6763085150584859928 ) ) ;
#3498 = CARTESIAN_POINT ( 'NONE',  ( 1.936062937789623462, 0.01574803149606298844, -0.6144818557087909916 ) ) ;
#3499 = CARTESIAN_POINT ( 'NONE',  ( 1.747786338912947768, 0.01574803149606298844, -0.6925156057341554927 ) ) ;
#3500 = CARTESIAN_POINT ( 'NONE',  ( 1.429038886757755478, -2.134256245050205639E-18, -0.7362073259274009018 ) ) ;
#3501 = CARTESIAN_POINT ( 'NONE',  ( 0.8942947290157428064, 0.01574803149606299191, -0.4972820757421343441 ) ) ;
#3502 = EDGE_CURVE ( 'NONE', #4263, #136, #2339, .T. ) ;
#3503 = VERTEX_POINT ( 'NONE', #1044 ) ;
#3504 = CARTESIAN_POINT ( 'NONE',  ( 1.376142604005369696, 0.000000000000000000, -0.5132146990251265084 ) ) ;
#3505 = EDGE_CURVE ( 'NONE', #4120, #107, #109, .T. ) ;
#3506 = ORIENTED_EDGE ( 'NONE', *, *, #2782, .T. ) ;
#3507 = CARTESIAN_POINT ( 'NONE',  ( 1.660173081455114552, 0.01574803149606299885, -0.6082264514793050969 ) ) ;
#3508 = DIRECTION ( 'NONE',  ( -1.000000000000000000, 0.000000000000000000, 0.000000000000000000 ) ) ;
#3509 = CARTESIAN_POINT ( 'NONE',  ( 0.8981951121799053306, 0.01574803149606299191, -0.7209667968749999822 ) ) ;
#3510 = CARTESIAN_POINT ( 'NONE',  ( 1.762758600844492651, 0.000000000000000000, -0.7392921514118790949 ) ) ;
#3511 = ORIENTED_EDGE ( 'NONE', *, *, #5460, .T. ) ;
#3512 = EDGE_CURVE ( 'NONE', #743, #3135, #2651, .T. ) ;
#3513 = ORIENTED_EDGE ( 'NONE', *, *, #750, .T. ) ;
#3514 = B_SPLINE_CURVE_WITH_KNOTS ( 'NONE', 3,
 ( #980, #4868, #2697, #4429, #1005, #3199, #5324, #3661, #5387, #2718, #2328, #2279, #2300, #1832 ),
 .UNSPECIFIED., .F., .F.,
 ( 4, 2, 2, 2, 2, 2, 4 ),
 ( 0.000000000000000000, 0.0001531088750305628719, 0.0003062177500611257437, 0.0006124355001222704610, 0.0009186532501834152866, 0.001071762125213987591, 0.001224871000244560004 ),
 .UNSPECIFIED. ) ;
#3515 = DIRECTION ( 'NONE',  ( -1.000000000000000000, 0.000000000000000000, 0.000000000000000000 ) ) ;
#3516 = ORIENTED_EDGE ( 'NONE', *, *, #1437, .F. ) ;
#3517 = CARTESIAN_POINT ( 'NONE',  ( 1.457960737179905486, 0.01574803149606299191, -0.5314648437500000266 ) ) ;
#3518 = CARTESIAN_POINT ( 'NONE',  ( 1.010241499067669357, 0.01574803149606299191, -0.5191350500798622702 ) ) ;
#3519 = EDGE_CURVE ( 'NONE', #4005, #185, #3107, .T. ) ;
#3520 = CARTESIAN_POINT ( 'NONE',  ( 0.8351230133880261919, 2.134256245050205639E-18, -0.7143722516419394042 ) ) ;
#3521 = CARTESIAN_POINT ( 'NONE',  ( 1.239409421363508734, 0.01574803149606300232, -0.5060650287839256745 ) ) ;
#3522 = CARTESIAN_POINT ( 'NONE',  ( 1.890142677013845196, 2.134256245050205639E-18, -0.6538268478142293949 ) ) ;
#3523 = AXIS2_PLACEMENT_3D ( 'NONE', #30, #2979, #4292 ) ;
#3524 = DIRECTION ( 'NONE',  ( 1.000000000000000000, 0.000000000000000000, 0.000000000000000000 ) ) ;
#3525 = CARTESIAN_POINT ( 'NONE',  ( 1.560304487179905664, 0.01574803149606299191, -0.5196484375000000044 ) ) ;
#3526 = CARTESIAN_POINT ( 'NONE',  ( 1.987745893429905264, 0.01574803149606299191, -0.6829296874999999378 ) ) ;
#3527 = VECTOR ( 'NONE', #1982, 39.37007874015748143 ) ;
#3528 = CARTESIAN_POINT ( 'NONE',  ( 1.661816482012886009, 0.01574803149606299191, -0.5269625847838745880 ) ) ;
#3529 = CARTESIAN_POINT ( 'NONE',  ( 1.375929487179905486, 0.000000000000000000, -0.5195996093750000488 ) ) ;
#3530 = ORIENTED_EDGE ( 'NONE', *, *, #1852, .T. ) ;
#3531 = CARTESIAN_POINT ( 'NONE',  ( 1.377198421603221590, 2.134256245050205639E-18, -0.7175827911707547413 ) ) ;
#3532 = CARTESIAN_POINT ( 'NONE',  ( 1.397994253911368778, 0.000000000000000000, -0.4896635208739297807 ) ) ;
#3533 = CARTESIAN_POINT ( 'NONE',  ( 1.464894330929905619, 0.01574803149606299191, -0.7020214843750001155 ) ) ;
#3534 = AXIS2_PLACEMENT_3D ( 'NONE', #3257, #724, #5178 ) ;
#3535 = CARTESIAN_POINT ( 'NONE',  ( 2.079396284054905397, 0.01574803149606299191, -0.7362499999999999600 ) ) ;
#3536 = CARTESIAN_POINT ( 'NONE',  ( 1.731848186306505610, 0.000000000000000000, -0.7357802255022201088 ) ) ;
#3537 = ORIENTED_EDGE ( 'NONE', *, *, #4452, .T. ) ;
#3538 = VERTEX_POINT ( 'NONE', #2287 ) ;
#3539 = CARTESIAN_POINT ( 'NONE',  ( 1.769923627804905752, 0.01574803149606299191, -0.5331249999999999600 ) ) ;
#3540 = ORIENTED_EDGE ( 'NONE', *, *, #5432, .F. ) ;
#3541 = CARTESIAN_POINT ( 'NONE',  ( 1.959995555432552550, 2.134256245050205639E-18, -0.5942874467830964180 ) ) ;
#3542 = CARTESIAN_POINT ( 'NONE',  ( 0.8518084288704442786, 0.000000000000000000, -0.5021821391456254835 ) ) ;
#3543 = DIRECTION ( 'NONE',  ( 0.000000000000000000, 1.000000000000000000, 0.000000000000000000 ) ) ;
#3544 = CARTESIAN_POINT ( 'NONE',  ( 1.685855432617688221, 2.134256245050205639E-18, -0.6232241219072142124 ) ) ;
#3545 = CARTESIAN_POINT ( 'NONE',  ( 1.083986785402363484, 0.01574803149606300232, -0.5965363970914511205 ) ) ;
#3546 = CARTESIAN_POINT ( 'NONE',  ( 1.414269197322425509, 0.000000000000000000, -0.4910812313587941125 ) ) ;
#3547 = CARTESIAN_POINT ( 'NONE',  ( 1.115870893429905752, 2.134256245050205639E-18, -0.6829296874999999378 ) ) ;
#3548 = LINE ( 'NONE', #1462, #5335 ) ;
#3549 = CARTESIAN_POINT ( 'NONE',  ( 1.967856238116828749, 0.01574803149606298844, -0.5908602598766081737 ) ) ;
#3550 = CARTESIAN_POINT ( 'NONE',  ( 1.894590634400033391, 0.01574803149606298844, -0.6186119212566923986 ) ) ;
#3551 = FACE_OUTER_BOUND ( 'NONE', #84, .T. ) ;
#3552 = CARTESIAN_POINT ( 'NONE',  ( 1.239992746087522857, -2.134256245050205639E-18, -0.5078715846304679982 ) ) ;
#3553 = CARTESIAN_POINT ( 'NONE',  ( 1.804396425349244382, 0.01574803149606299191, -0.5411194729566484174 ) ) ;
#3554 = DIMENSIONAL_EXPONENTS ( 1.000000000000000000, 0.000000000000000000, 0.000000000000000000, 0.000000000000000000, 0.000000000000000000, 0.000000000000000000, 0.000000000000000000 ) ;
#3555 = CARTESIAN_POINT ( 'NONE',  ( 1.144923627804905752, 0.01574803149606299191, -0.7362499999999999600 ) ) ;
#3556 = EDGE_LOOP ( 'NONE', ( #464, #1306, #3236, #1692 ) ) ;
#3557 = B_SPLINE_CURVE_WITH_KNOTS ( 'NONE', 3,
 ( #560, #1314, #4361, #3030, #2624, #4746, #4795, #890, #2598, #482, #56, #5196 ),
 .UNSPECIFIED., .F., .F.,
 ( 4, 2, 2, 2, 2, 4 ),
 ( 0.000000000000000000, 0.0002783179083600193491, 0.0005566358167200386982, 0.0008349537250800579931, 0.0009741126792600687248, 0.001113271633440079565 ),
 .UNSPECIFIED. ) ;
#3558 = CARTESIAN_POINT ( 'NONE',  ( 2.110499608747604672, 0.01574803149606299885, -0.7215255738739464464 ) ) ;
#3559 = CARTESIAN_POINT ( 'NONE',  ( 1.239522415065154259, 0.01574803149606299538, -0.7185264885591116091 ) ) ;
#3560 = CARTESIAN_POINT ( 'NONE',  ( 1.825750543856683450, 0.01574803149606299191, -0.6675419188734990072 ) ) ;
#3561 = VERTEX_POINT ( 'NONE', #4019 ) ;
#3562 = VERTEX_POINT ( 'NONE', #160 ) ;
#3563 = CARTESIAN_POINT ( 'NONE',  ( 1.588527143429905530, 0.01574803149606299538, -0.4893750000000000044 ) ) ;
#3564 = CARTESIAN_POINT ( 'NONE',  ( 0.8311052684299053972, 0.01574803149606298497, -0.7079785156249999156 ) ) ;
#3565 = ORIENTED_EDGE ( 'NONE', *, *, #4092, .T. ) ;
#3566 = CARTESIAN_POINT ( 'NONE',  ( 1.976425237444370486, 2.134256245050205639E-18, -0.5880286626417449147 ) ) ;
#3567 = EDGE_CURVE ( 'NONE', #1595, #848, #1870, .T. ) ;
#3568 = CARTESIAN_POINT ( 'NONE',  ( 0.9540544871799059301, 0.01574803149606299191, -0.7072949218750000933 ) ) ;
#3569 = CARTESIAN_POINT ( 'NONE',  ( 1.157911909054905708, 0.01574803149606299191, -0.6268749999999999600 ) ) ;
#3570 = CARTESIAN_POINT ( 'NONE',  ( 1.010304487179906063, -0.1645399120536400472, -0.5216015625000001155 ) ) ;
#3571 = ADVANCED_FACE ( 'NONE', ( #5511 ), #1702, .F. ) ;
#3572 = AXIS2_PLACEMENT_3D ( 'NONE', #4588, #2893, #4975 ) ;
#3573 = CARTESIAN_POINT ( 'NONE',  ( 1.565724409054905397, 0.01574803149606299191, -0.7362499999999999600 ) ) ;
#3574 = CARTESIAN_POINT ( 'NONE',  ( 1.795121136997139821, 2.134256245050205639E-18, -0.7374563110120658793 ) ) ;
#3575 = CARTESIAN_POINT ( 'NONE',  ( 1.050990762372156828, 0.000000000000000000, -0.6636299963044934858 ) ) ;
#3576 = LINE ( 'NONE', #2674, #5117 ) ;
#3577 = CARTESIAN_POINT ( 'NONE',  ( 1.459586459303022332, 0.01574803149606299538, -0.5254169721375746560 ) ) ;
#3578 = CARTESIAN_POINT ( 'NONE',  ( 1.431683603066401966, 0.01574803149606299538, -0.7361555944263387108 ) ) ;
#3579 = FACE_OUTER_BOUND ( 'NONE', #1065, .T. ) ;
#3580 = CARTESIAN_POINT ( 'NONE',  ( 1.776564252804905708, 0.01574803149606299191, -0.6016308593750000488 ) ) ;
#3581 = CARTESIAN_POINT ( 'NONE',  ( 1.115870893429905752, -0.3448278556033430586, -0.6829296874999999378 ) ) ;
#3582 = ORIENTED_EDGE ( 'NONE', *, *, #2667, .T. ) ;
#3583 = ORIENTED_EDGE ( 'NONE', *, *, #3195, .F. ) ;
#3584 = CARTESIAN_POINT ( 'NONE',  ( 0.9009156020876871729, 0.01574803149606299191, -0.7036024599242634014 ) ) ;
#3585 = B_SPLINE_SURFACE_WITH_KNOTS ( 'NONE', 3, 1, ( 
 ( #4295, #3223 ),
 ( #390, #3396 ),
 ( #2834, #2128 ),
 ( #5124, #3867 ),
 ( #4950, #1123 ),
 ( #4649, #664 ),
 ( #1654, #4227 ),
 ( #1268, #5522 ),
 ( #3369, #5093 ),
 ( #2952, #2265 ),
 ( #2739, #600 ) ),
 .UNSPECIFIED., .F., .F., .F.,
 ( 4, 1, 1, 1, 1, 1, 1, 1, 4 ),
 ( 2, 2 ),
 ( 0.000000000000000000, 0.1581692231159462503, 0.2979152898125614901, 0.4257598827158990962, 0.5443383524022874509, 0.6560061348833443606, 0.7665598615528721460, 0.8789143086602184685, 1.000000000000000000 ),
 ( 0.000000000000000000, 1.000000000000000000 ),
 .UNSPECIFIED. ) ;
#3586 = LENGTH_MEASURE_WITH_UNIT ( LENGTH_MEASURE( 0.02539999999999999897 ), #4940 );
#3587 = LINE ( 'NONE', #4392, #1998 ) ;
#3588 = CARTESIAN_POINT ( 'NONE',  ( 1.712031122953206586, 0.000000000000000000, -0.7291730766818089737 ) ) ;
#3589 = CARTESIAN_POINT ( 'NONE',  ( 1.747791684523105182, 0.01574803149606299191, -0.5800446072327218872 ) ) ;
#3590 = EDGE_LOOP ( 'NONE', ( #876, #913, #1059, #1423 ) ) ;
#3591 = ORIENTED_EDGE ( 'NONE', *, *, #4913, .F. ) ;
#3592 = CARTESIAN_POINT ( 'NONE',  ( 1.590294150816323748, -2.134256245050205639E-18, -0.4894676275273492916 ) ) ;
#3593 = CARTESIAN_POINT ( 'NONE',  ( 1.464894330929905619, 0.000000000000000000, -0.7020214843750001155 ) ) ;
#3594 = VERTEX_POINT ( 'NONE', #2042 ) ;
#3595 = EDGE_CURVE ( 'NONE', #2984, #4468, #4991, .T. ) ;
#3596 = CARTESIAN_POINT ( 'NONE',  ( 1.580519330929905486, -0.1645399120536400472, -0.7362499999999999600 ) ) ;
#3597 = CARTESIAN_POINT ( 'NONE',  ( 0.6988641811770868184, 2.134256245050205639E-18, -0.5027176849446669538 ) ) ;
#3598 = EDGE_CURVE ( 'NONE', #1573, #143, #333, .T. ) ;
#3599 = DIRECTION ( 'NONE',  ( 0.000000000000000000, 1.000000000000000000, 0.000000000000000000 ) ) ;
#3600 = DIRECTION ( 'NONE',  ( -0.1947149249117245684, 0.000000000000000000, 0.9808598768512357680 ) ) ;
#3601 = CARTESIAN_POINT ( 'NONE',  ( 1.116791322972035649, 2.134256245050205639E-18, -0.6837113544980911728 ) ) ;
#3602 = LINE ( 'NONE', #1862, #1458 ) ;
#3603 = CARTESIAN_POINT ( 'NONE',  ( 2.013866381153823326, 6.402768735150616918E-18, -0.5831681608761836166 ) ) ;
#3604 = ADVANCED_FACE ( 'NONE', ( #4155 ), #5535, .F. ) ;
#3605 = CARTESIAN_POINT ( 'NONE',  ( 1.498927118245534817, 0.01574803149606299885, -0.4894409176042913145 ) ) ;
#3606 = CARTESIAN_POINT ( 'NONE',  ( 1.860759227425130113, 0.01574803149606299191, -0.5226579468159356923 ) ) ;
#3607 = CARTESIAN_POINT ( 'NONE',  ( 1.114071349764978569, 0.01574803149606299191, -0.6382096886440208339 ) ) ;
#3608 = CARTESIAN_POINT ( 'NONE',  ( 1.924068291746614756, 0.000000000000000000, -0.6770761326926550971 ) ) ;
#3609 = CARTESIAN_POINT ( 'NONE',  ( 1.462584698831354668, 2.134256245050205639E-18, -0.5150544321967966965 ) ) ;
#3610 = CARTESIAN_POINT ( 'NONE',  ( 1.990591760857423509, 0.01574803149606298844, -0.6852807643577193408 ) ) ;
#3611 = ORIENTED_EDGE ( 'NONE', *, *, #2842, .F. ) ;
#3612 = VERTEX_POINT ( 'NONE', #2975 ) ;
#3613 = VECTOR ( 'NONE', #2597, 39.37007874015748143 ) ;
#3614 = CARTESIAN_POINT ( 'NONE',  ( 0.9660967097892542155, -2.134256245050205639E-18, -0.7347396469861320334 ) ) ;
#3615 = SURFACE_SIDE_STYLE ('',( #681 ) ) ;
#3616 = ORIENTED_EDGE ( 'NONE', *, *, #2527, .T. ) ;
#3617 = CARTESIAN_POINT ( 'NONE',  ( 1.672500485702157036, 0.01574803149606299191, -0.6575839985045565106 ) ) ;
#3618 = DIRECTION ( 'NONE',  ( 0.000000000000000000, 1.000000000000000000, 0.000000000000000000 ) ) ;
#3619 = CARTESIAN_POINT ( 'NONE',  ( 1.745460737179905575, 0.01574803149606299191, -0.5799999999999999600 ) ) ;
#3620 = EDGE_CURVE ( 'NONE', #551, #1398, #1343, .T. ) ;
#3621 = ORIENTED_EDGE ( 'NONE', *, *, #3862, .T. ) ;
#3622 = AXIS2_PLACEMENT_3D ( 'NONE', #1418, #1788, #3508 ) ;
#3623 = LINE ( 'NONE', #5404, #3904 ) ;
#3624 = CARTESIAN_POINT ( 'NONE',  ( 0.8698121679576881204, 2.134256245050205639E-18, -0.4896604978119677987 ) ) ;
#3625 = B_SPLINE_CURVE_WITH_KNOTS ( 'NONE', 3,
 ( #872, #1210, #3892, #1735, #3035, #745, #3771 ),
 .UNSPECIFIED., .F., .F.,
 ( 4, 1, 1, 1, 4 ),
 ( 0.000000000000000000, 0.2401879885939054438, 0.4809643705118916701, 0.7309369913067209623, 1.000000000000000000 ),
 .UNSPECIFIED. ) ;
#3626 = CARTESIAN_POINT ( 'NONE',  ( 1.571520055508351055, 0.01574803149606299538, -0.4938218264033372717 ) ) ;
#3627 = ORIENTED_EDGE ( 'NONE', *, *, #1024, .T. ) ;
#3628 = CARTESIAN_POINT ( 'NONE',  ( 1.923038031618342192, 2.134256245050205639E-18, -0.6519758408726168408 ) ) ;
#3629 = CARTESIAN_POINT ( 'NONE',  ( 1.657217684161891968, -2.134256245050205639E-18, -0.5934167419783636932 ) ) ;
#3630 = CARTESIAN_POINT ( 'NONE',  ( 1.696437299679905752, 0.000000000000000000, -0.6237500000000000266 ) ) ;
#3631 = LINE ( 'NONE', #5355, #998 ) ;
#3632 = ORIENTED_EDGE ( 'NONE', *, *, #5530, .T. ) ;
#3633 = DIMENSIONAL_EXPONENTS ( 1.000000000000000000, 0.000000000000000000, 0.000000000000000000, 0.000000000000000000, 0.000000000000000000, 0.000000000000000000, 0.000000000000000000 ) ;
#3634 = DIRECTION ( 'NONE',  ( 0.000000000000000000, 1.000000000000000000, 0.000000000000000000 ) ) ;
#3635 = DIRECTION ( 'NONE',  ( 0.000000000000000000, 1.000000000000000000, 0.000000000000000000 ) ) ;
#3636 = CARTESIAN_POINT ( 'NONE',  ( 1.100490034054905752, 0.000000000000000000, -0.7317089843750000933 ) ) ;
#3637 = CARTESIAN_POINT ( 'NONE',  ( 0.9990819392866335802, 0.01574803149606299191, -0.4939665818789647500 ) ) ;
#3638 = CARTESIAN_POINT ( 'NONE',  ( 1.991676729226425469, 6.402768735150616918E-18, -0.6343080054560629177 ) ) ;
#3639 = DIRECTION ( 'NONE',  ( 0.000000000000000000, -1.000000000000000000, 0.000000000000000000 ) ) ;
#3640 = CARTESIAN_POINT ( 'NONE',  ( 1.820855657916423453, 6.402768735150616918E-18, -0.4977059771700541035 ) ) ;
#3641 = DIRECTION ( 'NONE',  ( -0.000000000000000000, 0.000000000000000000, 1.000000000000000000 ) ) ;
#3642 = CARTESIAN_POINT ( 'NONE',  ( 2.029786909054905220, -2.134256245050205639E-18, -0.6268749999999999600 ) ) ;
#3643 = CARTESIAN_POINT ( 'NONE',  ( 0.9540544871799059301, 0.000000000000000000, -0.5216015625000000044 ) ) ;
#3644 = CARTESIAN_POINT ( 'NONE',  ( 2.004223281317755401, 0.01574803149606299191, -0.6904174611832314401 ) ) ;
#3645 = CARTESIAN_POINT ( 'NONE',  ( 1.776564252804905708, -2.134256245050205639E-18, -0.6016308593750000488 ) ) ;
#3646 = ORIENTED_EDGE ( 'NONE', *, *, #2096, .T. ) ;
#3647 = CARTESIAN_POINT ( 'NONE',  ( 1.580519330929905486, 0.01574803149606299191, -0.7362499999999999600 ) ) ;
#3648 = VERTEX_POINT ( 'NONE', #867 ) ;
#3649 = FACE_OUTER_BOUND ( 'NONE', #474, .T. ) ;
#3650 = CARTESIAN_POINT ( 'NONE',  ( 1.613404943642253286, 0.01574803149606299191, -0.7081754898437299106 ) ) ;
#3651 = CARTESIAN_POINT ( 'NONE',  ( 1.664569594351758886, 0.01574803149606299191, -0.6775125992674841946 ) ) ;
#3652 = CARTESIAN_POINT ( 'NONE',  ( 1.457960737179905486, -0.3448278556033430586, -0.5314648437500000266 ) ) ;
#3653 = CARTESIAN_POINT ( 'NONE',  ( 0.7478044871799053306, 0.000000000000000000, -0.7087109375000000266 ) ) ;
#3654 = ORIENTED_EDGE ( 'NONE', *, *, #4703, .F. ) ;
#3655 = LINE ( 'NONE', #2410, #1693 ) ;
#3656 = CARTESIAN_POINT ( 'NONE',  ( 1.458036284001869909, 6.402768735150616918E-18, -0.7235988223764778793 ) ) ;
#3657 = CARTESIAN_POINT ( 'NONE',  ( 1.662040493455708923, -2.134256245050205639E-18, -0.6116574796490572563 ) ) ;
#3658 = CARTESIAN_POINT ( 'NONE',  ( 1.658308644130744192, 2.134256245050205639E-18, -0.6027245569226415967 ) ) ;
#3659 = CARTESIAN_POINT ( 'NONE',  ( 1.602922912838602887, 0.01574803149606299191, -0.4935646415454433833 ) ) ;
#3660 = EDGE_LOOP ( 'NONE', ( #3343, #4493, #2579, #280, #1952, #3778, #4316, #1470, #2735, #1745, #4624, #4737, #5260, #3291, #3408, #1377, #4395, #3182 ) ) ;
#3661 = CARTESIAN_POINT ( 'NONE',  ( 2.062118486132114015, 0.01574803149606299885, -0.5012770653264729814 ) ) ;
#3662 = PLANE ( 'NONE',  #3815 ) ;
#3663 = CARTESIAN_POINT ( 'NONE',  ( 1.750124652968129579, 0.01574803149606299191, -0.4902268970552801641 ) ) ;
#3664 = CARTESIAN_POINT ( 'NONE',  ( 1.982074592300107074, 0.01574803149606299191, -0.6446385603825367516 ) ) ;
#3665 = AXIS2_PLACEMENT_3D ( 'NONE', #195, #1827, #4889 ) ;
#3666 = CARTESIAN_POINT ( 'NONE',  ( 1.436511047116580730, 0.01574803149606299885, -0.7360691841319796369 ) ) ;
#3667 = CARTESIAN_POINT ( 'NONE',  ( 1.412013471554905530, 0.000000000000000000, -0.7362499999999999600 ) ) ;
#3668 = CARTESIAN_POINT ( 'NONE',  ( 1.104089827661121070, 0.01574803149606299191, -0.7327082117502717873 ) ) ;
#3669 = CARTESIAN_POINT ( 'NONE',  ( 1.931163929458668882, 0.000000000000000000, -0.6989466174180838376 ) ) ;
#3670 = CARTESIAN_POINT ( 'NONE',  ( 1.185304487179905886, 0.01574803149606299191, -0.5209667968750000266 ) ) ;
#3671 = CARTESIAN_POINT ( 'NONE',  ( 1.517968615889645712, 0.01574803149606299885, -0.4979413322131798214 ) ) ;
#3672 = AXIS2_PLACEMENT_3D ( 'NONE', #4442, #157, #1868 ) ;
#3673 = CARTESIAN_POINT ( 'NONE',  ( 0.9009294871799053972, 0.01574803149606299191, -0.7016796874999999822 ) ) ;
#3674 = DIRECTION ( 'NONE',  ( 0.000000000000000000, 1.000000000000000000, 0.000000000000000000 ) ) ;
#3675 = ORIENTED_EDGE ( 'NONE', *, *, #4861, .F. ) ;
#3676 = EDGE_CURVE ( 'NONE', #4968, #1319, #73, .T. ) ;
#3677 = CARTESIAN_POINT ( 'NONE',  ( 1.681828174618588800, 0.01574803149606299191, -0.6517141322442286944 ) ) ;
#3678 = CARTESIAN_POINT ( 'NONE',  ( 1.612264134385513747, 0.01574803149606299191, -0.7180788956478462159 ) ) ;
#3679 = ADVANCED_FACE ( 'NONE', ( #3801 ), #2595, .F. ) ;
#3680 = CARTESIAN_POINT ( 'NONE',  ( 2.112337753909511839, 0.000000000000000000, -0.7152455378057739344 ) ) ;
#3681 = PLANE ( 'NONE',  #2260 ) ;
#3682 = CARTESIAN_POINT ( 'NONE',  ( 1.738501658885703183, 0.000000000000000000, -0.5371477835755119612 ) ) ;
#3683 = EDGE_CURVE ( 'NONE', #3071, #4210, #5279, .T. ) ;
#3684 = CARTESIAN_POINT ( 'NONE',  ( 1.576503429023484726, 2.134256245050205639E-18, -0.4911699182281333842 ) ) ;
#3685 = CARTESIAN_POINT ( 'NONE',  ( 2.064929235405824404, 0.01574803149606299191, -0.4978859496103231752 ) ) ;
#3686 = DIRECTION ( 'NONE',  ( -1.000000000000000000, 0.000000000000000000, -0.000000000000000000 ) ) ;
#3687 = CARTESIAN_POINT ( 'NONE',  ( 1.010304487179905841, 0.000000000000000000, -0.7072949218750000933 ) ) ;
#3688 = CARTESIAN_POINT ( 'NONE',  ( 0.8981951121799053306, 2.134256245050205639E-18, -0.7209667968749999822 ) ) ;
#3689 = CARTESIAN_POINT ( 'NONE',  ( 1.742937513423403750, 0.000000000000000000, -0.7378313643018082901 ) ) ;
#3690 = ADVANCED_FACE ( 'NONE', ( #3055 ), #4678, .F. ) ;
#3691 = CARTESIAN_POINT ( 'NONE',  ( 0.9894561831163073418, 0.01574803149606299191, -0.7390757100430840332 ) ) ;
#3692 = CARTESIAN_POINT ( 'NONE',  ( 1.664406049679905797, 0.01574803149606299191, -0.6747265625000000711 ) ) ;
#3693 = ORIENTED_EDGE ( 'NONE', *, *, #3620, .T. ) ;
#3694 = CARTESIAN_POINT ( 'NONE',  ( 1.462405711531371333, 0.01574803149606299538, -0.7114978717171044353 ) ) ;
#3695 = DIRECTION ( 'NONE',  ( 1.000000000000000000, 0.000000000000000000, 0.000000000000000000 ) ) ;
#3696 = CARTESIAN_POINT ( 'NONE',  ( 0.6946794871799053528, 0.000000000000000000, -0.5235546875000000044 ) ) ;
#3697 = CARTESIAN_POINT ( 'NONE',  ( 1.539035552760663172, 2.134256245050205639E-18, -0.7313131790087699091 ) ) ;
#3698 = LINE ( 'NONE', #4934, #3075 ) ;
#3699 = CARTESIAN_POINT ( 'NONE',  ( 1.892691377180733658, 0.000000000000000000, -0.5872266457023426200 ) ) ;
#3700 = LINE ( 'NONE', #1550, #213 ) ;
#3701 = CARTESIAN_POINT ( 'NONE',  ( 1.185304487179905886, 0.000000000000000000, -0.6268749999999999600 ) ) ;
#3702 = CARTESIAN_POINT ( 'NONE',  ( 1.664406049679905797, 0.01574803149606299191, -0.6747265625000000711 ) ) ;
#3703 = CARTESIAN_POINT ( 'NONE',  ( 1.225653139869469443, 1.067128122525102820E-17, -0.7333496907531326103 ) ) ;
#3704 = CARTESIAN_POINT ( 'NONE',  ( 1.185304487179905886, 0.000000000000000000, -0.5209667968750000266 ) ) ;
#3705 = CARTESIAN_POINT ( 'NONE',  ( 2.112943956533414713, 0.01574803149606299191, -0.7116585904362078274 ) ) ;
#3706 = VECTOR ( 'NONE', #4915, 39.37007874015748143 ) ;
#3707 = LINE ( 'NONE', #2319, #4352 ) ;
#3708 = CARTESIAN_POINT ( 'NONE',  ( 0.8518084288704442786, 0.01574803149606299191, -0.5021821391456254835 ) ) ;
#3709 = VECTOR ( 'NONE', #4594, 39.37007874015748143 ) ;
#3710 = LINE ( 'NONE', #4530, #4752 ) ;
#3711 = CARTESIAN_POINT ( 'NONE',  ( 2.057257510028259517, 0.01574803149606299191, -0.5186778385476670250 ) ) ;
#3712 = CARTESIAN_POINT ( 'NONE',  ( 1.776491450839594366, 2.134256245050205639E-18, -0.5997790228293909953 ) ) ;
#3713 = CARTESIAN_POINT ( 'NONE',  ( 1.685855432617688221, 0.01574803149606299191, -0.6232241219072142124 ) ) ;
#3714 = B_SPLINE_CURVE_WITH_KNOTS ( 'NONE', 3,
 ( #4967, #1112, #2823, #5426, #1552, #163, #2123, #3799, #2946, #5515, #2887, #2013, #3835, #5088, #4287, #1674, #357, #2101, #1705 ),
 .UNSPECIFIED., .F., .F.,
 ( 4, 1, 1, 1, 1, 1, 1, 1, 1, 1, 1, 1, 1, 1, 1, 1, 4 ),
 ( 0.000000000000000000, 0.08182733182821372298, 0.1583472116030950338, 0.2306556717352037100, 0.2984336761490579693, 0.3629752137949624480, 0.4241354733974939673, 0.4833404898126505422, 0.5404489010828538165, 0.5965863673725729788, 0.6516263808094682197, 0.7065787043126550149, 0.7618096902813250582, 0.8178554473551580273, 0.8759158008403525875, 0.9365891825421323036, 0.9999999999999998890 ),
 .UNSPECIFIED. ) ;
#3715 = VERTEX_POINT ( 'NONE', #5252 ) ;
#3716 = AXIS2_PLACEMENT_3D ( 'NONE', #2694, #4427, #553 ) ;
#3717 = CARTESIAN_POINT ( 'NONE',  ( 1.717318910898911755, 0.01574803149606299885, -0.6647764097847851383 ) ) ;
#3718 = ORIENTED_EDGE ( 'NONE', *, *, #194, .F. ) ;
#3719 = CARTESIAN_POINT ( 'NONE',  ( 1.689011453713198829, 0.000000000000000000, -0.7157743846298709745 ) ) ;
#3720 = CARTESIAN_POINT ( 'NONE',  ( 1.587301957338526304, 2.134256245050205639E-18, -0.7360433113835537222 ) ) ;
#3721 = B_SPLINE_SURFACE_WITH_KNOTS ( 'NONE', 3, 1, ( 
 ( #514, #3106 ),
 ( #2557, #2581 ),
 ( #1296, #4318 ),
 ( #3891, #29 ),
 ( #4418, #2257 ),
 ( #1014, #5306 ),
 ( #4018, #649 ),
 ( #3179, #2727 ),
 ( #564, #3669 ),
 ( #5395, #158 ),
 ( #4903, #1869 ),
 ( #1925, #3608 ),
 ( #1442, #1042 ),
 ( #622, #2786 ),
 ( #2337, #211 ) ),
 .UNSPECIFIED., .F., .F., .F.,
 ( 4, 1, 1, 1, 1, 1, 1, 1, 1, 1, 1, 1, 4 ),
 ( 2, 2 ),
 ( 0.000000000000000000, 0.08979271063556075461, 0.1753942178141339459, 0.2588056349961311287, 0.3398127966891519858, 0.4200621604101825168, 0.4991223246882413589, 0.5788384868517749693, 0.6591082875927603002, 0.7411182879485650465, 0.8251094400327129152, 0.9110392593857608023, 1.000000000000000000 ),
 ( 0.000000000000000000, 1.000000000000000000 ),
 .UNSPECIFIED. ) ;
#3722 = CARTESIAN_POINT ( 'NONE',  ( 1.006398639980607523, 4.268512490100411279E-18, -0.7265893274304040528 ) ) ;
#3723 = CARTESIAN_POINT ( 'NONE',  ( 2.029786909054905220, 6.402768735150616918E-18, -0.6268749999999999600 ) ) ;
#3724 = CARTESIAN_POINT ( 'NONE',  ( 2.086769330929905131, -0.3448278556033430586, -0.4893750000000000044 ) ) ;
#3725 = ADVANCED_FACE ( 'NONE', ( #4415 ), #2958, .F. ) ;
#3726 = ORIENTED_EDGE ( 'NONE', *, *, #3400, .T. ) ;
#3727 = DIRECTION ( 'NONE',  ( 0.000000000000000000, 1.000000000000000000, 0.000000000000000000 ) ) ;
#3728 = CARTESIAN_POINT ( 'NONE',  ( 1.828162523478822132, 0.01574803149606299191, -0.6631968358405225805 ) ) ;
#3729 = CARTESIAN_POINT ( 'NONE',  ( 1.531593549679905575, -0.1645399120536400472, -0.5353710937500000266 ) ) ;
#3730 = CARTESIAN_POINT ( 'NONE',  ( 1.771767225926073719, 0.000000000000000000, -0.7392764425951390272 ) ) ;
#3731 = LINE ( 'NONE', #1199, #2276 ) ;
#3732 = CARTESIAN_POINT ( 'NONE',  ( 1.658177123033379718, 2.134256245050205639E-18, -0.5356634234653790960 ) ) ;
#3733 = CARTESIAN_POINT ( 'NONE',  ( 1.531253049571068336, 0.000000000000000000, -0.5335642766421965222 ) ) ;
#3734 = FACE_OUTER_BOUND ( 'NONE', #2065, .T. ) ;
#3735 = CARTESIAN_POINT ( 'NONE',  ( 1.069057398142129633, 6.402768735150616918E-18, -0.6085854038213160955 ) ) ;
#3736 = CARTESIAN_POINT ( 'NONE',  ( 1.212719781241064609, 0.000000000000000000, -0.4894709107017727323 ) ) ;
#3737 = CARTESIAN_POINT ( 'NONE',  ( 0.8505538314396581256, 0.01574803149606298844, -0.5044859525888656382 ) ) ;
#3738 = CARTESIAN_POINT ( 'NONE',  ( 1.613357473084141569, 2.134256245050205639E-18, -0.7108230314208824341 ) ) ;
#3739 = CARTESIAN_POINT ( 'NONE',  ( 1.241554487179905797, -2.134256245050205639E-18, -0.5214062499999999600 ) ) ;
#3740 = CARTESIAN_POINT ( 'NONE',  ( 1.114519734441949961, 0.000000000000000000, -0.6814065122916800332 ) ) ;
#3741 = LINE ( 'NONE', #2530, #1293 ) ;
#3742 = CARTESIAN_POINT ( 'NONE',  ( 1.712572332975243805, 0.000000000000000000, -0.5469684390282316677 ) ) ;
#3743 = CARTESIAN_POINT ( 'NONE',  ( 0.7108323930433019244, -2.134256245050205639E-18, -0.7375787142954144393 ) ) ;
#3744 = CARTESIAN_POINT ( 'NONE',  ( 2.058978316266319997, 0.01574803149606299191, -0.5080936862799417808 ) ) ;
#3745 = CARTESIAN_POINT ( 'NONE',  ( 1.593726161428278054, 2.134256245050205639E-18, -0.4896475354661984358 ) ) ;
#3746 = ORIENTED_EDGE ( 'NONE', *, *, #110, .T. ) ;
#3747 = EDGE_CURVE ( 'NONE', #5411, #743, #334, .T. ) ;
#3748 = CARTESIAN_POINT ( 'NONE',  ( 0.8954180249571322969, 0.01574803149606298150, -0.7262312516913701499 ) ) ;
#3749 = CARTESIAN_POINT ( 'NONE',  ( 1.928086293975099341, 2.134256245050205639E-18, -0.6920564396778251526 ) ) ;
#3750 = CARTESIAN_POINT ( 'NONE',  ( 0.9009294871799053972, 0.000000000000000000, -0.7016796874999999822 ) ) ;
#3751 = ADVANCED_FACE ( 'NONE', ( #673 ), #5392, .F. ) ;
#3752 = CARTESIAN_POINT ( 'NONE',  ( 1.142422921151178938, 0.01574803149606299191, -0.6276072213740757633 ) ) ;
#3753 = B_SPLINE_CURVE_WITH_KNOTS ( 'NONE', 3,
 ( #2286, #1467, #4017, #2369, #2336, #541, #4516, #2785, #1949, #135, #1924, #183 ),
 .UNSPECIFIED., .F., .F.,
 ( 4, 2, 2, 2, 2, 4 ),
 ( 0.000000000000000000, 0.0002646048529048433662, 0.0005292097058096867325, 0.0007938145587145301529, 0.0009261169851669514294, 0.001058419411619372598 ),
 .UNSPECIFIED. ) ;
#3754 = ORIENTED_EDGE ( 'NONE', *, *, #2188, .F. ) ;
#3755 = CARTESIAN_POINT ( 'NONE',  ( 1.123563473142430880, 0.01574803149606299885, -0.6877463146519627868 ) ) ;
#3756 = CARTESIAN_POINT ( 'NONE',  ( 1.542791287405409717, 0.01574803149606298844, -0.7332006196461090530 ) ) ;
#3757 = CARTESIAN_POINT ( 'NONE',  ( 0.8994370279011818514, 2.134256245050205639E-18, -0.5070591035736968788 ) ) ;
#3758 = DIRECTION ( 'NONE',  ( -1.000000000000000000, 0.000000000000000000, 0.000000000000000000 ) ) ;
#3759 = LINE ( 'NONE', #5024, #131 ) ;
#3760 = CARTESIAN_POINT ( 'NONE',  ( 1.750779356921252639, 6.402768735150616918E-18, -0.6932570329004636989 ) ) ;
#3761 = CARTESIAN_POINT ( 'NONE',  ( 1.483162870756077556, 0.01574803149606299191, -0.4910586629351645915 ) ) ;
#3762 = CARTESIAN_POINT ( 'NONE',  ( 1.500687740155434380, 0.01574803149606299885, -0.4894841393225337067 ) ) ;
#3763 = CARTESIAN_POINT ( 'NONE',  ( 1.710304487179905575, 2.134256245050205639E-18, -0.5480664062500000266 ) ) ;
#3764 = COLOUR_RGB ( '',0.7921568627450980005, 0.8196078431372548767, 0.9333333333333333481 ) ;
#3765 = CARTESIAN_POINT ( 'NONE',  ( 1.095981238116829237, 0.01574803149606299191, -0.5908602598766083958 ) ) ;
#3766 = CARTESIAN_POINT ( 'NONE',  ( 1.202595232313247609, 0.01574803149606299191, -0.4912707174611701255 ) ) ;
#3767 = CARTESIAN_POINT ( 'NONE',  ( 1.749392385350458046, 0.01574803149606298150, -0.5346824000824957901 ) ) ;
#3768 = CARTESIAN_POINT ( 'NONE',  ( 0.8831483222728963023, 2.134256245050205639E-18, -0.7365684856197703967 ) ) ;
#3769 = CARTESIAN_POINT ( 'NONE',  ( 0.8458848803077126943, 0.01574803149606298497, -0.7299017421335639577 ) ) ;
#3770 = CARTESIAN_POINT ( 'NONE',  ( 1.212719781241064609, -2.134256245050205639E-18, -0.4894709107017727323 ) ) ;
#3771 = CARTESIAN_POINT ( 'NONE',  ( 1.979054487179905397, 0.000000000000000000, -0.6598339843749999600 ) ) ;
#3772 = CARTESIAN_POINT ( 'NONE',  ( 2.102864168791268362, 0.01574803149606299191, -0.7305022709825920169 ) ) ;
#3773 = B_SPLINE_CURVE_WITH_KNOTS ( 'NONE', 3,
 ( #3214, #4881, #1114, #2737, #188, #4469, #1983, #1956, #1899, #4052, #1050 ),
 .UNSPECIFIED., .F., .F.,
 ( 4, 1, 1, 1, 1, 1, 1, 1, 4 ),
 ( 0.000000000000000000, 0.1495992834452412878, 0.2819353318743840764, 0.4014919506173720287, 0.5122141042476819894, 0.6214475079150043602, 0.7346574448313997197, 0.8594258060854099712, 0.9999999999999998890 ),
 .UNSPECIFIED. ) ;
#3774 = CARTESIAN_POINT ( 'NONE',  ( 1.819662547184250689, -2.134256245050205639E-18, -0.6755243741251424350 ) ) ;
#3775 = B_SPLINE_SURFACE_WITH_KNOTS ( 'NONE', 3, 1, ( 
 ( #4692, #3049 ),
 ( #3884, #5566 ),
 ( #5111, #3496 ),
 ( #828, #3471 ),
 ( #3854, #861 ),
 ( #403, #4761 ),
 ( #49, #906 ) ),
 .UNSPECIFIED., .F., .F., .F.,
 ( 4, 1, 1, 1, 4 ),
 ( 2, 2 ),
 ( 0.000000000000000000, 0.2401879885939111059, 0.4809643705118938906, 0.7309369913067220725, 1.000000000000000000 ),
 ( 0.000000000000000000, 1.000000000000000000 ),
 .UNSPECIFIED. ) ;
#3776 = CARTESIAN_POINT ( 'NONE',  ( 1.237685893904240775, -2.134256245050205639E-18, -0.5022764856182353466 ) ) ;
#3777 = CARTESIAN_POINT ( 'NONE',  ( 2.069312334274281628, 0.01574803149606299191, -0.4940949613715138189 ) ) ;
#3778 = ORIENTED_EDGE ( 'NONE', *, *, #2255, .F. ) ;
#3779 = CARTESIAN_POINT ( 'NONE',  ( 0.7665544871799053750, 0.000000000000000000, -0.5189160156250000044 ) ) ;
#3780 = ORIENTED_EDGE ( 'NONE', *, *, #1571, .F. ) ;
#3781 = EDGE_CURVE ( 'NONE', #4349, #4475, #4893, .T. ) ;
#3782 = CARTESIAN_POINT ( 'NONE',  ( 0.8969510342498223654, 0.01574803149606298844, -0.7237054182796409663 ) ) ;
#3783 = ADVANCED_FACE ( 'NONE', ( #1947 ), #1465, .T. ) ;
#3784 = CARTESIAN_POINT ( 'NONE',  ( 1.745460737179905575, 0.01574803149606299191, -0.5799999999999999600 ) ) ;
#3785 = CARTESIAN_POINT ( 'NONE',  ( 1.397994253911368778, 2.134256245050205639E-18, -0.4896635208739297807 ) ) ;
#3786 = CARTESIAN_POINT ( 'NONE',  ( 1.149907668011070472, -2.134256245050205639E-18, -0.6269579293438025669 ) ) ;
#3787 = DIRECTION ( 'NONE',  ( 0.000000000000000000, 1.000000000000000000, 0.000000000000000000 ) ) ;
#3788 = ORIENTED_EDGE ( 'NONE', *, *, #2761, .F. ) ;
#3789 = CARTESIAN_POINT ( 'NONE',  ( 1.768716956861621004, 2.134256245050205639E-18, -0.6955688596395961376 ) ) ;
#3790 = CARTESIAN_POINT ( 'NONE',  ( 2.102333527385670919, 2.134256245050205639E-18, -0.4939404300633070122 ) ) ;
#3791 = CARTESIAN_POINT ( 'NONE',  ( 1.771767225926073719, 0.01574803149606299191, -0.7392764425951390272 ) ) ;
#3792 = CARTESIAN_POINT ( 'NONE',  ( 1.552658766736872975, 2.134256245050205639E-18, -0.7355145572601897719 ) ) ;
#3793 = CARTESIAN_POINT ( 'NONE',  ( 1.794775047397768608, 0.01574803149606299538, -0.5367348727761861449 ) ) ;
#3794 = CARTESIAN_POINT ( 'NONE',  ( 1.529658595102607155, 0.01574803149606299885, -0.5252131334001274299 ) ) ;
#3795 = CARTESIAN_POINT ( 'NONE',  ( 1.712572332975243805, 2.134256245050205639E-18, -0.5469684390282316677 ) ) ;
#3796 = B_SPLINE_CURVE_WITH_KNOTS ( 'NONE', 3,
 ( #3535, #2630, #63, #139, #1395, #4024, #3558, #517, #2263, #5313 ),
 .UNSPECIFIED., .F., .F.,
 ( 4, 2, 2, 2, 4 ),
 ( 0.000000000000000000, 0.0003437964083910879281, 0.0006875928167821758561, 0.001031389225173263893, 0.001375185633564351712 ),
 .UNSPECIFIED. ) ;
#3797 = CARTESIAN_POINT ( 'NONE',  ( 1.059288929458669370, -2.134256245050205639E-18, -0.6989466174180837266 ) ) ;
#3798 = CARTESIAN_POINT ( 'NONE',  ( 1.051163031618342902, 0.01574803149606299191, -0.6519758408726168408 ) ) ;
#3799 = CARTESIAN_POINT ( 'NONE',  ( 1.828228106193082958, 0.000000000000000000, -0.5655082474758671429 ) ) ;
#3800 = CARTESIAN_POINT ( 'NONE',  ( 0.8789971827093882029, 2.134256245050205639E-18, -0.7382221875493851782 ) ) ;
#3801 = FACE_OUTER_BOUND ( 'NONE', #3967, .T. ) ;
#3802 = CARTESIAN_POINT ( 'NONE',  ( 1.214894330929905841, -2.134256245050205639E-18, -0.4893750000000000044 ) ) ;
#3803 = CARTESIAN_POINT ( 'NONE',  ( 1.661800599859716066, 0.01574803149606298844, -0.5269933474986133737 ) ) ;
#3804 = CARTESIAN_POINT ( 'NONE',  ( 2.113400148475798712, 0.000000000000000000, -0.7051150258839001816 ) ) ;
#3805 = CARTESIAN_POINT ( 'NONE',  ( 1.564206941234194126, 0.000000000000000000, -0.5020369708627390182 ) ) ;
#3806 = DIRECTION ( 'NONE',  ( -1.000000000000000000, 0.000000000000000000, 0.000000000000000000 ) ) ;
#3807 = CARTESIAN_POINT ( 'NONE',  ( 1.229709391012098640, 0.01574803149606299538, -0.7317927498611411785 ) ) ;
#3808 = EDGE_CURVE ( 'NONE', #4700, #2361, #3176, .T. ) ;
#3809 = PLANE ( 'NONE',  #1248 ) ;
#3810 = CARTESIAN_POINT ( 'NONE',  ( 0.8625570961444087859, 0.01574803149606298497, -0.7387827557922144184 ) ) ;
#3811 = ORIENTED_EDGE ( 'NONE', *, *, #5405, .T. ) ;
#3812 = VERTEX_POINT ( 'NONE', #4486 ) ;
#3813 = ORIENTED_EDGE ( 'NONE', *, *, #3253, .T. ) ;
#3814 = CARTESIAN_POINT ( 'NONE',  ( 0.7450025352503145681, 0.01574803149606298844, -0.4939107330302300869 ) ) ;
#3815 = AXIS2_PLACEMENT_3D ( 'NONE', #5358, #4537, #3226 ) ;
#3816 = ORIENTED_EDGE ( 'NONE', *, *, #1437, .T. ) ;
#3817 = LINE ( 'NONE', #5533, #3442 ) ;
#3818 = CARTESIAN_POINT ( 'NONE',  ( 1.606462641188736384, 2.134256245050205639E-18, -0.7284961019223472611 ) ) ;
#3819 = CARTESIAN_POINT ( 'NONE',  ( 1.769386518429905797, 6.402768735150616918E-18, -0.4893750000000000044 ) ) ;
#3820 = VECTOR ( 'NONE', #4667, 39.37007874015748143 ) ;
#3821 = CARTESIAN_POINT ( 'NONE',  ( 0.9617045812454951825, 0.01574803149606299538, -0.4979291817477100590 ) ) ;
#3822 = PLANE ( 'NONE',  #4403 ) ;
#3823 = ORIENTED_EDGE ( 'NONE', *, *, #2936, .F. ) ;
#3824 = VECTOR ( 'NONE', #1379, 39.37007874015748854 ) ;
#3825 = CARTESIAN_POINT ( 'NONE',  ( 1.763880060268210315, 2.134256245050205639E-18, -0.6954613183098844464 ) ) ;
#3826 = CARTESIAN_POINT ( 'NONE',  ( 0.6991408882330524266, 0.01574803149606299191, -0.7279774116678403573 ) ) ;
#3827 = CARTESIAN_POINT ( 'NONE',  ( 1.696437299679905752, 0.01574803149606299191, -0.6237500000000000266 ) ) ;
#3828 = CARTESIAN_POINT ( 'NONE',  ( 1.701198550334749315, 0.01574803149606299191, -0.6510900091219263830 ) ) ;
#3829 = CARTESIAN_POINT ( 'NONE',  ( 1.728900917347253152, 0.01574803149606299538, -0.6799757533355104133 ) ) ;
#3830 = CARTESIAN_POINT ( 'NONE',  ( 1.097832163975086095, 0.000000000000000000, -0.7308371393224524226 ) ) ;
#3831 = B_SPLINE_SURFACE_WITH_KNOTS ( 'NONE', 3, 1, ( 
 ( #1781, #102 ),
 ( #1805, #5251 ),
 ( #3577, #5302 ),
 ( #4043, #1892 ),
 ( #5333, #1972 ),
 ( #206, #2366 ),
 ( #2813, #585 ),
 ( #180, #5415 ),
 ( #1464, #2512 ),
 ( #2540, #3321 ),
 ( #2934, #2876 ),
 ( #5449, #4242 ),
 ( #1251, #373 ),
 ( #2905, #2118 ),
 ( #2963, #1161 ) ),
 .UNSPECIFIED., .F., .F., .F.,
 ( 4, 1, 1, 1, 1, 1, 1, 1, 1, 1, 1, 1, 4 ),
 ( 2, 2 ),
 ( 0.000000000000000000, 0.1034052082864633099, 0.1942621505951396821, 0.2740690385957843533, 0.3420949973771597041, 0.4058894925794381825, 0.4739550307434834409, 0.5465684191698734207, 0.6247960913698367147, 0.7080746101722659169, 0.7957400007157737765, 0.8922413854497031060, 0.9999999999999998890 ),
 ( 0.000000000000000000, 1.000000000000000000 ),
 .UNSPECIFIED. ) ;
#3832 = CARTESIAN_POINT ( 'NONE',  ( 1.738501658885703183, 2.134256245050205639E-18, -0.5371477835755119612 ) ) ;
#3833 = CARTESIAN_POINT ( 'NONE',  ( 0.8478044871799053084, 0.000000000000000000, -0.6550000000000000266 ) ) ;
#3834 = CARTESIAN_POINT ( 'NONE',  ( 1.060044030121990666, 0.01574803149606299191, -0.6209116725288940097 ) ) ;
#3835 = CARTESIAN_POINT ( 'NONE',  ( 1.804396425349244382, 0.000000000000000000, -0.5411194729566484174 ) ) ;
#3836 = CARTESIAN_POINT ( 'NONE',  ( 1.524806440304905530, 2.134256245050205639E-18, -0.7020214843750001155 ) ) ;
#3837 = ADVANCED_FACE ( 'NONE', ( #5365 ), #2111, .F. ) ;
#3838 = CARTESIAN_POINT ( 'NONE',  ( 1.052239692446510944, 0.000000000000000000, -0.6434199382235037401 ) ) ;
#3839 = CARTESIAN_POINT ( 'NONE',  ( 1.189534850723055648, -2.134256245050205639E-18, -0.5025771258101797700 ) ) ;
#3840 = CARTESIAN_POINT ( 'NONE',  ( 1.668203108893058451, -2.134256245050205639E-18, -0.6178426964903311891 ) ) ;
#3841 = EDGE_CURVE ( 'NONE', #1373, #4898, #1741, .T. ) ;
#3842 = CARTESIAN_POINT ( 'NONE',  ( 1.758396792154359289, -2.134256245050205639E-18, -0.5810554274509128758 ) ) ;
#3843 = VERTEX_POINT ( 'NONE', #1196 ) ;
#3844 = CARTESIAN_POINT ( 'NONE',  ( 1.934664763106243024, 0.01574803149606299885, -0.6162757077906581005 ) ) ;
#3845 = CARTESIAN_POINT ( 'NONE',  ( 0.7266619090549053528, 0.01574803149606299191, -0.4893750000000000044 ) ) ;
#3846 = ORIENTED_EDGE ( 'NONE', *, *, #3875, .F. ) ;
#3847 = CARTESIAN_POINT ( 'NONE',  ( 0.7289193246192244846, 0.000000000000000000, -0.4894478294210971026 ) ) ;
#3848 = ORIENTED_EDGE ( 'NONE', *, *, #2922, .F. ) ;
#3849 = CARTESIAN_POINT ( 'NONE',  ( 0.8688808535651532106, 2.134256245050205639E-18, -0.7393305100684861575 ) ) ;
#3850 = B_SPLINE_CURVE_WITH_KNOTS ( 'NONE', 3,
 ( #4497, #3924, #3492, #94, #3096, #1054, #4758, #631, #4814, #3241 ),
 .UNSPECIFIED., .F., .F.,
 ( 4, 2, 2, 2, 4 ),
 ( 0.000000000000000000, 0.0001617275552768360322, 0.0003234551105536720645, 0.0004851826658305080967, 0.0006469102211073441289 ),
 .UNSPECIFIED. ) ;
#3851 = DIRECTION ( 'NONE',  ( 0.000000000000000000, -0.000000000000000000, 1.000000000000000000 ) ) ;
#3852 = CARTESIAN_POINT ( 'NONE',  ( 0.9839861278049059079, -0.3448278556033430586, -0.7393750000000001155 ) ) ;
#3853 = CARTESIAN_POINT ( 'NONE',  ( 0.9540544871799059301, -0.1645399120536400472, -0.5216015625000000044 ) ) ;
#3854 = CARTESIAN_POINT ( 'NONE',  ( 1.107431421502358626, 0.01574803149606299191, -0.6665005902013986239 ) ) ;
#3855 = CARTESIAN_POINT ( 'NONE',  ( 1.588527143429905530, 0.01574803149606299538, -0.4893750000000000044 ) ) ;
#3856 = CARTESIAN_POINT ( 'NONE',  ( 1.100490034054905752, 0.000000000000000000, -0.7317089843750000933 ) ) ;
#3857 = ORIENTED_EDGE ( 'NONE', *, *, #936, .T. ) ;
#3858 = CARTESIAN_POINT ( 'NONE',  ( 1.050929487179905975, -2.134256245050205639E-18, -0.6608593750000001377 ) ) ;
#3859 = CARTESIAN_POINT ( 'NONE',  ( 1.187103316266320263, 0.01574803149606299191, -0.5080936862799417808 ) ) ;
#3860 = EDGE_CURVE ( 'NONE', #5106, #572, #731, .T. ) ;
#3861 = CARTESIAN_POINT ( 'NONE',  ( 0.8870561645206488377, 2.134256245050205639E-18, -0.7343265376928468369 ) ) ;
#3862 = EDGE_CURVE ( 'NONE', #1681, #4349, #2966, .T. ) ;
#3863 = ORIENTED_EDGE ( 'NONE', *, *, #2248, .T. ) ;
#3864 = DIRECTION ( 'NONE',  ( -0.5126370364104440025, 0.000000000000000000, 0.8586054209590789910 ) ) ;
#3865 = LINE ( 'NONE', #2050, #5521 ) ;
#3866 = AXIS2_PLACEMENT_3D ( 'NONE', #4059, #3372, #2054 ) ;
#3867 = CARTESIAN_POINT ( 'NONE',  ( 0.7463846647147023283, 4.268512490100411279E-18, -0.7217315991900602468 ) ) ;
#3868 = ORIENTED_EDGE ( 'NONE', *, *, #865, .F. ) ;
#3869 = CARTESIAN_POINT ( 'NONE',  ( 1.977454475657365096, 0.01574803149606299191, -0.5877144976046684288 ) ) ;
#3870 = EDGE_CURVE ( 'NONE', #5265, #142, #2119, .T. ) ;
#3871 = CARTESIAN_POINT ( 'NONE',  ( 0.9916463904262167173, 0.01574803149606299538, -0.7384385438035754312 ) ) ;
#3872 = ADVANCED_FACE ( 'NONE', ( #1636 ), #1746, .F. ) ;
#3873 = B_SPLINE_CURVE_WITH_KNOTS ( 'NONE', 3,
 ( #1968, #3316, #4627, #1321, #756, #339, #1568, #3040, #2449, #1155, #1628, #3347, #3288, #4753 ),
 .UNSPECIFIED., .F., .F.,
 ( 4, 2, 2, 2, 2, 2, 4 ),
 ( 0.000000000000000000, 0.0002935070840136714339, 0.0005870141680273428678, 0.001174028336054685736, 0.001761042504082028495, 0.002054549588095697273, 0.002348056672109365833 ),
 .UNSPECIFIED. ) ;
#3874 = CARTESIAN_POINT ( 'NONE',  ( 0.7500023183947310823, 0.000000000000000000, -0.4977831352683730892 ) ) ;
#3875 = EDGE_CURVE ( 'NONE', #3381, #2767, #4562, .T. ) ;
#3876 = ORIENTED_EDGE ( 'NONE', *, *, #1814, .T. ) ;
#3877 = VERTEX_POINT ( 'NONE', #2693 ) ;
#3878 = B_SPLINE_SURFACE_WITH_KNOTS ( 'NONE', 3, 1, ( 
 ( #3065, #1768 ),
 ( #1429, #2747 ),
 ( #4813, #1354 ),
 ( #2663, #4782 ),
 ( #1828, #3597 ),
 ( #93, #68 ),
 ( #5217, #1857 ),
 ( #4478, #609 ),
 ( #5295, #497 ),
 ( #4376, #2325 ),
 ( #3139, #173 ) ),
 .UNSPECIFIED., .F., .F., .F.,
 ( 4, 1, 1, 1, 1, 1, 1, 1, 4 ),
 ( 2, 2 ),
 ( 0.000000000000000000, 0.1495992834452412878, 0.2819353318743840764, 0.4014919506173720287, 0.5122141042476819894, 0.6214475079150043602, 0.7346574448313997197, 0.8594258060854099712, 0.9999999999999998890 ),
 ( 0.000000000000000000, 1.000000000000000000 ),
 .UNSPECIFIED. ) ;
#3879 = LINE ( 'NONE', #3468, #2138 ) ;
#3880 = CARTESIAN_POINT ( 'NONE',  ( 1.119801729226426623, -2.134256245050205639E-18, -0.6343080054560634728 ) ) ;
#3881 = EDGE_CURVE ( 'NONE', #185, #547, #1480, .T. ) ;
#3882 = CARTESIAN_POINT ( 'NONE',  ( 1.119425891385690042, 0.000000000000000000, -0.7351717324689980293 ) ) ;
#3883 = CARTESIAN_POINT ( 'NONE',  ( 0.7564569929390801972, 0.01574803149606299191, -0.5046671367435138222 ) ) ;
#3884 = CARTESIAN_POINT ( 'NONE',  ( 1.114519734441949961, 0.01574803149606299191, -0.6814065122916800332 ) ) ;
#3885 = CARTESIAN_POINT ( 'NONE',  ( 1.722040335830644420, 6.402768735150616918E-18, -0.6714435597812290490 ) ) ;
#3886 = CARTESIAN_POINT ( 'NONE',  ( 1.104657787042074624, 0.000000000000000000, -0.7328658653892223818 ) ) ;
#3887 = CARTESIAN_POINT ( 'NONE',  ( 1.979306421502357916, 2.134256245050205639E-18, -0.6665005902013986239 ) ) ;
#3888 = DIRECTION ( 'NONE',  ( 0.000000000000000000, 1.000000000000000000, 0.000000000000000000 ) ) ;
#3889 = CARTESIAN_POINT ( 'NONE',  ( 1.663883044790278154, 0.01574803149606299191, -0.5243648215944163304 ) ) ;
#3890 = VERTEX_POINT ( 'NONE', #172 ) ;
#3891 = CARTESIAN_POINT ( 'NONE',  ( 1.957212064746079117, 0.01574803149606298844, -0.7256772953896105660 ) ) ;
#3892 = CARTESIAN_POINT ( 'NONE',  ( 1.983689106504815669, 2.134256245050205639E-18, -0.6783564305222392621 ) ) ;
#3893 = ORIENTED_EDGE ( 'NONE', *, *, #5107, .T. ) ;
#3894 = CARTESIAN_POINT ( 'NONE',  ( 1.676912975643401804, 0.01574803149606299885, -0.6216832854710678813 ) ) ;
#3895 = DIRECTION ( 'NONE',  ( 0.000000000000000000, 0.000000000000000000, 1.000000000000000000 ) ) ;
#3896 = EDGE_LOOP ( 'NONE', ( #335, #3238, #2955, #5072 ) ) ;
#3897 = VERTEX_POINT ( 'NONE', #4865 ) ;
#3898 = CARTESIAN_POINT ( 'NONE',  ( 1.765314851565303433, 0.000000000000000000, -0.4894335053759544807 ) ) ;
#3899 = ORIENTED_EDGE ( 'NONE', *, *, #3881, .F. ) ;
#3900 = ORIENTED_EDGE ( 'NONE', *, *, #194, .T. ) ;
#3901 = CARTESIAN_POINT ( 'NONE',  ( 1.379717071670105266, -2.134256245050205639E-18, -0.7233376626297155498 ) ) ;
#3902 = CARTESIAN_POINT ( 'NONE',  ( 0.9736663075502030029, 0.01574803149606299191, -0.7381044127063915994 ) ) ;
#3903 = CARTESIAN_POINT ( 'NONE',  ( 0.8458848803077126943, 2.134256245050205639E-18, -0.7299017421335639577 ) ) ;
#3904 = VECTOR ( 'NONE', #4498, 39.37007874015748143 ) ;
#3905 = DIRECTION ( 'NONE',  ( -0.000000000000000000, 0.000000000000000000, 1.000000000000000000 ) ) ;
#3906 = VECTOR ( 'NONE', #4275, 39.37007874015748143 ) ;
#3907 = CARTESIAN_POINT ( 'NONE',  ( 1.838379791394499918, 0.01574803149606298844, -0.6187231248477531587 ) ) ;
#3908 = ORIENTED_EDGE ( 'NONE', *, *, #3747, .F. ) ;
#3909 = DIRECTION ( 'NONE',  ( 0.000000000000000000, 1.000000000000000000, 0.000000000000000000 ) ) ;
#3910 = CARTESIAN_POINT ( 'NONE',  ( 0.9557711501985686198, 2.134256245050205639E-18, -0.7205359440606082799 ) ) ;
#3911 = PLANE ( 'NONE',  #645 ) ;
#3912 = CARTESIAN_POINT ( 'NONE',  ( 2.113429487179905308, 0.01574803149606299191, -0.7037304687500000044 ) ) ;
#3913 = ORIENTED_EDGE ( 'NONE', *, *, #4436, .T. ) ;
#3914 = CARTESIAN_POINT ( 'NONE',  ( 1.994202413818217279, 0.01574803149606299191, -0.6872853059217896021 ) ) ;
#3915 = CARTESIAN_POINT ( 'NONE',  ( 0.8478044871799053084, 0.01574803149606299191, -0.6550000000000000266 ) ) ;
#3916 = ORIENTED_EDGE ( 'NONE', *, *, #1278, .F. ) ;
#3917 = CARTESIAN_POINT ( 'NONE',  ( 1.672237906147539865, 0.01574803149606299885, -0.6201354316781084730 ) ) ;
#3918 = CARTESIAN_POINT ( 'NONE',  ( 0.6952470514306554605, 0.01574803149606299191, -0.5145614184697208104 ) ) ;
#3919 = CARTESIAN_POINT ( 'NONE',  ( 0.9008044963170370734, 0.01574803149606299538, -0.7082036632221755390 ) ) ;
#3920 = CARTESIAN_POINT ( 'NONE',  ( 1.240462753909512106, 1.067128122525102820E-17, -0.7152455378057739344 ) ) ;
#3921 = VERTEX_POINT ( 'NONE', #2715 ) ;
#3922 = LINE ( 'NONE', #948, #4870 ) ;
#3923 = VERTEX_POINT ( 'NONE', #577 ) ;
#3924 = CARTESIAN_POINT ( 'NONE',  ( 1.107259689743859576, 0.01574803149606299191, -0.6619562790863349200 ) ) ;
#3925 = CARTESIAN_POINT ( 'NONE',  ( 1.991300891385690219, 0.000000000000000000, -0.7351717324689980293 ) ) ;
#3926 = EDGE_CURVE ( 'NONE', #2898, #1791, #75, .T. ) ;
#3927 = ADVANCED_FACE ( 'NONE', ( #147 ), #1001, .T. ) ;
#3928 = ADVANCED_FACE ( 'NONE', ( #3138 ), #4061, .F. ) ;
#3929 = CARTESIAN_POINT ( 'NONE',  ( 1.804500012064770953, 8.537024980200822558E-18, -0.6878813029802639534 ) ) ;
#3930 = CARTESIAN_POINT ( 'NONE',  ( 1.414269197322425509, 0.01574803149606299538, -0.4910812313587941125 ) ) ;
#3931 = ORIENTED_EDGE ( 'NONE', *, *, #218, .T. ) ;
#3932 = CARTESIAN_POINT ( 'NONE',  ( 0.9541399169134242575, 2.134256245050205639E-18, -0.7096467500054416400 ) ) ;
#3933 = CARTESIAN_POINT ( 'NONE',  ( 1.986394734441949250, 0.01574803149606299191, -0.6814065122916799222 ) ) ;
#3934 = FACE_OUTER_BOUND ( 'NONE', #1691, .T. ) ;
#3935 = CARTESIAN_POINT ( 'NONE',  ( 1.241525148475799423, 0.000000000000000000, -0.7051150258839001816 ) ) ;
#3936 = CARTESIAN_POINT ( 'NONE',  ( 1.669359781745054949, 0.01574803149606299191, -0.5194307890960563334 ) ) ;
#3937 = ORIENTED_EDGE ( 'NONE', *, *, #1201, .T. ) ;
#3938 = CARTESIAN_POINT ( 'NONE',  ( 1.383455271777545681, 2.134256245050205639E-18, -0.7279091463883348156 ) ) ;
#3939 = CARTESIAN_POINT ( 'NONE',  ( 1.392167759854682441, 0.000000000000000000, -0.4911824671211253435 ) ) ;
#3940 = B_SPLINE_CURVE_WITH_KNOTS ( 'NONE', 3,
 ( #757, #5042, #2029, #5074, #1569, #4175, #2481, #2840, #3818, #1188, #340, #2900, #3720, #4565, #1629 ),
 .UNSPECIFIED., .F., .F.,
 ( 4, 1, 1, 1, 1, 1, 1, 1, 1, 1, 1, 1, 4 ),
 ( 0.000000000000000000, 0.08052749546006585102, 0.1557511882370008760, 0.2241427968279403882, 0.2877648094757402353, 0.3477864607779119210, 0.4043844265791493031, 0.4586476125116776825, 0.5125118302262239300, 0.6218513028698997580, 0.7381902753420745977, 0.8627846496160036516, 1.000000000000000000 ),
 .UNSPECIFIED. ) ;
#3941 = EDGE_LOOP ( 'NONE', ( #816, #1000, #3091, #2625 ) ) ;
#3942 = CARTESIAN_POINT ( 'NONE',  ( 1.406153032778219458, 0.01574803149606298844, -0.4894758543354127966 ) ) ;
#3943 = CARTESIAN_POINT ( 'NONE',  ( 1.751759565304905619, 0.01574803149606298844, -0.6237500000000000266 ) ) ;
#3944 = CARTESIAN_POINT ( 'NONE',  ( 1.683242799315642024, 0.01574803149606299538, -0.7105331776193423154 ) ) ;
#3945 = EDGE_CURVE ( 'NONE', #1264, #1712, #4033, .T. ) ;
#3946 = ORIENTED_EDGE ( 'NONE', *, *, #4206, .T. ) ;
#3947 = CARTESIAN_POINT ( 'NONE',  ( 1.761735317671229817, 0.01574803149606299191, -0.5332466344749231535 ) ) ;
#3948 = ORIENTED_EDGE ( 'NONE', *, *, #501, .F. ) ;
#3949 =( LENGTH_UNIT ( ) NAMED_UNIT ( * ) SI_UNIT ( $, .METRE. ) );
#3950 = DIRECTION ( 'NONE',  ( 0.000000000000000000, 0.000000000000000000, 1.000000000000000000 ) ) ;
#3951 = CARTESIAN_POINT ( 'NONE',  ( 0.9544769315795199605, 0.01574803149606298844, -0.7155570900523547939 ) ) ;
#3952 = VECTOR ( 'NONE', #4035, 39.37007874015748143 ) ;
#3953 = CARTESIAN_POINT ( 'NONE',  ( 0.8504840420974694171, 2.134256245050205639E-18, -0.7337022499453741409 ) ) ;
#3954 = CARTESIAN_POINT ( 'NONE',  ( 1.418549276487558020, 0.000000000000000000, -0.4936193505801174664 ) ) ;
#3955 = CARTESIAN_POINT ( 'NONE',  ( 1.809936025685241257, 8.537024980200822558E-18, -0.6843817981834026121 ) ) ;
#3956 = CARTESIAN_POINT ( 'NONE',  ( 0.6946794871799053528, -0.3448278556033430586, -0.5235546875000000044 ) ) ;
#3957 = CARTESIAN_POINT ( 'NONE',  ( 1.922804487179905264, 6.402768735150616918E-18, -0.6608593750000000266 ) ) ;
#3958 = DIRECTION ( 'NONE',  ( 0.000000000000000000, 0.000000000000000000, 1.000000000000000000 ) ) ;
#3959 = CARTESIAN_POINT ( 'NONE',  ( 1.672788419108712787, -2.134256245050205639E-18, -0.5170126222841918695 ) ) ;
#3960 = CARTESIAN_POINT ( 'NONE',  ( 1.828228106193082958, 0.01574803149606299191, -0.5655082474758671429 ) ) ;
#3961 = ORIENTED_EDGE ( 'NONE', *, *, #4607, .F. ) ;
#3962 = CARTESIAN_POINT ( 'NONE',  ( 1.376515128654870690, 0.01574803149606299538, -0.7142347700367687180 ) ) ;
#3963 = CARTESIAN_POINT ( 'NONE',  ( 1.613429487179905530, 0.000000000000000000, -0.7068066406249999822 ) ) ;
#3964 = CARTESIAN_POINT ( 'NONE',  ( 0.7244364318340736908, 0.01574803149606299885, -0.4894524040660793163 ) ) ;
#3965 = CARTESIAN_POINT ( 'NONE',  ( 0.9001974686210123533, 0.01574803149606299191, -0.7130685709365015557 ) ) ;
#3966 = CARTESIAN_POINT ( 'NONE',  ( 1.973712058032422778, 0.000000000000000000, -0.7320828900431357589 ) ) ;
#3967 = EDGE_LOOP ( 'NONE', ( #894, #4027, #4713, #607 ) ) ;
#3968 = ORIENTED_EDGE ( 'NONE', *, *, #2451, .F. ) ;
#3969 = B_SPLINE_CURVE_WITH_KNOTS ( 'NONE', 3,
 ( #2035, #1666, #824, #1163, #3755, #4599, #5046, #3382, #2991, #5108, #4244, #5019 ),
 .UNSPECIFIED., .F., .F.,
 ( 4, 2, 2, 2, 2, 4 ),
 ( 0.000000000000000000, 0.0001380651792643242646, 0.0002761303585286485293, 0.0005522607170573101774, 0.0008283910755859718797, 0.001104521434114633365 ),
 .UNSPECIFIED. ) ;
#3970 = ORIENTED_EDGE ( 'NONE', *, *, #4766, .F. ) ;
#3971 = PRODUCT_RELATED_PRODUCT_CATEGORY ( 'part', '', ( #1069 ) ) ;
#3972 =( NAMED_UNIT ( * ) PLANE_ANGLE_UNIT ( ) SI_UNIT ( $, .RADIAN. ) );
#3973 = ORIENTED_EDGE ( 'NONE', *, *, #986, .F. ) ;
#3974 = CARTESIAN_POINT ( 'NONE',  ( 1.946531226345996179, 2.134256245050205639E-18, -0.6032118762582030502 ) ) ;
#3975 = CARTESIAN_POINT ( 'NONE',  ( 1.496241987179905752, 2.134256245050205639E-18, -0.4893750000000001155 ) ) ;
#3976 = CARTESIAN_POINT ( 'NONE',  ( 1.685134211811062377, 0.01574803149606299191, -0.7124742863254724945 ) ) ;
#3977 = LINE ( 'NONE', #1911, #2225 ) ;
#3978 = CARTESIAN_POINT ( 'NONE',  ( 1.062789763106243068, 0.01574803149606299191, -0.6162757077906607650 ) ) ;
#3979 = CARTESIAN_POINT ( 'NONE',  ( 1.131395906212588676, 0.000000000000000000, -0.7359727928301216249 ) ) ;
#3980 = CARTESIAN_POINT ( 'NONE',  ( 1.157911909054905708, 0.01574803149606299191, -0.6925000000000000044 ) ) ;
#3981 = VECTOR ( 'NONE', #4102, 39.37007874015748143 ) ;
#3982 = CARTESIAN_POINT ( 'NONE',  ( 1.241554487179905797, -0.1645399120536400472, -0.7037304687500000044 ) ) ;
#3983 = CARTESIAN_POINT ( 'NONE',  ( 1.925934603288674385, 0.01574803149606298844, -0.6353857216656664253 ) ) ;
#3984 = CARTESIAN_POINT ( 'NONE',  ( 1.131395906212588676, 0.000000000000000000, -0.7359727928301216249 ) ) ;
#3985 = AXIS2_PLACEMENT_3D ( 'NONE', #2734, #5343, #4129 ) ;
#3986 = DIRECTION ( 'NONE',  ( -1.000000000000000000, 0.000000000000000000, 0.000000000000000000 ) ) ;
#3987 = CARTESIAN_POINT ( 'NONE',  ( 0.8812601051126202067, 0.000000000000000000, -0.4896107340137542674 ) ) ;
#3988 = CARTESIAN_POINT ( 'NONE',  ( 1.808935402057506803, 0.01574803149606299191, -0.4939147066958607946 ) ) ;
#3989 = CARTESIAN_POINT ( 'NONE',  ( 1.107179487179905886, 0.01574803149606299191, -0.6598339843750001821 ) ) ;
#3990 = CARTESIAN_POINT ( 'NONE',  ( 1.494777143429905530, 0.01574803149606299191, -0.5737499999999999822 ) ) ;
#3991 = B_SPLINE_CURVE_WITH_KNOTS ( 'NONE', 3,
 ( #4077, #2858, #4942, #1931, #4130, #270, #216, #300, #3737, #1083, #5463, #1583 ),
 .UNSPECIFIED., .F., .F.,
 ( 4, 2, 2, 2, 2, 4 ),
 ( 0.000000000000000000, 0.0001472362223386539147, 0.0002944724446773078295, 0.0005889448893546156590, 0.0008834173340319234884, 0.001177889778709231318 ),
 .UNSPECIFIED. ) ;
#3992 = EDGE_CURVE ( 'NONE', #869, #3314, #2805, .T. ) ;
#3993 = CARTESIAN_POINT ( 'NONE',  ( 2.029786909054905220, -0.1645399120536400472, -0.6268749999999999600 ) ) ;
#3994 = EDGE_CURVE ( 'NONE', #367, #2109, #2553, .T. ) ;
#3995 =( LENGTH_UNIT ( ) NAMED_UNIT ( * ) SI_UNIT ( $, .METRE. ) );
#3996 = FACE_OUTER_BOUND ( 'NONE', #3556, .T. ) ;
#3997 = VECTOR ( 'NONE', #1493, 39.37007874015748854 ) ;
#3998 = CARTESIAN_POINT ( 'NONE',  ( 1.678201197137761280, 0.000000000000000000, -0.7052509260326546014 ) ) ;
#3999 = CARTESIAN_POINT ( 'NONE',  ( 1.535891689266108084, 0.01574803149606298844, -0.7290154587386727947 ) ) ;
#4000 = ORIENTED_EDGE ( 'NONE', *, *, #1220, .T. ) ;
#4001 = EDGE_CURVE ( 'NONE', #1681, #899, #3655, .T. ) ;
#4002 = VERTEX_POINT ( 'NONE', #1963 ) ;
#4003 = CARTESIAN_POINT ( 'NONE',  ( 1.610046877227645945, 0.01574803149606299191, -0.5015868943690550141 ) ) ;
#4004 =( CONVERSION_BASED_UNIT ( 'INCH', #1376 ) LENGTH_UNIT ( ) NAMED_UNIT ( #220 ) );
#4005 = VERTEX_POINT ( 'NONE', #1560 ) ;
#4006 = CARTESIAN_POINT ( 'NONE',  ( 2.080408026208834471, 0.000000000000000000, -0.4896555717446321454 ) ) ;
#4007 = FACE_OUTER_BOUND ( 'NONE', #90, .T. ) ;
#4008 = CARTESIAN_POINT ( 'NONE',  ( 1.668203108893058451, 2.134256245050205639E-18, -0.6178426964903311891 ) ) ;
#4009 = CARTESIAN_POINT ( 'NONE',  ( 1.922804487179905264, 0.01574803149606299191, -0.6608593750000000266 ) ) ;
#4010 = CARTESIAN_POINT ( 'NONE',  ( 1.529950851551266977, 0.01574803149606300232, -0.7190444967318868619 ) ) ;
#4011 = DIRECTION ( 'NONE',  ( -0.000000000000000000, 1.000000000000000000, -0.000000000000000000 ) ) ;
#4012 = CARTESIAN_POINT ( 'NONE',  ( 0.9009156020876871729, 2.134256245050205639E-18, -0.7036024599242634014 ) ) ;
#4013 = CARTESIAN_POINT ( 'NONE',  ( 1.378947361873102517, 0.01574803149606300232, -0.7219447991496296124 ) ) ;
#4014 = CARTESIAN_POINT ( 'NONE',  ( 1.459595107145875037, -2.134256245050205639E-18, -0.7194963355705181751 ) ) ;
#4015 = CARTESIAN_POINT ( 'NONE',  ( 0.6985316199744912025, 0.01574803149606299191, -0.7266548157250078965 ) ) ;
#4016 = CARTESIAN_POINT ( 'NONE',  ( 1.796313817858544937, 6.402768735150616918E-18, -0.4913360111011859654 ) ) ;
#4017 = CARTESIAN_POINT ( 'NONE',  ( 1.686417071168836879, 0.01574803149606298844, -0.6504416164112143406 ) ) ;
#4018 = CARTESIAN_POINT ( 'NONE',  ( 1.939531165635440590, 0.01574803149606298844, -0.7112607086607197759 ) ) ;
#4019 = CARTESIAN_POINT ( 'NONE',  ( 1.375929487179905486, 0.01574803149606299191, -0.7068066406249999822 ) ) ;
#4020 = ORIENTED_EDGE ( 'NONE', *, *, #5257, .F. ) ;
#4021 = ADVANCED_FACE ( 'NONE', ( #4976 ), #3051, .F. ) ;
#4022 = LINE ( 'NONE', #2762, #3527 ) ;
#4023 = EDGE_CURVE ( 'NONE', #2898, #1349, #2477, .T. ) ;
#4024 = CARTESIAN_POINT ( 'NONE',  ( 2.108286090216192843, 0.01574803149606299191, -0.7257365849973882455 ) ) ;
#4025 = CARTESIAN_POINT ( 'NONE',  ( 1.689011453713198829, 0.000000000000000000, -0.7157743846298709745 ) ) ;
#4026 = CARTESIAN_POINT ( 'NONE',  ( 1.795653092365106840, 0.01574803149606299191, -0.6919692658335413471 ) ) ;
#4027 = ORIENTED_EDGE ( 'NONE', *, *, #2107, .T. ) ;
#4028 = VERTEX_POINT ( 'NONE', #4948 ) ;
#4029 = LINE ( 'NONE', #2348, #5238 ) ;
#4030 = B_SPLINE_CURVE_WITH_KNOTS ( 'NONE', 3,
 ( #476, #2193, #854, #2568, #2139, #3925, #14, #2218, #1356, #1720, #70 ),
 .UNSPECIFIED., .F., .F.,
 ( 4, 1, 1, 1, 1, 1, 1, 1, 4 ),
 ( 0.000000000000000000, 0.1569433403011107064, 0.3052641691385835077, 0.4438862275305962002, 0.5729504529666084034, 0.6925868846920740785, 0.8040351933094590509, 0.9064180598495786834, 1.000000000000000000 ),
 .UNSPECIFIED. ) ;
#4031 = ADVANCED_FACE ( 'NONE', ( #4136 ), #2191, .F. ) ;
#4032 = EDGE_LOOP ( 'NONE', ( #2731, #2608, #3041, #2214 ) ) ;
#4033 = LINE ( 'NONE', #3596, #3487 ) ;
#4034 = FACE_OUTER_BOUND ( 'NONE', #678, .T. ) ;
#4035 = DIRECTION ( 'NONE',  ( 0.000000000000000000, 1.000000000000000000, 0.000000000000000000 ) ) ;
#4036 = EDGE_CURVE ( 'NONE', #13, #1037, #1530, .T. ) ;
#4037 = CARTESIAN_POINT ( 'NONE',  ( 1.693409955929906063, 0.01574803149606298844, -0.6500195312500001155 ) ) ;
#4038 = VECTOR ( 'NONE', #425, 39.37007874015748143 ) ;
#4039 = CARTESIAN_POINT ( 'NONE',  ( 1.150435854072204611, 2.134256245050205639E-18, -0.6924205760502364360 ) ) ;
#4040 = CARTESIAN_POINT ( 'NONE',  ( 1.052193291746615467, 0.000000000000000000, -0.6770761326926553192 ) ) ;
#4041 = DIRECTION ( 'NONE',  ( 0.8550426485426084744, 0.000000000000000000, 0.5185576816259126476 ) ) ;
#4042 = ADVANCED_FACE ( 'NONE', ( #1060 ), #1345, .F. ) ;
#4043 = CARTESIAN_POINT ( 'NONE',  ( 1.461156639516344669, 0.01574803149606299538, -0.5198684452770315767 ) ) ;
#4044 = CARTESIAN_POINT ( 'NONE',  ( 1.509325131568938438, 0.01574803149606299538, -0.4917861635005939536 ) ) ;
#4045 = DIRECTION ( 'NONE',  ( 1.000000000000000000, 0.000000000000000000, 0.000000000000000000 ) ) ;
#4046 = CARTESIAN_POINT ( 'NONE',  ( 1.146415870563015860, 0.01574803149606299191, -0.6271388769549171016 ) ) ;
#4047 = CARTESIAN_POINT ( 'NONE',  ( 1.666396295937958794, 2.134256245050205639E-18, -0.5218875421156071726 ) ) ;
#4048 = ORIENTED_EDGE ( 'NONE', *, *, #10, .T. ) ;
#4049 = CARTESIAN_POINT ( 'NONE',  ( 0.9660967097892542155, 0.01574803149606299191, -0.7347396469861320334 ) ) ;
#4050 = PRESENTATION_STYLE_ASSIGNMENT (( #4581 ) ) ;
#4051 = ORIENTED_EDGE ( 'NONE', *, *, #5384, .F. ) ;
#4052 = CARTESIAN_POINT ( 'NONE',  ( 0.7241447959337304896, 0.000000000000000000, -0.4894625474206326099 ) ) ;
#4053 = CARTESIAN_POINT ( 'NONE',  ( 1.580519330929905486, 0.01574803149606299191, -0.7362499999999999600 ) ) ;
#4054 = CARTESIAN_POINT ( 'NONE',  ( 1.529863366413430237, 6.402768735150616918E-18, -0.7188059347168455071 ) ) ;
#4055 = VERTEX_POINT ( 'NONE', #1825 ) ;
#4056 = CARTESIAN_POINT ( 'NONE',  ( 1.696437299679905752, 0.000000000000000000, -0.6237500000000000266 ) ) ;
#4057 = CARTESIAN_POINT ( 'NONE',  ( 0.8641409577175938050, 0.01574803149606299191, -0.4912404362675277802 ) ) ;
#4058 = MANIFOLD_SOLID_BREP ( 'Stock-Eggfinder LCD Case V2 Program Door-1', #2631 ) ;
#4059 = CARTESIAN_POINT ( 'NONE',  ( 1.560304487179905664, -0.3448278556033430586, -0.6799999999999999378 ) ) ;
#4060 = ORIENTED_EDGE ( 'NONE', *, *, #4329, .F. ) ;
#4061 = PLANE ( 'NONE',  #1053 ) ;
#4062 = CARTESIAN_POINT ( 'NONE',  ( 1.657290006273648864, 0.01574803149606299191, -0.5972788753130612305 ) ) ;
#4063 = CARTESIAN_POINT ( 'NONE',  ( 1.110199592300106897, 0.000000000000000000, -0.6446385603825365296 ) ) ;
#4064 = CARTESIAN_POINT ( 'NONE',  ( 1.713966596554905575, 2.134256245050205639E-18, -0.6598339843749999600 ) ) ;
#4065 = CARTESIAN_POINT ( 'NONE',  ( 1.771767225926073719, 2.134256245050205639E-18, -0.7392764425951390272 ) ) ;
#4066 = CARTESIAN_POINT ( 'NONE',  ( 0.9945664885472488281, 0.01574803149606299191, -0.4912168270001306958 ) ) ;
#4067 = CARTESIAN_POINT ( 'NONE',  ( 2.029786909054905220, 0.000000000000000000, -0.6925000000000000044 ) ) ;
#4068 = ORIENTED_EDGE ( 'NONE', *, *, #43, .F. ) ;
#4069 = CARTESIAN_POINT ( 'NONE',  ( 1.452548800965556941, 0.01574803149606299191, -0.7308905588566051437 ) ) ;
#4070 = FACE_OUTER_BOUND ( 'NONE', #1742, .T. ) ;
#4071 = CARTESIAN_POINT ( 'NONE',  ( 1.137453700493088249, 0.01574803149606300579, -0.7362525514253033254 ) ) ;
#4072 = CARTESIAN_POINT ( 'NONE',  ( 2.109560893904240508, -2.134256245050205639E-18, -0.5022764856182352355 ) ) ;
#4073 = ORIENTED_EDGE ( 'NONE', *, *, #3676, .T. ) ;
#4074 = MECHANICAL_DESIGN_GEOMETRIC_PRESENTATION_REPRESENTATION (  '', ( #202 ), #207 ) ;
#4075 = FACE_OUTER_BOUND ( 'NONE', #450, .T. ) ;
#4076 = ORIENTED_EDGE ( 'NONE', *, *, #4851, .T. ) ;
#4077 = CARTESIAN_POINT ( 'NONE',  ( 0.8759294871799053750, 0.01574803149606299191, -0.4893750000000000044 ) ) ;
#4078 = CARTESIAN_POINT ( 'NONE',  ( 1.215543124153548371, 1.067128122525102820E-17, -0.7358011333994024517 ) ) ;
#4079 = VECTOR ( 'NONE', #944, 39.37007874015748143 ) ;
#4080 = CARTESIAN_POINT ( 'NONE',  ( 0.9839861278049059079, 0.01574803149606299191, -0.7393750000000001155 ) ) ;
#4081 = LINE ( 'NONE', #2294, #384 ) ;
#4082 = CARTESIAN_POINT ( 'NONE',  ( 1.564206941234194126, 2.134256245050205639E-18, -0.5020369708627390182 ) ) ;
#4083 = ORIENTED_EDGE ( 'NONE', *, *, #4573, .T. ) ;
#4084 = DIRECTION ( 'NONE',  ( 0.1947149249117245684, 0.000000000000000000, -0.9808598768512357680 ) ) ;
#4085 = CARTESIAN_POINT ( 'NONE',  ( 1.671979584735631352, -2.134256245050205639E-18, -0.6200600494550865260 ) ) ;
#4086 = CARTESIAN_POINT ( 'NONE',  ( 0.9990819392866335802, 0.000000000000000000, -0.4939665818789647500 ) ) ;
#4087 = CARTESIAN_POINT ( 'NONE',  ( 1.588527143429905530, 2.134256245050205639E-18, -0.4893750000000000044 ) ) ;
#4088 = ORIENTED_EDGE ( 'NONE', *, *, #2044, .F. ) ;
#4089 = CARTESIAN_POINT ( 'NONE',  ( 1.987745893429905264, 0.01574803149606299191, -0.6829296874999999378 ) ) ;
#4090 = MANIFOLD_SOLID_BREP ( 'Stock-Eggfinder LCD Case V2 Program Door-4', #303 ) ;
#4091 = CARTESIAN_POINT ( 'NONE',  ( 1.868989555706127792, 2.134256245050205639E-18, -0.6971243818934035330 ) ) ;
#4092 = EDGE_CURVE ( 'NONE', #307, #1071, #1405, .T. ) ;
#4093 = DIRECTION ( 'NONE',  ( 0.000000000000000000, 1.000000000000000000, 0.000000000000000000 ) ) ;
#4094 = ADVANCED_FACE ( 'NONE', ( #1794 ), #480, .F. ) ;
#4095 = CARTESIAN_POINT ( 'NONE',  ( 1.228441344785508704, 0.000000000000000000, -0.7320200826854215137 ) ) ;
#4096 = CARTESIAN_POINT ( 'NONE',  ( 0.9008519069861026241, 0.01574803149606299191, -0.5175423311753131195 ) ) ;
#4097 = CARTESIAN_POINT ( 'NONE',  ( 1.375929487179905486, 2.134256245050205639E-18, -0.7068066406249999822 ) ) ;
#4098 = CARTESIAN_POINT ( 'NONE',  ( 0.9542919257015421985, -2.134256245050205639E-18, -0.5147207550859113079 ) ) ;
#4099 = DIRECTION ( 'NONE',  ( 0.000000000000000000, 1.000000000000000000, 0.000000000000000000 ) ) ;
#4100 = CARTESIAN_POINT ( 'NONE',  ( 1.522866706948486026, 0.000000000000000000, -0.5045972091795551950 ) ) ;
#4101 = EDGE_CURVE ( 'NONE', #3715, #628, #688, .T. ) ;
#4102 = DIRECTION ( 'NONE',  ( 0.000000000000000000, 1.000000000000000000, 0.000000000000000000 ) ) ;
#4103 = CARTESIAN_POINT ( 'NONE',  ( 1.751759565304905619, 2.134256245050205639E-18, -0.6237500000000000266 ) ) ;
#4104 = ORIENTED_EDGE ( 'NONE', *, *, #2206, .F. ) ;
#4105 = FACE_BOUND ( 'NONE', #2270, .T. ) ;
#4106 = CARTESIAN_POINT ( 'NONE',  ( 1.593652242189570911, 0.01574803149606299191, -0.7349146247617434069 ) ) ;
#4107 = CARTESIAN_POINT ( 'NONE',  ( 2.088752904383269993, 0.01574803149606299538, -0.4894812087416450797 ) ) ;
#4108 = CARTESIAN_POINT ( 'NONE',  ( 1.010304487179905841, 0.000000000000000000, -0.5216015625000001155 ) ) ;
#4109 = CARTESIAN_POINT ( 'NONE',  ( 0.8478981602852648791, 0.01574803149606299191, -0.5176555267358625700 ) ) ;
#4110 = EDGE_CURVE ( 'NONE', #240, #1373, #1907, .T. ) ;
#4111 = CARTESIAN_POINT ( 'NONE',  ( 1.586386269185758202, 2.134256245050205639E-18, -0.4894778167403063818 ) ) ;
#4112 = CARTESIAN_POINT ( 'NONE',  ( 2.064929235405824404, 0.000000000000000000, -0.4978859496103231752 ) ) ;
#4113 = CARTESIAN_POINT ( 'NONE',  ( 1.464894330929905619, 6.402768735150616918E-18, -0.7020214843750001155 ) ) ;
#4114 = CARTESIAN_POINT ( 'NONE',  ( 1.504885159408923423, -2.134256245050205639E-18, -0.4903065445313095627 ) ) ;
#4115 = CARTESIAN_POINT ( 'NONE',  ( 1.185304487179905886, -0.3448278556033430586, -0.6925000000000000044 ) ) ;
#4116 = CARTESIAN_POINT ( 'NONE',  ( 1.055082692834850011, 0.01574803149606299191, -0.6320267784971642655 ) ) ;
#4117 = FACE_OUTER_BOUND ( 'NONE', #992, .T. ) ;
#4118 = LINE ( 'NONE', #3750, #1813 ) ;
#4119 = CARTESIAN_POINT ( 'NONE',  ( 0.9541362347901385377, 0.000000000000000000, -0.5192325721664362570 ) ) ;
#4120 = VERTEX_POINT ( 'NONE', #3653 ) ;
#4121 = VECTOR ( 'NONE', #3220, 39.37007874015748143 ) ;
#4122 = CARTESIAN_POINT ( 'NONE',  ( 1.521391238586997430, 0.01574803149606298497, -0.5022205425212566965 ) ) ;
#4123 = CARTESIAN_POINT ( 'NONE',  ( 1.820506218596455339, 0.000000000000000000, -0.7309932627730580945 ) ) ;
#4124 = CARTESIAN_POINT ( 'NONE',  ( 1.375929487179905486, -2.134256245050205639E-18, -0.7068066406249999822 ) ) ;
#4125 = CARTESIAN_POINT ( 'NONE',  ( 1.661816482012886009, 2.134256245050205639E-18, -0.5269625847838745880 ) ) ;
#4126 = CARTESIAN_POINT ( 'NONE',  ( 1.886116638024798453, 0.000000000000000000, -0.5625483926388011868 ) ) ;
#4127 = ORIENTED_EDGE ( 'NONE', *, *, #3146, .T. ) ;
#4128 = CARTESIAN_POINT ( 'NONE',  ( 0.9557711501985686198, -2.134256245050205639E-18, -0.7205359440606082799 ) ) ;
#4129 = DIRECTION ( 'NONE',  ( 0.000000000000000000, 0.000000000000000000, 1.000000000000000000 ) ) ;
#4130 = CARTESIAN_POINT ( 'NONE',  ( 0.8663379390454478690, 0.01574803149606299191, -0.4906118505370033467 ) ) ;
#4131 = CARTESIAN_POINT ( 'NONE',  ( 1.582851716830929067, 0.01574803149606299191, -0.7361789246398285913 ) ) ;
#4132 = CARTESIAN_POINT ( 'NONE',  ( 1.115870893429905752, 2.134256245050205639E-18, -0.6829296874999999378 ) ) ;
#4133 = LINE ( 'NONE', #5433, #917 ) ;
#4134 = FACE_OUTER_BOUND ( 'NONE', #1818, .T. ) ;
#4135 = CARTESIAN_POINT ( 'NONE',  ( 1.560304487179905664, -0.3448278556033430586, -0.5196484375000000044 ) ) ;
#4136 = FACE_OUTER_BOUND ( 'NONE', #4419, .T. ) ;
#4137 = CARTESIAN_POINT ( 'NONE',  ( 1.658308644130744192, -2.134256245050205639E-18, -0.6027245569226415967 ) ) ;
#4138 = EDGE_CURVE ( 'NONE', #4734, #4210, #4947, .T. ) ;
#4139 = ORIENTED_EDGE ( 'NONE', *, *, #1852, .F. ) ;
#4140 = ORIENTED_EDGE ( 'NONE', *, *, #1853, .F. ) ;
#4141 = CARTESIAN_POINT ( 'NONE',  ( 1.754690887052041459, 0.000000000000000000, -0.7391306120520303446 ) ) ;
#4142 = CARTESIAN_POINT ( 'NONE',  ( 1.580519330929905486, 0.01574803149606299191, -0.7362499999999999600 ) ) ;
#4143 = EDGE_LOOP ( 'NONE', ( #1625, #5537, #2976, #3344, #4243, #2560, #2082, #1324, #874, #1102 ) ) ;
#4144 = CARTESIAN_POINT ( 'NONE',  ( 1.010118819068422269, 0.01574803149606299191, -0.7144299674326135552 ) ) ;
#4145 = LINE ( 'NONE', #4067, #1149 ) ;
#4146 = ORIENTED_EDGE ( 'NONE', *, *, #3512, .T. ) ;
#4147 = UNCERTAINTY_MEASURE_WITH_UNIT (LENGTH_MEASURE( 1.000000000000000082E-05 ), #1762, 'distance_accuracy_value', 'NONE');
#4148 = CARTESIAN_POINT ( 'NONE',  ( 1.725682410198084105, 2.134256245050205639E-18, -0.6760040987930447942 ) ) ;
#4149 = CARTESIAN_POINT ( 'NONE',  ( 1.804596188312323157, 0.01574803149606299191, -0.6879241643078812807 ) ) ;
#4150 = CARTESIAN_POINT ( 'NONE',  ( 0.6973502810861850199, 0.01574803149606299538, -0.7243335753611319650 ) ) ;
#4151 = PLANE ( 'NONE',  #2350 ) ;
#4152 = CARTESIAN_POINT ( 'NONE',  ( 1.892708143753448535, 0.01574803149606299191, -0.6411864590076461479 ) ) ;
#4153 = CARTESIAN_POINT ( 'NONE',  ( 1.185304487179905886, 0.01574803149606299191, -0.6925000000000000044 ) ) ;
#4154 = CARTESIAN_POINT ( 'NONE',  ( 1.496241987179905530, 0.01574803149606299538, -0.4893750000000000044 ) ) ;
#4155 = FACE_OUTER_BOUND ( 'NONE', #4200, .T. ) ;
#4156 = CARTESIAN_POINT ( 'NONE',  ( 1.774979853927590057, 2.134256245050205639E-18, -0.6104769995186635212 ) ) ;
#4157 = CARTESIAN_POINT ( 'NONE',  ( 1.054059603288675318, 6.402768735150616918E-18, -0.6353857216656665363 ) ) ;
#4158 = CARTESIAN_POINT ( 'NONE',  ( 1.691383674748812460, 0.01574803149606299191, -0.6501121880039365530 ) ) ;
#4159 = DIRECTION ( 'NONE',  ( 0.000000000000000000, 1.000000000000000000, 0.000000000000000000 ) ) ;
#4160 = CARTESIAN_POINT ( 'NONE',  ( 1.786123431469790024, 0.01574803149606299885, -0.4900923446077135592 ) ) ;
#4161 = FACE_OUTER_BOUND ( 'NONE', #119, .T. ) ;
#4162 = VECTOR ( 'NONE', #4592, 39.37007874015748143 ) ;
#4163 = EDGE_CURVE ( 'NONE', #922, #4028, #2799, .T. ) ;
#4164 = CARTESIAN_POINT ( 'NONE',  ( 1.827661828411983214, -2.134256245050205639E-18, -0.6640829252053401799 ) ) ;
#4165 = CARTESIAN_POINT ( 'NONE',  ( 0.8738356983049108129, 2.134256245050205639E-18, -0.4894727179906456782 ) ) ;
#4166 = EDGE_CURVE ( 'NONE', #2877, #3135, #3710, .T. ) ;
#4167 = VECTOR ( 'NONE', #5500, 39.37007874015748143 ) ;
#4168 = CARTESIAN_POINT ( 'NONE',  ( 0.7058091336034709729, -2.134256245050205639E-18, -0.7349402306124369622 ) ) ;
#4169 = CARTESIAN_POINT ( 'NONE',  ( 1.995730721102108474, 2.134256245050205639E-18, -0.5842720217304788743 ) ) ;
#4170 = CARTESIAN_POINT ( 'NONE',  ( 1.214894330929905841, 0.01574803149606299191, -0.4893750000000000044 ) ) ;
#4171 = ORIENTED_EDGE ( 'NONE', *, *, #4110, .T. ) ;
#4172 = CARTESIAN_POINT ( 'NONE',  ( 1.114083081255677454, 0.000000000000000000, -0.7345421172199687598 ) ) ;
#4173 = EDGE_LOOP ( 'NONE', ( #2658, #1665, #5399, #2478 ) ) ;
#4174 = CARTESIAN_POINT ( 'NONE',  ( 0.8731684917852673422, 0.01574803149606299191, -0.7392285493087877857 ) ) ;
#4175 = CARTESIAN_POINT ( 'NONE',  ( 1.611192039233947160, 2.134256245050205639E-18, -0.7211664009154009625 ) ) ;
#4176 = CARTESIAN_POINT ( 'NONE',  ( 0.7475625992338678083, 2.134256245050205639E-18, -0.7154831098358276353 ) ) ;
#4177 = CARTESIAN_POINT ( 'NONE',  ( 0.9660916658251496036, 0.000000000000000000, -0.4940636039383386469 ) ) ;
#4178 = LINE ( 'NONE', #399, #4844 ) ;
#4179 = ORIENTED_EDGE ( 'NONE', *, *, #2839, .T. ) ;
#4180 = DIRECTION ( 'NONE',  ( 0.000000000000000000, 1.000000000000000000, 0.000000000000000000 ) ) ;
#4181 = CARTESIAN_POINT ( 'NONE',  ( 1.832163198753638866, 0.01574803149606299538, -0.6542175261725791113 ) ) ;
#4182 = CARTESIAN_POINT ( 'NONE',  ( 2.106366485694179946, 2.134256245050205639E-18, -0.4975879760096892923 ) ) ;
#4183 = CARTESIAN_POINT ( 'NONE',  ( 1.808186265675640669, 0.000000000000000000, -0.7347176547495120058 ) ) ;
#4184 = LINE ( 'NONE', #318, #849 ) ;
#4185 = CARTESIAN_POINT ( 'NONE',  ( 1.563005738600511840, 0.01574803149606299191, -0.5042841375794866465 ) ) ;
#4186 = CARTESIAN_POINT ( 'NONE',  ( 1.465628770339830744, 0.01574803149606299538, -0.5064476546838615478 ) ) ;
#4187 = CARTESIAN_POINT ( 'NONE',  ( 1.525471009848470061, 0.01574803149606299885, -0.5099781126022837618 ) ) ;
#4188 = CARTESIAN_POINT ( 'NONE',  ( 1.717106793559112665, 2.134256245050205639E-18, -0.5447731005710385599 ) ) ;
#4189 = CARTESIAN_POINT ( 'NONE',  ( 1.107179487179905886, 0.000000000000000000, -0.6598339843749999600 ) ) ;
#4190 = CARTESIAN_POINT ( 'NONE',  ( 0.8937347775914286085, 2.134256245050205639E-18, -0.7284242665971171204 ) ) ;
#4191 = CARTESIAN_POINT ( 'NONE',  ( 0.8386757062408136676, 6.402768735150616918E-18, -0.7202955058092699314 ) ) ;
#4192 = CARTESIAN_POINT ( 'NONE',  ( 1.884232094854855877, 0.01574803149606299538, -0.5576541653522844033 ) ) ;
#4193 = LINE ( 'NONE', #3008, #3438 ) ;
#4194 = CARTESIAN_POINT ( 'NONE',  ( 2.113343419633694875, 0.000000000000000000, -0.7077921830871947151 ) ) ;
#4195 = ADVANCED_FACE ( 'NONE', ( #3247 ), #2022, .F. ) ;
#4196 = ADVANCED_FACE ( 'NONE', ( #305 ), #2409, .F. ) ;
#4197 = CARTESIAN_POINT ( 'NONE',  ( 2.061409850723055381, 0.01574803149606299191, -0.5025771258101796590 ) ) ;
#4198 = VERTEX_POINT ( 'NONE', #4499 ) ;
#4199 = ORIENTED_EDGE ( 'NONE', *, *, #415, .F. ) ;
#4200 = EDGE_LOOP ( 'NONE', ( #4365, #672, #5156, #4496 ) ) ;
#4201 = ORIENTED_EDGE ( 'NONE', *, *, #4101, .T. ) ;
#4202 = CARTESIAN_POINT ( 'NONE',  ( 1.053384009701004764, 0.01574803149606298844, -0.6376904458516648999 ) ) ;
#4203 = CARTESIAN_POINT ( 'NONE',  ( 1.611088083742549193, 0.01574803149606298844, -0.7215175116043701653 ) ) ;
#4204 = PLANE ( 'NONE',  #1095 ) ;
#4205 = B_SPLINE_CURVE_WITH_KNOTS ( 'NONE', 3,
 ( #528, #4456, #578, #121, #3542, #1885, #5267, #2297, #1456, #4891, #1402 ),
 .UNSPECIFIED., .F., .F.,
 ( 4, 1, 1, 1, 1, 1, 1, 1, 4 ),
 ( 0.000000000000000000, 0.1401180047643451332, 0.2686100580034988528, 0.3908975091221431053, 0.5089641436815214304, 0.6263889689773974867, 0.7425663412124188234, 0.8660351272880012496, 1.000000000000000000 ),
 .UNSPECIFIED. ) ;
#4206 = EDGE_CURVE ( 'NONE', #1351, #240, #2732, .T. ) ;
#4207 = CARTESIAN_POINT ( 'NONE',  ( 1.108425589604966177, -2.134256245050205639E-18, -0.6491831046553113715 ) ) ;
#4208 = LENGTH_MEASURE_WITH_UNIT ( LENGTH_MEASURE( 0.02539999999999999897 ), #2904 );
#4209 = CARTESIAN_POINT ( 'NONE',  ( 1.241253194879098576, 0.01574803149606300232, -0.5136000514925587179 ) ) ;
#4210 = VERTEX_POINT ( 'NONE', #3311 ) ;
#4211 = CARTESIAN_POINT ( 'NONE',  ( 1.740454092043963064, 2.134256245050205639E-18, -0.6888545350961746694 ) ) ;
#4212 = CARTESIAN_POINT ( 'NONE',  ( 1.772128976813631018, 2.134256245050205639E-18, -0.5875327545382760253 ) ) ;
#4213 = CARTESIAN_POINT ( 'NONE',  ( 0.6946794871799053528, 0.01574803149606299191, -0.7089062499999998490 ) ) ;
#4214 = CARTESIAN_POINT ( 'NONE',  ( 1.875803376153104551, 0.01574803149606299191, -0.6875206543491854116 ) ) ;
#4215 = CARTESIAN_POINT ( 'NONE',  ( 1.464894330929905619, -0.3448278556033430586, -0.7020214843750001155 ) ) ;
#4216 = CARTESIAN_POINT ( 'NONE',  ( 1.560304487179905664, 0.01574803149606299191, -0.6799999999999999378 ) ) ;
#4217 = CARTESIAN_POINT ( 'NONE',  ( 1.520271763518826758, 0.000000000000000000, -0.5006583000933099159 ) ) ;
#4218 = CARTESIAN_POINT ( 'NONE',  ( 1.691383674748812460, 2.134256245050205639E-18, -0.6501121880039365530 ) ) ;
#4219 = ADVANCED_FACE ( 'NONE', ( #5037 ), #1183, .F. ) ;
#4220 = LINE ( 'NONE', #3027, #4567 ) ;
#4221 = VECTOR ( 'NONE', #4307, 39.37007874015748143 ) ;
#4222 = CARTESIAN_POINT ( 'NONE',  ( 1.064187937789624838, 0.01574803149606299191, -0.6144818557087915467 ) ) ;
#4223 = CARTESIAN_POINT ( 'NONE',  ( 0.8963952433606935388, 2.134256245050205639E-18, -0.7249349314784748755 ) ) ;
#4224 = CARTESIAN_POINT ( 'NONE',  ( 0.9894561831163073418, -2.134256245050205639E-18, -0.7390757100430840332 ) ) ;
#4225 = CARTESIAN_POINT ( 'NONE',  ( 1.429038886757755478, 6.402768735150616918E-18, -0.7362073259274009018 ) ) ;
#4226 = CARTESIAN_POINT ( 'NONE',  ( 1.987745893429905264, 0.01574803149606299191, -0.6829296874999999378 ) ) ;
#4227 = CARTESIAN_POINT ( 'NONE',  ( 0.7375783214138085242, 4.268512490100411279E-18, -0.7350724542995681343 ) ) ;
#4228 = CARTESIAN_POINT ( 'NONE',  ( 1.185304487179905886, -0.3448278556033430586, -0.5831250000000000044 ) ) ;
#4229 = B_SPLINE_SURFACE_WITH_KNOTS ( 'NONE', 3, 1, ( 
 ( #746, #1527 ),
 ( #243, #3804 ),
 ( #2474, #4194 ),
 ( #3705, #2920 ),
 ( #4555, #3680 ),
 ( #329, #5520 ),
 ( #304, #2051 ),
 ( #4648, #4675 ),
 ( #1146, #2827 ),
 ( #1116, #715 ),
 ( #3772, #5402 ),
 ( #1557, #1653 ),
 ( #4585, #1620 ),
 ( #2017, #3368 ),
 ( #5492, #2378 ),
 ( #5061, #1235 ),
 ( #1211, #777 ),
 ( #2498, #684 ),
 ( #273, #1985 ) ),
 .UNSPECIFIED., .F., .F., .F.,
 ( 4, 1, 1, 1, 1, 1, 1, 1, 1, 1, 1, 1, 1, 1, 1, 1, 4 ),
 ( 2, 2 ),
 ( 0.000000000000000000, 0.07632991237579972443, 0.1475902797655206378, 0.2141341229181883410, 0.2766335995961090588, 0.3354621556079133704, 0.3904701877972195367, 0.4445106943788564302, 0.4965622250395489434, 0.5495416088508521257, 0.6031030765590439380, 0.6597058747106790966, 0.7195927783563121904, 0.7833678860529309507, 0.8506459785148551278, 0.9227992763119452491, 1.000000000000000000 ),
 ( 0.000000000000000000, 1.000000000000000000 ),
 .UNSPECIFIED. ) ;
#4230 = CARTESIAN_POINT ( 'NONE',  ( 1.010000538185062968, 0.01574803149606299191, -0.7151926346472327056 ) ) ;
#4231 = CARTESIAN_POINT ( 'NONE',  ( 1.976532787042074135, 0.01574803149606299191, -0.7328658653892226038 ) ) ;
#4232 = ORIENTED_EDGE ( 'NONE', *, *, #3436, .F. ) ;
#4233 = B_SPLINE_CURVE_WITH_KNOTS ( 'NONE', 3,
 ( #2666, #4428, #2358, #1858, #4086, #227, #3140, #1943, #1511, #362, #4676 ),
 .UNSPECIFIED., .F., .F.,
 ( 4, 1, 1, 1, 1, 1, 1, 1, 4 ),
 ( 0.000000000000000000, 0.1182764693417158869, 0.2293361993440335977, 0.3395720181782663771, 0.4538680160291304055, 0.5741236693671500912, 0.7016203289588394121, 0.8424135457246765268, 1.000000000000000000 ),
 .UNSPECIFIED. ) ;
#4234 = ORIENTED_EDGE ( 'NONE', *, *, #4851, .F. ) ;
#4235 = CARTESIAN_POINT ( 'NONE',  ( 1.723331972758510355, 0.000000000000000000, -0.4949251846485587802 ) ) ;
#4236 = ORIENTED_EDGE ( 'NONE', *, *, #642, .F. ) ;
#4237 = CARTESIAN_POINT ( 'NONE',  ( 1.695739057791677995, 0.000000000000000000, -0.7206459225298146309 ) ) ;
#4238 = CARTESIAN_POINT ( 'NONE',  ( 1.922804487179905264, 2.134256245050205639E-18, -0.6608593750000000266 ) ) ;
#4239 = CARTESIAN_POINT ( 'NONE',  ( 1.783070922449353723, 6.402768735150616918E-18, -0.4896599532753784789 ) ) ;
#4240 = CARTESIAN_POINT ( 'NONE',  ( 0.9582180331331666689, 0.000000000000000000, -0.5027135717260216019 ) ) ;
#4241 = CARTESIAN_POINT ( 'NONE',  ( 1.838429487179905841, 0.01574803149606299191, -0.6155957031250000044 ) ) ;
#4242 = CARTESIAN_POINT ( 'NONE',  ( 1.483617750234937915, 1.707404996040164512E-17, -0.4908385602056248298 ) ) ;
#4243 = ORIENTED_EDGE ( 'NONE', *, *, #549, .F. ) ;
#4244 = CARTESIAN_POINT ( 'NONE',  ( 1.154242502922833369, 0.01574803149606300232, -0.6924610170432171641 ) ) ;
#4245 = EDGE_CURVE ( 'NONE', #922, #5411, #2585, .T. ) ;
#4246 = CARTESIAN_POINT ( 'NONE',  ( 2.113223367497592431, 2.134256245050205639E-18, -0.5143599453195993876 ) ) ;
#4247 = CARTESIAN_POINT ( 'NONE',  ( 1.890142677013845196, 0.000000000000000000, -0.6538268478142293949 ) ) ;
#4248 = DIRECTION ( 'NONE',  ( -0.9739204540951198474, 0.000000000000000000, 0.2268897289327035938 ) ) ;
#4249 = CARTESIAN_POINT ( 'NONE',  ( 1.769923627804905752, 0.01574803149606299191, -0.5331249999999999600 ) ) ;
#4250 = CARTESIAN_POINT ( 'NONE',  ( 1.109162933886112645, 0.000000000000000000, -0.7337673975142066096 ) ) ;
#4251 = CARTESIAN_POINT ( 'NONE',  ( 1.664491142161984572, 2.134256245050205639E-18, -0.6731983133695433885 ) ) ;
#4252 = CARTESIAN_POINT ( 'NONE',  ( 0.9917770392203875129, 0.01574803149606299191, -0.4903539564578515697 ) ) ;
#4253 = LINE ( 'NONE', #5486, #1535 ) ;
#4254 = CARTESIAN_POINT ( 'NONE',  ( 1.197437334274282561, 0.01574803149606299191, -0.4940949613715140409 ) ) ;
#4255 = CARTESIAN_POINT ( 'NONE',  ( 1.234491485694180657, 0.01574803149606299191, -0.4975879760096892923 ) ) ;
#4256 = CARTESIAN_POINT ( 'NONE',  ( 1.880716882980334681, 0.01574803149606299191, -0.5499907378431230232 ) ) ;
#4257 = CARTESIAN_POINT ( 'NONE',  ( 1.657179487179905708, 0.01574803149606299191, -0.5469433593750000488 ) ) ;
#4258 = FACE_OUTER_BOUND ( 'NONE', #4399, .T. ) ;
#4259 = ORIENTED_EDGE ( 'NONE', *, *, #2137, .T. ) ;
#4260 = CARTESIAN_POINT ( 'NONE',  ( 1.994511425620467682, 0.01574803149606299191, -0.5844222799748887143 ) ) ;
#4261 = CARTESIAN_POINT ( 'NONE',  ( 1.710304487179905575, 0.01574803149606299191, -0.5480664062500000266 ) ) ;
#4262 = VECTOR ( 'NONE', #705, 39.37007874015748143 ) ;
#4263 = VERTEX_POINT ( 'NONE', #1304 ) ;
#4264 = ORIENTED_EDGE ( 'NONE', *, *, #449, .T. ) ;
#4265 = CARTESIAN_POINT ( 'NONE',  ( 0.7546439343552930890, 0.000000000000000000, -0.5023460579134045867 ) ) ;
#4266 = VECTOR ( 'NONE', #963, 39.37007874015748143 ) ;
#4267 = VERTEX_POINT ( 'NONE', #4651 ) ;
#4268 = B_SPLINE_CURVE_WITH_KNOTS ( 'NONE', 3,
 ( #199, #1914, #1485, #1066, #4509, #639, #2362, #228, #3545, #1096, #666, #3978, #126, #4116, #4202, #3375, #5009, #2507 ),
 .UNSPECIFIED., .F., .F.,
 ( 4, 2, 2, 2, 2, 2, 2, 2, 4 ),
 ( 0.000000000000000000, 0.0004405862287421353943, 0.0008811724574842707885, 0.001321758686226406345, 0.001762344914968541577, 0.002202931143710677026, 0.002643517372452816160, 0.003084103601194955729, 0.003524689829937094863 ),
 .UNSPECIFIED. ) ;
#4269 = VECTOR ( 'NONE', #1230, 39.37007874015748143 ) ;
#4270 = CARTESIAN_POINT ( 'NONE',  ( 1.185304487179905886, 0.01574803149606299191, -0.6268749999999999600 ) ) ;
#4271 = ADVANCED_FACE ( 'NONE', ( #4298 ), #3809, .T. ) ;
#4272 = CARTESIAN_POINT ( 'NONE',  ( 1.657179487179905708, -0.3448278556033430586, -0.5469433593750000488 ) ) ;
#4273 = EDGE_CURVE ( 'NONE', #933, #2136, #846, .T. ) ;
#4274 = ORIENTED_EDGE ( 'NONE', *, *, #3567, .F. ) ;
#4275 = DIRECTION ( 'NONE',  ( 0.000000000000000000, 1.000000000000000000, 0.000000000000000000 ) ) ;
#4276 = CARTESIAN_POINT ( 'NONE',  ( 0.7042849612339375787, 0.01574803149606299538, -0.7339375794617920556 ) ) ;
#4277 = CARTESIAN_POINT ( 'NONE',  ( 1.986985300103733199, 0.01574803149606299885, -0.7347003355214780651 ) ) ;
#4278 = CARTESIAN_POINT ( 'NONE',  ( 1.838282755252247602, 8.537024980200822558E-18, -0.6248297380482389363 ) ) ;
#4279 = CARTESIAN_POINT ( 'NONE',  ( 1.715405917995800333, 6.402768735150616918E-18, -0.6619560225051788205 ) ) ;
#4280 = ADVANCED_FACE ( 'NONE', ( #33 ), #5216, .F. ) ;
#4281 = CARTESIAN_POINT ( 'NONE',  ( 1.425377796716588374, 6.402768735150616918E-18, -0.5014018362069876389 ) ) ;
#4282 = B_SPLINE_SURFACE_WITH_KNOTS ( 'NONE', 3, 1, ( 
 ( #3273, #4286 ),
 ( #5546, #4993 ),
 ( #3798, #2430 ),
 ( #2945, #2100 ),
 ( #3300, #4157 ),
 ( #1646, #407 ),
 ( #3834, #1673 ),
 ( #4222, #1206 ),
 ( #3389, #3735 ),
 ( #356, #1551 ),
 ( #4644, #3363 ),
 ( #299, #2012 ),
 ( #3765, #1614 ),
 ( #1174, #5118 ),
 ( #2886, #1581 ),
 ( #2972, #4696 ),
 ( #4611, #739 ),
 ( #3334, #4359 ),
 ( #1313, #101 ) ),
 .UNSPECIFIED., .F., .F., .F.,
 ( 4, 1, 1, 1, 1, 1, 1, 1, 1, 1, 1, 1, 1, 1, 1, 1, 4 ),
 ( 2, 2 ),
 ( 0.000000000000000000, 0.06471401816636546123, 0.1260074759657009158, 0.1848404604205493573, 0.2412139089641156531, 0.2962365839730131123, 0.3506218337640996663, 0.4049891146124617869, 0.4601104791148301065, 0.5167961286223616835, 0.5752343926751204428, 0.6364091737907190405, 0.7005078337452680382, 0.7688271593737624476, 0.8409926476957445551, 0.9181950594621326456, 1.000000000000000000 ),
 ( 0.000000000000000000, 1.000000000000000000 ),
 .UNSPECIFIED. ) ;
#4283 = CARTESIAN_POINT ( 'NONE',  ( 1.769839029394348229, 2.134256245050205639E-18, -0.6176721814844803315 ) ) ;
#4284 = ADVANCED_FACE ( 'NONE', ( #916 ), #2863, .F. ) ;
#4285 = CARTESIAN_POINT ( 'NONE',  ( 1.056211293975100052, -2.134256245050205639E-18, -0.6920564396778251526 ) ) ;
#4286 = CARTESIAN_POINT ( 'NONE',  ( 1.050929487179905752, 6.402768735150616918E-18, -0.6608593750000000266 ) ) ;
#4287 = CARTESIAN_POINT ( 'NONE',  ( 1.791801517429670199, 0.000000000000000000, -0.5359145275914167783 ) ) ;
#4288 = CARTESIAN_POINT ( 'NONE',  ( 1.113822422333190509, 0.000000000000000000, -0.5857795907696653481 ) ) ;
#4289 = VERTEX_POINT ( 'NONE', #570 ) ;
#4290 = CARTESIAN_POINT ( 'NONE',  ( 1.426857221554905575, 0.01574803149606298844, -0.7362499999999999600 ) ) ;
#4291 =( CONVERSION_BASED_UNIT ( 'INCH', #3480 ) LENGTH_UNIT ( ) NAMED_UNIT ( #4363 ) );
#4292 = DIRECTION ( 'NONE',  ( 0.000000000000000000, 0.000000000000000000, -1.000000000000000000 ) ) ;
#4293 = B_SPLINE_CURVE_WITH_KNOTS ( 'NONE', 3,
 ( #2462, #4545, #5508, #2007, #2397, #1608, #1168, #2940, #2070, #2910, #1577, #380, #2518, #4665, #1978, #4639, #2425, #351, #2818 ),
 .UNSPECIFIED., .F., .F.,
 ( 4, 1, 1, 1, 1, 1, 1, 1, 1, 1, 1, 1, 1, 1, 1, 1, 4 ),
 ( 0.000000000000000000, 0.07632991237579972443, 0.1475902797655206378, 0.2141341229181883410, 0.2766335995961090588, 0.3354621556079133704, 0.3904701877972195367, 0.4445106943788564302, 0.4965622250395489434, 0.5495416088508521257, 0.6031030765590439380, 0.6597058747106790966, 0.7195927783563121904, 0.7833678860529309507, 0.8506459785148551278, 0.9227992763119452491, 1.000000000000000000 ),
 .UNSPECIFIED. ) ;
#4294 = ADVANCED_FACE ( 'NONE', ( #2607 ), #2010, .F. ) ;
#4295 = CARTESIAN_POINT ( 'NONE',  ( 0.7478044871799054416, 0.01574803149606298844, -0.7087109375000000266 ) ) ;
#4296 = VERTEX_POINT ( 'NONE', #1957 ) ;
#4297 = CARTESIAN_POINT ( 'NONE',  ( 1.960976540272410418, 0.01574803149606299191, -0.5937573424245496945 ) ) ;
#4298 = FACE_OUTER_BOUND ( 'NONE', #3465, .T. ) ;
#4299 = CARTESIAN_POINT ( 'NONE',  ( 0.8591040579150183154, 6.402768735150616918E-18, -0.7378883234517279455 ) ) ;
#4300 = ORIENTED_EDGE ( 'NONE', *, *, #3304, .F. ) ;
#4301 = ADVANCED_FACE ( 'NONE', ( #189 ), #711, .F. ) ;
#4302 = CARTESIAN_POINT ( 'NONE',  ( 0.7626869087248968615, 0.01574803149606298844, -0.5132015219545007501 ) ) ;
#4303 = VERTEX_POINT ( 'NONE', #1900 ) ;
#4304 = LINE ( 'NONE', #5185, #4038 ) ;
#4305 = CARTESIAN_POINT ( 'NONE',  ( 2.057179487179905397, 0.000000000000000000, -0.6268749999999999600 ) ) ;
#4306 = CARTESIAN_POINT ( 'NONE',  ( 1.125190884624478249, 0.000000000000000000, -0.7356584067465468113 ) ) ;
#4307 = DIRECTION ( 'NONE',  ( -0.1910251177206492290, 0.000000000000000000, -0.9815851488280638026 ) ) ;
#4308 = CARTESIAN_POINT ( 'NONE',  ( 1.823938795864575635, 0.01574803149606298844, -0.6701617500199026356 ) ) ;
#4309 = CARTESIAN_POINT ( 'NONE',  ( 1.763880060268210315, 6.402768735150616918E-18, -0.6954613183098844464 ) ) ;
#4310 = CARTESIAN_POINT ( 'NONE',  ( 1.097832163975086095, 0.01574803149606299538, -0.7308371393224524226 ) ) ;
#4311 = ORIENTED_EDGE ( 'NONE', *, *, #368, .F. ) ;
#4312 = CARTESIAN_POINT ( 'NONE',  ( 1.713966596554905575, 2.134256245050205639E-18, -0.6598339843749999600 ) ) ;
#4313 = B_SPLINE_CURVE_WITH_KNOTS ( 'NONE', 3,
 ( #2074, #2944, #1729, #2494, #1291, #3447, #2549, #4743, #3797, #4285, #1643, #1312, #5054, #4643, #3858 ),
 .UNSPECIFIED., .F., .F.,
 ( 4, 1, 1, 1, 1, 1, 1, 1, 1, 1, 1, 1, 4 ),
 ( 0.000000000000000000, 0.08979271063555817334, 0.1753942178141328634, 0.2588056349961301850, 0.3398127966891512086, 0.4200621604101829609, 0.4991223246882410258, 0.5788384868517739701, 0.6591082875927595230, 0.7411182879485643804, 0.8251094400327123601, 0.9110392593857606913, 1.000000000000000000 ),
 .UNSPECIFIED. ) ;
#4314 = CARTESIAN_POINT ( 'NONE',  ( 1.981575999797956067, 0.01574803149606298497, -0.6456456788903848221 ) ) ;
#4315 = CARTESIAN_POINT ( 'NONE',  ( 1.060044030121990666, 0.000000000000000000, -0.6209116725288940097 ) ) ;
#4316 = ORIENTED_EDGE ( 'NONE', *, *, #3400, .F. ) ;
#4317 = DIRECTION ( 'NONE',  ( 0.000000000000000000, 1.000000000000000000, 0.000000000000000000 ) ) ;
#4318 = CARTESIAN_POINT ( 'NONE',  ( 1.964515483710597588, 0.000000000000000000, -0.7291341438346857773 ) ) ;
#4319 = CARTESIAN_POINT ( 'NONE',  ( 1.657199799014961394, 0.01574803149606299191, -0.5431547049998676213 ) ) ;
#4320 = VECTOR ( 'NONE', #2298, 39.37007874015748143 ) ;
#4321 = EDGE_LOOP ( 'NONE', ( #4706, #92, #1786, #3488 ) ) ;
#4322 = PLANE ( 'NONE',  #2091 ) ;
#4323 = VECTOR ( 'NONE', #2817, 39.37007874015748143 ) ;
#4324 = ORIENTED_EDGE ( 'NONE', *, *, #2842, .T. ) ;
#4325 = ORIENTED_EDGE ( 'NONE', *, *, #48, .T. ) ;
#4326 = EDGE_LOOP ( 'NONE', ( #2628, #2692, #1822, #2445, #265, #5070, #41, #2661, #4688, #3466, #1223, #4472, #4879, #492, #423, #624, #2895, #1850 ) ) ;
#4327 = B_SPLINE_SURFACE_WITH_KNOTS ( 'NONE', 3, 1, ( 
 ( #5273, #3118 ),
 ( #4817, #956 ),
 ( #4846, #2669 ),
 ( #4405, #3979 ),
 ( #127, #4306 ),
 ( #2571, #3882 ),
 ( #1833, #18 ),
 ( #1721, #4250 ),
 ( #5191, #3886 ),
 ( #1229, #479 ),
 ( #3473, #2942 ) ),
 .UNSPECIFIED., .F., .F., .F.,
 ( 4, 1, 1, 1, 1, 1, 1, 1, 4 ),
 ( 2, 2 ),
 ( 0.000000000000000000, 0.1569433403011132877, 0.3052641691385795109, 0.4438862275305977545, 0.5729504529666065160, 0.6925868846920718580, 0.8040351933094564973, 0.9064180598495789054, 0.9999999999999998890 ),
 ( 0.000000000000000000, 1.000000000000000000 ),
 .UNSPECIFIED. ) ;
#4328 = CARTESIAN_POINT ( 'NONE',  ( 1.383455271777545681, -2.134256245050205639E-18, -0.7279091463883348156 ) ) ;
#4329 = EDGE_CURVE ( 'NONE', #1037, #5098, #271, .T. ) ;
#4330 = CARTESIAN_POINT ( 'NONE',  ( 0.8386757062408136676, 2.134256245050205639E-18, -0.7202955058092699314 ) ) ;
#4331 = CARTESIAN_POINT ( 'NONE',  ( 1.763777133497301586, 0.01574803149606299191, -0.5825476701987745143 ) ) ;
#4332 = CARTESIAN_POINT ( 'NONE',  ( 1.050929487179905975, -2.134256245050205639E-18, -0.6608593750000001377 ) ) ;
#4333 = CARTESIAN_POINT ( 'NONE',  ( 1.427597597673662344, 0.01574803149606299538, -0.5066997352566700030 ) ) ;
#4334 = CARTESIAN_POINT ( 'NONE',  ( 2.029786909054905220, 0.01574803149606299191, -0.6268749999999999600 ) ) ;
#4335 = CARTESIAN_POINT ( 'NONE',  ( 1.389041503034330161, 0.01574803149606298497, -0.4925327875049584914 ) ) ;
#4336 = CARTESIAN_POINT ( 'NONE',  ( 1.237685893904240775, 0.01574803149606299191, -0.5022764856182353466 ) ) ;
#4337 = ORIENTED_EDGE ( 'NONE', *, *, #509, .T. ) ;
#4338 = CARTESIAN_POINT ( 'NONE',  ( 1.412013471554905530, 2.134256245050205639E-18, -0.7362499999999999600 ) ) ;
#4339 = CARTESIAN_POINT ( 'NONE',  ( 1.922804487179905264, 2.134256245050205639E-18, -0.6608593750000000266 ) ) ;
#4340 = ORIENTED_EDGE ( 'NONE', *, *, #4840, .T. ) ;
#4341 = CARTESIAN_POINT ( 'NONE',  ( 0.7478044871799054416, 0.01574803149606299191, -0.7087109375000000266 ) ) ;
#4342 = CARTESIAN_POINT ( 'NONE',  ( 0.7222111059910180098, 0.01574803149606299191, -0.4895305996026993456 ) ) ;
#4343 = CARTESIAN_POINT ( 'NONE',  ( 1.757000958224330001, -2.134256245050205639E-18, -0.6235582935077611522 ) ) ;
#4344 = CARTESIAN_POINT ( 'NONE',  ( 1.240462753909512106, 0.01574803149606299538, -0.7152455378057739344 ) ) ;
#4345 = ORIENTED_EDGE ( 'NONE', *, *, #343, .T. ) ;
#4346 = EDGE_CURVE ( 'NONE', #727, #4002, #5346, .T. ) ;
#4347 = ADVANCED_FACE ( 'NONE', ( #4911 ), #1051, .F. ) ;
#4348 = CARTESIAN_POINT ( 'NONE',  ( 1.595905733225802425, 0.01574803149606299191, -0.4902556436482741198 ) ) ;
#4349 = VERTEX_POINT ( 'NONE', #4724 ) ;
#4350 = CARTESIAN_POINT ( 'NONE',  ( 1.010304487179906063, -2.134256245050205639E-18, -0.5216015625000001155 ) ) ;
#4351 = CARTESIAN_POINT ( 'NONE',  ( 0.9643625710906770232, 0.01574803149606298844, -0.4952446756800878980 ) ) ;
#4352 = VECTOR ( 'NONE', #5349, 39.37007874015748143 ) ;
#4353 = CARTESIAN_POINT ( 'NONE',  ( 1.233136697526482584, 0.01574803149606299885, -0.4960070823649367910 ) ) ;
#4354 = VECTOR ( 'NONE', #941, 39.37007874015748143 ) ;
#4355 = CARTESIAN_POINT ( 'NONE',  ( 1.771241987179905664, 0.01574803149606298844, -0.6956250000000000488 ) ) ;
#4356 = CARTESIAN_POINT ( 'NONE',  ( 2.003361889415793406, 2.134256245050205639E-18, -0.6902494895767088412 ) ) ;
#4357 = CARTESIAN_POINT ( 'NONE',  ( 0.7665544871799053750, -0.1645399120536400472, -0.5189160156250000044 ) ) ;
#4358 = CARTESIAN_POINT ( 'NONE',  ( 0.9540544871799059301, 2.134256245050205639E-18, -0.7072949218750000933 ) ) ;
#4359 = CARTESIAN_POINT ( 'NONE',  ( 1.141991381153823593, 6.402768735150616918E-18, -0.5831681608761835056 ) ) ;
#4360 = CARTESIAN_POINT ( 'NONE',  ( 1.375929487179905486, 0.01574803149606299191, -0.5195996093750000488 ) ) ;
#4361 = CARTESIAN_POINT ( 'NONE',  ( 0.9006152404386190691, 0.01574803149606299885, -0.5124756232799274613 ) ) ;
#4362 = CARTESIAN_POINT ( 'NONE',  ( 1.663883044790278154, -2.134256245050205639E-18, -0.5243648215944163304 ) ) ;
#4363 = DIMENSIONAL_EXPONENTS ( 1.000000000000000000, 0.000000000000000000, 0.000000000000000000, 0.000000000000000000, 0.000000000000000000, 0.000000000000000000, 0.000000000000000000 ) ;
#4364 = ORIENTED_EDGE ( 'NONE', *, *, #4847, .T. ) ;
#4365 = ORIENTED_EDGE ( 'NONE', *, *, #2099, .F. ) ;
#4366 = CARTESIAN_POINT ( 'NONE',  ( 1.411659500078417118, 0.01574803149606299191, -0.4902818827716787231 ) ) ;
#4367 = CARTESIAN_POINT ( 'NONE',  ( 1.987745893429905264, 0.01574803149606299191, -0.6829296874999999378 ) ) ;
#4368 = CARTESIAN_POINT ( 'NONE',  ( 1.665900850217559626, 0.000000000000000000, -0.6839488409616876208 ) ) ;
#4369 = VERTEX_POINT ( 'NONE', #772 ) ;
#4370 = EDGE_CURVE ( 'NONE', #484, #5356, #888, .T. ) ;
#4371 = EDGE_CURVE ( 'NONE', #665, #551, #4313, .T. ) ;
#4372 = ORIENTED_EDGE ( 'NONE', *, *, #1844, .F. ) ;
#4373 = CARTESIAN_POINT ( 'NONE',  ( 1.767170879987526755, 0.01574803149606299191, -0.5331658911032798320 ) ) ;
#4374 = ORIENTED_EDGE ( 'NONE', *, *, #2353, .F. ) ;
#4375 =( CONVERSION_BASED_UNIT ( 'INCH', #4453 ) LENGTH_UNIT ( ) NAMED_UNIT ( #3633 ) );
#4376 = CARTESIAN_POINT ( 'NONE',  ( 0.7241447959337304896, 0.01574803149606298844, -0.4894625474206326099 ) ) ;
#4377 = CARTESIAN_POINT ( 'NONE',  ( 1.008670260437244393, -2.134256245050205639E-18, -0.5079346876839752056 ) ) ;
#4378 = DIRECTION ( 'NONE',  ( 0.000000000000000000, 1.000000000000000000, 0.000000000000000000 ) ) ;
#4379 = CARTESIAN_POINT ( 'NONE',  ( 1.229998903396394505, 0.01574803149606298497, -0.4934075758929423183 ) ) ;
#4380 = CARTESIAN_POINT ( 'NONE',  ( 1.792390993416857814, 8.537024980200822558E-18, -0.6929414081459976948 ) ) ;
#4381 = CARTESIAN_POINT ( 'NONE',  ( 0.9009294871799053972, 0.000000000000000000, -0.7016796874999999822 ) ) ;
#4382 = CARTESIAN_POINT ( 'NONE',  ( 1.403129977559752550, 0.01574803149606299538, -0.7359271430000977610 ) ) ;
#4383 = CARTESIAN_POINT ( 'NONE',  ( 1.378645510791737472, 0.01574803149606299885, -0.5042078679076582581 ) ) ;
#4384 = CARTESIAN_POINT ( 'NONE',  ( 1.451056603349967222, -2.134256245050205639E-18, -0.7319510360970333807 ) ) ;
#4385 = CARTESIAN_POINT ( 'NONE',  ( 1.237685893904240775, -2.134256245050205639E-18, -0.5022764856182353466 ) ) ;
#4386 = EDGE_LOOP ( 'NONE', ( #2113, #4912, #3315, #496 ) ) ;
#4387 = CARTESIAN_POINT ( 'NONE',  ( 1.378345129665667690, 0.01574803149606299538, -0.7205800435056687325 ) ) ;
#4388 = LINE ( 'NONE', #3915, #2002 ) ;
#4389 = EDGE_CURVE ( 'NONE', #2207, #933, #866, .T. ) ;
#4390 = DIRECTION ( 'NONE',  ( 0.2268897289327035660, 0.000000000000000000, 0.9739204540951197364 ) ) ;
#4391 = CARTESIAN_POINT ( 'NONE',  ( 0.7458437855276488504, 0.01574803149606299191, -0.7234611259561264385 ) ) ;
#4392 = CARTESIAN_POINT ( 'NONE',  ( 1.375929487179905486, 0.01574803149606299191, -0.5195996093750000488 ) ) ;
#4393 = CARTESIAN_POINT ( 'NONE',  ( 1.664406049679905797, 0.01574803149606299538, -0.6747265625000000711 ) ) ;
#4394 = ORIENTED_EDGE ( 'NONE', *, *, #2670, .T. ) ;
#4395 = ORIENTED_EDGE ( 'NONE', *, *, #877, .F. ) ;
#4396 = ORIENTED_EDGE ( 'NONE', *, *, #4435, .T. ) ;
#4397 = VECTOR ( 'NONE', #2258, 39.37007874015748143 ) ;
#4398 = CARTESIAN_POINT ( 'NONE',  ( 1.560304487179905664, 2.134256245050205639E-18, -0.5196484375000000044 ) ) ;
#4399 = EDGE_LOOP ( 'NONE', ( #5499, #946, #238, #2159 ) ) ;
#4400 = CARTESIAN_POINT ( 'NONE',  ( 1.931919030121990399, 2.134256245050205639E-18, -0.6209116725288940097 ) ) ;
#4401 = LINE ( 'NONE', #1002, #5528 ) ;
#4402 = CARTESIAN_POINT ( 'NONE',  ( 0.9588086636584632894, 0.01574803149606298844, -0.7273230496354845531 ) ) ;
#4403 = AXIS2_PLACEMENT_3D ( 'NONE', #2989, #4632, #3851 ) ;
#4404 = CARTESIAN_POINT ( 'NONE',  ( 0.9009294871799053972, -0.1645399120536400472, -0.5198437500000000488 ) ) ;
#4405 = CARTESIAN_POINT ( 'NONE',  ( 1.131395906212588676, 0.01574803149606298844, -0.7359727928301216249 ) ) ;
#4406 = B_SPLINE_CURVE_WITH_KNOTS ( 'NONE', 3,
 ( #111, #2604, #2182, #3482, #5204, #4774, #914, #2629, #4366, #2208, #3942, #85 ),
 .UNSPECIFIED., .F., .F.,
 ( 4, 2, 2, 2, 2, 4 ),
 ( 0.000000000000000000, 0.0002782011100795887294, 0.0005564022201591774588, 0.0008346033302387661883, 0.0009737038852785605530, 0.001112804440318354918 ),
 .UNSPECIFIED. ) ;
#4407 = CARTESIAN_POINT ( 'NONE',  ( 1.376002534677285949, 2.134256245050205639E-18, -0.5174111302577745208 ) ) ;
#4408 = CARTESIAN_POINT ( 'NONE',  ( 1.050929487179905975, 0.01574803149606299538, -0.6608593750000001377 ) ) ;
#4409 = EDGE_CURVE ( 'NONE', #5113, #4002, #4220, .T. ) ;
#4410 = ORIENTED_EDGE ( 'NONE', *, *, #2992, .F. ) ;
#4411 = CARTESIAN_POINT ( 'NONE',  ( 0.9582350277136064687, 2.134256245050205639E-18, -0.7261417824543621169 ) ) ;
#4412 = CARTESIAN_POINT ( 'NONE',  ( 1.979140499518346363, 2.134256245050205639E-18, -0.6621100154890268152 ) ) ;
#4413 = EDGE_CURVE ( 'NONE', #187, #1542, #3141, .T. ) ;
#4414 = CARTESIAN_POINT ( 'NONE',  ( 1.438803373186489321, -2.134256245050205639E-18, -0.7356877575278358838 ) ) ;
#4415 = FACE_OUTER_BOUND ( 'NONE', #4321, .T. ) ;
#4416 = CARTESIAN_POINT ( 'NONE',  ( 1.815363405212180314, -2.134256245050205639E-18, -0.5489212441863686731 ) ) ;
#4417 = CARTESIAN_POINT ( 'NONE',  ( 1.383455271777545681, 0.01574803149606299538, -0.7279091463883348156 ) ) ;
#4418 = CARTESIAN_POINT ( 'NONE',  ( 1.950606691666809445, 0.01574803149606298844, -0.7215291218473320889 ) ) ;
#4419 = EDGE_LOOP ( 'NONE', ( #1469, #5381, #3511, #1052 ) ) ;
#4420 = CARTESIAN_POINT ( 'NONE',  ( 1.753557752773087897, 0.01574803149606298844, -0.6236842304198113585 ) ) ;
#4421 = CARTESIAN_POINT ( 'NONE',  ( 1.673936597650692137, 0.01574803149606299538, -0.6998280544597671460 ) ) ;
#4422 = CARTESIAN_POINT ( 'NONE',  ( 1.547304550103224097, 6.402768735150616918E-18, -0.7346194713301407164 ) ) ;
#4423 = ORIENTED_EDGE ( 'NONE', *, *, #2353, .T. ) ;
#4424 = PRESENTATION_STYLE_ASSIGNMENT (( #575 ) ) ;
#4425 = VERTEX_POINT ( 'NONE', #4334 ) ;
#4426 = CARTESIAN_POINT ( 'NONE',  ( 2.061409850723055381, 0.000000000000000000, -0.5025771258101796590 ) ) ;
#4427 = DIRECTION ( 'NONE',  ( -1.000000000000000000, 0.000000000000000000, 0.000000000000000000 ) ) ;
#4428 = CARTESIAN_POINT ( 'NONE',  ( 0.9858349916979387562, 0.000000000000000000, -0.4894804284713953901 ) ) ;
#4429 = CARTESIAN_POINT ( 'NONE',  ( 2.078735025286267746, 0.01574803149606299191, -0.4901319351979157579 ) ) ;
#4430 = CARTESIAN_POINT ( 'NONE',  ( 1.555612848380852009, 0.01574803149606299538, -0.7359684131847360478 ) ) ;
#4431 = CARTESIAN_POINT ( 'NONE',  ( 1.875803376153104551, 2.134256245050205639E-18, -0.6875206543491854116 ) ) ;
#4432 = CARTESIAN_POINT ( 'NONE',  ( 0.8311052684299053972, 0.000000000000000000, -0.7079785156249999156 ) ) ;
#4433 = VECTOR ( 'NONE', #685, 39.37007874015748143 ) ;
#4434 = FACE_OUTER_BOUND ( 'NONE', #1017, .T. ) ;
#4435 = EDGE_CURVE ( 'NONE', #167, #1124, #5087, .T. ) ;
#4436 = EDGE_CURVE ( 'NONE', #601, #4263, #1231, .T. ) ;
#4437 = CARTESIAN_POINT ( 'NONE',  ( 1.394443752111063972, 0.01574803149606300232, -0.7339819503271524104 ) ) ;
#4438 = VECTOR ( 'NONE', #2342, 39.37007874015748143 ) ;
#4439 = CARTESIAN_POINT ( 'NONE',  ( 1.560304487179905664, -0.3448278556033430586, -0.6799999999999999378 ) ) ;
#4440 = CARTESIAN_POINT ( 'NONE',  ( 1.241348367497592697, -2.134256245050205639E-18, -0.5143599453195993876 ) ) ;
#4441 = CARTESIAN_POINT ( 'NONE',  ( 1.808935402057506803, 6.402768735150616918E-18, -0.4939147066958607946 ) ) ;
#4442 = CARTESIAN_POINT ( 'NONE',  ( 1.241554487179905797, -0.3448278556033430586, -0.7037304687500000044 ) ) ;
#4443 = CARTESIAN_POINT ( 'NONE',  ( 2.011471318687716003, 0.01574803149606299538, -0.6915586638542079445 ) ) ;
#4444 = EDGE_CURVE ( 'NONE', #4468, #5416, #2999, .T. ) ;
#4445 =( GEOMETRIC_REPRESENTATION_CONTEXT ( 3 ) GLOBAL_UNCERTAINTY_ASSIGNED_CONTEXT ( ( #4541 ) ) GLOBAL_UNIT_ASSIGNED_CONTEXT ( ( #4291, #2155, #5229 ) ) REPRESENTATION_CONTEXT ( 'NONE', 'WORKASPACE' ) );
#4446 = EDGE_LOOP ( 'NONE', ( #2532, #2590, #942, #3462, #795, #2981 ) ) ;
#4447 = CARTESIAN_POINT ( 'NONE',  ( 0.9008891810162703573, 0.000000000000000000, -0.7072611830166861679 ) ) ;
#4448 = CARTESIAN_POINT ( 'NONE',  ( 1.776564252804905708, 0.01574803149606298844, -0.6016308593750000488 ) ) ;
#4449 = CARTESIAN_POINT ( 'NONE',  ( 1.664668896976415846, 0.01574803149606299538, -0.6792280049237870987 ) ) ;
#4450 = CARTESIAN_POINT ( 'NONE',  ( 1.771241987179905664, 0.01574803149606299191, -0.6956250000000000488 ) ) ;
#4451 = ORIENTED_EDGE ( 'NONE', *, *, #4927, .F. ) ;
#4452 = EDGE_CURVE ( 'NONE', #5236, #35, #3576, .T. ) ;
#4453 = LENGTH_MEASURE_WITH_UNIT ( LENGTH_MEASURE( 0.02539999999999999897 ), #1854 );
#4454 = EDGE_LOOP ( 'NONE', ( #1475, #1821, #4791, #918 ) ) ;
#4455 = CARTESIAN_POINT ( 'NONE',  ( 2.057407124056222614, 0.000000000000000000, -0.5142886079259293419 ) ) ;
#4456 = CARTESIAN_POINT ( 'NONE',  ( 0.8478981602852648791, 0.000000000000000000, -0.5176555267358625700 ) ) ;
#4457 = EDGE_CURVE ( 'NONE', #3561, #2831, #880, .T. ) ;
#4458 = LINE ( 'NONE', #4404, #3952 ) ;
#4459 = CARTESIAN_POINT ( 'NONE',  ( 1.991676729226425469, -2.134256245050205639E-18, -0.6343080054560629177 ) ) ;
#4460 = CARTESIAN_POINT ( 'NONE',  ( 1.118735854456255119, 0.01574803149606299191, -0.6853627314024504091 ) ) ;
#4461 = CARTESIAN_POINT ( 'NONE',  ( 1.053798690198496590, 0.000000000000000000, -0.6847626957698803585 ) ) ;
#4462 = CARTESIAN_POINT ( 'NONE',  ( 1.924114692446510455, 0.01574803149606298844, -0.6434199382235037401 ) ) ;
#4463 = CARTESIAN_POINT ( 'NONE',  ( 1.519824513929505905, 0.01574803149606299885, -0.4999680646614619306 ) ) ;
#4464 = CARTESIAN_POINT ( 'NONE',  ( 1.828228106193082958, -2.134256245050205639E-18, -0.5655082474758671429 ) ) ;
#4465 = LINE ( 'NONE', #3207, #3493 ) ;
#4466 = FACE_BOUND ( 'NONE', #755, .T. ) ;
#4467 = CARTESIAN_POINT ( 'NONE',  ( 0.9839861278049059079, 0.01574803149606299191, -0.7393750000000001155 ) ) ;
#4468 = VERTEX_POINT ( 'NONE', #3525 ) ;
#4469 = CARTESIAN_POINT ( 'NONE',  ( 0.7024987142455111355, 0.000000000000000000, -0.4977812166467366906 ) ) ;
#4470 = CARTESIAN_POINT ( 'NONE',  ( 1.208922318698867571, 1.067128122525102820E-17, -0.7362422922750069265 ) ) ;
#4471 = CARTESIAN_POINT ( 'NONE',  ( 1.565724409054905397, 6.402768735150616918E-18, -0.7362499999999999600 ) ) ;
#4472 = ORIENTED_EDGE ( 'NONE', *, *, #2577, .F. ) ;
#4473 = LINE ( 'NONE', #603, #4520 ) ;
#4474 = CARTESIAN_POINT ( 'NONE',  ( 1.190243486132113615, 0.01574803149606299191, -0.5012770653264744247 ) ) ;
#4475 = VERTEX_POINT ( 'NONE', #481 ) ;
#4476 = CARTESIAN_POINT ( 'NONE',  ( 1.922804487179905264, 2.134256245050205639E-18, -0.6608593750000000266 ) ) ;
#4477 = CARTESIAN_POINT ( 'NONE',  ( 1.461404679769241488, 6.402768735150616918E-18, -0.7145777509405611960 ) ) ;
#4478 = CARTESIAN_POINT ( 'NONE',  ( 0.7127769309459734970, 0.01574803149606298844, -0.4912586770440596773 ) ) ;
#4479 = CARTESIAN_POINT ( 'NONE',  ( 1.135689165549412794, 0.000000000000000000, -0.6285930086686676299 ) ) ;
#4480 = MECHANICAL_DESIGN_GEOMETRIC_PRESENTATION_REPRESENTATION (  '', ( #2304 ), #5202 ) ;
#4481 = CARTESIAN_POINT ( 'NONE',  ( 1.533156964431999114, 0.01574803149606299191, -0.7259195576990876697 ) ) ;
#4482 = VECTOR ( 'NONE', #734, 39.37007874015748143 ) ;
#4483 = CARTESIAN_POINT ( 'NONE',  ( 1.126579248247542742, 0.01574803149606299191, -0.6888589245931213689 ) ) ;
#4484 = CARTESIAN_POINT ( 'NONE',  ( 1.185304487179905886, 0.000000000000000000, -0.5831250000000000044 ) ) ;
#4485 = PLANE ( 'NONE',  #249 ) ;
#4486 = CARTESIAN_POINT ( 'NONE',  ( 1.657179487179905930, 0.01574803149606299191, -0.5913769531250000488 ) ) ;
#4487 = CARTESIAN_POINT ( 'NONE',  ( 1.894679487179905752, 0.01574803149606299191, -0.6143750000000000044 ) ) ;
#4488 = CARTESIAN_POINT ( 'NONE',  ( 1.107263404719092126, 0.01574803149606299191, -0.6569399074407844541 ) ) ;
#4489 = CARTESIAN_POINT ( 'NONE',  ( 2.088699410802785206, -2.134256245050205639E-18, -0.4894783444736948708 ) ) ;
#4490 = ORIENTED_EDGE ( 'NONE', *, *, #4786, .T. ) ;
#4491 = CARTESIAN_POINT ( 'NONE',  ( 0.9543037309410364877, -2.134256245050205639E-18, -0.7141564496431698217 ) ) ;
#4492 = CARTESIAN_POINT ( 'NONE',  ( 1.710304487179905575, 0.000000000000000000, -0.5799999999999999600 ) ) ;
#4493 = ORIENTED_EDGE ( 'NONE', *, *, #2019, .F. ) ;
#4494 = CARTESIAN_POINT ( 'NONE',  ( 1.687457193133251154, 0.01574803149606299191, -0.6502917361556365128 ) ) ;
#4495 = CARTESIAN_POINT ( 'NONE',  ( 1.599321718607590759, 0.01574803149606299191, -0.7330338142798326073 ) ) ;
#4496 = ORIENTED_EDGE ( 'NONE', *, *, #2515, .T. ) ;
#4497 = CARTESIAN_POINT ( 'NONE',  ( 1.107179487179905886, 0.01574803149606299191, -0.6598339843750001821 ) ) ;
#4498 = DIRECTION ( 'NONE',  ( 0.000000000000000000, 0.000000000000000000, -1.000000000000000000 ) ) ;
#4499 = CARTESIAN_POINT ( 'NONE',  ( 1.144923627804905752, 0.000000000000000000, -0.7362499999999999600 ) ) ;
#4500 = ORIENTED_EDGE ( 'NONE', *, *, #5362, .F. ) ;
#4501 = CARTESIAN_POINT ( 'NONE',  ( 1.691386596499492745, 0.01574803149606299191, -0.5067145864463102889 ) ) ;
#4502 = B_SPLINE_CURVE_WITH_KNOTS ( 'NONE', 3,
 ( #4132, #3740, #2891, #1586, #2951, #1959, #3306 ),
 .UNSPECIFIED., .F., .F.,
 ( 4, 1, 1, 1, 4 ),
 ( 0.000000000000000000, 0.2401879885939111059, 0.4809643705118938906, 0.7309369913067220725, 1.000000000000000000 ),
 .UNSPECIFIED. ) ;
#4503 = CARTESIAN_POINT ( 'NONE',  ( 1.463077998984859907, 0.01574803149606298844, -0.7086071453434762413 ) ) ;
#4504 = CARTESIAN_POINT ( 'NONE',  ( 1.659822654122398156, 0.01574803149606299191, -0.6075281398586190873 ) ) ;
#4505 = CARTESIAN_POINT ( 'NONE',  ( 1.696437299679905752, 0.01574803149606299191, -0.6237500000000000266 ) ) ;
#4506 = EDGE_CURVE ( 'NONE', #1319, #51, #722, .T. ) ;
#4507 = CARTESIAN_POINT ( 'NONE',  ( 1.138020144867603278, 0.000000000000000000, -0.7362523579507952443 ) ) ;
#4508 = ORIENTED_EDGE ( 'NONE', *, *, #115, .F. ) ;
#4509 = CARTESIAN_POINT ( 'NONE',  ( 1.116909020843522171, 0.01574803149606298150, -0.5852148037595825691 ) ) ;
#4510 = CARTESIAN_POINT ( 'NONE',  ( 1.540938346796934200, 0.01574803149606299538, -0.7323694926249563197 ) ) ;
#4511 = CARTESIAN_POINT ( 'NONE',  ( 1.376002534677285949, 0.01574803149606299538, -0.5174111302577745208 ) ) ;
#4512 = EDGE_CURVE ( 'NONE', #287, #1110, #2250, .T. ) ;
#4513 = CARTESIAN_POINT ( 'NONE',  ( 0.9541362347901385377, 0.01574803149606299538, -0.5192325721664362570 ) ) ;
#4514 = CARTESIAN_POINT ( 'NONE',  ( 1.531593549679905575, 0.01574803149606299191, -0.5353710937500000266 ) ) ;
#4515 = CARTESIAN_POINT ( 'NONE',  ( 1.836002695480820401, -2.134256245050205639E-18, -0.5878216532983788767 ) ) ;
#4516 = CARTESIAN_POINT ( 'NONE',  ( 1.668828380411520484, 0.01574803149606299538, -0.6615197444374855129 ) ) ;
#4517 = LINE ( 'NONE', #3643, #4617 ) ;
#4518 = CARTESIAN_POINT ( 'NONE',  ( 1.531593549679905575, 0.000000000000000000, -0.5353710937500000266 ) ) ;
#4519 = ADVANCED_FACE ( 'NONE', ( #154 ), #662, .F. ) ;
#4520 = VECTOR ( 'NONE', #1477, 39.37007874015748143 ) ;
#4521 = CARTESIAN_POINT ( 'NONE',  ( 0.9540544871799059301, 0.01574803149606299191, -0.7072949218750000933 ) ) ;
#4522 = PLANE ( 'NONE',  #3985 ) ;
#4523 = ORIENTED_EDGE ( 'NONE', *, *, #3436, .T. ) ;
#4524 = DIRECTION ( 'NONE',  ( -0.5185576816259126476, 0.000000000000000000, 0.8550426485426084744 ) ) ;
#4525 = CARTESIAN_POINT ( 'NONE',  ( 1.211632787569097980, 0.01574803149606299538, -0.7362273807603317843 ) ) ;
#4526 = VECTOR ( 'NONE', #5189, 39.37007874015748143 ) ;
#4527 = CARTESIAN_POINT ( 'NONE',  ( 0.9540544871799059301, 0.01574803149606299191, -0.7072949218750000933 ) ) ;
#4528 = DIRECTION ( 'NONE',  ( 0.000000000000000000, 1.000000000000000000, 0.000000000000000000 ) ) ;
#4529 = DIRECTION ( 'NONE',  ( 0.000000000000000000, -0.000000000000000000, 1.000000000000000000 ) ) ;
#4530 = CARTESIAN_POINT ( 'NONE',  ( 1.494777143429905530, -0.3448278556033430586, -0.5737499999999999822 ) ) ;
#4531 = CARTESIAN_POINT ( 'NONE',  ( 2.069312334274281628, 0.000000000000000000, -0.4940949613715138189 ) ) ;
#4532 = CARTESIAN_POINT ( 'NONE',  ( 1.529658595102607155, -2.134256245050205639E-18, -0.5252131334001274299 ) ) ;
#4533 = CARTESIAN_POINT ( 'NONE',  ( 1.776491450839594366, -2.134256245050205639E-18, -0.5997790228293909953 ) ) ;
#4534 = CARTESIAN_POINT ( 'NONE',  ( 1.609779303471527534, 0.01574803149606299191, -0.5012731594545389857 ) ) ;
#4535 = ORIENTED_EDGE ( 'NONE', *, *, #1937, .F. ) ;
#4536 = CARTESIAN_POINT ( 'NONE',  ( 1.712615238068587731, 0.01574803149606298844, -0.6583572771525912914 ) ) ;
#4537 = DIRECTION ( 'NONE',  ( -0.000000000000000000, 0.000000000000000000, -1.000000000000000000 ) ) ;
#4538 = CARTESIAN_POINT ( 'NONE',  ( 1.404298627804905442, 0.01574803149606299538, -0.4893750000000000044 ) ) ;
#4539 = LINE ( 'NONE', #4929, #428 ) ;
#4540 = ORIENTED_EDGE ( 'NONE', *, *, #4682, .F. ) ;
#4541 = UNCERTAINTY_MEASURE_WITH_UNIT (LENGTH_MEASURE( 1.000000000000000082E-05 ), #4291, 'distance_accuracy_value', 'NONE');
#4542 = CARTESIAN_POINT ( 'NONE',  ( 1.455945925883725733, 0.01574803149606298844, -0.7273499738621318489 ) ) ;
#4543 = CARTESIAN_POINT ( 'NONE',  ( 1.784879200717557124, -2.134256245050205639E-18, -0.5343142984488762348 ) ) ;
#4544 = CARTESIAN_POINT ( 'NONE',  ( 1.412013471554905530, -0.1645399120536400472, -0.7362499999999999600 ) ) ;
#4545 = CARTESIAN_POINT ( 'NONE',  ( 2.113400148475798712, 0.000000000000000000, -0.7051150258839001816 ) ) ;
#4546 = DIRECTION ( 'NONE',  ( 0.000000000000000000, 0.000000000000000000, 1.000000000000000000 ) ) ;
#4547 = CARTESIAN_POINT ( 'NONE',  ( 1.512166063596593224, 0.01574803149606299885, -0.4933984099248497346 ) ) ;
#4548 = ORIENTED_EDGE ( 'NONE', *, *, #5278, .F. ) ;
#4549 = CARTESIAN_POINT ( 'NONE',  ( 0.8986376333861287868, 0.01574803149606299191, -0.7196902923623984538 ) ) ;
#4550 = CARTESIAN_POINT ( 'NONE',  ( 0.7332345392384469474, -4.268512490100411279E-18, -0.4895870481753199499 ) ) ;
#4551 = DIRECTION ( 'NONE',  ( 0.000000000000000000, -0.000000000000000000, 1.000000000000000000 ) ) ;
#4552 = CARTESIAN_POINT ( 'NONE',  ( 1.580519330929905486, 2.134256245050205639E-18, -0.7362499999999999600 ) ) ;
#4553 = PRODUCT_DEFINITION ( 'UNKNOWN', '', #605, #1725 ) ;
#4554 = ORIENTED_EDGE ( 'NONE', *, *, #3512, .F. ) ;
#4555 = CARTESIAN_POINT ( 'NONE',  ( 2.112337753909511839, 0.01574803149606299191, -0.7152455378057739344 ) ) ;
#4556 = CARTESIAN_POINT ( 'NONE',  ( 1.593726161428278054, -2.134256245050205639E-18, -0.4896475354661984358 ) ) ;
#4557 = CARTESIAN_POINT ( 'NONE',  ( 1.588527143429905530, 2.134256245050205639E-18, -0.4893750000000000044 ) ) ;
#4558 = CARTESIAN_POINT ( 'NONE',  ( 1.757303321649497541, 2.134256245050205639E-18, -0.4895486222519863095 ) ) ;
#4559 = CARTESIAN_POINT ( 'NONE',  ( 1.512166063596593224, -2.134256245050205639E-18, -0.4933984099248497346 ) ) ;
#4560 = ORIENTED_EDGE ( 'NONE', *, *, #3598, .T. ) ;
#4561 = B_SPLINE_CURVE_WITH_KNOTS ( 'NONE', 3,
 ( #360, #2977, #2472, #5518, #744, #1678, #5490, #4192, #4256, #2104, #327, #838, #2556, #4647, #412, #1650, #776, #5429, #4160, #5090, #5550, #3393 ),
 .UNSPECIFIED., .F., .F.,
 ( 4, 2, 2, 2, 2, 2, 2, 2, 2, 2, 4 ),
 ( 0.000000000000000000, 0.0003139072477943113167, 0.0006278144955886226335, 0.001255628991177248520, 0.001883443486765874406, 0.002511257982354500509, 0.003139072477943126611, 0.003766886973531752281, 0.004394701469120377950, 0.004708608716914692086, 0.005022515964709004486 ),
 .UNSPECIFIED. ) ;
#4562 = B_SPLINE_CURVE_WITH_KNOTS ( 'NONE', 3,
 ( #3414, #1254, #1165, #5109, #4690, #2037, #826, #3757, #950, #4719, #860 ),
 .UNSPECIFIED., .F., .F.,
 ( 4, 1, 1, 1, 1, 1, 1, 1, 4 ),
 ( 0.000000000000000000, 0.1223731541130507472, 0.2362811909163045343, 0.3470119684561828177, 0.4604108216925586472, 0.5797917582613334453, 0.7068249063641643959, 0.8448649611941178028, 0.9999999999999998890 ),
 .UNSPECIFIED. ) ;
#4563 = CARTESIAN_POINT ( 'NONE',  ( 1.144923627804905752, 0.000000000000000000, -0.7362499999999999600 ) ) ;
#4564 = CARTESIAN_POINT ( 'NONE',  ( 0.8981951121799053306, 0.01574803149606299191, -0.7209667968749999822 ) ) ;
#4565 = CARTESIAN_POINT ( 'NONE',  ( 1.582851716830929067, 2.134256245050205639E-18, -0.7361789246398285913 ) ) ;
#4566 = CARTESIAN_POINT ( 'NONE',  ( 2.057179487179905397, 0.000000000000000000, -0.6925000000000000044 ) ) ;
#4567 = VECTOR ( 'NONE', #4669, 39.37007874015748143 ) ;
#4568 = CARTESIAN_POINT ( 'NONE',  ( 2.027034734310539488, 0.01574803149606299191, -0.6269035143893506579 ) ) ;
#4569 = VERTEX_POINT ( 'NONE', #1891 ) ;
#4570 = CARTESIAN_POINT ( 'NONE',  ( 1.836273315878854451, 0.01574803149606298844, -0.6399815774016400782 ) ) ;
#4571 = CARTESIAN_POINT ( 'NONE',  ( 1.464894330929905619, 0.01574803149606299191, -0.7020214843750001155 ) ) ;
#4572 = CARTESIAN_POINT ( 'NONE',  ( 1.696437299679905752, 0.000000000000000000, -0.6237500000000000266 ) ) ;
#4573 = EDGE_CURVE ( 'NONE', #1131, #1542, #3290, .T. ) ;
#4574 = CARTESIAN_POINT ( 'NONE',  ( 1.890142677013845196, 0.01574803149606299191, -0.6538268478142293949 ) ) ;
#4575 = LINE ( 'NONE', #294, #1830 ) ;
#4576 = CARTESIAN_POINT ( 'NONE',  ( 1.490963138119463016, 0.01574803149606298844, -0.4895675714000375933 ) ) ;
#4577 = CARTESIAN_POINT ( 'NONE',  ( 1.496241987179905530, 0.000000000000000000, -0.4893750000000000044 ) ) ;
#4578 = B_SPLINE_SURFACE_WITH_KNOTS ( 'NONE', 3, 1, ( 
 ( #2407, #659 ),
 ( #4109, #4886 ),
 ( #2743, #245 ),
 ( #1961, #1986 ),
 ( #3708, #2864 ),
 ( #3162, #1056 ),
 ( #604, #2320 ),
 ( #4057, #2770 ),
 ( #4587, #3624 ),
 ( #717, #4165 ),
 ( #4707, #814 ) ),
 .UNSPECIFIED., .F., .F., .F.,
 ( 4, 1, 1, 1, 1, 1, 1, 1, 4 ),
 ( 2, 2 ),
 ( 0.000000000000000000, 0.1401180047643451332, 0.2686100580034988528, 0.3908975091221431053, 0.5089641436815214304, 0.6263889689773974867, 0.7425663412124188234, 0.8660351272880012496, 1.000000000000000000 ),
 ( 0.000000000000000000, 1.000000000000000000 ),
 .UNSPECIFIED. ) ;
#4579 = FACE_OUTER_BOUND ( 'NONE', #5230, .T. ) ;
#4580 = ADVANCED_FACE ( 'NONE', ( #4597 ), #4485, .F. ) ;
#4581 = SURFACE_STYLE_USAGE ( .BOTH. , #3615 ) ;
#4582 = LINE ( 'NONE', #629, #1644 ) ;
#4583 = CARTESIAN_POINT ( 'NONE',  ( 1.608322235033031289, 0.01574803149606299191, -0.7263902811075736432 ) ) ;
#4584 = CARTESIAN_POINT ( 'NONE',  ( 1.197437334274282561, -2.134256245050205639E-18, -0.4940949613715140409 ) ) ;
#4585 = CARTESIAN_POINT ( 'NONE',  ( 2.097528139869468955, 0.01574803149606299191, -0.7333496907531327214 ) ) ;
#4586 = CARTESIAN_POINT ( 'NONE',  ( 1.823938795864575635, -2.134256245050205639E-18, -0.6701617500199026356 ) ) ;
#4587 = CARTESIAN_POINT ( 'NONE',  ( 0.8698121679576881204, 0.01574803149606299191, -0.4896604978119677987 ) ) ;
#4588 = CARTESIAN_POINT ( 'NONE',  ( 2.104999999999999982, 0.000000000000000000, -0.1250000000000000278 ) ) ;
#4589 = CARTESIAN_POINT ( 'NONE',  ( 2.013866381153823326, 2.134256245050205639E-18, -0.5831681608761836166 ) ) ;
#4590 = CARTESIAN_POINT ( 'NONE',  ( 1.680930020251101054, 0.01574803149606299191, -0.6224926959607453014 ) ) ;
#4591 = ORIENTED_EDGE ( 'NONE', *, *, #2687, .T. ) ;
#4592 = DIRECTION ( 'NONE',  ( 0.000000000000000000, 1.000000000000000000, 0.000000000000000000 ) ) ;
#4593 = ORIENTED_EDGE ( 'NONE', *, *, #3253, .F. ) ;
#4594 = DIRECTION ( 'NONE',  ( 0.000000000000000000, 1.000000000000000000, 0.000000000000000000 ) ) ;
#4595 = CARTESIAN_POINT ( 'NONE',  ( 1.969707163975085829, 2.134256245050205639E-18, -0.7308371393224524226 ) ) ;
#4596 = CARTESIAN_POINT ( 'NONE',  ( 1.464894330929905619, 0.01574803149606299191, -0.7020214843750001155 ) ) ;
#4597 = FACE_OUTER_BOUND ( 'NONE', #5045, .T. ) ;
#4598 = VERTEX_POINT ( 'NONE', #3692 ) ;
#4599 = CARTESIAN_POINT ( 'NONE',  ( 1.128754357640540995, 0.01574803149606299191, -0.6895799527731668599 ) ) ;
#4600 = CARTESIAN_POINT ( 'NONE',  ( 1.526503262588267296, 6.402768735150616918E-18, -0.7083255533305482521 ) ) ;
#4601 = CARTESIAN_POINT ( 'NONE',  ( 0.7210711859100988885, 0.01574803149606299538, -0.7392843973998803886 ) ) ;
#4602 = CARTESIAN_POINT ( 'NONE',  ( 1.772498423178937799, -2.134256245050205639E-18, -0.5331913355487007955 ) ) ;
#4603 = ADVANCED_FACE ( 'NONE', ( #1919 ), #2232, .F. ) ;
#4604 = CARTESIAN_POINT ( 'NONE',  ( 1.613429487179905530, 0.01574803149606299191, -0.7068066406249999822 ) ) ;
#4605 = CARTESIAN_POINT ( 'NONE',  ( 1.429054487179905575, 0.01574803149606299191, -0.6799999999999999378 ) ) ;
#4606 = FACE_OUTER_BOUND ( 'NONE', #1939, .T. ) ;
#4607 = EDGE_CURVE ( 'NONE', #2504, #3071, #4539, .T. ) ;
#4608 = CARTESIAN_POINT ( 'NONE',  ( 1.462938747922688965, 0.01574803149606299191, -0.5138295288436350861 ) ) ;
#4609 = DIRECTION ( 'NONE',  ( 0.000000000000000000, 1.000000000000000000, 0.000000000000000000 ) ) ;
#4610 = CARTESIAN_POINT ( 'NONE',  ( 1.753728998630890379, 2.134256245050205639E-18, -0.5340668624874459480 ) ) ;
#4611 = CARTESIAN_POINT ( 'NONE',  ( 1.134583499330998446, 0.01574803149606299191, -0.5832520543012010839 ) ) ;
#4612 = CARTESIAN_POINT ( 'NONE',  ( 1.189534850723055648, 0.01574803149606299191, -0.5025771258101797700 ) ) ;
#4613 = CARTESIAN_POINT ( 'NONE',  ( 1.081051659418518884, 0.000000000000000000, -0.5984973928187043990 ) ) ;
#4615 = EDGE_CURVE ( 'NONE', #2688, #4700, #4145, .T. ) ;
#4614 = CARTESIAN_POINT ( 'NONE',  ( 1.144923627804905752, 0.01574803149606299191, -0.7362499999999999600 ) ) ;
#4616 = CARTESIAN_POINT ( 'NONE',  ( 2.090751637684267195, 0.01574803149606299885, -0.4895900499248740934 ) ) ;
#4617 = VECTOR ( 'NONE', #650, 39.37007874015748143 ) ;
#4618 = CARTESIAN_POINT ( 'NONE',  ( 1.833607059997175659, -2.134256245050205639E-18, -0.6500644315707517773 ) ) ;
#4619 = CARTESIAN_POINT ( 'NONE',  ( 1.225846635246174987, -2.134256245050205639E-18, -0.4912065637766127035 ) ) ;
#4620 = ADVANCED_FACE ( 'NONE', ( #1489 ), #3274, .F. ) ;
#4621 = VECTOR ( 'NONE', #583, 39.37007874015748143 ) ;
#4622 = CARTESIAN_POINT ( 'NONE',  ( 1.991300891385690219, 0.01574803149606299191, -0.7351717324689980293 ) ) ;
#4623 = CARTESIAN_POINT ( 'NONE',  ( 2.084594781241063899, 0.01574803149606299191, -0.4894709107017726213 ) ) ;
#4624 = ORIENTED_EDGE ( 'NONE', *, *, #5029, .F. ) ;
#4625 = CARTESIAN_POINT ( 'NONE',  ( 1.769386518429905797, 0.000000000000000000, -0.4893750000000000044 ) ) ;
#4626 = ORIENTED_EDGE ( 'NONE', *, *, #4816, .T. ) ;
#4627 = CARTESIAN_POINT ( 'NONE',  ( 1.051139037647911056, 0.01574803149606299191, -0.6686497368472531511 ) ) ;
#4628 = CARTESIAN_POINT ( 'NONE',  ( 1.931163929458668882, 2.134256245050205639E-18, -0.6989466174180838376 ) ) ;
#4629 = ADVANCED_FACE ( 'NONE', ( #5503 ), #2722, .F. ) ;
#4630 = CARTESIAN_POINT ( 'NONE',  ( 0.7230486278049053084, 2.134256245050205639E-18, -0.7393750000000000044 ) ) ;
#4631 = CARTESIAN_POINT ( 'NONE',  ( 1.110199592300106897, 0.01574803149606299191, -0.6446385603825365296 ) ) ;
#4632 = DIRECTION ( 'NONE',  ( 0.000000000000000000, 1.000000000000000000, 0.000000000000000000 ) ) ;
#4633 = ORIENTED_EDGE ( 'NONE', *, *, #1918, .T. ) ;
#4634 = CARTESIAN_POINT ( 'NONE',  ( 1.207521284054905886, 0.000000000000000000, -0.7362499999999999600 ) ) ;
#4635 = CARTESIAN_POINT ( 'NONE',  ( 1.768400757564957182, 2.134256245050205639E-18, -0.5845930326826114243 ) ) ;
#4636 = DIRECTION ( 'NONE',  ( 0.000000000000000000, 1.000000000000000000, 0.000000000000000000 ) ) ;
#4637 = CARTESIAN_POINT ( 'NONE',  ( 1.798314247221638684, -2.134256245050205639E-18, -0.5381625900991808820 ) ) ;
#4638 = CARTESIAN_POINT ( 'NONE',  ( 1.894583119666773063, 0.01574803149606299191, -0.6189702593203569858 ) ) ;
#4639 = CARTESIAN_POINT ( 'NONE',  ( 2.087418124153548327, 0.000000000000000000, -0.7358011333994025627 ) ) ;
#4640 = CARTESIAN_POINT ( 'NONE',  ( 1.774997113858293840, 0.01574803149606298844, -0.5332557103797728182 ) ) ;
#4641 = CARTESIAN_POINT ( 'NONE',  ( 1.496241987179905530, 0.01574803149606299885, -0.4893750000000000044 ) ) ;
#4642 = DIRECTION ( 'NONE',  ( 0.000000000000000000, 0.000000000000000000, 1.000000000000000000 ) ) ;
#4643 = CARTESIAN_POINT ( 'NONE',  ( 1.050990762372156828, -2.134256245050205639E-18, -0.6636299963044934858 ) ) ;
#4644 = CARTESIAN_POINT ( 'NONE',  ( 1.081051659418518884, 0.01574803149606299191, -0.5984973928187043990 ) ) ;
#4645 = CARTESIAN_POINT ( 'NONE',  ( 1.003152008026783282, -2.134256245050205639E-18, -0.7312250803505266905 ) ) ;
#4646 = CARTESIAN_POINT ( 'NONE',  ( 0.8421573271858109333, 0.01574803149606298497, -0.7253841327795518268 ) ) ;
#4647 = CARTESIAN_POINT ( 'NONE',  ( 1.834333489965810360, 0.01574803149606299191, -0.5033946905835945396 ) ) ;
#4648 = CARTESIAN_POINT ( 'NONE',  ( 2.108803341666530162, 0.01574803149606299191, -0.7242062594868183822 ) ) ;
#4649 = CARTESIAN_POINT ( 'NONE',  ( 0.7412875443072729498, 0.01574803149606298844, -0.7315630477927050901 ) ) ;
#4650 = CARTESIAN_POINT ( 'NONE',  ( 0.9934868396974708693, 0.01574803149606299885, -0.7378406662640292213 ) ) ;
#4651 = CARTESIAN_POINT ( 'NONE',  ( 1.404298627804905442, 0.000000000000000000, -0.4893750000000000044 ) ) ;
#4652 = ORIENTED_EDGE ( 'NONE', *, *, #2924, .F. ) ;
#4653 = ORIENTED_EDGE ( 'NONE', *, *, #981, .F. ) ;
#4654 = CARTESIAN_POINT ( 'NONE',  ( 0.7266619090549053528, 0.000000000000000000, -0.4893750000000000044 ) ) ;
#4655 = ORIENTED_EDGE ( 'NONE', *, *, #679, .T. ) ;
#4656 = CARTESIAN_POINT ( 'NONE',  ( 1.762758600844492651, 0.000000000000000000, -0.7392921514118790949 ) ) ;
#4657 = CARTESIAN_POINT ( 'NONE',  ( 1.944682442151357327, 2.134256245050205639E-18, -0.7167076236229928954 ) ) ;
#4658 = CARTESIAN_POINT ( 'NONE',  ( 1.375986807546271340, -2.134256245050205639E-18, -0.7106320226300181231 ) ) ;
#4659 = DIRECTION ( 'NONE',  ( -0.000000000000000000, 0.000000000000000000, 1.000000000000000000 ) ) ;
#4660 = CARTESIAN_POINT ( 'NONE',  ( 1.107179487179905886, 0.01574803149606299191, -0.6598339843750001821 ) ) ;
#4661 = ORIENTED_EDGE ( 'NONE', *, *, #642, .T. ) ;
#4662 = CARTESIAN_POINT ( 'NONE',  ( 0.6946794871799053528, 0.01574803149606299191, -0.7089062499999998490 ) ) ;
#4663 = DIRECTION ( 'NONE',  ( -0.000000000000000000, 0.000000000000000000, 1.000000000000000000 ) ) ;
#4664 = CARTESIAN_POINT ( 'NONE',  ( 1.886340918577241954, 0.000000000000000000, -0.6657903054405369669 ) ) ;
#4665 = CARTESIAN_POINT ( 'NONE',  ( 2.094430632894472399, 0.000000000000000000, -0.7344148740484145454 ) ) ;
#4666 = CARTESIAN_POINT ( 'NONE',  ( 1.768716956861621004, 0.01574803149606299538, -0.6955688596395961376 ) ) ;
#4667 = DIRECTION ( 'NONE',  ( 0.000000000000000000, 1.000000000000000000, 0.000000000000000000 ) ) ;
#4668 = CARTESIAN_POINT ( 'NONE',  ( 1.769923627804905752, -0.3448278556033430586, -0.5331249999999999600 ) ) ;
#4669 = DIRECTION ( 'NONE',  ( 1.000000000000000000, 0.000000000000000000, 0.000000000000000000 ) ) ;
#4670 = PRESENTATION_LAYER_ASSIGNMENT (  '', '', ( #2304 ) ) ;
#4671 = CARTESIAN_POINT ( 'NONE',  ( 1.197437334274282561, 0.000000000000000000, -0.4940949613715140409 ) ) ;
#4672 = CARTESIAN_POINT ( 'NONE',  ( 1.980548766310168851, 0.01574803149606299191, -0.6483886655631332374 ) ) ;
#4673 = CARTESIAN_POINT ( 'NONE',  ( 1.225846635246174987, -2.134256245050205639E-18, -0.4912065637766127035 ) ) ;
#4674 = CARTESIAN_POINT ( 'NONE',  ( 1.456182082736453776, 6.402768735150616918E-18, -0.7269627238124476420 ) ) ;
#4675 = CARTESIAN_POINT ( 'NONE',  ( 2.108803341666530162, 0.000000000000000000, -0.7242062594868183822 ) ) ;
#4676 = CARTESIAN_POINT ( 'NONE',  ( 1.010304487179905841, 0.000000000000000000, -0.5216015625000001155 ) ) ;
#4677 = CARTESIAN_POINT ( 'NONE',  ( 1.815029803629884420, -2.134256245050205639E-18, -0.6803083471560583684 ) ) ;
#4678 = B_SPLINE_SURFACE_WITH_KNOTS ( 'NONE', 3, 1, ( 
 ( #4768, #2177 ),
 ( #4747, #2202 ),
 ( #104, #1731 ),
 ( #3451, #4824 ),
 ( #910, #3077 ),
 ( #1315, #1389 ),
 ( #1839, #964 ),
 ( #3528, #4853 ),
 ( #3889, #4362 ),
 ( #57, #1412 ),
 ( #3936, #988 ),
 ( #2228, #3959 ),
 ( #2703, #80 ),
 ( #3103, #2678 ),
 ( #26, #3032 ) ),
 .UNSPECIFIED., .F., .F., .F.,
 ( 4, 1, 1, 1, 1, 1, 1, 1, 1, 1, 1, 1, 4 ),
 ( 2, 2 ),
 ( 0.000000000000000000, 0.09205312451680723596, 0.1769450435511222830, 0.2538380710616470748, 0.3234417386752869161, 0.3904016918865663710, 0.4607757796727417476, 0.5324700122916071754, 0.6105580655028191028, 0.6951179418603872229, 0.7882534485539408609, 0.8894766297257150622, 1.000000000000000000 ),
 ( 0.000000000000000000, 1.000000000000000000 ),
 .UNSPECIFIED. ) ;
#4679 = CARTESIAN_POINT ( 'NONE',  ( 0.8625570961444087859, 6.402768735150616918E-18, -0.7387827557922144184 ) ) ;
#4680 = CARTESIAN_POINT ( 'NONE',  ( 0.7587084062087602332, 0.000000000000000000, -0.5076686854596073051 ) ) ;
#4681 = ORIENTED_EDGE ( 'NONE', *, *, #3860, .F. ) ;
#4682 = EDGE_CURVE ( 'NONE', #1555, #3045, #2695, .T. ) ;
#4683 = FACE_OUTER_BOUND ( 'NONE', #1269, .T. ) ;
#4684 = EDGE_CURVE ( 'NONE', #1991, #136, #1287, .T. ) ;
#4685 = CARTESIAN_POINT ( 'NONE',  ( 1.107339530997315746, -2.134256245050205639E-18, -0.6543145289080799509 ) ) ;
#4686 = CARTESIAN_POINT ( 'NONE',  ( 1.836461092611641366, 0.01574803149606299191, -0.5901993280911667084 ) ) ;
#4687 = CARTESIAN_POINT ( 'NONE',  ( 1.157911909054905708, 0.000000000000000000, -0.6268749999999999600 ) ) ;
#4688 = ORIENTED_EDGE ( 'NONE', *, *, #3026, .F. ) ;
#4689 = EDGE_CURVE ( 'NONE', #4810, #1110, #586, .T. ) ;
#4690 = CARTESIAN_POINT ( 'NONE',  ( 0.8905803518740539326, 2.134256245050205639E-18, -0.4937336027666552329 ) ) ;
#4691 = CARTESIAN_POINT ( 'NONE',  ( 0.8478044871799053084, 0.01574803149606299191, -0.5198437500000000488 ) ) ;
#4692 = CARTESIAN_POINT ( 'NONE',  ( 1.115870893429905752, 0.01574803149606299191, -0.6829296874999999378 ) ) ;
#4693 = CARTESIAN_POINT ( 'NONE',  ( 1.584625592203302569, 0.01574803149606299538, -0.4895623742842925008 ) ) ;
#4694 = CARTESIAN_POINT ( 'NONE',  ( 1.406032779645482345, 6.402768735150616918E-18, -0.4894693142053127000 ) ) ;
#4695 = DIRECTION ( 'NONE',  ( -0.8586054209590788799, 0.000000000000000000, -0.5126370364104441135 ) ) ;
#4696 = CARTESIAN_POINT ( 'NONE',  ( 1.123855721102109406, 6.402768735150616918E-18, -0.5842720217304789854 ) ) ;
#4697 = CARTESIAN_POINT ( 'NONE',  ( 1.187103316266320263, 0.000000000000000000, -0.5080936862799417808 ) ) ;
#4698 = CARTESIAN_POINT ( 'NONE',  ( 2.029786909054905220, 0.01574803149606299191, -0.6268749999999999600 ) ) ;
#4699 = CARTESIAN_POINT ( 'NONE',  ( 1.051008731520458150, 0.000000000000000000, -0.6578450886893919547 ) ) ;
#4700 = VERTEX_POINT ( 'NONE', #2985 ) ;
#4701 = CARTESIAN_POINT ( 'NONE',  ( 1.202595232313247609, -2.134256245050205639E-18, -0.4912707174611701255 ) ) ;
#4702 = CARTESIAN_POINT ( 'NONE',  ( 1.528618984234911160, -2.134256245050205639E-18, -0.5208600826160169062 ) ) ;
#4703 = EDGE_CURVE ( 'NONE', #1542, #142, #3018, .T. ) ;
#4704 = CARTESIAN_POINT ( 'NONE',  ( 1.658625356754146463, 0.01574803149606298497, -0.5338175552902840737 ) ) ;
#4705 = CARTESIAN_POINT ( 'NONE',  ( 1.560304487179905664, 0.000000000000000000, -0.5196484375000000044 ) ) ;
#4706 = ORIENTED_EDGE ( 'NONE', *, *, #825, .F. ) ;
#4707 = CARTESIAN_POINT ( 'NONE',  ( 0.8759294871799053750, 0.01574803149606299191, -0.4893750000000000044 ) ) ;
#4708 = CARTESIAN_POINT ( 'NONE',  ( 0.8662979170463562806, 0.01574803149606298497, -0.7392444795448696038 ) ) ;
#4709 = AXIS2_PLACEMENT_3D ( 'NONE', #1979, #1108, #5369 ) ;
#4710 = CARTESIAN_POINT ( 'NONE',  ( 1.611959180508165890, 0.01574803149606299191, -0.5065921339596431983 ) ) ;
#4711 = VECTOR ( 'NONE', #3440, 39.37007874015748143 ) ;
#4712 = VERTEX_POINT ( 'NONE', #2640 ) ;
#4713 = ORIENTED_EDGE ( 'NONE', *, *, #1273, .T. ) ;
#4714 = PRESENTATION_LAYER_ASSIGNMENT (  '', '', ( #2106 ) ) ;
#4715 = CARTESIAN_POINT ( 'NONE',  ( 0.8325133568397476980, 2.134256245050205639E-18, -0.7102193113138469682 ) ) ;
#4716 = CARTESIAN_POINT ( 'NONE',  ( 1.115924062737381650, 0.01574803149606299191, -0.6372473612529567788 ) ) ;
#4717 = CARTESIAN_POINT ( 'NONE',  ( 1.241554487179905797, 0.000000000000000000, -0.7037304687500000044 ) ) ;
#4718 = CARTESIAN_POINT ( 'NONE',  ( 1.950995435182996562, 0.01574803149606299191, -0.5999818517838255705 ) ) ;
#4719 = CARTESIAN_POINT ( 'NONE',  ( 0.9008519069861026241, 2.134256245050205639E-18, -0.5175423311753131195 ) ) ;
#4720 = DIRECTION ( 'NONE',  ( 0.000000000000000000, 0.000000000000000000, -1.000000000000000000 ) ) ;
#4721 = CARTESIAN_POINT ( 'NONE',  ( 1.819662547184250689, 0.01574803149606298844, -0.6755243741251424350 ) ) ;
#4722 = CARTESIAN_POINT ( 'NONE',  ( 0.9774285247949268118, -2.134256245050205639E-18, -0.4896414070140062136 ) ) ;
#4723 = CARTESIAN_POINT ( 'NONE',  ( 1.428821296707037725, 6.402768735150616918E-18, -0.5129039883238329933 ) ) ;
#4724 = CARTESIAN_POINT ( 'NONE',  ( 1.531593549679905575, 0.01574803149606299191, -0.5353710937500000266 ) ) ;
#4725 = CARTESIAN_POINT ( 'NONE',  ( 1.709930108842510954, 2.134256245050205639E-18, -0.6554230818510524692 ) ) ;
#4726 = CARTESIAN_POINT ( 'NONE',  ( 1.979276380588604223, 0.01574803149606299538, -0.6540269529839167761 ) ) ;
#4727 = CARTESIAN_POINT ( 'NONE',  ( 1.069057398142129633, 0.000000000000000000, -0.6085854038213160955 ) ) ;
#4728 = VERTEX_POINT ( 'NONE', #3494 ) ;
#4729 = CARTESIAN_POINT ( 'NONE',  ( 1.397427255402597046, 0.01574803149606299538, -0.7347834679733039609 ) ) ;
#4730 = SURFACE_STYLE_USAGE ( .BOTH. , #3006 ) ;
#4731 = DIRECTION ( 'NONE',  ( 0.000000000000000000, 1.000000000000000000, 0.000000000000000000 ) ) ;
#4732 = ORIENTED_EDGE ( 'NONE', *, *, #1684, .F. ) ;
#4733 = DIRECTION ( 'NONE',  ( -1.000000000000000000, 0.000000000000000000, 0.000000000000000000 ) ) ;
#4734 = VERTEX_POINT ( 'NONE', #2537 ) ;
#4735 = CARTESIAN_POINT ( 'NONE',  ( 1.745531162030891315, 0.000000000000000000, -0.4906680382963545251 ) ) ;
#4736 = VERTEX_POINT ( 'NONE', #2117 ) ;
#4737 = ORIENTED_EDGE ( 'NONE', *, *, #5440, .F. ) ;
#4738 = CARTESIAN_POINT ( 'NONE',  ( 0.9819153721511498789, 0.01574803149606300232, -0.4894591258352505303 ) ) ;
#4739 = CARTESIAN_POINT ( 'NONE',  ( 1.222757639231470517, 0.01574803149606299885, -0.4902912640615637585 ) ) ;
#4740 = CARTESIAN_POINT ( 'NONE',  ( 1.406032779645482345, 0.000000000000000000, -0.4894693142053127000 ) ) ;
#4741 = CARTESIAN_POINT ( 'NONE',  ( 1.145802534054905841, -0.1645399120536400472, -0.5831250000000000044 ) ) ;
#4742 = CARTESIAN_POINT ( 'NONE',  ( 1.078731691666809045, 0.000000000000000000, -0.7215291218473318668 ) ) ;
#4743 = CARTESIAN_POINT ( 'NONE',  ( 1.063098356008050915, -2.134256245050205639E-18, -0.7053616767970833923 ) ) ;
#4744 = EDGE_CURVE ( 'NONE', #3188, #2001, #1382, .T. ) ;
#4745 = DIRECTION ( 'NONE',  ( 0.000000000000000000, 0.000000000000000000, 1.000000000000000000 ) ) ;
#4746 = CARTESIAN_POINT ( 'NONE',  ( 0.8930790967718363893, 0.01574803149606299885, -0.4958064370117016839 ) ) ;
#4747 = CARTESIAN_POINT ( 'NONE',  ( 1.657186911217147784, 0.01574803149606299191, -0.5455585947241952116 ) ) ;
#4748 = ORIENTED_EDGE ( 'NONE', *, *, #5278, .T. ) ;
#4749 = CARTESIAN_POINT ( 'NONE',  ( 1.377198421603221590, 0.01574803149606299538, -0.7175827911707547413 ) ) ;
#4750 =( LENGTH_UNIT ( ) NAMED_UNIT ( * ) SI_UNIT ( $, .METRE. ) );
#4751 = EDGE_CURVE ( 'NONE', #1555, #5363, #3485, .T. ) ;
#4752 = VECTOR ( 'NONE', #2381, 39.37007874015748143 ) ;
#4753 = CARTESIAN_POINT ( 'NONE',  ( 1.100490034054905752, 0.01574803149606299538, -0.7317089843750000933 ) ) ;
#4754 = CARTESIAN_POINT ( 'NONE',  ( 1.972365034054905486, 0.01574803149606299191, -0.7317089843750000933 ) ) ;
#4755 =( GEOMETRIC_REPRESENTATION_CONTEXT ( 3 ) GLOBAL_UNCERTAINTY_ASSIGNED_CONTEXT ( ( #2393 ) ) GLOBAL_UNIT_ASSIGNED_CONTEXT ( ( #794, #1281, #5015 ) ) REPRESENTATION_CONTEXT ( 'NONE', 'WORKASPACE' ) );
#4756 = ORIENTED_EDGE ( 'NONE', *, *, #3261, .T. ) ;
#4757 = ORIENTED_EDGE ( 'NONE', *, *, #1506, .T. ) ;
#4758 = CARTESIAN_POINT ( 'NONE',  ( 1.110800099796193541, 0.01574803149606299191, -0.6762194091946962526 ) ) ;
#4759 = CARTESIAN_POINT ( 'NONE',  ( 0.9546724548953016143, 0.01574803149606299538, -0.5133060391917817489 ) ) ;
#4760 = CARTESIAN_POINT ( 'NONE',  ( 1.157911909054905708, -0.3448278556033430586, -0.6925000000000000044 ) ) ;
#4761 = CARTESIAN_POINT ( 'NONE',  ( 1.107265499518347074, 2.134256245050205639E-18, -0.6621100154890268152 ) ) ;
#4762 = ORIENTED_EDGE ( 'NONE', *, *, #5334, .F. ) ;
#4763 = CARTESIAN_POINT ( 'NONE',  ( 1.072807442151357815, 0.01574803149606299538, -0.7167076236229926733 ) ) ;
#4764 = CARTESIAN_POINT ( 'NONE',  ( 1.940932398142129811, 6.402768735150616918E-18, -0.6085854038213164285 ) ) ;
#4765 = CARTESIAN_POINT ( 'NONE',  ( 1.429054487179905575, -0.3448278556033430586, -0.6799999999999999378 ) ) ;
#4766 = EDGE_CURVE ( 'NONE', #5125, #2347, #903, .T. ) ;
#4767 = B_SPLINE_CURVE_WITH_KNOTS ( 'NONE', 3,
 ( #533, #4740, #904, #3546, #3954, #426, #884, #2141, #5245, #1358, #47 ),
 .UNSPECIFIED., .F., .F.,
 ( 4, 1, 1, 1, 1, 1, 1, 1, 4 ),
 ( 0.000000000000000000, 0.1178289174662618122, 0.2298717041193024391, 0.3399627030475842471, 0.4535632596048721488, 0.5726946505010789279, 0.7001359251603210820, 0.8414316731342473821, 1.000000000000000000 ),
 .UNSPECIFIED. ) ;
#4768 = CARTESIAN_POINT ( 'NONE',  ( 1.657179487179905708, 0.01574803149606299191, -0.5469433593750000488 ) ) ;
#4769 = EDGE_CURVE ( 'NONE', #2790, #2877, #5562, .T. ) ;
#4770 = ORIENTED_EDGE ( 'NONE', *, *, #4927, .T. ) ;
#4771 = CARTESIAN_POINT ( 'NONE',  ( 1.990610854456254408, 2.134256245050205639E-18, -0.6853627314024504091 ) ) ;
#4772 = SURFACE_STYLE_FILL_AREA ( #1812 ) ;
#4773 = ORIENTED_EDGE ( 'NONE', *, *, #2616, .F. ) ;
#4774 = CARTESIAN_POINT ( 'NONE',  ( 1.421235676267535775, 0.01574803149606299885, -0.4957299285605701322 ) ) ;
#4775 = CARTESIAN_POINT ( 'NONE',  ( 1.761859233006684233, -2.134256245050205639E-18, -0.6223503111505126473 ) ) ;
#4776 = CARTESIAN_POINT ( 'NONE',  ( 1.973712058032422778, 0.01574803149606299191, -0.7320828900431357589 ) ) ;
#4777 = EDGE_LOOP ( 'NONE', ( #40, #1930, #4364, #2814 ) ) ;
#4778 = DIMENSIONAL_EXPONENTS ( 1.000000000000000000, 0.000000000000000000, 0.000000000000000000, 0.000000000000000000, 0.000000000000000000, 0.000000000000000000, 0.000000000000000000 ) ;
#4779 = CARTESIAN_POINT ( 'NONE',  ( 0.8759294871799053750, 0.01574803149606299191, -0.4893750000000000044 ) ) ;
#4780 = ORIENTED_EDGE ( 'NONE', *, *, #3502, .T. ) ;
#4781 = CARTESIAN_POINT ( 'NONE',  ( 1.185955854996292747, 0.01574803149606299538, -0.5127708412504358160 ) ) ;
#4782 = CARTESIAN_POINT ( 'NONE',  ( 0.6964325878483179633, 2.134256245050205639E-18, -0.5087791208421069689 ) ) ;
#4783 = CARTESIAN_POINT ( 'NONE',  ( 1.728648523265025050, 0.01574803149606299191, -0.7349205243875431837 ) ) ;
#4784 = CARTESIAN_POINT ( 'NONE',  ( 0.9839861278049059079, 0.01574803149606299885, -0.4893750000000001155 ) ) ;
#4785 = VECTOR ( 'NONE', #2995, 39.37007874015748143 ) ;
#4786 = EDGE_CURVE ( 'NONE', #2998, #3923, #4304, .T. ) ;
#4787 = LINE ( 'NONE', #928, #3246 ) ;
#4788 = AXIS2_PLACEMENT_3D ( 'NONE', #3956, #3524, #5249 ) ;
#4789 = CARTESIAN_POINT ( 'NONE',  ( 1.827661828411983214, 8.537024980200822558E-18, -0.6640829252053401799 ) ) ;
#4790 = CARTESIAN_POINT ( 'NONE',  ( 1.972365034054905708, 0.01574803149606299191, -0.7317089843750002043 ) ) ;
#4791 = ORIENTED_EDGE ( 'NONE', *, *, #2922, .T. ) ;
#4792 = CARTESIAN_POINT ( 'NONE',  ( 1.959995555432552550, 0.01574803149606298844, -0.5942874467830964180 ) ) ;
#4793 = AXIS2_PLACEMENT_3D ( 'NONE', #831, #1671, #1260 ) ;
#4794 = CARTESIAN_POINT ( 'NONE',  ( 1.979054487179905397, 0.01574803149606299191, -0.6598339843749999600 ) ) ;
#4795 = CARTESIAN_POINT ( 'NONE',  ( 0.8901902337340269478, 0.01574803149606299885, -0.4933013657923400186 ) ) ;
#4796 = CARTESIAN_POINT ( 'NONE',  ( 0.8994370279011818514, 0.01574803149606299191, -0.5070591035736968788 ) ) ;
#4797 = B_SPLINE_CURVE_WITH_KNOTS ( 'NONE', 3,
 ( #3298, #2885, #2073, #4610, #3331, #3832, #2043, #737, #4188, #3795, #3763 ),
 .UNSPECIFIED., .F., .F.,
 ( 4, 1, 1, 1, 1, 1, 1, 1, 4 ),
 ( 0.000000000000000000, 0.1330733262487469315, 0.2627659362384358599, 0.3887957597851894875, 0.5126889517223318649, 0.6344410886993782084, 0.7564245126272963748, 0.8781791936067050441, 1.000000000000000000 ),
 .UNSPECIFIED. ) ;
#4798 = ORIENTED_EDGE ( 'NONE', *, *, #4163, .T. ) ;
#4799 = CARTESIAN_POINT ( 'NONE',  ( 1.381421036947733327, 2.134256245050205639E-18, -0.7257794113598587948 ) ) ;
#4800 = CARTESIAN_POINT ( 'NONE',  ( 0.8478044871799053084, -0.3448278556033430586, -0.6550000000000000266 ) ) ;
#4801 = EDGE_LOOP ( 'NONE', ( #2603, #411, #4681, #3127, #5373, #3422, #3868, #2583, #3611, #4535, #4952, #4923, #4941, #625, #2322, #2181, #4829, #3754, #2777, #4917 ) ) ;
#4802 = CARTESIAN_POINT ( 'NONE',  ( 2.029786909054905220, -0.3448278556033430586, -0.6925000000000000044 ) ) ;
#4803 = CARTESIAN_POINT ( 'NONE',  ( 1.766896284054905619, 2.134256245050205639E-18, -0.7393750000000000044 ) ) ;
#4804 = CARTESIAN_POINT ( 'NONE',  ( 1.214894330929905841, -0.3448278556033430586, -0.4893750000000000044 ) ) ;
#4805 = CARTESIAN_POINT ( 'NONE',  ( 1.670509882653886002, 0.000000000000000000, -0.6943561838738041558 ) ) ;
#4806 = ORIENTED_EDGE ( 'NONE', *, *, #3102, .F. ) ;
#4807 = ORIENTED_EDGE ( 'NONE', *, *, #2115, .T. ) ;
#4808 = EDGE_LOOP ( 'NONE', ( #1479, #634, #2611, #3486, #1765, #523, #930, #2215, #3403, #2745, #5560, #4652, #1023, #1339, #2116 ) ) ;
#4809 = CARTESIAN_POINT ( 'NONE',  ( 1.560304487179905664, 0.01574803149606299538, -0.5196484375000000044 ) ) ;
#4810 = VERTEX_POINT ( 'NONE', #1748 ) ;
#4811 = CARTESIAN_POINT ( 'NONE',  ( 2.057257510028259517, 0.000000000000000000, -0.5186778385476670250 ) ) ;
#4812 = EDGE_CURVE ( 'NONE', #5236, #3877, #3879, .T. ) ;
#4813 = CARTESIAN_POINT ( 'NONE',  ( 0.6948946821016818154, 0.01574803149606298844, -0.5158284825360056614 ) ) ;
#4814 = CARTESIAN_POINT ( 'NONE',  ( 1.114470429146312336, 0.01574803149606299191, -0.6813509299326654389 ) ) ;
#4815 = CARTESIAN_POINT ( 'NONE',  ( 1.112670047573996346, 0.000000000000000000, -0.6406349633961225809 ) ) ;
#4816 = EDGE_CURVE ( 'NONE', #4736, #1258, #1694, .T. ) ;
#4817 = CARTESIAN_POINT ( 'NONE',  ( 1.142579538516513615, 0.01574803149606298844, -0.7362508006461742083 ) ) ;
#4818 = CARTESIAN_POINT ( 'NONE',  ( 1.892708143753448535, 2.134256245050205639E-18, -0.6411864590076461479 ) ) ;
#4819 = CARTESIAN_POINT ( 'NONE',  ( 2.008996359965232514, 2.134256245050205639E-18, -0.6912050257421653576 ) ) ;
#4820 = DIRECTION ( 'NONE',  ( 1.000000000000000000, 0.000000000000000000, 0.000000000000000000 ) ) ;
#4821 = CARTESIAN_POINT ( 'NONE',  ( 1.967856238116828749, 6.402768735150616918E-18, -0.5908602598766081737 ) ) ;
#4822 = CARTESIAN_POINT ( 'NONE',  ( 1.983689106504815669, 2.134256245050205639E-18, -0.6783564305222392621 ) ) ;
#4823 = CARTESIAN_POINT ( 'NONE',  ( 1.157911909054905708, 0.01574803149606299191, -0.6925000000000000044 ) ) ;
#4824 = CARTESIAN_POINT ( 'NONE',  ( 1.657621228432649918, -2.134256245050205639E-18, -0.5390989695264859494 ) ) ;
#4825 = CARTESIAN_POINT ( 'NONE',  ( 1.820135691242227072, -2.134256245050205639E-18, -0.5538288753223686856 ) ) ;
#4826 = CARTESIAN_POINT ( 'NONE',  ( 2.008996359965232514, 2.134256245050205639E-18, -0.6912050257421653576 ) ) ;
#4827 =( LENGTH_UNIT ( ) NAMED_UNIT ( * ) SI_UNIT ( $, .METRE. ) );
#4828 = CARTESIAN_POINT ( 'NONE',  ( 1.457960737179905486, -0.1645399120536400472, -0.5314648437500000266 ) ) ;
#4829 = ORIENTED_EDGE ( 'NONE', *, *, #4983, .F. ) ;
#4830 = CARTESIAN_POINT ( 'NONE',  ( 1.666009127923353317, 0.01574803149606299191, -0.6161259787409928412 ) ) ;
#4831 = CARTESIAN_POINT ( 'NONE',  ( 0.7093574511824208839, 0.01574803149606298497, -0.4928040179152571310 ) ) ;
#4832 = CARTESIAN_POINT ( 'NONE',  ( 1.986345429146311847, 0.01574803149606299191, -0.6813509299326654389 ) ) ;
#4833 = CARTESIAN_POINT ( 'NONE',  ( 1.241068956533415202, 0.01574803149606299538, -0.7116585904362078274 ) ) ;
#4834 = PRESENTATION_LAYER_ASSIGNMENT (  '', '', ( #2954 ) ) ;
#4835 = ORIENTED_EDGE ( 'NONE', *, *, #5403, .T. ) ;
#4836 = CARTESIAN_POINT ( 'NONE',  ( 1.769923627804905752, 0.000000000000000000, -0.5331249999999999600 ) ) ;
#4837 = VECTOR ( 'NONE', #4609, 39.37007874015748143 ) ;
#4838 = FILL_AREA_STYLE_COLOUR ( '', #3764 ) ;
#4839 = ORIENTED_EDGE ( 'NONE', *, *, #3244, .T. ) ;
#4840 = EDGE_CURVE ( 'NONE', #287, #3503, #4030, .T. ) ;
#4841 = CARTESIAN_POINT ( 'NONE',  ( 1.457960737179905486, 0.01574803149606299191, -0.5314648437500000266 ) ) ;
#4842 = LINE ( 'NONE', #2216, #2184 ) ;
#4843 = EDGE_CURVE ( 'NONE', #2767, #1737, #4458, .T. ) ;
#4844 = VECTOR ( 'NONE', #5448, 39.37007874015748143 ) ;
#4845 = LINE ( 'NONE', #3570, #1593 ) ;
#4846 = CARTESIAN_POINT ( 'NONE',  ( 1.138020144867603278, 0.01574803149606298844, -0.7362523579507952443 ) ) ;
#4847 = EDGE_CURVE ( 'NONE', #1367, #187, #4845, .T. ) ;
#4848 = CARTESIAN_POINT ( 'NONE',  ( 1.387152977514224839, 2.134256245050205639E-18, -0.4938059999865766492 ) ) ;
#4849 = FACE_OUTER_BOUND ( 'NONE', #4777, .T. ) ;
#4850 = CARTESIAN_POINT ( 'NONE',  ( 1.976425237444370486, 6.402768735150616918E-18, -0.5880286626417449147 ) ) ;
#4851 = EDGE_CURVE ( 'NONE', #2835, #2318, #5162, .T. ) ;
#4852 = PLANE ( 'NONE',  #2359 ) ;
#4853 = CARTESIAN_POINT ( 'NONE',  ( 1.661816482012886009, -2.134256245050205639E-18, -0.5269625847838745880 ) ) ;
#4854 = DIRECTION ( 'NONE',  ( 0.000000000000000000, 0.000000000000000000, -1.000000000000000000 ) ) ;
#4855 = FACE_OUTER_BOUND ( 'NONE', #2513, .T. ) ;
#4856 = CARTESIAN_POINT ( 'NONE',  ( 0.9009156020876871729, 0.000000000000000000, -0.7036024599242634014 ) ) ;
#4857 = PRESENTATION_STYLE_ASSIGNMENT (( #466 ) ) ;
#4858 = CARTESIAN_POINT ( 'NONE',  ( 1.766196029182908855, -2.134256245050205639E-18, -0.6204474108498754248 ) ) ;
#4859 = CARTESIAN_POINT ( 'NONE',  ( 1.703399162339077844, 0.01574803149606299538, -0.7251547768737167665 ) ) ;
#4860 = LINE ( 'NONE', #996, #3404 ) ;
#4861 = EDGE_CURVE ( 'NONE', #5106, #3921, #3977, .T. ) ;
#4862 = VERTEX_POINT ( 'NONE', #4505 ) ;
#4863 = EDGE_LOOP ( 'NONE', ( #4451, #3627, #65, #5071 ) ) ;
#4864 = VERTEX_POINT ( 'NONE', #2278 ) ;
#4865 = CARTESIAN_POINT ( 'NONE',  ( 1.613429487179905530, -2.134256245050205639E-18, -0.5195996093750000488 ) ) ;
#4866 = CARTESIAN_POINT ( 'NONE',  ( 1.894679487179905752, -0.3448278556033430586, -0.6143750000000000044 ) ) ;
#4867 = CARTESIAN_POINT ( 'NONE',  ( 1.108425589604966177, 0.000000000000000000, -0.6491831046553113715 ) ) ;
#4868 = CARTESIAN_POINT ( 'NONE',  ( 2.084742181770630420, 0.01574803149606299191, -0.4894644094531209744 ) ) ;
#4869 = CARTESIAN_POINT ( 'NONE',  ( 1.861136782071959317, 2.134256245050205639E-18, -0.7058083210826882059 ) ) ;
#4870 = VECTOR ( 'NONE', #3515, 39.37007874015748143 ) ;
#4871 = CARTESIAN_POINT ( 'NONE',  ( 0.9858349916979387562, 0.01574803149606299191, -0.4894804284713953901 ) ) ;
#4872 = DIRECTION ( 'NONE',  ( 0.000000000000000000, -0.000000000000000000, -1.000000000000000000 ) ) ;
#4873 = CARTESIAN_POINT ( 'NONE',  ( 1.831433209737319601, 0.01574803149606299191, -0.5723111445099197114 ) ) ;
#4874 = CARTESIAN_POINT ( 'NONE',  ( 1.775796491432351853, 0.01574803149606299191, -0.5945460670200047870 ) ) ;
#4875 = LINE ( 'NONE', #1926, #2986 ) ;
#4876 = CARTESIAN_POINT ( 'NONE',  ( 2.022448322905110007, 0.01574803149606299191, -0.6924176946745801420 ) ) ;
#4877 = ORIENTED_EDGE ( 'NONE', *, *, #5235, .F. ) ;
#4878 = VECTOR ( 'NONE', #4642, 39.37007874015748143 ) ;
#4879 = ORIENTED_EDGE ( 'NONE', *, *, #618, .F. ) ;
#4880 = DIRECTION ( 'NONE',  ( 0.000000000000000000, 0.000000000000000000, -1.000000000000000000 ) ) ;
#4881 = CARTESIAN_POINT ( 'NONE',  ( 0.6947540883937034506, 0.000000000000000000, -0.5208762587359284657 ) ) ;
#4882 = CARTESIAN_POINT ( 'NONE',  ( 1.225653139869469443, 0.01574803149606299538, -0.7333496907531326103 ) ) ;
#4883 = CARTESIAN_POINT ( 'NONE',  ( 1.752197867299052580, 0.01574803149606299191, -0.5801289281510280116 ) ) ;
#4884 = ORIENTED_EDGE ( 'NONE', *, *, #1677, .F. ) ;
#4885 = CARTESIAN_POINT ( 'NONE',  ( 0.9839861278049059079, -2.134256245050205639E-18, -0.7393750000000001155 ) ) ;
#4886 = CARTESIAN_POINT ( 'NONE',  ( 0.8478981602852648791, 2.134256245050205639E-18, -0.5176555267358625700 ) ) ;
#4887 = CARTESIAN_POINT ( 'NONE',  ( 1.204907794501358653, 0.01574803149606299191, -0.4906240140677636807 ) ) ;
#4888 = VERTEX_POINT ( 'NONE', #1831 ) ;
#4889 = DIRECTION ( 'NONE',  ( 0.000000000000000000, -0.000000000000000000, 1.000000000000000000 ) ) ;
#4890 = CARTESIAN_POINT ( 'NONE',  ( 1.463077998984859907, 6.402768735150616918E-18, -0.7086071453434762413 ) ) ;
#4891 = CARTESIAN_POINT ( 'NONE',  ( 0.8738356983049108129, 0.000000000000000000, -0.4894727179906456782 ) ) ;
#4892 = CARTESIAN_POINT ( 'NONE',  ( 1.657217684161891968, 2.134256245050205639E-18, -0.5934167419783636932 ) ) ;
#4893 = B_SPLINE_CURVE_WITH_KNOTS ( 'NONE', 3,
 ( #4514, #1518, #1011, #1133, #587, #4122, #4463, #2305, #646, #4044, #181, #2394, #3605, #5336 ),
 .UNSPECIFIED., .F., .F.,
 ( 4, 2, 2, 2, 2, 2, 4 ),
 ( 0.000000000000000000, 0.0004082272555863031456, 0.0008164545111726062912, 0.001020568138965763068, 0.001224681766758919628, 0.001428795394552076405, 0.001632909022345232965 ),
 .UNSPECIFIED. ) ;
#4894 = CARTESIAN_POINT ( 'NONE',  ( 1.695347850284714797, 2.134256245050205639E-18, -0.6501399421424436387 ) ) ;
#4895 = CARTESIAN_POINT ( 'NONE',  ( 1.545645973445822552, 0.01574803149606299191, -0.7341730201209180073 ) ) ;
#4896 = CARTESIAN_POINT ( 'NONE',  ( 1.131486889415794339, 0.01574803149606299191, -0.6902494895767093963 ) ) ;
#4897 = CARTESIAN_POINT ( 'NONE',  ( 1.051111225091001966, 0.01574803149606299538, -0.6690768429477933488 ) ) ;
#4898 = VERTEX_POINT ( 'NONE', #5354 ) ;
#4899 = CARTESIAN_POINT ( 'NONE',  ( 2.014297921151178894, 0.01574803149606299191, -0.6276072213740757633 ) ) ;
#4900 = DIRECTION ( 'NONE',  ( 0.000000000000000000, -0.000000000000000000, 1.000000000000000000 ) ) ;
#4901 = CARTESIAN_POINT ( 'NONE',  ( 1.852028320624386604, 6.402768735150616918E-18, -0.5149517904640361632 ) ) ;
#4902 = CARTESIAN_POINT ( 'NONE',  ( 1.776493743142604886, 0.01574803149606299538, -0.5998373312894766940 ) ) ;
#4903 = CARTESIAN_POINT ( 'NONE',  ( 1.925673690198496102, 0.01574803149606298844, -0.6847626957698803585 ) ) ;
#4904 = CARTESIAN_POINT ( 'NONE',  ( 1.672788419108712787, 2.134256245050205639E-18, -0.5170126222841918695 ) ) ;
#4905 = DIRECTION ( 'NONE',  ( -0.000000000000000000, 1.000000000000000000, -0.000000000000000000 ) ) ;
#4906 = CARTESIAN_POINT ( 'NONE',  ( 0.9582350277136064687, -2.134256245050205639E-18, -0.7261417824543621169 ) ) ;
#4907 = EDGE_CURVE ( 'NONE', #1399, #1660, #2548, .T. ) ;
#4908 = ORIENTED_EDGE ( 'NONE', *, *, #2327, .F. ) ;
#4909 = EDGE_CURVE ( 'NONE', #654, #3045, #7, .T. ) ;
#4910 = CARTESIAN_POINT ( 'NONE',  ( 1.676804996875719045, 0.000000000000000000, -0.6542057912973630041 ) ) ;
#4911 = FACE_OUTER_BOUND ( 'NONE', #1192, .T. ) ;
#4912 = ORIENTED_EDGE ( 'NONE', *, *, #2206, .T. ) ;
#4913 = EDGE_CURVE ( 'NONE', #1131, #1367, #4233, .T. ) ;
#4914 = PLANE ( 'NONE',  #2180 ) ;
#4915 = DIRECTION ( 'NONE',  ( 0.000000000000000000, 1.000000000000000000, 0.000000000000000000 ) ) ;
#4916 = CARTESIAN_POINT ( 'NONE',  ( 1.560376766784887570, 2.134256245050205639E-18, -0.5174596313471864217 ) ) ;
#4917 = ORIENTED_EDGE ( 'NONE', *, *, #272, .F. ) ;
#4918 = CARTESIAN_POINT ( 'NONE',  ( 2.074470232313248008, 0.000000000000000000, -0.4912707174611702365 ) ) ;
#4919 = CARTESIAN_POINT ( 'NONE',  ( 1.662040493455708923, 0.01574803149606299191, -0.6116574796490572563 ) ) ;
#4920 = CARTESIAN_POINT ( 'NONE',  ( 1.664871923455722325, 2.134256245050205639E-18, -0.6150814801740419613 ) ) ;
#4921 = VECTOR ( 'NONE', #3895, 39.37007874015748143 ) ;
#4922 = CARTESIAN_POINT ( 'NONE',  ( 1.606691871339055222, 0.01574803149606299191, -0.4969210215378405127 ) ) ;
#4923 = ORIENTED_EDGE ( 'NONE', *, *, #509, .F. ) ;
#4924 = CARTESIAN_POINT ( 'NONE',  ( 0.8981951121799053306, 0.01574803149606299191, -0.7209667968749999822 ) ) ;
#4925 = CARTESIAN_POINT ( 'NONE',  ( 1.979214530997315702, -2.134256245050205639E-18, -0.6543145289080800620 ) ) ;
#4926 = VECTOR ( 'NONE', #2385, 39.37007874015748143 ) ;
#4927 = EDGE_CURVE ( 'NONE', #51, #171, #778, .T. ) ;
#4928 = CARTESIAN_POINT ( 'NONE',  ( 1.376142604005369696, 0.01574803149606299538, -0.5132146990251265084 ) ) ;
#4929 = CARTESIAN_POINT ( 'NONE',  ( 2.113429487179905308, -0.1645399120536400472, -0.7037304687500000044 ) ) ;
#4930 = CARTESIAN_POINT ( 'NONE',  ( 0.7108323930433019244, 0.01574803149606299191, -0.7375787142954144393 ) ) ;
#4931 = CARTESIAN_POINT ( 'NONE',  ( 1.860759227425130113, 6.402768735150616918E-18, -0.5226579468159356923 ) ) ;
#4932 = LINE ( 'NONE', #5338, #4323 ) ;
#4933 = CARTESIAN_POINT ( 'NONE',  ( 1.708306981238459921, 0.01574803149606298844, -0.6544822607609721565 ) ) ;
#4934 = CARTESIAN_POINT ( 'NONE',  ( 1.496241987179905752, -0.3448278556033430586, -0.4893750000000001155 ) ) ;
#4935 = CARTESIAN_POINT ( 'NONE',  ( 1.504885159408923423, 0.000000000000000000, -0.4903065445313095627 ) ) ;
#4936 = CARTESIAN_POINT ( 'NONE',  ( 1.776334354212897537, 2.134256245050205639E-18, -0.6061951555971232253 ) ) ;
#4937 = ORIENTED_EDGE ( 'NONE', *, *, #2810, .T. ) ;
#4938 = CARTESIAN_POINT ( 'NONE',  ( 0.9541399169134242575, 0.01574803149606299191, -0.7096467500054416400 ) ) ;
#4939 = EDGE_CURVE ( 'NONE', #13, #504, #2529, .T. ) ;
#4940 =( LENGTH_UNIT ( ) NAMED_UNIT ( * ) SI_UNIT ( $, .METRE. ) );
#4941 = ORIENTED_EDGE ( 'NONE', *, *, #1364, .F. ) ;
#4942 = CARTESIAN_POINT ( 'NONE',  ( 0.8720381704777067089, 0.01574803149606298844, -0.4895572104415601422 ) ) ;
#4943 = CARTESIAN_POINT ( 'NONE',  ( 1.207521284054905886, 0.01574803149606299538, -0.7362499999999999600 ) ) ;
#4944 = CARTESIAN_POINT ( 'NONE',  ( 1.665282224431238189, 0.01574803149606298844, -0.6815639859029615222 ) ) ;
#4945 = CARTESIAN_POINT ( 'NONE',  ( 1.598617746523097294, -2.134256245050205639E-18, -0.4910786117551032004 ) ) ;
#4946 = CARTESIAN_POINT ( 'NONE',  ( 1.712572332975243805, 0.01574803149606299191, -0.5469684390282316677 ) ) ;
#4947 = LINE ( 'NONE', #1119, #515 ) ;
#4948 = CARTESIAN_POINT ( 'NONE',  ( 1.412013471554905530, 0.000000000000000000, -0.7362499999999999600 ) ) ;
#4949 = SURFACE_STYLE_USAGE ( .BOTH. , #3222 ) ;
#4950 = CARTESIAN_POINT ( 'NONE',  ( 0.7442187974722289656, 0.01574803149606298844, -0.7270785883326325028 ) ) ;
#4951 = CARTESIAN_POINT ( 'NONE',  ( 1.732282520859335984, 0.01574803149606298497, -0.6832755477764298480 ) ) ;
#4952 = ORIENTED_EDGE ( 'NONE', *, *, #4769, .F. ) ;
#4953 = CARTESIAN_POINT ( 'NONE',  ( 1.709930108842510954, 0.01574803149606298844, -0.6554230818510524692 ) ) ;
#4954 = CARTESIAN_POINT ( 'NONE',  ( 1.003152008026783282, 4.268512490100411279E-18, -0.7312250803505266905 ) ) ;
#4955 = CARTESIAN_POINT ( 'NONE',  ( 1.984545047573996079, 0.01574803149606299191, -0.6406349633961228029 ) ) ;
#4956 = ORIENTED_EDGE ( 'NONE', *, *, #276, .T. ) ;
#4957 = AXIS2_PLACEMENT_3D ( 'NONE', #244, #2769, #1117 ) ;
#4958 = CARTESIAN_POINT ( 'NONE',  ( 1.426857221554905575, 0.01574803149606299191, -0.7362499999999999600 ) ) ;
#4959 = CARTESIAN_POINT ( 'NONE',  ( 1.152159574790566410, 0.01574803149606299885, -0.6269345980684819519 ) ) ;
#4960 = CARTESIAN_POINT ( 'NONE',  ( 1.531415355931479816, 2.134256245050205639E-18, -0.7228581240702762756 ) ) ;
#4961 = CARTESIAN_POINT ( 'NONE',  ( 0.9541362347901385377, -2.134256245050205639E-18, -0.5192325721664362570 ) ) ;
#4962 = CARTESIAN_POINT ( 'NONE',  ( 1.461156639516344669, 2.134256245050205639E-18, -0.5198684452770315767 ) ) ;
#4963 = CARTESIAN_POINT ( 'NONE',  ( 1.832073469489249540, 0.000000000000000000, -0.5024235809266067720 ) ) ;
#4964 = ORIENTED_EDGE ( 'NONE', *, *, #3272, .T. ) ;
#4965 = VECTOR ( 'NONE', #2677, 39.37007874015748143 ) ;
#4966 = CARTESIAN_POINT ( 'NONE',  ( 0.8981951121799053306, 0.01574803149606299191, -0.7209667968749999822 ) ) ;
#4967 = CARTESIAN_POINT ( 'NONE',  ( 1.838429487179906063, -2.134256245050205639E-18, -0.6155957031250001155 ) ) ;
#4968 = VERTEX_POINT ( 'NONE', #3687 ) ;
#4969 = CARTESIAN_POINT ( 'NONE',  ( 1.666365687984099342, 0.000000000000000000, -0.6656937951576626933 ) ) ;
#4970 = CARTESIAN_POINT ( 'NONE',  ( 1.587301957338526304, 0.01574803149606299191, -0.7360433113835537222 ) ) ;
#4971 = CARTESIAN_POINT ( 'NONE',  ( 2.113128194879099642, 0.01574803149606299885, -0.5136000514925583849 ) ) ;
#4972 = CARTESIAN_POINT ( 'NONE',  ( 1.375929487179905486, 0.000000000000000000, -0.5195996093750000488 ) ) ;
#4973 = DIRECTION ( 'NONE',  ( 0.000000000000000000, 0.000000000000000000, -1.000000000000000000 ) ) ;
#4974 = VECTOR ( 'NONE', #1136, 39.37007874015748143 ) ;
#4975 = DIRECTION ( 'NONE',  ( 0.000000000000000000, -0.000000000000000000, 1.000000000000000000 ) ) ;
#4976 = FACE_OUTER_BOUND ( 'NONE', #1244, .T. ) ;
#4977 = FACE_OUTER_BOUND ( 'NONE', #2083, .T. ) ;
#4978 = CARTESIAN_POINT ( 'NONE',  ( 1.768400757564957182, -2.134256245050205639E-18, -0.5845930326826114243 ) ) ;
#4979 = ORIENTED_EDGE ( 'NONE', *, *, #4744, .F. ) ;
#4980 = CARTESIAN_POINT ( 'NONE',  ( 1.710304487179905575, -0.1645399120536400472, -0.5480664062500000266 ) ) ;
#4981 = CARTESIAN_POINT ( 'NONE',  ( 1.925673690198496102, 2.134256245050205639E-18, -0.6847626957698803585 ) ) ;
#4982 = CARTESIAN_POINT ( 'NONE',  ( 0.7463846647147023283, 2.134256245050205639E-18, -0.7217315991900602468 ) ) ;
#4983 = EDGE_CURVE ( 'NONE', #2984, #693, #2729, .T. ) ;
#4984 = CARTESIAN_POINT ( 'NONE',  ( 0.9542919257015421985, 0.01574803149606299538, -0.5147207550859113079 ) ) ;
#4985 = ORIENTED_EDGE ( 'NONE', *, *, #123, .F. ) ;
#4986 = CARTESIAN_POINT ( 'NONE',  ( 1.552658766736872975, 6.402768735150616918E-18, -0.7355145572601897719 ) ) ;
#4987 = CARTESIAN_POINT ( 'NONE',  ( 0.7058091336034709729, 0.01574803149606299191, -0.7349402306124369622 ) ) ;
#4988 = CARTESIAN_POINT ( 'NONE',  ( 1.831973276787609795, 0.000000000000000000, -0.7261232052962024452 ) ) ;
#4989 = CARTESIAN_POINT ( 'NONE',  ( 1.529863366413430237, 2.134256245050205639E-18, -0.7188059347168455071 ) ) ;
#4990 = CARTESIAN_POINT ( 'NONE',  ( 1.680909955929905664, 2.134256245050205639E-18, -0.5122265624999999822 ) ) ;
#4991 = LINE ( 'NONE', #3297, #4837 ) ;
#4992 = CARTESIAN_POINT ( 'NONE',  ( 1.766196029182908855, 2.134256245050205639E-18, -0.6204474108498754248 ) ) ;
#4993 = CARTESIAN_POINT ( 'NONE',  ( 1.051008731520458150, 6.402768735150616918E-18, -0.6578450886893919547 ) ) ;
#4994 = CARTESIAN_POINT ( 'NONE',  ( 0.7665544871799053750, -4.268512490100411279E-18, -0.5189160156250000044 ) ) ;
#4995 = CARTESIAN_POINT ( 'NONE',  ( 1.664662274991622892, 0.000000000000000000, -0.6701247915765811136 ) ) ;
#4996 = CARTESIAN_POINT ( 'NONE',  ( 1.207521284054905886, 1.067128122525102820E-17, -0.7362499999999999600 ) ) ;
#4997 = FACE_OUTER_BOUND ( 'NONE', #5, .T. ) ;
#4998 = CARTESIAN_POINT ( 'NONE',  ( 2.111284421363506247, 0.01574803149606299191, -0.5060650287839251193 ) ) ;
#4999 = CARTESIAN_POINT ( 'NONE',  ( 1.145802534054905841, 0.000000000000000000, -0.5831250000000000044 ) ) ;
#5000 = CARTESIAN_POINT ( 'NONE',  ( 1.731229338394735473, 0.000000000000000000, -0.5393713399673585318 ) ) ;
#5001 = CARTESIAN_POINT ( 'NONE',  ( 0.6962886798552460066, -2.134256245050205639E-18, -0.7213397502294378594 ) ) ;
#5002 = CARTESIAN_POINT ( 'NONE',  ( 2.057179487179905397, -0.1645399120536400472, -0.5209667968750000266 ) ) ;
#5003 = CARTESIAN_POINT ( 'NONE',  ( 1.157911909054905708, 0.01574803149606299191, -0.6925000000000000044 ) ) ;
#5004 = CARTESIAN_POINT ( 'NONE',  ( 1.527352189719010322, -2.134256245050205639E-18, -0.5157819592465736624 ) ) ;
#5005 = VERTEX_POINT ( 'NONE', #2499 ) ;
#5006 = CARTESIAN_POINT ( 'NONE',  ( 1.101837058032423711, 0.000000000000000000, -0.7320828900431359809 ) ) ;
#5007 = ORIENTED_EDGE ( 'NONE', *, *, #1987, .T. ) ;
#5008 = EDGE_CURVE ( 'NONE', #1855, #3648, #3130, .T. ) ;
#5009 = CARTESIAN_POINT ( 'NONE',  ( 1.051083188894854858, 0.01574803149606300579, -0.6550128883984572825 ) ) ;
#5010 = ADVANCED_FACE ( 'NONE', ( #4258 ), #3585, .F. ) ;
#5011 = CARTESIAN_POINT ( 'NONE',  ( 1.588949436063476162, 0.01574803149606298844, -0.7358822800623796567 ) ) ;
#5012 = DIRECTION ( 'NONE',  ( 0.000000000000000000, 0.000000000000000000, -1.000000000000000000 ) ) ;
#5013 = VECTOR ( 'NONE', #5140, 39.37007874015748143 ) ;
#5014 = CARTESIAN_POINT ( 'NONE',  ( 0.9557921979920567246, 0.000000000000000000, -0.5083359794443373936 ) ) ;
#5015 =( NAMED_UNIT ( * ) SI_UNIT ( $, .STERADIAN. ) SOLID_ANGLE_UNIT ( ) );
#5016 = ADVANCED_FACE ( 'NONE', ( #2421 ), #3172, .F. ) ;
#5017 = EDGE_LOOP ( 'NONE', ( #5476, #3087, #3506, #901 ) ) ;
#5018 = VECTOR ( 'NONE', #5507, 39.37007874015748143 ) ;
#5019 = CARTESIAN_POINT ( 'NONE',  ( 1.157911909054905708, 0.01574803149606299191, -0.6925000000000000044 ) ) ;
#5020 = CARTESIAN_POINT ( 'NONE',  ( 1.552658766736872975, 0.01574803149606298844, -0.7355145572601897719 ) ) ;
#5021 = CARTESIAN_POINT ( 'NONE',  ( 2.109560893904240508, 0.01574803149606299191, -0.5022764856182352355 ) ) ;
#5022 = CARTESIAN_POINT ( 'NONE',  ( 1.404457255419189421, -2.134256245050205639E-18, -0.7360809920015050078 ) ) ;
#5023 = CARTESIAN_POINT ( 'NONE',  ( 1.861136782071959317, 0.000000000000000000, -0.7058083210826882059 ) ) ;
#5024 = CARTESIAN_POINT ( 'NONE',  ( 1.696437299679905752, -0.1645399120536400472, -0.6237500000000000266 ) ) ;
#5025 = CARTESIAN_POINT ( 'NONE',  ( 1.471913430472677087, 0.01574803149606300232, -0.4979302993686212098 ) ) ;
#5026 = CARTESIAN_POINT ( 'NONE',  ( 1.842502878105087394, 0.000000000000000000, -0.5081351905995079576 ) ) ;
#5027 = B_SPLINE_SURFACE_WITH_KNOTS ( 'NONE', 3, 1, ( 
 ( #699, #2482 ),
 ( #3349, #5445 ),
 ( #4144, #5077 ),
 ( #726, #2418 ),
 ( #2932, #3722 ),
 ( #792, #4954 ),
 ( #2452, #1158 ),
 ( #2509, #312 ),
 ( #3691, #3318 ),
 ( #669, #5413 ),
 ( #1098, #1538 ) ),
 .UNSPECIFIED., .F., .F., .F.,
 ( 4, 1, 1, 1, 1, 1, 1, 1, 4 ),
 ( 2, 2 ),
 ( 0.000000000000000000, 0.1578428353174667897, 0.2988651118194809442, 0.4256063816622773777, 0.5454550476073432019, 0.6584628360853416185, 0.7692520896568657562, 0.8804925052990102419, 1.000000000000000000 ),
 ( 0.000000000000000000, 1.000000000000000000 ),
 .UNSPECIFIED. ) ;
#5028 = PLANE ( 'NONE',  #4793 ) ;
#5029 = EDGE_CURVE ( 'NONE', #3562, #1258, #1664, .T. ) ;
#5030 = CARTESIAN_POINT ( 'NONE',  ( 1.846959019949985459, 0.01574803149606299885, -0.7176157538929155422 ) ) ;
#5031 = CARTESIAN_POINT ( 'NONE',  ( 1.565724409054905397, -0.1645399120536400472, -0.7362499999999999600 ) ) ;
#5032 = CARTESIAN_POINT ( 'NONE',  ( 1.438803373186489321, 6.402768735150616918E-18, -0.7356877575278358838 ) ) ;
#5033 = CARTESIAN_POINT ( 'NONE',  ( 2.113315126463924720, 0.01574803149606299191, -0.5174967715880944841 ) ) ;
#5034 = CARTESIAN_POINT ( 'NONE',  ( 1.792390993416857814, -2.134256245050205639E-18, -0.6929414081459976948 ) ) ;
#5035 = CARTESIAN_POINT ( 'NONE',  ( 1.214894330929905841, -2.134256245050205639E-18, -0.4893750000000000044 ) ) ;
#5036 = EDGE_CURVE ( 'NONE', #1624, #5351, #4860, .T. ) ;
#5037 = FACE_OUTER_BOUND ( 'NONE', #4454, .T. ) ;
#5038 = CARTESIAN_POINT ( 'NONE',  ( 1.680909955929905664, 0.01574803149606299191, -0.5122265624999999822 ) ) ;
#5039 = EDGE_LOOP ( 'NONE', ( #491, #4324, #5239, #3463 ) ) ;
#5040 = CARTESIAN_POINT ( 'NONE',  ( 0.8975757010696148175, 0.01574803149606299538, -0.7223324000980155812 ) ) ;
#5041 = APPLICATION_CONTEXT ( 'automotive_design' ) ;
#5042 = CARTESIAN_POINT ( 'NONE',  ( 1.613404943642253286, 2.134256245050205639E-18, -0.7081754898437299106 ) ) ;
#5043 = CARTESIAN_POINT ( 'NONE',  ( 0.7332614639089398700, 2.134256245050205639E-18, -0.7376097719688642362 ) ) ;
#5044 = FACE_OUTER_BOUND ( 'NONE', #4801, .T. ) ;
#5045 = EDGE_LOOP ( 'NONE', ( #2089, #3472, #3931, #2024 ) ) ;
#5046 = CARTESIAN_POINT ( 'NONE',  ( 1.132348281317756333, 0.01574803149606299191, -0.6904174611832318842 ) ) ;
#5047 = CARTESIAN_POINT ( 'NONE',  ( 1.539035552760663172, 6.402768735150616918E-18, -0.7313131790087699091 ) ) ;
#5048 = CARTESIAN_POINT ( 'NONE',  ( 0.6946794871799053528, 4.268512490100411279E-18, -0.7089062499999998490 ) ) ;
#5049 = LINE ( 'NONE', #1198, #2310 ) ;
#5050 = FACE_OUTER_BOUND ( 'NONE', #3452, .T. ) ;
#5051 = CARTESIAN_POINT ( 'NONE',  ( 1.768716956861621004, 6.402768735150616918E-18, -0.6955688596395961376 ) ) ;
#5052 = CARTESIAN_POINT ( 'NONE',  ( 0.8975919255271859187, 2.134256245050205639E-18, -0.7222966303625634188 ) ) ;
#5053 = CARTESIAN_POINT ( 'NONE',  ( 1.687457193133251154, 2.134256245050205639E-18, -0.6502917361556365128 ) ) ;
#5054 = CARTESIAN_POINT ( 'NONE',  ( 1.051111225091001966, -2.134256245050205639E-18, -0.6690768429477933488 ) ) ;
#5055 = CARTESIAN_POINT ( 'NONE',  ( 1.889512993359715676, 0.01574803149606299885, -0.6562971920565529027 ) ) ;
#5056 = CARTESIAN_POINT ( 'NONE',  ( 1.464894330929905619, 0.000000000000000000, -0.7020214843750001155 ) ) ;
#5057 = CARTESIAN_POINT ( 'NONE',  ( 1.141991381153823593, 0.000000000000000000, -0.5831681608761835056 ) ) ;
#5058 = CARTESIAN_POINT ( 'NONE',  ( 0.8351230133880261919, 0.01574803149606298497, -0.7143722516419394042 ) ) ;
#5059 = CARTESIAN_POINT ( 'NONE',  ( 1.451056603349967222, 6.402768735150616918E-18, -0.7319510360970333807 ) ) ;
#5060 = CARTESIAN_POINT ( 'NONE',  ( 1.776485043397305619, 0.01574803149606299191, -0.6032034449080825311 ) ) ;
#5061 = CARTESIAN_POINT ( 'NONE',  ( 2.087418124153548327, 0.01574803149606299191, -0.7358011333994025627 ) ) ;
#5062 = VECTOR ( 'NONE', #2053, 39.37007874015748143 ) ;
#5063 = CARTESIAN_POINT ( 'NONE',  ( 1.613429487179905530, -2.134256245050205639E-18, -0.5195996093750000488 ) ) ;
#5064 = CARTESIAN_POINT ( 'NONE',  ( 2.017677534054905575, 0.000000000000000000, -0.5831250000000000044 ) ) ;
#5065 = B_SPLINE_CURVE_WITH_KNOTS ( 'NONE', 3,
 ( #38, #5181, #1325, #754, #4003, #2609, #2237, #1823, #4348, #170, #2271, #3563 ),
 .UNSPECIFIED., .F., .F.,
 ( 4, 2, 2, 2, 2, 4 ),
 ( 0.000000000000000000, 0.0002793212611327209878, 0.0005586425222654419756, 0.0008379637833981628007, 0.0009776244139645244059, 0.001117285044530886120 ),
 .UNSPECIFIED. ) ;
#5066 = AXIS2_PLACEMENT_3D ( 'NONE', #2245, #2617, #1330 ) ;
#5067 = CARTESIAN_POINT ( 'NONE',  ( 1.985958081255676522, 0.01574803149606299191, -0.7345421172199687598 ) ) ;
#5068 = CARTESIAN_POINT ( 'NONE',  ( 0.8702165965549053528, 0.01574803149606298497, -0.7393750000000000044 ) ) ;
#5069 = ORIENTED_EDGE ( 'NONE', *, *, #3378, .T. ) ;
#5070 = ORIENTED_EDGE ( 'NONE', *, *, #110, .F. ) ;
#5071 = ORIENTED_EDGE ( 'NONE', *, *, #115, .T. ) ;
#5072 = ORIENTED_EDGE ( 'NONE', *, *, #5029, .T. ) ;
#5073 = CARTESIAN_POINT ( 'NONE',  ( 0.8760993579322473579, 0.01574803149606299191, -0.7389695157380959945 ) ) ;
#5074 = CARTESIAN_POINT ( 'NONE',  ( 1.612896946833452416, 2.134256245050205639E-18, -0.7146062921768565612 ) ) ;
#5075 = B_SPLINE_SURFACE_WITH_KNOTS ( 'NONE', 3, 1, ( 
 ( #3980, #582 ),
 ( #1861, #2750 ),
 ( #2281, #4039 ),
 ( #1487, #3144 ),
 ( #1007, #128 ),
 ( #4896, #2301 ),
 ( #4483, #5299 ),
 ( #2780, #5247 ),
 ( #4460, #3169 ),
 ( #5274, #3601 ),
 ( #1834, #3547 ) ),
 .UNSPECIFIED., .F., .F., .F.,
 ( 4, 1, 1, 1, 1, 1, 1, 1, 4 ),
 ( 2, 2 ),
 ( 0.000000000000000000, 0.1754792381297267667, 0.3345846148778578444, 0.4789274341649228939, 0.6087383128911304508, 0.7240518572671978959, 0.8263378830610970116, 0.9177983261898543521, 1.000000000000000000 ),
 ( 0.000000000000000000, 1.000000000000000000 ),
 .UNSPECIFIED. ) ;
#5076 = CARTESIAN_POINT ( 'NONE',  ( 1.377198421603221590, -2.134256245050205639E-18, -0.7175827911707547413 ) ) ;
#5077 = CARTESIAN_POINT ( 'NONE',  ( 1.010118819068422269, 4.268512490100411279E-18, -0.7144299674326135552 ) ) ;
#5078 = CARTESIAN_POINT ( 'NONE',  ( 1.819999670124006652, 0.01574803149606299191, -0.5535412706350868461 ) ) ;
#5079 = ORIENTED_EDGE ( 'NONE', *, *, #4812, .F. ) ;
#5080 = DIRECTION ( 'NONE',  ( 0.000000000000000000, -0.000000000000000000, 1.000000000000000000 ) ) ;
#5081 = DIRECTION ( 'NONE',  ( 0.000000000000000000, 0.000000000000000000, -1.000000000000000000 ) ) ;
#5082 = LINE ( 'NONE', #4544, #433 ) ;
#5083 = CARTESIAN_POINT ( 'NONE',  ( 1.526503262588267296, 2.134256245050205639E-18, -0.7083255533305482521 ) ) ;
#5084 = CARTESIAN_POINT ( 'NONE',  ( 1.426857221554905575, 0.01574803149606299191, -0.7362499999999999600 ) ) ;
#5085 = CARTESIAN_POINT ( 'NONE',  ( 1.063098356008050915, 0.01574803149606299538, -0.7053616767970833923 ) ) ;
#5086 = CARTESIAN_POINT ( 'NONE',  ( 2.086769330929905131, 0.01574803149606299538, -0.4893750000000000044 ) ) ;
#5087 = LINE ( 'NONE', #459, #2856 ) ;
#5088 = CARTESIAN_POINT ( 'NONE',  ( 1.798314247221638684, 0.000000000000000000, -0.5381625900991808820 ) ) ;
#5089 = CARTESIAN_POINT ( 'NONE',  ( 1.220537491511593187, 0.01574803149606299191, -0.4896771582000229994 ) ) ;
#5090 = CARTESIAN_POINT ( 'NONE',  ( 1.777774952456122159, 0.01574803149606299885, -0.4895499138939101713 ) ) ;
#5091 = CARTESIAN_POINT ( 'NONE',  ( 1.766707912814368342, 0.01574803149606299538, -0.6201738566185982515 ) ) ;
#5092 = CARTESIAN_POINT ( 'NONE',  ( 2.113429487179905308, 0.01574803149606299191, -0.5214062499999999600 ) ) ;
#5093 = CARTESIAN_POINT ( 'NONE',  ( 0.7283223191602938851, 4.268512490100411279E-18, -0.7391253615402667565 ) ) ;
#5094 = DIRECTION ( 'NONE',  ( -0.000000000000000000, 0.000000000000000000, -1.000000000000000000 ) ) ;
#5095 = CARTESIAN_POINT ( 'NONE',  ( 1.001899454662535494, 0.01574803149606298844, -0.7326956719136032969 ) ) ;
#5096 = ADVANCED_FACE ( 'NONE', ( #571 ), #1561, .F. ) ;
#5097 = DIRECTION ( 'NONE',  ( -1.000000000000000000, 0.000000000000000000, 0.000000000000000000 ) ) ;
#5098 = VERTEX_POINT ( 'NONE', #5003 ) ;
#5099 = ORIENTED_EDGE ( 'NONE', *, *, #3870, .F. ) ;
#5100 = CARTESIAN_POINT ( 'NONE',  ( 0.7500023183947310823, 0.01574803149606298844, -0.4977831352683730892 ) ) ;
#5101 = ADVANCED_FACE ( 'NONE', ( #1562 ), #568, .F. ) ;
#5102 = ORIENTED_EDGE ( 'NONE', *, *, #4861, .T. ) ;
#5103 = CARTESIAN_POINT ( 'NONE',  ( 1.950606691666809445, 2.134256245050205639E-18, -0.7215291218473320889 ) ) ;
#5104 = CARTESIAN_POINT ( 'NONE',  ( 1.774014222424570519, 6.402768735150616918E-18, -0.4894713636712924032 ) ) ;
#5105 = CARTESIAN_POINT ( 'NONE',  ( 1.834167779980911517, 0.01574803149606299538, -0.5802928777524061221 ) ) ;
#5106 = VERTEX_POINT ( 'NONE', #1145 ) ;
#5107 = EDGE_CURVE ( 'NONE', #35, #4712, #1935, .T. ) ;
#5108 = CARTESIAN_POINT ( 'NONE',  ( 1.150573322905110940, 0.01574803149606299191, -0.6924176946745803640 ) ) ;
#5109 = CARTESIAN_POINT ( 'NONE',  ( 0.8862177752544848630, 2.134256245050205639E-18, -0.4911911030535148215 ) ) ;
#5110 = CARTESIAN_POINT ( 'NONE',  ( 1.842602247532375781, 0.01574803149606299191, -0.7203398435468796324 ) ) ;
#5111 = CARTESIAN_POINT ( 'NONE',  ( 1.111814106504815935, 0.01574803149606299191, -0.6783564305222392621 ) ) ;
#5112 = CARTESIAN_POINT ( 'NONE',  ( 1.736104624238639760, 6.402768735150616918E-18, -0.6862385073715552286 ) ) ;
#5113 = VERTEX_POINT ( 'NONE', #4614 ) ;
#5114 = CARTESIAN_POINT ( 'NONE',  ( 1.056211293975100052, 0.01574803149606299538, -0.6920564396778251526 ) ) ;
#5115 = CARTESIAN_POINT ( 'NONE',  ( 1.681828174618588800, 2.134256245050205639E-18, -0.6517141322442286944 ) ) ;
#5116 = CARTESIAN_POINT ( 'NONE',  ( 1.613429487179905530, -0.3448278556033430586, -0.7068066406249999822 ) ) ;
#5117 = VECTOR ( 'NONE', #2644, 39.37007874015748143 ) ;
#5118 = CARTESIAN_POINT ( 'NONE',  ( 1.104550237444370753, 6.402768735150616918E-18, -0.5880286626417446927 ) ) ;
#5119 = CARTESIAN_POINT ( 'NONE',  ( 1.214894330929905841, 0.000000000000000000, -0.4893750000000000044 ) ) ;
#5120 = CARTESIAN_POINT ( 'NONE',  ( 1.010240318423201833, -2.134256245050205639E-18, -0.7097608649968422112 ) ) ;
#5121 = CARTESIAN_POINT ( 'NONE',  ( 1.693409955929905619, 2.134256245050205639E-18, -0.6500195312500000044 ) ) ;
#5122 = CARTESIAN_POINT ( 'NONE',  ( 1.685855432617688221, -2.134256245050205639E-18, -0.6232241219072142124 ) ) ;
#5123 = CARTESIAN_POINT ( 'NONE',  ( 1.668213732002512772, 0.01574803149606299885, -0.5202467053535405617 ) ) ;
#5124 = CARTESIAN_POINT ( 'NONE',  ( 0.7463846647147023283, 0.01574803149606298844, -0.7217315991900602468 ) ) ;
#5125 = VERTEX_POINT ( 'NONE', #3739 ) ;
#5126 = CARTESIAN_POINT ( 'NONE',  ( 1.835792828667160537, -2.134256245050205639E-18, -0.6421749967205810927 ) ) ;
#5127 = LINE ( 'NONE', #5151, #1906 ) ;
#5128 = CARTESIAN_POINT ( 'NONE',  ( 2.014454538516512905, 0.01574803149606299191, -0.7362508006461742083 ) ) ;
#5129 = FACE_OUTER_BOUND ( 'NONE', #393, .T. ) ;
#5130 = ORIENTED_EDGE ( 'NONE', *, *, #5334, .T. ) ;
#5131 = VERTEX_POINT ( 'NONE', #1265 ) ;
#5132 = CARTESIAN_POINT ( 'NONE',  ( 2.016798627804905486, 0.01574803149606299191, -0.7362499999999999600 ) ) ;
#5133 = CARTESIAN_POINT ( 'NONE',  ( 1.155339892973302085, 2.134256245050205639E-18, -0.6924726754716854504 ) ) ;
#5134 = FACE_OUTER_BOUND ( 'NONE', #2352, .T. ) ;
#5135 = CARTESIAN_POINT ( 'NONE',  ( 0.6947506969205405891, 0.01574803149606299191, -0.7111116464360122125 ) ) ;
#5136 = CARTESIAN_POINT ( 'NONE',  ( 1.809936025685241257, 0.01574803149606298844, -0.6843817981834026121 ) ) ;
#5137 = CARTESIAN_POINT ( 'NONE',  ( 0.9660916658251496036, -2.134256245050205639E-18, -0.4940636039383386469 ) ) ;
#5138 = CARTESIAN_POINT ( 'NONE',  ( 1.406032779645482345, 0.01574803149606299538, -0.4894693142053127000 ) ) ;
#5139 = EDGE_CURVE ( 'NONE', #1154, #4303, #4561, .T. ) ;
#5140 = DIRECTION ( 'NONE',  ( -0.000000000000000000, 1.000000000000000000, -0.000000000000000000 ) ) ;
#5141 = CARTESIAN_POINT ( 'NONE',  ( 1.979054487179905397, 2.134256245050205639E-18, -0.6598339843749999600 ) ) ;
#5142 = CARTESIAN_POINT ( 'NONE',  ( 1.853855161290793196, 0.01574803149606298497, -0.7124660184671065544 ) ) ;
#5143 = CARTESIAN_POINT ( 'NONE',  ( 1.764751256288900727, 0.01574803149606299191, -0.5332018337646214912 ) ) ;
#5144 = CARTESIAN_POINT ( 'NONE',  ( 1.051163031618342902, 0.000000000000000000, -0.6519758408726168408 ) ) ;
#5145 = VERTEX_POINT ( 'NONE', #1556 ) ;
#5146 = FACE_OUTER_BOUND ( 'NONE', #542, .T. ) ;
#5147 =( NAMED_UNIT ( * ) SI_UNIT ( $, .STERADIAN. ) SOLID_ANGLE_UNIT ( ) );
#5148 = CARTESIAN_POINT ( 'NONE',  ( 1.763899850520821877, 0.01574803149606299191, -0.6216076580054296086 ) ) ;
#5149 = VERTEX_POINT ( 'NONE', #5121 ) ;
#5150 = CARTESIAN_POINT ( 'NONE',  ( 1.809936025685241257, -2.134256245050205639E-18, -0.6843817981834026121 ) ) ;
#5151 = CARTESIAN_POINT ( 'NONE',  ( 1.922804487179905264, -0.3448278556033430586, -0.6608593750000000266 ) ) ;
#5152 = CARTESIAN_POINT ( 'NONE',  ( 2.009895144867603012, 0.01574803149606299191, -0.7362523579507957994 ) ) ;
#5153 = AXIS2_PLACEMENT_3D ( 'NONE', #3652, #2828, #1880 ) ;
#5154 = CARTESIAN_POINT ( 'NONE',  ( 1.712658128297170013, 0.000000000000000000, -0.4981184784900473117 ) ) ;
#5155 = VECTOR ( 'NONE', #4524, 39.37007874015748143 ) ;
#5156 = ORIENTED_EDGE ( 'NONE', *, *, #4682, .T. ) ;
#5157 = ORIENTED_EDGE ( 'NONE', *, *, #4744, .T. ) ;
#5158 = VECTOR ( 'NONE', #1759, 39.37007874015748143 ) ;
#5159 = CARTESIAN_POINT ( 'NONE',  ( 0.9541982668802765355, 0.01574803149606299538, -0.5174352850812469207 ) ) ;
#5160 = ADVANCED_FACE ( 'NONE', ( #4997 ), #3094, .F. ) ;
#5161 = CARTESIAN_POINT ( 'NONE',  ( 1.129696731730191805, 0.01574803149606299191, -0.6300410242652463300 ) ) ;
#5162 = B_SPLINE_CURVE_WITH_KNOTS ( 'NONE', 3,
 ( #174, #530, #2243, #4867, #4063, #4815, #2299, #1003, #198, #979, #4479, #2326, #2717, #580, #1886 ),
 .UNSPECIFIED., .F., .F.,
 ( 4, 1, 1, 1, 1, 1, 1, 1, 1, 1, 1, 1, 4 ),
 ( 0.000000000000000000, 0.08223556937268272637, 0.1574587393675497271, 0.2267099154140119754, 0.2934685449687373104, 0.3605489407850275274, 0.4297567173018173037, 0.5041431185533534753, 0.5847333489686841190, 0.6736372761341737903, 0.7717162902856756768, 0.8803753371336248135, 1.000000000000000000 ),
 .UNSPECIFIED. ) ;
#5163 = FACE_OUTER_BOUND ( 'NONE', #4326, .T. ) ;
#5164 = EDGE_CURVE ( 'NONE', #4055, #743, #3479, .T. ) ;
#5165 = CARTESIAN_POINT ( 'NONE',  ( 0.7665544871799053750, -4.268512490100411279E-18, -0.5189160156250000044 ) ) ;
#5166 = CARTESIAN_POINT ( 'NONE',  ( 1.428973828345612374, 0.01574803149606299538, -0.5173155831521890624 ) ) ;
#5167 = B_SPLINE_SURFACE_WITH_KNOTS ( 'NONE', 3, 1, ( 
 ( #3419, #1292 ),
 ( #2523, #1175 ),
 ( #806, #3001 ),
 ( #3859, #4697 ),
 ( #4612, #740 ),
 ( #833, #712 ),
 ( #4254, #4671 ),
 ( #3766, #2552 ),
 ( #5547, #5571 ),
 ( #3390, #3736 ),
 ( #2468, #5119 ) ),
 .UNSPECIFIED., .F., .F., .F.,
 ( 4, 1, 1, 1, 1, 1, 1, 1, 4 ),
 ( 2, 2 ),
 ( 0.000000000000000000, 0.1402943894369882427, 0.2690238711738889288, 0.3898006988269686057, 0.5083482253201334622, 0.6259820118935320865, 0.7431690458776171182, 0.8666051232822475914, 1.000000000000000000 ),
 ( 0.000000000000000000, 1.000000000000000000 ),
 .UNSPECIFIED. ) ;
#5168 = CARTESIAN_POINT ( 'NONE',  ( 1.712615238068587731, 2.134256245050205639E-18, -0.6583572771525912914 ) ) ;
#5169 = LINE ( 'NONE', #538, #1004 ) ;
#5170 = CARTESIAN_POINT ( 'NONE',  ( 1.693409955929906063, 0.01574803149606299191, -0.6500195312500001155 ) ) ;
#5171 = CARTESIAN_POINT ( 'NONE',  ( 1.234491485694180657, -2.134256245050205639E-18, -0.4975879760096892923 ) ) ;
#5172 = ORIENTED_EDGE ( 'NONE', *, *, #2227, .T. ) ;
#5173 = FACE_OUTER_BOUND ( 'NONE', #309, .T. ) ;
#5174 = CARTESIAN_POINT ( 'NONE',  ( 1.776406723939237153, 0.01574803149606299191, -0.6047776257072744466 ) ) ;
#5175 = VERTEX_POINT ( 'NONE', #2602 ) ;
#5176 = CARTESIAN_POINT ( 'NONE',  ( 1.115870893429905752, 2.134256245050205639E-18, -0.6829296874999999378 ) ) ;
#5177 = CARTESIAN_POINT ( 'NONE',  ( 0.6947422555018916146, 0.01574803149606299191, -0.5213010984426451611 ) ) ;
#5178 = DIRECTION ( 'NONE',  ( 0.2279442785594660015, 0.000000000000000000, -0.9736741784971009173 ) ) ;
#5179 = CARTESIAN_POINT ( 'NONE',  ( 2.003270906212587743, 0.000000000000000000, -0.7359727928301215139 ) ) ;
#5180 = EDGE_LOOP ( 'NONE', ( #3078, #4839, #1767, #494 ) ) ;
#5181 = CARTESIAN_POINT ( 'NONE',  ( 1.613306228956942867, 0.01574803149606298844, -0.5159159468705267759 ) ) ;
#5182 = ORIENTED_EDGE ( 'NONE', *, *, #1364, .T. ) ;
#5183 = ORIENTED_EDGE ( 'NONE', *, *, #3360, .F. ) ;
#5184 = CARTESIAN_POINT ( 'NONE',  ( 1.524806440304905530, -0.1645399120536400472, -0.7020214843750001155 ) ) ;
#5185 = CARTESIAN_POINT ( 'NONE',  ( 1.241554487179905797, 0.01574803149606299191, -0.7037304687500000044 ) ) ;
#5186 = ADVANCED_FACE ( 'NONE', ( #5146 ), #932, .F. ) ;
#5187 = DIRECTION ( 'NONE',  ( 0.000000000000000000, 0.000000000000000000, 1.000000000000000000 ) ) ;
#5188 = EDGE_CURVE ( 'NONE', #2001, #548, #524, .T. ) ;
#5189 = DIRECTION ( 'NONE',  ( -1.000000000000000000, 0.000000000000000000, -0.000000000000000000 ) ) ;
#5190 = CARTESIAN_POINT ( 'NONE',  ( 1.815029803629884420, 0.01574803149606298844, -0.6803083471560583684 ) ) ;
#5191 = CARTESIAN_POINT ( 'NONE',  ( 1.104657787042074624, 0.01574803149606298844, -0.7328658653892223818 ) ) ;
#5192 = EDGE_LOOP ( 'NONE', ( #114, #723, #193, #3582 ) ) ;
#5193 = CARTESIAN_POINT ( 'NONE',  ( 1.924114692446510455, 6.402768735150616918E-18, -0.6434199382235037401 ) ) ;
#5194 = CARTESIAN_POINT ( 'NONE',  ( 1.765281225623115402, 0.01574803149606299885, -0.6954924711746401922 ) ) ;
#5195 = CARTESIAN_POINT ( 'NONE',  ( 1.376060395886587351, 0.01574803149606298497, -0.5156776273618033368 ) ) ;
#5196 = CARTESIAN_POINT ( 'NONE',  ( 0.8759294871799053750, 0.01574803149606299191, -0.4893750000000000044 ) ) ;
#5197 = CARTESIAN_POINT ( 'NONE',  ( 0.8905803518740539326, 0.000000000000000000, -0.4937336027666552329 ) ) ;
#5198 = ORIENTED_EDGE ( 'NONE', *, *, #3042, .F. ) ;
#5199 = CARTESIAN_POINT ( 'NONE',  ( 1.409419473140379742, 0.01574803149606299538, -0.7361919806855357074 ) ) ;
#5200 = CARTESIAN_POINT ( 'NONE',  ( 1.376002534677285949, 0.000000000000000000, -0.5174111302577745208 ) ) ;
#5201 = EDGE_CURVE ( 'NONE', #5131, #3203, #3016, .T. ) ;
#5202 =( GEOMETRIC_REPRESENTATION_CONTEXT ( 3 ) GLOBAL_UNCERTAINTY_ASSIGNED_CONTEXT ( ( #1103 ) ) GLOBAL_UNIT_ASSIGNED_CONTEXT ( ( #4004, #5317, #145 ) ) REPRESENTATION_CONTEXT ( 'NONE', 'WORKASPACE' ) );
#5203 = EDGE_LOOP ( 'NONE', ( #4232, #2266, #2314, #1323 ) ) ;
#5204 = CARTESIAN_POINT ( 'NONE',  ( 1.425640359567166726, 0.01574803149606299885, -0.5017075499493314217 ) ) ;
#5205 = LENGTH_MEASURE_WITH_UNIT ( LENGTH_MEASURE( 0.02539999999999999897 ), #3995 );
#5206 = CARTESIAN_POINT ( 'NONE',  ( 1.980382839841767106, 0.01574803149606298844, -0.6703168596798951828 ) ) ;
#5207 = CARTESIAN_POINT ( 'NONE',  ( 1.754690887052041459, 0.01574803149606299538, -0.7391306120520303446 ) ) ;
#5208 = VECTOR ( 'NONE', #4317, 39.37007874015748143 ) ;
#5209 = ORIENTED_EDGE ( 'NONE', *, *, #2600, .T. ) ;
#5210 = EDGE_CURVE ( 'NONE', #5553, #187, #4465, .T. ) ;
#5211 = CARTESIAN_POINT ( 'NONE',  ( 0.8478044871799053084, 0.01574803149606299191, -0.5198437500000000488 ) ) ;
#5212 = B_SPLINE_CURVE_WITH_KNOTS ( 'NONE', 3,
 ( #3218, #3592, #4556, #4945, #2406, #274, #781, #844, #5554, #813, #5063 ),
 .UNSPECIFIED., .F., .F.,
 ( 4, 1, 1, 1, 1, 1, 1, 1, 4 ),
 ( 0.000000000000000000, 0.1196506913845639536, 0.2323942988104791274, 0.3415846489330138791, 0.4540851286129701792, 0.5719373066527821958, 0.6999891916916327617, 0.8408352924363500236, 1.000000000000000000 ),
 .UNSPECIFIED. ) ;
#5213 = ORIENTED_EDGE ( 'NONE', *, *, #567, .F. ) ;
#5214 = FILL_AREA_STYLE ('',( #118 ) ) ;
#5215 = ORIENTED_EDGE ( 'NONE', *, *, #1427, .T. ) ;
#5216 = B_SPLINE_SURFACE_WITH_KNOTS ( 'NONE', 3, 1, ( 
 ( #1239, #3401 ),
 ( #5128, #2132 ),
 ( #5152, #1272 ),
 ( #3461, #5179 ),
 ( #1322, #5495 ),
 ( #4622, #1623 ),
 ( #5067, #2925 ),
 ( #364, #783 ),
 ( #4231, #5526 ),
 ( #4776, #3966 ),
 ( #4754, #88 ) ),
 .UNSPECIFIED., .F., .F., .F.,
 ( 4, 1, 1, 1, 1, 1, 1, 1, 4 ),
 ( 2, 2 ),
 ( 0.000000000000000000, 0.1569433403011107064, 0.3052641691385835077, 0.4438862275305962002, 0.5729504529666084034, 0.6925868846920740785, 0.8040351933094590509, 0.9064180598495786834, 1.000000000000000000 ),
 ( 0.000000000000000000, 1.000000000000000000 ),
 .UNSPECIFIED. ) ;
#5217 = CARTESIAN_POINT ( 'NONE',  ( 0.7070973242328877362, 0.01574803149606298844, -0.4938955433169965881 ) ) ;
#5218 = FACE_OUTER_BOUND ( 'NONE', #2656, .T. ) ;
#5219 = CARTESIAN_POINT ( 'NONE',  ( 0.8591040579150183154, 2.134256245050205639E-18, -0.7378883234517279455 ) ) ;
#5220 = PLANE ( 'NONE',  #125 ) ;
#5221 = CARTESIAN_POINT ( 'NONE',  ( 1.798645790280699375, 8.537024980200822558E-18, -0.6907216911062845632 ) ) ;
#5222 = CARTESIAN_POINT ( 'NONE',  ( 1.769386518429905797, -0.3448278556033430586, -0.4893750000000000044 ) ) ;
#5223 = CARTESIAN_POINT ( 'NONE',  ( 1.946531226345996179, 6.402768735150616918E-18, -0.6032118762582030502 ) ) ;
#5224 = CARTESIAN_POINT ( 'NONE',  ( 1.699237136485957089, 2.134256245050205639E-18, -0.6503816025927658950 ) ) ;
#5225 = DIRECTION ( 'NONE',  ( 0.000000000000000000, 0.000000000000000000, -1.000000000000000000 ) ) ;
#5226 = CARTESIAN_POINT ( 'NONE',  ( 0.8812601051126202067, 0.01574803149606299191, -0.4896107340137542674 ) ) ;
#5227 = EDGE_LOOP ( 'NONE', ( #5079, #3537, #1842, #4179 ) ) ;
#5228 = CARTESIAN_POINT ( 'NONE',  ( 1.386586445447966165, 0.01574803149606299538, -0.7303482480404905886 ) ) ;
#5229 =( NAMED_UNIT ( * ) SI_UNIT ( $, .STERADIAN. ) SOLID_ANGLE_UNIT ( ) );
#5230 = EDGE_LOOP ( 'NONE', ( #5529, #3913, #4780, #4345 ) ) ;
#5231 = CARTESIAN_POINT ( 'NONE',  ( 1.661280048332682391, 0.01574803149606299538, -0.6104171583366164722 ) ) ;
#5232 = CARTESIAN_POINT ( 'NONE',  ( 1.776334354212897537, -2.134256245050205639E-18, -0.6061951555971232253 ) ) ;
#5233 = CARTESIAN_POINT ( 'NONE',  ( 1.683242799315642024, 0.000000000000000000, -0.7105331776193423154 ) ) ;
#5234 = ORIENTED_EDGE ( 'NONE', *, *, #4206, .F. ) ;
#5235 = EDGE_CURVE ( 'NONE', #2831, #5411, #4932, .T. ) ;
#5236 = VERTEX_POINT ( 'NONE', #1076 ) ;
#5237 = ORIENTED_EDGE ( 'NONE', *, *, #4615, .F. ) ;
#5238 = VECTOR ( 'NONE', #4528, 39.37007874015748143 ) ;
#5239 = ORIENTED_EDGE ( 'NONE', *, *, #4245, .T. ) ;
#5240 = CARTESIAN_POINT ( 'NONE',  ( 1.710304487179905575, -0.3448278556033430586, -0.5799999999999999600 ) ) ;
#5241 = CARTESIAN_POINT ( 'NONE',  ( 0.7478044871799053306, 0.01574803149606299191, -0.5706250000000000488 ) ) ;
#5242 = CARTESIAN_POINT ( 'NONE',  ( 0.9642941390978365668, 0.01574803149606298844, -0.7335377337515877061 ) ) ;
#5243 = CARTESIAN_POINT ( 'NONE',  ( 0.9541263708282619049, 0.01574803149606299885, -0.5195184230955344207 ) ) ;
#5244 = AXIS2_PLACEMENT_3D ( 'NONE', #2335, #4045, #4854 ) ;
#5245 = CARTESIAN_POINT ( 'NONE',  ( 1.428821296707037725, 0.000000000000000000, -0.5129039883238329933 ) ) ;
#5246 = VECTOR ( 'NONE', #529, 39.37007874015748143 ) ;
#5247 = CARTESIAN_POINT ( 'NONE',  ( 1.122327413818216213, 2.134256245050205639E-18, -0.6872853059217891580 ) ) ;
#5248 = CARTESIAN_POINT ( 'NONE',  ( 2.015297436579219337, 2.134256245050205639E-18, -0.6920102964326760864 ) ) ;
#5249 = DIRECTION ( 'NONE',  ( 0.000000000000000000, 0.000000000000000000, -1.000000000000000000 ) ) ;
#5250 = CARTESIAN_POINT ( 'NONE',  ( 1.959995555432552550, 6.402768735150616918E-18, -0.5942874467830964180 ) ) ;
#5251 = CARTESIAN_POINT ( 'NONE',  ( 1.458525488838899875, 1.707404996040164512E-17, -0.5293639032030675873 ) ) ;
#5252 = CARTESIAN_POINT ( 'NONE',  ( 0.6946794871799053528, 0.000000000000000000, -0.5235546875000000044 ) ) ;
#5253 = CARTESIAN_POINT ( 'NONE',  ( 1.824487736825889606, 0.01574803149606299191, -0.5593313761245476412 ) ) ;
#5254 = CARTESIAN_POINT ( 'NONE',  ( 2.003361889415793406, 0.01574803149606299191, -0.6902494895767088412 ) ) ;
#5255 = FACE_OUTER_BOUND ( 'NONE', #2535, .T. ) ;
#5256 = EDGE_CURVE ( 'NONE', #2872, #4598, #3753, .T. ) ;
#5257 = EDGE_CURVE ( 'NONE', #2929, #5113, #5298, .T. ) ;
#5258 = CARTESIAN_POINT ( 'NONE',  ( 1.665900850217559626, 0.000000000000000000, -0.6839488409616876208 ) ) ;
#5259 = CARTESIAN_POINT ( 'NONE',  ( 1.695739057791677995, 0.01574803149606299538, -0.7206459225298146309 ) ) ;
#5260 = ORIENTED_EDGE ( 'NONE', *, *, #2741, .F. ) ;
#5261 = ORIENTED_EDGE ( 'NONE', *, *, #1814, .F. ) ;
#5262 = ADVANCED_FACE ( 'NONE', ( #210 ), #5281, .F. ) ;
#5263 = B_SPLINE_CURVE_WITH_KNOTS ( 'NONE', 3,
 ( #5285, #3129, #3483, #489, #5206, #1763, #2210, #164, #4832, #4367 ),
 .UNSPECIFIED., .F., .F.,
 ( 4, 2, 2, 2, 4 ),
 ( 0.000000000000000000, 0.0001617275552768385259, 0.0003234551105536770518, 0.0004851826658305155777, 0.0006469102211073541036 ),
 .UNSPECIFIED. ) ;
#5264 = ADVANCED_FACE ( 'NONE', ( #4855 ), #2705, .F. ) ;
#5265 = VERTEX_POINT ( 'NONE', #1135 ) ;
#5266 = DIRECTION ( 'NONE',  ( 0.000000000000000000, 0.000000000000000000, 1.000000000000000000 ) ) ;
#5267 = CARTESIAN_POINT ( 'NONE',  ( 0.8591856055488283905, 0.000000000000000000, -0.4938918121870692901 ) ) ;
#5268 = CARTESIAN_POINT ( 'NONE',  ( 1.155159734310539976, 0.01574803149606299191, -0.6269035143893506579 ) ) ;
#5269 = CARTESIAN_POINT ( 'NONE',  ( 1.006420498838386912, -2.134256245050205639E-18, -0.5022524685038082248 ) ) ;
#5270 = CARTESIAN_POINT ( 'NONE',  ( 1.676278791428718939, 2.134256245050205639E-18, -0.6215183839780858976 ) ) ;
#5271 = EDGE_CURVE ( 'NONE', #572, #4005, #5049, .T. ) ;
#5272 = CARTESIAN_POINT ( 'NONE',  ( 0.7266619090549053528, -0.3448278556033430586, -0.4893750000000000044 ) ) ;
#5273 = CARTESIAN_POINT ( 'NONE',  ( 1.144923627804905752, 0.01574803149606298844, -0.7362499999999999600 ) ) ;
#5274 = CARTESIAN_POINT ( 'NONE',  ( 1.116791322972035649, 0.01574803149606299191, -0.6837113544980911728 ) ) ;
#5275 = CARTESIAN_POINT ( 'NONE',  ( 1.987745893429905486, 2.134256245050205639E-18, -0.6829296875000001599 ) ) ;
#5276 = CARTESIAN_POINT ( 'NONE',  ( 1.052193291746615467, 0.01574803149606299538, -0.6770761326926553192 ) ) ;
#5277 = CARTESIAN_POINT ( 'NONE',  ( 1.976425237444370486, 0.01574803149606298844, -0.5880286626417449147 ) ) ;
#5278 = EDGE_CURVE ( 'NONE', #240, #3715, #1576, .T. ) ;
#5279 = LINE ( 'NONE', #3912, #83 ) ;
#5280 = CARTESIAN_POINT ( 'NONE',  ( 1.875431796667851980, 6.402768735150616918E-18, -0.5408623662470751770 ) ) ;
#5281 = PLANE ( 'NONE',  #1872 ) ;
#5282 = VERTEX_POINT ( 'NONE', #3267 ) ;
#5283 = CARTESIAN_POINT ( 'NONE',  ( 0.9541399169134242575, -2.134256245050205639E-18, -0.7096467500054416400 ) ) ;
#5284 = CARTESIAN_POINT ( 'NONE',  ( 0.6948047486650279492, 0.01574803149606298844, -0.5190474910519726759 ) ) ;
#5285 = CARTESIAN_POINT ( 'NONE',  ( 1.979054487179905397, 0.01574803149606299191, -0.6598339843749999600 ) ) ;
#5286 = CARTESIAN_POINT ( 'NONE',  ( 1.241468419633695586, 1.067128122525102820E-17, -0.7077921830871947151 ) ) ;
#5287 = CARTESIAN_POINT ( 'NONE',  ( 1.781133114694845032, 0.01574803149606299538, -0.6951385627949854262 ) ) ;
#5288 = ORIENTED_EDGE ( 'NONE', *, *, #3329, .T. ) ;
#5289 = VECTOR ( 'NONE', #1962, 39.37007874015748143 ) ;
#5290 = ORIENTED_EDGE ( 'NONE', *, *, #272, .T. ) ;
#5291 = CARTESIAN_POINT ( 'NONE',  ( 1.753728998630890379, 0.000000000000000000, -0.5340668624874459480 ) ) ;
#5292 = VECTOR ( 'NONE', #4378, 39.37007874015748143 ) ;
#5293 = ORIENTED_EDGE ( 'NONE', *, *, #4346, .F. ) ;
#5294 = DIRECTION ( 'NONE',  ( -1.000000000000000000, 0.000000000000000000, 0.000000000000000000 ) ) ;
#5295 = CARTESIAN_POINT ( 'NONE',  ( 0.7193935879870801964, 0.01574803149606298844, -0.4896277986352555733 ) ) ;
#5296 = CARTESIAN_POINT ( 'NONE',  ( 1.659822654122398156, 2.134256245050205639E-18, -0.6075281398586190873 ) ) ;
#5297 = CARTESIAN_POINT ( 'NONE',  ( 1.769923627804905752, 0.000000000000000000, -0.5331249999999999600 ) ) ;
#5298 = B_SPLINE_CURVE_WITH_KNOTS ( 'NONE', 3,
 ( #1894, #3668, #3178, #1041, #648, #1841, #4071, #3555 ),
 .UNSPECIFIED., .F., .F.,
 ( 4, 2, 2, 4 ),
 ( 0.000000000000000000, 0.0002842556461241713866, 0.0005685112922483427731, 0.001137022584496685546 ),
 .UNSPECIFIED. ) ;
#5299 = CARTESIAN_POINT ( 'NONE',  ( 1.126579248247542742, 2.134256245050205639E-18, -0.6888589245931213689 ) ) ;
#5300 = DIRECTION ( 'NONE',  ( 0.000000000000000000, 1.000000000000000000, 0.000000000000000000 ) ) ;
#5301 = CARTESIAN_POINT ( 'NONE',  ( 1.922883731520457662, 0.01574803149606298844, -0.6578450886893918437 ) ) ;
#5302 = CARTESIAN_POINT ( 'NONE',  ( 1.459586459303022332, 1.707404996040164512E-17, -0.5254169721375746560 ) ) ;
#5303 = CARTESIAN_POINT ( 'NONE',  ( 1.460014710109249103, 0.01574803149606299885, -0.7184194791207121344 ) ) ;
#5304 = CARTESIAN_POINT ( 'NONE',  ( 1.833988177525957219, -2.134256245050205639E-18, -0.5797518390386818821 ) ) ;
#5305 = CARTESIAN_POINT ( 'NONE',  ( 1.773566826461558943, 0.01574803149606299885, -0.5895861630712572188 ) ) ;
#5306 = CARTESIAN_POINT ( 'NONE',  ( 1.944682442151357327, 0.000000000000000000, -0.7167076236229928954 ) ) ;
#5307 = EDGE_CURVE ( 'NONE', #2567, #1242, #2939, .T. ) ;
#5308 = DIRECTION ( 'NONE',  ( 0.000000000000000000, 1.000000000000000000, 0.000000000000000000 ) ) ;
#5309 = ORIENTED_EDGE ( 'NONE', *, *, #2255, .T. ) ;
#5310 = CARTESIAN_POINT ( 'NONE',  ( 0.9003140876050503838, 0.000000000000000000, -0.7124100590933337696 ) ) ;
#5311 = B_SPLINE_CURVE_WITH_KNOTS ( 'NONE', 3,
 ( #498, #1829, #3651, #926, #4944, #657, #3046, #1933, #952, #475, #3976, #2192, #44, #1380, #1085, #2665, #4783, #1747, #3467, #2217, #69, #3189 ),
 .UNSPECIFIED., .F., .F.,
 ( 4, 2, 2, 2, 2, 2, 2, 2, 2, 2, 4 ),
 ( 0.000000000000000000, 0.0001040376582664983375, 0.0002080753165329966750, 0.0004161506330659875495, 0.0008323012661319780263, 0.001248451899197968720, 0.001664602532263959088, 0.002080753165329949674, 0.002496903798395940042, 0.002913054431461930410, 0.003329205064527920345 ),
 .UNSPECIFIED. ) ;
#5312 =( NAMED_UNIT ( * ) PLANE_ANGLE_UNIT ( ) SI_UNIT ( $, .RADIAN. ) );
#5313 = CARTESIAN_POINT ( 'NONE',  ( 2.113429487179905308, 0.01574803149606299191, -0.7037304687500000044 ) ) ;
#5314 = CARTESIAN_POINT ( 'NONE',  ( 1.664668896976415846, 0.000000000000000000, -0.6792280049237870987 ) ) ;
#5315 = CARTESIAN_POINT ( 'NONE',  ( 1.542791287405409717, 6.402768735150616918E-18, -0.7332006196461090530 ) ) ;
#5316 = ORIENTED_EDGE ( 'NONE', *, *, #1696, .T. ) ;
#5317 =( NAMED_UNIT ( * ) PLANE_ANGLE_UNIT ( ) SI_UNIT ( $, .RADIAN. ) );
#5318 = ORIENTED_EDGE ( 'NONE', *, *, #4506, .T. ) ;
#5319 = CARTESIAN_POINT ( 'NONE',  ( 0.7665544871799053750, 0.01574803149606299191, -0.5189160156250000044 ) ) ;
#5320 = CARTESIAN_POINT ( 'NONE',  ( 1.464894330929905619, 0.01574803149606298844, -0.7020214843750001155 ) ) ;
#5321 = DIRECTION ( 'NONE',  ( 1.000000000000000000, 0.000000000000000000, 0.000000000000000000 ) ) ;
#5322 = CARTESIAN_POINT ( 'NONE',  ( 1.972365034054905708, 0.01574803149606299191, -0.7317089843750002043 ) ) ;
#5323 = CARTESIAN_POINT ( 'NONE',  ( 1.694613477266188939, 2.134256245050205639E-18, -0.6237233461077282826 ) ) ;
#5324 = CARTESIAN_POINT ( 'NONE',  ( 2.067612462901158743, 0.01574803149606299885, -0.4952443511992582481 ) ) ;
#5325 = CARTESIAN_POINT ( 'NONE',  ( 1.527450136320818164, 0.01574803149606299885, -0.7118406671716965839 ) ) ;
#5326 = CARTESIAN_POINT ( 'NONE',  ( 1.766896284054905619, 2.134256245050205639E-18, -0.7393750000000000044 ) ) ;
#5327 = DIRECTION ( 'NONE',  ( -1.000000000000000000, 0.000000000000000000, 0.000000000000000000 ) ) ;
#5328 = ADVANCED_FACE ( 'NONE', ( #2909 ), #616, .F. ) ;
#5329 = APPLICATION_CONTEXT ( 'automotive_design' ) ;
#5330 = EDGE_CURVE ( 'NONE', #4862, #2533, #3294, .T. ) ;
#5331 = CARTESIAN_POINT ( 'NONE',  ( 1.987799062737381162, 0.01574803149606299191, -0.6372473612529567788 ) ) ;
#5332 = B_SPLINE_CURVE_WITH_KNOTS ( 'NONE', 3,
 ( #2930, #4656, #4141, #3689, #5412, #1537, #2899, #790, #4237, #3719, #696, #282, #1995, #915, #2233, #5258, #112, #1446, #467 ),
 .UNSPECIFIED., .F., .F.,
 ( 4, 1, 1, 1, 1, 1, 1, 1, 1, 1, 1, 1, 1, 1, 1, 1, 4 ),
 ( 0.000000000000000000, 0.09403118419943332085, 0.1833433453235890631, 0.2684563974261002794, 0.3500721697809880961, 0.4272362797519792532, 0.4992283581201434339, 0.5662326547883448358, 0.6289847331196514180, 0.6876689143158525308, 0.7431519811438742629, 0.7948100883308165665, 0.8441840176181645283, 0.8896842298769512825, 0.9307774820599377108, 0.9669399739666799665, 1.000000000000000000 ),
 .UNSPECIFIED. ) ;
#5333 = CARTESIAN_POINT ( 'NONE',  ( 1.462584698831354668, 0.01574803149606299538, -0.5150544321967966965 ) ) ;
#5334 = EDGE_CURVE ( 'NONE', #4028, #2831, #5082, .T. ) ;
#5335 = VECTOR ( 'NONE', #959, 39.37007874015748143 ) ;
#5336 = CARTESIAN_POINT ( 'NONE',  ( 1.496241987179905530, 0.01574803149606299538, -0.4893750000000000044 ) ) ;
#5337 = CARTESIAN_POINT ( 'NONE',  ( 1.886116638024798453, 0.01574803149606299191, -0.5625483926388011868 ) ) ;
#5338 = CARTESIAN_POINT ( 'NONE',  ( 1.412013471554905530, 0.01574803149606299191, -0.7362499999999999600 ) ) ;
#5339 = CARTESIAN_POINT ( 'NONE',  ( 1.474107282438539279, 2.134256245050205639E-18, -0.4961317259515357625 ) ) ;
#5340 = EDGE_LOOP ( 'NONE', ( #784, #753, #1454, #2340, #1316, #1375, #3063, #763, #864, #4300 ) ) ;
#5341 = ORIENTED_EDGE ( 'NONE', *, *, #3026, .T. ) ;
#5342 = DIRECTION ( 'NONE',  ( 0.000000000000000000, 1.000000000000000000, 0.000000000000000000 ) ) ;
#5343 = DIRECTION ( 'NONE',  ( -1.000000000000000000, 0.000000000000000000, 0.000000000000000000 ) ) ;
#5344 = ORIENTED_EDGE ( 'NONE', *, *, #2044, .T. ) ;
#5345 = CARTESIAN_POINT ( 'NONE',  ( 1.668958520626598663, 0.01574803149606299191, -0.6614720397614882730 ) ) ;
#5346 = LINE ( 'NONE', #714, #3043 ) ;
#5347 = ORIENTED_EDGE ( 'NONE', *, *, #2865, .F. ) ;
#5348 = ORIENTED_EDGE ( 'NONE', *, *, #3244, .F. ) ;
#5349 = DIRECTION ( 'NONE',  ( 0.000000000000000000, 0.000000000000000000, -1.000000000000000000 ) ) ;
#5350 = CARTESIAN_POINT ( 'NONE',  ( 0.7016800623061106856, -2.134256245050205639E-18, -0.7312576142679250157 ) ) ;
#5351 = VERTEX_POINT ( 'NONE', #4604 ) ;
#5352 = CARTESIAN_POINT ( 'NONE',  ( 1.936062937789623462, 2.134256245050205639E-18, -0.6144818557087909916 ) ) ;
#5353 = CARTESIAN_POINT ( 'NONE',  ( 1.520271763518826758, -2.134256245050205639E-18, -0.5006583000933099159 ) ) ;
#5354 = CARTESIAN_POINT ( 'NONE',  ( 0.7230486278049053084, 0.01574803149606299191, -0.7393750000000000044 ) ) ;
#5355 = CARTESIAN_POINT ( 'NONE',  ( 1.010304487179905841, 0.000000000000000000, -0.7072949218750000933 ) ) ;
#5356 = VERTEX_POINT ( 'NONE', #674 ) ;
#5357 = LINE ( 'NONE', #5272, #5525 ) ;
#5358 = CARTESIAN_POINT ( 'NONE',  ( 2.057179487179905397, -0.3448278556033430586, -0.6268749999999999600 ) ) ;
#5359 = CARTESIAN_POINT ( 'NONE',  ( 1.781260387671455003, 2.134256245050205639E-18, -0.7390843603633459047 ) ) ;
#5360 = CARTESIAN_POINT ( 'NONE',  ( 1.003085492958266656, 0.01574803149606299191, -0.4976146864655981439 ) ) ;
#5361 = ADVANCED_FACE ( 'NONE', ( #2038 ), #3326, .F. ) ;
#5362 = EDGE_CURVE ( 'NONE', #4700, #167, #2199, .T. ) ;
#5363 = VERTEX_POINT ( 'NONE', #4432 ) ;
#5364 = CARTESIAN_POINT ( 'NONE',  ( 2.007564165549411861, 6.402768735150616918E-18, -0.6285930086686676299 ) ) ;
#5365 = FACE_OUTER_BOUND ( 'NONE', #1517, .T. ) ;
#5366 = CARTESIAN_POINT ( 'NONE',  ( 1.889985985152423664, 0.01574803149606299191, -0.5745310507535678068 ) ) ;
#5367 = CARTESIAN_POINT ( 'NONE',  ( 1.763357458183630433, 0.01574803149606299191, -0.5822832583625413561 ) ) ;
#5368 = CARTESIAN_POINT ( 'NONE',  ( 1.713966596554906019, 0.01574803149606299191, -0.6598339843750001821 ) ) ;
#5369 = DIRECTION ( 'NONE',  ( 0.000000000000000000, 0.000000000000000000, -1.000000000000000000 ) ) ;
#5370 = CARTESIAN_POINT ( 'NONE',  ( 2.015128355832105367, 0.01574803149606299885, -0.6919780664173921236 ) ) ;
#5371 = ORIENTED_EDGE ( 'NONE', *, *, #1514, .T. ) ;
#5372 =( CONVERSION_BASED_UNIT ( 'INCH', #3586 ) LENGTH_UNIT ( ) NAMED_UNIT ( #3554 ) );
#5373 = ORIENTED_EDGE ( 'NONE', *, *, #341, .F. ) ;
#5374 = CARTESIAN_POINT ( 'NONE',  ( 1.664491142161984572, 0.01574803149606299191, -0.6731983133695433885 ) ) ;
#5375 = CARTESIAN_POINT ( 'NONE',  ( 1.613429487179905530, 0.01574803149606299191, -0.7068066406249999822 ) ) ;
#5376 = CARTESIAN_POINT ( 'NONE',  ( 1.006420498838386912, 0.01574803149606299191, -0.5022524685038082248 ) ) ;
#5377 = ORIENTED_EDGE ( 'NONE', *, *, #3219, .F. ) ;
#5378 = CARTESIAN_POINT ( 'NONE',  ( 1.972365034054905486, -0.3448278556033430586, -0.7317089843750000933 ) ) ;
#5379 = B_SPLINE_CURVE_WITH_KNOTS ( 'NONE', 3,
 ( #3667, #292, #5022, #1308, #3377, #3015, #4328, #2166, #3901, #42, #5076, #1630, #4658, #1246, #2959 ),
 .UNSPECIFIED., .F., .F.,
 ( 4, 1, 1, 1, 1, 1, 1, 1, 1, 1, 1, 1, 4 ),
 ( 0.000000000000000000, 0.1456817349758525171, 0.2786834729361730156, 0.4002203989206651880, 0.5136386216531620974, 0.5683753864952296730, 0.6227437561373749819, 0.6785936170311778204, 0.7350696838698020930, 0.7955826855105287976, 0.8584107594692896859, 0.9267421627647466353, 0.9999999999999998890 ),
 .UNSPECIFIED. ) ;
#5380 = DIRECTION ( 'NONE',  ( 0.000000000000000000, 1.000000000000000000, 0.000000000000000000 ) ) ;
#5381 = ORIENTED_EDGE ( 'NONE', *, *, #3926, .T. ) ;
#5382 = CARTESIAN_POINT ( 'NONE',  ( 1.757303321649497541, 0.01574803149606299191, -0.4895486222519863095 ) ) ;
#5383 = CARTESIAN_POINT ( 'NONE',  ( 1.530605170206580601, -2.134256245050205639E-18, -0.5301263936895446172 ) ) ;
#5384 = EDGE_CURVE ( 'NONE', #5265, #1131, #868, .T. ) ;
#5385 = CARTESIAN_POINT ( 'NONE',  ( 0.8679834003880859683, 0.01574803149606299538, -0.7393006183672450327 ) ) ;
#5386 = CARTESIAN_POINT ( 'NONE',  ( 1.713966596554906019, 0.01574803149606299191, -0.6598339843750001821 ) ) ;
#5387 = CARTESIAN_POINT ( 'NONE',  ( 2.060150767256188953, 0.01574803149606298844, -0.5049740999434867428 ) ) ;
#5388 = CARTESIAN_POINT ( 'NONE',  ( 1.738616403639566155, 0.01574803149606298844, -0.4915997735456659190 ) ) ;
#5389 = CARTESIAN_POINT ( 'NONE',  ( 1.996278443486029897, 6.402768735150616918E-18, -0.6319324330598173889 ) ) ;
#5390 = EDGE_LOOP ( 'NONE', ( #4653, #4396, #4773, #850 ) ) ;
#5391 = CARTESIAN_POINT ( 'NONE',  ( 1.236928341666530429, 0.000000000000000000, -0.7242062594868183822 ) ) ;
#5392 = PLANE ( 'NONE',  #602 ) ;
#5393 = CARTESIAN_POINT ( 'NONE',  ( 1.784879200717557124, 0.01574803149606299191, -0.5343142984488762348 ) ) ;
#5394 = CARTESIAN_POINT ( 'NONE',  ( 1.776422288547712558, 0.01574803149606299538, -0.5980439769684533502 ) ) ;
#5395 = CARTESIAN_POINT ( 'NONE',  ( 1.928086293975099341, 0.01574803149606298844, -0.6920564396778251526 ) ) ;
#5396 = CARTESIAN_POINT ( 'NONE',  ( 2.104999999999999982, 0.000000000000000000, -0.1250000000000000278 ) ) ;
#5397 = CARTESIAN_POINT ( 'NONE',  ( 1.774014222424570519, 0.000000000000000000, -0.4894713636712924032 ) ) ;
#5398 = CARTESIAN_POINT ( 'NONE',  ( 0.9713664042163668855, -2.134256245050205639E-18, -0.7374641792590741485 ) ) ;
#5399 = ORIENTED_EDGE ( 'NONE', *, *, #4166, .T. ) ;
#5400 = CARTESIAN_POINT ( 'NONE',  ( 1.691383674748812460, 0.000000000000000000, -0.6501121880039365530 ) ) ;
#5401 = CARTESIAN_POINT ( 'NONE',  ( 1.230989168791269073, 0.01574803149606299538, -0.7305022709825920169 ) ) ;
#5402 = CARTESIAN_POINT ( 'NONE',  ( 2.102864168791268362, 0.000000000000000000, -0.7305022709825920169 ) ) ;
#5403 = EDGE_CURVE ( 'NONE', #5363, #654, #319, .T. ) ;
#5404 = CARTESIAN_POINT ( 'NONE',  ( 1.710304487179905575, 0.000000000000000000, -0.5799999999999999600 ) ) ;
#5405 = EDGE_CURVE ( 'NONE', #4289, #4468, #3411, .T. ) ;
#5406 = CARTESIAN_POINT ( 'NONE',  ( 1.567419642280679648, 2.134256245050205639E-18, -0.4974999878971747003 ) ) ;
#5407 = CARTESIAN_POINT ( 'NONE',  ( 2.086769330929905131, 0.000000000000000000, -0.4893750000000000044 ) ) ;
#5408 = CARTESIAN_POINT ( 'NONE',  ( 1.515237353580049406, -2.134256245050205639E-18, -0.4955375751385837080 ) ) ;
#5409 = CARTESIAN_POINT ( 'NONE',  ( 1.582290012972215942, 0.000000000000000000, -0.4896745418457100762 ) ) ;
#5410 = CARTESIAN_POINT ( 'NONE',  ( 1.142579538516513615, 0.000000000000000000, -0.7362508006461742083 ) ) ;
#5411 = VERTEX_POINT ( 'NONE', #5084 ) ;
#5412 = CARTESIAN_POINT ( 'NONE',  ( 1.731848186306505610, 0.000000000000000000, -0.7357802255022201088 ) ) ;
#5413 = CARTESIAN_POINT ( 'NONE',  ( 0.9858525161510304224, 4.268512490100411279E-18, -0.7392728819672014229 ) ) ;
#5414 = CARTESIAN_POINT ( 'NONE',  ( 2.007564165549411861, 0.01574803149606299191, -0.6285930086686676299 ) ) ;
#5415 = CARTESIAN_POINT ( 'NONE',  ( 1.467706553724523966, 1.707404996040164512E-17, -0.5032050347491267006 ) ) ;
#5416 = VERTEX_POINT ( 'NONE', #4216 ) ;
#5417 = CARTESIAN_POINT ( 'NONE',  ( 1.745460737179905575, 2.134256245050205639E-18, -0.5799999999999999600 ) ) ;
#5418 = VECTOR ( 'NONE', #4745, 39.37007874015748143 ) ;
#5419 = CARTESIAN_POINT ( 'NONE',  ( 0.7208586851107868787, 0.01574803149606299191, -0.7392746610202701740 ) ) ;
#5420 = CARTESIAN_POINT ( 'NONE',  ( 1.808186265675640669, 0.01574803149606299191, -0.7347176547495120058 ) ) ;
#5421 = CARTESIAN_POINT ( 'NONE',  ( 1.695390953654752453, 0.01574803149606299191, -0.6501426203664865122 ) ) ;
#5422 = CARTESIAN_POINT ( 'NONE',  ( 2.106366485694179946, -2.134256245050205639E-18, -0.4975879760096892923 ) ) ;
#5423 = CARTESIAN_POINT ( 'NONE',  ( 1.894400054854275872, 0.000000000000000000, -0.6005749975862315626 ) ) ;
#5424 = CARTESIAN_POINT ( 'NONE',  ( 2.016798627804905486, 0.01574803149606299191, -0.7362499999999999600 ) ) ;
#5425 = VECTOR ( 'NONE', #2097, 39.37007874015748143 ) ;
#5426 = CARTESIAN_POINT ( 'NONE',  ( 1.837365641014719220, 0.000000000000000000, -0.5965159553965388994 ) ) ;
#5427 = CARTESIAN_POINT ( 'NONE',  ( 2.104999999999999982, 0.000000000000000000, -0.1250000000000000278 ) ) ;
#5428 = CARTESIAN_POINT ( 'NONE',  ( 1.613429487179905530, 2.134256245050205639E-18, -0.7068066406249999822 ) ) ;
#5429 = CARTESIAN_POINT ( 'NONE',  ( 1.790275695634183872, 0.01574803149606298844, -0.4905656950023587481 ) ) ;
#5430 = CARTESIAN_POINT ( 'NONE',  ( 1.989156584089614821, 0.01574803149606299191, -0.6841277046026003061 ) ) ;
#5431 = ADVANCED_FACE ( 'NONE', ( #4606 ), #1883, .F. ) ;
#5432 = EDGE_CURVE ( 'NONE', #3897, #2027, #2071, .T. ) ;
#5433 = CARTESIAN_POINT ( 'NONE',  ( 1.713966596554905575, -0.3448278556033430586, -0.6598339843749999600 ) ) ;
#5434 = B_SPLINE_SURFACE_WITH_KNOTS ( 'NONE', 3, 1, ( 
 ( #2121, #3856 ),
 ( #4310, #3830 ),
 ( #2146, #5543 ),
 ( #1311, #3050 ),
 ( #3025, #4742 ),
 ( #4763, #907 ),
 ( #52, #1753 ),
 ( #5085, #2619 ),
 ( #1670, #3387 ),
 ( #5114, #3170 ),
 ( #2673, #4461 ),
 ( #5276, #4040 ),
 ( #4897, #505 ),
 ( #535, #3575 ),
 ( #4408, #1036 ) ),
 .UNSPECIFIED., .F., .F., .F.,
 ( 4, 1, 1, 1, 1, 1, 1, 1, 1, 1, 1, 1, 4 ),
 ( 2, 2 ),
 ( 0.000000000000000000, 0.08979271063555817334, 0.1753942178141328634, 0.2588056349961301850, 0.3398127966891512086, 0.4200621604101829609, 0.4991223246882410258, 0.5788384868517739701, 0.6591082875927595230, 0.7411182879485643804, 0.8251094400327123601, 0.9110392593857606913, 1.000000000000000000 ),
 ( 0.000000000000000000, 1.000000000000000000 ),
 .UNSPECIFIED. ) ;
#5435 = MECHANICAL_DESIGN_GEOMETRIC_PRESENTATION_REPRESENTATION (  '', ( #2457 ), #3259 ) ;
#5436 = CARTESIAN_POINT ( 'NONE',  ( 0.7208586851107868787, -2.134256245050205639E-18, -0.7392746610202701740 ) ) ;
#5437 = CARTESIAN_POINT ( 'NONE',  ( 1.684434984871821639, 2.134256245050205639E-18, -0.5103719722821387084 ) ) ;
#5438 = CARTESIAN_POINT ( 'NONE',  ( 1.658308644130744192, 0.01574803149606299191, -0.6027245569226415967 ) ) ;
#5439 = ORIENTED_EDGE ( 'NONE', *, *, #4413, .F. ) ;
#5440 = EDGE_CURVE ( 'NONE', #365, #3562, #991, .T. ) ;
#5441 = CARTESIAN_POINT ( 'NONE',  ( 1.125190884624478249, 0.000000000000000000, -0.7356584067465468113 ) ) ;
#5442 = ORIENTED_EDGE ( 'NONE', *, *, #4409, .T. ) ;
#5443 = DIRECTION ( 'NONE',  ( 1.000000000000000000, 0.000000000000000000, 0.000000000000000000 ) ) ;
#5444 = DIRECTION ( 'NONE',  ( 0.000000000000000000, 1.000000000000000000, 0.000000000000000000 ) ) ;
#5445 = CARTESIAN_POINT ( 'NONE',  ( 1.010240318423201833, 4.268512490100411279E-18, -0.7097608649968422112 ) ) ;
#5446 = ADVANCED_FACE ( 'NONE', ( #5044 ), #3822, .F. ) ;
#5447 = CARTESIAN_POINT ( 'NONE',  ( 1.979054487179905397, 6.402768735150616918E-18, -0.6598339843749999600 ) ) ;
#5448 = DIRECTION ( 'NONE',  ( 0.000000000000000000, 0.000000000000000000, 1.000000000000000000 ) ) ;
#5449 = CARTESIAN_POINT ( 'NONE',  ( 1.483617750234937915, 0.01574803149606299538, -0.4908385602056248298 ) ) ;
#5450 = ORIENTED_EDGE ( 'NONE', *, *, #1920, .F. ) ;
#5451 = UNCERTAINTY_MEASURE_WITH_UNIT (LENGTH_MEASURE( 1.000000000000000082E-05 ), #5372, 'distance_accuracy_value', 'NONE');
#5452 = CARTESIAN_POINT ( 'NONE',  ( 1.241554487179905797, 0.01574803149606299191, -0.7037304687500000044 ) ) ;
#5453 = CARTESIAN_POINT ( 'NONE',  ( 1.531415355931479816, 6.402768735150616918E-18, -0.7228581240702762756 ) ) ;
#5454 = CARTESIAN_POINT ( 'NONE',  ( 2.088699410802785206, 0.01574803149606299191, -0.4894783444736948708 ) ) ;
#5455 = CARTESIAN_POINT ( 'NONE',  ( 1.766896284054905619, 0.000000000000000000, -0.7393750000000000044 ) ) ;
#5456 = CARTESIAN_POINT ( 'NONE',  ( 1.558888402621585678, 2.134256245050205639E-18, -0.7361794251699712577 ) ) ;
#5457 = CARTESIAN_POINT ( 'NONE',  ( 1.465415459423557554, 2.134256245050205639E-18, -0.5068682642342801081 ) ) ;
#5458 = CARTESIAN_POINT ( 'NONE',  ( 1.500687740155434380, 0.000000000000000000, -0.4894841393225337067 ) ) ;
#5459 = CARTESIAN_POINT ( 'NONE',  ( 0.9540544871799059301, 2.134256245050205639E-18, -0.7072949218750000933 ) ) ;
#5460 = EDGE_CURVE ( 'NONE', #1791, #37, #2088, .T. ) ;
#5461 = DIRECTION ( 'NONE',  ( 0.000000000000000000, 1.000000000000000000, 0.000000000000000000 ) ) ;
#5462 = CARTESIAN_POINT ( 'NONE',  ( 1.824612439585464152, 0.01574803149606299538, -0.7294942222222923212 ) ) ;
#5463 = CARTESIAN_POINT ( 'NONE',  ( 0.8479721538804331216, 0.01574803149606299191, -0.5159270209313189248 ) ) ;
#5464 = CARTESIAN_POINT ( 'NONE',  ( 0.8906855878890969080, 2.134256245050205639E-18, -0.7316341506825990715 ) ) ;
#5465 = CARTESIAN_POINT ( 'NONE',  ( 2.029786909054905220, 2.134256245050205639E-18, -0.6925000000000000044 ) ) ;
#5466 = CARTESIAN_POINT ( 'NONE',  ( 2.109706052305707846, 0.01574803149606299191, -0.5023347764844572350 ) ) ;
#5467 = CARTESIAN_POINT ( 'NONE',  ( 1.955861785402364772, 0.01574803149606300232, -0.5965363970914506764 ) ) ;
#5468 = CARTESIAN_POINT ( 'NONE',  ( 1.560515363671391986, 2.134256245050205639E-18, -0.5132625730204321002 ) ) ;
#5469 = CARTESIAN_POINT ( 'NONE',  ( 2.061409850723055381, 0.000000000000000000, -0.5025771258101796590 ) ) ;
#5470 = CARTESIAN_POINT ( 'NONE',  ( 1.565724409054905397, 0.01574803149606299191, -0.7362499999999999600 ) ) ;
#5471 = ORIENTED_EDGE ( 'NONE', *, *, #3994, .T. ) ;
#5472 = FACE_OUTER_BOUND ( 'NONE', #4173, .T. ) ;
#5473 = CARTESIAN_POINT ( 'NONE',  ( 1.922865762372156340, 2.134256245050205639E-18, -0.6636299963044934858 ) ) ;
#5474 = CARTESIAN_POINT ( 'NONE',  ( 0.7477206009100992867, 2.134256245050205639E-18, -0.7110595137107713626 ) ) ;
#5475 = MECHANICAL_DESIGN_GEOMETRIC_PRESENTATION_REPRESENTATION (  '', ( #2954 ), #2671 ) ;
#5476 = ORIENTED_EDGE ( 'NONE', *, *, #2259, .F. ) ;
#5477 = CARTESIAN_POINT ( 'NONE',  ( 1.819823867976991139, 0.01574803149606299191, -0.6754743771241876749 ) ) ;
#5478 = CARTESIAN_POINT ( 'NONE',  ( 0.6948872731656431379, 4.268512490100411279E-18, -0.7153414717591428662 ) ) ;
#5479 = CARTESIAN_POINT ( 'NONE',  ( 1.769923627804905752, -2.134256245050205639E-18, -0.5331249999999999600 ) ) ;
#5480 = CARTESIAN_POINT ( 'NONE',  ( 2.029786909054905220, 0.000000000000000000, -0.6925000000000000044 ) ) ;
#5481 = CARTESIAN_POINT ( 'NONE',  ( 1.697380358730625760, 0.01574803149606299191, -0.6502685279830296983 ) ) ;
#5482 = CARTESIAN_POINT ( 'NONE',  ( 1.570006148482136377, 0.01574803149606299538, -0.4948550553522745310 ) ) ;
#5483 = CARTESIAN_POINT ( 'NONE',  ( 1.769386518429905797, 0.000000000000000000, -0.4893750000000000044 ) ) ;
#5484 = CARTESIAN_POINT ( 'NONE',  ( 0.9540544871799059301, 0.01574803149606299191, -0.5216015625000000044 ) ) ;
#5485 = CARTESIAN_POINT ( 'NONE',  ( 1.560304487179905664, 0.01574803149606299191, -0.5196484375000000044 ) ) ;
#5486 = CARTESIAN_POINT ( 'NONE',  ( 1.838429487179906063, -0.3448278556033430586, -0.6155957031250001155 ) ) ;
#5487 = CARTESIAN_POINT ( 'NONE',  ( 1.713966596554905575, 2.134256245050205639E-18, -0.6598339843749999600 ) ) ;
#5488 = CARTESIAN_POINT ( 'NONE',  ( 1.064187937789624838, 0.000000000000000000, -0.6144818557087915467 ) ) ;
#5489 = CARTESIAN_POINT ( 'NONE',  ( 0.8386757062408136676, 0.01574803149606298497, -0.7202955058092699314 ) ) ;
#5490 = CARTESIAN_POINT ( 'NONE',  ( 1.889743070896595878, 0.01574803149606299191, -0.5734149550381040239 ) ) ;
#5491 = CARTESIAN_POINT ( 'NONE',  ( 1.657179487179905708, 0.000000000000000000, -0.5469433593750000488 ) ) ;
#5492 = CARTESIAN_POINT ( 'NONE',  ( 2.091062328429526662, 0.01574803149606299191, -0.7352390000847036644 ) ) ;
#5493 = CARTESIAN_POINT ( 'NONE',  ( 1.657179487179905930, 0.01574803149606299191, -0.5913769531250000488 ) ) ;
#5494 = CARTESIAN_POINT ( 'NONE',  ( 1.241483348082478066, -2.134256245050205639E-18, -0.5189743242880153762 ) ) ;
#5495 = CARTESIAN_POINT ( 'NONE',  ( 1.997065884624477983, 0.000000000000000000, -0.7356584067465468113 ) ) ;
#5496 = CARTESIAN_POINT ( 'NONE',  ( 1.734216351434068271, 0.01574803149606299191, -0.4923811934883015606 ) ) ;
#5497 = ORIENTED_EDGE ( 'NONE', *, *, #4907, .T. ) ;
#5498 = CARTESIAN_POINT ( 'NONE',  ( 1.613202667016747638, 2.134256245050205639E-18, -0.5128209222399751077 ) ) ;
#5499 = ORIENTED_EDGE ( 'NONE', *, *, #3505, .F. ) ;
#5500 = DIRECTION ( 'NONE',  ( -0.000000000000000000, 1.000000000000000000, -0.000000000000000000 ) ) ;
#5501 = CARTESIAN_POINT ( 'NONE',  ( 1.766896284054905619, 0.01574803149606299191, -0.7393750000000000044 ) ) ;
#5502 = CARTESIAN_POINT ( 'NONE',  ( 0.7442187974722289656, 2.134256245050205639E-18, -0.7270785883326325028 ) ) ;
#5503 = FACE_OUTER_BOUND ( 'NONE', #215, .T. ) ;
#5504 = CARTESIAN_POINT ( 'NONE',  ( 1.837205126927188292, 0.01574803149606299191, -0.5952743959125689210 ) ) ;
#5505 = ORIENTED_EDGE ( 'NONE', *, *, #2376, .F. ) ;
#5506 = CARTESIAN_POINT ( 'NONE',  ( 0.6952531713519187750, 0.01574803149606298497, -0.7167333212143010002 ) ) ;
#5507 = DIRECTION ( 'NONE',  ( 0.000000000000000000, 0.000000000000000000, 1.000000000000000000 ) ) ;
#5508 = CARTESIAN_POINT ( 'NONE',  ( 2.113343419633694875, 0.000000000000000000, -0.7077921830871947151 ) ) ;
#5509 = CARTESIAN_POINT ( 'NONE',  ( 1.725682410198084105, 6.402768735150616918E-18, -0.6760040987930447942 ) ) ;
#5510 = EDGE_CURVE ( 'NONE', #2207, #1855, #761, .T. ) ;
#5511 = FACE_OUTER_BOUND ( 'NONE', #2536, .T. ) ;
#5512 = LINE ( 'NONE', #4668, #3352 ) ;
#5513 = ADVANCED_FACE ( 'NONE', ( #2539 ), #1222, .F. ) ;
#5514 = CARTESIAN_POINT ( 'NONE',  ( 0.9540544871799059301, -2.134256245050205639E-18, -0.7072949218750000933 ) ) ;
#5515 = CARTESIAN_POINT ( 'NONE',  ( 1.820135691242227072, 0.000000000000000000, -0.5538288753223686856 ) ) ;
#5516 = CARTESIAN_POINT ( 'NONE',  ( 2.006868702236475510, 0.01574803149606297803, -0.6286411722627796017 ) ) ;
#5517 = CARTESIAN_POINT ( 'NONE',  ( 1.214894330929905841, 0.01574803149606299191, -0.4893750000000000044 ) ) ;
#5518 = CARTESIAN_POINT ( 'NONE',  ( 1.893981604692472898, 0.01574803149606298844, -0.5977659895172446891 ) ) ;
#5519 = CARTESIAN_POINT ( 'NONE',  ( 1.657448407029557647, 0.01574803149606298844, -0.5393536442114402751 ) ) ;
#5520 = CARTESIAN_POINT ( 'NONE',  ( 2.111397415065153549, 0.000000000000000000, -0.7185264885591116091 ) ) ;
#5521 = VECTOR ( 'NONE', #1318, 39.37007874015748143 ) ;
#5522 = CARTESIAN_POINT ( 'NONE',  ( 0.7332614639089398700, 4.268512490100411279E-18, -0.7376097719688642362 ) ) ;
#5523 = CARTESIAN_POINT ( 'NONE',  ( 1.773752465236892117, -2.134256245050205639E-18, -0.6955825106874353736 ) ) ;
#5524 = CARTESIAN_POINT ( 'NONE',  ( 1.008108529612823379, 0.01574803149606299191, -0.7227478831433304940 ) ) ;
#5525 = VECTOR ( 'NONE', #2807, 39.37007874015748143 ) ;
#5526 = CARTESIAN_POINT ( 'NONE',  ( 1.976532787042074135, 0.000000000000000000, -0.7328658653892226038 ) ) ;
#5527 = ORIENTED_EDGE ( 'NONE', *, *, #4689, .T. ) ;
#5528 = VECTOR ( 'NONE', #2275, 39.37007874015748143 ) ;
#5529 = ORIENTED_EDGE ( 'NONE', *, *, #3173, .F. ) ;
#5530 = EDGE_CURVE ( 'NONE', #504, #3188, #4178, .T. ) ;
#5531 = CARTESIAN_POINT ( 'NONE',  ( 1.613429487179905530, 2.134256245050205639E-18, -0.5195996093750000488 ) ) ;
#5532 = EDGE_LOOP ( 'NONE', ( #4311, #787, #2612, #596 ) ) ;
#5533 = CARTESIAN_POINT ( 'NONE',  ( 0.7230486278049053084, -0.3448278556033430586, -0.7393750000000000044 ) ) ;
#5534 = CARTESIAN_POINT ( 'NONE',  ( 1.771241987179905664, 0.01574803149606299191, -0.6956250000000000488 ) ) ;
#5535 = B_SPLINE_SURFACE_WITH_KNOTS ( 'NONE', 3, 1, ( 
 ( #2884, #1171 ),
 ( #3330, #5052 ),
 ( #2492, #437 ),
 ( #2152, #4190 ),
 ( #5549, #5464 ),
 ( #1294, #3861 ),
 ( #2047, #3768 ),
 ( #5573, #1584 ),
 ( #1676, #2103 ),
 ( #2917, #1707 ),
 ( #1263, #3421 ) ),
 .UNSPECIFIED., .F., .F., .F.,
 ( 4, 1, 1, 1, 1, 1, 1, 1, 4 ),
 ( 2, 2 ),
 ( 0.000000000000000000, 0.1232899105900047976, 0.2445989755350567174, 0.3693748217677472745, 0.4972936742108767794, 0.6256943598673445628, 0.7500965678079896115, 0.8741929308902359752, 1.000000000000000000 ),
 ( 0.000000000000000000, 1.000000000000000000 ),
 .UNSPECIFIED. ) ;
#5536 = CARTESIAN_POINT ( 'NONE',  ( 1.698180304842340282, 0.01574803149606300579, -0.5037977385678886755 ) ) ;
#5537 = ORIENTED_EDGE ( 'NONE', *, *, #4840, .F. ) ;
#5538 = CARTESIAN_POINT ( 'NONE',  ( 1.215543124153548371, 0.000000000000000000, -0.7358011333994024517 ) ) ;
#5539 = CARTESIAN_POINT ( 'NONE',  ( 2.113429487179905308, 0.01574803149606299191, -0.5214062499999999600 ) ) ;
#5540 = CARTESIAN_POINT ( 'NONE',  ( 1.894679487179905752, 0.01574803149606299191, -0.6143750000000000044 ) ) ;
#5541 = DIRECTION ( 'NONE',  ( 0.2268897289327035660, 0.000000000000000000, 0.9739204540951197364 ) ) ;
#5542 = CARTESIAN_POINT ( 'NONE',  ( 1.732325644947370291, 6.402768735150616918E-18, -0.6832802168751842542 ) ) ;
#5543 = CARTESIAN_POINT ( 'NONE',  ( 1.092640483710597410, 0.000000000000000000, -0.7291341438346854442 ) ) ;
#5544 = CARTESIAN_POINT ( 'NONE',  ( 1.761859233006684233, 2.134256245050205639E-18, -0.6223503111505126473 ) ) ;
#5545 = DIRECTION ( 'NONE',  ( 0.5126370364104440025, 0.000000000000000000, -0.8586054209590787689 ) ) ;
#5546 = CARTESIAN_POINT ( 'NONE',  ( 1.051008731520458150, 0.01574803149606299191, -0.6578450886893919547 ) ) ;
#5547 = CARTESIAN_POINT ( 'NONE',  ( 1.208533026208835182, 0.01574803149606299191, -0.4896555717446322009 ) ) ;
#5548 = CARTESIAN_POINT ( 'NONE',  ( 1.744332411557254048, 0.01574803149606298844, -0.5356471336013703954 ) ) ;
#5549 = CARTESIAN_POINT ( 'NONE',  ( 0.8906855878890969080, 0.01574803149606298844, -0.7316341506825990715 ) ) ;
#5550 = CARTESIAN_POINT ( 'NONE',  ( 1.773580748445156674, 0.01574803149606300232, -0.4894623373497916652 ) ) ;
#5551 = CARTESIAN_POINT ( 'NONE',  ( 1.659822654122398156, -2.134256245050205639E-18, -0.6075281398586190873 ) ) ;
#5552 = CARTESIAN_POINT ( 'NONE',  ( 1.776353707618672395, -2.134256245050205639E-18, -0.5962752996905649194 ) ) ;
#5553 = VERTEX_POINT ( 'NONE', #1160 ) ;
#5554 = CARTESIAN_POINT ( 'NONE',  ( 1.613202667016747638, -2.134256245050205639E-18, -0.5128209222399751077 ) ) ;
#5555 = CARTESIAN_POINT ( 'NONE',  ( 1.241458092838275240, 0.01574803149606299191, -0.7082795269799843085 ) ) ;
#5556 = DIRECTION ( 'NONE',  ( -0.000000000000000000, 0.000000000000000000, -1.000000000000000000 ) ) ;
#5557 = EDGE_LOOP ( 'NONE', ( #2034, #5182, #4937, #1764 ) ) ;
#5558 = ORIENTED_EDGE ( 'NONE', *, *, #919, .T. ) ;
#5559 = CARTESIAN_POINT ( 'NONE',  ( 0.7332345392384469474, 0.000000000000000000, -0.4895870481753199499 ) ) ;
#5560 = ORIENTED_EDGE ( 'NONE', *, *, #2667, .F. ) ;
#5561 = ORIENTED_EDGE ( 'NONE', *, *, #2423, .T. ) ;
#5562 = LINE ( 'NONE', #3067, #2502 ) ;
#5563 = CARTESIAN_POINT ( 'NONE',  ( 0.9582180331331666689, 0.01574803149606299538, -0.5027135717260216019 ) ) ;
#5564 = CARTESIAN_POINT ( 'NONE',  ( 1.219187328429527151, 0.000000000000000000, -0.7352390000847036644 ) ) ;
#5565 = CARTESIAN_POINT ( 'NONE',  ( 2.092412491511593142, 0.01574803149606299191, -0.4896771582000231104 ) ) ;
#5566 = CARTESIAN_POINT ( 'NONE',  ( 1.114519734441949961, 2.134256245050205639E-18, -0.6814065122916800332 ) ) ;
#5567 = CARTESIAN_POINT ( 'NONE',  ( 1.718108001943642105, 6.402768735150616918E-18, -0.6659397922214859156 ) ) ;
#5568 = FACE_OUTER_BOUND ( 'NONE', #818, .T. ) ;
#5569 = CARTESIAN_POINT ( 'NONE',  ( 0.9859587009215446951, 0.01574803149606299885, -0.4894874827896669722 ) ) ;
#5570 = FACE_OUTER_BOUND ( 'NONE', #5390, .T. ) ;
#5571 = CARTESIAN_POINT ( 'NONE',  ( 1.208533026208835182, 0.000000000000000000, -0.4896555717446322009 ) ) ;
#5572 = CARTESIAN_POINT ( 'NONE',  ( 0.8831483222728963023, 2.134256245050205639E-18, -0.7365684856197703967 ) ) ;
#5573 = CARTESIAN_POINT ( 'NONE',  ( 0.8789971827093882029, 0.01574803149606298844, -0.7382221875493851782 ) ) ;
ENDSEC;
END-ISO-10303-21;
