ISO-10303-21;
HEADER;
FILE_DESCRIPTION (( 'STEP AP214' ),
    '1' );
FILE_NAME ('Eggfinder LCD Case V2 Battery Door_STEP.STEP',
    '2026-02-20T03:48:19',
    ( '' ),
    ( '' ),
    'SwSTEP 2.0',
    'SolidWorks 2024',
    '' );
FILE_SCHEMA (( 'AUTOMOTIVE_DESIGN' ));
ENDSEC;

DATA;
#1 = CARTESIAN_POINT ( 'NONE',  ( 1.368884206131682602, 0.04000000000000000083, -0.3521032973289328627 ) ) ;
#2 = ORIENTED_EDGE ( 'NONE', *, *, #4490, .T. ) ;
#3 = ORIENTED_EDGE ( 'NONE', *, *, #3670, .T. ) ;
#4 = CARTESIAN_POINT ( 'NONE',  ( 1.960214254540454837, 0.04000000000000000083, -0.5411680116290452647 ) ) ;
#5 = CARTESIAN_POINT ( 'NONE',  ( 1.500769627695295094, 0.04000000000000000083, -0.5519559003030559685 ) ) ;
#6 = CARTESIAN_POINT ( 'NONE',  ( 1.734402016796388057, 0.000000000000000000, -0.3530827825236417250 ) ) ;
#7 = CARTESIAN_POINT ( 'NONE',  ( 1.045150328128848338, 0.04000000000000000083, -0.5852773747016561945 ) ) ;
#8 = CARTESIAN_POINT ( 'NONE',  ( 0.8001639730080880586, 0.000000000000000000, -0.3902809971166886216 ) ) ;
#9 = ORIENTED_EDGE ( 'NONE', *, *, #7208, .T. ) ;
#10 = ORIENTED_EDGE ( 'NONE', *, *, #3257, .F. ) ;
#11 = CARTESIAN_POINT ( 'NONE',  ( 2.140611979984292201, 0.04000000000000000083, -0.5957845437337579986 ) ) ;
#12 = CARTESIAN_POINT ( 'NONE',  ( 1.363291015624999769, 0.04000000000000000083, -0.3518749999999997713 ) ) ;
#13 = B_SPLINE_CURVE_WITH_KNOTS ( 'NONE', 3,
 ( #117, #6205, #49, #1114, #2243, #2762, #1658, #5666, #6753, #6168, #671, #5015, #2353, #1699, #3349, #1184, #3854, #3932, #1148 ),
 .UNSPECIFIED., .F., .F.,
 ( 4, 1, 1, 1, 1, 1, 1, 1, 1, 1, 1, 1, 1, 1, 1, 1, 4 ),
 ( 0.000000000000000000, 0.08813148623672574511, 0.1710875500533190485, 0.2491832337424138288, 0.3211275929974093946, 0.3892840120921263747, 0.4529417320694836269, 0.5124062842267692597, 0.5689367804306739718, 0.6230268497017521501, 0.6751232515779383991, 0.7260154352258681998, 0.7777339998492147632, 0.8294971590612504331, 0.8838531856309457257, 0.9399226188883623712, 1.000000000000000000 ),
 .UNSPECIFIED. ) ;
#14 = CARTESIAN_POINT ( 'NONE',  ( 1.258540019606416482, 0.000000000000000000, -0.5841697710432443014 ) ) ;
#15 = CARTESIAN_POINT ( 'NONE',  ( 1.054607757160013204, 0.000000000000000000, -0.5583912136213131649 ) ) ;
#16 = LINE ( 'NONE', #5067, #5185 ) ;
#17 = CARTESIAN_POINT ( 'NONE',  ( 1.578916015624999947, 0.000000000000000000, -0.3518749999999997713 ) ) ;
#18 = EDGE_CURVE ( 'NONE', #3851, #2153, #4755, .T. ) ;
#19 = CARTESIAN_POINT ( 'NONE',  ( 1.713915660019883269, 0.04000000000000000083, -0.3537590362595984250 ) ) ;
#20 = VECTOR ( 'NONE', #6363, 39.37007874015748143 ) ;
#21 = LINE ( 'NONE', #6767, #6322 ) ;
#22 = ORIENTED_EDGE ( 'NONE', *, *, #4423, .T. ) ;
#23 = DIRECTION ( 'NONE',  ( -0.000000000000000000, -1.000000000000000000, -0.000000000000000000 ) ) ;
#24 = ORIENTED_EDGE ( 'NONE', *, *, #5604, .F. ) ;
#25 = CARTESIAN_POINT ( 'NONE',  ( 1.335472732509531912, 0.000000000000000000, -0.3706935277141287233 ) ) ;
#26 = DIRECTION ( 'NONE',  ( -1.000000000000000000, 0.000000000000000000, 0.000000000000000000 ) ) ;
#27 = B_SPLINE_CURVE_WITH_KNOTS ( 'NONE', 3,
 ( #136, #4129, #6295, #175, #207, #4703, #3072, #4630, #1313, #2962, #315 ),
 .UNSPECIFIED., .F., .F.,
 ( 4, 1, 1, 1, 1, 1, 1, 1, 4 ),
 ( 0.000000000000000000, 0.1852931517319184040, 0.3454152580142437756, 0.4843922580139429224, 0.5998141629284000631, 0.7014451350093728887, 0.7997714832198113966, 0.8983913349807751692, 1.000000000000000000 ),
 .UNSPECIFIED. ) ;
#28 = AXIS2_PLACEMENT_3D ( 'NONE', #1055, #4386, #5395 ) ;
#29 = CARTESIAN_POINT ( 'NONE',  ( 1.875026234481769416, 0.04000000000000000083, -0.3639206589674816028 ) ) ;
#30 = CARTESIAN_POINT ( 'NONE',  ( 0.7743261718749997469, 0.04000000000000000083, -0.5786328124999998712 ) ) ;
#31 = ADVANCED_FACE ( 'NONE', ( #1363 ), #3595, .T. ) ;
#32 = CARTESIAN_POINT ( 'NONE',  ( 2.155625000000000124, 0.000000000000000000, -0.5661328124999995826 ) ) ;
#33 = CARTESIAN_POINT ( 'NONE',  ( 0.5733388621817859798, 0.04000000000000000083, -0.5782558335504808245 ) ) ;
#34 = VECTOR ( 'NONE', #746, 39.37007874015748143 ) ;
#35 = VERTEX_POINT ( 'NONE', #2263 ) ;
#36 = DIRECTION ( 'NONE',  ( 0.000000000000000000, 0.000000000000000000, 1.000000000000000000 ) ) ;
#37 = CARTESIAN_POINT ( 'NONE',  ( 0.8079574597351137921, 0.000000000000000000, -0.4943480671812497951 ) ) ;
#38 = CARTESIAN_POINT ( 'NONE',  ( 1.045151001658224610, 0.04000000000000000083, -0.5685249089783567245 ) ) ;
#39 = CARTESIAN_POINT ( 'NONE',  ( 2.015184491534407929, -0.000000000000000000, -0.5281386530777031352 ) ) ;
#40 = VECTOR ( 'NONE', #522, 39.37007874015748143 ) ;
#41 = CARTESIAN_POINT ( 'NONE',  ( 1.479856652782878479, 0.04000000000000000083, -0.5919417975870767679 ) ) ;
#42 = EDGE_CURVE ( 'NONE', #1907, #35, #2786, .T. ) ;
#43 = CARTESIAN_POINT ( 'NONE',  ( 2.015184491534407929, 0.04000000000000000083, -0.5281386530777031352 ) ) ;
#44 = DIRECTION ( 'NONE',  ( -1.000000000000000000, 0.000000000000000000, -0.000000000000000000 ) ) ;
#45 = AXIS2_PLACEMENT_3D ( 'NONE', #1848, #3531, #5740 ) ;
#46 = ORIENTED_EDGE ( 'NONE', *, *, #4990, .F. ) ;
#47 = ORIENTED_EDGE ( 'NONE', *, *, #3070, .F. ) ;
#48 = CARTESIAN_POINT ( 'NONE',  ( 0.8658394635601807110, 0.04000000000000000083, -0.5474913482188316083 ) ) ;
#49 = CARTESIAN_POINT ( 'NONE',  ( 2.046994547438552470, 0.000000000000000000, -0.3988550494568484095 ) ) ;
#50 = CARTESIAN_POINT ( 'NONE',  ( 2.265000000000000124, 1.476640786499873625, -1.180000000000000160 ) ) ;
#51 = CARTESIAN_POINT ( 'NONE',  ( 2.134660029826765726, 0.04000000000000000083, -0.3560627527494849009 ) ) ;
#52 = AXIS2_PLACEMENT_3D ( 'NONE', #94, #5101, #2331 ) ;
#53 = CARTESIAN_POINT ( 'NONE',  ( 0.8188927558429361930, 0.000000000000000000, -0.4244099084131314759 ) ) ;
#54 = EDGE_LOOP ( 'NONE', ( #216, #3383, #4176, #6455 ) ) ;
#55 = VERTEX_POINT ( 'NONE', #3837 ) ;
#56 = CARTESIAN_POINT ( 'NONE',  ( 2.149690364888182437, 0.000000000000000000, -0.5889161566075566956 ) ) ;
#57 = CARTESIAN_POINT ( 'NONE',  ( 1.503183593749999769, 0.000000000000000000, -0.5518749999999997824 ) ) ;
#58 = VECTOR ( 'NONE', #5774, 39.37007874015748143 ) ;
#59 = CARTESIAN_POINT ( 'NONE',  ( 0.9634527451739841597, 0.04000000000000000083, -0.3537421104536338512 ) ) ;
#60 = CARTESIAN_POINT ( 'NONE',  ( 1.059728514501119490, 0.000000000000000000, -0.5563965360930586135 ) ) ;
#61 = LINE ( 'NONE', #1851, #2045 ) ;
#62 = CARTESIAN_POINT ( 'NONE',  ( 1.703357481476013513, 0.000000000000000000, -0.4017956637223325522 ) ) ;
#63 = CARTESIAN_POINT ( 'NONE',  ( 1.680645833859509608, 0.04000000000000000083, -0.5849964332278518864 ) ) ;
#64 = VERTEX_POINT ( 'NONE', #7100 ) ;
#65 = PLANE ( 'NONE',  #5175 ) ;
#66 = ORIENTED_EDGE ( 'NONE', *, *, #7152, .F. ) ;
#67 = CARTESIAN_POINT ( 'NONE',  ( 1.200485266178740629, 0.04000000000000000083, -0.5987276526255426168 ) ) ;
#68 = CARTESIAN_POINT ( 'NONE',  ( 0.9050714368234068496, -0.000000000000000000, -0.4956713052290548371 ) ) ;
#69 = EDGE_CURVE ( 'NONE', #1818, #1188, #6700, .T. ) ;
#70 = CARTESIAN_POINT ( 'NONE',  ( 1.869040423395333939, 0.04000000000000000083, -0.3760205424103839622 ) ) ;
#71 = CARTESIAN_POINT ( 'NONE',  ( 2.149690364888182437, 0.000000000000000000, -0.5889161566075566956 ) ) ;
#72 = CARTESIAN_POINT ( 'NONE',  ( 1.747785230038836568, 0.000000000000000000, -0.3651590258483829454 ) ) ;
#73 = EDGE_CURVE ( 'NONE', #5172, #340, #578, .T. ) ;
#74 = PLANE ( 'NONE',  #7155 ) ;
#75 = CARTESIAN_POINT ( 'NONE',  ( 0.8448963237521920355, 0.000000000000000000, -0.4659705951868921003 ) ) ;
#76 = CARTESIAN_POINT ( 'NONE',  ( 1.924375000000000169, 0.04000000000000000083, -0.3765332031249996048 ) ) ;
#77 = CARTESIAN_POINT ( 'NONE',  ( 2.028329287494302413, 0.04000000000000000083, -0.4584344544414472034 ) ) ;
#78 = CARTESIAN_POINT ( 'NONE',  ( 0.7735391292968318844, 0.04000000000000000083, -0.5724441784463589755 ) ) ;
#79 = CARTESIAN_POINT ( 'NONE',  ( 0.8389257812499998357, 0.04000000000000000083, -0.5912304687499998490 ) ) ;
#80 = CARTESIAN_POINT ( 'NONE',  ( 0.8100047737412046089, 0.000000000000000000, -0.4097328900665198059 ) ) ;
#81 = ORIENTED_EDGE ( 'NONE', *, *, #5820, .T. ) ;
#82 = EDGE_CURVE ( 'NONE', #2188, #4286, #5497, .T. ) ;
#83 = ORIENTED_EDGE ( 'NONE', *, *, #2825, .T. ) ;
#84 = CARTESIAN_POINT ( 'NONE',  ( 1.052890625000000080, 0.04000000000000000083, -0.4832714843749997824 ) ) ;
#85 = CARTESIAN_POINT ( 'NONE',  ( 0.9817033282193950994, 0.04000000000000000083, -0.3521530522776147309 ) ) ;
#86 = CARTESIAN_POINT ( 'NONE',  ( 2.140908955550691495, 0.000000000000000000, -0.3580640958642851701 ) ) ;
#87 = CARTESIAN_POINT ( 'NONE',  ( 0.8568731551377243294, 0.04000000000000000083, -0.5155121165826106466 ) ) ;
#88 = ORIENTED_EDGE ( 'NONE', *, *, #3738, .T. ) ;
#89 = ORIENTED_EDGE ( 'NONE', *, *, #4958, .F. ) ;
#90 = EDGE_CURVE ( 'NONE', #5336, #1255, #2190, .T. ) ;
#91 = FACE_OUTER_BOUND ( 'NONE', #1354, .T. ) ;
#92 = B_SPLINE_CURVE_WITH_KNOTS ( 'NONE', 3,
 ( #5162, #5848, #2469, #787, #157, #1262, #5306, #4580, #6797, #4045, #2945 ),
 .UNSPECIFIED., .F., .F.,
 ( 4, 1, 1, 1, 1, 1, 1, 1, 4 ),
 ( 0.000000000000000000, 0.1194650892431612516, 0.2317767218936476747, 0.3411459395840581998, 0.4539950994784673899, 0.5720169938634960261, 0.6986754867786912904, 0.8403501523962195741, 1.000000000000000000 ),
 .UNSPECIFIED. ) ;
#93 = CARTESIAN_POINT ( 'NONE',  ( 1.500769627695295094, 0.000000000000000000, -0.5519559003030559685 ) ) ;
#94 = CARTESIAN_POINT ( 'NONE',  ( 1.841806640624999991, 0.04000000000000000083, -0.4549999999999996270 ) ) ;
#95 = CARTESIAN_POINT ( 'NONE',  ( 0.000000000000000000, 0.1350000000000000089, 0.000000000000000000 ) ) ;
#96 = CARTESIAN_POINT ( 'NONE',  ( 1.002499999999999947, 0.000000000000000000, -0.3841992187499999045 ) ) ;
#97 = CARTESIAN_POINT ( 'NONE',  ( 1.696263713831893671, 0.000000000000000000, -0.3775930127982798368 ) ) ;
#98 = CARTESIAN_POINT ( 'NONE',  ( 1.974741412479674052, 0.000000000000000000, -0.4761694779351920426 ) ) ;
#99 = EDGE_LOOP ( 'NONE', ( #1550, #5485, #1120, #4257 ) ) ;
#100 = CARTESIAN_POINT ( 'NONE',  ( 1.924375000000000169, 0.000000000000000000, -0.3765332031249996048 ) ) ;
#101 = ORIENTED_EDGE ( 'NONE', *, *, #3969, .F. ) ;
#102 = CARTESIAN_POINT ( 'NONE',  ( 0.8572547198345604746, 0.04000000000000000083, -0.3782187160007872695 ) ) ;
#103 = FACE_OUTER_BOUND ( 'NONE', #5277, .T. ) ;
#104 = CARTESIAN_POINT ( 'NONE',  ( 1.603996355229868387, 0.000000000000000000, -0.3702560611866931861 ) ) ;
#105 = CARTESIAN_POINT ( 'NONE',  ( 0.7724273240324029954, 0.000000000000000000, -0.5691183371486859821 ) ) ;
#106 = CARTESIAN_POINT ( 'NONE',  ( 0.5764596016630501030, 0.000000000000000000, -0.5663717020791755319 ) ) ;
#107 = DIRECTION ( 'NONE',  ( 0.000000000000000000, 1.000000000000000000, -0.000000000000000000 ) ) ;
#108 = FACE_OUTER_BOUND ( 'NONE', #4069, .T. ) ;
#109 = CARTESIAN_POINT ( 'NONE',  ( 0.9735502389580072968, 0.04000000000000000083, -0.5986446091928511182 ) ) ;
#110 = CARTESIAN_POINT ( 'NONE',  ( 1.174375000000000169, 0.000000000000000000, -0.5049999999999997824 ) ) ;
#111 = CARTESIAN_POINT ( 'NONE',  ( 1.990244140625000213, 0.04000000000000000083, -0.5876660156249995381 ) ) ;
#112 = CARTESIAN_POINT ( 'NONE',  ( 1.780722656250000258, 0.04000000000000000083, -0.4549999999999996270 ) ) ;
#113 = CARTESIAN_POINT ( 'NONE',  ( 0.7954168042480520562, 0.000000000000000000, -0.3768733075852668257 ) ) ;
#114 = EDGE_CURVE ( 'NONE', #1412, #894, #6330, .T. ) ;
#115 = ORIENTED_EDGE ( 'NONE', *, *, #843, .F. ) ;
#116 = ORIENTED_EDGE ( 'NONE', *, *, #657, .F. ) ;
#117 = CARTESIAN_POINT ( 'NONE',  ( 2.052548828125000391, 0.000000000000000000, -0.3987499999999996048 ) ) ;
#118 = CARTESIAN_POINT ( 'NONE',  ( 0.9462499999999999245, 0.04000000000000000083, -0.5549999999999999378 ) ) ;
#119 = CARTESIAN_POINT ( 'NONE',  ( 1.605562715287782938, 0.04000000000000000083, -0.3815535789347727080 ) ) ;
#120 = EDGE_CURVE ( 'NONE', #5855, #1802, #3329, .T. ) ;
#121 = CARTESIAN_POINT ( 'NONE',  ( 0.8061553213852260535, 0.000000000000000000, -0.4028098203996691162 ) ) ;
#122 = ORIENTED_EDGE ( 'NONE', *, *, #5612, .F. ) ;
#123 = CARTESIAN_POINT ( 'NONE',  ( 0.7257584639991727649, 0.000000000000000000, -0.5909021008537977959 ) ) ;
#124 = CARTESIAN_POINT ( 'NONE',  ( 1.052977467056773975, -0.000000000000000000, -0.4846804720124422983 ) ) ;
#125 = FACE_OUTER_BOUND ( 'NONE', #170, .T. ) ;
#126 = CARTESIAN_POINT ( 'NONE',  ( 2.063274397401126947, 0.04000000000000000083, -0.5549796907550272884 ) ) ;
#127 = LINE ( 'NONE', #648, #7126 ) ;
#128 = ORIENTED_EDGE ( 'NONE', *, *, #6095, .T. ) ;
#129 = EDGE_CURVE ( 'NONE', #4294, #5478, #2266, .T. ) ;
#130 = CARTESIAN_POINT ( 'NONE',  ( 1.682214852607238686, 0.04000000000000000083, -0.5769510178726946492 ) ) ;
#131 = ORIENTED_EDGE ( 'NONE', *, *, #1684, .T. ) ;
#132 = CARTESIAN_POINT ( 'NONE',  ( 1.917246093750000213, 0.000000000000000000, -0.4019238281249996603 ) ) ;
#133 = CARTESIAN_POINT ( 'NONE',  ( 1.225471830669116136, 0.000000000000000000, -0.5880351776275288822 ) ) ;
#134 = CARTESIAN_POINT ( 'NONE',  ( 0.7134863281249997913, 0.000000000000000000, -0.5724804687499998046 ) ) ;
#135 = CARTESIAN_POINT ( 'NONE',  ( 1.598398271371878510, 0.000000000000000000, -0.3599752496326636408 ) ) ;
#136 = CARTESIAN_POINT ( 'NONE',  ( 2.060361328124999947, 0.000000000000000000, -0.5018749999999996270 ) ) ;
#137 = CARTESIAN_POINT ( 'NONE',  ( 0.5810552723100961270, 0.04000000000000000083, -0.5583013914590115867 ) ) ;
#138 = VECTOR ( 'NONE', #1968, 39.37007874015748143 ) ;
#139 = ORIENTED_EDGE ( 'NONE', *, *, #4546, .F. ) ;
#140 = CARTESIAN_POINT ( 'NONE',  ( 2.480000000000000870, 0.3049999999999991607, -0.1250000000000000000 ) ) ;
#141 = CARTESIAN_POINT ( 'NONE',  ( 0.8556760947845767351, 0.04000000000000000083, -0.5271571198129251234 ) ) ;
#142 = CARTESIAN_POINT ( 'NONE',  ( 0.6760351562499997691, 0.04000000000000000083, -0.3518749999999999378 ) ) ;
#143 = CARTESIAN_POINT ( 'NONE',  ( 1.960117187500000080, 0.000000000000000000, -0.5361523437499996492 ) ) ;
#144 = CARTESIAN_POINT ( 'NONE',  ( 1.053154986291262363, 0.000000000000000000, -0.4790529472713948578 ) ) ;
#145 = VECTOR ( 'NONE', #5720, 39.37007874015748143 ) ;
#146 = PLANE ( 'NONE',  #2719 ) ;
#147 = ORIENTED_EDGE ( 'NONE', *, *, #6297, .F. ) ;
#148 = AXIS2_PLACEMENT_3D ( 'NONE', #1688, #4604, #2314 ) ;
#149 = CARTESIAN_POINT ( 'NONE',  ( 1.950842217940071288, 0.04000000000000000083, -0.4420132643240946568 ) ) ;
#150 = EDGE_CURVE ( 'NONE', #2654, #4739, #2687, .T. ) ;
#151 = CARTESIAN_POINT ( 'NONE',  ( 1.039658203125000124, 0.000000000000000000, -0.3767285156249997602 ) ) ;
#152 = CARTESIAN_POINT ( 'NONE',  ( 1.208410174864912756, 0.000000000000000000, -0.5979362696720080805 ) ) ;
#153 = CARTESIAN_POINT ( 'NONE',  ( 0.8147881563716673492, 0.000000000000000000, -0.4851492366314704707 ) ) ;
#154 = VECTOR ( 'NONE', #4125, 39.37007874015748143 ) ;
#155 = DIRECTION ( 'NONE',  ( 0.000000000000000000, 1.000000000000000000, 0.000000000000000000 ) ) ;
#156 = VERTEX_POINT ( 'NONE', #3579 ) ;
#157 = CARTESIAN_POINT ( 'NONE',  ( 0.6913780193737223412, 0.000000000000000000, -0.3562911311559122662 ) ) ;
#158 = CARTESIAN_POINT ( 'NONE',  ( 1.068710937500000124, 0.04000000000000000083, -0.3549999999999997602 ) ) ;
#159 = ADVANCED_FACE ( 'NONE', ( #4524 ), #2157, .T. ) ;
#160 = AXIS2_PLACEMENT_3D ( 'NONE', #2471, #4155, #1406 ) ;
#161 = DIRECTION ( 'NONE',  ( -0.000000000000000000, -1.000000000000000000, -0.000000000000000000 ) ) ;
#162 = LINE ( 'NONE', #6249, #6449 ) ;
#163 = ORIENTED_EDGE ( 'NONE', *, *, #6476, .F. ) ;
#164 = DIRECTION ( 'NONE',  ( -1.000000000000000000, 0.000000000000000000, 0.000000000000000000 ) ) ;
#165 = CARTESIAN_POINT ( 'NONE',  ( 1.976074589354286593, 0.04000000000000000083, -0.3715362533805048328 ) ) ;
#166 = VECTOR ( 'NONE', #7067, 39.37007874015748143 ) ;
#167 = ORIENTED_EDGE ( 'NONE', *, *, #6122, .T. ) ;
#168 = CARTESIAN_POINT ( 'NONE',  ( 1.991669293211916214, 0.04000000000000000083, -0.4862590044282318336 ) ) ;
#169 = CARTESIAN_POINT ( 'NONE',  ( 1.198789062500000169, 0.04000000000000000083, -0.5987499999999996714 ) ) ;
#170 = EDGE_LOOP ( 'NONE', ( #3568, #5430, #6211, #476, #4437, #2921, #2260, #6888, #1591, #4475, #2391, #497, #676, #4676 ) ) ;
#171 = CARTESIAN_POINT ( 'NONE',  ( 2.018058619720922930, 0.000000000000000000, -0.5420957048316908944 ) ) ;
#172 = ADVANCED_FACE ( 'NONE', ( #720 ), #1040, .T. ) ;
#173 = CARTESIAN_POINT ( 'NONE',  ( 1.869040423395333939, 0.000000000000000000, -0.3760205424103839622 ) ) ;
#174 = CARTESIAN_POINT ( 'NONE',  ( 0.7664263473390584558, 0.000000000000000000, -0.5570386244605705084 ) ) ;
#175 = CARTESIAN_POINT ( 'NONE',  ( 2.044852074620158611, 0.000000000000000000, -0.5024753907114936080 ) ) ;
#176 = CARTESIAN_POINT ( 'NONE',  ( 1.917814379901055410, 0.000000000000000000, -0.4004910379474454496 ) ) ;
#177 = CARTESIAN_POINT ( 'NONE',  ( 1.960117187500000080, 0.04000000000000000083, -0.5361523437499996492 ) ) ;
#178 = ORIENTED_EDGE ( 'NONE', *, *, #6996, .T. ) ;
#179 = CARTESIAN_POINT ( 'NONE',  ( 0.8326720618200870172, 0.000000000000000000, -0.5882724228539194522 ) ) ;
#180 = CARTESIAN_POINT ( 'NONE',  ( 0.9899208337989379158, 0.000000000000000000, -0.5943890405562933799 ) ) ;
#181 = DIRECTION ( 'NONE',  ( 1.000000000000000000, 0.000000000000000000, 0.000000000000000000 ) ) ;
#182 = CARTESIAN_POINT ( 'NONE',  ( 1.980996679376970437, 0.04000000000000000083, -0.5810334536819951046 ) ) ;
#183 = VERTEX_POINT ( 'NONE', #6841 ) ;
#184 = DIRECTION ( 'NONE',  ( 1.000000000000000000, 0.000000000000000000, -0.000000000000000000 ) ) ;
#185 = CARTESIAN_POINT ( 'NONE',  ( 0.8292592782134812213, 0.000000000000000000, -0.4386890730078889522 ) ) ;
#186 = ORIENTED_EDGE ( 'NONE', *, *, #3522, .F. ) ;
#187 = CARTESIAN_POINT ( 'NONE',  ( 1.455520130467351292, 0.000000000000000000, -0.5953758084540667905 ) ) ;
#188 = CARTESIAN_POINT ( 'NONE',  ( 0.8188634586325947984, 0.04000000000000000083, -0.4810488752309269311 ) ) ;
#189 = CARTESIAN_POINT ( 'NONE',  ( 0.2500000000000000000, 0.2049999999999981559, 0.1000000000000000056 ) ) ;
#190 = CARTESIAN_POINT ( 'NONE',  ( 0.8512344866955046108, 0.000000000000000000, -0.4640700261579376318 ) ) ;
#191 = LINE ( 'NONE', #2357, #6673 ) ;
#192 = EDGE_CURVE ( 'NONE', #4438, #1514, #946, .T. ) ;
#193 = EDGE_LOOP ( 'NONE', ( #4017, #3458, #6023, #1290 ) ) ;
#194 = LINE ( 'NONE', #4617, #6554 ) ;
#195 = FACE_OUTER_BOUND ( 'NONE', #3136, .T. ) ;
#196 = CARTESIAN_POINT ( 'NONE',  ( 1.043515625000000169, 0.04000000000000000083, -0.5769726562499998268 ) ) ;
#197 = B_SPLINE_CURVE_WITH_KNOTS ( 'NONE', 3,
 ( #4185, #5781, #2543, #3023, #6354, #749, #2988, #5202, #5707, #2510, #229 ),
 .UNSPECIFIED., .F., .F.,
 ( 4, 1, 1, 1, 1, 1, 1, 1, 4 ),
 ( 0.000000000000000000, 0.1852931517319184040, 0.3454152580142437756, 0.4843922580139429224, 0.5998141629284000631, 0.7014451350093728887, 0.7997714832198113966, 0.8983913349807751692, 1.000000000000000000 ),
 .UNSPECIFIED. ) ;
#198 = CARTESIAN_POINT ( 'NONE',  ( 2.155219365734996728, 0.04000000000000000083, -0.5740025118769892520 ) ) ;
#199 = FACE_OUTER_BOUND ( 'NONE', #2047, .T. ) ;
#200 = CARTESIAN_POINT ( 'NONE',  ( 1.949488372268713965, 0.000000000000000000, -0.4230559367002675319 ) ) ;
#201 = EDGE_CURVE ( 'NONE', #3491, #641, #3032, .T. ) ;
#202 = ORIENTED_EDGE ( 'NONE', *, *, #6052, .F. ) ;
#203 = DIRECTION ( 'NONE',  ( -1.000000000000000000, 0.000000000000000000, 0.000000000000000000 ) ) ;
#204 = CARTESIAN_POINT ( 'NONE',  ( 1.230536905506808498, 0.04000000000000000083, -0.5713109094903326968 ) ) ;
#205 = CARTESIAN_POINT ( 'NONE',  ( 1.756406250000000169, 0.04000000000000000083, -0.3840527343749995937 ) ) ;
#206 = LINE ( 'NONE', #5245, #2395 ) ;
#207 = CARTESIAN_POINT ( 'NONE',  ( 2.038579884105082396, 0.000000000000000000, -0.5034299224311565846 ) ) ;
#208 = CARTESIAN_POINT ( 'NONE',  ( 1.994394531249999991, 0.000000000000000000, -0.4849804687499996159 ) ) ;
#209 = EDGE_CURVE ( 'NONE', #5478, #1782, #5790, .T. ) ;
#210 = CARTESIAN_POINT ( 'NONE',  ( 1.966932057260308842, 0.04000000000000000083, -0.4703184749271660525 ) ) ;
#211 = CARTESIAN_POINT ( 'NONE',  ( 0.8368182805491488629, 0.04000000000000000083, -0.5902336085823819412 ) ) ;
#212 = CARTESIAN_POINT ( 'NONE',  ( 0.9809268228616009333, 0.000000000000000000, -0.5976799259556466737 ) ) ;
#213 = B_SPLINE_SURFACE_WITH_KNOTS ( 'NONE', 3, 1, ( 
 ( #5547, #6050 ),
 ( #5473, #2166 ),
 ( #4500, #2830 ),
 ( #5507, #2124 ),
 ( #3959, #2790 ),
 ( #4426, #7184 ),
 ( #2200, #471 ),
 ( #1577, #4461 ),
 ( #3299, #3810 ),
 ( #2711, #6018 ),
 ( #1060, #513 ) ),
 .UNSPECIFIED., .F., .F., .F.,
 ( 4, 1, 1, 1, 1, 1, 1, 1, 4 ),
 ( 2, 2 ),
 ( 0.000000000000000000, 0.1519037474898616569, 0.2946067286718556666, 0.4292640855990467741, 0.5551236773389686130, 0.6739582751069664868, 0.7867579455501297891, 0.8949922261428681081, 1.000000000000000000 ),
 ( 0.000000000000000000, 1.000000000000000000 ),
 .UNSPECIFIED. ) ;
#214 = CARTESIAN_POINT ( 'NONE',  ( 2.005664393837968795, 0.000000000000000000, -0.4317760733735334644 ) ) ;
#215 = CARTESIAN_POINT ( 'NONE',  ( 2.005741045961778379, 0.04000000000000000083, -0.4342818460117119361 ) ) ;
#216 = ORIENTED_EDGE ( 'NONE', *, *, #2399, .F. ) ;
#217 = CARTESIAN_POINT ( 'NONE',  ( 1.840323965495518133, 0.000000000000000000, -0.5901731642048090309 ) ) ;
#218 = CARTESIAN_POINT ( 'NONE',  ( 1.472464987932752045, 0.04000000000000000083, -0.5767569221631013709 ) ) ;
#219 = ADVANCED_FACE ( 'NONE', ( #5927 ), #3850, .T. ) ;
#220 = EDGE_LOOP ( 'NONE', ( #5060, #6493, #1153, #1714, #403, #1674, #6288 ) ) ;
#221 = CARTESIAN_POINT ( 'NONE',  ( 0.9150000000000003686, 0.2350000000000000144, -1.180000000000000160 ) ) ;
#222 = CARTESIAN_POINT ( 'NONE',  ( 1.065000000000000169, 0.1600000000000000033, -1.479999999999999982 ) ) ;
#223 = CARTESIAN_POINT ( 'NONE',  ( 2.153993887924431139, 0.000000000000000000, -0.3732876937333665657 ) ) ;
#224 = CARTESIAN_POINT ( 'NONE',  ( 0.8567099224495503540, 0.000000000000000000, -0.5340985497155648076 ) ) ;
#225 = CARTESIAN_POINT ( 'NONE',  ( 1.812851562500000124, 0.000000000000000000, -0.6018749999999996048 ) ) ;
#226 = ORIENTED_EDGE ( 'NONE', *, *, #3088, .F. ) ;
#227 = VERTEX_POINT ( 'NONE', #6396 ) ;
#228 = FACE_OUTER_BOUND ( 'NONE', #5341, .T. ) ;
#229 = CARTESIAN_POINT ( 'NONE',  ( 2.019150390625000124, 0.04000000000000000083, -0.5161816406249996048 ) ) ;
#230 = CARTESIAN_POINT ( 'NONE',  ( 0.6463272804300682628, 0.04000000000000000083, -0.3817313919349539231 ) ) ;
#231 = CARTESIAN_POINT ( 'NONE',  ( 2.052206521829444519, -0.000000000000000000, -0.4612361012066409915 ) ) ;
#232 = VERTEX_POINT ( 'NONE', #3067 ) ;
#233 = CARTESIAN_POINT ( 'NONE',  ( 2.008293254178010301, 0.000000000000000000, -0.3581009708280760151 ) ) ;
#234 = PLANE ( 'NONE',  #2607 ) ;
#235 = ORIENTED_EDGE ( 'NONE', *, *, #1013, .F. ) ;
#236 = LINE ( 'NONE', #2996, #2271 ) ;
#237 = CARTESIAN_POINT ( 'NONE',  ( 2.023436009275845215, 0.000000000000000000, -0.3561249584995162532 ) ) ;
#238 = CARTESIAN_POINT ( 'NONE',  ( 0.6738278708020277730, -0.000000000000000000, -0.3519695349321501632 ) ) ;
#239 = DIRECTION ( 'NONE',  ( -4.553079989440439683E-16, -0.000000000000000000, -1.000000000000000000 ) ) ;
#240 = ADVANCED_FACE ( 'NONE', ( #3646 ), #5011, .T. ) ;
#241 = CARTESIAN_POINT ( 'NONE',  ( 1.671145130467351247, 0.04000000000000000083, -0.5953758084540667905 ) ) ;
#242 = CARTESIAN_POINT ( 'NONE',  ( 0.2500000000000000000, 0.1700000000000018718, 0.1000000000000000056 ) ) ;
#243 = ORIENTED_EDGE ( 'NONE', *, *, #4803, .T. ) ;
#244 = CARTESIAN_POINT ( 'NONE',  ( 1.949375000000000302, 0.04000000000000000083, -0.4263378906249996603 ) ) ;
#245 = CARTESIAN_POINT ( 'NONE',  ( 0.8091341922323525004, 0.04000000000000000083, -0.5658634479770278114 ) ) ;
#246 = CARTESIAN_POINT ( 'NONE',  ( 0.2500000000000000000, 0.06250000000000000000, 0.1000000000000000056 ) ) ;
#247 = EDGE_CURVE ( 'NONE', #6341, #3782, #6504, .T. ) ;
#248 = CARTESIAN_POINT ( 'NONE',  ( 1.960888419420641293, 0.000000000000000000, -0.5461139639397929457 ) ) ;
#249 = CARTESIAN_POINT ( 'NONE',  ( 1.503183593749999769, 0.04000000000000000083, -0.5987499999999996714 ) ) ;
#250 = ORIENTED_EDGE ( 'NONE', *, *, #3990, .T. ) ;
#251 = CARTESIAN_POINT ( 'NONE',  ( 2.123154296875000124, 0.000000000000000000, -0.5987499999999995604 ) ) ;
#252 = CARTESIAN_POINT ( 'NONE',  ( 0.8004651342793416280, 0.04000000000000000083, -0.3613520550473519610 ) ) ;
#253 = AXIS2_PLACEMENT_3D ( 'NONE', #5999, #7166, #414 ) ;
#254 = ORIENTED_EDGE ( 'NONE', *, *, #477, .F. ) ;
#255 = CARTESIAN_POINT ( 'NONE',  ( 1.450749392804951299, 0.04000000000000000083, -0.5973976626379204902 ) ) ;
#256 = EDGE_CURVE ( 'NONE', #3708, #7125, #1041, .T. ) ;
#257 = VECTOR ( 'NONE', #5759, 39.37007874015748143 ) ;
#258 = CARTESIAN_POINT ( 'NONE',  ( 1.756406250000000169, 0.04000000000000000083, -0.3840527343749995937 ) ) ;
#259 = CARTESIAN_POINT ( 'NONE',  ( 0.6583915933623259997, 0.04000000000000000083, -0.3565808335474667801 ) ) ;
#260 = CARTESIAN_POINT ( 'NONE',  ( 0.8920236404088089932, 0.000000000000000000, -0.4961837503033142971 ) ) ;
#261 = DIRECTION ( 'NONE',  ( 0.3534645099361786169, 0.000000000000000000, 0.9354479355985437783 ) ) ;
#262 = VECTOR ( 'NONE', #2419, 39.37007874015748143 ) ;
#263 = ORIENTED_EDGE ( 'NONE', *, *, #5503, .F. ) ;
#264 = ORIENTED_EDGE ( 'NONE', *, *, #1190, .F. ) ;
#265 = CARTESIAN_POINT ( 'NONE',  ( 1.053149746055797698, 0.04000000000000000083, -0.4874756497043725711 ) ) ;
#266 = CARTESIAN_POINT ( 'NONE',  ( 2.005625000000000213, 0.04000000000000000083, -0.4304882812499996048 ) ) ;
#267 = B_SPLINE_CURVE_WITH_KNOTS ( 'NONE', 3,
 ( #30, #1020, #1054, #5465, #2703, #4923, #4384, #6044, #503, #3290, #2746 ),
 .UNSPECIFIED., .F., .F.,
 ( 4, 1, 1, 1, 1, 1, 1, 1, 4 ),
 ( 0.000000000000000000, 0.1209112936525205545, 0.2383349183711327979, 0.3582454369415813966, 0.4852088005079074895, 0.6130087708884657260, 0.7389869025312779671, 0.8663370752508473549, 0.9999999999999998890 ),
 .UNSPECIFIED. ) ;
#268 = CARTESIAN_POINT ( 'NONE',  ( 1.045151001658224610, 0.000000000000000000, -0.5685249089783567245 ) ) ;
#269 = CARTESIAN_POINT ( 'NONE',  ( 2.143321193362923260, 0.04000000000000000083, -0.5945022981373065951 ) ) ;
#270 = CARTESIAN_POINT ( 'NONE',  ( 1.989414062500000080, 0.000000000000000000, -0.3638378906249996048 ) ) ;
#271 = VECTOR ( 'NONE', #4382, 39.37007874015748143 ) ;
#272 = CARTESIAN_POINT ( 'NONE',  ( 1.050498560491880617, 0.000000000000000000, -0.5924588174037911381 ) ) ;
#273 = ORIENTED_EDGE ( 'NONE', *, *, #477, .T. ) ;
#274 = ORIENTED_EDGE ( 'NONE', *, *, #6036, .T. ) ;
#275 = CARTESIAN_POINT ( 'NONE',  ( 1.065000000000000169, 0.000000000000000000, -1.479999999999999982 ) ) ;
#276 = CARTESIAN_POINT ( 'NONE',  ( 0.5807822090916746616, 0.04000000000000000083, -0.5947535105735504146 ) ) ;
#277 = VECTOR ( 'NONE', #596, 39.37007874015748143 ) ;
#278 = CARTESIAN_POINT ( 'NONE',  ( 1.734402016796388057, 0.04000000000000000083, -0.3530827825236417250 ) ) ;
#279 = CARTESIAN_POINT ( 'NONE',  ( 1.280480986326241188, 0.000000000000000000, -0.5985482803997088652 ) ) ;
#280 = CARTESIAN_POINT ( 'NONE',  ( 1.680645833859509608, 0.000000000000000000, -0.5849964332278518864 ) ) ;
#281 = VECTOR ( 'NONE', #4877, 39.37007874015748143 ) ;
#282 = LINE ( 'NONE', #242, #1089 ) ;
#283 = B_SPLINE_CURVE_WITH_KNOTS ( 'NONE', 3,
 ( #3414, #1612, #7220, #1725, #7150, #625, #552, #3379, #2278, #5581, #4390 ),
 .UNSPECIFIED., .F., .F.,
 ( 4, 1, 1, 1, 1, 1, 1, 1, 4 ),
 ( 0.000000000000000000, 0.1519037474898616569, 0.2946067286718556666, 0.4292640855990467741, 0.5551236773389686130, 0.6739582751069664868, 0.7867579455501297891, 0.8949922261428681081, 1.000000000000000000 ),
 .UNSPECIFIED. ) ;
#284 = VERTEX_POINT ( 'NONE', #4952 ) ;
#285 = ADVANCED_FACE ( 'NONE', ( #3317 ), #531, .T. ) ;
#286 = CARTESIAN_POINT ( 'NONE',  ( 0.9463329290051681886, 0.000000000000000000, -0.3812447377360929646 ) ) ;
#287 = CARTESIAN_POINT ( 'NONE',  ( 0.8216756095633861445, 0.000000000000000000, -0.5805406895911777720 ) ) ;
#288 = CARTESIAN_POINT ( 'NONE',  ( 0.9695410156249998357, 0.000000000000000000, -0.5987499999999998934 ) ) ;
#289 = CARTESIAN_POINT ( 'NONE',  ( 2.016704755238749147, 0.04000000000000000083, -0.5393522598608423424 ) ) ;
#290 = VERTEX_POINT ( 'NONE', #4332 ) ;
#291 = PLANE ( 'NONE',  #1430 ) ;
#292 = CARTESIAN_POINT ( 'NONE',  ( 1.476546996622273955, 0.04000000000000000083, -0.5882203109763198823 ) ) ;
#293 = ADVANCED_FACE ( 'NONE', ( #5528 ), #2806, .T. ) ;
#294 = EDGE_LOOP ( 'NONE', ( #3560, #3643, #966, #4082 ) ) ;
#295 = CARTESIAN_POINT ( 'NONE',  ( 1.963607270449075681, 0.04000000000000000083, -0.4669769042586778274 ) ) ;
#296 = CARTESIAN_POINT ( 'NONE',  ( 0.6299256319386252745, 0.04000000000000000083, -0.5783142384884172316 ) ) ;
#297 = LINE ( 'NONE', #3598, #4235 ) ;
#298 = CARTESIAN_POINT ( 'NONE',  ( 0.8627864884149806235, 0.000000000000000000, -0.5446684758754918310 ) ) ;
#299 = EDGE_CURVE ( 'NONE', #2778, #4438, #6649, .T. ) ;
#300 = ORIENTED_EDGE ( 'NONE', *, *, #3396, .F. ) ;
#301 = ORIENTED_EDGE ( 'NONE', *, *, #2319, .T. ) ;
#302 = CARTESIAN_POINT ( 'NONE',  ( 1.345667444776148747, 0.04000000000000000083, -0.3564675833465724697 ) ) ;
#303 = CARTESIAN_POINT ( 'NONE',  ( 0.8548861274359232931, 0.04000000000000000083, -0.5962986946336841232 ) ) ;
#304 = CARTESIAN_POINT ( 'NONE',  ( 1.072421875000000302, 0.04000000000000000083, -0.5549999999999998268 ) ) ;
#305 = CARTESIAN_POINT ( 'NONE',  ( 1.059718810012184376, 0.04000000000000000083, -0.4986919276758339237 ) ) ;
#306 = CARTESIAN_POINT ( 'NONE',  ( 1.984685984676995751, 0.000000000000000000, -0.3660941520776487268 ) ) ;
#307 = EDGE_CURVE ( 'NONE', #4362, #183, #7092, .T. ) ;
#308 = EDGE_LOOP ( 'NONE', ( #898, #2978, #4052, #1435 ) ) ;
#309 = ORIENTED_EDGE ( 'NONE', *, *, #5660, .T. ) ;
#310 = ORIENTED_EDGE ( 'NONE', *, *, #927, .F. ) ;
#311 = CARTESIAN_POINT ( 'NONE',  ( 1.713915660019883269, 0.04000000000000000083, -0.3537590362595984250 ) ) ;
#312 = CARTESIAN_POINT ( 'NONE',  ( 0.5735993543846076292, 0.04000000000000000083, -0.5833514600043263609 ) ) ;
#313 = CARTESIAN_POINT ( 'NONE',  ( 1.751459448207661973, 0.04000000000000000083, -0.3724999552451462304 ) ) ;
#314 = CARTESIAN_POINT ( 'NONE',  ( 1.274055251591116322, 0.000000000000000000, -0.5972276466835293451 ) ) ;
#315 = CARTESIAN_POINT ( 'NONE',  ( 2.019150390625000124, 0.000000000000000000, -0.5161816406249996048 ) ) ;
#316 = CARTESIAN_POINT ( 'NONE',  ( 1.960401177559732089, 0.000000000000000000, -0.5275525584092636278 ) ) ;
#317 = ORIENTED_EDGE ( 'NONE', *, *, #6893, .F. ) ;
#318 = CARTESIAN_POINT ( 'NONE',  ( 0.9538879447609153184, 0.04000000000000000083, -0.3601458437950539326 ) ) ;
#319 = FACE_OUTER_BOUND ( 'NONE', #3555, .T. ) ;
#320 = CARTESIAN_POINT ( 'NONE',  ( 0.9695410156249998357, 0.04000000000000000083, -0.5987499999999998934 ) ) ;
#321 = LINE ( 'NONE', #249, #860 ) ;
#322 = CARTESIAN_POINT ( 'NONE',  ( 1.854008865363889313, 0.000000000000000000, -0.5624299620574714220 ) ) ;
#323 = CARTESIAN_POINT ( 'NONE',  ( 1.484220876722022187, 0.04000000000000000083, -0.5950721946915216165 ) ) ;
#324 = B_SPLINE_SURFACE_WITH_KNOTS ( 'NONE', 3, 1, ( 
 ( #2272, #5654 ),
 ( #660, #3955 ),
 ( #4495, #6157 ),
 ( #2898, #1173 ),
 ( #801, #6334 ),
 ( #6957, #4778 ),
 ( #2450, #4667 ),
 ( #1387, #176 ),
 ( #6992, #2005 ) ),
 .UNSPECIFIED., .F., .F., .F.,
 ( 4, 1, 1, 1, 1, 1, 4 ),
 ( 2, 2 ),
 ( 0.000000000000000000, 0.2067319430304936645, 0.4164874890500552818, 0.5328523590769155271, 0.6696120259604950720, 0.8257535635120146766, 1.000000000000000000 ),
 ( 0.000000000000000000, 1.000000000000000000 ),
 .UNSPECIFIED. ) ;
#325 = CARTESIAN_POINT ( 'NONE',  ( 0.8053528805289432713, 0.000000000000000000, -0.4994772320312900193 ) ) ;
#326 = CARTESIAN_POINT ( 'NONE',  ( 2.001286800418572209, 0.000000000000000000, -0.5930449820051355569 ) ) ;
#327 = EDGE_CURVE ( 'NONE', #640, #3612, #509, .T. ) ;
#328 = CARTESIAN_POINT ( 'NONE',  ( 2.151601626894688923, 0.000000000000000000, -0.3675381975063522488 ) ) ;
#329 = DIRECTION ( 'NONE',  ( 1.000000000000000000, 0.000000000000000000, 0.000000000000000000 ) ) ;
#330 = ORIENTED_EDGE ( 'NONE', *, *, #2638, .T. ) ;
#331 = VERTEX_POINT ( 'NONE', #567 ) ;
#332 = CARTESIAN_POINT ( 'NONE',  ( 1.356844867068215832, 0.04000000000000000083, -0.3521447688439878210 ) ) ;
#333 = CARTESIAN_POINT ( 'NONE',  ( 1.218684230502836252, 0.04000000000000000083, -0.3593604115310506941 ) ) ;
#334 = CARTESIAN_POINT ( 'NONE',  ( 0.8842794793886483706, 0.04000000000000000083, -0.4223117828916387873 ) ) ;
#335 = ORIENTED_EDGE ( 'NONE', *, *, #2376, .T. ) ;
#336 = EDGE_CURVE ( 'NONE', #4589, #5345, #6106, .T. ) ;
#337 = CARTESIAN_POINT ( 'NONE',  ( 1.822573737908640190, 0.000000000000000000, -0.6008886294961445218 ) ) ;
#338 = DIRECTION ( 'NONE',  ( 0.000000000000000000, 0.000000000000000000, -1.000000000000000000 ) ) ;
#339 = EDGE_LOOP ( 'NONE', ( #6601, #7051, #5524, #5326 ) ) ;
#340 = VERTEX_POINT ( 'NONE', #1077 ) ;
#341 = CARTESIAN_POINT ( 'NONE',  ( 0.9695410156249998357, 0.000000000000000000, -0.5987499999999998934 ) ) ;
#342 = CARTESIAN_POINT ( 'NONE',  ( 0.5751446174638729092, 0.000000000000000000, -0.5873022400820337996 ) ) ;
#343 = CARTESIAN_POINT ( 'NONE',  ( 1.388371355229868653, 0.000000000000000000, -0.3702560611866932971 ) ) ;
#344 = PLANE ( 'NONE',  #2983 ) ;
#345 = EDGE_CURVE ( 'NONE', #6759, #4362, #1741, .T. ) ;
#346 = CARTESIAN_POINT ( 'NONE',  ( 2.028791701143876747, 0.04000000000000000083, -0.5065503284010921536 ) ) ;
#347 = CARTESIAN_POINT ( 'NONE',  ( 0.6322486846707069397, 0.000000000000000000, -0.5745289608852465202 ) ) ;
#348 = ORIENTED_EDGE ( 'NONE', *, *, #2087, .T. ) ;
#349 = CARTESIAN_POINT ( 'NONE',  ( 1.844827574780745882, 0.04000000000000000083, -0.5835065871390566761 ) ) ;
#350 = CARTESIAN_POINT ( 'NONE',  ( 1.950842217940071288, 0.04000000000000000083, -0.4420132643240946568 ) ) ;
#351 = CARTESIAN_POINT ( 'NONE',  ( 1.230618034067166189, -0.000000000000000000, -0.3862486395166686570 ) ) ;
#352 = DIRECTION ( 'NONE',  ( 0.000000000000000000, 0.000000000000000000, 1.000000000000000000 ) ) ;
#353 = CARTESIAN_POINT ( 'NONE',  ( 0.8055458715792485069, 0.04000000000000000083, -0.3569883667585909692 ) ) ;
#354 = CARTESIAN_POINT ( 'NONE',  ( 0.5733007812499998357, 0.000000000000000000, -0.5793164062499999156 ) ) ;
#355 = CARTESIAN_POINT ( 'NONE',  ( 0.7952062246936556500, 0.04000000000000000083, -0.3730445017697057719 ) ) ;
#356 = DIRECTION ( 'NONE',  ( 1.000000000000000000, 0.000000000000000000, 0.000000000000000000 ) ) ;
#357 = CARTESIAN_POINT ( 'NONE',  ( 2.045664062500000213, 0.000000000000000000, -0.5987499999999995604 ) ) ;
#358 = CARTESIAN_POINT ( 'NONE',  ( 1.062126162326465506, 0.04000000000000000083, -0.3551710655532034910 ) ) ;
#359 = VECTOR ( 'NONE', #5095, 39.37007874015748143 ) ;
#360 = CARTESIAN_POINT ( 'NONE',  ( 0.8733960098102337977, 0.04000000000000000083, -0.4999697168267204228 ) ) ;
#361 = ORIENTED_EDGE ( 'NONE', *, *, #4936, .F. ) ;
#362 = EDGE_CURVE ( 'NONE', #4729, #3315, #5597, .T. ) ;
#363 = EDGE_LOOP ( 'NONE', ( #7012, #819, #6984, #6407 ) ) ;
#364 = CARTESIAN_POINT ( 'NONE',  ( 0.000000000000000000, 0.000000000000000000, 0.1000000000000000056 ) ) ;
#365 = B_SPLINE_CURVE_WITH_KNOTS ( 'NONE', 3,
 ( #32, #1172, #5653, #5688, #4562, #3373, #5576, #1682, #71, #5542, #7214, #691, #2927, #3409, #6775, #6665, #6120, #6741, #5610 ),
 .UNSPECIFIED., .F., .F.,
 ( 4, 1, 1, 1, 1, 1, 1, 1, 1, 1, 1, 1, 1, 1, 1, 1, 4 ),
 ( 0.000000000000000000, 0.07714614936310129623, 0.1499381227761915070, 0.2170897888682405130, 0.2805324283810447517, 0.3395091479172724913, 0.3961544186739956452, 0.4498685378729490592, 0.5025374121508991987, 0.5546030496780485208, 0.6080656527432225511, 0.6643004721548941838, 0.7229549316894937627, 0.7857435747050119934, 0.8518330876110555838, 0.9237987123834393577, 1.000000000000000000 ),
 .UNSPECIFIED. ) ;
#366 = VECTOR ( 'NONE', #3857, 39.37007874015748143 ) ;
#367 = CARTESIAN_POINT ( 'NONE',  ( 1.054462573673466075, 0.000000000000000000, -0.4749935376684998878 ) ) ;
#368 = CARTESIAN_POINT ( 'NONE',  ( 0.8572547198345604746, 0.000000000000000000, -0.3782187160007872695 ) ) ;
#369 = ORIENTED_EDGE ( 'NONE', *, *, #2595, .F. ) ;
#370 = CARTESIAN_POINT ( 'NONE',  ( 1.817851614616262435, 0.000000000000000000, -0.6017770853324970748 ) ) ;
#371 = AXIS2_PLACEMENT_3D ( 'NONE', #5695, #666, #5047 ) ;
#372 = CARTESIAN_POINT ( 'NONE',  ( 1.280588243424875650, 0.04000000000000000083, -0.5521086004073505471 ) ) ;
#373 = PRODUCT_DEFINITION_SHAPE ( 'NONE', 'NONE',  #2915 ) ;
#374 = VERTEX_POINT ( 'NONE', #2845 ) ;
#375 = ORIENTED_EDGE ( 'NONE', *, *, #3834, .T. ) ;
#376 = ADVANCED_FACE ( 'NONE', ( #3466 ), #518, .T. ) ;
#377 = ORIENTED_EDGE ( 'NONE', *, *, #5200, .T. ) ;
#378 = CARTESIAN_POINT ( 'NONE',  ( 1.002088250510339895, 0.000000000000000000, -0.5740011074891430143 ) ) ;
#379 = CARTESIAN_POINT ( 'NONE',  ( 2.050107421875000391, 0.04000000000000000083, -0.3549999999999996492 ) ) ;
#380 = CARTESIAN_POINT ( 'NONE',  ( 1.274055251591116322, 0.04000000000000000083, -0.5972276466835293451 ) ) ;
#381 = AXIS2_PLACEMENT_3D ( 'NONE', #1250, #6710, #5658 ) ;
#382 = CARTESIAN_POINT ( 'NONE',  ( 1.886200068944279717, 0.000000000000000000, -0.3534409982751858803 ) ) ;
#383 = CARTESIAN_POINT ( 'NONE',  ( 1.976965584326106473, 0.000000000000000000, -0.5773430732139093191 ) ) ;
#384 = CARTESIAN_POINT ( 'NONE',  ( 1.285144627695295139, 0.000000000000000000, -0.5519559003030558575 ) ) ;
#385 = LINE ( 'NONE', #4917, #4350 ) ;
#386 = AXIS2_PLACEMENT_3D ( 'NONE', #3057, #6353, #5269 ) ;
#387 = EDGE_LOOP ( 'NONE', ( #5495, #5771, #1994, #3193 ) ) ;
#388 = EDGE_CURVE ( 'NONE', #1818, #3530, #4515, .T. ) ;
#389 = CARTESIAN_POINT ( 'NONE',  ( 1.855525970477408970, 0.04000000000000000083, -0.5585964546710777689 ) ) ;
#390 = CARTESIAN_POINT ( 'NONE',  ( 1.065000000000000169, 1.476640786499873625, -1.479999999999999982 ) ) ;
#391 = CARTESIAN_POINT ( 'NONE',  ( 0.8216756095633861445, 0.04000000000000000083, -0.5805406895911777720 ) ) ;
#392 = CARTESIAN_POINT ( 'NONE',  ( 2.015787452395758628, 0.000000000000000000, -0.5362838157118136051 ) ) ;
#393 = VECTOR ( 'NONE', #5708, 39.37007874015748143 ) ;
#394 = CARTESIAN_POINT ( 'NONE',  ( 0.5895716821156069543, 0.000000000000000000, -0.6002574358541910016 ) ) ;
#395 = DIRECTION ( 'NONE',  ( 0.000000000000000000, -0.000000000000000000, -1.000000000000000000 ) ) ;
#396 = PRODUCT_RELATED_PRODUCT_CATEGORY ( 'part', '', ( #2503 ) ) ;
#397 = VECTOR ( 'NONE', #4602, 39.37007874015748143 ) ;
#398 = DIRECTION ( 'NONE',  ( -0.000000000000000000, -1.000000000000000000, -0.000000000000000000 ) ) ;
#399 = CARTESIAN_POINT ( 'NONE',  ( 2.134439080147174206, 0.04000000000000000083, -0.5977548188707539900 ) ) ;
#400 = CARTESIAN_POINT ( 'NONE',  ( 0.9059995641012210665, 0.04000000000000000083, -0.4474271371040738909 ) ) ;
#401 = CARTESIAN_POINT ( 'NONE',  ( 2.006280746164528672, 0.04000000000000000083, -0.4230874813009429247 ) ) ;
#402 = CARTESIAN_POINT ( 'NONE',  ( 1.363291015624999769, 0.04000000000000000083, -0.3518749999999997713 ) ) ;
#403 = ORIENTED_EDGE ( 'NONE', *, *, #5954, .T. ) ;
#404 = ORIENTED_EDGE ( 'NONE', *, *, #362, .T. ) ;
#405 = FACE_OUTER_BOUND ( 'NONE', #1129, .T. ) ;
#406 = CARTESIAN_POINT ( 'NONE',  ( 1.230618034067166189, 0.04000000000000000083, -0.3862486395166686570 ) ) ;
#407 = CARTESIAN_POINT ( 'NONE',  ( 0.9330481830605622529, 0.000000000000000000, -0.4549684884317178879 ) ) ;
#408 = ORIENTED_EDGE ( 'NONE', *, *, #6620, .F. ) ;
#409 = CARTESIAN_POINT ( 'NONE',  ( 1.065772239505832220, 0.04000000000000000083, -0.5985845932745829101 ) ) ;
#410 = CARTESIAN_POINT ( 'NONE',  ( 1.285144627695295139, 0.04000000000000000083, -0.5519559003030558575 ) ) ;
#411 = ORIENTED_EDGE ( 'NONE', *, *, #569, .T. ) ;
#412 = ORIENTED_EDGE ( 'NONE', *, *, #6265, .T. ) ;
#413 = CARTESIAN_POINT ( 'NONE',  ( 0.9899208337989379158, 0.000000000000000000, -0.5943890405562933799 ) ) ;
#414 = DIRECTION ( 'NONE',  ( 0.4905473321475661286, 0.000000000000000000, -0.8714145482621374894 ) ) ;
#415 = CARTESIAN_POINT ( 'NONE',  ( 1.287558593749999813, 0.04000000000000000083, -0.5987499999999996714 ) ) ;
#416 = LINE ( 'NONE', #6034, #281 ) ;
#417 = CARTESIAN_POINT ( 'NONE',  ( 2.037521308832894729, 0.04000000000000000083, -0.4602926517293739472 ) ) ;
#418 = EDGE_CURVE ( 'NONE', #2035, #3203, #5025, .T. ) ;
#419 = CARTESIAN_POINT ( 'NONE',  ( 1.260979459275512360, 0.000000000000000000, -0.5622399354113946091 ) ) ;
#420 = CARTESIAN_POINT ( 'NONE',  ( 1.778834221307392660, 0.000000000000000000, -0.5850739842095146193 ) ) ;
#421 = ORIENTED_EDGE ( 'NONE', *, *, #2989, .T. ) ;
#422 = CARTESIAN_POINT ( 'NONE',  ( 1.908212429653283859, 0.000000000000000000, -0.3535862439089139664 ) ) ;
#423 = VERTEX_POINT ( 'NONE', #1126 ) ;
#424 = DIRECTION ( 'NONE',  ( -0.000000000000000000, -1.000000000000000000, -0.000000000000000000 ) ) ;
#425 = B_SPLINE_CURVE_WITH_KNOTS ( 'NONE', 3,
 ( #3321, #2051, #3114, #6442, #1977, #1423, #2772, #3863, #3181, #4991, #2010, #4442, #1461, #5324, #5393, #841, #909, #3697, #320 ),
 .UNSPECIFIED., .F., .F.,
 ( 4, 1, 1, 1, 1, 1, 1, 1, 1, 1, 1, 1, 1, 1, 1, 1, 4 ),
 ( 0.000000000000000000, 0.07590845146816251054, 0.1474840550859257138, 0.2134541939948025602, 0.2759788719411160884, 0.3355619591689266157, 0.3911561481359048242, 0.4456654311375550792, 0.4981128841142004604, 0.5512486429357615902, 0.6047369465968965851, 0.6619600714816530340, 0.7215431587094627286, 0.7838335983447309863, 0.8516025714140789127, 0.9231781750318422963, 0.9999999999999998890 ),
 .UNSPECIFIED. ) ;
#426 = LINE ( 'NONE', #2667, #1694 ) ;
#427 = DIRECTION ( 'NONE',  ( 0.000000000000000000, 0.000000000000000000, -1.000000000000000000 ) ) ;
#428 = EDGE_CURVE ( 'NONE', #4570, #2369, #2185, .T. ) ;
#429 = DIRECTION ( 'NONE',  ( 1.000000000000000000, 0.000000000000000000, 0.000000000000000000 ) ) ;
#430 = CARTESIAN_POINT ( 'NONE',  ( 1.230625000000000302, 0.04000000000000000083, -0.3876171874999997380 ) ) ;
#431 = B_SPLINE_CURVE_WITH_KNOTS ( 'NONE', 3,
 ( #2956, #1413, #1348, #3507, #5278, #761, #866, #5713, #3578, #168, #1894 ),
 .UNSPECIFIED., .F., .F.,
 ( 4, 1, 1, 1, 1, 1, 1, 1, 4 ),
 ( 0.000000000000000000, 0.1332432135820908192, 0.2589903164634679289, 0.3790880935877171121, 0.4964991331462548230, 0.6139266268691171424, 0.7354227434695809196, 0.8627728962915682809, 1.000000000000000000 ),
 .UNSPECIFIED. ) ;
#432 = DIRECTION ( 'NONE',  ( 0.000000000000000000, 0.000000000000000000, -1.000000000000000000 ) ) ;
#433 = LINE ( 'NONE', #2602, #5760 ) ;
#434 = CARTESIAN_POINT ( 'NONE',  ( 9.496423977975779536E-17, 0.2350000000000000144, -0.7300000000000003153 ) ) ;
#435 = CARTESIAN_POINT ( 'NONE',  ( 2.037146969992610135, 0.000000000000000000, -0.5986672849666707652 ) ) ;
#436 = EDGE_CURVE ( 'NONE', #5172, #4865, #6582, .T. ) ;
#437 = CARTESIAN_POINT ( 'NONE',  ( 0.9187404028840812087, 0.000000000000000000, -0.4534274917561681439 ) ) ;
#438 = CARTESIAN_POINT ( 'NONE',  ( 1.389820111149788984, 0.000000000000000000, -0.3768347480884961520 ) ) ;
#439 = ORIENTED_EDGE ( 'NONE', *, *, #6774, .T. ) ;
#440 = ORIENTED_EDGE ( 'NONE', *, *, #1503, .F. ) ;
#441 = DIRECTION ( 'NONE',  ( 0.000000000000000000, 0.000000000000000000, 1.000000000000000000 ) ) ;
#442 = CARTESIAN_POINT ( 'NONE',  ( 1.063547354717262916, 0.04000000000000000083, -0.4647665737124370144 ) ) ;
#443 = CARTESIAN_POINT ( 'NONE',  ( 2.123154296875000124, 0.04000000000000000083, -0.3549999999999996492 ) ) ;
#444 = ORIENTED_EDGE ( 'NONE', *, *, #4792, .T. ) ;
#445 = CARTESIAN_POINT ( 'NONE',  ( 2.050107421875000391, 0.04000000000000000083, -0.3549999999999996492 ) ) ;
#446 = CARTESIAN_POINT ( 'NONE',  ( 1.274204517064337905, 0.04000000000000000083, -0.5533191483123868215 ) ) ;
#447 = VERTEX_POINT ( 'NONE', #1010 ) ;
#448 = VERTEX_POINT ( 'NONE', #3945 ) ;
#449 = CARTESIAN_POINT ( 'NONE',  ( 2.127212385980685294, 0.000000000000000000, -0.3551053176900343389 ) ) ;
#450 = B_SPLINE_SURFACE_WITH_KNOTS ( 'NONE', 3, 1, ( 
 ( #5251, #3112 ),
 ( #839, #3076 ),
 ( #5287, #1902 ),
 ( #4273, #1975 ),
 ( #4710, #3655 ),
 ( #4132, #5868 ),
 ( #6475, #3549 ),
 ( #210, #2526 ),
 ( #4747, #4201 ),
 ( #6403, #1421 ),
 ( #6926, #3145 ),
 ( #6440, #2559 ),
 ( #1459, #3694 ),
 ( #5355, #4668 ),
 ( #350, #5797 ),
 ( #1355, #2594 ),
 ( #7031, #4817 ),
 ( #5762, #770 ),
 ( #244, #5216 ) ),
 .UNSPECIFIED., .F., .F., .F.,
 ( 4, 1, 1, 1, 1, 1, 1, 1, 1, 1, 1, 1, 1, 1, 1, 1, 4 ),
 ( 2, 2 ),
 ( 0.000000000000000000, 0.07205155789532320665, 0.1406111398498058052, 0.2065436538052974891, 0.2701730840707983750, 0.3315127924838082163, 0.3916518316918413123, 0.4502372417809887839, 0.5077259467624031242, 0.5658694124620984311, 0.6231479203778079734, 0.6820366219334124125, 0.7413773542704203967, 0.8025565150096127809, 0.8662558997775221536, 0.9317252083619433911, 1.000000000000000000 ),
 ( 0.000000000000000000, 1.000000000000000000 ),
 .UNSPECIFIED. ) ;
#451 = CARTESIAN_POINT ( 'NONE',  ( 1.561292444776149146, 0.000000000000000000, -0.3564675833465724697 ) ) ;
#452 = B_SPLINE_CURVE_WITH_KNOTS ( 'NONE', 3,
 ( #3460, #4469, #5054, #4433, #6642, #6098, #4572, #5627, #6681, #6134, #2875 ),
 .UNSPECIFIED., .F., .F.,
 ( 4, 1, 1, 1, 1, 1, 1, 1, 4 ),
 ( 0.000000000000000000, 0.1065231786078187359, 0.2098636730112684035, 0.3165417078732684630, 0.4305558932821824669, 0.5527832733586784952, 0.6846266747745565207, 0.8329156505530146415, 1.000000000000000000 ),
 .UNSPECIFIED. ) ;
#453 = CARTESIAN_POINT ( 'NONE',  ( 1.264231652782878523, 0.04000000000000000083, -0.5919417975870766568 ) ) ;
#454 = CARTESIAN_POINT ( 'NONE',  ( 1.896144909289979363, -0.000000000000000000, -0.3519628643883402908 ) ) ;
#455 = CARTESIAN_POINT ( 'NONE',  ( 1.572469867068216232, 0.04000000000000000083, -0.3521447688439878210 ) ) ;
#456 = CARTESIAN_POINT ( 'NONE',  ( 1.682201444768099075, 0.000000000000000000, -0.5735471527621130994 ) ) ;
#457 = CARTESIAN_POINT ( 'NONE',  ( 1.772922235427479176, 0.000000000000000000, -0.5741973516797700405 ) ) ;
#458 = ORIENTED_EDGE ( 'NONE', *, *, #7062, .F. ) ;
#459 = CARTESIAN_POINT ( 'NONE',  ( 1.854008865363889313, 0.04000000000000000083, -0.5624299620574714220 ) ) ;
#460 = ORIENTED_EDGE ( 'NONE', *, *, #6877, .T. ) ;
#461 = CARTESIAN_POINT ( 'NONE',  ( 1.703964843750000124, 0.04000000000000000083, -0.4032910156249995826 ) ) ;
#462 = CARTESIAN_POINT ( 'NONE',  ( 0.8603613281249998801, 0.04000000000000000083, -0.3832226562499999045 ) ) ;
#463 = EDGE_CURVE ( 'NONE', #5970, #995, #7171, .T. ) ;
#464 = CARTESIAN_POINT ( 'NONE',  ( 0.7588410616037855050, 0.000000000000000000, -0.6003205438679221073 ) ) ;
#465 = CARTESIAN_POINT ( 'NONE',  ( 1.365000000000000657, 1.476640786499873625, -0.8800000000000002265 ) ) ;
#466 = CARTESIAN_POINT ( 'NONE',  ( 0.5807822090916746616, 0.000000000000000000, -0.5947535105735504146 ) ) ;
#467 = CARTESIAN_POINT ( 'NONE',  ( 1.224875781725351054, 0.04000000000000000083, -0.3649642970146215193 ) ) ;
#468 = EDGE_CURVE ( 'NONE', #2716, #2654, #762, .T. ) ;
#469 = CARTESIAN_POINT ( 'NONE',  ( 1.951765115097809922, 0.000000000000000000, -0.4070723292815294769 ) ) ;
#470 = LINE ( 'NONE', #4756, #4946 ) ;
#471 = CARTESIAN_POINT ( 'NONE',  ( 2.007465425319257424, 0.000000000000000000, -0.5950254687635102568 ) ) ;
#472 = CARTESIAN_POINT ( 'NONE',  ( 2.017336121140453464, 0.04000000000000000083, -0.4065570058869527048 ) ) ;
#473 = CARTESIAN_POINT ( 'NONE',  ( 0.9007091230358275080, 0.000000000000000000, -0.5549687012719919377 ) ) ;
#474 = CARTESIAN_POINT ( 'NONE',  ( 1.066425432574315879, -0.000000000000000000, -0.3550593750210382926 ) ) ;
#475 = B_SPLINE_CURVE_WITH_KNOTS ( 'NONE', 3,
 ( #4035, #699, #144, #6713, #6236, #5088, #1143, #3962, #4568, #2317, #6781 ),
 .UNSPECIFIED., .F., .F.,
 ( 4, 1, 1, 1, 1, 1, 1, 1, 4 ),
 ( 0.000000000000000000, 0.1052319956247327742, 0.2099207363944509408, 0.3151316187611962749, 0.4282585792776819611, 0.5499567684531201373, 0.6813119106234840627, 0.8304852996578296898, 1.000000000000000000 ),
 .UNSPECIFIED. ) ;
#476 = ORIENTED_EDGE ( 'NONE', *, *, #3990, .F. ) ;
#477 = EDGE_CURVE ( 'NONE', #2336, #3158, #4410, .T. ) ;
#478 = EDGE_LOOP ( 'NONE', ( #5469, #1087, #4905, #5312 ) ) ;
#479 = DIRECTION ( 'NONE',  ( -0.4951032688626735845, 0.000000000000000000, -0.8688341344361968366 ) ) ;
#480 = CARTESIAN_POINT ( 'NONE',  ( 1.206495198036625194, 0.04000000000000000083, -0.3554148888787587723 ) ) ;
#481 = DIRECTION ( 'NONE',  ( 0.000000000000000000, 0.000000000000000000, 1.000000000000000000 ) ) ;
#482 = ORIENTED_EDGE ( 'NONE', *, *, #4855, .F. ) ;
#483 = CARTESIAN_POINT ( 'NONE',  ( 1.047429110027002341, 0.000000000000000000, -0.5890032691636850615 ) ) ;
#484 = LINE ( 'NONE', #2068, #964 ) ;
#485 = ORIENTED_EDGE ( 'NONE', *, *, #129, .T. ) ;
#486 = VECTOR ( 'NONE', #5607, 39.37007874015748143 ) ;
#487 = ORIENTED_EDGE ( 'NONE', *, *, #1900, .T. ) ;
#488 = LINE ( 'NONE', #3138, #4824 ) ;
#489 = CARTESIAN_POINT ( 'NONE',  ( 1.333833348515246486, 0.04000000000000000083, -0.3816677524541000066 ) ) ;
#490 = FACE_OUTER_BOUND ( 'NONE', #1403, .T. ) ;
#491 = LINE ( 'NONE', #5531, #2273 ) ;
#492 = CARTESIAN_POINT ( 'NONE',  ( 0.7993749999999999467, 0.000000000000000000, -0.5294628906249999600 ) ) ;
#493 = CARTESIAN_POINT ( 'NONE',  ( 0.5879492187499998357, 0.04000000000000000083, -0.5476269531249998712 ) ) ;
#494 = VECTOR ( 'NONE', #6163, 39.37007874015748854 ) ;
#495 = CARTESIAN_POINT ( 'NONE',  ( 1.274204517064337905, 0.04000000000000000083, -0.5533191483123868215 ) ) ;
#496 = CARTESIAN_POINT ( 'NONE',  ( 1.986414966741246513, 0.000000000000000000, -0.4887240528988435750 ) ) ;
#497 = ORIENTED_EDGE ( 'NONE', *, *, #2899, .T. ) ;
#498 = CARTESIAN_POINT ( 'NONE',  ( 1.848820844853678480, 0.04000000000000000083, -0.5755180061211363496 ) ) ;
#499 = CARTESIAN_POINT ( 'NONE',  ( 1.702199551826487411, 0.04000000000000000083, -0.3989447913867669726 ) ) ;
#500 = VECTOR ( 'NONE', #2384, 39.37007874015748143 ) ;
#501 = PLANE ( 'NONE',  #1216 ) ;
#502 = CARTESIAN_POINT ( 'NONE',  ( 0.7742552463041310062, -0.000000000000000000, -0.5801756533029216456 ) ) ;
#503 = CARTESIAN_POINT ( 'NONE',  ( 0.7540556099053278283, 0.04000000000000000083, -0.6016278692608959533 ) ) ;
#504 = CARTESIAN_POINT ( 'NONE',  ( 1.365000000000000435, 0.2350000000000000144, -1.180000000000000160 ) ) ;
#505 = VECTOR ( 'NONE', #1946, 39.37007874015748143 ) ;
#506 = CIRCLE ( 'NONE', #5057, 0.4499999999999999556 ) ;
#507 = CARTESIAN_POINT ( 'NONE',  ( 0.8121398830521782131, 0.000000000000000000, -0.3536651290865462927 ) ) ;
#508 = ADVANCED_FACE ( 'NONE', ( #6111 ), #2745, .T. ) ;
#509 = B_SPLINE_CURVE_WITH_KNOTS ( 'NONE', 3,
 ( #3752, #5421, #1594, #2656, #4875, #2107, #451, #3827, #2692, #1554, #3861 ),
 .UNSPECIFIED., .F., .F.,
 ( 4, 1, 1, 1, 1, 1, 1, 1, 4 ),
 ( 0.000000000000000000, 0.1443286686721435008, 0.2759097428990065493, 0.3964775567162263648, 0.5136537139577205258, 0.6289765551232102681, 0.7436735563613431355, 0.8664160992359852820, 0.9999999999999998890 ),
 .UNSPECIFIED. ) ;
#510 = VECTOR ( 'NONE', #481, 39.37007874015748143 ) ;
#511 = CARTESIAN_POINT ( 'NONE',  ( 1.814548903066818486, 0.04000000000000000083, -0.6018417614390058068 ) ) ;
#512 = CARTESIAN_POINT ( 'NONE',  ( 1.062151284031599863, 0.000000000000000000, -0.3985956711228215710 ) ) ;
#513 = CARTESIAN_POINT ( 'NONE',  ( 1.990244140625000213, 0.000000000000000000, -0.5876660156249995381 ) ) ;
#514 = CARTESIAN_POINT ( 'NONE',  ( 0.8733496093749999467, 0.04000000000000000083, -0.5516308593749998934 ) ) ;
#515 = CARTESIAN_POINT ( 'NONE',  ( 0.8903237402554670110, 0.04000000000000000083, -0.5545238095568543191 ) ) ;
#516 = CARTESIAN_POINT ( 'NONE',  ( 1.068710937500000124, 0.000000000000000000, -0.3549999999999997602 ) ) ;
#517 = EDGE_CURVE ( 'NONE', #2525, #5875, #668, .T. ) ;
#518 = B_SPLINE_SURFACE_WITH_KNOTS ( 'NONE', 3, 1, ( 
 ( #6142, #1706 ),
 ( #6177, #1192 ),
 ( #4550, #6213 ),
 ( #3940, #3429 ),
 ( #6761, #1774 ),
 ( #1156, #603 ),
 ( #1231, #3394 ),
 ( #2882, #2295 ),
 ( #5063, #5636 ),
 ( #5100, #93 ),
 ( #4010, #57 ) ),
 .UNSPECIFIED., .F., .F., .F.,
 ( 4, 1, 1, 1, 1, 1, 1, 1, 4 ),
 ( 2, 2 ),
 ( 0.000000000000000000, 0.1065231786078185555, 0.2098636730112660442, 0.3165417078732658540, 0.4305558932821839657, 0.5527832733586797165, 0.6846266747745634040, 0.8329156505530150856, 1.000000000000000000 ),
 ( 0.000000000000000000, 1.000000000000000000 ),
 .UNSPECIFIED. ) ;
#519 = AXIS2_PLACEMENT_3D ( 'NONE', #5436, #1137, #3844 ) ;
#520 = ORIENTED_EDGE ( 'NONE', *, *, #1410, .T. ) ;
#521 = ORIENTED_EDGE ( 'NONE', *, *, #3352, .F. ) ;
#522 = DIRECTION ( 'NONE',  ( -1.000000000000000000, -0.000000000000000000, -0.000000000000000000 ) ) ;
#523 = CARTESIAN_POINT ( 'NONE',  ( 0.8952528546784480623, 0.000000000000000000, -0.5548514548279475100 ) ) ;
#524 = CARTESIAN_POINT ( 'NONE',  ( 0.8592821136033946816, -0.000000000000000000, -0.3814843215526982356 ) ) ;
#525 = LINE ( 'NONE', #3934, #952 ) ;
#526 = ADVANCED_FACE ( 'NONE', ( #2886 ), #6321, .T. ) ;
#527 = DIRECTION ( 'NONE',  ( -0.000000000000000000, -1.000000000000000000, -0.000000000000000000 ) ) ;
#528 = VERTEX_POINT ( 'NONE', #5104 ) ;
#529 = ORIENTED_EDGE ( 'NONE', *, *, #1863, .T. ) ;
#530 = CARTESIAN_POINT ( 'NONE',  ( 2.152611374859917603, 0.04000000000000000083, -0.5837923963021980356 ) ) ;
#531 = PLANE ( 'NONE',  #253 ) ;
#532 = CARTESIAN_POINT ( 'NONE',  ( 1.257021123046561772, 0.04000000000000000083, -0.5797950049923457083 ) ) ;
#533 = CARTESIAN_POINT ( 'NONE',  ( 1.682039575201084824, 0.000000000000000000, -0.5703224049498253345 ) ) ;
#534 = DIRECTION ( 'NONE',  ( -1.000000000000000000, 0.000000000000000000, -0.000000000000000000 ) ) ;
#535 = CARTESIAN_POINT ( 'NONE',  ( 1.466660156249999902, 0.04000000000000000083, -0.5752148437499997602 ) ) ;
#536 = ADVANCED_FACE ( 'NONE', ( #2849 ), #3433, .F. ) ;
#537 = CARTESIAN_POINT ( 'NONE',  ( 1.696362596534189526, 0.000000000000000000, -0.3754299059923441040 ) ) ;
#538 = EDGE_CURVE ( 'NONE', #2708, #6941, #6766, .T. ) ;
#539 = B_SPLINE_CURVE_WITH_KNOTS ( 'NONE', 3,
 ( #3963, #3382, #2389, #1836, #3417, #4608, #5121, #6164, #6821, #1288, #6750, #1180, #5049 ),
 .UNSPECIFIED., .F., .F.,
 ( 4, 1, 1, 1, 1, 1, 1, 1, 1, 1, 4 ),
 ( 0.000000000000000000, 0.1549279365243248219, 0.2862814253179071788, 0.4038509163743136399, 0.5220041373664416895, 0.6369987327829325086, 0.7507856361623140851, 0.8080983667690785355, 0.8679110618459845439, 0.9317304377842668961, 1.000000000000000000 ),
 .UNSPECIFIED. ) ;
#540 = CARTESIAN_POINT ( 'NONE',  ( 1.682079730355532377, 0.04000000000000000083, -0.5802879112056273936 ) ) ;
#541 = EDGE_LOOP ( 'NONE', ( #1281, #6464, #458, #2613 ) ) ;
#542 = CARTESIAN_POINT ( 'NONE',  ( 1.920436430701098152, 0.000000000000000000, -0.3939406800739869707 ) ) ;
#543 = CARTESIAN_POINT ( 'NONE',  ( 1.699293453792262820, 0.04000000000000000083, -0.3910235255057066817 ) ) ;
#544 = DIRECTION ( 'NONE',  ( 0.000000000000000000, -0.000000000000000000, -1.000000000000000000 ) ) ;
#545 = CARTESIAN_POINT ( 'NONE',  ( 0.7490332031249997691, 0.000000000000000000, -0.6018749999999998268 ) ) ;
#546 = CARTESIAN_POINT ( 'NONE',  ( 1.549374999999999725, 0.000000000000000000, -0.5518749999999997824 ) ) ;
#547 = CARTESIAN_POINT ( 'NONE',  ( 0.5733388621817859798, 0.000000000000000000, -0.5782558335504808245 ) ) ;
#548 = CARTESIAN_POINT ( 'NONE',  ( 1.209945750060014813, 0.04000000000000000083, -0.3560773972325323999 ) ) ;
#549 = FACE_OUTER_BOUND ( 'NONE', #4730, .T. ) ;
#550 = CARTESIAN_POINT ( 'NONE',  ( 1.700616715185792049, 0.000000000000000000, -0.3948171870087923696 ) ) ;
#551 = CARTESIAN_POINT ( 'NONE',  ( 1.766367187499999991, 0.000000000000000000, -0.5573437499999995826 ) ) ;
#552 = CARTESIAN_POINT ( 'NONE',  ( 2.007465425319257424, 0.04000000000000000083, -0.5950254687635102568 ) ) ;
#553 = CARTESIAN_POINT ( 'NONE',  ( 2.005625000000000213, 0.000000000000000000, -0.4304882812499996048 ) ) ;
#554 = CARTESIAN_POINT ( 'NONE',  ( 0.9236965390493614425, 0.000000000000000000, -0.4542960171287283022 ) ) ;
#555 = DIRECTION ( 'NONE',  ( -0.000000000000000000, -1.000000000000000000, -0.000000000000000000 ) ) ;
#556 = ORIENTED_EDGE ( 'NONE', *, *, #3352, .T. ) ;
#557 = ORIENTED_EDGE ( 'NONE', *, *, #5472, .F. ) ;
#558 = CARTESIAN_POINT ( 'NONE',  ( 1.963362791932468765, 0.04000000000000000083, -0.5557631974315553336 ) ) ;
#559 = CARTESIAN_POINT ( 'NONE',  ( 1.472649872294380380, 0.04000000000000000083, -0.5706365735033217534 ) ) ;
#560 = ADVANCED_FACE ( 'NONE', ( #1303 ), #6627, .T. ) ;
#561 = CARTESIAN_POINT ( 'NONE',  ( 1.726882376542016706, 0.04000000000000000083, -0.3519061845898462382 ) ) ;
#562 = CARTESIAN_POINT ( 'NONE',  ( 1.065772239505832220, 0.000000000000000000, -0.5985845932745829101 ) ) ;
#563 = CARTESIAN_POINT ( 'NONE',  ( 0.8557770855074384730, 0.04000000000000000083, -0.5204076692650108082 ) ) ;
#564 = ORIENTED_EDGE ( 'NONE', *, *, #3803, .T. ) ;
#565 = ORIENTED_EDGE ( 'NONE', *, *, #4540, .T. ) ;
#566 = CARTESIAN_POINT ( 'NONE',  ( 2.152611374859917603, 0.000000000000000000, -0.5837923963021980356 ) ) ;
#567 = CARTESIAN_POINT ( 'NONE',  ( 1.039658203125000124, 0.000000000000000000, -0.3767285156249997602 ) ) ;
#568 = CARTESIAN_POINT ( 'NONE',  ( 0.8904394531249999467, 0.04000000000000000083, -0.5987499999999998934 ) ) ;
#569 = EDGE_CURVE ( 'NONE', #6460, #978, #127, .T. ) ;
#570 = PLANE ( 'NONE',  #4137 ) ;
#571 = CARTESIAN_POINT ( 'NONE',  ( 2.729999999999999982, 0.1350000000000000089, 0.000000000000000000 ) ) ;
#572 = CARTESIAN_POINT ( 'NONE',  ( 1.572469867068216232, 0.000000000000000000, -0.3521447688439878210 ) ) ;
#573 = CARTESIAN_POINT ( 'NONE',  ( 0.8002543360456625399, 0.04000000000000000083, -0.5165785253627015461 ) ) ;
#574 = CARTESIAN_POINT ( 'NONE',  ( 0.6127908237150864190, 0.04000000000000000083, -0.5991057295446675646 ) ) ;
#575 = ORIENTED_EDGE ( 'NONE', *, *, #4276, .T. ) ;
#576 = CARTESIAN_POINT ( 'NONE',  ( 1.980235860394018443, 0.04000000000000000083, -0.3686997713500977936 ) ) ;
#577 = ORIENTED_EDGE ( 'NONE', *, *, #1721, .T. ) ;
#578 = LINE ( 'NONE', #6659, #4810 ) ;
#579 = CARTESIAN_POINT ( 'NONE',  ( 2.038224454246524875, 0.000000000000000000, -0.5530999383869693586 ) ) ;
#580 = EDGE_CURVE ( 'NONE', #6993, #3418, #2334, .T. ) ;
#581 = DIRECTION ( 'NONE',  ( -0.000000000000000000, -1.000000000000000000, -0.000000000000000000 ) ) ;
#582 = CARTESIAN_POINT ( 'NONE',  ( 2.015146484375000213, 0.04000000000000000083, -0.5293164062499996492 ) ) ;
#583 = CARTESIAN_POINT ( 'NONE',  ( 1.068710937500000124, 0.04000000000000000083, -0.3987499999999997158 ) ) ;
#584 = CARTESIAN_POINT ( 'NONE',  ( 0.5879492187499998357, 0.04000000000000000083, -0.5476269531249998712 ) ) ;
#585 = CARTESIAN_POINT ( 'NONE',  ( 2.054208984375000213, 0.04000000000000000083, -0.4612499999999996048 ) ) ;
#586 = CARTESIAN_POINT ( 'NONE',  ( 1.041354952032193193, 0.000000000000000000, -0.3851523636866254763 ) ) ;
#587 = DIRECTION ( 'NONE',  ( -0.000000000000000000, -1.000000000000000000, -0.000000000000000000 ) ) ;
#588 = CARTESIAN_POINT ( 'NONE',  ( 2.155625000000000124, 0.000000000000000000, -0.3876171874999996270 ) ) ;
#589 = CARTESIAN_POINT ( 'NONE',  ( 1.472464987932752045, 0.04000000000000000083, -0.5767569221631013709 ) ) ;
#590 = CARTESIAN_POINT ( 'NONE',  ( 2.015146484375000213, 0.04000000000000000083, -0.5293164062499996492 ) ) ;
#591 = LINE ( 'NONE', #2833, #3654 ) ;
#592 = EDGE_LOOP ( 'NONE', ( #5337, #7111, #6687, #3250 ) ) ;
#593 = ORIENTED_EDGE ( 'NONE', *, *, #6433, .T. ) ;
#594 = CARTESIAN_POINT ( 'NONE',  ( 0.9462499999999999245, 0.000000000000000000, -0.3836132812499999378 ) ) ;
#595 = CARTESIAN_POINT ( 'NONE',  ( 1.474148470578387604, 0.04000000000000000083, -0.5662579296143110952 ) ) ;
#596 = DIRECTION ( 'NONE',  ( 0.000000000000000000, 0.000000000000000000, 1.000000000000000000 ) ) ;
#597 = CARTESIAN_POINT ( 'NONE',  ( 0.8793554687499999245, 0.000000000000000000, -0.4145703124999998712 ) ) ;
#598 = CARTESIAN_POINT ( 'NONE',  ( 1.439267578124999725, 0.04000000000000000083, -0.5518749999999997824 ) ) ;
#599 = ADVANCED_FACE ( 'NONE', ( #199 ), #3504, .T. ) ;
#600 = ORIENTED_EDGE ( 'NONE', *, *, #5093, .F. ) ;
#601 = VERTEX_POINT ( 'NONE', #4117 ) ;
#602 = CARTESIAN_POINT ( 'NONE',  ( 2.149690364888182437, 0.04000000000000000083, -0.5889161566075566956 ) ) ;
#603 = CARTESIAN_POINT ( 'NONE',  ( 1.480008706977417710, 0.000000000000000000, -0.5585927161988891720 ) ) ;
#604 = CARTESIAN_POINT ( 'NONE',  ( 0.9504173665070517751, 0.04000000000000000083, -0.3648189040991775545 ) ) ;
#605 = CARTESIAN_POINT ( 'NONE',  ( 1.389999999999999680, 0.000000000000000000, -0.5518749999999997824 ) ) ;
#606 = CARTESIAN_POINT ( 'NONE',  ( 2.016704755238749147, 0.04000000000000000083, -0.5393522598608423424 ) ) ;
#607 = CARTESIAN_POINT ( 'NONE',  ( 1.459800524509937691, 0.04000000000000000083, -0.5581541451412856958 ) ) ;
#608 = AXIS2_PLACEMENT_3D ( 'NONE', #1294, #1225, #6171 ) ;
#609 = CARTESIAN_POINT ( 'NONE',  ( 0.6203407292298560582, 0.000000000000000000, -0.5928229463476700767 ) ) ;
#610 = EDGE_CURVE ( 'NONE', #3177, #634, #6182, .T. ) ;
#611 = ORIENTED_EDGE ( 'NONE', *, *, #7124, .T. ) ;
#612 = CARTESIAN_POINT ( 'NONE',  ( 1.958669566567271314, 0.04000000000000000083, -0.3908094743637777202 ) ) ;
#613 = ORIENTED_EDGE ( 'NONE', *, *, #948, .T. ) ;
#614 = CARTESIAN_POINT ( 'NONE',  ( 1.203746463890863483, 0.04000000000000000083, -0.5986846865552737373 ) ) ;
#615 = CARTESIAN_POINT ( 'NONE',  ( 2.021843089826644846, 0.000000000000000000, -0.5466887058288432133 ) ) ;
#616 = VECTOR ( 'NONE', #6408, 39.37007874015748143 ) ;
#617 = CARTESIAN_POINT ( 'NONE',  ( 1.891963633245867804, 0.000000000000000000, -0.3521258910859721425 ) ) ;
#618 = CARTESIAN_POINT ( 'NONE',  ( 1.682039575201084824, 0.04000000000000000083, -0.5703224049498253345 ) ) ;
#619 = CARTESIAN_POINT ( 'NONE',  ( 1.066440298640550344, 0.04000000000000000083, -0.3986965787106978021 ) ) ;
#620 = CARTESIAN_POINT ( 'NONE',  ( 0.5733007812499998357, 0.04000000000000000083, -0.5793164062499999156 ) ) ;
#621 = ADVANCED_FACE ( 'NONE', ( #6218 ), #802, .T. ) ;
#622 = CARTESIAN_POINT ( 'NONE',  ( 0.8368182805491488629, 0.000000000000000000, -0.5902336085823819412 ) ) ;
#623 = CARTESIAN_POINT ( 'NONE',  ( 1.696765627192600379, 0.000000000000000000, -0.3816033850089007307 ) ) ;
#624 = CARTESIAN_POINT ( 'NONE',  ( 1.898398437500000036, 0.04000000000000000083, -0.3518749999999996603 ) ) ;
#625 = CARTESIAN_POINT ( 'NONE',  ( 2.014140831531316511, 0.04000000000000000083, -0.5964726633289825219 ) ) ;
#626 = VECTOR ( 'NONE', #6728, 39.37007874015748143 ) ;
#627 = CARTESIAN_POINT ( 'NONE',  ( 0.7664263473390584558, 0.04000000000000000083, -0.5570386244605705084 ) ) ;
#628 = FACE_OUTER_BOUND ( 'NONE', #2728, .T. ) ;
#629 = CARTESIAN_POINT ( 'NONE',  ( 0.7964724458484541136, 0.000000000000000000, -0.3804545671676103358 ) ) ;
#630 = EDGE_CURVE ( 'NONE', #3835, #1488, #4928, .T. ) ;
#631 = EDGE_CURVE ( 'NONE', #3835, #5346, #5891, .T. ) ;
#632 = CIRCLE ( 'NONE', #2623, 0.4499999999999999556 ) ;
#633 = ORIENTED_EDGE ( 'NONE', *, *, #2567, .T. ) ;
#634 = VERTEX_POINT ( 'NONE', #926 ) ;
#635 = CARTESIAN_POINT ( 'NONE',  ( 1.496213243424875827, 0.04000000000000000083, -0.5521086004073505471 ) ) ;
#636 = CARTESIAN_POINT ( 'NONE',  ( 0.9758398437499998801, 0.04000000000000000083, -0.3518749999999999378 ) ) ;
#637 = CARTESIAN_POINT ( 'NONE',  ( 2.123154296875000124, 0.000000000000000000, -0.3549999999999996492 ) ) ;
#638 = VECTOR ( 'NONE', #5860, 39.37007874015748143 ) ;
#639 = CARTESIAN_POINT ( 'NONE',  ( 0.8645868836782892863, 0.04000000000000000083, -0.5045809187365981607 ) ) ;
#640 = VERTEX_POINT ( 'NONE', #2614 ) ;
#641 = VERTEX_POINT ( 'NONE', #4837 ) ;
#642 = CARTESIAN_POINT ( 'NONE',  ( 2.143321193362923260, 0.04000000000000000083, -0.5945022981373065951 ) ) ;
#643 = DIRECTION ( 'NONE',  ( -0.000000000000000000, -1.000000000000000000, -0.000000000000000000 ) ) ;
#644 = CIRCLE ( 'NONE', #5865, 0.2999999999999999334 ) ;
#645 = CARTESIAN_POINT ( 'NONE',  ( 0.8733496093749999467, 0.000000000000000000, -0.5516308593749998934 ) ) ;
#646 = CARTESIAN_POINT ( 'NONE',  ( 0.9758398437499998801, 0.04000000000000000083, -0.3518749999999999378 ) ) ;
#647 = CARTESIAN_POINT ( 'NONE',  ( 0.9695410156249998357, 0.04000000000000000083, -0.5987499999999998934 ) ) ;
#648 = CARTESIAN_POINT ( 'NONE',  ( 1.780722656250000258, 0.04000000000000000083, -0.4549999999999996270 ) ) ;
#649 = CARTESIAN_POINT ( 'NONE',  ( 0.6067912039506536681, 0.000000000000000000, -0.6012846810752078275 ) ) ;
#650 = ORIENTED_EDGE ( 'NONE', *, *, #3485, .T. ) ;
#651 = DIRECTION ( 'NONE',  ( 0.3665245183824903386, 0.000000000000000000, 0.9304083928170915341 ) ) ;
#652 = EDGE_LOOP ( 'NONE', ( #369, #1751, #1000, #178 ) ) ;
#653 = CARTESIAN_POINT ( 'NONE',  ( 0.8518261953447646695, 0.04000000000000000083, -0.3697119835800934950 ) ) ;
#654 = ORIENTED_EDGE ( 'NONE', *, *, #1150, .T. ) ;
#655 = CARTESIAN_POINT ( 'NONE',  ( 0.8586624512723852742, 0.000000000000000000, -0.5112501439127175029 ) ) ;
#656 = CARTESIAN_POINT ( 'NONE',  ( 1.594402831496326112, 0.000000000000000000, -0.3563179182539749634 ) ) ;
#657 = EDGE_CURVE ( 'NONE', #3276, #1388, #1978, .T. ) ;
#658 = APPLICATION_PROTOCOL_DEFINITION ( 'draft international standard', 'automotive_design', 1998, #718 ) ;
#659 = DIRECTION ( 'NONE',  ( -0.000000000000000000, -1.000000000000000000, -0.000000000000000000 ) ) ;
#660 = CARTESIAN_POINT ( 'NONE',  ( 1.924287721510634430, 0.04000000000000000083, -0.3783636088978165057 ) ) ;
#661 = CARTESIAN_POINT ( 'NONE',  ( 2.480000000000000870, 0.07000000000000083933, 0.000000000000000000 ) ) ;
#662 = CARTESIAN_POINT ( 'NONE',  ( 1.068710937500000124, 0.04000000000000000083, -0.3549999999999997602 ) ) ;
#663 = EDGE_CURVE ( 'NONE', #925, #2033, #825, .T. ) ;
#664 = CARTESIAN_POINT ( 'NONE',  ( 1.769651190987989509, 0.000000000000000000, -0.5658675403408567339 ) ) ;
#665 = CARTESIAN_POINT ( 'NONE',  ( 1.960117187500000080, 0.04000000000000000083, -0.5361523437499996492 ) ) ;
#666 = DIRECTION ( 'NONE',  ( 0.000000000000000000, 0.000000000000000000, -1.000000000000000000 ) ) ;
#667 = CARTESIAN_POINT ( 'NONE',  ( 1.072421875000000080, 0.04000000000000000083, -0.5987499999999996714 ) ) ;
#668 = B_SPLINE_CURVE_WITH_KNOTS ( 'NONE', 3,
 ( #6002, #2695, #4914, #3575, #5676, #5710, #1817, #3470, #5746, #2951, #5169 ),
 .UNSPECIFIED., .F., .F.,
 ( 4, 1, 1, 1, 1, 1, 1, 1, 4 ),
 ( 0.000000000000000000, 0.09990234309578110983, 0.2055257709835192903, 0.3175884476016677116, 0.4369754934762788423, 0.5643433826929643571, 0.7008555280647251751, 0.8457252162657428185, 1.000000000000000000 ),
 .UNSPECIFIED. ) ;
#669 = ORIENTED_EDGE ( 'NONE', *, *, #6608, .T. ) ;
#670 = VERTEX_POINT ( 'NONE', #6573 ) ;
#671 = CARTESIAN_POINT ( 'NONE',  ( 2.014608121733580948, 0.000000000000000000, -0.4087424215289235940 ) ) ;
#672 = ADVANCED_FACE ( 'NONE', ( #4906 ), #1693, .T. ) ;
#673 = PLANE ( 'NONE',  #5292 ) ;
#674 = CARTESIAN_POINT ( 'NONE',  ( 1.603996355229868387, 0.04000000000000000083, -0.3702560611866931861 ) ) ;
#675 = CARTESIAN_POINT ( 'NONE',  ( 0.8061553213852260535, 0.04000000000000000083, -0.4028098203996691162 ) ) ;
#676 = ORIENTED_EDGE ( 'NONE', *, *, #3154, .T. ) ;
#677 = CARTESIAN_POINT ( 'NONE',  ( 0.7291058865463236893, 0.04000000000000000083, -0.5950933196900610733 ) ) ;
#678 = CARTESIAN_POINT ( 'NONE',  ( 0.7134863281249997913, 0.000000000000000000, -0.5724804687499998046 ) ) ;
#679 = B_SPLINE_CURVE_WITH_KNOTS ( 'NONE', 3,
 ( #636, #6135, #85, #2910, #3350, #2323, #1700, #5699, #704, #4544, #1659 ),
 .UNSPECIFIED., .F., .F.,
 ( 4, 1, 1, 1, 1, 1, 1, 1, 4 ),
 ( 0.000000000000000000, 0.1269170260353562341, 0.2426831653250985099, 0.3540974449409851066, 0.4653077080320908165, 0.5824615124680044831, 0.7070900444940060314, 0.8455611530334101733, 0.9999999999999998890 ),
 .UNSPECIFIED. ) ;
#680 = CARTESIAN_POINT ( 'NONE',  ( 1.072421875000000080, 0.000000000000000000, -0.5549999999999997158 ) ) ;
#681 = DIRECTION ( 'NONE',  ( -1.000000000000000000, 0.000000000000000000, -1.300879996982982978E-16 ) ) ;
#682 = B_SPLINE_SURFACE_WITH_KNOTS ( 'NONE', 3, 1, ( 
 ( #5844, #6348 ),
 ( #5809, #4789 ),
 ( #1330, #7004 ),
 ( #3564, #3052 ),
 ( #816, #6412 ),
 ( #5264, #2018 ),
 ( #259, #851 ),
 ( #4248, #5775 ),
 ( #3704, #916 ),
 ( #3155, #3090 ),
 ( #5301, #781 ) ),
 .UNSPECIFIED., .F., .F., .F.,
 ( 4, 1, 1, 1, 1, 1, 1, 1, 4 ),
 ( 2, 2 ),
 ( 0.000000000000000000, 0.1429578447943475883, 0.2734518742615031917, 0.3949906705868672652, 0.5124327435092975724, 0.6281863470806294814, 0.7443654094594959192, 0.8667766567902311925, 1.000000000000000000 ),
 ( 0.000000000000000000, 1.000000000000000000 ),
 .UNSPECIFIED. ) ;
#683 = CARTESIAN_POINT ( 'NONE',  ( 1.697299596531865129, 0.04000000000000000083, -0.3844237398705181441 ) ) ;
#684 = CARTESIAN_POINT ( 'NONE',  ( 0.6165612494554562062, 0.000000000000000000, -0.5966986333579186175 ) ) ;
#685 = ORIENTED_EDGE ( 'NONE', *, *, #1729, .T. ) ;
#686 = DIRECTION ( 'NONE',  ( 0.000000000000000000, 0.000000000000000000, -1.000000000000000000 ) ) ;
#687 = CARTESIAN_POINT ( 'NONE',  ( 1.230594783442906293, 0.04000000000000000083, -0.5679089083452334430 ) ) ;
#688 = CARTESIAN_POINT ( 'NONE',  ( 2.042809659202527772, 0.000000000000000000, -0.5537008133252750985 ) ) ;
#689 = CARTESIAN_POINT ( 'NONE',  ( 1.002427180920327343, 0.04000000000000000083, -0.3817505347398806870 ) ) ;
#690 = CARTESIAN_POINT ( 'NONE',  ( 0.7742049891809907880, 0.000000000000000000, -0.5755946444059838463 ) ) ;
#691 = CARTESIAN_POINT ( 'NONE',  ( 2.143321193362923260, 0.000000000000000000, -0.5945022981373065951 ) ) ;
#692 = DIRECTION ( 'NONE',  ( -0.5483253738498512497, 0.000000000000000000, -0.8362650802182408638 ) ) ;
#693 = EDGE_CURVE ( 'NONE', #5697, #925, #2584, .T. ) ;
#694 = B_SPLINE_CURVE_WITH_KNOTS ( 'NONE', 3,
 ( #3147, #2183, #5290, #4408, #5905, #6651, #6615, #4783, #533, #1628, #6405 ),
 .UNSPECIFIED., .F., .F.,
 ( 4, 1, 1, 1, 1, 1, 1, 1, 4 ),
 ( 0.000000000000000000, 0.1561197495600662177, 0.2960134668503227040, 0.4211393597100632213, 0.5386135333322734642, 0.6515989600344560539, 0.7626670123365520970, 0.8772623139253620250, 1.000000000000000000 ),
 .UNSPECIFIED. ) ;
#695 = CARTESIAN_POINT ( 'NONE',  ( 1.174375000000000169, 0.04000000000000000083, -0.4612499999999997713 ) ) ;
#696 = CARTESIAN_POINT ( 'NONE',  ( 0.9945309130506972961, 0.04000000000000000083, -0.5909441995387920699 ) ) ;
#697 = CARTESIAN_POINT ( 'NONE',  ( 1.047413250152736675, 0.04000000000000000083, -0.5647530901664138403 ) ) ;
#698 = CARTESIAN_POINT ( 'NONE',  ( 1.973416091810034745, 0.000000000000000000, -0.5733913833826762563 ) ) ;
#699 = CARTESIAN_POINT ( 'NONE',  ( 1.052978897330901997, -0.000000000000000000, -0.4818628813932483990 ) ) ;
#700 = CARTESIAN_POINT ( 'NONE',  ( 2.099375000000000213, 0.04000000000000000083, -0.4612499999999996048 ) ) ;
#701 = EDGE_CURVE ( 'NONE', #5875, #1388, #1621, .T. ) ;
#702 = ORIENTED_EDGE ( 'NONE', *, *, #701, .T. ) ;
#703 = FACE_OUTER_BOUND ( 'NONE', #5993, .T. ) ;
#704 = CARTESIAN_POINT ( 'NONE',  ( 1.002289071669929088, 0.04000000000000000083, -0.3771063410118129511 ) ) ;
#705 = CARTESIAN_POINT ( 'NONE',  ( 1.605624999999999858, 0.04000000000000000083, -0.3840527343749997602 ) ) ;
#706 = B_SPLINE_CURVE_WITH_KNOTS ( 'NONE', 3,
 ( #5438, #2675, #7112, #5784, #4079, #6909, #6870, #3025, #6282, #2513, #1302, #3534, #5743, #2991, #1341, #4116, #3573, #231, #6161 ),
 .UNSPECIFIED., .F., .F.,
 ( 4, 1, 1, 1, 1, 1, 1, 1, 1, 1, 1, 1, 1, 1, 1, 1, 4 ),
 ( 0.000000000000000000, 0.05905386983810188145, 0.1149064111471858468, 0.1683363985828629783, 0.2188218083615692255, 0.2690138084820254960, 0.3183377085301799525, 0.3685130492486877740, 0.4209320508175067310, 0.4760462544031611176, 0.5352556472514578001, 0.5992555639452635807, 0.6682508859597999784, 0.7425064992799548236, 0.8221474463707814095, 0.9081608615279551655, 1.000000000000000000 ),
 .UNSPECIFIED. ) ;
#707 = CARTESIAN_POINT ( 'NONE',  ( 1.696591257957378307, 0.04000000000000000083, -0.3724952041845813744 ) ) ;
#708 = CARTESIAN_POINT ( 'NONE',  ( 1.810894366741543360, 0.000000000000000000, -0.6018247970268135738 ) ) ;
#709 = ORIENTED_EDGE ( 'NONE', *, *, #6748, .T. ) ;
#710 = CARTESIAN_POINT ( 'NONE',  ( 1.054470475152308628, 0.000000000000000000, -0.4915231715070193519 ) ) ;
#711 = CARTESIAN_POINT ( 'NONE',  ( 1.052890625000000080, 0.04000000000000000083, -0.4832714843749997824 ) ) ;
#712 = ADVANCED_BREP_SHAPE_REPRESENTATION ( 'Eggfinder LCD Case V2 Battery Door_STEP', ( #2562, #4377 ), #4355 ) ;
#713 = DIRECTION ( 'NONE',  ( 0.000000000000000000, -1.000000000000000000, 0.000000000000000000 ) ) ;
#714 = DIRECTION ( 'NONE',  ( -0.000000000000000000, -1.000000000000000000, -0.000000000000000000 ) ) ;
#715 = CARTESIAN_POINT ( 'NONE',  ( 1.702199551826487411, 0.04000000000000000083, -0.3989447913867669726 ) ) ;
#716 = CARTESIAN_POINT ( 'NONE',  ( 1.954947228605931508, 0.000000000000000000, -0.3979768764292308525 ) ) ;
#717 = ORIENTED_EDGE ( 'NONE', *, *, #3119, .F. ) ;
#718 = APPLICATION_CONTEXT ( 'automotive_design' ) ;
#719 = LINE ( 'NONE', #5173, #1913 ) ;
#720 = FACE_OUTER_BOUND ( 'NONE', #2006, .T. ) ;
#721 = ORIENTED_EDGE ( 'NONE', *, *, #256, .T. ) ;
#722 = CARTESIAN_POINT ( 'NONE',  ( 2.123154296875000124, 0.04000000000000000083, -0.5987499999999995604 ) ) ;
#723 = CARTESIAN_POINT ( 'NONE',  ( 1.605562715287782938, 0.04000000000000000083, -0.3815535789347727080 ) ) ;
#724 = CARTESIAN_POINT ( 'NONE',  ( 0.7735391292968318844, 0.000000000000000000, -0.5724441784463589755 ) ) ;
#725 = CARTESIAN_POINT ( 'NONE',  ( 1.682214852607238686, 0.04000000000000000083, -0.5769510178726946492 ) ) ;
#726 = CARTESIAN_POINT ( 'NONE',  ( 0.5750227779187153665, 0.04000000000000000083, -0.5697179537919058179 ) ) ;
#727 = CARTESIAN_POINT ( 'NONE',  ( 1.960888419420641293, 0.04000000000000000083, -0.5461139639397929457 ) ) ;
#728 = CYLINDRICAL_SURFACE ( 'NONE', #4371, 0.2999999999999999334 ) ;
#729 = CARTESIAN_POINT ( 'NONE',  ( 2.019150390625000124, 0.000000000000000000, -0.5161816406249996048 ) ) ;
#730 = CARTESIAN_POINT ( 'NONE',  ( 2.010169301574026068, 0.04000000000000000083, -0.4472294639920307846 ) ) ;
#731 = CARTESIAN_POINT ( 'NONE',  ( 1.000959011734201765, 0.000000000000000000, -0.3705980698504995341 ) ) ;
#732 = ORIENTED_EDGE ( 'NONE', *, *, #2053, .T. ) ;
#733 = ADVANCED_FACE ( 'NONE', ( #3200 ), #6910, .T. ) ;
#734 = CARTESIAN_POINT ( 'NONE',  ( 2.019150390625000124, 0.000000000000000000, -0.5161816406249996048 ) ) ;
#735 = VECTOR ( 'NONE', #5837, 39.37007874015748143 ) ;
#736 = CARTESIAN_POINT ( 'NONE',  ( 0.6007421874999998579, 0.04000000000000000083, -0.6018749999999998268 ) ) ;
#737 = ORIENTED_EDGE ( 'NONE', *, *, #2587, .T. ) ;
#738 = VECTOR ( 'NONE', #1418, 39.37007874015748143 ) ;
#739 = CARTESIAN_POINT ( 'NONE',  ( 1.955653175368279539, 0.04000000000000000083, -0.4555727674424707718 ) ) ;
#740 = CARTESIAN_POINT ( 'NONE',  ( 1.039887947698196813, 0.000000000000000000, -0.3810312407221306819 ) ) ;
#741 = EDGE_CURVE ( 'NONE', #6029, #2352, #525, .T. ) ;
#742 = DIRECTION ( 'NONE',  ( -0.000000000000000000, -1.000000000000000000, -0.000000000000000000 ) ) ;
#743 = CARTESIAN_POINT ( 'NONE',  ( 0.8079574597351137921, 0.000000000000000000, -0.4943480671812497951 ) ) ;
#744 = B_SPLINE_SURFACE_WITH_KNOTS ( 'NONE', 3, 1, ( 
 ( #4596, #6811 ),
 ( #2960, #5178 ),
 ( #70, #173 ),
 ( #2412, #5037 ),
 ( #29, #2267 ),
 ( #4491, #4528 ),
 ( #1717, #6739 ),
 ( #3951, #6154 ),
 ( #5609, #617 ),
 ( #2859, #3988 ),
 ( #5076, #6189 ) ),
 .UNSPECIFIED., .F., .F., .F.,
 ( 4, 1, 1, 1, 1, 1, 1, 1, 4 ),
 ( 2, 2 ),
 ( 0.000000000000000000, 0.1695619813170891610, 0.3165277154210389687, 0.4426964638035288391, 0.5475101357260250268, 0.6433694748451588286, 0.7460273532091620252, 0.8631196510159431234, 1.000000000000000000 ),
 ( 0.000000000000000000, 1.000000000000000000 ),
 .UNSPECIFIED. ) ;
#745 = VECTOR ( 'NONE', #1861, 39.37007874015748143 ) ;
#746 = DIRECTION ( 'NONE',  ( -0.000000000000000000, -1.000000000000000000, -0.000000000000000000 ) ) ;
#747 = VERTEX_POINT ( 'NONE', #597 ) ;
#748 = CARTESIAN_POINT ( 'NONE',  ( 0.6965531000904431336, 0.04000000000000000083, -0.3616641104358478409 ) ) ;
#749 = CARTESIAN_POINT ( 'NONE',  ( 2.033280517084835815, 0.04000000000000000083, -0.5047178627920262395 ) ) ;
#750 = VECTOR ( 'NONE', #2402, 39.37007874015748143 ) ;
#751 = CARTESIAN_POINT ( 'NONE',  ( 0.9019402472471180765, 0.000000000000000000, -0.4441215900861946730 ) ) ;
#752 = LINE ( 'NONE', #6517, #4937 ) ;
#753 = ORIENTED_EDGE ( 'NONE', *, *, #120, .T. ) ;
#754 = EDGE_CURVE ( 'NONE', #2476, #2803, #1842, .T. ) ;
#755 = DIRECTION ( 'NONE',  ( 0.000000000000000000, 0.000000000000000000, 1.000000000000000000 ) ) ;
#756 = ORIENTED_EDGE ( 'NONE', *, *, #6845, .T. ) ;
#757 = CARTESIAN_POINT ( 'NONE',  ( 1.949712686094194458, 0.04000000000000000083, -0.4165623942470850216 ) ) ;
#758 = VECTOR ( 'NONE', #1057, 39.37007874015748143 ) ;
#759 = ORIENTED_EDGE ( 'NONE', *, *, #5613, .F. ) ;
#760 = EDGE_LOOP ( 'NONE', ( #6385, #254, #4271, #6566 ) ) ;
#761 = CARTESIAN_POINT ( 'NONE',  ( 1.968544188032768982, 0.04000000000000000083, -0.5050352964130460087 ) ) ;
#762 = B_SPLINE_CURVE_WITH_KNOTS ( 'NONE', 3,
 ( #6146, #6035, #4335, #3281, #3362, #607, #2736, #5601, #4957, #5567, #535 ),
 .UNSPECIFIED., .F., .F.,
 ( 4, 1, 1, 1, 1, 1, 1, 1, 4 ),
 ( 0.000000000000000000, 0.1561197495600662177, 0.2960134668503227040, 0.4211393597100632213, 0.5386135333322734642, 0.6515989600344560539, 0.7626670123365520970, 0.8772623139253620250, 1.000000000000000000 ),
 .UNSPECIFIED. ) ;
#763 = CARTESIAN_POINT ( 'NONE',  ( 0.8592821136033946816, 0.04000000000000000083, -0.3814843215526982356 ) ) ;
#764 = CARTESIAN_POINT ( 'NONE',  ( 2.019301554475282146, 0.04000000000000000083, -0.3565826498651699095 ) ) ;
#765 = CARTESIAN_POINT ( 'NONE',  ( 1.002427180920327343, 0.000000000000000000, -0.3817505347398806870 ) ) ;
#766 = ADVANCED_FACE ( 'NONE', ( #6242 ), #4545, .T. ) ;
#767 = EDGE_CURVE ( 'NONE', #2241, #1731, #2936, .T. ) ;
#768 = CARTESIAN_POINT ( 'NONE',  ( 1.678389273624399491, 0.000000000000000000, -0.5891419486050499810 ) ) ;
#769 = CARTESIAN_POINT ( 'NONE',  ( 1.389999999999999680, 0.04000000000000000083, -0.3840527343749997602 ) ) ;
#770 = CARTESIAN_POINT ( 'NONE',  ( 1.949419513349369248, 0.000000000000000000, -0.4281617853978655353 ) ) ;
#771 = CARTESIAN_POINT ( 'NONE',  ( 2.265000000000000124, 0.000000000000000000, -1.180000000000000160 ) ) ;
#772 = CARTESIAN_POINT ( 'NONE',  ( 0.9980748944111500487, 0.000000000000000000, -0.5864147276306720391 ) ) ;
#773 = CARTESIAN_POINT ( 'NONE',  ( 2.012283350250354097, 0.000000000000000000, -0.4497348605850088332 ) ) ;
#774 = CARTESIAN_POINT ( 'NONE',  ( 2.052548828125000391, 0.000000000000000000, -0.3987499999999996048 ) ) ;
#775 = VERTEX_POINT ( 'NONE', #1186 ) ;
#776 = DIRECTION ( 'NONE',  ( 0.000000000000000000, 0.000000000000000000, -1.000000000000000000 ) ) ;
#777 = CARTESIAN_POINT ( 'NONE',  ( 0.7960450342067504348, 0.000000000000000000, -0.3689510087409929584 ) ) ;
#778 = ORIENTED_EDGE ( 'NONE', *, *, #4276, .F. ) ;
#779 = CARTESIAN_POINT ( 'NONE',  ( 1.898398437500000036, 0.000000000000000000, -0.3518749999999996603 ) ) ;
#780 = CARTESIAN_POINT ( 'NONE',  ( 0.8448963237521920355, 0.04000000000000000083, -0.4659705951868921003 ) ) ;
#781 = CARTESIAN_POINT ( 'NONE',  ( 0.6760351562499997691, 0.000000000000000000, -0.3518749999999999378 ) ) ;
#782 = CARTESIAN_POINT ( 'NONE',  ( 0.8281254096925321218, 0.04000000000000000083, -0.4738779710854437166 ) ) ;
#783 = CARTESIAN_POINT ( 'NONE',  ( 2.480000000000000870, 0.06250000000000000000, 0.1000000000000000056 ) ) ;
#784 = ORIENTED_EDGE ( 'NONE', *, *, #4847, .T. ) ;
#785 = EDGE_CURVE ( 'NONE', #2815, #290, #6207, .T. ) ;
#786 = ORIENTED_EDGE ( 'NONE', *, *, #3843, .F. ) ;
#787 = CARTESIAN_POINT ( 'NONE',  ( 0.6867657838989483787, 0.000000000000000000, -0.3536794301083531211 ) ) ;
#788 = CARTESIAN_POINT ( 'NONE',  ( 0.8748900515874084016, 0.04000000000000000083, -0.5984006398936626558 ) ) ;
#789 = CARTESIAN_POINT ( 'NONE',  ( 0.9142535304472351187, 0.000000000000000000, -0.4520311165661609620 ) ) ;
#790 = CARTESIAN_POINT ( 'NONE',  ( 2.123154296875000124, 0.04000000000000000083, -0.5987499999999995604 ) ) ;
#791 = CARTESIAN_POINT ( 'NONE',  ( 1.068707731203448752, 0.04000000000000000083, -0.5036064533224602346 ) ) ;
#792 = CARTESIAN_POINT ( 'NONE',  ( 1.987823746112578949, 0.04000000000000000083, -0.3645967972455707584 ) ) ;
#793 = VERTEX_POINT ( 'NONE', #3422 ) ;
#794 = EDGE_CURVE ( 'NONE', #1514, #1922, #1278, .T. ) ;
#795 = VERTEX_POINT ( 'NONE', #5734 ) ;
#796 = DIRECTION ( 'NONE',  ( 0.000000000000000000, 0.000000000000000000, 1.000000000000000000 ) ) ;
#797 = CARTESIAN_POINT ( 'NONE',  ( 1.696250000000000258, 0.04000000000000000083, -0.3768749999999996270 ) ) ;
#798 = CARTESIAN_POINT ( 'NONE',  ( 1.374105761765620937, 0.000000000000000000, -0.3537438756759779257 ) ) ;
#799 = DIRECTION ( 'NONE',  ( -1.000000000000000000, 0.000000000000000000, -0.000000000000000000 ) ) ;
#800 = CARTESIAN_POINT ( 'NONE',  ( 1.675179354473872229, 0.04000000000000000083, -0.5926285563699443815 ) ) ;
#801 = CARTESIAN_POINT ( 'NONE',  ( 1.921633409161457751, 0.04000000000000000083, -0.3905225834908275795 ) ) ;
#802 = B_SPLINE_SURFACE_WITH_KNOTS ( 'NONE', 3, 1, ( 
 ( #2364, #1236 ),
 ( #4586, #3061 ),
 ( #6461, #6420 ),
 ( #7013, #3164 ),
 ( #2578, #2028 ),
 ( #5373, #2514 ),
 ( #1408, #4157 ),
 ( #4735, #859 ),
 ( #6358, #4189 ),
 ( #4258, #1377 ),
 ( #6911, #4291 ),
 ( #895, #5921 ),
 ( #3132, #6947 ),
 ( #1510, #3639 ),
 ( #6982, #5851 ),
 ( #5342, #337 ),
 ( #4798, #370 ),
 ( #1963, #3745 ),
 ( #3682, #6390 ) ),
 .UNSPECIFIED., .F., .F., .F.,
 ( 4, 1, 1, 1, 1, 1, 1, 1, 1, 1, 1, 1, 1, 1, 1, 1, 4 ),
 ( 2, 2 ),
 ( 0.000000000000000000, 0.05336505313206021950, 0.1127034132359751722, 0.1771106852119861130, 0.2470948034324101372, 0.3176078465386043548, 0.3832928668196881605, 0.4452353310191128344, 0.5030462680000191700, 0.5589832419339234582, 0.6148546262725522737, 0.6725131392492817994, 0.7322538535984124408, 0.7941805302445800185, 0.8583406294901260170, 0.9271979424673697512, 1.000000000000000000 ),
 ( 0.000000000000000000, 1.000000000000000000 ),
 .UNSPECIFIED. ) ;
#803 = ORIENTED_EDGE ( 'NONE', *, *, #3264, .F. ) ;
#804 = EDGE_CURVE ( 'NONE', #4438, #640, #6790, .T. ) ;
#805 = CARTESIAN_POINT ( 'NONE',  ( 0.9504173665070517751, 0.000000000000000000, -0.3648189040991775545 ) ) ;
#806 = CARTESIAN_POINT ( 'NONE',  ( 0.8825104894695688929, 0.000000000000000000, -0.5986992390857951429 ) ) ;
#807 = CARTESIAN_POINT ( 'NONE',  ( 0.8242773437499998357, 0.000000000000000000, -0.3518749999999999378 ) ) ;
#808 = CARTESIAN_POINT ( 'NONE',  ( 1.990244140625000213, 0.000000000000000000, -0.5876660156249995381 ) ) ;
#809 = CARTESIAN_POINT ( 'NONE',  ( 1.967575376824846289, 0.000000000000000000, -0.5649064037351857470 ) ) ;
#810 = EDGE_LOOP ( 'NONE', ( #2518, #6985, #3786, #955 ) ) ;
#811 = CARTESIAN_POINT ( 'NONE',  ( 0.9462499999999999245, 0.000000000000000000, -0.3836132812499999378 ) ) ;
#812 = CARTESIAN_POINT ( 'NONE',  ( 0.7952062246936556500, 0.000000000000000000, -0.3730445017697057719 ) ) ;
#813 = VERTEX_POINT ( 'NONE', #2982 ) ;
#814 = CARTESIAN_POINT ( 'NONE',  ( 1.994394531249999991, 0.04000000000000000083, -0.4849804687499996159 ) ) ;
#815 = CARTESIAN_POINT ( 'NONE',  ( 0.8578710937499999245, 0.04000000000000000083, -0.4626660156249999267 ) ) ;
#816 = CARTESIAN_POINT ( 'NONE',  ( 0.6504544477135422165, 0.04000000000000000083, -0.3651500289145158118 ) ) ;
#817 = LINE ( 'NONE', #2465, #1787 ) ;
#818 = DIRECTION ( 'NONE',  ( 1.000000000000000000, 0.000000000000000000, 0.000000000000000000 ) ) ;
#819 = ORIENTED_EDGE ( 'NONE', *, *, #1467, .F. ) ;
#820 = VERTEX_POINT ( 'NONE', #1806 ) ;
#821 = CARTESIAN_POINT ( 'NONE',  ( 1.063720114036624365, 0.04000000000000000083, -0.5015975517369541947 ) ) ;
#822 = CARTESIAN_POINT ( 'NONE',  ( 1.062126162326465506, 0.000000000000000000, -0.3551710655532034910 ) ) ;
#823 = CARTESIAN_POINT ( 'NONE',  ( 1.287558593749999813, 0.000000000000000000, -0.5518749999999997824 ) ) ;
#824 = CARTESIAN_POINT ( 'NONE',  ( 2.151249412377416181, 0.04000000000000000083, -0.5864719195307052102 ) ) ;
#825 = LINE ( 'NONE', #3895, #6532 ) ;
#826 = ORIENTED_EDGE ( 'NONE', *, *, #6836, .T. ) ;
#827 = ADVANCED_FACE ( 'NONE', ( #5196 ), #4705, .T. ) ;
#828 = CARTESIAN_POINT ( 'NONE',  ( 1.059728331252728584, 0.000000000000000000, -0.5973535810572780935 ) ) ;
#829 = ORIENTED_EDGE ( 'NONE', *, *, #73, .F. ) ;
#830 = ORIENTED_EDGE ( 'NONE', *, *, #2438, .F. ) ;
#831 = DIRECTION ( 'NONE',  ( 1.000000000000000000, 0.000000000000000000, 0.000000000000000000 ) ) ;
#832 = CARTESIAN_POINT ( 'NONE',  ( 0.5895716821156069543, 0.04000000000000000083, -0.6002574358541910016 ) ) ;
#833 = CARTESIAN_POINT ( 'NONE',  ( 0.6760351562499997691, 0.000000000000000000, -0.3518749999999999378 ) ) ;
#834 = CARTESIAN_POINT ( 'NONE',  ( 0.8347990006026779763, 0.04000000000000000083, -0.4453798122364472922 ) ) ;
#835 = EDGE_CURVE ( 'NONE', #5988, #1075, #297, .T. ) ;
#836 = CARTESIAN_POINT ( 'NONE',  ( 1.656948959406033373, 0.04000000000000000083, -0.5986823350490794171 ) ) ;
#837 = PLANE ( 'NONE',  #3770 ) ;
#838 = EDGE_LOOP ( 'NONE', ( #5788, #4007, #2506, #5585 ) ) ;
#839 = CARTESIAN_POINT ( 'NONE',  ( 1.992562480839653594, 0.04000000000000000083, -0.4843872875038426340 ) ) ;
#840 = CARTESIAN_POINT ( 'NONE',  ( 1.703964843750000124, 0.04000000000000000083, -0.4032910156249995826 ) ) ;
#841 = CARTESIAN_POINT ( 'NONE',  ( 0.9773925956268707527, 0.04000000000000000083, -0.5983334316559426602 ) ) ;
#842 = CARTESIAN_POINT ( 'NONE',  ( 2.016704755238749147, 0.000000000000000000, -0.5393522598608423424 ) ) ;
#843 = EDGE_CURVE ( 'NONE', #5847, #3471, #4658, .T. ) ;
#844 = CARTESIAN_POINT ( 'NONE',  ( 1.964999999999999858, 0.2350000000000000144, -0.7299999999999999822 ) ) ;
#845 = CARTESIAN_POINT ( 'NONE',  ( 0.8004651342793416280, 0.000000000000000000, -0.3613520550473519610 ) ) ;
#846 = VERTEX_POINT ( 'NONE', #6938 ) ;
#847 = LINE ( 'NONE', #3050, #4599 ) ;
#848 = VECTOR ( 'NONE', #7037, 39.37007874015748143 ) ;
#849 = CARTESIAN_POINT ( 'NONE',  ( 0.8053528805289432713, 0.04000000000000000083, -0.4994772320312900193 ) ) ;
#850 = ADVANCED_FACE ( 'NONE', ( #4827 ), #1881, .T. ) ;
#851 = CARTESIAN_POINT ( 'NONE',  ( 0.6583915933623259997, 0.000000000000000000, -0.3565808335474667801 ) ) ;
#852 = CARTESIAN_POINT ( 'NONE',  ( 0.8601844580138497953, 0.000000000000000000, -0.5414936774805796382 ) ) ;
#853 = VECTOR ( 'NONE', #2725, 39.37007874015748143 ) ;
#854 = ORIENTED_EDGE ( 'NONE', *, *, #6755, .T. ) ;
#855 = EDGE_LOOP ( 'NONE', ( #4367, #4638, #3506, #1297 ) ) ;
#856 = PLANE ( 'NONE',  #386 ) ;
#857 = FACE_OUTER_BOUND ( 'NONE', #2955, .T. ) ;
#858 = CARTESIAN_POINT ( 'NONE',  ( 0.6695924380459987724, 0.04000000000000000083, -0.3521509325617980246 ) ) ;
#859 = CARTESIAN_POINT ( 'NONE',  ( 1.846860167443127088, 0.000000000000000000, -0.5796946418014480296 ) ) ;
#860 = VECTOR ( 'NONE', #3115, 39.37007874015748143 ) ;
#861 = VECTOR ( 'NONE', #2621, 39.37007874015748143 ) ;
#862 = CARTESIAN_POINT ( 'NONE',  ( 1.972180394009269033, 0.04000000000000000083, -0.3746111238449672531 ) ) ;
#863 = ORIENTED_EDGE ( 'NONE', *, *, #657, .T. ) ;
#864 = VERTEX_POINT ( 'NONE', #4212 ) ;
#865 = EDGE_LOOP ( 'NONE', ( #5286, #5995, #4800, #2467 ) ) ;
#866 = CARTESIAN_POINT ( 'NONE',  ( 1.973390406862987501, 0.04000000000000000083, -0.4988687646050186664 ) ) ;
#867 = CARTESIAN_POINT ( 'NONE',  ( 2.046933543711924042, 0.000000000000000000, -0.3550377125330753114 ) ) ;
#868 = VECTOR ( 'NONE', #2287, 39.37007874015748143 ) ;
#869 = CARTESIAN_POINT ( 'NONE',  ( 0.6583915933623259997, 0.000000000000000000, -0.3565808335474667801 ) ) ;
#870 = LINE ( 'NONE', #6878, #2747 ) ;
#871 = LINE ( 'NONE', #3511, #5622 ) ;
#872 = VECTOR ( 'NONE', #1422, 39.37007874015748143 ) ;
#873 = DIRECTION ( 'NONE',  ( 0.000000000000000000, 0.000000000000000000, 1.000000000000000000 ) ) ;
#874 = VERTEX_POINT ( 'NONE', #3631 ) ;
#875 = CARTESIAN_POINT ( 'NONE',  ( 0.9694167277847146602, 0.04000000000000000083, -0.3521539927084422761 ) ) ;
#876 = ADVANCED_FACE ( 'NONE', ( #1469 ), #682, .T. ) ;
#877 = CARTESIAN_POINT ( 'NONE',  ( 1.213155234260911319, 0.000000000000000000, -0.3568643231123033166 ) ) ;
#878 = CARTESIAN_POINT ( 'NONE',  ( 0.000000000000000000, 0.000000000000000000, 0.000000000000000000 ) ) ;
#879 = CARTESIAN_POINT ( 'NONE',  ( 0.6462499999999998801, 0.000000000000000000, -0.4587109374999998601 ) ) ;
#880 = ORIENTED_EDGE ( 'NONE', *, *, #327, .T. ) ;
#881 = LINE ( 'NONE', #5222, #4118 ) ;
#882 = CARTESIAN_POINT ( 'NONE',  ( 2.155625000000000124, 0.04000000000000000083, -0.5661328124999995826 ) ) ;
#883 = B_SPLINE_CURVE_WITH_KNOTS ( 'NONE', 3,
 ( #6181, #1816, #1778, #3469, #606, #4518, #6730, #2885, #2949, #5600, #4013, #5709, #3944, #2403, #6217, #5134, #4048, #126, #1159 ),
 .UNSPECIFIED., .F., .F.,
 ( 4, 1, 1, 1, 1, 1, 1, 1, 1, 1, 1, 1, 1, 1, 1, 1, 4 ),
 ( 0.000000000000000000, 0.05715934425126421164, 0.1103344148865779278, 0.1596849865745353092, 0.2063140102326494751, 0.2527625779277176132, 0.2985075291364448491, 0.3453966715603278836, 0.3944175292232750540, 0.4481290512027624184, 0.5074025264404208313, 0.5729450754429765702, 0.6452721921386432857, 0.7234339374683268487, 0.8088879161515639682, 0.9010527041117895042, 1.000000000000000000 ),
 .UNSPECIFIED. ) ;
#884 = EDGE_CURVE ( 'NONE', #747, #7102, #4754, .T. ) ;
#885 = CARTESIAN_POINT ( 'NONE',  ( 1.924375000000000169, 0.04000000000000000083, -0.3765332031249996048 ) ) ;
#886 = CARTESIAN_POINT ( 'NONE',  ( 0.8935985081236789140, 0.04000000000000000083, -0.4351593758092551778 ) ) ;
#887 = CARTESIAN_POINT ( 'NONE',  ( 1.056117469006716547, 0.04000000000000000083, -0.3563988787599839392 ) ) ;
#888 = CARTESIAN_POINT ( 'NONE',  ( 0.8568731551377243294, 0.04000000000000000083, -0.5155121165826106466 ) ) ;
#889 = ORIENTED_EDGE ( 'NONE', *, *, #6542, .F. ) ;
#890 = EDGE_LOOP ( 'NONE', ( #47, #4338, #1005, #4466 ) ) ;
#891 = PLANE ( 'NONE',  #5754 ) ;
#892 = FACE_OUTER_BOUND ( 'NONE', #3055, .T. ) ;
#893 = CARTESIAN_POINT ( 'NONE',  ( 0.8891101424534403330, 0.000000000000000000, -0.4292565224545184521 ) ) ;
#894 = VERTEX_POINT ( 'NONE', #7153 ) ;
#895 = CARTESIAN_POINT ( 'NONE',  ( 1.837522272262992473, 0.04000000000000000083, -0.5929680898464638750 ) ) ;
#896 = DIRECTION ( 'NONE',  ( -1.000000000000000000, 0.000000000000000000, 0.000000000000000000 ) ) ;
#897 = ORIENTED_EDGE ( 'NONE', *, *, #3288, .T. ) ;
#898 = ORIENTED_EDGE ( 'NONE', *, *, #2255, .F. ) ;
#899 = EDGE_LOOP ( 'NONE', ( #2484, #1202, #2387, #2620 ) ) ;
#900 = CARTESIAN_POINT ( 'NONE',  ( 1.002463465363874429, -0.000000000000000000, -0.5675817320605969218 ) ) ;
#901 = CARTESIAN_POINT ( 'NONE',  ( 2.001541966735678635, 0.04000000000000000083, -0.3597019483926655603 ) ) ;
#902 = DIRECTION ( 'NONE',  ( 1.000000000000000000, 0.000000000000000000, -0.000000000000000000 ) ) ;
#903 = CARTESIAN_POINT ( 'NONE',  ( 0.8292592782134812213, 0.04000000000000000083, -0.4386890730078889522 ) ) ;
#904 = CARTESIAN_POINT ( 'NONE',  ( 1.287558593749999813, 0.04000000000000000083, -0.5518749999999997824 ) ) ;
#905 = CARTESIAN_POINT ( 'NONE',  ( 1.962045412312306558, 0.04000000000000000083, -0.5193731830336497657 ) ) ;
#906 = ORIENTED_EDGE ( 'NONE', *, *, #6723, .F. ) ;
#907 = FACE_OUTER_BOUND ( 'NONE', #54, .T. ) ;
#908 = CARTESIAN_POINT ( 'NONE',  ( 1.227696700051641443, 0.000000000000000000, -0.3700733942059166171 ) ) ;
#909 = CARTESIAN_POINT ( 'NONE',  ( 0.9735502389580072968, 0.04000000000000000083, -0.5986446091928511182 ) ) ;
#910 = FACE_OUTER_BOUND ( 'NONE', #4224, .T. ) ;
#911 = LINE ( 'NONE', #1643, #6667 ) ;
#912 = CARTESIAN_POINT ( 'NONE',  ( 1.489680251591115390, 0.04000000000000000083, -0.5972276466835291231 ) ) ;
#913 = EDGE_CURVE ( 'NONE', #5948, #3268, #5946, .T. ) ;
#914 = CARTESIAN_POINT ( 'NONE',  ( 1.896144909289979363, 0.04000000000000000083, -0.3519628643883402908 ) ) ;
#915 = CARTESIAN_POINT ( 'NONE',  ( 2.041661406369450926, 0.000000000000000000, -0.3991719466861887167 ) ) ;
#916 = CARTESIAN_POINT ( 'NONE',  ( 0.6695924380459987724, 0.000000000000000000, -0.3521509325617980246 ) ) ;
#917 = CARTESIAN_POINT ( 'NONE',  ( 2.018526340272563946, 0.04000000000000000083, -0.5171883569532625957 ) ) ;
#918 = ADVANCED_FACE ( 'NONE', ( #4392 ), #5527, .T. ) ;
#919 = B_SPLINE_SURFACE_WITH_KNOTS ( 'NONE', 3, 1, ( 
 ( #5437, #2566 ),
 ( #2056, #1466 ),
 ( #3227, #3186 ),
 ( #990, #4348 ),
 ( #6516, #4894 ),
 ( #6558, #4280 ),
 ( #6483, #2639 ),
 ( #3809, #5942 ),
 ( #6017, #5400 ),
 ( #1024, #3261 ),
 ( #5879, #5471 ) ),
 .UNSPECIFIED., .F., .F., .F.,
 ( 4, 1, 1, 1, 1, 1, 1, 1, 4 ),
 ( 2, 2 ),
 ( 0.000000000000000000, 0.1194650892431612516, 0.2317767218936476747, 0.3411459395840581998, 0.4539950994784673899, 0.5720169938634960261, 0.6986754867786912904, 0.8403501523962195741, 1.000000000000000000 ),
 ( 0.000000000000000000, 1.000000000000000000 ),
 .UNSPECIFIED. ) ;
#920 = ORIENTED_EDGE ( 'NONE', *, *, #6542, .T. ) ;
#921 = VERTEX_POINT ( 'NONE', #4974 ) ;
#922 = CARTESIAN_POINT ( 'NONE',  ( 1.778834221307392660, 0.04000000000000000083, -0.5850739842095146193 ) ) ;
#923 = CARTESIAN_POINT ( 'NONE',  ( 1.216057590040853897, 0.000000000000000000, -0.3580154902424591001 ) ) ;
#924 = CARTESIAN_POINT ( 'NONE',  ( 1.756406250000000169, 0.000000000000000000, -0.3840527343749995937 ) ) ;
#925 = VERTEX_POINT ( 'NONE', #3812 ) ;
#926 = CARTESIAN_POINT ( 'NONE',  ( 0.7599707031249997025, 0.04000000000000000083, -0.5464062499999999822 ) ) ;
#927 = EDGE_CURVE ( 'NONE', #795, #4328, #1093, .T. ) ;
#928 = ORIENTED_EDGE ( 'NONE', *, *, #4303, .T. ) ;
#929 = ORIENTED_EDGE ( 'NONE', *, *, #3574, .F. ) ;
#930 = ORIENTED_EDGE ( 'NONE', *, *, #2795, .F. ) ;
#931 = CARTESIAN_POINT ( 'NONE',  ( 2.137937614932230890, 0.000000000000000000, -0.3569177414059124254 ) ) ;
#932 = CARTESIAN_POINT ( 'NONE',  ( 2.031817383667614774, 0.04000000000000000083, -0.3553999301121139043 ) ) ;
#933 = CARTESIAN_POINT ( 'NONE',  ( 0.7742552463041310062, 0.000000000000000000, -0.5801756533029216456 ) ) ;
#934 = LINE ( 'NONE', #2145, #6336 ) ;
#935 = DIRECTION ( 'NONE',  ( 1.000000000000000000, 0.000000000000000000, 0.000000000000000000 ) ) ;
#936 = CARTESIAN_POINT ( 'NONE',  ( 1.258523470578388537, 0.000000000000000000, -0.5662579296143114282 ) ) ;
#937 = CARTESIAN_POINT ( 'NONE',  ( 0.6335058593749998135, 0.04000000000000000083, -0.5724804687499998046 ) ) ;
#938 = ORIENTED_EDGE ( 'NONE', *, *, #2223, .T. ) ;
#939 = CARTESIAN_POINT ( 'NONE',  ( 1.723727356564559665, -0.000000000000000000, -0.3519476063188267667 ) ) ;
#940 = CARTESIAN_POINT ( 'NONE',  ( 0.7742871101766195530, 0.04000000000000000083, -0.5776534977002536486 ) ) ;
#941 = CARTESIAN_POINT ( 'NONE',  ( 1.229611024350991899, 0.000000000000000000, -0.3762935857589672084 ) ) ;
#942 = CARTESIAN_POINT ( 'NONE',  ( 1.756406250000000169, 0.04000000000000000083, -0.3840527343749995937 ) ) ;
#943 = CARTESIAN_POINT ( 'NONE',  ( 0.8242773437499998357, 0.04000000000000000083, -0.3518749999999999378 ) ) ;
#944 = CARTESIAN_POINT ( 'NONE',  ( 2.137937614932230890, 0.04000000000000000083, -0.3569177414059124254 ) ) ;
#945 = CARTESIAN_POINT ( 'NONE',  ( 1.226464966626936492, 0.04000000000000000083, -0.3673481227353583289 ) ) ;
#946 = B_SPLINE_CURVE_WITH_KNOTS ( 'NONE', 3,
 ( #4084, #6187, #3441, #2478, #4263, #5380, #4296, #6987, #5348, #3169, #2038 ),
 .UNSPECIFIED., .F., .F.,
 ( 4, 1, 1, 1, 1, 1, 1, 1, 4 ),
 ( 0.000000000000000000, 0.1443286686721435008, 0.2759097428990065493, 0.3964775567162263648, 0.5136537139577205258, 0.6289765551232102681, 0.7436735563613431355, 0.8664160992359852820, 0.9999999999999998890 ),
 .UNSPECIFIED. ) ;
#947 = CARTESIAN_POINT ( 'NONE',  ( 1.881494673059509459, 0.04000000000000000083, -0.3557998707307686859 ) ) ;
#948 = EDGE_CURVE ( 'NONE', #670, #6287, #3230, .T. ) ;
#949 = CARTESIAN_POINT ( 'NONE',  ( 1.549374999999999725, 0.000000000000000000, -0.5518749999999997824 ) ) ;
#950 = CARTESIAN_POINT ( 'NONE',  ( 2.036702616618008221, 0.04000000000000000083, -0.3997962612154247752 ) ) ;
#951 = CARTESIAN_POINT ( 'NONE',  ( 0.8859203849865576741, 0.04000000000000000083, -0.5542295489844871748 ) ) ;
#952 = VECTOR ( 'NONE', #2940, 39.37007874015748143 ) ;
#953 = LINE ( 'NONE', #3705, #6539 ) ;
#954 = ORIENTED_EDGE ( 'NONE', *, *, #4623, .F. ) ;
#955 = ORIENTED_EDGE ( 'NONE', *, *, #5298, .T. ) ;
#956 = CARTESIAN_POINT ( 'NONE',  ( 1.361082554932738109, 0.04000000000000000083, -0.3519674232326783225 ) ) ;
#957 = VECTOR ( 'NONE', #6270, 39.37007874015748143 ) ;
#958 = B_SPLINE_CURVE_WITH_KNOTS ( 'NONE', 3,
 ( #1661, #3935, #1227, #5669, #3353, #5128, #2291, #5559, #639, #4401, #2766, #87, #563, #3858, #1152 ),
 .UNSPECIFIED., .F., .F.,
 ( 4, 1, 1, 1, 1, 1, 1, 1, 1, 1, 1, 1, 4 ),
 ( 0.000000000000000000, 0.1224561336053937993, 0.2344291854989375423, 0.3364000897183605510, 0.4285285775934270514, 0.5111573502043249562, 0.5857396648649971782, 0.6552340127541467218, 0.7192015644733498192, 0.7820021938167047715, 0.8486384589826067026, 0.9201271301191421559, 0.9999999999999998890 ),
 .UNSPECIFIED. ) ;
#959 = CARTESIAN_POINT ( 'NONE',  ( 1.229611024350991899, 0.000000000000000000, -0.3762935857589672084 ) ) ;
#960 = EDGE_CURVE ( 'NONE', #4751, #4085, #5440, .T. ) ;
#961 = CARTESIAN_POINT ( 'NONE',  ( 1.174375000000000169, 0.000000000000000000, -0.5549999999999997158 ) ) ;
#962 = ORIENTED_EDGE ( 'NONE', *, *, #2053, .F. ) ;
#963 = CARTESIAN_POINT ( 'NONE',  ( 1.389820111149788984, 0.04000000000000000083, -0.3768347480884961520 ) ) ;
#964 = VECTOR ( 'NONE', #338, 39.37007874015748143 ) ;
#965 = CARTESIAN_POINT ( 'NONE',  ( 0.8559511605375456078, 0.000000000000000000, -0.4618816597035869109 ) ) ;
#966 = ORIENTED_EDGE ( 'NONE', *, *, #4102, .T. ) ;
#967 = ORIENTED_EDGE ( 'NONE', *, *, #3294, .F. ) ;
#968 = CARTESIAN_POINT ( 'NONE',  ( 2.155625000000000124, 0.04000000000000000083, -0.5661328124999995826 ) ) ;
#969 = DIRECTION ( 'NONE',  ( 0.000000000000000000, 0.000000000000000000, 1.000000000000000000 ) ) ;
#970 = CARTESIAN_POINT ( 'NONE',  ( 0.8284944906314977153, 0.04000000000000000083, -0.3519930346487145645 ) ) ;
#971 = ADVANCED_FACE ( 'NONE', ( #628 ), #2871, .T. ) ;
#972 = VECTOR ( 'NONE', #479, 39.37007874015748143 ) ;
#973 = CARTESIAN_POINT ( 'NONE',  ( 0.6007421874999998579, 0.04000000000000000083, -0.6018749999999998268 ) ) ;
#974 = CARTESIAN_POINT ( 'NONE',  ( 2.024297578616763627, 0.04000000000000000083, -0.4572643449136007399 ) ) ;
#975 = FACE_OUTER_BOUND ( 'NONE', #1440, .T. ) ;
#976 = CARTESIAN_POINT ( 'NONE',  ( 1.065000000000000391, 0.000000000000000000, -1.180000000000000160 ) ) ;
#977 = VECTOR ( 'NONE', #7110, 39.37007874015748143 ) ;
#978 = VERTEX_POINT ( 'NONE', #2832 ) ;
#979 = CARTESIAN_POINT ( 'NONE',  ( 1.704414737428684656, 0.000000000000000000, -0.3599252507173374971 ) ) ;
#980 = ORIENTED_EDGE ( 'NONE', *, *, #3640, .T. ) ;
#981 = CARTESIAN_POINT ( 'NONE',  ( 1.208410174864912756, 0.04000000000000000083, -0.5979362696720080805 ) ) ;
#982 = CARTESIAN_POINT ( 'NONE',  ( 0.7024999999999997913, 0.04000000000000000083, -0.3841015624999998823 ) ) ;
#983 = CARTESIAN_POINT ( 'NONE',  ( 0.8159448761779440895, 0.04000000000000000083, -0.3526310699829715012 ) ) ;
#984 = VECTOR ( 'NONE', #6180, 39.37007874015748143 ) ;
#985 = CARTESIAN_POINT ( 'NONE',  ( 1.230625000000000302, 0.04000000000000000083, -0.3876171874999997380 ) ) ;
#986 = PLANE ( 'NONE',  #6422 ) ;
#987 = VECTOR ( 'NONE', #3178, 39.37007874015748143 ) ;
#988 = PRODUCT_DEFINITION_CONTEXT ( 'detailed design', #718, 'design' ) ;
#989 = FACE_OUTER_BOUND ( 'NONE', #810, .T. ) ;
#990 = CARTESIAN_POINT ( 'NONE',  ( 0.6867657838989483787, 0.04000000000000000083, -0.3536794301083531211 ) ) ;
#991 = CARTESIAN_POINT ( 'NONE',  ( 2.099375000000000213, 0.04000000000000000083, -0.3987499999999996048 ) ) ;
#992 = FACE_OUTER_BOUND ( 'NONE', #5730, .T. ) ;
#993 = CARTESIAN_POINT ( 'NONE',  ( 2.020499823974248876, 0.04000000000000000083, -0.4047251905297042929 ) ) ;
#994 = CARTESIAN_POINT ( 'NONE',  ( 2.265000000000000124, 1.476640786499873625, -1.479999999999999982 ) ) ;
#995 = VERTEX_POINT ( 'NONE', #1727 ) ;
#996 = ORIENTED_EDGE ( 'NONE', *, *, #114, .T. ) ;
#997 = CARTESIAN_POINT ( 'NONE',  ( 1.337869505357658584, 0.04000000000000000083, -0.3650451582485014779 ) ) ;
#998 = CARTESIAN_POINT ( 'NONE',  ( 1.078748148508783311, 0.04000000000000000083, -0.4613338901985369889 ) ) ;
#999 = CARTESIAN_POINT ( 'NONE',  ( 1.682285156249999858, 0.04000000000000000083, -0.5752148437499997602 ) ) ;
#1000 = ORIENTED_EDGE ( 'NONE', *, *, #3396, .T. ) ;
#1001 = CARTESIAN_POINT ( 'NONE',  ( 1.459800524509937691, 0.04000000000000000083, -0.5581541451412856958 ) ) ;
#1002 = CARTESIAN_POINT ( 'NONE',  ( 1.174375000000000169, 0.000000000000000000, -0.5049999999999997824 ) ) ;
#1003 = EDGE_CURVE ( 'NONE', #6839, #1703, #475, .T. ) ;
#1004 = ORIENTED_EDGE ( 'NONE', *, *, #1911, .T. ) ;
#1005 = ORIENTED_EDGE ( 'NONE', *, *, #4980, .T. ) ;
#1006 = DIRECTION ( 'NONE',  ( -0.000000000000000000, -1.000000000000000000, -0.000000000000000000 ) ) ;
#1007 = CARTESIAN_POINT ( 'NONE',  ( 1.335472732509531912, 0.04000000000000000083, -0.3706935277141287233 ) ) ;
#1008 = CARTESIAN_POINT ( 'NONE',  ( 0.7588410616037855050, 0.000000000000000000, -0.6003205438679221073 ) ) ;
#1009 = CARTESIAN_POINT ( 'NONE',  ( 0.6335058593749998135, 0.04000000000000000083, -0.5724804687499998046 ) ) ;
#1010 = CARTESIAN_POINT ( 'NONE',  ( 2.123154296875000124, 0.04000000000000000083, -0.3549999999999996492 ) ) ;
#1011 = CARTESIAN_POINT ( 'NONE',  ( 1.661040479109264778, 0.000000000000000000, -0.5520525501284386793 ) ) ;
#1012 = LINE ( 'NONE', #4812, #6204 ) ;
#1013 = EDGE_CURVE ( 'NONE', #3306, #894, #5727, .T. ) ;
#1014 = ORIENTED_EDGE ( 'NONE', *, *, #3834, .F. ) ;
#1015 = CARTESIAN_POINT ( 'NONE',  ( 1.708710896040090743, 0.000000000000000000, -0.3562605157511133380 ) ) ;
#1016 = VERTEX_POINT ( 'NONE', #1799 ) ;
#1017 = CARTESIAN_POINT ( 'NONE',  ( 1.696263713831893671, 0.04000000000000000083, -0.3775930127982798368 ) ) ;
#1018 = CARTESIAN_POINT ( 'NONE',  ( 0.7743261718749997469, 0.000000000000000000, -0.5786328124999998712 ) ) ;
#1019 = CARTESIAN_POINT ( 'NONE',  ( 1.584509206131682113, 0.000000000000000000, -0.3521032973289328627 ) ) ;
#1020 = CARTESIAN_POINT ( 'NONE',  ( 0.7742552463041310062, 0.04000000000000000083, -0.5801756533029216456 ) ) ;
#1021 = CARTESIAN_POINT ( 'NONE',  ( 2.155381272625661815, 0.04000000000000000083, -0.3801147199274035882 ) ) ;
#1022 = CARTESIAN_POINT ( 'NONE',  ( 0.8242773437499998357, 0.000000000000000000, -0.3518749999999999378 ) ) ;
#1023 = DIRECTION ( 'NONE',  ( 0.3232552230173955654, 0.000000000000000000, -0.9463118200635421973 ) ) ;
#1024 = CARTESIAN_POINT ( 'NONE',  ( 0.7024303476823133829, 0.04000000000000000083, -0.3815880346186683592 ) ) ;
#1025 = LINE ( 'NONE', #2236, #1813 ) ;
#1026 = CARTESIAN_POINT ( 'NONE',  ( 2.027864862630908149, 0.000000000000000000, -0.4017269596091236350 ) ) ;
#1027 = CARTESIAN_POINT ( 'NONE',  ( 2.027864862630908149, 0.04000000000000000083, -0.4017269596091236350 ) ) ;
#1028 = CARTESIAN_POINT ( 'NONE',  ( 0.8017424425640248264, 0.000000000000000000, -0.5484430121667385194 ) ) ;
#1029 = VERTEX_POINT ( 'NONE', #6749 ) ;
#1030 = VERTEX_POINT ( 'NONE', #3520 ) ;
#1031 = CARTESIAN_POINT ( 'NONE',  ( 1.335472732509531912, 0.04000000000000000083, -0.3706935277141287233 ) ) ;
#1032 = CARTESIAN_POINT ( 'NONE',  ( 1.227696700051641443, 0.04000000000000000083, -0.3700733942059166171 ) ) ;
#1033 = DIRECTION ( 'NONE',  ( -0.000000000000000000, -1.000000000000000000, -0.000000000000000000 ) ) ;
#1034 = ORIENTED_EDGE ( 'NONE', *, *, #3583, .T. ) ;
#1035 = CARTESIAN_POINT ( 'NONE',  ( 1.050498560491880617, 0.04000000000000000083, -0.5924588174037911381 ) ) ;
#1036 =( NAMED_UNIT ( * ) SI_UNIT ( $, .STERADIAN. ) SOLID_ANGLE_UNIT ( ) );
#1037 = ORIENTED_EDGE ( 'NONE', *, *, #3522, .T. ) ;
#1038 = ORIENTED_EDGE ( 'NONE', *, *, #5736, .T. ) ;
#1039 = CARTESIAN_POINT ( 'NONE',  ( 0.9994604331931172814, 0.000000000000000000, -0.5837190644029754960 ) ) ;
#1040 = B_SPLINE_SURFACE_WITH_KNOTS ( 'NONE', 3, 1, ( 
 ( #2997, #2338 ),
 ( #687, #3985 ),
 ( #204, #6875 ),
 ( #4054, #5174 ),
 ( #1895, #4662 ),
 ( #6809, #5210 ),
 ( #2305, #133 ),
 ( #1349, #4123 ),
 ( #2371, #4021 ),
 ( #6255, #1271 ),
 ( #1203, #3508 ),
 ( #5714, #2957 ),
 ( #614, #5074 ),
 ( #67, #1750 ),
 ( #169, #2409 ) ),
 .UNSPECIFIED., .F., .F., .F.,
 ( 4, 1, 1, 1, 1, 1, 1, 1, 1, 1, 1, 1, 4 ),
 ( 2, 2 ),
 ( 0.000000000000000000, 0.1011998545714062891, 0.1938420283227953733, 0.2798039295171502738, 0.3590764355424031495, 0.4334232718360602754, 0.5052974630995088479, 0.5777620924404490710, 0.6525648892298815396, 0.7313034942183709308, 0.8143415965424004588, 0.9034359475467442779, 0.9999999999999998890 ),
 ( 0.000000000000000000, 1.000000000000000000 ),
 .UNSPECIFIED. ) ;
#1041 = LINE ( 'NONE', #4477, #5270 ) ;
#1042 = DIRECTION ( 'NONE',  ( 0.000000000000000000, -0.000000000000000000, 1.000000000000000000 ) ) ;
#1043 = CARTESIAN_POINT ( 'NONE',  ( 1.605624999999999858, 0.04000000000000000083, -0.5518749999999997824 ) ) ;
#1044 = EDGE_CURVE ( 'NONE', #7081, #3491, #1287, .T. ) ;
#1045 = CARTESIAN_POINT ( 'NONE',  ( 1.480008706977417710, 0.000000000000000000, -0.5585927161988891720 ) ) ;
#1046 = CARTESIAN_POINT ( 'NONE',  ( 2.024967990344837432, 0.000000000000000000, -0.5090912434260007613 ) ) ;
#1047 = CARTESIAN_POINT ( 'NONE',  ( 1.788490774745094658, 0.000000000000000000, -0.5949189038679593144 ) ) ;
#1048 = ORIENTED_EDGE ( 'NONE', *, *, #299, .T. ) ;
#1049 = CARTESIAN_POINT ( 'NONE',  ( 1.916637759188859036, 0.04000000000000000083, -0.3592395895217309620 ) ) ;
#1050 = CARTESIAN_POINT ( 'NONE',  ( 0.8389257812499998357, 0.000000000000000000, -0.5912304687499998490 ) ) ;
#1051 = LINE ( 'NONE', #6042, #6793 ) ;
#1052 = CARTESIAN_POINT ( 'NONE',  ( 0.7024303476823133829, 0.04000000000000000083, -0.3815880346186683592 ) ) ;
#1053 = ADVANCED_FACE ( 'NONE', ( #3489 ), #3332, .T. ) ;
#1054 = CARTESIAN_POINT ( 'NONE',  ( 0.7741154410003188158, 0.04000000000000000083, -0.5832168318869566104 ) ) ;
#1055 = CARTESIAN_POINT ( 'NONE',  ( 1.065000000000000391, 1.476640786499873625, -1.180000000000000160 ) ) ;
#1056 = FACE_BOUND ( 'NONE', #4403, .T. ) ;
#1057 = DIRECTION ( 'NONE',  ( -0.000000000000000000, -1.000000000000000000, -0.000000000000000000 ) ) ;
#1058 = CARTESIAN_POINT ( 'NONE',  ( 1.002499999999999947, 0.000000000000000000, -0.5662304687499998268 ) ) ;
#1059 = EDGE_CURVE ( 'NONE', #3612, #1471, #4916, .T. ) ;
#1060 = CARTESIAN_POINT ( 'NONE',  ( 1.990244140625000213, 0.04000000000000000083, -0.5876660156249995381 ) ) ;
#1061 = CARTESIAN_POINT ( 'NONE',  ( 2.007201758097337585, 0.04000000000000000083, -0.4197279087018289112 ) ) ;
#1062 = CARTESIAN_POINT ( 'NONE',  ( 0.9045182566459573081, 0.04000000000000000083, -0.5549892751282352599 ) ) ;
#1063 = CARTESIAN_POINT ( 'NONE',  ( 0.8003365291066387721, 0.000000000000000000, -0.5422447399437928528 ) ) ;
#1064 = B_SPLINE_CURVE_WITH_KNOTS ( 'NONE', 3,
 ( #6117, #68, #5608, #2306, #6225, #4055, #5140, #3950, #6153, #4489, #655, #6660, #1132, #6256, #1273 ),
 .UNSPECIFIED., .F., .F.,
 ( 4, 1, 1, 1, 1, 1, 1, 1, 1, 1, 1, 1, 4 ),
 ( 0.000000000000000000, 0.1224561336053937993, 0.2344291854989375423, 0.3364000897183605510, 0.4285285775934270514, 0.5111573502043249562, 0.5857396648649971782, 0.6552340127541467218, 0.7192015644733498192, 0.7820021938167047715, 0.8486384589826067026, 0.9201271301191421559, 0.9999999999999998890 ),
 .UNSPECIFIED. ) ;
#1065 = EDGE_LOOP ( 'NONE', ( #5593, #2204, #6621, #5525, #4101, #6647, #5830, #7174 ) ) ;
#1066 = ORIENTED_EDGE ( 'NONE', *, *, #1190, .T. ) ;
#1067 = CARTESIAN_POINT ( 'NONE',  ( 1.988612997920552017, 0.04000000000000000083, -0.5866198774645816627 ) ) ;
#1068 = CARTESIAN_POINT ( 'NONE',  ( 0.8741267065323612417, -0.000000000000000000, -0.5519050631094227777 ) ) ;
#1069 = ADVANCED_FACE ( 'NONE', ( #6820 ), #5120, .T. ) ;
#1070 = DIRECTION ( 'NONE',  ( 0.3754391513987897500, 0.000000000000000000, -0.9268470443373905132 ) ) ;
#1071 = CARTESIAN_POINT ( 'NONE',  ( 1.043515625000000169, 0.000000000000000000, -0.5769726562499998268 ) ) ;
#1072 = CARTESIAN_POINT ( 'NONE',  ( 0.8029017911606948221, 0.000000000000000000, -0.3962838404839729711 ) ) ;
#1073 = ORIENTED_EDGE ( 'NONE', *, *, #362, .F. ) ;
#1074 = VECTOR ( 'NONE', #6654, 39.37007874015748143 ) ;
#1075 = VERTEX_POINT ( 'NONE', #4067 ) ;
#1076 = CARTESIAN_POINT ( 'NONE',  ( 0.7178523465184273311, 0.000000000000000000, -0.5795448060382732969 ) ) ;
#1077 = CARTESIAN_POINT ( 'NONE',  ( 0.6462499999999998801, 0.04000000000000000083, -0.4587109374999998601 ) ) ;
#1078 = CARTESIAN_POINT ( 'NONE',  ( 0.7490332031249997691, 0.04000000000000000083, -0.6018749999999998268 ) ) ;
#1079 = LINE ( 'NONE', #2218, #1801 ) ;
#1080 = CARTESIAN_POINT ( 'NONE',  ( 0.5733992839026809119, 0.04000000000000000083, -0.5806476161026022931 ) ) ;
#1081 = CARTESIAN_POINT ( 'NONE',  ( 1.549617683923966149, 0.000000000000000000, -0.3771084382536133983 ) ) ;
#1082 = AXIS2_PLACEMENT_3D ( 'NONE', #6332, #2449, #5283 ) ;
#1083 = CARTESIAN_POINT ( 'NONE',  ( 0.8578710937499999245, 0.04000000000000000083, -0.4626660156249999267 ) ) ;
#1084 = CARTESIAN_POINT ( 'NONE',  ( 1.807121481614850644, 0.000000000000000000, -0.6017280207845644435 ) ) ;
#1085 = VERTEX_POINT ( 'NONE', #6269 ) ;
#1086 = CARTESIAN_POINT ( 'NONE',  ( 1.846860167443127088, 0.04000000000000000083, -0.5796946418014480296 ) ) ;
#1087 = ORIENTED_EDGE ( 'NONE', *, *, #5861, .F. ) ;
#1088 = CARTESIAN_POINT ( 'NONE',  ( 1.345667444776148747, 0.000000000000000000, -0.3564675833465724697 ) ) ;
#1089 = VECTOR ( 'NONE', #6400, 39.37007874015748854 ) ;
#1090 = DIRECTION ( 'NONE',  ( 0.000000000000000000, -1.000000000000000000, 0.000000000000000000 ) ) ;
#1091 = DIMENSIONAL_EXPONENTS ( 1.000000000000000000, 0.000000000000000000, 0.000000000000000000, 0.000000000000000000, 0.000000000000000000, 0.000000000000000000, 0.000000000000000000 ) ;
#1092 = CARTESIAN_POINT ( 'NONE',  ( 0.7702603667664941200, 0.000000000000000000, -0.5915964491401602965 ) ) ;
#1093 = B_SPLINE_CURVE_WITH_KNOTS ( 'NONE', 3,
 ( #6561, #7186, #4934, #3772, #1501, #5984, #1027, #1652, #993, #6090, #1105, #5403, #2168, #6485, #3343, #401, #2792, #7043, #2058 ),
 .UNSPECIFIED., .F., .F.,
 ( 4, 1, 1, 1, 1, 1, 1, 1, 1, 1, 1, 1, 1, 1, 1, 1, 4 ),
 ( 0.000000000000000000, 0.08813148623672574511, 0.1710875500533190485, 0.2491832337424138288, 0.3211275929974093946, 0.3892840120921263747, 0.4529417320694836269, 0.5124062842267692597, 0.5689367804306739718, 0.6230268497017521501, 0.6751232515779383991, 0.7260154352258681998, 0.7777339998492147632, 0.8294971590612504331, 0.8838531856309457257, 0.9399226188883623712, 1.000000000000000000 ),
 .UNSPECIFIED. ) ;
#1094 = CARTESIAN_POINT ( 'NONE',  ( 1.439267578124999725, 0.04000000000000000083, -0.5987499999999996714 ) ) ;
#1095 = CARTESIAN_POINT ( 'NONE',  ( 0.5879492187499998357, 0.000000000000000000, -0.5476269531249998712 ) ) ;
#1096 = AXIS2_PLACEMENT_3D ( 'NONE', #748, #4184, #5201 ) ;
#1097 = CARTESIAN_POINT ( 'NONE',  ( 0.8086774015304657448, 0.04000000000000000083, -0.3552149494256104933 ) ) ;
#1098 = ADVANCED_FACE ( 'NONE', ( #6128 ), #3381, .T. ) ;
#1099 = AXIS2_PLACEMENT_3D ( 'NONE', #1880, #2462, #1841 ) ;
#1100 = CARTESIAN_POINT ( 'NONE',  ( 1.989414062500000080, 0.000000000000000000, -0.3638378906249996048 ) ) ;
#1101 = CARTESIAN_POINT ( 'NONE',  ( 0.8111839591274118133, 0.000000000000000000, -0.4896144784986271592 ) ) ;
#1102 = CARTESIAN_POINT ( 'NONE',  ( 1.043751597191849179, 0.04000000000000000083, -0.5726454705592916028 ) ) ;
#1103 = CARTESIAN_POINT ( 'NONE',  ( 2.480000000000000870, 0.3049999999999991607, -0.1250000000000000000 ) ) ;
#1104 = CARTESIAN_POINT ( 'NONE',  ( 0.7708667805938640427, 0.04000000000000000083, -0.5655619353124127224 ) ) ;
#1105 = CARTESIAN_POINT ( 'NONE',  ( 2.014608121733580948, 0.04000000000000000083, -0.4087424215289235940 ) ) ;
#1106 = CARTESIAN_POINT ( 'NONE',  ( 0.8389257812499998357, 0.000000000000000000, -0.5912304687499998490 ) ) ;
#1107 = B_SPLINE_CURVE_WITH_KNOTS ( 'NONE', 3,
 ( #6040, #5389, #389, #459, #3836, #4919, #498, #1086, #349, #5354, #4304, #2593, #5429, #2664, #4882, #7099, #1686, #511, #2274 ),
 .UNSPECIFIED., .F., .F.,
 ( 4, 1, 1, 1, 1, 1, 1, 1, 1, 1, 1, 1, 1, 1, 1, 1, 4 ),
 ( 0.000000000000000000, 0.05336505313206021950, 0.1127034132359751722, 0.1771106852119861130, 0.2470948034324101372, 0.3176078465386043548, 0.3832928668196881605, 0.4452353310191128344, 0.5030462680000191700, 0.5589832419339234582, 0.6148546262725522737, 0.6725131392492817994, 0.7322538535984124408, 0.7941805302445800185, 0.8583406294901260170, 0.9271979424673697512, 1.000000000000000000 ),
 .UNSPECIFIED. ) ;
#1108 = B_SPLINE_SURFACE_WITH_KNOTS ( 'NONE', 3, 1, ( 
 ( #5719, #4090 ),
 ( #3832, #2696 ),
 ( #7025, #6505 ),
 ( #2627, #936 ),
 ( #5492, #419 ),
 ( #7134, #6003 ),
 ( #3213, #5899 ),
 ( #495, #4915 ),
 ( #5966, #4811 ),
 ( #2111, #384 ),
 ( #904, #2148 ) ),
 .UNSPECIFIED., .F., .F., .F.,
 ( 4, 1, 1, 1, 1, 1, 1, 1, 4 ),
 ( 2, 2 ),
 ( 0.000000000000000000, 0.1065231786078187359, 0.2098636730112684035, 0.3165417078732684630, 0.4305558932821824669, 0.5527832733586784952, 0.6846266747745565207, 0.8329156505530146415, 1.000000000000000000 ),
 ( 0.000000000000000000, 1.000000000000000000 ),
 .UNSPECIFIED. ) ;
#1109 = VECTOR ( 'NONE', #6833, 39.37007874015748143 ) ;
#1110 = EDGE_CURVE ( 'NONE', #864, #3777, #2422, .T. ) ;
#1111 = VERTEX_POINT ( 'NONE', #4174 ) ;
#1112 = VERTEX_POINT ( 'NONE', #5769 ) ;
#1113 = LINE ( 'NONE', #1732, #1798 ) ;
#1114 = CARTESIAN_POINT ( 'NONE',  ( 2.041661406369450926, 0.000000000000000000, -0.3991719466861887167 ) ) ;
#1115 = CARTESIAN_POINT ( 'NONE',  ( 0.8169367725002659730, 0.04000000000000000083, -0.5760103436580489289 ) ) ;
#1116 = CARTESIAN_POINT ( 'NONE',  ( 1.389937715287782982, 0.04000000000000000083, -0.3815535789347728191 ) ) ;
#1117 = CARTESIAN_POINT ( 'NONE',  ( 0.8100047737412046089, 0.000000000000000000, -0.4097328900665198059 ) ) ;
#1118 = EDGE_CURVE ( 'NONE', #3268, #232, #4785, .T. ) ;
#1119 = EDGE_LOOP ( 'NONE', ( #3384, #66, #4541, #131 ) ) ;
#1120 = ORIENTED_EDGE ( 'NONE', *, *, #2059, .T. ) ;
#1121 = CARTESIAN_POINT ( 'NONE',  ( 2.145669100233534632, 0.000000000000000000, -0.5928387995711422720 ) ) ;
#1122 = CARTESIAN_POINT ( 'NONE',  ( 1.450749392804951299, 0.000000000000000000, -0.5973976626379204902 ) ) ;
#1123 = DIRECTION ( 'NONE',  ( 0.000000000000000000, 0.000000000000000000, -1.000000000000000000 ) ) ;
#1124 = DIRECTION ( 'NONE',  ( -0.000000000000000000, -1.000000000000000000, -0.000000000000000000 ) ) ;
#1125 = CARTESIAN_POINT ( 'NONE',  ( 9.496423977975779536E-17, 0.2350000000000000144, -0.7300000000000003153 ) ) ;
#1126 = CARTESIAN_POINT ( 'NONE',  ( 1.198789062500000169, 0.04000000000000000083, -0.3549999999999997602 ) ) ;
#1127 = CARTESIAN_POINT ( 'NONE',  ( 1.700881053803499521, 0.04000000000000000083, -0.3639637570138780087 ) ) ;
#1128 = CARTESIAN_POINT ( 'NONE',  ( 1.841806640624999991, 0.04000000000000000083, -0.4549999999999996270 ) ) ;
#1129 = EDGE_LOOP ( 'NONE', ( #5413, #5193, #3984, #4512 ) ) ;
#1130 = CARTESIAN_POINT ( 'NONE',  ( 1.976074589354286593, 0.04000000000000000083, -0.3715362533805048328 ) ) ;
#1131 = CARTESIAN_POINT ( 'NONE',  ( 1.356844867068215832, 0.000000000000000000, -0.3521447688439878210 ) ) ;
#1132 = CARTESIAN_POINT ( 'NONE',  ( 0.8557770855074384730, 0.000000000000000000, -0.5204076692650108082 ) ) ;
#1133 = CARTESIAN_POINT ( 'NONE',  ( 2.155625000000000124, 0.04000000000000000083, -0.3876171874999996270 ) ) ;
#1134 = CARTESIAN_POINT ( 'NONE',  ( 1.503183593749999769, 0.000000000000000000, -0.5987499999999996714 ) ) ;
#1135 = CARTESIAN_POINT ( 'NONE',  ( 1.725839843749999991, 0.04000000000000000083, -0.3518749999999996603 ) ) ;
#1136 = CARTESIAN_POINT ( 'NONE',  ( 1.725839843749999991, 0.000000000000000000, -0.3518749999999996603 ) ) ;
#1137 = DIRECTION ( 'NONE',  ( 0.000000000000000000, -0.000000000000000000, 1.000000000000000000 ) ) ;
#1138 = CARTESIAN_POINT ( 'NONE',  ( 1.002392481485496312, 0.04000000000000000083, -0.5702071286887876456 ) ) ;
#1139 = CARTESIAN_POINT ( 'NONE',  ( 1.287558593749999813, 0.04000000000000000083, -0.5518749999999997824 ) ) ;
#1140 = CARTESIAN_POINT ( 'NONE',  ( 2.017295303861960321, 0.000000000000000000, -0.5191742615367678226 ) ) ;
#1141 = CARTESIAN_POINT ( 'NONE',  ( 1.484220876722022187, 0.04000000000000000083, -0.5950721946915216165 ) ) ;
#1142 = EDGE_CURVE ( 'NONE', #5221, #4214, #3016, .T. ) ;
#1143 = CARTESIAN_POINT ( 'NONE',  ( 1.063547354717262916, 0.000000000000000000, -0.4647665737124370144 ) ) ;
#1144 = CARTESIAN_POINT ( 'NONE',  ( 1.072421875000000080, 0.04000000000000000083, -0.5987499999999996714 ) ) ;
#1145 = ORIENTED_EDGE ( 'NONE', *, *, #4202, .T. ) ;
#1146 = ORIENTED_EDGE ( 'NONE', *, *, #1059, .T. ) ;
#1147 = CARTESIAN_POINT ( 'NONE',  ( 0.8580961260743287244, 0.04000000000000000083, -0.5379659638510606579 ) ) ;
#1148 = CARTESIAN_POINT ( 'NONE',  ( 2.005625000000000213, 0.000000000000000000, -0.4304882812499996048 ) ) ;
#1149 = CARTESIAN_POINT ( 'NONE',  ( 1.734402016796388057, 0.04000000000000000083, -0.3530827825236417250 ) ) ;
#1150 = EDGE_CURVE ( 'NONE', #1514, #3612, #881, .T. ) ;
#1151 = CARTESIAN_POINT ( 'NONE',  ( 2.123154296875000124, 0.04000000000000000083, -0.3549999999999996492 ) ) ;
#1152 = CARTESIAN_POINT ( 'NONE',  ( 0.8556249999999999689, 0.04000000000000000083, -0.5257031249999999378 ) ) ;
#1153 = ORIENTED_EDGE ( 'NONE', *, *, #3640, .F. ) ;
#1154 = ORIENTED_EDGE ( 'NONE', *, *, #5215, .T. ) ;
#1155 = CARTESIAN_POINT ( 'NONE',  ( 2.137648420393957860, 0.04000000000000000083, -0.5968572929066623400 ) ) ;
#1156 = CARTESIAN_POINT ( 'NONE',  ( 1.480008706977417710, 0.04000000000000000083, -0.5585927161988891720 ) ) ;
#1157 = CARTESIAN_POINT ( 'NONE',  ( 1.260921996622274888, 0.000000000000000000, -0.5882203109763203264 ) ) ;
#1158 = DIRECTION ( 'NONE',  ( -0.000000000000000000, -0.000000000000000000, 1.000000000000000000 ) ) ;
#1159 = CARTESIAN_POINT ( 'NONE',  ( 2.065390625000000036, 0.04000000000000000083, -0.5549999999999996048 ) ) ;
#1160 = ADVANCED_FACE ( 'NONE', ( #5294 ), #291, .T. ) ;
#1161 = CARTESIAN_POINT ( 'NONE',  ( 1.553494505357658317, 0.000000000000000000, -0.3650451582485014779 ) ) ;
#1162 = CARTESIAN_POINT ( 'NONE',  ( 0.6038552888771336891, 0.000000000000000000, -0.6018177046880093251 ) ) ;
#1163 = B_SPLINE_CURVE_WITH_KNOTS ( 'NONE', 3,
 ( #3689, #5897, #5349, #798, #3068, #2553, #4774, #343, #4627, #5825, #6842 ),
 .UNSPECIFIED., .F., .F.,
 ( 4, 1, 1, 1, 1, 1, 1, 1, 4 ),
 ( 0.000000000000000000, 0.1202561770071344793, 0.2336311288082739690, 0.3436828735499137255, 0.4563072865791955035, 0.5746948935446934970, 0.7011011373580656736, 0.8416991956304913369, 1.000000000000000000 ),
 .UNSPECIFIED. ) ;
#1164 = ORIENTED_EDGE ( 'NONE', *, *, #4416, .T. ) ;
#1165 = CARTESIAN_POINT ( 'NONE',  ( 1.654892578124999680, 0.04000000000000000083, -0.5518749999999997824 ) ) ;
#1166 = EDGE_LOOP ( 'NONE', ( #3898, #235, #4696, #6055 ) ) ;
#1167 = CARTESIAN_POINT ( 'NONE',  ( 0.8677575429458291856, 0.000000000000000000, -0.5979202689991677255 ) ) ;
#1168 = LINE ( 'NONE', #1752, #2733 ) ;
#1169 = CARTESIAN_POINT ( 'NONE',  ( 0.9758398437499998801, 0.04000000000000000083, -0.3518749999999999378 ) ) ;
#1170 = EDGE_CURVE ( 'NONE', #1266, #3897, #6822, .T. ) ;
#1171 = DIRECTION ( 'NONE',  ( 0.000000000000000000, 0.000000000000000000, 1.000000000000000000 ) ) ;
#1172 = CARTESIAN_POINT ( 'NONE',  ( 2.155587862305276214, -0.000000000000000000, -0.5675001852716956563 ) ) ;
#1173 = CARTESIAN_POINT ( 'NONE',  ( 1.922964611230536969, 0.000000000000000000, -0.3866524030258459699 ) ) ;
#1174 = CARTESIAN_POINT ( 'NONE',  ( 2.099375000000000213, 0.000000000000000000, -0.5018749999999996270 ) ) ;
#1175 = CARTESIAN_POINT ( 'NONE',  ( 0.8512344866955046108, 0.000000000000000000, -0.4640700261579376318 ) ) ;
#1176 = CARTESIAN_POINT ( 'NONE',  ( 2.480000000000000870, 0.1350000000000000089, -0.1250000000000000000 ) ) ;
#1177 = CARTESIAN_POINT ( 'NONE',  ( 2.015259286013352025, 0.000000000000000000, -0.5258209467239467472 ) ) ;
#1178 = CARTESIAN_POINT ( 'NONE',  ( 2.008487379501214143, 0.000000000000000000, -0.4165892193488865969 ) ) ;
#1179 = CARTESIAN_POINT ( 'NONE',  ( 2.015259286013352025, 0.000000000000000000, -0.5258209467239467472 ) ) ;
#1180 = CARTESIAN_POINT ( 'NONE',  ( 0.6018029364463032271, -0.000000000000000000, -0.6018554773650260925 ) ) ;
#1181 = ORIENTED_EDGE ( 'NONE', *, *, #5880, .T. ) ;
#1182 = ORIENTED_EDGE ( 'NONE', *, *, #6979, .F. ) ;
#1183 = CARTESIAN_POINT ( 'NONE',  ( 1.965286677259609815, 0.04000000000000000083, -0.5604076494325447300 ) ) ;
#1184 = CARTESIAN_POINT ( 'NONE',  ( 2.006280746164528672, 0.000000000000000000, -0.4230874813009429247 ) ) ;
#1185 = CARTESIAN_POINT ( 'NONE',  ( 0.8389257812499998357, 0.04000000000000000083, -0.5912304687499998490 ) ) ;
#1186 = CARTESIAN_POINT ( 'NONE',  ( 1.365000000000000435, 0.1350000000000000089, -0.7300000000000000933 ) ) ;
#1187 = CARTESIAN_POINT ( 'NONE',  ( 0.7964724458484541136, 0.000000000000000000, -0.3804545671676103358 ) ) ;
#1188 = VERTEX_POINT ( 'NONE', #6889 ) ;
#1189 = EDGE_LOOP ( 'NONE', ( #2768, #6351, #2101, #854 ) ) ;
#1190 = EDGE_CURVE ( 'NONE', #2131, #3851, #4639, .T. ) ;
#1191 = CARTESIAN_POINT ( 'NONE',  ( 2.134439080147174206, 0.04000000000000000083, -0.5977548188707539900 ) ) ;
#1192 = CARTESIAN_POINT ( 'NONE',  ( 1.472466250253841258, 0.000000000000000000, -0.5736734020095923814 ) ) ;
#1193 = CARTESIAN_POINT ( 'NONE',  ( 0.9758398437499998801, 0.000000000000000000, -0.3518749999999999378 ) ) ;
#1194 = APPLICATION_CONTEXT ( 'automotive_design' ) ;
#1195 = CARTESIAN_POINT ( 'NONE',  ( 1.070103885656789711, -0.000000000000000000, -0.5550576459251815864 ) ) ;
#1196 = CARTESIAN_POINT ( 'NONE',  ( 0.9065039062499998801, 0.000000000000000000, -0.5549999999999999378 ) ) ;
#1197 = CARTESIAN_POINT ( 'NONE',  ( 1.703964843750000124, 0.04000000000000000083, -0.4032910156249995826 ) ) ;
#1198 = LINE ( 'NONE', #5643, #6901 ) ;
#1199 = ORIENTED_EDGE ( 'NONE', *, *, #4623, .T. ) ;
#1200 = ADVANCED_FACE ( 'NONE', ( #3699 ), #2492, .T. ) ;
#1201 = CARTESIAN_POINT ( 'NONE',  ( 1.972180394009269033, 0.04000000000000000083, -0.3746111238449672531 ) ) ;
#1202 = ORIENTED_EDGE ( 'NONE', *, *, #1274, .F. ) ;
#1203 = CARTESIAN_POINT ( 'NONE',  ( 1.212713178276606296, 0.04000000000000000083, -0.5969747040623964995 ) ) ;
#1204 = CARTESIAN_POINT ( 'NONE',  ( 2.065390625000000036, 0.000000000000000000, -0.5549999999999996048 ) ) ;
#1205 = VECTOR ( 'NONE', #2085, 39.37007874015748143 ) ;
#1206 = CARTESIAN_POINT ( 'NONE',  ( 0.9758398437499998801, 0.000000000000000000, -0.3518749999999999378 ) ) ;
#1207 = CARTESIAN_POINT ( 'NONE',  ( 1.039887947698196813, 0.04000000000000000083, -0.3810312407221306819 ) ) ;
#1208 = DIRECTION ( 'NONE',  ( 1.000000000000000000, 0.000000000000000000, 0.000000000000000000 ) ) ;
#1209 = VECTOR ( 'NONE', #4091, 39.37007874015748143 ) ;
#1210 = ADVANCED_FACE ( 'NONE', ( #2975 ), #6342, .T. ) ;
#1211 = ORIENTED_EDGE ( 'NONE', *, *, #2365, .T. ) ;
#1212 = PLANE ( 'NONE',  #4147 ) ;
#1213 = CARTESIAN_POINT ( 'NONE',  ( 1.002463465363874429, 0.000000000000000000, -0.5675817320605969218 ) ) ;
#1214 = CARTESIAN_POINT ( 'NONE',  ( 1.768004630529027565, 0.000000000000000000, -0.5617532807095064751 ) ) ;
#1215 = CARTESIAN_POINT ( 'NONE',  ( 1.963362791932468765, 0.04000000000000000083, -0.5557631974315553336 ) ) ;
#1216 = AXIS2_PLACEMENT_3D ( 'NONE', #6075, #1090, #544 ) ;
#1217 = CARTESIAN_POINT ( 'NONE',  ( 0.8786860888298816397, 0.04000000000000000083, -0.5531585359973133498 ) ) ;
#1218 = CARTESIAN_POINT ( 'NONE',  ( 1.589730761765620226, 0.000000000000000000, -0.3537438756759778702 ) ) ;
#1219 = CARTESIAN_POINT ( 'NONE',  ( 0.8001639730080880586, 0.000000000000000000, -0.3902809971166886216 ) ) ;
#1220 = AXIS2_PLACEMENT_3D ( 'NONE', #6643, #4574, #5590 ) ;
#1221 = ORIENTED_EDGE ( 'NONE', *, *, #3111, .T. ) ;
#1222 = ORIENTED_EDGE ( 'NONE', *, *, #1142, .F. ) ;
#1223 = CARTESIAN_POINT ( 'NONE',  ( 0.8820450314032773909, 0.000000000000000000, -0.5537285913091706258 ) ) ;
#1224 = CARTESIAN_POINT ( 'NONE',  ( 2.099375000000000213, 0.04000000000000000083, -0.3987499999999996048 ) ) ;
#1225 = DIRECTION ( 'NONE',  ( 0.000000000000000000, -1.000000000000000000, 0.000000000000000000 ) ) ;
#1226 = VECTOR ( 'NONE', #4965, 39.37007874015748143 ) ;
#1227 = CARTESIAN_POINT ( 'NONE',  ( 0.8997117927316486963, 0.04000000000000000083, -0.4957599516431793751 ) ) ;
#1228 = B_SPLINE_CURVE_WITH_KNOTS ( 'NONE', 3,
 ( #1378, #2405, #3609, #828, #3063, #272, #6983, #1965, #2516, #4191, #3641 ),
 .UNSPECIFIED., .F., .F.,
 ( 4, 1, 1, 1, 1, 1, 1, 1, 4 ),
 ( 0.000000000000000000, 0.1709561958077451260, 0.3194714290739807949, 0.4531758843957423566, 0.5739046914924098575, 0.6871045020681066928, 0.7922375100425964600, 0.8948669920255097887, 1.000000000000000000 ),
 .UNSPECIFIED. ) ;
#1229 = EDGE_LOOP ( 'NONE', ( #4225, #5108, #1884, #3427 ) ) ;
#1230 = CARTESIAN_POINT ( 'NONE',  ( 0.7374941078461679789, 0.000000000000000000, -0.6003819839028301519 ) ) ;
#1231 = CARTESIAN_POINT ( 'NONE',  ( 1.484411253098862904, 0.04000000000000000083, -0.5555375894150006433 ) ) ;
#1232 = VECTOR ( 'NONE', #5817, 39.37007874015748143 ) ;
#1233 = CARTESIAN_POINT ( 'NONE',  ( 1.081015625000000036, 0.04000000000000000083, -0.4612499999999997713 ) ) ;
#1234 = LINE ( 'NONE', #2884, #750 ) ;
#1235 = LINE ( 'NONE', #6694, #4019 ) ;
#1236 = CARTESIAN_POINT ( 'NONE',  ( 1.856943359375000435, 0.000000000000000000, -0.5549999999999997158 ) ) ;
#1237 = EDGE_CURVE ( 'NONE', #3199, #3012, #6376, .T. ) ;
#1238 = CARTESIAN_POINT ( 'NONE',  ( 1.953687881266021886, 0.000000000000000000, -0.4513084625696556773 ) ) ;
#1239 = ORIENTED_EDGE ( 'NONE', *, *, #6940, .F. ) ;
#1240 = CARTESIAN_POINT ( 'NONE',  ( 0.9695410156249998357, 0.04000000000000000083, -0.5987499999999998934 ) ) ;
#1241 = CARTESIAN_POINT ( 'NONE',  ( 0.8242773437500000577, 0.04000000000000000083, -0.3518749999999999933 ) ) ;
#1242 = CARTESIAN_POINT ( 'NONE',  ( 0.7328505355897714235, 0.000000000000000000, -0.5983371451367676119 ) ) ;
#1243 = CARTESIAN_POINT ( 'NONE',  ( 0.9957248583850670798, 0.04000000000000000083, -0.3602255297463956007 ) ) ;
#1244 = EDGE_CURVE ( 'NONE', #447, #670, #6914, .T. ) ;
#1245 = LINE ( 'NONE', #3481, #6200 ) ;
#1246 = LINE ( 'NONE', #2343, #3188 ) ;
#1247 = VERTEX_POINT ( 'NONE', #4310 ) ;
#1248 = CARTESIAN_POINT ( 'NONE',  ( 2.415000000000000036, 0.2350000000000000144, -1.479999999999999982 ) ) ;
#1249 = CARTESIAN_POINT ( 'NONE',  ( 0.8567099224495503540, 0.04000000000000000083, -0.5340985497155648076 ) ) ;
#1250 = CARTESIAN_POINT ( 'NONE',  ( 0.000000000000000000, 0.000000000000000000, 0.000000000000000000 ) ) ;
#1251 = CARTESIAN_POINT ( 'NONE',  ( 2.020725600062453164, 0.04000000000000000083, -0.4557134442500487825 ) ) ;
#1252 = EDGE_CURVE ( 'NONE', #1188, #2540, #3806, .T. ) ;
#1253 = CARTESIAN_POINT ( 'NONE',  ( 2.019150390625000124, 0.04000000000000000083, -0.5161816406249996048 ) ) ;
#1254 = LINE ( 'NONE', #736, #3185 ) ;
#1255 = VERTEX_POINT ( 'NONE', #5501 ) ;
#1256 = CARTESIAN_POINT ( 'NONE',  ( 1.949375000000000302, 0.04000000000000000083, -0.4263378906249996603 ) ) ;
#1257 = CARTESIAN_POINT ( 'NONE',  ( 1.731770905346303735, 0.04000000000000000083, -0.3523353081848260016 ) ) ;
#1258 = CARTESIAN_POINT ( 'NONE',  ( 1.584509206131682113, 0.04000000000000000083, -0.3521032973289328627 ) ) ;
#1259 = CARTESIAN_POINT ( 'NONE',  ( 1.723727356564559665, 0.000000000000000000, -0.3519476063188267667 ) ) ;
#1260 = CARTESIAN_POINT ( 'NONE',  ( 0.7291058865463236893, 0.04000000000000000083, -0.5950933196900610733 ) ) ;
#1261 = ORIENTED_EDGE ( 'NONE', *, *, #5914, .T. ) ;
#1262 = CARTESIAN_POINT ( 'NONE',  ( 0.6953778771506584633, 0.000000000000000000, -0.3599085145677565212 ) ) ;
#1263 = DIRECTION ( 'NONE',  ( -0.000000000000000000, -1.000000000000000000, -0.000000000000000000 ) ) ;
#1264 = FACE_OUTER_BOUND ( 'NONE', #3633, .T. ) ;
#1265 = CARTESIAN_POINT ( 'NONE',  ( 2.099375000000000213, 0.000000000000000000, -0.4612499999999996048 ) ) ;
#1266 = VERTEX_POINT ( 'NONE', #5359 ) ;
#1267 = CARTESIAN_POINT ( 'NONE',  ( 1.002499999999999947, 0.04000000000000000083, -0.3841992187499999045 ) ) ;
#1268 = CARTESIAN_POINT ( 'NONE',  ( 0.2500000000000000000, 0.2049999999999981559, 0.1000000000000000056 ) ) ;
#1269 = ORIENTED_EDGE ( 'NONE', *, *, #4243, .T. ) ;
#1270 = CARTESIAN_POINT ( 'NONE',  ( 1.365000000000000435, 0.1600000000000000033, -1.180000000000000160 ) ) ;
#1271 = CARTESIAN_POINT ( 'NONE',  ( 1.216587779875847541, 0.000000000000000000, -0.5954433579727881343 ) ) ;
#1272 = ORIENTED_EDGE ( 'NONE', *, *, #1454, .F. ) ;
#1273 = CARTESIAN_POINT ( 'NONE',  ( 0.8556249999999999689, 0.000000000000000000, -0.5257031249999999378 ) ) ;
#1274 = EDGE_CURVE ( 'NONE', #6094, #2853, #6046, .T. ) ;
#1275 = CARTESIAN_POINT ( 'NONE',  ( 1.601754476483687073, 0.04000000000000000083, -0.3645620637580315737 ) ) ;
#1276 = LINE ( 'NONE', #4629, #5513 ) ;
#1277 = LINE ( 'NONE', #4744, #6895 ) ;
#1278 = B_SPLINE_CURVE_WITH_KNOTS ( 'NONE', 3,
 ( #6757, #4072, #1258, #3495, #4004, #5668, #2911, #674, #5127, #119, #705 ),
 .UNSPECIFIED., .F., .F.,
 ( 4, 1, 1, 1, 1, 1, 1, 1, 4 ),
 ( 0.000000000000000000, 0.1202561770071344238, 0.2336311288082738580, 0.3436828735499135590, 0.4563072865791953370, 0.5746948935446932749, 0.7011011373580654515, 0.8416991956304910039, 1.000000000000000000 ),
 .UNSPECIFIED. ) ;
#1279 = CARTESIAN_POINT ( 'NONE',  ( 1.741186450211744008, 0.000000000000000000, -0.3566293946510081803 ) ) ;
#1280 = ADVANCED_FACE ( 'NONE', ( #3258 ), #4924, .T. ) ;
#1281 = ORIENTED_EDGE ( 'NONE', *, *, #5246, .T. ) ;
#1282 = CARTESIAN_POINT ( 'NONE',  ( 0.8389257812499998357, 0.04000000000000000083, -0.5912304687499998490 ) ) ;
#1283 = CARTESIAN_POINT ( 'NONE',  ( 0.9735502389580072968, 0.000000000000000000, -0.5986446091928511182 ) ) ;
#1284 = CARTESIAN_POINT ( 'NONE',  ( 2.024297578616763627, 0.000000000000000000, -0.4572643449136007399 ) ) ;
#1285 = CARTESIAN_POINT ( 'NONE',  ( 1.990244140625000213, 0.000000000000000000, -0.5876660156249995381 ) ) ;
#1286 = ORIENTED_EDGE ( 'NONE', *, *, #1299, .T. ) ;
#1287 = LINE ( 'NONE', #4502, #494 ) ;
#1288 = CARTESIAN_POINT ( 'NONE',  ( 0.6067912039506536681, 0.000000000000000000, -0.6012846810752078275 ) ) ;
#1289 = B_SPLINE_CURVE_WITH_KNOTS ( 'NONE', 3,
 ( #4517, #6763, #5564, #6729, #2847, #1743, #3468, #5066, #3431 ),
 .UNSPECIFIED., .F., .F.,
 ( 4, 1, 1, 1, 1, 1, 4 ),
 ( 0.000000000000000000, 0.2067319430304936645, 0.4164874890500552818, 0.5328523590769155271, 0.6696120259604950720, 0.8257535635120146766, 1.000000000000000000 ),
 .UNSPECIFIED. ) ;
#1290 = ORIENTED_EDGE ( 'NONE', *, *, #2952, .T. ) ;
#1291 = ADVANCED_FACE ( 'NONE', ( #3183 ), #5466, .F. ) ;
#1292 = CARTESIAN_POINT ( 'NONE',  ( 1.766953125000000346, 0.04000000000000000083, -0.4112499999999996159 ) ) ;
#1293 = CARTESIAN_POINT ( 'NONE',  ( 1.751459448207661973, 0.04000000000000000083, -0.3724999552451462304 ) ) ;
#1294 = CARTESIAN_POINT ( 'NONE',  ( 1.052844053295530102, 0.04000000000000000083, -0.5597009526692692249 ) ) ;
#1295 = CARTESIAN_POINT ( 'NONE',  ( 0.8031137021850512925, 0.000000000000000000, -0.5048465726402794340 ) ) ;
#1296 = CARTESIAN_POINT ( 'NONE',  ( 0.7257584639991727649, 0.04000000000000000083, -0.5909021008537977959 ) ) ;
#1297 = ORIENTED_EDGE ( 'NONE', *, *, #2407, .T. ) ;
#1298 = CARTESIAN_POINT ( 'NONE',  ( 1.081015625000000036, 0.04000000000000000083, -0.5049999999999997824 ) ) ;
#1299 = EDGE_CURVE ( 'NONE', #2095, #921, #6732, .T. ) ;
#1300 = CARTESIAN_POINT ( 'NONE',  ( 0.8405256309002030468, 0.04000000000000000083, -0.5919277591688788531 ) ) ;
#1301 = CARTESIAN_POINT ( 'NONE',  ( 0.8810613643722925437, 0.04000000000000000083, -0.4172523011105747637 ) ) ;
#1302 = CARTESIAN_POINT ( 'NONE',  ( 2.020725600062453164, 0.000000000000000000, -0.4557134442500487825 ) ) ;
#1303 = FACE_OUTER_BOUND ( 'NONE', #5606, .T. ) ;
#1304 = ORIENTED_EDGE ( 'NONE', *, *, #6297, .T. ) ;
#1305 = CARTESIAN_POINT ( 'NONE',  ( 1.989414062500000080, 0.04000000000000000083, -0.3638378906249996048 ) ) ;
#1306 = ORIENTED_EDGE ( 'NONE', *, *, #6384, .F. ) ;
#1307 = EDGE_LOOP ( 'NONE', ( #6370, #6285, #3157, #1545 ) ) ;
#1308 = CARTESIAN_POINT ( 'NONE',  ( 2.065390625000000036, 0.000000000000000000, -0.5549999999999996048 ) ) ;
#1309 = CARTESIAN_POINT ( 'NONE',  ( 0.8489899778967262556, 0.000000000000000000, -0.3652418751803820918 ) ) ;
#1310 = EDGE_LOOP ( 'NONE', ( #6414, #4001, #6425, #5739 ) ) ;
#1311 = CARTESIAN_POINT ( 'NONE',  ( 1.174375000000000169, 0.04000000000000000083, -0.5049999999999997824 ) ) ;
#1312 = CARTESIAN_POINT ( 'NONE',  ( 1.000959011734201765, 0.000000000000000000, -0.3705980698504995341 ) ) ;
#1313 = CARTESIAN_POINT ( 'NONE',  ( 2.021672736891621636, 0.000000000000000000, -0.5123038433817277415 ) ) ;
#1314 = DIRECTION ( 'NONE',  ( -1.000000000000000000, 0.000000000000000000, 0.000000000000000000 ) ) ;
#1315 = VECTOR ( 'NONE', #4344, 39.37007874015748143 ) ;
#1316 = CARTESIAN_POINT ( 'NONE',  ( 0.8627864884149806235, 0.000000000000000000, -0.5446684758754918310 ) ) ;
#1317 = DIRECTION ( 'NONE',  ( 0.000000000000000000, -1.000000000000000000, -0.000000000000000000 ) ) ;
#1318 = CARTESIAN_POINT ( 'NONE',  ( 0.8055458715792485069, 0.000000000000000000, -0.3569883667585909692 ) ) ;
#1319 = CARTESIAN_POINT ( 'NONE',  ( 2.008554688379102782, 0.000000000000000000, -0.4443722439271968194 ) ) ;
#1320 = CARTESIAN_POINT ( 'NONE',  ( 1.973416091810034745, 0.04000000000000000083, -0.5733913833826762563 ) ) ;
#1321 = ORIENTED_EDGE ( 'NONE', *, *, #1003, .F. ) ;
#1322 = CARTESIAN_POINT ( 'NONE',  ( 1.365000000000000657, 0.000000000000000000, -0.8800000000000002265 ) ) ;
#1323 = AXIS2_PLACEMENT_3D ( 'NONE', #504, #7180, #3841 ) ;
#1324 = PLANE ( 'NONE',  #1901 ) ;
#1325 = EDGE_CURVE ( 'NONE', #670, #3233, #911, .T. ) ;
#1326 = ORIENTED_EDGE ( 'NONE', *, *, #6265, .F. ) ;
#1327 =( GEOMETRIC_REPRESENTATION_CONTEXT ( 3 ) GLOBAL_UNCERTAINTY_ASSIGNED_CONTEXT ( ( #1645 ) ) GLOBAL_UNIT_ASSIGNED_CONTEXT ( ( #4366, #1589, #1036 ) ) REPRESENTATION_CONTEXT ( 'NONE', 'WORKASPACE' ) );
#1328 = CARTESIAN_POINT ( 'NONE',  ( 1.974741412479674052, 0.04000000000000000083, -0.4761694779351920426 ) ) ;
#1329 = CARTESIAN_POINT ( 'NONE',  ( 1.066440298640550344, -0.000000000000000000, -0.3986965787106978021 ) ) ;
#1330 = CARTESIAN_POINT ( 'NONE',  ( 0.6464751035766497234, 0.04000000000000000083, -0.3771976947162836158 ) ) ;
#1331 = FACE_OUTER_BOUND ( 'NONE', #4791, .T. ) ;
#1332 = EDGE_CURVE ( 'NONE', #4358, #2304, #2599, .T. ) ;
#1333 = VECTOR ( 'NONE', #2966, 39.37007874015748143 ) ;
#1334 = CARTESIAN_POINT ( 'NONE',  ( 1.788490774745094658, 0.000000000000000000, -0.5949189038679593144 ) ) ;
#1335 = VERTEX_POINT ( 'NONE', #2054 ) ;
#1336 = ORIENTED_EDGE ( 'NONE', *, *, #6367, .T. ) ;
#1337 = CARTESIAN_POINT ( 'NONE',  ( 1.053149746055797698, 0.000000000000000000, -0.4874756497043725711 ) ) ;
#1338 = CARTESIAN_POINT ( 'NONE',  ( 0.8491393011753896047, 0.04000000000000000083, -0.5949943984073126080 ) ) ;
#1339 = VECTOR ( 'NONE', #5446, 39.37007874015748143 ) ;
#1340 = CARTESIAN_POINT ( 'NONE',  ( 0.9100680155439685448, 0.000000000000000000, -0.4500557876812212865 ) ) ;
#1341 = CARTESIAN_POINT ( 'NONE',  ( 2.037521308832894729, 0.000000000000000000, -0.4602926517293739472 ) ) ;
#1342 = DIRECTION ( 'NONE',  ( 0.000000000000000000, 0.000000000000000000, 1.000000000000000000 ) ) ;
#1343 = B_SPLINE_CURVE_WITH_KNOTS ( 'NONE', 3,
 ( #1134, #5541, #6664, #1641, #3256, #3915, #3372, #3952, #5575, #4343, #2269 ),
 .UNSPECIFIED., .F., .F.,
 ( 4, 1, 1, 1, 1, 1, 1, 1, 4 ),
 ( 0.000000000000000000, 0.1697667370961975786, 0.3176794559860900979, 0.4500242076991628482, 0.5714859992495899821, 0.6843530262709504042, 0.7909884223004116643, 0.8939093302669888219, 1.000000000000000000 ),
 .UNSPECIFIED. ) ;
#1344 = EDGE_CURVE ( 'NONE', #995, #5052, #4278, .T. ) ;
#1345 = CARTESIAN_POINT ( 'NONE',  ( 1.972180394009269033, 0.000000000000000000, -0.3746111238449672531 ) ) ;
#1346 = AXIS2_PLACEMENT_3D ( 'NONE', #3338, #2787, #6708 ) ;
#1347 = ORIENTED_EDGE ( 'NONE', *, *, #6446, .T. ) ;
#1348 = CARTESIAN_POINT ( 'NONE',  ( 1.960401177559732089, 0.04000000000000000083, -0.5275525584092636278 ) ) ;
#1349 = CARTESIAN_POINT ( 'NONE',  ( 1.223041611128310668, 0.04000000000000000083, -0.5910334772853688134 ) ) ;
#1350 = CARTESIAN_POINT ( 'NONE',  ( 0.6007421874999998579, 0.04000000000000000083, -0.6018749999999998268 ) ) ;
#1351 = FACE_OUTER_BOUND ( 'NONE', #6173, .T. ) ;
#1352 = CARTESIAN_POINT ( 'NONE',  ( 0.8578710937499999245, 0.04000000000000000083, -0.4626660156249999267 ) ) ;
#1353 = CARTESIAN_POINT ( 'NONE',  ( 0.9150000000000003686, 0.1350000000000000089, 0.000000000000000000 ) ) ;
#1354 = EDGE_LOOP ( 'NONE', ( #3625, #4168, #83, #6688 ) ) ;
#1355 = CARTESIAN_POINT ( 'NONE',  ( 1.949985377181279622, 0.04000000000000000083, -0.4369925174068654550 ) ) ;
#1356 = CARTESIAN_POINT ( 'NONE',  ( 1.811679687500000302, 0.04000000000000000083, -0.5456249999999995826 ) ) ;
#1357 = CARTESIAN_POINT ( 'NONE',  ( 0.7985759086361555736, 0.000000000000000000, -0.3638676234600263792 ) ) ;
#1358 = CARTESIAN_POINT ( 'NONE',  ( 2.048328620934477318, 0.04000000000000000083, -0.4612091852758919974 ) ) ;
#1359 = CARTESIAN_POINT ( 'NONE',  ( 2.017497027206465621, 0.04000000000000000083, -0.4540291119703209755 ) ) ;
#1360 = ORIENTED_EDGE ( 'NONE', *, *, #1419, .T. ) ;
#1361 = CARTESIAN_POINT ( 'NONE',  ( 2.054208984375000213, 0.04000000000000000083, -0.4612499999999996048 ) ) ;
#1362 = CARTESIAN_POINT ( 'NONE',  ( 1.045150328128848338, 0.04000000000000000083, -0.5852773747016561945 ) ) ;
#1363 = FACE_OUTER_BOUND ( 'NONE', #2534, .T. ) ;
#1364 = CARTESIAN_POINT ( 'NONE',  ( 1.462764273624399536, 0.000000000000000000, -0.5891419486050499810 ) ) ;
#1365 = ADVANCED_FACE ( 'NONE', ( #3223 ), #2636, .T. ) ;
#1366 = CARTESIAN_POINT ( 'NONE',  ( 0.8014791820610762674, 0.04000000000000000083, -0.5105737321222107994 ) ) ;
#1367 = CARTESIAN_POINT ( 'NONE',  ( 2.155540181561382607, 0.04000000000000000083, -0.3850062883877574671 ) ) ;
#1368 = CARTESIAN_POINT ( 'NONE',  ( 0.8997117927316486963, 0.000000000000000000, -0.4957599516431793751 ) ) ;
#1369 = CARTESIAN_POINT ( 'NONE',  ( 0.7429746180520723220, 0.04000000000000000083, -0.6016622449294780628 ) ) ;
#1370 = ORIENTED_EDGE ( 'NONE', *, *, #1810, .T. ) ;
#1371 = ORIENTED_EDGE ( 'NONE', *, *, #1244, .F. ) ;
#1372 = CARTESIAN_POINT ( 'NONE',  ( 1.059718810012184376, 0.04000000000000000083, -0.4986919276758339237 ) ) ;
#1373 = CARTESIAN_POINT ( 'NONE',  ( 1.041363257269023679, 0.000000000000000000, -0.3685086602160759228 ) ) ;
#1374 = EDGE_CURVE ( 'NONE', #1877, #1030, #4890, .T. ) ;
#1375 = CARTESIAN_POINT ( 'NONE',  ( 1.043751597191849179, 0.000000000000000000, -0.5726454705592916028 ) ) ;
#1376 = CARTESIAN_POINT ( 'NONE',  ( 2.153768999443915089, 0.04000000000000000083, -0.5808254009903582871 ) ) ;
#1377 = CARTESIAN_POINT ( 'NONE',  ( 1.842649803166262590, 0.000000000000000000, -0.5869697457414765340 ) ) ;
#1378 = CARTESIAN_POINT ( 'NONE',  ( 1.072421875000000080, 0.000000000000000000, -0.5987499999999996714 ) ) ;
#1379 = VERTEX_POINT ( 'NONE', #6704 ) ;
#1380 = EDGE_LOOP ( 'NONE', ( #1447, #3346, #2071, #2843 ) ) ;
#1381 = CARTESIAN_POINT ( 'NONE',  ( 1.766367187499999991, 0.000000000000000000, -0.5573437499999995826 ) ) ;
#1382 = CARTESIAN_POINT ( 'NONE',  ( 1.991323374040437910, 0.000000000000000000, -0.3630732187949410883 ) ) ;
#1383 = CARTESIAN_POINT ( 'NONE',  ( 0.6504544477135422165, 0.000000000000000000, -0.3651500289145158118 ) ) ;
#1384 = EDGE_CURVE ( 'NONE', #2476, #4474, #1245, .T. ) ;
#1385 = CARTESIAN_POINT ( 'NONE',  ( 1.258540019606416482, 0.000000000000000000, -0.5841697710432443014 ) ) ;
#1386 = LINE ( 'NONE', #1352, #4694 ) ;
#1387 = CARTESIAN_POINT ( 'NONE',  ( 1.917814379901055410, 0.04000000000000000083, -0.4004910379474454496 ) ) ;
#1388 = VERTEX_POINT ( 'NONE', #2270 ) ;
#1389 = CARTESIAN_POINT ( 'NONE',  ( 0.9538879447609153184, 0.000000000000000000, -0.3601458437950539326 ) ) ;
#1390 = ADVANCED_FACE ( 'NONE', ( #1827 ), #2215, .T. ) ;
#1391 = CARTESIAN_POINT ( 'NONE',  ( 0.8677575429458291856, 0.000000000000000000, -0.5979202689991677255 ) ) ;
#1392 = DIRECTION ( 'NONE',  ( 0.000000000000000000, 0.000000000000000000, -1.000000000000000000 ) ) ;
#1393 = CARTESIAN_POINT ( 'NONE',  ( 2.015787452395758628, 0.04000000000000000083, -0.5362838157118136051 ) ) ;
#1394 = VERTEX_POINT ( 'NONE', #1135 ) ;
#1395 = CARTESIAN_POINT ( 'NONE',  ( 0.9464908699206241449, 0.000000000000000000, -0.3767337716377486267 ) ) ;
#1396 = FACE_OUTER_BOUND ( 'NONE', #7046, .T. ) ;
#1397 = ORIENTED_EDGE ( 'NONE', *, *, #1252, .T. ) ;
#1398 = CARTESIAN_POINT ( 'NONE',  ( 1.922548998327803682, 0.000000000000000000, -0.3672395638114488436 ) ) ;
#1399 = CARTESIAN_POINT ( 'NONE',  ( 1.068710937500000124, 0.000000000000000000, -0.3987499999999997158 ) ) ;
#1400 = CARTESIAN_POINT ( 'NONE',  ( 1.068710937500000124, 0.04000000000000000083, -0.3549999999999997602 ) ) ;
#1401 = CARTESIAN_POINT ( 'NONE',  ( 0.8556775332968359349, 0.04000000000000000083, -0.5238739714357116828 ) ) ;
#1402 = ORIENTED_EDGE ( 'NONE', *, *, #4673, .T. ) ;
#1403 = EDGE_LOOP ( 'NONE', ( #1326, #5803, #6175, #3110 ) ) ;
#1404 = CARTESIAN_POINT ( 'NONE',  ( 1.052890625000000080, 0.000000000000000000, -0.4832714843749997824 ) ) ;
#1405 = CARTESIAN_POINT ( 'NONE',  ( 2.155625000000000124, 0.000000000000000000, -0.5661328124999995826 ) ) ;
#1406 = DIRECTION ( 'NONE',  ( 0.000000000000000000, 0.000000000000000000, -1.000000000000000000 ) ) ;
#1407 = CARTESIAN_POINT ( 'NONE',  ( 0.9350683593749998801, 0.04000000000000000083, -0.4549999999999999045 ) ) ;
#1408 = CARTESIAN_POINT ( 'NONE',  ( 1.848820844853678480, 0.04000000000000000083, -0.5755180061211363496 ) ) ;
#1409 = LINE ( 'NONE', #4768, #7139 ) ;
#1410 = EDGE_CURVE ( 'NONE', #2716, #2061, #5002, .T. ) ;
#1411 = ORIENTED_EDGE ( 'NONE', *, *, #6122, .F. ) ;
#1412 = VERTEX_POINT ( 'NONE', #5039 ) ;
#1413 = CARTESIAN_POINT ( 'NONE',  ( 1.960213659997340319, 0.04000000000000000083, -0.5332309641453985005 ) ) ;
#1414 = CARTESIAN_POINT ( 'NONE',  ( 2.046933543711924042, 0.04000000000000000083, -0.3550377125330753114 ) ) ;
#1415 = LINE ( 'NONE', #6876, #154 ) ;
#1416 = LINE ( 'NONE', #3648, #6691 ) ;
#1417 = CARTESIAN_POINT ( 'NONE',  ( 1.680645833859509608, 0.04000000000000000083, -0.5849964332278518864 ) ) ;
#1418 = DIRECTION ( 'NONE',  ( 0.000000000000000000, 0.000000000000000000, 1.000000000000000000 ) ) ;
#1419 = EDGE_CURVE ( 'NONE', #4319, #864, #365, .T. ) ;
#1420 = ORIENTED_EDGE ( 'NONE', *, *, #5050, .F. ) ;
#1421 = CARTESIAN_POINT ( 'NONE',  ( 1.960592541740891592, 0.000000000000000000, -0.4634254569874997620 ) ) ;
#1422 = DIRECTION ( 'NONE',  ( -0.000000000000000000, -1.000000000000000000, -0.000000000000000000 ) ) ;
#1423 = CARTESIAN_POINT ( 'NONE',  ( 1.000561354185572238, 0.04000000000000000083, -0.5807459632176819042 ) ) ;
#1424 = CARTESIAN_POINT ( 'NONE',  ( 1.287558593749999813, 0.04000000000000000083, -0.5518749999999997824 ) ) ;
#1425 = ORIENTED_EDGE ( 'NONE', *, *, #388, .F. ) ;
#1426 = CARTESIAN_POINT ( 'NONE',  ( 0.9479690290655381490, 0.000000000000000000, -0.3703723437172699584 ) ) ;
#1427 = DIRECTION ( 'NONE',  ( 0.000000000000000000, 0.000000000000000000, -1.000000000000000000 ) ) ;
#1428 = EDGE_CURVE ( 'NONE', #3851, #5847, #3354, .T. ) ;
#1429 = FACE_OUTER_BOUND ( 'NONE', #4260, .T. ) ;
#1430 = AXIS2_PLACEMENT_3D ( 'NONE', #1361, #776, #6857 ) ;
#1431 = CARTESIAN_POINT ( 'NONE',  ( 1.746264458495945693, 0.000000000000000000, -0.3625309632307867624 ) ) ;
#1432 = CARTESIAN_POINT ( 'NONE',  ( 0.8842794793886483706, 0.000000000000000000, -0.4223117828916387873 ) ) ;
#1433 = CARTESIAN_POINT ( 'NONE',  ( 0.8788551225774662301, 0.000000000000000000, -0.4982900066544706519 ) ) ;
#1434 = VECTOR ( 'NONE', #3439, 39.37007874015748143 ) ;
#1435 = ORIENTED_EDGE ( 'NONE', *, *, #6807, .T. ) ;
#1436 = EDGE_LOOP ( 'NONE', ( #3799, #1988, #2170, #3216 ) ) ;
#1437 = LINE ( 'NONE', #2542, #3086 ) ;
#1438 = PLANE ( 'NONE',  #5182 ) ;
#1439 = CARTESIAN_POINT ( 'NONE',  ( 0.8842794793886483706, 0.000000000000000000, -0.4223117828916387873 ) ) ;
#1440 = EDGE_LOOP ( 'NONE', ( #1551, #226, #2549, #4511 ) ) ;
#1441 = B_SPLINE_SURFACE_WITH_KNOTS ( 'NONE', 3, 1, ( 
 ( #3664, #3558 ),
 ( #6890, #3118 ),
 ( #3151, #4786 ),
 ( #912, #5360 ),
 ( #323, #4140 ),
 ( #7038, #1949 ),
 ( #292, #5805 ),
 ( #5877, #3011 ),
 ( #4718, #1982 ),
 ( #218, #2055 ),
 ( #6343, #6305 ) ),
 .UNSPECIFIED., .F., .F., .F.,
 ( 4, 1, 1, 1, 1, 1, 1, 1, 4 ),
 ( 2, 2 ),
 ( 0.000000000000000000, 0.1697667370961975786, 0.3176794559860900979, 0.4500242076991628482, 0.5714859992495899821, 0.6843530262709504042, 0.7909884223004116643, 0.8939093302669888219, 1.000000000000000000 ),
 ( 0.000000000000000000, 1.000000000000000000 ),
 .UNSPECIFIED. ) ;
#1442 = CARTESIAN_POINT ( 'NONE',  ( 1.052977467056773975, 0.04000000000000000083, -0.4846804720124422983 ) ) ;
#1443 = VECTOR ( 'NONE', #7143, 39.37007874015748143 ) ;
#1444 = AXIS2_PLACEMENT_3D ( 'NONE', #5856, #4698, #5752 ) ;
#1445 = CARTESIAN_POINT ( 'NONE',  ( 1.654892578124999680, 0.000000000000000000, -0.5987499999999996714 ) ) ;
#1446 = ORIENTED_EDGE ( 'NONE', *, *, #2326, .T. ) ;
#1447 = ORIENTED_EDGE ( 'NONE', *, *, #6569, .F. ) ;
#1448 = CARTESIAN_POINT ( 'NONE',  ( 2.155587862305276214, 0.04000000000000000083, -0.5675001852716956563 ) ) ;
#1449 = B_SPLINE_SURFACE_WITH_KNOTS ( 'NONE', 3, 1, ( 
 ( #2433, #4653 ),
 ( #4732, #4690 ),
 ( #6944, #6907 ),
 ( #3096, #1373 ),
 ( #3058, #5163 ),
 ( #3605, #4217 ),
 ( #6868, #5307 ),
 ( #6280, #6417 ),
 ( #6387, #822 ),
 ( #5271, #4077 ),
 ( #158, #1992 ) ),
 .UNSPECIFIED., .F., .F., .F.,
 ( 4, 1, 1, 1, 1, 1, 1, 1, 4 ),
 ( 2, 2 ),
 ( 0.000000000000000000, 0.1039814594847949109, 0.2059052063093088913, 0.3117064449956811201, 0.4265769830057573597, 0.5490334137315845409, 0.6827944809178818630, 0.8313725970869145776, 0.9999999999999998890 ),
 ( 0.000000000000000000, 1.000000000000000000 ),
 .UNSPECIFIED. ) ;
#1450 = CARTESIAN_POINT ( 'NONE',  ( 0.5847892609438765099, 0.04000000000000000083, -0.5979503971182402733 ) ) ;
#1451 = VECTOR ( 'NONE', #3360, 39.37007874015748143 ) ;
#1452 = DIRECTION ( 'NONE',  ( 0.000000000000000000, 0.000000000000000000, 1.000000000000000000 ) ) ;
#1453 = CARTESIAN_POINT ( 'NONE',  ( 0.8519367403287968488, 0.04000000000000000083, -0.4602416368937582436 ) ) ;
#1454 = EDGE_CURVE ( 'NONE', #3965, #4761, #27, .T. ) ;
#1455 = CARTESIAN_POINT ( 'NONE',  ( 1.654892578124999680, 0.04000000000000000083, -0.5518749999999997824 ) ) ;
#1456 = AXIS2_PLACEMENT_3D ( 'NONE', #5490, #5962, #6581 ) ;
#1457 = CARTESIAN_POINT ( 'NONE',  ( 1.968544188032768982, 0.04000000000000000083, -0.5050352964130460087 ) ) ;
#1458 = VERTEX_POINT ( 'NONE', #6922 ) ;
#1459 = CARTESIAN_POINT ( 'NONE',  ( 1.953687881266021886, 0.04000000000000000083, -0.4513084625696556773 ) ) ;
#1460 = CARTESIAN_POINT ( 'NONE',  ( 0.8061231528806640512, 0.04000000000000000083, -0.5603052434590530817 ) ) ;
#1461 = CARTESIAN_POINT ( 'NONE',  ( 0.9871983303848078650, 0.04000000000000000083, -0.5957356426193908261 ) ) ;
#1462 = ADVANCED_FACE ( 'NONE', ( #3651 ), #6880, .T. ) ;
#1463 = CARTESIAN_POINT ( 'NONE',  ( 1.549374999999999725, 0.04000000000000000083, -0.5518749999999997824 ) ) ;
#1464 = CARTESIAN_POINT ( 'NONE',  ( 1.846860167443127088, 0.000000000000000000, -0.5796946418014480296 ) ) ;
#1465 = DIRECTION ( 'NONE',  ( 0.000000000000000000, 0.000000000000000000, -1.000000000000000000 ) ) ;
#1466 = CARTESIAN_POINT ( 'NONE',  ( 0.6779177560663457447, 0.000000000000000000, -0.3519582115025515212 ) ) ;
#1467 = EDGE_CURVE ( 'NONE', #7080, #3464, #1386, .T. ) ;
#1468 = CARTESIAN_POINT ( 'NONE',  ( 2.010143915585068441, 0.04000000000000000083, -0.4137147344131337223 ) ) ;
#1469 = FACE_OUTER_BOUND ( 'NONE', #4840, .T. ) ;
#1470 = CARTESIAN_POINT ( 'NONE',  ( 2.019150390625000124, 0.04000000000000000083, -0.5161816406249996048 ) ) ;
#1471 = VERTEX_POINT ( 'NONE', #4666 ) ;
#1472 = ORIENTED_EDGE ( 'NONE', *, *, #4222, .T. ) ;
#1473 = LINE ( 'NONE', #4832, #2973 ) ;
#1474 = CARTESIAN_POINT ( 'NONE',  ( 1.209945750060014813, 0.000000000000000000, -0.3560773972325323999 ) ) ;
#1475 = LINE ( 'NONE', #2721, #1339 ) ;
#1476 = ORIENTED_EDGE ( 'NONE', *, *, #6014, .T. ) ;
#1477 = CARTESIAN_POINT ( 'NONE',  ( 1.052890625000000080, 0.04000000000000000083, -0.4832714843749997824 ) ) ;
#1478 = SURFACE_STYLE_USAGE ( .BOTH. , #3714 ) ;
#1479 = VERTEX_POINT ( 'NONE', #5181 ) ;
#1480 = VERTEX_POINT ( 'NONE', #6259 ) ;
#1481 = CARTESIAN_POINT ( 'NONE',  ( 0.8389257812499998357, 0.04000000000000000083, -0.5912304687499998490 ) ) ;
#1482 = CARTESIAN_POINT ( 'NONE',  ( 2.040779277382075652, 0.04000000000000000083, -0.3551108385198321615 ) ) ;
#1483 = CARTESIAN_POINT ( 'NONE',  ( 1.280480986326241188, 0.04000000000000000083, -0.5985482803997088652 ) ) ;
#1484 = CARTESIAN_POINT ( 'NONE',  ( 0.8733496093749999467, 0.04000000000000000083, -0.5516308593749998934 ) ) ;
#1485 = CARTESIAN_POINT ( 'NONE',  ( 2.028329287494302413, 0.04000000000000000083, -0.4584344544414472034 ) ) ;
#1486 = CARTESIAN_POINT ( 'NONE',  ( 2.057528683862053676, 0.04000000000000000083, -0.5019134423683149215 ) ) ;
#1487 = CARTESIAN_POINT ( 'NONE',  ( 1.960401177559732089, 0.000000000000000000, -0.5275525584092636278 ) ) ;
#1488 = VERTEX_POINT ( 'NONE', #1940 ) ;
#1489 = ADVANCED_FACE ( 'NONE', ( #3546 ), #5745, .T. ) ;
#1490 = CARTESIAN_POINT ( 'NONE',  ( 1.924375000000000169, 0.000000000000000000, -0.3765332031249996048 ) ) ;
#1491 = CARTESIAN_POINT ( 'NONE',  ( 0.7724273240324029954, 0.04000000000000000083, -0.5691183371486859821 ) ) ;
#1492 = FACE_OUTER_BOUND ( 'NONE', #3676, .T. ) ;
#1493 = CARTESIAN_POINT ( 'NONE',  ( 2.729999999999999982, 0.1350000000000000089, 0.000000000000000000 ) ) ;
#1494 = CARTESIAN_POINT ( 'NONE',  ( 2.019762502639480761, 0.04000000000000000083, -0.5445401042851789608 ) ) ;
#1495 = DIRECTION ( 'NONE',  ( -0.000000000000000000, -1.000000000000000000, -0.000000000000000000 ) ) ;
#1496 = FACE_BOUND ( 'NONE', #6546, .T. ) ;
#1497 = EDGE_CURVE ( 'NONE', #4152, #7045, #1277, .T. ) ;
#1498 = UNCERTAINTY_MEASURE_WITH_UNIT (LENGTH_MEASURE( 1.000000000000000082E-05 ), #5078, 'distance_accuracy_value', 'NONE');
#1499 = CARTESIAN_POINT ( 'NONE',  ( 0.7993749999999999467, 0.000000000000000000, -0.5294628906249999600 ) ) ;
#1500 = CARTESIAN_POINT ( 'NONE',  ( 1.995510565756418719, 0.000000000000000000, -0.5906980407102901953 ) ) ;
#1501 = CARTESIAN_POINT ( 'NONE',  ( 2.036702616618008221, 0.04000000000000000083, -0.3997962612154247752 ) ) ;
#1502 = CARTESIAN_POINT ( 'NONE',  ( 0.8686000992957558786, 0.000000000000000000, -0.5019838037203623315 ) ) ;
#1503 = EDGE_CURVE ( 'NONE', #4872, #64, #6368, .T. ) ;
#1504 = EDGE_LOOP ( 'NONE', ( #2548, #863, #4098, #3440, #4771, #1360, #6904, #6640, #421, #1211, #1885 ) ) ;
#1505 = ORIENTED_EDGE ( 'NONE', *, *, #3019, .F. ) ;
#1506 = CARTESIAN_POINT ( 'NONE',  ( 1.333749999999999769, 0.04000000000000000083, -0.3840527343749997602 ) ) ;
#1507 = CARTESIAN_POINT ( 'NONE',  ( 1.198789062500000169, 0.000000000000000000, -0.3549999999999997602 ) ) ;
#1508 = CARTESIAN_POINT ( 'NONE',  ( 1.198789062500000169, 0.04000000000000000083, -0.3549999999999997602 ) ) ;
#1509 = ORIENTED_EDGE ( 'NONE', *, *, #2674, .F. ) ;
#1510 = CARTESIAN_POINT ( 'NONE',  ( 1.830865377390815674, 0.04000000000000000083, -0.5977693345461851937 ) ) ;
#1511 = CARTESIAN_POINT ( 'NONE',  ( 0.8559511605375456078, 0.04000000000000000083, -0.4618816597035869109 ) ) ;
#1512 = EDGE_CURVE ( 'NONE', #2224, #4761, #871, .T. ) ;
#1513 = ORIENTED_EDGE ( 'NONE', *, *, #1900, .F. ) ;
#1514 = VERTEX_POINT ( 'NONE', #6956 ) ;
#1515 = VERTEX_POINT ( 'NONE', #3108 ) ;
#1516 = CARTESIAN_POINT ( 'NONE',  ( 0.9735502389580072968, 0.000000000000000000, -0.5986446091928511182 ) ) ;
#1517 = CARTESIAN_POINT ( 'NONE',  ( 0.5733992839026809119, 0.000000000000000000, -0.5806476161026022931 ) ) ;
#1518 = CARTESIAN_POINT ( 'NONE',  ( 0.9462499999999999245, 0.04000000000000000083, -0.4956249999999998712 ) ) ;
#1519 = FACE_OUTER_BOUND ( 'NONE', #1912, .T. ) ;
#1520 = CARTESIAN_POINT ( 'NONE',  ( 2.006281153793187499, 0.04000000000000000083, -0.4379197432444212890 ) ) ;
#1521 = CARTESIAN_POINT ( 'NONE',  ( 1.678489442998390313, 0.000000000000000000, -0.5616756112620504560 ) ) ;
#1522 = CARTESIAN_POINT ( 'NONE',  ( 1.056664104428460371, 0.04000000000000000083, -0.4712537067026700832 ) ) ;
#1523 = ORIENTED_EDGE ( 'NONE', *, *, #3424, .F. ) ;
#1524 = CARTESIAN_POINT ( 'NONE',  ( 1.725839843749999991, 0.000000000000000000, -0.3518749999999996603 ) ) ;
#1525 = VERTEX_POINT ( 'NONE', #3618 ) ;
#1526 = ORIENTED_EDGE ( 'NONE', *, *, #4018, .F. ) ;
#1527 = CARTESIAN_POINT ( 'NONE',  ( 1.198789062500000169, 0.04000000000000000083, -0.5987499999999996714 ) ) ;
#1528 = CARTESIAN_POINT ( 'NONE',  ( 0.8548861274359232931, 0.000000000000000000, -0.5962986946336841232 ) ) ;
#1529 = CARTESIAN_POINT ( 'NONE',  ( 0.8004651342793416280, 0.04000000000000000083, -0.3613520550473519610 ) ) ;
#1530 = CARTESIAN_POINT ( 'NONE',  ( 0.6007421874999998579, 0.000000000000000000, -0.6018749999999998268 ) ) ;
#1531 = CARTESIAN_POINT ( 'NONE',  ( 0.8055458715792485069, 0.000000000000000000, -0.3569883667585909692 ) ) ;
#1532 = CARTESIAN_POINT ( 'NONE',  ( 1.866123046875000080, 0.04000000000000000083, -0.3834667968749996825 ) ) ;
#1533 = CARTESIAN_POINT ( 'NONE',  ( 0.7599707031249997025, 0.04000000000000000083, -0.5464062499999999822 ) ) ;
#1534 = CARTESIAN_POINT ( 'NONE',  ( 2.052548828125000391, 0.000000000000000000, -0.3987499999999996048 ) ) ;
#1535 = EDGE_CURVE ( 'NONE', #1335, #7090, #1972, .T. ) ;
#1536 = CARTESIAN_POINT ( 'NONE',  ( 0.8952528546784480623, 0.000000000000000000, -0.5548514548279475100 ) ) ;
#1537 = AXIS2_PLACEMENT_3D ( 'NONE', #1267, #164, #755 ) ;
#1538 = CARTESIAN_POINT ( 'NONE',  ( 0.8169367725002659730, 0.000000000000000000, -0.5760103436580489289 ) ) ;
#1539 = ORIENTED_EDGE ( 'NONE', *, *, #2174, .T. ) ;
#1540 = EDGE_LOOP ( 'NONE', ( #3392, #1980, #4182, #2302, #4746, #2767, #101, #3355, #5768, #1371, #6498 ) ) ;
#1541 = CARTESIAN_POINT ( 'NONE',  ( 1.792422440190068134, 0.04000000000000000083, -0.5973487755846373926 ) ) ;
#1542 = VECTOR ( 'NONE', #4538, 39.37007874015748143 ) ;
#1543 = DIRECTION ( 'NONE',  ( -1.000000000000000000, -0.000000000000000000, -0.000000000000000000 ) ) ;
#1544 = CARTESIAN_POINT ( 'NONE',  ( 0.8361069543806757265, 0.000000000000000000, -0.3541086104572788718 ) ) ;
#1545 = ORIENTED_EDGE ( 'NONE', *, *, #3574, .T. ) ;
#1546 = ADVANCED_FACE ( 'NONE', ( #5319 ), #1108, .T. ) ;
#1547 = CARTESIAN_POINT ( 'NONE',  ( 1.462864442998390135, 0.04000000000000000083, -0.5616756112620504560 ) ) ;
#1548 = VECTOR ( 'NONE', #1208, 39.37007874015748143 ) ;
#1549 = CARTESIAN_POINT ( 'NONE',  ( 1.256748046874999858, 0.04000000000000000083, -0.5752148437499997602 ) ) ;
#1550 = ORIENTED_EDGE ( 'NONE', *, *, #5880, .F. ) ;
#1551 = ORIENTED_EDGE ( 'NONE', *, *, #4847, .F. ) ;
#1552 = EDGE_LOOP ( 'NONE', ( #1222, #2727, #5375, #3094 ) ) ;
#1553 = CARTESIAN_POINT ( 'NONE',  ( 1.389999999999999680, 0.04000000000000000083, -0.5518749999999997824 ) ) ;
#1554 = CARTESIAN_POINT ( 'NONE',  ( 1.576707554932737843, -0.000000000000000000, -0.3519674232326783225 ) ) ;
#1555 = CARTESIAN_POINT ( 'NONE',  ( 0.7024999999999997913, 0.000000000000000000, -0.4578808593749998379 ) ) ;
#1556 = VECTOR ( 'NONE', #3976, 39.37007874015748143 ) ;
#1557 = CARTESIAN_POINT ( 'NONE',  ( 1.072421875000000080, 0.04000000000000000083, -0.5549999999999997158 ) ) ;
#1558 = ADVANCED_FACE ( 'NONE', ( #975 ), #6785, .T. ) ;
#1559 = CARTESIAN_POINT ( 'NONE',  ( 1.551097732509532090, 0.000000000000000000, -0.3706935277141287233 ) ) ;
#1560 = CARTESIAN_POINT ( 'NONE',  ( 2.044852074620158611, 0.000000000000000000, -0.5024753907114936080 ) ) ;
#1561 = CARTESIAN_POINT ( 'NONE',  ( 1.059578924695073310, 0.04000000000000000083, -0.4677253770443359771 ) ) ;
#1562 = AXIS2_PLACEMENT_3D ( 'NONE', #246, #2489, #1392 ) ;
#1563 = ORIENTED_EDGE ( 'NONE', *, *, #3746, .T. ) ;
#1564 = LINE ( 'NONE', #4815, #4953 ) ;
#1565 = CARTESIAN_POINT ( 'NONE',  ( 1.697299596531865129, 0.04000000000000000083, -0.3844237398705181441 ) ) ;
#1566 = CARTESIAN_POINT ( 'NONE',  ( 0.7599707031249997025, 0.04000000000000000083, -0.5464062499999999822 ) ) ;
#1567 = CARTESIAN_POINT ( 'NONE',  ( 1.578916015625000169, 0.000000000000000000, -0.3518749999999998268 ) ) ;
#1568 = B_SPLINE_SURFACE_WITH_KNOTS ( 'NONE', 3, 1, ( 
 ( #2125, #1534 ),
 ( #2017, #4351 ),
 ( #5944, #5911 ),
 ( #4315, #915 ),
 ( #950, #3811 ),
 ( #6560, #5402 ),
 ( #5983, #1026 ),
 ( #3263, #5474 ),
 ( #3153, #6598 ),
 ( #472, #2712 ),
 ( #5363, #5332 ),
 ( #2568, #4247 ),
 ( #1468, #3703 ),
 ( #5582, #1178 ),
 ( #1061, #3960 ),
 ( #5046, #6712 ),
 ( #6051, #1726 ),
 ( #2237, #2791 ),
 ( #3342, #553 ) ),
 .UNSPECIFIED., .F., .F., .F.,
 ( 4, 1, 1, 1, 1, 1, 1, 1, 1, 1, 1, 1, 1, 1, 1, 1, 4 ),
 ( 2, 2 ),
 ( 0.000000000000000000, 0.08813148623672574511, 0.1710875500533190485, 0.2491832337424138288, 0.3211275929974093946, 0.3892840120921263747, 0.4529417320694836269, 0.5124062842267692597, 0.5689367804306739718, 0.6230268497017521501, 0.6751232515779383991, 0.7260154352258681998, 0.7777339998492147632, 0.8294971590612504331, 0.8838531856309457257, 0.9399226188883623712, 1.000000000000000000 ),
 ( 0.000000000000000000, 1.000000000000000000 ),
 .UNSPECIFIED. ) ;
#1569 = CARTESIAN_POINT ( 'NONE',  ( 1.256748046874999858, 0.000000000000000000, -0.5752148437499997602 ) ) ;
#1570 = VECTOR ( 'NONE', #36, 39.37007874015748143 ) ;
#1571 = CARTESIAN_POINT ( 'NONE',  ( 2.145973948338901760, 0.04000000000000000083, -0.3610398694814447307 ) ) ;
#1572 = LINE ( 'NONE', #3807, #3767 ) ;
#1573 = B_SPLINE_CURVE_WITH_KNOTS ( 'NONE', 3,
 ( #808, #3517, #5724, #5424, #383, #4636, #2660, #4674, #6853, #5254, #5384, #248, #1832, #5930, #2076 ),
 .UNSPECIFIED., .F., .F.,
 ( 4, 1, 1, 1, 1, 1, 1, 1, 1, 1, 1, 1, 4 ),
 ( 0.000000000000000000, 0.09301127933716636653, 0.1837208645025170117, 0.2700148622107233498, 0.3552543692188597224, 0.4384292902385478197, 0.5195511111286923445, 0.6003105432917391626, 0.6805880518337118490, 0.7607055461992769940, 0.8398175505378309147, 0.9194223733739899096, 1.000000000000000000 ),
 .UNSPECIFIED. ) ;
#1574 = LINE ( 'NONE', #3260, #7040 ) ;
#1575 = CARTESIAN_POINT ( 'NONE',  ( 0.9350683593749998801, 0.04000000000000000083, -0.4549999999999999045 ) ) ;
#1576 = ORIENTED_EDGE ( 'NONE', *, *, #4728, .F. ) ;
#1577 = CARTESIAN_POINT ( 'NONE',  ( 2.001286800418572209, 0.04000000000000000083, -0.5930449820051355569 ) ) ;
#1578 = FACE_OUTER_BOUND ( 'NONE', #5677, .T. ) ;
#1579 = DIRECTION ( 'NONE',  ( 0.000000000000000000, 0.000000000000000000, -1.000000000000000000 ) ) ;
#1580 = LINE ( 'NONE', #6520, #3426 ) ;
#1581 = ORIENTED_EDGE ( 'NONE', *, *, #6903, .F. ) ;
#1582 = ADVANCED_FACE ( 'NONE', ( #3797 ), #4585, .T. ) ;
#1583 = ORIENTED_EDGE ( 'NONE', *, *, #3919, .F. ) ;
#1584 = LINE ( 'NONE', #5887, #4479 ) ;
#1585 = LINE ( 'NONE', #3129, #1685 ) ;
#1586 = LINE ( 'NONE', #924, #6556 ) ;
#1587 = ORIENTED_EDGE ( 'NONE', *, *, #5685, .F. ) ;
#1588 = CARTESIAN_POINT ( 'NONE',  ( 1.054608346085519344, 0.04000000000000000083, -0.5953584098797645163 ) ) ;
#1589 =( NAMED_UNIT ( * ) PLANE_ANGLE_UNIT ( ) SI_UNIT ( $, .RADIAN. ) );
#1590 = VERTEX_POINT ( 'NONE', #5158 ) ;
#1591 = ORIENTED_EDGE ( 'NONE', *, *, #3345, .T. ) ;
#1592 = ADVANCED_FACE ( 'NONE', ( #5534 ), #2379, .T. ) ;
#1593 = CARTESIAN_POINT ( 'NONE',  ( 2.134660029826765726, 0.000000000000000000, -0.3560627527494849009 ) ) ;
#1594 = CARTESIAN_POINT ( 'NONE',  ( 1.549617683923966149, 0.000000000000000000, -0.3771084382536133983 ) ) ;
#1595 = CARTESIAN_POINT ( 'NONE',  ( 0.8324829121801686771, 0.04000000000000000083, -0.3527811627032109709 ) ) ;
#1596 = CARTESIAN_POINT ( 'NONE',  ( 1.466660156249999902, 0.000000000000000000, -0.5752148437499997602 ) ) ;
#1597 = CARTESIAN_POINT ( 'NONE',  ( 1.476604459275512760, 0.000000000000000000, -0.5622399354113948311 ) ) ;
#1598 = CARTESIAN_POINT ( 'NONE',  ( 2.033280517084835815, 0.000000000000000000, -0.5047178627920262395 ) ) ;
#1599 = CARTESIAN_POINT ( 'NONE',  ( 1.810894366741543360, -0.000000000000000000, -0.6018247970268135738 ) ) ;
#1600 = ORIENTED_EDGE ( 'NONE', *, *, #6357, .F. ) ;
#1601 = ADVANCED_FACE ( 'NONE', ( #1331 ), #6261, .T. ) ;
#1602 = LINE ( 'NONE', #4962, #987 ) ;
#1603 = CARTESIAN_POINT ( 'NONE',  ( 1.465020833859509652, 0.04000000000000000083, -0.5849964332278518864 ) ) ;
#1604 = CARTESIAN_POINT ( 'NONE',  ( 1.228834022097400780, 0.04000000000000000083, -0.5805943541745087755 ) ) ;
#1605 = FACE_OUTER_BOUND ( 'NONE', #6585, .T. ) ;
#1606 = CARTESIAN_POINT ( 'NONE',  ( 2.480000000000000870, 0.2049999999999981559, 0.1000000000000000056 ) ) ;
#1607 = CARTESIAN_POINT ( 'NONE',  ( 2.124538142416017905, 0.04000000000000000083, -0.3550359142965932024 ) ) ;
#1608 = CARTESIAN_POINT ( 'NONE',  ( 0.8242773437499998357, 0.04000000000000000083, -0.3518749999999999378 ) ) ;
#1609 = EDGE_CURVE ( 'NONE', #5130, #7163, #817, .T. ) ;
#1610 = CARTESIAN_POINT ( 'NONE',  ( 1.980235860394018443, 0.000000000000000000, -0.3686997713500977936 ) ) ;
#1611 = DIRECTION ( 'NONE',  ( -0.4905473321475661286, 0.000000000000000000, 0.8714145482621374894 ) ) ;
#1612 = CARTESIAN_POINT ( 'NONE',  ( 2.042766530776417788, 0.04000000000000000083, -0.5987218601819948027 ) ) ;
#1613 = DIRECTION ( 'NONE',  ( 0.000000000000000000, 0.000000000000000000, -1.000000000000000000 ) ) ;
#1614 = CARTESIAN_POINT ( 'NONE',  ( 1.964999999999999858, 1.476640786499873625, -0.8800000000000000044 ) ) ;
#1615 = CARTESIAN_POINT ( 'NONE',  ( 1.386129476483686895, 0.000000000000000000, -0.3645620637580315737 ) ) ;
#1616 = ORIENTED_EDGE ( 'NONE', *, *, #3337, .T. ) ;
#1617 = EDGE_LOOP ( 'NONE', ( #3825, #3653, #3296, #654 ) ) ;
#1618 = CARTESIAN_POINT ( 'NONE',  ( 1.389999999999999680, 0.04000000000000000083, -0.3840527343749997602 ) ) ;
#1619 = LINE ( 'NONE', #84, #3209 ) ;
#1620 = CARTESIAN_POINT ( 'NONE',  ( 1.002499999999999947, 0.04000000000000000083, -0.3841992187499999045 ) ) ;
#1621 = LINE ( 'NONE', #445, #366 ) ;
#1622 = CARTESIAN_POINT ( 'NONE',  ( 0.7954168042480520562, 0.000000000000000000, -0.3768733075852668257 ) ) ;
#1623 = ORIENTED_EDGE ( 'NONE', *, *, #3264, .T. ) ;
#1624 = ORIENTED_EDGE ( 'NONE', *, *, #4222, .F. ) ;
#1625 = CARTESIAN_POINT ( 'NONE',  ( 0.7220824721646097455, 0.000000000000000000, -0.5857521854337283118 ) ) ;
#1626 = CARTESIAN_POINT ( 'NONE',  ( 1.356844867068215832, 0.000000000000000000, -0.3521447688439878210 ) ) ;
#1627 = CARTESIAN_POINT ( 'NONE',  ( 0.8450976294236856035, 0.04000000000000000083, -0.3604371455215429343 ) ) ;
#1628 = CARTESIAN_POINT ( 'NONE',  ( 1.682201444768099075, -0.000000000000000000, -0.5735471527621130994 ) ) ;
#1629 = CARTESIAN_POINT ( 'NONE',  ( 0.5949659583850825939, 0.04000000000000000083, -0.6016660654787081564 ) ) ;
#1630 = CARTESIAN_POINT ( 'NONE',  ( 1.549374999999999725, 0.000000000000000000, -0.3840527343749997602 ) ) ;
#1631 = EDGE_CURVE ( 'NONE', #6359, #5953, #953, .T. ) ;
#1632 = CARTESIAN_POINT ( 'NONE',  ( 1.708710896040090743, 0.04000000000000000083, -0.3562605157511133380 ) ) ;
#1633 = DIRECTION ( 'NONE',  ( 1.000000000000000000, 0.000000000000000000, 0.000000000000000000 ) ) ;
#1634 = B_SPLINE_CURVE_WITH_KNOTS ( 'NONE', 3,
 ( #2100, #4361, #6459, #5481, #1544, #5519, #3819, #5952, #4399, #6571, #368, #524, #2648 ),
 .UNSPECIFIED., .F., .F.,
 ( 4, 1, 1, 1, 1, 1, 1, 1, 1, 1, 4 ),
 ( 0.000000000000000000, 0.08522992778025055560, 0.1650672949707650827, 0.2403290244906967354, 0.3134930016053610324, 0.4571153941008283539, 0.5999904196449465932, 0.6788378830417877152, 0.7716310070741372318, 0.8784354883404289493, 1.000000000000000000 ),
 .UNSPECIFIED. ) ;
#1635 = VERTEX_POINT ( 'NONE', #2538 ) ;
#1636 = CARTESIAN_POINT ( 'NONE',  ( 1.922548998327803682, 0.000000000000000000, -0.3672395638114488436 ) ) ;
#1637 = ORIENTED_EDGE ( 'NONE', *, *, #3111, .F. ) ;
#1638 = CARTESIAN_POINT ( 'NONE',  ( 1.445230051491205536, 0.04000000000000000083, -0.5985538056116296302 ) ) ;
#1639 = FACE_OUTER_BOUND ( 'NONE', #2320, .T. ) ;
#1640 = LINE ( 'NONE', #2782, #1226 ) ;
#1641 = CARTESIAN_POINT ( 'NONE',  ( 1.489680251591115390, 0.000000000000000000, -0.5972276466835291231 ) ) ;
#1642 = EDGE_CURVE ( 'NONE', #64, #4215, #2813, .T. ) ;
#1643 = CARTESIAN_POINT ( 'NONE',  ( 2.155625000000000568, 0.04000000000000000083, -0.3876171874999996825 ) ) ;
#1644 = DIRECTION ( 'NONE',  ( 1.000000000000000000, -0.000000000000000000, 0.000000000000000000 ) ) ;
#1645 = UNCERTAINTY_MEASURE_WITH_UNIT (LENGTH_MEASURE( 1.000000000000000082E-05 ), #4366, 'distance_accuracy_value', 'NONE');
#1646 = CARTESIAN_POINT ( 'NONE',  ( 1.964999999999999858, 0.1600000000000000033, -0.8800000000000000044 ) ) ;
#1647 = CARTESIAN_POINT ( 'NONE',  ( 0.8281254096925321218, 0.000000000000000000, -0.4738779710854437166 ) ) ;
#1648 = CARTESIAN_POINT ( 'NONE',  ( 1.043595208574922717, 0.04000000000000000083, -0.5755132770582345181 ) ) ;
#1649 = DIRECTION ( 'NONE',  ( -1.000000000000000000, 0.000000000000000000, 0.000000000000000000 ) ) ;
#1650 = CARTESIAN_POINT ( 'NONE',  ( 0.9007091230358275080, 0.04000000000000000083, -0.5549687012719919377 ) ) ;
#1651 = EDGE_CURVE ( 'NONE', #1388, #3476, #6454, .T. ) ;
#1652 = CARTESIAN_POINT ( 'NONE',  ( 2.023994743052068834, 0.04000000000000000083, -0.4031026647394343465 ) ) ;
#1653 = DIMENSIONAL_EXPONENTS ( 1.000000000000000000, 0.000000000000000000, 0.000000000000000000, 0.000000000000000000, 0.000000000000000000, 0.000000000000000000, 0.000000000000000000 ) ;
#1654 = CARTESIAN_POINT ( 'NONE',  ( 1.382773271371878332, 0.04000000000000000083, -0.3599752496326636408 ) ) ;
#1655 = ORIENTED_EDGE ( 'NONE', *, *, #90, .F. ) ;
#1656 = ORIENTED_EDGE ( 'NONE', *, *, #6620, .T. ) ;
#1657 = CARTESIAN_POINT ( 'NONE',  ( 0.8733496093749999467, 0.000000000000000000, -0.5516308593749998934 ) ) ;
#1658 = CARTESIAN_POINT ( 'NONE',  ( 2.027864862630908149, 0.000000000000000000, -0.4017269596091236350 ) ) ;
#1659 = CARTESIAN_POINT ( 'NONE',  ( 1.002499999999999947, 0.04000000000000000083, -0.3841992187499999045 ) ) ;
#1660 = CARTESIAN_POINT ( 'NONE',  ( 1.466414575201084869, 0.04000000000000000083, -0.5703224049498253345 ) ) ;
#1661 = CARTESIAN_POINT ( 'NONE',  ( 0.9078710937499999689, 0.04000000000000000083, -0.4956249999999998712 ) ) ;
#1662 = VERTEX_POINT ( 'NONE', #2060 ) ;
#1663 = VECTOR ( 'NONE', #3900, 39.37007874015748143 ) ;
#1664 = ORIENTED_EDGE ( 'NONE', *, *, #2192, .F. ) ;
#1665 = CARTESIAN_POINT ( 'NONE',  ( 0.7374941078461679789, 0.04000000000000000083, -0.6003819839028301519 ) ) ;
#1666 = CARTESIAN_POINT ( 'NONE',  ( 2.099375000000000213, 0.04000000000000000083, -0.5549999999999996048 ) ) ;
#1667 = CARTESIAN_POINT ( 'NONE',  ( 1.043515625000000169, 0.04000000000000000083, -0.5769726562499998268 ) ) ;
#1668 = DIRECTION ( 'NONE',  ( -0.000000000000000000, -1.000000000000000000, -0.000000000000000000 ) ) ;
#1669 = CARTESIAN_POINT ( 'NONE',  ( 0.5895716821156069543, 0.04000000000000000083, -0.6002574358541910016 ) ) ;
#1670 = CARTESIAN_POINT ( 'NONE',  ( 1.561292444776149146, 0.04000000000000000083, -0.3564675833465724697 ) ) ;
#1671 = VECTOR ( 'NONE', #1579, 39.37007874015748143 ) ;
#1672 = CARTESIAN_POINT ( 'NONE',  ( 1.696362596534189526, 0.04000000000000000083, -0.3754299059923441040 ) ) ;
#1673 = DIRECTION ( 'NONE',  ( 0.000000000000000000, 0.000000000000000000, -1.000000000000000000 ) ) ;
#1674 = ORIENTED_EDGE ( 'NONE', *, *, #538, .T. ) ;
#1675 = CARTESIAN_POINT ( 'NONE',  ( 1.921633409161457751, 0.000000000000000000, -0.3905225834908275795 ) ) ;
#1676 = CARTESIAN_POINT ( 'NONE',  ( 0.6737402343749998579, 0.04000000000000000083, -0.5018749999999998490 ) ) ;
#1677 = VECTOR ( 'NONE', #6277, 39.37007874015748143 ) ;
#1678 = CARTESIAN_POINT ( 'NONE',  ( 0.7178523465184273311, 0.000000000000000000, -0.5795448060382732969 ) ) ;
#1679 = EDGE_CURVE ( 'NONE', #2224, #7127, #4029, .T. ) ;
#1680 = CARTESIAN_POINT ( 'NONE',  ( 1.605624999999999858, 0.04000000000000000083, -0.5518749999999997824 ) ) ;
#1681 = LINE ( 'NONE', #4420, #5991 ) ;
#1682 = CARTESIAN_POINT ( 'NONE',  ( 2.151249412377416181, 0.000000000000000000, -0.5864719195307052102 ) ) ;
#1683 = DIRECTION ( 'NONE',  ( -0.000000000000000000, -1.000000000000000000, -0.000000000000000000 ) ) ;
#1684 = EDGE_CURVE ( 'NONE', #2753, #874, #3156, .T. ) ;
#1685 = VECTOR ( 'NONE', #1543, 39.37007874015748143 ) ;
#1686 = CARTESIAN_POINT ( 'NONE',  ( 1.817851614616262435, 0.04000000000000000083, -0.6017770853324970748 ) ) ;
#1687 = CARTESIAN_POINT ( 'NONE',  ( 1.056194950828385881, 0.04000000000000000083, -0.3972871012682618885 ) ) ;
#1688 = CARTESIAN_POINT ( 'NONE',  ( 2.099375000000000213, 0.04000000000000000083, -0.5018749999999996270 ) ) ;
#1689 = CARTESIAN_POINT ( 'NONE',  ( 1.052890625000000080, 0.000000000000000000, -0.4832714843749997824 ) ) ;
#1690 = CARTESIAN_POINT ( 'NONE',  ( 0.8758201936797620490, 0.04000000000000000083, -0.5525026209509558139 ) ) ;
#1691 = DIRECTION ( 'NONE',  ( -0.9463118200635423083, 0.000000000000000000, -0.3232552230173955654 ) ) ;
#1692 = PLANE ( 'NONE',  #2603 ) ;
#1693 = B_SPLINE_SURFACE_WITH_KNOTS ( 'NONE', 3, 1, ( 
 ( #2723, #2800 ),
 ( #5414, #3238 ),
 ( #1701, #3821 ),
 ( #2245, #4982 ),
 ( #4471, #7123 ),
 ( #1001, #3311 ),
 ( #1547, #7194 ),
 ( #4364, #3783 ),
 ( #1660, #6684 ),
 ( #2765, #6100 ),
 ( #2209, #4326 ) ),
 .UNSPECIFIED., .F., .F., .F.,
 ( 4, 1, 1, 1, 1, 1, 1, 1, 4 ),
 ( 2, 2 ),
 ( 0.000000000000000000, 0.1561197495600662177, 0.2960134668503227040, 0.4211393597100632213, 0.5386135333322734642, 0.6515989600344560539, 0.7626670123365520970, 0.8772623139253620250, 1.000000000000000000 ),
 ( 0.000000000000000000, 1.000000000000000000 ),
 .UNSPECIFIED. ) ;
#1694 = VECTOR ( 'NONE', #581, 39.37007874015748143 ) ;
#1695 = ORIENTED_EDGE ( 'NONE', *, *, #2082, .F. ) ;
#1696 = ADVANCED_FACE ( 'NONE', ( #1955 ), #6848, .T. ) ;
#1697 = ORIENTED_EDGE ( 'NONE', *, *, #1679, .T. ) ;
#1698 = CARTESIAN_POINT ( 'NONE',  ( 0.8556760947845767351, 0.04000000000000000083, -0.5271571198129251234 ) ) ;
#1699 = CARTESIAN_POINT ( 'NONE',  ( 2.008487379501214143, 0.000000000000000000, -0.4165892193488865969 ) ) ;
#1700 = CARTESIAN_POINT ( 'NONE',  ( 0.9988464827547246516, 0.04000000000000000083, -0.3649182087394360341 ) ) ;
#1701 = CARTESIAN_POINT ( 'NONE',  ( 1.445415479109264600, 0.04000000000000000083, -0.5520525501284386793 ) ) ;
#1702 = CARTESIAN_POINT ( 'NONE',  ( 0.7951757812499999911, 0.04000000000000000083, -0.3738476562499999378 ) ) ;
#1703 = VERTEX_POINT ( 'NONE', #7154 ) ;
#1704 = ORIENTED_EDGE ( 'NONE', *, *, #3070, .T. ) ;
#1705 = CARTESIAN_POINT ( 'NONE',  ( 2.123154296875000124, 0.04000000000000000083, -0.5987499999999995604 ) ) ;
#1706 = CARTESIAN_POINT ( 'NONE',  ( 1.472373046875000036, 0.000000000000000000, -0.5752148437499997602 ) ) ;
#1707 = LINE ( 'NONE', #5637, #2739 ) ;
#1708 = DIRECTION ( 'NONE',  ( -2.276539994720221814E-16, 0.000000000000000000, 1.000000000000000000 ) ) ;
#1709 = DIRECTION ( 'NONE',  ( -0.000000000000000000, -1.000000000000000000, -0.000000000000000000 ) ) ;
#1710 = DIRECTION ( 'NONE',  ( -0.000000000000000000, -1.000000000000000000, -0.000000000000000000 ) ) ;
#1711 = CARTESIAN_POINT ( 'NONE',  ( 1.992562480839653594, -0.000000000000000000, -0.4843872875038426340 ) ) ;
#1712 = ORIENTED_EDGE ( 'NONE', *, *, #4615, .F. ) ;
#1713 = CARTESIAN_POINT ( 'NONE',  ( 2.054208984375000213, 0.04000000000000000083, -0.4612499999999996048 ) ) ;
#1714 = ORIENTED_EDGE ( 'NONE', *, *, #3124, .F. ) ;
#1715 = DIRECTION ( 'NONE',  ( 1.000000000000000000, 0.000000000000000000, 0.000000000000000000 ) ) ;
#1716 = LINE ( 'NONE', #2372, #2144 ) ;
#1717 = CARTESIAN_POINT ( 'NONE',  ( 1.881494673059509459, 0.04000000000000000083, -0.3557998707307686859 ) ) ;
#1718 = CARTESIAN_POINT ( 'NONE',  ( 0.8578710937499999245, 0.04000000000000000083, -0.4626660156249999267 ) ) ;
#1719 = CARTESIAN_POINT ( 'NONE',  ( 0.5784690946715951299, 0.04000000000000000083, -0.5626480301754599456 ) ) ;
#1720 = DIRECTION ( 'NONE',  ( 0.000000000000000000, 0.000000000000000000, 1.000000000000000000 ) ) ;
#1721 = EDGE_CURVE ( 'NONE', #3498, #1255, #2169, .T. ) ;
#1722 = CARTESIAN_POINT ( 'NONE',  ( 2.265000000000000124, 1.476640786499873625, -1.180000000000000160 ) ) ;
#1723 = CARTESIAN_POINT ( 'NONE',  ( 1.046910254174894916, 0.04000000000000000083, -0.3924051806646149942 ) ) ;
#1724 = CARTESIAN_POINT ( 'NONE',  ( 1.778834221307392660, 0.04000000000000000083, -0.5850739842095146193 ) ) ;
#1725 = CARTESIAN_POINT ( 'NONE',  ( 2.028965364753648970, 0.04000000000000000083, -0.5982476101100773214 ) ) ;
#1726 = CARTESIAN_POINT ( 'NONE',  ( 2.005739128975997598, 0.000000000000000000, -0.4267111423285406824 ) ) ;
#1727 = CARTESIAN_POINT ( 'NONE',  ( 2.415000000000000036, 0.2350000000000000144, -1.180000000000000160 ) ) ;
#1728 = CARTESIAN_POINT ( 'NONE',  ( 0.8061553213852260535, 0.000000000000000000, -0.4028098203996691162 ) ) ;
#1729 = EDGE_CURVE ( 'NONE', #331, #3820, #2296, .T. ) ;
#1730 = ORIENTED_EDGE ( 'NONE', *, *, #4709, .F. ) ;
#1731 = VERTEX_POINT ( 'NONE', #6562 ) ;
#1732 = CARTESIAN_POINT ( 'NONE',  ( 0.7490332031249997691, 0.04000000000000000083, -0.6018749999999998268 ) ) ;
#1733 = CARTESIAN_POINT ( 'NONE',  ( 0.2500000000000000000, 0.1700000000000018718, 0.1000000000000000056 ) ) ;
#1734 = CARTESIAN_POINT ( 'NONE',  ( 1.728877603597418489, 0.000000000000000000, -0.3519658664893990374 ) ) ;
#1735 = CARTESIAN_POINT ( 'NONE',  ( 2.137937614932230890, 0.000000000000000000, -0.3569177414059124254 ) ) ;
#1736 = ADVANCED_FACE ( 'NONE', ( #3266 ), #1692, .T. ) ;
#1737 = CARTESIAN_POINT ( 'NONE',  ( 0.8347990006026779763, 0.04000000000000000083, -0.4453798122364472922 ) ) ;
#1738 = ORIENTED_EDGE ( 'NONE', *, *, #3865, .T. ) ;
#1739 = ORIENTED_EDGE ( 'NONE', *, *, #4445, .F. ) ;
#1740 = CARTESIAN_POINT ( 'NONE',  ( 2.124506589642706000, 0.04000000000000000083, -0.5987420392555313775 ) ) ;
#1741 = LINE ( 'NONE', #5672, #6192 ) ;
#1742 = CARTESIAN_POINT ( 'NONE',  ( 0.7134863281249997913, 0.04000000000000000083, -0.5724804687499998046 ) ) ;
#1743 = CARTESIAN_POINT ( 'NONE',  ( 1.920436430701098152, 0.04000000000000000083, -0.3939406800739869707 ) ) ;
#1744 = DIRECTION ( 'NONE',  ( 0.000000000000000000, 0.000000000000000000, 1.000000000000000000 ) ) ;
#1745 = CARTESIAN_POINT ( 'NONE',  ( 0.9150000000000003686, 0.2350000000000000144, 0.000000000000000000 ) ) ;
#1746 = DIRECTION ( 'NONE',  ( 0.5182131407290758718, 0.000000000000000000, -0.8552515073215054553 ) ) ;
#1747 = ORIENTED_EDGE ( 'NONE', *, *, #4102, .F. ) ;
#1748 = CARTESIAN_POINT ( 'NONE',  ( 1.174375000000000169, 0.000000000000000000, -0.4612499999999997713 ) ) ;
#1749 = ORIENTED_EDGE ( 'NONE', *, *, #209, .F. ) ;
#1750 = CARTESIAN_POINT ( 'NONE',  ( 1.200485266178740629, 0.000000000000000000, -0.5987276526255426168 ) ) ;
#1751 = ORIENTED_EDGE ( 'NONE', *, *, #3936, .F. ) ;
#1752 = CARTESIAN_POINT ( 'NONE',  ( 1.654892578124999680, 0.04000000000000000083, -0.5987499999999996714 ) ) ;
#1753 = CARTESIAN_POINT ( 'NONE',  ( 2.729999999999999982, 0.1350000000000000089, -1.479999999999999982 ) ) ;
#1754 = DIRECTION ( 'NONE',  ( 0.000000000000000000, 0.000000000000000000, -1.000000000000000000 ) ) ;
#1755 = CARTESIAN_POINT ( 'NONE',  ( 1.046910254174894916, 0.04000000000000000083, -0.3924051806646149942 ) ) ;
#1756 = DIRECTION ( 'NONE',  ( -0.000000000000000000, -1.000000000000000000, -0.000000000000000000 ) ) ;
#1757 = LINE ( 'NONE', #5217, #1933 ) ;
#1758 = CARTESIAN_POINT ( 'NONE',  ( 1.696263713831893671, -0.000000000000000000, -0.3775930127982798368 ) ) ;
#1759 = CARTESIAN_POINT ( 'NONE',  ( 0.000000000000000000, 0.2350000000000000144, -1.479999999999999982 ) ) ;
#1760 = CARTESIAN_POINT ( 'NONE',  ( 1.961904996121838884, 0.000000000000000000, -0.5509853900523198345 ) ) ;
#1761 = CARTESIAN_POINT ( 'NONE',  ( 0.7743261718749997469, 0.04000000000000000083, -0.5786328124999998712 ) ) ;
#1762 = CARTESIAN_POINT ( 'NONE',  ( 2.018526340272563946, 0.04000000000000000083, -0.5171883569532625957 ) ) ;
#1763 = DIRECTION ( 'NONE',  ( -0.000000000000000000, -1.000000000000000000, -0.000000000000000000 ) ) ;
#1764 = ORIENTED_EDGE ( 'NONE', *, *, #5652, .F. ) ;
#1765 = ORIENTED_EDGE ( 'NONE', *, *, #6014, .F. ) ;
#1766 = CARTESIAN_POINT ( 'NONE',  ( 0.8758201936797620490, 0.000000000000000000, -0.5525026209509558139 ) ) ;
#1767 = EDGE_CURVE ( 'NONE', #5224, #747, #1580, .T. ) ;
#1768 = DIRECTION ( 'NONE',  ( 1.000000000000000000, -0.000000000000000000, 0.000000000000000000 ) ) ;
#1769 = CARTESIAN_POINT ( 'NONE',  ( 1.230594783442906293, -0.000000000000000000, -0.5679089083452334430 ) ) ;
#1770 = B_SPLINE_CURVE_WITH_KNOTS ( 'NONE', 3,
 ( #5125, #3386, #559, #595, #5555, #2798, #3420, #5518, #635, #5, #4507 ),
 .UNSPECIFIED., .F., .F.,
 ( 4, 1, 1, 1, 1, 1, 1, 1, 4 ),
 ( 0.000000000000000000, 0.1065231786078185555, 0.2098636730112660442, 0.3165417078732658540, 0.4305558932821839657, 0.5527832733586797165, 0.6846266747745634040, 0.8329156505530150856, 1.000000000000000000 ),
 .UNSPECIFIED. ) ;
#1771 = CARTESIAN_POINT ( 'NONE',  ( 0.7951757812499999911, 0.000000000000000000, -0.3738476562499999378 ) ) ;
#1772 = VERTEX_POINT ( 'NONE', #6021 ) ;
#1773 = CARTESIAN_POINT ( 'NONE',  ( 1.654892578124999680, 0.04000000000000000083, -0.5987499999999996714 ) ) ;
#1774 = CARTESIAN_POINT ( 'NONE',  ( 1.476604459275512760, 0.000000000000000000, -0.5622399354113948311 ) ) ;
#1775 = CARTESIAN_POINT ( 'NONE',  ( 0.9479690290655381490, 0.04000000000000000083, -0.3703723437172699584 ) ) ;
#1776 = EDGE_CURVE ( 'NONE', #894, #6527, #7055, .T. ) ;
#1777 = LINE ( 'NONE', #4012, #2977 ) ;
#1778 = CARTESIAN_POINT ( 'NONE',  ( 2.015262048961480090, 0.04000000000000000083, -0.5328989956346774637 ) ) ;
#1779 = CARTESIAN_POINT ( 'NONE',  ( 1.698239290520354272, 0.000000000000000000, -0.3875453421483738836 ) ) ;
#1780 = EDGE_LOOP ( 'NONE', ( #4525, #3252, #6291, #487 ) ) ;
#1781 = CARTESIAN_POINT ( 'NONE',  ( 1.654892578124999680, 0.04000000000000000083, -0.5987499999999996714 ) ) ;
#1782 = VERTEX_POINT ( 'NONE', #2793 ) ;
#1783 = CARTESIAN_POINT ( 'NONE',  ( 1.682079730355532377, 0.000000000000000000, -0.5802879112056273936 ) ) ;
#1784 = CARTESIAN_POINT ( 'NONE',  ( 0.8572547198345604746, 0.000000000000000000, -0.3782187160007872695 ) ) ;
#1785 = CARTESIAN_POINT ( 'NONE',  ( 0.7150130397433587248, -0.000000000000000000, -0.5749507299450165032 ) ) ;
#1786 = ADVANCED_FACE ( 'NONE', ( #2714 ), #4644, .T. ) ;
#1787 = VECTOR ( 'NONE', #329, 39.37007874015748143 ) ;
#1788 = CARTESIAN_POINT ( 'NONE',  ( 1.603996355229868387, 0.04000000000000000083, -0.3702560611866931861 ) ) ;
#1789 = CARTESIAN_POINT ( 'NONE',  ( 0.7688455672825215137, 0.000000000000000000, -0.5615968097073489318 ) ) ;
#1790 = CARTESIAN_POINT ( 'NONE',  ( 0.5810552723100961270, 0.04000000000000000083, -0.5583013914590115867 ) ) ;
#1791 = CARTESIAN_POINT ( 'NONE',  ( 1.751459448207661973, 0.000000000000000000, -0.3724999552451462304 ) ) ;
#1792 = AXIS2_PLACEMENT_3D ( 'NONE', #4028, #6814, #692 ) ;
#1793 = FACE_OUTER_BOUND ( 'NONE', #6925, .T. ) ;
#1794 = CARTESIAN_POINT ( 'NONE',  ( 0.8159448761779440895, 0.000000000000000000, -0.3526310699829715012 ) ) ;
#1795 = VECTOR ( 'NONE', #3846, 39.37007874015748143 ) ;
#1796 = CARTESIAN_POINT ( 'NONE',  ( 1.920048177909662535, 0.04000000000000000083, -0.3630123082880474250 ) ) ;
#1797 = CARTESIAN_POINT ( 'NONE',  ( 2.005625000000000213, 0.04000000000000000083, -0.4304882812499996048 ) ) ;
#1798 = VECTOR ( 'NONE', #3966, 39.37007874015748143 ) ;
#1799 = CARTESIAN_POINT ( 'NONE',  ( 1.072421875000000080, 0.04000000000000000083, -0.5549999999999997158 ) ) ;
#1800 = CARTESIAN_POINT ( 'NONE',  ( 1.065772239505832220, 0.04000000000000000083, -0.5985845932745829101 ) ) ;
#1801 = VECTOR ( 'NONE', #1668, 39.37007874015748143 ) ;
#1802 = VERTEX_POINT ( 'NONE', #4068 ) ;
#1803 = FACE_OUTER_BOUND ( 'NONE', #2908, .T. ) ;
#1804 = DIRECTION ( 'NONE',  ( -1.000000000000000000, -0.000000000000000000, -0.000000000000000000 ) ) ;
#1805 = B_SPLINE_CURVE_WITH_KNOTS ( 'NONE', 3,
 ( #6007, #3725, #5969, #5934, #6073, #979, #1015, #2080, #6508, #939, #1524 ),
 .UNSPECIFIED., .F., .F.,
 ( 4, 1, 1, 1, 1, 1, 1, 1, 4 ),
 ( 0.000000000000000000, 0.1014750558381663365, 0.2060758872664703034, 0.3216648695656921242, 0.4490028450816556105, 0.5823230124332053892, 0.7153679277077807930, 0.8519526514919230076, 1.000000000000000000 ),
 .UNSPECIFIED. ) ;
#1806 = CARTESIAN_POINT ( 'NONE',  ( 1.766953125000000346, 0.000000000000000000, -0.4112499999999996159 ) ) ;
#1807 = VECTOR ( 'NONE', #5980, 39.37007874015748143 ) ;
#1808 = CARTESIAN_POINT ( 'NONE',  ( 0.7993749999999999467, 0.04000000000000000083, -0.5294628906249999600 ) ) ;
#1809 = CARTESIAN_POINT ( 'NONE',  ( 1.792422440190068134, 0.04000000000000000083, -0.5973487755846373926 ) ) ;
#1810 = EDGE_CURVE ( 'NONE', #5486, #3498, #5151, .T. ) ;
#1811 = EDGE_LOOP ( 'NONE', ( #24, #3425, #1509, #3577, #4207, #2873 ) ) ;
#1812 = CARTESIAN_POINT ( 'NONE',  ( 1.074576840955212553, 0.04000000000000000083, -0.5048285622297002950 ) ) ;
#1813 = VECTOR ( 'NONE', #6559, 39.37007874015748143 ) ;
#1814 = CARTESIAN_POINT ( 'NONE',  ( 0.7951757812499999911, 0.000000000000000000, -0.3738476562499999378 ) ) ;
#1815 = CARTESIAN_POINT ( 'NONE',  ( 1.287558593749999813, 0.04000000000000000083, -0.5987499999999996714 ) ) ;
#1816 = CARTESIAN_POINT ( 'NONE',  ( 2.015185922238332594, 0.04000000000000000083, -0.5305390097726849774 ) ) ;
#1817 = CARTESIAN_POINT ( 'NONE',  ( 2.023436009275845215, 0.04000000000000000083, -0.3561249584995162532 ) ) ;
#1818 = VERTEX_POINT ( 'NONE', #3490 ) ;
#1819 = CARTESIAN_POINT ( 'NONE',  ( 0.6165612494554562062, 0.04000000000000000083, -0.5966986333579186175 ) ) ;
#1820 = EDGE_CURVE ( 'NONE', #4075, #2095, #1254, .T. ) ;
#1821 = ORIENTED_EDGE ( 'NONE', *, *, #2999, .T. ) ;
#1822 = LINE ( 'NONE', #1165, #2380 ) ;
#1823 = CARTESIAN_POINT ( 'NONE',  ( 0.8603613281249998801, 0.04000000000000000083, -0.3832226562499999045 ) ) ;
#1824 = DIRECTION ( 'NONE',  ( -0.000000000000000000, -1.000000000000000000, -0.000000000000000000 ) ) ;
#1825 = CARTESIAN_POINT ( 'NONE',  ( 0.9778533059409173500, 0.04000000000000000083, -0.3519704803838907825 ) ) ;
#1826 =( NAMED_UNIT ( * ) SI_UNIT ( $, .STERADIAN. ) SOLID_ANGLE_UNIT ( ) );
#1827 = FACE_OUTER_BOUND ( 'NONE', #99, .T. ) ;
#1828 = CARTESIAN_POINT ( 'NONE',  ( 0.7024999999999997913, 0.04000000000000000083, -0.4578808593749998379 ) ) ;
#1829 = EDGE_CURVE ( 'NONE', #1802, #6132, #6783, .T. ) ;
#1830 = CARTESIAN_POINT ( 'NONE',  ( 0.5879492187499998357, 0.000000000000000000, -0.5476269531249998712 ) ) ;
#1831 = CARTESIAN_POINT ( 'NONE',  ( 0.9695410156249998357, 0.04000000000000000083, -0.5987499999999998934 ) ) ;
#1832 = CARTESIAN_POINT ( 'NONE',  ( 1.960214254540454837, 0.000000000000000000, -0.5411680116290452647 ) ) ;
#1833 = LINE ( 'NONE', #1463, #2163 ) ;
#1834 = VERTEX_POINT ( 'NONE', #5696 ) ;
#1835 = CARTESIAN_POINT ( 'NONE',  ( 1.594402831496326112, 0.000000000000000000, -0.3563179182539749634 ) ) ;
#1836 = CARTESIAN_POINT ( 'NONE',  ( 0.6267051902758962179, 0.000000000000000000, -0.5836871247622142933 ) ) ;
#1837 = EDGE_CURVE ( 'NONE', #1471, #7090, #4539, .T. ) ;
#1838 = ADVANCED_FACE ( 'NONE', ( #3456 ), #146, .T. ) ;
#1839 = CARTESIAN_POINT ( 'NONE',  ( 1.068710937500000124, 0.04000000000000000083, -0.3987499999999997158 ) ) ;
#1840 = CARTESIAN_POINT ( 'NONE',  ( 1.979133116242129065, 0.04000000000000000083, -0.4787707265917642285 ) ) ;
#1841 = DIRECTION ( 'NONE',  ( 0.000000000000000000, -0.000000000000000000, -1.000000000000000000 ) ) ;
#1842 = LINE ( 'NONE', #189, #359 ) ;
#1843 = B_SPLINE_CURVE_WITH_KNOTS ( 'NONE', 3,
 ( #4794, #3269, #4321, #5368, #7047, #1541, #3159, #1991, #4902, #922, #2610, #4866, #6977, #5989, #2063, #6024, #6524 ),
 .UNSPECIFIED., .F., .F.,
 ( 4, 1, 1, 1, 1, 1, 1, 1, 1, 1, 1, 1, 1, 1, 4 ),
 ( 0.000000000000000000, 0.08379316017330265542, 0.1615280261928260797, 0.2334723873092924840, 0.3027370406211130072, 0.3685301082957296304, 0.4310481113041587653, 0.4902331166977130783, 0.5478524561175178720, 0.6568196353115056674, 0.7581955723555129367, 0.8101276751719449498, 0.8677596749367423312, 0.9307002457619336644, 1.000000000000000000 ),
 .UNSPECIFIED. ) ;
#1844 = B_SPLINE_CURVE_WITH_KNOTS ( 'NONE', 3,
 ( #4089, #5757, #2896, #174, #1789, #4529, #105, #724, #690, #2961, #6879 ),
 .UNSPECIFIED., .F., .F.,
 ( 4, 1, 1, 1, 1, 1, 1, 1, 4 ),
 ( 0.000000000000000000, 0.1892206501837993826, 0.3561381207418402584, 0.5006750660181517043, 0.6231101568107498823, 0.7304156259780223426, 0.8269473680357585232, 0.9176857311352339952, 1.000000000000000000 ),
 .UNSPECIFIED. ) ;
#1845 = CARTESIAN_POINT ( 'NONE',  ( 0.7993749999999999467, 0.000000000000000000, -0.5294628906249999600 ) ) ;
#1846 = DIRECTION ( 'NONE',  ( 0.000000000000000000, 0.000000000000000000, -1.000000000000000000 ) ) ;
#1847 = ORIENTED_EDGE ( 'NONE', *, *, #6989, .F. ) ;
#1848 = CARTESIAN_POINT ( 'NONE',  ( 1.964999999999999858, 0.2350000000000000144, -1.180000000000000160 ) ) ;
#1849 = CARTESIAN_POINT ( 'NONE',  ( 1.052978897330901997, 0.000000000000000000, -0.4818628813932483990 ) ) ;
#1850 = CARTESIAN_POINT ( 'NONE',  ( 1.054607757160013204, 0.04000000000000000083, -0.5583912136213131649 ) ) ;
#1851 = CARTESIAN_POINT ( 'NONE',  ( 0.000000000000000000, 0.000000000000000000, 0.000000000000000000 ) ) ;
#1852 = ORIENTED_EDGE ( 'NONE', *, *, #569, .F. ) ;
#1853 = CARTESIAN_POINT ( 'NONE',  ( 1.699293453792262820, 0.000000000000000000, -0.3910235255057066817 ) ) ;
#1854 = DIRECTION ( 'NONE',  ( 0.000000000000000000, -1.000000000000000000, -0.000000000000000000 ) ) ;
#1855 = ORIENTED_EDGE ( 'NONE', *, *, #150, .T. ) ;
#1856 = EDGE_LOOP ( 'NONE', ( #1523, #2906, #2890, #3686 ) ) ;
#1857 = CARTESIAN_POINT ( 'NONE',  ( 1.964999999999999858, 0.000000000000000000, -0.8800000000000000044 ) ) ;
#1858 = B_SPLINE_SURFACE_WITH_KNOTS ( 'NONE', 3, 1, ( 
 ( #1169, #1206 ),
 ( #1825, #6702 ),
 ( #3478, #2895 ),
 ( #5111, #5717 ),
 ( #4628, #4088 ),
 ( #1243, #2374 ),
 ( #6293, #1862 ),
 ( #5756, #1312 ),
 ( #3544, #6226 ),
 ( #689, #765 ),
 ( #3407, #2925 ) ),
 .UNSPECIFIED., .F., .F., .F.,
 ( 4, 1, 1, 1, 1, 1, 1, 1, 4 ),
 ( 2, 2 ),
 ( 0.000000000000000000, 0.1269170260353562341, 0.2426831653250985099, 0.3540974449409851066, 0.4653077080320908165, 0.5824615124680044831, 0.7070900444940060314, 0.8455611530334101733, 0.9999999999999998890 ),
 ( 0.000000000000000000, 1.000000000000000000 ),
 .UNSPECIFIED. ) ;
#1859 = CARTESIAN_POINT ( 'NONE',  ( 0.8324829121801686771, 0.000000000000000000, -0.3527811627032109709 ) ) ;
#1860 = ORIENTED_EDGE ( 'NONE', *, *, #1237, .F. ) ;
#1861 = DIRECTION ( 'NONE',  ( 0.000000000000000000, 0.000000000000000000, -1.000000000000000000 ) ) ;
#1862 = CARTESIAN_POINT ( 'NONE',  ( 0.9988464827547246516, 0.000000000000000000, -0.3649182087394360341 ) ) ;
#1863 = EDGE_CURVE ( 'NONE', #3869, #2095, #539, .T. ) ;
#1864 = DIRECTION ( 'NONE',  ( -1.000000000000000000, 0.000000000000000000, 0.000000000000000000 ) ) ;
#1865 = CARTESIAN_POINT ( 'NONE',  ( 0.8556249999999999689, 0.04000000000000000083, -0.5257031249999999378 ) ) ;
#1866 = B_SPLINE_CURVE_WITH_KNOTS ( 'NONE', 3,
 ( #5563, #5024, #4989, #1775, #604, #5064, #4011, #59, #4441, #2916, #2297 ),
 .UNSPECIFIED., .F., .F.,
 ( 4, 1, 1, 1, 1, 1, 1, 1, 4 ),
 ( 0.000000000000000000, 0.1442999602282539762, 0.2748238420616429534, 0.3956905257553357536, 0.5120489935032312978, 0.6268424979189656243, 0.7431840223150806279, 0.8655259307084588460, 1.000000000000000000 ),
 .UNSPECIFIED. ) ;
#1867 = LINE ( 'NONE', #6436, #1209 ) ;
#1868 = LINE ( 'NONE', #2761, #6093 ) ;
#1869 = CARTESIAN_POINT ( 'NONE',  ( 1.365000000000000435, 1.476640786499873625, -1.180000000000000160 ) ) ;
#1870 = PLANE ( 'NONE',  #1562 ) ;
#1871 = EDGE_CURVE ( 'NONE', #3464, #4183, #2367, .T. ) ;
#1872 = LINE ( 'NONE', #3174, #262 ) ;
#1873 = CARTESIAN_POINT ( 'NONE',  ( 1.980996679376970437, 0.000000000000000000, -0.5810334536819951046 ) ) ;
#1874 = ORIENTED_EDGE ( 'NONE', *, *, #1044, .T. ) ;
#1875 = CARTESIAN_POINT ( 'NONE',  ( 1.812851562500000124, 0.000000000000000000, -0.6018749999999996048 ) ) ;
#1876 = CARTESIAN_POINT ( 'NONE',  ( 0.8462396176955674365, 0.000000000000000000, -0.4563549318082902873 ) ) ;
#1877 = VERTEX_POINT ( 'NONE', #1144 ) ;
#1878 = CARTESIAN_POINT ( 'NONE',  ( 1.988987170270583915, 0.04000000000000000083, -0.4832296735174687052 ) ) ;
#1879 = EDGE_CURVE ( 'NONE', #2160, #6029, #4346, .T. ) ;
#1880 = CARTESIAN_POINT ( 'NONE',  ( 0.000000000000000000, 0.000000000000000000, 0.000000000000000000 ) ) ;
#1881 = PLANE ( 'NONE',  #3075 ) ;
#1882 = CARTESIAN_POINT ( 'NONE',  ( 0.8448963237521920355, 0.04000000000000000083, -0.4659705951868921003 ) ) ;
#1883 = FACE_OUTER_BOUND ( 'NONE', #2079, .T. ) ;
#1884 = ORIENTED_EDGE ( 'NONE', *, *, #2438, .T. ) ;
#1885 = ORIENTED_EDGE ( 'NONE', *, *, #2399, .T. ) ;
#1886 = B_SPLINE_CURVE_WITH_KNOTS ( 'NONE', 3,
 ( #1970, #2522, #1453, #3617, #7023, #834, #903, #4743, #6469, #5929, #3000, #6990, #3069, #4197, #3690, #6398, #4664, #5350, #2446 ),
 .UNSPECIFIED., .F., .F.,
 ( 4, 1, 1, 1, 1, 1, 1, 1, 1, 1, 1, 1, 1, 1, 1, 1, 4 ),
 ( 0.000000000000000000, 0.05560088188873699155, 0.1162568064506084714, 0.1841919758690732933, 0.2593619140846821769, 0.3385474029667048246, 0.4175393845456848996, 0.4964053317698315926, 0.5756403308328136292, 0.6520821592667108701, 0.7229434584460243673, 0.7884705371154628883, 0.8479802250137887798, 0.9002048195162188904, 0.9428086197652451039, 0.9758012648353273644, 1.000000000000000000 ),
 .UNSPECIFIED. ) ;
#1887 = CARTESIAN_POINT ( 'NONE',  ( 1.074576840955212553, 0.000000000000000000, -0.5048285622297002950 ) ) ;
#1888 = CARTESIAN_POINT ( 'NONE',  ( 1.053154986291262363, 0.04000000000000000083, -0.4790529472713948578 ) ) ;
#1889 = CARTESIAN_POINT ( 'NONE',  ( 0.9019402472471180765, 0.04000000000000000083, -0.4441215900861946730 ) ) ;
#1890 = DIRECTION ( 'NONE',  ( -0.000000000000000000, -1.000000000000000000, -0.000000000000000000 ) ) ;
#1891 = DIRECTION ( 'NONE',  ( 0.3232552230173955654, 0.000000000000000000, -0.9463118200635421973 ) ) ;
#1892 = CARTESIAN_POINT ( 'NONE',  ( 1.949488372268713965, 0.04000000000000000083, -0.4230559367002675319 ) ) ;
#1893 = ORIENTED_EDGE ( 'NONE', *, *, #835, .T. ) ;
#1894 = CARTESIAN_POINT ( 'NONE',  ( 1.994394531249999991, 0.04000000000000000083, -0.4849804687499996159 ) ) ;
#1895 = CARTESIAN_POINT ( 'NONE',  ( 1.228834022097400780, 0.04000000000000000083, -0.5805943541745087755 ) ) ;
#1896 = CARTESIAN_POINT ( 'NONE',  ( 1.753809861564878281, 0.04000000000000000083, -0.3778433458443091753 ) ) ;
#1897 = DIRECTION ( 'NONE',  ( -0.000000000000000000, -1.000000000000000000, -0.000000000000000000 ) ) ;
#1898 = CARTESIAN_POINT ( 'NONE',  ( 1.682285156249999858, 0.000000000000000000, -0.5752148437499997602 ) ) ;
#1899 = CARTESIAN_POINT ( 'NONE',  ( 1.986414966741246513, 0.000000000000000000, -0.4887240528988435750 ) ) ;
#1900 = EDGE_CURVE ( 'NONE', #2654, #6341, #591, .T. ) ;
#1901 = AXIS2_PLACEMENT_3D ( 'NONE', #5328, #1465, #6409 ) ;
#1902 = CARTESIAN_POINT ( 'NONE',  ( 1.988987170270583915, 0.000000000000000000, -0.4832296735174687052 ) ) ;
#1903 = CARTESIAN_POINT ( 'NONE',  ( 0.7994404114152703356, 0.000000000000000000, -0.5316131467680239586 ) ) ;
#1904 = CARTESIAN_POINT ( 'NONE',  ( 0.9980748944111500487, 0.04000000000000000083, -0.5864147276306720391 ) ) ;
#1905 = CARTESIAN_POINT ( 'NONE',  ( 2.014696810009165784, 0.04000000000000000083, -0.4520111365266911152 ) ) ;
#1906 = CARTESIAN_POINT ( 'NONE',  ( 1.002289071669929088, 0.000000000000000000, -0.3771063410118129511 ) ) ;
#1907 = VERTEX_POINT ( 'NONE', #5662 ) ;
#1908 = CARTESIAN_POINT ( 'NONE',  ( 1.174375000000000169, 0.04000000000000000083, -0.3987499999999997158 ) ) ;
#1909 = VECTOR ( 'NONE', #7195, 39.37007874015748143 ) ;
#1910 = CARTESIAN_POINT ( 'NONE',  ( 0.7985759086361555736, 0.000000000000000000, -0.3638676234600263792 ) ) ;
#1911 = EDGE_CURVE ( 'NONE', #1877, #374, #6610, .T. ) ;
#1912 = EDGE_LOOP ( 'NONE', ( #4769, #5051, #6639, #2249 ) ) ;
#1913 = VECTOR ( 'NONE', #203, 39.37007874015748143 ) ;
#1914 = CARTESIAN_POINT ( 'NONE',  ( 1.949985377181279622, 0.04000000000000000083, -0.4369925174068654550 ) ) ;
#1915 = CARTESIAN_POINT ( 'NONE',  ( 1.744114010024129025, 0.04000000000000000083, -0.3597024594704464340 ) ) ;
#1916 = CARTESIAN_POINT ( 'NONE',  ( 1.046856553724963668, 0.04000000000000000083, -0.3613586407157824976 ) ) ;
#1917 = CARTESIAN_POINT ( 'NONE',  ( 1.994394531249999991, 0.04000000000000000083, -0.4849804687499996159 ) ) ;
#1918 = VECTOR ( 'NONE', #2175, 39.37007874015748143 ) ;
#1919 = CARTESIAN_POINT ( 'NONE',  ( 1.785097185306169898, 0.000000000000000000, -0.5921477942335223732 ) ) ;
#1920 = EDGE_CURVE ( 'NONE', #6287, #4319, #2565, .T. ) ;
#1921 = ORIENTED_EDGE ( 'NONE', *, *, #5792, .T. ) ;
#1922 = VERTEX_POINT ( 'NONE', #3700 ) ;
#1923 = CARTESIAN_POINT ( 'NONE',  ( 1.081015625000000036, 0.000000000000000000, -0.5049999999999997824 ) ) ;
#1924 = CARTESIAN_POINT ( 'NONE',  ( 0.8438159775800561091, 0.04000000000000000083, -0.5933618484374304503 ) ) ;
#1925 = VECTOR ( 'NONE', #6850, 39.37007874015748143 ) ;
#1926 = CARTESIAN_POINT ( 'NONE',  ( 0.8793554687499999245, 0.04000000000000000083, -0.4145703124999999267 ) ) ;
#1927 = LINE ( 'NONE', #5401, #6570 ) ;
#1928 = CARTESIAN_POINT ( 'NONE',  ( 2.050107421875000391, 0.000000000000000000, -0.3549999999999996492 ) ) ;
#1929 = ORIENTED_EDGE ( 'NONE', *, *, #463, .F. ) ;
#1930 = CARTESIAN_POINT ( 'NONE',  ( 1.333749999999999769, 0.04000000000000000083, -0.5518749999999997824 ) ) ;
#1931 = ADVANCED_FACE ( 'NONE', ( #5908 ), #1324, .T. ) ;
#1932 = ADVANCED_FACE ( 'NONE', ( #4678 ), #5223, .T. ) ;
#1933 = VECTOR ( 'NONE', #5145, 39.37007874015748143 ) ;
#1934 = EDGE_LOOP ( 'NONE', ( #4330, #6253, #1066, #4780 ) ) ;
#1935 = ORIENTED_EDGE ( 'NONE', *, *, #767, .T. ) ;
#1936 = CARTESIAN_POINT ( 'NONE',  ( 1.696591257957378307, 0.04000000000000000083, -0.3724952041845813744 ) ) ;
#1937 = CARTESIAN_POINT ( 'NONE',  ( 1.989414062500000080, 0.04000000000000000083, -0.3638378906249996048 ) ) ;
#1938 = CARTESIAN_POINT ( 'NONE',  ( 0.6464751035766497234, 0.000000000000000000, -0.3771976947162836158 ) ) ;
#1939 = CARTESIAN_POINT ( 'NONE',  ( 0.9065039062499998801, 0.04000000000000000083, -0.5549999999999999378 ) ) ;
#1940 = CARTESIAN_POINT ( 'NONE',  ( 1.052890625000000080, 0.04000000000000000083, -0.4832714843749997824 ) ) ;
#1941 = CARTESIAN_POINT ( 'NONE',  ( 0.7024999999999997913, 0.04000000000000000083, -0.3841015624999998823 ) ) ;
#1942 = ORIENTED_EDGE ( 'NONE', *, *, #4582, .F. ) ;
#1943 = CARTESIAN_POINT ( 'NONE',  ( 0.9464908699206241449, 0.000000000000000000, -0.3767337716377486267 ) ) ;
#1944 = CARTESIAN_POINT ( 'NONE',  ( 0.8748900515874084016, 0.04000000000000000083, -0.5984006398936626558 ) ) ;
#1945 = CARTESIAN_POINT ( 'NONE',  ( 0.9695410156249998357, 0.000000000000000000, -0.5987499999999998934 ) ) ;
#1946 = DIRECTION ( 'NONE',  ( -1.000000000000000000, 0.000000000000000000, 0.000000000000000000 ) ) ;
#1947 = VERTEX_POINT ( 'NONE', #5295 ) ;
#1948 = DIRECTION ( 'NONE',  ( -1.000000000000000000, 0.000000000000000000, 0.000000000000000000 ) ) ;
#1949 = CARTESIAN_POINT ( 'NONE',  ( 1.479856652782878479, 0.000000000000000000, -0.5919417975870767679 ) ) ;
#1950 = EDGE_LOOP ( 'NONE', ( #6963, #5712, #4985, #3887 ) ) ;
#1951 = CARTESIAN_POINT ( 'NONE',  ( 1.439267578124999725, 0.000000000000000000, -0.5987499999999996714 ) ) ;
#1952 = CARTESIAN_POINT ( 'NONE',  ( 1.755581751792777201, 0.04000000000000000083, -0.3820809070311979583 ) ) ;
#1953 = ADVANCED_FACE ( 'NONE', ( #1396 ), #1441, .T. ) ;
#1954 = DIRECTION ( 'NONE',  ( 0.000000000000000000, 0.000000000000000000, -1.000000000000000000 ) ) ;
#1955 = FACE_OUTER_BOUND ( 'NONE', #2855, .T. ) ;
#1956 = VERTEX_POINT ( 'NONE', #4242 ) ;
#1957 = ORIENTED_EDGE ( 'NONE', *, *, #3257, .T. ) ;
#1958 = CARTESIAN_POINT ( 'NONE',  ( 2.123154296875000124, 0.000000000000000000, -0.3549999999999996492 ) ) ;
#1959 = CARTESIAN_POINT ( 'NONE',  ( 0.8677575429458291856, 0.04000000000000000083, -0.5979202689991677255 ) ) ;
#1960 = CARTESIAN_POINT ( 'NONE',  ( 0.8793554687499999245, 0.000000000000000000, -0.4145703124999999267 ) ) ;
#1961 = CARTESIAN_POINT ( 'NONE',  ( 2.140611979984292201, 0.04000000000000000083, -0.5957845437337579986 ) ) ;
#1962 = ADVANCED_FACE ( 'NONE', ( #5770 ), #3665, .T. ) ;
#1963 = CARTESIAN_POINT ( 'NONE',  ( 1.814548903066818486, 0.04000000000000000083, -0.6018417614390058068 ) ) ;
#1964 = ORIENTED_EDGE ( 'NONE', *, *, #5773, .T. ) ;
#1965 = CARTESIAN_POINT ( 'NONE',  ( 1.045150328128848338, 0.000000000000000000, -0.5852773747016561945 ) ) ;
#1966 = EDGE_LOOP ( 'NONE', ( #5447, #5516, #6439, #3009 ) ) ;
#1967 = PLANE ( 'NONE',  #4131 ) ;
#1968 = DIRECTION ( 'NONE',  ( -0.000000000000000000, -1.000000000000000000, -0.000000000000000000 ) ) ;
#1969 = CARTESIAN_POINT ( 'NONE',  ( 0.6480439347055678700, 0.000000000000000000, -0.3708097881172091603 ) ) ;
#1970 = CARTESIAN_POINT ( 'NONE',  ( 0.8578710937499999245, 0.04000000000000000083, -0.4626660156249999267 ) ) ;
#1971 = ADVANCED_FACE ( 'NONE', ( #7181 ), #5468, .F. ) ;
#1972 = LINE ( 'NONE', #5213, #2485 ) ;
#1973 = CARTESIAN_POINT ( 'NONE',  ( 0.000000000000000000, 0.1350000000000000089, -1.479999999999999982 ) ) ;
#1974 = ORIENTED_EDGE ( 'NONE', *, *, #663, .T. ) ;
#1975 = CARTESIAN_POINT ( 'NONE',  ( 1.983888688217285479, 0.000000000000000000, -0.4811045083472630379 ) ) ;
#1976 = CARTESIAN_POINT ( 'NONE',  ( 1.198789062500000169, 0.04000000000000000083, -0.5987499999999996714 ) ) ;
#1977 = CARTESIAN_POINT ( 'NONE',  ( 1.001434915685647242, 0.04000000000000000083, -0.5775091609277741567 ) ) ;
#1978 = B_SPLINE_CURVE_WITH_KNOTS ( 'NONE', 3,
 ( #270, #5818, #1995, #3026, #233, #7052, #2067, #4220, #5238, #2473, #1928 ),
 .UNSPECIFIED., .F., .F.,
 ( 4, 1, 1, 1, 1, 1, 1, 1, 4 ),
 ( 0.000000000000000000, 0.09990234309578110983, 0.2055257709835192903, 0.3175884476016677116, 0.4369754934762788423, 0.5643433826929643571, 0.7008555280647251751, 0.8457252162657428185, 1.000000000000000000 ),
 .UNSPECIFIED. ) ;
#1979 = CARTESIAN_POINT ( 'NONE',  ( 0.7985759086361555736, 0.04000000000000000083, -0.3638676234600263792 ) ) ;
#1980 = ORIENTED_EDGE ( 'NONE', *, *, #3125, .F. ) ;
#1981 = CARTESIAN_POINT ( 'NONE',  ( 0.9582579479397153044, 0.000000000000000000, -0.3564130735380296455 ) ) ;
#1982 = CARTESIAN_POINT ( 'NONE',  ( 1.472646123046561284, 0.000000000000000000, -0.5797950049923453752 ) ) ;
#1983 = ORIENTED_EDGE ( 'NONE', *, *, #4363, .F. ) ;
#1984 = CARTESIAN_POINT ( 'NONE',  ( 0.9150000000000003686, 0.1350000000000000089, -1.479999999999999982 ) ) ;
#1985 = CARTESIAN_POINT ( 'NONE',  ( 1.046910254174894916, 0.000000000000000000, -0.3924051806646149942 ) ) ;
#1986 = CARTESIAN_POINT ( 'NONE',  ( 2.145973948338901760, 0.04000000000000000083, -0.3610398694814447307 ) ) ;
#1987 = CARTESIAN_POINT ( 'NONE',  ( 0.9050714368234068496, 0.04000000000000000083, -0.4956713052290548371 ) ) ;
#1988 = ORIENTED_EDGE ( 'NONE', *, *, #1820, .F. ) ;
#1989 = ADVANCED_FACE ( 'NONE', ( #1496, #3842, #2785, #6481, #4925, #3224, #1056, #5502 ), #986, .T. ) ;
#1990 = ORIENTED_EDGE ( 'NONE', *, *, #2087, .F. ) ;
#1991 = CARTESIAN_POINT ( 'NONE',  ( 1.785097185306169898, 0.04000000000000000083, -0.5921477942335223732 ) ) ;
#1992 = CARTESIAN_POINT ( 'NONE',  ( 1.068710937500000124, 0.000000000000000000, -0.3549999999999997602 ) ) ;
#1993 = CARTESIAN_POINT ( 'NONE',  ( 0.8810613643722925437, 0.000000000000000000, -0.4172523011105747637 ) ) ;
#1994 = ORIENTED_EDGE ( 'NONE', *, *, #5773, .F. ) ;
#1995 = CARTESIAN_POINT ( 'NONE',  ( 1.995251337231652045, 0.000000000000000000, -0.3615000848468064576 ) ) ;
#1996 = CARTESIAN_POINT ( 'NONE',  ( 0.9462499999999999245, 0.000000000000000000, -0.5549999999999999378 ) ) ;
#1997 = ORIENTED_EDGE ( 'NONE', *, *, #3563, .T. ) ;
#1998 = ORIENTED_EDGE ( 'NONE', *, *, #1384, .T. ) ;
#1999 = EDGE_CURVE ( 'NONE', #2262, #5052, #4422, .T. ) ;
#2000 = CARTESIAN_POINT ( 'NONE',  ( 0.000000000000000000, 0.1350000000000000089, 0.000000000000000000 ) ) ;
#2001 = CARTESIAN_POINT ( 'NONE',  ( 0.5733007812499998357, 0.000000000000000000, -0.5793164062499999156 ) ) ;
#2002 = CARTESIAN_POINT ( 'NONE',  ( 0.7951757812499999911, 0.04000000000000000083, -0.3738476562499999378 ) ) ;
#2003 = LINE ( 'NONE', #3141, #5411 ) ;
#2004 = CARTESIAN_POINT ( 'NONE',  ( 1.682285156249999858, 0.04000000000000000083, -0.5752148437499997602 ) ) ;
#2005 = CARTESIAN_POINT ( 'NONE',  ( 1.917246093750000213, 0.000000000000000000, -0.4019238281249996603 ) ) ;
#2006 = EDGE_LOOP ( 'NONE', ( #6768, #5190, #2582, #5097 ) ) ;
#2007 = EDGE_CURVE ( 'NONE', #423, #4358, #4719, .T. ) ;
#2008 = CARTESIAN_POINT ( 'NONE',  ( 0.9464908699206241449, 0.04000000000000000083, -0.3767337716377486267 ) ) ;
#2009 = CARTESIAN_POINT ( 'NONE',  ( 0.8877373489994101474, 0.000000000000000000, -0.5987327012354133338 ) ) ;
#2010 = CARTESIAN_POINT ( 'NONE',  ( 0.9923775583886399465, 0.04000000000000000083, -0.5928005526727820884 ) ) ;
#2011 = CARTESIAN_POINT ( 'NONE',  ( 2.019762502639480761, 0.000000000000000000, -0.5445401042851789608 ) ) ;
#2012 = CARTESIAN_POINT ( 'NONE',  ( 1.822573737908640190, 0.000000000000000000, -0.6008886294961445218 ) ) ;
#2013 = CARTESIAN_POINT ( 'NONE',  ( 0.7970540585543750556, 0.04000000000000000083, -0.3663989850286845651 ) ) ;
#2014 = B_SPLINE_CURVE_WITH_KNOTS ( 'NONE', 3,
 ( #6252, #1711, #5535, #3400, #5030, #98, #2777, #2852, #5069, #5569, #2301, #5136, #1238, #2259, #3472, #6183, #4483, #3435, #5678 ),
 .UNSPECIFIED., .F., .F.,
 ( 4, 1, 1, 1, 1, 1, 1, 1, 1, 1, 1, 1, 1, 1, 1, 1, 4 ),
 ( 0.000000000000000000, 0.07205155789532320665, 0.1406111398498058052, 0.2065436538052974891, 0.2701730840707983750, 0.3315127924838082163, 0.3916518316918413123, 0.4502372417809887839, 0.5077259467624031242, 0.5658694124620984311, 0.6231479203778079734, 0.6820366219334124125, 0.7413773542704203967, 0.8025565150096127809, 0.8662558997775221536, 0.9317252083619433911, 1.000000000000000000 ),
 .UNSPECIFIED. ) ;
#2015 = CARTESIAN_POINT ( 'NONE',  ( 1.841806640624999991, 0.000000000000000000, -0.4549999999999996270 ) ) ;
#2016 = AXIS2_PLACEMENT_3D ( 'NONE', #112, #1691, #3926 ) ;
#2017 = CARTESIAN_POINT ( 'NONE',  ( 2.050660436674748510, 0.04000000000000000083, -0.3987857156051995977 ) ) ;
#2018 = CARTESIAN_POINT ( 'NONE',  ( 0.6539865169830627600, 0.000000000000000000, -0.3603921494036425588 ) ) ;
#2019 = CARTESIAN_POINT ( 'NONE',  ( 0.8556760947845767351, -0.000000000000000000, -0.5271571198129251234 ) ) ;
#2020 = VECTOR ( 'NONE', #2878, 39.37007874015748143 ) ;
#2021 = ORIENTED_EDGE ( 'NONE', *, *, #6273, .F. ) ;
#2022 = ORIENTED_EDGE ( 'NONE', *, *, #5263, .F. ) ;
#2023 = CARTESIAN_POINT ( 'NONE',  ( 1.841806640624999991, 0.000000000000000000, -0.4549999999999996270 ) ) ;
#2024 = CARTESIAN_POINT ( 'NONE',  ( 1.230604650143815704, 0.04000000000000000083, -0.3836191939354864910 ) ) ;
#2025 = CARTESIAN_POINT ( 'NONE',  ( 0.000000000000000000, 0.000000000000000000, 0.000000000000000000 ) ) ;
#2026 = B_SPLINE_CURVE_WITH_KNOTS ( 'NONE', 3,
 ( #4852, #2081, #3254, #2924, #1242, #2958, #5684, #2265, #1678, #1785, #134 ),
 .UNSPECIFIED., .F., .F.,
 ( 4, 1, 1, 1, 1, 1, 1, 1, 4 ),
 ( 0.000000000000000000, 0.1286989885783279552, 0.2411927597118221911, 0.3422630546884235514, 0.4355406170092637752, 0.5407971397498051447, 0.6697997774159017981, 0.8224494370843037361, 1.000000000000000000 ),
 .UNSPECIFIED. ) ;
#2027 = ORIENTED_EDGE ( 'NONE', *, *, #5595, .F. ) ;
#2028 = CARTESIAN_POINT ( 'NONE',  ( 1.852418953462966922, 0.000000000000000000, -0.5666502260667191093 ) ) ;
#2029 = VECTOR ( 'NONE', #3875, 39.37007874015748143 ) ;
#2030 = VECTOR ( 'NONE', #5917, 39.37007874015748143 ) ;
#2031 = ADVANCED_FACE ( 'NONE', ( #5397 ), #2637, .F. ) ;
#2032 = CARTESIAN_POINT ( 'NONE',  ( 1.466660156249999902, 0.04000000000000000083, -0.5752148437499997602 ) ) ;
#2033 = VERTEX_POINT ( 'NONE', #4345 ) ;
#2034 = ORIENTED_EDGE ( 'NONE', *, *, #1454, .T. ) ;
#2035 = VERTEX_POINT ( 'NONE', #6555 ) ;
#2036 = CARTESIAN_POINT ( 'NONE',  ( 0.9923775583886399465, 0.000000000000000000, -0.5928005526727820884 ) ) ;
#2037 = B_SPLINE_SURFACE_WITH_KNOTS ( 'NONE', 3, 1, ( 
 ( #4742, #6954 ),
 ( #4663, #933 ),
 ( #3318, #6000 ),
 ( #3753, #2693 ),
 ( #3171, #4912 ),
 ( #5530, #2586 ),
 ( #6468, #2108 ),
 ( #6536, #1008 ),
 ( #4333, #4876 ),
 ( #5961, #4954 ),
 ( #1078, #3828 ) ),
 .UNSPECIFIED., .F., .F., .F.,
 ( 4, 1, 1, 1, 1, 1, 1, 1, 4 ),
 ( 2, 2 ),
 ( 0.000000000000000000, 0.1209112936525205545, 0.2383349183711327979, 0.3582454369415813966, 0.4852088005079074895, 0.6130087708884657260, 0.7389869025312779671, 0.8663370752508473549, 0.9999999999999998890 ),
 ( 0.000000000000000000, 1.000000000000000000 ),
 .UNSPECIFIED. ) ;
#2038 = CARTESIAN_POINT ( 'NONE',  ( 1.578916015624999947, 0.04000000000000000083, -0.3518749999999997713 ) ) ;
#2039 = VECTOR ( 'NONE', #1611, 39.37007874015748854 ) ;
#2040 = CARTESIAN_POINT ( 'NONE',  ( 1.285093619490622174, 0.04000000000000000083, -0.5986797455209706964 ) ) ;
#2041 = CARTESIAN_POINT ( 'NONE',  ( 2.099375000000000213, 0.000000000000000000, -0.5549999999999996048 ) ) ;
#2042 = CARTESIAN_POINT ( 'NONE',  ( 1.964999999999999858, 0.1350000000000000089, -0.7299999999999999822 ) ) ;
#2043 = EDGE_CURVE ( 'NONE', #1834, #3131, #1572, .T. ) ;
#2044 = CARTESIAN_POINT ( 'NONE',  ( 2.060361328125000391, 0.04000000000000000083, -0.5018749999999997380 ) ) ;
#2045 = VECTOR ( 'NONE', #2254, 39.37007874015748143 ) ;
#2046 = CARTESIAN_POINT ( 'NONE',  ( 0.9078710937499999689, 0.04000000000000000083, -0.4956249999999998712 ) ) ;
#2047 = EDGE_LOOP ( 'NONE', ( #3291, #1600, #375, #2690 ) ) ;
#2048 = DIRECTION ( 'NONE',  ( -1.000000000000000000, 0.000000000000000000, 0.000000000000000000 ) ) ;
#2049 = CARTESIAN_POINT ( 'NONE',  ( 0.9736324210259678091, 0.000000000000000000, -0.3519708810097439411 ) ) ;
#2050 = CARTESIAN_POINT ( 'NONE',  ( 1.209945750060014813, 0.000000000000000000, -0.3560773972325323999 ) ) ;
#2051 = CARTESIAN_POINT ( 'NONE',  ( 1.002463465363874429, 0.04000000000000000083, -0.5675817320605969218 ) ) ;
#2052 = CARTESIAN_POINT ( 'NONE',  ( 0.8228258917275290685, 0.04000000000000000083, -0.3519045578477230096 ) ) ;
#2053 = EDGE_CURVE ( 'NONE', #5779, #5854, #3259, .T. ) ;
#2054 = CARTESIAN_POINT ( 'NONE',  ( 1.605624999999999858, 0.04000000000000000083, -0.5518749999999997824 ) ) ;
#2055 = CARTESIAN_POINT ( 'NONE',  ( 1.472464987932752045, 0.000000000000000000, -0.5767569221631013709 ) ) ;
#2056 = CARTESIAN_POINT ( 'NONE',  ( 0.6779177560663457447, 0.04000000000000000083, -0.3519582115025515212 ) ) ;
#2057 = CARTESIAN_POINT ( 'NONE',  ( 0.8842794793886483706, 0.04000000000000000083, -0.4223117828916387873 ) ) ;
#2058 = CARTESIAN_POINT ( 'NONE',  ( 2.005625000000000213, 0.04000000000000000083, -0.4304882812499996048 ) ) ;
#2059 = EDGE_CURVE ( 'NONE', #528, #5172, #3856, .T. ) ;
#2060 = CARTESIAN_POINT ( 'NONE',  ( 1.812851562500000124, 0.04000000000000000083, -0.6018749999999996048 ) ) ;
#2061 = VERTEX_POINT ( 'NONE', #5183 ) ;
#2062 = ORIENTED_EDGE ( 'NONE', *, *, #6653, .F. ) ;
#2063 = CARTESIAN_POINT ( 'NONE',  ( 1.768004630529027565, 0.04000000000000000083, -0.5617532807095064751 ) ) ;
#2064 = DIRECTION ( 'NONE',  ( -0.000000000000000000, -1.000000000000000000, -0.000000000000000000 ) ) ;
#2065 = LINE ( 'NONE', #1620, #4365 ) ;
#2066 = ORIENTED_EDGE ( 'NONE', *, *, #4266, .T. ) ;
#2067 = CARTESIAN_POINT ( 'NONE',  ( 2.023436009275845215, 0.000000000000000000, -0.3561249584995162532 ) ) ;
#2068 = CARTESIAN_POINT ( 'NONE',  ( 1.605624999999999858, 0.04000000000000000083, -0.3840527343749997602 ) ) ;
#2069 = ORIENTED_EDGE ( 'NONE', *, *, #5472, .T. ) ;
#2070 = ORIENTED_EDGE ( 'NONE', *, *, #1419, .F. ) ;
#2071 = ORIENTED_EDGE ( 'NONE', *, *, #4454, .T. ) ;
#2072 = CARTESIAN_POINT ( 'NONE',  ( 1.898398437500000036, 0.000000000000000000, -0.3518749999999996603 ) ) ;
#2073 = CARTESIAN_POINT ( 'NONE',  ( 1.995251337231652045, 0.000000000000000000, -0.3615000848468064576 ) ) ;
#2074 = CARTESIAN_POINT ( 'NONE',  ( 1.264231652782878523, 0.04000000000000000083, -0.5919417975870766568 ) ) ;
#2075 = CARTESIAN_POINT ( 'NONE',  ( 0.5807822090916746616, 0.04000000000000000083, -0.5947535105735504146 ) ) ;
#2076 = CARTESIAN_POINT ( 'NONE',  ( 1.960117187500000080, 0.000000000000000000, -0.5361523437499996492 ) ) ;
#2077 = CARTESIAN_POINT ( 'NONE',  ( 2.019999498197963206, 0.04000000000000000083, -0.5148762421358037411 ) ) ;
#2078 = CARTESIAN_POINT ( 'NONE',  ( 0.6267051902758962179, 0.04000000000000000083, -0.5836871247622142933 ) ) ;
#2079 = EDGE_LOOP ( 'NONE', ( #4918, #4659, #2460, #3519 ) ) ;
#2080 = CARTESIAN_POINT ( 'NONE',  ( 1.713915660019883269, 0.000000000000000000, -0.3537590362595984250 ) ) ;
#2081 = CARTESIAN_POINT ( 'NONE',  ( 0.7469251978107264156, -0.000000000000000000, -0.6018009746601061805 ) ) ;
#2082 = EDGE_CURVE ( 'NONE', #3356, #7125, #4801, .T. ) ;
#2083 = CARTESIAN_POINT ( 'NONE',  ( 0.6986652268970642288, 0.04000000000000000083, -0.3645325583494615218 ) ) ;
#2084 = CARTESIAN_POINT ( 'NONE',  ( 2.059187002564436764, 0.000000000000000000, -0.5549404643962556616 ) ) ;
#2085 = DIRECTION ( 'NONE',  ( -0.000000000000000000, -1.000000000000000000, -0.000000000000000000 ) ) ;
#2086 = CARTESIAN_POINT ( 'NONE',  ( 1.206495198036625194, 0.04000000000000000083, -0.3554148888787587723 ) ) ;
#2087 = EDGE_CURVE ( 'NONE', #4523, #6393, #5160, .T. ) ;
#2088 = CARTESIAN_POINT ( 'NONE',  ( 1.886200068944279717, 0.04000000000000000083, -0.3534409982751858803 ) ) ;
#2089 = CARTESIAN_POINT ( 'NONE',  ( 2.130915616304409177, 0.04000000000000000083, -0.5983008437803954971 ) ) ;
#2090 = CARTESIAN_POINT ( 'NONE',  ( 0.9142535304472351187, 0.04000000000000000083, -0.4520311165661609620 ) ) ;
#2091 = CARTESIAN_POINT ( 'NONE',  ( 0.8820450314032773909, 0.000000000000000000, -0.5537285913091706258 ) ) ;
#2092 = B_SPLINE_CURVE_WITH_KNOTS ( 'NONE', 3,
 ( #6778, #141, #6233, #1249, #2382, #6961, #7168, #5937, #4238, #3657, #2734 ),
 .UNSPECIFIED., .F., .F.,
 ( 4, 1, 1, 1, 1, 1, 1, 1, 4 ),
 ( 0.000000000000000000, 0.1301792176390407230, 0.2541230567790883077, 0.3755672815653419150, 0.4972130155021918241, 0.6196092790588617616, 0.7425177902555690768, 0.8688022457434154688, 1.000000000000000000 ),
 .UNSPECIFIED. ) ;
#2093 = CARTESIAN_POINT ( 'NONE',  ( 1.041363257269023679, 0.000000000000000000, -0.3685086602160759228 ) ) ;
#2094 = B_SPLINE_SURFACE_WITH_KNOTS ( 'NONE', 3, 1, ( 
 ( #6198, #2755 ),
 ( #4973, #6636 ),
 ( #3870, #6586 ),
 ( #2699, #422 ),
 ( #3218, #3251 ),
 ( #1049, #4339 ),
 ( #2189, #6545 ),
 ( #7137, #1636 ),
 ( #6474, #4415 ),
 ( #2632, #2152 ),
 ( #3285, #1490 ) ),
 .UNSPECIFIED., .F., .F., .F.,
 ( 4, 1, 1, 1, 1, 1, 1, 1, 4 ),
 ( 2, 2 ),
 ( 0.000000000000000000, 0.1278136221579292409, 0.2513237818880932339, 0.3773041448128575115, 0.5090496017495779180, 0.6394157308705075149, 0.7612157869820057599, 0.8795601774231536218, 1.000000000000000000 ),
 ( 0.000000000000000000, 1.000000000000000000 ),
 .UNSPECIFIED. ) ;
#2095 = VERTEX_POINT ( 'NONE', #3482 ) ;
#2096 = EDGE_CURVE ( 'NONE', #448, #4804, #2824, .T. ) ;
#2097 = ORIENTED_EDGE ( 'NONE', *, *, #2726, .F. ) ;
#2098 = CARTESIAN_POINT ( 'NONE',  ( 1.439267578124999725, 0.04000000000000000083, -0.5987499999999996714 ) ) ;
#2099 = CARTESIAN_POINT ( 'NONE',  ( 1.213155234260911319, 0.04000000000000000083, -0.3568643231123033166 ) ) ;
#2100 = CARTESIAN_POINT ( 'NONE',  ( 0.8242773437499998357, 0.000000000000000000, -0.3518749999999999378 ) ) ;
#2101 = ORIENTED_EDGE ( 'NONE', *, *, #5566, .T. ) ;
#2102 = CARTESIAN_POINT ( 'NONE',  ( 1.043757428911911589, 0.04000000000000000083, -0.5812185311364524987 ) ) ;
#2103 =( LENGTH_UNIT ( ) NAMED_UNIT ( * ) SI_UNIT ( $, .METRE. ) );
#2104 = ORIENTED_EDGE ( 'NONE', *, *, #5871, .T. ) ;
#2105 = ORIENTED_EDGE ( 'NONE', *, *, #6452, .F. ) ;
#2106 = CARTESIAN_POINT ( 'NONE',  ( 1.002499999999999947, 0.000000000000000000, -0.5662304687499998268 ) ) ;
#2107 = CARTESIAN_POINT ( 'NONE',  ( 1.556964818900262726, 0.000000000000000000, -0.3603044935183252750 ) ) ;
#2108 = CARTESIAN_POINT ( 'NONE',  ( 0.7632015803801145415, 0.000000000000000000, -0.5981406691607316084 ) ) ;
#2109 = CARTESIAN_POINT ( 'NONE',  ( 1.465143299505553109, 0.000000000000000000, -0.5657125978330272975 ) ) ;
#2110 = CARTESIAN_POINT ( 'NONE',  ( 1.561292444776149146, 0.000000000000000000, -0.3564675833465724697 ) ) ;
#2111 = CARTESIAN_POINT ( 'NONE',  ( 1.285144627695295139, 0.04000000000000000083, -0.5519559003030558575 ) ) ;
#2112 = DIRECTION ( 'NONE',  ( -0.000000000000000000, -1.000000000000000000, -0.000000000000000000 ) ) ;
#2113 = ORIENTED_EDGE ( 'NONE', *, *, #663, .F. ) ;
#2114 = CARTESIAN_POINT ( 'NONE',  ( 1.363291015624999769, 0.04000000000000000083, -0.3518749999999997713 ) ) ;
#2115 = CARTESIAN_POINT ( 'NONE',  ( 0.8610875850729554637, 0.000000000000000000, -0.5972677263151885407 ) ) ;
#2116 = CARTESIAN_POINT ( 'NONE',  ( 1.220060227973940759, 0.04000000000000000083, -0.5934999292830022144 ) ) ;
#2117 = CARTESIAN_POINT ( 'NONE',  ( 0.8491393011753896047, 0.000000000000000000, -0.5949943984073126080 ) ) ;
#2118 = LINE ( 'NONE', #1094, #1443 ) ;
#2119 = CARTESIAN_POINT ( 'NONE',  ( 1.072421875000000080, 0.04000000000000000083, -0.5987499999999996714 ) ) ;
#2120 = CARTESIAN_POINT ( 'NONE',  ( 1.230618034067166189, 0.04000000000000000083, -0.3862486395166686570 ) ) ;
#2121 = ADVANCED_FACE ( 'NONE', ( #3992 ), #3448, .T. ) ;
#2122 = CARTESIAN_POINT ( 'NONE',  ( 1.958669566567271314, 0.000000000000000000, -0.3908094743637777202 ) ) ;
#2123 = DIRECTION ( 'NONE',  ( -0.000000000000000000, -1.000000000000000000, -0.000000000000000000 ) ) ;
#2124 = CARTESIAN_POINT ( 'NONE',  ( 2.028965364753648970, 0.000000000000000000, -0.5982476101100773214 ) ) ;
#2125 = CARTESIAN_POINT ( 'NONE',  ( 2.052548828125000391, 0.04000000000000000083, -0.3987499999999996048 ) ) ;
#2126 = CARTESIAN_POINT ( 'NONE',  ( 0.8952528546784480623, 0.04000000000000000083, -0.5548514548279475100 ) ) ;
#2127 = VECTOR ( 'NONE', #6065, 39.37007874015748143 ) ;
#2128 = CARTESIAN_POINT ( 'NONE',  ( 0.8091341922323525004, 0.000000000000000000, -0.5658634479770278114 ) ) ;
#2129 = EDGE_CURVE ( 'NONE', #6829, #6523, #1246, .T. ) ;
#2130 = ORIENTED_EDGE ( 'NONE', *, *, #1729, .F. ) ;
#2131 = VERTEX_POINT ( 'NONE', #4563 ) ;
#2132 = DIRECTION ( 'NONE',  ( 0.000000000000000000, -0.000000000000000000, 1.000000000000000000 ) ) ;
#2133 = CARTESIAN_POINT ( 'NONE',  ( 1.216057590040853897, 0.04000000000000000083, -0.3580154902424591001 ) ) ;
#2134 = LINE ( 'NONE', #7121, #2504 ) ;
#2135 = EDGE_LOOP ( 'NONE', ( #5846, #2468, #377, #309 ) ) ;
#2136 = CARTESIAN_POINT ( 'NONE',  ( 1.059728331252728584, 0.000000000000000000, -0.5973535810572780935 ) ) ;
#2137 = EDGE_CURVE ( 'NONE', #3177, #4797, #4600, .T. ) ;
#2138 = VECTOR ( 'NONE', #3410, 39.37007874015748143 ) ;
#2139 = ORIENTED_EDGE ( 'NONE', *, *, #7016, .T. ) ;
#2140 = ORIENTED_EDGE ( 'NONE', *, *, #6006, .F. ) ;
#2141 = CARTESIAN_POINT ( 'NONE',  ( 2.131086845320312229, 0.000000000000000000, -0.3554159774104793112 ) ) ;
#2142 = CARTESIAN_POINT ( 'NONE',  ( 1.459554354473872273, 0.000000000000000000, -0.5926285563699443815 ) ) ;
#2143 = CARTESIAN_POINT ( 'NONE',  ( 1.260921996622274888, 0.04000000000000000083, -0.5882203109763203264 ) ) ;
#2144 = VECTOR ( 'NONE', #4594, 39.37007874015748143 ) ;
#2145 = CARTESIAN_POINT ( 'NONE',  ( 0.000000000000000000, 0.3049999999999991607, 0.000000000000000000 ) ) ;
#2146 = CARTESIAN_POINT ( 'NONE',  ( 1.766953125000000346, 0.04000000000000000083, -0.4112499999999996159 ) ) ;
#2147 = EDGE_CURVE ( 'NONE', #284, #6132, #4060, .T. ) ;
#2148 = CARTESIAN_POINT ( 'NONE',  ( 1.287558593749999813, 0.000000000000000000, -0.5518749999999997824 ) ) ;
#2149 = CARTESIAN_POINT ( 'NONE',  ( 1.068541847062682404, 0.04000000000000000083, -0.4626515843591927912 ) ) ;
#2150 = VECTOR ( 'NONE', #5765, 39.37007874015748143 ) ;
#2151 = ORIENTED_EDGE ( 'NONE', *, *, #5909, .F. ) ;
#2152 = CARTESIAN_POINT ( 'NONE',  ( 1.924284363024636901, 0.000000000000000000, -0.3749424317752865221 ) ) ;
#2153 = VERTEX_POINT ( 'NONE', #3918 ) ;
#2154 = CARTESIAN_POINT ( 'NONE',  ( 0.000000000000000000, 0.1350000000000000089, -1.479999999999999982 ) ) ;
#2155 = CARTESIAN_POINT ( 'NONE',  ( 1.068710937500000124, 0.04000000000000000083, -0.3987499999999997158 ) ) ;
#2156 = CARTESIAN_POINT ( 'NONE',  ( 2.099375000000000213, 0.000000000000000000, -0.4612499999999996048 ) ) ;
#2157 = B_SPLINE_SURFACE_WITH_KNOTS ( 'NONE', 3, 1, ( 
 ( #1241, #5109 ),
 ( #2856, #2923 ),
 ( #2891, #5682 ),
 ( #5753, #1859 ),
 ( #6224, #5648 ),
 ( #3541, #6327 ),
 ( #6290, #4559 ),
 ( #2444, #1309 ),
 ( #653, #5139 ),
 ( #3475, #6770 ),
 ( #102, #1784 ),
 ( #763, #4626 ),
 ( #1823, #6737 ) ),
 .UNSPECIFIED., .F., .F., .F.,
 ( 4, 1, 1, 1, 1, 1, 1, 1, 1, 1, 4 ),
 ( 2, 2 ),
 ( 0.000000000000000000, 0.08522992778025055560, 0.1650672949707650827, 0.2403290244906967354, 0.3134930016053610324, 0.4571153941008283539, 0.5999904196449465932, 0.6788378830417877152, 0.7716310070741372318, 0.8784354883404289493, 1.000000000000000000 ),
 ( 0.000000000000000000, 1.000000000000000000 ),
 .UNSPECIFIED. ) ;
#2158 = CARTESIAN_POINT ( 'NONE',  ( 1.333749999999999769, 0.000000000000000000, -0.5518749999999997824 ) ) ;
#2159 = VECTOR ( 'NONE', #6764, 39.37007874015748143 ) ;
#2160 = VERTEX_POINT ( 'NONE', #5577 ) ;
#2161 = CARTESIAN_POINT ( 'NONE',  ( 2.155625000000000568, 0.04000000000000000083, -0.3876171874999996825 ) ) ;
#2162 = DIRECTION ( 'NONE',  ( -0.000000000000000000, -1.000000000000000000, -0.000000000000000000 ) ) ;
#2163 = VECTOR ( 'NONE', #6512, 39.37007874015748143 ) ;
#2164 = CARTESIAN_POINT ( 'NONE',  ( 1.962328827650228424, 0.000000000000000000, -0.3854515484883768162 ) ) ;
#2165 = CARTESIAN_POINT ( 'NONE',  ( 0.8188634586325947984, 0.000000000000000000, -0.4810488752309269311 ) ) ;
#2166 = CARTESIAN_POINT ( 'NONE',  ( 2.042766530776417788, 0.000000000000000000, -0.5987218601819948027 ) ) ;
#2167 = PLANE ( 'NONE',  #4721 ) ;
#2168 = CARTESIAN_POINT ( 'NONE',  ( 2.010143915585068441, 0.04000000000000000083, -0.4137147344131337223 ) ) ;
#2169 = LINE ( 'NONE', #994, #6309 ) ;
#2170 = ORIENTED_EDGE ( 'NONE', *, *, #6476, .T. ) ;
#2171 = EDGE_LOOP ( 'NONE', ( #3815, #521, #3761, #520 ) ) ;
#2172 = CARTESIAN_POINT ( 'NONE',  ( 0.8658394635601807110, 0.000000000000000000, -0.5474913482188316083 ) ) ;
#2173 = CARTESIAN_POINT ( 'NONE',  ( 1.078748148508783311, 0.000000000000000000, -0.4613338901985369889 ) ) ;
#2174 = EDGE_CURVE ( 'NONE', #1590, #7122, #6260, .T. ) ;
#2175 = DIRECTION ( 'NONE',  ( -0.000000000000000000, -0.000000000000000000, 1.000000000000000000 ) ) ;
#2176 = CARTESIAN_POINT ( 'NONE',  ( 1.043596871207655097, 0.000000000000000000, -0.5783992718492861895 ) ) ;
#2177 = ORIENTED_EDGE ( 'NONE', *, *, #5156, .F. ) ;
#2178 = ORIENTED_EDGE ( 'NONE', *, *, #6488, .F. ) ;
#2179 = FACE_OUTER_BOUND ( 'NONE', #7207, .T. ) ;
#2180 = CARTESIAN_POINT ( 'NONE',  ( 1.466454730355532199, 0.000000000000000000, -0.5802879112056273936 ) ) ;
#2181 = CARTESIAN_POINT ( 'NONE',  ( 0.8403877620193919151, 0.04000000000000000083, -0.3565565033191112065 ) ) ;
#2182 = ADVANCED_FACE ( 'NONE', ( #3512 ), #324, .T. ) ;
#2183 = CARTESIAN_POINT ( 'NONE',  ( 1.657015423178507918, -0.000000000000000000, -0.5519363073328391600 ) ) ;
#2184 = CARTESIAN_POINT ( 'NONE',  ( 0.6737402343749998579, 0.000000000000000000, -0.5018749999999998490 ) ) ;
#2185 = LINE ( 'NONE', #2146, #1074 ) ;
#2186 = CARTESIAN_POINT ( 'NONE',  ( 0.7994196913718484288, 0.000000000000000000, -0.5272473166237291453 ) ) ;
#2187 = CARTESIAN_POINT ( 'NONE',  ( 1.078748148508783311, 0.04000000000000000083, -0.4613338901985369889 ) ) ;
#2188 = VERTEX_POINT ( 'NONE', #1973 ) ;
#2189 = CARTESIAN_POINT ( 'NONE',  ( 1.920048177909662535, 0.04000000000000000083, -0.3630123082880474250 ) ) ;
#2190 = LINE ( 'NONE', #5538, #486 ) ;
#2191 = CARTESIAN_POINT ( 'NONE',  ( 0.7664263473390584558, 0.04000000000000000083, -0.5570386244605705084 ) ) ;
#2192 = EDGE_CURVE ( 'NONE', #7090, #5297, #1867, .T. ) ;
#2193 = CARTESIAN_POINT ( 'NONE',  ( 0.7540556099053278283, 0.000000000000000000, -0.6016278692608959533 ) ) ;
#2194 = CARTESIAN_POINT ( 'NONE',  ( 1.605624999999999858, 0.000000000000000000, -0.5518749999999997824 ) ) ;
#2195 = CARTESIAN_POINT ( 'NONE',  ( 0.5733992839026809119, -0.000000000000000000, -0.5806476161026022931 ) ) ;
#2196 = CARTESIAN_POINT ( 'NONE',  ( 0.000000000000000000, 0.000000000000000000, 0.000000000000000000 ) ) ;
#2197 = PLANE ( 'NONE',  #1346 ) ;
#2198 = CARTESIAN_POINT ( 'NONE',  ( 1.702199551826487411, 0.000000000000000000, -0.3989447913867669726 ) ) ;
#2199 = EDGE_LOOP ( 'NONE', ( #6005, #4504, #6819, #5890, #4579, #5021, #3776, #1704, #650, #4234, #3275, #1623, #1402 ) ) ;
#2200 = CARTESIAN_POINT ( 'NONE',  ( 2.007465425319257424, 0.04000000000000000083, -0.5950254687635102568 ) ) ;
#2201 = CARTESIAN_POINT ( 'NONE',  ( 1.496105986326241366, 0.04000000000000000083, -0.5985482803997088652 ) ) ;
#2202 = CARTESIAN_POINT ( 'NONE',  ( 0.9045182566459573081, 0.000000000000000000, -0.5549892751282352599 ) ) ;
#2203 = CARTESIAN_POINT ( 'NONE',  ( 1.039658203125000124, 0.000000000000000000, -0.3767285156249997602 ) ) ;
#2204 = ORIENTED_EDGE ( 'NONE', *, *, #3345, .F. ) ;
#2205 = ORIENTED_EDGE ( 'NONE', *, *, #1150, .F. ) ;
#2206 = CARTESIAN_POINT ( 'NONE',  ( 0.8627864884149806235, 0.04000000000000000083, -0.5446684758754918310 ) ) ;
#2207 = CARTESIAN_POINT ( 'NONE',  ( 0.9065039062499998801, 0.000000000000000000, -0.5549999999999999378 ) ) ;
#2208 = LINE ( 'NONE', #1224, #3326 ) ;
#2209 = CARTESIAN_POINT ( 'NONE',  ( 1.466660156249999902, 0.04000000000000000083, -0.5752148437499997602 ) ) ;
#2210 = CARTESIAN_POINT ( 'NONE',  ( 1.994394531249999991, 0.04000000000000000083, -0.4849804687499996159 ) ) ;
#2211 = EDGE_CURVE ( 'NONE', #6094, #3835, #3652, .T. ) ;
#2212 = ORIENTED_EDGE ( 'NONE', *, *, #1428, .T. ) ;
#2213 = ORIENTED_EDGE ( 'NONE', *, *, #1837, .F. ) ;
#2214 = CARTESIAN_POINT ( 'NONE',  ( 1.756406250000000169, 0.04000000000000000083, -0.3840527343749995937 ) ) ;
#2215 = B_SPLINE_SURFACE_WITH_KNOTS ( 'NONE', 3, 1, ( 
 ( #3335, #2862 ),
 ( #6080, #547 ),
 ( #2784, #4597 ),
 ( #2823, #6156 ),
 ( #2230, #4494 ),
 ( #5112, #106 ),
 ( #1719, #3917 ),
 ( #1790, #6813 ),
 ( #2897, #4026 ),
 ( #2342, #4455 ),
 ( #3954, #1095 ) ),
 .UNSPECIFIED., .F., .F., .F.,
 ( 4, 1, 1, 1, 1, 1, 1, 1, 4 ),
 ( 2, 2 ),
 ( 0.000000000000000000, 0.08978412105443853153, 0.1809130826548359661, 0.2746738747806830583, 0.3735171115832502386, 0.4888415467446948770, 0.6328400142305194986, 0.8019244975966316469, 1.000000000000000000 ),
 ( 0.000000000000000000, 1.000000000000000000 ),
 .UNSPECIFIED. ) ;
#2216 = CARTESIAN_POINT ( 'NONE',  ( 1.361082554932738109, 0.000000000000000000, -0.3519674232326783225 ) ) ;
#2217 = CARTESIAN_POINT ( 'NONE',  ( 1.078779109144798909, -0.000000000000000000, -0.5049404509781987294 ) ) ;
#2218 = CARTESIAN_POINT ( 'NONE',  ( 1.174375000000000169, 0.04000000000000000083, -0.3987499999999997158 ) ) ;
#2219 = FACE_OUTER_BOUND ( 'NONE', #4650, .T. ) ;
#2220 = CARTESIAN_POINT ( 'NONE',  ( 1.553494505357658317, 0.04000000000000000083, -0.3650451582485014779 ) ) ;
#2221 = CARTESIAN_POINT ( 'NONE',  ( 0.8014791820610762674, 0.04000000000000000083, -0.5105737321222107994 ) ) ;
#2222 = CARTESIAN_POINT ( 'NONE',  ( 0.6007421874999998579, 0.04000000000000000083, -0.6018749999999998268 ) ) ;
#2223 = EDGE_CURVE ( 'NONE', #7163, #1907, #4232, .T. ) ;
#2224 = VERTEX_POINT ( 'NONE', #3036 ) ;
#2225 = CARTESIAN_POINT ( 'NONE',  ( 1.198789062500000169, 0.04000000000000000083, -0.5987499999999996714 ) ) ;
#2226 = CARTESIAN_POINT ( 'NONE',  ( 1.361082554932738109, -0.000000000000000000, -0.3519674232326783225 ) ) ;
#2227 = CARTESIAN_POINT ( 'NONE',  ( 1.216587779875847541, 0.04000000000000000083, -0.5954433579727881343 ) ) ;
#2228 = CARTESIAN_POINT ( 'NONE',  ( 0.8438159775800561091, 0.04000000000000000083, -0.5933618484374304503 ) ) ;
#2229 = CARTESIAN_POINT ( 'NONE',  ( 2.063274397401126947, 0.000000000000000000, -0.5549796907550272884 ) ) ;
#2230 = CARTESIAN_POINT ( 'NONE',  ( 0.5750227779187153665, 0.04000000000000000083, -0.5697179537919058179 ) ) ;
#2231 = CARTESIAN_POINT ( 'NONE',  ( 1.746264458495945693, 0.000000000000000000, -0.3625309632307867624 ) ) ;
#2232 = EDGE_CURVE ( 'NONE', #6941, #4474, #282, .T. ) ;
#2233 = CARTESIAN_POINT ( 'NONE',  ( 2.480000000000000870, 0.1700000000000018718, 0.1000000000000000056 ) ) ;
#2234 = CARTESIAN_POINT ( 'NONE',  ( 1.043692501656674265, 0.04000000000000000083, -0.3889486160171659046 ) ) ;
#2235 = CARTESIAN_POINT ( 'NONE',  ( 1.771096072426270984, 0.04000000000000000083, -0.5696252024772485711 ) ) ;
#2236 = CARTESIAN_POINT ( 'NONE',  ( 1.198789062500000169, 0.000000000000000000, -0.5987499999999996714 ) ) ;
#2237 = CARTESIAN_POINT ( 'NONE',  ( 2.005663908221247294, 0.04000000000000000083, -0.4292005998741413308 ) ) ;
#2238 = CARTESIAN_POINT ( 'NONE',  ( 2.015259286013352025, 0.04000000000000000083, -0.5258209467239467472 ) ) ;
#2239 = CARTESIAN_POINT ( 'NONE',  ( 1.378777831496326156, 0.000000000000000000, -0.3563179182539748524 ) ) ;
#2240 = ORIENTED_EDGE ( 'NONE', *, *, #2630, .F. ) ;
#2241 = VERTEX_POINT ( 'NONE', #3073 ) ;
#2242 = CARTESIAN_POINT ( 'NONE',  ( 0.8693862910303846725, 0.04000000000000000083, -0.5498609660493347651 ) ) ;
#2243 = CARTESIAN_POINT ( 'NONE',  ( 2.036702616618008221, 0.000000000000000000, -0.3997962612154247752 ) ) ;
#2244 = CARTESIAN_POINT ( 'NONE',  ( 0.9150000000000003686, 0.1350000000000000089, -1.180000000000000160 ) ) ;
#2245 = CARTESIAN_POINT ( 'NONE',  ( 1.451035150066392498, 0.04000000000000000083, -0.5532751565046322151 ) ) ;
#2246 = CARTESIAN_POINT ( 'NONE',  ( 0.8292592782134812213, 0.04000000000000000083, -0.4386890730078889522 ) ) ;
#2247 = ORIENTED_EDGE ( 'NONE', *, *, #2363, .F. ) ;
#2248 = VECTOR ( 'NONE', #4208, 39.37007874015748143 ) ;
#2249 = ORIENTED_EDGE ( 'NONE', *, *, #6715, .T. ) ;
#2250 = CARTESIAN_POINT ( 'NONE',  ( 2.134439080147174206, 0.000000000000000000, -0.5977548188707539900 ) ) ;
#2251 = CARTESIAN_POINT ( 'NONE',  ( 1.345667444776148747, 0.04000000000000000083, -0.3564675833465724697 ) ) ;
#2252 = CARTESIAN_POINT ( 'NONE',  ( 1.256748046874999858, 0.04000000000000000083, -0.5752148437499997602 ) ) ;
#2253 = DIRECTION ( 'NONE',  ( 0.000000000000000000, 0.000000000000000000, -1.000000000000000000 ) ) ;
#2254 = DIRECTION ( 'NONE',  ( 1.000000000000000000, 0.000000000000000000, 0.000000000000000000 ) ) ;
#2255 = EDGE_CURVE ( 'NONE', #2540, #5624, #2524, .T. ) ;
#2256 = CARTESIAN_POINT ( 'NONE',  ( 1.549458348515246442, 0.000000000000000000, -0.3816677524541000066 ) ) ;
#2257 = PRESENTATION_LAYER_ASSIGNMENT (  '', '', ( #4241 ) ) ;
#2258 = CARTESIAN_POINT ( 'NONE',  ( 1.719665942352538224, 0.04000000000000000083, -0.3520871973834255320 ) ) ;
#2259 = CARTESIAN_POINT ( 'NONE',  ( 1.952147362764287353, 0.000000000000000000, -0.4467635451590317164 ) ) ;
#2260 = ORIENTED_EDGE ( 'NONE', *, *, #5335, .T. ) ;
#2261 = CARTESIAN_POINT ( 'NONE',  ( 1.954947228605931508, 0.04000000000000000083, -0.3979768764292308525 ) ) ;
#2262 = VERTEX_POINT ( 'NONE', #3585 ) ;
#2263 = CARTESIAN_POINT ( 'NONE',  ( 1.363291015624999769, 0.000000000000000000, -0.3518749999999997713 ) ) ;
#2264 = VECTOR ( 'NONE', #4327, 39.37007874015748143 ) ;
#2265 = CARTESIAN_POINT ( 'NONE',  ( 0.7220824721646097455, 0.000000000000000000, -0.5857521854337283118 ) ) ;
#2266 = B_SPLINE_CURVE_WITH_KNOTS ( 'NONE', 3,
 ( #461, #4883, #499, #2700, #543, #3404, #1565, #3801, #6008, #1017, #3253 ),
 .UNSPECIFIED., .F., .F.,
 ( 4, 1, 1, 1, 1, 1, 1, 1, 4 ),
 ( 0.000000000000000000, 0.1750997094116825137, 0.3338257146274419274, 0.4795767337879123793, 0.6108295247261493754, 0.7282255898359348834, 0.8328112634893488631, 0.9222244178061379527, 1.000000000000000000 ),
 .UNSPECIFIED. ) ;
#2267 = CARTESIAN_POINT ( 'NONE',  ( 1.875026234481769416, 0.000000000000000000, -0.3639206589674816028 ) ) ;
#2268 = ADVANCED_FACE ( 'NONE', ( #2483 ), #2557, .T. ) ;
#2269 = CARTESIAN_POINT ( 'NONE',  ( 1.472373046874999813, 0.000000000000000000, -0.5752148437499997602 ) ) ;
#2270 = CARTESIAN_POINT ( 'NONE',  ( 2.050107421875000391, 0.000000000000000000, -0.3549999999999996492 ) ) ;
#2271 = VECTOR ( 'NONE', #5209, 39.37007874015748143 ) ;
#2272 = CARTESIAN_POINT ( 'NONE',  ( 1.924375000000000169, 0.04000000000000000083, -0.3765332031249996048 ) ) ;
#2273 = VECTOR ( 'NONE', #4955, 39.37007874015748143 ) ;
#2274 = CARTESIAN_POINT ( 'NONE',  ( 1.812851562500000124, 0.04000000000000000083, -0.6018749999999996048 ) ) ;
#2275 = CARTESIAN_POINT ( 'NONE',  ( 0.8389512420564785300, 0.000000000000000000, -0.4682879323268834826 ) ) ;
#2276 = ADVANCED_FACE ( 'NONE', ( #6847 ), #837, .T. ) ;
#2277 = CARTESIAN_POINT ( 'NONE',  ( 1.070103885656789711, 0.04000000000000000083, -0.5550576459251815864 ) ) ;
#2278 = CARTESIAN_POINT ( 'NONE',  ( 1.995510565756418719, 0.04000000000000000083, -0.5906980407102901953 ) ) ;
#2279 = CARTESIAN_POINT ( 'NONE',  ( 0.7633551266203630892, 0.04000000000000000083, -0.5519369318798944546 ) ) ;
#2280 = CARTESIAN_POINT ( 'NONE',  ( 1.584509206131682113, 0.000000000000000000, -0.3521032973289328627 ) ) ;
#2281 = B_SPLINE_CURVE_WITH_KNOTS ( 'NONE', 3,
 ( #5546, #1648, #1102, #38, #697, #2931, #3340, #2789, #3378, #2277, #6745 ),
 .UNSPECIFIED., .F., .F.,
 ( 4, 1, 1, 1, 1, 1, 1, 1, 4 ),
 ( 0.000000000000000000, 0.1070359249124093609, 0.2103348621223521397, 0.3160179347948410267, 0.4287033268790920171, 0.5488835011599886293, 0.6819803579013588024, 0.8298206873681513995, 1.000000000000000000 ),
 .UNSPECIFIED. ) ;
#2282 = CARTESIAN_POINT ( 'NONE',  ( 1.389999999999999680, 0.04000000000000000083, -0.5518749999999997824 ) ) ;
#2283 = VECTOR ( 'NONE', #7169, 39.37007874015748143 ) ;
#2284 = ORIENTED_EDGE ( 'NONE', *, *, #2311, .T. ) ;
#2285 = ORIENTED_EDGE ( 'NONE', *, *, #5114, .F. ) ;
#2286 = CARTESIAN_POINT ( 'NONE',  ( 0.8720118031735561992, 0.04000000000000000083, -0.5510334371996690184 ) ) ;
#2287 = DIRECTION ( 'NONE',  ( 0.000000000000000000, 0.000000000000000000, -1.000000000000000000 ) ) ;
#2288 = EDGE_CURVE ( 'NONE', #5377, #4643, #4130, .T. ) ;
#2289 = LINE ( 'NONE', #118, #277 ) ;
#2290 = CARTESIAN_POINT ( 'NONE',  ( 2.134660029826765726, 0.000000000000000000, -0.3560627527494849009 ) ) ;
#2291 = CARTESIAN_POINT ( 'NONE',  ( 0.8733960098102337977, 0.04000000000000000083, -0.4999697168267204228 ) ) ;
#2292 = VERTEX_POINT ( 'NONE', #1941 ) ;
#2293 = ORIENTED_EDGE ( 'NONE', *, *, #3793, .T. ) ;
#2294 = CARTESIAN_POINT ( 'NONE',  ( 0.9462499999999999245, 0.04000000000000000083, -0.3836132812499999378 ) ) ;
#2295 = CARTESIAN_POINT ( 'NONE',  ( 1.489829517064337416, 0.000000000000000000, -0.5533191483123864884 ) ) ;
#2296 = B_SPLINE_CURVE_WITH_KNOTS ( 'NONE', 3,
 ( #2203, #3773, #5441, #2093, #6676, #3813, #5511, #4429, #6638, #474, #516 ),
 .UNSPECIFIED., .F., .F.,
 ( 4, 1, 1, 1, 1, 1, 1, 1, 4 ),
 ( 0.000000000000000000, 0.1039814594847949109, 0.2059052063093088913, 0.3117064449956811201, 0.4265769830057573597, 0.5490334137315845409, 0.6827944809178818630, 0.8313725970869145776, 0.9999999999999998890 ),
 .UNSPECIFIED. ) ;
#2297 = CARTESIAN_POINT ( 'NONE',  ( 0.9758398437499998801, 0.04000000000000000083, -0.3518749999999999378 ) ) ;
#2298 = LINE ( 'NONE', #6144, #1451 ) ;
#2299 = LINE ( 'NONE', #2810, #2159 ) ;
#2300 = CARTESIAN_POINT ( 'NONE',  ( 1.696263713831893671, 0.04000000000000000083, -0.3775930127982798368 ) ) ;
#2301 = CARTESIAN_POINT ( 'NONE',  ( 1.957905484821018005, 0.000000000000000000, -0.4596564427443452505 ) ) ;
#2302 = ORIENTED_EDGE ( 'NONE', *, *, #3205, .F. ) ;
#2303 = CARTESIAN_POINT ( 'NONE',  ( 2.052206521829444519, 0.000000000000000000, -0.4612361012066409915 ) ) ;
#2304 = VERTEX_POINT ( 'NONE', #4167 ) ;
#2305 = CARTESIAN_POINT ( 'NONE',  ( 1.225471830669116136, 0.04000000000000000083, -0.5880351776275288822 ) ) ;
#2306 = CARTESIAN_POINT ( 'NONE',  ( 0.8920236404088089932, 0.000000000000000000, -0.4961837503033142971 ) ) ;
#2307 = CARTESIAN_POINT ( 'NONE',  ( 1.287558593749999813, 0.000000000000000000, -0.5987499999999996714 ) ) ;
#2308 = CARTESIAN_POINT ( 'NONE',  ( 0.8733496093749999467, 0.04000000000000000083, -0.5516308593749998934 ) ) ;
#2309 = CARTESIAN_POINT ( 'NONE',  ( 1.056194950828385881, 0.04000000000000000083, -0.3972871012682618885 ) ) ;
#2310 = CARTESIAN_POINT ( 'NONE',  ( 1.756406250000000169, 0.000000000000000000, -0.3840527343749995937 ) ) ;
#2311 = EDGE_CURVE ( 'NONE', #1488, #4802, #4203, .T. ) ;
#2312 = DIRECTION ( 'NONE',  ( -0.000000000000000000, -0.7071067811865440200, -0.7071067811865511255 ) ) ;
#2313 = CARTESIAN_POINT ( 'NONE',  ( 1.703964843750000124, 0.000000000000000000, -0.4032910156249995826 ) ) ;
#2314 = DIRECTION ( 'NONE',  ( 1.000000000000000000, 0.000000000000000000, -0.000000000000000000 ) ) ;
#2315 = CARTESIAN_POINT ( 'NONE',  ( 1.985391077418826145, 0.04000000000000000083, -0.5845534892954187267 ) ) ;
#2316 = CARTESIAN_POINT ( 'NONE',  ( 0.8903237402554670110, 0.04000000000000000083, -0.5545238095568543191 ) ) ;
#2317 = CARTESIAN_POINT ( 'NONE',  ( 1.078748148508783311, -0.000000000000000000, -0.4613338901985369889 ) ) ;
#2318 = CARTESIAN_POINT ( 'NONE',  ( 1.365000000000000435, 0.1600000000000000033, -1.180000000000000160 ) ) ;
#2319 = EDGE_CURVE ( 'NONE', #7122, #6975, #5967, .T. ) ;
#2320 = EDGE_LOOP ( 'NONE', ( #5655, #3852, #2874, #2644 ) ) ;
#2321 = ORIENTED_EDGE ( 'NONE', *, *, #5871, .F. ) ;
#2322 = DIRECTION ( 'NONE',  ( -0.000000000000000000, -1.000000000000000000, -0.000000000000000000 ) ) ;
#2323 = CARTESIAN_POINT ( 'NONE',  ( 0.9957248583850670798, 0.04000000000000000083, -0.3602255297463956007 ) ) ;
#2324 = CARTESIAN_POINT ( 'NONE',  ( 2.143599444625457817, 0.04000000000000000083, -0.3594036940002886538 ) ) ;
#2325 = CARTESIAN_POINT ( 'NONE',  ( 0.8239424962874418723, 0.000000000000000000, -0.4316475098899403839 ) ) ;
#2326 = EDGE_CURVE ( 'NONE', #6806, #3693, #385, .T. ) ;
#2327 = ORIENTED_EDGE ( 'NONE', *, *, #6147, .T. ) ;
#2328 = EDGE_LOOP ( 'NONE', ( #709, #6022, #1929, #3922, #1014, #348 ) ) ;
#2329 = CARTESIAN_POINT ( 'NONE',  ( 2.147817397261356120, 0.000000000000000000, -0.5910281927179699135 ) ) ;
#2330 = CARTESIAN_POINT ( 'NONE',  ( 1.898398437500000036, 0.04000000000000000083, -0.3518749999999996603 ) ) ;
#2331 = DIRECTION ( 'NONE',  ( 1.000000000000000000, 0.000000000000000000, -0.000000000000000000 ) ) ;
#2332 = FACE_OUTER_BOUND ( 'NONE', #6114, .T. ) ;
#2333 = CARTESIAN_POINT ( 'NONE',  ( 1.949375000000000302, 0.04000000000000000083, -0.4263378906249996603 ) ) ;
#2334 = LINE ( 'NONE', #4554, #7009 ) ;
#2335 = CARTESIAN_POINT ( 'NONE',  ( 0.6018029364463032271, 0.04000000000000000083, -0.6018554773650260925 ) ) ;
#2336 = VERTEX_POINT ( 'NONE', #4301 ) ;
#2337 = CARTESIAN_POINT ( 'NONE',  ( 1.675179354473872229, 0.000000000000000000, -0.5926285563699443815 ) ) ;
#2338 = CARTESIAN_POINT ( 'NONE',  ( 1.230625000000000302, 0.000000000000000000, -0.5661328124999996936 ) ) ;
#2339 = CARTESIAN_POINT ( 'NONE',  ( 1.812851562500000124, 0.000000000000000000, -0.6018749999999996048 ) ) ;
#2340 = CARTESIAN_POINT ( 'NONE',  ( 1.601754476483687073, 0.000000000000000000, -0.3645620637580315737 ) ) ;
#2341 =( NAMED_UNIT ( * ) PLANE_ANGLE_UNIT ( ) SI_UNIT ( $, .RADIAN. ) );
#2342 = CARTESIAN_POINT ( 'NONE',  ( 0.5866529289555078019, 0.04000000000000000083, -0.5495732762805691785 ) ) ;
#2343 = CARTESIAN_POINT ( 'NONE',  ( 2.099375000000000213, 0.04000000000000000083, -0.3987499999999996048 ) ) ;
#2344 = CARTESIAN_POINT ( 'NONE',  ( 0.000000000000000000, 0.2049999999999981559, 0.1000000000000000056 ) ) ;
#2345 = CARTESIAN_POINT ( 'NONE',  ( 0.9709085534721696442, 0.000000000000000000, -0.5987140514120692369 ) ) ;
#2346 = DIRECTION ( 'NONE',  ( -1.000000000000000000, 0.000000000000000000, 0.000000000000000000 ) ) ;
#2347 = CARTESIAN_POINT ( 'NONE',  ( 1.960149673914983959, 0.000000000000000000, -0.5378309883999116137 ) ) ;
#2348 = EDGE_CURVE ( 'NONE', #978, #2398, #1012, .T. ) ;
#2349 = CARTESIAN_POINT ( 'NONE',  ( 2.015184491534407929, 0.000000000000000000, -0.5281386530777031352 ) ) ;
#2350 = CARTESIAN_POINT ( 'NONE',  ( 0.8404941469542028809, 0.000000000000000000, -0.4513964021319071818 ) ) ;
#2351 = ORIENTED_EDGE ( 'NONE', *, *, #1512, .T. ) ;
#2352 = VERTEX_POINT ( 'NONE', #976 ) ;
#2353 = CARTESIAN_POINT ( 'NONE',  ( 2.010143915585068441, 0.000000000000000000, -0.4137147344131337223 ) ) ;
#2354 = CARTESIAN_POINT ( 'NONE',  ( 0.7993749999999999467, 0.04000000000000000083, -0.5294628906249999600 ) ) ;
#2355 = ADVANCED_FACE ( 'NONE', ( #6038 ), #7173, .T. ) ;
#2356 = CARTESIAN_POINT ( 'NONE',  ( 1.229899074122413394, 0.000000000000000000, -0.5761896830186833407 ) ) ;
#2357 = CARTESIAN_POINT ( 'NONE',  ( 2.065390625000000036, 0.000000000000000000, -0.5549999999999996048 ) ) ;
#2358 = ORIENTED_EDGE ( 'NONE', *, *, #4454, .F. ) ;
#2359 = DIRECTION ( 'NONE',  ( 1.000000000000000000, 0.000000000000000000, 0.000000000000000000 ) ) ;
#2360 = DIRECTION ( 'NONE',  ( -0.000000000000000000, -1.000000000000000000, -0.000000000000000000 ) ) ;
#2361 = CARTESIAN_POINT ( 'NONE',  ( 2.415000000000000036, 0.2350000000000000144, 0.000000000000000000 ) ) ;
#2362 = CARTESIAN_POINT ( 'NONE',  ( 1.002499999999999947, 0.000000000000000000, -0.3841992187499999045 ) ) ;
#2363 = EDGE_CURVE ( 'NONE', #3897, #2550, #5493, .T. ) ;
#2364 = CARTESIAN_POINT ( 'NONE',  ( 1.856943359375000435, 0.04000000000000000083, -0.5549999999999997158 ) ) ;
#2365 = EDGE_CURVE ( 'NONE', #7190, #874, #6798, .T. ) ;
#2366 = VERTEX_POINT ( 'NONE', #3723 ) ;
#2367 = B_SPLINE_CURVE_WITH_KNOTS ( 'NONE', 3,
 ( #4503, #3521, #2976, #1876, #2350, #5728, #185, #2423, #4640, #6714, #80, #1728, #3999, #1219, #4036, #629, #113, #4100, #2872 ),
 .UNSPECIFIED., .F., .F.,
 ( 4, 1, 1, 1, 1, 1, 1, 1, 1, 1, 1, 1, 1, 1, 1, 1, 4 ),
 ( 0.000000000000000000, 0.05560088188873699155, 0.1162568064506084714, 0.1841919758690732933, 0.2593619140846821769, 0.3385474029667048246, 0.4175393845456848996, 0.4964053317698315926, 0.5756403308328136292, 0.6520821592667108701, 0.7229434584460243673, 0.7884705371154628883, 0.8479802250137887798, 0.9002048195162188904, 0.9428086197652451039, 0.9758012648353273644, 1.000000000000000000 ),
 .UNSPECIFIED. ) ;
#2368 = CARTESIAN_POINT ( 'NONE',  ( 1.656948959406033373, 0.04000000000000000083, -0.5986823350490794171 ) ) ;
#2369 = VERTEX_POINT ( 'NONE', #6071 ) ;
#2370 = CARTESIAN_POINT ( 'NONE',  ( 0.2500000000000000000, 0.3049999999999991607, -0.1250000000000000000 ) ) ;
#2371 = CARTESIAN_POINT ( 'NONE',  ( 1.220060227973940759, 0.04000000000000000083, -0.5934999292830022144 ) ) ;
#2372 = CARTESIAN_POINT ( 'NONE',  ( 0.9150000000000003686, 0.2350000000000000144, -1.479999999999999982 ) ) ;
#2373 = VECTOR ( 'NONE', #2570, 39.37007874015748143 ) ;
#2374 = CARTESIAN_POINT ( 'NONE',  ( 0.9957248583850670798, 0.000000000000000000, -0.3602255297463956007 ) ) ;
#2375 = ADVANCED_FACE ( 'NONE', ( #5352 ), #6967, .T. ) ;
#2376 = EDGE_CURVE ( 'NONE', #5232, #4505, #5758, .T. ) ;
#2377 = CARTESIAN_POINT ( 'NONE',  ( 1.051036186825748286, 0.04000000000000000083, -0.3953436677225960483 ) ) ;
#2378 = CARTESIAN_POINT ( 'NONE',  ( 0.000000000000000000, 0.1350000000000000089, 0.000000000000000000 ) ) ;
#2379 = B_SPLINE_SURFACE_WITH_KNOTS ( 'NONE', 3, 1, ( 
 ( #1808, #1845 ),
 ( #4073, #2186 ),
 ( #2396, #5029 ),
 ( #573, #4648 ),
 ( #2221, #6276 ),
 ( #3527, #1295 ),
 ( #5735, #2776 ),
 ( #4613, #743 ),
 ( #6827, #4042 ),
 ( #2984, #153 ),
 ( #4994, #6070 ),
 ( #6863, #4106 ),
 ( #782, #5197 ),
 ( #4411, #2812 ),
 ( #6312, #6655 ),
 ( #1882, #7205 ),
 ( #5701, #190 ),
 ( #2428, #4446 ),
 ( #1083, #3324 ) ),
 .UNSPECIFIED., .F., .F., .F.,
 ( 4, 1, 1, 1, 1, 1, 1, 1, 1, 1, 1, 1, 1, 1, 1, 1, 4 ),
 ( 2, 2 ),
 ( 0.000000000000000000, 0.06822002337388605175, 0.1333207290133358314, 0.1962387521197450080, 0.2568334298122399439, 0.3164097776181296062, 0.3751514822731095711, 0.4336832031425895684, 0.4924783550313933667, 0.5516738842116857278, 0.6114292194161188299, 0.6715095706841773815, 0.7332503971105654994, 0.7964831417694853144, 0.8615529610565205720, 0.9295885657772455790, 1.000000000000000000 ),
 ( 0.000000000000000000, 1.000000000000000000 ),
 .UNSPECIFIED. ) ;
#2380 = VECTOR ( 'NONE', #23, 39.37007874015748143 ) ;
#2381 = DIRECTION ( 'NONE',  ( 1.000000000000000000, -0.000000000000000000, -0.000000000000000000 ) ) ;
#2382 = CARTESIAN_POINT ( 'NONE',  ( 0.8580961260743287244, 0.04000000000000000083, -0.5379659638510606579 ) ) ;
#2383 = VECTOR ( 'NONE', #4188, 39.37007874015748143 ) ;
#2384 = DIRECTION ( 'NONE',  ( -0.000000000000000000, -1.000000000000000000, -0.000000000000000000 ) ) ;
#2385 = CARTESIAN_POINT ( 'NONE',  ( 2.005664393837968795, 0.04000000000000000083, -0.4317760733735334644 ) ) ;
#2386 = VECTOR ( 'NONE', #424, 39.37007874015748143 ) ;
#2387 = ORIENTED_EDGE ( 'NONE', *, *, #2211, .T. ) ;
#2388 = CARTESIAN_POINT ( 'NONE',  ( 2.015146484375000213, 0.000000000000000000, -0.5293164062499996492 ) ) ;
#2389 = CARTESIAN_POINT ( 'NONE',  ( 0.6299256319386252745, 0.000000000000000000, -0.5783142384884172316 ) ) ;
#2390 = VECTOR ( 'NONE', #4543, 39.37007874015748143 ) ;
#2391 = ORIENTED_EDGE ( 'NONE', *, *, #7016, .F. ) ;
#2392 = CARTESIAN_POINT ( 'NONE',  ( 1.855625000000000302, 0.04000000000000000083, -0.4112499999999996159 ) ) ;
#2393 = CARTESIAN_POINT ( 'NONE',  ( 0.6127908237150864190, 0.04000000000000000083, -0.5991057295446675646 ) ) ;
#2394 = CARTESIAN_POINT ( 'NONE',  ( 1.228834022097400780, 0.000000000000000000, -0.5805943541745087755 ) ) ;
#2395 = VECTOR ( 'NONE', #4127, 39.37007874015748143 ) ;
#2396 = CARTESIAN_POINT ( 'NONE',  ( 0.7995070306306288899, 0.04000000000000000083, -0.5229174743512701173 ) ) ;
#2397 = CARTESIAN_POINT ( 'NONE',  ( 1.810894366741543360, 0.04000000000000000083, -0.6018247970268135738 ) ) ;
#2398 = VERTEX_POINT ( 'NONE', #1128 ) ;
#2399 = EDGE_CURVE ( 'NONE', #874, #1085, #2014, .T. ) ;
#2400 = CYLINDRICAL_SURFACE ( 'NONE', #45, 0.4499999999999999556 ) ;
#2401 = CARTESIAN_POINT ( 'NONE',  ( 1.052978897330901997, 0.04000000000000000083, -0.4818628813932483990 ) ) ;
#2402 = DIRECTION ( 'NONE',  ( -0.000000000000000000, -1.000000000000000000, -0.000000000000000000 ) ) ;
#2403 = CARTESIAN_POINT ( 'NONE',  ( 2.042809659202527772, 0.04000000000000000083, -0.5537008133252750985 ) ) ;
#2404 = CARTESIAN_POINT ( 'NONE',  ( 1.703964843750000124, 0.000000000000000000, -0.4032910156249995826 ) ) ;
#2405 = CARTESIAN_POINT ( 'NONE',  ( 1.070103905273345202, -0.000000000000000000, -0.5986923415339925336 ) ) ;
#2406 = ORIENTED_EDGE ( 'NONE', *, *, #5156, .T. ) ;
#2407 = EDGE_CURVE ( 'NONE', #5645, #1029, #21, .T. ) ;
#2408 = CARTESIAN_POINT ( 'NONE',  ( 1.696250000000000258, 0.04000000000000000083, -0.3768749999999996270 ) ) ;
#2409 = CARTESIAN_POINT ( 'NONE',  ( 1.198789062500000169, 0.000000000000000000, -0.5987499999999996714 ) ) ;
#2410 = VERTEX_POINT ( 'NONE', #4995 ) ;
#2411 = CARTESIAN_POINT ( 'NONE',  ( 0.000000000000000000, 0.1350000000000000089, -1.479999999999999982 ) ) ;
#2412 = CARTESIAN_POINT ( 'NONE',  ( 1.872048307966697189, 0.04000000000000000083, -0.3693790243630494241 ) ) ;
#2413 = CARTESIAN_POINT ( 'NONE',  ( 1.671502192982278867, 0.04000000000000000083, -0.5552573136534085796 ) ) ;
#2414 = CARTESIAN_POINT ( 'NONE',  ( 1.678389273624399491, 0.04000000000000000083, -0.5891419486050499810 ) ) ;
#2415 = CARTESIAN_POINT ( 'NONE',  ( 1.994394531249999991, 0.04000000000000000083, -0.4849804687499996159 ) ) ;
#2416 = CARTESIAN_POINT ( 'NONE',  ( 0.8567099224495503540, 0.04000000000000000083, -0.5340985497155648076 ) ) ;
#2417 = PLANE ( 'NONE',  #3214 ) ;
#2418 = CARTESIAN_POINT ( 'NONE',  ( 0.7024999999999997913, 0.000000000000000000, -0.4578808593749998379 ) ) ;
#2419 = DIRECTION ( 'NONE',  ( -0.000000000000000000, -1.000000000000000000, -0.000000000000000000 ) ) ;
#2420 = CARTESIAN_POINT ( 'NONE',  ( 1.960214254540454837, 0.04000000000000000083, -0.5411680116290452647 ) ) ;
#2421 = EDGE_LOOP ( 'NONE', ( #967, #929, #1038, #4869 ) ) ;
#2422 = LINE ( 'NONE', #251, #616 ) ;
#2423 = CARTESIAN_POINT ( 'NONE',  ( 0.8239424962874418723, 0.000000000000000000, -0.4316475098899403839 ) ) ;
#2424 = DIRECTION ( 'NONE',  ( -0.000000000000000000, -1.000000000000000000, -0.000000000000000000 ) ) ;
#2425 = DIRECTION ( 'NONE',  ( -0.000000000000000000, -1.000000000000000000, -0.000000000000000000 ) ) ;
#2426 = CARTESIAN_POINT ( 'NONE',  ( 0.8233062920689425690, 0.04000000000000000083, -0.4772911540116689388 ) ) ;
#2427 = CARTESIAN_POINT ( 'NONE',  ( 2.124538142416017905, 0.04000000000000000083, -0.3550359142965932024 ) ) ;
#2428 = CARTESIAN_POINT ( 'NONE',  ( 0.8556337269149567604, 0.04000000000000000083, -0.4631393428201541762 ) ) ;
#2429 = CARTESIAN_POINT ( 'NONE',  ( 1.792422440190068134, 0.000000000000000000, -0.5973487755846373926 ) ) ;
#2430 = ORIENTED_EDGE ( 'NONE', *, *, #3880, .F. ) ;
#2431 = VERTEX_POINT ( 'NONE', #4520 ) ;
#2432 = DIRECTION ( 'NONE',  ( 0.3154607403026623014, 0.000000000000000000, 0.9489386288520961221 ) ) ;
#2433 = CARTESIAN_POINT ( 'NONE',  ( 1.039658203125000124, 0.04000000000000000083, -0.3767285156249997602 ) ) ;
#2434 = CARTESIAN_POINT ( 'NONE',  ( 0.6738278708020277730, 0.04000000000000000083, -0.3519695349321501632 ) ) ;
#2435 = CARTESIAN_POINT ( 'NONE',  ( 2.149690364888182437, 0.04000000000000000083, -0.5889161566075566956 ) ) ;
#2436 = DIRECTION ( 'NONE',  ( 0.000000000000000000, 0.000000000000000000, 1.000000000000000000 ) ) ;
#2437 = EDGE_LOOP ( 'NONE', ( #3056, #10, #4616, #5419, #2456, #5744, #7017, #4687, #5893, #1712, #3116, #4624, #4285 ) ) ;
#2438 = EDGE_CURVE ( 'NONE', #3816, #5224, #6733, .T. ) ;
#2439 = DIRECTION ( 'NONE',  ( 0.5483253738498512497, 0.000000000000000000, 0.8362650802182408638 ) ) ;
#2440 = EDGE_LOOP ( 'NONE', ( #3038, #5256, #4908, #4976, #6063, #3610 ) ) ;
#2441 = ORIENTED_EDGE ( 'NONE', *, *, #1920, .T. ) ;
#2442 = CARTESIAN_POINT ( 'NONE',  ( 2.155625000000000568, 0.000000000000000000, -0.3876171874999996825 ) ) ;
#2443 = B_SPLINE_SURFACE_WITH_KNOTS ( 'NONE', 3, 1, ( 
 ( #4508, #6788 ),
 ( #561, #6241 ),
 ( #6720, #1734 ),
 ( #1257, #2799 ),
 ( #1149, #6 ),
 ( #4470, #6683 ),
 ( #3968, #3933 ),
 ( #1915, #4611 ),
 ( #6825, #1431 ),
 ( #6861, #3014 ),
 ( #6274, #6310 ),
 ( #1293, #5226 ),
 ( #2500, #3562 ),
 ( #1952, #4179 ),
 ( #258, #6896 ) ),
 .UNSPECIFIED., .F., .F., .F.,
 ( 4, 1, 1, 1, 1, 1, 1, 1, 1, 1, 1, 1, 4 ),
 ( 2, 2 ),
 ( 0.000000000000000000, 0.06533951850745566003, 0.1250485127290759668, 0.1822033927301165701, 0.2361763113539025460, 0.3411424770981549282, 0.4442644011285679095, 0.5003539618268374456, 0.5634916620403790377, 0.6342197450480123733, 0.7122202262778265514, 0.8660899508485824239, 1.000000000000000000 ),
 ( 0.000000000000000000, 1.000000000000000000 ),
 .UNSPECIFIED. ) ;
#2444 = CARTESIAN_POINT ( 'NONE',  ( 0.8489899778967262556, 0.04000000000000000083, -0.3652418751803820918 ) ) ;
#2445 = DIRECTION ( 'NONE',  ( 0.000000000000000000, 0.000000000000000000, -1.000000000000000000 ) ) ;
#2446 = CARTESIAN_POINT ( 'NONE',  ( 0.7951757812499999911, 0.04000000000000000083, -0.3738476562499999378 ) ) ;
#2447 = B_SPLINE_CURVE_WITH_KNOTS ( 'NONE', 3,
 ( #3516, #4032, #4062, #6338, #5187, #1357, #6373, #5253, #1318, #5146, #5723, #1794, #3484, #4712, #807 ),
 .UNSPECIFIED., .F., .F.,
 ( 4, 1, 1, 1, 1, 1, 1, 1, 1, 1, 1, 1, 4 ),
 ( 0.000000000000000000, 0.05975227529312587132, 0.1228590618373714971, 0.1898931532049247806, 0.2645185747226507234, 0.3425501035443847542, 0.4241987122771039842, 0.5083069513813159856, 0.5981555288002493587, 0.6923150231626528095, 0.7908142211141647726, 0.8917209810390113178, 1.000000000000000000 ),
 .UNSPECIFIED. ) ;
#2448 = ADVANCED_FACE ( 'NONE', ( #7206 ), #3981, .F. ) ;
#2449 = DIRECTION ( 'NONE',  ( 0.000000000000000000, 1.000000000000000000, -0.000000000000000000 ) ) ;
#2450 = CARTESIAN_POINT ( 'NONE',  ( 1.918891905008060617, 0.04000000000000000083, -0.3977743301999187020 ) ) ;
#2451 = CARTESIAN_POINT ( 'NONE',  ( 1.439267578124999725, 0.000000000000000000, -0.5987499999999996714 ) ) ;
#2452 = CARTESIAN_POINT ( 'NONE',  ( 0.5842500788467165362, 0.000000000000000000, -0.5531810519692879069 ) ) ;
#2453 = CARTESIAN_POINT ( 'NONE',  ( 0.9773925956268707527, 0.04000000000000000083, -0.5983334316559426602 ) ) ;
#2454 = CARTESIAN_POINT ( 'NONE',  ( 2.028329287494302413, 0.000000000000000000, -0.4584344544414472034 ) ) ;
#2455 = CARTESIAN_POINT ( 'NONE',  ( 1.976965584326106473, 0.000000000000000000, -0.5773430732139093191 ) ) ;
#2456 = ORIENTED_EDGE ( 'NONE', *, *, #3563, .F. ) ;
#2457 = EDGE_CURVE ( 'NONE', #4474, #2366, #1198, .T. ) ;
#2458 = CARTESIAN_POINT ( 'NONE',  ( 1.830865377390815674, 0.000000000000000000, -0.5977693345461851937 ) ) ;
#2459 = CARTESIAN_POINT ( 'NONE',  ( 1.043757428911911589, 0.04000000000000000083, -0.5812185311364524987 ) ) ;
#2460 = ORIENTED_EDGE ( 'NONE', *, *, #960, .T. ) ;
#2461 = CARTESIAN_POINT ( 'NONE',  ( 1.957905484821018005, 0.04000000000000000083, -0.4596564427443452505 ) ) ;
#2462 = DIRECTION ( 'NONE',  ( 0.000000000000000000, -1.000000000000000000, 0.000000000000000000 ) ) ;
#2463 = CARTESIAN_POINT ( 'NONE',  ( 2.148767170032877427, 0.04000000000000000083, -0.3635512681493203169 ) ) ;
#2464 = EDGE_CURVE ( 'NONE', #3539, #290, #5750, .T. ) ;
#2465 = CARTESIAN_POINT ( 'NONE',  ( 1.287558593749999813, 0.000000000000000000, -0.5518749999999997824 ) ) ;
#2466 = CARTESIAN_POINT ( 'NONE',  ( 1.549374999999999725, 0.04000000000000000083, -0.5518749999999997824 ) ) ;
#2467 = ORIENTED_EDGE ( 'NONE', *, *, #1274, .T. ) ;
#2468 = ORIENTED_EDGE ( 'NONE', *, *, #6706, .F. ) ;
#2469 = CARTESIAN_POINT ( 'NONE',  ( 0.6815702274019851403, 0.000000000000000000, -0.3521196518815560283 ) ) ;
#2470 = CARTESIAN_POINT ( 'NONE',  ( 0.8825104894695688929, 0.04000000000000000083, -0.5986992390857951429 ) ) ;
#2471 = CARTESIAN_POINT ( 'NONE',  ( 0.9462499999999999245, 0.04000000000000000083, -0.5549999999999999378 ) ) ;
#2472 = DIRECTION ( 'NONE',  ( 0.000000000000000000, 0.000000000000000000, 1.000000000000000000 ) ) ;
#2473 = CARTESIAN_POINT ( 'NONE',  ( 2.046933543711924042, -0.000000000000000000, -0.3550377125330753114 ) ) ;
#2474 = ORIENTED_EDGE ( 'NONE', *, *, #1879, .F. ) ;
#2475 = DIRECTION ( 'NONE',  ( 0.000000000000000000, -1.000000000000000000, 0.000000000000000000 ) ) ;
#2476 = VERTEX_POINT ( 'NONE', #1268 ) ;
#2477 = CARTESIAN_POINT ( 'NONE',  ( 1.704414737428684656, 0.04000000000000000083, -0.3599252507173374971 ) ) ;
#2478 = CARTESIAN_POINT ( 'NONE',  ( 1.551097732509532090, 0.04000000000000000083, -0.3706935277141287233 ) ) ;
#2479 = CARTESIAN_POINT ( 'NONE',  ( 1.731770905346303735, 0.04000000000000000083, -0.3523353081848260016 ) ) ;
#2480 = LINE ( 'NONE', #3107, #638 ) ;
#2481 = VECTOR ( 'NONE', #6695, 39.37007874015748143 ) ;
#2482 = CARTESIAN_POINT ( 'NONE',  ( 1.666374392804951032, 0.000000000000000000, -0.5973976626379204902 ) ) ;
#2483 = FACE_OUTER_BOUND ( 'NONE', #1119, .T. ) ;
#2484 = ORIENTED_EDGE ( 'NONE', *, *, #2567, .F. ) ;
#2485 = VECTOR ( 'NONE', #6399, 39.37007874015748143 ) ;
#2486 = CARTESIAN_POINT ( 'NONE',  ( 2.060361328124999947, 0.04000000000000000083, -0.5018749999999996270 ) ) ;
#2487 = EDGE_CURVE ( 'NONE', #4865, #6993, #1409, .T. ) ;
#2488 = CARTESIAN_POINT ( 'NONE',  ( 0.8036096864952746444, 0.000000000000000000, -0.5544947741366481608 ) ) ;
#2489 = DIRECTION ( 'NONE',  ( 1.000000000000000000, 0.000000000000000000, 0.000000000000000000 ) ) ;
#2490 = CARTESIAN_POINT ( 'NONE',  ( 0.8086774015304657448, 0.04000000000000000083, -0.3552149494256104933 ) ) ;
#2491 = ORIENTED_EDGE ( 'NONE', *, *, #2935, .T. ) ;
#2492 = PLANE ( 'NONE',  #4468 ) ;
#2493 = VECTOR ( 'NONE', #2840, 39.37007874015748143 ) ;
#2494 = CARTESIAN_POINT ( 'NONE',  ( 1.043596871207655097, 0.04000000000000000083, -0.5783992718492861895 ) ) ;
#2495 = EDGE_LOOP ( 'NONE', ( #3592, #4143, #5477, #1261 ) ) ;
#2496 = ADVANCED_FACE ( 'NONE', ( #4737 ), #6437, .T. ) ;
#2497 = VECTOR ( 'NONE', #1864, 39.37007874015748143 ) ;
#2498 = AXIS2_PLACEMENT_3D ( 'NONE', #6141, #3393, #6648 ) ;
#2499 = CARTESIAN_POINT ( 'NONE',  ( 1.903399071743901105, 0.000000000000000000, -0.3521647900860443992 ) ) ;
#2500 = CARTESIAN_POINT ( 'NONE',  ( 1.753809861564878281, 0.04000000000000000083, -0.3778433458443091753 ) ) ;
#2501 = CARTESIAN_POINT ( 'NONE',  ( 2.155381272625661815, 0.04000000000000000083, -0.3801147199274035882 ) ) ;
#2502 = CARTESIAN_POINT ( 'NONE',  ( 0.8645868836782892863, 0.04000000000000000083, -0.5045809187365981607 ) ) ;
#2503 = PRODUCT ( 'Eggfinder LCD Case V2 Battery Door_STEP', 'Eggfinder LCD Case V2 Battery Door_STEP', '', ( #2926 ) ) ;
#2504 = VECTOR ( 'NONE', #1033, 39.37007874015748143 ) ;
#2505 = LINE ( 'NONE', #2985, #4126 ) ;
#2506 = ORIENTED_EDGE ( 'NONE', *, *, #630, .T. ) ;
#2507 = ADVANCED_FACE ( 'NONE', ( #3027 ), #234, .T. ) ;
#2508 = ORIENTED_EDGE ( 'NONE', *, *, #7208, .F. ) ;
#2509 = LINE ( 'NONE', #5233, #5285 ) ;
#2510 = CARTESIAN_POINT ( 'NONE',  ( 2.019999498197963206, 0.04000000000000000083, -0.5148762421358037411 ) ) ;
#2511 = VECTOR ( 'NONE', #3172, 39.37007874015748143 ) ;
#2512 = CARTESIAN_POINT ( 'NONE',  ( 0.6635930924006905318, 0.04000000000000000083, -0.3537723651518704937 ) ) ;
#2513 = CARTESIAN_POINT ( 'NONE',  ( 2.017497027206465621, 0.000000000000000000, -0.4540291119703209755 ) ) ;
#2514 = CARTESIAN_POINT ( 'NONE',  ( 1.850647384704483533, 0.000000000000000000, -0.5710787334946111349 ) ) ;
#2515 = ORIENTED_EDGE ( 'NONE', *, *, #5604, .T. ) ;
#2516 = CARTESIAN_POINT ( 'NONE',  ( 1.043757428911911589, 0.000000000000000000, -0.5812185311364524987 ) ) ;
#2517 = ORIENTED_EDGE ( 'NONE', *, *, #5612, .T. ) ;
#2518 = ORIENTED_EDGE ( 'NONE', *, *, #1110, .F. ) ;
#2519 = LINE ( 'NONE', #2000, #4593 ) ;
#2520 = CARTESIAN_POINT ( 'NONE',  ( 0.5949659583850825939, 0.000000000000000000, -0.6016660654787081564 ) ) ;
#2521 = FACE_OUTER_BOUND ( 'NONE', #6352, .T. ) ;
#2522 = CARTESIAN_POINT ( 'NONE',  ( 0.8559511605375456078, 0.04000000000000000083, -0.4618816597035869109 ) ) ;
#2523 = CARTESIAN_POINT ( 'NONE',  ( 1.682214852607238686, 0.000000000000000000, -0.5769510178726946492 ) ) ;
#2524 = LINE ( 'NONE', #4745, #738 ) ;
#2525 = VERTEX_POINT ( 'NONE', #1305 ) ;
#2526 = CARTESIAN_POINT ( 'NONE',  ( 1.966932057260308842, 0.000000000000000000, -0.4703184749271660525 ) ) ;
#2527 = CARTESIAN_POINT ( 'NONE',  ( 0.8061231528806640512, 0.000000000000000000, -0.5603052434590530817 ) ) ;
#2528 = CARTESIAN_POINT ( 'NONE',  ( 0.5879492187499998357, 0.000000000000000000, -0.5476269531249998712 ) ) ;
#2529 = CARTESIAN_POINT ( 'NONE',  ( 2.480000000000000870, 0.1350000000000000089, -0.1250000000000000000 ) ) ;
#2530 = ORIENTED_EDGE ( 'NONE', *, *, #5200, .F. ) ;
#2531 = CARTESIAN_POINT ( 'NONE',  ( 1.837522272262992473, 0.000000000000000000, -0.5929680898464638750 ) ) ;
#2532 = CARTESIAN_POINT ( 'NONE',  ( 0.8028276989471914149, 0.000000000000000000, -0.3590826211141379676 ) ) ;
#2533 = EDGE_CURVE ( 'NONE', #4751, #7163, #2994, .T. ) ;
#2534 = EDGE_LOOP ( 'NONE', ( #2105, #4325, #3, #565 ) ) ;
#2535 = CARTESIAN_POINT ( 'NONE',  ( 1.466660156249999902, 0.000000000000000000, -0.5752148437499997602 ) ) ;
#2536 = CARTESIAN_POINT ( 'NONE',  ( 0.7994196913718484288, 0.04000000000000000083, -0.5272473166237291453 ) ) ;
#2537 = CARTESIAN_POINT ( 'NONE',  ( 0.8793554687499999245, 0.000000000000000000, -0.4145703124999998712 ) ) ;
#2538 = CARTESIAN_POINT ( 'NONE',  ( 1.960117187500000080, 0.04000000000000000083, -0.5361523437499996492 ) ) ;
#2539 = EDGE_CURVE ( 'NONE', #1030, #4252, #1228, .T. ) ;
#2540 = VERTEX_POINT ( 'NONE', #1996 ) ;
#2541 = ORIENTED_EDGE ( 'NONE', *, *, #307, .T. ) ;
#2542 = CARTESIAN_POINT ( 'NONE',  ( 1.439267578124999725, 0.000000000000000000, -0.5987499999999996714 ) ) ;
#2543 = CARTESIAN_POINT ( 'NONE',  ( 2.052248194325323460, 0.04000000000000000083, -0.5019851049227387341 ) ) ;
#2544 = CARTESIAN_POINT ( 'NONE',  ( 2.265000000000000124, 0.000000000000000000, -1.180000000000000160 ) ) ;
#2545 = CARTESIAN_POINT ( 'NONE',  ( 1.053149746055797698, 0.04000000000000000083, -0.4874756497043725711 ) ) ;
#2546 = ADVANCED_FACE ( 'NONE', ( #4221 ), #4622, .F. ) ;
#2547 = CARTESIAN_POINT ( 'NONE',  ( 1.989414062500000080, 0.000000000000000000, -0.3638378906249996048 ) ) ;
#2548 = ORIENTED_EDGE ( 'NONE', *, *, #5749, .T. ) ;
#2549 = ORIENTED_EDGE ( 'NONE', *, *, #7189, .T. ) ;
#2550 = VERTEX_POINT ( 'NONE', #4839 ) ;
#2551 = CARTESIAN_POINT ( 'NONE',  ( 1.719665942352538224, 0.04000000000000000083, -0.3520871973834255320 ) ) ;
#2552 = CARTESIAN_POINT ( 'NONE',  ( 0.5733992839026809119, 0.04000000000000000083, -0.5806476161026022931 ) ) ;
#2553 = CARTESIAN_POINT ( 'NONE',  ( 1.382773271371878332, 0.000000000000000000, -0.3599752496326636408 ) ) ;
#2554 = CARTESIAN_POINT ( 'NONE',  ( 1.466660156249999902, 0.000000000000000000, -0.5752148437499997602 ) ) ;
#2555 = CARTESIAN_POINT ( 'NONE',  ( 1.682079730355532377, 0.04000000000000000083, -0.5802879112056273936 ) ) ;
#2556 = CARTESIAN_POINT ( 'NONE',  ( 1.962045412312306558, 0.000000000000000000, -0.5193731830336497657 ) ) ;
#2557 = B_SPLINE_SURFACE_WITH_KNOTS ( 'NONE', 3, 1, ( 
 ( #4199, #5795 ),
 ( #6296, #3109 ),
 ( #5320, #316 ),
 ( #905, #2556 ),
 ( #4631, #4704 ),
 ( #1457, #6881 ),
 ( #3692, #5214 ),
 ( #5828, #5900 ),
 ( #3143, #1899 ),
 ( #3547, #5761 ),
 ( #2415, #208 ) ),
 .UNSPECIFIED., .F., .F., .F.,
 ( 4, 1, 1, 1, 1, 1, 1, 1, 4 ),
 ( 2, 2 ),
 ( 0.000000000000000000, 0.1332432135820908192, 0.2589903164634679289, 0.3790880935877171121, 0.4964991331462548230, 0.6139266268691171424, 0.7354227434695809196, 0.8627728962915682809, 1.000000000000000000 ),
 ( 0.000000000000000000, 1.000000000000000000 ),
 .UNSPECIFIED. ) ;
#2558 = ORIENTED_EDGE ( 'NONE', *, *, #2587, .F. ) ;
#2559 = CARTESIAN_POINT ( 'NONE',  ( 1.955653175368279539, 0.000000000000000000, -0.4555727674424707718 ) ) ;
#2560 = CARTESIAN_POINT ( 'NONE',  ( 0.8128141420584201748, 0.000000000000000000, -0.5710522244512319379 ) ) ;
#2561 = CARTESIAN_POINT ( 'NONE',  ( 2.265000000000000124, 0.1600000000000000033, -1.479999999999999982 ) ) ;
#2562 = MANIFOLD_SOLID_BREP ( 'Cut-Extrude3', #5957 ) ;
#2563 = CARTESIAN_POINT ( 'NONE',  ( 2.015262048961480090, 0.04000000000000000083, -0.5328989956346774637 ) ) ;
#2564 = CARTESIAN_POINT ( 'NONE',  ( 1.850647384704483533, 0.000000000000000000, -0.5710787334946111349 ) ) ;
#2565 = LINE ( 'NONE', #882, #5965 ) ;
#2566 = CARTESIAN_POINT ( 'NONE',  ( 0.6760351562499999911, 0.000000000000000000, -0.3518749999999999933 ) ) ;
#2567 = EDGE_CURVE ( 'NONE', #2853, #5346, #4292, .T. ) ;
#2568 = CARTESIAN_POINT ( 'NONE',  ( 2.012172348064733995, 0.04000000000000000083, -0.4110767053371008339 ) ) ;
#2569 = CARTESIAN_POINT ( 'NONE',  ( 1.050965998253355460, 0.04000000000000000083, -0.3583920284298203751 ) ) ;
#2570 = DIRECTION ( 'NONE',  ( 1.000000000000000000, 0.000000000000000000, 0.000000000000000000 ) ) ;
#2571 = VERTEX_POINT ( 'NONE', #6574 ) ;
#2572 = ORIENTED_EDGE ( 'NONE', *, *, #69, .T. ) ;
#2573 = DIRECTION ( 'NONE',  ( 0.000000000000000000, 0.000000000000000000, -1.000000000000000000 ) ) ;
#2574 = CARTESIAN_POINT ( 'NONE',  ( 1.056664104428460371, 0.04000000000000000083, -0.4712537067026700832 ) ) ;
#2575 = EDGE_CURVE ( 'NONE', #7127, #5293, #5374, .T. ) ;
#2576 = CARTESIAN_POINT ( 'NONE',  ( 1.043595208574922717, 0.04000000000000000083, -0.5755132770582345181 ) ) ;
#2577 = EDGE_LOOP ( 'NONE', ( #4984, #3706, #3586, #1563 ) ) ;
#2578 = CARTESIAN_POINT ( 'NONE',  ( 1.852418953462966922, 0.04000000000000000083, -0.5666502260667191093 ) ) ;
#2579 = LINE ( 'NONE', #5415, #4932 ) ;
#2580 = ORIENTED_EDGE ( 'NONE', *, *, #2774, .T. ) ;
#2581 = ORIENTED_EDGE ( 'NONE', *, *, #7108, .T. ) ;
#2582 = ORIENTED_EDGE ( 'NONE', *, *, #3843, .T. ) ;
#2583 = CARTESIAN_POINT ( 'NONE',  ( 2.145973948338901760, 0.000000000000000000, -0.3610398694814447307 ) ) ;
#2584 = B_SPLINE_CURVE_WITH_KNOTS ( 'NONE', 3,
 ( #6644, #5994, #5955, #6028, #5448, #4400, #4435, #6606, #963, #1116, #3351 ),
 .UNSPECIFIED., .F., .F.,
 ( 4, 1, 1, 1, 1, 1, 1, 1, 4 ),
 ( 0.000000000000000000, 0.1202561770071344793, 0.2336311288082739690, 0.3436828735499137255, 0.4563072865791955035, 0.5746948935446934970, 0.7011011373580656736, 0.8416991956304913369, 1.000000000000000000 ),
 .UNSPECIFIED. ) ;
#2585 = CARTESIAN_POINT ( 'NONE',  ( 1.466589852607238287, -0.000000000000000000, -0.5769510178726946492 ) ) ;
#2586 = CARTESIAN_POINT ( 'NONE',  ( 0.7670399669067016202, 0.000000000000000000, -0.5951501550381453898 ) ) ;
#2587 = EDGE_CURVE ( 'NONE', #6935, #3634, #4907, .T. ) ;
#2588 = DIRECTION ( 'NONE',  ( -0.000000000000000000, -1.000000000000000000, -0.000000000000000000 ) ) ;
#2589 = LINE ( 'NONE', #6886, #3434 ) ;
#2590 = CARTESIAN_POINT ( 'NONE',  ( 2.021672736891621636, 0.000000000000000000, -0.5123038433817277415 ) ) ;
#2591 = CARTESIAN_POINT ( 'NONE',  ( 1.081015625000000036, 0.04000000000000000083, -0.4612499999999997713 ) ) ;
#2592 = ORIENTED_EDGE ( 'NONE', *, *, #7084, .T. ) ;
#2593 = CARTESIAN_POINT ( 'NONE',  ( 1.837522272262992473, 0.04000000000000000083, -0.5929680898464638750 ) ) ;
#2594 = CARTESIAN_POINT ( 'NONE',  ( 1.949985377181279622, 0.000000000000000000, -0.4369925174068654550 ) ) ;
#2595 = EDGE_CURVE ( 'NONE', #5680, #5450, #7053, .T. ) ;
#2596 = CARTESIAN_POINT ( 'NONE',  ( 0.8748900515874084016, 0.000000000000000000, -0.5984006398936626558 ) ) ;
#2597 = LINE ( 'NONE', #4749, #6800 ) ;
#2598 = CARTESIAN_POINT ( 'NONE',  ( 2.030429430561831783, 0.04000000000000000083, -0.5511356539183940306 ) ) ;
#2599 = LINE ( 'NONE', #985, #848 ) ;
#2600 = CARTESIAN_POINT ( 'NONE',  ( 1.054608346085519344, 0.04000000000000000083, -0.5953584098797645163 ) ) ;
#2601 = AXIS2_PLACEMENT_3D ( 'NONE', #1745, #3980, #2436 ) ;
#2602 = CARTESIAN_POINT ( 'NONE',  ( 2.729999999999999982, 0.000000000000000000, 0.000000000000000000 ) ) ;
#2603 = AXIS2_PLACEMENT_3D ( 'NONE', #3886, #7187, #6091 ) ;
#2604 = CARTESIAN_POINT ( 'NONE',  ( 0.9350683593749998801, 0.04000000000000000083, -0.4549999999999999045 ) ) ;
#2605 = CARTESIAN_POINT ( 'NONE',  ( 2.155381272625661815, 0.000000000000000000, -0.3801147199274035882 ) ) ;
#2606 = CARTESIAN_POINT ( 'NONE',  ( 0.8720118031735561992, -0.000000000000000000, -0.5510334371996690184 ) ) ;
#2607 = AXIS2_PLACEMENT_3D ( 'NONE', #5240, #2475, #6913 ) ;
#2608 = VERTEX_POINT ( 'NONE', #3239 ) ;
#2609 = ORIENTED_EDGE ( 'NONE', *, *, #82, .F. ) ;
#2610 = CARTESIAN_POINT ( 'NONE',  ( 1.775570675877474525, 0.04000000000000000083, -0.5797268948111312659 ) ) ;
#2611 = CARTESIAN_POINT ( 'NONE',  ( 1.081015625000000036, 0.04000000000000000083, -0.4612499999999997713 ) ) ;
#2612 = CARTESIAN_POINT ( 'NONE',  ( 0.9236965390493614425, 0.000000000000000000, -0.4542960171287283022 ) ) ;
#2613 = ORIENTED_EDGE ( 'NONE', *, *, #82, .T. ) ;
#2614 = CARTESIAN_POINT ( 'NONE',  ( 1.549374999999999725, 0.000000000000000000, -0.3840527343749997602 ) ) ;
#2615 = VECTOR ( 'NONE', #4591, 39.37007874015748143 ) ;
#2616 = DIRECTION ( 'NONE',  ( 0.000000000000000000, 0.000000000000000000, -1.000000000000000000 ) ) ;
#2617 = EDGE_CURVE ( 'NONE', #4152, #3237, #4887, .T. ) ;
#2618 = ORIENTED_EDGE ( 'NONE', *, *, #6130, .T. ) ;
#2619 = EDGE_LOOP ( 'NONE', ( #3045, #2062, #5098, #5443 ) ) ;
#2620 = ORIENTED_EDGE ( 'NONE', *, *, #631, .T. ) ;
#2621 = DIRECTION ( 'NONE',  ( 1.000000000000000000, 0.000000000000000000, 0.000000000000000000 ) ) ;
#2622 = CARTESIAN_POINT ( 'NONE',  ( 2.050107421875000391, 0.000000000000000000, -0.3549999999999996492 ) ) ;
#2623 = AXIS2_PLACEMENT_3D ( 'NONE', #2901, #2968, #5117 ) ;
#2624 = CARTESIAN_POINT ( 'NONE',  ( 1.274055251591116322, 0.000000000000000000, -0.5972276466835293451 ) ) ;
#2625 = CARTESIAN_POINT ( 'NONE',  ( 1.439267578124999725, 0.000000000000000000, -0.5518749999999997824 ) ) ;
#2626 = CARTESIAN_POINT ( 'NONE',  ( 2.012283350250354097, 0.04000000000000000083, -0.4497348605850088332 ) ) ;
#2627 = CARTESIAN_POINT ( 'NONE',  ( 1.258523470578388537, 0.04000000000000000083, -0.5662579296143114282 ) ) ;
#2628 = VECTOR ( 'NONE', #3720, 39.37007874015748143 ) ;
#2629 = CARTESIAN_POINT ( 'NONE',  ( 1.812851562500000124, 0.000000000000000000, -0.6018749999999996048 ) ) ;
#2630 = EDGE_CURVE ( 'NONE', #1922, #1335, #484, .T. ) ;
#2631 = ORIENTED_EDGE ( 'NONE', *, *, #1428, .F. ) ;
#2632 = CARTESIAN_POINT ( 'NONE',  ( 1.924284363024636901, 0.04000000000000000083, -0.3749424317752865221 ) ) ;
#2633 = CARTESIAN_POINT ( 'NONE',  ( 1.365000000000000435, 0.000000000000000000, -1.180000000000000160 ) ) ;
#2634 = CARTESIAN_POINT ( 'NONE',  ( 0.8017424425640248264, 0.000000000000000000, -0.5484430121667385194 ) ) ;
#2635 = CARTESIAN_POINT ( 'NONE',  ( 2.047815618776020585, 0.000000000000000000, -0.5543370871909544251 ) ) ;
#2636 = PLANE ( 'NONE',  #3308 ) ;
#2637 = PLANE ( 'NONE',  #2842 ) ;
#2638 = EDGE_CURVE ( 'NONE', #5855, #284, #2579, .T. ) ;
#2639 = CARTESIAN_POINT ( 'NONE',  ( 0.6986652268970642288, 0.000000000000000000, -0.3645325583494615218 ) ) ;
#2640 = CARTESIAN_POINT ( 'NONE',  ( 2.124506589642706000, 0.04000000000000000083, -0.5987420392555313775 ) ) ;
#2641 = CARTESIAN_POINT ( 'NONE',  ( 0.9291938420388724529, 0.04000000000000000083, -0.4549083667832165001 ) ) ;
#2642 = CARTESIAN_POINT ( 'NONE',  ( 2.155625000000000124, 0.04000000000000000083, -0.3876171874999996270 ) ) ;
#2643 = CARTESIAN_POINT ( 'NONE',  ( 1.374105761765620937, 0.000000000000000000, -0.3537438756759779257 ) ) ;
#2644 = ORIENTED_EDGE ( 'NONE', *, *, #4948, .T. ) ;
#2645 = ORIENTED_EDGE ( 'NONE', *, *, #4414, .T. ) ;
#2646 = CARTESIAN_POINT ( 'NONE',  ( 1.578916015624999947, 0.000000000000000000, -0.3518749999999997713 ) ) ;
#2647 = CARTESIAN_POINT ( 'NONE',  ( 1.081015625000000036, 0.000000000000000000, -0.4612499999999997713 ) ) ;
#2648 = CARTESIAN_POINT ( 'NONE',  ( 0.8603613281249998801, 0.000000000000000000, -0.3832226562499999045 ) ) ;
#2649 = ORIENTED_EDGE ( 'NONE', *, *, #1631, .F. ) ;
#2650 = CARTESIAN_POINT ( 'NONE',  ( 1.059728331252728584, 0.04000000000000000083, -0.5973535810572780935 ) ) ;
#2651 = CARTESIAN_POINT ( 'NONE',  ( 0.8519367403287968488, 0.000000000000000000, -0.4602416368937582436 ) ) ;
#2652 = ORIENTED_EDGE ( 'NONE', *, *, #2595, .T. ) ;
#2653 = ORIENTED_EDGE ( 'NONE', *, *, #4595, .T. ) ;
#2654 = VERTEX_POINT ( 'NONE', #2032 ) ;
#2655 = CARTESIAN_POINT ( 'NONE',  ( 2.155625000000000124, 0.000000000000000000, -0.5661328124999995826 ) ) ;
#2656 = CARTESIAN_POINT ( 'NONE',  ( 1.551097732509532090, 0.000000000000000000, -0.3706935277141287233 ) ) ;
#2657 = CARTESIAN_POINT ( 'NONE',  ( 1.256839987932752090, 0.04000000000000000083, -0.5767569221631014820 ) ) ;
#2658 = CARTESIAN_POINT ( 'NONE',  ( 1.462864442998390135, 0.000000000000000000, -0.5616756112620504560 ) ) ;
#2659 = ADVANCED_FACE ( 'NONE', ( #7015 ), #5864, .T. ) ;
#2660 = CARTESIAN_POINT ( 'NONE',  ( 1.970285399642933477, 0.000000000000000000, -0.5692376456001100316 ) ) ;
#2661 = CARTESIAN_POINT ( 'NONE',  ( 1.682285156249999858, 0.000000000000000000, -0.5752148437499997602 ) ) ;
#2662 = CARTESIAN_POINT ( 'NONE',  ( 1.962045412312306558, 0.000000000000000000, -0.5193731830336497657 ) ) ;
#2663 = ORIENTED_EDGE ( 'NONE', *, *, #5839, .T. ) ;
#2664 = CARTESIAN_POINT ( 'NONE',  ( 1.830865377390815674, 0.04000000000000000083, -0.5977693345461851937 ) ) ;
#2665 = CARTESIAN_POINT ( 'NONE',  ( 0.8438159775800561091, 0.000000000000000000, -0.5933618484374304503 ) ) ;
#2666 = DIRECTION ( 'NONE',  ( 0.000000000000000000, 0.000000000000000000, -1.000000000000000000 ) ) ;
#2667 = CARTESIAN_POINT ( 'NONE',  ( 1.068710937500000124, 0.04000000000000000083, -0.3549999999999997602 ) ) ;
#2668 = EDGE_CURVE ( 'NONE', #5988, #6941, #4005, .T. ) ;
#2669 = DIRECTION ( 'NONE',  ( -0.000000000000000000, -0.000000000000000000, 1.000000000000000000 ) ) ;
#2670 = DIRECTION ( 'NONE',  ( 0.000000000000000000, 0.000000000000000000, -1.000000000000000000 ) ) ;
#2671 = DIRECTION ( 'NONE',  ( 0.000000000000000000, 0.000000000000000000, -1.000000000000000000 ) ) ;
#2672 = DIRECTION ( 'NONE',  ( -1.000000000000000000, 0.000000000000000000, -2.276539994720220828E-16 ) ) ;
#2673 = CARTESIAN_POINT ( 'NONE',  ( 1.877883244079133984, 0.04000000000000000083, -0.3593442254410273429 ) ) ;
#2674 = EDGE_CURVE ( 'NONE', #7122, #4872, #958, .T. ) ;
#2675 = CARTESIAN_POINT ( 'NONE',  ( 2.005664393837968795, -0.000000000000000000, -0.4317760733735334644 ) ) ;
#2676 = CARTESIAN_POINT ( 'NONE',  ( 2.021314975229780764, 0.000000000000000000, -0.5974377634669881809 ) ) ;
#2677 = CARTESIAN_POINT ( 'NONE',  ( 0.9291938420388724529, 0.000000000000000000, -0.4549083667832165001 ) ) ;
#2678 = CARTESIAN_POINT ( 'NONE',  ( 1.389937715287782982, 0.04000000000000000083, -0.3815535789347728191 ) ) ;
#2679 = B_SPLINE_SURFACE_WITH_KNOTS ( 'NONE', 3, 1, ( 
 ( #1282, #5722 ),
 ( #211, #622 ),
 ( #2866, #179 ),
 ( #4634, #4094 ),
 ( #391, #287 ),
 ( #3622, #3077 ),
 ( #5289, #2560 ),
 ( #245, #3146 ),
 ( #1460, #2527 ),
 ( #7032, #2488 ),
 ( #5833, #2634 ),
 ( #4748, #3727 ),
 ( #4818, #3656 ),
 ( #4853, #1903 ),
 ( #6960, #6404 ) ),
 .UNSPECIFIED., .F., .F., .F.,
 ( 4, 1, 1, 1, 1, 1, 1, 1, 1, 1, 1, 1, 4 ),
 ( 2, 2 ),
 ( 0.000000000000000000, 0.08982642785779589023, 0.1767211832472077027, 0.2617204418045054881, 0.3460682841366448659, 0.4289269636933879526, 0.5100703946192473026, 0.5909731262879089897, 0.6722378515367964935, 0.7538291707787544427, 0.8348462629727341211, 0.9170605267361193746, 1.000000000000000000 ),
 ( 0.000000000000000000, 1.000000000000000000 ),
 .UNSPECIFIED. ) ;
#2680 = EDGE_LOOP ( 'NONE', ( #5968, #1587, #482, #1446 ) ) ;
#2681 = ORIENTED_EDGE ( 'NONE', *, *, #2899, .F. ) ;
#2682 = FACE_OUTER_BOUND ( 'NONE', #5778, .T. ) ;
#2683 = CARTESIAN_POINT ( 'NONE',  ( 2.415000000000000036, 0.2350000000000000144, -1.479999999999999982 ) ) ;
#2684 = CARTESIAN_POINT ( 'NONE',  ( 1.766367187499999991, 0.04000000000000000083, -0.5573437499999995826 ) ) ;
#2685 = ORIENTED_EDGE ( 'NONE', *, *, #1920, .F. ) ;
#2686 = CARTESIAN_POINT ( 'NONE',  ( 1.072421875000000080, 0.000000000000000000, -0.5987499999999996714 ) ) ;
#2687 = B_SPLINE_CURVE_WITH_KNOTS ( 'NONE', 3,
 ( #5461, #4920, #6587, #1603, #3286, #2742, #4963, #4417, #1638, #3871, #4592 ),
 .UNSPECIFIED., .F., .F.,
 ( 4, 1, 1, 1, 1, 1, 1, 1, 4 ),
 ( 0.000000000000000000, 0.1271158039212380297, 0.2443141347808983344, 0.3577043942425867096, 0.4710379758892238589, 0.5887044089038869776, 0.7134391316141812656, 0.8491386294085762065, 1.000000000000000000 ),
 .UNSPECIFIED. ) ;
#2688 = PRESENTATION_STYLE_ASSIGNMENT (( #1478 ) ) ;
#2689 = ORIENTED_EDGE ( 'NONE', *, *, #3733, .T. ) ;
#2690 = ORIENTED_EDGE ( 'NONE', *, *, #3919, .T. ) ;
#2691 = CARTESIAN_POINT ( 'NONE',  ( 1.989414062500000080, 0.000000000000000000, -0.3638378906249996048 ) ) ;
#2692 = CARTESIAN_POINT ( 'NONE',  ( 1.572469867068216232, 0.000000000000000000, -0.3521447688439878210 ) ) ;
#2693 = CARTESIAN_POINT ( 'NONE',  ( 0.7725814405943688401, 0.000000000000000000, -0.5875621865935682919 ) ) ;
#2694 = CARTESIAN_POINT ( 'NONE',  ( 1.875026234481769416, 0.000000000000000000, -0.3639206589674816028 ) ) ;
#2695 = CARTESIAN_POINT ( 'NONE',  ( 1.991323374040437910, 0.04000000000000000083, -0.3630732187949410883 ) ) ;
#2696 = CARTESIAN_POINT ( 'NONE',  ( 1.256841250253841080, 0.000000000000000000, -0.5736734020095922704 ) ) ;
#2697 = CARTESIAN_POINT ( 'NONE',  ( 1.063547354717262916, 0.04000000000000000083, -0.4647665737124370144 ) ) ;
#2698 = VERTEX_POINT ( 'NONE', #2801 ) ;
#2699 = CARTESIAN_POINT ( 'NONE',  ( 1.908212429653283859, 0.04000000000000000083, -0.3535862439089139664 ) ) ;
#2700 = CARTESIAN_POINT ( 'NONE',  ( 1.700616715185792049, 0.04000000000000000083, -0.3948171870087923696 ) ) ;
#2701 = CARTESIAN_POINT ( 'NONE',  ( 0.7708667805938640427, 0.000000000000000000, -0.5655619353124127224 ) ) ;
#2702 = CARTESIAN_POINT ( 'NONE',  ( 0.8548861274359232931, 0.04000000000000000083, -0.5962986946336841232 ) ) ;
#2703 = CARTESIAN_POINT ( 'NONE',  ( 0.7702603667664941200, 0.04000000000000000083, -0.5915964491401602965 ) ) ;
#2704 = ORIENTED_EDGE ( 'NONE', *, *, #1871, .T. ) ;
#2705 = CARTESIAN_POINT ( 'NONE',  ( 2.155540181561382607, 0.04000000000000000083, -0.3850062883877574671 ) ) ;
#2706 = CARTESIAN_POINT ( 'NONE',  ( 1.213155234260911319, 0.04000000000000000083, -0.3568643231123033166 ) ) ;
#2707 = EDGE_CURVE ( 'NONE', #2352, #3219, #5592, .T. ) ;
#2708 = VERTEX_POINT ( 'NONE', #6061 ) ;
#2709 = DIRECTION ( 'NONE',  ( -0.000000000000000000, -1.000000000000000000, -0.000000000000000000 ) ) ;
#2710 = CARTESIAN_POINT ( 'NONE',  ( 1.000561354185572238, 0.000000000000000000, -0.5807459632176819042 ) ) ;
#2711 = CARTESIAN_POINT ( 'NONE',  ( 1.991981818166500773, 0.04000000000000000083, -0.5886664441442515106 ) ) ;
#2712 = CARTESIAN_POINT ( 'NONE',  ( 2.017336121140453464, 0.000000000000000000, -0.4065570058869527048 ) ) ;
#2713 = CARTESIAN_POINT ( 'NONE',  ( 0.9350683593749998801, 0.000000000000000000, -0.4549999999999999045 ) ) ;
#2714 = FACE_OUTER_BOUND ( 'NONE', #2577, .T. ) ;
#2715 = EDGE_CURVE ( 'NONE', #4358, #6165, #3313, .T. ) ;
#2716 = VERTEX_POINT ( 'NONE', #598 ) ;
#2717 = ORIENTED_EDGE ( 'NONE', *, *, #4665, .T. ) ;
#2718 = CARTESIAN_POINT ( 'NONE',  ( 1.917246093750000213, 0.04000000000000000083, -0.4019238281249996603 ) ) ;
#2719 = AXIS2_PLACEMENT_3D ( 'NONE', #2282, #5089, #44 ) ;
#2720 = CARTESIAN_POINT ( 'NONE',  ( 1.054462573673466075, 0.04000000000000000083, -0.4749935376684998878 ) ) ;
#2721 = CARTESIAN_POINT ( 'NONE',  ( 1.174375000000000169, 0.04000000000000000083, -0.5549999999999997158 ) ) ;
#2722 = EDGE_LOOP ( 'NONE', ( #6679, #1942, #6104, #330 ) ) ;
#2723 = CARTESIAN_POINT ( 'NONE',  ( 1.439267578124999725, 0.04000000000000000083, -0.5518749999999997824 ) ) ;
#2724 = AXIS2_PLACEMENT_3D ( 'NONE', #3176, #1633, #3798 ) ;
#2725 = DIRECTION ( 'NONE',  ( 0.000000000000000000, -1.000000000000000000, 0.000000000000000000 ) ) ;
#2726 = EDGE_CURVE ( 'NONE', #5232, #6859, #5058, .T. ) ;
#2727 = ORIENTED_EDGE ( 'NONE', *, *, #4885, .F. ) ;
#2728 = EDGE_LOOP ( 'NONE', ( #1576, #557, #5353, #1921 ) ) ;
#2729 = CARTESIAN_POINT ( 'NONE',  ( 0.9773925956268707527, 0.000000000000000000, -0.5983334316559426602 ) ) ;
#2730 = CARTESIAN_POINT ( 'NONE',  ( 1.333749999999999769, 0.04000000000000000083, -0.3840527343749997602 ) ) ;
#2731 = CARTESIAN_POINT ( 'NONE',  ( 1.287558593750000036, 0.04000000000000000083, -0.5987499999999997824 ) ) ;
#2732 = VECTOR ( 'NONE', #714, 39.37007874015748143 ) ;
#2733 = VECTOR ( 'NONE', #2858, 39.37007874015748143 ) ;
#2734 = CARTESIAN_POINT ( 'NONE',  ( 0.8733496093749999467, 0.04000000000000000083, -0.5516308593749998934 ) ) ;
#2735 = LINE ( 'NONE', #1557, #2283 ) ;
#2736 = CARTESIAN_POINT ( 'NONE',  ( 1.462864442998390135, 0.04000000000000000083, -0.5616756112620504560 ) ) ;
#2737 = CARTESIAN_POINT ( 'NONE',  ( 1.661040479109264778, 0.04000000000000000083, -0.5520525501284386793 ) ) ;
#2738 = CARTESIAN_POINT ( 'NONE',  ( 1.979393697699742383, 0.000000000000000000, -0.4934988332504771646 ) ) ;
#2739 = VECTOR ( 'NONE', #2360, 39.37007874015748143 ) ;
#2740 = ORIENTED_EDGE ( 'NONE', *, *, #6589, .T. ) ;
#2741 = DIRECTION ( 'NONE',  ( -0.000000000000000000, -1.000000000000000000, -0.000000000000000000 ) ) ;
#2742 = CARTESIAN_POINT ( 'NONE',  ( 1.459554354473872273, 0.04000000000000000083, -0.5926285563699443815 ) ) ;
#2743 = CARTESIAN_POINT ( 'NONE',  ( 1.229899074122413394, 0.04000000000000000083, -0.5761896830186833407 ) ) ;
#2744 = LINE ( 'NONE', #982, #5070 ) ;
#2745 = B_SPLINE_SURFACE_WITH_KNOTS ( 'NONE', 3, 1, ( 
 ( #4444, #1630 ),
 ( #4878, #2256 ),
 ( #6069, #1081 ),
 ( #3323, #1559 ),
 ( #2220, #1161 ),
 ( #7095, #2775 ),
 ( #1670, #2110 ),
 ( #4993, #7204 ),
 ( #455, #572 ),
 ( #6538, #2811 ),
 ( #5028, #17 ) ),
 .UNSPECIFIED., .F., .F., .F.,
 ( 4, 1, 1, 1, 1, 1, 1, 1, 4 ),
 ( 2, 2 ),
 ( 0.000000000000000000, 0.1443286686721435008, 0.2759097428990065493, 0.3964775567162263648, 0.5136537139577205258, 0.6289765551232102681, 0.7436735563613431355, 0.8664160992359852820, 0.9999999999999998890 ),
 ( 0.000000000000000000, 1.000000000000000000 ),
 .UNSPECIFIED. ) ;
#2746 = CARTESIAN_POINT ( 'NONE',  ( 0.7490332031249997691, 0.04000000000000000083, -0.6018749999999998268 ) ) ;
#2747 = VECTOR ( 'NONE', #1897, 39.37007874015748143 ) ;
#2748 = CARTESIAN_POINT ( 'NONE',  ( 0.5751446174638729092, 0.000000000000000000, -0.5873022400820337996 ) ) ;
#2749 = CARTESIAN_POINT ( 'NONE',  ( 0.8159448761779440895, 0.04000000000000000083, -0.3526310699829715012 ) ) ;
#2750 = VECTOR ( 'NONE', #3222, 39.37007874015748143 ) ;
#2751 = CARTESIAN_POINT ( 'NONE',  ( 0.5734155944444501163, 0.000000000000000000, -0.5761188022559019517 ) ) ;
#2752 = CARTESIAN_POINT ( 'NONE',  ( 1.056194950828385881, 0.000000000000000000, -0.3972871012682618885 ) ) ;
#2753 = VERTEX_POINT ( 'NONE', #2210 ) ;
#2754 = FACE_OUTER_BOUND ( 'NONE', #6697, .T. ) ;
#2755 = CARTESIAN_POINT ( 'NONE',  ( 1.898398437500000036, 0.000000000000000000, -0.3518749999999996603 ) ) ;
#2756 = EDGE_CURVE ( 'NONE', #2410, #5854, #4436, .T. ) ;
#2757 = CARTESIAN_POINT ( 'NONE',  ( 0.9065039062499998801, 0.000000000000000000, -0.5549999999999999378 ) ) ;
#2758 = CARTESIAN_POINT ( 'NONE',  ( 0.8128141420584201748, 0.000000000000000000, -0.5710522244512319379 ) ) ;
#2759 = ORIENTED_EDGE ( 'NONE', *, *, #3650, .T. ) ;
#2760 = ORIENTED_EDGE ( 'NONE', *, *, #2147, .F. ) ;
#2761 = CARTESIAN_POINT ( 'NONE',  ( 1.287558593749999813, 0.04000000000000000083, -0.5518749999999997824 ) ) ;
#2762 = CARTESIAN_POINT ( 'NONE',  ( 2.032114261580322268, 0.000000000000000000, -0.4007046185879961087 ) ) ;
#2763 = CARTESIAN_POINT ( 'NONE',  ( 0.9236965390493614425, 0.04000000000000000083, -0.4542960171287283022 ) ) ;
#2764 = ADVANCED_FACE ( 'NONE', ( #1883 ), #5737, .T. ) ;
#2765 = CARTESIAN_POINT ( 'NONE',  ( 1.466576444768099119, 0.04000000000000000083, -0.5735471527621130994 ) ) ;
#2766 = CARTESIAN_POINT ( 'NONE',  ( 0.8586624512723852742, 0.04000000000000000083, -0.5112501439127175029 ) ) ;
#2767 = ORIENTED_EDGE ( 'NONE', *, *, #6883, .F. ) ;
#2768 = ORIENTED_EDGE ( 'NONE', *, *, #884, .F. ) ;
#2769 = CARTESIAN_POINT ( 'NONE',  ( 2.151249412377416181, 0.04000000000000000083, -0.5864719195307052102 ) ) ;
#2770 = CARTESIAN_POINT ( 'NONE',  ( 1.455520130467351292, 0.000000000000000000, -0.5953758084540667905 ) ) ;
#2771 = CARTESIAN_POINT ( 'NONE',  ( 1.074576840955212553, 0.000000000000000000, -0.5048285622297002950 ) ) ;
#2772 = CARTESIAN_POINT ( 'NONE',  ( 0.9994604331931172814, 0.04000000000000000083, -0.5837190644029754960 ) ) ;
#2773 = CARTESIAN_POINT ( 'NONE',  ( 1.867140711199825942, -0.000000000000000000, -0.3808693304631747267 ) ) ;
#2774 = EDGE_CURVE ( 'NONE', #795, #6951, #6244, .T. ) ;
#2775 = CARTESIAN_POINT ( 'NONE',  ( 1.556964818900262726, 0.000000000000000000, -0.3603044935183252750 ) ) ;
#2776 = CARTESIAN_POINT ( 'NONE',  ( 0.8053528805289432713, 0.000000000000000000, -0.4994772320312900193 ) ) ;
#2777 = CARTESIAN_POINT ( 'NONE',  ( 1.970643310084932320, 0.000000000000000000, -0.4733927557216454085 ) ) ;
#2778 = VERTEX_POINT ( 'NONE', #2466 ) ;
#2779 = CARTESIAN_POINT ( 'NONE',  ( 0.9350683593749998801, 0.04000000000000000083, -0.4549999999999999045 ) ) ;
#2780 = DIRECTION ( 'NONE',  ( 0.4951032688626734735, 0.000000000000000000, 0.8688341344361968366 ) ) ;
#2781 = DIRECTION ( 'NONE',  ( 0.000000000000000000, 0.000000000000000000, -1.000000000000000000 ) ) ;
#2782 = CARTESIAN_POINT ( 'NONE',  ( 1.855625000000000302, 0.04000000000000000083, -0.4112499999999996159 ) ) ;
#2783 = CARTESIAN_POINT ( 'NONE',  ( 0.9350683593749998801, 0.000000000000000000, -0.4549999999999999045 ) ) ;
#2784 = CARTESIAN_POINT ( 'NONE',  ( 0.5734155944444501163, 0.04000000000000000083, -0.5761188022559019517 ) ) ;
#2785 = FACE_BOUND ( 'NONE', #6271, .T. ) ;
#2786 = B_SPLINE_CURVE_WITH_KNOTS ( 'NONE', 3,
 ( #4450, #3912, #5572, #25, #4381, #7138, #1088, #6547, #1131, #2226, #7176 ),
 .UNSPECIFIED., .F., .F.,
 ( 4, 1, 1, 1, 1, 1, 1, 1, 4 ),
 ( 0.000000000000000000, 0.1443286686721435008, 0.2759097428990065493, 0.3964775567162263648, 0.5136537139577205258, 0.6289765551232102681, 0.7436735563613431355, 0.8664160992359852820, 0.9999999999999998890 ),
 .UNSPECIFIED. ) ;
#2787 = DIRECTION ( 'NONE',  ( 0.000000000000000000, 0.000000000000000000, -1.000000000000000000 ) ) ;
#2788 = CARTESIAN_POINT ( 'NONE',  ( 1.062151284031599863, 0.04000000000000000083, -0.3985956711228215710 ) ) ;
#2789 = CARTESIAN_POINT ( 'NONE',  ( 1.059728514501119490, 0.04000000000000000083, -0.5563965360930586135 ) ) ;
#2790 = CARTESIAN_POINT ( 'NONE',  ( 2.021314975229780764, 0.000000000000000000, -0.5974377634669881809 ) ) ;
#2791 = CARTESIAN_POINT ( 'NONE',  ( 2.005663908221247294, 0.000000000000000000, -0.4292005998741413308 ) ) ;
#2792 = CARTESIAN_POINT ( 'NONE',  ( 2.005739128975997598, 0.04000000000000000083, -0.4267111423285406824 ) ) ;
#2793 = CARTESIAN_POINT ( 'NONE',  ( 1.696250000000000258, 0.000000000000000000, -0.3768749999999996270 ) ) ;
#2794 = ORIENTED_EDGE ( 'NONE', *, *, #3892, .T. ) ;
#2795 = EDGE_CURVE ( 'NONE', #5986, #2131, #2505, .T. ) ;
#2796 = ORIENTED_EDGE ( 'NONE', *, *, #1535, .T. ) ;
#2797 = CARTESIAN_POINT ( 'NONE',  ( 1.967575376824846289, 0.04000000000000000083, -0.5649064037351857470 ) ) ;
#2798 = CARTESIAN_POINT ( 'NONE',  ( 1.480008706977417710, 0.04000000000000000083, -0.5585927161988891720 ) ) ;
#2799 = CARTESIAN_POINT ( 'NONE',  ( 1.731770905346303735, 0.000000000000000000, -0.3523353081848260016 ) ) ;
#2800 = CARTESIAN_POINT ( 'NONE',  ( 1.439267578124999725, 0.000000000000000000, -0.5518749999999997824 ) ) ;
#2801 = CARTESIAN_POINT ( 'NONE',  ( 1.811679687500000302, 0.000000000000000000, -0.5456249999999995826 ) ) ;
#2802 = ORIENTED_EDGE ( 'NONE', *, *, #1879, .T. ) ;
#2803 = VERTEX_POINT ( 'NONE', #4107 ) ;
#2804 = EDGE_CURVE ( 'NONE', #2366, #1525, #6828, .T. ) ;
#2805 = CARTESIAN_POINT ( 'NONE',  ( 2.143321193362923260, 0.000000000000000000, -0.5945022981373065951 ) ) ;
#2806 = B_SPLINE_SURFACE_WITH_KNOTS ( 'NONE', 3, 1, ( 
 ( #2730, #5488 ),
 ( #489, #5023 ),
 ( #4987, #5960 ),
 ( #1007, #4406 ),
 ( #3243, #3208 ),
 ( #7200, #6690 ),
 ( #2251, #4370 ),
 ( #6613, #3790 ),
 ( #5452, #1626 ),
 ( #6535, #2216 ),
 ( #12, #4440 ) ),
 .UNSPECIFIED., .F., .F., .F.,
 ( 4, 1, 1, 1, 1, 1, 1, 1, 4 ),
 ( 2, 2 ),
 ( 0.000000000000000000, 0.1443286686721435008, 0.2759097428990065493, 0.3964775567162263648, 0.5136537139577205258, 0.6289765551232102681, 0.7436735563613431355, 0.8664160992359852820, 0.9999999999999998890 ),
 ( 0.000000000000000000, 1.000000000000000000 ),
 .UNSPECIFIED. ) ;
#2807 = CARTESIAN_POINT ( 'NONE',  ( 1.441323959406033195, -0.000000000000000000, -0.5986823350490794171 ) ) ;
#2808 = CARTESIAN_POINT ( 'NONE',  ( 0.8877373489994101474, 0.04000000000000000083, -0.5987327012354133338 ) ) ;
#2809 = CARTESIAN_POINT ( 'NONE',  ( 2.415000000000000036, 0.1350000000000000089, -1.180000000000000160 ) ) ;
#2810 = CARTESIAN_POINT ( 'NONE',  ( 1.605624999999999858, 0.04000000000000000083, -0.3840527343749997602 ) ) ;
#2811 = CARTESIAN_POINT ( 'NONE',  ( 1.576707554932737843, 0.000000000000000000, -0.3519674232326783225 ) ) ;
#2812 = CARTESIAN_POINT ( 'NONE',  ( 0.8333704806256915232, 0.000000000000000000, -0.4709300056048693617 ) ) ;
#2813 = B_SPLINE_CURVE_WITH_KNOTS ( 'NONE', 3,
 ( #5302, #2019, #6898, #224, #3672, #852, #298, #3632, #4249, #2606, #4828 ),
 .UNSPECIFIED., .F., .F.,
 ( 4, 1, 1, 1, 1, 1, 1, 1, 4 ),
 ( 0.000000000000000000, 0.1301792176390407230, 0.2541230567790883077, 0.3755672815653419150, 0.4972130155021918241, 0.6196092790588617616, 0.7425177902555690768, 0.8688022457434154688, 1.000000000000000000 ),
 .UNSPECIFIED. ) ;
#2814 = CARTESIAN_POINT ( 'NONE',  ( 0.6067912039506536681, 0.04000000000000000083, -0.6012846810752078275 ) ) ;
#2815 = VERTEX_POINT ( 'NONE', #4727 ) ;
#2816 = EDGE_CURVE ( 'NONE', #156, #1412, #4074, .T. ) ;
#2817 = CARTESIAN_POINT ( 'NONE',  ( 1.984685984676995751, 0.04000000000000000083, -0.3660941520776487268 ) ) ;
#2818 = ORIENTED_EDGE ( 'NONE', *, *, #2907, .T. ) ;
#2819 = CARTESIAN_POINT ( 'NONE',  ( 0.8491393011753896047, 0.000000000000000000, -0.5949943984073126080 ) ) ;
#2820 = CARTESIAN_POINT ( 'NONE',  ( 2.059187002564436764, 0.000000000000000000, -0.5549404643962556616 ) ) ;
#2821 = CARTESIAN_POINT ( 'NONE',  ( 0.6760351562499997691, 0.04000000000000000083, -0.3518749999999999378 ) ) ;
#2822 = CARTESIAN_POINT ( 'NONE',  ( 1.960117187500000080, 0.04000000000000000083, -0.5361523437499996492 ) ) ;
#2823 = CARTESIAN_POINT ( 'NONE',  ( 0.5740318374469767226, 0.04000000000000000083, -0.5729228606004472812 ) ) ;
#2824 = LINE ( 'NONE', #2378, #2959 ) ;
#2825 = EDGE_CURVE ( 'NONE', #5552, #7081, #6174, .T. ) ;
#2826 = EDGE_CURVE ( 'NONE', #3167, #6359, #191, .T. ) ;
#2827 = LINE ( 'NONE', #1646, #6564 ) ;
#2828 = CARTESIAN_POINT ( 'NONE',  ( 1.039658203125000124, 0.04000000000000000083, -0.3767285156249997602 ) ) ;
#2829 = CARTESIAN_POINT ( 'NONE',  ( 1.766930223893971252, 0.000000000000000000, -0.5588599714658907258 ) ) ;
#2830 = CARTESIAN_POINT ( 'NONE',  ( 2.037146969992610135, 0.000000000000000000, -0.5986672849666707652 ) ) ;
#2831 = CARTESIAN_POINT ( 'NONE',  ( 0.7599707031249997025, 0.04000000000000000083, -0.5464062499999999822 ) ) ;
#2832 = CARTESIAN_POINT ( 'NONE',  ( 1.811679687500000302, 0.04000000000000000083, -0.5456249999999995826 ) ) ;
#2833 = CARTESIAN_POINT ( 'NONE',  ( 1.466660156249999902, 0.04000000000000000083, -0.5752148437499997602 ) ) ;
#2834 = ORIENTED_EDGE ( 'NONE', *, *, #3493, .F. ) ;
#2835 = ORIENTED_EDGE ( 'NONE', *, *, #1332, .F. ) ;
#2836 = CARTESIAN_POINT ( 'NONE',  ( 0.000000000000000000, 0.1350000000000000089, -1.479999999999999982 ) ) ;
#2837 = LINE ( 'NONE', #6058, #2390 ) ;
#2838 = FACE_OUTER_BOUND ( 'NONE', #6892, .T. ) ;
#2839 = CARTESIAN_POINT ( 'NONE',  ( 2.127212385980685294, 0.000000000000000000, -0.3551053176900343389 ) ) ;
#2840 = DIRECTION ( 'NONE',  ( -4.553079989440439683E-16, 0.000000000000000000, -1.000000000000000000 ) ) ;
#2841 = ORIENTED_EDGE ( 'NONE', *, *, #2348, .F. ) ;
#2842 = AXIS2_PLACEMENT_3D ( 'NONE', #4857, #2671, #7107 ) ;
#2843 = ORIENTED_EDGE ( 'NONE', *, *, #2129, .T. ) ;
#2844 = DIRECTION ( 'NONE',  ( -1.000000000000000000, 0.000000000000000000, 0.000000000000000000 ) ) ;
#2845 = CARTESIAN_POINT ( 'NONE',  ( 1.043515625000000169, 0.04000000000000000083, -0.5769726562499998268 ) ) ;
#2846 = CARTESIAN_POINT ( 'NONE',  ( 1.059718810012184376, 0.000000000000000000, -0.4986919276758339237 ) ) ;
#2847 = CARTESIAN_POINT ( 'NONE',  ( 1.921633409161457751, 0.04000000000000000083, -0.3905225834908275795 ) ) ;
#2848 = LINE ( 'NONE', #1196, #4255 ) ;
#2849 = FACE_OUTER_BOUND ( 'NONE', #7066, .T. ) ;
#2850 = VECTOR ( 'NONE', #873, 39.37007874015748143 ) ;
#2851 = ADVANCED_FACE ( 'NONE', ( #5159 ), #4766, .T. ) ;
#2852 = CARTESIAN_POINT ( 'NONE',  ( 1.966932057260308842, 0.000000000000000000, -0.4703184749271660525 ) ) ;
#2853 = VERTEX_POINT ( 'NONE', #110 ) ;
#2854 = CARTESIAN_POINT ( 'NONE',  ( 0.8242773437499998357, 0.000000000000000000, -0.3518749999999999378 ) ) ;
#2855 = EDGE_LOOP ( 'NONE', ( #7018, #4121, #4950, #3938 ) ) ;
#2856 = CARTESIAN_POINT ( 'NONE',  ( 0.8257133449976300499, 0.04000000000000000083, -0.3519151925537765124 ) ) ;
#2857 = VECTOR ( 'NONE', #5453, 39.37007874015748854 ) ;
#2858 = DIRECTION ( 'NONE',  ( -0.000000000000000000, -1.000000000000000000, -0.000000000000000000 ) ) ;
#2859 = CARTESIAN_POINT ( 'NONE',  ( 1.896144909289979363, 0.04000000000000000083, -0.3519628643883402908 ) ) ;
#2860 = CARTESIAN_POINT ( 'NONE',  ( 1.678489442998390313, 0.04000000000000000083, -0.5616756112620504560 ) ) ;
#2861 = ADVANCED_FACE ( 'NONE', ( #7219 ), #6234, .T. ) ;
#2862 = CARTESIAN_POINT ( 'NONE',  ( 0.5733007812499998357, 0.000000000000000000, -0.5793164062499999156 ) ) ;
#2863 = AXIS2_PLACEMENT_3D ( 'NONE', #6968, #356, #3702 ) ;
#2864 = CARTESIAN_POINT ( 'NONE',  ( 1.728877603597418489, 0.000000000000000000, -0.3519658664893990374 ) ) ;
#2865 = AXIS2_PLACEMENT_3D ( 'NONE', #2967, #1317, #4061 ) ;
#2866 = CARTESIAN_POINT ( 'NONE',  ( 0.8326720618200870172, 0.04000000000000000083, -0.5882724228539194522 ) ) ;
#2867 = CARTESIAN_POINT ( 'NONE',  ( 0.7134863281249997913, 0.000000000000000000, -0.5724804687499998046 ) ) ;
#2868 = CARTESIAN_POINT ( 'NONE',  ( 1.903399071743901105, 0.04000000000000000083, -0.3521647900860443992 ) ) ;
#2869 = CARTESIAN_POINT ( 'NONE',  ( 0.6760351562499997691, 0.000000000000000000, -0.3518749999999999378 ) ) ;
#2870 = CARTESIAN_POINT ( 'NONE',  ( 0.7688455672825215137, 0.04000000000000000083, -0.5615968097073489318 ) ) ;
#2871 = PLANE ( 'NONE',  #371 ) ;
#2872 = CARTESIAN_POINT ( 'NONE',  ( 0.7951757812499999911, 0.000000000000000000, -0.3738476562499999378 ) ) ;
#2873 = ORIENTED_EDGE ( 'NONE', *, *, #69, .F. ) ;
#2874 = ORIENTED_EDGE ( 'NONE', *, *, #5613, .T. ) ;
#2875 = CARTESIAN_POINT ( 'NONE',  ( 1.287558593749999813, 0.000000000000000000, -0.5518749999999997824 ) ) ;
#2876 = CARTESIAN_POINT ( 'NONE',  ( 0.8036096864952746444, 0.04000000000000000083, -0.5544947741366481608 ) ) ;
#2877 = CARTESIAN_POINT ( 'NONE',  ( 2.140908955550691495, 0.04000000000000000083, -0.3580640958642851701 ) ) ;
#2878 = DIRECTION ( 'NONE',  ( -1.000000000000000000, -0.000000000000000000, -0.000000000000000000 ) ) ;
#2879 = ORIENTED_EDGE ( 'NONE', *, *, #4066, .T. ) ;
#2880 = ORIENTED_EDGE ( 'NONE', *, *, #6682, .T. ) ;
#2881 = CARTESIAN_POINT ( 'NONE',  ( 2.140611979984292201, 0.000000000000000000, -0.5957845437337579986 ) ) ;
#2882 = CARTESIAN_POINT ( 'NONE',  ( 1.489829517064337416, 0.04000000000000000083, -0.5533191483123864884 ) ) ;
#2883 = FACE_OUTER_BOUND ( 'NONE', #2892, .T. ) ;
#2884 = CARTESIAN_POINT ( 'NONE',  ( 0.7743261718749997469, 0.04000000000000000083, -0.5786328124999998712 ) ) ;
#2885 = CARTESIAN_POINT ( 'NONE',  ( 2.021843089826644846, 0.04000000000000000083, -0.5466887058288432133 ) ) ;
#2886 = FACE_OUTER_BOUND ( 'NONE', #3716, .T. ) ;
#2887 = CARTESIAN_POINT ( 'NONE',  ( 0.6203407292298560582, 0.04000000000000000083, -0.5928229463476700767 ) ) ;
#2888 = VERTEX_POINT ( 'NONE', #5044 ) ;
#2889 = CARTESIAN_POINT ( 'NONE',  ( 1.703964843750000124, 0.000000000000000000, -0.4032910156249995826 ) ) ;
#2890 = ORIENTED_EDGE ( 'NONE', *, *, #5595, .T. ) ;
#2891 = CARTESIAN_POINT ( 'NONE',  ( 0.8284944906314977153, 0.04000000000000000083, -0.3519930346487145645 ) ) ;
#2892 = EDGE_LOOP ( 'NONE', ( #3685, #4996, #3240, #4557 ) ) ;
#2893 = LINE ( 'NONE', #5110, #6438 ) ;
#2894 = EDGE_CURVE ( 'NONE', #5970, #1458, #3995, .T. ) ;
#2895 = CARTESIAN_POINT ( 'NONE',  ( 0.9817033282193950994, 0.000000000000000000, -0.3521530522776147309 ) ) ;
#2896 = CARTESIAN_POINT ( 'NONE',  ( 0.7633551266203630892, 0.000000000000000000, -0.5519369318798944546 ) ) ;
#2897 = CARTESIAN_POINT ( 'NONE',  ( 0.5842500788467165362, 0.04000000000000000083, -0.5531810519692879069 ) ) ;
#2898 = CARTESIAN_POINT ( 'NONE',  ( 1.922964611230536969, 0.04000000000000000083, -0.3866524030258459699 ) ) ;
#2899 = EDGE_CURVE ( 'NONE', #3634, #1075, #4460, .T. ) ;
#2900 = FACE_OUTER_BOUND ( 'NONE', #2421, .T. ) ;
#2901 = CARTESIAN_POINT ( 'NONE',  ( 1.964999999999999858, 0.1350000000000000089, -1.180000000000000160 ) ) ;
#2902 = CARTESIAN_POINT ( 'NONE',  ( 1.766367187499999991, 0.04000000000000000083, -0.5573437499999995826 ) ) ;
#2903 = CARTESIAN_POINT ( 'NONE',  ( 1.963362791932468765, 0.000000000000000000, -0.5557631974315553336 ) ) ;
#2904 = CARTESIAN_POINT ( 'NONE',  ( 1.580816665059306514, -0.000000000000000000, -0.3519525788324340265 ) ) ;
#2905 = CARTESIAN_POINT ( 'NONE',  ( 1.070103905273345202, 0.04000000000000000083, -0.5986923415339925336 ) ) ;
#2906 = ORIENTED_EDGE ( 'NONE', *, *, #6608, .F. ) ;
#2907 = EDGE_CURVE ( 'NONE', #1379, #6838, #4566, .T. ) ;
#2908 = EDGE_LOOP ( 'NONE', ( #7118, #1513, #1855, #2592 ) ) ;
#2909 = CARTESIAN_POINT ( 'NONE',  ( 0.8859203849865576741, 0.000000000000000000, -0.5542295489844871748 ) ) ;
#2910 = CARTESIAN_POINT ( 'NONE',  ( 0.9871366733375711577, 0.04000000000000000083, -0.3537567205312971974 ) ) ;
#2911 = CARTESIAN_POINT ( 'NONE',  ( 1.601754476483687073, 0.04000000000000000083, -0.3645620637580315737 ) ) ;
#2912 = CARTESIAN_POINT ( 'NONE',  ( 0.8404941469542028809, 0.04000000000000000083, -0.4513964021319071818 ) ) ;
#2913 = VERTEX_POINT ( 'NONE', #6671 ) ;
#2914 = CARTESIAN_POINT ( 'NONE',  ( 2.123154296875000124, 0.000000000000000000, -0.5987499999999995604 ) ) ;
#2915 = PRODUCT_DEFINITION ( 'UNKNOWN', '', #3774, #988 ) ;
#2916 = CARTESIAN_POINT ( 'NONE',  ( 0.9736324210259678091, 0.04000000000000000083, -0.3519708810097439411 ) ) ;
#2917 = CARTESIAN_POINT ( 'NONE',  ( 1.043515625000000169, 0.000000000000000000, -0.5769726562499998268 ) ) ;
#2918 = PLANE ( 'NONE',  #5296 ) ;
#2919 = CARTESIAN_POINT ( 'NONE',  ( 1.696765627192600379, 0.04000000000000000083, -0.3816033850089007307 ) ) ;
#2920 = CARTESIAN_POINT ( 'NONE',  ( 1.660855051491205270, 0.04000000000000000083, -0.5985538056116296302 ) ) ;
#2921 = ORIENTED_EDGE ( 'NONE', *, *, #2288, .T. ) ;
#2922 = DIRECTION ( 'NONE',  ( -1.000000000000000000, 0.000000000000000000, -0.000000000000000000 ) ) ;
#2923 = CARTESIAN_POINT ( 'NONE',  ( 0.8257133449976300499, 0.000000000000000000, -0.3519151925537765124 ) ) ;
#2924 = CARTESIAN_POINT ( 'NONE',  ( 0.7374941078461679789, 0.000000000000000000, -0.6003819839028301519 ) ) ;
#2925 = CARTESIAN_POINT ( 'NONE',  ( 1.002499999999999947, 0.000000000000000000, -0.3841992187499999045 ) ) ;
#2926 = PRODUCT_CONTEXT ( 'NONE', #1194, 'mechanical' ) ;
#2927 = CARTESIAN_POINT ( 'NONE',  ( 2.140611979984292201, 0.000000000000000000, -0.5957845437337579986 ) ) ;
#2928 = CARTESIAN_POINT ( 'NONE',  ( 0.5764596016630501030, 0.04000000000000000083, -0.5663717020791755319 ) ) ;
#2929 = DIRECTION ( 'NONE',  ( -0.000000000000000000, -0.000000000000000000, 1.000000000000000000 ) ) ;
#2930 = CARTESIAN_POINT ( 'NONE',  ( 0.9945309130506972961, 0.000000000000000000, -0.5909441995387920699 ) ) ;
#2931 = CARTESIAN_POINT ( 'NONE',  ( 1.050500478635727264, 0.04000000000000000083, -0.5612924088618113094 ) ) ;
#2932 = CARTESIAN_POINT ( 'NONE',  ( 2.012283350250354097, 0.04000000000000000083, -0.4497348605850088332 ) ) ;
#2933 = CARTESIAN_POINT ( 'NONE',  ( 2.017295303861960321, 0.000000000000000000, -0.5191742615367678226 ) ) ;
#2934 = DIRECTION ( 'NONE',  ( 0.000000000000000000, 0.000000000000000000, -1.000000000000000000 ) ) ;
#2935 = EDGE_CURVE ( 'NONE', #4729, #2608, #7142, .T. ) ;
#2936 = B_SPLINE_CURVE_WITH_KNOTS ( 'NONE', 3,
 ( #6862, #1769, #3970, #2356, #2394, #4575, #6136, #5157, #6275, #4040, #5700, #152, #6826, #3526, #5629 ),
 .UNSPECIFIED., .F., .F.,
 ( 4, 1, 1, 1, 1, 1, 1, 1, 1, 1, 1, 1, 4 ),
 ( 0.000000000000000000, 0.1011998545714062891, 0.1938420283227953733, 0.2798039295171502738, 0.3590764355424031495, 0.4334232718360602754, 0.5052974630995088479, 0.5777620924404490710, 0.6525648892298815396, 0.7313034942183709308, 0.8143415965424004588, 0.9034359475467442779, 0.9999999999999998890 ),
 .UNSPECIFIED. ) ;
#2937 = ORIENTED_EDGE ( 'NONE', *, *, #4615, .T. ) ;
#2938 = PLANE ( 'NONE',  #5874 ) ;
#2939 = CARTESIAN_POINT ( 'NONE',  ( 0.6322486846707069397, 0.04000000000000000083, -0.5745289608852465202 ) ) ;
#2940 = DIRECTION ( 'NONE',  ( -0.000000000000000000, -1.000000000000000000, -0.000000000000000000 ) ) ;
#2941 = CARTESIAN_POINT ( 'NONE',  ( 2.019150390625000124, 0.000000000000000000, -0.5161816406249996048 ) ) ;
#2942 = ADVANCED_FACE ( 'NONE', ( #6086 ), #4033, .T. ) ;
#2943 = CARTESIAN_POINT ( 'NONE',  ( 1.796794995144111562, 0.04000000000000000083, -0.5994440785934681548 ) ) ;
#2944 = ORIENTED_EDGE ( 'NONE', *, *, #1651, .F. ) ;
#2945 = CARTESIAN_POINT ( 'NONE',  ( 0.7024999999999997913, 0.000000000000000000, -0.3841015624999998823 ) ) ;
#2946 = DIRECTION ( 'NONE',  ( -1.000000000000000000, 0.000000000000000000, 0.000000000000000000 ) ) ;
#2947 = B_SPLINE_CURVE_WITH_KNOTS ( 'NONE', 3,
 ( #357, #4826, #435, #4788, #2676, #6484, #3771, #326, #1500, #7042, #3735 ),
 .UNSPECIFIED., .F., .F.,
 ( 4, 1, 1, 1, 1, 1, 1, 1, 4 ),
 ( 0.000000000000000000, 0.1519037474898616569, 0.2946067286718556666, 0.4292640855990467741, 0.5551236773389686130, 0.6739582751069664868, 0.7867579455501297891, 0.8949922261428681081, 1.000000000000000000 ),
 .UNSPECIFIED. ) ;
#2948 = LINE ( 'NONE', #5164, #6333 ) ;
#2949 = CARTESIAN_POINT ( 'NONE',  ( 2.024330825051781080, 0.04000000000000000083, -0.5484414354103631650 ) ) ;
#2950 = VERTEX_POINT ( 'NONE', #4499 ) ;
#2951 = CARTESIAN_POINT ( 'NONE',  ( 2.046933543711924042, 0.04000000000000000083, -0.3550377125330753114 ) ) ;
#2952 = EDGE_CURVE ( 'NONE', #3237, #5130, #3487, .T. ) ;
#2953 = VECTOR ( 'NONE', #4656, 39.37007874015748143 ) ;
#2954 = CARTESIAN_POINT ( 'NONE',  ( 1.968646128697536524, 0.000000000000000000, -0.3780145474088106861 ) ) ;
#2955 = EDGE_LOOP ( 'NONE', ( #2213, #889, #4830, #2796 ) ) ;
#2956 = CARTESIAN_POINT ( 'NONE',  ( 1.960117187500000080, 0.04000000000000000083, -0.5361523437499996492 ) ) ;
#2957 = CARTESIAN_POINT ( 'NONE',  ( 1.208410174864912756, 0.000000000000000000, -0.5979362696720080805 ) ) ;
#2958 = CARTESIAN_POINT ( 'NONE',  ( 0.7291058865463236893, 0.000000000000000000, -0.5950933196900610733 ) ) ;
#2959 = VECTOR ( 'NONE', #1756, 39.37007874015748143 ) ;
#2960 = CARTESIAN_POINT ( 'NONE',  ( 1.867140711199825942, 0.04000000000000000083, -0.3808693304631747267 ) ) ;
#2961 = CARTESIAN_POINT ( 'NONE',  ( 0.7742871101766195530, -0.000000000000000000, -0.5776534977002536486 ) ) ;
#2962 = CARTESIAN_POINT ( 'NONE',  ( 2.019999498197963206, -0.000000000000000000, -0.5148762421358037411 ) ) ;
#2963 = CARTESIAN_POINT ( 'NONE',  ( 0.5842500788467165362, 0.04000000000000000083, -0.5531810519692879069 ) ) ;
#2964 = VECTOR ( 'NONE', #5458, 39.37007874015748143 ) ;
#2965 = B_SPLINE_CURVE_WITH_KNOTS ( 'NONE', 3,
 ( #1499, #5910, #7074, #3668, #3120, #5331, #325, #37, #1101, #5579, #2165, #3339, #1647, #5545, #2275, #75, #1175, #4971, #7183 ),
 .UNSPECIFIED., .F., .F.,
 ( 4, 1, 1, 1, 1, 1, 1, 1, 1, 1, 1, 1, 1, 1, 1, 1, 4 ),
 ( 0.000000000000000000, 0.06822002337388605175, 0.1333207290133358314, 0.1962387521197450080, 0.2568334298122399439, 0.3164097776181296062, 0.3751514822731095711, 0.4336832031425895684, 0.4924783550313933667, 0.5516738842116857278, 0.6114292194161188299, 0.6715095706841773815, 0.7332503971105654994, 0.7964831417694853144, 0.8615529610565205720, 0.9295885657772455790, 1.000000000000000000 ),
 .UNSPECIFIED. ) ;
#2966 = DIRECTION ( 'NONE',  ( -0.000000000000000000, -1.000000000000000000, -0.000000000000000000 ) ) ;
#2967 = CARTESIAN_POINT ( 'NONE',  ( 1.746142900521395314, 0.04000000000000000083, -0.3624566418054093186 ) ) ;
#2968 = DIRECTION ( 'NONE',  ( 0.000000000000000000, 1.000000000000000000, -0.000000000000000000 ) ) ;
#2969 = VECTOR ( 'NONE', #3607, 39.37007874015748143 ) ;
#2970 = B_SPLINE_SURFACE_WITH_KNOTS ( 'NONE', 3, 1, ( 
 ( #6550, #1567 ),
 ( #5499, #3804 ),
 ( #6010, #1019 ),
 ( #5686, #4056 ),
 ( #6257, #656 ),
 ( #5651, #135 ),
 ( #1275, #2340 ),
 ( #1788, #104 ),
 ( #3444, #6843 ),
 ( #723, #6772 ),
 ( #4561, #4024 ) ),
 .UNSPECIFIED., .F., .F., .F.,
 ( 4, 1, 1, 1, 1, 1, 1, 1, 4 ),
 ( 2, 2 ),
 ( 0.000000000000000000, 0.1202561770071344238, 0.2336311288082738580, 0.3436828735499135590, 0.4563072865791953370, 0.5746948935446932749, 0.7011011373580654515, 0.8416991956304910039, 1.000000000000000000 ),
 ( 0.000000000000000000, 1.000000000000000000 ),
 .UNSPECIFIED. ) ;
#2971 = CARTESIAN_POINT ( 'NONE',  ( 2.010169301574026068, 0.000000000000000000, -0.4472294639920307846 ) ) ;
#2972 = CARTESIAN_POINT ( 'NONE',  ( 1.002427180920327343, -0.000000000000000000, -0.3817505347398806870 ) ) ;
#2973 = VECTOR ( 'NONE', #7119, 39.37007874015748143 ) ;
#2974 = ORIENTED_EDGE ( 'NONE', *, *, #6169, .T. ) ;
#2975 = FACE_OUTER_BOUND ( 'NONE', #3675, .T. ) ;
#2976 = CARTESIAN_POINT ( 'NONE',  ( 0.8519367403287968488, 0.000000000000000000, -0.4602416368937582436 ) ) ;
#2977 = VECTOR ( 'NONE', #1158, 39.37007874015748143 ) ;
#2978 = ORIENTED_EDGE ( 'NONE', *, *, #1252, .F. ) ;
#2979 = CARTESIAN_POINT ( 'NONE',  ( 1.949506710947727095, 0.04000000000000000083, -0.4317346291875701625 ) ) ;
#2980 = EDGE_CURVE ( 'NONE', #374, #1016, #2281, .T. ) ;
#2981 = CARTESIAN_POINT ( 'NONE',  ( 0.7995070306306288899, 0.04000000000000000083, -0.5229174743512701173 ) ) ;
#2982 = CARTESIAN_POINT ( 'NONE',  ( 0.7993749999999999467, 0.04000000000000000083, -0.5294628906249999600 ) ) ;
#2983 = AXIS2_PLACEMENT_3D ( 'NONE', #5318, #6921, #4775 ) ;
#2984 = CARTESIAN_POINT ( 'NONE',  ( 0.8147881563716673492, 0.04000000000000000083, -0.4851492366314704707 ) ) ;
#2985 = CARTESIAN_POINT ( 'NONE',  ( 1.174375000000000169, 0.04000000000000000083, -0.4612499999999997713 ) ) ;
#2986 = ORIENTED_EDGE ( 'NONE', *, *, #1721, .F. ) ;
#2987 = LINE ( 'NONE', #6246, #6328 ) ;
#2988 = CARTESIAN_POINT ( 'NONE',  ( 2.028791701143876747, 0.04000000000000000083, -0.5065503284010921536 ) ) ;
#2989 = EDGE_CURVE ( 'NONE', #1029, #7190, #1573, .T. ) ;
#2990 = CARTESIAN_POINT ( 'NONE',  ( 0.9059995641012210665, 0.04000000000000000083, -0.4474271371040738909 ) ) ;
#2991 = CARTESIAN_POINT ( 'NONE',  ( 2.032729895172760148, 0.000000000000000000, -0.4594612905753138188 ) ) ;
#2992 = CARTESIAN_POINT ( 'NONE',  ( 1.700616715185792049, 0.04000000000000000083, -0.3948171870087923696 ) ) ;
#2993 = ORIENTED_EDGE ( 'NONE', *, *, #6989, .T. ) ;
#2994 = LINE ( 'NONE', #1930, #7022 ) ;
#2995 = ORIENTED_EDGE ( 'NONE', *, *, #2407, .F. ) ;
#2996 = CARTESIAN_POINT ( 'NONE',  ( 2.123154296875000124, 0.04000000000000000083, -0.5987499999999995604 ) ) ;
#2997 = CARTESIAN_POINT ( 'NONE',  ( 1.230625000000000302, 0.04000000000000000083, -0.5661328124999996936 ) ) ;
#2998 = CARTESIAN_POINT ( 'NONE',  ( 1.230625000000000302, 0.000000000000000000, -0.3876171874999997380 ) ) ;
#2999 = EDGE_CURVE ( 'NONE', #7102, #2913, #2589, .T. ) ;
#3000 = CARTESIAN_POINT ( 'NONE',  ( 0.8100047737412046089, 0.04000000000000000083, -0.4097328900665198059 ) ) ;
#3001 = DIRECTION ( 'NONE',  ( -0.000000000000000000, -1.000000000000000000, -0.000000000000000000 ) ) ;
#3002 = DIRECTION ( 'NONE',  ( 0.000000000000000000, 0.000000000000000000, 1.000000000000000000 ) ) ;
#3003 = CARTESIAN_POINT ( 'NONE',  ( 0.9694167277847146602, 0.000000000000000000, -0.3521539927084422761 ) ) ;
#3004 = CARTESIAN_POINT ( 'NONE',  ( 1.072421875000000080, 0.04000000000000000083, -0.5549999999999997158 ) ) ;
#3005 = CARTESIAN_POINT ( 'NONE',  ( 0.9709085534721696442, 0.04000000000000000083, -0.5987140514120692369 ) ) ;
#3006 = ORIENTED_EDGE ( 'NONE', *, *, #4936, .T. ) ;
#3007 = CARTESIAN_POINT ( 'NONE',  ( 1.924375000000000169, 0.000000000000000000, -0.3765332031249996048 ) ) ;
#3008 = CARTESIAN_POINT ( 'NONE',  ( 1.976965584326106473, 0.04000000000000000083, -0.5773430732139093191 ) ) ;
#3009 = ORIENTED_EDGE ( 'NONE', *, *, #7070, .T. ) ;
#3010 = CARTESIAN_POINT ( 'NONE',  ( 0.9463329290051681886, -0.000000000000000000, -0.3812447377360929646 ) ) ;
#3011 = CARTESIAN_POINT ( 'NONE',  ( 1.474165019606416660, 0.000000000000000000, -0.5841697710432448565 ) ) ;
#3012 = VERTEX_POINT ( 'NONE', #2042 ) ;
#3013 = CARTESIAN_POINT ( 'NONE',  ( 1.960592541740891592, 0.04000000000000000083, -0.4634254569874997620 ) ) ;
#3014 = CARTESIAN_POINT ( 'NONE',  ( 1.747785230038836568, 0.000000000000000000, -0.3651590258483829454 ) ) ;
#3015 = CARTESIAN_POINT ( 'NONE',  ( 0.8891101424534403330, 0.000000000000000000, -0.4292565224545184521 ) ) ;
#3016 = B_SPLINE_CURVE_WITH_KNOTS ( 'NONE', 3,
 ( #811, #3010, #1395, #1426, #3626, #5191, #1981, #5327, #3082, #4752, #3661 ),
 .UNSPECIFIED., .F., .F.,
 ( 4, 1, 1, 1, 1, 1, 1, 1, 4 ),
 ( 0.000000000000000000, 0.1442999602282539762, 0.2748238420616429534, 0.3956905257553357536, 0.5120489935032312978, 0.6268424979189656243, 0.7431840223150806279, 0.8655259307084588460, 1.000000000000000000 ),
 .UNSPECIFIED. ) ;
#3017 = CARTESIAN_POINT ( 'NONE',  ( 1.698231282877490589, 0.000000000000000000, -0.3681616559951614298 ) ) ;
#3018 = CARTESIAN_POINT ( 'NONE',  ( 2.052548828125000391, 0.04000000000000000083, -0.3987499999999996048 ) ) ;
#3019 = EDGE_CURVE ( 'NONE', #2525, #3276, #1872, .T. ) ;
#3020 = ORIENTED_EDGE ( 'NONE', *, *, #2487, .F. ) ;
#3021 = EDGE_LOOP ( 'NONE', ( #4669, #6487, #4836, #2069 ) ) ;
#3022 = CARTESIAN_POINT ( 'NONE',  ( 2.265000000000000124, 0.1600000000000000033, -1.479999999999999982 ) ) ;
#3023 = CARTESIAN_POINT ( 'NONE',  ( 2.044852074620158611, 0.04000000000000000083, -0.5024753907114936080 ) ) ;
#3024 = CARTESIAN_POINT ( 'NONE',  ( 0.9187404028840812087, 0.04000000000000000083, -0.4534274917561681439 ) ) ;
#3025 = CARTESIAN_POINT ( 'NONE',  ( 2.012283350250354097, 0.000000000000000000, -0.4497348605850088332 ) ) ;
#3026 = CARTESIAN_POINT ( 'NONE',  ( 2.001541966735678635, 0.000000000000000000, -0.3597019483926655603 ) ) ;
#3027 = FACE_OUTER_BOUND ( 'NONE', #6401, .T. ) ;
#3028 = ADVANCED_FACE ( 'NONE', ( #3552 ), #4809, .T. ) ;
#3029 = ORIENTED_EDGE ( 'NONE', *, *, #3611, .T. ) ;
#3030 = VERTEX_POINT ( 'NONE', #3007 ) ;
#3031 = CARTESIAN_POINT ( 'NONE',  ( 1.287558593749999813, 0.04000000000000000083, -0.5518749999999997824 ) ) ;
#3032 = LINE ( 'NONE', #3615, #20 ) ;
#3033 = PLANE ( 'NONE',  #3902 ) ;
#3034 = FACE_OUTER_BOUND ( 'NONE', #2495, .T. ) ;
#3035 = CARTESIAN_POINT ( 'NONE',  ( 1.675179354473872229, 0.000000000000000000, -0.5926285563699443815 ) ) ;
#3036 = CARTESIAN_POINT ( 'NONE',  ( 2.019150390625000124, 0.04000000000000000083, -0.5161816406249996048 ) ) ;
#3037 = ADVANCED_FACE ( 'NONE', ( #3043 ), #6973, .T. ) ;
#3038 = ORIENTED_EDGE ( 'NONE', *, *, #6589, .F. ) ;
#3039 = CARTESIAN_POINT ( 'NONE',  ( 0.9758398437499998801, 0.04000000000000000083, -0.3518749999999999378 ) ) ;
#3040 = CARTESIAN_POINT ( 'NONE',  ( 1.206495198036625194, 0.000000000000000000, -0.3554148888787587723 ) ) ;
#3041 = CARTESIAN_POINT ( 'NONE',  ( 1.333749999999999769, 0.04000000000000000083, -0.5518749999999997824 ) ) ;
#3042 = B_SPLINE_CURVE_WITH_KNOTS ( 'NONE', 3,
 ( #5300, #2939, #296, #4757, #4682, #6970, #5155, #2393, #4933, #6019, #5439, #7151, #4282 ),
 .UNSPECIFIED., .F., .F.,
 ( 4, 1, 1, 1, 1, 1, 1, 1, 1, 1, 4 ),
 ( 0.000000000000000000, 0.1549279365243248219, 0.2862814253179071788, 0.4038509163743136399, 0.5220041373664416895, 0.6369987327829325086, 0.7507856361623140851, 0.8080983667690785355, 0.8679110618459845439, 0.9317304377842668961, 1.000000000000000000 ),
 .UNSPECIFIED. ) ;
#3043 = FACE_OUTER_BOUND ( 'NONE', #2722, .T. ) ;
#3044 = CARTESIAN_POINT ( 'NONE',  ( 1.960888419420641293, 0.04000000000000000083, -0.5461139639397929457 ) ) ;
#3045 = ORIENTED_EDGE ( 'NONE', *, *, #42, .F. ) ;
#3046 = CARTESIAN_POINT ( 'NONE',  ( 1.817851614616262435, 0.000000000000000000, -0.6017770853324970748 ) ) ;
#3047 = CARTESIAN_POINT ( 'NONE',  ( 1.050498560491880617, 0.04000000000000000083, -0.5924588174037911381 ) ) ;
#3048 = EDGE_CURVE ( 'NONE', #2888, #1731, #3948, .T. ) ;
#3049 = VERTEX_POINT ( 'NONE', #1748 ) ;
#3050 = CARTESIAN_POINT ( 'NONE',  ( 0.6335058593749998135, 0.04000000000000000083, -0.5724804687499998046 ) ) ;
#3051 = CARTESIAN_POINT ( 'NONE',  ( 1.056194950828385881, 0.000000000000000000, -0.3972871012682618885 ) ) ;
#3052 = CARTESIAN_POINT ( 'NONE',  ( 0.6480439347055678700, 0.000000000000000000, -0.3708097881172091603 ) ) ;
#3053 = CARTESIAN_POINT ( 'NONE',  ( 0.8733960098102337977, 0.000000000000000000, -0.4999697168267204228 ) ) ;
#3054 = CARTESIAN_POINT ( 'NONE',  ( 1.782027422911111936, 0.04000000000000000083, -0.5892853783513849475 ) ) ;
#3055 = EDGE_LOOP ( 'NONE', ( #202, #6575, #5241, #6344 ) ) ;
#3056 = ORIENTED_EDGE ( 'NONE', *, *, #4050, .F. ) ;
#3057 = CARTESIAN_POINT ( 'NONE',  ( 1.482428859473889915, 0.04000000000000000083, -0.5569736609723503484 ) ) ;
#3058 = CARTESIAN_POINT ( 'NONE',  ( 1.043666140214090987, 0.04000000000000000083, -0.3647733968769525936 ) ) ;
#3059 = CARTESIAN_POINT ( 'NONE',  ( 1.059728514501119490, 0.04000000000000000083, -0.5563965360930586135 ) ) ;
#3060 = LINE ( 'NONE', #949, #4244 ) ;
#3061 = CARTESIAN_POINT ( 'NONE',  ( 1.856487890401973706, 0.000000000000000000, -0.5561556980009904061 ) ) ;
#3062 = ORIENTED_EDGE ( 'NONE', *, *, #3936, .T. ) ;
#3063 = CARTESIAN_POINT ( 'NONE',  ( 1.054608346085519344, 0.000000000000000000, -0.5953584098797645163 ) ) ;
#3064 = ORIENTED_EDGE ( 'NONE', *, *, #6856, .T. ) ;
#3065 = ORIENTED_EDGE ( 'NONE', *, *, #2804, .F. ) ;
#3066 = CARTESIAN_POINT ( 'NONE',  ( 0.7024999999999997913, 0.04000000000000000083, -0.4578808593749998379 ) ) ;
#3067 = CARTESIAN_POINT ( 'NONE',  ( 1.365000000000000657, 0.000000000000000000, -0.8800000000000002265 ) ) ;
#3068 = CARTESIAN_POINT ( 'NONE',  ( 1.378777831496326156, 0.000000000000000000, -0.3563179182539748524 ) ) ;
#3069 = CARTESIAN_POINT ( 'NONE',  ( 0.8029017911606948221, 0.04000000000000000083, -0.3962838404839729711 ) ) ;
#3070 = EDGE_CURVE ( 'NONE', #3030, #6544, #5663, .T. ) ;
#3071 = AXIS2_PLACEMENT_3D ( 'NONE', #6284, #4621, #1342 ) ;
#3072 = CARTESIAN_POINT ( 'NONE',  ( 2.028791701143876747, 0.000000000000000000, -0.5065503284010921536 ) ) ;
#3073 = CARTESIAN_POINT ( 'NONE',  ( 1.230625000000000302, 0.000000000000000000, -0.5661328124999996936 ) ) ;
#3074 = VERTEX_POINT ( 'NONE', #1240 ) ;
#3075 = AXIS2_PLACEMENT_3D ( 'NONE', #4105, #1954, #6971 ) ;
#3076 = CARTESIAN_POINT ( 'NONE',  ( 1.992562480839653594, 0.000000000000000000, -0.4843872875038426340 ) ) ;
#3077 = CARTESIAN_POINT ( 'NONE',  ( 0.8169367725002659730, 0.000000000000000000, -0.5760103436580489289 ) ) ;
#3078 = CARTESIAN_POINT ( 'NONE',  ( 0.8556249999999999689, 0.04000000000000000083, -0.5257031249999999378 ) ) ;
#3079 = ADVANCED_FACE ( 'NONE', ( #3328 ), #5537, .T. ) ;
#3080 = CARTESIAN_POINT ( 'NONE',  ( 2.021843089826644846, 0.04000000000000000083, -0.5466887058288432133 ) ) ;
#3081 = VERTEX_POINT ( 'NONE', #2889 ) ;
#3082 = CARTESIAN_POINT ( 'NONE',  ( 0.9694167277847146602, 0.000000000000000000, -0.3521539927084422761 ) ) ;
#3083 = VECTOR ( 'NONE', #1746, 39.37007874015748143 ) ;
#3084 = CARTESIAN_POINT ( 'NONE',  ( 0.8028276989471914149, 0.04000000000000000083, -0.3590826211141379676 ) ) ;
#3085 = ORIENTED_EDGE ( 'NONE', *, *, #1013, .T. ) ;
#3086 = VECTOR ( 'NONE', #3817, 39.37007874015748143 ) ;
#3087 = CARTESIAN_POINT ( 'NONE',  ( 1.466454730355532199, 0.000000000000000000, -0.5802879112056273936 ) ) ;
#3088 = EDGE_CURVE ( 'NONE', #5715, #5297, #1822, .T. ) ;
#3089 = CARTESIAN_POINT ( 'NONE',  ( 0.8556337269149567604, 0.04000000000000000083, -0.4631393428201541762 ) ) ;
#3090 = CARTESIAN_POINT ( 'NONE',  ( 0.6738278708020277730, 0.000000000000000000, -0.3519695349321501632 ) ) ;
#3091 = CARTESIAN_POINT ( 'NONE',  ( 1.725839843749999991, 0.000000000000000000, -0.3518749999999996603 ) ) ;
#3092 = VECTOR ( 'NONE', #7002, 39.37007874015748143 ) ;
#3093 = EDGE_LOOP ( 'NONE', ( #412, #3982, #4357, #938, #3681, #3659, #2581, #5311, #593, #6072, #3029 ) ) ;
#3094 = ORIENTED_EDGE ( 'NONE', *, *, #5019, .T. ) ;
#3095 = CARTESIAN_POINT ( 'NONE',  ( 1.052977467056773975, 0.04000000000000000083, -0.4846804720124422983 ) ) ;
#3096 = CARTESIAN_POINT ( 'NONE',  ( 1.041363257269023679, 0.04000000000000000083, -0.3685086602160759228 ) ) ;
#3097 = VECTOR ( 'NONE', #1744, 39.37007874015748143 ) ;
#3098 = CARTESIAN_POINT ( 'NONE',  ( 1.059728514501119490, 0.000000000000000000, -0.5563965360930586135 ) ) ;
#3099 = CARTESIAN_POINT ( 'NONE',  ( 1.081015625000000036, 0.04000000000000000083, -0.5049999999999997824 ) ) ;
#3100 = CARTESIAN_POINT ( 'NONE',  ( 1.984685984676995751, 0.04000000000000000083, -0.3660941520776487268 ) ) ;
#3101 = ORIENTED_EDGE ( 'NONE', *, *, #2539, .T. ) ;
#3102 = VECTOR ( 'NONE', #6551, 39.37007874015748143 ) ;
#3103 = ORIENTED_EDGE ( 'NONE', *, *, #6765, .T. ) ;
#3104 = PLANE ( 'NONE',  #4022 ) ;
#3105 = CARTESIAN_POINT ( 'NONE',  ( 0.5775241918331265323, 0.04000000000000000083, -0.5911377198029297286 ) ) ;
#3106 = FACE_OUTER_BOUND ( 'NONE', #899, .T. ) ;
#3107 = CARTESIAN_POINT ( 'NONE',  ( 1.230625000000000302, 0.04000000000000000083, -0.5661328124999996936 ) ) ;
#3108 = CARTESIAN_POINT ( 'NONE',  ( 1.856943359375000213, 0.04000000000000000083, -0.5549999999999996048 ) ) ;
#3109 = CARTESIAN_POINT ( 'NONE',  ( 1.960213659997340319, 0.000000000000000000, -0.5332309641453985005 ) ) ;
#3110 = ORIENTED_EDGE ( 'NONE', *, *, #1497, .T. ) ;
#3111 = EDGE_CURVE ( 'NONE', #6859, #5680, #7049, .T. ) ;
#3112 = CARTESIAN_POINT ( 'NONE',  ( 1.994394531249999991, 0.000000000000000000, -0.4849804687499996159 ) ) ;
#3113 = CARTESIAN_POINT ( 'NONE',  ( 1.221042666609635896, 0.000000000000000000, -0.3609521127092621406 ) ) ;
#3114 = CARTESIAN_POINT ( 'NONE',  ( 1.002392481485496312, 0.04000000000000000083, -0.5702071286887876456 ) ) ;
#3115 = DIRECTION ( 'NONE',  ( -0.000000000000000000, -1.000000000000000000, -0.000000000000000000 ) ) ;
#3116 = ORIENTED_EDGE ( 'NONE', *, *, #6130, .F. ) ;
#3117 = DIRECTION ( 'NONE',  ( -0.000000000000000000, -1.000000000000000000, -0.000000000000000000 ) ) ;
#3118 = CARTESIAN_POINT ( 'NONE',  ( 1.500718619490622574, 0.000000000000000000, -0.5986797455209706964 ) ) ;
#3119 = EDGE_CURVE ( 'NONE', #183, #5953, #3402, .T. ) ;
#3120 = CARTESIAN_POINT ( 'NONE',  ( 0.8014791820610762674, 0.000000000000000000, -0.5105737321222107994 ) ) ;
#3121 = CARTESIAN_POINT ( 'NONE',  ( 0.7490332031249997691, 0.04000000000000000083, -0.6018749999999998268 ) ) ;
#3122 = CARTESIAN_POINT ( 'NONE',  ( 1.066425432574315879, 0.04000000000000000083, -0.3550593750210382926 ) ) ;
#3123 = CARTESIAN_POINT ( 'NONE',  ( 0.8556775332968359349, 0.000000000000000000, -0.5238739714357116828 ) ) ;
#3124 = EDGE_CURVE ( 'NONE', #2571, #793, #4449, .T. ) ;
#3125 = EDGE_CURVE ( 'NONE', #1111, #2525, #6092, .T. ) ;
#3126 = ORIENTED_EDGE ( 'NONE', *, *, #6052, .T. ) ;
#3127 = ORIENTED_EDGE ( 'NONE', *, *, #3088, .T. ) ;
#3128 = DIRECTION ( 'NONE',  ( 0.000000000000000000, 0.000000000000000000, 1.000000000000000000 ) ) ;
#3129 = CARTESIAN_POINT ( 'NONE',  ( 0.000000000000000000, 0.000000000000000000, -1.479999999999999982 ) ) ;
#3130 = CARTESIAN_POINT ( 'NONE',  ( 0.8935985081236789140, 0.000000000000000000, -0.4351593758092551778 ) ) ;
#3131 = VERTEX_POINT ( 'NONE', #2854 ) ;
#3132 = CARTESIAN_POINT ( 'NONE',  ( 1.834392694906633370, 0.04000000000000000083, -0.5955233265409024535 ) ) ;
#3133 = CARTESIAN_POINT ( 'NONE',  ( 1.287558593749999813, 0.04000000000000000083, -0.5518749999999997824 ) ) ;
#3134 = ADVANCED_FACE ( 'NONE', ( #5072 ), #65, .T. ) ;
#3135 = EDGE_CURVE ( 'NONE', #183, #3419, #719, .T. ) ;
#3136 = EDGE_LOOP ( 'NONE', ( #2130, #6283, #6751, #2327 ) ) ;
#3137 = EDGE_LOOP ( 'NONE', ( #1637, #2097, #335, #3062 ) ) ;
#3138 = CARTESIAN_POINT ( 'NONE',  ( 1.472373046874999813, 0.04000000000000000083, -0.5752148437499997602 ) ) ;
#3139 = CARTESIAN_POINT ( 'NONE',  ( 0.5775241918331265323, 0.000000000000000000, -0.5911377198029297286 ) ) ;
#3140 = DIRECTION ( 'NONE',  ( 0.000000000000000000, -0.000000000000000000, 1.000000000000000000 ) ) ;
#3141 = CARTESIAN_POINT ( 'NONE',  ( 0.9150000000000003686, 0.2350000000000000144, -1.180000000000000160 ) ) ;
#3142 = CARTESIAN_POINT ( 'NONE',  ( 1.671502192982278867, 0.000000000000000000, -0.5552573136534085796 ) ) ;
#3143 = CARTESIAN_POINT ( 'NONE',  ( 1.986414966741246513, 0.04000000000000000083, -0.4887240528988435750 ) ) ;
#3144 = ORIENTED_EDGE ( 'NONE', *, *, #6357, .T. ) ;
#3145 = CARTESIAN_POINT ( 'NONE',  ( 1.957905484821018005, 0.000000000000000000, -0.4596564427443452505 ) ) ;
#3146 = CARTESIAN_POINT ( 'NONE',  ( 0.8091341922323525004, 0.000000000000000000, -0.5658634479770278114 ) ) ;
#3147 = CARTESIAN_POINT ( 'NONE',  ( 1.654892578124999680, 0.000000000000000000, -0.5518749999999997824 ) ) ;
#3148 = B_SPLINE_SURFACE_WITH_KNOTS ( 'NONE', 3, 1, ( 
 ( #711, #5849 ),
 ( #2401, #1849 ),
 ( #1888, #3779 ),
 ( #2720, #367 ),
 ( #2574, #5990 ),
 ( #4942, #6604 ),
 ( #442, #6568 ),
 ( #3235, #3678 ),
 ( #7159, #3197 ),
 ( #998, #2173 ),
 ( #2611, #2647 ) ),
 .UNSPECIFIED., .F., .F., .F.,
 ( 4, 1, 1, 1, 1, 1, 1, 1, 4 ),
 ( 2, 2 ),
 ( 0.000000000000000000, 0.1052319956247327742, 0.2099207363944509408, 0.3151316187611962749, 0.4282585792776819611, 0.5499567684531201373, 0.6813119106234840627, 0.8304852996578296898, 1.000000000000000000 ),
 ( 0.000000000000000000, 1.000000000000000000 ),
 .UNSPECIFIED. ) ;
#3149 = FACE_OUTER_BOUND ( 'NONE', #6391, .T. ) ;
#3150 = CARTESIAN_POINT ( 'NONE',  ( 2.148767170032877427, 0.04000000000000000083, -0.3635512681493203169 ) ) ;
#3151 = CARTESIAN_POINT ( 'NONE',  ( 1.496105986326241366, 0.04000000000000000083, -0.5985482803997088652 ) ) ;
#3152 = CARTESIAN_POINT ( 'NONE',  ( 1.898398437500000036, 0.04000000000000000083, -0.3518749999999996603 ) ) ;
#3153 = CARTESIAN_POINT ( 'NONE',  ( 2.020499823974248876, 0.04000000000000000083, -0.4047251905297042929 ) ) ;
#3154 = EDGE_CURVE ( 'NONE', #1075, #6806, #2519, .T. ) ;
#3155 = CARTESIAN_POINT ( 'NONE',  ( 0.6738278708020277730, 0.04000000000000000083, -0.3519695349321501632 ) ) ;
#3156 = LINE ( 'NONE', #1917, #6782 ) ;
#3157 = ORIENTED_EDGE ( 'NONE', *, *, #336, .T. ) ;
#3158 = VERTEX_POINT ( 'NONE', #3645 ) ;
#3159 = CARTESIAN_POINT ( 'NONE',  ( 1.788490774745094658, 0.04000000000000000083, -0.5949189038679593144 ) ) ;
#3160 = CARTESIAN_POINT ( 'NONE',  ( 1.206495198036625194, 0.000000000000000000, -0.3554148888787587723 ) ) ;
#3161 = CARTESIAN_POINT ( 'NONE',  ( 0.8603613281249998801, 0.04000000000000000083, -0.3832226562499999045 ) ) ;
#3162 = ORIENTED_EDGE ( 'NONE', *, *, #3979, .F. ) ;
#3163 = ADVANCED_FACE ( 'NONE', ( #6952, #5789 ), #1967, .F. ) ;
#3164 = CARTESIAN_POINT ( 'NONE',  ( 1.854008865363889313, 0.000000000000000000, -0.5624299620574714220 ) ) ;
#3165 = ORIENTED_EDGE ( 'NONE', *, *, #6996, .F. ) ;
#3166 = ORIENTED_EDGE ( 'NONE', *, *, #913, .F. ) ;
#3167 = VERTEX_POINT ( 'NONE', #1308 ) ;
#3168 = LINE ( 'NONE', #5959, #861 ) ;
#3169 = CARTESIAN_POINT ( 'NONE',  ( 1.576707554932737843, 0.04000000000000000083, -0.3519674232326783225 ) ) ;
#3170 = B_SPLINE_CURVE_WITH_KNOTS ( 'NONE', 3,
 ( #415, #6066, #4807, #7021, #6033, #453, #2143, #3792, #5489, #2657, #4372 ),
 .UNSPECIFIED., .F., .F.,
 ( 4, 1, 1, 1, 1, 1, 1, 1, 4 ),
 ( 0.000000000000000000, 0.1697667370961977729, 0.3176794559860904310, 0.4500242076991633478, 0.5714859992495906482, 0.6843530262709511813, 0.7909884223004094439, 0.8939093302669887109, 1.000000000000000000 ),
 .UNSPECIFIED. ) ;
#3171 = CARTESIAN_POINT ( 'NONE',  ( 0.7702603667664941200, 0.04000000000000000083, -0.5915964491401602965 ) ) ;
#3172 = DIRECTION ( 'NONE',  ( -0.4951032688626735845, 0.000000000000000000, -0.8688341344361968366 ) ) ;
#3173 = ADVANCED_FACE ( 'NONE', ( #4227 ), #4193, .F. ) ;
#3174 = CARTESIAN_POINT ( 'NONE',  ( 1.989414062500000080, 0.04000000000000000083, -0.3638378906249996048 ) ) ;
#3175 = CARTESIAN_POINT ( 'NONE',  ( 2.028791701143876747, 0.000000000000000000, -0.5065503284010921536 ) ) ;
#3176 = CARTESIAN_POINT ( 'NONE',  ( 1.174375000000000169, 0.04000000000000000083, -0.5549999999999997158 ) ) ;
#3177 = VERTEX_POINT ( 'NONE', #3066 ) ;
#3178 = DIRECTION ( 'NONE',  ( -0.000000000000000000, -1.000000000000000000, -0.000000000000000000 ) ) ;
#3179 = CARTESIAN_POINT ( 'NONE',  ( 0.7743261718749997469, 0.04000000000000000083, -0.5786328124999998712 ) ) ;
#3180 = CARTESIAN_POINT ( 'NONE',  ( 0.8904394531249999467, 0.04000000000000000083, -0.5987499999999998934 ) ) ;
#3181 = CARTESIAN_POINT ( 'NONE',  ( 0.9964104657054362324, 0.04000000000000000083, -0.5887915892374179228 ) ) ;
#3182 = CARTESIAN_POINT ( 'NONE',  ( 2.027172448892293311, 0.04000000000000000083, -0.5499292866216880515 ) ) ;
#3183 = FACE_OUTER_BOUND ( 'NONE', #5867, .T. ) ;
#3184 = CARTESIAN_POINT ( 'NONE',  ( 1.227696700051641443, 0.04000000000000000083, -0.3700733942059166171 ) ) ;
#3185 = VECTOR ( 'NONE', #1763, 39.37007874015748143 ) ;
#3186 = CARTESIAN_POINT ( 'NONE',  ( 0.6815702274019851403, 0.000000000000000000, -0.3521196518815560283 ) ) ;
#3187 = LINE ( 'NONE', #1533, #2383 ) ;
#3188 = VECTOR ( 'NONE', #6666, 39.37007874015748143 ) ;
#3189 = CARTESIAN_POINT ( 'NONE',  ( 0.9330481830605622529, 0.04000000000000000083, -0.4549684884317178879 ) ) ;
#3190 = CARTESIAN_POINT ( 'NONE',  ( 0.8859203849865576741, 0.000000000000000000, -0.5542295489844871748 ) ) ;
#3191 = CARTESIAN_POINT ( 'NONE',  ( 1.368884206131682602, 0.000000000000000000, -0.3521032973289328627 ) ) ;
#3192 = VECTOR ( 'NONE', #26, 39.37007874015748143 ) ;
#3193 = ORIENTED_EDGE ( 'NONE', *, *, #2457, .F. ) ;
#3194 = ADVANCED_FACE ( 'NONE', ( #4162 ), #6986, .T. ) ;
#3195 = ORIENTED_EDGE ( 'NONE', *, *, #1059, .F. ) ;
#3196 = DIRECTION ( 'NONE',  ( -0.000000000000000000, -1.000000000000000000, -0.000000000000000000 ) ) ;
#3197 = CARTESIAN_POINT ( 'NONE',  ( 1.074485286649408122, 0.000000000000000000, -0.4614916039958376626 ) ) ;
#3198 = LINE ( 'NONE', #443, #5979 ) ;
#3199 = VERTEX_POINT ( 'NONE', #3540 ) ;
#3200 = FACE_OUTER_BOUND ( 'NONE', #6062, .T. ) ;
#3201 = VECTOR ( 'NONE', #3613, 39.37007874015748854 ) ;
#3202 = CARTESIAN_POINT ( 'NONE',  ( 0.8519367403287968488, 0.04000000000000000083, -0.4602416368937582436 ) ) ;
#3203 = VERTEX_POINT ( 'NONE', #6325 ) ;
#3204 = ORIENTED_EDGE ( 'NONE', *, *, #7216, .F. ) ;
#3205 = EDGE_CURVE ( 'NONE', #1635, #2753, #431, .T. ) ;
#3206 = CARTESIAN_POINT ( 'NONE',  ( 2.154539157330888077, 0.04000000000000000083, -0.5775475940967933486 ) ) ;
#3207 = B_SPLINE_SURFACE_WITH_KNOTS ( 'NONE', 3, 1, ( 
 ( #6709, #3376 ),
 ( #6049, #3957 ),
 ( #2788, #512 ),
 ( #1687, #2752 ),
 ( #7218, #5617 ),
 ( #1723, #4425 ),
 ( #2234, #6669 ),
 ( #6634, #586 ),
 ( #3879, #4459 ),
 ( #6595, #6159 ),
 ( #2828, #4389 ) ),
 .UNSPECIFIED., .F., .F., .F.,
 ( 4, 1, 1, 1, 1, 1, 1, 1, 4 ),
 ( 2, 2 ),
 ( 0.000000000000000000, 0.1664600504054411234, 0.3144267460342043408, 0.4458585432398174953, 0.5685842690289186763, 0.6827914878478555938, 0.7906454146859848153, 0.8942405235451477141, 1.000000000000000000 ),
 ( 0.000000000000000000, 1.000000000000000000 ),
 .UNSPECIFIED. ) ;
#3208 = CARTESIAN_POINT ( 'NONE',  ( 1.337869505357658584, 0.000000000000000000, -0.3650451582485014779 ) ) ;
#3209 = VECTOR ( 'NONE', #2322, 39.37007874015748143 ) ;
#3210 = CARTESIAN_POINT ( 'NONE',  ( 0.8489899778967262556, 0.04000000000000000083, -0.3652418751803820918 ) ) ;
#3211 = CARTESIAN_POINT ( 'NONE',  ( 0.7024999999999997913, 0.000000000000000000, -0.3841015624999998823 ) ) ;
#3212 = CARTESIAN_POINT ( 'NONE',  ( 2.032729895172760148, 0.000000000000000000, -0.4594612905753138188 ) ) ;
#3213 = CARTESIAN_POINT ( 'NONE',  ( 1.268786253098861616, 0.04000000000000000083, -0.5555375894150001992 ) ) ;
#3214 = AXIS2_PLACEMENT_3D ( 'NONE', #2344, #2312, #6263 ) ;
#3215 = CARTESIAN_POINT ( 'NONE',  ( 1.801733752442519654, 0.000000000000000000, -0.6008235063121643016 ) ) ;
#3216 = ORIENTED_EDGE ( 'NONE', *, *, #4641, .T. ) ;
#3217 = EDGE_CURVE ( 'NONE', #5152, #864, #236, .T. ) ;
#3218 = CARTESIAN_POINT ( 'NONE',  ( 1.912666411917778309, 0.04000000000000000083, -0.3559797902116901835 ) ) ;
#3219 = VERTEX_POINT ( 'NONE', #275 ) ;
#3220 = CARTESIAN_POINT ( 'NONE',  ( 0.7742049891809907880, 0.04000000000000000083, -0.5755946444059838463 ) ) ;
#3221 = CARTESIAN_POINT ( 'NONE',  ( 0.6867657838989483787, 0.04000000000000000083, -0.3536794301083531211 ) ) ;
#3222 = DIRECTION ( 'NONE',  ( -0.000000000000000000, -0.7071067811865511255, 0.7071067811865440200 ) ) ;
#3223 = FACE_OUTER_BOUND ( 'NONE', #6278, .T. ) ;
#3224 = FACE_BOUND ( 'NONE', #1504, .T. ) ;
#3225 = B_SPLINE_CURVE_WITH_KNOTS ( 'NONE', 3,
 ( #1532, #3734, #4787, #4246, #4825, #2673, #947, #2088, #6450, #914, #3152 ),
 .UNSPECIFIED., .F., .F.,
 ( 4, 1, 1, 1, 1, 1, 1, 1, 4 ),
 ( 0.000000000000000000, 0.1695619813170891610, 0.3165277154210389687, 0.4426964638035288391, 0.5475101357260250268, 0.6433694748451588286, 0.7460273532091620252, 0.8631196510159431234, 1.000000000000000000 ),
 .UNSPECIFIED. ) ;
#3226 = PLANE ( 'NONE',  #519 ) ;
#3227 = CARTESIAN_POINT ( 'NONE',  ( 0.6815702274019851403, 0.04000000000000000083, -0.3521196518815560283 ) ) ;
#3228 = DIRECTION ( 'NONE',  ( -0.000000000000000000, -1.000000000000000000, -0.000000000000000000 ) ) ;
#3229 = CARTESIAN_POINT ( 'NONE',  ( 0.8810613643722925437, 0.04000000000000000083, -0.4172523011105747637 ) ) ;
#3230 = LINE ( 'NONE', #2642, #1671 ) ;
#3231 = CARTESIAN_POINT ( 'NONE',  ( 1.388371355229868653, 0.000000000000000000, -0.3702560611866932971 ) ) ;
#3232 = EDGE_LOOP ( 'NONE', ( #1272, #5806, #928, #2351 ) ) ;
#3233 = VERTEX_POINT ( 'NONE', #2442 ) ;
#3234 = CARTESIAN_POINT ( 'NONE',  ( 1.363291015624999769, 0.04000000000000000083, -0.3518749999999997713 ) ) ;
#3235 = CARTESIAN_POINT ( 'NONE',  ( 1.068541847062682404, 0.04000000000000000083, -0.4626515843591927912 ) ) ;
#3236 = DIRECTION ( 'NONE',  ( -0.000000000000000000, -1.000000000000000000, -0.000000000000000000 ) ) ;
#3237 = VERTEX_POINT ( 'NONE', #3031 ) ;
#3238 = CARTESIAN_POINT ( 'NONE',  ( 1.441390423178507962, 0.000000000000000000, -0.5519363073328391600 ) ) ;
#3239 = CARTESIAN_POINT ( 'NONE',  ( 1.924375000000000169, 0.04000000000000000083, -0.3765332031249996048 ) ) ;
#3240 = ORIENTED_EDGE ( 'NONE', *, *, #5652, .T. ) ;
#3241 = ORIENTED_EDGE ( 'NONE', *, *, #2756, .F. ) ;
#3242 = CARTESIAN_POINT ( 'NONE',  ( 2.124538142416017905, -0.000000000000000000, -0.3550359142965932024 ) ) ;
#3243 = CARTESIAN_POINT ( 'NONE',  ( 1.337869505357658584, 0.04000000000000000083, -0.3650451582485014779 ) ) ;
#3244 = CARTESIAN_POINT ( 'NONE',  ( 0.8518261953447646695, 0.04000000000000000083, -0.3697119835800934950 ) ) ;
#3245 = DIRECTION ( 'NONE',  ( 0.9489386288520962331, 0.000000000000000000, -0.3154607403026623014 ) ) ;
#3246 = CARTESIAN_POINT ( 'NONE',  ( 2.415000000000000036, 0.2350000000000000144, 0.000000000000000000 ) ) ;
#3247 = ADVANCED_FACE ( 'NONE', ( #6917 ), #3104, .T. ) ;
#3248 = CARTESIAN_POINT ( 'NONE',  ( 1.678489442998390313, 0.04000000000000000083, -0.5616756112620504560 ) ) ;
#3249 = CARTESIAN_POINT ( 'NONE',  ( 1.785097185306169898, 0.000000000000000000, -0.5921477942335223732 ) ) ;
#3250 = ORIENTED_EDGE ( 'NONE', *, *, #1467, .T. ) ;
#3251 = CARTESIAN_POINT ( 'NONE',  ( 1.912666411917778309, 0.000000000000000000, -0.3559797902116901835 ) ) ;
#3252 = ORIENTED_EDGE ( 'NONE', *, *, #1410, .F. ) ;
#3253 = CARTESIAN_POINT ( 'NONE',  ( 1.696250000000000258, 0.04000000000000000083, -0.3768749999999996270 ) ) ;
#3254 = CARTESIAN_POINT ( 'NONE',  ( 0.7429746180520723220, 0.000000000000000000, -0.6016622449294780628 ) ) ;
#3255 = CARTESIAN_POINT ( 'NONE',  ( 0.7743261718749997469, 0.000000000000000000, -0.5786328124999998712 ) ) ;
#3256 = CARTESIAN_POINT ( 'NONE',  ( 1.484220876722022187, 0.000000000000000000, -0.5950721946915216165 ) ) ;
#3257 = EDGE_CURVE ( 'NONE', #5478, #1394, #6435, .T. ) ;
#3258 = FACE_OUTER_BOUND ( 'NONE', #4065, .T. ) ;
#3259 = LINE ( 'NONE', #6013, #145 ) ;
#3260 = CARTESIAN_POINT ( 'NONE',  ( 1.002499999999999947, 0.04000000000000000083, -0.3841992187499999045 ) ) ;
#3261 = CARTESIAN_POINT ( 'NONE',  ( 0.7024303476823133829, 0.000000000000000000, -0.3815880346186683592 ) ) ;
#3262 = CARTESIAN_POINT ( 'NONE',  ( 2.016125547921755690, 0.000000000000000000, -0.5224537783426569382 ) ) ;
#3263 = CARTESIAN_POINT ( 'NONE',  ( 2.023994743052068834, 0.04000000000000000083, -0.4031026647394343465 ) ) ;
#3264 = EDGE_CURVE ( 'NONE', #2550, #3081, #5823, .T. ) ;
#3265 = CARTESIAN_POINT ( 'NONE',  ( 0.9100680155439685448, 0.000000000000000000, -0.4500557876812212865 ) ) ;
#3266 = FACE_OUTER_BOUND ( 'NONE', #1229, .T. ) ;
#3267 = ORIENTED_EDGE ( 'NONE', *, *, #4243, .F. ) ;
#3268 = VERTEX_POINT ( 'NONE', #1857 ) ;
#3269 = CARTESIAN_POINT ( 'NONE',  ( 1.810894366741543360, 0.04000000000000000083, -0.6018247970268135738 ) ) ;
#3270 = CARTESIAN_POINT ( 'NONE',  ( 1.209945750060014813, 0.04000000000000000083, -0.3560773972325323999 ) ) ;
#3271 = FACE_OUTER_BOUND ( 'NONE', #5958, .T. ) ;
#3272 = ORIENTED_EDGE ( 'NONE', *, *, #5792, .F. ) ;
#3273 = CARTESIAN_POINT ( 'NONE',  ( 1.072421875000000080, 0.04000000000000000083, -0.5987499999999996714 ) ) ;
#3274 = CARTESIAN_POINT ( 'NONE',  ( 1.256841250253841080, 0.04000000000000000083, -0.5736734020095922704 ) ) ;
#3275 = ORIENTED_EDGE ( 'NONE', *, *, #2363, .T. ) ;
#3276 = VERTEX_POINT ( 'NONE', #2691 ) ;
#3277 = CARTESIAN_POINT ( 'NONE',  ( 0.9980748944111500487, 0.000000000000000000, -0.5864147276306720391 ) ) ;
#3278 = DIRECTION ( 'NONE',  ( -0.000000000000000000, -1.000000000000000000, -0.000000000000000000 ) ) ;
#3279 = DIRECTION ( 'NONE',  ( 1.000000000000000000, 0.000000000000000000, -0.000000000000000000 ) ) ;
#3280 = CARTESIAN_POINT ( 'NONE',  ( 0.7599707031249997025, 0.000000000000000000, -0.5464062499999999822 ) ) ;
#3281 = CARTESIAN_POINT ( 'NONE',  ( 1.451035150066392498, 0.04000000000000000083, -0.5532751565046322151 ) ) ;
#3282 = CARTESIAN_POINT ( 'NONE',  ( 2.021672736891621636, 0.04000000000000000083, -0.5123038433817277415 ) ) ;
#3283 = CARTESIAN_POINT ( 'NONE',  ( 1.768004630529027565, 0.000000000000000000, -0.5617532807095064751 ) ) ;
#3284 = ORIENTED_EDGE ( 'NONE', *, *, #3746, .F. ) ;
#3285 = CARTESIAN_POINT ( 'NONE',  ( 1.924375000000000169, 0.04000000000000000083, -0.3765332031249996048 ) ) ;
#3286 = CARTESIAN_POINT ( 'NONE',  ( 1.462764273624399536, 0.04000000000000000083, -0.5891419486050499810 ) ) ;
#3287 = CARTESIAN_POINT ( 'NONE',  ( 0.9150000000000003686, 0.2350000000000000144, 0.000000000000000000 ) ) ;
#3288 = EDGE_CURVE ( 'NONE', #2950, #2035, #488, .T. ) ;
#3289 = CARTESIAN_POINT ( 'NONE',  ( 0.6779177560663457447, 0.04000000000000000083, -0.3519582115025515212 ) ) ;
#3290 = CARTESIAN_POINT ( 'NONE',  ( 0.7507341161314858846, 0.04000000000000000083, -0.6017913054872234824 ) ) ;
#3291 = ORIENTED_EDGE ( 'NONE', *, *, #2288, .F. ) ;
#3292 = CARTESIAN_POINT ( 'NONE',  ( 2.153993887924431139, 0.04000000000000000083, -0.3732876937333665657 ) ) ;
#3293 = CARTESIAN_POINT ( 'NONE',  ( 0.8200218108931305316, 0.04000000000000000083, -0.3519616610747145491 ) ) ;
#3294 = EDGE_CURVE ( 'NONE', #2913, #5221, #5895, .T. ) ;
#3295 = B_SPLINE_CURVE_WITH_KNOTS ( 'NONE', 3,
 ( #6451, #3229, #2057, #3847, #886, #4896, #7003, #400, #4860, #2090, #6518, #7113, #2641, #3189, #2604 ),
 .UNSPECIFIED., .F., .F.,
 ( 4, 1, 1, 1, 1, 1, 1, 1, 1, 1, 1, 1, 4 ),
 ( 0.000000000000000000, 0.1305022468437830319, 0.2461881223844980537, 0.3472411436464852286, 0.4348805732667463952, 0.5123863974677682620, 0.5836727118363442823, 0.6494861056380286657, 0.7107735052190127245, 0.7731265383694301274, 0.8418090673925526790, 0.9170873637246866883, 1.000000000000000000 ),
 .UNSPECIFIED. ) ;
#3296 = ORIENTED_EDGE ( 'NONE', *, *, #192, .T. ) ;
#3297 = CARTESIAN_POINT ( 'NONE',  ( 1.855625000000000302, 0.04000000000000000083, -0.4112499999999996159 ) ) ;
#3298 = CARTESIAN_POINT ( 'NONE',  ( 1.002088250510339895, 0.04000000000000000083, -0.5740011074891430143 ) ) ;
#3299 = CARTESIAN_POINT ( 'NONE',  ( 1.995510565756418719, 0.04000000000000000083, -0.5906980407102901953 ) ) ;
#3300 = CARTESIAN_POINT ( 'NONE',  ( 0.9045182566459573081, 0.04000000000000000083, -0.5549892751282352599 ) ) ;
#3301 = CARTESIAN_POINT ( 'NONE',  ( 0.9065039062499998801, 0.04000000000000000083, -0.5549999999999999378 ) ) ;
#3302 = VECTOR ( 'NONE', #6041, 39.37007874015748143 ) ;
#3303 = CARTESIAN_POINT ( 'NONE',  ( 0.8269471904207696955, 0.000000000000000000, -0.5845974335617092343 ) ) ;
#3304 = VERTEX_POINT ( 'NONE', #4910 ) ;
#3305 = EDGE_CURVE ( 'NONE', #3476, #3233, #5062, .T. ) ;
#3306 = VERTEX_POINT ( 'NONE', #1481 ) ;
#3307 = CARTESIAN_POINT ( 'NONE',  ( 1.985391077418826145, 0.04000000000000000083, -0.5845534892954187267 ) ) ;
#3308 = AXIS2_PLACEMENT_3D ( 'NONE', #5434, #429, #2670 ) ;
#3309 = CARTESIAN_POINT ( 'NONE',  ( 0.8903237402554670110, 0.000000000000000000, -0.5545238095568543191 ) ) ;
#3310 = CARTESIAN_POINT ( 'NONE',  ( 0.9330481830605622529, 0.04000000000000000083, -0.4549684884317178879 ) ) ;
#3311 = CARTESIAN_POINT ( 'NONE',  ( 1.459800524509937691, 0.000000000000000000, -0.5581541451412856958 ) ) ;
#3312 = VECTOR ( 'NONE', #5580, 39.37007874015748143 ) ;
#3313 = LINE ( 'NONE', #5522, #3663 ) ;
#3314 = ORIENTED_EDGE ( 'NONE', *, *, #5690, .F. ) ;
#3315 = VERTEX_POINT ( 'NONE', #2072 ) ;
#3316 = CARTESIAN_POINT ( 'NONE',  ( 0.7150130397433587248, 0.000000000000000000, -0.5749507299450165032 ) ) ;
#3317 = FACE_OUTER_BOUND ( 'NONE', #5885, .T. ) ;
#3318 = CARTESIAN_POINT ( 'NONE',  ( 0.7741154410003188158, 0.04000000000000000083, -0.5832168318869566104 ) ) ;
#3319 = VECTOR ( 'NONE', #2669, 39.37007874015748143 ) ;
#3320 = AXIS2_PLACEMENT_3D ( 'NONE', #2411, #1452, #3616 ) ;
#3321 = CARTESIAN_POINT ( 'NONE',  ( 1.002499999999999947, 0.04000000000000000083, -0.5662304687499998268 ) ) ;
#3322 = PLANE ( 'NONE',  #3450 ) ;
#3323 = CARTESIAN_POINT ( 'NONE',  ( 1.551097732509532090, 0.04000000000000000083, -0.3706935277141287233 ) ) ;
#3324 = CARTESIAN_POINT ( 'NONE',  ( 0.8578710937499999245, 0.000000000000000000, -0.4626660156249999267 ) ) ;
#3325 = CARTESIAN_POINT ( 'NONE',  ( 1.675179354473872229, 0.04000000000000000083, -0.5926285563699443815 ) ) ;
#3326 = VECTOR ( 'NONE', #4039, 39.37007874015748143 ) ;
#3327 = ORIENTED_EDGE ( 'NONE', *, *, #6421, .F. ) ;
#3328 = FACE_OUTER_BOUND ( 'NONE', #1307, .T. ) ;
#3329 = LINE ( 'NONE', #4488, #3302 ) ;
#3330 = CARTESIAN_POINT ( 'NONE',  ( 1.200485266178740629, 0.04000000000000000083, -0.5987276526255426168 ) ) ;
#3331 = CARTESIAN_POINT ( 'NONE',  ( 0.7507341161314858846, -0.000000000000000000, -0.6017913054872234824 ) ) ;
#3332 = B_SPLINE_SURFACE_WITH_KNOTS ( 'NONE', 3, 1, ( 
 ( #1253, #734 ),
 ( #1762, #5009 ),
 ( #3998, #2933 ),
 ( #7222, #5150 ),
 ( #2238, #1179 ),
 ( #43, #2349 ),
 ( #590, #2388 ) ),
 .UNSPECIFIED., .F., .F., .F.,
 ( 4, 1, 1, 1, 4 ),
 ( 2, 2 ),
 ( 0.000000000000000000, 0.2544485876746017672, 0.5019394265724202997, 0.7469082226920452650, 1.000000000000000000 ),
 ( 0.000000000000000000, 1.000000000000000000 ),
 .UNSPECIFIED. ) ;
#3333 = CARTESIAN_POINT ( 'NONE',  ( 2.065390625000000036, 0.04000000000000000083, -0.5549999999999996048 ) ) ;
#3334 = AXIS2_PLACEMENT_3D ( 'NONE', #1939, #5793, #799 ) ;
#3335 = CARTESIAN_POINT ( 'NONE',  ( 0.5733007812499998357, 0.04000000000000000083, -0.5793164062499999156 ) ) ;
#3336 = CARTESIAN_POINT ( 'NONE',  ( 1.218684230502836252, 0.04000000000000000083, -0.3593604115310506941 ) ) ;
#3337 = EDGE_CURVE ( 'NONE', #3158, #1772, #5398, .T. ) ;
#3338 = CARTESIAN_POINT ( 'NONE',  ( 1.081015625000000036, 0.04000000000000000083, -0.4612499999999997713 ) ) ;
#3339 = CARTESIAN_POINT ( 'NONE',  ( 0.8233062920689425690, 0.000000000000000000, -0.4772911540116689388 ) ) ;
#3340 = CARTESIAN_POINT ( 'NONE',  ( 1.054607757160013204, 0.04000000000000000083, -0.5583912136213131649 ) ) ;
#3341 = DIRECTION ( 'NONE',  ( 0.000000000000000000, 0.000000000000000000, -1.000000000000000000 ) ) ;
#3342 = CARTESIAN_POINT ( 'NONE',  ( 2.005625000000000213, 0.04000000000000000083, -0.4304882812499996048 ) ) ;
#3343 = CARTESIAN_POINT ( 'NONE',  ( 2.007201758097337585, 0.04000000000000000083, -0.4197279087018289112 ) ) ;
#3344 = CARTESIAN_POINT ( 'NONE',  ( 0.8216756095633861445, 0.000000000000000000, -0.5805406895911777720 ) ) ;
#3345 = EDGE_CURVE ( 'NONE', #448, #2708, #3168, .T. ) ;
#3346 = ORIENTED_EDGE ( 'NONE', *, *, #1829, .F. ) ;
#3347 = ORIENTED_EDGE ( 'NONE', *, *, #7108, .F. ) ;
#3348 = CARTESIAN_POINT ( 'NONE',  ( 1.970285399642933477, 0.04000000000000000083, -0.5692376456001100316 ) ) ;
#3349 = CARTESIAN_POINT ( 'NONE',  ( 2.007201758097337585, 0.000000000000000000, -0.4197279087018289112 ) ) ;
#3350 = CARTESIAN_POINT ( 'NONE',  ( 0.9918453977449155357, 0.04000000000000000083, -0.3564260582689733337 ) ) ;
#3351 = CARTESIAN_POINT ( 'NONE',  ( 1.389999999999999680, 0.04000000000000000083, -0.3840527343749997602 ) ) ;
#3352 = EDGE_CURVE ( 'NONE', #2033, #601, #4805, .T. ) ;
#3353 = CARTESIAN_POINT ( 'NONE',  ( 0.8850891397059610366, 0.04000000000000000083, -0.4971555548031389993 ) ) ;
#3354 = B_SPLINE_CURVE_WITH_KNOTS ( 'NONE', 3,
 ( #583, #619, #5080, #2309, #2377, #1755, #3991, #6190, #1207, #3446, #5143 ),
 .UNSPECIFIED., .F., .F.,
 ( 4, 1, 1, 1, 1, 1, 1, 1, 4 ),
 ( 0.000000000000000000, 0.1664600504054411234, 0.3144267460342043408, 0.4458585432398174953, 0.5685842690289186763, 0.6827914878478555938, 0.7906454146859848153, 0.8942405235451477141, 1.000000000000000000 ),
 .UNSPECIFIED. ) ;
#3355 = ORIENTED_EDGE ( 'NONE', *, *, #6774, .F. ) ;
#3356 = VERTEX_POINT ( 'NONE', #4842 ) ;
#3357 = DIRECTION ( 'NONE',  ( -0.9323497937511673328, 0.000000000000000000, -0.3615575501799898062 ) ) ;
#3358 = CARTESIAN_POINT ( 'NONE',  ( 1.445230051491205536, 0.000000000000000000, -0.5985538056116296302 ) ) ;
#3359 = CARTESIAN_POINT ( 'NONE',  ( 1.257021123046561772, 0.000000000000000000, -0.5797950049923457083 ) ) ;
#3360 = DIRECTION ( 'NONE',  ( -0.000000000000000000, -1.000000000000000000, -0.000000000000000000 ) ) ;
#3361 = DIRECTION ( 'NONE',  ( -1.000000000000000000, 0.000000000000000000, 0.000000000000000000 ) ) ;
#3362 = CARTESIAN_POINT ( 'NONE',  ( 1.455877192982278912, 0.04000000000000000083, -0.5552573136534085796 ) ) ;
#3363 = ADVANCED_FACE ( 'NONE', ( #2179 ), #4713, .T. ) ;
#3364 = CARTESIAN_POINT ( 'NONE',  ( 1.704414737428684656, 0.04000000000000000083, -0.3599252507173374971 ) ) ;
#3365 = ADVANCED_FACE ( 'NONE', ( #5099 ), #4009, .T. ) ;
#3366 = DIRECTION ( 'NONE',  ( -0.000000000000000000, -1.000000000000000000, -0.000000000000000000 ) ) ;
#3367 = ORIENTED_EDGE ( 'NONE', *, *, #2575, .F. ) ;
#3368 = CARTESIAN_POINT ( 'NONE',  ( 1.682285156249999858, 0.000000000000000000, -0.5752148437499997602 ) ) ;
#3369 = DIRECTION ( 'NONE',  ( 0.5483253738498512497, 0.000000000000000000, 0.8362650802182408638 ) ) ;
#3370 = CARTESIAN_POINT ( 'NONE',  ( 1.964999999999999858, 0.2350000000000000144, -1.180000000000000160 ) ) ;
#3371 = DIRECTION ( 'NONE',  ( 0.000000000000000000, 0.000000000000000000, 1.000000000000000000 ) ) ;
#3372 = CARTESIAN_POINT ( 'NONE',  ( 1.476546996622273955, 0.000000000000000000, -0.5882203109763198823 ) ) ;
#3373 = CARTESIAN_POINT ( 'NONE',  ( 2.153768999443915089, 0.000000000000000000, -0.5808254009903582871 ) ) ;
#3374 = CARTESIAN_POINT ( 'NONE',  ( 1.731770905346303735, 0.000000000000000000, -0.3523353081848260016 ) ) ;
#3375 = CARTESIAN_POINT ( 'NONE',  ( 1.039658203125000124, 0.04000000000000000083, -0.3767285156249997602 ) ) ;
#3376 = CARTESIAN_POINT ( 'NONE',  ( 1.068710937500000124, 0.000000000000000000, -0.3987499999999997158 ) ) ;
#3377 = ORIENTED_EDGE ( 'NONE', *, *, #7189, .F. ) ;
#3378 = CARTESIAN_POINT ( 'NONE',  ( 1.065772183231178394, 0.04000000000000000083, -0.5551653707491407408 ) ) ;
#3379 = CARTESIAN_POINT ( 'NONE',  ( 2.001286800418572209, 0.04000000000000000083, -0.5930449820051355569 ) ) ;
#3380 = CARTESIAN_POINT ( 'NONE',  ( 1.474165019606416660, 0.04000000000000000083, -0.5841697710432448565 ) ) ;
#3381 = PLANE ( 'NONE',  #7133 ) ;
#3382 = CARTESIAN_POINT ( 'NONE',  ( 0.6322486846707069397, -0.000000000000000000, -0.5745289608852465202 ) ) ;
#3383 = ORIENTED_EDGE ( 'NONE', *, *, #1684, .F. ) ;
#3384 = ORIENTED_EDGE ( 'NONE', *, *, #2365, .F. ) ;
#3385 = CARTESIAN_POINT ( 'NONE',  ( 0.6737402343749998579, 0.04000000000000000083, -0.5018749999999998490 ) ) ;
#3386 = CARTESIAN_POINT ( 'NONE',  ( 1.472466250253841258, 0.04000000000000000083, -0.5736734020095923814 ) ) ;
#3387 = ADVANCED_FACE ( 'NONE', ( #3939 ), #6612, .T. ) ;
#3388 = FACE_OUTER_BOUND ( 'NONE', #6456, .T. ) ;
#3389 = CARTESIAN_POINT ( 'NONE',  ( 2.124538142416017905, 0.000000000000000000, -0.3550359142965932024 ) ) ;
#3390 = CARTESIAN_POINT ( 'NONE',  ( 0.7980527421577743308, 0.04000000000000000083, -0.3849350045922541041 ) ) ;
#3391 = ORIENTED_EDGE ( 'NONE', *, *, #3424, .T. ) ;
#3392 = ORIENTED_EDGE ( 'NONE', *, *, #517, .F. ) ;
#3393 = DIRECTION ( 'NONE',  ( -0.000000000000000000, 0.000000000000000000, -1.000000000000000000 ) ) ;
#3394 = CARTESIAN_POINT ( 'NONE',  ( 1.484411253098862904, 0.000000000000000000, -0.5555375894150006433 ) ) ;
#3395 = CARTESIAN_POINT ( 'NONE',  ( 1.063720114036624365, 0.000000000000000000, -0.5015975517369541947 ) ) ;
#3396 = EDGE_CURVE ( 'NONE', #4505, #3787, #5596, .T. ) ;
#3397 = DIRECTION ( 'NONE',  ( 1.000000000000000000, 0.000000000000000000, 0.000000000000000000 ) ) ;
#3398 = DIRECTION ( 'NONE',  ( 1.300879996982982978E-16, 0.000000000000000000, -1.000000000000000000 ) ) ;
#3399 = DIRECTION ( 'NONE',  ( 0.000000000000000000, 0.000000000000000000, 1.000000000000000000 ) ) ;
#3400 = CARTESIAN_POINT ( 'NONE',  ( 1.983888688217285479, 0.000000000000000000, -0.4811045083472630379 ) ) ;
#3401 = VERTEX_POINT ( 'NONE', #2294 ) ;
#3402 = LINE ( 'NONE', #4020, #6431 ) ;
#3403 = ORIENTED_EDGE ( 'NONE', *, *, #4573, .F. ) ;
#3404 = CARTESIAN_POINT ( 'NONE',  ( 1.698239290520354272, 0.04000000000000000083, -0.3875453421483738836 ) ) ;
#3405 = CARTESIAN_POINT ( 'NONE',  ( 2.027172448892293311, 0.000000000000000000, -0.5499292866216880515 ) ) ;
#3406 = ADVANCED_FACE ( 'NONE', ( #91 ), #5872, .T. ) ;
#3407 = CARTESIAN_POINT ( 'NONE',  ( 1.002499999999999947, 0.04000000000000000083, -0.3841992187499999045 ) ) ;
#3408 = CARTESIAN_POINT ( 'NONE',  ( 1.682285156249999858, 0.04000000000000000083, -0.5752148437499997602 ) ) ;
#3409 = CARTESIAN_POINT ( 'NONE',  ( 2.137648420393957860, 0.000000000000000000, -0.5968572929066623400 ) ) ;
#3410 = DIRECTION ( 'NONE',  ( -1.000000000000000000, 0.000000000000000000, 0.000000000000000000 ) ) ;
#3411 = FACE_OUTER_BOUND ( 'NONE', #7086, .T. ) ;
#3412 = CARTESIAN_POINT ( 'NONE',  ( 1.002499999999999947, 0.04000000000000000083, -0.5662304687499998268 ) ) ;
#3413 = CARTESIAN_POINT ( 'NONE',  ( 1.900084235759362583, 0.04000000000000000083, -0.3519726931322718633 ) ) ;
#3414 = CARTESIAN_POINT ( 'NONE',  ( 2.045664062500000213, 0.04000000000000000083, -0.5987499999999995604 ) ) ;
#3415 = CARTESIAN_POINT ( 'NONE',  ( 0.8952528546784480623, 0.04000000000000000083, -0.5548514548279475100 ) ) ;
#3416 = CARTESIAN_POINT ( 'NONE',  ( 1.598398271371878510, 0.000000000000000000, -0.3599752496326636408 ) ) ;
#3417 = CARTESIAN_POINT ( 'NONE',  ( 0.6236561630064697548, 0.000000000000000000, -0.5885014480388522928 ) ) ;
#3418 = VERTEX_POINT ( 'NONE', #5561 ) ;
#3419 = VERTEX_POINT ( 'NONE', #6279 ) ;
#3420 = CARTESIAN_POINT ( 'NONE',  ( 1.484411253098862904, 0.04000000000000000083, -0.5555375894150006433 ) ) ;
#3421 = CARTESIAN_POINT ( 'NONE',  ( 0.8091341922323525004, 0.04000000000000000083, -0.5658634479770278114 ) ) ;
#3422 = CARTESIAN_POINT ( 'NONE',  ( 0.2500000000000000000, 0.3049999999999991607, -0.1250000000000000000 ) ) ;
#3423 = CARTESIAN_POINT ( 'NONE',  ( 0.7954168042480520562, 0.04000000000000000083, -0.3768733075852668257 ) ) ;
#3424 = EDGE_CURVE ( 'NONE', #3203, #7098, #194, .T. ) ;
#3425 = ORIENTED_EDGE ( 'NONE', *, *, #4803, .F. ) ;
#3426 = VECTOR ( 'NONE', #555, 39.37007874015748143 ) ;
#3427 = ORIENTED_EDGE ( 'NONE', *, *, #1767, .T. ) ;
#3428 = CARTESIAN_POINT ( 'NONE',  ( 0.7490332031249997691, 0.000000000000000000, -0.6018749999999998268 ) ) ;
#3429 = CARTESIAN_POINT ( 'NONE',  ( 1.474148470578387604, 0.000000000000000000, -0.5662579296143110952 ) ) ;
#3430 = CARTESIAN_POINT ( 'NONE',  ( 1.256748046874999858, 0.000000000000000000, -0.5752148437499997602 ) ) ;
#3431 = CARTESIAN_POINT ( 'NONE',  ( 1.917246093750000213, 0.04000000000000000083, -0.4019238281249996603 ) ) ;
#3432 = LINE ( 'NONE', #1265, #3097 ) ;
#3433 = PLANE ( 'NONE',  #3071 ) ;
#3434 = VECTOR ( 'NONE', #181, 39.37007874015748143 ) ;
#3435 = CARTESIAN_POINT ( 'NONE',  ( 1.949419513349369248, -0.000000000000000000, -0.4281617853978655353 ) ) ;
#3436 = ADVANCED_FACE ( 'NONE', ( #3499 ), #5814, .T. ) ;
#3437 = ORIENTED_EDGE ( 'NONE', *, *, #7075, .T. ) ;
#3438 = VECTOR ( 'NONE', #6011, 39.37007874015748143 ) ;
#3439 = DIRECTION ( 'NONE',  ( -0.000000000000000000, -1.000000000000000000, -0.000000000000000000 ) ) ;
#3440 = ORIENTED_EDGE ( 'NONE', *, *, #3305, .T. ) ;
#3441 = CARTESIAN_POINT ( 'NONE',  ( 1.549617683923966149, 0.04000000000000000083, -0.3771084382536133983 ) ) ;
#3442 = VECTOR ( 'NONE', #3196, 39.37007874015748143 ) ;
#3443 = LINE ( 'NONE', #722, #3192 ) ;
#3444 = CARTESIAN_POINT ( 'NONE',  ( 1.605445111149788939, 0.04000000000000000083, -0.3768347480884960410 ) ) ;
#3445 = CARTESIAN_POINT ( 'NONE',  ( 1.682201444768099075, 0.04000000000000000083, -0.5735471527621130994 ) ) ;
#3446 = CARTESIAN_POINT ( 'NONE',  ( 1.039735310651218825, 0.04000000000000000083, -0.3781726084434772761 ) ) ;
#3447 = VECTOR ( 'NONE', #1804, 39.37007874015748143 ) ;
#3448 = PLANE ( 'NONE',  #1792 ) ;
#3449 = ADVANCED_FACE ( 'NONE', ( #4652 ), #856, .T. ) ;
#3450 = AXIS2_PLACEMENT_3D ( 'NONE', #1043, #5532, #534 ) ;
#3451 = DIRECTION ( 'NONE',  ( 1.000000000000000000, 0.000000000000000000, -0.000000000000000000 ) ) ;
#3452 = CARTESIAN_POINT ( 'NONE',  ( 1.002088250510339895, 0.000000000000000000, -0.5740011074891430143 ) ) ;
#3453 = CARTESIAN_POINT ( 'NONE',  ( 1.766930223893971252, 0.04000000000000000083, -0.5588599714658907258 ) ) ;
#3454 = CARTESIAN_POINT ( 'NONE',  ( 1.002499999999999947, 0.000000000000000000, -0.3841992187499999045 ) ) ;
#3455 = CARTESIAN_POINT ( 'NONE',  ( 1.603996355229868387, 0.000000000000000000, -0.3702560611866931861 ) ) ;
#3456 = FACE_OUTER_BOUND ( 'NONE', #2171, .T. ) ;
#3457 = EDGE_CURVE ( 'NONE', #2698, #4571, #2987, .T. ) ;
#3458 = ORIENTED_EDGE ( 'NONE', *, *, #1497, .F. ) ;
#3459 = EDGE_LOOP ( 'NONE', ( #1852, #1764, #2841 ) ) ;
#3460 = CARTESIAN_POINT ( 'NONE',  ( 1.256748046874999858, 0.000000000000000000, -0.5752148437499997602 ) ) ;
#3461 = CARTESIAN_POINT ( 'NONE',  ( 0.8017424425640248264, 0.04000000000000000083, -0.5484430121667385194 ) ) ;
#3462 = DIRECTION ( 'NONE',  ( 1.000000000000000000, 0.000000000000000000, 0.000000000000000000 ) ) ;
#3463 = CARTESIAN_POINT ( 'NONE',  ( 0.8462396176955674365, 0.000000000000000000, -0.4563549318082902873 ) ) ;
#3464 = VERTEX_POINT ( 'NONE', #5705 ) ;
#3465 = CARTESIAN_POINT ( 'NONE',  ( 0.7328505355897714235, 0.04000000000000000083, -0.5983371451367676119 ) ) ;
#3466 = FACE_OUTER_BOUND ( 'NONE', #6565, .T. ) ;
#3467 = CARTESIAN_POINT ( 'NONE',  ( 1.258540019606416482, 0.04000000000000000083, -0.5841697710432443014 ) ) ;
#3468 = CARTESIAN_POINT ( 'NONE',  ( 1.918891905008060617, 0.04000000000000000083, -0.3977743301999187020 ) ) ;
#3469 = CARTESIAN_POINT ( 'NONE',  ( 2.015787452395758628, 0.04000000000000000083, -0.5362838157118136051 ) ) ;
#3470 = CARTESIAN_POINT ( 'NONE',  ( 2.031817383667614774, 0.04000000000000000083, -0.3553999301121139043 ) ) ;
#3471 = VERTEX_POINT ( 'NONE', #6943 ) ;
#3472 = CARTESIAN_POINT ( 'NONE',  ( 1.950842217940071288, 0.000000000000000000, -0.4420132643240946568 ) ) ;
#3473 = ORIENTED_EDGE ( 'NONE', *, *, #4050, .T. ) ;
#3474 = CARTESIAN_POINT ( 'NONE',  ( 1.654892578124999680, 0.000000000000000000, -0.5987499999999996714 ) ) ;
#3475 = CARTESIAN_POINT ( 'NONE',  ( 0.8544779182415332963, 0.04000000000000000083, -0.3735785262336010493 ) ) ;
#3476 = VERTEX_POINT ( 'NONE', #1958 ) ;
#3477 = CARTESIAN_POINT ( 'NONE',  ( 2.034119379407502759, 0.000000000000000000, -0.5521202448139377328 ) ) ;
#3478 = CARTESIAN_POINT ( 'NONE',  ( 0.9817033282193950994, 0.04000000000000000083, -0.3521530522776147309 ) ) ;
#3479 = ADVANCED_FACE ( 'NONE', ( #5780 ), #3673, .T. ) ;
#3480 = DIRECTION ( 'NONE',  ( 1.000000000000000000, 0.000000000000000000, 0.000000000000000000 ) ) ;
#3481 = CARTESIAN_POINT ( 'NONE',  ( 0.2500000000000000000, 0.06250000000000000000, 0.1000000000000000056 ) ) ;
#3482 = CARTESIAN_POINT ( 'NONE',  ( 0.6007421874999998579, 0.000000000000000000, -0.6018749999999998268 ) ) ;
#3483 = LINE ( 'NONE', #3956, #3916 ) ;
#3484 = CARTESIAN_POINT ( 'NONE',  ( 0.8200218108931305316, 0.000000000000000000, -0.3519616610747145491 ) ) ;
#3485 = EDGE_CURVE ( 'NONE', #6544, #1266, #2509, .T. ) ;
#3486 = B_SPLINE_CURVE_WITH_KNOTS ( 'NONE', 3,
 ( #7185, #6127, #2201, #5509, #1141, #41, #7221, #3380, #3883, #589, #4501 ),
 .UNSPECIFIED., .F., .F.,
 ( 4, 1, 1, 1, 1, 1, 1, 1, 4 ),
 ( 0.000000000000000000, 0.1697667370961975786, 0.3176794559860900979, 0.4500242076991628482, 0.5714859992495899821, 0.6843530262709504042, 0.7909884223004116643, 0.8939093302669888219, 1.000000000000000000 ),
 .UNSPECIFIED. ) ;
#3487 = LINE ( 'NONE', #1139, #6548 ) ;
#3488 = CARTESIAN_POINT ( 'NONE',  ( 0.9957248583850670798, 0.000000000000000000, -0.3602255297463956007 ) ) ;
#3489 = FACE_OUTER_BOUND ( 'NONE', #6497, .T. ) ;
#3490 = CARTESIAN_POINT ( 'NONE',  ( 0.9065039062499998801, 0.04000000000000000083, -0.5549999999999999378 ) ) ;
#3491 = VERTEX_POINT ( 'NONE', #3570 ) ;
#3492 = CARTESIAN_POINT ( 'NONE',  ( 1.924284363024636901, -0.000000000000000000, -0.3749424317752865221 ) ) ;
#3493 = EDGE_CURVE ( 'NONE', #6838, #6424, #92, .T. ) ;
#3494 = CARTESIAN_POINT ( 'NONE',  ( 0.8269471904207696955, 0.04000000000000000083, -0.5845974335617092343 ) ) ;
#3495 = CARTESIAN_POINT ( 'NONE',  ( 1.589730761765620226, 0.04000000000000000083, -0.3537438756759778702 ) ) ;
#3496 = CARTESIAN_POINT ( 'NONE',  ( 1.725839843749999991, 0.04000000000000000083, -0.3518749999999996603 ) ) ;
#3497 = CARTESIAN_POINT ( 'NONE',  ( 0.8904394531249999467, 0.04000000000000000083, -0.5987499999999998934 ) ) ;
#3498 = VERTEX_POINT ( 'NONE', #3022 ) ;
#3499 = FACE_OUTER_BOUND ( 'NONE', #4485, .T. ) ;
#3500 = CARTESIAN_POINT ( 'NONE',  ( 1.260921996622274888, 0.04000000000000000083, -0.5882203109763203264 ) ) ;
#3501 = LINE ( 'NONE', #6109, #393 ) ;
#3502 = DIRECTION ( 'NONE',  ( 1.000000000000000000, 0.000000000000000000, 0.000000000000000000 ) ) ;
#3503 = ORIENTED_EDGE ( 'NONE', *, *, #6940, .T. ) ;
#3504 = PLANE ( 'NONE',  #2601 ) ;
#3505 = CARTESIAN_POINT ( 'NONE',  ( 1.968646128697536524, 0.04000000000000000083, -0.3780145474088106861 ) ) ;
#3506 = ORIENTED_EDGE ( 'NONE', *, *, #6883, .T. ) ;
#3507 = CARTESIAN_POINT ( 'NONE',  ( 1.962045412312306558, 0.04000000000000000083, -0.5193731830336497657 ) ) ;
#3508 = CARTESIAN_POINT ( 'NONE',  ( 1.212713178276606296, 0.000000000000000000, -0.5969747040623964995 ) ) ;
#3509 = PLANE ( 'NONE',  #3320 ) ;
#3510 = FACE_OUTER_BOUND ( 'NONE', #3538, .T. ) ;
#3511 = CARTESIAN_POINT ( 'NONE',  ( 2.019150390625000124, 0.04000000000000000083, -0.5161816406249996048 ) ) ;
#3512 = FACE_OUTER_BOUND ( 'NONE', #890, .T. ) ;
#3513 = ADVANCED_FACE ( 'NONE', ( #228 ), #2400, .T. ) ;
#3514 = CARTESIAN_POINT ( 'NONE',  ( 0.8567099224495503540, 0.000000000000000000, -0.5340985497155648076 ) ) ;
#3515 = DIRECTION ( 'NONE',  ( 0.000000000000000000, 0.000000000000000000, -1.000000000000000000 ) ) ;
#3516 = CARTESIAN_POINT ( 'NONE',  ( 0.7951757812499999911, 0.000000000000000000, -0.3738476562499999378 ) ) ;
#3517 = CARTESIAN_POINT ( 'NONE',  ( 1.988612997920552017, -0.000000000000000000, -0.5866198774645816627 ) ) ;
#3518 = CARTESIAN_POINT ( 'NONE',  ( 1.965286677259609815, 0.04000000000000000083, -0.5604076494325447300 ) ) ;
#3519 = ORIENTED_EDGE ( 'NONE', *, *, #6653, .T. ) ;
#3520 = CARTESIAN_POINT ( 'NONE',  ( 1.072421875000000080, 0.000000000000000000, -0.5987499999999996714 ) ) ;
#3521 = CARTESIAN_POINT ( 'NONE',  ( 0.8559511605375456078, -0.000000000000000000, -0.4618816597035869109 ) ) ;
#3522 = EDGE_CURVE ( 'NONE', #3049, #5901, #3741, .T. ) ;
#3523 = ORIENTED_EDGE ( 'NONE', *, *, #2255, .T. ) ;
#3524 = CARTESIAN_POINT ( 'NONE',  ( 1.462764273624399536, 0.04000000000000000083, -0.5891419486050499810 ) ) ;
#3525 = CARTESIAN_POINT ( 'NONE',  ( 1.062151284031599863, 0.000000000000000000, -0.3985956711228215710 ) ) ;
#3526 = CARTESIAN_POINT ( 'NONE',  ( 1.200485266178740629, -0.000000000000000000, -0.5987276526255426168 ) ) ;
#3527 = CARTESIAN_POINT ( 'NONE',  ( 0.8031137021850512925, 0.04000000000000000083, -0.5048465726402794340 ) ) ;
#3528 = CARTESIAN_POINT ( 'NONE',  ( 0.7178523465184273311, 0.04000000000000000083, -0.5795448060382732969 ) ) ;
#3529 = ADVANCED_FACE ( 'NONE', ( #2682 ), #4253, .F. ) ;
#3530 = VERTEX_POINT ( 'NONE', #5444 ) ;
#3531 = DIRECTION ( 'NONE',  ( -0.000000000000000000, -1.000000000000000000, -0.000000000000000000 ) ) ;
#3532 = CARTESIAN_POINT ( 'NONE',  ( 0.8389257812499998357, 0.04000000000000000083, -0.5912304687499998490 ) ) ;
#3533 = CARTESIAN_POINT ( 'NONE',  ( 1.065772183231178394, 0.04000000000000000083, -0.5551653707491407408 ) ) ;
#3534 = CARTESIAN_POINT ( 'NONE',  ( 2.024297578616763627, 0.000000000000000000, -0.4572643449136007399 ) ) ;
#3535 = CARTESIAN_POINT ( 'NONE',  ( 1.698239290520354272, 0.04000000000000000083, -0.3875453421483738836 ) ) ;
#3536 = VECTOR ( 'NONE', #4767, 39.37007874015748143 ) ;
#3537 = CARTESIAN_POINT ( 'NONE',  ( 1.965269277469989806, 0.04000000000000000083, -0.3815504561701469899 ) ) ;
#3538 = EDGE_LOOP ( 'NONE', ( #1239, #5664, #5747, #3888 ) ) ;
#3539 = VERTEX_POINT ( 'NONE', #6490 ) ;
#3540 = CARTESIAN_POINT ( 'NONE',  ( 1.964999999999999858, 0.2350000000000000144, -0.7299999999999999822 ) ) ;
#3541 = CARTESIAN_POINT ( 'NONE',  ( 0.8403877620193919151, 0.04000000000000000083, -0.3565565033191112065 ) ) ;
#3542 = CARTESIAN_POINT ( 'NONE',  ( 1.726882376542016706, 0.04000000000000000083, -0.3519061845898462382 ) ) ;
#3543 = VECTOR ( 'NONE', #2934, 39.37007874015748143 ) ;
#3544 = CARTESIAN_POINT ( 'NONE',  ( 1.002289071669929088, 0.04000000000000000083, -0.3771063410118129511 ) ) ;
#3545 = CARTESIAN_POINT ( 'NONE',  ( 1.680768299505553065, 0.04000000000000000083, -0.5657125978330272975 ) ) ;
#3546 = FACE_OUTER_BOUND ( 'NONE', #3137, .T. ) ;
#3547 = CARTESIAN_POINT ( 'NONE',  ( 1.991669293211916214, 0.04000000000000000083, -0.4862590044282318336 ) ) ;
#3548 = VECTOR ( 'NONE', #261, 39.37007874015748143 ) ;
#3549 = CARTESIAN_POINT ( 'NONE',  ( 1.970643310084932320, 0.000000000000000000, -0.4733927557216454085 ) ) ;
#3550 = CARTESIAN_POINT ( 'NONE',  ( 0.5810552723100961270, 0.000000000000000000, -0.5583013914590115867 ) ) ;
#3551 = CARTESIAN_POINT ( 'NONE',  ( 1.439267578124999725, 0.04000000000000000083, -0.5987499999999996714 ) ) ;
#3552 = FACE_OUTER_BOUND ( 'NONE', #1380, .T. ) ;
#3553 = CARTESIAN_POINT ( 'NONE',  ( 1.967575376824846289, 0.04000000000000000083, -0.5649064037351857470 ) ) ;
#3554 = VECTOR ( 'NONE', #2844, 39.37007874015748143 ) ;
#3555 = EDGE_LOOP ( 'NONE', ( #1581, #4000, #1199, #4138 ) ) ;
#3556 = EDGE_CURVE ( 'NONE', #5901, #2153, #1473, .T. ) ;
#3557 = CARTESIAN_POINT ( 'NONE',  ( 1.856487890401973706, -0.000000000000000000, -0.5561556980009904061 ) ) ;
#3558 = CARTESIAN_POINT ( 'NONE',  ( 1.503183593749999769, 0.000000000000000000, -0.5987499999999996714 ) ) ;
#3559 = VECTOR ( 'NONE', #2123, 39.37007874015748143 ) ;
#3560 = ORIENTED_EDGE ( 'NONE', *, *, #5215, .F. ) ;
#3561 = CARTESIAN_POINT ( 'NONE',  ( 1.966932057260308842, 0.04000000000000000083, -0.4703184749271660525 ) ) ;
#3562 = CARTESIAN_POINT ( 'NONE',  ( 1.753809861564878281, 0.000000000000000000, -0.3778433458443091753 ) ) ;
#3563 = EDGE_CURVE ( 'NONE', #1662, #55, #1843, .T. ) ;
#3564 = CARTESIAN_POINT ( 'NONE',  ( 0.6480439347055678700, 0.04000000000000000083, -0.3708097881172091603 ) ) ;
#3565 = VECTOR ( 'NONE', #2929, 39.37007874015748143 ) ;
#3566 = CARTESIAN_POINT ( 'NONE',  ( 1.696250000000000258, 0.04000000000000000083, -0.3768749999999996270 ) ) ;
#3567 = CARTESIAN_POINT ( 'NONE',  ( 1.785097185306169898, 0.04000000000000000083, -0.5921477942335223732 ) ) ;
#3568 = ORIENTED_EDGE ( 'NONE', *, *, #3660, .T. ) ;
#3569 = EDGE_LOOP ( 'NONE', ( #3601, #1765, #3824, #6131 ) ) ;
#3570 = CARTESIAN_POINT ( 'NONE',  ( 0.6737402343749998579, 0.04000000000000000083, -0.5018749999999998490 ) ) ;
#3571 = CARTESIAN_POINT ( 'NONE',  ( 0.000000000000000000, 0.000000000000000000, -1.479999999999999982 ) ) ;
#3572 = CARTESIAN_POINT ( 'NONE',  ( 0.9142535304472351187, 0.04000000000000000083, -0.4520311165661609620 ) ) ;
#3573 = CARTESIAN_POINT ( 'NONE',  ( 2.048328620934477318, 0.000000000000000000, -0.4612091852758919974 ) ) ;
#3574 = EDGE_CURVE ( 'NONE', #5345, #2913, #7082, .T. ) ;
#3575 = CARTESIAN_POINT ( 'NONE',  ( 2.001541966735678635, 0.04000000000000000083, -0.3597019483926655603 ) ) ;
#3576 = CARTESIAN_POINT ( 'NONE',  ( 1.980235860394018443, 0.04000000000000000083, -0.3686997713500977936 ) ) ;
#3577 = ORIENTED_EDGE ( 'NONE', *, *, #2174, .F. ) ;
#3578 = CARTESIAN_POINT ( 'NONE',  ( 1.986414966741246513, 0.04000000000000000083, -0.4887240528988435750 ) ) ;
#3579 = CARTESIAN_POINT ( 'NONE',  ( 0.8904394531249999467, 0.04000000000000000083, -0.5987499999999998934 ) ) ;
#3580 = CARTESIAN_POINT ( 'NONE',  ( 1.744114010024129025, 0.04000000000000000083, -0.3597024594704464340 ) ) ;
#3581 = PLANE ( 'NONE',  #3334 ) ;
#3582 = EDGE_CURVE ( 'NONE', #4085, #5697, #6899, .T. ) ;
#3583 = EDGE_CURVE ( 'NONE', #5377, #775, #6912, .T. ) ;
#3584 = DIRECTION ( 'NONE',  ( -0.000000000000000000, -1.000000000000000000, -0.000000000000000000 ) ) ;
#3585 = CARTESIAN_POINT ( 'NONE',  ( 2.415000000000000036, 0.1350000000000000089, -1.479999999999999982 ) ) ;
#3586 = ORIENTED_EDGE ( 'NONE', *, *, #693, .T. ) ;
#3587 = CARTESIAN_POINT ( 'NONE',  ( 1.503183593749999769, 0.04000000000000000083, -0.5987499999999996714 ) ) ;
#3588 = PLANE ( 'NONE',  #5079 ) ;
#3589 = CARTESIAN_POINT ( 'NONE',  ( 0.9923775583886399465, 0.04000000000000000083, -0.5928005526727820884 ) ) ;
#3590 = CARTESIAN_POINT ( 'NONE',  ( 2.048328620934477318, 0.000000000000000000, -0.4612091852758919974 ) ) ;
#3591 = CARTESIAN_POINT ( 'NONE',  ( 2.024297578616763627, 0.04000000000000000083, -0.4572643449136007399 ) ) ;
#3592 = ORIENTED_EDGE ( 'NONE', *, *, #3457, .F. ) ;
#3593 = DIRECTION ( 'NONE',  ( 0.000000000000000000, 0.000000000000000000, 1.000000000000000000 ) ) ;
#3594 = CARTESIAN_POINT ( 'NONE',  ( 0.7951757812499999911, 0.000000000000000000, -0.3738476562499999378 ) ) ;
#3595 = PLANE ( 'NONE',  #5376 ) ;
#3596 = CARTESIAN_POINT ( 'NONE',  ( 1.459554354473872273, 0.04000000000000000083, -0.5926285563699443815 ) ) ;
#3597 = CARTESIAN_POINT ( 'NONE',  ( 0.8512344866955046108, 0.04000000000000000083, -0.4640700261579376318 ) ) ;
#3598 = CARTESIAN_POINT ( 'NONE',  ( 2.480000000000000870, 0.06250000000000000000, 0.000000000000000000 ) ) ;
#3599 = CARTESIAN_POINT ( 'NONE',  ( 2.050107421875000391, 0.000000000000000000, -0.3549999999999996492 ) ) ;
#3600 = CARTESIAN_POINT ( 'NONE',  ( 1.801733752442519654, 0.04000000000000000083, -0.6008235063121643016 ) ) ;
#3601 = ORIENTED_EDGE ( 'NONE', *, *, #785, .F. ) ;
#3602 = ADVANCED_FACE ( 'NONE', ( #405 ), #891, .T. ) ;
#3603 = EDGE_LOOP ( 'NONE', ( #263, #5313, #2212, #6873 ) ) ;
#3604 = CARTESIAN_POINT ( 'NONE',  ( 1.059718810012184376, 0.000000000000000000, -0.4986919276758339237 ) ) ;
#3605 = CARTESIAN_POINT ( 'NONE',  ( 1.046856553724963668, 0.04000000000000000083, -0.3613586407157824976 ) ) ;
#3606 = CARTESIAN_POINT ( 'NONE',  ( 1.047413250152736675, 0.04000000000000000083, -0.5647530901664138403 ) ) ;
#3607 = DIRECTION ( 'NONE',  ( 1.000000000000000000, 0.000000000000000000, 1.300879996982982978E-16 ) ) ;
#3608 = CARTESIAN_POINT ( 'NONE',  ( 1.054470475152308628, 0.04000000000000000083, -0.4915231715070193519 ) ) ;
#3609 = CARTESIAN_POINT ( 'NONE',  ( 1.065772239505832220, 0.000000000000000000, -0.5985845932745829101 ) ) ;
#3610 = ORIENTED_EDGE ( 'NONE', *, *, #345, .F. ) ;
#3611 = EDGE_CURVE ( 'NONE', #3782, #846, #1437, .T. ) ;
#3612 = VERTEX_POINT ( 'NONE', #2646 ) ;
#3613 = DIRECTION ( 'NONE',  ( -0.3754391513987897500, 0.000000000000000000, 0.9268470443373905132 ) ) ;
#3614 = B_SPLINE_SURFACE_WITH_KNOTS ( 'NONE', 3, 1, ( 
 ( #3412, #1058 ),
 ( #3921, #1213 ),
 ( #1138, #4534 ),
 ( #3298, #3452 ),
 ( #6195, #5043 ),
 ( #5657, #2710 ),
 ( #4930, #7149 ),
 ( #1904, #772 ),
 ( #5692, #4672 ),
 ( #696, #2930 ),
 ( #3589, #4095 ),
 ( #6929, #180 ),
 ( #5218, #4171 ),
 ( #6816, #6851 ),
 ( #4603, #212 ),
 ( #2453, #6264 ),
 ( #109, #1283 ),
 ( #3005, #2345 ),
 ( #1831, #1945 ) ),
 .UNSPECIFIED., .F., .F., .F.,
 ( 4, 1, 1, 1, 1, 1, 1, 1, 1, 1, 1, 1, 1, 1, 1, 1, 4 ),
 ( 2, 2 ),
 ( 0.000000000000000000, 0.07590845146816251054, 0.1474840550859257138, 0.2134541939948025602, 0.2759788719411160884, 0.3355619591689266157, 0.3911561481359048242, 0.4456654311375550792, 0.4981128841142004604, 0.5512486429357615902, 0.6047369465968965851, 0.6619600714816530340, 0.7215431587094627286, 0.7838335983447309863, 0.8516025714140789127, 0.9231781750318422963, 0.9999999999999998890 ),
 ( 0.000000000000000000, 1.000000000000000000 ),
 .UNSPECIFIED. ) ;
#3615 = CARTESIAN_POINT ( 'NONE',  ( 0.6737402343749998579, 0.04000000000000000083, -0.5018749999999998490 ) ) ;
#3616 = DIRECTION ( 'NONE',  ( 1.000000000000000000, 0.000000000000000000, -0.000000000000000000 ) ) ;
#3617 = CARTESIAN_POINT ( 'NONE',  ( 0.8462396176955674365, 0.04000000000000000083, -0.4563549318082902873 ) ) ;
#3618 = CARTESIAN_POINT ( 'NONE',  ( 2.480000000000000870, 0.2049999999999981559, 0.1000000000000000056 ) ) ;
#3619 = CARTESIAN_POINT ( 'NONE',  ( 1.052978897330901997, 0.04000000000000000083, -0.4818628813932483990 ) ) ;
#3620 = ORIENTED_EDGE ( 'NONE', *, *, #5179, .F. ) ;
#3621 = CARTESIAN_POINT ( 'NONE',  ( 0.9582579479397153044, 0.000000000000000000, -0.3564130735380296455 ) ) ;
#3622 = CARTESIAN_POINT ( 'NONE',  ( 0.8169367725002659730, 0.04000000000000000083, -0.5760103436580489289 ) ) ;
#3623 = LINE ( 'NONE', #662, #2150 ) ;
#3624 = CARTESIAN_POINT ( 'NONE',  ( 0.7952062246936556500, 0.04000000000000000083, -0.3730445017697057719 ) ) ;
#3625 = ORIENTED_EDGE ( 'NONE', *, *, #3892, .F. ) ;
#3626 = CARTESIAN_POINT ( 'NONE',  ( 0.9504173665070517751, 0.000000000000000000, -0.3648189040991775545 ) ) ;
#3627 = CARTESIAN_POINT ( 'NONE',  ( 0.7960450342067504348, 0.04000000000000000083, -0.3689510087409929584 ) ) ;
#3628 = ORIENTED_EDGE ( 'NONE', *, *, #5503, .T. ) ;
#3629 = CARTESIAN_POINT ( 'NONE',  ( 1.924104665991134722, 0.000000000000000000, -0.3717885655813166768 ) ) ;
#3630 = CARTESIAN_POINT ( 'NONE',  ( 0.8079574597351137921, 0.04000000000000000083, -0.4943480671812497951 ) ) ;
#3631 = CARTESIAN_POINT ( 'NONE',  ( 1.994394531249999991, 0.000000000000000000, -0.4849804687499996159 ) ) ;
#3632 = CARTESIAN_POINT ( 'NONE',  ( 0.8658394635601807110, 0.000000000000000000, -0.5474913482188316083 ) ) ;
#3633 = EDGE_LOOP ( 'NONE', ( #4940, #1983, #5683, #4448 ) ) ;
#3634 = VERTEX_POINT ( 'NONE', #6567 ) ;
#3635 = CARTESIAN_POINT ( 'NONE',  ( 1.052890625000000080, 0.04000000000000000083, -0.4832714843749997824 ) ) ;
#3636 = FACE_OUTER_BOUND ( 'NONE', #4831, .T. ) ;
#3637 = CARTESIAN_POINT ( 'NONE',  ( 1.070103885656789711, 0.000000000000000000, -0.5550576459251815864 ) ) ;
#3638 = LINE ( 'NONE', #5204, #1232 ) ;
#3639 = CARTESIAN_POINT ( 'NONE',  ( 1.830865377390815674, 0.000000000000000000, -0.5977693345461851937 ) ) ;
#3640 = EDGE_CURVE ( 'NONE', #793, #2803, #1584, .T. ) ;
#3641 = CARTESIAN_POINT ( 'NONE',  ( 1.043515625000000169, 0.000000000000000000, -0.5769726562499998268 ) ) ;
#3642 = ORIENTED_EDGE ( 'NONE', *, *, #6903, .T. ) ;
#3643 = ORIENTED_EDGE ( 'NONE', *, *, #2043, .F. ) ;
#3644 = ORIENTED_EDGE ( 'NONE', *, *, #4414, .F. ) ;
#3645 = CARTESIAN_POINT ( 'NONE',  ( 1.002499999999999947, 0.000000000000000000, -0.5662304687499998268 ) ) ;
#3646 = FACE_OUTER_BOUND ( 'NONE', #1436, .T. ) ;
#3647 = CARTESIAN_POINT ( 'NONE',  ( 0.6462499999999998801, 0.000000000000000000, -0.3841015624999998823 ) ) ;
#3648 = CARTESIAN_POINT ( 'NONE',  ( 1.065000000000000169, 0.1600000000000000033, -1.479999999999999982 ) ) ;
#3649 = VECTOR ( 'NONE', #3949, 39.37007874015748143 ) ;
#3650 = EDGE_CURVE ( 'NONE', #4571, #4290, #7008, .T. ) ;
#3651 = FACE_OUTER_BOUND ( 'NONE', #2328, .T. ) ;
#3652 = LINE ( 'NONE', #5248, #5859 ) ;
#3653 = ORIENTED_EDGE ( 'NONE', *, *, #804, .F. ) ;
#3654 = VECTOR ( 'NONE', #4569, 39.37007874015748143 ) ;
#3655 = CARTESIAN_POINT ( 'NONE',  ( 1.979133116242129065, 0.000000000000000000, -0.4787707265917642285 ) ) ;
#3656 = CARTESIAN_POINT ( 'NONE',  ( 0.7995706622988492107, 0.000000000000000000, -0.5358948575579687290 ) ) ;
#3657 = CARTESIAN_POINT ( 'NONE',  ( 0.8720118031735561992, 0.04000000000000000083, -0.5510334371996690184 ) ) ;
#3658 = CARTESIAN_POINT ( 'NONE',  ( 0.7951757812499999911, 0.04000000000000000083, -0.3738476562499999378 ) ) ;
#3659 = ORIENTED_EDGE ( 'NONE', *, *, #4058, .T. ) ;
#3660 = EDGE_CURVE ( 'NONE', #6239, #2262, #6457, .T. ) ;
#3661 = CARTESIAN_POINT ( 'NONE',  ( 0.9758398437499998801, 0.000000000000000000, -0.3518749999999999378 ) ) ;
#3662 = ADVANCED_FACE ( 'NONE', ( #6298 ), #5405, .T. ) ;
#3663 = VECTOR ( 'NONE', #527, 39.37007874015748143 ) ;
#3664 = CARTESIAN_POINT ( 'NONE',  ( 1.503183593749999769, 0.04000000000000000083, -0.5987499999999996714 ) ) ;
#3665 = B_SPLINE_SURFACE_WITH_KNOTS ( 'NONE', 3, 1, ( 
 ( #4209, #3594 ),
 ( #355, #812 ),
 ( #5259, #7001 ),
 ( #3627, #777 ),
 ( #2013, #6448 ),
 ( #5838, #1910 ),
 ( #252, #845 ),
 ( #3084, #2532 ),
 ( #4753, #1531 ),
 ( #1097, #3766 ),
 ( #5977, #507 ),
 ( #2749, #6047 ),
 ( #3293, #7073 ),
 ( #6593, #4968 ),
 ( #1608, #1022 ) ),
 .UNSPECIFIED., .F., .F., .F.,
 ( 4, 1, 1, 1, 1, 1, 1, 1, 1, 1, 1, 1, 4 ),
 ( 2, 2 ),
 ( 0.000000000000000000, 0.05975227529312587132, 0.1228590618373714971, 0.1898931532049247806, 0.2645185747226507234, 0.3425501035443847542, 0.4241987122771039842, 0.5083069513813159856, 0.5981555288002493587, 0.6923150231626528095, 0.7908142211141647726, 0.8917209810390113178, 1.000000000000000000 ),
 ( 0.000000000000000000, 1.000000000000000000 ),
 .UNSPECIFIED. ) ;
#3666 = AXIS2_PLACEMENT_3D ( 'NONE', #6635, #1649, #3882 ) ;
#3667 = AXIS2_PLACEMENT_3D ( 'NONE', #2214, #3357, #3974 ) ;
#3668 = CARTESIAN_POINT ( 'NONE',  ( 0.8002543360456625399, 0.000000000000000000, -0.5165785253627015461 ) ) ;
#3669 = CARTESIAN_POINT ( 'NONE',  ( 1.696250000000000258, 0.04000000000000000083, -0.3768749999999996270 ) ) ;
#3670 = EDGE_CURVE ( 'NONE', #3491, #6473, #4506, .T. ) ;
#3671 = CARTESIAN_POINT ( 'NONE',  ( 2.148767170032877427, 0.000000000000000000, -0.3635512681493203169 ) ) ;
#3672 = CARTESIAN_POINT ( 'NONE',  ( 0.8580961260743287244, 0.000000000000000000, -0.5379659638510606579 ) ) ;
#3673 = B_SPLINE_SURFACE_WITH_KNOTS ( 'NONE', 3, 1, ( 
 ( #1298, #1923 ),
 ( #6905, #6867 ),
 ( #1812, #1887 ),
 ( #4111, #4153 ),
 ( #821, #6830 ),
 ( #1372, #3604 ),
 ( #4731, #4076 ),
 ( #6317, #710 ),
 ( #265, #1337 ),
 ( #3095, #6386 ),
 ( #3635, #1404 ) ),
 .UNSPECIFIED., .F., .F., .F.,
 ( 4, 1, 1, 1, 1, 1, 1, 1, 4 ),
 ( 2, 2 ),
 ( 0.000000000000000000, 0.1679453575621936423, 0.3155584307757229312, 0.4482935236561866321, 0.5692202052921829791, 0.6836563780294090398, 0.7900701577392251762, 0.8941789807032259896, 1.000000000000000000 ),
 ( 0.000000000000000000, 1.000000000000000000 ),
 .UNSPECIFIED. ) ;
#3674 = AXIS2_PLACEMENT_3D ( 'NONE', #6693, #1708, #3943 ) ;
#3675 = EDGE_LOOP ( 'NONE', ( #361, #6096, #4716, #4305 ) ) ;
#3676 = EDGE_LOOP ( 'NONE', ( #7157, #5314, #575, #3085 ) ) ;
#3677 = DIRECTION ( 'NONE',  ( -1.000000000000000000, 0.000000000000000000, -0.000000000000000000 ) ) ;
#3678 = CARTESIAN_POINT ( 'NONE',  ( 1.068541847062682404, 0.000000000000000000, -0.4626515843591927912 ) ) ;
#3679 = AXIS2_PLACEMENT_3D ( 'NONE', #1125, #3398, #681 ) ;
#3680 = CARTESIAN_POINT ( 'NONE',  ( 0.6464751035766497234, 0.04000000000000000083, -0.3771976947162836158 ) ) ;
#3681 = ORIENTED_EDGE ( 'NONE', *, *, #42, .T. ) ;
#3682 = CARTESIAN_POINT ( 'NONE',  ( 1.812851562500000124, 0.04000000000000000083, -0.6018749999999996048 ) ) ;
#3683 = CARTESIAN_POINT ( 'NONE',  ( 1.258523470578388537, 0.04000000000000000083, -0.5662579296143114282 ) ) ;
#3684 = ORIENTED_EDGE ( 'NONE', *, *, #3457, .T. ) ;
#3685 = ORIENTED_EDGE ( 'NONE', *, *, #3650, .F. ) ;
#3686 = ORIENTED_EDGE ( 'NONE', *, *, #6979, .T. ) ;
#3687 = DIRECTION ( 'NONE',  ( -0.000000000000000000, -1.000000000000000000, -0.000000000000000000 ) ) ;
#3688 = CARTESIAN_POINT ( 'NONE',  ( 1.466660156249999902, 0.000000000000000000, -0.5752148437499997602 ) ) ;
#3689 = CARTESIAN_POINT ( 'NONE',  ( 1.363291015624999769, 0.000000000000000000, -0.3518749999999997713 ) ) ;
#3690 = CARTESIAN_POINT ( 'NONE',  ( 0.7980527421577743308, 0.04000000000000000083, -0.3849350045922541041 ) ) ;
#3691 = CARTESIAN_POINT ( 'NONE',  ( 2.052248194325323460, 0.000000000000000000, -0.5019851049227387341 ) ) ;
#3692 = CARTESIAN_POINT ( 'NONE',  ( 1.973390406862987501, 0.04000000000000000083, -0.4988687646050186664 ) ) ;
#3693 = VERTEX_POINT ( 'NONE', #6680 ) ;
#3694 = CARTESIAN_POINT ( 'NONE',  ( 1.953687881266021886, 0.000000000000000000, -0.4513084625696556773 ) ) ;
#3695 = EDGE_CURVE ( 'NONE', #1394, #3356, #4941, .T. ) ;
#3696 = CARTESIAN_POINT ( 'NONE',  ( 1.065000000000000391, 0.1600000000000000033, -1.180000000000000160 ) ) ;
#3697 = CARTESIAN_POINT ( 'NONE',  ( 0.9709085534721696442, 0.04000000000000000083, -0.5987140514120692369 ) ) ;
#3698 = CARTESIAN_POINT ( 'NONE',  ( 2.047815618776020585, 0.04000000000000000083, -0.5543370871909544251 ) ) ;
#3699 = FACE_OUTER_BOUND ( 'NONE', #1934, .T. ) ;
#3700 = CARTESIAN_POINT ( 'NONE',  ( 1.605624999999999858, 0.04000000000000000083, -0.3840527343749997602 ) ) ;
#3701 = EDGE_CURVE ( 'NONE', #3237, #4751, #1868, .T. ) ;
#3702 = DIRECTION ( 'NONE',  ( 0.000000000000000000, 0.000000000000000000, -1.000000000000000000 ) ) ;
#3703 = CARTESIAN_POINT ( 'NONE',  ( 2.010143915585068441, 0.000000000000000000, -0.4137147344131337223 ) ) ;
#3704 = CARTESIAN_POINT ( 'NONE',  ( 0.6695924380459987724, 0.04000000000000000083, -0.3521509325617980246 ) ) ;
#3705 = CARTESIAN_POINT ( 'NONE',  ( 2.099375000000000213, 0.000000000000000000, -0.5549999999999996048 ) ) ;
#3706 = ORIENTED_EDGE ( 'NONE', *, *, #6314, .F. ) ;
#3707 = EDGE_CURVE ( 'NONE', #5552, #2431, #1113, .T. ) ;
#3708 = VERTEX_POINT ( 'NONE', #4397 ) ;
#3709 = CARTESIAN_POINT ( 'NONE',  ( 1.365000000000000435, 0.1350000000000000089, -1.180000000000000160 ) ) ;
#3710 = CARTESIAN_POINT ( 'NONE',  ( 2.099375000000000213, 0.04000000000000000083, -0.5549999999999996048 ) ) ;
#3711 = CARTESIAN_POINT ( 'NONE',  ( 0.5879492187499998357, 0.04000000000000000083, -0.5476269531249998712 ) ) ;
#3712 = ORIENTED_EDGE ( 'NONE', *, *, #2147, .T. ) ;
#3713 = CARTESIAN_POINT ( 'NONE',  ( 1.081015625000000036, 0.04000000000000000083, -0.5049999999999997824 ) ) ;
#3714 = SURFACE_SIDE_STYLE ('',( #3747 ) ) ;
#3715 = ORIENTED_EDGE ( 'NONE', *, *, #436, .F. ) ;
#3716 = EDGE_LOOP ( 'NONE', ( #6981, #2022, #2663, #273 ) ) ;
#3717 = CARTESIAN_POINT ( 'NONE',  ( 0.9964104657054362324, 0.000000000000000000, -0.5887915892374179228 ) ) ;
#3718 = CARTESIAN_POINT ( 'NONE',  ( 2.040779277382075652, 0.000000000000000000, -0.3551108385198321615 ) ) ;
#3719 = CARTESIAN_POINT ( 'NONE',  ( 1.280480986326241188, 0.000000000000000000, -0.5985482803997088652 ) ) ;
#3720 = DIRECTION ( 'NONE',  ( -0.000000000000000000, -1.000000000000000000, -0.000000000000000000 ) ) ;
#3721 = CARTESIAN_POINT ( 'NONE',  ( 2.008554688379102782, 0.04000000000000000083, -0.4443722439271968194 ) ) ;
#3722 = CARTESIAN_POINT ( 'NONE',  ( 2.033280517084835815, 0.04000000000000000083, -0.5047178627920262395 ) ) ;
#3723 = CARTESIAN_POINT ( 'NONE',  ( 2.480000000000000870, 0.1700000000000018718, 0.1000000000000000056 ) ) ;
#3724 = EDGE_LOOP ( 'NONE', ( #3020, #3715, #5020, #4708 ) ) ;
#3725 = CARTESIAN_POINT ( 'NONE',  ( 1.696362596534189526, -0.000000000000000000, -0.3754299059923441040 ) ) ;
#3726 = CARTESIAN_POINT ( 'NONE',  ( 0.7735391292968318844, 0.000000000000000000, -0.5724441784463589755 ) ) ;
#3727 = CARTESIAN_POINT ( 'NONE',  ( 0.8003365291066387721, 0.000000000000000000, -0.5422447399437928528 ) ) ;
#3728 = LINE ( 'NONE', #942, #3909 ) ;
#3729 = B_SPLINE_SURFACE_WITH_KNOTS ( 'NONE', 3, 1, ( 
 ( #196, #4187 ),
 ( #2576, #4796 ),
 ( #5742, #1375 ),
 ( #5816, #268 ),
 ( #3606, #6355 ),
 ( #4654, #6869 ),
 ( #1850, #5850 ),
 ( #3059, #3098 ),
 ( #3533, #6418 ),
 ( #5272, #3637 ),
 ( #304, #6908 ) ),
 .UNSPECIFIED., .F., .F., .F.,
 ( 4, 1, 1, 1, 1, 1, 1, 1, 4 ),
 ( 2, 2 ),
 ( 0.000000000000000000, 0.1070359249124093609, 0.2103348621223521397, 0.3160179347948410267, 0.4287033268790920171, 0.5488835011599886293, 0.6819803579013588024, 0.8298206873681513995, 1.000000000000000000 ),
 ( 0.000000000000000000, 1.000000000000000000 ),
 .UNSPECIFIED. ) ;
#3730 = CARTESIAN_POINT ( 'NONE',  ( 2.018058619720922930, 0.04000000000000000083, -0.5420957048316908944 ) ) ;
#3731 = CARTESIAN_POINT ( 'NONE',  ( 0.9462499999999999245, 0.04000000000000000083, -0.5549999999999999378 ) ) ;
#3732 = DIRECTION ( 'NONE',  ( 0.000000000000000000, 0.7071067811865439090, -0.7071067811865511255 ) ) ;
#3733 = EDGE_CURVE ( 'NONE', #5645, #1635, #3794, .T. ) ;
#3734 = CARTESIAN_POINT ( 'NONE',  ( 1.867140711199825942, 0.04000000000000000083, -0.3808693304631747267 ) ) ;
#3735 = CARTESIAN_POINT ( 'NONE',  ( 1.990244140625000213, 0.000000000000000000, -0.5876660156249995381 ) ) ;
#3736 = CARTESIAN_POINT ( 'NONE',  ( 0.9330481830605622529, -0.000000000000000000, -0.4549684884317178879 ) ) ;
#3737 = CARTESIAN_POINT ( 'NONE',  ( 0.8557770855074384730, 0.04000000000000000083, -0.5204076692650108082 ) ) ;
#3738 = EDGE_CURVE ( 'NONE', #1956, #1515, #4432, .T. ) ;
#3739 = ORIENTED_EDGE ( 'NONE', *, *, #2533, .T. ) ;
#3740 = ORIENTED_EDGE ( 'NONE', *, *, #5257, .T. ) ;
#3741 = LINE ( 'NONE', #4287, #5514 ) ;
#3742 = CARTESIAN_POINT ( 'NONE',  ( 1.223100012046705931, 0.04000000000000000083, -0.3628084645464998981 ) ) ;
#3743 = LINE ( 'NONE', #4981, #3447 ) ;
#3744 = ORIENTED_EDGE ( 'NONE', *, *, #5246, .F. ) ;
#3745 = CARTESIAN_POINT ( 'NONE',  ( 1.814548903066818486, 0.000000000000000000, -0.6018417614390058068 ) ) ;
#3746 = EDGE_CURVE ( 'NONE', #925, #1479, #4092, .T. ) ;
#3747 = SURFACE_STYLE_FILL_AREA ( #5892 ) ;
#3748 = VERTEX_POINT ( 'NONE', #5517 ) ;
#3749 = ORIENTED_EDGE ( 'NONE', *, *, #336, .F. ) ;
#3750 = ORIENTED_EDGE ( 'NONE', *, *, #201, .T. ) ;
#3751 = CARTESIAN_POINT ( 'NONE',  ( 2.153993887924431139, 0.000000000000000000, -0.3732876937333665657 ) ) ;
#3752 = CARTESIAN_POINT ( 'NONE',  ( 1.549374999999999725, 0.000000000000000000, -0.3840527343749997602 ) ) ;
#3753 = CARTESIAN_POINT ( 'NONE',  ( 0.7725814405943688401, 0.04000000000000000083, -0.5875621865935682919 ) ) ;
#3754 = PLANE ( 'NONE',  #1456 ) ;
#3755 = CARTESIAN_POINT ( 'NONE',  ( 2.005741045961778379, 0.04000000000000000083, -0.4342818460117119361 ) ) ;
#3756 = CARTESIAN_POINT ( 'NONE',  ( 1.682039575201084824, 0.04000000000000000083, -0.5703224049498253345 ) ) ;
#3757 = ADVANCED_FACE ( 'NONE', ( #5588 ), #6852, .T. ) ;
#3758 = CARTESIAN_POINT ( 'NONE',  ( 1.960117187500000080, 0.000000000000000000, -0.5361523437499996492 ) ) ;
#3759 = ORIENTED_EDGE ( 'NONE', *, *, #1911, .F. ) ;
#3760 = LINE ( 'NONE', #7175, #166 ) ;
#3761 = ORIENTED_EDGE ( 'NONE', *, *, #5923, .T. ) ;
#3762 = DIRECTION ( 'NONE',  ( 0.000000000000000000, -1.000000000000000000, 0.000000000000000000 ) ) ;
#3763 = CARTESIAN_POINT ( 'NONE',  ( 0.7022988852911073998, 0.04000000000000000083, -0.3768439801978326065 ) ) ;
#3764 = CARTESIAN_POINT ( 'NONE',  ( 0.8121398830521782131, 0.04000000000000000083, -0.3536651290865462927 ) ) ;
#3765 = DIRECTION ( 'NONE',  ( -0.000000000000000000, -1.000000000000000000, -0.000000000000000000 ) ) ;
#3766 = CARTESIAN_POINT ( 'NONE',  ( 0.8086774015304657448, 0.000000000000000000, -0.3552149494256104933 ) ) ;
#3767 = VECTOR ( 'NONE', #2162, 39.37007874015748143 ) ;
#3768 = CARTESIAN_POINT ( 'NONE',  ( 2.005625000000000213, 0.04000000000000000083, -0.4304882812499996048 ) ) ;
#3769 = CARTESIAN_POINT ( 'NONE',  ( 2.065390625000000036, 0.04000000000000000083, -0.5549999999999996048 ) ) ;
#3770 = AXIS2_PLACEMENT_3D ( 'NONE', #769, #5284, #3002 ) ;
#3771 = CARTESIAN_POINT ( 'NONE',  ( 2.007465425319257424, 0.000000000000000000, -0.5950254687635102568 ) ) ;
#3772 = CARTESIAN_POINT ( 'NONE',  ( 2.041661406369450926, 0.04000000000000000083, -0.3991719466861887167 ) ) ;
#3773 = CARTESIAN_POINT ( 'NONE',  ( 1.039734581397383062, -0.000000000000000000, -0.3753162929776692192 ) ) ;
#3774 = PRODUCT_DEFINITION_FORMATION_WITH_SPECIFIED_SOURCE ( 'ANY', '', #2503, .NOT_KNOWN. ) ;
#3775 = AXIS2_PLACEMENT_3D ( 'NONE', #1518, #1042, #3279 ) ;
#3776 = ORIENTED_EDGE ( 'NONE', *, *, #4546, .T. ) ;
#3777 = VERTEX_POINT ( 'NONE', #5322 ) ;
#3778 = CARTESIAN_POINT ( 'NONE',  ( 0.9462499999999999245, 0.04000000000000000083, -0.4549999999999999045 ) ) ;
#3779 = CARTESIAN_POINT ( 'NONE',  ( 1.053154986291262363, 0.000000000000000000, -0.4790529472713948578 ) ) ;
#3780 = ADVANCED_FACE ( 'NONE', ( #907 ), #450, .T. ) ;
#3781 = CARTESIAN_POINT ( 'NONE',  ( 0.9462499999999999245, 0.000000000000000000, -0.3836132812499999378 ) ) ;
#3782 = VERTEX_POINT ( 'NONE', #2451 ) ;
#3783 = CARTESIAN_POINT ( 'NONE',  ( 1.465143299505553109, 0.000000000000000000, -0.5657125978330272975 ) ) ;
#3784 = CIRCLE ( 'NONE', #4829, 0.2999999999999999334 ) ;
#3785 = CARTESIAN_POINT ( 'NONE',  ( 1.264383706977419086, 0.04000000000000000083, -0.5585927161988896161 ) ) ;
#3786 = ORIENTED_EDGE ( 'NONE', *, *, #3969, .T. ) ;
#3787 = VERTEX_POINT ( 'NONE', #3587 ) ;
#3788 = CARTESIAN_POINT ( 'NONE',  ( 2.153768999443915089, 0.000000000000000000, -0.5808254009903582871 ) ) ;
#3789 = B_SPLINE_SURFACE_WITH_KNOTS ( 'NONE', 3, 1, ( 
 ( #5918, #1507 ),
 ( #7083, #4903 ),
 ( #7048, #4288 ),
 ( #480, #3160 ),
 ( #3270, #1474 ),
 ( #2099, #7120 ),
 ( #2133, #923 ),
 ( #333, #4795 ),
 ( #4360, #5369 ),
 ( #3742, #4833 ),
 ( #4867, #5888 ),
 ( #6025, #3818 ),
 ( #1032, #5480 ),
 ( #5951, #4398 ),
 ( #7010, #959 ),
 ( #5410, #5339 ),
 ( #2024, #4322 ),
 ( #406, #4254 ),
 ( #6458, #6525 ) ),
 .UNSPECIFIED., .F., .F., .F.,
 ( 4, 1, 1, 1, 1, 1, 1, 1, 1, 1, 1, 1, 1, 1, 1, 1, 4 ),
 ( 2, 2 ),
 ( 0.000000000000000000, 0.07695235991988012836, 0.1476668335218739025, 0.2145442071883567614, 0.2767944608348862356, 0.3354666826220438214, 0.3918254141742892327, 0.4445075289646444605, 0.4969855594874566518, 0.5489457425977137817, 0.6031696282814020815, 0.6595359753639226108, 0.7187470870059535777, 0.7827918201918750984, 0.8504222980545694810, 0.9221492683424541426, 1.000000000000000000 ),
 ( 0.000000000000000000, 1.000000000000000000 ),
 .UNSPECIFIED. ) ;
#3790 = CARTESIAN_POINT ( 'NONE',  ( 1.350889956392551827, 0.000000000000000000, -0.3537862860718630764 ) ) ;
#3791 = AXIS2_PLACEMENT_3D ( 'NONE', #1133, #6043, #3371 ) ;
#3792 = CARTESIAN_POINT ( 'NONE',  ( 1.258540019606416482, 0.04000000000000000083, -0.5841697710432443014 ) ) ;
#3793 = EDGE_CURVE ( 'NONE', #3419, #3965, #6882, .T. ) ;
#3794 = B_SPLINE_CURVE_WITH_KNOTS ( 'NONE', 3,
 ( #3931, #1067, #3307, #4978, #5479, #6167, #3348, #2797, #1183, #558, #7158, #727, #4, #6133, #177 ),
 .UNSPECIFIED., .F., .F.,
 ( 4, 1, 1, 1, 1, 1, 1, 1, 1, 1, 1, 1, 4 ),
 ( 0.000000000000000000, 0.09301127933716636653, 0.1837208645025170117, 0.2700148622107233498, 0.3552543692188597224, 0.4384292902385478197, 0.5195511111286923445, 0.6003105432917391626, 0.6805880518337118490, 0.7607055461992769940, 0.8398175505378309147, 0.9194223733739899096, 1.000000000000000000 ),
 .UNSPECIFIED. ) ;
#3795 = CARTESIAN_POINT ( 'NONE',  ( 1.455877192982278912, 0.000000000000000000, -0.5552573136534085796 ) ) ;
#3796 = CARTESIAN_POINT ( 'NONE',  ( 1.503183593749999769, 0.000000000000000000, -0.5518749999999997824 ) ) ;
#3797 = FACE_OUTER_BOUND ( 'NONE', #3232, .T. ) ;
#3798 = DIRECTION ( 'NONE',  ( 0.000000000000000000, 0.000000000000000000, -1.000000000000000000 ) ) ;
#3799 = ORIENTED_EDGE ( 'NONE', *, *, #1299, .F. ) ;
#3800 = CARTESIAN_POINT ( 'NONE',  ( 0.6462499999999998801, 0.04000000000000000083, -0.3841015624999998823 ) ) ;
#3801 = CARTESIAN_POINT ( 'NONE',  ( 1.696765627192600379, 0.04000000000000000083, -0.3816033850089007307 ) ) ;
#3802 = CARTESIAN_POINT ( 'NONE',  ( 0.7735391292968318844, 0.04000000000000000083, -0.5724441784463589755 ) ) ;
#3803 = EDGE_CURVE ( 'NONE', #1515, #1266, #1051, .T. ) ;
#3804 = CARTESIAN_POINT ( 'NONE',  ( 1.580816665059306514, 0.000000000000000000, -0.3519525788324340265 ) ) ;
#3805 = LINE ( 'NONE', #2822, #3438 ) ;
#3806 = LINE ( 'NONE', #3731, #5852 ) ;
#3807 = CARTESIAN_POINT ( 'NONE',  ( 0.8242773437499998357, 0.04000000000000000083, -0.3518749999999999378 ) ) ;
#3808 = CARTESIAN_POINT ( 'NONE',  ( 1.780722656250000258, 0.000000000000000000, -0.4549999999999996270 ) ) ;
#3809 = CARTESIAN_POINT ( 'NONE',  ( 0.7009459247637601642, 0.04000000000000000083, -0.3702123325273271592 ) ) ;
#3810 = CARTESIAN_POINT ( 'NONE',  ( 1.995510565756418719, 0.000000000000000000, -0.5906980407102901953 ) ) ;
#3811 = CARTESIAN_POINT ( 'NONE',  ( 2.036702616618008221, 0.000000000000000000, -0.3997962612154247752 ) ) ;
#3812 = CARTESIAN_POINT ( 'NONE',  ( 1.389999999999999680, 0.04000000000000000083, -0.3840527343749997602 ) ) ;
#3813 = CARTESIAN_POINT ( 'NONE',  ( 1.046856553724963668, 0.000000000000000000, -0.3613586407157824976 ) ) ;
#3814 = B_SPLINE_CURVE_WITH_KNOTS ( 'NONE', 3,
 ( #6016, #6048, #2751, #7182, #3878, #6084, #6299, #3550, #2452, #5186, #1830 ),
 .UNSPECIFIED., .F., .F.,
 ( 4, 1, 1, 1, 1, 1, 1, 1, 4 ),
 ( 0.000000000000000000, 0.08978412105443853153, 0.1809130826548359661, 0.2746738747806830583, 0.3735171115832502386, 0.4888415467446948770, 0.6328400142305194986, 0.8019244975966316469, 1.000000000000000000 ),
 .UNSPECIFIED. ) ;
#3815 = ORIENTED_EDGE ( 'NONE', *, *, #4947, .F. ) ;
#3816 = VERTEX_POINT ( 'NONE', #462 ) ;
#3817 = DIRECTION ( 'NONE',  ( -1.000000000000000000, 0.000000000000000000, 0.000000000000000000 ) ) ;
#3818 = CARTESIAN_POINT ( 'NONE',  ( 1.226464966626936492, 0.000000000000000000, -0.3673481227353583289 ) ) ;
#3819 = CARTESIAN_POINT ( 'NONE',  ( 0.8450976294236856035, 0.000000000000000000, -0.3604371455215429343 ) ) ;
#3820 = VERTEX_POINT ( 'NONE', #4999 ) ;
#3821 = CARTESIAN_POINT ( 'NONE',  ( 1.445415479109264600, 0.000000000000000000, -0.5520525501284386793 ) ) ;
#3822 = FILL_AREA_STYLE_COLOUR ( '', #6786 ) ;
#3823 = ADVANCED_FACE ( 'NONE', ( #7140 ), #501, .T. ) ;
#3824 = ORIENTED_EDGE ( 'NONE', *, *, #6421, .T. ) ;
#3825 = ORIENTED_EDGE ( 'NONE', *, *, #327, .F. ) ;
#3826 = DIRECTION ( 'NONE',  ( 0.000000000000000000, 0.000000000000000000, 1.000000000000000000 ) ) ;
#3827 = CARTESIAN_POINT ( 'NONE',  ( 1.566514956392551339, 0.000000000000000000, -0.3537862860718630764 ) ) ;
#3828 = CARTESIAN_POINT ( 'NONE',  ( 0.7490332031249997691, 0.000000000000000000, -0.6018749999999998268 ) ) ;
#3829 = B_SPLINE_CURVE_WITH_KNOTS ( 'NONE', 3,
 ( #2917, #6801, #6248, #5599, #5133, #3977, #15, #60, #5674, #1195, #680 ),
 .UNSPECIFIED., .F., .F.,
 ( 4, 1, 1, 1, 1, 1, 1, 1, 4 ),
 ( 0.000000000000000000, 0.1070359249124093609, 0.2103348621223521397, 0.3160179347948410267, 0.4287033268790920171, 0.5488835011599886293, 0.6819803579013588024, 0.8298206873681513995, 1.000000000000000000 ),
 .UNSPECIFIED. ) ;
#3830 = CARTESIAN_POINT ( 'NONE',  ( 0.5733007812499998357, 0.04000000000000000083, -0.5793164062499999156 ) ) ;
#3831 = CARTESIAN_POINT ( 'NONE',  ( 1.472466250253841258, -0.000000000000000000, -0.5736734020095923814 ) ) ;
#3832 = CARTESIAN_POINT ( 'NONE',  ( 1.256841250253841080, 0.04000000000000000083, -0.5736734020095922704 ) ) ;
#3833 = CARTESIAN_POINT ( 'NONE',  ( 1.960213659997340319, -0.000000000000000000, -0.5332309641453985005 ) ) ;
#3834 = EDGE_CURVE ( 'NONE', #4523, #1458, #4921, .T. ) ;
#3835 = VERTEX_POINT ( 'NONE', #4418 ) ;
#3836 = CARTESIAN_POINT ( 'NONE',  ( 1.852418953462966922, 0.04000000000000000083, -0.5666502260667191093 ) ) ;
#3837 = CARTESIAN_POINT ( 'NONE',  ( 1.766367187499999991, 0.04000000000000000083, -0.5573437499999995826 ) ) ;
#3838 = CARTESIAN_POINT ( 'NONE',  ( 0.6335058593749998135, 0.000000000000000000, -0.5724804687499998046 ) ) ;
#3839 = PLANE ( 'NONE',  #3791 ) ;
#3840 = DIRECTION ( 'NONE',  ( -0.000000000000000000, -1.000000000000000000, -0.000000000000000000 ) ) ;
#3841 = DIRECTION ( 'NONE',  ( 0.000000000000000000, 0.000000000000000000, -1.000000000000000000 ) ) ;
#3842 = FACE_BOUND ( 'NONE', #3093, .T. ) ;
#3843 = EDGE_CURVE ( 'NONE', #2304, #2888, #5941, .T. ) ;
#3844 = DIRECTION ( 'NONE',  ( 1.000000000000000000, 0.000000000000000000, -0.000000000000000000 ) ) ;
#3845 = CARTESIAN_POINT ( 'NONE',  ( 1.699293453792262820, 0.000000000000000000, -0.3910235255057066817 ) ) ;
#3846 = DIRECTION ( 'NONE',  ( 0.000000000000000000, 0.000000000000000000, -1.000000000000000000 ) ) ;
#3847 = CARTESIAN_POINT ( 'NONE',  ( 0.8891101424534403330, 0.04000000000000000083, -0.4292565224545184521 ) ) ;
#3848 = CARTESIAN_POINT ( 'NONE',  ( 0.8786860888298816397, 0.000000000000000000, -0.5531585359973133498 ) ) ;
#3849 = CARTESIAN_POINT ( 'NONE',  ( 1.389999999999999680, 0.000000000000000000, -0.3840527343749997602 ) ) ;
#3850 = B_SPLINE_SURFACE_WITH_KNOTS ( 'NONE', 3, 1, ( 
 ( #1937, #4194 ),
 ( #4806, #1382 ),
 ( #4699, #2073 ),
 ( #901, #7020 ),
 ( #5243, #6467 ),
 ( #6429, #5279 ),
 ( #4228, #237 ),
 ( #932, #5896 ),
 ( #1482, #3718 ),
 ( #1414, #867 ),
 ( #379, #2622 ) ),
 .UNSPECIFIED., .F., .F., .F.,
 ( 4, 1, 1, 1, 1, 1, 1, 1, 4 ),
 ( 2, 2 ),
 ( 0.000000000000000000, 0.09990234309578110983, 0.2055257709835192903, 0.3175884476016677116, 0.4369754934762788423, 0.5643433826929643571, 0.7008555280647251751, 0.8457252162657428185, 1.000000000000000000 ),
 ( 0.000000000000000000, 1.000000000000000000 ),
 .UNSPECIFIED. ) ;
#3851 = VERTEX_POINT ( 'NONE', #2155 ) ;
#3852 = ORIENTED_EDGE ( 'NONE', *, *, #6715, .F. ) ;
#3853 = CARTESIAN_POINT ( 'NONE',  ( 0.8601844580138497953, 0.000000000000000000, -0.5414936774805796382 ) ) ;
#3854 = CARTESIAN_POINT ( 'NONE',  ( 2.005739128975997598, 0.000000000000000000, -0.4267111423285406824 ) ) ;
#3855 = DIRECTION ( 'NONE',  ( -0.000000000000000000, -1.000000000000000000, -0.000000000000000000 ) ) ;
#3856 = B_SPLINE_CURVE_WITH_KNOTS ( 'NONE', 3,
 ( #620, #33, #6121, #5144, #726, #2928, #6229, #137, #2963, #5689, #584 ),
 .UNSPECIFIED., .F., .F.,
 ( 4, 1, 1, 1, 1, 1, 1, 1, 4 ),
 ( 0.000000000000000000, 0.08978412105443853153, 0.1809130826548359661, 0.2746738747806830583, 0.3735171115832502386, 0.4888415467446948770, 0.6328400142305194986, 0.8019244975966316469, 1.000000000000000000 ),
 .UNSPECIFIED. ) ;
#3857 = DIRECTION ( 'NONE',  ( -0.000000000000000000, -1.000000000000000000, -0.000000000000000000 ) ) ;
#3858 = CARTESIAN_POINT ( 'NONE',  ( 0.8556775332968359349, 0.04000000000000000083, -0.5238739714357116828 ) ) ;
#3859 = ORIENTED_EDGE ( 'NONE', *, *, #209, .T. ) ;
#3860 = CARTESIAN_POINT ( 'NONE',  ( 2.124506589642706000, 0.000000000000000000, -0.5987420392555313775 ) ) ;
#3861 = CARTESIAN_POINT ( 'NONE',  ( 1.578916015624999947, 0.000000000000000000, -0.3518749999999997713 ) ) ;
#3862 = CARTESIAN_POINT ( 'NONE',  ( 0.8592821136033946816, 0.04000000000000000083, -0.3814843215526982356 ) ) ;
#3863 = CARTESIAN_POINT ( 'NONE',  ( 0.9980748944111500487, 0.04000000000000000083, -0.5864147276306720391 ) ) ;
#3864 = CARTESIAN_POINT ( 'NONE',  ( 0.5847892609438765099, 0.04000000000000000083, -0.5979503971182402733 ) ) ;
#3865 = EDGE_CURVE ( 'NONE', #232, #2352, #5866, .T. ) ;
#3866 = CARTESIAN_POINT ( 'NONE',  ( 1.472649872294380380, 0.000000000000000000, -0.5706365735033217534 ) ) ;
#3867 = CARTESIAN_POINT ( 'NONE',  ( 2.019150390625000124, 0.04000000000000000083, -0.5161816406249996048 ) ) ;
#3868 = CARTESIAN_POINT ( 'NONE',  ( 1.796794995144111562, 0.000000000000000000, -0.5994440785934681548 ) ) ;
#3869 = VERTEX_POINT ( 'NONE', #3838 ) ;
#3870 = CARTESIAN_POINT ( 'NONE',  ( 1.903399071743901105, 0.04000000000000000083, -0.3521647900860443992 ) ) ;
#3871 = CARTESIAN_POINT ( 'NONE',  ( 1.441323959406033195, 0.04000000000000000083, -0.5986823350490794171 ) ) ;
#3872 = CARTESIAN_POINT ( 'NONE',  ( 0.7688455672825215137, 0.04000000000000000083, -0.5615968097073489318 ) ) ;
#3873 = CARTESIAN_POINT ( 'NONE',  ( 0.8405256309002030468, 0.000000000000000000, -0.5919277591688788531 ) ) ;
#3874 = ADVANCED_FACE ( 'NONE', ( #1639 ), #4888, .T. ) ;
#3875 = DIRECTION ( 'NONE',  ( -0.000000000000000000, -1.000000000000000000, -0.000000000000000000 ) ) ;
#3876 = CARTESIAN_POINT ( 'NONE',  ( 2.131086845320312229, 0.04000000000000000083, -0.3554159774104793112 ) ) ;
#3877 = CARTESIAN_POINT ( 'NONE',  ( 1.202733263623705806, 0.04000000000000000083, -0.3551040809990659852 ) ) ;
#3878 = CARTESIAN_POINT ( 'NONE',  ( 0.5750227779187153665, 0.000000000000000000, -0.5697179537919058179 ) ) ;
#3879 = CARTESIAN_POINT ( 'NONE',  ( 1.039887947698196813, 0.04000000000000000083, -0.3810312407221306819 ) ) ;
#3880 = EDGE_CURVE ( 'NONE', #5486, #3219, #5391, .T. ) ;
#3881 = CARTESIAN_POINT ( 'NONE',  ( 1.922548998327803682, 0.04000000000000000083, -0.3672395638114488436 ) ) ;
#3882 = DIRECTION ( 'NONE',  ( 0.000000000000000000, 0.000000000000000000, 1.000000000000000000 ) ) ;
#3883 = CARTESIAN_POINT ( 'NONE',  ( 1.472646123046561284, 0.04000000000000000083, -0.5797950049923453752 ) ) ;
#3884 = CARTESIAN_POINT ( 'NONE',  ( 0.8741267065323612417, 0.04000000000000000083, -0.5519050631094227777 ) ) ;
#3885 = VECTOR ( 'NONE', #2424, 39.37007874015748143 ) ;
#3886 = CARTESIAN_POINT ( 'NONE',  ( 0.8603613281249998801, 0.04000000000000000083, -0.3832226562499999045 ) ) ;
#3887 = ORIENTED_EDGE ( 'NONE', *, *, #1820, .T. ) ;
#3888 = ORIENTED_EDGE ( 'NONE', *, *, #5263, .T. ) ;
#3889 = CARTESIAN_POINT ( 'NONE',  ( 0.9462499999999999245, 0.04000000000000000083, -0.3836132812499999378 ) ) ;
#3890 = VECTOR ( 'NONE', #6631, 39.37007874015748143 ) ;
#3891 = CARTESIAN_POINT ( 'NONE',  ( 0.8733496093749999467, 0.000000000000000000, -0.5516308593749998934 ) ) ;
#3892 = EDGE_CURVE ( 'NONE', #2431, #4251, #2026, .T. ) ;
#3893 = EDGE_CURVE ( 'NONE', #3199, #995, #506, .T. ) ;
#3894 = CARTESIAN_POINT ( 'NONE',  ( 0.8368182805491488629, 0.04000000000000000083, -0.5902336085823819412 ) ) ;
#3895 = CARTESIAN_POINT ( 'NONE',  ( 1.389999999999999680, 0.04000000000000000083, -0.3840527343749997602 ) ) ;
#3896 = CARTESIAN_POINT ( 'NONE',  ( 1.065000000000000391, 0.000000000000000000, -1.180000000000000160 ) ) ;
#3897 = VERTEX_POINT ( 'NONE', #2339 ) ;
#3898 = ORIENTED_EDGE ( 'NONE', *, *, #1776, .F. ) ;
#3899 = CARTESIAN_POINT ( 'NONE',  ( 0.7134863281249997913, 0.04000000000000000083, -0.5724804687499998046 ) ) ;
#3900 = DIRECTION ( 'NONE',  ( 0.000000000000000000, 0.000000000000000000, 1.000000000000000000 ) ) ;
#3901 = DIRECTION ( 'NONE',  ( 0.000000000000000000, -1.000000000000000000, 0.000000000000000000 ) ) ;
#3902 = AXIS2_PLACEMENT_3D ( 'NONE', #1311, #3140, #902 ) ;
#3903 = LINE ( 'NONE', #646, #5406 ) ;
#3904 = CARTESIAN_POINT ( 'NONE',  ( 1.877883244079133984, 0.000000000000000000, -0.3593442254410273429 ) ) ;
#3905 = CARTESIAN_POINT ( 'NONE',  ( 1.489829517064337416, 0.000000000000000000, -0.5533191483123864884 ) ) ;
#3906 = CARTESIAN_POINT ( 'NONE',  ( 1.696250000000000258, 0.000000000000000000, -0.3768749999999996270 ) ) ;
#3907 = CARTESIAN_POINT ( 'NONE',  ( 0.6018029364463032271, 0.000000000000000000, -0.6018554773650260925 ) ) ;
#3908 = B_SPLINE_CURVE_WITH_KNOTS ( 'NONE', 3,
 ( #6441, #4204, #6997, #3040, #2050, #877, #5323, #5936, #3113, #5356, #5904, #5392, #908, #5252, #941, #4274, #6372, #351, #4782 ),
 .UNSPECIFIED., .F., .F.,
 ( 4, 1, 1, 1, 1, 1, 1, 1, 1, 1, 1, 1, 1, 1, 1, 1, 4 ),
 ( 0.000000000000000000, 0.07695235991988012836, 0.1476668335218739025, 0.2145442071883567614, 0.2767944608348862356, 0.3354666826220438214, 0.3918254141742892327, 0.4445075289646444605, 0.4969855594874566518, 0.5489457425977137817, 0.6031696282814020815, 0.6595359753639226108, 0.7187470870059535777, 0.7827918201918750984, 0.8504222980545694810, 0.9221492683424541426, 1.000000000000000000 ),
 .UNSPECIFIED. ) ;
#3909 = VECTOR ( 'NONE', #6067, 39.37007874015748854 ) ;
#3910 = EDGE_LOOP ( 'NONE', ( #3347, #3284, #1974, #556 ) ) ;
#3911 = CARTESIAN_POINT ( 'NONE',  ( 1.949712686094194458, 0.04000000000000000083, -0.4165623942470850216 ) ) ;
#3912 = CARTESIAN_POINT ( 'NONE',  ( 1.333833348515246486, -0.000000000000000000, -0.3816677524541000066 ) ) ;
#3913 = CARTESIAN_POINT ( 'NONE',  ( 2.015787452395758628, 0.000000000000000000, -0.5362838157118136051 ) ) ;
#3914 = CARTESIAN_POINT ( 'NONE',  ( 1.230625000000000302, 0.000000000000000000, -0.3876171874999997380 ) ) ;
#3915 = CARTESIAN_POINT ( 'NONE',  ( 1.479856652782878479, 0.000000000000000000, -0.5919417975870767679 ) ) ;
#3916 = VECTOR ( 'NONE', #5656, 39.37007874015748143 ) ;
#3917 = CARTESIAN_POINT ( 'NONE',  ( 0.5784690946715951299, 0.000000000000000000, -0.5626480301754599456 ) ) ;
#3918 = CARTESIAN_POINT ( 'NONE',  ( 1.068710937500000124, 0.000000000000000000, -0.3987499999999997158 ) ) ;
#3919 = EDGE_CURVE ( 'NONE', #1458, #4643, #1716, .T. ) ;
#3920 = CARTESIAN_POINT ( 'NONE',  ( 0.9462499999999999245, 0.04000000000000000083, -0.4549999999999999045 ) ) ;
#3921 = CARTESIAN_POINT ( 'NONE',  ( 1.002463465363874429, 0.04000000000000000083, -0.5675817320605969218 ) ) ;
#3922 = ORIENTED_EDGE ( 'NONE', *, *, #2894, .T. ) ;
#3923 = CARTESIAN_POINT ( 'NONE',  ( 1.772922235427479176, 0.000000000000000000, -0.5741973516797700405 ) ) ;
#3924 = DIRECTION ( 'NONE',  ( 1.000000000000000000, 0.000000000000000000, 0.000000000000000000 ) ) ;
#3925 = CARTESIAN_POINT ( 'NONE',  ( 0.9065039062499998801, 0.04000000000000000083, -0.5549999999999999378 ) ) ;
#3926 = DIRECTION ( 'NONE',  ( -0.3232552230173955099, 0.000000000000000000, 0.9463118200635421973 ) ) ;
#3927 = CARTESIAN_POINT ( 'NONE',  ( 0.8061231528806640512, 0.000000000000000000, -0.5603052434590530817 ) ) ;
#3928 = EDGE_CURVE ( 'NONE', #6975, #64, #1064, .T. ) ;
#3929 = EDGE_LOOP ( 'NONE', ( #6609, #2, #1656, #3523, #6958, #5553 ) ) ;
#3930 = ORIENTED_EDGE ( 'NONE', *, *, #804, .T. ) ;
#3931 = CARTESIAN_POINT ( 'NONE',  ( 1.990244140625000213, 0.04000000000000000083, -0.5876660156249995381 ) ) ;
#3932 = CARTESIAN_POINT ( 'NONE',  ( 2.005663908221247294, -0.000000000000000000, -0.4292005998741413308 ) ) ;
#3933 = CARTESIAN_POINT ( 'NONE',  ( 1.741186450211744008, 0.000000000000000000, -0.3566293946510081803 ) ) ;
#3934 = CARTESIAN_POINT ( 'NONE',  ( 1.065000000000000391, 1.476640786499873625, -1.180000000000000160 ) ) ;
#3935 = CARTESIAN_POINT ( 'NONE',  ( 0.9050714368234068496, 0.04000000000000000083, -0.4956713052290548371 ) ) ;
#3936 = EDGE_CURVE ( 'NONE', #4505, #5680, #1168, .T. ) ;
#3937 = ORIENTED_EDGE ( 'NONE', *, *, #4196, .F. ) ;
#3938 = ORIENTED_EDGE ( 'NONE', *, *, #1503, .T. ) ;
#3939 = FACE_OUTER_BOUND ( 'NONE', #5321, .T. ) ;
#3940 = CARTESIAN_POINT ( 'NONE',  ( 1.474148470578387604, 0.04000000000000000083, -0.5662579296143110952 ) ) ;
#3941 = B_SPLINE_CURVE_WITH_KNOTS ( 'NONE', 3,
 ( #6126, #5619, #1140, #3262, #1177, #39, #6597 ),
 .UNSPECIFIED., .F., .F.,
 ( 4, 1, 1, 1, 4 ),
 ( 0.000000000000000000, 0.2544485876746017672, 0.5019394265724202997, 0.7469082226920452650, 1.000000000000000000 ),
 .UNSPECIFIED. ) ;
#3942 = PLANE ( 'NONE',  #52 ) ;
#3943 = DIRECTION ( 'NONE',  ( 1.000000000000000000, 0.000000000000000000, 2.276539994720221814E-16 ) ) ;
#3944 = CARTESIAN_POINT ( 'NONE',  ( 2.038224454246524875, 0.04000000000000000083, -0.5530999383869693586 ) ) ;
#3945 = CARTESIAN_POINT ( 'NONE',  ( 0.000000000000000000, 0.1350000000000000089, 0.000000000000000000 ) ) ;
#3946 = CARTESIAN_POINT ( 'NONE',  ( 0.6236561630064697548, 0.04000000000000000083, -0.5885014480388522928 ) ) ;
#3947 = ORIENTED_EDGE ( 'NONE', *, *, #7216, .T. ) ;
#3948 = LINE ( 'NONE', #2225, #1434 ) ;
#3949 = DIRECTION ( 'NONE',  ( -0.000000000000000000, -1.000000000000000000, -0.000000000000000000 ) ) ;
#3950 = CARTESIAN_POINT ( 'NONE',  ( 0.8686000992957558786, 0.000000000000000000, -0.5019838037203623315 ) ) ;
#3951 = CARTESIAN_POINT ( 'NONE',  ( 1.886200068944279717, 0.04000000000000000083, -0.3534409982751858803 ) ) ;
#3952 = CARTESIAN_POINT ( 'NONE',  ( 1.474165019606416660, 0.000000000000000000, -0.5841697710432448565 ) ) ;
#3953 = B_SPLINE_CURVE_WITH_KNOTS ( 'NONE', 3,
 ( #3647, #5858, #1938, #1969, #1383, #6920, #869, #5244, #6430, #238, #833 ),
 .UNSPECIFIED., .F., .F.,
 ( 4, 1, 1, 1, 1, 1, 1, 1, 4 ),
 ( 0.000000000000000000, 0.1429578447943475883, 0.2734518742615031917, 0.3949906705868672652, 0.5124327435092975724, 0.6281863470806294814, 0.7443654094594959192, 0.8667766567902311925, 1.000000000000000000 ),
 .UNSPECIFIED. ) ;
#3954 = CARTESIAN_POINT ( 'NONE',  ( 0.5879492187499998357, 0.04000000000000000083, -0.5476269531249998712 ) ) ;
#3955 = CARTESIAN_POINT ( 'NONE',  ( 1.924287721510634430, 0.000000000000000000, -0.3783636088978165057 ) ) ;
#3956 = CARTESIAN_POINT ( 'NONE',  ( 1.841806640624999991, 0.04000000000000000083, -0.4549999999999996270 ) ) ;
#3957 = CARTESIAN_POINT ( 'NONE',  ( 1.066440298640550344, 0.000000000000000000, -0.3986965787106978021 ) ) ;
#3958 = CARTESIAN_POINT ( 'NONE',  ( 1.768004630529027565, 0.04000000000000000083, -0.5617532807095064751 ) ) ;
#3959 = CARTESIAN_POINT ( 'NONE',  ( 2.021314975229780764, 0.04000000000000000083, -0.5974377634669881809 ) ) ;
#3960 = CARTESIAN_POINT ( 'NONE',  ( 2.007201758097337585, 0.000000000000000000, -0.4197279087018289112 ) ) ;
#3961 = EDGE_CURVE ( 'NONE', #5293, #3167, #5330, .T. ) ;
#3962 = CARTESIAN_POINT ( 'NONE',  ( 1.068541847062682404, 0.000000000000000000, -0.4626515843591927912 ) ) ;
#3963 = CARTESIAN_POINT ( 'NONE',  ( 0.6335058593749998135, 0.000000000000000000, -0.5724804687499998046 ) ) ;
#3964 = EDGE_LOOP ( 'NONE', ( #4161, #830, #1747, #1847, #2021, #6361, #4722, #778, #5207, #6699, #4697, #4465, #5665, #5367, #3749 ) ) ;
#3965 = VERTEX_POINT ( 'NONE', #5036 ) ;
#3966 = DIRECTION ( 'NONE',  ( -0.000000000000000000, -1.000000000000000000, -0.000000000000000000 ) ) ;
#3967 = CARTESIAN_POINT ( 'NONE',  ( 2.045664062500000213, 0.04000000000000000083, -0.5987499999999995604 ) ) ;
#3968 = CARTESIAN_POINT ( 'NONE',  ( 1.741186450211744008, 0.04000000000000000083, -0.3566293946510081803 ) ) ;
#3969 = EDGE_CURVE ( 'NONE', #5152, #4487, #3443, .T. ) ;
#3970 = CARTESIAN_POINT ( 'NONE',  ( 1.230536905506808498, 0.000000000000000000, -0.5713109094903326968 ) ) ;
#3971 = CARTESIAN_POINT ( 'NONE',  ( 0.8001639730080880586, 0.04000000000000000083, -0.3902809971166886216 ) ) ;
#3972 = VERTEX_POINT ( 'NONE', #6771 ) ;
#3973 = VERTEX_POINT ( 'NONE', #6810 ) ;
#3974 = DIRECTION ( 'NONE',  ( -0.3615575501799897506, 0.000000000000000000, 0.9323497937511672218 ) ) ;
#3975 = DIRECTION ( 'NONE',  ( 1.000000000000000000, 0.000000000000000000, 0.000000000000000000 ) ) ;
#3976 = DIRECTION ( 'NONE',  ( -0.000000000000000000, -1.000000000000000000, -0.000000000000000000 ) ) ;
#3977 = CARTESIAN_POINT ( 'NONE',  ( 1.050500478635727264, 0.000000000000000000, -0.5612924088618113094 ) ) ;
#3978 = FACE_OUTER_BOUND ( 'NONE', #2680, .T. ) ;
#3979 = EDGE_CURVE ( 'NONE', #1956, #6544, #2893, .T. ) ;
#3980 = DIRECTION ( 'NONE',  ( -1.000000000000000000, 0.000000000000000000, 0.000000000000000000 ) ) ;
#3981 = CYLINDRICAL_SURFACE ( 'NONE', #5971, 0.2999999999999999334 ) ;
#3982 = ORIENTED_EDGE ( 'NONE', *, *, #4404, .T. ) ;
#3983 = CARTESIAN_POINT ( 'NONE',  ( 1.682214852607238686, -0.000000000000000000, -0.5769510178726946492 ) ) ;
#3984 = ORIENTED_EDGE ( 'NONE', *, *, #6384, .T. ) ;
#3985 = CARTESIAN_POINT ( 'NONE',  ( 1.230594783442906293, 0.000000000000000000, -0.5679089083452334430 ) ) ;
#3986 = ORIENTED_EDGE ( 'NONE', *, *, #2311, .F. ) ;
#3987 = CARTESIAN_POINT ( 'NONE',  ( 2.063274397401126947, -0.000000000000000000, -0.5549796907550272884 ) ) ;
#3988 = CARTESIAN_POINT ( 'NONE',  ( 1.896144909289979363, 0.000000000000000000, -0.3519628643883402908 ) ) ;
#3989 = ADVANCED_FACE ( 'NONE', ( #103 ), #3509, .F. ) ;
#3990 = EDGE_CURVE ( 'NONE', #775, #3012, #1415, .T. ) ;
#3991 = CARTESIAN_POINT ( 'NONE',  ( 1.043692501656674265, 0.04000000000000000083, -0.3889486160171659046 ) ) ;
#3992 = FACE_OUTER_BOUND ( 'NONE', #3724, .T. ) ;
#3993 = CARTESIAN_POINT ( 'NONE',  ( 1.174375000000000169, 0.000000000000000000, -0.3987499999999997158 ) ) ;
#3994 = LINE ( 'NONE', #2867, #2039 ) ;
#3995 = LINE ( 'NONE', #1759, #4472 ) ;
#3996 = CARTESIAN_POINT ( 'NONE',  ( 2.048328620934477318, 0.04000000000000000083, -0.4612091852758919974 ) ) ;
#3997 = FACE_OUTER_BOUND ( 'NONE', #5106, .T. ) ;
#3998 = CARTESIAN_POINT ( 'NONE',  ( 2.017295303861960321, 0.04000000000000000083, -0.5191742615367678226 ) ) ;
#3999 = CARTESIAN_POINT ( 'NONE',  ( 0.8029017911606948221, 0.000000000000000000, -0.3962838404839729711 ) ) ;
#4000 = ORIENTED_EDGE ( 'NONE', *, *, #3048, .F. ) ;
#4001 = ORIENTED_EDGE ( 'NONE', *, *, #5257, .F. ) ;
#4002 = CARTESIAN_POINT ( 'NONE',  ( 0.8786860888298816397, 0.000000000000000000, -0.5531585359973133498 ) ) ;
#4003 = CARTESIAN_POINT ( 'NONE',  ( 0.7994404114152703356, 0.04000000000000000083, -0.5316131467680239586 ) ) ;
#4004 = CARTESIAN_POINT ( 'NONE',  ( 1.594402831496326112, 0.04000000000000000083, -0.3563179182539749634 ) ) ;
#4005 = LINE ( 'NONE', #5096, #2020 ) ;
#4006 = VECTOR ( 'NONE', #4967, 39.37007874015748143 ) ;
#4007 = ORIENTED_EDGE ( 'NONE', *, *, #631, .F. ) ;
#4008 = ADVANCED_FACE ( 'NONE', ( #3106 ), #3033, .T. ) ;
#4009 = PLANE ( 'NONE',  #3667 ) ;
#4010 = CARTESIAN_POINT ( 'NONE',  ( 1.503183593749999769, 0.04000000000000000083, -0.5518749999999997824 ) ) ;
#4011 = CARTESIAN_POINT ( 'NONE',  ( 0.9582579479397153044, 0.04000000000000000083, -0.3564130735380296455 ) ) ;
#4012 = CARTESIAN_POINT ( 'NONE',  ( 2.480000000000000870, 0.3049999999999991607, -0.1250000000000000000 ) ) ;
#4013 = CARTESIAN_POINT ( 'NONE',  ( 2.030429430561831783, 0.04000000000000000083, -0.5511356539183940306 ) ) ;
#4014 = DIRECTION ( 'NONE',  ( 0.5445166897351185753, 0.000000000000000000, -0.8387500072130601447 ) ) ;
#4015 = AXIS2_PLACEMENT_3D ( 'NONE', #6837, #1854, #2616 ) ;
#4016 = CARTESIAN_POINT ( 'NONE',  ( 1.964999999999999858, 1.476640786499873625, -1.180000000000000160 ) ) ;
#4017 = ORIENTED_EDGE ( 'NONE', *, *, #4404, .F. ) ;
#4018 = EDGE_CURVE ( 'NONE', #3418, #6838, #3953, .T. ) ;
#4019 = VECTOR ( 'NONE', #6145, 39.37007874015748143 ) ;
#4020 = CARTESIAN_POINT ( 'NONE',  ( 2.099375000000000213, 0.04000000000000000083, -0.5018749999999996270 ) ) ;
#4021 = CARTESIAN_POINT ( 'NONE',  ( 1.220060227973940759, 0.000000000000000000, -0.5934999292830022144 ) ) ;
#4022 = AXIS2_PLACEMENT_3D ( 'NONE', #4661, #6874, #4083 ) ;
#4023 = CARTESIAN_POINT ( 'NONE',  ( 2.016704755238749147, 0.000000000000000000, -0.5393522598608423424 ) ) ;
#4024 = CARTESIAN_POINT ( 'NONE',  ( 1.605624999999999858, 0.000000000000000000, -0.3840527343749997602 ) ) ;
#4025 = CARTESIAN_POINT ( 'NONE',  ( 1.675425524509937647, 0.04000000000000000083, -0.5581541451412856958 ) ) ;
#4026 = CARTESIAN_POINT ( 'NONE',  ( 0.5842500788467165362, 0.000000000000000000, -0.5531810519692879069 ) ) ;
#4027 = VECTOR ( 'NONE', #2064, 39.37007874015748143 ) ;
#4028 = CARTESIAN_POINT ( 'NONE',  ( 0.5879492187499998357, 0.04000000000000000083, -0.5476269531249998712 ) ) ;
#4029 = B_SPLINE_CURVE_WITH_KNOTS ( 'NONE', 3,
 ( #1470, #917, #5947, #5913, #5810, #4684, #5845 ),
 .UNSPECIFIED., .F., .F.,
 ( 4, 1, 1, 1, 4 ),
 ( 0.000000000000000000, 0.2544485876746017672, 0.5019394265724202997, 0.7469082226920452650, 1.000000000000000000 ),
 .UNSPECIFIED. ) ;
#4030 = VECTOR ( 'NONE', #1023, 39.37007874015748143 ) ;
#4031 = DIRECTION ( 'NONE',  ( 0.000000000000000000, -0.000000000000000000, 1.000000000000000000 ) ) ;
#4032 = CARTESIAN_POINT ( 'NONE',  ( 0.7952062246936556500, -0.000000000000000000, -0.3730445017697057719 ) ) ;
#4033 = PLANE ( 'NONE',  #148 ) ;
#4034 = CARTESIAN_POINT ( 'NONE',  ( 2.008554688379102782, 0.04000000000000000083, -0.4443722439271968194 ) ) ;
#4035 = CARTESIAN_POINT ( 'NONE',  ( 1.052890625000000080, 0.000000000000000000, -0.4832714843749997824 ) ) ;
#4036 = CARTESIAN_POINT ( 'NONE',  ( 0.7980527421577743308, 0.000000000000000000, -0.3849350045922541041 ) ) ;
#4037 = ORIENTED_EDGE ( 'NONE', *, *, #1642, .F. ) ;
#4038 = CARTESIAN_POINT ( 'NONE',  ( 1.992562480839653594, 0.04000000000000000083, -0.4843872875038426340 ) ) ;
#4039 = DIRECTION ( 'NONE',  ( -1.000000000000000000, 0.000000000000000000, 0.000000000000000000 ) ) ;
#4040 = CARTESIAN_POINT ( 'NONE',  ( 1.216587779875847541, 0.000000000000000000, -0.5954433579727881343 ) ) ;
#4041 = B_SPLINE_CURVE_WITH_KNOTS ( 'NONE', 3,
 ( #814, #4038, #1878, #6860, #1840, #1328, #5153, #3561, #295, #3013, #2461, #739, #6894, #4723, #149, #1914, #2979, #6787, #1256 ),
 .UNSPECIFIED., .F., .F.,
 ( 4, 1, 1, 1, 1, 1, 1, 1, 1, 1, 1, 1, 1, 1, 1, 1, 4 ),
 ( 0.000000000000000000, 0.07205155789532320665, 0.1406111398498058052, 0.2065436538052974891, 0.2701730840707983750, 0.3315127924838082163, 0.3916518316918413123, 0.4502372417809887839, 0.5077259467624031242, 0.5658694124620984311, 0.6231479203778079734, 0.6820366219334124125, 0.7413773542704203967, 0.8025565150096127809, 0.8662558997775221536, 0.9317252083619433911, 1.000000000000000000 ),
 .UNSPECIFIED. ) ;
#4042 = CARTESIAN_POINT ( 'NONE',  ( 0.8111839591274118133, 0.000000000000000000, -0.4896144784986271592 ) ) ;
#4043 = CARTESIAN_POINT ( 'NONE',  ( 1.796794995144111562, 0.000000000000000000, -0.5994440785934681548 ) ) ;
#4044 = VERTEX_POINT ( 'NONE', #2002 ) ;
#4045 = CARTESIAN_POINT ( 'NONE',  ( 0.7024303476823133829, -0.000000000000000000, -0.3815880346186683592 ) ) ;
#4046 = CARTESIAN_POINT ( 'NONE',  ( 0.9695410156249998357, 0.04000000000000000083, -0.5987499999999998934 ) ) ;
#4047 = DIRECTION ( 'NONE',  ( -0.000000000000000000, -1.000000000000000000, -0.000000000000000000 ) ) ;
#4048 = CARTESIAN_POINT ( 'NONE',  ( 2.059187002564436764, 0.04000000000000000083, -0.5549404643962556616 ) ) ;
#4049 = CARTESIAN_POINT ( 'NONE',  ( 1.702199551826487411, 0.000000000000000000, -0.3989447913867669726 ) ) ;
#4050 = EDGE_CURVE ( 'NONE', #1394, #3708, #5679, .T. ) ;
#4051 = CARTESIAN_POINT ( 'NONE',  ( 0.6095221445131835392, 0.000000000000000000, -0.6005990921681436667 ) ) ;
#4052 = ORIENTED_EDGE ( 'NONE', *, *, #5343, .T. ) ;
#4053 = CARTESIAN_POINT ( 'NONE',  ( 1.924111888021376338, 0.000000000000000000, -0.3820511914411235943 ) ) ;
#4054 = CARTESIAN_POINT ( 'NONE',  ( 1.229899074122413394, 0.04000000000000000083, -0.5761896830186833407 ) ) ;
#4055 = CARTESIAN_POINT ( 'NONE',  ( 0.8788551225774662301, 0.000000000000000000, -0.4982900066544706519 ) ) ;
#4056 = CARTESIAN_POINT ( 'NONE',  ( 1.589730761765620226, 0.000000000000000000, -0.3537438756759778702 ) ) ;
#4057 = LENGTH_MEASURE_WITH_UNIT ( LENGTH_MEASURE( 0.02539999999999999897 ), #6812 );
#4058 = EDGE_CURVE ( 'NONE', #35, #1479, #1163, .T. ) ;
#4059 = DIRECTION ( 'NONE',  ( -0.000000000000000000, -1.000000000000000000, -0.000000000000000000 ) ) ;
#4060 = LINE ( 'NONE', #6191, #1548 ) ;
#4061 = DIRECTION ( 'NONE',  ( 0.000000000000000000, 0.000000000000000000, -1.000000000000000000 ) ) ;
#4062 = CARTESIAN_POINT ( 'NONE',  ( 0.7952688206853276709, 0.000000000000000000, -0.3713931034677105947 ) ) ;
#4063 = CARTESIAN_POINT ( 'NONE',  ( 2.099375000000000213, 0.04000000000000000083, -0.4612499999999996048 ) ) ;
#4064 = CARTESIAN_POINT ( 'NONE',  ( 2.014696810009165784, 0.04000000000000000083, -0.4520111365266911152 ) ) ;
#4065 = EDGE_LOOP ( 'NONE', ( #1034, #2285, #1990, #3144 ) ) ;
#4066 = EDGE_CURVE ( 'NONE', #6165, #2241, #6988, .T. ) ;
#4067 = CARTESIAN_POINT ( 'NONE',  ( 2.480000000000000870, 0.1350000000000000089, 0.000000000000000000 ) ) ;
#4068 = CARTESIAN_POINT ( 'NONE',  ( 2.099375000000000213, 0.04000000000000000083, -0.4612499999999996048 ) ) ;
#4069 = EDGE_LOOP ( 'NONE', ( #6303, #2474, #3437, #1738 ) ) ;
#4070 = DIRECTION ( 'NONE',  ( 0.9354479355985437783, 0.000000000000000000, -0.3534645099361785614 ) ) ;
#4071 = CARTESIAN_POINT ( 'NONE',  ( 1.051036186825748286, 0.000000000000000000, -0.3953436677225960483 ) ) ;
#4072 = CARTESIAN_POINT ( 'NONE',  ( 1.580816665059306514, 0.04000000000000000083, -0.3519525788324340265 ) ) ;
#4073 = CARTESIAN_POINT ( 'NONE',  ( 0.7994196913718484288, 0.04000000000000000083, -0.5272473166237291453 ) ) ;
#4074 = LINE ( 'NONE', #3497, #1677 ) ;
#4075 = VERTEX_POINT ( 'NONE', #1350 ) ;
#4076 = CARTESIAN_POINT ( 'NONE',  ( 1.056702978549527439, 0.000000000000000000, -0.4952523578245225933 ) ) ;
#4077 = CARTESIAN_POINT ( 'NONE',  ( 1.066425432574315879, 0.000000000000000000, -0.3550593750210382926 ) ) ;
#4078 = CARTESIAN_POINT ( 'NONE',  ( 0.8935985081236789140, 0.04000000000000000083, -0.4351593758092551778 ) ) ;
#4079 = CARTESIAN_POINT ( 'NONE',  ( 2.007177137227762476, 0.000000000000000000, -0.4412990786661489806 ) ) ;
#4080 = CARTESIAN_POINT ( 'NONE',  ( 1.697299596531865129, 0.000000000000000000, -0.3844237398705181441 ) ) ;
#4081 = CARTESIAN_POINT ( 'NONE',  ( 1.965269277469989806, 0.000000000000000000, -0.3815504561701469899 ) ) ;
#4082 = ORIENTED_EDGE ( 'NONE', *, *, #5288, .T. ) ;
#4083 = DIRECTION ( 'NONE',  ( -1.000000000000000000, 0.000000000000000000, -0.000000000000000000 ) ) ;
#4084 = CARTESIAN_POINT ( 'NONE',  ( 1.549374999999999725, 0.04000000000000000083, -0.3840527343749997602 ) ) ;
#4085 = VERTEX_POINT ( 'NONE', #6292 ) ;
#4086 = CARTESIAN_POINT ( 'NONE',  ( 1.737602020816181758, 0.04000000000000000083, -0.3543798560698854794 ) ) ;
#4087 = ADVANCED_FACE ( 'NONE', ( #5755, #6365, #5280 ), #5791, .T. ) ;
#4088 = CARTESIAN_POINT ( 'NONE',  ( 0.9918453977449155357, 0.000000000000000000, -0.3564260582689733337 ) ) ;
#4089 = CARTESIAN_POINT ( 'NONE',  ( 0.7599707031249997025, 0.000000000000000000, -0.5464062499999999822 ) ) ;
#4090 = CARTESIAN_POINT ( 'NONE',  ( 1.256748046875000080, 0.000000000000000000, -0.5752148437499997602 ) ) ;
#4091 = DIRECTION ( 'NONE',  ( 1.000000000000000000, 0.000000000000000000, 0.000000000000000000 ) ) ;
#4092 = LINE ( 'NONE', #1618, #4707 ) ;
#4093 = ADVANCED_FACE ( 'NONE', ( #2521 ), #2037, .T. ) ;
#4094 = CARTESIAN_POINT ( 'NONE',  ( 0.8269471904207696955, 0.000000000000000000, -0.5845974335617092343 ) ) ;
#4095 = CARTESIAN_POINT ( 'NONE',  ( 0.9923775583886399465, 0.000000000000000000, -0.5928005526727820884 ) ) ;
#4096 = CARTESIAN_POINT ( 'NONE',  ( 2.006281153793187499, 0.000000000000000000, -0.4379197432444212890 ) ) ;
#4097 = CARTESIAN_POINT ( 'NONE',  ( 1.970285399642933477, 0.000000000000000000, -0.5692376456001100316 ) ) ;
#4098 = ORIENTED_EDGE ( 'NONE', *, *, #1651, .T. ) ;
#4099 = CARTESIAN_POINT ( 'NONE',  ( 0.9695410156249998357, 0.04000000000000000083, -0.5987499999999998934 ) ) ;
#4100 = CARTESIAN_POINT ( 'NONE',  ( 0.7952474416926696987, -0.000000000000000000, -0.3747472364386192356 ) ) ;
#4101 = ORIENTED_EDGE ( 'NONE', *, *, #2326, .F. ) ;
#4102 = EDGE_CURVE ( 'NONE', #1834, #3816, #6629, .T. ) ;
#4103 = CARTESIAN_POINT ( 'NONE',  ( 1.654892578124999680, 0.04000000000000000083, -0.5987499999999996714 ) ) ;
#4104 = CARTESIAN_POINT ( 'NONE',  ( 1.043692501656674265, 0.000000000000000000, -0.3889486160171659046 ) ) ;
#4105 = CARTESIAN_POINT ( 'NONE',  ( 1.068710937500000124, 0.04000000000000000083, -0.3549999999999997602 ) ) ;
#4106 = CARTESIAN_POINT ( 'NONE',  ( 0.8233062920689425690, 0.000000000000000000, -0.4772911540116689388 ) ) ;
#4107 = CARTESIAN_POINT ( 'NONE',  ( 0.2500000000000000000, 0.3049999999999991607, 0.000000000000000000 ) ) ;
#4108 = EDGE_LOOP ( 'NONE', ( #5886, #4223, #5625, #5428 ) ) ;
#4109 = EDGE_CURVE ( 'NONE', #4797, #6496, #4407, .T. ) ;
#4110 = ORIENTED_EDGE ( 'NONE', *, *, #1003, .T. ) ;
#4111 = CARTESIAN_POINT ( 'NONE',  ( 1.068707731203448752, 0.04000000000000000083, -0.5036064533224602346 ) ) ;
#4112 = EDGE_CURVE ( 'NONE', #6383, #4152, #3170, .T. ) ;
#4113 = VECTOR ( 'NONE', #643, 39.37007874015748143 ) ;
#4114 = CARTESIAN_POINT ( 'NONE',  ( 0.8610875850729554637, 0.04000000000000000083, -0.5972677263151885407 ) ) ;
#4115 = CARTESIAN_POINT ( 'NONE',  ( 0.6504544477135422165, 0.04000000000000000083, -0.3651500289145158118 ) ) ;
#4116 = CARTESIAN_POINT ( 'NONE',  ( 2.042722525026210878, 0.000000000000000000, -0.4608663748415390282 ) ) ;
#4117 = CARTESIAN_POINT ( 'NONE',  ( 1.389999999999999680, 0.000000000000000000, -0.5518749999999997824 ) ) ;
#4118 = VECTOR ( 'NONE', #3117, 39.37007874015748143 ) ;
#4119 = CARTESIAN_POINT ( 'NONE',  ( 1.958669566567271314, 0.000000000000000000, -0.3908094743637777202 ) ) ;
#4120 = ORIENTED_EDGE ( 'NONE', *, *, #693, .F. ) ;
#4121 = ORIENTED_EDGE ( 'NONE', *, *, #2319, .F. ) ;
#4122 = CARTESIAN_POINT ( 'NONE',  ( 1.698231282877490589, 0.04000000000000000083, -0.3681616559951614298 ) ) ;
#4123 = CARTESIAN_POINT ( 'NONE',  ( 1.223041611128310668, 0.000000000000000000, -0.5910334772853688134 ) ) ;
#4124 = B_SPLINE_CURVE_WITH_KNOTS ( 'NONE', 3,
 ( #6087, #4136, #5220, #4637, #6340, #3488, #5802, #731, #1906, #2972, #3454 ),
 .UNSPECIFIED., .F., .F.,
 ( 4, 1, 1, 1, 1, 1, 1, 1, 4 ),
 ( 0.000000000000000000, 0.1269170260353562341, 0.2426831653250985099, 0.3540974449409851066, 0.4653077080320908165, 0.5824615124680044831, 0.7070900444940060314, 0.8455611530334101733, 0.9999999999999998890 ),
 .UNSPECIFIED. ) ;
#4125 = DIRECTION ( 'NONE',  ( 1.000000000000000000, 0.000000000000000000, 1.300879996982982978E-16 ) ) ;
#4126 = VECTOR ( 'NONE', #4614, 39.37007874015748143 ) ;
#4127 = DIRECTION ( 'NONE',  ( -1.000000000000000000, 0.000000000000000000, 0.000000000000000000 ) ) ;
#4128 = CARTESIAN_POINT ( 'NONE',  ( 0.000000000000000000, 0.000000000000000000, 0.000000000000000000 ) ) ;
#4129 = CARTESIAN_POINT ( 'NONE',  ( 2.057528683862053676, -0.000000000000000000, -0.5019134423683149215 ) ) ;
#4130 = LINE ( 'NONE', #1353, #5281 ) ;
#4131 = AXIS2_PLACEMENT_3D ( 'NONE', #4740, #6289, #796 ) ;
#4132 = CARTESIAN_POINT ( 'NONE',  ( 1.974741412479674052, 0.04000000000000000083, -0.4761694779351920426 ) ) ;
#4133 = DIRECTION ( 'NONE',  ( 1.000000000000000000, 0.000000000000000000, -0.000000000000000000 ) ) ;
#4134 = CARTESIAN_POINT ( 'NONE',  ( 1.898398437500000036, 0.04000000000000000083, -0.3518749999999996603 ) ) ;
#4135 = CARTESIAN_POINT ( 'NONE',  ( 2.032729895172760148, 0.04000000000000000083, -0.4594612905753138188 ) ) ;
#4136 = CARTESIAN_POINT ( 'NONE',  ( 0.9778533059409173500, -0.000000000000000000, -0.3519704803838907825 ) ) ;
#4137 = AXIS2_PLACEMENT_3D ( 'NONE', #4619, #6832, #5639 ) ;
#4138 = ORIENTED_EDGE ( 'NONE', *, *, #1374, .T. ) ;
#4139 = CARTESIAN_POINT ( 'NONE',  ( 1.844827574780745882, 0.000000000000000000, -0.5835065871390566761 ) ) ;
#4140 = CARTESIAN_POINT ( 'NONE',  ( 1.484220876722022187, 0.000000000000000000, -0.5950721946915216165 ) ) ;
#4141 = ADVANCED_FACE ( 'NONE', ( #6501 ), #5928, .T. ) ;
#4142 = VECTOR ( 'NONE', #5673, 39.37007874015748143 ) ;
#4143 = ORIENTED_EDGE ( 'NONE', *, *, #6076, .F. ) ;
#4144 = CARTESIAN_POINT ( 'NONE',  ( 1.466454730355532199, 0.04000000000000000083, -0.5802879112056273936 ) ) ;
#4145 = CARTESIAN_POINT ( 'NONE',  ( 0.8147881563716673492, 0.04000000000000000083, -0.4851492366314704707 ) ) ;
#4146 = CARTESIAN_POINT ( 'NONE',  ( 1.041363257269023679, 0.04000000000000000083, -0.3685086602160759228 ) ) ;
#4147 = AXIS2_PLACEMENT_3D ( 'NONE', #4564, #5082, #6743 ) ;
#4148 = CARTESIAN_POINT ( 'NONE',  ( 0.8920236404088089932, 0.04000000000000000083, -0.4961837503033142971 ) ) ;
#4149 = ADVANCED_FACE ( 'NONE', ( #490 ), #4308, .T. ) ;
#4150 = DIRECTION ( 'NONE',  ( 1.000000000000000000, 0.000000000000000000, 0.000000000000000000 ) ) ;
#4151 = ORIENTED_EDGE ( 'NONE', *, *, #610, .F. ) ;
#4152 = VERTEX_POINT ( 'NONE', #6247 ) ;
#4153 = CARTESIAN_POINT ( 'NONE',  ( 1.068707731203448752, 0.000000000000000000, -0.5036064533224602346 ) ) ;
#4154 = CARTESIAN_POINT ( 'NONE',  ( 1.780722656250000258, -0.000000000000000000, -0.4549999999999996270 ) ) ;
#4155 = DIRECTION ( 'NONE',  ( 1.000000000000000000, 0.000000000000000000, 0.000000000000000000 ) ) ;
#4156 = DIRECTION ( 'NONE',  ( -0.000000000000000000, -1.000000000000000000, -0.000000000000000000 ) ) ;
#4157 = CARTESIAN_POINT ( 'NONE',  ( 1.848820844853678480, 0.000000000000000000, -0.5755180061211363496 ) ) ;
#4158 = EDGE_CURVE ( 'NONE', #5346, #6839, #5165, .T. ) ;
#4159 = CARTESIAN_POINT ( 'NONE',  ( 1.954947228605931508, 0.04000000000000000083, -0.3979768764292308525 ) ) ;
#4160 = EDGE_LOOP ( 'NONE', ( #5956, #906, #2993, #4219 ) ) ;
#4161 = ORIENTED_EDGE ( 'NONE', *, *, #5566, .F. ) ;
#4162 = FACE_OUTER_BOUND ( 'NONE', #652, .T. ) ;
#4163 = CARTESIAN_POINT ( 'NONE',  ( 0.5987637090795320249, 0.000000000000000000, -0.6018034355877436292 ) ) ;
#4164 = CARTESIAN_POINT ( 'NONE',  ( 1.746264458495945693, 0.04000000000000000083, -0.3625309632307867624 ) ) ;
#4165 = PLANE ( 'NONE',  #6221 ) ;
#4166 = CARTESIAN_POINT ( 'NONE',  ( 1.654892578124999680, 0.04000000000000000083, -0.5987499999999996714 ) ) ;
#4167 = CARTESIAN_POINT ( 'NONE',  ( 1.230625000000000302, 0.04000000000000000083, -0.5661328124999996936 ) ) ;
#4168 = ORIENTED_EDGE ( 'NONE', *, *, #3707, .F. ) ;
#4169 = CARTESIAN_POINT ( 'NONE',  ( 0.9634527451739841597, 0.000000000000000000, -0.3537421104536338512 ) ) ;
#4170 = CARTESIAN_POINT ( 'NONE',  ( 0.8677575429458291856, 0.04000000000000000083, -0.5979202689991677255 ) ) ;
#4171 = CARTESIAN_POINT ( 'NONE',  ( 0.9871983303848078650, 0.000000000000000000, -0.5957356426193908261 ) ) ;
#4172 = CARTESIAN_POINT ( 'NONE',  ( 0.8028276989471914149, 0.04000000000000000083, -0.3590826211141379676 ) ) ;
#4173 = ORIENTED_EDGE ( 'NONE', *, *, #2192, .T. ) ;
#4174 = CARTESIAN_POINT ( 'NONE',  ( 1.949375000000000302, 0.04000000000000000083, -0.4263378906249996603 ) ) ;
#4175 = DIRECTION ( 'NONE',  ( -0.000000000000000000, -1.000000000000000000, -0.000000000000000000 ) ) ;
#4176 = ORIENTED_EDGE ( 'NONE', *, *, #4514, .T. ) ;
#4177 = CARTESIAN_POINT ( 'NONE',  ( 1.908212429653283859, 0.000000000000000000, -0.3535862439089139664 ) ) ;
#4178 = EDGE_CURVE ( 'NONE', #3401, #5836, #1866, .T. ) ;
#4179 = CARTESIAN_POINT ( 'NONE',  ( 1.755581751792777201, 0.000000000000000000, -0.3820809070311979583 ) ) ;
#4180 = DIRECTION ( 'NONE',  ( 0.000000000000000000, 1.000000000000000000, 0.000000000000000000 ) ) ;
#4181 = CARTESIAN_POINT ( 'NONE',  ( 0.8586624512723852742, 0.000000000000000000, -0.5112501439127175029 ) ) ;
#4182 = ORIENTED_EDGE ( 'NONE', *, *, #4514, .F. ) ;
#4183 = VERTEX_POINT ( 'NONE', #1814 ) ;
#4184 = DIRECTION ( 'NONE',  ( 0.000000000000000000, -1.000000000000000000, -0.000000000000000000 ) ) ;
#4185 = CARTESIAN_POINT ( 'NONE',  ( 2.060361328124999947, 0.04000000000000000083, -0.5018749999999996270 ) ) ;
#4186 = EDGE_CURVE ( 'NONE', #3074, #156, #4478, .T. ) ;
#4187 = CARTESIAN_POINT ( 'NONE',  ( 1.043515625000000169, 0.000000000000000000, -0.5769726562499998268 ) ) ;
#4188 = DIRECTION ( 'NONE',  ( -0.000000000000000000, -1.000000000000000000, -0.000000000000000000 ) ) ;
#4189 = CARTESIAN_POINT ( 'NONE',  ( 1.844827574780745882, 0.000000000000000000, -0.5835065871390566761 ) ) ;
#4190 = ORIENTED_EDGE ( 'NONE', *, *, #517, .T. ) ;
#4191 = CARTESIAN_POINT ( 'NONE',  ( 1.043596871207655097, -0.000000000000000000, -0.5783992718492861895 ) ) ;
#4192 = ORIENTED_EDGE ( 'NONE', *, *, #6569, .T. ) ;
#4193 = PLANE ( 'NONE',  #4356 ) ;
#4194 = CARTESIAN_POINT ( 'NONE',  ( 1.989414062500000080, 0.000000000000000000, -0.3638378906249996048 ) ) ;
#4195 = CARTESIAN_POINT ( 'NONE',  ( 1.725839843749999991, 0.04000000000000000083, -0.3518749999999996603 ) ) ;
#4196 = EDGE_CURVE ( 'NONE', #7081, #4251, #6692, .T. ) ;
#4197 = CARTESIAN_POINT ( 'NONE',  ( 0.8001639730080880586, 0.04000000000000000083, -0.3902809971166886216 ) ) ;
#4198 = CARTESIAN_POINT ( 'NONE',  ( 1.671145130467351247, 0.000000000000000000, -0.5953758084540667905 ) ) ;
#4199 = CARTESIAN_POINT ( 'NONE',  ( 1.960117187500000080, 0.04000000000000000083, -0.5361523437499996492 ) ) ;
#4200 = ORIENTED_EDGE ( 'NONE', *, *, #2211, .F. ) ;
#4201 = CARTESIAN_POINT ( 'NONE',  ( 1.963607270449075681, 0.000000000000000000, -0.4669769042586778274 ) ) ;
#4202 = EDGE_CURVE ( 'NONE', #374, #4252, #4581, .T. ) ;
#4203 = B_SPLINE_CURVE_WITH_KNOTS ( 'NONE', 3,
 ( #6369, #3619, #4960, #4412, #1522, #1561, #2697, #2149, #6619, #2187, #2591 ),
 .UNSPECIFIED., .F., .F.,
 ( 4, 1, 1, 1, 1, 1, 1, 1, 4 ),
 ( 0.000000000000000000, 0.1052319956247327742, 0.2099207363944509408, 0.3151316187611962749, 0.4282585792776819611, 0.5499567684531201373, 0.6813119106234840627, 0.8304852996578296898, 1.000000000000000000 ),
 .UNSPECIFIED. ) ;
#4204 = CARTESIAN_POINT ( 'NONE',  ( 1.200140307599838474, -0.000000000000000000, -0.3550356571421087182 ) ) ;
#4205 = DIRECTION ( 'NONE',  ( -1.000000000000000000, 0.000000000000000000, 0.000000000000000000 ) ) ;
#4206 = CARTESIAN_POINT ( 'NONE',  ( 2.038224454246524875, 0.000000000000000000, -0.5530999383869693586 ) ) ;
#4207 = ORIENTED_EDGE ( 'NONE', *, *, #5343, .F. ) ;
#4208 = DIRECTION ( 'NONE',  ( -1.000000000000000000, -0.000000000000000000, -2.276539994720221814E-16 ) ) ;
#4209 = CARTESIAN_POINT ( 'NONE',  ( 0.7951757812499999911, 0.04000000000000000083, -0.3738476562499999378 ) ) ;
#4210 = LINE ( 'NONE', #3768, #3559 ) ;
#4211 = CARTESIAN_POINT ( 'NONE',  ( 1.041354952032193193, 0.000000000000000000, -0.3851523636866254763 ) ) ;
#4212 = CARTESIAN_POINT ( 'NONE',  ( 2.123154296875000124, 0.000000000000000000, -0.5987499999999995604 ) ) ;
#4213 = CARTESIAN_POINT ( 'NONE',  ( 0.9050714368234068496, 0.000000000000000000, -0.4956713052290548371 ) ) ;
#4214 = VERTEX_POINT ( 'NONE', #1193 ) ;
#4215 = VERTEX_POINT ( 'NONE', #645 ) ;
#4216 = CARTESIAN_POINT ( 'NONE',  ( 1.333833348515246486, 0.04000000000000000083, -0.3816677524541000066 ) ) ;
#4217 = CARTESIAN_POINT ( 'NONE',  ( 1.046856553724963668, 0.000000000000000000, -0.3613586407157824976 ) ) ;
#4218 = PLANE ( 'NONE',  #160 ) ;
#4219 = ORIENTED_EDGE ( 'NONE', *, *, #2043, .T. ) ;
#4220 = CARTESIAN_POINT ( 'NONE',  ( 2.031817383667614774, 0.000000000000000000, -0.3553999301121139043 ) ) ;
#4221 = FACE_OUTER_BOUND ( 'NONE', #5703, .T. ) ;
#4222 = EDGE_CURVE ( 'NONE', #6759, #3167, #1707, .T. ) ;
#4223 = ORIENTED_EDGE ( 'NONE', *, *, #2715, .F. ) ;
#4224 = EDGE_LOOP ( 'NONE', ( #6752, #5123, #5536, #3739 ) ) ;
#4225 = ORIENTED_EDGE ( 'NONE', *, *, #6521, .F. ) ;
#4226 = VERTEX_POINT ( 'NONE', #6214 ) ;
#4227 = FACE_OUTER_BOUND ( 'NONE', #5012, .T. ) ;
#4228 = CARTESIAN_POINT ( 'NONE',  ( 2.023436009275845215, 0.04000000000000000083, -0.3561249584995162532 ) ) ;
#4229 = CARTESIAN_POINT ( 'NONE',  ( 1.749412989529622431, 0.04000000000000000083, -0.3681228293667166973 ) ) ;
#4230 = CARTESIAN_POINT ( 'NONE',  ( 1.285093619490622174, -0.000000000000000000, -0.5986797455209706964 ) ) ;
#4231 = CARTESIAN_POINT ( 'NONE',  ( 1.666660150066392232, 0.04000000000000000083, -0.5532751565046322151 ) ) ;
#4232 = LINE ( 'NONE', #5863, #2850 ) ;
#4233 = ADVANCED_FACE ( 'NONE', ( #2883 ), #3942, .T. ) ;
#4234 = ORIENTED_EDGE ( 'NONE', *, *, #1170, .T. ) ;
#4235 = VECTOR ( 'NONE', #4180, 39.37007874015748143 ) ;
#4236 = CARTESIAN_POINT ( 'NONE',  ( 0.9758398437499998801, 0.000000000000000000, -0.3518749999999999378 ) ) ;
#4237 = CARTESIAN_POINT ( 'NONE',  ( 0.8825104894695688929, 0.04000000000000000083, -0.5986992390857951429 ) ) ;
#4238 = CARTESIAN_POINT ( 'NONE',  ( 0.8693862910303846725, 0.04000000000000000083, -0.5498609660493347651 ) ) ;
#4239 = CARTESIAN_POINT ( 'NONE',  ( 2.027172448892293311, 0.000000000000000000, -0.5499292866216880515 ) ) ;
#4240 = CARTESIAN_POINT ( 'NONE',  ( 1.174375000000000169, 0.04000000000000000083, -0.3987499999999997158 ) ) ;
#4241 = STYLED_ITEM ( 'NONE', ( #2688 ), #2562 ) ;
#4242 = CARTESIAN_POINT ( 'NONE',  ( 1.917246093750000213, 0.04000000000000000083, -0.4019238281249996603 ) ) ;
#4243 = EDGE_CURVE ( 'NONE', #4802, #5986, #6108, .T. ) ;
#4244 = VECTOR ( 'NONE', #2472, 39.37007874015748143 ) ;
#4245 = AXIS2_PLACEMENT_3D ( 'NONE', #364, #2573, #3677 ) ;
#4246 = CARTESIAN_POINT ( 'NONE',  ( 1.872048307966697189, 0.04000000000000000083, -0.3693790243630494241 ) ) ;
#4247 = CARTESIAN_POINT ( 'NONE',  ( 2.012172348064733995, 0.000000000000000000, -0.4110767053371008339 ) ) ;
#4248 = CARTESIAN_POINT ( 'NONE',  ( 0.6635930924006905318, 0.04000000000000000083, -0.3537723651518704937 ) ) ;
#4249 = CARTESIAN_POINT ( 'NONE',  ( 0.8693862910303846725, 0.000000000000000000, -0.5498609660493347651 ) ) ;
#4250 = AXIS2_PLACEMENT_3D ( 'NONE', #5815, #2946, #6978 ) ;
#4251 = VERTEX_POINT ( 'NONE', #678 ) ;
#4252 = VERTEX_POINT ( 'NONE', #7201 ) ;
#4253 = PLANE ( 'NONE',  #4245 ) ;
#4254 = CARTESIAN_POINT ( 'NONE',  ( 1.230618034067166189, 0.000000000000000000, -0.3862486395166686570 ) ) ;
#4255 = VECTOR ( 'NONE', #3502, 39.37007874015748143 ) ;
#4256 = CARTESIAN_POINT ( 'NONE',  ( 2.015146484375000213, 0.000000000000000000, -0.5293164062499996492 ) ) ;
#4257 = ORIENTED_EDGE ( 'NONE', *, *, #436, .T. ) ;
#4258 = CARTESIAN_POINT ( 'NONE',  ( 1.842649803166262590, 0.04000000000000000083, -0.5869697457414765340 ) ) ;
#4259 = CARTESIAN_POINT ( 'NONE',  ( 1.257024872294380424, 0.04000000000000000083, -0.5706365735033214204 ) ) ;
#4260 = EDGE_LOOP ( 'NONE', ( #2834, #5933, #5268, #167 ) ) ;
#4261 = EDGE_LOOP ( 'NONE', ( #2104, #3684, #2759 ) ) ;
#4262 = CARTESIAN_POINT ( 'NONE',  ( 2.155515682990078119, 0.000000000000000000, -0.5701577554578421969 ) ) ;
#4263 = CARTESIAN_POINT ( 'NONE',  ( 1.553494505357658317, 0.04000000000000000083, -0.3650451582485014779 ) ) ;
#4264 = CARTESIAN_POINT ( 'NONE',  ( 1.285093619490622174, 0.000000000000000000, -0.5986797455209706964 ) ) ;
#4265 = LINE ( 'NONE', #1484, #2628 ) ;
#4266 = EDGE_CURVE ( 'NONE', #5137, #3268, #3784, .T. ) ;
#4267 = CARTESIAN_POINT ( 'NONE',  ( 2.007177137227762476, 0.000000000000000000, -0.4412990786661489806 ) ) ;
#4268 = B_SPLINE_CURVE_WITH_KNOTS ( 'NONE', 3,
 ( #779, #4680, #2499, #4177, #6379, #5299, #6936, #1398, #3629, #3492, #5698 ),
 .UNSPECIFIED., .F., .F.,
 ( 4, 1, 1, 1, 1, 1, 1, 1, 4 ),
 ( 0.000000000000000000, 0.1278136221579292409, 0.2513237818880932339, 0.3773041448128575115, 0.5090496017495779180, 0.6394157308705075149, 0.7612157869820057599, 0.8795601774231536218, 1.000000000000000000 ),
 .UNSPECIFIED. ) ;
#4269 = CARTESIAN_POINT ( 'NONE',  ( 1.671502192982278867, 0.04000000000000000083, -0.5552573136534085796 ) ) ;
#4270 = DIRECTION ( 'NONE',  ( 0.3154607403026623014, 0.000000000000000000, 0.9489386288520961221 ) ) ;
#4271 = ORIENTED_EDGE ( 'NONE', *, *, #4814, .T. ) ;
#4272 = CARTESIAN_POINT ( 'NONE',  ( 1.654892578124999680, 0.000000000000000000, -0.5987499999999996714 ) ) ;
#4273 = CARTESIAN_POINT ( 'NONE',  ( 1.983888688217285479, 0.04000000000000000083, -0.4811045083472630379 ) ) ;
#4274 = CARTESIAN_POINT ( 'NONE',  ( 1.230173739409742950, 0.000000000000000000, -0.3798227427556233882 ) ) ;
#4275 = LINE ( 'NONE', #2561, #7036 ) ;
#4276 = EDGE_CURVE ( 'NONE', #156, #3306, #4988, .T. ) ;
#4277 = CARTESIAN_POINT ( 'NONE',  ( 2.015185922238332594, 0.000000000000000000, -0.5305390097726849774 ) ) ;
#4278 = LINE ( 'NONE', #6480, #4927 ) ;
#4279 = CARTESIAN_POINT ( 'NONE',  ( 0.000000000000000000, 0.1700000000000018718, 0.1000000000000000056 ) ) ;
#4280 = CARTESIAN_POINT ( 'NONE',  ( 0.6953778771506584633, 0.000000000000000000, -0.3599085145677565212 ) ) ;
#4281 = ADVANCED_FACE ( 'NONE', ( #6831 ), #1438, .T. ) ;
#4282 = CARTESIAN_POINT ( 'NONE',  ( 0.6007421874999998579, 0.04000000000000000083, -0.6018749999999998268 ) ) ;
#4283 = CARTESIAN_POINT ( 'NONE',  ( 0.8733496093750000577, 0.04000000000000000083, -0.5516308593750000044 ) ) ;
#4284 = CARTESIAN_POINT ( 'NONE',  ( 0.8686000992957558786, 0.04000000000000000083, -0.5019838037203623315 ) ) ;
#4285 = ORIENTED_EDGE ( 'NONE', *, *, #4900, .F. ) ;
#4286 = VERTEX_POINT ( 'NONE', #3571 ) ;
#4287 = CARTESIAN_POINT ( 'NONE',  ( 1.174375000000000169, 0.000000000000000000, -0.4612499999999997713 ) ) ;
#4288 = CARTESIAN_POINT ( 'NONE',  ( 1.202733263623705806, 0.000000000000000000, -0.3551040809990659852 ) ) ;
#4289 = CARTESIAN_POINT ( 'NONE',  ( 1.654892578124999680, 0.000000000000000000, -0.5518749999999997824 ) ) ;
#4290 = VERTEX_POINT ( 'NONE', #4154 ) ;
#4291 = CARTESIAN_POINT ( 'NONE',  ( 1.840323965495518133, 0.000000000000000000, -0.5901731642048090309 ) ) ;
#4292 = LINE ( 'NONE', #1002, #5170 ) ;
#4293 = ORIENTED_EDGE ( 'NONE', *, *, #5427, .F. ) ;
#4294 = VERTEX_POINT ( 'NONE', #6318 ) ;
#4295 = CARTESIAN_POINT ( 'NONE',  ( 1.002392481485496312, 0.000000000000000000, -0.5702071286887876456 ) ) ;
#4296 = CARTESIAN_POINT ( 'NONE',  ( 1.561292444776149146, 0.04000000000000000083, -0.3564675833465724697 ) ) ;
#4297 = CARTESIAN_POINT ( 'NONE',  ( 1.264231652782878523, 0.000000000000000000, -0.5919417975870766568 ) ) ;
#4298 = CARTESIAN_POINT ( 'NONE',  ( 1.466414575201084869, 0.000000000000000000, -0.5703224049498253345 ) ) ;
#4299 = DIRECTION ( 'NONE',  ( 0.000000000000000000, 0.000000000000000000, -1.000000000000000000 ) ) ;
#4300 = CARTESIAN_POINT ( 'NONE',  ( 1.680768299505553065, 0.000000000000000000, -0.5657125978330272975 ) ) ;
#4301 = CARTESIAN_POINT ( 'NONE',  ( 1.002499999999999947, 0.04000000000000000083, -0.5662304687499998268 ) ) ;
#4302 = ORIENTED_EDGE ( 'NONE', *, *, #701, .F. ) ;
#4303 = EDGE_CURVE ( 'NONE', #3419, #2224, #197, .T. ) ;
#4304 = CARTESIAN_POINT ( 'NONE',  ( 1.840323965495518133, 0.04000000000000000083, -0.5901731642048090309 ) ) ;
#4305 = ORIENTED_EDGE ( 'NONE', *, *, #2816, .T. ) ;
#4306 = CARTESIAN_POINT ( 'NONE',  ( 1.230536905506808498, 0.04000000000000000083, -0.5713109094903326968 ) ) ;
#4307 = CARTESIAN_POINT ( 'NONE',  ( 0.7009459247637601642, 0.04000000000000000083, -0.3702123325273271592 ) ) ;
#4308 = B_SPLINE_SURFACE_WITH_KNOTS ( 'NONE', 3, 1, ( 
 ( #2731, #5381 ),
 ( #2040, #4264 ),
 ( #1483, #3719 ),
 ( #380, #2624 ),
 ( #4844, #7060 ),
 ( #2074, #4297 ),
 ( #3500, #1157 ),
 ( #3467, #14 ),
 ( #532, #3359 ),
 ( #6143, #4516 ),
 ( #2252, #3430 ) ),
 .UNSPECIFIED., .F., .F., .F.,
 ( 4, 1, 1, 1, 1, 1, 1, 1, 4 ),
 ( 2, 2 ),
 ( 0.000000000000000000, 0.1697667370961977729, 0.3176794559860904310, 0.4500242076991633478, 0.5714859992495906482, 0.6843530262709511813, 0.7909884223004094439, 0.8939093302669887109, 1.000000000000000000 ),
 ( 0.000000000000000000, 1.000000000000000000 ),
 .UNSPECIFIED. ) ;
#4309 = CARTESIAN_POINT ( 'NONE',  ( 0.7970540585543750556, 0.04000000000000000083, -0.3663989850286845651 ) ) ;
#4310 = CARTESIAN_POINT ( 'NONE',  ( 2.265000000000000124, 0.1600000000000000033, -1.180000000000000160 ) ) ;
#4311 = CARTESIAN_POINT ( 'NONE',  ( 1.230173739409742950, 0.04000000000000000083, -0.3798227427556233882 ) ) ;
#4312 = ADVANCED_FACE ( 'NONE', ( #857 ), #4618, .T. ) ;
#4313 = DIRECTION ( 'NONE',  ( 0.000000000000000000, 0.000000000000000000, -1.000000000000000000 ) ) ;
#4314 = CARTESIAN_POINT ( 'NONE',  ( 2.729999999999999982, 0.1350000000000000089, 0.000000000000000000 ) ) ;
#4315 = CARTESIAN_POINT ( 'NONE',  ( 2.041661406369450926, 0.04000000000000000083, -0.3991719466861887167 ) ) ;
#4316 = CARTESIAN_POINT ( 'NONE',  ( 0.9142535304472351187, 0.000000000000000000, -0.4520311165661609620 ) ) ;
#4317 = CARTESIAN_POINT ( 'NONE',  ( 1.388371355229868653, 0.04000000000000000083, -0.3702560611866932971 ) ) ;
#4318 = ADVANCED_FACE ( 'NONE', ( #195 ), #1449, .T. ) ;
#4319 = VERTEX_POINT ( 'NONE', #1405 ) ;
#4320 = ORIENTED_EDGE ( 'NONE', *, *, #6452, .T. ) ;
#4321 = CARTESIAN_POINT ( 'NONE',  ( 1.807121481614850644, 0.04000000000000000083, -0.6017280207845644435 ) ) ;
#4322 = CARTESIAN_POINT ( 'NONE',  ( 1.230604650143815704, 0.000000000000000000, -0.3836191939354864910 ) ) ;
#4323 = B_SPLINE_CURVE_WITH_KNOTS ( 'NONE', 3,
 ( #3255, #502, #6078, #5432, #1092, #7141, #6626, #464, #2193, #3331, #545 ),
 .UNSPECIFIED., .F., .F.,
 ( 4, 1, 1, 1, 1, 1, 1, 1, 4 ),
 ( 0.000000000000000000, 0.1209112936525205545, 0.2383349183711327979, 0.3582454369415813966, 0.4852088005079074895, 0.6130087708884657260, 0.7389869025312779671, 0.8663370752508473549, 0.9999999999999998890 ),
 .UNSPECIFIED. ) ;
#4324 = DIRECTION ( 'NONE',  ( 0.000000000000000000, 0.000000000000000000, 1.000000000000000000 ) ) ;
#4325 = ORIENTED_EDGE ( 'NONE', *, *, #201, .F. ) ;
#4326 = CARTESIAN_POINT ( 'NONE',  ( 1.466660156249999902, 0.000000000000000000, -0.5752148437499997602 ) ) ;
#4327 = DIRECTION ( 'NONE',  ( -0.000000000000000000, -1.000000000000000000, -0.000000000000000000 ) ) ;
#4328 = VERTEX_POINT ( 'NONE', #266 ) ;
#4329 = ORIENTED_EDGE ( 'NONE', *, *, #1344, .F. ) ;
#4330 = ORIENTED_EDGE ( 'NONE', *, *, #3556, .F. ) ;
#4331 = CARTESIAN_POINT ( 'NONE',  ( 2.153768999443915089, 0.04000000000000000083, -0.5808254009903582871 ) ) ;
#4332 = CARTESIAN_POINT ( 'NONE',  ( 1.174375000000000169, 0.000000000000000000, -0.5549999999999997158 ) ) ;
#4333 = CARTESIAN_POINT ( 'NONE',  ( 0.7540556099053278283, 0.04000000000000000083, -0.6016278692608959533 ) ) ;
#4334 = CARTESIAN_POINT ( 'NONE',  ( 1.466576444768099119, -0.000000000000000000, -0.5735471527621130994 ) ) ;
#4335 = CARTESIAN_POINT ( 'NONE',  ( 1.445415479109264600, 0.04000000000000000083, -0.5520525501284386793 ) ) ;
#4336 = CARTESIAN_POINT ( 'NONE',  ( 1.666660150066392232, 0.000000000000000000, -0.5532751565046322151 ) ) ;
#4337 = CARTESIAN_POINT ( 'NONE',  ( 0.6299256319386252745, 0.04000000000000000083, -0.5783142384884172316 ) ) ;
#4338 = ORIENTED_EDGE ( 'NONE', *, *, #4595, .F. ) ;
#4339 = CARTESIAN_POINT ( 'NONE',  ( 1.916637759188859036, 0.000000000000000000, -0.3592395895217309620 ) ) ;
#4340 = CARTESIAN_POINT ( 'NONE',  ( 0.8405256309002030468, -0.000000000000000000, -0.5919277591688788531 ) ) ;
#4341 = CARTESIAN_POINT ( 'NONE',  ( 0.7664263473390584558, 0.000000000000000000, -0.5570386244605705084 ) ) ;
#4342 = FACE_OUTER_BOUND ( 'NONE', #5841, .T. ) ;
#4343 = CARTESIAN_POINT ( 'NONE',  ( 1.472464987932752045, -0.000000000000000000, -0.5767569221631013709 ) ) ;
#4344 = DIRECTION ( 'NONE',  ( -0.000000000000000000, -1.000000000000000000, -0.000000000000000000 ) ) ;
#4345 = CARTESIAN_POINT ( 'NONE',  ( 1.389999999999999680, 0.04000000000000000083, -0.5518749999999997824 ) ) ;
#4346 = CIRCLE ( 'NONE', #5048, 0.2999999999999999334 ) ;
#4347 = CARTESIAN_POINT ( 'NONE',  ( 1.972180394009269033, 0.000000000000000000, -0.3746111238449672531 ) ) ;
#4348 = CARTESIAN_POINT ( 'NONE',  ( 0.6867657838989483787, 0.000000000000000000, -0.3536794301083531211 ) ) ;
#4349 = LINE ( 'NONE', #5045, #5630 ) ;
#4350 = VECTOR ( 'NONE', #2112, 39.37007874015748143 ) ;
#4351 = CARTESIAN_POINT ( 'NONE',  ( 2.050660436674748510, 0.000000000000000000, -0.3987857156051995977 ) ) ;
#4352 = ADVANCED_FACE ( 'NONE', ( #3636 ), #3148, .T. ) ;
#4353 = CARTESIAN_POINT ( 'NONE',  ( 0.8935985081236789140, 0.000000000000000000, -0.4351593758092551778 ) ) ;
#4354 = CARTESIAN_POINT ( 'NONE',  ( 0.8326720618200870172, 0.000000000000000000, -0.5882724228539194522 ) ) ;
#4355 =( GEOMETRIC_REPRESENTATION_CONTEXT ( 3 ) GLOBAL_UNCERTAINTY_ASSIGNED_CONTEXT ( ( #1498 ) ) GLOBAL_UNIT_ASSIGNED_CONTEXT ( ( #5078, #2341, #1826 ) ) REPRESENTATION_CONTEXT ( 'NONE', 'WORKASPACE' ) );
#4356 = AXIS2_PLACEMENT_3D ( 'NONE', #1270, #6395, #6840 ) ;
#4357 = ORIENTED_EDGE ( 'NONE', *, *, #1609, .T. ) ;
#4358 = VERTEX_POINT ( 'NONE', #5445 ) ;
#4359 = DIRECTION ( 'NONE',  ( 1.000000000000000000, 0.000000000000000000, -0.000000000000000000 ) ) ;
#4360 = CARTESIAN_POINT ( 'NONE',  ( 1.221042666609635896, 0.04000000000000000083, -0.3609521127092621406 ) ) ;
#4361 = CARTESIAN_POINT ( 'NONE',  ( 0.8257133449976300499, -0.000000000000000000, -0.3519151925537765124 ) ) ;
#4362 = VERTEX_POINT ( 'NONE', #3710 ) ;
#4363 = EDGE_CURVE ( 'NONE', #5970, #2262, #6491, .T. ) ;
#4364 = CARTESIAN_POINT ( 'NONE',  ( 1.465143299505553109, 0.04000000000000000083, -0.5657125978330272975 ) ) ;
#4365 = VECTOR ( 'NONE', #3855, 39.37007874015748143 ) ;
#4366 =( CONVERSION_BASED_UNIT ( 'INCH', #5922 ) LENGTH_UNIT ( ) NAMED_UNIT ( #1091 ) );
#4367 = ORIENTED_EDGE ( 'NONE', *, *, #5557, .F. ) ;
#4368 = ORIENTED_EDGE ( 'NONE', *, *, #6773, .T. ) ;
#4369 = CARTESIAN_POINT ( 'NONE',  ( 2.155381272625661815, 0.000000000000000000, -0.3801147199274035882 ) ) ;
#4370 = CARTESIAN_POINT ( 'NONE',  ( 1.345667444776148747, 0.000000000000000000, -0.3564675833465724697 ) ) ;
#4371 = AXIS2_PLACEMENT_3D ( 'NONE', #1869, #6777, #3515 ) ;
#4372 = CARTESIAN_POINT ( 'NONE',  ( 1.256748046874999858, 0.04000000000000000083, -0.5752148437499997602 ) ) ;
#4373 = CARTESIAN_POINT ( 'NONE',  ( 1.898398437500000036, 0.000000000000000000, -0.3518749999999996603 ) ) ;
#4374 = EDGE_CURVE ( 'NONE', #3219, #4286, #1585, .T. ) ;
#4375 = CARTESIAN_POINT ( 'NONE',  ( 1.474148470578387604, 0.000000000000000000, -0.5662579296143110952 ) ) ;
#4376 = CARTESIAN_POINT ( 'NONE',  ( 2.044852074620158611, 0.04000000000000000083, -0.5024753907114936080 ) ) ;
#4377 = AXIS2_PLACEMENT_3D ( 'NONE', #4128, #1171, #3480 ) ;
#4378 = CARTESIAN_POINT ( 'NONE',  ( 1.771096072426270984, 0.000000000000000000, -0.5696252024772485711 ) ) ;
#4379 = ORIENTED_EDGE ( 'NONE', *, *, #6632, .T. ) ;
#4380 = CARTESIAN_POINT ( 'NONE',  ( 2.729999999999999982, 0.1350000000000000089, -1.479999999999999982 ) ) ;
#4381 = CARTESIAN_POINT ( 'NONE',  ( 1.337869505357658584, 0.000000000000000000, -0.3650451582485014779 ) ) ;
#4382 = DIRECTION ( 'NONE',  ( -0.000000000000000000, -1.000000000000000000, -0.000000000000000000 ) ) ;
#4383 = CARTESIAN_POINT ( 'NONE',  ( 0.8610875850729554637, 0.000000000000000000, -0.5972677263151885407 ) ) ;
#4384 = CARTESIAN_POINT ( 'NONE',  ( 0.7632015803801145415, 0.04000000000000000083, -0.5981406691607316084 ) ) ;
#4385 = B_SPLINE_CURVE_WITH_KNOTS ( 'NONE', 3,
 ( #3891, #1068, #1766, #4002, #1223, #2909, #3309, #523, #4979, #7192, #2207 ),
 .UNSPECIFIED., .F., .F.,
 ( 4, 1, 1, 1, 1, 1, 1, 1, 4 ),
 ( 0.000000000000000000, 0.07381789820911878464, 0.1608674805732312474, 0.2630463748609727093, 0.3792234850251424150, 0.5109259343433155687, 0.6585401028399936463, 0.8220015943286664850, 1.000000000000000000 ),
 .UNSPECIFIED. ) ;
#4386 = DIRECTION ( 'NONE',  ( -1.000000000000000000, 0.000000000000000000, 4.553079989440439683E-16 ) ) ;
#4387 = CARTESIAN_POINT ( 'NONE',  ( 2.415000000000000036, 0.1350000000000000089, -0.000000000000000000 ) ) ;
#4388 = CARTESIAN_POINT ( 'NONE',  ( 1.949488372268713965, -0.000000000000000000, -0.4230559367002675319 ) ) ;
#4389 = CARTESIAN_POINT ( 'NONE',  ( 1.039658203125000124, 0.000000000000000000, -0.3767285156249997602 ) ) ;
#4390 = CARTESIAN_POINT ( 'NONE',  ( 1.990244140625000213, 0.04000000000000000083, -0.5876660156249995381 ) ) ;
#4391 = DIRECTION ( 'NONE',  ( -1.000000000000000000, 0.000000000000000000, -0.000000000000000000 ) ) ;
#4392 = FACE_OUTER_BOUND ( 'NONE', #5161, .T. ) ;
#4393 = CARTESIAN_POINT ( 'NONE',  ( 0.7995706622988492107, 0.000000000000000000, -0.5358948575579687290 ) ) ;
#4394 = ORIENTED_EDGE ( 'NONE', *, *, #4158, .T. ) ;
#4395 = ADVANCED_FACE ( 'NONE', ( #892 ), #3789, .T. ) ;
#4396 = ORIENTED_EDGE ( 'NONE', *, *, #4109, .T. ) ;
#4397 = CARTESIAN_POINT ( 'NONE',  ( 1.756406250000000169, 0.04000000000000000083, -0.3840527343749995937 ) ) ;
#4398 = CARTESIAN_POINT ( 'NONE',  ( 1.228806392534069980, 0.000000000000000000, -0.3730302950764388115 ) ) ;
#4399 = CARTESIAN_POINT ( 'NONE',  ( 0.8518261953447646695, 0.000000000000000000, -0.3697119835800934950 ) ) ;
#4400 = CARTESIAN_POINT ( 'NONE',  ( 1.382773271371878332, 0.04000000000000000083, -0.3599752496326636408 ) ) ;
#4401 = CARTESIAN_POINT ( 'NONE',  ( 0.8612363334431161199, 0.04000000000000000083, -0.5076055822449229149 ) ) ;
#4402 = ORIENTED_EDGE ( 'NONE', *, *, #192, .F. ) ;
#4403 = EDGE_LOOP ( 'NONE', ( #5378, #7196, #1821, #4521, #5821, #3503, #2880, #1616, #3006, #996, #4977, #2717, #2704, #6915, #1154 ) ) ;
#4404 = EDGE_CURVE ( 'NONE', #7045, #5130, #452, .T. ) ;
#4405 = CARTESIAN_POINT ( 'NONE',  ( 0.7220824721646097455, 0.04000000000000000083, -0.5857521854337283118 ) ) ;
#4406 = CARTESIAN_POINT ( 'NONE',  ( 1.335472732509531912, 0.000000000000000000, -0.3706935277141287233 ) ) ;
#4407 = LINE ( 'NONE', #1555, #2857 ) ;
#4408 = CARTESIAN_POINT ( 'NONE',  ( 1.666660150066392232, 0.000000000000000000, -0.5532751565046322151 ) ) ;
#4409 = DIRECTION ( 'NONE',  ( -0.3154607403026622459, 0.000000000000000000, -0.9489386288520961221 ) ) ;
#4410 = LINE ( 'NONE', #6617, #2481 ) ;
#4411 = CARTESIAN_POINT ( 'NONE',  ( 0.8333704806256915232, 0.04000000000000000083, -0.4709300056048693617 ) ) ;
#4412 = CARTESIAN_POINT ( 'NONE',  ( 1.054462573673466075, 0.04000000000000000083, -0.4749935376684998878 ) ) ;
#4413 = ORIENTED_EDGE ( 'NONE', *, *, #5114, .T. ) ;
#4414 = EDGE_CURVE ( 'NONE', #6951, #1112, #13, .T. ) ;
#4415 = CARTESIAN_POINT ( 'NONE',  ( 1.924104665991134722, 0.000000000000000000, -0.3717885655813166768 ) ) ;
#4416 = EDGE_CURVE ( 'NONE', #2950, #3748, #1770, .T. ) ;
#4417 = CARTESIAN_POINT ( 'NONE',  ( 1.450749392804951299, 0.04000000000000000083, -0.5973976626379204902 ) ) ;
#4418 = CARTESIAN_POINT ( 'NONE',  ( 1.081015625000000036, 0.04000000000000000083, -0.5049999999999997824 ) ) ;
#4419 = CARTESIAN_POINT ( 'NONE',  ( 0.8389257812499998357, 0.000000000000000000, -0.5912304687499998490 ) ) ;
#4420 = CARTESIAN_POINT ( 'NONE',  ( 1.389999999999999680, 0.000000000000000000, -0.3840527343749997602 ) ) ;
#4421 = CARTESIAN_POINT ( 'NONE',  ( 1.174375000000000169, 0.04000000000000000083, -0.5049999999999997824 ) ) ;
#4422 = LINE ( 'NONE', #4387, #3890 ) ;
#4423 = EDGE_CURVE ( 'NONE', #2292, #3177, #5589, .T. ) ;
#4424 = LINE ( 'NONE', #4929, #758 ) ;
#4425 = CARTESIAN_POINT ( 'NONE',  ( 1.046910254174894916, 0.000000000000000000, -0.3924051806646149942 ) ) ;
#4426 = CARTESIAN_POINT ( 'NONE',  ( 2.014140831531316511, 0.04000000000000000083, -0.5964726633289825219 ) ) ;
#4427 = CARTESIAN_POINT ( 'NONE',  ( 0.9462499999999999245, 0.000000000000000000, -0.4956249999999998712 ) ) ;
#4428 = CARTESIAN_POINT ( 'NONE',  ( 0.9059995641012210665, 0.000000000000000000, -0.4474271371040738909 ) ) ;
#4429 = CARTESIAN_POINT ( 'NONE',  ( 1.056117469006716547, 0.000000000000000000, -0.3563988787599839392 ) ) ;
#4430 = ORIENTED_EDGE ( 'NONE', *, *, #2575, .T. ) ;
#4431 = ORIENTED_EDGE ( 'NONE', *, *, #6036, .F. ) ;
#4432 = LINE ( 'NONE', #2718, #7028 ) ;
#4433 = CARTESIAN_POINT ( 'NONE',  ( 1.258523470578388537, 0.000000000000000000, -0.5662579296143114282 ) ) ;
#4434 = CARTESIAN_POINT ( 'NONE',  ( 1.503183593749999769, 0.000000000000000000, -0.5987499999999996714 ) ) ;
#4435 = CARTESIAN_POINT ( 'NONE',  ( 1.386129476483686895, 0.04000000000000000083, -0.3645620637580315737 ) ) ;
#4436 = LINE ( 'NONE', #6102, #3548 ) ;
#4437 = ORIENTED_EDGE ( 'NONE', *, *, #3583, .F. ) ;
#4438 = VERTEX_POINT ( 'NONE', #6719 ) ;
#4439 = CARTESIAN_POINT ( 'NONE',  ( 0.7150130397433587248, 0.04000000000000000083, -0.5749507299450165032 ) ) ;
#4440 = CARTESIAN_POINT ( 'NONE',  ( 1.363291015624999769, 0.000000000000000000, -0.3518749999999997713 ) ) ;
#4441 = CARTESIAN_POINT ( 'NONE',  ( 0.9694167277847146602, 0.04000000000000000083, -0.3521539927084422761 ) ) ;
#4442 = CARTESIAN_POINT ( 'NONE',  ( 0.9899208337989379158, 0.04000000000000000083, -0.5943890405562933799 ) ) ;
#4443 = DIRECTION ( 'NONE',  ( 1.000000000000000000, -0.000000000000000000, -0.000000000000000000 ) ) ;
#4444 = CARTESIAN_POINT ( 'NONE',  ( 1.549374999999999725, 0.04000000000000000083, -0.3840527343749997602 ) ) ;
#4445 = EDGE_CURVE ( 'NONE', #1488, #6839, #1619, .T. ) ;
#4446 = CARTESIAN_POINT ( 'NONE',  ( 0.8556337269149567604, 0.000000000000000000, -0.4631393428201541762 ) ) ;
#4447 = DIRECTION ( 'NONE',  ( -0.000000000000000000, -1.000000000000000000, -0.000000000000000000 ) ) ;
#4448 = ORIENTED_EDGE ( 'NONE', *, *, #1344, .T. ) ;
#4449 = LINE ( 'NONE', #2370, #2615 ) ;
#4450 = CARTESIAN_POINT ( 'NONE',  ( 1.333749999999999769, 0.000000000000000000, -0.3840527343749997602 ) ) ;
#4451 = CARTESIAN_POINT ( 'NONE',  ( 0.7708667805938640427, 0.04000000000000000083, -0.5655619353124127224 ) ) ;
#4452 = CARTESIAN_POINT ( 'NONE',  ( 0.8389257812499998357, 0.04000000000000000083, -0.5912304687499998490 ) ) ;
#4453 = CARTESIAN_POINT ( 'NONE',  ( 0.000000000000000000, 0.1350000000000000089, 0.000000000000000000 ) ) ;
#4454 = EDGE_CURVE ( 'NONE', #1802, #6829, #2837, .T. ) ;
#4455 = CARTESIAN_POINT ( 'NONE',  ( 0.5866529289555078019, 0.000000000000000000, -0.5495732762805691785 ) ) ;
#4456 = CARTESIAN_POINT ( 'NONE',  ( 1.753809861564878281, 0.000000000000000000, -0.3778433458443091753 ) ) ;
#4457 = VECTOR ( 'NONE', #3462, 39.37007874015748143 ) ;
#4458 = DIRECTION ( 'NONE',  ( -0.000000000000000000, -0.7071067811865511255, -0.7071067811865439090 ) ) ;
#4459 = CARTESIAN_POINT ( 'NONE',  ( 1.039887947698196813, 0.000000000000000000, -0.3810312407221306819 ) ) ;
#4460 = LINE ( 'NONE', #1176, #3312 ) ;
#4461 = CARTESIAN_POINT ( 'NONE',  ( 2.001286800418572209, 0.000000000000000000, -0.5930449820051355569 ) ) ;
#4462 = CARTESIAN_POINT ( 'NONE',  ( 1.503183593749999769, 0.04000000000000000083, -0.5518749999999997824 ) ) ;
#4463 = CARTESIAN_POINT ( 'NONE',  ( 1.601754476483687073, 0.000000000000000000, -0.3645620637580315737 ) ) ;
#4464 = CARTESIAN_POINT ( 'NONE',  ( 1.363291015624999769, 0.000000000000000000, -0.3518749999999997713 ) ) ;
#4465 = ORIENTED_EDGE ( 'NONE', *, *, #5362, .F. ) ;
#4466 = ORIENTED_EDGE ( 'NONE', *, *, #3979, .T. ) ;
#4467 = CARTESIAN_POINT ( 'NONE',  ( 0.8693862910303846725, 0.000000000000000000, -0.5498609660493347651 ) ) ;
#4468 = AXIS2_PLACEMENT_3D ( 'NONE', #1908, #5907, #184 ) ;
#4469 = CARTESIAN_POINT ( 'NONE',  ( 1.256841250253841080, -0.000000000000000000, -0.5736734020095922704 ) ) ;
#4470 = CARTESIAN_POINT ( 'NONE',  ( 1.737602020816181758, 0.04000000000000000083, -0.3543798560698854794 ) ) ;
#4471 = CARTESIAN_POINT ( 'NONE',  ( 1.455877192982278912, 0.04000000000000000083, -0.5552573136534085796 ) ) ;
#4472 = VECTOR ( 'NONE', #2346, 39.37007874015748143 ) ;
#4473 = CARTESIAN_POINT ( 'NONE',  ( 0.7952474416926696987, 0.000000000000000000, -0.3747472364386192356 ) ) ;
#4474 = VERTEX_POINT ( 'NONE', #1733 ) ;
#4475 = ORIENTED_EDGE ( 'NONE', *, *, #5954, .F. ) ;
#4476 = CARTESIAN_POINT ( 'NONE',  ( 2.151249412377416181, 0.000000000000000000, -0.5864719195307052102 ) ) ;
#4477 = CARTESIAN_POINT ( 'NONE',  ( 1.756406250000000169, 0.04000000000000000083, -0.3840527343749995937 ) ) ;
#4478 = LINE ( 'NONE', #4046, #626 ) ;
#4479 = VECTOR ( 'NONE', #4763, 39.37007874015748143 ) ;
#4480 = PLANE ( 'NONE',  #3674 ) ;
#4481 = CARTESIAN_POINT ( 'NONE',  ( 1.917246093750000213, 0.000000000000000000, -0.4019238281249996603 ) ) ;
#4482 = DIRECTION ( 'NONE',  ( -0.000000000000000000, -1.000000000000000000, -0.000000000000000000 ) ) ;
#4483 = CARTESIAN_POINT ( 'NONE',  ( 1.949506710947727095, 0.000000000000000000, -0.4317346291875701625 ) ) ;
#4484 = VECTOR ( 'NONE', #4819, 39.37007874015748143 ) ;
#4485 = EDGE_LOOP ( 'NONE', ( #5560, #2177, #2530, #829, #6834, #163, #6186, #6463, #6426, #5594, #6855, #759, #4151, #5408 ) ) ;
#4486 = CARTESIAN_POINT ( 'NONE',  ( 1.989414062500000080, 0.04000000000000000083, -0.3638378906249996048 ) ) ;
#4487 = VERTEX_POINT ( 'NONE', #3967 ) ;
#4488 = CARTESIAN_POINT ( 'NONE',  ( 2.054208984375000213, 0.04000000000000000083, -0.4612499999999996048 ) ) ;
#4489 = CARTESIAN_POINT ( 'NONE',  ( 0.8612363334431161199, 0.000000000000000000, -0.5076055822449229149 ) ) ;
#4490 = EDGE_CURVE ( 'NONE', #4215, #3530, #4385, .T. ) ;
#4491 = CARTESIAN_POINT ( 'NONE',  ( 1.877883244079133984, 0.04000000000000000083, -0.3593442254410273429 ) ) ;
#4492 = LINE ( 'NONE', #7213, #6553 ) ;
#4493 = VECTOR ( 'NONE', #2741, 39.37007874015748143 ) ;
#4494 = CARTESIAN_POINT ( 'NONE',  ( 0.5750227779187153665, 0.000000000000000000, -0.5697179537919058179 ) ) ;
#4495 = CARTESIAN_POINT ( 'NONE',  ( 1.924111888021376338, 0.04000000000000000083, -0.3820511914411235943 ) ) ;
#4496 = ADVANCED_FACE ( 'NONE', ( #1803 ), #6443, .T. ) ;
#4497 = CARTESIAN_POINT ( 'NONE',  ( 1.949375000000000302, 0.000000000000000000, -0.4263378906249996603 ) ) ;
#4498 = CARTESIAN_POINT ( 'NONE',  ( 1.696293193498420671, 0.000000000000000000, -0.3791364747584065054 ) ) ;
#4499 = CARTESIAN_POINT ( 'NONE',  ( 1.472373046874999813, 0.04000000000000000083, -0.5752148437499997602 ) ) ;
#4500 = CARTESIAN_POINT ( 'NONE',  ( 2.037146969992610135, 0.04000000000000000083, -0.5986672849666707652 ) ) ;
#4501 = CARTESIAN_POINT ( 'NONE',  ( 1.472373046874999813, 0.04000000000000000083, -0.5752148437499997602 ) ) ;
#4502 = CARTESIAN_POINT ( 'NONE',  ( 0.7134863281249997913, 0.04000000000000000083, -0.5724804687499998046 ) ) ;
#4503 = CARTESIAN_POINT ( 'NONE',  ( 0.8578710937499999245, 0.000000000000000000, -0.4626660156249999267 ) ) ;
#4504 = ORIENTED_EDGE ( 'NONE', *, *, #2082, .T. ) ;
#4505 = VERTEX_POINT ( 'NONE', #4103 ) ;
#4506 = LINE ( 'NONE', #3385, #972 ) ;
#4507 = CARTESIAN_POINT ( 'NONE',  ( 1.503183593749999769, 0.04000000000000000083, -0.5518749999999997824 ) ) ;
#4508 = CARTESIAN_POINT ( 'NONE',  ( 1.725839843749999991, 0.04000000000000000083, -0.3518749999999996603 ) ) ;
#4509 = CARTESIAN_POINT ( 'NONE',  ( 2.131086845320312229, 0.000000000000000000, -0.3554159774104793112 ) ) ;
#4510 = CARTESIAN_POINT ( 'NONE',  ( 0.8142220216572227942, 0.04000000000000000083, -0.4170330930400169001 ) ) ;
#4511 = ORIENTED_EDGE ( 'NONE', *, *, #2726, .T. ) ;
#4512 = ORIENTED_EDGE ( 'NONE', *, *, #5084, .T. ) ;
#4513 = CARTESIAN_POINT ( 'NONE',  ( 2.147817397261356120, 0.04000000000000000083, -0.5910281927179699135 ) ) ;
#4514 = EDGE_CURVE ( 'NONE', #2753, #1111, #4041, .T. ) ;
#4515 = LINE ( 'NONE', #6727, #5732 ) ;
#4516 = CARTESIAN_POINT ( 'NONE',  ( 1.256839987932752090, 0.000000000000000000, -0.5767569221631014820 ) ) ;
#4517 = CARTESIAN_POINT ( 'NONE',  ( 1.924375000000000169, 0.04000000000000000083, -0.3765332031249996048 ) ) ;
#4518 = CARTESIAN_POINT ( 'NONE',  ( 2.018058619720922930, 0.04000000000000000083, -0.5420957048316908944 ) ) ;
#4519 = CARTESIAN_POINT ( 'NONE',  ( 1.696250000000000258, 0.04000000000000000083, -0.3768749999999996270 ) ) ;
#4520 = CARTESIAN_POINT ( 'NONE',  ( 0.7490332031249997691, 0.000000000000000000, -0.6018749999999998268 ) ) ;
#4521 = ORIENTED_EDGE ( 'NONE', *, *, #3294, .T. ) ;
#4522 = CARTESIAN_POINT ( 'NONE',  ( 1.917246093750000213, 0.04000000000000000083, -0.4019238281249996603 ) ) ;
#4523 = VERTEX_POINT ( 'NONE', #221 ) ;
#4524 = FACE_OUTER_BOUND ( 'NONE', #294, .T. ) ;
#4525 = ORIENTED_EDGE ( 'NONE', *, *, #6433, .F. ) ;
#4526 = CARTESIAN_POINT ( 'NONE',  ( 2.019762502639480761, 0.000000000000000000, -0.5445401042851789608 ) ) ;
#4527 = B_SPLINE_CURVE_WITH_KNOTS ( 'NONE', 3,
 ( #2313, #6124, #2198, #550, #3845, #5506, #6744, #623, #4498, #1758, #6085 ),
 .UNSPECIFIED., .F., .F.,
 ( 4, 1, 1, 1, 1, 1, 1, 1, 4 ),
 ( 0.000000000000000000, 0.1750997094116825137, 0.3338257146274419274, 0.4795767337879123793, 0.6108295247261493754, 0.7282255898359348834, 0.8328112634893488631, 0.9222244178061379527, 1.000000000000000000 ),
 .UNSPECIFIED. ) ;
#4528 = CARTESIAN_POINT ( 'NONE',  ( 1.877883244079133984, 0.000000000000000000, -0.3593442254410273429 ) ) ;
#4529 = CARTESIAN_POINT ( 'NONE',  ( 0.7708667805938640427, 0.000000000000000000, -0.5655619353124127224 ) ) ;
#4530 = DIRECTION ( 'NONE',  ( -0.000000000000000000, -1.000000000000000000, -0.000000000000000000 ) ) ;
#4531 = CARTESIAN_POINT ( 'NONE',  ( 1.755581751792777201, -0.000000000000000000, -0.3820809070311979583 ) ) ;
#4532 = ORIENTED_EDGE ( 'NONE', *, *, #6095, .F. ) ;
#4533 = LINE ( 'NONE', #140, #4601 ) ;
#4534 = CARTESIAN_POINT ( 'NONE',  ( 1.002392481485496312, 0.000000000000000000, -0.5702071286887876456 ) ) ;
#4535 = CARTESIAN_POINT ( 'NONE',  ( 1.778834221307392660, 0.000000000000000000, -0.5850739842095146193 ) ) ;
#4536 = CARTESIAN_POINT ( 'NONE',  ( 2.037521308832894729, 0.04000000000000000083, -0.4602926517293739472 ) ) ;
#4537 = CARTESIAN_POINT ( 'NONE',  ( 0.7742049891809907880, 0.04000000000000000083, -0.5755946444059838463 ) ) ;
#4538 = DIRECTION ( 'NONE',  ( -0.000000000000000000, -1.000000000000000000, -0.000000000000000000 ) ) ;
#4539 = LINE ( 'NONE', #6858, #3543 ) ;
#4540 = EDGE_CURVE ( 'NONE', #6473, #3869, #847, .T. ) ;
#4541 = ORIENTED_EDGE ( 'NONE', *, *, #3205, .T. ) ;
#4542 = ORIENTED_EDGE ( 'NONE', *, *, #3961, .F. ) ;
#4543 = DIRECTION ( 'NONE',  ( 0.000000000000000000, 0.000000000000000000, 1.000000000000000000 ) ) ;
#4544 = CARTESIAN_POINT ( 'NONE',  ( 1.002427180920327343, 0.04000000000000000083, -0.3817505347398806870 ) ) ;
#4545 = PLANE ( 'NONE',  #608 ) ;
#4546 = EDGE_CURVE ( 'NONE', #3315, #3030, #4268, .T. ) ;
#4547 = CARTESIAN_POINT ( 'NONE',  ( 0.8188927558429361930, 0.04000000000000000083, -0.4244099084131314759 ) ) ;
#4548 = ORIENTED_EDGE ( 'NONE', *, *, #2894, .F. ) ;
#4549 = CARTESIAN_POINT ( 'NONE',  ( 0.7469251978107264156, 0.04000000000000000083, -0.6018009746601061805 ) ) ;
#4550 = CARTESIAN_POINT ( 'NONE',  ( 1.472649872294380380, 0.04000000000000000083, -0.5706365735033217534 ) ) ;
#4551 = CARTESIAN_POINT ( 'NONE',  ( 1.081015625000000036, 0.000000000000000000, -0.5049999999999997824 ) ) ;
#4552 = DIRECTION ( 'NONE',  ( 0.000000000000000000, -0.000000000000000000, -1.000000000000000000 ) ) ;
#4553 = DIRECTION ( 'NONE',  ( 0.000000000000000000, 0.000000000000000000, 1.000000000000000000 ) ) ;
#4554 = CARTESIAN_POINT ( 'NONE',  ( 0.6462499999999998801, 0.000000000000000000, -0.4587109374999998601 ) ) ;
#4555 = ADVANCED_FACE ( 'NONE', ( #703 ), #2938, .T. ) ;
#4556 = CARTESIAN_POINT ( 'NONE',  ( 0.8603613281249998801, 0.04000000000000000083, -0.3832226562499999045 ) ) ;
#4557 = ORIENTED_EDGE ( 'NONE', *, *, #5706, .T. ) ;
#4558 = CARTESIAN_POINT ( 'NONE',  ( 1.656948959406033373, -0.000000000000000000, -0.5986823350490794171 ) ) ;
#4559 = CARTESIAN_POINT ( 'NONE',  ( 0.8450976294236856035, 0.000000000000000000, -0.3604371455215429343 ) ) ;
#4560 = CARTESIAN_POINT ( 'NONE',  ( 2.053277509291010272, 0.000000000000000000, -0.5546854166789314533 ) ) ;
#4561 = CARTESIAN_POINT ( 'NONE',  ( 1.605624999999999858, 0.04000000000000000083, -0.3840527343749997602 ) ) ;
#4562 = CARTESIAN_POINT ( 'NONE',  ( 2.154539157330888077, 0.000000000000000000, -0.5775475940967933486 ) ) ;
#4563 = CARTESIAN_POINT ( 'NONE',  ( 1.174375000000000169, 0.04000000000000000083, -0.3987499999999997158 ) ) ;
#4564 = CARTESIAN_POINT ( 'NONE',  ( 0.9462499999999999245, 0.04000000000000000083, -0.4549999999999999045 ) ) ;
#4565 = CARTESIAN_POINT ( 'NONE',  ( 1.081015625000000036, 0.04000000000000000083, -0.4612499999999997713 ) ) ;
#4566 = LINE ( 'NONE', #142, #500 ) ;
#4567 = FACE_OUTER_BOUND ( 'NONE', #6027, .T. ) ;
#4568 = CARTESIAN_POINT ( 'NONE',  ( 1.074485286649408122, 0.000000000000000000, -0.4614916039958376626 ) ) ;
#4569 = DIRECTION ( 'NONE',  ( -0.000000000000000000, -1.000000000000000000, -0.000000000000000000 ) ) ;
#4570 = VERTEX_POINT ( 'NONE', #1292 ) ;
#4571 = VERTEX_POINT ( 'NONE', #2015 ) ;
#4572 = CARTESIAN_POINT ( 'NONE',  ( 1.268786253098861616, 0.000000000000000000, -0.5555375894150001992 ) ) ;
#4573 = EDGE_CURVE ( 'NONE', #3693, #5336, #433, .T. ) ;
#4574 = DIRECTION ( 'NONE',  ( 1.000000000000000000, 0.000000000000000000, 0.000000000000000000 ) ) ;
#4575 = CARTESIAN_POINT ( 'NONE',  ( 1.227385462816605211, 0.000000000000000000, -0.5845524987689059149 ) ) ;
#4576 = CARTESIAN_POINT ( 'NONE',  ( 1.719665942352538224, 0.000000000000000000, -0.3520871973834255320 ) ) ;
#4577 = CARTESIAN_POINT ( 'NONE',  ( 1.807121481614850644, 0.04000000000000000083, -0.6017280207845644435 ) ) ;
#4578 = AXIS2_PLACEMENT_3D ( 'NONE', #4279, #3732, #1644 ) ;
#4579 = ORIENTED_EDGE ( 'NONE', *, *, #2756, .T. ) ;
#4580 = CARTESIAN_POINT ( 'NONE',  ( 0.7009459247637601642, 0.000000000000000000, -0.3702123325273271592 ) ) ;
#4581 = LINE ( 'NONE', #1667, #5631 ) ;
#4582 = EDGE_CURVE ( 'NONE', #4328, #1112, #4210, .T. ) ;
#4583 = LINE ( 'NONE', #1815, #5638 ) ;
#4584 = LINE ( 'NONE', #4620, #1109 ) ;
#4585 = B_SPLINE_SURFACE_WITH_KNOTS ( 'NONE', 3, 1, ( 
 ( #2044, #6434 ),
 ( #1486, #4879 ),
 ( #7096, #3691 ),
 ( #4376, #1560 ),
 ( #5457, #6583 ),
 ( #3722, #1598 ),
 ( #346, #3175 ),
 ( #6037, #1046 ),
 ( #3282, #2590 ),
 ( #2077, #5931 ),
 ( #3867, #2941 ) ),
 .UNSPECIFIED., .F., .F., .F.,
 ( 4, 1, 1, 1, 1, 1, 1, 1, 4 ),
 ( 2, 2 ),
 ( 0.000000000000000000, 0.1852931517319184040, 0.3454152580142437756, 0.4843922580139429224, 0.5998141629284000631, 0.7014451350093728887, 0.7997714832198113966, 0.8983913349807751692, 1.000000000000000000 ),
 ( 0.000000000000000000, 1.000000000000000000 ),
 .UNSPECIFIED. ) ;
#4586 = CARTESIAN_POINT ( 'NONE',  ( 1.856487890401973706, 0.04000000000000000083, -0.5561556980009904061 ) ) ;
#4587 = AXIS2_PLACEMENT_3D ( 'NONE', #4063, #935, #4299 ) ;
#4588 = CARTESIAN_POINT ( 'NONE',  ( 1.682285156249999858, 0.04000000000000000083, -0.5752148437499997602 ) ) ;
#4589 = VERTEX_POINT ( 'NONE', #1575 ) ;
#4590 = VECTOR ( 'NONE', #6703, 39.37007874015748143 ) ;
#4591 = DIRECTION ( 'NONE',  ( -0.000000000000000000, 1.000000000000000000, -0.000000000000000000 ) ) ;
#4592 = CARTESIAN_POINT ( 'NONE',  ( 1.439267578124999725, 0.04000000000000000083, -0.5987499999999996714 ) ) ;
#4593 = VECTOR ( 'NONE', #831, 39.37007874015748143 ) ;
#4594 = DIRECTION ( 'NONE',  ( -0.000000000000000000, -1.000000000000000000, -0.000000000000000000 ) ) ;
#4595 = EDGE_CURVE ( 'NONE', #2608, #3030, #7041, .T. ) ;
#4596 = CARTESIAN_POINT ( 'NONE',  ( 1.866123046875000080, 0.04000000000000000083, -0.3834667968749996825 ) ) ;
#4597 = CARTESIAN_POINT ( 'NONE',  ( 0.5734155944444501163, 0.000000000000000000, -0.5761188022559019517 ) ) ;
#4598 = B_SPLINE_CURVE_WITH_KNOTS ( 'NONE', 3,
 ( #514, #5620, #1690, #1217, #6162, #5008, #2316, #3415, #1650, #3300, #3925 ),
 .UNSPECIFIED., .F., .F.,
 ( 4, 1, 1, 1, 1, 1, 1, 1, 4 ),
 ( 0.000000000000000000, 0.07381789820911878464, 0.1608674805732312474, 0.2630463748609727093, 0.3792234850251424150, 0.5109259343433155687, 0.6585401028399936463, 0.8220015943286664850, 1.000000000000000000 ),
 .UNSPECIFIED. ) ;
#4599 = VECTOR ( 'NONE', #2425, 39.37007874015748143 ) ;
#4600 = LINE ( 'NONE', #1828, #5748 ) ;
#4601 = VECTOR ( 'NONE', #2381, 39.37007874015748143 ) ;
#4602 = DIRECTION ( 'NONE',  ( -0.000000000000000000, -1.000000000000000000, -0.000000000000000000 ) ) ;
#4603 = CARTESIAN_POINT ( 'NONE',  ( 0.9809268228616009333, 0.04000000000000000083, -0.5976799259556466737 ) ) ;
#4604 = DIRECTION ( 'NONE',  ( 0.000000000000000000, -0.000000000000000000, 1.000000000000000000 ) ) ;
#4605 = CARTESIAN_POINT ( 'NONE',  ( 2.054208984375000213, 0.04000000000000000083, -0.4612499999999996048 ) ) ;
#4606 = ORIENTED_EDGE ( 'NONE', *, *, #7161, .F. ) ;
#4607 = CARTESIAN_POINT ( 'NONE',  ( 1.605445111149788939, 0.000000000000000000, -0.3768347480884960410 ) ) ;
#4608 = CARTESIAN_POINT ( 'NONE',  ( 0.6203407292298560582, 0.000000000000000000, -0.5928229463476700767 ) ) ;
#4609 = ORIENTED_EDGE ( 'NONE', *, *, #5685, .T. ) ;
#4610 = CARTESIAN_POINT ( 'NONE',  ( 1.450749392804951299, 0.000000000000000000, -0.5973976626379204902 ) ) ;
#4611 = CARTESIAN_POINT ( 'NONE',  ( 1.744114010024129025, 0.000000000000000000, -0.3597024594704464340 ) ) ;
#4612 = CARTESIAN_POINT ( 'NONE',  ( 1.549374999999999725, 0.04000000000000000083, -0.3840527343749997602 ) ) ;
#4613 = CARTESIAN_POINT ( 'NONE',  ( 0.8079574597351137921, 0.04000000000000000083, -0.4943480671812497951 ) ) ;
#4614 = DIRECTION ( 'NONE',  ( 0.000000000000000000, 0.000000000000000000, 1.000000000000000000 ) ) ;
#4615 = EDGE_CURVE ( 'NONE', #5779, #4729, #3225, .T. ) ;
#4616 = ORIENTED_EDGE ( 'NONE', *, *, #129, .F. ) ;
#4617 = CARTESIAN_POINT ( 'NONE',  ( 1.503183593749999769, 0.000000000000000000, -0.5518749999999997824 ) ) ;
#4618 = PLANE ( 'NONE',  #4250 ) ;
#4619 = CARTESIAN_POINT ( 'NONE',  ( 2.050107421875000391, 0.04000000000000000083, -0.3549999999999996492 ) ) ;
#4620 = CARTESIAN_POINT ( 'NONE',  ( 2.099375000000000213, 0.000000000000000000, -0.5018749999999996270 ) ) ;
#4621 = DIRECTION ( 'NONE',  ( -1.000000000000000000, 0.000000000000000000, 0.000000000000000000 ) ) ;
#4622 = PLANE ( 'NONE',  #4015 ) ;
#4623 = EDGE_CURVE ( 'NONE', #2888, #1877, #5981, .T. ) ;
#4624 = ORIENTED_EDGE ( 'NONE', *, *, #428, .F. ) ;
#4625 = CARTESIAN_POINT ( 'NONE',  ( 1.696362596534189526, 0.04000000000000000083, -0.3754299059923441040 ) ) ;
#4626 = CARTESIAN_POINT ( 'NONE',  ( 0.8592821136033946816, 0.000000000000000000, -0.3814843215526982356 ) ) ;
#4627 = CARTESIAN_POINT ( 'NONE',  ( 1.389820111149788984, 0.000000000000000000, -0.3768347480884961520 ) ) ;
#4628 = CARTESIAN_POINT ( 'NONE',  ( 0.9918453977449155357, 0.04000000000000000083, -0.3564260582689733337 ) ) ;
#4629 = CARTESIAN_POINT ( 'NONE',  ( 0.7024999999999997913, 0.000000000000000000, -0.3841015624999998823 ) ) ;
#4630 = CARTESIAN_POINT ( 'NONE',  ( 2.024967990344837432, 0.000000000000000000, -0.5090912434260007613 ) ) ;
#4631 = CARTESIAN_POINT ( 'NONE',  ( 1.964726302747429099, 0.04000000000000000083, -0.5118480144107111496 ) ) ;
#4632 = ADVANCED_FACE ( 'NONE', ( #1429 ), #919, .T. ) ;
#4633 = CARTESIAN_POINT ( 'NONE',  ( 0.8556249999999999689, 0.000000000000000000, -0.5257031249999999378 ) ) ;
#4634 = CARTESIAN_POINT ( 'NONE',  ( 0.8269471904207696955, 0.04000000000000000083, -0.5845974335617092343 ) ) ;
#4635 = FACE_OUTER_BOUND ( 'NONE', #220, .T. ) ;
#4636 = CARTESIAN_POINT ( 'NONE',  ( 1.973416091810034745, 0.000000000000000000, -0.5733913833826762563 ) ) ;
#4637 = CARTESIAN_POINT ( 'NONE',  ( 0.9871366733375711577, 0.000000000000000000, -0.3537567205312971974 ) ) ;
#4638 = ORIENTED_EDGE ( 'NONE', *, *, #5298, .F. ) ;
#4639 = LINE ( 'NONE', #4240, #735 ) ;
#4640 = CARTESIAN_POINT ( 'NONE',  ( 0.8188927558429361930, 0.000000000000000000, -0.4244099084131314759 ) ) ;
#4641 = EDGE_CURVE ( 'NONE', #528, #921, #470, .T. ) ;
#4642 = ADVANCED_FACE ( 'NONE', ( #4858 ), #5361, .T. ) ;
#4643 = VERTEX_POINT ( 'NONE', #1984 ) ;
#4644 = B_SPLINE_SURFACE_WITH_KNOTS ( 'NONE', 3, 1, ( 
 ( #402, #4464 ),
 ( #4975, #5010 ),
 ( #1, #3191 ),
 ( #5985, #2643 ),
 ( #5404, #2239 ),
 ( #1654, #4863 ),
 ( #7079, #1615 ),
 ( #4317, #3231 ),
 ( #6600, #438 ),
 ( #2678, #4898 ),
 ( #4935, #3849 ) ),
 .UNSPECIFIED., .F., .F., .F.,
 ( 4, 1, 1, 1, 1, 1, 1, 1, 4 ),
 ( 2, 2 ),
 ( 0.000000000000000000, 0.1202561770071344793, 0.2336311288082739690, 0.3436828735499137255, 0.4563072865791955035, 0.5746948935446934970, 0.7011011373580656736, 0.8416991956304913369, 1.000000000000000000 ),
 ( 0.000000000000000000, 1.000000000000000000 ),
 .UNSPECIFIED. ) ;
#4645 = CARTESIAN_POINT ( 'NONE',  ( 1.445230051491205536, 0.04000000000000000083, -0.5985538056116296302 ) ) ;
#4646 = CARTESIAN_POINT ( 'NONE',  ( 0.8389512420564785300, 0.04000000000000000083, -0.4682879323268834826 ) ) ;
#4647 = CARTESIAN_POINT ( 'NONE',  ( 1.072421875000000080, 0.000000000000000000, -0.5549999999999997158 ) ) ;
#4648 = CARTESIAN_POINT ( 'NONE',  ( 0.8002543360456625399, 0.000000000000000000, -0.5165785253627015461 ) ) ;
#4649 = CARTESIAN_POINT ( 'NONE',  ( 0.7490332031249997691, 0.04000000000000000083, -0.6018749999999998268 ) ) ;
#4650 = EDGE_LOOP ( 'NONE', ( #1664, #5372, #4881, #3127 ) ) ;
#4651 = ORIENTED_EDGE ( 'NONE', *, *, #1325, .F. ) ;
#4652 = FACE_OUTER_BOUND ( 'NONE', #4770, .T. ) ;
#4653 = CARTESIAN_POINT ( 'NONE',  ( 1.039658203125000124, 0.000000000000000000, -0.3767285156249997602 ) ) ;
#4654 = CARTESIAN_POINT ( 'NONE',  ( 1.050500478635727264, 0.04000000000000000083, -0.5612924088618113094 ) ) ;
#4655 = CARTESIAN_POINT ( 'NONE',  ( 2.127136007731350364, 0.04000000000000000083, -0.5987265602660675201 ) ) ;
#4656 = DIRECTION ( 'NONE',  ( -0.000000000000000000, -1.000000000000000000, -0.000000000000000000 ) ) ;
#4657 = CARTESIAN_POINT ( 'NONE',  ( 1.958669566567271314, 0.04000000000000000083, -0.3908094743637777202 ) ) ;
#4658 = B_SPLINE_CURVE_WITH_KNOTS ( 'NONE', 3,
 ( #4725, #6453, #6381, #4146, #5882, #1916, #2569, #887, #358, #3122, #1400 ),
 .UNSPECIFIED., .F., .F.,
 ( 4, 1, 1, 1, 1, 1, 1, 1, 4 ),
 ( 0.000000000000000000, 0.1039814594847949109, 0.2059052063093088913, 0.3117064449956811201, 0.4265769830057573597, 0.5490334137315845409, 0.6827944809178818630, 0.8313725970869145776, 0.9999999999999998890 ),
 .UNSPECIFIED. ) ;
#4659 = ORIENTED_EDGE ( 'NONE', *, *, #2533, .F. ) ;
#4660 = ORIENTED_EDGE ( 'NONE', *, *, #754, .F. ) ;
#4661 = CARTESIAN_POINT ( 'NONE',  ( 1.503183593749999769, 0.04000000000000000083, -0.5518749999999997824 ) ) ;
#4662 = CARTESIAN_POINT ( 'NONE',  ( 1.228834022097400780, 0.000000000000000000, -0.5805943541745087755 ) ) ;
#4663 = CARTESIAN_POINT ( 'NONE',  ( 0.7742552463041310062, 0.04000000000000000083, -0.5801756533029216456 ) ) ;
#4664 = CARTESIAN_POINT ( 'NONE',  ( 0.7954168042480520562, 0.04000000000000000083, -0.3768733075852668257 ) ) ;
#4665 = EDGE_CURVE ( 'NONE', #6527, #3464, #2965, .T. ) ;
#4666 = CARTESIAN_POINT ( 'NONE',  ( 1.605624999999999858, 0.000000000000000000, -0.3840527343749997602 ) ) ;
#4667 = CARTESIAN_POINT ( 'NONE',  ( 1.918891905008060617, 0.000000000000000000, -0.3977743301999187020 ) ) ;
#4668 = CARTESIAN_POINT ( 'NONE',  ( 1.952147362764287353, 0.000000000000000000, -0.4467635451590317164 ) ) ;
#4669 = ORIENTED_EDGE ( 'NONE', *, *, #5329, .F. ) ;
#4670 = B_SPLINE_CURVE_WITH_KNOTS ( 'NONE', 3,
 ( #4497, #4388, #4970, #469, #7148, #2122, #2164, #6633, #5004, #4347, #7217, #1610, #5544, #6594, #1100 ),
 .UNSPECIFIED., .F., .F.,
 ( 4, 1, 1, 1, 1, 1, 1, 1, 1, 1, 1, 1, 4 ),
 ( 0.000000000000000000, 0.1251139878867561506, 0.2475455202790303177, 0.3687608467046650240, 0.4921201239785787940, 0.5543137035972384163, 0.6163115540037714668, 0.6782813926287771800, 0.7406762715500904148, 0.8034410838249168574, 0.8673602111964581196, 0.9327739746667275123, 1.000000000000000000 ),
 .UNSPECIFIED. ) ;
#4671 = LINE ( 'NONE', #771, #3565 ) ;
#4672 = CARTESIAN_POINT ( 'NONE',  ( 0.9964104657054362324, 0.000000000000000000, -0.5887915892374179228 ) ) ;
#4673 = EDGE_CURVE ( 'NONE', #3081, #1782, #4527, .T. ) ;
#4674 = CARTESIAN_POINT ( 'NONE',  ( 1.967575376824846289, 0.000000000000000000, -0.5649064037351857470 ) ) ;
#4675 = CARTESIAN_POINT ( 'NONE',  ( 2.006281153793187499, 0.04000000000000000083, -0.4379197432444212890 ) ) ;
#4676 = ORIENTED_EDGE ( 'NONE', *, *, #4855, .T. ) ;
#4677 = CARTESIAN_POINT ( 'NONE',  ( 1.814548903066818486, -0.000000000000000000, -0.6018417614390058068 ) ) ;
#4678 = FACE_OUTER_BOUND ( 'NONE', #4841, .T. ) ;
#4679 = ORIENTED_EDGE ( 'NONE', *, *, #4018, .T. ) ;
#4680 = CARTESIAN_POINT ( 'NONE',  ( 1.900084235759362583, -0.000000000000000000, -0.3519726931322718633 ) ) ;
#4681 = ADVANCED_FACE ( 'NONE', ( #5005 ), #3207, .T. ) ;
#4682 = CARTESIAN_POINT ( 'NONE',  ( 0.6236561630064697548, 0.04000000000000000083, -0.5885014480388522928 ) ) ;
#4683 = CARTESIAN_POINT ( 'NONE',  ( 2.143599444625457817, 0.000000000000000000, -0.3594036940002886538 ) ) ;
#4684 = CARTESIAN_POINT ( 'NONE',  ( 2.015184491534407929, 0.04000000000000000083, -0.5281386530777031352 ) ) ;
#4685 = CARTESIAN_POINT ( 'NONE',  ( 0.7374941078461679789, 0.04000000000000000083, -0.6003819839028301519 ) ) ;
#4686 = ORIENTED_EDGE ( 'NONE', *, *, #6446, .F. ) ;
#4687 = ORIENTED_EDGE ( 'NONE', *, *, #4980, .F. ) ;
#4688 = DIRECTION ( 'NONE',  ( -0.3665245183824903386, 0.000000000000000000, -0.9304083928170915341 ) ) ;
#4689 = VECTOR ( 'NONE', #742, 39.37007874015748143 ) ;
#4690 = CARTESIAN_POINT ( 'NONE',  ( 1.039734581397383062, 0.000000000000000000, -0.3753162929776692192 ) ) ;
#4691 = CARTESIAN_POINT ( 'NONE',  ( 0.6480439347055678700, 0.04000000000000000083, -0.3708097881172091603 ) ) ;
#4692 = DIRECTION ( 'NONE',  ( -0.000000000000000000, -1.000000000000000000, -0.000000000000000000 ) ) ;
#4693 = CARTESIAN_POINT ( 'NONE',  ( 1.078779109144798909, 0.04000000000000000083, -0.5049404509781987294 ) ) ;
#4694 = VECTOR ( 'NONE', #3584, 39.37007874015748143 ) ;
#4695 = CARTESIAN_POINT ( 'NONE',  ( 1.987823746112578949, 0.000000000000000000, -0.3645967972455707584 ) ) ;
#4696 = ORIENTED_EDGE ( 'NONE', *, *, #5370, .T. ) ;
#4697 = ORIENTED_EDGE ( 'NONE', *, *, #5839, .F. ) ;
#4698 = DIRECTION ( 'NONE',  ( 0.000000000000000000, -0.000000000000000000, 1.000000000000000000 ) ) ;
#4699 = CARTESIAN_POINT ( 'NONE',  ( 1.995251337231652045, 0.04000000000000000083, -0.3615000848468064576 ) ) ;
#4700 = CARTESIAN_POINT ( 'NONE',  ( 1.741186450211744008, 0.04000000000000000083, -0.3566293946510081803 ) ) ;
#4701 = VECTOR ( 'NONE', #155, 39.37007874015748143 ) ;
#4702 = FACE_OUTER_BOUND ( 'NONE', #541, .T. ) ;
#4703 = CARTESIAN_POINT ( 'NONE',  ( 2.033280517084835815, 0.000000000000000000, -0.5047178627920262395 ) ) ;
#4704 = CARTESIAN_POINT ( 'NONE',  ( 1.964726302747429099, 0.000000000000000000, -0.5118480144107111496 ) ) ;
#4705 = B_SPLINE_SURFACE_WITH_KNOTS ( 'NONE', 3, 1, ( 
 ( #1151, #637 ),
 ( #2427, #3389 ),
 ( #5591, #2839 ),
 ( #5056, #4509 ),
 ( #51, #2290 ),
 ( #6721, #1735 ),
 ( #2877, #86 ),
 ( #2324, #4683 ),
 ( #1986, #6311 ),
 ( #2463, #3671 ),
 ( #5912, #328 ),
 ( #5333, #223 ),
 ( #2501, #2605 ),
 ( #1367, #4759 ),
 ( #6897, #5364 ) ),
 .UNSPECIFIED., .F., .F., .F.,
 ( 4, 1, 1, 1, 1, 1, 1, 1, 1, 1, 1, 1, 4 ),
 ( 2, 2 ),
 ( 0.000000000000000000, 0.07807961772694872737, 0.1508867204098373604, 0.2189559435194081138, 0.2826437596388515217, 0.3416327370472023728, 0.3982897811017766521, 0.4517634959710126186, 0.5037589776706630218, 0.6095217858084827078, 0.7242769757538611852, 0.8528314578312294891, 1.000000000000000000 ),
 ( 0.000000000000000000, 1.000000000000000000 ),
 .UNSPECIFIED. ) ;
#4706 = VECTOR ( 'NONE', #5565, 39.37007874015748143 ) ;
#4707 = VECTOR ( 'NONE', #6057, 39.37007874015748143 ) ;
#4708 = ORIENTED_EDGE ( 'NONE', *, *, #6706, .T. ) ;
#4709 = EDGE_CURVE ( 'NONE', #4251, #641, #3994, .T. ) ;
#4710 = CARTESIAN_POINT ( 'NONE',  ( 1.979133116242129065, 0.04000000000000000083, -0.4787707265917642285 ) ) ;
#4711 = LINE ( 'NONE', #840, #872 ) ;
#4712 = CARTESIAN_POINT ( 'NONE',  ( 0.8228258917275290685, -0.000000000000000000, -0.3519045578477230096 ) ) ;
#4713 = B_SPLINE_SURFACE_WITH_KNOTS ( 'NONE', 3, 1, ( 
 ( #968, #2655 ),
 ( #1448, #7019 ),
 ( #5420, #4262 ),
 ( #4874, #6466 ),
 ( #3206, #7091 ),
 ( #4331, #3788 ),
 ( #530, #566 ),
 ( #2769, #4476 ),
 ( #602, #56 ),
 ( #4513, #2329 ),
 ( #6726, #1121 ),
 ( #642, #2805 ),
 ( #11, #2881 ),
 ( #1155, #5526 ),
 ( #1191, #2250 ),
 ( #5635, #6689 ),
 ( #6760, #5022 ),
 ( #1740, #3860 ),
 ( #1705, #2914 ) ),
 .UNSPECIFIED., .F., .F., .F.,
 ( 4, 1, 1, 1, 1, 1, 1, 1, 1, 1, 1, 1, 1, 1, 1, 1, 4 ),
 ( 2, 2 ),
 ( 0.000000000000000000, 0.07714614936310129623, 0.1499381227761915070, 0.2170897888682405130, 0.2805324283810447517, 0.3395091479172724913, 0.3961544186739956452, 0.4498685378729490592, 0.5025374121508991987, 0.5546030496780485208, 0.6080656527432225511, 0.6643004721548941838, 0.7229549316894937627, 0.7857435747050119934, 0.8518330876110555838, 0.9237987123834393577, 1.000000000000000000 ),
 ( 0.000000000000000000, 1.000000000000000000 ),
 .UNSPECIFIED. ) ;
#4714 = CARTESIAN_POINT ( 'NONE',  ( 2.015146484375000213, 0.000000000000000000, -0.5293164062499996492 ) ) ;
#4715 = VECTOR ( 'NONE', #4324, 39.37007874015748143 ) ;
#4716 = ORIENTED_EDGE ( 'NONE', *, *, #4186, .T. ) ;
#4717 = DIRECTION ( 'NONE',  ( 0.000000000000000000, -0.000000000000000000, 1.000000000000000000 ) ) ;
#4718 = CARTESIAN_POINT ( 'NONE',  ( 1.472646123046561284, 0.04000000000000000083, -0.5797950049923453752 ) ) ;
#4719 = B_SPLINE_CURVE_WITH_KNOTS ( 'NONE', 3,
 ( #5435, #7146, #3877, #2086, #548, #2706, #6081, #3336, #5543, #6514, #467, #945, #3184, #5003, #7215, #4311, #5940, #2120, #430 ),
 .UNSPECIFIED., .F., .F.,
 ( 4, 1, 1, 1, 1, 1, 1, 1, 1, 1, 1, 1, 1, 1, 1, 1, 4 ),
 ( 0.000000000000000000, 0.07695235991988012836, 0.1476668335218739025, 0.2145442071883567614, 0.2767944608348862356, 0.3354666826220438214, 0.3918254141742892327, 0.4445075289646444605, 0.4969855594874566518, 0.5489457425977137817, 0.6031696282814020815, 0.6595359753639226108, 0.7187470870059535777, 0.7827918201918750984, 0.8504222980545694810, 0.9221492683424541426, 1.000000000000000000 ),
 .UNSPECIFIED. ) ;
#4720 = ADVANCED_FACE ( 'NONE', ( #5083 ), #3614, .T. ) ;
#4721 = AXIS2_PLACEMENT_3D ( 'NONE', #7077, #1613, #4391 ) ;
#4722 = ORIENTED_EDGE ( 'NONE', *, *, #5370, .F. ) ;
#4723 = CARTESIAN_POINT ( 'NONE',  ( 1.952147362764287353, 0.04000000000000000083, -0.4467635451590317164 ) ) ;
#4724 = PLANE ( 'NONE',  #1099 ) ;
#4725 = CARTESIAN_POINT ( 'NONE',  ( 1.039658203125000124, 0.04000000000000000083, -0.3767285156249997602 ) ) ;
#4726 = CARTESIAN_POINT ( 'NONE',  ( 0.8612363334431161199, 0.000000000000000000, -0.5076055822449229149 ) ) ;
#4727 = CARTESIAN_POINT ( 'NONE',  ( 1.072421875000000080, 0.000000000000000000, -0.5549999999999997158 ) ) ;
#4728 = EDGE_CURVE ( 'NONE', #820, #2410, #6300, .T. ) ;
#4729 = VERTEX_POINT ( 'NONE', #4134 ) ;
#4730 = EDGE_LOOP ( 'NONE', ( #3314, #5812, #1269, #3103 ) ) ;
#4731 = CARTESIAN_POINT ( 'NONE',  ( 1.056702978549527439, 0.04000000000000000083, -0.4952523578245225933 ) ) ;
#4732 = CARTESIAN_POINT ( 'NONE',  ( 1.039734581397383062, 0.04000000000000000083, -0.3753162929776692192 ) ) ;
#4733 = FACE_OUTER_BOUND ( 'NONE', #5407, .T. ) ;
#4734 = CARTESIAN_POINT ( 'NONE',  ( 2.155625000000000124, 0.04000000000000000083, -0.5661328124999995826 ) ) ;
#4735 = CARTESIAN_POINT ( 'NONE',  ( 1.846860167443127088, 0.04000000000000000083, -0.5796946418014480296 ) ) ;
#4736 = ORIENTED_EDGE ( 'NONE', *, *, #3701, .F. ) ;
#4737 = FACE_OUTER_BOUND ( 'NONE', #5504, .T. ) ;
#4738 = EDGE_CURVE ( 'NONE', #4183, #3131, #2447, .T. ) ;
#4739 = VERTEX_POINT ( 'NONE', #3551 ) ;
#4740 = CARTESIAN_POINT ( 'NONE',  ( 0.9014379788572237651, 0.04000000000000000083, -0.4435528453373339119 ) ) ;
#4741 = CARTESIAN_POINT ( 'NONE',  ( 0.5807822090916746616, 0.000000000000000000, -0.5947535105735504146 ) ) ;
#4742 = CARTESIAN_POINT ( 'NONE',  ( 0.7743261718749997469, 0.04000000000000000083, -0.5786328124999998712 ) ) ;
#4743 = CARTESIAN_POINT ( 'NONE',  ( 0.8239424962874418723, 0.04000000000000000083, -0.4316475098899403839 ) ) ;
#4744 = CARTESIAN_POINT ( 'NONE',  ( 1.256748046874999858, 0.04000000000000000083, -0.5752148437499997602 ) ) ;
#4745 = CARTESIAN_POINT ( 'NONE',  ( 0.9462499999999999245, 0.000000000000000000, -0.5549999999999999378 ) ) ;
#4746 = ORIENTED_EDGE ( 'NONE', *, *, #3733, .F. ) ;
#4747 = CARTESIAN_POINT ( 'NONE',  ( 1.963607270449075681, 0.04000000000000000083, -0.4669769042586778274 ) ) ;
#4748 = CARTESIAN_POINT ( 'NONE',  ( 0.8003365291066387721, 0.04000000000000000083, -0.5422447399437928528 ) ) ;
#4749 = CARTESIAN_POINT ( 'NONE',  ( 0.9462499999999999245, 0.04000000000000000083, -0.3836132812499999378 ) ) ;
#4750 = CARTESIAN_POINT ( 'NONE',  ( 2.030429430561831783, 0.000000000000000000, -0.5511356539183940306 ) ) ;
#4751 = VERTEX_POINT ( 'NONE', #3041 ) ;
#4752 = CARTESIAN_POINT ( 'NONE',  ( 0.9736324210259678091, -0.000000000000000000, -0.3519708810097439411 ) ) ;
#4753 = CARTESIAN_POINT ( 'NONE',  ( 0.8055458715792485069, 0.04000000000000000083, -0.3569883667585909692 ) ) ;
#4754 = B_SPLINE_CURVE_WITH_KNOTS ( 'NONE', 3,
 ( #2537, #5227, #1432, #3015, #4353, #6599, #5550, #4428, #3265, #4316, #437, #554, #2677, #3736, #2713 ),
 .UNSPECIFIED., .F., .F.,
 ( 4, 1, 1, 1, 1, 1, 1, 1, 1, 1, 1, 1, 4 ),
 ( 0.000000000000000000, 0.1305022468437830319, 0.2461881223844980537, 0.3472411436464852286, 0.4348805732667463952, 0.5123863974677682620, 0.5836727118363442823, 0.6494861056380286657, 0.7107735052190127245, 0.7731265383694301274, 0.8418090673925526790, 0.9170873637246866883, 1.000000000000000000 ),
 .UNSPECIFIED. ) ;
#4755 = LINE ( 'NONE', #1839, #3885 ) ;
#4756 = CARTESIAN_POINT ( 'NONE',  ( 0.5733007812499998357, 0.04000000000000000083, -0.5793164062499999156 ) ) ;
#4757 = CARTESIAN_POINT ( 'NONE',  ( 0.6267051902758962179, 0.04000000000000000083, -0.5836871247622142933 ) ) ;
#4758 = ADVANCED_FACE ( 'NONE', ( #4635 ), #1870, .F. ) ;
#4759 = CARTESIAN_POINT ( 'NONE',  ( 2.155540181561382607, 0.000000000000000000, -0.3850062883877574671 ) ) ;
#4760 = CARTESIAN_POINT ( 'NONE',  ( 0.9078710937500000799, 0.04000000000000000083, -0.4956249999999999267 ) ) ;
#4761 = VERTEX_POINT ( 'NONE', #729 ) ;
#4762 = ORIENTED_EDGE ( 'NONE', *, *, #3893, .F. ) ;
#4763 = DIRECTION ( 'NONE',  ( -0.000000000000000000, -0.000000000000000000, 1.000000000000000000 ) ) ;
#4764 = DIRECTION ( 'NONE',  ( 1.000000000000000000, 0.000000000000000000, 0.000000000000000000 ) ) ;
#4765 = CARTESIAN_POINT ( 'NONE',  ( 2.123154296875000124, 0.04000000000000000083, -0.5987499999999995604 ) ) ;
#4766 = B_SPLINE_SURFACE_WITH_KNOTS ( 'NONE', 3, 1, ( 
 ( #6900, #225 ),
 ( #2397, #708 ),
 ( #4577, #6350 ),
 ( #3600, #6794 ),
 ( #2943, #4043 ),
 ( #1809, #2429 ),
 ( #6864, #1334 ),
 ( #3567, #1919 ),
 ( #3054, #5266 ),
 ( #1724, #4535 ),
 ( #5618, #5693 ),
 ( #6160, #3923 ),
 ( #2235, #5118 ),
 ( #5147, #664 ),
 ( #3958, #1214 ),
 ( #3453, #2829 ),
 ( #2902, #551 ) ),
 .UNSPECIFIED., .F., .F., .F.,
 ( 4, 1, 1, 1, 1, 1, 1, 1, 1, 1, 1, 1, 1, 1, 4 ),
 ( 2, 2 ),
 ( 0.000000000000000000, 0.08379316017330265542, 0.1615280261928260797, 0.2334723873092924840, 0.3027370406211130072, 0.3685301082957296304, 0.4310481113041587653, 0.4902331166977130783, 0.5478524561175178720, 0.6568196353115056674, 0.7581955723555129367, 0.8101276751719449498, 0.8677596749367423312, 0.9307002457619336644, 1.000000000000000000 ),
 ( 0.000000000000000000, 1.000000000000000000 ),
 .UNSPECIFIED. ) ;
#4767 = DIRECTION ( 'NONE',  ( -0.000000000000000000, -1.000000000000000000, -0.000000000000000000 ) ) ;
#4768 = CARTESIAN_POINT ( 'NONE',  ( 0.5879492187499998357, 0.000000000000000000, -0.5476269531249998712 ) ) ;
#4769 = ORIENTED_EDGE ( 'NONE', *, *, #4109, .F. ) ;
#4770 = EDGE_LOOP ( 'NONE', ( #5250, #122, #300, #6039, #3377, #5647, #2240, #6222, #4402, #6576, #2027 ) ) ;
#4771 = ORIENTED_EDGE ( 'NONE', *, *, #6893, .T. ) ;
#4772 = CARTESIAN_POINT ( 'NONE',  ( 1.723727356564559665, 0.04000000000000000083, -0.3519476063188267667 ) ) ;
#4773 = CARTESIAN_POINT ( 'NONE',  ( 0.5733007812499998357, 0.04000000000000000083, -0.5793164062499999156 ) ) ;
#4774 = CARTESIAN_POINT ( 'NONE',  ( 1.386129476483686895, 0.000000000000000000, -0.3645620637580315737 ) ) ;
#4775 = DIRECTION ( 'NONE',  ( 0.000000000000000000, 0.000000000000000000, -1.000000000000000000 ) ) ;
#4776 = EDGE_CURVE ( 'NONE', #3471, #423, #3623, .T. ) ;
#4777 = CARTESIAN_POINT ( 'NONE',  ( 1.656948959406033373, 0.000000000000000000, -0.5986823350490794171 ) ) ;
#4778 = CARTESIAN_POINT ( 'NONE',  ( 1.920436430701098152, 0.000000000000000000, -0.3939406800739869707 ) ) ;
#4779 = B_SPLINE_CURVE_WITH_KNOTS ( 'NONE', 3,
 ( #5308, #230, #3680, #4691, #4115, #5203, #5235, #2512, #858, #2434, #6980 ),
 .UNSPECIFIED., .F., .F.,
 ( 4, 1, 1, 1, 1, 1, 1, 1, 4 ),
 ( 0.000000000000000000, 0.1429578447943475883, 0.2734518742615031917, 0.3949906705868672652, 0.5124327435092975724, 0.6281863470806294814, 0.7443654094594959192, 0.8667766567902311925, 1.000000000000000000 ),
 .UNSPECIFIED. ) ;
#4780 = ORIENTED_EDGE ( 'NONE', *, *, #18, .T. ) ;
#4781 = CARTESIAN_POINT ( 'NONE',  ( 0.9582579479397153044, 0.04000000000000000083, -0.3564130735380296455 ) ) ;
#4782 = CARTESIAN_POINT ( 'NONE',  ( 1.230625000000000302, 0.000000000000000000, -0.3876171874999997380 ) ) ;
#4783 = CARTESIAN_POINT ( 'NONE',  ( 1.680768299505553065, 0.000000000000000000, -0.5657125978330272975 ) ) ;
#4784 = CARTESIAN_POINT ( 'NONE',  ( 2.024330825051781080, 0.04000000000000000083, -0.5484414354103631650 ) ) ;
#4785 = LINE ( 'NONE', #1322, #2248 ) ;
#4786 = CARTESIAN_POINT ( 'NONE',  ( 1.496105986326241366, 0.000000000000000000, -0.5985482803997088652 ) ) ;
#4787 = CARTESIAN_POINT ( 'NONE',  ( 1.869040423395333939, 0.04000000000000000083, -0.3760205424103839622 ) ) ;
#4788 = CARTESIAN_POINT ( 'NONE',  ( 2.028965364753648970, 0.000000000000000000, -0.5982476101100773214 ) ) ;
#4789 = CARTESIAN_POINT ( 'NONE',  ( 0.6463272804300682628, 0.000000000000000000, -0.3817313919349539231 ) ) ;
#4790 = CARTESIAN_POINT ( 'NONE',  ( 0.8556249999999999689, 0.000000000000000000, -0.5257031249999999378 ) ) ;
#4791 = EDGE_LOOP ( 'NONE', ( #6315, #1749, #1957, #6716 ) ) ;
#4792 = EDGE_CURVE ( 'NONE', #3012, #5052, #632, .T. ) ;
#4793 = ORIENTED_EDGE ( 'NONE', *, *, #2707, .T. ) ;
#4794 = CARTESIAN_POINT ( 'NONE',  ( 1.812851562500000124, 0.04000000000000000083, -0.6018749999999996048 ) ) ;
#4795 = CARTESIAN_POINT ( 'NONE',  ( 1.218684230502836252, 0.000000000000000000, -0.3593604115310506941 ) ) ;
#4796 = CARTESIAN_POINT ( 'NONE',  ( 1.043595208574922717, 0.000000000000000000, -0.5755132770582345181 ) ) ;
#4797 = VERTEX_POINT ( 'NONE', #2418 ) ;
#4798 = CARTESIAN_POINT ( 'NONE',  ( 1.817851614616262435, 0.04000000000000000083, -0.6017770853324970748 ) ) ;
#4799 = DIRECTION ( 'NONE',  ( -0.000000000000000000, -1.000000000000000000, -0.000000000000000000 ) ) ;
#4800 = ORIENTED_EDGE ( 'NONE', *, *, #5179, .T. ) ;
#4801 = B_SPLINE_CURVE_WITH_KNOTS ( 'NONE', 3,
 ( #1136, #5611, #2864, #3374, #5113, #6776, #1279, #5081, #2231, #72, #6705, #1791, #4456, #4531, #2310 ),
 .UNSPECIFIED., .F., .F.,
 ( 4, 1, 1, 1, 1, 1, 1, 1, 1, 1, 1, 1, 4 ),
 ( 0.000000000000000000, 0.06533951850745566003, 0.1250485127290759668, 0.1822033927301165701, 0.2361763113539025460, 0.3411424770981549282, 0.4442644011285679095, 0.5003539618268374456, 0.5634916620403790377, 0.6342197450480123733, 0.7122202262778265514, 0.8660899508485824239, 1.000000000000000000 ),
 .UNSPECIFIED. ) ;
#4802 = VERTEX_POINT ( 'NONE', #4565 ) ;
#4803 = EDGE_CURVE ( 'NONE', #4872, #7197, #2092, .T. ) ;
#4804 = VERTEX_POINT ( 'NONE', #878 ) ;
#4805 = LINE ( 'NONE', #1553, #6208 ) ;
#4806 = CARTESIAN_POINT ( 'NONE',  ( 1.991323374040437910, 0.04000000000000000083, -0.3630732187949410883 ) ) ;
#4807 = CARTESIAN_POINT ( 'NONE',  ( 1.280480986326241188, 0.04000000000000000083, -0.5985482803997088652 ) ) ;
#4808 = CARTESIAN_POINT ( 'NONE',  ( 1.257021123046561772, 0.000000000000000000, -0.5797950049923457083 ) ) ;
#4809 = PLANE ( 'NONE',  #4587 ) ;
#4810 = VECTOR ( 'NONE', #3369, 39.37007874015748854 ) ;
#4811 = CARTESIAN_POINT ( 'NONE',  ( 1.280588243424875650, 0.000000000000000000, -0.5521086004073505471 ) ) ;
#4812 = CARTESIAN_POINT ( 'NONE',  ( 1.811679687500000302, 0.04000000000000000083, -0.5456249999999995826 ) ) ;
#4813 = EDGE_LOOP ( 'NONE', ( #2649, #89, #2541, #6646 ) ) ;
#4814 = EDGE_CURVE ( 'NONE', #2336, #3074, #425, .T. ) ;
#4815 = CARTESIAN_POINT ( 'NONE',  ( 1.841806640624999991, 0.04000000000000000083, -0.4549999999999996270 ) ) ;
#4816 = AXIS2_PLACEMENT_3D ( 'NONE', #4099, #4717, #6304 ) ;
#4817 = CARTESIAN_POINT ( 'NONE',  ( 1.949506710947727095, 0.000000000000000000, -0.4317346291875701625 ) ) ;
#4818 = CARTESIAN_POINT ( 'NONE',  ( 0.7995706622988492107, 0.04000000000000000083, -0.5358948575579687290 ) ) ;
#4819 = DIRECTION ( 'NONE',  ( 0.000000000000000000, 0.000000000000000000, -1.000000000000000000 ) ) ;
#4820 = CARTESIAN_POINT ( 'NONE',  ( 2.042809659202527772, 0.04000000000000000083, -0.5537008133252750985 ) ) ;
#4821 = CARTESIAN_POINT ( 'NONE',  ( 0.5775241918331265323, 0.000000000000000000, -0.5911377198029297286 ) ) ;
#4822 = VECTOR ( 'NONE', #5310, 39.37007874015748143 ) ;
#4823 = CARTESIAN_POINT ( 'NONE',  ( 1.266803859473890181, 0.04000000000000000083, -0.5569736609723502374 ) ) ;
#4824 = VECTOR ( 'NONE', #1006, 39.37007874015748143 ) ;
#4825 = CARTESIAN_POINT ( 'NONE',  ( 1.875026234481769416, 0.04000000000000000083, -0.3639206589674816028 ) ) ;
#4826 = CARTESIAN_POINT ( 'NONE',  ( 2.042766530776417788, -0.000000000000000000, -0.5987218601819948027 ) ) ;
#4827 = FACE_OUTER_BOUND ( 'NONE', #339, .T. ) ;
#4828 = CARTESIAN_POINT ( 'NONE',  ( 0.8733496093749999467, 0.000000000000000000, -0.5516308593749998934 ) ) ;
#4829 = AXIS2_PLACEMENT_3D ( 'NONE', #6650, #3901, #1123 ) ;
#4830 = ORIENTED_EDGE ( 'NONE', *, *, #2630, .T. ) ;
#4831 = EDGE_LOOP ( 'NONE', ( #1321, #1739, #2284, #5418 ) ) ;
#4832 = CARTESIAN_POINT ( 'NONE',  ( 1.174375000000000169, 0.000000000000000000, -0.3987499999999997158 ) ) ;
#4833 = CARTESIAN_POINT ( 'NONE',  ( 1.223100012046705931, 0.000000000000000000, -0.3628084645464998981 ) ) ;
#4834 = VECTOR ( 'NONE', #6477, 39.37007874015748143 ) ;
#4835 = LINE ( 'NONE', #2025, #1918 ) ;
#4836 = ORIENTED_EDGE ( 'NONE', *, *, #4900, .T. ) ;
#4837 = CARTESIAN_POINT ( 'NONE',  ( 0.6737402343749998579, 0.000000000000000000, -0.5018749999999998490 ) ) ;
#4838 = EDGE_CURVE ( 'NONE', #5624, #6975, #491, .T. ) ;
#4839 = CARTESIAN_POINT ( 'NONE',  ( 1.766367187499999991, 0.000000000000000000, -0.5573437499999995826 ) ) ;
#4840 = EDGE_LOOP ( 'NONE', ( #1526, #6202, #2406, #2818 ) ) ;
#4841 = EDGE_LOOP ( 'NONE', ( #6307, #5949, #1306, #6415, #6324, #5813, #2113, #4120, #6427, #5073, #4736 ) ) ;
#4842 = CARTESIAN_POINT ( 'NONE',  ( 1.725839843749999991, 0.000000000000000000, -0.3518749999999996603 ) ) ;
#4843 = CARTESIAN_POINT ( 'NONE',  ( 0.6007421874999998579, 0.04000000000000000083, -0.6018749999999998268 ) ) ;
#4844 = CARTESIAN_POINT ( 'NONE',  ( 1.268595876722021565, 0.04000000000000000083, -0.5950721946915216165 ) ) ;
#4845 = CARTESIAN_POINT ( 'NONE',  ( 1.445415479109264600, 0.000000000000000000, -0.5520525501284386793 ) ) ;
#4846 = CARTESIAN_POINT ( 'NONE',  ( 2.017497027206465621, 0.04000000000000000083, -0.4540291119703209755 ) ) ;
#4847 = EDGE_CURVE ( 'NONE', #5297, #6859, #694, .T. ) ;
#4848 = CARTESIAN_POINT ( 'NONE',  ( 1.675425524509937647, 0.04000000000000000083, -0.5581541451412856958 ) ) ;
#4849 = CARTESIAN_POINT ( 'NONE',  ( 1.991669293211916214, -0.000000000000000000, -0.4862590044282318336 ) ) ;
#4850 = ORIENTED_EDGE ( 'NONE', *, *, #1810, .F. ) ;
#4851 = CARTESIAN_POINT ( 'NONE',  ( 1.990244140625000213, 0.04000000000000000083, -0.5876660156249995381 ) ) ;
#4852 = CARTESIAN_POINT ( 'NONE',  ( 0.7490332031249997691, 0.000000000000000000, -0.6018749999999998268 ) ) ;
#4853 = CARTESIAN_POINT ( 'NONE',  ( 0.7994404114152703356, 0.04000000000000000083, -0.5316131467680239586 ) ) ;
#4854 = CARTESIAN_POINT ( 'NONE',  ( 2.053277509291010272, 0.000000000000000000, -0.5546854166789314533 ) ) ;
#4855 = EDGE_CURVE ( 'NONE', #6806, #6239, #5357, .T. ) ;
#4856 = CARTESIAN_POINT ( 'NONE',  ( 0.5847892609438765099, 0.000000000000000000, -0.5979503971182402733 ) ) ;
#4857 = CARTESIAN_POINT ( 'NONE',  ( 0.000000000000000000, 0.1350000000000000089, 0.000000000000000000 ) ) ;
#4858 = FACE_OUTER_BOUND ( 'NONE', #4813, .T. ) ;
#4859 = LINE ( 'NONE', #7076, #6792 ) ;
#4860 = CARTESIAN_POINT ( 'NONE',  ( 0.9100680155439685448, 0.04000000000000000083, -0.4500557876812212865 ) ) ;
#4861 = EDGE_CURVE ( 'NONE', #3498, #1247, #4275, .T. ) ;
#4862 = CARTESIAN_POINT ( 'NONE',  ( 0.8758201936797620490, 0.000000000000000000, -0.5525026209509558139 ) ) ;
#4863 = CARTESIAN_POINT ( 'NONE',  ( 1.382773271371878332, 0.000000000000000000, -0.3599752496326636408 ) ) ;
#4864 = EDGE_LOOP ( 'NONE', ( #2247, #5267, #1997, #81 ) ) ;
#4865 = VERTEX_POINT ( 'NONE', #2528 ) ;
#4866 = CARTESIAN_POINT ( 'NONE',  ( 1.772922235427479176, 0.04000000000000000083, -0.5741973516797700405 ) ) ;
#4867 = CARTESIAN_POINT ( 'NONE',  ( 1.224875781725351054, 0.04000000000000000083, -0.3649642970146215193 ) ) ;
#4868 = CARTESIAN_POINT ( 'NONE',  ( 0.9187404028840812087, 0.000000000000000000, -0.4534274917561681439 ) ) ;
#4869 = ORIENTED_EDGE ( 'NONE', *, *, #4885, .T. ) ;
#4870 = DIRECTION ( 'NONE',  ( 0.000000000000000000, 0.000000000000000000, -1.000000000000000000 ) ) ;
#4871 = CARTESIAN_POINT ( 'NONE',  ( 1.260979459275512360, 0.04000000000000000083, -0.5622399354113946091 ) ) ;
#4872 = VERTEX_POINT ( 'NONE', #3078 ) ;
#4873 = ORIENTED_EDGE ( 'NONE', *, *, #4990, .T. ) ;
#4874 = CARTESIAN_POINT ( 'NONE',  ( 2.155219365734996728, 0.04000000000000000083, -0.5740025118769892520 ) ) ;
#4875 = CARTESIAN_POINT ( 'NONE',  ( 1.553494505357658317, 0.000000000000000000, -0.3650451582485014779 ) ) ;
#4876 = CARTESIAN_POINT ( 'NONE',  ( 0.7540556099053278283, 0.000000000000000000, -0.6016278692608959533 ) ) ;
#4877 = DIRECTION ( 'NONE',  ( 0.5182131407290758718, 0.000000000000000000, -0.8552515073215054553 ) ) ;
#4878 = CARTESIAN_POINT ( 'NONE',  ( 1.549458348515246442, 0.04000000000000000083, -0.3816677524541000066 ) ) ;
#4879 = CARTESIAN_POINT ( 'NONE',  ( 2.057528683862053676, 0.000000000000000000, -0.5019134423683149215 ) ) ;
#4880 = CARTESIAN_POINT ( 'NONE',  ( 1.964726302747429099, 0.000000000000000000, -0.5118480144107111496 ) ) ;
#4881 = ORIENTED_EDGE ( 'NONE', *, *, #6137, .T. ) ;
#4882 = CARTESIAN_POINT ( 'NONE',  ( 1.826961626694030727, 0.04000000000000000083, -0.5996775594966843315 ) ) ;
#4883 = CARTESIAN_POINT ( 'NONE',  ( 1.703357481476013513, 0.04000000000000000083, -0.4017956637223325522 ) ) ;
#4884 = CARTESIAN_POINT ( 'NONE',  ( 0.7611449811387246411, 0.04000000000000000083, -0.5483252055152786353 ) ) ;
#4885 = EDGE_CURVE ( 'NONE', #3401, #5221, #2597, .T. ) ;
#4886 = LINE ( 'NONE', #7212, #5763 ) ;
#4887 = B_SPLINE_CURVE_WITH_KNOTS ( 'NONE', 3,
 ( #1549, #3274, #4259, #3683, #4871, #3785, #5484, #446, #372, #410, #3133 ),
 .UNSPECIFIED., .F., .F.,
 ( 4, 1, 1, 1, 1, 1, 1, 1, 4 ),
 ( 0.000000000000000000, 0.1065231786078187359, 0.2098636730112684035, 0.3165417078732684630, 0.4305558932821824669, 0.5527832733586784952, 0.6846266747745565207, 0.8329156505530146415, 1.000000000000000000 ),
 .UNSPECIFIED. ) ;
#4888 = B_SPLINE_SURFACE_WITH_KNOTS ( 'NONE', 3, 1, ( 
 ( #1566, #5972 ),
 ( #4884, #4964 ),
 ( #7068, #7177 ),
 ( #2191, #4341 ),
 ( #3872, #7211 ),
 ( #4451, #2701 ),
 ( #1491, #6549 ),
 ( #3802, #3726 ),
 ( #3220, #5431 ),
 ( #940, #6009 ),
 ( #3179, #1018 ) ),
 .UNSPECIFIED., .F., .F., .F.,
 ( 4, 1, 1, 1, 1, 1, 1, 1, 4 ),
 ( 2, 2 ),
 ( 0.000000000000000000, 0.1892206501837993826, 0.3561381207418402584, 0.5006750660181517043, 0.6231101568107498823, 0.7304156259780223426, 0.8269473680357585232, 0.9176857311352339952, 1.000000000000000000 ),
 ( 0.000000000000000000, 1.000000000000000000 ),
 .UNSPECIFIED. ) ;
#4889 = LINE ( 'NONE', #4453, #3319 ) ;
#4890 = LINE ( 'NONE', #2119, #1315 ) ;
#4891 = DIRECTION ( 'NONE',  ( 0.000000000000000000, -1.000000000000000000, 0.000000000000000000 ) ) ;
#4892 = EDGE_CURVE ( 'NONE', #3820, #1480, #6998, .T. ) ;
#4893 = CARTESIAN_POINT ( 'NONE',  ( 2.050107421875000391, 0.04000000000000000083, -0.3549999999999996492 ) ) ;
#4894 = CARTESIAN_POINT ( 'NONE',  ( 0.6913780193737223412, 0.000000000000000000, -0.3562911311559122662 ) ) ;
#4895 = CARTESIAN_POINT ( 'NONE',  ( 2.145669100233534632, 0.04000000000000000083, -0.5928387995711422720 ) ) ;
#4896 = CARTESIAN_POINT ( 'NONE',  ( 0.8978244931050317623, 0.04000000000000000083, -0.4400836589493594131 ) ) ;
#4897 = CARTESIAN_POINT ( 'NONE',  ( 0.8733496093750000577, 0.000000000000000000, -0.5516308593750000044 ) ) ;
#4898 = CARTESIAN_POINT ( 'NONE',  ( 1.389937715287782982, 0.000000000000000000, -0.3815535789347728191 ) ) ;
#4899 = ORIENTED_EDGE ( 'NONE', *, *, #3880, .T. ) ;
#4900 = EDGE_CURVE ( 'NONE', #3708, #4570, #3728, .T. ) ;
#4901 = ORIENTED_EDGE ( 'NONE', *, *, #2980, .T. ) ;
#4902 = CARTESIAN_POINT ( 'NONE',  ( 1.782027422911111936, 0.04000000000000000083, -0.5892853783513849475 ) ) ;
#4903 = CARTESIAN_POINT ( 'NONE',  ( 1.200140307599838474, 0.000000000000000000, -0.3550356571421087182 ) ) ;
#4904 = DIRECTION ( 'NONE',  ( 0.9268470443373905132, -0.000000000000000000, 0.3754391513987897500 ) ) ;
#4905 = ORIENTED_EDGE ( 'NONE', *, *, #913, .T. ) ;
#4906 = FACE_OUTER_BOUND ( 'NONE', #1780, .T. ) ;
#4907 = LINE ( 'NONE', #6423, #853 ) ;
#4908 = ORIENTED_EDGE ( 'NONE', *, *, #4303, .F. ) ;
#4909 = ORIENTED_EDGE ( 'NONE', *, *, #5820, .F. ) ;
#4910 = CARTESIAN_POINT ( 'NONE',  ( 0.7743261718749997469, 0.000000000000000000, -0.5786328124999998712 ) ) ;
#4911 = CARTESIAN_POINT ( 'NONE',  ( 0.9350683593749998801, 0.04000000000000000083, -0.4549999999999999045 ) ) ;
#4912 = CARTESIAN_POINT ( 'NONE',  ( 0.7702603667664941200, 0.000000000000000000, -0.5915964491401602965 ) ) ;
#4913 = CARTESIAN_POINT ( 'NONE',  ( 1.811679687500000302, 0.04000000000000000083, -0.5456249999999995826 ) ) ;
#4914 = CARTESIAN_POINT ( 'NONE',  ( 1.995251337231652045, 0.04000000000000000083, -0.3615000848468064576 ) ) ;
#4915 = CARTESIAN_POINT ( 'NONE',  ( 1.274204517064337905, 0.000000000000000000, -0.5533191483123868215 ) ) ;
#4916 = B_SPLINE_CURVE_WITH_KNOTS ( 'NONE', 3,
 ( #6199, #2904, #2280, #1218, #1835, #3416, #4463, #3455, #4607, #6675, #5661 ),
 .UNSPECIFIED., .F., .F.,
 ( 4, 1, 1, 1, 1, 1, 1, 1, 4 ),
 ( 0.000000000000000000, 0.1202561770071344238, 0.2336311288082738580, 0.3436828735499135590, 0.4563072865791953370, 0.5746948935446932749, 0.7011011373580654515, 0.8416991956304910039, 1.000000000000000000 ),
 .UNSPECIFIED. ) ;
#4917 = CARTESIAN_POINT ( 'NONE',  ( 2.729999999999999982, 0.1350000000000000089, 0.000000000000000000 ) ) ;
#4918 = ORIENTED_EDGE ( 'NONE', *, *, #2223, .F. ) ;
#4919 = CARTESIAN_POINT ( 'NONE',  ( 1.850647384704483533, 0.04000000000000000083, -0.5710787334946111349 ) ) ;
#4920 = CARTESIAN_POINT ( 'NONE',  ( 1.466589852607238287, 0.04000000000000000083, -0.5769510178726946492 ) ) ;
#4921 = LINE ( 'NONE', #3287, #7145 ) ;
#4922 = CARTESIAN_POINT ( 'NONE',  ( 0.8610875850729554637, 0.04000000000000000083, -0.5972677263151885407 ) ) ;
#4923 = CARTESIAN_POINT ( 'NONE',  ( 0.7670399669067016202, 0.04000000000000000083, -0.5951501550381453898 ) ) ;
#4924 = CYLINDRICAL_SURFACE ( 'NONE', #1323, 0.4499999999999999556 ) ;
#4925 = FACE_OUTER_BOUND ( 'NONE', #7054, .T. ) ;
#4926 = EDGE_CURVE ( 'NONE', #2131, #5901, #1079, .T. ) ;
#4927 = VECTOR ( 'NONE', #1495, 39.37007874015748143 ) ;
#4928 = B_SPLINE_CURVE_WITH_KNOTS ( 'NONE', 3,
 ( #3099, #4693, #6494, #791, #5309, #305, #5274, #3608, #2545, #1442, #1477 ),
 .UNSPECIFIED., .F., .F.,
 ( 4, 1, 1, 1, 1, 1, 1, 1, 4 ),
 ( 0.000000000000000000, 0.1679453575621936423, 0.3155584307757229312, 0.4482935236561866321, 0.5692202052921829791, 0.6836563780294090398, 0.7900701577392251762, 0.8941789807032259896, 1.000000000000000000 ),
 .UNSPECIFIED. ) ;
#4929 = CARTESIAN_POINT ( 'NONE',  ( 1.766367187499999991, 0.04000000000000000083, -0.5573437499999995826 ) ) ;
#4930 = CARTESIAN_POINT ( 'NONE',  ( 0.9994604331931172814, 0.04000000000000000083, -0.5837190644029754960 ) ) ;
#4931 = DIRECTION ( 'NONE',  ( 0.000000000000000000, -1.000000000000000000, 0.000000000000000000 ) ) ;
#4932 = VECTOR ( 'NONE', #4799, 39.37007874015748143 ) ;
#4933 = CARTESIAN_POINT ( 'NONE',  ( 0.6095221445131835392, 0.04000000000000000083, -0.6005990921681436667 ) ) ;
#4934 = CARTESIAN_POINT ( 'NONE',  ( 2.046994547438552470, 0.04000000000000000083, -0.3988550494568484095 ) ) ;
#4935 = CARTESIAN_POINT ( 'NONE',  ( 1.389999999999999680, 0.04000000000000000083, -0.3840527343749997602 ) ) ;
#4936 = EDGE_CURVE ( 'NONE', #1772, #1412, #5834, .T. ) ;
#4937 = VECTOR ( 'NONE', #4692, 39.37007874015748143 ) ;
#4938 = AXIS2_PLACEMENT_3D ( 'NONE', #3709, #5409, #441 ) ;
#4939 = ORIENTED_EDGE ( 'NONE', *, *, #3695, .F. ) ;
#4940 = ORIENTED_EDGE ( 'NONE', *, *, #1999, .F. ) ;
#4941 = LINE ( 'NONE', #6718, #1333 ) ;
#4942 = CARTESIAN_POINT ( 'NONE',  ( 1.059578924695073310, 0.04000000000000000083, -0.4677253770443359771 ) ) ;
#4943 = CARTESIAN_POINT ( 'NONE',  ( 0.6462499999999998801, 0.04000000000000000083, -0.4587109374999998601 ) ) ;
#4944 = B_SPLINE_CURVE_WITH_KNOTS ( 'NONE', 3,
 ( #1185, #3894, #6099, #3494, #5667, #1115, #5016, #3421, #6206, #2876, #3461, #6754, #7193, #4003, #2354 ),
 .UNSPECIFIED., .F., .F.,
 ( 4, 1, 1, 1, 1, 1, 1, 1, 1, 1, 1, 1, 4 ),
 ( 0.000000000000000000, 0.08982642785779589023, 0.1767211832472077027, 0.2617204418045054881, 0.3460682841366448659, 0.4289269636933879526, 0.5100703946192473026, 0.5909731262879089897, 0.6722378515367964935, 0.7538291707787544427, 0.8348462629727341211, 0.9170605267361193746, 1.000000000000000000 ),
 .UNSPECIFIED. ) ;
#4945 = CARTESIAN_POINT ( 'NONE',  ( 1.043757428911911589, 0.000000000000000000, -0.5812185311364524987 ) ) ;
#4946 = VECTOR ( 'NONE', #398, 39.37007874015748143 ) ;
#4947 = EDGE_CURVE ( 'NONE', #601, #2061, #5870, .T. ) ;
#4948 = EDGE_CURVE ( 'NONE', #1947, #3304, #1234, .T. ) ;
#4949 = ORIENTED_EDGE ( 'NONE', *, *, #5093, .T. ) ;
#4950 = ORIENTED_EDGE ( 'NONE', *, *, #2674, .T. ) ;
#4951 = CARTESIAN_POINT ( 'NONE',  ( 2.155540181561382607, -0.000000000000000000, -0.3850062883877574671 ) ) ;
#4952 = CARTESIAN_POINT ( 'NONE',  ( 2.054208984375000213, 0.000000000000000000, -0.4612499999999996048 ) ) ;
#4953 = VECTOR ( 'NONE', #2048, 39.37007874015748143 ) ;
#4954 = CARTESIAN_POINT ( 'NONE',  ( 0.7507341161314858846, 0.000000000000000000, -0.6017913054872234824 ) ) ;
#4955 = DIRECTION ( 'NONE',  ( -1.000000000000000000, 0.000000000000000000, 0.000000000000000000 ) ) ;
#4956 = LINE ( 'NONE', #2184, #2511 ) ;
#4957 = CARTESIAN_POINT ( 'NONE',  ( 1.466414575201084869, 0.04000000000000000083, -0.5703224049498253345 ) ) ;
#4958 = EDGE_CURVE ( 'NONE', #4362, #6359, #2298, .T. ) ;
#4959 = CARTESIAN_POINT ( 'NONE',  ( 1.657015423178507918, 0.04000000000000000083, -0.5519363073328391600 ) ) ;
#4960 = CARTESIAN_POINT ( 'NONE',  ( 1.053154986291262363, 0.04000000000000000083, -0.4790529472713948578 ) ) ;
#4961 = ORIENTED_EDGE ( 'NONE', *, *, #6632, .F. ) ;
#4962 = CARTESIAN_POINT ( 'NONE',  ( 1.780722656250000258, 0.04000000000000000083, -0.4549999999999996270 ) ) ;
#4963 = CARTESIAN_POINT ( 'NONE',  ( 1.455520130467351292, 0.04000000000000000083, -0.5953758084540667905 ) ) ;
#4964 = CARTESIAN_POINT ( 'NONE',  ( 0.7611449811387246411, 0.000000000000000000, -0.5483252055152786353 ) ) ;
#4965 = DIRECTION ( 'NONE',  ( 0.3534645099361786169, 0.000000000000000000, 0.9354479355985437783 ) ) ;
#4966 = CARTESIAN_POINT ( 'NONE',  ( 1.654892578124999680, 0.04000000000000000083, -0.5518749999999997824 ) ) ;
#4967 = DIRECTION ( 'NONE',  ( -0.000000000000000000, -1.000000000000000000, -0.000000000000000000 ) ) ;
#4968 = CARTESIAN_POINT ( 'NONE',  ( 0.8228258917275290685, 0.000000000000000000, -0.3519045578477230096 ) ) ;
#4969 = ORIENTED_EDGE ( 'NONE', *, *, #5798, .F. ) ;
#4970 = CARTESIAN_POINT ( 'NONE',  ( 1.949712686094194458, 0.000000000000000000, -0.4165623942470850216 ) ) ;
#4971 = CARTESIAN_POINT ( 'NONE',  ( 0.8556337269149567604, -0.000000000000000000, -0.4631393428201541762 ) ) ;
#4972 = PLANE ( 'NONE',  #3666 ) ;
#4973 = CARTESIAN_POINT ( 'NONE',  ( 1.900084235759362583, 0.04000000000000000083, -0.3519726931322718633 ) ) ;
#4974 = CARTESIAN_POINT ( 'NONE',  ( 0.5733007812499998357, 0.000000000000000000, -0.5793164062499999156 ) ) ;
#4975 = CARTESIAN_POINT ( 'NONE',  ( 1.365191665059306336, 0.04000000000000000083, -0.3519525788324339710 ) ) ;
#4976 = ORIENTED_EDGE ( 'NONE', *, *, #3135, .F. ) ;
#4977 = ORIENTED_EDGE ( 'NONE', *, *, #1776, .T. ) ;
#4978 = CARTESIAN_POINT ( 'NONE',  ( 1.980996679376970437, 0.04000000000000000083, -0.5810334536819951046 ) ) ;
#4979 = CARTESIAN_POINT ( 'NONE',  ( 0.9007091230358275080, 0.000000000000000000, -0.5549687012719919377 ) ) ;
#4980 = EDGE_CURVE ( 'NONE', #2608, #1956, #1289, .T. ) ;
#4981 = CARTESIAN_POINT ( 'NONE',  ( 0.000000000000000000, 0.1350000000000000089, -1.479999999999999982 ) ) ;
#4982 = CARTESIAN_POINT ( 'NONE',  ( 1.451035150066392498, 0.000000000000000000, -0.5532751565046322151 ) ) ;
#4983 = CARTESIAN_POINT ( 'NONE',  ( 1.682285156249999858, 0.04000000000000000083, -0.5752148437499997602 ) ) ;
#4984 = ORIENTED_EDGE ( 'NONE', *, *, #4058, .F. ) ;
#4985 = ORIENTED_EDGE ( 'NONE', *, *, #5523, .T. ) ;
#4986 = CARTESIAN_POINT ( 'NONE',  ( 0.7429746180520723220, 0.04000000000000000083, -0.6016622449294780628 ) ) ;
#4987 = CARTESIAN_POINT ( 'NONE',  ( 1.333992683923965972, 0.04000000000000000083, -0.3771084382536133983 ) ) ;
#4988 = B_SPLINE_CURVE_WITH_KNOTS ( 'NONE', 3,
 ( #568, #2808, #2470, #788, #1959, #4114, #303, #1338, #1924, #1300, #3532 ),
 .UNSPECIFIED., .F., .F.,
 ( 4, 1, 1, 1, 1, 1, 1, 1, 4 ),
 ( 0.000000000000000000, 0.1545458141505850480, 0.2989482358729386724, 0.4361114171969249220, 0.5633871265862110400, 0.6821529490806155227, 0.7948417907901071944, 0.9002468976140411971, 0.9999999999999998890 ),
 .UNSPECIFIED. ) ;
#4989 = CARTESIAN_POINT ( 'NONE',  ( 0.9464908699206241449, 0.04000000000000000083, -0.3767337716377486267 ) ) ;
#4990 = EDGE_CURVE ( 'NONE', #4252, #2815, #3829, .T. ) ;
#4991 = CARTESIAN_POINT ( 'NONE',  ( 0.9945309130506972961, 0.04000000000000000083, -0.5909441995387920699 ) ) ;
#4992 = CARTESIAN_POINT ( 'NONE',  ( 1.872048307966697189, 0.000000000000000000, -0.3693790243630494241 ) ) ;
#4993 = CARTESIAN_POINT ( 'NONE',  ( 1.566514956392551339, 0.04000000000000000083, -0.3537862860718630764 ) ) ;
#4994 = CARTESIAN_POINT ( 'NONE',  ( 0.8188634586325947984, 0.04000000000000000083, -0.4810488752309269311 ) ) ;
#4995 = CARTESIAN_POINT ( 'NONE',  ( 1.855625000000000302, 0.000000000000000000, -0.4112499999999996159 ) ) ;
#4996 = ORIENTED_EDGE ( 'NONE', *, *, #5914, .F. ) ;
#4997 = CARTESIAN_POINT ( 'NONE',  ( 1.678389273624399491, 0.000000000000000000, -0.5891419486050499810 ) ) ;
#4998 = CARTESIAN_POINT ( 'NONE',  ( 0.9065039062499998801, 0.04000000000000000083, -0.5549999999999999378 ) ) ;
#4999 = CARTESIAN_POINT ( 'NONE',  ( 1.068710937500000124, 0.000000000000000000, -0.3549999999999997602 ) ) ;
#5000 = DIRECTION ( 'NONE',  ( 1.000000000000000000, 0.000000000000000000, 0.000000000000000000 ) ) ;
#5001 = CARTESIAN_POINT ( 'NONE',  ( 2.065390625000000036, 0.000000000000000000, -0.5549999999999996048 ) ) ;
#5002 = LINE ( 'NONE', #6228, #5738 ) ;
#5003 = CARTESIAN_POINT ( 'NONE',  ( 1.228806392534069980, 0.04000000000000000083, -0.3730302950764388115 ) ) ;
#5004 = CARTESIAN_POINT ( 'NONE',  ( 1.968646128697536524, 0.000000000000000000, -0.3780145474088106861 ) ) ;
#5005 = FACE_OUTER_BOUND ( 'NONE', #3603, .T. ) ;
#5006 = CARTESIAN_POINT ( 'NONE',  ( 1.916637759188859036, 0.04000000000000000083, -0.3592395895217309620 ) ) ;
#5007 = CARTESIAN_POINT ( 'NONE',  ( 1.964999999999999858, 0.1600000000000000033, -1.180000000000000160 ) ) ;
#5008 = CARTESIAN_POINT ( 'NONE',  ( 0.8859203849865576741, 0.04000000000000000083, -0.5542295489844871748 ) ) ;
#5009 = CARTESIAN_POINT ( 'NONE',  ( 2.018526340272563946, 0.000000000000000000, -0.5171883569532625957 ) ) ;
#5010 = CARTESIAN_POINT ( 'NONE',  ( 1.365191665059306336, 0.000000000000000000, -0.3519525788324339710 ) ) ;
#5011 = B_SPLINE_SURFACE_WITH_KNOTS ( 'NONE', 3, 1, ( 
 ( #4843, #6918 ),
 ( #5857, #4163 ),
 ( #6500, #2520 ),
 ( #832, #5824 ),
 ( #1450, #7058 ),
 ( #276, #4741 ),
 ( #3105, #3139 ),
 ( #5316, #342 ),
 ( #312, #6953 ),
 ( #2552, #1517 ),
 ( #4773, #2001 ) ),
 .UNSPECIFIED., .F., .F., .F.,
 ( 4, 1, 1, 1, 1, 1, 1, 1, 4 ),
 ( 2, 2 ),
 ( 0.000000000000000000, 0.1510749210615313087, 0.2899929968605420849, 0.4230804375922804228, 0.5543439936445831995, 0.6795630549901141571, 0.7935980584817737826, 0.8983801180348761628, 1.000000000000000000 ),
 ( 0.000000000000000000, 1.000000000000000000 ),
 .UNSPECIFIED. ) ;
#5012 = EDGE_LOOP ( 'NONE', ( #1304, #1370, #5305, #460, #5649, #2802 ) ) ;
#5013 = ORIENTED_EDGE ( 'NONE', *, *, #2980, .F. ) ;
#5014 = CARTESIAN_POINT ( 'NONE',  ( 0.8720118031735561992, 0.000000000000000000, -0.5510334371996690184 ) ) ;
#5015 = CARTESIAN_POINT ( 'NONE',  ( 2.012172348064733995, 0.000000000000000000, -0.4110767053371008339 ) ) ;
#5016 = CARTESIAN_POINT ( 'NONE',  ( 0.8128141420584201748, 0.04000000000000000083, -0.5710522244512319379 ) ) ;
#5017 = CARTESIAN_POINT ( 'NONE',  ( 1.050498560491880617, 0.000000000000000000, -0.5924588174037911381 ) ) ;
#5018 = CARTESIAN_POINT ( 'NONE',  ( 0.8404941469542028809, 0.000000000000000000, -0.4513964021319071818 ) ) ;
#5019 = EDGE_CURVE ( 'NONE', #5836, #4214, #3903, .T. ) ;
#5020 = ORIENTED_EDGE ( 'NONE', *, *, #73, .T. ) ;
#5021 = ORIENTED_EDGE ( 'NONE', *, *, #6488, .T. ) ;
#5022 = CARTESIAN_POINT ( 'NONE',  ( 2.127136007731350364, 0.000000000000000000, -0.5987265602660675201 ) ) ;
#5023 = CARTESIAN_POINT ( 'NONE',  ( 1.333833348515246486, 0.000000000000000000, -0.3816677524541000066 ) ) ;
#5024 = CARTESIAN_POINT ( 'NONE',  ( 0.9463329290051681886, 0.04000000000000000083, -0.3812447377360929646 ) ) ;
#5025 = B_SPLINE_CURVE_WITH_KNOTS ( 'NONE', 3,
 ( #5491, #3831, #3866, #4375, #1597, #1045, #5533, #3905, #5456, #7132, #3796 ),
 .UNSPECIFIED., .F., .F.,
 ( 4, 1, 1, 1, 1, 1, 1, 1, 4 ),
 ( 0.000000000000000000, 0.1065231786078185555, 0.2098636730112660442, 0.3165417078732658540, 0.4305558932821839657, 0.5527832733586797165, 0.6846266747745634040, 0.8329156505530150856, 1.000000000000000000 ),
 .UNSPECIFIED. ) ;
#5026 = FACE_OUTER_BOUND ( 'NONE', #478, .T. ) ;
#5027 = DIRECTION ( 'NONE',  ( -0.000000000000000000, -1.000000000000000000, -0.000000000000000000 ) ) ;
#5028 = CARTESIAN_POINT ( 'NONE',  ( 1.578916015624999947, 0.04000000000000000083, -0.3518749999999997713 ) ) ;
#5029 = CARTESIAN_POINT ( 'NONE',  ( 0.7995070306306288899, 0.000000000000000000, -0.5229174743512701173 ) ) ;
#5030 = CARTESIAN_POINT ( 'NONE',  ( 1.979133116242129065, 0.000000000000000000, -0.4787707265917642285 ) ) ;
#5031 = ADVANCED_FACE ( 'NONE', ( #2332 ), #570, .T. ) ;
#5032 = ORIENTED_EDGE ( 'NONE', *, *, #3019, .T. ) ;
#5033 = CARTESIAN_POINT ( 'NONE',  ( 1.987823746112578949, 0.04000000000000000083, -0.3645967972455707584 ) ) ;
#5034 = ORIENTED_EDGE ( 'NONE', *, *, #2804, .T. ) ;
#5035 = DIRECTION ( 'NONE',  ( -0.8688341344361968366, 0.000000000000000000, 0.4951032688626734735 ) ) ;
#5036 = CARTESIAN_POINT ( 'NONE',  ( 2.060361328124999947, 0.000000000000000000, -0.5018749999999996270 ) ) ;
#5037 = CARTESIAN_POINT ( 'NONE',  ( 1.872048307966697189, 0.000000000000000000, -0.3693790243630494241 ) ) ;
#5038 = LINE ( 'NONE', #6628, #3102 ) ;
#5039 = CARTESIAN_POINT ( 'NONE',  ( 0.8904394531249999467, 0.000000000000000000, -0.5987499999999998934 ) ) ;
#5040 = CARTESIAN_POINT ( 'NONE',  ( 0.9462499999999999245, 0.04000000000000000083, -0.4956249999999998712 ) ) ;
#5041 = ADVANCED_FACE ( 'NONE', ( #125 ), #5102, .F. ) ;
#5042 = LINE ( 'NONE', #3920, #1570 ) ;
#5043 = CARTESIAN_POINT ( 'NONE',  ( 1.001434915685647242, 0.000000000000000000, -0.5775091609277741567 ) ) ;
#5044 = CARTESIAN_POINT ( 'NONE',  ( 1.198789062500000169, 0.04000000000000000083, -0.5987499999999996714 ) ) ;
#5045 = CARTESIAN_POINT ( 'NONE',  ( 2.050107421875000391, 0.04000000000000000083, -0.3549999999999996492 ) ) ;
#5046 = CARTESIAN_POINT ( 'NONE',  ( 2.006280746164528672, 0.04000000000000000083, -0.4230874813009429247 ) ) ;
#5047 = DIRECTION ( 'NONE',  ( -1.000000000000000000, 0.000000000000000000, -0.000000000000000000 ) ) ;
#5048 = AXIS2_PLACEMENT_3D ( 'NONE', #2318, #5584, #6201 ) ;
#5049 = CARTESIAN_POINT ( 'NONE',  ( 0.6007421874999998579, 0.000000000000000000, -0.6018749999999998268 ) ) ;
#5050 = EDGE_CURVE ( 'NONE', #6935, #3972, #1777, .T. ) ;
#5051 = ORIENTED_EDGE ( 'NONE', *, *, #2137, .F. ) ;
#5052 = VERTEX_POINT ( 'NONE', #2809 ) ;
#5053 = CARTESIAN_POINT ( 'NONE',  ( 0.8556760947845767351, 0.000000000000000000, -0.5271571198129251234 ) ) ;
#5054 = CARTESIAN_POINT ( 'NONE',  ( 1.257024872294380424, 0.000000000000000000, -0.5706365735033214204 ) ) ;
#5055 = PLANE ( 'NONE',  #1220 ) ;
#5056 = CARTESIAN_POINT ( 'NONE',  ( 2.131086845320312229, 0.04000000000000000083, -0.3554159774104793112 ) ) ;
#5057 = AXIS2_PLACEMENT_3D ( 'NONE', #3370, #5573, #5177 ) ;
#5058 = LINE ( 'NONE', #4983, #1909 ) ;
#5059 = ORIENTED_EDGE ( 'NONE', *, *, #5427, .T. ) ;
#5060 = ORIENTED_EDGE ( 'NONE', *, *, #1384, .F. ) ;
#5061 = CARTESIAN_POINT ( 'NONE',  ( 0.7469251978107264156, 0.000000000000000000, -0.6018009746601061805 ) ) ;
#5062 = B_SPLINE_CURVE_WITH_KNOTS ( 'NONE', 3,
 ( #6534, #3242, #449, #2141, #1593, #931, #7128, #7057, #2583, #5379, #5998, #3751, #4369, #4951, #6031 ),
 .UNSPECIFIED., .F., .F.,
 ( 4, 1, 1, 1, 1, 1, 1, 1, 1, 1, 1, 1, 4 ),
 ( 0.000000000000000000, 0.07807961772694872737, 0.1508867204098373604, 0.2189559435194081138, 0.2826437596388515217, 0.3416327370472023728, 0.3982897811017766521, 0.4517634959710126186, 0.5037589776706630218, 0.6095217858084827078, 0.7242769757538611852, 0.8528314578312294891, 1.000000000000000000 ),
 .UNSPECIFIED. ) ;
#5063 = CARTESIAN_POINT ( 'NONE',  ( 1.496213243424875827, 0.04000000000000000083, -0.5521086004073505471 ) ) ;
#5064 = CARTESIAN_POINT ( 'NONE',  ( 0.9538879447609153184, 0.04000000000000000083, -0.3601458437950539326 ) ) ;
#5065 = VECTOR ( 'NONE', #3236, 39.37007874015748143 ) ;
#5066 = CARTESIAN_POINT ( 'NONE',  ( 1.917814379901055410, 0.04000000000000000083, -0.4004910379474454496 ) ) ;
#5067 = CARTESIAN_POINT ( 'NONE',  ( 1.333749999999999769, 0.04000000000000000083, -0.3840527343749997602 ) ) ;
#5068 = CARTESIAN_POINT ( 'NONE',  ( 1.703357481476013513, 0.04000000000000000083, -0.4017956637223325522 ) ) ;
#5069 = CARTESIAN_POINT ( 'NONE',  ( 1.963607270449075681, 0.000000000000000000, -0.4669769042586778274 ) ) ;
#5070 = VECTOR ( 'NONE', #5463, 39.37007874015748143 ) ;
#5071 = ORIENTED_EDGE ( 'NONE', *, *, #7170, .T. ) ;
#5072 = FACE_OUTER_BOUND ( 'NONE', #6657, .T. ) ;
#5073 = ORIENTED_EDGE ( 'NONE', *, *, #960, .F. ) ;
#5074 = CARTESIAN_POINT ( 'NONE',  ( 1.203746463890863483, 0.000000000000000000, -0.5986846865552737373 ) ) ;
#5075 = CARTESIAN_POINT ( 'NONE',  ( 2.030429430561831783, 0.000000000000000000, -0.5511356539183940306 ) ) ;
#5076 = CARTESIAN_POINT ( 'NONE',  ( 1.898398437500000036, 0.04000000000000000083, -0.3518749999999996603 ) ) ;
#5077 = ADVANCED_FACE ( 'NONE', ( #1264 ), #6216, .T. ) ;
#5078 =( CONVERSION_BASED_UNIT ( 'INCH', #4057 ) LENGTH_UNIT ( ) NAMED_UNIT ( #1653 ) );
#5079 = AXIS2_PLACEMENT_3D ( 'NONE', #1976, #5799, #4133 ) ;
#5080 = CARTESIAN_POINT ( 'NONE',  ( 1.062151284031599863, 0.04000000000000000083, -0.3985956711228215710 ) ) ;
#5081 = CARTESIAN_POINT ( 'NONE',  ( 1.744114010024129025, 0.000000000000000000, -0.3597024594704464340 ) ) ;
#5082 = DIRECTION ( 'NONE',  ( 1.000000000000000000, 0.000000000000000000, 0.000000000000000000 ) ) ;
#5083 = FACE_OUTER_BOUND ( 'NONE', #760, .T. ) ;
#5084 = EDGE_CURVE ( 'NONE', #6383, #846, #4583, .T. ) ;
#5085 = CARTESIAN_POINT ( 'NONE',  ( 1.908212429653283859, 0.04000000000000000083, -0.3535862439089139664 ) ) ;
#5086 = FACE_OUTER_BOUND ( 'NONE', #855, .T. ) ;
#5087 = CARTESIAN_POINT ( 'NONE',  ( 0.7724273240324029954, 0.04000000000000000083, -0.5691183371486859821 ) ) ;
#5088 = CARTESIAN_POINT ( 'NONE',  ( 1.059578924695073310, 0.000000000000000000, -0.4677253770443359771 ) ) ;
#5089 = DIRECTION ( 'NONE',  ( 0.000000000000000000, 0.000000000000000000, -1.000000000000000000 ) ) ;
#5090 = ORIENTED_EDGE ( 'NONE', *, *, #3865, .F. ) ;
#5091 = ORIENTED_EDGE ( 'NONE', *, *, #3125, .T. ) ;
#5092 = CARTESIAN_POINT ( 'NONE',  ( 0.7024999999999997913, 0.04000000000000000083, -0.3841015624999998823 ) ) ;
#5093 = EDGE_CURVE ( 'NONE', #6523, #6951, #3501, .T. ) ;
#5094 = CARTESIAN_POINT ( 'NONE',  ( 0.9462499999999999245, 0.04000000000000000083, -0.4549999999999999045 ) ) ;
#5095 = DIRECTION ( 'NONE',  ( -0.000000000000000000, 0.7071067811865511255, -0.7071067811865440200 ) ) ;
#5096 = CARTESIAN_POINT ( 'NONE',  ( 0.000000000000000000, 0.07000000000000083933, 0.000000000000000000 ) ) ;
#5097 = ORIENTED_EDGE ( 'NONE', *, *, #3048, .T. ) ;
#5098 = ORIENTED_EDGE ( 'NONE', *, *, #3582, .T. ) ;
#5099 = FACE_OUTER_BOUND ( 'NONE', #3021, .T. ) ;
#5100 = CARTESIAN_POINT ( 'NONE',  ( 1.500769627695295094, 0.04000000000000000083, -0.5519559003030559685 ) ) ;
#5101 = DIRECTION ( 'NONE',  ( 0.000000000000000000, -0.000000000000000000, 1.000000000000000000 ) ) ;
#5102 = PLANE ( 'NONE',  #7147 ) ;
#5103 = LINE ( 'NONE', #96, #4706 ) ;
#5104 = CARTESIAN_POINT ( 'NONE',  ( 0.5733007812499998357, 0.04000000000000000083, -0.5793164062499999156 ) ) ;
#5105 = CARTESIAN_POINT ( 'NONE',  ( 1.666374392804951032, 0.04000000000000000083, -0.5973976626379204902 ) ) ;
#5106 = EDGE_LOOP ( 'NONE', ( #139, #1073, #2491, #2653 ) ) ;
#5107 = CARTESIAN_POINT ( 'NONE',  ( 1.660855051491205270, 0.000000000000000000, -0.5985538056116296302 ) ) ;
#5108 = ORIENTED_EDGE ( 'NONE', *, *, #5288, .F. ) ;
#5109 = CARTESIAN_POINT ( 'NONE',  ( 0.8242773437500000577, 0.000000000000000000, -0.3518749999999999933 ) ) ;
#5110 = CARTESIAN_POINT ( 'NONE',  ( 1.917246093750000213, 0.04000000000000000083, -0.4019238281249996603 ) ) ;
#5111 = CARTESIAN_POINT ( 'NONE',  ( 0.9871366733375711577, 0.04000000000000000083, -0.3537567205312971974 ) ) ;
#5112 = CARTESIAN_POINT ( 'NONE',  ( 0.5764596016630501030, 0.04000000000000000083, -0.5663717020791755319 ) ) ;
#5113 = CARTESIAN_POINT ( 'NONE',  ( 1.734402016796388057, 0.000000000000000000, -0.3530827825236417250 ) ) ;
#5114 = EDGE_CURVE ( 'NONE', #6393, #775, #2948, .T. ) ;
#5115 = ORIENTED_EDGE ( 'NONE', *, *, #6076, .T. ) ;
#5116 = CARTESIAN_POINT ( 'NONE',  ( 1.964999999999999858, 0.1600000000000000033, -0.8800000000000000044 ) ) ;
#5117 = DIRECTION ( 'NONE',  ( 0.000000000000000000, 0.000000000000000000, 1.000000000000000000 ) ) ;
#5118 = CARTESIAN_POINT ( 'NONE',  ( 1.771096072426270984, 0.000000000000000000, -0.5696252024772485711 ) ) ;
#5119 = CARTESIAN_POINT ( 'NONE',  ( 2.032729895172760148, 0.04000000000000000083, -0.4594612905753138188 ) ) ;
#5120 = PLANE ( 'NONE',  #2016 ) ;
#5121 = CARTESIAN_POINT ( 'NONE',  ( 0.6165612494554562062, 0.000000000000000000, -0.5966986333579186175 ) ) ;
#5122 = ADVANCED_FACE ( 'NONE', ( #5026 ), #4480, .F. ) ;
#5123 = ORIENTED_EDGE ( 'NONE', *, *, #2952, .F. ) ;
#5124 = ORIENTED_EDGE ( 'NONE', *, *, #6367, .F. ) ;
#5125 = CARTESIAN_POINT ( 'NONE',  ( 1.472373046874999813, 0.04000000000000000083, -0.5752148437499997602 ) ) ;
#5126 = FACE_OUTER_BOUND ( 'NONE', #5442, .T. ) ;
#5127 = CARTESIAN_POINT ( 'NONE',  ( 1.605445111149788939, 0.04000000000000000083, -0.3768347480884960410 ) ) ;
#5128 = CARTESIAN_POINT ( 'NONE',  ( 0.8788551225774662301, 0.04000000000000000083, -0.4982900066544706519 ) ) ;
#5129 = ADVANCED_FACE ( 'NONE', ( #6388 ), #4218, .T. ) ;
#5130 = VERTEX_POINT ( 'NONE', #823 ) ;
#5131 = CARTESIAN_POINT ( 'NONE',  ( 0.7257584639991727649, 0.04000000000000000083, -0.5909021008537977959 ) ) ;
#5132 = CARTESIAN_POINT ( 'NONE',  ( 1.053149746055797698, 0.000000000000000000, -0.4874756497043725711 ) ) ;
#5133 = CARTESIAN_POINT ( 'NONE',  ( 1.047413250152736675, 0.000000000000000000, -0.5647530901664138403 ) ) ;
#5134 = CARTESIAN_POINT ( 'NONE',  ( 2.053277509291010272, 0.04000000000000000083, -0.5546854166789314533 ) ) ;
#5135 = CARTESIAN_POINT ( 'NONE',  ( 1.696250000000000258, 0.000000000000000000, -0.3768749999999996270 ) ) ;
#5136 = CARTESIAN_POINT ( 'NONE',  ( 1.955653175368279539, 0.000000000000000000, -0.4555727674424707718 ) ) ;
#5137 = VERTEX_POINT ( 'NONE', #2544 ) ;
#5138 = DIRECTION ( 'NONE',  ( -0.000000000000000000, -1.000000000000000000, -0.000000000000000000 ) ) ;
#5139 = CARTESIAN_POINT ( 'NONE',  ( 0.8518261953447646695, 0.000000000000000000, -0.3697119835800934950 ) ) ;
#5140 = CARTESIAN_POINT ( 'NONE',  ( 0.8733960098102337977, 0.000000000000000000, -0.4999697168267204228 ) ) ;
#5141 = FACE_OUTER_BOUND ( 'NONE', #7006, .T. ) ;
#5142 = SHAPE_DEFINITION_REPRESENTATION ( #373, #712 ) ;
#5143 = CARTESIAN_POINT ( 'NONE',  ( 1.039658203125000124, 0.04000000000000000083, -0.3767285156249997602 ) ) ;
#5144 = CARTESIAN_POINT ( 'NONE',  ( 0.5740318374469767226, 0.04000000000000000083, -0.5729228606004472812 ) ) ;
#5145 = DIRECTION ( 'NONE',  ( 1.000000000000000000, 0.000000000000000000, 0.000000000000000000 ) ) ;
#5146 = CARTESIAN_POINT ( 'NONE',  ( 0.8086774015304657448, 0.000000000000000000, -0.3552149494256104933 ) ) ;
#5147 = CARTESIAN_POINT ( 'NONE',  ( 1.769651190987989509, 0.04000000000000000083, -0.5658675403408567339 ) ) ;
#5148 = CARTESIAN_POINT ( 'NONE',  ( 1.960149673914983959, 0.04000000000000000083, -0.5378309883999116137 ) ) ;
#5149 = ADVANCED_FACE ( 'NONE', ( #4733 ), #3729, .T. ) ;
#5150 = CARTESIAN_POINT ( 'NONE',  ( 2.016125547921755690, 0.000000000000000000, -0.5224537783426569382 ) ) ;
#5151 = LINE ( 'NONE', #5623, #5275 ) ;
#5152 = VERTEX_POINT ( 'NONE', #4765 ) ;
#5153 = CARTESIAN_POINT ( 'NONE',  ( 1.970643310084932320, 0.04000000000000000083, -0.4733927557216454085 ) ) ;
#5154 = VECTOR ( 'NONE', #969, 39.37007874015748143 ) ;
#5155 = CARTESIAN_POINT ( 'NONE',  ( 0.6165612494554562062, 0.04000000000000000083, -0.5966986333579186175 ) ) ;
#5156 = EDGE_CURVE ( 'NONE', #3973, #1379, #4779, .T. ) ;
#5157 = CARTESIAN_POINT ( 'NONE',  ( 1.223041611128310668, 0.000000000000000000, -0.5910334772853688134 ) ) ;
#5158 = CARTESIAN_POINT ( 'NONE',  ( 0.9462499999999999245, 0.04000000000000000083, -0.4956249999999998712 ) ) ;
#5159 = FACE_OUTER_BOUND ( 'NONE', #4864, .T. ) ;
#5160 = CIRCLE ( 'NONE', #6082, 0.4499999999999999556 ) ;
#5161 = EDGE_LOOP ( 'NONE', ( #6717, #5124, #2515, #6902 ) ) ;
#5162 = CARTESIAN_POINT ( 'NONE',  ( 0.6760351562499997691, 0.000000000000000000, -0.3518749999999999378 ) ) ;
#5163 = CARTESIAN_POINT ( 'NONE',  ( 1.043666140214090987, 0.000000000000000000, -0.3647733968769525936 ) ) ;
#5164 = CARTESIAN_POINT ( 'NONE',  ( 1.365000000000000435, 0.2350000000000000144, -0.7300000000000000933 ) ) ;
#5165 = B_SPLINE_CURVE_WITH_KNOTS ( 'NONE', 3,
 ( #4551, #2217, #2771, #6178, #3395, #2846, #5598, #6762, #5132, #124, #6799 ),
 .UNSPECIFIED., .F., .F.,
 ( 4, 1, 1, 1, 1, 1, 1, 1, 4 ),
 ( 0.000000000000000000, 0.1679453575621936423, 0.3155584307757229312, 0.4482935236561866321, 0.5692202052921829791, 0.6836563780294090398, 0.7900701577392251762, 0.8941789807032259896, 1.000000000000000000 ),
 .UNSPECIFIED. ) ;
#5166 = FACE_OUTER_BOUND ( 'NONE', #5587, .T. ) ;
#5167 = ORIENTED_EDGE ( 'NONE', *, *, #6663, .F. ) ;
#5168 = ADVANCED_FACE ( 'NONE', ( #6945 ), #7034, .T. ) ;
#5169 = CARTESIAN_POINT ( 'NONE',  ( 2.050107421875000391, 0.04000000000000000083, -0.3549999999999996492 ) ) ;
#5170 = VECTOR ( 'NONE', #896, 39.37007874015748143 ) ;
#5171 = CARTESIAN_POINT ( 'NONE',  ( 1.951765115097809922, 0.04000000000000000083, -0.4070723292815294769 ) ) ;
#5172 = VERTEX_POINT ( 'NONE', #3711 ) ;
#5173 = CARTESIAN_POINT ( 'NONE',  ( 2.099375000000000213, 0.04000000000000000083, -0.5018749999999996270 ) ) ;
#5174 = CARTESIAN_POINT ( 'NONE',  ( 1.229899074122413394, 0.000000000000000000, -0.5761896830186833407 ) ) ;
#5175 = AXIS2_PLACEMENT_3D ( 'NONE', #4522, #6735, #651 ) ;
#5176 = ORIENTED_EDGE ( 'NONE', *, *, #6877, .F. ) ;
#5177 = DIRECTION ( 'NONE',  ( 0.000000000000000000, 0.000000000000000000, 1.000000000000000000 ) ) ;
#5178 = CARTESIAN_POINT ( 'NONE',  ( 1.867140711199825942, 0.000000000000000000, -0.3808693304631747267 ) ) ;
#5179 = EDGE_CURVE ( 'NONE', #3539, #6094, #1475, .T. ) ;
#5180 = CARTESIAN_POINT ( 'NONE',  ( 1.657015423178507918, 0.04000000000000000083, -0.5519363073328391600 ) ) ;
#5181 = CARTESIAN_POINT ( 'NONE',  ( 1.389999999999999680, 0.000000000000000000, -0.3840527343749997602 ) ) ;
#5182 = AXIS2_PLACEMENT_3D ( 'NONE', #5741, #4764, #5234 ) ;
#5183 = CARTESIAN_POINT ( 'NONE',  ( 1.439267578124999725, 0.000000000000000000, -0.5518749999999997824 ) ) ;
#5184 = CARTESIAN_POINT ( 'NONE',  ( 0.8556249999999999689, 0.04000000000000000083, -0.5257031249999999378 ) ) ;
#5185 = VECTOR ( 'NONE', #6802, 39.37007874015748143 ) ;
#5186 = CARTESIAN_POINT ( 'NONE',  ( 0.5866529289555078019, -0.000000000000000000, -0.5495732762805691785 ) ) ;
#5187 = CARTESIAN_POINT ( 'NONE',  ( 0.7970540585543750556, 0.000000000000000000, -0.3663989850286845651 ) ) ;
#5188 = CARTESIAN_POINT ( 'NONE',  ( 2.042722525026210878, 0.04000000000000000083, -0.4608663748415390282 ) ) ;
#5189 = CARTESIAN_POINT ( 'NONE',  ( 1.960888419420641293, 0.000000000000000000, -0.5461139639397929457 ) ) ;
#5190 = ORIENTED_EDGE ( 'NONE', *, *, #6306, .F. ) ;
#5191 = CARTESIAN_POINT ( 'NONE',  ( 0.9538879447609153184, 0.000000000000000000, -0.3601458437950539326 ) ) ;
#5192 = DIRECTION ( 'NONE',  ( 1.000000000000000000, 0.000000000000000000, 0.000000000000000000 ) ) ;
#5193 = ORIENTED_EDGE ( 'NONE', *, *, #7084, .F. ) ;
#5194 = CARTESIAN_POINT ( 'NONE',  ( 1.459554354473872273, 0.000000000000000000, -0.5926285563699443815 ) ) ;
#5195 = CARTESIAN_POINT ( 'NONE',  ( 0.8111839591274118133, 0.04000000000000000083, -0.4896144784986271592 ) ) ;
#5196 = FACE_OUTER_BOUND ( 'NONE', #1310, .T. ) ;
#5197 = CARTESIAN_POINT ( 'NONE',  ( 0.8281254096925321218, 0.000000000000000000, -0.4738779710854437166 ) ) ;
#5198 = CARTESIAN_POINT ( 'NONE',  ( 0.7150130397433587248, 0.04000000000000000083, -0.5749507299450165032 ) ) ;
#5199 = ORIENTED_EDGE ( 'NONE', *, *, #2487, .T. ) ;
#5200 = EDGE_CURVE ( 'NONE', #340, #3973, #6026, .T. ) ;
#5201 = DIRECTION ( 'NONE',  ( 0.000000000000000000, 0.000000000000000000, -1.000000000000000000 ) ) ;
#5202 = CARTESIAN_POINT ( 'NONE',  ( 2.024967990344837432, 0.04000000000000000083, -0.5090912434260007613 ) ) ;
#5203 = CARTESIAN_POINT ( 'NONE',  ( 0.6539865169830627600, 0.04000000000000000083, -0.3603921494036425588 ) ) ;
#5204 = CARTESIAN_POINT ( 'NONE',  ( 1.174375000000000169, 0.04000000000000000083, -0.4612499999999997713 ) ) ;
#5205 = CARTESIAN_POINT ( 'NONE',  ( 1.696765627192600379, 0.000000000000000000, -0.3816033850089007307 ) ) ;
#5206 = CARTESIAN_POINT ( 'NONE',  ( 1.949712686094194458, 0.000000000000000000, -0.4165623942470850216 ) ) ;
#5207 = ORIENTED_EDGE ( 'NONE', *, *, #4186, .F. ) ;
#5208 = EDGE_CURVE ( 'NONE', #423, #1480, #7085, .T. ) ;
#5209 = DIRECTION ( 'NONE',  ( -0.000000000000000000, -1.000000000000000000, -0.000000000000000000 ) ) ;
#5210 = CARTESIAN_POINT ( 'NONE',  ( 1.227385462816605211, 0.000000000000000000, -0.5845524987689059149 ) ) ;
#5211 = DIRECTION ( 'NONE',  ( 0.000000000000000000, -1.000000000000000000, 0.000000000000000000 ) ) ;
#5212 = CARTESIAN_POINT ( 'NONE',  ( 2.155625000000000124, 0.04000000000000000083, -0.5661328124999995826 ) ) ;
#5213 = CARTESIAN_POINT ( 'NONE',  ( 1.605624999999999858, 0.04000000000000000083, -0.5518749999999997824 ) ) ;
#5214 = CARTESIAN_POINT ( 'NONE',  ( 1.973390406862987501, 0.000000000000000000, -0.4988687646050186664 ) ) ;
#5215 = EDGE_CURVE ( 'NONE', #3131, #227, #1634, .T. ) ;
#5216 = CARTESIAN_POINT ( 'NONE',  ( 1.949375000000000302, 0.000000000000000000, -0.4263378906249996603 ) ) ;
#5217 = CARTESIAN_POINT ( 'NONE',  ( 1.389999999999999680, 0.04000000000000000083, -0.5518749999999997824 ) ) ;
#5218 = CARTESIAN_POINT ( 'NONE',  ( 0.9871983303848078650, 0.04000000000000000083, -0.5957356426193908261 ) ) ;
#5219 = CARTESIAN_POINT ( 'NONE',  ( 2.014696810009165784, 0.000000000000000000, -0.4520111365266911152 ) ) ;
#5220 = CARTESIAN_POINT ( 'NONE',  ( 0.9817033282193950994, 0.000000000000000000, -0.3521530522776147309 ) ) ;
#5221 = VERTEX_POINT ( 'NONE', #3781 ) ;
#5222 = CARTESIAN_POINT ( 'NONE',  ( 1.578916015624999947, 0.04000000000000000083, -0.3518749999999997713 ) ) ;
#5223 = PLANE ( 'NONE',  #7014 ) ;
#5224 = VERTEX_POINT ( 'NONE', #7160 ) ;
#5225 = CARTESIAN_POINT ( 'NONE',  ( 1.441323959406033195, 0.000000000000000000, -0.5986823350490794171 ) ) ;
#5226 = CARTESIAN_POINT ( 'NONE',  ( 1.751459448207661973, 0.000000000000000000, -0.3724999552451462304 ) ) ;
#5227 = CARTESIAN_POINT ( 'NONE',  ( 0.8810613643722925437, -0.000000000000000000, -0.4172523011105747637 ) ) ;
#5228 = CARTESIAN_POINT ( 'NONE',  ( 0.8557770855074384730, 0.000000000000000000, -0.5204076692650108082 ) ) ;
#5229 = B_SPLINE_SURFACE_WITH_KNOTS ( 'NONE', 3, 1, ( 
 ( #6999, #4714 ),
 ( #6374, #4277 ),
 ( #2563, #6479 ),
 ( #1393, #392 ),
 ( #289, #842 ),
 ( #3730, #5325 ),
 ( #1494, #2011 ),
 ( #3080, #5291 ),
 ( #4784, #5938 ),
 ( #3182, #4239 ),
 ( #2598, #4750 ),
 ( #6962, #5394 ),
 ( #6444, #4206 ),
 ( #4820, #6406 ),
 ( #3698, #2635 ),
 ( #7035, #4854 ),
 ( #7071, #2084 ),
 ( #5433, #2229 ),
 ( #3333, #5001 ) ),
 .UNSPECIFIED., .F., .F., .F.,
 ( 4, 1, 1, 1, 1, 1, 1, 1, 1, 1, 1, 1, 1, 1, 1, 1, 4 ),
 ( 2, 2 ),
 ( 0.000000000000000000, 0.05715934425126421164, 0.1103344148865779278, 0.1596849865745353092, 0.2063140102326494751, 0.2527625779277176132, 0.2985075291364448491, 0.3453966715603278836, 0.3944175292232750540, 0.4481290512027624184, 0.5074025264404208313, 0.5729450754429765702, 0.6452721921386432857, 0.7234339374683268487, 0.8088879161515639682, 0.9010527041117895042, 1.000000000000000000 ),
 ( 0.000000000000000000, 1.000000000000000000 ),
 .UNSPECIFIED. ) ;
#5230 = CARTESIAN_POINT ( 'NONE',  ( 0.7469251978107264156, 0.04000000000000000083, -0.6018009746601061805 ) ) ;
#5231 = ORIENTED_EDGE ( 'NONE', *, *, #418, .F. ) ;
#5232 = VERTEX_POINT ( 'NONE', #999 ) ;
#5233 = CARTESIAN_POINT ( 'NONE',  ( 1.917246093750000213, 0.000000000000000000, -0.4019238281249996603 ) ) ;
#5234 = DIRECTION ( 'NONE',  ( 0.000000000000000000, 0.000000000000000000, -1.000000000000000000 ) ) ;
#5235 = CARTESIAN_POINT ( 'NONE',  ( 0.6583915933623259997, 0.04000000000000000083, -0.3565808335474667801 ) ) ;
#5236 = CARTESIAN_POINT ( 'NONE',  ( 2.137648420393957860, 0.04000000000000000083, -0.5968572929066623400 ) ) ;
#5237 = ORIENTED_EDGE ( 'NONE', *, *, #1829, .T. ) ;
#5238 = CARTESIAN_POINT ( 'NONE',  ( 2.040779277382075652, 0.000000000000000000, -0.3551108385198321615 ) ) ;
#5239 = EDGE_CURVE ( 'NONE', #290, #2853, #5919, .T. ) ;
#5240 = CARTESIAN_POINT ( 'NONE',  ( 0.000000000000000000, 0.000000000000000000, 0.000000000000000000 ) ) ;
#5241 = ORIENTED_EDGE ( 'NONE', *, *, #2007, .T. ) ;
#5242 = CARTESIAN_POINT ( 'NONE',  ( 1.700881053803499521, 0.04000000000000000083, -0.3639637570138780087 ) ) ;
#5243 = CARTESIAN_POINT ( 'NONE',  ( 2.008293254178010301, 0.04000000000000000083, -0.3581009708280760151 ) ) ;
#5244 = CARTESIAN_POINT ( 'NONE',  ( 0.6635930924006905318, 0.000000000000000000, -0.3537723651518704937 ) ) ;
#5245 = CARTESIAN_POINT ( 'NONE',  ( 1.439267578124999725, 0.04000000000000000083, -0.5987499999999996714 ) ) ;
#5246 = EDGE_CURVE ( 'NONE', #4286, #4804, #4835, .T. ) ;
#5247 = CARTESIAN_POINT ( 'NONE',  ( 1.682079730355532377, 0.000000000000000000, -0.5802879112056273936 ) ) ;
#5248 = CARTESIAN_POINT ( 'NONE',  ( 1.174375000000000169, 0.04000000000000000083, -0.5049999999999997824 ) ) ;
#5249 = B_SPLINE_CURVE_WITH_KNOTS ( 'NONE', 3,
 ( #1797, #2385, #215, #4675, #6887, #4034, #5694, #2932, #4064, #1359, #1251, #3591, #77, #5119, #4536, #6746, #3996, #6197, #4605 ),
 .UNSPECIFIED., .F., .F.,
 ( 4, 1, 1, 1, 1, 1, 1, 1, 1, 1, 1, 1, 1, 1, 1, 1, 4 ),
 ( 0.000000000000000000, 0.05905386983810188145, 0.1149064111471858468, 0.1683363985828629783, 0.2188218083615692255, 0.2690138084820254960, 0.3183377085301799525, 0.3685130492486877740, 0.4209320508175067310, 0.4760462544031611176, 0.5352556472514578001, 0.5992555639452635807, 0.6682508859597999784, 0.7425064992799548236, 0.8221474463707814095, 0.9081608615279551655, 1.000000000000000000 ),
 .UNSPECIFIED. ) ;
#5250 = ORIENTED_EDGE ( 'NONE', *, *, #4416, .F. ) ;
#5251 = CARTESIAN_POINT ( 'NONE',  ( 1.994394531249999991, 0.04000000000000000083, -0.4849804687499996159 ) ) ;
#5252 = CARTESIAN_POINT ( 'NONE',  ( 1.228806392534069980, 0.000000000000000000, -0.3730302950764388115 ) ) ;
#5253 = CARTESIAN_POINT ( 'NONE',  ( 0.8028276989471914149, 0.000000000000000000, -0.3590826211141379676 ) ) ;
#5254 = CARTESIAN_POINT ( 'NONE',  ( 1.963362791932468765, 0.000000000000000000, -0.5557631974315553336 ) ) ;
#5255 = DIRECTION ( 'NONE',  ( 0.000000000000000000, 0.000000000000000000, -1.000000000000000000 ) ) ;
#5256 = ORIENTED_EDGE ( 'NONE', *, *, #1679, .F. ) ;
#5257 = EDGE_CURVE ( 'NONE', #447, #3476, #3198, .T. ) ;
#5258 = CARTESIAN_POINT ( 'NONE',  ( 1.848820844853678480, 0.000000000000000000, -0.5755180061211363496 ) ) ;
#5259 = CARTESIAN_POINT ( 'NONE',  ( 0.7952688206853276709, 0.04000000000000000083, -0.3713931034677105947 ) ) ;
#5260 = ORIENTED_EDGE ( 'NONE', *, *, #4926, .T. ) ;
#5261 = CARTESIAN_POINT ( 'NONE',  ( 1.441323959406033195, 0.04000000000000000083, -0.5986823350490794171 ) ) ;
#5262 = CARTESIAN_POINT ( 'NONE',  ( 1.039735310651218825, -0.000000000000000000, -0.3781726084434772761 ) ) ;
#5263 = EDGE_CURVE ( 'NONE', #4226, #6611, #2065, .T. ) ;
#5264 = CARTESIAN_POINT ( 'NONE',  ( 0.6539865169830627600, 0.04000000000000000083, -0.3603921494036425588 ) ) ;
#5265 = DIRECTION ( 'NONE',  ( 0.000000000000000000, 0.000000000000000000, 1.000000000000000000 ) ) ;
#5266 = CARTESIAN_POINT ( 'NONE',  ( 1.782027422911111936, 0.000000000000000000, -0.5892853783513849475 ) ) ;
#5267 = ORIENTED_EDGE ( 'NONE', *, *, #7070, .F. ) ;
#5268 = ORIENTED_EDGE ( 'NONE', *, *, #6210, .T. ) ;
#5269 = DIRECTION ( 'NONE',  ( 0.000000000000000000, 0.000000000000000000, -1.000000000000000000 ) ) ;
#5270 = VECTOR ( 'NONE', #3278, 39.37007874015748143 ) ;
#5271 = CARTESIAN_POINT ( 'NONE',  ( 1.066425432574315879, 0.04000000000000000083, -0.3550593750210382926 ) ) ;
#5272 = CARTESIAN_POINT ( 'NONE',  ( 1.070103885656789711, 0.04000000000000000083, -0.5550576459251815864 ) ) ;
#5273 = CARTESIAN_POINT ( 'NONE',  ( 2.147817397261356120, 0.04000000000000000083, -0.5910281927179699135 ) ) ;
#5274 = CARTESIAN_POINT ( 'NONE',  ( 1.056702978549527439, 0.04000000000000000083, -0.4952523578245225933 ) ) ;
#5275 = VECTOR ( 'NONE', #5192, 39.37007874015748143 ) ;
#5276 = CARTESIAN_POINT ( 'NONE',  ( 1.989414062500000080, 0.04000000000000000083, -0.3638378906249996048 ) ) ;
#5277 = EDGE_LOOP ( 'NONE', ( #4850, #4899, #6522, #2609, #5924, #1583, #4548, #6602, #6103, #4609, #7117, #2986 ) ) ;
#5278 = CARTESIAN_POINT ( 'NONE',  ( 1.964726302747429099, 0.04000000000000000083, -0.5118480144107111496 ) ) ;
#5279 = CARTESIAN_POINT ( 'NONE',  ( 2.015595855502556155, 0.000000000000000000, -0.3569713795882448193 ) ) ;
#5280 = FACE_OUTER_BOUND ( 'NONE', #1540, .T. ) ;
#5281 = VECTOR ( 'NONE', #6924, 39.37007874015748143 ) ;
#5282 = CARTESIAN_POINT ( 'NONE',  ( 1.264231652782878523, 0.000000000000000000, -0.5919417975870766568 ) ) ;
#5283 = DIRECTION ( 'NONE',  ( 0.000000000000000000, 0.000000000000000000, 1.000000000000000000 ) ) ;
#5284 = DIRECTION ( 'NONE',  ( -1.000000000000000000, 0.000000000000000000, 0.000000000000000000 ) ) ;
#5285 = VECTOR ( 'NONE', #4688, 39.37007874015748854 ) ;
#5286 = ORIENTED_EDGE ( 'NONE', *, *, #5239, .F. ) ;
#5287 = CARTESIAN_POINT ( 'NONE',  ( 1.988987170270583915, 0.04000000000000000083, -0.4832296735174687052 ) ) ;
#5288 = EDGE_CURVE ( 'NONE', #3816, #227, #5412, .T. ) ;
#5289 = CARTESIAN_POINT ( 'NONE',  ( 0.8128141420584201748, 0.04000000000000000083, -0.5710522244512319379 ) ) ;
#5290 = CARTESIAN_POINT ( 'NONE',  ( 1.661040479109264778, 0.000000000000000000, -0.5520525501284386793 ) ) ;
#5291 = CARTESIAN_POINT ( 'NONE',  ( 2.021843089826644846, 0.000000000000000000, -0.5466887058288432133 ) ) ;
#5292 = AXIS2_PLACEMENT_3D ( 'NONE', #50, #1768, #5556 ) ;
#5293 = VERTEX_POINT ( 'NONE', #4256 ) ;
#5294 = FACE_OUTER_BOUND ( 'NONE', #6203, .T. ) ;
#5295 = CARTESIAN_POINT ( 'NONE',  ( 0.7743261718749997469, 0.04000000000000000083, -0.5786328124999998712 ) ) ;
#5296 = AXIS2_PLACEMENT_3D ( 'NONE', #571, #3361, #4553 ) ;
#5297 = VERTEX_POINT ( 'NONE', #4289 ) ;
#5298 = EDGE_CURVE ( 'NONE', #4487, #3777, #2134, .T. ) ;
#5299 = CARTESIAN_POINT ( 'NONE',  ( 1.916637759188859036, 0.000000000000000000, -0.3592395895217309620 ) ) ;
#5300 = CARTESIAN_POINT ( 'NONE',  ( 0.6335058593749998135, 0.04000000000000000083, -0.5724804687499998046 ) ) ;
#5301 = CARTESIAN_POINT ( 'NONE',  ( 0.6760351562499997691, 0.04000000000000000083, -0.3518749999999999378 ) ) ;
#5302 = CARTESIAN_POINT ( 'NONE',  ( 0.8556249999999999689, 0.000000000000000000, -0.5257031249999999378 ) ) ;
#5303 = ORIENTED_EDGE ( 'NONE', *, *, #3217, .T. ) ;
#5304 = ADVANCED_FACE ( 'NONE', ( #3271 ), #5371, .T. ) ;
#5305 = ORIENTED_EDGE ( 'NONE', *, *, #4861, .T. ) ;
#5306 = CARTESIAN_POINT ( 'NONE',  ( 0.6986652268970642288, 0.000000000000000000, -0.3645325583494615218 ) ) ;
#5307 = CARTESIAN_POINT ( 'NONE',  ( 1.050965998253355460, 0.000000000000000000, -0.3583920284298203751 ) ) ;
#5308 = CARTESIAN_POINT ( 'NONE',  ( 0.6462499999999998801, 0.04000000000000000083, -0.3841015624999998823 ) ) ;
#5309 = CARTESIAN_POINT ( 'NONE',  ( 1.063720114036624365, 0.04000000000000000083, -0.5015975517369541947 ) ) ;
#5310 = DIRECTION ( 'NONE',  ( -0.000000000000000000, -1.000000000000000000, -0.000000000000000000 ) ) ;
#5311 = ORIENTED_EDGE ( 'NONE', *, *, #4947, .T. ) ;
#5312 = ORIENTED_EDGE ( 'NONE', *, *, #1118, .T. ) ;
#5313 = ORIENTED_EDGE ( 'NONE', *, *, #18, .F. ) ;
#5314 = ORIENTED_EDGE ( 'NONE', *, *, #2816, .F. ) ;
#5315 = CARTESIAN_POINT ( 'NONE',  ( 1.708710896040090743, 0.04000000000000000083, -0.3562605157511133380 ) ) ;
#5316 = CARTESIAN_POINT ( 'NONE',  ( 0.5751446174638729092, 0.04000000000000000083, -0.5873022400820337996 ) ) ;
#5317 = CARTESIAN_POINT ( 'NONE',  ( 1.747785230038836568, 0.04000000000000000083, -0.3651590258483829454 ) ) ;
#5318 = CARTESIAN_POINT ( 'NONE',  ( 0.000000000000000000, 0.1350000000000000089, 0.000000000000000000 ) ) ;
#5319 = FACE_OUTER_BOUND ( 'NONE', #193, .T. ) ;
#5320 = CARTESIAN_POINT ( 'NONE',  ( 1.960401177559732089, 0.04000000000000000083, -0.5275525584092636278 ) ) ;
#5321 = EDGE_LOOP ( 'NONE', ( #737, #2139, #6149, #7007 ) ) ;
#5322 = CARTESIAN_POINT ( 'NONE',  ( 2.045664062500000213, 0.000000000000000000, -0.5987499999999995604 ) ) ;
#5323 = CARTESIAN_POINT ( 'NONE',  ( 1.216057590040853897, 0.000000000000000000, -0.3580154902424591001 ) ) ;
#5324 = CARTESIAN_POINT ( 'NONE',  ( 0.9842120465599347723, 0.04000000000000000083, -0.5968761565723069706 ) ) ;
#5325 = CARTESIAN_POINT ( 'NONE',  ( 2.018058619720922930, 0.000000000000000000, -0.5420957048316908944 ) ) ;
#5326 = ORIENTED_EDGE ( 'NONE', *, *, #5208, .T. ) ;
#5327 = CARTESIAN_POINT ( 'NONE',  ( 0.9634527451739841597, 0.000000000000000000, -0.3537421104536338512 ) ) ;
#5328 = CARTESIAN_POINT ( 'NONE',  ( 1.072421875000000080, 0.04000000000000000083, -0.5549999999999997158 ) ) ;
#5329 = EDGE_CURVE ( 'NONE', #7125, #820, #1586, .T. ) ;
#5330 = B_SPLINE_CURVE_WITH_KNOTS ( 'NONE', 3,
 ( #6701, #5716, #6188, #3913, #4023, #171, #4526, #615, #5650, #3405, #5075, #3477, #579, #688, #6738, #4560, #2820, #3987, #1204 ),
 .UNSPECIFIED., .F., .F.,
 ( 4, 1, 1, 1, 1, 1, 1, 1, 1, 1, 1, 1, 1, 1, 1, 1, 4 ),
 ( 0.000000000000000000, 0.05715934425126421164, 0.1103344148865779278, 0.1596849865745353092, 0.2063140102326494751, 0.2527625779277176132, 0.2985075291364448491, 0.3453966715603278836, 0.3944175292232750540, 0.4481290512027624184, 0.5074025264404208313, 0.5729450754429765702, 0.6452721921386432857, 0.7234339374683268487, 0.8088879161515639682, 0.9010527041117895042, 1.000000000000000000 ),
 .UNSPECIFIED. ) ;
#5331 = CARTESIAN_POINT ( 'NONE',  ( 0.8031137021850512925, 0.000000000000000000, -0.5048465726402794340 ) ) ;
#5332 = CARTESIAN_POINT ( 'NONE',  ( 2.014608121733580948, 0.000000000000000000, -0.4087424215289235940 ) ) ;
#5333 = CARTESIAN_POINT ( 'NONE',  ( 2.153993887924431139, 0.04000000000000000083, -0.3732876937333665657 ) ) ;
#5334 = CARTESIAN_POINT ( 'NONE',  ( 0.8556249999999999689, 0.04000000000000000083, -0.5257031249999999378 ) ) ;
#5335 = EDGE_CURVE ( 'NONE', #4643, #2188, #3743, .T. ) ;
#5336 = VERTEX_POINT ( 'NONE', #6170 ) ;
#5337 = ORIENTED_EDGE ( 'NONE', *, *, #4665, .F. ) ;
#5338 = CARTESIAN_POINT ( 'NONE',  ( 1.341339818900262770, 0.04000000000000000083, -0.3603044935183252750 ) ) ;
#5339 = CARTESIAN_POINT ( 'NONE',  ( 1.230173739409742950, 0.000000000000000000, -0.3798227427556233882 ) ) ;
#5340 = CARTESIAN_POINT ( 'NONE',  ( 0.8978244931050317623, 0.04000000000000000083, -0.4400836589493594131 ) ) ;
#5341 = EDGE_LOOP ( 'NONE', ( #444, #4329, #4762, #5920 ) ) ;
#5342 = CARTESIAN_POINT ( 'NONE',  ( 1.822573737908640190, 0.04000000000000000083, -0.6008886294961445218 ) ) ;
#5343 = EDGE_CURVE ( 'NONE', #1188, #1590, #2289, .T. ) ;
#5344 = CARTESIAN_POINT ( 'NONE',  ( 2.015146484375000213, 0.04000000000000000083, -0.5293164062499996492 ) ) ;
#5345 = VERTEX_POINT ( 'NONE', #5094 ) ;
#5346 = VERTEX_POINT ( 'NONE', #5628 ) ;
#5347 = CARTESIAN_POINT ( 'NONE',  ( 0.9842120465599347723, 0.000000000000000000, -0.5968761565723069706 ) ) ;
#5348 = CARTESIAN_POINT ( 'NONE',  ( 1.572469867068216232, 0.04000000000000000083, -0.3521447688439878210 ) ) ;
#5349 = CARTESIAN_POINT ( 'NONE',  ( 1.368884206131682602, 0.000000000000000000, -0.3521032973289328627 ) ) ;
#5350 = CARTESIAN_POINT ( 'NONE',  ( 0.7952474416926696987, 0.04000000000000000083, -0.3747472364386192356 ) ) ;
#5351 = CARTESIAN_POINT ( 'NONE',  ( 1.682201444768099075, 0.04000000000000000083, -0.5735471527621130994 ) ) ;
#5352 = FACE_OUTER_BOUND ( 'NONE', #1950, .T. ) ;
#5353 = ORIENTED_EDGE ( 'NONE', *, *, #428, .T. ) ;
#5354 = CARTESIAN_POINT ( 'NONE',  ( 1.842649803166262590, 0.04000000000000000083, -0.5869697457414765340 ) ) ;
#5355 = CARTESIAN_POINT ( 'NONE',  ( 1.952147362764287353, 0.04000000000000000083, -0.4467635451590317164 ) ) ;
#5356 = CARTESIAN_POINT ( 'NONE',  ( 1.223100012046705931, 0.000000000000000000, -0.3628084645464998981 ) ) ;
#5357 = LINE ( 'NONE', #1493, #4484 ) ;
#5358 = CARTESIAN_POINT ( 'NONE',  ( 0.7952688206853276709, 0.04000000000000000083, -0.3713931034677105947 ) ) ;
#5359 = CARTESIAN_POINT ( 'NONE',  ( 1.856943359375000213, 0.000000000000000000, -0.5549999999999996048 ) ) ;
#5360 = CARTESIAN_POINT ( 'NONE',  ( 1.489680251591115390, 0.000000000000000000, -0.5972276466835291231 ) ) ;
#5361 = PLANE ( 'NONE',  #2863 ) ;
#5362 = EDGE_CURVE ( 'NONE', #5836, #4226, #679, .T. ) ;
#5363 = CARTESIAN_POINT ( 'NONE',  ( 2.014608121733580948, 0.04000000000000000083, -0.4087424215289235940 ) ) ;
#5364 = CARTESIAN_POINT ( 'NONE',  ( 2.155625000000000568, 0.000000000000000000, -0.3876171874999996825 ) ) ;
#5365 = CARTESIAN_POINT ( 'NONE',  ( 0.8850891397059610366, 0.000000000000000000, -0.4971555548031389993 ) ) ;
#5366 = ORIENTED_EDGE ( 'NONE', *, *, #5749, .F. ) ;
#5367 = ORIENTED_EDGE ( 'NONE', *, *, #5736, .F. ) ;
#5368 = CARTESIAN_POINT ( 'NONE',  ( 1.801733752442519654, 0.04000000000000000083, -0.6008235063121643016 ) ) ;
#5369 = CARTESIAN_POINT ( 'NONE',  ( 1.221042666609635896, 0.000000000000000000, -0.3609521127092621406 ) ) ;
#5370 = EDGE_CURVE ( 'NONE', #3306, #813, #4944, .T. ) ;
#5371 = PLANE ( 'NONE',  #6445 ) ;
#5372 = ORIENTED_EDGE ( 'NONE', *, *, #1535, .F. ) ;
#5373 = CARTESIAN_POINT ( 'NONE',  ( 1.850647384704483533, 0.04000000000000000083, -0.5710787334946111349 ) ) ;
#5374 = LINE ( 'NONE', #5344, #2264 ) ;
#5375 = ORIENTED_EDGE ( 'NONE', *, *, #4178, .T. ) ;
#5376 = AXIS2_PLACEMENT_3D ( 'NONE', #1676, #5035, #2780 ) ;
#5377 = VERTEX_POINT ( 'NONE', #2244 ) ;
#5378 = ORIENTED_EDGE ( 'NONE', *, *, #6521, .T. ) ;
#5379 = CARTESIAN_POINT ( 'NONE',  ( 2.148767170032877427, 0.000000000000000000, -0.3635512681493203169 ) ) ;
#5380 = CARTESIAN_POINT ( 'NONE',  ( 1.556964818900262726, 0.04000000000000000083, -0.3603044935183252750 ) ) ;
#5381 = CARTESIAN_POINT ( 'NONE',  ( 1.287558593750000036, 0.000000000000000000, -0.5987499999999997824 ) ) ;
#5382 = ADVANCED_FACE ( 'NONE', ( #2838 ), #5055, .T. ) ;
#5383 = CARTESIAN_POINT ( 'NONE',  ( 1.881494673059509459, 0.000000000000000000, -0.3557998707307686859 ) ) ;
#5384 = CARTESIAN_POINT ( 'NONE',  ( 1.961904996121838884, 0.000000000000000000, -0.5509853900523198345 ) ) ;
#5385 = VECTOR ( 'NONE', #7114, 39.37007874015748143 ) ;
#5386 = CARTESIAN_POINT ( 'NONE',  ( 1.682039575201084824, 0.000000000000000000, -0.5703224049498253345 ) ) ;
#5387 = CARTESIAN_POINT ( 'NONE',  ( 0.6299256319386252745, 0.000000000000000000, -0.5783142384884172316 ) ) ;
#5388 = ORIENTED_EDGE ( 'NONE', *, *, #4892, .T. ) ;
#5389 = CARTESIAN_POINT ( 'NONE',  ( 1.856487890401973706, 0.04000000000000000083, -0.5561556980009904061 ) ) ;
#5390 = VECTOR ( 'NONE', #5621, 39.37007874015748143 ) ;
#5391 = LINE ( 'NONE', #390, #2386 ) ;
#5392 = CARTESIAN_POINT ( 'NONE',  ( 1.226464966626936492, 0.000000000000000000, -0.3673481227353583289 ) ) ;
#5393 = CARTESIAN_POINT ( 'NONE',  ( 0.9809268228616009333, 0.04000000000000000083, -0.5976799259556466737 ) ) ;
#5394 = CARTESIAN_POINT ( 'NONE',  ( 2.034119379407502759, 0.000000000000000000, -0.5521202448139377328 ) ) ;
#5395 = DIRECTION ( 'NONE',  ( 4.553079989440439683E-16, 0.000000000000000000, 1.000000000000000000 ) ) ;
#5396 = MECHANICAL_DESIGN_GEOMETRIC_PRESENTATION_REPRESENTATION (  '', ( #4241 ), #1327 ) ;
#5397 = FACE_OUTER_BOUND ( 'NONE', #1065, .T. ) ;
#5398 = B_SPLINE_CURVE_WITH_KNOTS ( 'NONE', 3,
 ( #2106, #900, #4295, #378, #6499, #6577, #1039, #3277, #3717, #5926, #2036, #413, #6428, #5347, #5487, #2729, #1516, #7165, #341 ),
 .UNSPECIFIED., .F., .F.,
 ( 4, 1, 1, 1, 1, 1, 1, 1, 1, 1, 1, 1, 1, 1, 1, 1, 4 ),
 ( 0.000000000000000000, 0.07590845146816251054, 0.1474840550859257138, 0.2134541939948025602, 0.2759788719411160884, 0.3355619591689266157, 0.3911561481359048242, 0.4456654311375550792, 0.4981128841142004604, 0.5512486429357615902, 0.6047369465968965851, 0.6619600714816530340, 0.7215431587094627286, 0.7838335983447309863, 0.8516025714140789127, 0.9231781750318422963, 0.9999999999999998890 ),
 .UNSPECIFIED. ) ;
#5399 = AXIS2_PLACEMENT_3D ( 'NONE', #2633, #3762, #2781 ) ;
#5400 = CARTESIAN_POINT ( 'NONE',  ( 0.7022988852911073998, 0.000000000000000000, -0.3768439801978326065 ) ) ;
#5401 = CARTESIAN_POINT ( 'NONE',  ( 0.7951757812499999911, 0.04000000000000000083, -0.3738476562499999378 ) ) ;
#5402 = CARTESIAN_POINT ( 'NONE',  ( 2.032114261580322268, 0.000000000000000000, -0.4007046185879961087 ) ) ;
#5403 = CARTESIAN_POINT ( 'NONE',  ( 2.012172348064733995, 0.04000000000000000083, -0.4110767053371008339 ) ) ;
#5404 = CARTESIAN_POINT ( 'NONE',  ( 1.378777831496326156, 0.04000000000000000083, -0.3563179182539748524 ) ) ;
#5405 = B_SPLINE_SURFACE_WITH_KNOTS ( 'NONE', 3, 1, ( 
 ( #5184, #4633 ),
 ( #1698, #5053 ),
 ( #6097, #6603 ),
 ( #2416, #3514 ),
 ( #1147, #6641 ),
 ( #5721, #3853 ),
 ( #2206, #1316 ),
 ( #48, #2172 ),
 ( #2242, #4467 ),
 ( #2286, #5014 ),
 ( #7191, #1657 ) ),
 .UNSPECIFIED., .F., .F., .F.,
 ( 4, 1, 1, 1, 1, 1, 1, 1, 4 ),
 ( 2, 2 ),
 ( 0.000000000000000000, 0.1301792176390407230, 0.2541230567790883077, 0.3755672815653419150, 0.4972130155021918241, 0.6196092790588617616, 0.7425177902555690768, 0.8688022457434154688, 1.000000000000000000 ),
 ( 0.000000000000000000, 1.000000000000000000 ),
 .UNSPECIFIED. ) ;
#5406 = VECTOR ( 'NONE', #161, 39.37007874015748143 ) ;
#5407 = EDGE_LOOP ( 'NONE', ( #46, #6531, #4901, #1476 ) ) ;
#5408 = ORIENTED_EDGE ( 'NONE', *, *, #4423, .F. ) ;
#5409 = DIRECTION ( 'NONE',  ( 0.000000000000000000, 1.000000000000000000, -0.000000000000000000 ) ) ;
#5410 = CARTESIAN_POINT ( 'NONE',  ( 1.230173739409742950, 0.04000000000000000083, -0.3798227427556233882 ) ) ;
#5411 = VECTOR ( 'NONE', #2588, 39.37007874015748143 ) ;
#5412 = LINE ( 'NONE', #3161, #5521 ) ;
#5413 = ORIENTED_EDGE ( 'NONE', *, *, #3611, .F. ) ;
#5414 = CARTESIAN_POINT ( 'NONE',  ( 1.441390423178507962, 0.04000000000000000083, -0.5519363073328391600 ) ) ;
#5415 = CARTESIAN_POINT ( 'NONE',  ( 2.054208984375000213, 0.04000000000000000083, -0.4612499999999996048 ) ) ;
#5416 = ADVANCED_FACE ( 'NONE', ( #3388 ), #673, .F. ) ;
#5417 = ORIENTED_EDGE ( 'NONE', *, *, #2539, .F. ) ;
#5418 = ORIENTED_EDGE ( 'NONE', *, *, #7039, .T. ) ;
#5419 = ORIENTED_EDGE ( 'NONE', *, *, #6169, .F. ) ;
#5420 = CARTESIAN_POINT ( 'NONE',  ( 2.155515682990078119, 0.04000000000000000083, -0.5701577554578421969 ) ) ;
#5421 = CARTESIAN_POINT ( 'NONE',  ( 1.549458348515246442, -0.000000000000000000, -0.3816677524541000066 ) ) ;
#5422 = CARTESIAN_POINT ( 'NONE',  ( 0.8242773437499998357, 0.04000000000000000083, -0.3518749999999999378 ) ) ;
#5423 = CARTESIAN_POINT ( 'NONE',  ( 0.5735993543846076292, 0.04000000000000000083, -0.5833514600043263609 ) ) ;
#5424 = CARTESIAN_POINT ( 'NONE',  ( 1.980996679376970437, 0.000000000000000000, -0.5810334536819951046 ) ) ;
#5425 = CARTESIAN_POINT ( 'NONE',  ( 1.680768299505553065, 0.04000000000000000083, -0.5657125978330272975 ) ) ;
#5426 = CARTESIAN_POINT ( 'NONE',  ( 1.792422440190068134, 0.000000000000000000, -0.5973487755846373926 ) ) ;
#5427 = EDGE_CURVE ( 'NONE', #6829, #795, #2208, .T. ) ;
#5428 = ORIENTED_EDGE ( 'NONE', *, *, #6306, .T. ) ;
#5429 = CARTESIAN_POINT ( 'NONE',  ( 1.834392694906633370, 0.04000000000000000083, -0.5955233265409024535 ) ) ;
#5430 = ORIENTED_EDGE ( 'NONE', *, *, #1999, .T. ) ;
#5431 = CARTESIAN_POINT ( 'NONE',  ( 0.7742049891809907880, 0.000000000000000000, -0.5755946444059838463 ) ) ;
#5432 = CARTESIAN_POINT ( 'NONE',  ( 0.7725814405943688401, 0.000000000000000000, -0.5875621865935682919 ) ) ;
#5433 = CARTESIAN_POINT ( 'NONE',  ( 2.063274397401126947, 0.04000000000000000083, -0.5549796907550272884 ) ) ;
#5434 = CARTESIAN_POINT ( 'NONE',  ( 1.174375000000000169, 0.04000000000000000083, -0.4612499999999997713 ) ) ;
#5435 = CARTESIAN_POINT ( 'NONE',  ( 1.198789062500000169, 0.04000000000000000083, -0.3549999999999997602 ) ) ;
#5436 = CARTESIAN_POINT ( 'NONE',  ( 2.123154296875000124, 0.04000000000000000083, -0.5987499999999995604 ) ) ;
#5437 = CARTESIAN_POINT ( 'NONE',  ( 0.6760351562499999911, 0.04000000000000000083, -0.3518749999999999933 ) ) ;
#5438 = CARTESIAN_POINT ( 'NONE',  ( 2.005625000000000213, 0.000000000000000000, -0.4304882812499996048 ) ) ;
#5439 = CARTESIAN_POINT ( 'NONE',  ( 0.6038552888771336891, 0.04000000000000000083, -0.6018177046880093251 ) ) ;
#5440 = LINE ( 'NONE', #6020, #5390 ) ;
#5441 = CARTESIAN_POINT ( 'NONE',  ( 1.039885826475212216, 0.000000000000000000, -0.3725197944769362279 ) ) ;
#5442 = EDGE_LOOP ( 'NONE', ( #1695, #4939, #3473, #721 ) ) ;
#5443 = ORIENTED_EDGE ( 'NONE', *, *, #6314, .T. ) ;
#5444 = CARTESIAN_POINT ( 'NONE',  ( 0.9065039062499998801, 0.000000000000000000, -0.5549999999999999378 ) ) ;
#5445 = CARTESIAN_POINT ( 'NONE',  ( 1.230625000000000302, 0.04000000000000000083, -0.3876171874999997380 ) ) ;
#5446 = DIRECTION ( 'NONE',  ( 0.000000000000000000, 0.000000000000000000, 1.000000000000000000 ) ) ;
#5447 = ORIENTED_EDGE ( 'NONE', *, *, #1170, .F. ) ;
#5448 = CARTESIAN_POINT ( 'NONE',  ( 1.378777831496326156, 0.04000000000000000083, -0.3563179182539748524 ) ) ;
#5449 = ORIENTED_EDGE ( 'NONE', *, *, #418, .T. ) ;
#5450 = VERTEX_POINT ( 'NONE', #4434 ) ;
#5451 = CARTESIAN_POINT ( 'NONE',  ( 0.9462499999999999245, 0.000000000000000000, -0.4549999999999999045 ) ) ;
#5452 = CARTESIAN_POINT ( 'NONE',  ( 1.356844867068215832, 0.04000000000000000083, -0.3521447688439878210 ) ) ;
#5453 = DIRECTION ( 'NONE',  ( 0.5445166897351185753, 0.000000000000000000, -0.8387500072130601447 ) ) ;
#5454 = CARTESIAN_POINT ( 'NONE',  ( 1.869040423395333939, 0.000000000000000000, -0.3760205424103839622 ) ) ;
#5455 = ADVANCED_FACE ( 'NONE', ( #5126 ), #2443, .T. ) ;
#5456 = CARTESIAN_POINT ( 'NONE',  ( 1.496213243424875827, 0.000000000000000000, -0.5521086004073505471 ) ) ;
#5457 = CARTESIAN_POINT ( 'NONE',  ( 2.038579884105082396, 0.04000000000000000083, -0.5034299224311565846 ) ) ;
#5458 = DIRECTION ( 'NONE',  ( -0.000000000000000000, -1.000000000000000000, -0.000000000000000000 ) ) ;
#5459 = EDGE_LOOP ( 'NONE', ( #116, #1505, #4190, #702 ) ) ;
#5460 = CARTESIAN_POINT ( 'NONE',  ( 1.654892578124999680, 0.04000000000000000083, -0.5518749999999997824 ) ) ;
#5461 = CARTESIAN_POINT ( 'NONE',  ( 1.466660156249999902, 0.04000000000000000083, -0.5752148437499997602 ) ) ;
#5462 = CARTESIAN_POINT ( 'NONE',  ( 1.230594783442906293, 0.04000000000000000083, -0.5679089083452334430 ) ) ;
#5463 = DIRECTION ( 'NONE',  ( -0.000000000000000000, -1.000000000000000000, -0.000000000000000000 ) ) ;
#5464 = ADVANCED_FACE ( 'NONE', ( #5733 ), #4724, .T. ) ;
#5465 = CARTESIAN_POINT ( 'NONE',  ( 0.7725814405943688401, 0.04000000000000000083, -0.5875621865935682919 ) ) ;
#5466 = PLANE ( 'NONE',  #28 ) ;
#5467 = B_SPLINE_CURVE_WITH_KNOTS ( 'NONE', 3,
 ( #2831, #6089, #2279, #627, #2870, #1104, #5087, #78, #4537, #6747, #1761 ),
 .UNSPECIFIED., .F., .F.,
 ( 4, 1, 1, 1, 1, 1, 1, 1, 4 ),
 ( 0.000000000000000000, 0.1892206501837993826, 0.3561381207418402584, 0.5006750660181517043, 0.6231101568107498823, 0.7304156259780223426, 0.8269473680357585232, 0.9176857311352339952, 1.000000000000000000 ),
 .UNSPECIFIED. ) ;
#5468 = PLANE ( 'NONE',  #4578 ) ;
#5469 = ORIENTED_EDGE ( 'NONE', *, *, #7075, .F. ) ;
#5470 = CARTESIAN_POINT ( 'NONE',  ( 1.866123046875000080, 0.04000000000000000083, -0.3834667968749996825 ) ) ;
#5471 = CARTESIAN_POINT ( 'NONE',  ( 0.7024999999999999023, 0.000000000000000000, -0.3841015624999999378 ) ) ;
#5472 = EDGE_CURVE ( 'NONE', #4570, #820, #6346, .T. ) ;
#5473 = CARTESIAN_POINT ( 'NONE',  ( 2.042766530776417788, 0.04000000000000000083, -0.5987218601819948027 ) ) ;
#5474 = CARTESIAN_POINT ( 'NONE',  ( 2.023994743052068834, 0.000000000000000000, -0.4031026647394343465 ) ) ;
#5475 = CARTESIAN_POINT ( 'NONE',  ( 0.8786860888298816397, 0.04000000000000000083, -0.5531585359973133498 ) ) ;
#5476 = CARTESIAN_POINT ( 'NONE',  ( 0.7994404114152703356, -0.000000000000000000, -0.5316131467680239586 ) ) ;
#5477 = ORIENTED_EDGE ( 'NONE', *, *, #2348, .T. ) ;
#5478 = VERTEX_POINT ( 'NONE', #3669 ) ;
#5479 = CARTESIAN_POINT ( 'NONE',  ( 1.976965584326106473, 0.04000000000000000083, -0.5773430732139093191 ) ) ;
#5480 = CARTESIAN_POINT ( 'NONE',  ( 1.227696700051641443, 0.000000000000000000, -0.3700733942059166171 ) ) ;
#5481 = CARTESIAN_POINT ( 'NONE',  ( 0.8324829121801686771, 0.000000000000000000, -0.3527811627032109709 ) ) ;
#5482 = ORIENTED_EDGE ( 'NONE', *, *, #5239, .T. ) ;
#5483 = CARTESIAN_POINT ( 'NONE',  ( 1.047429110027002341, 0.04000000000000000083, -0.5890032691636850615 ) ) ;
#5484 = CARTESIAN_POINT ( 'NONE',  ( 1.268786253098861616, 0.04000000000000000083, -0.5555375894150001992 ) ) ;
#5485 = ORIENTED_EDGE ( 'NONE', *, *, #4641, .F. ) ;
#5486 = VERTEX_POINT ( 'NONE', #222 ) ;
#5487 = CARTESIAN_POINT ( 'NONE',  ( 0.9809268228616009333, 0.000000000000000000, -0.5976799259556466737 ) ) ;
#5488 = CARTESIAN_POINT ( 'NONE',  ( 1.333749999999999769, 0.000000000000000000, -0.3840527343749997602 ) ) ;
#5489 = CARTESIAN_POINT ( 'NONE',  ( 1.257021123046561772, 0.04000000000000000083, -0.5797950049923457083 ) ) ;
#5490 = CARTESIAN_POINT ( 'NONE',  ( 0.7024999999999997913, 0.04000000000000000083, -0.4578808593749998379 ) ) ;
#5491 = CARTESIAN_POINT ( 'NONE',  ( 1.472373046874999813, 0.000000000000000000, -0.5752148437499997602 ) ) ;
#5492 = CARTESIAN_POINT ( 'NONE',  ( 1.260979459275512360, 0.04000000000000000083, -0.5622399354113946091 ) ) ;
#5493 = B_SPLINE_CURVE_WITH_KNOTS ( 'NONE', 3,
 ( #2629, #1599, #1084, #3215, #3868, #5426, #1047, #3249, #7026, #420, #7135, #457, #4378, #6506, #3283, #6584, #6472 ),
 .UNSPECIFIED., .F., .F.,
 ( 4, 1, 1, 1, 1, 1, 1, 1, 1, 1, 1, 1, 1, 1, 4 ),
 ( 0.000000000000000000, 0.08379316017330265542, 0.1615280261928260797, 0.2334723873092924840, 0.3027370406211130072, 0.3685301082957296304, 0.4310481113041587653, 0.4902331166977130783, 0.5478524561175178720, 0.6568196353115056674, 0.7581955723555129367, 0.8101276751719449498, 0.8677596749367423312, 0.9307002457619336644, 1.000000000000000000 ),
 .UNSPECIFIED. ) ;
#5494 = CARTESIAN_POINT ( 'NONE',  ( 1.973390406862987501, 0.000000000000000000, -0.4988687646050186664 ) ) ;
#5495 = ORIENTED_EDGE ( 'NONE', *, *, #2232, .F. ) ;
#5496 = LINE ( 'NONE', #3800, #6923 ) ;
#5497 = LINE ( 'NONE', #2154, #3649 ) ;
#5498 = CARTESIAN_POINT ( 'NONE',  ( 1.230625000000000302, 0.04000000000000000083, -0.5661328124999996936 ) ) ;
#5499 = CARTESIAN_POINT ( 'NONE',  ( 1.580816665059306514, 0.04000000000000000083, -0.3519525788324340265 ) ) ;
#5500 = CARTESIAN_POINT ( 'NONE',  ( 1.756406250000000169, 0.000000000000000000, -0.3840527343749995937 ) ) ;
#5501 = CARTESIAN_POINT ( 'NONE',  ( 2.265000000000000124, 0.000000000000000000, -1.479999999999999982 ) ) ;
#5502 = FACE_BOUND ( 'NONE', #6419, .T. ) ;
#5503 = EDGE_CURVE ( 'NONE', #2153, #331, #6238, .T. ) ;
#5504 = EDGE_LOOP ( 'NONE', ( #5366, #6250, #5091, #5032 ) ) ;
#5505 = LINE ( 'NONE', #3808, #4030 ) ;
#5506 = CARTESIAN_POINT ( 'NONE',  ( 1.698239290520354272, 0.000000000000000000, -0.3875453421483738836 ) ) ;
#5507 = CARTESIAN_POINT ( 'NONE',  ( 2.028965364753648970, 0.04000000000000000083, -0.5982476101100773214 ) ) ;
#5508 = AXIS2_PLACEMENT_3D ( 'NONE', #2779, #686, #2922 ) ;
#5509 = CARTESIAN_POINT ( 'NONE',  ( 1.489680251591115390, 0.04000000000000000083, -0.5972276466835291231 ) ) ;
#5510 = CARTESIAN_POINT ( 'NONE',  ( 0.9007091230358275080, 0.04000000000000000083, -0.5549687012719919377 ) ) ;
#5511 = CARTESIAN_POINT ( 'NONE',  ( 1.050965998253355460, 0.000000000000000000, -0.3583920284298203751 ) ) ;
#5512 = EDGE_CURVE ( 'NONE', #813, #7080, #5978, .T. ) ;
#5513 = VECTOR ( 'NONE', #1754, 39.37007874015748143 ) ;
#5514 = VECTOR ( 'NONE', #3128, 39.37007874015748143 ) ;
#5515 = ORIENTED_EDGE ( 'NONE', *, *, #794, .T. ) ;
#5516 = ORIENTED_EDGE ( 'NONE', *, *, #3803, .F. ) ;
#5517 = CARTESIAN_POINT ( 'NONE',  ( 1.503183593749999769, 0.04000000000000000083, -0.5518749999999997824 ) ) ;
#5518 = CARTESIAN_POINT ( 'NONE',  ( 1.489829517064337416, 0.04000000000000000083, -0.5533191483123864884 ) ) ;
#5519 = CARTESIAN_POINT ( 'NONE',  ( 0.8403877620193919151, 0.000000000000000000, -0.3565565033191112065 ) ) ;
#5520 = CARTESIAN_POINT ( 'NONE',  ( 1.054608346085519344, 0.000000000000000000, -0.5953584098797645163 ) ) ;
#5521 = VECTOR ( 'NONE', #6059, 39.37007874015748143 ) ;
#5522 = CARTESIAN_POINT ( 'NONE',  ( 1.230625000000000302, 0.04000000000000000083, -0.3876171874999997380 ) ) ;
#5523 = EDGE_CURVE ( 'NONE', #6473, #4075, #3042, .T. ) ;
#5524 = ORIENTED_EDGE ( 'NONE', *, *, #4776, .T. ) ;
#5525 = ORIENTED_EDGE ( 'NONE', *, *, #6663, .T. ) ;
#5526 = CARTESIAN_POINT ( 'NONE',  ( 2.137648420393957860, 0.000000000000000000, -0.5968572929066623400 ) ) ;
#5527 = B_SPLINE_SURFACE_WITH_KNOTS ( 'NONE', 3, 1, ( 
 ( #4283, #4897 ),
 ( #3884, #6519 ),
 ( #6637, #4862 ),
 ( #5475, #3848 ),
 ( #6053, #2091 ),
 ( #951, #3190 ),
 ( #515, #7078 ),
 ( #2126, #1536 ),
 ( #5510, #473 ),
 ( #1062, #2202 ),
 ( #3301, #2757 ) ),
 .UNSPECIFIED., .F., .F., .F.,
 ( 4, 1, 1, 1, 1, 1, 1, 1, 4 ),
 ( 2, 2 ),
 ( 0.000000000000000000, 0.07381789820911878464, 0.1608674805732312474, 0.2630463748609727093, 0.3792234850251424150, 0.5109259343433155687, 0.6585401028399936463, 0.8220015943286664850, 1.000000000000000000 ),
 ( 0.000000000000000000, 1.000000000000000000 ),
 .UNSPECIFIED. ) ;
#5528 = FACE_OUTER_BOUND ( 'NONE', #2619, .T. ) ;
#5529 = VECTOR ( 'NONE', #1709, 39.37007874015748143 ) ;
#5530 = CARTESIAN_POINT ( 'NONE',  ( 0.7670399669067016202, 0.04000000000000000083, -0.5951501550381453898 ) ) ;
#5531 = CARTESIAN_POINT ( 'NONE',  ( 0.9462499999999999245, 0.000000000000000000, -0.4956249999999998712 ) ) ;
#5532 = DIRECTION ( 'NONE',  ( 0.000000000000000000, 0.000000000000000000, -1.000000000000000000 ) ) ;
#5533 = CARTESIAN_POINT ( 'NONE',  ( 1.484411253098862904, 0.000000000000000000, -0.5555375894150006433 ) ) ;
#5534 = FACE_OUTER_BOUND ( 'NONE', #592, .T. ) ;
#5535 = CARTESIAN_POINT ( 'NONE',  ( 1.988987170270583915, 0.000000000000000000, -0.4832296735174687052 ) ) ;
#5536 = ORIENTED_EDGE ( 'NONE', *, *, #3701, .T. ) ;
#5537 = PLANE ( 'NONE',  #5508 ) ;
#5538 = CARTESIAN_POINT ( 'NONE',  ( 0.000000000000000000, 0.000000000000000000, -1.479999999999999982 ) ) ;
#5539 = CARTESIAN_POINT ( 'NONE',  ( 1.212713178276606296, 0.04000000000000000083, -0.5969747040623964995 ) ) ;
#5540 = CARTESIAN_POINT ( 'NONE',  ( 0.8438159775800561091, 0.000000000000000000, -0.5933618484374304503 ) ) ;
#5541 = CARTESIAN_POINT ( 'NONE',  ( 1.500718619490622574, -0.000000000000000000, -0.5986797455209706964 ) ) ;
#5542 = CARTESIAN_POINT ( 'NONE',  ( 2.147817397261356120, 0.000000000000000000, -0.5910281927179699135 ) ) ;
#5543 = CARTESIAN_POINT ( 'NONE',  ( 1.221042666609635896, 0.04000000000000000083, -0.3609521127092621406 ) ) ;
#5544 = CARTESIAN_POINT ( 'NONE',  ( 1.984685984676995751, 0.000000000000000000, -0.3660941520776487268 ) ) ;
#5545 = CARTESIAN_POINT ( 'NONE',  ( 0.8333704806256915232, 0.000000000000000000, -0.4709300056048693617 ) ) ;
#5546 = CARTESIAN_POINT ( 'NONE',  ( 1.043515625000000169, 0.04000000000000000083, -0.5769726562499998268 ) ) ;
#5547 = CARTESIAN_POINT ( 'NONE',  ( 2.045664062500000213, 0.04000000000000000083, -0.5987499999999995604 ) ) ;
#5548 = LINE ( 'NONE', #4462, #6805 ) ;
#5549 = ADVANCED_FACE ( 'NONE', ( #1578 ), #2167, .T. ) ;
#5550 = CARTESIAN_POINT ( 'NONE',  ( 0.9019402472471180765, 0.000000000000000000, -0.4441215900861946730 ) ) ;
#5551 = CARTESIAN_POINT ( 'NONE',  ( 0.7993749999999999467, 0.000000000000000000, -0.5294628906249999600 ) ) ;
#5552 = VERTEX_POINT ( 'NONE', #3121 ) ;
#5553 = ORIENTED_EDGE ( 'NONE', *, *, #3928, .T. ) ;
#5554 = DIRECTION ( 'NONE',  ( 1.000000000000000000, 0.000000000000000000, 0.000000000000000000 ) ) ;
#5555 = CARTESIAN_POINT ( 'NONE',  ( 1.476604459275512760, 0.04000000000000000083, -0.5622399354113948311 ) ) ;
#5556 = DIRECTION ( 'NONE',  ( 0.000000000000000000, 0.000000000000000000, -1.000000000000000000 ) ) ;
#5557 = EDGE_CURVE ( 'NONE', #3777, #1029, #2947, .T. ) ;
#5558 = CARTESIAN_POINT ( 'NONE',  ( 1.070103905273345202, 0.000000000000000000, -0.5986923415339925336 ) ) ;
#5559 = CARTESIAN_POINT ( 'NONE',  ( 0.8686000992957558786, 0.04000000000000000083, -0.5019838037203623315 ) ) ;
#5560 = ORIENTED_EDGE ( 'NONE', *, *, #6210, .F. ) ;
#5561 = CARTESIAN_POINT ( 'NONE',  ( 0.6462499999999998801, 0.000000000000000000, -0.3841015624999998823 ) ) ;
#5562 = CARTESIAN_POINT ( 'NONE',  ( 1.549374999999999725, 0.04000000000000000083, -0.5518749999999997824 ) ) ;
#5563 = CARTESIAN_POINT ( 'NONE',  ( 0.9462499999999999245, 0.04000000000000000083, -0.3836132812499999378 ) ) ;
#5564 = CARTESIAN_POINT ( 'NONE',  ( 1.924111888021376338, 0.04000000000000000083, -0.3820511914411235943 ) ) ;
#5565 = DIRECTION ( 'NONE',  ( 0.000000000000000000, 0.000000000000000000, -1.000000000000000000 ) ) ;
#5566 = EDGE_CURVE ( 'NONE', #5224, #4589, #3295, .T. ) ;
#5567 = CARTESIAN_POINT ( 'NONE',  ( 1.466576444768099119, 0.04000000000000000083, -0.5735471527621130994 ) ) ;
#5568 = CARTESIAN_POINT ( 'NONE',  ( 1.708710896040090743, 0.000000000000000000, -0.3562605157511133380 ) ) ;
#5569 = CARTESIAN_POINT ( 'NONE',  ( 1.960592541740891592, 0.000000000000000000, -0.4634254569874997620 ) ) ;
#5570 = ORIENTED_EDGE ( 'NONE', *, *, #2989, .F. ) ;
#5571 = CARTESIAN_POINT ( 'NONE',  ( 1.962328827650228424, 0.04000000000000000083, -0.3854515484883768162 ) ) ;
#5572 = CARTESIAN_POINT ( 'NONE',  ( 1.333992683923965972, 0.000000000000000000, -0.3771084382536133983 ) ) ;
#5573 = DIRECTION ( 'NONE',  ( 0.000000000000000000, 1.000000000000000000, -0.000000000000000000 ) ) ;
#5574 = CARTESIAN_POINT ( 'NONE',  ( 0.8405256309002030468, 0.04000000000000000083, -0.5919277591688788531 ) ) ;
#5575 = CARTESIAN_POINT ( 'NONE',  ( 1.472646123046561284, 0.000000000000000000, -0.5797950049923453752 ) ) ;
#5576 = CARTESIAN_POINT ( 'NONE',  ( 2.152611374859917603, 0.000000000000000000, -0.5837923963021980356 ) ) ;
#5577 = CARTESIAN_POINT ( 'NONE',  ( 1.365000000000000435, 0.1600000000000000033, -0.8800000000000002265 ) ) ;
#5578 = CARTESIAN_POINT ( 'NONE',  ( 1.866123046875000080, 0.000000000000000000, -0.3834667968749996825 ) ) ;
#5579 = CARTESIAN_POINT ( 'NONE',  ( 0.8147881563716673492, 0.000000000000000000, -0.4851492366314704707 ) ) ;
#5580 = DIRECTION ( 'NONE',  ( -0.000000000000000000, -0.000000000000000000, 1.000000000000000000 ) ) ;
#5581 = CARTESIAN_POINT ( 'NONE',  ( 1.991981818166500773, 0.04000000000000000083, -0.5886664441442515106 ) ) ;
#5582 = CARTESIAN_POINT ( 'NONE',  ( 2.008487379501214143, 0.04000000000000000083, -0.4165892193488865969 ) ) ;
#5583 = CARTESIAN_POINT ( 'NONE',  ( 1.230625000000000302, 0.04000000000000000083, -0.3876171874999997380 ) ) ;
#5584 = DIRECTION ( 'NONE',  ( 0.000000000000000000, -1.000000000000000000, 0.000000000000000000 ) ) ;
#5585 = ORIENTED_EDGE ( 'NONE', *, *, #4445, .T. ) ;
#5586 = ADVANCED_FACE ( 'NONE', ( #992 ), #1568, .T. ) ;
#5587 = EDGE_LOOP ( 'NONE', ( #250, #1860, #5894, #4413 ) ) ;
#5588 = FACE_OUTER_BOUND ( 'NONE', #1552, .T. ) ;
#5589 = LINE ( 'NONE', #5092, #868 ) ;
#5590 = DIRECTION ( 'NONE',  ( 0.000000000000000000, 0.000000000000000000, -1.000000000000000000 ) ) ;
#5591 = CARTESIAN_POINT ( 'NONE',  ( 2.127212385980685294, 0.04000000000000000083, -0.3551053176900343389 ) ) ;
#5592 = LINE ( 'NONE', #3896, #2493 ) ;
#5593 = ORIENTED_EDGE ( 'NONE', *, *, #538, .F. ) ;
#5594 = ORIENTED_EDGE ( 'NONE', *, *, #2825, .F. ) ;
#5595 = EDGE_CURVE ( 'NONE', #3748, #2778, #5548, .T. ) ;
#5596 = LINE ( 'NONE', #1773, #3554 ) ;
#5597 = LINE ( 'NONE', #2330, #4113 ) ;
#5598 = CARTESIAN_POINT ( 'NONE',  ( 1.056702978549527439, 0.000000000000000000, -0.4952523578245225933 ) ) ;
#5599 = CARTESIAN_POINT ( 'NONE',  ( 1.045151001658224610, 0.000000000000000000, -0.5685249089783567245 ) ) ;
#5600 = CARTESIAN_POINT ( 'NONE',  ( 2.027172448892293311, 0.04000000000000000083, -0.5499292866216880515 ) ) ;
#5601 = CARTESIAN_POINT ( 'NONE',  ( 1.465143299505553109, 0.04000000000000000083, -0.5657125978330272975 ) ) ;
#5602 = CARTESIAN_POINT ( 'NONE',  ( 0.6038552888771336891, 0.04000000000000000083, -0.6018177046880093251 ) ) ;
#5603 = ORIENTED_EDGE ( 'NONE', *, *, #2826, .F. ) ;
#5604 = EDGE_CURVE ( 'NONE', #7197, #1818, #4598, .T. ) ;
#5605 = CARTESIAN_POINT ( 'NONE',  ( 1.949375000000000302, 0.04000000000000000083, -0.4263378906249996603 ) ) ;
#5606 = EDGE_LOOP ( 'NONE', ( #7056, #4431, #485, #3859 ) ) ;
#5607 = DIRECTION ( 'NONE',  ( -1.000000000000000000, -0.000000000000000000, -0.000000000000000000 ) ) ;
#5608 = CARTESIAN_POINT ( 'NONE',  ( 0.8997117927316486963, 0.000000000000000000, -0.4957599516431793751 ) ) ;
#5609 = CARTESIAN_POINT ( 'NONE',  ( 1.891963633245867804, 0.04000000000000000083, -0.3521258910859721425 ) ) ;
#5610 = CARTESIAN_POINT ( 'NONE',  ( 2.123154296875000124, 0.000000000000000000, -0.5987499999999995604 ) ) ;
#5611 = CARTESIAN_POINT ( 'NONE',  ( 1.726882376542016706, -0.000000000000000000, -0.3519061845898462382 ) ) ;
#5612 = EDGE_CURVE ( 'NONE', #3787, #2950, #3486, .T. ) ;
#5613 = EDGE_CURVE ( 'NONE', #634, #1947, #5467, .T. ) ;
#5614 = VECTOR ( 'NONE', #4482, 39.37007874015748143 ) ;
#5615 = ORIENTED_EDGE ( 'NONE', *, *, #6969, .F. ) ;
#5616 = LINE ( 'NONE', #3004, #397 ) ;
#5617 = CARTESIAN_POINT ( 'NONE',  ( 1.051036186825748286, 0.000000000000000000, -0.3953436677225960483 ) ) ;
#5618 = CARTESIAN_POINT ( 'NONE',  ( 1.775570675877474525, 0.04000000000000000083, -0.5797268948111312659 ) ) ;
#5619 = CARTESIAN_POINT ( 'NONE',  ( 2.018526340272563946, -0.000000000000000000, -0.5171883569532625957 ) ) ;
#5620 = CARTESIAN_POINT ( 'NONE',  ( 0.8741267065323612417, 0.04000000000000000083, -0.5519050631094227777 ) ) ;
#5621 = DIRECTION ( 'NONE',  ( 0.000000000000000000, 0.000000000000000000, 1.000000000000000000 ) ) ;
#5622 = VECTOR ( 'NONE', #3001, 39.37007874015748143 ) ;
#5623 = CARTESIAN_POINT ( 'NONE',  ( 1.065000000000000169, 0.1600000000000000033, -1.479999999999999982 ) ) ;
#5624 = VERTEX_POINT ( 'NONE', #4427 ) ;
#5625 = ORIENTED_EDGE ( 'NONE', *, *, #1332, .T. ) ;
#5626 = VECTOR ( 'NONE', #6530, 39.37007874015748143 ) ;
#5627 = CARTESIAN_POINT ( 'NONE',  ( 1.274204517064337905, 0.000000000000000000, -0.5533191483123868215 ) ) ;
#5628 = CARTESIAN_POINT ( 'NONE',  ( 1.081015625000000036, 0.000000000000000000, -0.5049999999999997824 ) ) ;
#5629 = CARTESIAN_POINT ( 'NONE',  ( 1.198789062500000169, 0.000000000000000000, -0.5987499999999996714 ) ) ;
#5630 = VECTOR ( 'NONE', #3924, 39.37007874015748143 ) ;
#5631 = VECTOR ( 'NONE', #1263, 39.37007874015748143 ) ;
#5632 = CARTESIAN_POINT ( 'NONE',  ( 0.7952474416926696987, 0.04000000000000000083, -0.3747472364386192356 ) ) ;
#5633 = ORIENTED_EDGE ( 'NONE', *, *, #2638, .F. ) ;
#5634 = ORIENTED_EDGE ( 'NONE', *, *, #927, .T. ) ;
#5635 = CARTESIAN_POINT ( 'NONE',  ( 2.130915616304409177, 0.04000000000000000083, -0.5983008437803954971 ) ) ;
#5636 = CARTESIAN_POINT ( 'NONE',  ( 1.496213243424875827, 0.000000000000000000, -0.5521086004073505471 ) ) ;
#5637 = CARTESIAN_POINT ( 'NONE',  ( 2.065390625000000036, 0.04000000000000000083, -0.5549999999999996048 ) ) ;
#5638 = VECTOR ( 'NONE', #4047, 39.37007874015748143 ) ;
#5639 = DIRECTION ( 'NONE',  ( -1.000000000000000000, 0.000000000000000000, -0.000000000000000000 ) ) ;
#5640 = PLANE ( 'NONE',  #3679 ) ;
#5641 = CARTESIAN_POINT ( 'NONE',  ( 0.7024999999999997913, 0.04000000000000000083, -0.4578808593749998379 ) ) ;
#5642 = ADVANCED_FACE ( 'NONE', ( #3997 ), #2094, .T. ) ;
#5643 = CARTESIAN_POINT ( 'NONE',  ( 0.000000000000000000, 0.1700000000000018718, 0.1000000000000000056 ) ) ;
#5644 = VECTOR ( 'NONE', #4458, 39.37007874015748854 ) ;
#5645 = VERTEX_POINT ( 'NONE', #4851 ) ;
#5646 = CARTESIAN_POINT ( 'NONE',  ( 1.666374392804951032, 0.000000000000000000, -0.5973976626379204902 ) ) ;
#5647 = ORIENTED_EDGE ( 'NONE', *, *, #6137, .F. ) ;
#5648 = CARTESIAN_POINT ( 'NONE',  ( 0.8361069543806757265, 0.000000000000000000, -0.3541086104572788718 ) ) ;
#5649 = ORIENTED_EDGE ( 'NONE', *, *, #5861, .T. ) ;
#5650 = CARTESIAN_POINT ( 'NONE',  ( 2.024330825051781080, 0.000000000000000000, -0.5484414354103631650 ) ) ;
#5651 = CARTESIAN_POINT ( 'NONE',  ( 1.598398271371878510, 0.04000000000000000083, -0.3599752496326636408 ) ) ;
#5652 = EDGE_CURVE ( 'NONE', #2398, #6460, #1564, .T. ) ;
#5653 = CARTESIAN_POINT ( 'NONE',  ( 2.155515682990078119, 0.000000000000000000, -0.5701577554578421969 ) ) ;
#5654 = CARTESIAN_POINT ( 'NONE',  ( 1.924375000000000169, 0.000000000000000000, -0.3765332031249996048 ) ) ;
#5655 = ORIENTED_EDGE ( 'NONE', *, *, #7198, .F. ) ;
#5656 = DIRECTION ( 'NONE',  ( -0.000000000000000000, -1.000000000000000000, -0.000000000000000000 ) ) ;
#5657 = CARTESIAN_POINT ( 'NONE',  ( 1.000561354185572238, 0.04000000000000000083, -0.5807459632176819042 ) ) ;
#5658 = DIRECTION ( 'NONE',  ( 0.000000000000000000, -0.000000000000000000, -1.000000000000000000 ) ) ;
#5659 = CARTESIAN_POINT ( 'NONE',  ( 1.960214254540454837, 0.000000000000000000, -0.5411680116290452647 ) ) ;
#5660 = EDGE_CURVE ( 'NONE', #3973, #3418, #5496, .T. ) ;
#5661 = CARTESIAN_POINT ( 'NONE',  ( 1.605624999999999858, 0.000000000000000000, -0.3840527343749997602 ) ) ;
#5662 = CARTESIAN_POINT ( 'NONE',  ( 1.333749999999999769, 0.000000000000000000, -0.3840527343749997602 ) ) ;
#5663 = B_SPLINE_CURVE_WITH_KNOTS ( 'NONE', 3,
 ( #100, #6223, #4053, #6769, #1675, #542, #6150, #6254, #132 ),
 .UNSPECIFIED., .F., .F.,
 ( 4, 1, 1, 1, 1, 1, 4 ),
 ( 0.000000000000000000, 0.2067319430304936645, 0.4164874890500552818, 0.5328523590769155271, 0.6696120259604950720, 0.8257535635120146766, 1.000000000000000000 ),
 .UNSPECIFIED. ) ;
#5664 = ORIENTED_EDGE ( 'NONE', *, *, #5019, .F. ) ;
#5665 = ORIENTED_EDGE ( 'NONE', *, *, #4178, .F. ) ;
#5666 = CARTESIAN_POINT ( 'NONE',  ( 2.023994743052068834, 0.000000000000000000, -0.4031026647394343465 ) ) ;
#5667 = CARTESIAN_POINT ( 'NONE',  ( 0.8216756095633861445, 0.04000000000000000083, -0.5805406895911777720 ) ) ;
#5668 = CARTESIAN_POINT ( 'NONE',  ( 1.598398271371878510, 0.04000000000000000083, -0.3599752496326636408 ) ) ;
#5669 = CARTESIAN_POINT ( 'NONE',  ( 0.8920236404088089932, 0.04000000000000000083, -0.4961837503033142971 ) ) ;
#5670 = ORIENTED_EDGE ( 'NONE', *, *, #1374, .F. ) ;
#5671 = CARTESIAN_POINT ( 'NONE',  ( 0.7328505355897714235, 0.000000000000000000, -0.5983371451367676119 ) ) ;
#5672 = CARTESIAN_POINT ( 'NONE',  ( 2.065390625000000036, 0.04000000000000000083, -0.5549999999999996048 ) ) ;
#5673 = DIRECTION ( 'NONE',  ( 1.000000000000000000, 0.000000000000000000, 0.000000000000000000 ) ) ;
#5674 = CARTESIAN_POINT ( 'NONE',  ( 1.065772183231178394, 0.000000000000000000, -0.5551653707491407408 ) ) ;
#5675 = LINE ( 'NONE', #2333, #5529 ) ;
#5676 = CARTESIAN_POINT ( 'NONE',  ( 2.008293254178010301, 0.04000000000000000083, -0.3581009708280760151 ) ) ;
#5677 = EDGE_LOOP ( 'NONE', ( #5603, #1624, #5915, #6795 ) ) ;
#5678 = CARTESIAN_POINT ( 'NONE',  ( 1.949375000000000302, 0.000000000000000000, -0.4263378906249996603 ) ) ;
#5679 = B_SPLINE_CURVE_WITH_KNOTS ( 'NONE', 3,
 ( #4195, #3542, #6397, #2479, #278, #4086, #4700, #3580, #4164, #5317, #4229, #313, #1896, #6329, #205 ),
 .UNSPECIFIED., .F., .F.,
 ( 4, 1, 1, 1, 1, 1, 1, 1, 1, 1, 1, 1, 4 ),
 ( 0.000000000000000000, 0.06533951850745566003, 0.1250485127290759668, 0.1822033927301165701, 0.2361763113539025460, 0.3411424770981549282, 0.4442644011285679095, 0.5003539618268374456, 0.5634916620403790377, 0.6342197450480123733, 0.7122202262778265514, 0.8660899508485824239, 1.000000000000000000 ),
 .UNSPECIFIED. ) ;
#5680 = VERTEX_POINT ( 'NONE', #4272 ) ;
#5681 = CARTESIAN_POINT ( 'NONE',  ( 1.671145130467351247, 0.000000000000000000, -0.5953758084540667905 ) ) ;
#5682 = CARTESIAN_POINT ( 'NONE',  ( 0.8284944906314977153, 0.000000000000000000, -0.3519930346487145645 ) ) ;
#5683 = ORIENTED_EDGE ( 'NONE', *, *, #463, .T. ) ;
#5684 = CARTESIAN_POINT ( 'NONE',  ( 0.7257584639991727649, 0.000000000000000000, -0.5909021008537977959 ) ) ;
#5685 = EDGE_CURVE ( 'NONE', #6239, #5336, #7030, .T. ) ;
#5686 = CARTESIAN_POINT ( 'NONE',  ( 1.589730761765620226, 0.04000000000000000083, -0.3537438756759778702 ) ) ;
#5687 = CARTESIAN_POINT ( 'NONE',  ( 1.666660150066392232, 0.04000000000000000083, -0.5532751565046322151 ) ) ;
#5688 = CARTESIAN_POINT ( 'NONE',  ( 2.155219365734996728, 0.000000000000000000, -0.5740025118769892520 ) ) ;
#5689 = CARTESIAN_POINT ( 'NONE',  ( 0.5866529289555078019, 0.04000000000000000083, -0.5495732762805691785 ) ) ;
#5690 = EDGE_CURVE ( 'NONE', #1703, #3049, #3760, .T. ) ;
#5691 = CARTESIAN_POINT ( 'NONE',  ( 0.2500000000000000000, 0.1350000000000000089, -0.1250000000000000000 ) ) ;
#5692 = CARTESIAN_POINT ( 'NONE',  ( 0.9964104657054362324, 0.04000000000000000083, -0.5887915892374179228 ) ) ;
#5693 = CARTESIAN_POINT ( 'NONE',  ( 1.775570675877474525, 0.000000000000000000, -0.5797268948111312659 ) ) ;
#5694 = CARTESIAN_POINT ( 'NONE',  ( 2.010169301574026068, 0.04000000000000000083, -0.4472294639920307846 ) ) ;
#5695 = CARTESIAN_POINT ( 'NONE',  ( 1.766953125000000346, 0.04000000000000000083, -0.4112499999999996159 ) ) ;
#5696 = CARTESIAN_POINT ( 'NONE',  ( 0.8242773437499998357, 0.04000000000000000083, -0.3518749999999999378 ) ) ;
#5697 = VERTEX_POINT ( 'NONE', #2114 ) ;
#5698 = CARTESIAN_POINT ( 'NONE',  ( 1.924375000000000169, 0.000000000000000000, -0.3765332031249996048 ) ) ;
#5699 = CARTESIAN_POINT ( 'NONE',  ( 1.000959011734201765, 0.04000000000000000083, -0.3705980698504995341 ) ) ;
#5700 = CARTESIAN_POINT ( 'NONE',  ( 1.212713178276606296, 0.000000000000000000, -0.5969747040623964995 ) ) ;
#5701 = CARTESIAN_POINT ( 'NONE',  ( 0.8512344866955046108, 0.04000000000000000083, -0.4640700261579376318 ) ) ;
#5702 = CARTESIAN_POINT ( 'NONE',  ( 0.7220824721646097455, 0.04000000000000000083, -0.5857521854337283118 ) ) ;
#5703 = EDGE_LOOP ( 'NONE', ( #1347, #1420, #2140, #980 ) ) ;
#5704 = EDGE_CURVE ( 'NONE', #1782, #3356, #1805, .T. ) ;
#5705 = CARTESIAN_POINT ( 'NONE',  ( 0.8578710937499999245, 0.000000000000000000, -0.4626660156249999267 ) ) ;
#5706 = EDGE_CURVE ( 'NONE', #6460, #4290, #1602, .T. ) ;
#5707 = CARTESIAN_POINT ( 'NONE',  ( 2.021672736891621636, 0.04000000000000000083, -0.5123038433817277415 ) ) ;
#5708 = DIRECTION ( 'NONE',  ( -1.000000000000000000, 0.000000000000000000, 0.000000000000000000 ) ) ;
#5709 = CARTESIAN_POINT ( 'NONE',  ( 2.034119379407502759, 0.04000000000000000083, -0.5521202448139377328 ) ) ;
#5710 = CARTESIAN_POINT ( 'NONE',  ( 2.015595855502556155, 0.04000000000000000083, -0.3569713795882448193 ) ) ;
#5711 = CARTESIAN_POINT ( 'NONE',  ( 1.976074589354286593, 0.000000000000000000, -0.3715362533805048328 ) ) ;
#5712 = ORIENTED_EDGE ( 'NONE', *, *, #4540, .F. ) ;
#5713 = CARTESIAN_POINT ( 'NONE',  ( 1.979393697699742383, 0.04000000000000000083, -0.4934988332504771646 ) ) ;
#5714 = CARTESIAN_POINT ( 'NONE',  ( 1.208410174864912756, 0.04000000000000000083, -0.5979362696720080805 ) ) ;
#5715 = VERTEX_POINT ( 'NONE', #5460 ) ;
#5716 = CARTESIAN_POINT ( 'NONE',  ( 2.015185922238332594, -0.000000000000000000, -0.5305390097726849774 ) ) ;
#5717 = CARTESIAN_POINT ( 'NONE',  ( 0.9871366733375711577, 0.000000000000000000, -0.3537567205312971974 ) ) ;
#5718 = APPLICATION_PROTOCOL_DEFINITION ( 'draft international standard', 'automotive_design', 1998, #1194 ) ;
#5719 = CARTESIAN_POINT ( 'NONE',  ( 1.256748046875000080, 0.04000000000000000083, -0.5752148437499997602 ) ) ;
#5720 = DIRECTION ( 'NONE',  ( -0.000000000000000000, -1.000000000000000000, -0.000000000000000000 ) ) ;
#5721 = CARTESIAN_POINT ( 'NONE',  ( 0.8601844580138497953, 0.04000000000000000083, -0.5414936774805796382 ) ) ;
#5722 = CARTESIAN_POINT ( 'NONE',  ( 0.8389257812499998357, 0.000000000000000000, -0.5912304687499998490 ) ) ;
#5723 = CARTESIAN_POINT ( 'NONE',  ( 0.8121398830521782131, 0.000000000000000000, -0.3536651290865462927 ) ) ;
#5724 = CARTESIAN_POINT ( 'NONE',  ( 1.985391077418826145, 0.000000000000000000, -0.5845534892954187267 ) ) ;
#5725 = CARTESIAN_POINT ( 'NONE',  ( 1.988612997920552017, 0.04000000000000000083, -0.5866198774645816627 ) ) ;
#5726 = ORIENTED_EDGE ( 'NONE', *, *, #630, .F. ) ;
#5727 = LINE ( 'NONE', #79, #1542 ) ;
#5728 = CARTESIAN_POINT ( 'NONE',  ( 0.8347990006026779763, 0.000000000000000000, -0.4453798122364472922 ) ) ;
#5729 = EDGE_CURVE ( 'NONE', #1515, #1662, #1107, .T. ) ;
#5730 = EDGE_LOOP ( 'NONE', ( #3644, #6678, #5634, #6736 ) ) ;
#5731 = CARTESIAN_POINT ( 'NONE',  ( 1.465020833859509652, 0.04000000000000000083, -0.5849964332278518864 ) ) ;
#5732 = VECTOR ( 'NONE', #1710, 39.37007874015748143 ) ;
#5733 = FACE_OUTER_BOUND ( 'NONE', #6375, .T. ) ;
#5734 = CARTESIAN_POINT ( 'NONE',  ( 2.052548828125000391, 0.04000000000000000083, -0.3987499999999996048 ) ) ;
#5735 = CARTESIAN_POINT ( 'NONE',  ( 0.8053528805289432713, 0.04000000000000000083, -0.4994772320312900193 ) ) ;
#5736 = EDGE_CURVE ( 'NONE', #5345, #3401, #5042, .T. ) ;
#5737 = PLANE ( 'NONE',  #6088 ) ;
#5738 = VECTOR ( 'NONE', #4530, 39.37007874015748143 ) ;
#5739 = ORIENTED_EDGE ( 'NONE', *, *, #1325, .T. ) ;
#5740 = DIRECTION ( 'NONE',  ( 0.000000000000000000, 0.000000000000000000, -1.000000000000000000 ) ) ;
#5741 = CARTESIAN_POINT ( 'NONE',  ( 0.6462499999999998801, 0.04000000000000000083, -0.4587109374999998601 ) ) ;
#5742 = CARTESIAN_POINT ( 'NONE',  ( 1.043751597191849179, 0.04000000000000000083, -0.5726454705592916028 ) ) ;
#5743 = CARTESIAN_POINT ( 'NONE',  ( 2.028329287494302413, 0.000000000000000000, -0.4584344544414472034 ) ) ;
#5744 = ORIENTED_EDGE ( 'NONE', *, *, #5729, .F. ) ;
#5745 = B_SPLINE_SURFACE_WITH_KNOTS ( 'NONE', 3, 1, ( 
 ( #5794, #1898 ),
 ( #725, #2523 ),
 ( #2555, #5247 ),
 ( #1417, #280 ),
 ( #2414, #768 ),
 ( #800, #3035 ),
 ( #241, #4198 ),
 ( #5862, #2482 ),
 ( #5827, #6846 ),
 ( #836, #4777 ),
 ( #4166, #6991 ) ),
 .UNSPECIFIED., .F., .F., .F.,
 ( 4, 1, 1, 1, 1, 1, 1, 1, 4 ),
 ( 2, 2 ),
 ( 0.000000000000000000, 0.1271158039212380297, 0.2443141347808983344, 0.3577043942425867096, 0.4710379758892238589, 0.5887044089038869776, 0.7134391316141812656, 0.8491386294085762065, 1.000000000000000000 ),
 ( 0.000000000000000000, 1.000000000000000000 ),
 .UNSPECIFIED. ) ;
#5746 = CARTESIAN_POINT ( 'NONE',  ( 2.040779277382075652, 0.04000000000000000083, -0.3551108385198321615 ) ) ;
#5747 = ORIENTED_EDGE ( 'NONE', *, *, #5362, .T. ) ;
#5748 = VECTOR ( 'NONE', #1683, 39.37007874015748143 ) ;
#5749 = EDGE_CURVE ( 'NONE', #1085, #3276, #4670, .T. ) ;
#5750 = LINE ( 'NONE', #6323, #4822 ) ;
#5751 = ORIENTED_EDGE ( 'NONE', *, *, #3135, .T. ) ;
#5752 = DIRECTION ( 'NONE',  ( 1.000000000000000000, 0.000000000000000000, -0.000000000000000000 ) ) ;
#5753 = CARTESIAN_POINT ( 'NONE',  ( 0.8324829121801686771, 0.04000000000000000083, -0.3527811627032109709 ) ) ;
#5754 = AXIS2_PLACEMENT_3D ( 'NONE', #2098, #2132, #4359 ) ;
#5755 = FACE_BOUND ( 'NONE', #2440, .T. ) ;
#5756 = CARTESIAN_POINT ( 'NONE',  ( 1.000959011734201765, 0.04000000000000000083, -0.3705980698504995341 ) ) ;
#5757 = CARTESIAN_POINT ( 'NONE',  ( 0.7611449811387246411, -0.000000000000000000, -0.5483252055152786353 ) ) ;
#5758 = B_SPLINE_CURVE_WITH_KNOTS ( 'NONE', 3,
 ( #4588, #130, #540, #63, #6219, #3325, #6113, #5105, #2920, #2368, #1781 ),
 .UNSPECIFIED., .F., .F.,
 ( 4, 1, 1, 1, 1, 1, 1, 1, 4 ),
 ( 0.000000000000000000, 0.1271158039212380297, 0.2443141347808983344, 0.3577043942425867096, 0.4710379758892238589, 0.5887044089038869776, 0.7134391316141812656, 0.8491386294085762065, 1.000000000000000000 ),
 .UNSPECIFIED. ) ;
#5759 = DIRECTION ( 'NONE',  ( -0.000000000000000000, -1.000000000000000000, -0.000000000000000000 ) ) ;
#5760 = VECTOR ( 'NONE', #4313, 39.37007874015748143 ) ;
#5761 = CARTESIAN_POINT ( 'NONE',  ( 1.991669293211916214, 0.000000000000000000, -0.4862590044282318336 ) ) ;
#5762 = CARTESIAN_POINT ( 'NONE',  ( 1.949419513349369248, 0.04000000000000000083, -0.4281617853978655353 ) ) ;
#5763 = VECTOR ( 'NONE', #6590, 39.37007874015748854 ) ;
#5764 = LINE ( 'NONE', #5691, #1925 ) ;
#5765 = DIRECTION ( 'NONE',  ( 1.000000000000000000, 0.000000000000000000, 0.000000000000000000 ) ) ;
#5766 = CARTESIAN_POINT ( 'NONE',  ( 2.005625000000000657, 0.04000000000000000083, -0.4304882812499996603 ) ) ;
#5767 = CARTESIAN_POINT ( 'NONE',  ( 1.988612997920552017, 0.000000000000000000, -0.5866198774645816627 ) ) ;
#5768 = ORIENTED_EDGE ( 'NONE', *, *, #948, .F. ) ;
#5769 = CARTESIAN_POINT ( 'NONE',  ( 2.005625000000000213, 0.000000000000000000, -0.4304882812499996048 ) ) ;
#5770 = FACE_OUTER_BOUND ( 'NONE', #4160, .T. ) ;
#5771 = ORIENTED_EDGE ( 'NONE', *, *, #2668, .F. ) ;
#5772 = CARTESIAN_POINT ( 'NONE',  ( 1.465020833859509652, 0.000000000000000000, -0.5849964332278518864 ) ) ;
#5773 = EDGE_CURVE ( 'NONE', #2366, #5988, #6668, .T. ) ;
#5774 = DIRECTION ( 'NONE',  ( -0.000000000000000000, -1.000000000000000000, -0.000000000000000000 ) ) ;
#5775 = CARTESIAN_POINT ( 'NONE',  ( 0.6635930924006905318, 0.000000000000000000, -0.3537723651518704937 ) ) ;
#5776 = CARTESIAN_POINT ( 'NONE',  ( 1.696591257957378307, 0.000000000000000000, -0.3724952041845813744 ) ) ;
#5777 = CARTESIAN_POINT ( 'NONE',  ( 0.7328505355897714235, 0.04000000000000000083, -0.5983371451367676119 ) ) ;
#5778 = EDGE_LOOP ( 'NONE', ( #5034, #3947, #1998, #5796 ) ) ;
#5779 = VERTEX_POINT ( 'NONE', #5470 ) ;
#5780 = FACE_OUTER_BOUND ( 'NONE', #838, .T. ) ;
#5781 = CARTESIAN_POINT ( 'NONE',  ( 2.057528683862053676, 0.04000000000000000083, -0.5019134423683149215 ) ) ;
#5782 = ADVANCED_FACE ( 'NONE', ( #549 ), #2197, .T. ) ;
#5783 = CARTESIAN_POINT ( 'NONE',  ( 0.9059995641012210665, 0.000000000000000000, -0.4474271371040738909 ) ) ;
#5784 = CARTESIAN_POINT ( 'NONE',  ( 2.006281153793187499, 0.000000000000000000, -0.4379197432444212890 ) ) ;
#5785 = CARTESIAN_POINT ( 'NONE',  ( 0.2500000000000000000, 0.06250000000000000000, 0.000000000000000000 ) ) ;
#5786 = ORIENTED_EDGE ( 'NONE', *, *, #7124, .F. ) ;
#5787 = CARTESIAN_POINT ( 'NONE',  ( 1.949375000000000302, 0.000000000000000000, -0.4263378906249996603 ) ) ;
#5788 = ORIENTED_EDGE ( 'NONE', *, *, #4158, .F. ) ;
#5789 = FACE_OUTER_BOUND ( 'NONE', #3964, .T. ) ;
#5790 = LINE ( 'NONE', #797, #138 ) ;
#5791 = PLANE ( 'NONE',  #5976 ) ;
#5792 = EDGE_CURVE ( 'NONE', #2369, #2410, #6557, .T. ) ;
#5793 = DIRECTION ( 'NONE',  ( 0.000000000000000000, 0.000000000000000000, -1.000000000000000000 ) ) ;
#5794 = CARTESIAN_POINT ( 'NONE',  ( 1.682285156249999858, 0.04000000000000000083, -0.5752148437499997602 ) ) ;
#5795 = CARTESIAN_POINT ( 'NONE',  ( 1.960117187500000080, 0.000000000000000000, -0.5361523437499996492 ) ) ;
#5796 = ORIENTED_EDGE ( 'NONE', *, *, #2457, .T. ) ;
#5797 = CARTESIAN_POINT ( 'NONE',  ( 1.950842217940071288, 0.000000000000000000, -0.4420132643240946568 ) ) ;
#5798 = EDGE_CURVE ( 'NONE', #1247, #5137, #6123, .T. ) ;
#5799 = DIRECTION ( 'NONE',  ( 0.000000000000000000, -0.000000000000000000, 1.000000000000000000 ) ) ;
#5800 = DIRECTION ( 'NONE',  ( 1.000000000000000000, 0.000000000000000000, 0.000000000000000000 ) ) ;
#5801 = CARTESIAN_POINT ( 'NONE',  ( 2.052206521829444519, 0.04000000000000000083, -0.4612361012066409915 ) ) ;
#5802 = CARTESIAN_POINT ( 'NONE',  ( 0.9988464827547246516, 0.000000000000000000, -0.3649182087394360341 ) ) ;
#5803 = ORIENTED_EDGE ( 'NONE', *, *, #5084, .F. ) ;
#5804 = CARTESIAN_POINT ( 'NONE',  ( 1.842649803166262590, 0.000000000000000000, -0.5869697457414765340 ) ) ;
#5805 = CARTESIAN_POINT ( 'NONE',  ( 1.476546996622273955, 0.000000000000000000, -0.5882203109763198823 ) ) ;
#5806 = ORIENTED_EDGE ( 'NONE', *, *, #3793, .F. ) ;
#5807 = CARTESIAN_POINT ( 'NONE',  ( 1.439267578124999725, 0.04000000000000000083, -0.5987499999999996714 ) ) ;
#5808 = CARTESIAN_POINT ( 'NONE',  ( 0.7993749999999999467, 0.04000000000000000083, -0.5294628906249999600 ) ) ;
#5809 = CARTESIAN_POINT ( 'NONE',  ( 0.6463272804300682628, 0.04000000000000000083, -0.3817313919349539231 ) ) ;
#5810 = CARTESIAN_POINT ( 'NONE',  ( 2.015259286013352025, 0.04000000000000000083, -0.5258209467239467472 ) ) ;
#5811 = CARTESIAN_POINT ( 'NONE',  ( 1.333749999999999769, 0.04000000000000000083, -0.5518749999999997824 ) ) ;
#5812 = ORIENTED_EDGE ( 'NONE', *, *, #7039, .F. ) ;
#5813 = ORIENTED_EDGE ( 'NONE', *, *, #5923, .F. ) ;
#5814 = PLANE ( 'NONE',  #1096 ) ;
#5815 = CARTESIAN_POINT ( 'NONE',  ( 1.605624999999999858, 0.04000000000000000083, -0.3840527343749997602 ) ) ;
#5816 = CARTESIAN_POINT ( 'NONE',  ( 1.045151001658224610, 0.04000000000000000083, -0.5685249089783567245 ) ) ;
#5817 = DIRECTION ( 'NONE',  ( -0.000000000000000000, -1.000000000000000000, -0.000000000000000000 ) ) ;
#5818 = CARTESIAN_POINT ( 'NONE',  ( 1.991323374040437910, -0.000000000000000000, -0.3630732187949410883 ) ) ;
#5819 = CARTESIAN_POINT ( 'NONE',  ( 1.951765115097809922, 0.000000000000000000, -0.4070723292815294769 ) ) ;
#5820 = EDGE_CURVE ( 'NONE', #55, #2550, #4424, .T. ) ;
#5821 = ORIENTED_EDGE ( 'NONE', *, *, #1142, .T. ) ;
#5822 = EDGE_LOOP ( 'NONE', ( #4037, #440, #243, #1336 ) ) ;
#5823 = LINE ( 'NONE', #1381, #3201 ) ;
#5824 = CARTESIAN_POINT ( 'NONE',  ( 0.5895716821156069543, 0.000000000000000000, -0.6002574358541910016 ) ) ;
#5825 = CARTESIAN_POINT ( 'NONE',  ( 1.389937715287782982, -0.000000000000000000, -0.3815535789347728191 ) ) ;
#5826 = CARTESIAN_POINT ( 'NONE',  ( 1.256839987932752090, -0.000000000000000000, -0.5767569221631014820 ) ) ;
#5827 = CARTESIAN_POINT ( 'NONE',  ( 1.660855051491205270, 0.04000000000000000083, -0.5985538056116296302 ) ) ;
#5828 = CARTESIAN_POINT ( 'NONE',  ( 1.979393697699742383, 0.04000000000000000083, -0.4934988332504771646 ) ) ;
#5829 = ADVANCED_FACE ( 'NONE', ( #989 ), #3226, .T. ) ;
#5830 = ORIENTED_EDGE ( 'NONE', *, *, #835, .F. ) ;
#5831 = CARTESIAN_POINT ( 'NONE',  ( 0.9736324210259678091, 0.04000000000000000083, -0.3519708810097439411 ) ) ;
#5832 = B_SPLINE_CURVE_WITH_KNOTS ( 'NONE', 3,
 ( #4734, #5982, #6946, #198, #6356, #1376, #6320, #824, #2435, #5273, #4895, #269, #1961, #5236, #399, #2089, #4655, #2640, #790 ),
 .UNSPECIFIED., .F., .F.,
 ( 4, 1, 1, 1, 1, 1, 1, 1, 1, 1, 1, 1, 1, 1, 1, 1, 4 ),
 ( 0.000000000000000000, 0.07714614936310129623, 0.1499381227761915070, 0.2170897888682405130, 0.2805324283810447517, 0.3395091479172724913, 0.3961544186739956452, 0.4498685378729490592, 0.5025374121508991987, 0.5546030496780485208, 0.6080656527432225511, 0.6643004721548941838, 0.7229549316894937627, 0.7857435747050119934, 0.8518330876110555838, 0.9237987123834393577, 1.000000000000000000 ),
 .UNSPECIFIED. ) ;
#5833 = CARTESIAN_POINT ( 'NONE',  ( 0.8017424425640248264, 0.04000000000000000083, -0.5484430121667385194 ) ) ;
#5834 = LINE ( 'NONE', #288, #6101 ) ;
#5835 = LINE ( 'NONE', #2529, #505 ) ;
#5836 = VERTEX_POINT ( 'NONE', #7109 ) ;
#5837 = DIRECTION ( 'NONE',  ( -1.000000000000000000, 0.000000000000000000, 0.000000000000000000 ) ) ;
#5838 = CARTESIAN_POINT ( 'NONE',  ( 0.7985759086361555736, 0.04000000000000000083, -0.3638676234600263792 ) ) ;
#5839 = EDGE_CURVE ( 'NONE', #4226, #2336, #1574, .T. ) ;
#5840 = B_SPLINE_CURVE_WITH_KNOTS ( 'NONE', 3,
 ( #973, #6616, #1629, #1669, #3864, #2075, #7203, #6068, #5423, #1080, #3830 ),
 .UNSPECIFIED., .F., .F.,
 ( 4, 1, 1, 1, 1, 1, 1, 1, 4 ),
 ( 0.000000000000000000, 0.1510749210615313087, 0.2899929968605420849, 0.4230804375922804228, 0.5543439936445831995, 0.6795630549901141571, 0.7935980584817737826, 0.8983801180348761628, 1.000000000000000000 ),
 .UNSPECIFIED. ) ;
#5841 = EDGE_LOOP ( 'NONE', ( #3195, #2205, #5515, #920 ) ) ;
#5842 = CARTESIAN_POINT ( 'NONE',  ( 1.466589852607238287, 0.04000000000000000083, -0.5769510178726946492 ) ) ;
#5843 = CARTESIAN_POINT ( 'NONE',  ( 0.8333704806256915232, 0.04000000000000000083, -0.4709300056048693617 ) ) ;
#5844 = CARTESIAN_POINT ( 'NONE',  ( 0.6462499999999998801, 0.04000000000000000083, -0.3841015624999998823 ) ) ;
#5845 = CARTESIAN_POINT ( 'NONE',  ( 2.015146484375000213, 0.04000000000000000083, -0.5293164062499996492 ) ) ;
#5846 = ORIENTED_EDGE ( 'NONE', *, *, #580, .F. ) ;
#5847 = VERTEX_POINT ( 'NONE', #3375 ) ;
#5848 = CARTESIAN_POINT ( 'NONE',  ( 0.6779177560663457447, -0.000000000000000000, -0.3519582115025515212 ) ) ;
#5849 = CARTESIAN_POINT ( 'NONE',  ( 1.052890625000000080, 0.000000000000000000, -0.4832714843749997824 ) ) ;
#5850 = CARTESIAN_POINT ( 'NONE',  ( 1.054607757160013204, 0.000000000000000000, -0.5583912136213131649 ) ) ;
#5851 = CARTESIAN_POINT ( 'NONE',  ( 1.826961626694030727, 0.000000000000000000, -0.5996775594966843315 ) ) ;
#5852 = VECTOR ( 'NONE', #6012, 39.37007874015748143 ) ;
#5853 = CARTESIAN_POINT ( 'NONE',  ( 1.962328827650228424, 0.04000000000000000083, -0.3854515484883768162 ) ) ;
#5854 = VERTEX_POINT ( 'NONE', #5578 ) ;
#5855 = VERTEX_POINT ( 'NONE', #585 ) ;
#5856 = CARTESIAN_POINT ( 'NONE',  ( 1.654892578124999680, 0.04000000000000000083, -0.5987499999999996714 ) ) ;
#5857 = CARTESIAN_POINT ( 'NONE',  ( 0.5987637090795320249, 0.04000000000000000083, -0.6018034355877436292 ) ) ;
#5858 = CARTESIAN_POINT ( 'NONE',  ( 0.6463272804300682628, -0.000000000000000000, -0.3817313919349539231 ) ) ;
#5859 = VECTOR ( 'NONE', #1314, 39.37007874015748143 ) ;
#5860 = DIRECTION ( 'NONE',  ( -0.000000000000000000, -1.000000000000000000, -0.000000000000000000 ) ) ;
#5861 = EDGE_CURVE ( 'NONE', #5948, #2160, #2827, .T. ) ;
#5862 = CARTESIAN_POINT ( 'NONE',  ( 1.666374392804951032, 0.04000000000000000083, -0.5973976626379204902 ) ) ;
#5863 = CARTESIAN_POINT ( 'NONE',  ( 1.333749999999999769, 0.000000000000000000, -0.5518749999999997824 ) ) ;
#5864 = B_SPLINE_SURFACE_WITH_KNOTS ( 'NONE', 3, 1, ( 
 ( #6462, #6495 ),
 ( #1511, #965 ),
 ( #3202, #2651 ),
 ( #7088, #3463 ),
 ( #2912, #5018 ),
 ( #1737, #6607 ),
 ( #2246, #6645 ),
 ( #6209, #2325 ),
 ( #4547, #53 ),
 ( #4510, #6758 ),
 ( #6722, #1117 ),
 ( #675, #121 ),
 ( #6172, #1072 ),
 ( #3971, #8 ),
 ( #3390, #6686 ),
 ( #6138, #1187 ),
 ( #3423, #1622 ),
 ( #5632, #4473 ),
 ( #1702, #1771 ) ),
 .UNSPECIFIED., .F., .F., .F.,
 ( 4, 1, 1, 1, 1, 1, 1, 1, 1, 1, 1, 1, 1, 1, 1, 1, 4 ),
 ( 2, 2 ),
 ( 0.000000000000000000, 0.05560088188873699155, 0.1162568064506084714, 0.1841919758690732933, 0.2593619140846821769, 0.3385474029667048246, 0.4175393845456848996, 0.4964053317698315926, 0.5756403308328136292, 0.6520821592667108701, 0.7229434584460243673, 0.7884705371154628883, 0.8479802250137887798, 0.9002048195162188904, 0.9428086197652451039, 0.9758012648353273644, 1.000000000000000000 ),
 ( 0.000000000000000000, 1.000000000000000000 ),
 .UNSPECIFIED. ) ;
#5865 = AXIS2_PLACEMENT_3D ( 'NONE', #5007, #4931, #3341 ) ;
#5866 = CIRCLE ( 'NONE', #5399, 0.2999999999999999334 ) ;
#5867 = EDGE_LOOP ( 'NONE', ( #2430, #147, #6966, #4793 ) ) ;
#5868 = CARTESIAN_POINT ( 'NONE',  ( 1.974741412479674052, 0.000000000000000000, -0.4761694779351920426 ) ) ;
#5869 = CARTESIAN_POINT ( 'NONE',  ( 0.8877373489994101474, 0.04000000000000000083, -0.5987327012354133338 ) ) ;
#5870 = LINE ( 'NONE', #605, #984 ) ;
#5871 = EDGE_CURVE ( 'NONE', #4290, #2698, #5505, .T. ) ;
#5872 = B_SPLINE_SURFACE_WITH_KNOTS ( 'NONE', 3, 1, ( 
 ( #6176, #3428 ),
 ( #4549, #5061 ),
 ( #4986, #6212 ),
 ( #1665, #1230 ),
 ( #3465, #5671 ),
 ( #677, #7199 ),
 ( #5131, #123 ),
 ( #4405, #1625 ),
 ( #6064, #1076 ),
 ( #4439, #3316 ),
 ( #3899, #6105 ) ),
 .UNSPECIFIED., .F., .F., .F.,
 ( 4, 1, 1, 1, 1, 1, 1, 1, 4 ),
 ( 2, 2 ),
 ( 0.000000000000000000, 0.1286989885783279552, 0.2411927597118221911, 0.3422630546884235514, 0.4355406170092637752, 0.5407971397498051447, 0.6697997774159017981, 0.8224494370843037361, 1.000000000000000000 ),
 ( 0.000000000000000000, 1.000000000000000000 ),
 .UNSPECIFIED. ) ;
#5873 = CARTESIAN_POINT ( 'NONE',  ( 0.8200218108931305316, 0.04000000000000000083, -0.3519616610747145491 ) ) ;
#5874 = AXIS2_PLACEMENT_3D ( 'NONE', #2392, #4070, #6272 ) ;
#5875 = VERTEX_POINT ( 'NONE', #4893 ) ;
#5876 = CARTESIAN_POINT ( 'NONE',  ( 1.855525970477408970, 0.000000000000000000, -0.5585964546710777689 ) ) ;
#5877 = CARTESIAN_POINT ( 'NONE',  ( 1.474165019606416660, 0.04000000000000000083, -0.5841697710432448565 ) ) ;
#5878 = VECTOR ( 'NONE', #5000, 39.37007874015748143 ) ;
#5879 = CARTESIAN_POINT ( 'NONE',  ( 0.7024999999999999023, 0.04000000000000000083, -0.3841015624999999378 ) ) ;
#5880 = EDGE_CURVE ( 'NONE', #921, #4865, #3814, .T. ) ;
#5881 = CARTESIAN_POINT ( 'NONE',  ( 0.8281254096925321218, 0.04000000000000000083, -0.4738779710854437166 ) ) ;
#5882 = CARTESIAN_POINT ( 'NONE',  ( 1.043666140214090987, 0.04000000000000000083, -0.3647733968769525936 ) ) ;
#5883 = AXIS2_PLACEMENT_3D ( 'NONE', #1424, #5255, #5906 ) ;
#5884 = CARTESIAN_POINT ( 'NONE',  ( 0.8586624512723852742, 0.04000000000000000083, -0.5112501439127175029 ) ) ;
#5885 = EDGE_LOOP ( 'NONE', ( #1730, #3937, #1874, #3750 ) ) ;
#5886 = ORIENTED_EDGE ( 'NONE', *, *, #4066, .F. ) ;
#5887 = CARTESIAN_POINT ( 'NONE',  ( 0.2500000000000000000, 0.3049999999999991607, -0.1250000000000000000 ) ) ;
#5888 = CARTESIAN_POINT ( 'NONE',  ( 1.224875781725351054, 0.000000000000000000, -0.3649642970146215193 ) ) ;
#5889 = CARTESIAN_POINT ( 'NONE',  ( 0.8891101424534403330, 0.04000000000000000083, -0.4292565224545184521 ) ) ;
#5890 = ORIENTED_EDGE ( 'NONE', *, *, #4728, .T. ) ;
#5891 = LINE ( 'NONE', #3713, #3536 ) ;
#5892 = FILL_AREA_STYLE ('',( #3822 ) ) ;
#5893 = ORIENTED_EDGE ( 'NONE', *, *, #2935, .F. ) ;
#5894 = ORIENTED_EDGE ( 'NONE', *, *, #6748, .F. ) ;
#5895 = LINE ( 'NONE', #5451, #6677 ) ;
#5896 = CARTESIAN_POINT ( 'NONE',  ( 2.031817383667614774, 0.000000000000000000, -0.3553999301121139043 ) ) ;
#5897 = CARTESIAN_POINT ( 'NONE',  ( 1.365191665059306336, -0.000000000000000000, -0.3519525788324339710 ) ) ;
#5898 = CARTESIAN_POINT ( 'NONE',  ( 1.256748046874999858, 0.000000000000000000, -0.5752148437499997602 ) ) ;
#5899 = CARTESIAN_POINT ( 'NONE',  ( 1.268786253098861616, 0.000000000000000000, -0.5555375894150001992 ) ) ;
#5900 = CARTESIAN_POINT ( 'NONE',  ( 1.979393697699742383, 0.000000000000000000, -0.4934988332504771646 ) ) ;
#5901 = VERTEX_POINT ( 'NONE', #3993 ) ;
#5902 = ADVANCED_FACE ( 'NONE', ( #6194, #6884 ), #6158, .T. ) ;
#5903 = CARTESIAN_POINT ( 'NONE',  ( 0.9634527451739841597, 0.04000000000000000083, -0.3537421104536338512 ) ) ;
#5904 = CARTESIAN_POINT ( 'NONE',  ( 1.224875781725351054, 0.000000000000000000, -0.3649642970146215193 ) ) ;
#5905 = CARTESIAN_POINT ( 'NONE',  ( 1.671502192982278867, 0.000000000000000000, -0.5552573136534085796 ) ) ;
#5906 = DIRECTION ( 'NONE',  ( -1.000000000000000000, 0.000000000000000000, -0.000000000000000000 ) ) ;
#5907 = DIRECTION ( 'NONE',  ( 0.000000000000000000, -0.000000000000000000, 1.000000000000000000 ) ) ;
#5908 = FACE_OUTER_BOUND ( 'NONE', #3569, .T. ) ;
#5909 = EDGE_CURVE ( 'NONE', #1255, #5137, #4671, .T. ) ;
#5910 = CARTESIAN_POINT ( 'NONE',  ( 0.7994196913718484288, -0.000000000000000000, -0.5272473166237291453 ) ) ;
#5911 = CARTESIAN_POINT ( 'NONE',  ( 2.046994547438552470, 0.000000000000000000, -0.3988550494568484095 ) ) ;
#5912 = CARTESIAN_POINT ( 'NONE',  ( 2.151601626894688923, 0.04000000000000000083, -0.3675381975063522488 ) ) ;
#5913 = CARTESIAN_POINT ( 'NONE',  ( 2.016125547921755690, 0.04000000000000000083, -0.5224537783426569382 ) ) ;
#5914 = EDGE_CURVE ( 'NONE', #2398, #4571, #3483, .T. ) ;
#5915 = ORIENTED_EDGE ( 'NONE', *, *, #345, .T. ) ;
#5916 = EDGE_LOOP ( 'NONE', ( #3166, #5176, #6030, #2066 ) ) ;
#5917 = DIRECTION ( 'NONE',  ( -1.000000000000000000, 0.000000000000000000, 0.000000000000000000 ) ) ;
#5918 = CARTESIAN_POINT ( 'NONE',  ( 1.198789062500000169, 0.04000000000000000083, -0.3549999999999997602 ) ) ;
#5919 = LINE ( 'NONE', #961, #510 ) ;
#5920 = ORIENTED_EDGE ( 'NONE', *, *, #1237, .T. ) ;
#5921 = CARTESIAN_POINT ( 'NONE',  ( 1.837522272262992473, 0.000000000000000000, -0.5929680898464638750 ) ) ;
#5922 = LENGTH_MEASURE_WITH_UNIT ( LENGTH_MEASURE( 0.02539999999999999897 ), #2103 );
#5923 = EDGE_CURVE ( 'NONE', #2033, #2716, #1757, .T. ) ;
#5924 = ORIENTED_EDGE ( 'NONE', *, *, #5335, .F. ) ;
#5925 = ORIENTED_EDGE ( 'NONE', *, *, #3556, .T. ) ;
#5926 = CARTESIAN_POINT ( 'NONE',  ( 0.9945309130506972961, 0.000000000000000000, -0.5909441995387920699 ) ) ;
#5927 = FACE_OUTER_BOUND ( 'NONE', #5459, .T. ) ;
#5928 = PLANE ( 'NONE',  #3775 ) ;
#5929 = CARTESIAN_POINT ( 'NONE',  ( 0.8142220216572227942, 0.04000000000000000083, -0.4170330930400169001 ) ) ;
#5930 = CARTESIAN_POINT ( 'NONE',  ( 1.960149673914983959, -0.000000000000000000, -0.5378309883999116137 ) ) ;
#5931 = CARTESIAN_POINT ( 'NONE',  ( 2.019999498197963206, 0.000000000000000000, -0.5148762421358037411 ) ) ;
#5932 = CARTESIAN_POINT ( 'NONE',  ( 0.6322486846707069397, 0.04000000000000000083, -0.5745289608852465202 ) ) ;
#5933 = ORIENTED_EDGE ( 'NONE', *, *, #2907, .F. ) ;
#5934 = CARTESIAN_POINT ( 'NONE',  ( 1.698231282877490589, 0.000000000000000000, -0.3681616559951614298 ) ) ;
#5935 = CARTESIAN_POINT ( 'NONE',  ( 1.223041611128310668, 0.04000000000000000083, -0.5910334772853688134 ) ) ;
#5936 = CARTESIAN_POINT ( 'NONE',  ( 1.218684230502836252, 0.000000000000000000, -0.3593604115310506941 ) ) ;
#5937 = CARTESIAN_POINT ( 'NONE',  ( 0.8658394635601807110, 0.04000000000000000083, -0.5474913482188316083 ) ) ;
#5938 = CARTESIAN_POINT ( 'NONE',  ( 2.024330825051781080, 0.000000000000000000, -0.5484414354103631650 ) ) ;
#5939 = CARTESIAN_POINT ( 'NONE',  ( 2.127212385980685294, 0.04000000000000000083, -0.3551053176900343389 ) ) ;
#5940 = CARTESIAN_POINT ( 'NONE',  ( 1.230604650143815704, 0.04000000000000000083, -0.3836191939354864910 ) ) ;
#5941 = B_SPLINE_CURVE_WITH_KNOTS ( 'NONE', 3,
 ( #5498, #5462, #4306, #2743, #1604, #7101, #6510, #5935, #2116, #2227, #5539, #981, #6588, #3330, #1527 ),
 .UNSPECIFIED., .F., .F.,
 ( 4, 1, 1, 1, 1, 1, 1, 1, 1, 1, 1, 1, 4 ),
 ( 0.000000000000000000, 0.1011998545714062891, 0.1938420283227953733, 0.2798039295171502738, 0.3590764355424031495, 0.4334232718360602754, 0.5052974630995088479, 0.5777620924404490710, 0.6525648892298815396, 0.7313034942183709308, 0.8143415965424004588, 0.9034359475467442779, 0.9999999999999998890 ),
 .UNSPECIFIED. ) ;
#5942 = CARTESIAN_POINT ( 'NONE',  ( 0.7009459247637601642, 0.000000000000000000, -0.3702123325273271592 ) ) ;
#5943 = LINE ( 'NONE', #434, #2969 ) ;
#5944 = CARTESIAN_POINT ( 'NONE',  ( 2.046994547438552470, 0.04000000000000000083, -0.3988550494568484095 ) ) ;
#5945 = ADVANCED_FACE ( 'NONE', ( #2900 ), #1212, .T. ) ;
#5946 = LINE ( 'NONE', #1614, #5385 ) ;
#5947 = CARTESIAN_POINT ( 'NONE',  ( 2.017295303861960321, 0.04000000000000000083, -0.5191742615367678226 ) ) ;
#5948 = VERTEX_POINT ( 'NONE', #5116 ) ;
#5949 = ORIENTED_EDGE ( 'NONE', *, *, #4112, .F. ) ;
#5950 = CARTESIAN_POINT ( 'NONE',  ( 1.350889956392551827, 0.04000000000000000083, -0.3537862860718630764 ) ) ;
#5951 = CARTESIAN_POINT ( 'NONE',  ( 1.228806392534069980, 0.04000000000000000083, -0.3730302950764388115 ) ) ;
#5952 = CARTESIAN_POINT ( 'NONE',  ( 0.8489899778967262556, 0.000000000000000000, -0.3652418751803820918 ) ) ;
#5953 = VERTEX_POINT ( 'NONE', #1174 ) ;
#5954 = EDGE_CURVE ( 'NONE', #2571, #2708, #5764, .T. ) ;
#5955 = CARTESIAN_POINT ( 'NONE',  ( 1.368884206131682602, 0.04000000000000000083, -0.3521032973289328627 ) ) ;
#5956 = ORIENTED_EDGE ( 'NONE', *, *, #4738, .F. ) ;
#5957 = CLOSED_SHELL ( 'NONE', ( #5041, #1989, #2031, #6347, #6540, #3989, #5997, #5122, #2448, #5416, #1291, #4758, #536, #3529, #5987, #1971, #2546, #3387, #219, #5031, #827, #6179, #3363, #5829, #6906, #6949, #2268, #3780, #2496, #4087, #3037, #5586, #5963, #3028, #1160, #5549, #7027, #1053, #1582, #2942, #4642, #2507, #5455, #3365, #971, #4555, #6258, #5642, #2182, #3134, #621, #2851, #5304, #560, #1601, #5902, #6402, #1069, #4233, #376, #3247, #5382, #508, #6220, #4312, #6482, #1558, #1489, #3194, #1953, #3449, #1546, #6995, #2764, #293, #1786, #2276, #1838, #672, #4496, #3602, #4149, #1932, #5149, #1931, #2355, #4008, #3479, #4352, #5782, #1365, #1200, #4681, #4318, #850, #4395, #1098, #172, #6045, #733, #766, #5168, #3079, #5945, #3757, #6230, #526, #4720, #1210, #6083, #6015, #1592, #2659, #1962, #159, #1736, #3163, #918, #3662, #1696, #4141, #5129, #6394, #4632, #6934, #6515, #3874, #4093, #3406, #285, #31, #2375, #240, #1390, #2121, #4281, #876, #3436, #5464, #3823, #2861, #6529, #3513, #5077, #599, #1280, #1462, #3173 ) ) ;
#5958 = EDGE_LOOP ( 'NONE', ( #803, #4909, #2974, #274 ) ) ;
#5959 = CARTESIAN_POINT ( 'NONE',  ( 0.000000000000000000, 0.1350000000000000089, 0.000000000000000000 ) ) ;
#5960 = CARTESIAN_POINT ( 'NONE',  ( 1.333992683923965972, 0.000000000000000000, -0.3771084382536133983 ) ) ;
#5961 = CARTESIAN_POINT ( 'NONE',  ( 0.7507341161314858846, 0.04000000000000000083, -0.6017913054872234824 ) ) ;
#5962 = DIRECTION ( 'NONE',  ( -0.8387500072130602558, 0.000000000000000000, -0.5445166897351186863 ) ) ;
#5963 = ADVANCED_FACE ( 'NONE', ( #1793 ), #74, .T. ) ;
#5964 = CARTESIAN_POINT ( 'NONE',  ( 2.020725600062453164, 0.000000000000000000, -0.4557134442500487825 ) ) ;
#5965 = VECTOR ( 'NONE', #4175, 39.37007874015748143 ) ;
#5966 = CARTESIAN_POINT ( 'NONE',  ( 1.280588243424875650, 0.04000000000000000083, -0.5521086004073505471 ) ) ;
#5967 = LINE ( 'NONE', #2046, #2964 ) ;
#5968 = ORIENTED_EDGE ( 'NONE', *, *, #4573, .T. ) ;
#5969 = CARTESIAN_POINT ( 'NONE',  ( 1.696591257957378307, 0.000000000000000000, -0.3724952041845813744 ) ) ;
#5970 = VERTEX_POINT ( 'NONE', #1248 ) ;
#5971 = AXIS2_PLACEMENT_3D ( 'NONE', #4016, #4447, #1673 ) ;
#5972 = CARTESIAN_POINT ( 'NONE',  ( 0.7599707031249997025, 0.000000000000000000, -0.5464062499999999822 ) ) ;
#5973 = CARTESIAN_POINT ( 'NONE',  ( 0.7024999999999997913, 0.04000000000000000083, -0.3841015624999998823 ) ) ;
#5974 = PLANE ( 'NONE',  #5883 ) ;
#5975 = CARTESIAN_POINT ( 'NONE',  ( 2.134660029826765726, 0.04000000000000000083, -0.3560627527494849009 ) ) ;
#5976 = AXIS2_PLACEMENT_3D ( 'NONE', #764, #5211, #2445 ) ;
#5977 = CARTESIAN_POINT ( 'NONE',  ( 0.8121398830521782131, 0.04000000000000000083, -0.3536651290865462927 ) ) ;
#5978 = B_SPLINE_CURVE_WITH_KNOTS ( 'NONE', 3,
 ( #5808, #2536, #2981, #6411, #1366, #6380, #849, #3630, #5195, #4145, #188, #2426, #5881, #5843, #4646, #780, #3597, #3089, #815 ),
 .UNSPECIFIED., .F., .F.,
 ( 4, 1, 1, 1, 1, 1, 1, 1, 1, 1, 1, 1, 1, 1, 1, 1, 4 ),
 ( 0.000000000000000000, 0.06822002337388605175, 0.1333207290133358314, 0.1962387521197450080, 0.2568334298122399439, 0.3164097776181296062, 0.3751514822731095711, 0.4336832031425895684, 0.4924783550313933667, 0.5516738842116857278, 0.6114292194161188299, 0.6715095706841773815, 0.7332503971105654994, 0.7964831417694853144, 0.8615529610565205720, 0.9295885657772455790, 1.000000000000000000 ),
 .UNSPECIFIED. ) ;
#5979 = VECTOR ( 'NONE', #6605, 39.37007874015748143 ) ;
#5980 = DIRECTION ( 'NONE',  ( -0.000000000000000000, -1.000000000000000000, -0.000000000000000000 ) ) ;
#5981 = LINE ( 'NONE', #6410, #977 ) ;
#5982 = CARTESIAN_POINT ( 'NONE',  ( 2.155587862305276214, 0.04000000000000000083, -0.5675001852716956563 ) ) ;
#5983 = CARTESIAN_POINT ( 'NONE',  ( 2.027864862630908149, 0.04000000000000000083, -0.4017269596091236350 ) ) ;
#5984 = CARTESIAN_POINT ( 'NONE',  ( 2.032114261580322268, 0.04000000000000000083, -0.4007046185879961087 ) ) ;
#5985 = CARTESIAN_POINT ( 'NONE',  ( 1.374105761765620937, 0.04000000000000000083, -0.3537438756759779257 ) ) ;
#5986 = VERTEX_POINT ( 'NONE', #695 ) ;
#5987 = ADVANCED_FACE ( 'NONE', ( #3411 ), #2417, .F. ) ;
#5988 = VERTEX_POINT ( 'NONE', #661 ) ;
#5989 = CARTESIAN_POINT ( 'NONE',  ( 1.769651190987989509, 0.04000000000000000083, -0.5658675403408567339 ) ) ;
#5990 = CARTESIAN_POINT ( 'NONE',  ( 1.056664104428460371, 0.000000000000000000, -0.4712537067026700832 ) ) ;
#5991 = VECTOR ( 'NONE', #427, 39.37007874015748143 ) ;
#5992 = CARTESIAN_POINT ( 'NONE',  ( 0.9350683593749998801, 0.04000000000000000083, -0.4549999999999999045 ) ) ;
#5993 = EDGE_LOOP ( 'NONE', ( #3241, #3272, #2618, #732 ) ) ;
#5994 = CARTESIAN_POINT ( 'NONE',  ( 1.365191665059306336, 0.04000000000000000083, -0.3519525788324339710 ) ) ;
#5995 = ORIENTED_EDGE ( 'NONE', *, *, #2464, .F. ) ;
#5996 = ORIENTED_EDGE ( 'NONE', *, *, #2129, .F. ) ;
#5997 = ADVANCED_FACE ( 'NONE', ( #108 ), #728, .F. ) ;
#5998 = CARTESIAN_POINT ( 'NONE',  ( 2.151601626894688923, 0.000000000000000000, -0.3675381975063522488 ) ) ;
#5999 = CARTESIAN_POINT ( 'NONE',  ( 0.7134863281249997913, 0.04000000000000000083, -0.5724804687499998046 ) ) ;
#6000 = CARTESIAN_POINT ( 'NONE',  ( 0.7741154410003188158, 0.000000000000000000, -0.5832168318869566104 ) ) ;
#6001 = CARTESIAN_POINT ( 'NONE',  ( 1.866123046875000080, 0.000000000000000000, -0.3834667968749996825 ) ) ;
#6002 = CARTESIAN_POINT ( 'NONE',  ( 1.989414062500000080, 0.04000000000000000083, -0.3638378906249996048 ) ) ;
#6003 = CARTESIAN_POINT ( 'NONE',  ( 1.264383706977419086, 0.000000000000000000, -0.5585927161988896161 ) ) ;
#6004 = CARTESIAN_POINT ( 'NONE',  ( 0.6267051902758962179, 0.000000000000000000, -0.5836871247622142933 ) ) ;
#6005 = ORIENTED_EDGE ( 'NONE', *, *, #5704, .T. ) ;
#6006 = EDGE_CURVE ( 'NONE', #793, #6935, #4533, .T. ) ;
#6007 = CARTESIAN_POINT ( 'NONE',  ( 1.696250000000000258, 0.000000000000000000, -0.3768749999999996270 ) ) ;
#6008 = CARTESIAN_POINT ( 'NONE',  ( 1.696293193498420671, 0.04000000000000000083, -0.3791364747584065054 ) ) ;
#6009 = CARTESIAN_POINT ( 'NONE',  ( 0.7742871101766195530, 0.000000000000000000, -0.5776534977002536486 ) ) ;
#6010 = CARTESIAN_POINT ( 'NONE',  ( 1.584509206131682113, 0.04000000000000000083, -0.3521032973289328627 ) ) ;
#6011 = DIRECTION ( 'NONE',  ( -0.000000000000000000, -1.000000000000000000, -0.000000000000000000 ) ) ;
#6012 = DIRECTION ( 'NONE',  ( -0.000000000000000000, -1.000000000000000000, -0.000000000000000000 ) ) ;
#6013 = CARTESIAN_POINT ( 'NONE',  ( 1.866123046875000080, 0.04000000000000000083, -0.3834667968749996825 ) ) ;
#6014 = EDGE_CURVE ( 'NONE', #1016, #2815, #5616, .T. ) ;
#6015 = ADVANCED_FACE ( 'NONE', ( #6815 ), #2679, .T. ) ;
#6016 = CARTESIAN_POINT ( 'NONE',  ( 0.5733007812499998357, 0.000000000000000000, -0.5793164062499999156 ) ) ;
#6017 = CARTESIAN_POINT ( 'NONE',  ( 0.7022988852911073998, 0.04000000000000000083, -0.3768439801978326065 ) ) ;
#6018 = CARTESIAN_POINT ( 'NONE',  ( 1.991981818166500773, 0.000000000000000000, -0.5886664441442515106 ) ) ;
#6019 = CARTESIAN_POINT ( 'NONE',  ( 0.6067912039506536681, 0.04000000000000000083, -0.6012846810752078275 ) ) ;
#6020 = CARTESIAN_POINT ( 'NONE',  ( 1.333749999999999769, 0.04000000000000000083, -0.5518749999999997824 ) ) ;
#6021 = CARTESIAN_POINT ( 'NONE',  ( 0.9695410156249998357, 0.000000000000000000, -0.5987499999999998934 ) ) ;
#6022 = ORIENTED_EDGE ( 'NONE', *, *, #3893, .T. ) ;
#6023 = ORIENTED_EDGE ( 'NONE', *, *, #2617, .T. ) ;
#6024 = CARTESIAN_POINT ( 'NONE',  ( 1.766930223893971252, 0.04000000000000000083, -0.5588599714658907258 ) ) ;
#6025 = CARTESIAN_POINT ( 'NONE',  ( 1.226464966626936492, 0.04000000000000000083, -0.3673481227353583289 ) ) ;
#6026 = LINE ( 'NONE', #4943, #4715 ) ;
#6027 = EDGE_LOOP ( 'NONE', ( #5570, #2995, #2689, #6784 ) ) ;
#6028 = CARTESIAN_POINT ( 'NONE',  ( 1.374105761765620937, 0.04000000000000000083, -0.3537438756759779257 ) ) ;
#6029 = VERTEX_POINT ( 'NONE', #3696 ) ;
#6030 = ORIENTED_EDGE ( 'NONE', *, *, #5798, .T. ) ;
#6031 = CARTESIAN_POINT ( 'NONE',  ( 2.155625000000000568, 0.000000000000000000, -0.3876171874999996825 ) ) ;
#6032 = CARTESIAN_POINT ( 'NONE',  ( 1.462764273624399536, 0.000000000000000000, -0.5891419486050499810 ) ) ;
#6033 = CARTESIAN_POINT ( 'NONE',  ( 1.268595876722021565, 0.04000000000000000083, -0.5950721946915216165 ) ) ;
#6034 = CARTESIAN_POINT ( 'NONE',  ( 0.8603613281249998801, 0.000000000000000000, -0.3832226562499999045 ) ) ;
#6035 = CARTESIAN_POINT ( 'NONE',  ( 1.441390423178507962, 0.04000000000000000083, -0.5519363073328391600 ) ) ;
#6036 = EDGE_CURVE ( 'NONE', #4294, #3081, #4711, .T. ) ;
#6037 = CARTESIAN_POINT ( 'NONE',  ( 2.024967990344837432, 0.04000000000000000083, -0.5090912434260007613 ) ) ;
#6038 = FACE_OUTER_BOUND ( 'NONE', #865, .T. ) ;
#6039 = ORIENTED_EDGE ( 'NONE', *, *, #2376, .F. ) ;
#6040 = CARTESIAN_POINT ( 'NONE',  ( 1.856943359375000213, 0.04000000000000000083, -0.5549999999999996048 ) ) ;
#6041 = DIRECTION ( 'NONE',  ( 1.000000000000000000, 0.000000000000000000, 0.000000000000000000 ) ) ;
#6042 = CARTESIAN_POINT ( 'NONE',  ( 1.856943359375000213, 0.04000000000000000083, -0.5549999999999996048 ) ) ;
#6043 = DIRECTION ( 'NONE',  ( -1.000000000000000000, 0.000000000000000000, 0.000000000000000000 ) ) ;
#6044 = CARTESIAN_POINT ( 'NONE',  ( 0.7588410616037855050, 0.04000000000000000083, -0.6003205438679221073 ) ) ;
#6045 = ADVANCED_FACE ( 'NONE', ( #319 ), #3588, .T. ) ;
#6046 = LINE ( 'NONE', #4421, #1205 ) ;
#6047 = CARTESIAN_POINT ( 'NONE',  ( 0.8159448761779440895, 0.000000000000000000, -0.3526310699829715012 ) ) ;
#6048 = CARTESIAN_POINT ( 'NONE',  ( 0.5733388621817859798, -0.000000000000000000, -0.5782558335504808245 ) ) ;
#6049 = CARTESIAN_POINT ( 'NONE',  ( 1.066440298640550344, 0.04000000000000000083, -0.3986965787106978021 ) ) ;
#6050 = CARTESIAN_POINT ( 'NONE',  ( 2.045664062500000213, 0.000000000000000000, -0.5987499999999995604 ) ) ;
#6051 = CARTESIAN_POINT ( 'NONE',  ( 2.005739128975997598, 0.04000000000000000083, -0.4267111423285406824 ) ) ;
#6052 = EDGE_CURVE ( 'NONE', #1480, #6165, #3908, .T. ) ;
#6053 = CARTESIAN_POINT ( 'NONE',  ( 0.8820450314032773909, 0.04000000000000000083, -0.5537285913091706258 ) ) ;
#6054 = CARTESIAN_POINT ( 'NONE',  ( 0.8368182805491488629, -0.000000000000000000, -0.5902336085823819412 ) ) ;
#6055 = ORIENTED_EDGE ( 'NONE', *, *, #6796, .T. ) ;
#6056 = ORIENTED_EDGE ( 'NONE', *, *, #3493, .T. ) ;
#6057 = DIRECTION ( 'NONE',  ( -0.000000000000000000, -1.000000000000000000, -0.000000000000000000 ) ) ;
#6058 = CARTESIAN_POINT ( 'NONE',  ( 2.099375000000000213, 0.04000000000000000083, -0.4612499999999996048 ) ) ;
#6059 = DIRECTION ( 'NONE',  ( -0.000000000000000000, -1.000000000000000000, -0.000000000000000000 ) ) ;
#6060 = CARTESIAN_POINT ( 'NONE',  ( 1.043515625000000169, 0.04000000000000000083, -0.5769726562499998268 ) ) ;
#6061 = CARTESIAN_POINT ( 'NONE',  ( 0.2500000000000000000, 0.1350000000000000089, 0.000000000000000000 ) ) ;
#6062 = EDGE_LOOP ( 'NONE', ( #5417, #5670, #1004, #1145 ) ) ;
#6063 = ORIENTED_EDGE ( 'NONE', *, *, #307, .F. ) ;
#6064 = CARTESIAN_POINT ( 'NONE',  ( 0.7178523465184273311, 0.04000000000000000083, -0.5795448060382732969 ) ) ;
#6065 = DIRECTION ( 'NONE',  ( 1.000000000000000000, 0.000000000000000000, 0.000000000000000000 ) ) ;
#6066 = CARTESIAN_POINT ( 'NONE',  ( 1.285093619490622174, 0.04000000000000000083, -0.5986797455209706964 ) ) ;
#6067 = DIRECTION ( 'NONE',  ( 0.3615575501799897506, 0.000000000000000000, -0.9323497937511672218 ) ) ;
#6068 = CARTESIAN_POINT ( 'NONE',  ( 0.5751446174638729092, 0.04000000000000000083, -0.5873022400820337996 ) ) ;
#6069 = CARTESIAN_POINT ( 'NONE',  ( 1.549617683923966149, 0.04000000000000000083, -0.3771084382536133983 ) ) ;
#6070 = CARTESIAN_POINT ( 'NONE',  ( 0.8188634586325947984, 0.000000000000000000, -0.4810488752309269311 ) ) ;
#6071 = CARTESIAN_POINT ( 'NONE',  ( 1.855625000000000302, 0.04000000000000000083, -0.4112499999999996159 ) ) ;
#6072 = ORIENTED_EDGE ( 'NONE', *, *, #247, .T. ) ;
#6073 = CARTESIAN_POINT ( 'NONE',  ( 1.700881053803499521, 0.000000000000000000, -0.3639637570138780087 ) ) ;
#6074 = CARTESIAN_POINT ( 'NONE',  ( 0.8904394531249999467, 0.000000000000000000, -0.5987499999999998934 ) ) ;
#6075 = CARTESIAN_POINT ( 'NONE',  ( 0.000000000000000000, 0.000000000000000000, 0.000000000000000000 ) ) ;
#6076 = EDGE_CURVE ( 'NONE', #978, #2698, #6337, .T. ) ;
#6077 = VECTOR ( 'NONE', #1715, 39.37007874015748143 ) ;
#6078 = CARTESIAN_POINT ( 'NONE',  ( 0.7741154410003188158, 0.000000000000000000, -0.5832168318869566104 ) ) ;
#6079 = CARTESIAN_POINT ( 'NONE',  ( 0.7134863281249997913, 0.04000000000000000083, -0.5724804687499998046 ) ) ;
#6080 = CARTESIAN_POINT ( 'NONE',  ( 0.5733388621817859798, 0.04000000000000000083, -0.5782558335504808245 ) ) ;
#6081 = CARTESIAN_POINT ( 'NONE',  ( 1.216057590040853897, 0.04000000000000000083, -0.3580154902424591001 ) ) ;
#6082 = AXIS2_PLACEMENT_3D ( 'NONE', #6742, #107, #1720 ) ;
#6083 = ADVANCED_FACE ( 'NONE', ( #1492 ), #6563, .T. ) ;
#6084 = CARTESIAN_POINT ( 'NONE',  ( 0.5764596016630501030, 0.000000000000000000, -0.5663717020791755319 ) ) ;
#6085 = CARTESIAN_POINT ( 'NONE',  ( 1.696250000000000258, 0.000000000000000000, -0.3768749999999996270 ) ) ;
#6086 = FACE_OUTER_BOUND ( 'NONE', #6509, .T. ) ;
#6087 = CARTESIAN_POINT ( 'NONE',  ( 0.9758398437499998801, 0.000000000000000000, -0.3518749999999999378 ) ) ;
#6088 = AXIS2_PLACEMENT_3D ( 'NONE', #5811, #4150, #1846 ) ;
#6089 = CARTESIAN_POINT ( 'NONE',  ( 0.7611449811387246411, 0.04000000000000000083, -0.5483252055152786353 ) ) ;
#6090 = CARTESIAN_POINT ( 'NONE',  ( 2.017336121140453464, 0.04000000000000000083, -0.4065570058869527048 ) ) ;
#6091 = DIRECTION ( 'NONE',  ( -0.5182131407290758718, 0.000000000000000000, 0.8552515073215054553 ) ) ;
#6092 = B_SPLINE_CURVE_WITH_KNOTS ( 'NONE', 3,
 ( #5605, #6658, #3911, #6808, #2261, #612, #5571, #6115, #6698, #1201, #1130, #576, #2817, #5033, #4486 ),
 .UNSPECIFIED., .F., .F.,
 ( 4, 1, 1, 1, 1, 1, 1, 1, 1, 1, 1, 1, 4 ),
 ( 0.000000000000000000, 0.1251139878867561506, 0.2475455202790303177, 0.3687608467046650240, 0.4921201239785787940, 0.5543137035972384163, 0.6163115540037714668, 0.6782813926287771800, 0.7406762715500904148, 0.8034410838249168574, 0.8673602111964581196, 0.9327739746667275123, 1.000000000000000000 ),
 .UNSPECIFIED. ) ;
#6093 = VECTOR ( 'NONE', #5554, 39.37007874015748143 ) ;
#6094 = VERTEX_POINT ( 'NONE', #6118 ) ;
#6095 = EDGE_CURVE ( 'NONE', #3304, #2431, #4323, .T. ) ;
#6096 = ORIENTED_EDGE ( 'NONE', *, *, #6670, .F. ) ;
#6097 = CARTESIAN_POINT ( 'NONE',  ( 0.8557758369944133969, 0.04000000000000000083, -0.5299954653883763855 ) ) ;
#6098 = CARTESIAN_POINT ( 'NONE',  ( 1.264383706977419086, 0.000000000000000000, -0.5585927161988896161 ) ) ;
#6099 = CARTESIAN_POINT ( 'NONE',  ( 0.8326720618200870172, 0.04000000000000000083, -0.5882724228539194522 ) ) ;
#6100 = CARTESIAN_POINT ( 'NONE',  ( 1.466576444768099119, 0.000000000000000000, -0.5735471527621130994 ) ) ;
#6101 = VECTOR ( 'NONE', #4205, 39.37007874015748143 ) ;
#6102 = CARTESIAN_POINT ( 'NONE',  ( 1.855625000000000302, 0.000000000000000000, -0.4112499999999996159 ) ) ;
#6103 = ORIENTED_EDGE ( 'NONE', *, *, #3660, .F. ) ;
#6104 = ORIENTED_EDGE ( 'NONE', *, *, #6969, .T. ) ;
#6105 = CARTESIAN_POINT ( 'NONE',  ( 0.7134863281249997913, 0.000000000000000000, -0.5724804687499998046 ) ) ;
#6106 = LINE ( 'NONE', #4911, #2127 ) ;
#6107 = VECTOR ( 'NONE', #2709, 39.37007874015748143 ) ;
#6108 = LINE ( 'NONE', #1233, #4142 ) ;
#6109 = CARTESIAN_POINT ( 'NONE',  ( 2.099375000000000213, 0.000000000000000000, -0.3987499999999996048 ) ) ;
#6110 = LINE ( 'NONE', #647, #2732 ) ;
#6111 = FACE_OUTER_BOUND ( 'NONE', #1617, .T. ) ;
#6112 = CARTESIAN_POINT ( 'NONE',  ( 1.698231282877490589, 0.04000000000000000083, -0.3681616559951614298 ) ) ;
#6113 = CARTESIAN_POINT ( 'NONE',  ( 1.671145130467351247, 0.04000000000000000083, -0.5953758084540667905 ) ) ;
#6114 = EDGE_LOOP ( 'NONE', ( #2944, #4302, #756, #3740 ) ) ;
#6115 = CARTESIAN_POINT ( 'NONE',  ( 1.965269277469989806, 0.04000000000000000083, -0.3815504561701469899 ) ) ;
#6116 = CARTESIAN_POINT ( 'NONE',  ( 0.8825104894695688929, 0.000000000000000000, -0.5986992390857951429 ) ) ;
#6117 = CARTESIAN_POINT ( 'NONE',  ( 0.9078710937499999689, 0.000000000000000000, -0.4956249999999998712 ) ) ;
#6118 = CARTESIAN_POINT ( 'NONE',  ( 1.174375000000000169, 0.04000000000000000083, -0.5049999999999997824 ) ) ;
#6119 = LINE ( 'NONE', #465, #4590 ) ;
#6120 = CARTESIAN_POINT ( 'NONE',  ( 2.127136007731350364, 0.000000000000000000, -0.5987265602660675201 ) ) ;
#6121 = CARTESIAN_POINT ( 'NONE',  ( 0.5734155944444501163, 0.04000000000000000083, -0.5761188022559019517 ) ) ;
#6122 = EDGE_CURVE ( 'NONE', #2292, #6424, #2744, .T. ) ;
#6123 = LINE ( 'NONE', #1722, #1807 ) ;
#6124 = CARTESIAN_POINT ( 'NONE',  ( 1.703357481476013513, -0.000000000000000000, -0.4017956637223325522 ) ) ;
#6125 = CARTESIAN_POINT ( 'NONE',  ( 1.924104665991134722, 0.04000000000000000083, -0.3717885655813166768 ) ) ;
#6126 = CARTESIAN_POINT ( 'NONE',  ( 2.019150390625000124, 0.000000000000000000, -0.5161816406249996048 ) ) ;
#6127 = CARTESIAN_POINT ( 'NONE',  ( 1.500718619490622574, 0.04000000000000000083, -0.5986797455209706964 ) ) ;
#6128 = FACE_OUTER_BOUND ( 'NONE', #4108, .T. ) ;
#6129 = CARTESIAN_POINT ( 'NONE',  ( 0.8036096864952746444, 0.000000000000000000, -0.5544947741366481608 ) ) ;
#6130 = EDGE_CURVE ( 'NONE', #2369, #5779, #1640, .T. ) ;
#6131 = ORIENTED_EDGE ( 'NONE', *, *, #2464, .T. ) ;
#6132 = VERTEX_POINT ( 'NONE', #2156 ) ;
#6133 = CARTESIAN_POINT ( 'NONE',  ( 1.960149673914983959, 0.04000000000000000083, -0.5378309883999116137 ) ) ;
#6134 = CARTESIAN_POINT ( 'NONE',  ( 1.285144627695295139, -0.000000000000000000, -0.5519559003030558575 ) ) ;
#6135 = CARTESIAN_POINT ( 'NONE',  ( 0.9778533059409173500, 0.04000000000000000083, -0.3519704803838907825 ) ) ;
#6136 = CARTESIAN_POINT ( 'NONE',  ( 1.225471830669116136, 0.000000000000000000, -0.5880351776275288822 ) ) ;
#6137 = EDGE_CURVE ( 'NONE', #1335, #5715, #6662, .T. ) ;
#6138 = CARTESIAN_POINT ( 'NONE',  ( 0.7964724458484541136, 0.04000000000000000083, -0.3804545671676103358 ) ) ;
#6139 = ORIENTED_EDGE ( 'NONE', *, *, #3707, .T. ) ;
#6140 = ORIENTED_EDGE ( 'NONE', *, *, #6773, .F. ) ;
#6141 = CARTESIAN_POINT ( 'NONE',  ( 0.000000000000000000, 0.000000000000000000, -0.1250000000000000000 ) ) ;
#6142 = CARTESIAN_POINT ( 'NONE',  ( 1.472373046875000036, 0.04000000000000000083, -0.5752148437499997602 ) ) ;
#6143 = CARTESIAN_POINT ( 'NONE',  ( 1.256839987932752090, 0.04000000000000000083, -0.5767569221631014820 ) ) ;
#6144 = CARTESIAN_POINT ( 'NONE',  ( 2.099375000000000213, 0.04000000000000000083, -0.5549999999999996048 ) ) ;
#6145 = DIRECTION ( 'NONE',  ( -0.000000000000000000, -1.000000000000000000, -0.000000000000000000 ) ) ;
#6146 = CARTESIAN_POINT ( 'NONE',  ( 1.439267578124999725, 0.04000000000000000083, -0.5518749999999997824 ) ) ;
#6147 = EDGE_CURVE ( 'NONE', #3471, #3820, #426, .T. ) ;
#6148 = CARTESIAN_POINT ( 'NONE',  ( 0.6127908237150864190, 0.000000000000000000, -0.5991057295446675646 ) ) ;
#6149 = ORIENTED_EDGE ( 'NONE', *, *, #3124, .T. ) ;
#6150 = CARTESIAN_POINT ( 'NONE',  ( 1.918891905008060617, 0.000000000000000000, -0.3977743301999187020 ) ) ;
#6151 = ORIENTED_EDGE ( 'NONE', *, *, #6765, .F. ) ;
#6152 = CARTESIAN_POINT ( 'NONE',  ( 0.8748900515874084016, 0.000000000000000000, -0.5984006398936626558 ) ) ;
#6153 = CARTESIAN_POINT ( 'NONE',  ( 0.8645868836782892863, 0.000000000000000000, -0.5045809187365981607 ) ) ;
#6154 = CARTESIAN_POINT ( 'NONE',  ( 1.886200068944279717, 0.000000000000000000, -0.3534409982751858803 ) ) ;
#6155 = LINE ( 'NONE', #1606, #2750 ) ;
#6156 = CARTESIAN_POINT ( 'NONE',  ( 0.5740318374469767226, 0.000000000000000000, -0.5729228606004472812 ) ) ;
#6157 = CARTESIAN_POINT ( 'NONE',  ( 1.924111888021376338, 0.000000000000000000, -0.3820511914411235943 ) ) ;
#6158 = PLANE ( 'NONE',  #2865 ) ;
#6159 = CARTESIAN_POINT ( 'NONE',  ( 1.039735310651218825, 0.000000000000000000, -0.3781726084434772761 ) ) ;
#6160 = CARTESIAN_POINT ( 'NONE',  ( 1.772922235427479176, 0.04000000000000000083, -0.5741973516797700405 ) ) ;
#6161 = CARTESIAN_POINT ( 'NONE',  ( 2.054208984375000213, 0.000000000000000000, -0.4612499999999996048 ) ) ;
#6162 = CARTESIAN_POINT ( 'NONE',  ( 0.8820450314032773909, 0.04000000000000000083, -0.5537285913091706258 ) ) ;
#6163 = DIRECTION ( 'NONE',  ( -0.4905473321475661286, 0.000000000000000000, 0.8714145482621374894 ) ) ;
#6164 = CARTESIAN_POINT ( 'NONE',  ( 0.6127908237150864190, 0.000000000000000000, -0.5991057295446675646 ) ) ;
#6165 = VERTEX_POINT ( 'NONE', #3914 ) ;
#6166 = ORIENTED_EDGE ( 'NONE', *, *, #785, .T. ) ;
#6167 = CARTESIAN_POINT ( 'NONE',  ( 1.973416091810034745, 0.04000000000000000083, -0.5733913833826762563 ) ) ;
#6168 = CARTESIAN_POINT ( 'NONE',  ( 2.017336121140453464, 0.000000000000000000, -0.4065570058869527048 ) ) ;
#6169 = EDGE_CURVE ( 'NONE', #55, #4294, #4886, .T. ) ;
#6170 = CARTESIAN_POINT ( 'NONE',  ( 2.729999999999999982, 0.000000000000000000, -1.479999999999999982 ) ) ;
#6171 = DIRECTION ( 'NONE',  ( 0.000000000000000000, 0.000000000000000000, -1.000000000000000000 ) ) ;
#6172 = CARTESIAN_POINT ( 'NONE',  ( 0.8029017911606948221, 0.04000000000000000083, -0.3962838404839729711 ) ) ;
#6173 = EDGE_LOOP ( 'NONE', ( #408, #1425, #2572, #1397 ) ) ;
#6174 = B_SPLINE_CURVE_WITH_KNOTS ( 'NONE', 3,
 ( #4649, #5230, #1369, #4685, #5777, #1260, #1296, #5702, #3528, #5198, #6313 ),
 .UNSPECIFIED., .F., .F.,
 ( 4, 1, 1, 1, 1, 1, 1, 1, 4 ),
 ( 0.000000000000000000, 0.1286989885783279552, 0.2411927597118221911, 0.3422630546884235514, 0.4355406170092637752, 0.5407971397498051447, 0.6697997774159017981, 0.8224494370843037361, 1.000000000000000000 ),
 .UNSPECIFIED. ) ;
#6175 = ORIENTED_EDGE ( 'NONE', *, *, #4112, .T. ) ;
#6176 = CARTESIAN_POINT ( 'NONE',  ( 0.7490332031249997691, 0.04000000000000000083, -0.6018749999999998268 ) ) ;
#6177 = CARTESIAN_POINT ( 'NONE',  ( 1.472466250253841258, 0.04000000000000000083, -0.5736734020095923814 ) ) ;
#6178 = CARTESIAN_POINT ( 'NONE',  ( 1.068707731203448752, 0.000000000000000000, -0.5036064533224602346 ) ) ;
#6179 = ADVANCED_FACE ( 'NONE', ( #1605 ), #3839, .T. ) ;
#6180 = DIRECTION ( 'NONE',  ( 1.000000000000000000, 0.000000000000000000, 0.000000000000000000 ) ) ;
#6181 = CARTESIAN_POINT ( 'NONE',  ( 2.015146484375000213, 0.04000000000000000083, -0.5293164062499996492 ) ) ;
#6182 = LINE ( 'NONE', #5641, #6661 ) ;
#6183 = CARTESIAN_POINT ( 'NONE',  ( 1.949985377181279622, 0.000000000000000000, -0.4369925174068654550 ) ) ;
#6184 = ORIENTED_EDGE ( 'NONE', *, *, #4948, .F. ) ;
#6185 = CARTESIAN_POINT ( 'NONE',  ( 1.680645833859509608, 0.000000000000000000, -0.5849964332278518864 ) ) ;
#6186 = ORIENTED_EDGE ( 'NONE', *, *, #5523, .F. ) ;
#6187 = CARTESIAN_POINT ( 'NONE',  ( 1.549458348515246442, 0.04000000000000000083, -0.3816677524541000066 ) ) ;
#6188 = CARTESIAN_POINT ( 'NONE',  ( 2.015262048961480090, 0.000000000000000000, -0.5328989956346774637 ) ) ;
#6189 = CARTESIAN_POINT ( 'NONE',  ( 1.898398437500000036, 0.000000000000000000, -0.3518749999999996603 ) ) ;
#6190 = CARTESIAN_POINT ( 'NONE',  ( 1.041354952032193193, 0.04000000000000000083, -0.3851523636866254763 ) ) ;
#6191 = CARTESIAN_POINT ( 'NONE',  ( 2.054208984375000213, 0.000000000000000000, -0.4612499999999996048 ) ) ;
#6192 = VECTOR ( 'NONE', #3975, 39.37007874015748143 ) ;
#6193 = ORIENTED_EDGE ( 'NONE', *, *, #3485, .F. ) ;
#6194 = FACE_BOUND ( 'NONE', #3459, .T. ) ;
#6195 = CARTESIAN_POINT ( 'NONE',  ( 1.001434915685647242, 0.04000000000000000083, -0.5775091609277741567 ) ) ;
#6196 = CARTESIAN_POINT ( 'NONE',  ( 1.924284363024636901, 0.04000000000000000083, -0.3749424317752865221 ) ) ;
#6197 = CARTESIAN_POINT ( 'NONE',  ( 2.052206521829444519, 0.04000000000000000083, -0.4612361012066409915 ) ) ;
#6198 = CARTESIAN_POINT ( 'NONE',  ( 1.898398437500000036, 0.04000000000000000083, -0.3518749999999996603 ) ) ;
#6199 = CARTESIAN_POINT ( 'NONE',  ( 1.578916015624999947, 0.000000000000000000, -0.3518749999999997713 ) ) ;
#6200 = VECTOR ( 'NONE', #659, 39.37007874015748143 ) ;
#6201 = DIRECTION ( 'NONE',  ( 0.000000000000000000, 0.000000000000000000, 1.000000000000000000 ) ) ;
#6202 = ORIENTED_EDGE ( 'NONE', *, *, #5660, .F. ) ;
#6203 = EDGE_LOOP ( 'NONE', ( #2760, #5633, #753, #5237 ) ) ;
#6204 = VECTOR ( 'NONE', #4270, 39.37007874015748854 ) ;
#6205 = CARTESIAN_POINT ( 'NONE',  ( 2.050660436674748510, -0.000000000000000000, -0.3987857156051995977 ) ) ;
#6206 = CARTESIAN_POINT ( 'NONE',  ( 0.8061231528806640512, 0.04000000000000000083, -0.5603052434590530817 ) ) ;
#6207 = LINE ( 'NONE', #4647, #4457 ) ;
#6208 = VECTOR ( 'NONE', #3687, 39.37007874015748143 ) ;
#6209 = CARTESIAN_POINT ( 'NONE',  ( 0.8239424962874418723, 0.04000000000000000083, -0.4316475098899403839 ) ) ;
#6210 = EDGE_CURVE ( 'NONE', #1379, #2292, #6756, .T. ) ;
#6211 = ORIENTED_EDGE ( 'NONE', *, *, #4792, .F. ) ;
#6212 = CARTESIAN_POINT ( 'NONE',  ( 0.7429746180520723220, 0.000000000000000000, -0.6016622449294780628 ) ) ;
#6213 = CARTESIAN_POINT ( 'NONE',  ( 1.472649872294380380, 0.000000000000000000, -0.5706365735033217534 ) ) ;
#6214 = CARTESIAN_POINT ( 'NONE',  ( 1.002499999999999947, 0.04000000000000000083, -0.3841992187499999045 ) ) ;
#6215 = VECTOR ( 'NONE', #7202, 39.37007874015748143 ) ;
#6216 = PLANE ( 'NONE',  #6685 ) ;
#6217 = CARTESIAN_POINT ( 'NONE',  ( 2.047815618776020585, 0.04000000000000000083, -0.5543370871909544251 ) ) ;
#6218 = FACE_OUTER_BOUND ( 'NONE', #1966, .T. ) ;
#6219 = CARTESIAN_POINT ( 'NONE',  ( 1.678389273624399491, 0.04000000000000000083, -0.5891419486050499810 ) ) ;
#6220 = ADVANCED_FACE ( 'NONE', ( #4342 ), #2970, .T. ) ;
#6221 = AXIS2_PLACEMENT_3D ( 'NONE', #4913, #3245, #4409 ) ;
#6222 = ORIENTED_EDGE ( 'NONE', *, *, #794, .F. ) ;
#6223 = CARTESIAN_POINT ( 'NONE',  ( 1.924287721510634430, -0.000000000000000000, -0.3783636088978165057 ) ) ;
#6224 = CARTESIAN_POINT ( 'NONE',  ( 0.8361069543806757265, 0.04000000000000000083, -0.3541086104572788718 ) ) ;
#6225 = CARTESIAN_POINT ( 'NONE',  ( 0.8850891397059610366, 0.000000000000000000, -0.4971555548031389993 ) ) ;
#6226 = CARTESIAN_POINT ( 'NONE',  ( 1.002289071669929088, 0.000000000000000000, -0.3771063410118129511 ) ) ;
#6227 = CARTESIAN_POINT ( 'NONE',  ( 1.661040479109264778, 0.04000000000000000083, -0.5520525501284386793 ) ) ;
#6228 = CARTESIAN_POINT ( 'NONE',  ( 1.439267578124999725, 0.04000000000000000083, -0.5518749999999997824 ) ) ;
#6229 = CARTESIAN_POINT ( 'NONE',  ( 0.5784690946715951299, 0.04000000000000000083, -0.5626480301754599456 ) ) ;
#6230 = ADVANCED_FACE ( 'NONE', ( #3510 ), #1858, .T. ) ;
#6231 = ORIENTED_EDGE ( 'NONE', *, *, #4266, .F. ) ;
#6232 = CARTESIAN_POINT ( 'NONE',  ( 2.099375000000000213, 0.04000000000000000083, -0.3987499999999996048 ) ) ;
#6233 = CARTESIAN_POINT ( 'NONE',  ( 0.8557758369944133969, 0.04000000000000000083, -0.5299954653883763855 ) ) ;
#6234 = PLANE ( 'NONE',  #381 ) ;
#6235 = CARTESIAN_POINT ( 'NONE',  ( 1.970285399642933477, 0.04000000000000000083, -0.5692376456001100316 ) ) ;
#6236 = CARTESIAN_POINT ( 'NONE',  ( 1.056664104428460371, 0.000000000000000000, -0.4712537067026700832 ) ) ;
#6237 = CARTESIAN_POINT ( 'NONE',  ( 1.059728331252728584, 0.04000000000000000083, -0.5973535810572780935 ) ) ;
#6238 = B_SPLINE_CURVE_WITH_KNOTS ( 'NONE', 3,
 ( #1399, #1329, #3525, #3051, #4071, #1985, #4104, #4211, #740, #5262, #151 ),
 .UNSPECIFIED., .F., .F.,
 ( 4, 1, 1, 1, 1, 1, 1, 1, 4 ),
 ( 0.000000000000000000, 0.1664600504054411234, 0.3144267460342043408, 0.4458585432398174953, 0.5685842690289186763, 0.6827914878478555938, 0.7906454146859848153, 0.8942405235451477141, 1.000000000000000000 ),
 .UNSPECIFIED. ) ;
#6239 = VERTEX_POINT ( 'NONE', #1753 ) ;
#6240 = CARTESIAN_POINT ( 'NONE',  ( 1.455520130467351292, 0.04000000000000000083, -0.5953758084540667905 ) ) ;
#6241 = CARTESIAN_POINT ( 'NONE',  ( 1.726882376542016706, 0.000000000000000000, -0.3519061845898462382 ) ) ;
#6242 = FACE_OUTER_BOUND ( 'NONE', #6268, .T. ) ;
#6243 = CARTESIAN_POINT ( 'NONE',  ( 1.713915660019883269, 0.000000000000000000, -0.3537590362595984250 ) ) ;
#6244 = LINE ( 'NONE', #3018, #34 ) ;
#6245 = ORIENTED_EDGE ( 'NONE', *, *, #3288, .F. ) ;
#6246 = CARTESIAN_POINT ( 'NONE',  ( 1.811679687500000302, 0.000000000000000000, -0.5456249999999995826 ) ) ;
#6247 = CARTESIAN_POINT ( 'NONE',  ( 1.256748046874999858, 0.04000000000000000083, -0.5752148437499997602 ) ) ;
#6248 = CARTESIAN_POINT ( 'NONE',  ( 1.043751597191849179, 0.000000000000000000, -0.5726454705592916028 ) ) ;
#6249 = CARTESIAN_POINT ( 'NONE',  ( 1.503183593749999769, 0.04000000000000000083, -0.5518749999999997824 ) ) ;
#6250 = ORIENTED_EDGE ( 'NONE', *, *, #6580, .F. ) ;
#6251 = CARTESIAN_POINT ( 'NONE',  ( 1.699293453792262820, 0.04000000000000000083, -0.3910235255057066817 ) ) ;
#6252 = CARTESIAN_POINT ( 'NONE',  ( 1.994394531249999991, 0.000000000000000000, -0.4849804687499996159 ) ) ;
#6253 = ORIENTED_EDGE ( 'NONE', *, *, #4926, .F. ) ;
#6254 = CARTESIAN_POINT ( 'NONE',  ( 1.917814379901055410, -0.000000000000000000, -0.4004910379474454496 ) ) ;
#6255 = CARTESIAN_POINT ( 'NONE',  ( 1.216587779875847541, 0.04000000000000000083, -0.5954433579727881343 ) ) ;
#6256 = CARTESIAN_POINT ( 'NONE',  ( 0.8556775332968359349, -0.000000000000000000, -0.5238739714357116828 ) ) ;
#6257 = CARTESIAN_POINT ( 'NONE',  ( 1.594402831496326112, 0.04000000000000000083, -0.3563179182539749634 ) ) ;
#6258 = ADVANCED_FACE ( 'NONE', ( #5141 ), #744, .T. ) ;
#6259 = CARTESIAN_POINT ( 'NONE',  ( 1.198789062500000169, 0.000000000000000000, -0.3549999999999997602 ) ) ;
#6260 = LINE ( 'NONE', #5040, #2138 ) ;
#6261 = B_SPLINE_SURFACE_WITH_KNOTS ( 'NONE', 3, 1, ( 
 ( #3566, #3906 ),
 ( #1672, #537 ),
 ( #707, #5776 ),
 ( #6112, #3017 ),
 ( #1127, #7172 ),
 ( #3364, #6618 ),
 ( #1632, #5568 ),
 ( #19, #6243 ),
 ( #2258, #4576 ),
 ( #6791, #1259 ),
 ( #3496, #3091 ) ),
 .UNSPECIFIED., .F., .F., .F.,
 ( 4, 1, 1, 1, 1, 1, 1, 1, 4 ),
 ( 2, 2 ),
 ( 0.000000000000000000, 0.1014750558381663365, 0.2060758872664703034, 0.3216648695656921242, 0.4490028450816556105, 0.5823230124332053892, 0.7153679277077807930, 0.8519526514919230076, 1.000000000000000000 ),
 ( 0.000000000000000000, 1.000000000000000000 ),
 .UNSPECIFIED. ) ;
#6262 = ORIENTED_EDGE ( 'NONE', *, *, #5690, .T. ) ;
#6263 = DIRECTION ( 'NONE',  ( -1.000000000000000000, 0.000000000000000000, 0.000000000000000000 ) ) ;
#6264 = CARTESIAN_POINT ( 'NONE',  ( 0.9773925956268707527, 0.000000000000000000, -0.5983334316559426602 ) ) ;
#6265 = EDGE_CURVE ( 'NONE', #846, #7045, #7104, .T. ) ;
#6266 = CARTESIAN_POINT ( 'NONE',  ( 2.005664393837968795, 0.04000000000000000083, -0.4317760733735334644 ) ) ;
#6267 = CARTESIAN_POINT ( 'NONE',  ( 1.961904996121838884, 0.04000000000000000083, -0.5509853900523198345 ) ) ;
#6268 = EDGE_LOOP ( 'NONE', ( #5013, #3759, #954, #786, #2835, #6489, #6707, #115, #2631, #264, #930, #3267, #3986, #5726, #4200, #3620, #3327 ) ) ;
#6269 = CARTESIAN_POINT ( 'NONE',  ( 1.949375000000000302, 0.000000000000000000, -0.4263378906249996603 ) ) ;
#6270 = DIRECTION ( 'NONE',  ( -0.000000000000000000, -1.000000000000000000, -0.000000000000000000 ) ) ;
#6271 = EDGE_LOOP ( 'NONE', ( #611, #5449, #3391, #4368, #880, #1146, #7188, #4173, #784, #1221, #2652 ) ) ;
#6272 = DIRECTION ( 'NONE',  ( -0.3534645099361785614, 0.000000000000000000, -0.9354479355985437783 ) ) ;
#6273 = EDGE_CURVE ( 'NONE', #7080, #4044, #1886, .T. ) ;
#6274 = CARTESIAN_POINT ( 'NONE',  ( 1.749412989529622431, 0.04000000000000000083, -0.3681228293667166973 ) ) ;
#6275 = CARTESIAN_POINT ( 'NONE',  ( 1.220060227973940759, 0.000000000000000000, -0.5934999292830022144 ) ) ;
#6276 = CARTESIAN_POINT ( 'NONE',  ( 0.8014791820610762674, 0.000000000000000000, -0.5105737321222107994 ) ) ;
#6277 = DIRECTION ( 'NONE',  ( -0.000000000000000000, -1.000000000000000000, -0.000000000000000000 ) ) ;
#6278 = EDGE_LOOP ( 'NONE', ( #186, #6151, #6916, #5260 ) ) ;
#6279 = CARTESIAN_POINT ( 'NONE',  ( 2.060361328124999947, 0.04000000000000000083, -0.5018749999999996270 ) ) ;
#6280 = CARTESIAN_POINT ( 'NONE',  ( 1.056117469006716547, 0.04000000000000000083, -0.3563988787599839392 ) ) ;
#6281 = CARTESIAN_POINT ( 'NONE',  ( 0.8978244931050317623, 0.000000000000000000, -0.4400836589493594131 ) ) ;
#6282 = CARTESIAN_POINT ( 'NONE',  ( 2.014696810009165784, 0.000000000000000000, -0.4520111365266911152 ) ) ;
#6283 = ORIENTED_EDGE ( 'NONE', *, *, #7116, .F. ) ;
#6284 = CARTESIAN_POINT ( 'NONE',  ( 2.480000000000000870, 0.06250000000000000000, 0.1000000000000000056 ) ) ;
#6285 = ORIENTED_EDGE ( 'NONE', *, *, #6755, .F. ) ;
#6286 = CARTESIAN_POINT ( 'NONE',  ( 1.949375000000000302, 0.04000000000000000083, -0.4263378906249996603 ) ) ;
#6287 = VERTEX_POINT ( 'NONE', #5212 ) ;
#6288 = ORIENTED_EDGE ( 'NONE', *, *, #2232, .T. ) ;
#6289 = DIRECTION ( 'NONE',  ( -0.000000000000000000, 1.000000000000000000, 0.000000000000000000 ) ) ;
#6290 = CARTESIAN_POINT ( 'NONE',  ( 0.8450976294236856035, 0.04000000000000000083, -0.3604371455215429343 ) ) ;
#6291 = ORIENTED_EDGE ( 'NONE', *, *, #468, .T. ) ;
#6292 = CARTESIAN_POINT ( 'NONE',  ( 1.333749999999999769, 0.04000000000000000083, -0.3840527343749997602 ) ) ;
#6293 = CARTESIAN_POINT ( 'NONE',  ( 0.9988464827547246516, 0.04000000000000000083, -0.3649182087394360341 ) ) ;
#6294 = LINE ( 'NONE', #6844, #2497 ) ;
#6295 = CARTESIAN_POINT ( 'NONE',  ( 2.052248194325323460, 0.000000000000000000, -0.5019851049227387341 ) ) ;
#6296 = CARTESIAN_POINT ( 'NONE',  ( 1.960213659997340319, 0.04000000000000000083, -0.5332309641453985005 ) ) ;
#6297 = EDGE_CURVE ( 'NONE', #6029, #5486, #1416, .T. ) ;
#6298 = FACE_OUTER_BOUND ( 'NONE', #5822, .T. ) ;
#6299 = CARTESIAN_POINT ( 'NONE',  ( 0.5784690946715951299, 0.000000000000000000, -0.5626480301754599456 ) ) ;
#6300 = LINE ( 'NONE', #6885, #6919 ) ;
#6301 = CARTESIAN_POINT ( 'NONE',  ( 2.005741045961778379, 0.000000000000000000, -0.4342818460117119361 ) ) ;
#6302 = CARTESIAN_POINT ( 'NONE',  ( 1.985391077418826145, 0.000000000000000000, -0.5845534892954187267 ) ) ;
#6303 = ORIENTED_EDGE ( 'NONE', *, *, #741, .F. ) ;
#6304 = DIRECTION ( 'NONE',  ( 1.000000000000000000, 0.000000000000000000, -0.000000000000000000 ) ) ;
#6305 = CARTESIAN_POINT ( 'NONE',  ( 1.472373046874999813, 0.000000000000000000, -0.5752148437499997602 ) ) ;
#6306 = EDGE_CURVE ( 'NONE', #2304, #2241, #2480, .T. ) ;
#6307 = ORIENTED_EDGE ( 'NONE', *, *, #2617, .F. ) ;
#6308 = CARTESIAN_POINT ( 'NONE',  ( 1.466589852607238287, 0.000000000000000000, -0.5769510178726946492 ) ) ;
#6309 = VECTOR ( 'NONE', #7115, 39.37007874015748143 ) ;
#6310 = CARTESIAN_POINT ( 'NONE',  ( 1.749412989529622431, 0.000000000000000000, -0.3681228293667166973 ) ) ;
#6311 = CARTESIAN_POINT ( 'NONE',  ( 2.145973948338901760, 0.000000000000000000, -0.3610398694814447307 ) ) ;
#6312 = CARTESIAN_POINT ( 'NONE',  ( 0.8389512420564785300, 0.04000000000000000083, -0.4682879323268834826 ) ) ;
#6313 = CARTESIAN_POINT ( 'NONE',  ( 0.7134863281249997913, 0.04000000000000000083, -0.5724804687499998046 ) ) ;
#6314 = EDGE_CURVE ( 'NONE', #5697, #35, #870, .T. ) ;
#6315 = ORIENTED_EDGE ( 'NONE', *, *, #5704, .F. ) ;
#6316 = ORIENTED_EDGE ( 'NONE', *, *, #4374, .F. ) ;
#6317 = CARTESIAN_POINT ( 'NONE',  ( 1.054470475152308628, 0.04000000000000000083, -0.4915231715070193519 ) ) ;
#6318 = CARTESIAN_POINT ( 'NONE',  ( 1.703964843750000124, 0.04000000000000000083, -0.4032910156249995826 ) ) ;
#6319 = CARTESIAN_POINT ( 'NONE',  ( 0.9100680155439685448, 0.04000000000000000083, -0.4500557876812212865 ) ) ;
#6320 = CARTESIAN_POINT ( 'NONE',  ( 2.152611374859917603, 0.04000000000000000083, -0.5837923963021980356 ) ) ;
#6321 = PLANE ( 'NONE',  #1537 ) ;
#6322 = VECTOR ( 'NONE', #3366, 39.37007874015748143 ) ;
#6323 = CARTESIAN_POINT ( 'NONE',  ( 1.174375000000000169, 0.04000000000000000083, -0.5549999999999997158 ) ) ;
#6324 = ORIENTED_EDGE ( 'NONE', *, *, #468, .F. ) ;
#6325 = CARTESIAN_POINT ( 'NONE',  ( 1.503183593749999769, 0.000000000000000000, -0.5518749999999997824 ) ) ;
#6326 = B_SPLINE_SURFACE_WITH_KNOTS ( 'NONE', 3, 1, ( 
 ( #111, #1285 ),
 ( #5725, #5767 ),
 ( #2315, #6302 ),
 ( #182, #1873 ),
 ( #3008, #2455 ),
 ( #1320, #698 ),
 ( #6235, #4097 ),
 ( #3553, #809 ),
 ( #3518, #6780 ),
 ( #1215, #2903 ),
 ( #6267, #1760 ),
 ( #3044, #5189 ),
 ( #2420, #5659 ),
 ( #5148, #2347 ),
 ( #665, #143 ) ),
 .UNSPECIFIED., .F., .F., .F.,
 ( 4, 1, 1, 1, 1, 1, 1, 1, 1, 1, 1, 1, 4 ),
 ( 2, 2 ),
 ( 0.000000000000000000, 0.09301127933716636653, 0.1837208645025170117, 0.2700148622107233498, 0.3552543692188597224, 0.4384292902385478197, 0.5195511111286923445, 0.6003105432917391626, 0.6805880518337118490, 0.7607055461992769940, 0.8398175505378309147, 0.9194223733739899096, 1.000000000000000000 ),
 ( 0.000000000000000000, 1.000000000000000000 ),
 .UNSPECIFIED. ) ;
#6327 = CARTESIAN_POINT ( 'NONE',  ( 0.8403877620193919151, 0.000000000000000000, -0.3565565033191112065 ) ) ;
#6328 = VECTOR ( 'NONE', #2432, 39.37007874015748854 ) ;
#6329 = CARTESIAN_POINT ( 'NONE',  ( 1.755581751792777201, 0.04000000000000000083, -0.3820809070311979583 ) ) ;
#6330 = B_SPLINE_CURVE_WITH_KNOTS ( 'NONE', 3,
 ( #6074, #7210, #6116, #6152, #1167, #2115, #6624, #2819, #2665, #4340, #1050 ),
 .UNSPECIFIED., .F., .F.,
 ( 4, 1, 1, 1, 1, 1, 1, 1, 4 ),
 ( 0.000000000000000000, 0.1545458141505850480, 0.2989482358729386724, 0.4361114171969249220, 0.5633871265862110400, 0.6821529490806155227, 0.7948417907901071944, 0.9002468976140411971, 0.9999999999999998890 ),
 .UNSPECIFIED. ) ;
#6331 = CARTESIAN_POINT ( 'NONE',  ( 1.365000000000000435, 0.2350000000000000144, -0.7300000000000000933 ) ) ;
#6332 = CARTESIAN_POINT ( 'NONE',  ( 0.000000000000000000, 0.2350000000000000144, 0.000000000000000000 ) ) ;
#6333 = VECTOR ( 'NONE', #1124, 39.37007874015748143 ) ;
#6334 = CARTESIAN_POINT ( 'NONE',  ( 1.921633409161457751, 0.000000000000000000, -0.3905225834908275795 ) ) ;
#6335 = CARTESIAN_POINT ( 'NONE',  ( 0.9504173665070517751, 0.04000000000000000083, -0.3648189040991775545 ) ) ;
#6336 = VECTOR ( 'NONE', #4443, 39.37007874015748143 ) ;
#6337 = LINE ( 'NONE', #1356, #4834 ) ;
#6338 = CARTESIAN_POINT ( 'NONE',  ( 0.7960450342067504348, 0.000000000000000000, -0.3689510087409929584 ) ) ;
#6339 = CARTESIAN_POINT ( 'NONE',  ( 2.042722525026210878, 0.000000000000000000, -0.4608663748415390282 ) ) ;
#6340 = CARTESIAN_POINT ( 'NONE',  ( 0.9918453977449155357, 0.000000000000000000, -0.3564260582689733337 ) ) ;
#6341 = VERTEX_POINT ( 'NONE', #2554 ) ;
#6342 = PLANE ( 'NONE',  #4816 ) ;
#6343 = CARTESIAN_POINT ( 'NONE',  ( 1.472373046874999813, 0.04000000000000000083, -0.5752148437499997602 ) ) ;
#6344 = ORIENTED_EDGE ( 'NONE', *, *, #2715, .T. ) ;
#6345 = CARTESIAN_POINT ( 'NONE',  ( 1.466660156249999902, 0.04000000000000000083, -0.5752148437499997602 ) ) ;
#6346 = LINE ( 'NONE', #6937, #58 ) ;
#6347 = ADVANCED_FACE ( 'NONE', ( #4702 ), #344, .F. ) ;
#6348 = CARTESIAN_POINT ( 'NONE',  ( 0.6462499999999998801, 0.000000000000000000, -0.3841015624999998823 ) ) ;
#6349 = CARTESIAN_POINT ( 'NONE',  ( 0.8645868836782892863, 0.000000000000000000, -0.5045809187365981607 ) ) ;
#6350 = CARTESIAN_POINT ( 'NONE',  ( 1.807121481614850644, 0.000000000000000000, -0.6017280207845644435 ) ) ;
#6351 = ORIENTED_EDGE ( 'NONE', *, *, #1767, .F. ) ;
#6352 = EDGE_LOOP ( 'NONE', ( #4532, #6184, #5071, #6139 ) ) ;
#6353 = DIRECTION ( 'NONE',  ( 0.000000000000000000, -1.000000000000000000, 0.000000000000000000 ) ) ;
#6354 = CARTESIAN_POINT ( 'NONE',  ( 2.038579884105082396, 0.04000000000000000083, -0.5034299224311565846 ) ) ;
#6355 = CARTESIAN_POINT ( 'NONE',  ( 1.047413250152736675, 0.000000000000000000, -0.5647530901664138403 ) ) ;
#6356 = CARTESIAN_POINT ( 'NONE',  ( 2.154539157330888077, 0.04000000000000000083, -0.5775475940967933486 ) ) ;
#6357 = EDGE_CURVE ( 'NONE', #4523, #5377, #2003, .T. ) ;
#6358 = CARTESIAN_POINT ( 'NONE',  ( 1.844827574780745882, 0.04000000000000000083, -0.5835065871390566761 ) ) ;
#6359 = VERTEX_POINT ( 'NONE', #2041 ) ;
#6360 = DIRECTION ( 'NONE',  ( -0.000000000000000000, -1.000000000000000000, -0.000000000000000000 ) ) ;
#6361 = ORIENTED_EDGE ( 'NONE', *, *, #5512, .F. ) ;
#6362 = CARTESIAN_POINT ( 'NONE',  ( 1.725839843749999991, 0.04000000000000000083, -0.3518749999999996603 ) ) ;
#6363 = DIRECTION ( 'NONE',  ( -0.000000000000000000, -1.000000000000000000, -0.000000000000000000 ) ) ;
#6364 = B_SPLINE_CURVE_WITH_KNOTS ( 'NONE', 3,
 ( #3658, #3624, #5358, #6930, #4309, #1979, #1529, #4172, #353, #2490, #3764, #983, #5873, #2052, #943 ),
 .UNSPECIFIED., .F., .F.,
 ( 4, 1, 1, 1, 1, 1, 1, 1, 1, 1, 1, 1, 4 ),
 ( 0.000000000000000000, 0.05975227529312587132, 0.1228590618373714971, 0.1898931532049247806, 0.2645185747226507234, 0.3425501035443847542, 0.4241987122771039842, 0.5083069513813159856, 0.5981555288002493587, 0.6923150231626528095, 0.7908142211141647726, 0.8917209810390113178, 1.000000000000000000 ),
 .UNSPECIFIED. ) ;
#6365 = FACE_BOUND ( 'NONE', #6865, .T. ) ;
#6366 = CARTESIAN_POINT ( 'NONE',  ( 1.287558593749999813, 0.04000000000000000083, -0.5987499999999996714 ) ) ;
#6367 = EDGE_CURVE ( 'NONE', #7197, #4215, #4265, .T. ) ;
#6368 = LINE ( 'NONE', #1865, #257 ) ;
#6369 = CARTESIAN_POINT ( 'NONE',  ( 1.052890625000000080, 0.04000000000000000083, -0.4832714843749997824 ) ) ;
#6370 = ORIENTED_EDGE ( 'NONE', *, *, #2999, .F. ) ;
#6371 = CARTESIAN_POINT ( 'NONE',  ( 0.9479690290655381490, 0.04000000000000000083, -0.3703723437172699584 ) ) ;
#6372 = CARTESIAN_POINT ( 'NONE',  ( 1.230604650143815704, 0.000000000000000000, -0.3836191939354864910 ) ) ;
#6373 = CARTESIAN_POINT ( 'NONE',  ( 0.8004651342793416280, 0.000000000000000000, -0.3613520550473519610 ) ) ;
#6374 = CARTESIAN_POINT ( 'NONE',  ( 2.015185922238332594, 0.04000000000000000083, -0.5305390097726849774 ) ) ;
#6375 = EDGE_LOOP ( 'NONE', ( #6623, #7156, #6725, #4379, #2034, #3064 ) ) ;
#6376 = LINE ( 'NONE', #844, #4006 ) ;
#6377 = CARTESIAN_POINT ( 'NONE',  ( 1.047429110027002341, 0.04000000000000000083, -0.5890032691636850615 ) ) ;
#6378 = ORIENTED_EDGE ( 'NONE', *, *, #7161, .T. ) ;
#6379 = CARTESIAN_POINT ( 'NONE',  ( 1.912666411917778309, 0.000000000000000000, -0.3559797902116901835 ) ) ;
#6380 = CARTESIAN_POINT ( 'NONE',  ( 0.8031137021850512925, 0.04000000000000000083, -0.5048465726402794340 ) ) ;
#6381 = CARTESIAN_POINT ( 'NONE',  ( 1.039885826475212216, 0.04000000000000000083, -0.3725197944769362279 ) ) ;
#6382 = CARTESIAN_POINT ( 'NONE',  ( 0.8568731551377243294, 0.000000000000000000, -0.5155121165826106466 ) ) ;
#6383 = VERTEX_POINT ( 'NONE', #6366 ) ;
#6384 = EDGE_CURVE ( 'NONE', #4739, #6383, #206, .T. ) ;
#6385 = ORIENTED_EDGE ( 'NONE', *, *, #3337, .F. ) ;
#6386 = CARTESIAN_POINT ( 'NONE',  ( 1.052977467056773975, 0.000000000000000000, -0.4846804720124422983 ) ) ;
#6387 = CARTESIAN_POINT ( 'NONE',  ( 1.062126162326465506, 0.04000000000000000083, -0.3551710655532034910 ) ) ;
#6388 = FACE_OUTER_BOUND ( 'NONE', #308, .T. ) ;
#6389 = LINE ( 'NONE', #1407, #6927 ) ;
#6390 = CARTESIAN_POINT ( 'NONE',  ( 1.812851562500000124, 0.000000000000000000, -0.6018749999999996048 ) ) ;
#6391 = EDGE_LOOP ( 'NONE', ( #4542, #3367, #2740, #1472 ) ) ;
#6392 = DIRECTION ( 'NONE',  ( 1.000000000000000000, 0.000000000000000000, 0.000000000000000000 ) ) ;
#6393 = VERTEX_POINT ( 'NONE', #6331 ) ;
#6394 = ADVANCED_FACE ( 'NONE', ( #1351 ), #3581, .T. ) ;
#6395 = DIRECTION ( 'NONE',  ( -0.000000000000000000, 1.000000000000000000, 0.000000000000000000 ) ) ;
#6396 = CARTESIAN_POINT ( 'NONE',  ( 0.8603613281249998801, 0.000000000000000000, -0.3832226562499999045 ) ) ;
#6397 = CARTESIAN_POINT ( 'NONE',  ( 1.728877603597418489, 0.04000000000000000083, -0.3519658664893990374 ) ) ;
#6398 = CARTESIAN_POINT ( 'NONE',  ( 0.7964724458484541136, 0.04000000000000000083, -0.3804545671676103358 ) ) ;
#6399 = DIRECTION ( 'NONE',  ( -0.000000000000000000, -1.000000000000000000, -0.000000000000000000 ) ) ;
#6400 = DIRECTION ( 'NONE',  ( -0.000000000000000000, 0.7071067811865511255, 0.7071067811865439090 ) ) ;
#6401 = EDGE_LOOP ( 'NONE', ( #2645, #826, #3712, #4192, #4949 ) ) ;
#6402 = ADVANCED_FACE ( 'NONE', ( #3034 ), #4165, .T. ) ;
#6403 = CARTESIAN_POINT ( 'NONE',  ( 1.960592541740891592, 0.04000000000000000083, -0.4634254569874997620 ) ) ;
#6404 = CARTESIAN_POINT ( 'NONE',  ( 0.7993749999999999467, 0.000000000000000000, -0.5294628906249999600 ) ) ;
#6405 = CARTESIAN_POINT ( 'NONE',  ( 1.682285156249999858, 0.000000000000000000, -0.5752148437499997602 ) ) ;
#6406 = CARTESIAN_POINT ( 'NONE',  ( 2.042809659202527772, 0.000000000000000000, -0.5537008133252750985 ) ) ;
#6407 = ORIENTED_EDGE ( 'NONE', *, *, #6723, .T. ) ;
#6408 = DIRECTION ( 'NONE',  ( -1.000000000000000000, 0.000000000000000000, 0.000000000000000000 ) ) ;
#6409 = DIRECTION ( 'NONE',  ( -1.000000000000000000, 0.000000000000000000, -0.000000000000000000 ) ) ;
#6410 = CARTESIAN_POINT ( 'NONE',  ( 1.198789062500000169, 0.04000000000000000083, -0.5987499999999996714 ) ) ;
#6411 = CARTESIAN_POINT ( 'NONE',  ( 0.8002543360456625399, 0.04000000000000000083, -0.5165785253627015461 ) ) ;
#6412 = CARTESIAN_POINT ( 'NONE',  ( 0.6504544477135422165, 0.000000000000000000, -0.3651500289145158118 ) ) ;
#6413 = CARTESIAN_POINT ( 'NONE',  ( 0.8850891397059610366, 0.04000000000000000083, -0.4971555548031389993 ) ) ;
#6414 = ORIENTED_EDGE ( 'NONE', *, *, #3305, .F. ) ;
#6415 = ORIENTED_EDGE ( 'NONE', *, *, #150, .F. ) ;
#6416 = CARTESIAN_POINT ( 'NONE',  ( 1.333992683923965972, 0.04000000000000000083, -0.3771084382536133983 ) ) ;
#6417 = CARTESIAN_POINT ( 'NONE',  ( 1.056117469006716547, 0.000000000000000000, -0.3563988787599839392 ) ) ;
#6418 = CARTESIAN_POINT ( 'NONE',  ( 1.065772183231178394, 0.000000000000000000, -0.5551653707491407408 ) ) ;
#6419 = EDGE_LOOP ( 'NONE', ( #4679, #6056, #9, #4396, #6976, #128, #2794, #6533, #4320, #529, #1286, #1181, #5199, #6596 ) ) ;
#6420 = CARTESIAN_POINT ( 'NONE',  ( 1.855525970477408970, 0.000000000000000000, -0.5585964546710777689 ) ) ;
#6421 = EDGE_CURVE ( 'NONE', #1016, #3539, #2735, .T. ) ;
#6422 = AXIS2_PLACEMENT_3D ( 'NONE', #2196, #4891, #395 ) ;
#6423 = CARTESIAN_POINT ( 'NONE',  ( 2.480000000000000870, 0.3049999999999991607, -0.1250000000000000000 ) ) ;
#6424 = VERTEX_POINT ( 'NONE', #3211 ) ;
#6425 = ORIENTED_EDGE ( 'NONE', *, *, #1244, .T. ) ;
#6426 = ORIENTED_EDGE ( 'NONE', *, *, #1044, .F. ) ;
#6427 = ORIENTED_EDGE ( 'NONE', *, *, #3582, .F. ) ;
#6428 = CARTESIAN_POINT ( 'NONE',  ( 0.9871983303848078650, 0.000000000000000000, -0.5957356426193908261 ) ) ;
#6429 = CARTESIAN_POINT ( 'NONE',  ( 2.015595855502556155, 0.04000000000000000083, -0.3569713795882448193 ) ) ;
#6430 = CARTESIAN_POINT ( 'NONE',  ( 0.6695924380459987724, 0.000000000000000000, -0.3521509325617980246 ) ) ;
#6431 = VECTOR ( 'NONE', #5138, 39.37007874015748143 ) ;
#6432 = CARTESIAN_POINT ( 'NONE',  ( 1.260921996622274888, 0.000000000000000000, -0.5882203109763203264 ) ) ;
#6433 = EDGE_CURVE ( 'NONE', #2061, #6341, #6789, .T. ) ;
#6434 = CARTESIAN_POINT ( 'NONE',  ( 2.060361328125000391, 0.000000000000000000, -0.5018749999999997380 ) ) ;
#6435 = B_SPLINE_CURVE_WITH_KNOTS ( 'NONE', 3,
 ( #2408, #4625, #1936, #4122, #5242, #2477, #5315, #311, #2551, #4772, #6362 ),
 .UNSPECIFIED., .F., .F.,
 ( 4, 1, 1, 1, 1, 1, 1, 1, 4 ),
 ( 0.000000000000000000, 0.1014750558381663365, 0.2060758872664703034, 0.3216648695656921242, 0.4490028450816556105, 0.5823230124332053892, 0.7153679277077807930, 0.8519526514919230076, 1.000000000000000000 ),
 .UNSPECIFIED. ) ;
#6436 = CARTESIAN_POINT ( 'NONE',  ( 1.605624999999999858, 0.000000000000000000, -0.5518749999999997824 ) ) ;
#6437 = B_SPLINE_SURFACE_WITH_KNOTS ( 'NONE', 3, 1, ( 
 ( #6286, #5787 ),
 ( #1892, #200 ),
 ( #757, #5206 ),
 ( #5171, #5819 ),
 ( #4159, #716 ),
 ( #4657, #4119 ),
 ( #5853, #6950 ),
 ( #3537, #4081 ),
 ( #3505, #2954 ),
 ( #862, #1345 ),
 ( #165, #5711 ),
 ( #3576, #6872 ),
 ( #3100, #306 ),
 ( #792, #4695 ),
 ( #5276, #2547 ) ),
 .UNSPECIFIED., .F., .F., .F.,
 ( 4, 1, 1, 1, 1, 1, 1, 1, 1, 1, 1, 1, 4 ),
 ( 2, 2 ),
 ( 0.000000000000000000, 0.1251139878867561506, 0.2475455202790303177, 0.3687608467046650240, 0.4921201239785787940, 0.5543137035972384163, 0.6163115540037714668, 0.6782813926287771800, 0.7406762715500904148, 0.8034410838249168574, 0.8673602111964581196, 0.9327739746667275123, 1.000000000000000000 ),
 ( 0.000000000000000000, 1.000000000000000000 ),
 .UNSPECIFIED. ) ;
#6438 = VECTOR ( 'NONE', #1824, 39.37007874015748143 ) ;
#6439 = ORIENTED_EDGE ( 'NONE', *, *, #5729, .T. ) ;
#6440 = CARTESIAN_POINT ( 'NONE',  ( 1.955653175368279539, 0.04000000000000000083, -0.4555727674424707718 ) ) ;
#6441 = CARTESIAN_POINT ( 'NONE',  ( 1.198789062500000169, 0.000000000000000000, -0.3549999999999997602 ) ) ;
#6442 = CARTESIAN_POINT ( 'NONE',  ( 1.002088250510339895, 0.04000000000000000083, -0.5740011074891430143 ) ) ;
#6443 = B_SPLINE_SURFACE_WITH_KNOTS ( 'NONE', 3, 1, ( 
 ( #6345, #2535 ),
 ( #5842, #6308 ),
 ( #4144, #3087 ),
 ( #5731, #5772 ),
 ( #3524, #1364 ),
 ( #3596, #5194 ),
 ( #6240, #187 ),
 ( #255, #4610 ),
 ( #4645, #6824 ),
 ( #5261, #5225 ),
 ( #5807, #1951 ) ),
 .UNSPECIFIED., .F., .F., .F.,
 ( 4, 1, 1, 1, 1, 1, 1, 1, 4 ),
 ( 2, 2 ),
 ( 0.000000000000000000, 0.1271158039212380297, 0.2443141347808983344, 0.3577043942425867096, 0.4710379758892238589, 0.5887044089038869776, 0.7134391316141812656, 0.8491386294085762065, 1.000000000000000000 ),
 ( 0.000000000000000000, 1.000000000000000000 ),
 .UNSPECIFIED. ) ;
#6444 = CARTESIAN_POINT ( 'NONE',  ( 2.038224454246524875, 0.04000000000000000083, -0.5530999383869693586 ) ) ;
#6445 = AXIS2_PLACEMENT_3D ( 'NONE', #2684, #4904, #1070 ) ;
#6446 = EDGE_CURVE ( 'NONE', #2803, #3972, #934, .T. ) ;
#6447 = CARTESIAN_POINT ( 'NONE',  ( 1.852418953462966922, 0.000000000000000000, -0.5666502260667191093 ) ) ;
#6448 = CARTESIAN_POINT ( 'NONE',  ( 0.7970540585543750556, 0.000000000000000000, -0.3663989850286845651 ) ) ;
#6449 = VECTOR ( 'NONE', #5027, 39.37007874015748143 ) ;
#6450 = CARTESIAN_POINT ( 'NONE',  ( 1.891963633245867804, 0.04000000000000000083, -0.3521258910859721425 ) ) ;
#6451 = CARTESIAN_POINT ( 'NONE',  ( 0.8793554687499999245, 0.04000000000000000083, -0.4145703124999999267 ) ) ;
#6452 = EDGE_CURVE ( 'NONE', #641, #3869, #4956, .T. ) ;
#6453 = CARTESIAN_POINT ( 'NONE',  ( 1.039734581397383062, 0.04000000000000000083, -0.3753162929776692192 ) ) ;
#6454 = LINE ( 'NONE', #3599, #2373 ) ;
#6455 = ORIENTED_EDGE ( 'NONE', *, *, #6580, .T. ) ;
#6456 = EDGE_LOOP ( 'NONE', ( #4969, #6734, #577, #6931 ) ) ;
#6457 = LINE ( 'NONE', #2836, #40 ) ;
#6458 = CARTESIAN_POINT ( 'NONE',  ( 1.230625000000000302, 0.04000000000000000083, -0.3876171874999997380 ) ) ;
#6459 = CARTESIAN_POINT ( 'NONE',  ( 0.8284944906314977153, 0.000000000000000000, -0.3519930346487145645 ) ) ;
#6460 = VERTEX_POINT ( 'NONE', #7061 ) ;
#6461 = CARTESIAN_POINT ( 'NONE',  ( 1.855525970477408970, 0.04000000000000000083, -0.5585964546710777689 ) ) ;
#6462 = CARTESIAN_POINT ( 'NONE',  ( 0.8578710937500000355, 0.04000000000000000083, -0.4626660156249999822 ) ) ;
#6463 = ORIENTED_EDGE ( 'NONE', *, *, #3670, .F. ) ;
#6464 = ORIENTED_EDGE ( 'NONE', *, *, #2096, .F. ) ;
#6465 = ORIENTED_EDGE ( 'NONE', *, *, #1118, .F. ) ;
#6466 = CARTESIAN_POINT ( 'NONE',  ( 2.155219365734996728, 0.000000000000000000, -0.5740025118769892520 ) ) ;
#6467 = CARTESIAN_POINT ( 'NONE',  ( 2.008293254178010301, 0.000000000000000000, -0.3581009708280760151 ) ) ;
#6468 = CARTESIAN_POINT ( 'NONE',  ( 0.7632015803801145415, 0.04000000000000000083, -0.5981406691607316084 ) ) ;
#6469 = CARTESIAN_POINT ( 'NONE',  ( 0.8188927558429361930, 0.04000000000000000083, -0.4244099084131314759 ) ) ;
#6470 = CARTESIAN_POINT ( 'NONE',  ( 2.017497027206465621, 0.000000000000000000, -0.4540291119703209755 ) ) ;
#6471 = CARTESIAN_POINT ( 'NONE',  ( 1.654892578124999680, 0.000000000000000000, -0.5518749999999997824 ) ) ;
#6472 = CARTESIAN_POINT ( 'NONE',  ( 1.766367187499999991, 0.000000000000000000, -0.5573437499999995826 ) ) ;
#6473 = VERTEX_POINT ( 'NONE', #1009 ) ;
#6474 = CARTESIAN_POINT ( 'NONE',  ( 1.924104665991134722, 0.04000000000000000083, -0.3717885655813166768 ) ) ;
#6475 = CARTESIAN_POINT ( 'NONE',  ( 1.970643310084932320, 0.04000000000000000083, -0.4733927557216454085 ) ) ;
#6476 = EDGE_CURVE ( 'NONE', #4075, #528, #5840, .T. ) ;
#6477 = DIRECTION ( 'NONE',  ( -0.000000000000000000, -1.000000000000000000, -0.000000000000000000 ) ) ;
#6478 = CARTESIAN_POINT ( 'NONE',  ( 1.068710937500000124, 0.000000000000000000, -0.3549999999999997602 ) ) ;
#6479 = CARTESIAN_POINT ( 'NONE',  ( 2.015262048961480090, 0.000000000000000000, -0.5328989956346774637 ) ) ;
#6480 = CARTESIAN_POINT ( 'NONE',  ( 2.415000000000000036, 0.2350000000000000144, -1.180000000000000160 ) ) ;
#6481 = FACE_BOUND ( 'NONE', #2199, .T. ) ;
#6482 = ADVANCED_FACE ( 'NONE', ( #2219 ), #3322, .T. ) ;
#6483 = CARTESIAN_POINT ( 'NONE',  ( 0.6986652268970642288, 0.04000000000000000083, -0.3645325583494615218 ) ) ;
#6484 = CARTESIAN_POINT ( 'NONE',  ( 2.014140831531316511, 0.000000000000000000, -0.5964726633289825219 ) ) ;
#6485 = CARTESIAN_POINT ( 'NONE',  ( 2.008487379501214143, 0.04000000000000000083, -0.4165892193488865969 ) ) ;
#6486 = CARTESIAN_POINT ( 'NONE',  ( 0.8612363334431161199, 0.04000000000000000083, -0.5076055822449229149 ) ) ;
#6487 = ORIENTED_EDGE ( 'NONE', *, *, #256, .F. ) ;
#6488 = EDGE_CURVE ( 'NONE', #5854, #3315, #7059, .T. ) ;
#6489 = ORIENTED_EDGE ( 'NONE', *, *, #2007, .F. ) ;
#6490 = CARTESIAN_POINT ( 'NONE',  ( 1.174375000000000169, 0.04000000000000000083, -0.5549999999999997158 ) ) ;
#6491 = LINE ( 'NONE', #2683, #4027 ) ;
#6492 = CARTESIAN_POINT ( 'NONE',  ( 0.9350683593749998801, 0.000000000000000000, -0.4549999999999999045 ) ) ;
#6493 = ORIENTED_EDGE ( 'NONE', *, *, #754, .T. ) ;
#6494 = CARTESIAN_POINT ( 'NONE',  ( 1.074576840955212553, 0.04000000000000000083, -0.5048285622297002950 ) ) ;
#6495 = CARTESIAN_POINT ( 'NONE',  ( 0.8578710937500000355, 0.000000000000000000, -0.4626660156249999822 ) ) ;
#6496 = VERTEX_POINT ( 'NONE', #3280 ) ;
#6497 = EDGE_LOOP ( 'NONE', ( #7089, #6724, #1697, #4430 ) ) ;
#6498 = ORIENTED_EDGE ( 'NONE', *, *, #6845, .F. ) ;
#6499 = CARTESIAN_POINT ( 'NONE',  ( 1.001434915685647242, 0.000000000000000000, -0.5775091609277741567 ) ) ;
#6500 = CARTESIAN_POINT ( 'NONE',  ( 0.5949659583850825939, 0.04000000000000000083, -0.6016660654787081564 ) ) ;
#6501 = FACE_OUTER_BOUND ( 'NONE', #6823, .T. ) ;
#6502 = CARTESIAN_POINT ( 'NONE',  ( 1.891963633245867804, 0.000000000000000000, -0.3521258910859721425 ) ) ;
#6503 = CARTESIAN_POINT ( 'NONE',  ( 2.005625000000000657, 0.000000000000000000, -0.4304882812499996603 ) ) ;
#6504 = B_SPLINE_CURVE_WITH_KNOTS ( 'NONE', 3,
 ( #3688, #2585, #2180, #6578, #6032, #2142, #2770, #1122, #3358, #2807, #7129 ),
 .UNSPECIFIED., .F., .F.,
 ( 4, 1, 1, 1, 1, 1, 1, 1, 4 ),
 ( 0.000000000000000000, 0.1271158039212380297, 0.2443141347808983344, 0.3577043942425867096, 0.4710379758892238589, 0.5887044089038869776, 0.7134391316141812656, 0.8491386294085762065, 1.000000000000000000 ),
 .UNSPECIFIED. ) ;
#6505 = CARTESIAN_POINT ( 'NONE',  ( 1.257024872294380424, 0.000000000000000000, -0.5706365735033214204 ) ) ;
#6506 = CARTESIAN_POINT ( 'NONE',  ( 1.769651190987989509, 0.000000000000000000, -0.5658675403408567339 ) ) ;
#6507 = ORIENTED_EDGE ( 'NONE', *, *, #6807, .F. ) ;
#6508 = CARTESIAN_POINT ( 'NONE',  ( 1.719665942352538224, 0.000000000000000000, -0.3520871973834255320 ) ) ;
#6509 = EDGE_LOOP ( 'NONE', ( #4961, #717, #5751, #2293 ) ) ;
#6510 = CARTESIAN_POINT ( 'NONE',  ( 1.225471830669116136, 0.04000000000000000083, -0.5880351776275288822 ) ) ;
#6511 = CARTESIAN_POINT ( 'NONE',  ( 0.8491393011753896047, 0.04000000000000000083, -0.5949943984073126080 ) ) ;
#6512 = DIRECTION ( 'NONE',  ( -0.000000000000000000, -1.000000000000000000, -0.000000000000000000 ) ) ;
#6513 = CARTESIAN_POINT ( 'NONE',  ( 0.5735993543846076292, 0.000000000000000000, -0.5833514600043263609 ) ) ;
#6514 = CARTESIAN_POINT ( 'NONE',  ( 1.223100012046705931, 0.04000000000000000083, -0.3628084645464998981 ) ) ;
#6515 = ADVANCED_FACE ( 'NONE', ( #1519 ), #3754, .T. ) ;
#6516 = CARTESIAN_POINT ( 'NONE',  ( 0.6913780193737223412, 0.04000000000000000083, -0.3562911311559122662 ) ) ;
#6517 = CARTESIAN_POINT ( 'NONE',  ( 0.9462499999999999245, 0.04000000000000000083, -0.4956249999999998712 ) ) ;
#6518 = CARTESIAN_POINT ( 'NONE',  ( 0.9187404028840812087, 0.04000000000000000083, -0.4534274917561681439 ) ) ;
#6519 = CARTESIAN_POINT ( 'NONE',  ( 0.8741267065323612417, 0.000000000000000000, -0.5519050631094227777 ) ) ;
#6520 = CARTESIAN_POINT ( 'NONE',  ( 0.8793554687499999245, 0.04000000000000000083, -0.4145703124999999267 ) ) ;
#6521 = EDGE_CURVE ( 'NONE', #227, #747, #416, .T. ) ;
#6522 = ORIENTED_EDGE ( 'NONE', *, *, #4374, .T. ) ;
#6523 = VERTEX_POINT ( 'NONE', #7094 ) ;
#6524 = CARTESIAN_POINT ( 'NONE',  ( 1.766367187499999991, 0.04000000000000000083, -0.5573437499999995826 ) ) ;
#6525 = CARTESIAN_POINT ( 'NONE',  ( 1.230625000000000302, 0.000000000000000000, -0.3876171874999997380 ) ) ;
#6526 = CARTESIAN_POINT ( 'NONE',  ( 0.9291938420388724529, 0.04000000000000000083, -0.4549083667832165001 ) ) ;
#6527 = VERTEX_POINT ( 'NONE', #492 ) ;
#6528 = CARTESIAN_POINT ( 'NONE',  ( 1.070103905273345202, 0.04000000000000000083, -0.5986923415339925336 ) ) ;
#6529 = ADVANCED_FACE ( 'NONE', ( #5166 ), #5640, .F. ) ;
#6530 = DIRECTION ( 'NONE',  ( -1.000000000000000000, 0.000000000000000000, 0.000000000000000000 ) ) ;
#6531 = ORIENTED_EDGE ( 'NONE', *, *, #4202, .F. ) ;
#6532 = VECTOR ( 'NONE', #4870, 39.37007874015748143 ) ;
#6533 = ORIENTED_EDGE ( 'NONE', *, *, #4709, .T. ) ;
#6534 = CARTESIAN_POINT ( 'NONE',  ( 2.123154296875000124, 0.000000000000000000, -0.3549999999999996492 ) ) ;
#6535 = CARTESIAN_POINT ( 'NONE',  ( 1.361082554932738109, 0.04000000000000000083, -0.3519674232326783225 ) ) ;
#6536 = CARTESIAN_POINT ( 'NONE',  ( 0.7588410616037855050, 0.04000000000000000083, -0.6003205438679221073 ) ) ;
#6537 = CARTESIAN_POINT ( 'NONE',  ( 1.441390423178507962, -0.000000000000000000, -0.5519363073328391600 ) ) ;
#6538 = CARTESIAN_POINT ( 'NONE',  ( 1.576707554932737843, 0.04000000000000000083, -0.3519674232326783225 ) ) ;
#6539 = VECTOR ( 'NONE', #5265, 39.37007874015748143 ) ;
#6540 = ADVANCED_FACE ( 'NONE', ( #3978 ), #2918, .F. ) ;
#6541 = CARTESIAN_POINT ( 'NONE',  ( 1.675425524509937647, 0.000000000000000000, -0.5581541451412856958 ) ) ;
#6542 = EDGE_CURVE ( 'NONE', #1922, #1471, #2299, .T. ) ;
#6543 = CARTESIAN_POINT ( 'NONE',  ( 0.6335058593749998135, 0.000000000000000000, -0.5724804687499998046 ) ) ;
#6544 = VERTEX_POINT ( 'NONE', #4481 ) ;
#6545 = CARTESIAN_POINT ( 'NONE',  ( 1.920048177909662535, 0.000000000000000000, -0.3630123082880474250 ) ) ;
#6546 = EDGE_LOOP ( 'NONE', ( #3101, #4873, #6166, #5482, #633, #4394, #4110, #6262, #1037, #5925, #3628, #685, #5388, #3126, #2879, #1935, #3642 ) ) ;
#6547 = CARTESIAN_POINT ( 'NONE',  ( 1.350889956392551827, 0.000000000000000000, -0.3537862860718630764 ) ) ;
#6548 = VECTOR ( 'NONE', #587, 39.37007874015748143 ) ;
#6549 = CARTESIAN_POINT ( 'NONE',  ( 0.7724273240324029954, 0.000000000000000000, -0.5691183371486859821 ) ) ;
#6550 = CARTESIAN_POINT ( 'NONE',  ( 1.578916015625000169, 0.04000000000000000083, -0.3518749999999998268 ) ) ;
#6551 = DIRECTION ( 'NONE',  ( -0.000000000000000000, -1.000000000000000000, -0.000000000000000000 ) ) ;
#6552 = CARTESIAN_POINT ( 'NONE',  ( 2.140908955550691495, 0.04000000000000000083, -0.3580640958642851701 ) ) ;
#6553 = VECTOR ( 'NONE', #3840, 39.37007874015748143 ) ;
#6554 = VECTOR ( 'NONE', #2359, 39.37007874015748143 ) ;
#6555 = CARTESIAN_POINT ( 'NONE',  ( 1.472373046874999813, 0.000000000000000000, -0.5752148437499997602 ) ) ;
#6556 = VECTOR ( 'NONE', #7050, 39.37007874015748854 ) ;
#6557 = LINE ( 'NONE', #3297, #6107 ) ;
#6558 = CARTESIAN_POINT ( 'NONE',  ( 0.6953778771506584633, 0.04000000000000000083, -0.3599085145677565212 ) ) ;
#6559 = DIRECTION ( 'NONE',  ( -1.000000000000000000, 0.000000000000000000, 0.000000000000000000 ) ) ;
#6560 = CARTESIAN_POINT ( 'NONE',  ( 2.032114261580322268, 0.04000000000000000083, -0.4007046185879961087 ) ) ;
#6561 = CARTESIAN_POINT ( 'NONE',  ( 2.052548828125000391, 0.04000000000000000083, -0.3987499999999996048 ) ) ;
#6562 = CARTESIAN_POINT ( 'NONE',  ( 1.198789062500000169, 0.000000000000000000, -0.5987499999999996714 ) ) ;
#6563 = B_SPLINE_SURFACE_WITH_KNOTS ( 'NONE', 3, 1, ( 
 ( #3180, #6928 ),
 ( #5869, #2009 ),
 ( #4237, #806 ),
 ( #1944, #2596 ),
 ( #4170, #1391 ),
 ( #4922, #4383 ),
 ( #2702, #1528 ),
 ( #6511, #2117 ),
 ( #2228, #5540 ),
 ( #5574, #3873 ),
 ( #4452, #4419 ) ),
 .UNSPECIFIED., .F., .F., .F.,
 ( 4, 1, 1, 1, 1, 1, 1, 1, 4 ),
 ( 2, 2 ),
 ( 0.000000000000000000, 0.1545458141505850480, 0.2989482358729386724, 0.4361114171969249220, 0.5633871265862110400, 0.6821529490806155227, 0.7948417907901071944, 0.9002468976140411971, 0.9999999999999998890 ),
 ( 0.000000000000000000, 1.000000000000000000 ),
 .UNSPECIFIED. ) ;
#6564 = VECTOR ( 'NONE', #2672, 39.37007874015748143 ) ;
#6565 = EDGE_LOOP ( 'NONE', ( #5231, #6245, #1164, #669 ) ) ;
#6566 = ORIENTED_EDGE ( 'NONE', *, *, #6670, .T. ) ;
#6567 = CARTESIAN_POINT ( 'NONE',  ( 2.480000000000000870, 0.1350000000000000089, -0.1250000000000000000 ) ) ;
#6568 = CARTESIAN_POINT ( 'NONE',  ( 1.063547354717262916, 0.000000000000000000, -0.4647665737124370144 ) ) ;
#6569 = EDGE_CURVE ( 'NONE', #6132, #6523, #3432, .T. ) ;
#6570 = VECTOR ( 'NONE', #4156, 39.37007874015748143 ) ;
#6571 = CARTESIAN_POINT ( 'NONE',  ( 0.8544779182415332963, 0.000000000000000000, -0.3735785262336010493 ) ) ;
#6572 = ORIENTED_EDGE ( 'NONE', *, *, #5050, .T. ) ;
#6573 = CARTESIAN_POINT ( 'NONE',  ( 2.155625000000000568, 0.04000000000000000083, -0.3876171874999996825 ) ) ;
#6574 = CARTESIAN_POINT ( 'NONE',  ( 0.2500000000000000000, 0.1350000000000000089, -0.1250000000000000000 ) ) ;
#6575 = ORIENTED_EDGE ( 'NONE', *, *, #5208, .F. ) ;
#6576 = ORIENTED_EDGE ( 'NONE', *, *, #299, .F. ) ;
#6577 = CARTESIAN_POINT ( 'NONE',  ( 1.000561354185572238, 0.000000000000000000, -0.5807459632176819042 ) ) ;
#6578 = CARTESIAN_POINT ( 'NONE',  ( 1.465020833859509652, 0.000000000000000000, -0.5849964332278518864 ) ) ;
#6579 = CARTESIAN_POINT ( 'NONE',  ( 0.8572547198345604746, 0.04000000000000000083, -0.3782187160007872695 ) ) ;
#6580 = EDGE_CURVE ( 'NONE', #1111, #1085, #5675, .T. ) ;
#6581 = DIRECTION ( 'NONE',  ( -0.5445166897351185753, 0.000000000000000000, 0.8387500072130601447 ) ) ;
#6582 = LINE ( 'NONE', #493, #5614 ) ;
#6583 = CARTESIAN_POINT ( 'NONE',  ( 2.038579884105082396, 0.000000000000000000, -0.5034299224311565846 ) ) ;
#6584 = CARTESIAN_POINT ( 'NONE',  ( 1.766930223893971252, -0.000000000000000000, -0.5588599714658907258 ) ) ;
#6585 = EDGE_LOOP ( 'NONE', ( #317, #4651, #613, #2441 ) ) ;
#6586 = CARTESIAN_POINT ( 'NONE',  ( 1.903399071743901105, 0.000000000000000000, -0.3521647900860443992 ) ) ;
#6587 = CARTESIAN_POINT ( 'NONE',  ( 1.466454730355532199, 0.04000000000000000083, -0.5802879112056273936 ) ) ;
#6588 = CARTESIAN_POINT ( 'NONE',  ( 1.203746463890863483, 0.04000000000000000083, -0.5986846865552737373 ) ) ;
#6589 = EDGE_CURVE ( 'NONE', #7127, #6759, #883, .T. ) ;
#6590 = DIRECTION ( 'NONE',  ( -0.3754391513987897500, 0.000000000000000000, 0.9268470443373905132 ) ) ;
#6591 = LINE ( 'NONE', #7105, #2029 ) ;
#6592 = CARTESIAN_POINT ( 'NONE',  ( 2.143599444625457817, 0.04000000000000000083, -0.3594036940002886538 ) ) ;
#6593 = CARTESIAN_POINT ( 'NONE',  ( 0.8228258917275290685, 0.04000000000000000083, -0.3519045578477230096 ) ) ;
#6594 = CARTESIAN_POINT ( 'NONE',  ( 1.987823746112578949, -0.000000000000000000, -0.3645967972455707584 ) ) ;
#6595 = CARTESIAN_POINT ( 'NONE',  ( 1.039735310651218825, 0.04000000000000000083, -0.3781726084434772761 ) ) ;
#6596 = ORIENTED_EDGE ( 'NONE', *, *, #580, .T. ) ;
#6597 = CARTESIAN_POINT ( 'NONE',  ( 2.015146484375000213, 0.000000000000000000, -0.5293164062499996492 ) ) ;
#6598 = CARTESIAN_POINT ( 'NONE',  ( 2.020499823974248876, 0.000000000000000000, -0.4047251905297042929 ) ) ;
#6599 = CARTESIAN_POINT ( 'NONE',  ( 0.8978244931050317623, 0.000000000000000000, -0.4400836589493594131 ) ) ;
#6600 = CARTESIAN_POINT ( 'NONE',  ( 1.389820111149788984, 0.04000000000000000083, -0.3768347480884961520 ) ) ;
#6601 = ORIENTED_EDGE ( 'NONE', *, *, #4892, .F. ) ;
#6602 = ORIENTED_EDGE ( 'NONE', *, *, #4363, .T. ) ;
#6603 = CARTESIAN_POINT ( 'NONE',  ( 0.8557758369944133969, 0.000000000000000000, -0.5299954653883763855 ) ) ;
#6604 = CARTESIAN_POINT ( 'NONE',  ( 1.059578924695073310, 0.000000000000000000, -0.4677253770443359771 ) ) ;
#6605 = DIRECTION ( 'NONE',  ( -0.000000000000000000, -1.000000000000000000, -0.000000000000000000 ) ) ;
#6606 = CARTESIAN_POINT ( 'NONE',  ( 1.388371355229868653, 0.04000000000000000083, -0.3702560611866932971 ) ) ;
#6607 = CARTESIAN_POINT ( 'NONE',  ( 0.8347990006026779763, 0.000000000000000000, -0.4453798122364472922 ) ) ;
#6608 = EDGE_CURVE ( 'NONE', #3748, #3203, #162, .T. ) ;
#6609 = ORIENTED_EDGE ( 'NONE', *, *, #1642, .T. ) ;
#6610 = B_SPLINE_CURVE_WITH_KNOTS ( 'NONE', 3,
 ( #667, #2905, #1800, #6237, #2600, #3047, #6377, #1362, #2459, #2494, #6965 ),
 .UNSPECIFIED., .F., .F.,
 ( 4, 1, 1, 1, 1, 1, 1, 1, 4 ),
 ( 0.000000000000000000, 0.1709561958077451260, 0.3194714290739807949, 0.4531758843957423566, 0.5739046914924098575, 0.6871045020681066928, 0.7922375100425964600, 0.8948669920255097887, 1.000000000000000000 ),
 .UNSPECIFIED. ) ;
#6611 = VERTEX_POINT ( 'NONE', #2362 ) ;
#6612 = PLANE ( 'NONE',  #2498 ) ;
#6613 = CARTESIAN_POINT ( 'NONE',  ( 1.350889956392551827, 0.04000000000000000083, -0.3537862860718630764 ) ) ;
#6614 = CARTESIAN_POINT ( 'NONE',  ( 0.8603613281249998801, 0.04000000000000000083, -0.3832226562499999045 ) ) ;
#6615 = CARTESIAN_POINT ( 'NONE',  ( 1.678489442998390313, 0.000000000000000000, -0.5616756112620504560 ) ) ;
#6616 = CARTESIAN_POINT ( 'NONE',  ( 0.5987637090795320249, 0.04000000000000000083, -0.6018034355877436292 ) ) ;
#6617 = CARTESIAN_POINT ( 'NONE',  ( 1.002499999999999947, 0.04000000000000000083, -0.5662304687499998268 ) ) ;
#6618 = CARTESIAN_POINT ( 'NONE',  ( 1.704414737428684656, 0.000000000000000000, -0.3599252507173374971 ) ) ;
#6619 = CARTESIAN_POINT ( 'NONE',  ( 1.074485286649408122, 0.04000000000000000083, -0.4614916039958376626 ) ) ;
#6620 = EDGE_CURVE ( 'NONE', #3530, #2540, #2848, .T. ) ;
#6621 = ORIENTED_EDGE ( 'NONE', *, *, #2096, .T. ) ;
#6622 = DIRECTION ( 'NONE',  ( -0.000000000000000000, -1.000000000000000000, -0.000000000000000000 ) ) ;
#6623 = ORIENTED_EDGE ( 'NONE', *, *, #3961, .T. ) ;
#6624 = CARTESIAN_POINT ( 'NONE',  ( 0.8548861274359232931, 0.000000000000000000, -0.5962986946336841232 ) ) ;
#6625 = DIRECTION ( 'NONE',  ( -0.000000000000000000, -1.000000000000000000, -0.000000000000000000 ) ) ;
#6626 = CARTESIAN_POINT ( 'NONE',  ( 0.7632015803801145415, 0.000000000000000000, -0.5981406691607316084 ) ) ;
#6627 = B_SPLINE_SURFACE_WITH_KNOTS ( 'NONE', 3, 1, ( 
 ( #1197, #2404 ),
 ( #5068, #62 ),
 ( #715, #4049 ),
 ( #2992, #6835 ),
 ( #6251, #1853 ),
 ( #3535, #1779 ),
 ( #683, #4080 ),
 ( #2919, #5205 ),
 ( #6803, #6871 ),
 ( #2300, #97 ),
 ( #4519, #5135 ) ),
 .UNSPECIFIED., .F., .F., .F.,
 ( 4, 1, 1, 1, 1, 1, 1, 1, 4 ),
 ( 2, 2 ),
 ( 0.000000000000000000, 0.1750997094116825137, 0.3338257146274419274, 0.4795767337879123793, 0.6108295247261493754, 0.7282255898359348834, 0.8328112634893488631, 0.9222244178061379527, 1.000000000000000000 ),
 ( 0.000000000000000000, 1.000000000000000000 ),
 .UNSPECIFIED. ) ;
#6628 = CARTESIAN_POINT ( 'NONE',  ( 1.039658203125000124, 0.04000000000000000083, -0.3767285156249997602 ) ) ;
#6629 = B_SPLINE_CURVE_WITH_KNOTS ( 'NONE', 3,
 ( #5422, #7093, #970, #1595, #7167, #2181, #1627, #3210, #3244, #7130, #6579, #3862, #6614 ),
 .UNSPECIFIED., .F., .F.,
 ( 4, 1, 1, 1, 1, 1, 1, 1, 1, 1, 4 ),
 ( 0.000000000000000000, 0.08522992778025055560, 0.1650672949707650827, 0.2403290244906967354, 0.3134930016053610324, 0.4571153941008283539, 0.5999904196449465932, 0.6788378830417877152, 0.7716310070741372318, 0.8784354883404289493, 1.000000000000000000 ),
 .UNSPECIFIED. ) ;
#6630 = CARTESIAN_POINT ( 'NONE',  ( 2.123154296875000124, 0.04000000000000000083, -0.3549999999999996492 ) ) ;
#6631 = DIRECTION ( 'NONE',  ( 0.000000000000000000, 0.000000000000000000, 1.000000000000000000 ) ) ;
#6632 = EDGE_CURVE ( 'NONE', #5953, #3965, #4584, .T. ) ;
#6633 = CARTESIAN_POINT ( 'NONE',  ( 1.965269277469989806, 0.000000000000000000, -0.3815504561701469899 ) ) ;
#6634 = CARTESIAN_POINT ( 'NONE',  ( 1.041354952032193193, 0.04000000000000000083, -0.3851523636866254763 ) ) ;
#6635 = CARTESIAN_POINT ( 'NONE',  ( 0.7024999999999997913, 0.04000000000000000083, -0.3841015624999998823 ) ) ;
#6636 = CARTESIAN_POINT ( 'NONE',  ( 1.900084235759362583, 0.000000000000000000, -0.3519726931322718633 ) ) ;
#6637 = CARTESIAN_POINT ( 'NONE',  ( 0.8758201936797620490, 0.04000000000000000083, -0.5525026209509558139 ) ) ;
#6638 = CARTESIAN_POINT ( 'NONE',  ( 1.062126162326465506, 0.000000000000000000, -0.3551710655532034910 ) ) ;
#6639 = ORIENTED_EDGE ( 'NONE', *, *, #610, .T. ) ;
#6640 = ORIENTED_EDGE ( 'NONE', *, *, #5557, .T. ) ;
#6641 = CARTESIAN_POINT ( 'NONE',  ( 0.8580961260743287244, 0.000000000000000000, -0.5379659638510606579 ) ) ;
#6642 = CARTESIAN_POINT ( 'NONE',  ( 1.260979459275512360, 0.000000000000000000, -0.5622399354113946091 ) ) ;
#6643 = CARTESIAN_POINT ( 'NONE',  ( 1.549374999999999725, 0.04000000000000000083, -0.5518749999999997824 ) ) ;
#6644 = CARTESIAN_POINT ( 'NONE',  ( 1.363291015624999769, 0.04000000000000000083, -0.3518749999999997713 ) ) ;
#6645 = CARTESIAN_POINT ( 'NONE',  ( 0.8292592782134812213, 0.000000000000000000, -0.4386890730078889522 ) ) ;
#6646 = ORIENTED_EDGE ( 'NONE', *, *, #3119, .T. ) ;
#6647 = ORIENTED_EDGE ( 'NONE', *, *, #3154, .F. ) ;
#6648 = DIRECTION ( 'NONE',  ( -1.000000000000000000, 0.000000000000000000, 0.000000000000000000 ) ) ;
#6649 = LINE ( 'NONE', #5562, #5154 ) ;
#6650 = CARTESIAN_POINT ( 'NONE',  ( 1.964999999999999858, 0.000000000000000000, -1.180000000000000160 ) ) ;
#6651 = CARTESIAN_POINT ( 'NONE',  ( 1.675425524509937647, 0.000000000000000000, -0.5581541451412856958 ) ) ;
#6652 = CARTESIAN_POINT ( 'NONE',  ( 1.451035150066392498, 0.000000000000000000, -0.5532751565046322151 ) ) ;
#6653 = EDGE_CURVE ( 'NONE', #4085, #1907, #16, .T. ) ;
#6654 = DIRECTION ( 'NONE',  ( 1.000000000000000000, 0.000000000000000000, 0.000000000000000000 ) ) ;
#6655 = CARTESIAN_POINT ( 'NONE',  ( 0.8389512420564785300, 0.000000000000000000, -0.4682879323268834826 ) ) ;
#6656 = CARTESIAN_POINT ( 'NONE',  ( 0.6236561630064697548, 0.000000000000000000, -0.5885014480388522928 ) ) ;
#6657 = EDGE_LOOP ( 'NONE', ( #6193, #3162, #88, #564 ) ) ;
#6658 = CARTESIAN_POINT ( 'NONE',  ( 1.949488372268713965, 0.04000000000000000083, -0.4230559367002675319 ) ) ;
#6659 = CARTESIAN_POINT ( 'NONE',  ( 0.5879492187499998357, 0.04000000000000000083, -0.5476269531249998712 ) ) ;
#6660 = CARTESIAN_POINT ( 'NONE',  ( 0.8568731551377243294, 0.000000000000000000, -0.5155121165826106466 ) ) ;
#6661 = VECTOR ( 'NONE', #4014, 39.37007874015748854 ) ;
#6662 = LINE ( 'NONE', #1680, #5878 ) ;
#6663 = EDGE_CURVE ( 'NONE', #4804, #3693, #61, .T. ) ;
#6664 = CARTESIAN_POINT ( 'NONE',  ( 1.496105986326241366, 0.000000000000000000, -0.5985482803997088652 ) ) ;
#6665 = CARTESIAN_POINT ( 'NONE',  ( 2.130915616304409177, 0.000000000000000000, -0.5983008437803954971 ) ) ;
#6666 = DIRECTION ( 'NONE',  ( -0.000000000000000000, -1.000000000000000000, -0.000000000000000000 ) ) ;
#6667 = VECTOR ( 'NONE', #3765, 39.37007874015748143 ) ;
#6668 = LINE ( 'NONE', #2233, #5644 ) ;
#6669 = CARTESIAN_POINT ( 'NONE',  ( 1.043692501656674265, 0.000000000000000000, -0.3889486160171659046 ) ) ;
#6670 = EDGE_CURVE ( 'NONE', #3074, #1772, #6110, .T. ) ;
#6671 = CARTESIAN_POINT ( 'NONE',  ( 0.9462499999999999245, 0.000000000000000000, -0.4549999999999999045 ) ) ;
#6672 = CARTESIAN_POINT ( 'NONE',  ( 1.682285156249999858, 0.000000000000000000, -0.5752148437499997602 ) ) ;
#6673 = VECTOR ( 'NONE', #818, 39.37007874015748143 ) ;
#6674 = DIRECTION ( 'NONE',  ( 1.000000000000000000, 0.000000000000000000, 0.000000000000000000 ) ) ;
#6675 = CARTESIAN_POINT ( 'NONE',  ( 1.605562715287782938, -0.000000000000000000, -0.3815535789347727080 ) ) ;
#6676 = CARTESIAN_POINT ( 'NONE',  ( 1.043666140214090987, 0.000000000000000000, -0.3647733968769525936 ) ) ;
#6677 = VECTOR ( 'NONE', #3826, 39.37007874015748143 ) ;
#6678 = ORIENTED_EDGE ( 'NONE', *, *, #2774, .F. ) ;
#6679 = ORIENTED_EDGE ( 'NONE', *, *, #6836, .F. ) ;
#6680 = CARTESIAN_POINT ( 'NONE',  ( 2.729999999999999982, 0.000000000000000000, 0.000000000000000000 ) ) ;
#6681 = CARTESIAN_POINT ( 'NONE',  ( 1.280588243424875650, 0.000000000000000000, -0.5521086004073505471 ) ) ;
#6682 = EDGE_CURVE ( 'NONE', #6611, #3158, #5103, .T. ) ;
#6683 = CARTESIAN_POINT ( 'NONE',  ( 1.737602020816181758, 0.000000000000000000, -0.3543798560698854794 ) ) ;
#6684 = CARTESIAN_POINT ( 'NONE',  ( 1.466414575201084869, 0.000000000000000000, -0.5703224049498253345 ) ) ;
#6685 = AXIS2_PLACEMENT_3D ( 'NONE', #2361, #3397, #2253 ) ;
#6686 = CARTESIAN_POINT ( 'NONE',  ( 0.7980527421577743308, 0.000000000000000000, -0.3849350045922541041 ) ) ;
#6687 = ORIENTED_EDGE ( 'NONE', *, *, #5512, .T. ) ;
#6688 = ORIENTED_EDGE ( 'NONE', *, *, #4196, .T. ) ;
#6689 = CARTESIAN_POINT ( 'NONE',  ( 2.130915616304409177, 0.000000000000000000, -0.5983008437803954971 ) ) ;
#6690 = CARTESIAN_POINT ( 'NONE',  ( 1.341339818900262770, 0.000000000000000000, -0.3603044935183252750 ) ) ;
#6691 = VECTOR ( 'NONE', #239, 39.37007874015748143 ) ;
#6692 = LINE ( 'NONE', #1742, #1556 ) ;
#6693 = CARTESIAN_POINT ( 'NONE',  ( 1.365000000000000657, 1.476640786499873625, -0.8800000000000002265 ) ) ;
#6694 = CARTESIAN_POINT ( 'NONE',  ( 0.6462499999999998801, 0.04000000000000000083, -0.4587109374999998601 ) ) ;
#6695 = DIRECTION ( 'NONE',  ( -0.000000000000000000, -1.000000000000000000, -0.000000000000000000 ) ) ;
#6696 = CARTESIAN_POINT ( 'NONE',  ( 0.6095221445131835392, 0.04000000000000000083, -0.6005990921681436667 ) ) ;
#6697 = EDGE_LOOP ( 'NONE', ( #2508, #1411, #22, #6942 ) ) ;
#6698 = CARTESIAN_POINT ( 'NONE',  ( 1.968646128697536524, 0.04000000000000000083, -0.3780145474088106861 ) ) ;
#6699 = ORIENTED_EDGE ( 'NONE', *, *, #4814, .F. ) ;
#6700 = LINE ( 'NONE', #4998, #6077 ) ;
#6701 = CARTESIAN_POINT ( 'NONE',  ( 2.015146484375000213, 0.000000000000000000, -0.5293164062499996492 ) ) ;
#6702 = CARTESIAN_POINT ( 'NONE',  ( 0.9778533059409173500, 0.000000000000000000, -0.3519704803838907825 ) ) ;
#6703 = DIRECTION ( 'NONE',  ( -0.000000000000000000, -1.000000000000000000, -0.000000000000000000 ) ) ;
#6704 = CARTESIAN_POINT ( 'NONE',  ( 0.6760351562499997691, 0.04000000000000000083, -0.3518749999999999378 ) ) ;
#6705 = CARTESIAN_POINT ( 'NONE',  ( 1.749412989529622431, 0.000000000000000000, -0.3681228293667166973 ) ) ;
#6706 = EDGE_CURVE ( 'NONE', #340, #6993, #1235, .T. ) ;
#6707 = ORIENTED_EDGE ( 'NONE', *, *, #4776, .F. ) ;
#6708 = DIRECTION ( 'NONE',  ( -1.000000000000000000, 0.000000000000000000, -0.000000000000000000 ) ) ;
#6709 = CARTESIAN_POINT ( 'NONE',  ( 1.068710937500000124, 0.04000000000000000083, -0.3987499999999997158 ) ) ;
#6710 = DIRECTION ( 'NONE',  ( 0.000000000000000000, -1.000000000000000000, 0.000000000000000000 ) ) ;
#6711 = LINE ( 'NONE', #588, #1795 ) ;
#6712 = CARTESIAN_POINT ( 'NONE',  ( 2.006280746164528672, 0.000000000000000000, -0.4230874813009429247 ) ) ;
#6713 = CARTESIAN_POINT ( 'NONE',  ( 1.054462573673466075, 0.000000000000000000, -0.4749935376684998878 ) ) ;
#6714 = CARTESIAN_POINT ( 'NONE',  ( 0.8142220216572227942, 0.000000000000000000, -0.4170330930400169001 ) ) ;
#6715 = EDGE_CURVE ( 'NONE', #634, #6496, #3187, .T. ) ;
#6716 = ORIENTED_EDGE ( 'NONE', *, *, #3695, .T. ) ;
#6717 = ORIENTED_EDGE ( 'NONE', *, *, #4490, .F. ) ;
#6718 = CARTESIAN_POINT ( 'NONE',  ( 1.725839843749999991, 0.04000000000000000083, -0.3518749999999996603 ) ) ;
#6719 = CARTESIAN_POINT ( 'NONE',  ( 1.549374999999999725, 0.04000000000000000083, -0.3840527343749997602 ) ) ;
#6720 = CARTESIAN_POINT ( 'NONE',  ( 1.728877603597418489, 0.04000000000000000083, -0.3519658664893990374 ) ) ;
#6721 = CARTESIAN_POINT ( 'NONE',  ( 2.137937614932230890, 0.04000000000000000083, -0.3569177414059124254 ) ) ;
#6722 = CARTESIAN_POINT ( 'NONE',  ( 0.8100047737412046089, 0.04000000000000000083, -0.4097328900665198059 ) ) ;
#6723 = EDGE_CURVE ( 'NONE', #4044, #4183, #1927, .T. ) ;
#6724 = ORIENTED_EDGE ( 'NONE', *, *, #1512, .F. ) ;
#6725 = ORIENTED_EDGE ( 'NONE', *, *, #1631, .T. ) ;
#6726 = CARTESIAN_POINT ( 'NONE',  ( 2.145669100233534632, 0.04000000000000000083, -0.5928387995711422720 ) ) ;
#6727 = CARTESIAN_POINT ( 'NONE',  ( 0.9065039062499998801, 0.04000000000000000083, -0.5549999999999999378 ) ) ;
#6728 = DIRECTION ( 'NONE',  ( -1.000000000000000000, 0.000000000000000000, 0.000000000000000000 ) ) ;
#6729 = CARTESIAN_POINT ( 'NONE',  ( 1.922964611230536969, 0.04000000000000000083, -0.3866524030258459699 ) ) ;
#6730 = CARTESIAN_POINT ( 'NONE',  ( 2.019762502639480761, 0.04000000000000000083, -0.5445401042851789608 ) ) ;
#6731 = DIRECTION ( 'NONE',  ( 0.000000000000000000, 0.000000000000000000, 1.000000000000000000 ) ) ;
#6732 = B_SPLINE_CURVE_WITH_KNOTS ( 'NONE', 3,
 ( #1530, #7072, #7106, #394, #4856, #466, #4821, #2748, #6513, #2195, #354 ),
 .UNSPECIFIED., .F., .F.,
 ( 4, 1, 1, 1, 1, 1, 1, 1, 4 ),
 ( 0.000000000000000000, 0.1510749210615313087, 0.2899929968605420849, 0.4230804375922804228, 0.5543439936445831995, 0.6795630549901141571, 0.7935980584817737826, 0.8983801180348761628, 1.000000000000000000 ),
 .UNSPECIFIED. ) ;
#6733 = LINE ( 'NONE', #4556, #3083 ) ;
#6734 = ORIENTED_EDGE ( 'NONE', *, *, #4861, .F. ) ;
#6735 = DIRECTION ( 'NONE',  ( -0.9304083928170916451, 0.000000000000000000, 0.3665245183824903941 ) ) ;
#6736 = ORIENTED_EDGE ( 'NONE', *, *, #4582, .T. ) ;
#6737 = CARTESIAN_POINT ( 'NONE',  ( 0.8603613281249998801, 0.000000000000000000, -0.3832226562499999045 ) ) ;
#6738 = CARTESIAN_POINT ( 'NONE',  ( 2.047815618776020585, 0.000000000000000000, -0.5543370871909544251 ) ) ;
#6739 = CARTESIAN_POINT ( 'NONE',  ( 1.881494673059509459, 0.000000000000000000, -0.3557998707307686859 ) ) ;
#6740 = CARTESIAN_POINT ( 'NONE',  ( 1.960117187500000080, 0.000000000000000000, -0.5361523437499996492 ) ) ;
#6741 = CARTESIAN_POINT ( 'NONE',  ( 2.124506589642706000, -0.000000000000000000, -0.5987420392555313775 ) ) ;
#6742 = CARTESIAN_POINT ( 'NONE',  ( 1.365000000000000435, 0.2350000000000000144, -1.180000000000000160 ) ) ;
#6743 = DIRECTION ( 'NONE',  ( 0.000000000000000000, 0.000000000000000000, -1.000000000000000000 ) ) ;
#6744 = CARTESIAN_POINT ( 'NONE',  ( 1.697299596531865129, 0.000000000000000000, -0.3844237398705181441 ) ) ;
#6745 = CARTESIAN_POINT ( 'NONE',  ( 1.072421875000000080, 0.04000000000000000083, -0.5549999999999997158 ) ) ;
#6746 = CARTESIAN_POINT ( 'NONE',  ( 2.042722525026210878, 0.04000000000000000083, -0.4608663748415390282 ) ) ;
#6747 = CARTESIAN_POINT ( 'NONE',  ( 0.7742871101766195530, 0.04000000000000000083, -0.5776534977002536486 ) ) ;
#6748 = EDGE_CURVE ( 'NONE', #6393, #3199, #5943, .T. ) ;
#6749 = CARTESIAN_POINT ( 'NONE',  ( 1.990244140625000213, 0.000000000000000000, -0.5876660156249995381 ) ) ;
#6750 = CARTESIAN_POINT ( 'NONE',  ( 0.6038552888771336891, 0.000000000000000000, -0.6018177046880093251 ) ) ;
#6751 = ORIENTED_EDGE ( 'NONE', *, *, #843, .T. ) ;
#6752 = ORIENTED_EDGE ( 'NONE', *, *, #1609, .F. ) ;
#6753 = CARTESIAN_POINT ( 'NONE',  ( 2.020499823974248876, 0.000000000000000000, -0.4047251905297042929 ) ) ;
#6754 = CARTESIAN_POINT ( 'NONE',  ( 0.8003365291066387721, 0.04000000000000000083, -0.5422447399437928528 ) ) ;
#6755 = EDGE_CURVE ( 'NONE', #4589, #7102, #6389, .T. ) ;
#6756 = B_SPLINE_CURVE_WITH_KNOTS ( 'NONE', 3,
 ( #2821, #3289, #7178, #3221, #7103, #7069, #2083, #4307, #3763, #1052, #5973 ),
 .UNSPECIFIED., .F., .F.,
 ( 4, 1, 1, 1, 1, 1, 1, 1, 4 ),
 ( 0.000000000000000000, 0.1194650892431612516, 0.2317767218936476747, 0.3411459395840581998, 0.4539950994784673899, 0.5720169938634960261, 0.6986754867786912904, 0.8403501523962195741, 1.000000000000000000 ),
 .UNSPECIFIED. ) ;
#6757 = CARTESIAN_POINT ( 'NONE',  ( 1.578916015624999947, 0.04000000000000000083, -0.3518749999999997713 ) ) ;
#6758 = CARTESIAN_POINT ( 'NONE',  ( 0.8142220216572227942, 0.000000000000000000, -0.4170330930400169001 ) ) ;
#6759 = VERTEX_POINT ( 'NONE', #3769 ) ;
#6760 = CARTESIAN_POINT ( 'NONE',  ( 2.127136007731350364, 0.04000000000000000083, -0.5987265602660675201 ) ) ;
#6761 = CARTESIAN_POINT ( 'NONE',  ( 1.476604459275512760, 0.04000000000000000083, -0.5622399354113948311 ) ) ;
#6762 = CARTESIAN_POINT ( 'NONE',  ( 1.054470475152308628, 0.000000000000000000, -0.4915231715070193519 ) ) ;
#6763 = CARTESIAN_POINT ( 'NONE',  ( 1.924287721510634430, 0.04000000000000000083, -0.3783636088978165057 ) ) ;
#6764 = DIRECTION ( 'NONE',  ( -0.000000000000000000, -1.000000000000000000, -0.000000000000000000 ) ) ;
#6765 = EDGE_CURVE ( 'NONE', #5986, #3049, #3638, .T. ) ;
#6766 = LINE ( 'NONE', #5785, #2953 ) ;
#6767 = CARTESIAN_POINT ( 'NONE',  ( 1.990244140625000213, 0.04000000000000000083, -0.5876660156249995381 ) ) ;
#6768 = ORIENTED_EDGE ( 'NONE', *, *, #767, .F. ) ;
#6769 = CARTESIAN_POINT ( 'NONE',  ( 1.922964611230536969, 0.000000000000000000, -0.3866524030258459699 ) ) ;
#6770 = CARTESIAN_POINT ( 'NONE',  ( 0.8544779182415332963, 0.000000000000000000, -0.3735785262336010493 ) ) ;
#6771 = CARTESIAN_POINT ( 'NONE',  ( 2.480000000000000870, 0.3049999999999991607, 0.000000000000000000 ) ) ;
#6772 = CARTESIAN_POINT ( 'NONE',  ( 1.605562715287782938, 0.000000000000000000, -0.3815535789347727080 ) ) ;
#6773 = EDGE_CURVE ( 'NONE', #7098, #640, #3060, .T. ) ;
#6774 = EDGE_CURVE ( 'NONE', #6287, #5152, #5832, .T. ) ;
#6775 = CARTESIAN_POINT ( 'NONE',  ( 2.134439080147174206, 0.000000000000000000, -0.5977548188707539900 ) ) ;
#6776 = CARTESIAN_POINT ( 'NONE',  ( 1.737602020816181758, 0.000000000000000000, -0.3543798560698854794 ) ) ;
#6777 = DIRECTION ( 'NONE',  ( -0.000000000000000000, -1.000000000000000000, -0.000000000000000000 ) ) ;
#6778 = CARTESIAN_POINT ( 'NONE',  ( 0.8556249999999999689, 0.04000000000000000083, -0.5257031249999999378 ) ) ;
#6779 = CARTESIAN_POINT ( 'NONE',  ( 1.912666411917778309, 0.04000000000000000083, -0.3559797902116901835 ) ) ;
#6780 = CARTESIAN_POINT ( 'NONE',  ( 1.965286677259609815, 0.000000000000000000, -0.5604076494325447300 ) ) ;
#6781 = CARTESIAN_POINT ( 'NONE',  ( 1.081015625000000036, 0.000000000000000000, -0.4612499999999997713 ) ) ;
#6782 = VECTOR ( 'NONE', #6939, 39.37007874015748143 ) ;
#6783 = LINE ( 'NONE', #700, #957 ) ;
#6784 = ORIENTED_EDGE ( 'NONE', *, *, #7152, .T. ) ;
#6785 = B_SPLINE_SURFACE_WITH_KNOTS ( 'NONE', 3, 1, ( 
 ( #1455, #6471 ),
 ( #4959, #7064 ),
 ( #2737, #1011 ),
 ( #4231, #4336 ),
 ( #4269, #3142 ),
 ( #4848, #6541 ),
 ( #3248, #1521 ),
 ( #5425, #4300 ),
 ( #3756, #5386 ),
 ( #5351, #456 ),
 ( #2004, #2661 ) ),
 .UNSPECIFIED., .F., .F., .F.,
 ( 4, 1, 1, 1, 1, 1, 1, 1, 4 ),
 ( 2, 2 ),
 ( 0.000000000000000000, 0.1561197495600662177, 0.2960134668503227040, 0.4211393597100632213, 0.5386135333322734642, 0.6515989600344560539, 0.7626670123365520970, 0.8772623139253620250, 1.000000000000000000 ),
 ( 0.000000000000000000, 1.000000000000000000 ),
 .UNSPECIFIED. ) ;
#6786 = COLOUR_RGB ( '',0.7921568627450980005, 0.8196078431372548767, 0.9333333333333333481 ) ;
#6787 = CARTESIAN_POINT ( 'NONE',  ( 1.949419513349369248, 0.04000000000000000083, -0.4281617853978655353 ) ) ;
#6788 = CARTESIAN_POINT ( 'NONE',  ( 1.725839843749999991, 0.000000000000000000, -0.3518749999999996603 ) ) ;
#6789 = B_SPLINE_CURVE_WITH_KNOTS ( 'NONE', 3,
 ( #2625, #6537, #4845, #6652, #3795, #7131, #2658, #2109, #4298, #4334, #1596 ),
 .UNSPECIFIED., .F., .F.,
 ( 4, 1, 1, 1, 1, 1, 1, 1, 4 ),
 ( 0.000000000000000000, 0.1561197495600662177, 0.2960134668503227040, 0.4211393597100632213, 0.5386135333322734642, 0.6515989600344560539, 0.7626670123365520970, 0.8772623139253620250, 1.000000000000000000 ),
 .UNSPECIFIED. ) ;
#6790 = LINE ( 'NONE', #4612, #4689 ) ;
#6791 = CARTESIAN_POINT ( 'NONE',  ( 1.723727356564559665, 0.04000000000000000083, -0.3519476063188267667 ) ) ;
#6792 = VECTOR ( 'NONE', #3228, 39.37007874015748143 ) ;
#6793 = VECTOR ( 'NONE', #6625, 39.37007874015748143 ) ;
#6794 = CARTESIAN_POINT ( 'NONE',  ( 1.801733752442519654, 0.000000000000000000, -0.6008235063121643016 ) ) ;
#6795 = ORIENTED_EDGE ( 'NONE', *, *, #4958, .T. ) ;
#6796 = EDGE_CURVE ( 'NONE', #813, #6527, #4859, .T. ) ;
#6797 = CARTESIAN_POINT ( 'NONE',  ( 0.7022988852911073998, 0.000000000000000000, -0.3768439801978326065 ) ) ;
#6798 = B_SPLINE_CURVE_WITH_KNOTS ( 'NONE', 3,
 ( #3758, #3833, #1487, #2662, #4880, #7097, #5494, #2738, #496, #4849, #7065 ),
 .UNSPECIFIED., .F., .F.,
 ( 4, 1, 1, 1, 1, 1, 1, 1, 4 ),
 ( 0.000000000000000000, 0.1332432135820908192, 0.2589903164634679289, 0.3790880935877171121, 0.4964991331462548230, 0.6139266268691171424, 0.7354227434695809196, 0.8627728962915682809, 1.000000000000000000 ),
 .UNSPECIFIED. ) ;
#6799 = CARTESIAN_POINT ( 'NONE',  ( 1.052890625000000080, 0.000000000000000000, -0.4832714843749997824 ) ) ;
#6800 = VECTOR ( 'NONE', #7033, 39.37007874015748143 ) ;
#6801 = CARTESIAN_POINT ( 'NONE',  ( 1.043595208574922717, -0.000000000000000000, -0.5755132770582345181 ) ) ;
#6802 = DIRECTION ( 'NONE',  ( -0.000000000000000000, -1.000000000000000000, -0.000000000000000000 ) ) ;
#6803 = CARTESIAN_POINT ( 'NONE',  ( 1.696293193498420671, 0.04000000000000000083, -0.3791364747584065054 ) ) ;
#6804 = CARTESIAN_POINT ( 'NONE',  ( 0.6007421874999998579, 0.000000000000000000, -0.6018749999999998268 ) ) ;
#6805 = VECTOR ( 'NONE', #6674, 39.37007874015748143 ) ;
#6806 = VERTEX_POINT ( 'NONE', #4314 ) ;
#6807 = EDGE_CURVE ( 'NONE', #1590, #5624, #752, .T. ) ;
#6808 = CARTESIAN_POINT ( 'NONE',  ( 1.951765115097809922, 0.04000000000000000083, -0.4070723292815294769 ) ) ;
#6809 = CARTESIAN_POINT ( 'NONE',  ( 1.227385462816605211, 0.04000000000000000083, -0.5845524987689059149 ) ) ;
#6810 = CARTESIAN_POINT ( 'NONE',  ( 0.6462499999999998801, 0.04000000000000000083, -0.3841015624999998823 ) ) ;
#6811 = CARTESIAN_POINT ( 'NONE',  ( 1.866123046875000080, 0.000000000000000000, -0.3834667968749996825 ) ) ;
#6812 =( LENGTH_UNIT ( ) NAMED_UNIT ( * ) SI_UNIT ( $, .METRE. ) );
#6813 = CARTESIAN_POINT ( 'NONE',  ( 0.5810552723100961270, 0.000000000000000000, -0.5583013914590115867 ) ) ;
#6814 = DIRECTION ( 'NONE',  ( 0.8362650802182408638, 0.000000000000000000, -0.5483253738498512497 ) ) ;
#6815 = FACE_OUTER_BOUND ( 'NONE', #1166, .T. ) ;
#6816 = CARTESIAN_POINT ( 'NONE',  ( 0.9842120465599347723, 0.04000000000000000083, -0.5968761565723069706 ) ) ;
#6817 = CARTESIAN_POINT ( 'NONE',  ( 2.037521308832894729, 0.000000000000000000, -0.4602926517293739472 ) ) ;
#6818 = CARTESIAN_POINT ( 'NONE',  ( 0.9078710937499999689, 0.000000000000000000, -0.4956249999999998712 ) ) ;
#6819 = ORIENTED_EDGE ( 'NONE', *, *, #5329, .T. ) ;
#6820 = FACE_OUTER_BOUND ( 'NONE', #6948, .T. ) ;
#6821 = CARTESIAN_POINT ( 'NONE',  ( 0.6095221445131835392, 0.000000000000000000, -0.6005990921681436667 ) ) ;
#6822 = B_SPLINE_CURVE_WITH_KNOTS ( 'NONE', 3,
 ( #6964, #3557, #5876, #322, #6447, #2564, #5258, #1464, #4139, #5804, #217, #2531, #6932, #2458, #7000, #2012, #3046, #4677, #1875 ),
 .UNSPECIFIED., .F., .F.,
 ( 4, 1, 1, 1, 1, 1, 1, 1, 1, 1, 1, 1, 1, 1, 1, 1, 4 ),
 ( 0.000000000000000000, 0.05336505313206021950, 0.1127034132359751722, 0.1771106852119861130, 0.2470948034324101372, 0.3176078465386043548, 0.3832928668196881605, 0.4452353310191128344, 0.5030462680000191700, 0.5589832419339234582, 0.6148546262725522737, 0.6725131392492817994, 0.7322538535984124408, 0.7941805302445800185, 0.8583406294901260170, 0.9271979424673697512, 1.000000000000000000 ),
 .UNSPECIFIED. ) ;
#6823 = EDGE_LOOP ( 'NONE', ( #7029, #6507, #1539, #301 ) ) ;
#6824 = CARTESIAN_POINT ( 'NONE',  ( 1.445230051491205536, 0.000000000000000000, -0.5985538056116296302 ) ) ;
#6825 = CARTESIAN_POINT ( 'NONE',  ( 1.746264458495945693, 0.04000000000000000083, -0.3625309632307867624 ) ) ;
#6826 = CARTESIAN_POINT ( 'NONE',  ( 1.203746463890863483, 0.000000000000000000, -0.5986846865552737373 ) ) ;
#6827 = CARTESIAN_POINT ( 'NONE',  ( 0.8111839591274118133, 0.04000000000000000083, -0.4896144784986271592 ) ) ;
#6828 = LINE ( 'NONE', #783, #4701 ) ;
#6829 = VERTEX_POINT ( 'NONE', #991 ) ;
#6830 = CARTESIAN_POINT ( 'NONE',  ( 1.063720114036624365, 0.000000000000000000, -0.5015975517369541947 ) ) ;
#6831 = FACE_OUTER_BOUND ( 'NONE', #2135, .T. ) ;
#6832 = DIRECTION ( 'NONE',  ( 0.000000000000000000, 0.000000000000000000, -1.000000000000000000 ) ) ;
#6833 = DIRECTION ( 'NONE',  ( -1.000000000000000000, 0.000000000000000000, 0.000000000000000000 ) ) ;
#6834 = ORIENTED_EDGE ( 'NONE', *, *, #2059, .F. ) ;
#6835 = CARTESIAN_POINT ( 'NONE',  ( 1.700616715185792049, 0.000000000000000000, -0.3948171870087923696 ) ) ;
#6836 = EDGE_CURVE ( 'NONE', #1112, #284, #706, .T. ) ;
#6837 = CARTESIAN_POINT ( 'NONE',  ( 2.480000000000000870, 0.3049999999999991607, -0.1250000000000000000 ) ) ;
#6838 = VERTEX_POINT ( 'NONE', #2869 ) ;
#6839 = VERTEX_POINT ( 'NONE', #1689 ) ;
#6840 = DIRECTION ( 'NONE',  ( 0.000000000000000000, 0.000000000000000000, 1.000000000000000000 ) ) ;
#6841 = CARTESIAN_POINT ( 'NONE',  ( 2.099375000000000213, 0.04000000000000000083, -0.5018749999999996270 ) ) ;
#6842 = CARTESIAN_POINT ( 'NONE',  ( 1.389999999999999680, 0.000000000000000000, -0.3840527343749997602 ) ) ;
#6843 = CARTESIAN_POINT ( 'NONE',  ( 1.605445111149788939, 0.000000000000000000, -0.3768347480884960410 ) ) ;
#6844 = CARTESIAN_POINT ( 'NONE',  ( 0.000000000000000000, 0.2049999999999981559, 0.1000000000000000056 ) ) ;
#6845 = EDGE_CURVE ( 'NONE', #5875, #447, #4349, .T. ) ;
#6846 = CARTESIAN_POINT ( 'NONE',  ( 1.660855051491205270, 0.000000000000000000, -0.5985538056116296302 ) ) ;
#6847 = FACE_OUTER_BOUND ( 'NONE', #3910, .T. ) ;
#6848 = B_SPLINE_SURFACE_WITH_KNOTS ( 'NONE', 3, 1, ( 
 ( #4760, #6972 ),
 ( #1987, #4213 ),
 ( #7005, #1368 ),
 ( #4148, #260 ),
 ( #6413, #5365 ),
 ( #7044, #1433 ),
 ( #360, #3053 ),
 ( #4284, #1502 ),
 ( #2502, #6349 ),
 ( #6486, #4726 ),
 ( #5884, #4181 ),
 ( #888, #6382 ),
 ( #3737, #5228 ),
 ( #1401, #3123 ),
 ( #5334, #4790 ) ),
 .UNSPECIFIED., .F., .F., .F.,
 ( 4, 1, 1, 1, 1, 1, 1, 1, 1, 1, 1, 1, 4 ),
 ( 2, 2 ),
 ( 0.000000000000000000, 0.1224561336053937993, 0.2344291854989375423, 0.3364000897183605510, 0.4285285775934270514, 0.5111573502043249562, 0.5857396648649971782, 0.6552340127541467218, 0.7192015644733498192, 0.7820021938167047715, 0.8486384589826067026, 0.9201271301191421559, 0.9999999999999998890 ),
 ( 0.000000000000000000, 1.000000000000000000 ),
 .UNSPECIFIED. ) ;
#6849 = DIRECTION ( 'NONE',  ( -0.3665245183824903386, 0.000000000000000000, -0.9304083928170915341 ) ) ;
#6850 = DIRECTION ( 'NONE',  ( -0.000000000000000000, -0.000000000000000000, 1.000000000000000000 ) ) ;
#6851 = CARTESIAN_POINT ( 'NONE',  ( 0.9842120465599347723, 0.000000000000000000, -0.5968761565723069706 ) ) ;
#6852 = B_SPLINE_SURFACE_WITH_KNOTS ( 'NONE', 3, 1, ( 
 ( #3889, #594 ),
 ( #6994, #286 ),
 ( #2008, #1943 ),
 ( #6371, #6959 ),
 ( #6335, #805 ),
 ( #318, #1389 ),
 ( #4781, #3621 ),
 ( #5903, #4169 ),
 ( #875, #3003 ),
 ( #5831, #2049 ),
 ( #3039, #4236 ) ),
 .UNSPECIFIED., .F., .F., .F.,
 ( 4, 1, 1, 1, 1, 1, 1, 1, 4 ),
 ( 2, 2 ),
 ( 0.000000000000000000, 0.1442999602282539762, 0.2748238420616429534, 0.3956905257553357536, 0.5120489935032312978, 0.6268424979189656243, 0.7431840223150806279, 0.8655259307084588460, 1.000000000000000000 ),
 ( 0.000000000000000000, 1.000000000000000000 ),
 .UNSPECIFIED. ) ;
#6853 = CARTESIAN_POINT ( 'NONE',  ( 1.965286677259609815, 0.000000000000000000, -0.5604076494325447300 ) ) ;
#6854 = CARTESIAN_POINT ( 'NONE',  ( 0.2500000000000000000, 0.07000000000000083933, 0.000000000000000000 ) ) ;
#6855 = ORIENTED_EDGE ( 'NONE', *, *, #7170, .F. ) ;
#6856 = EDGE_CURVE ( 'NONE', #4761, #5293, #3941, .T. ) ;
#6857 = DIRECTION ( 'NONE',  ( -1.000000000000000000, 0.000000000000000000, -0.000000000000000000 ) ) ;
#6858 = CARTESIAN_POINT ( 'NONE',  ( 1.605624999999999858, 0.000000000000000000, -0.3840527343749997602 ) ) ;
#6859 = VERTEX_POINT ( 'NONE', #6672 ) ;
#6860 = CARTESIAN_POINT ( 'NONE',  ( 1.983888688217285479, 0.04000000000000000083, -0.4811045083472630379 ) ) ;
#6861 = CARTESIAN_POINT ( 'NONE',  ( 1.747785230038836568, 0.04000000000000000083, -0.3651590258483829454 ) ) ;
#6862 = CARTESIAN_POINT ( 'NONE',  ( 1.230625000000000302, 0.000000000000000000, -0.5661328124999996936 ) ) ;
#6863 = CARTESIAN_POINT ( 'NONE',  ( 0.8233062920689425690, 0.04000000000000000083, -0.4772911540116689388 ) ) ;
#6864 = CARTESIAN_POINT ( 'NONE',  ( 1.788490774745094658, 0.04000000000000000083, -0.5949189038679593144 ) ) ;
#6865 = EDGE_LOOP ( 'NONE', ( #310, #4293, #2358, #6866, #5615 ) ) ;
#6866 = ORIENTED_EDGE ( 'NONE', *, *, #120, .F. ) ;
#6867 = CARTESIAN_POINT ( 'NONE',  ( 1.078779109144798909, 0.000000000000000000, -0.5049404509781987294 ) ) ;
#6868 = CARTESIAN_POINT ( 'NONE',  ( 1.050965998253355460, 0.04000000000000000083, -0.3583920284298203751 ) ) ;
#6869 = CARTESIAN_POINT ( 'NONE',  ( 1.050500478635727264, 0.000000000000000000, -0.5612924088618113094 ) ) ;
#6870 = CARTESIAN_POINT ( 'NONE',  ( 2.010169301574026068, 0.000000000000000000, -0.4472294639920307846 ) ) ;
#6871 = CARTESIAN_POINT ( 'NONE',  ( 1.696293193498420671, 0.000000000000000000, -0.3791364747584065054 ) ) ;
#6872 = CARTESIAN_POINT ( 'NONE',  ( 1.980235860394018443, 0.000000000000000000, -0.3686997713500977936 ) ) ;
#6873 = ORIENTED_EDGE ( 'NONE', *, *, #7116, .T. ) ;
#6874 = DIRECTION ( 'NONE',  ( 0.000000000000000000, 0.000000000000000000, -1.000000000000000000 ) ) ;
#6875 = CARTESIAN_POINT ( 'NONE',  ( 1.230536905506808498, 0.000000000000000000, -0.5713109094903326968 ) ) ;
#6876 = CARTESIAN_POINT ( 'NONE',  ( 9.496423977975779536E-17, 0.1350000000000000089, -0.7300000000000003153 ) ) ;
#6877 = EDGE_CURVE ( 'NONE', #1247, #5948, #644, .T. ) ;
#6878 = CARTESIAN_POINT ( 'NONE',  ( 1.363291015624999769, 0.04000000000000000083, -0.3518749999999997713 ) ) ;
#6879 = CARTESIAN_POINT ( 'NONE',  ( 0.7743261718749997469, 0.000000000000000000, -0.5786328124999998712 ) ) ;
#6880 = PLANE ( 'NONE',  #1082 ) ;
#6881 = CARTESIAN_POINT ( 'NONE',  ( 1.968544188032768982, 0.000000000000000000, -0.5050352964130460087 ) ) ;
#6882 = LINE ( 'NONE', #2486, #271 ) ;
#6883 = EDGE_CURVE ( 'NONE', #4487, #5645, #283, .T. ) ;
#6884 = FACE_OUTER_BOUND ( 'NONE', #2437, .T. ) ;
#6885 = CARTESIAN_POINT ( 'NONE',  ( 1.766953125000000346, 0.000000000000000000, -0.4112499999999996159 ) ) ;
#6886 = CARTESIAN_POINT ( 'NONE',  ( 0.9350683593749998801, 0.000000000000000000, -0.4549999999999999045 ) ) ;
#6887 = CARTESIAN_POINT ( 'NONE',  ( 2.007177137227762476, 0.04000000000000000083, -0.4412990786661489806 ) ) ;
#6888 = ORIENTED_EDGE ( 'NONE', *, *, #7062, .T. ) ;
#6889 = CARTESIAN_POINT ( 'NONE',  ( 0.9462499999999999245, 0.04000000000000000083, -0.5549999999999999378 ) ) ;
#6890 = CARTESIAN_POINT ( 'NONE',  ( 1.500718619490622574, 0.04000000000000000083, -0.5986797455209706964 ) ) ;
#6891 = VECTOR ( 'NONE', #3399, 39.37007874015748143 ) ;
#6892 = EDGE_LOOP ( 'NONE', ( #6140, #1182, #1048, #3930 ) ) ;
#6893 = EDGE_CURVE ( 'NONE', #3233, #4319, #6711, .T. ) ;
#6894 = CARTESIAN_POINT ( 'NONE',  ( 1.953687881266021886, 0.04000000000000000083, -0.4513084625696556773 ) ) ;
#6895 = VECTOR ( 'NONE', #4059, 39.37007874015748143 ) ;
#6896 = CARTESIAN_POINT ( 'NONE',  ( 1.756406250000000169, 0.000000000000000000, -0.3840527343749995937 ) ) ;
#6897 = CARTESIAN_POINT ( 'NONE',  ( 2.155625000000000568, 0.04000000000000000083, -0.3876171874999996825 ) ) ;
#6898 = CARTESIAN_POINT ( 'NONE',  ( 0.8557758369944133969, 0.000000000000000000, -0.5299954653883763855 ) ) ;
#6899 = B_SPLINE_CURVE_WITH_KNOTS ( 'NONE', 3,
 ( #1506, #4216, #6416, #1031, #997, #5338, #302, #5950, #332, #956, #3234 ),
 .UNSPECIFIED., .F., .F.,
 ( 4, 1, 1, 1, 1, 1, 1, 1, 4 ),
 ( 0.000000000000000000, 0.1443286686721435008, 0.2759097428990065493, 0.3964775567162263648, 0.5136537139577205258, 0.6289765551232102681, 0.7436735563613431355, 0.8664160992359852820, 0.9999999999999998890 ),
 .UNSPECIFIED. ) ;
#6900 = CARTESIAN_POINT ( 'NONE',  ( 1.812851562500000124, 0.04000000000000000083, -0.6018749999999996048 ) ) ;
#6901 = VECTOR ( 'NONE', #6392, 39.37007874015748143 ) ;
#6902 = ORIENTED_EDGE ( 'NONE', *, *, #388, .T. ) ;
#6903 = EDGE_CURVE ( 'NONE', #1731, #1030, #1025, .T. ) ;
#6904 = ORIENTED_EDGE ( 'NONE', *, *, #1110, .T. ) ;
#6905 = CARTESIAN_POINT ( 'NONE',  ( 1.078779109144798909, 0.04000000000000000083, -0.5049404509781987294 ) ) ;
#6906 = ADVANCED_FACE ( 'NONE', ( #5086 ), #213, .T. ) ;
#6907 = CARTESIAN_POINT ( 'NONE',  ( 1.039885826475212216, 0.000000000000000000, -0.3725197944769362279 ) ) ;
#6908 = CARTESIAN_POINT ( 'NONE',  ( 1.072421875000000302, 0.000000000000000000, -0.5549999999999998268 ) ) ;
#6909 = CARTESIAN_POINT ( 'NONE',  ( 2.008554688379102782, 0.000000000000000000, -0.4443722439271968194 ) ) ;
#6910 = B_SPLINE_SURFACE_WITH_KNOTS ( 'NONE', 3, 1, ( 
 ( #3273, #2686 ),
 ( #6528, #5558 ),
 ( #409, #562 ),
 ( #2650, #2136 ),
 ( #1588, #5520 ),
 ( #1035, #5017 ),
 ( #5483, #483 ),
 ( #7, #7087 ),
 ( #2102, #4945 ),
 ( #7162, #2176 ),
 ( #6060, #1071 ) ),
 .UNSPECIFIED., .F., .F., .F.,
 ( 4, 1, 1, 1, 1, 1, 1, 1, 4 ),
 ( 2, 2 ),
 ( 0.000000000000000000, 0.1709561958077451260, 0.3194714290739807949, 0.4531758843957423566, 0.5739046914924098575, 0.6871045020681066928, 0.7922375100425964600, 0.8948669920255097887, 1.000000000000000000 ),
 ( 0.000000000000000000, 1.000000000000000000 ),
 .UNSPECIFIED. ) ;
#6911 = CARTESIAN_POINT ( 'NONE',  ( 1.840323965495518133, 0.04000000000000000083, -0.5901731642048090309 ) ) ;
#6912 = CIRCLE ( 'NONE', #4938, 0.4499999999999999556 ) ;
#6913 = DIRECTION ( 'NONE',  ( 0.000000000000000000, -0.000000000000000000, -1.000000000000000000 ) ) ;
#6914 = B_SPLINE_CURVE_WITH_KNOTS ( 'NONE', 3,
 ( #6630, #1607, #5939, #3876, #5975, #944, #6552, #6592, #1571, #3150, #7144, #3292, #1021, #2705, #2161 ),
 .UNSPECIFIED., .F., .F.,
 ( 4, 1, 1, 1, 1, 1, 1, 1, 1, 1, 1, 1, 4 ),
 ( 0.000000000000000000, 0.07807961772694872737, 0.1508867204098373604, 0.2189559435194081138, 0.2826437596388515217, 0.3416327370472023728, 0.3982897811017766521, 0.4517634959710126186, 0.5037589776706630218, 0.6095217858084827078, 0.7242769757538611852, 0.8528314578312294891, 1.000000000000000000 ),
 .UNSPECIFIED. ) ;
#6915 = ORIENTED_EDGE ( 'NONE', *, *, #4738, .T. ) ;
#6916 = ORIENTED_EDGE ( 'NONE', *, *, #2795, .T. ) ;
#6917 = FACE_OUTER_BOUND ( 'NONE', #1856, .T. ) ;
#6918 = CARTESIAN_POINT ( 'NONE',  ( 0.6007421874999998579, 0.000000000000000000, -0.6018749999999998268 ) ) ;
#6919 = VECTOR ( 'NONE', #5800, 39.37007874015748143 ) ;
#6920 = CARTESIAN_POINT ( 'NONE',  ( 0.6539865169830627600, 0.000000000000000000, -0.3603921494036425588 ) ) ;
#6921 = DIRECTION ( 'NONE',  ( 1.000000000000000000, -0.000000000000000000, 0.000000000000000000 ) ) ;
#6922 = CARTESIAN_POINT ( 'NONE',  ( 0.9150000000000003686, 0.2350000000000000144, -1.479999999999999982 ) ) ;
#6923 = VECTOR ( 'NONE', #6622, 39.37007874015748143 ) ;
#6924 = DIRECTION ( 'NONE',  ( 0.000000000000000000, 0.000000000000000000, -1.000000000000000000 ) ) ;
#6925 = EDGE_LOOP ( 'NONE', ( #600, #5996, #5059, #2580 ) ) ;
#6926 = CARTESIAN_POINT ( 'NONE',  ( 1.957905484821018005, 0.04000000000000000083, -0.4596564427443452505 ) ) ;
#6927 = VECTOR ( 'NONE', #1890, 39.37007874015748143 ) ;
#6928 = CARTESIAN_POINT ( 'NONE',  ( 0.8904394531249999467, 0.000000000000000000, -0.5987499999999998934 ) ) ;
#6929 = CARTESIAN_POINT ( 'NONE',  ( 0.9899208337989379158, 0.04000000000000000083, -0.5943890405562933799 ) ) ;
#6930 = CARTESIAN_POINT ( 'NONE',  ( 0.7960450342067504348, 0.04000000000000000083, -0.3689510087409929584 ) ) ;
#6931 = ORIENTED_EDGE ( 'NONE', *, *, #5909, .T. ) ;
#6932 = CARTESIAN_POINT ( 'NONE',  ( 1.834392694906633370, 0.000000000000000000, -0.5955233265409024535 ) ) ;
#6933 = DIRECTION ( 'NONE',  ( 0.000000000000000000, -1.000000000000000000, 0.000000000000000000 ) ) ;
#6934 = ADVANCED_FACE ( 'NONE', ( #2754 ), #4972, .T. ) ;
#6935 = VERTEX_POINT ( 'NONE', #1103 ) ;
#6936 = CARTESIAN_POINT ( 'NONE',  ( 1.920048177909662535, 0.000000000000000000, -0.3630123082880474250 ) ) ;
#6937 = CARTESIAN_POINT ( 'NONE',  ( 1.766953125000000346, 0.04000000000000000083, -0.4112499999999996159 ) ) ;
#6938 = CARTESIAN_POINT ( 'NONE',  ( 1.287558593749999813, 0.000000000000000000, -0.5987499999999996714 ) ) ;
#6939 = DIRECTION ( 'NONE',  ( -0.000000000000000000, -1.000000000000000000, -0.000000000000000000 ) ) ;
#6940 = EDGE_CURVE ( 'NONE', #4214, #6611, #4124, .T. ) ;
#6941 = VERTEX_POINT ( 'NONE', #6854 ) ;
#6942 = ORIENTED_EDGE ( 'NONE', *, *, #2137, .T. ) ;
#6943 = CARTESIAN_POINT ( 'NONE',  ( 1.068710937500000124, 0.04000000000000000083, -0.3549999999999997602 ) ) ;
#6944 = CARTESIAN_POINT ( 'NONE',  ( 1.039885826475212216, 0.04000000000000000083, -0.3725197944769362279 ) ) ;
#6945 = FACE_OUTER_BOUND ( 'NONE', #1189, .T. ) ;
#6946 = CARTESIAN_POINT ( 'NONE',  ( 2.155515682990078119, 0.04000000000000000083, -0.5701577554578421969 ) ) ;
#6947 = CARTESIAN_POINT ( 'NONE',  ( 1.834392694906633370, 0.000000000000000000, -0.5955233265409024535 ) ) ;
#6948 = EDGE_LOOP ( 'NONE', ( #2321, #7136, #411, #5115 ) ) ;
#6949 = ADVANCED_FACE ( 'NONE', ( #4567 ), #6326, .T. ) ;
#6950 = CARTESIAN_POINT ( 'NONE',  ( 1.962328827650228424, 0.000000000000000000, -0.3854515484883768162 ) ) ;
#6951 = VERTEX_POINT ( 'NONE', #774 ) ;
#6952 = FACE_BOUND ( 'NONE', #1811, .T. ) ;
#6953 = CARTESIAN_POINT ( 'NONE',  ( 0.5735993543846076292, 0.000000000000000000, -0.5833514600043263609 ) ) ;
#6954 = CARTESIAN_POINT ( 'NONE',  ( 0.7743261718749997469, 0.000000000000000000, -0.5786328124999998712 ) ) ;
#6955 = CARTESIAN_POINT ( 'NONE',  ( 1.268595876722021565, 0.000000000000000000, -0.5950721946915216165 ) ) ;
#6956 = CARTESIAN_POINT ( 'NONE',  ( 1.578916015624999947, 0.04000000000000000083, -0.3518749999999997713 ) ) ;
#6957 = CARTESIAN_POINT ( 'NONE',  ( 1.920436430701098152, 0.04000000000000000083, -0.3939406800739869707 ) ) ;
#6958 = ORIENTED_EDGE ( 'NONE', *, *, #4838, .T. ) ;
#6959 = CARTESIAN_POINT ( 'NONE',  ( 0.9479690290655381490, 0.000000000000000000, -0.3703723437172699584 ) ) ;
#6960 = CARTESIAN_POINT ( 'NONE',  ( 0.7993749999999999467, 0.04000000000000000083, -0.5294628906249999600 ) ) ;
#6961 = CARTESIAN_POINT ( 'NONE',  ( 0.8601844580138497953, 0.04000000000000000083, -0.5414936774805796382 ) ) ;
#6962 = CARTESIAN_POINT ( 'NONE',  ( 2.034119379407502759, 0.04000000000000000083, -0.5521202448139377328 ) ) ;
#6963 = ORIENTED_EDGE ( 'NONE', *, *, #1863, .F. ) ;
#6964 = CARTESIAN_POINT ( 'NONE',  ( 1.856943359375000213, 0.000000000000000000, -0.5549999999999996048 ) ) ;
#6965 = CARTESIAN_POINT ( 'NONE',  ( 1.043515625000000169, 0.04000000000000000083, -0.5769726562499998268 ) ) ;
#6966 = ORIENTED_EDGE ( 'NONE', *, *, #741, .T. ) ;
#6967 = B_SPLINE_SURFACE_WITH_KNOTS ( 'NONE', 3, 1, ( 
 ( #937, #6543 ),
 ( #5932, #347 ),
 ( #4337, #5387 ),
 ( #2078, #6004 ),
 ( #3946, #6656 ),
 ( #2887, #609 ),
 ( #1819, #684 ),
 ( #574, #6148 ),
 ( #6696, #4051 ),
 ( #2814, #649 ),
 ( #5602, #1162 ),
 ( #2335, #3907 ),
 ( #2222, #6804 ) ),
 .UNSPECIFIED., .F., .F., .F.,
 ( 4, 1, 1, 1, 1, 1, 1, 1, 1, 1, 4 ),
 ( 2, 2 ),
 ( 0.000000000000000000, 0.1549279365243248219, 0.2862814253179071788, 0.4038509163743136399, 0.5220041373664416895, 0.6369987327829325086, 0.7507856361623140851, 0.8080983667690785355, 0.8679110618459845439, 0.9317304377842668961, 1.000000000000000000 ),
 ( 0.000000000000000000, 1.000000000000000000 ),
 .UNSPECIFIED. ) ;
#6968 = CARTESIAN_POINT ( 'NONE',  ( 2.099375000000000213, 0.04000000000000000083, -0.5549999999999996048 ) ) ;
#6969 = EDGE_CURVE ( 'NONE', #4328, #5855, #5249, .T. ) ;
#6970 = CARTESIAN_POINT ( 'NONE',  ( 0.6203407292298560582, 0.04000000000000000083, -0.5928229463476700767 ) ) ;
#6971 = DIRECTION ( 'NONE',  ( -1.000000000000000000, 0.000000000000000000, -0.000000000000000000 ) ) ;
#6972 = CARTESIAN_POINT ( 'NONE',  ( 0.9078710937500000799, 0.000000000000000000, -0.4956249999999999267 ) ) ;
#6973 = B_SPLINE_SURFACE_WITH_KNOTS ( 'NONE', 3, 1, ( 
 ( #5766, #6503 ),
 ( #6266, #214 ),
 ( #3755, #6301 ),
 ( #1520, #4096 ),
 ( #7024, #4267 ),
 ( #3721, #1319 ),
 ( #730, #2971 ),
 ( #2626, #773 ),
 ( #1905, #5219 ),
 ( #4846, #6470 ),
 ( #7063, #5964 ),
 ( #974, #1284 ),
 ( #1485, #2454 ),
 ( #4135, #3212 ),
 ( #417, #6817 ),
 ( #5188, #6339 ),
 ( #1358, #3590 ),
 ( #5801, #2303 ),
 ( #1713, #7209 ) ),
 .UNSPECIFIED., .F., .F., .F.,
 ( 4, 1, 1, 1, 1, 1, 1, 1, 1, 1, 1, 1, 1, 1, 1, 1, 4 ),
 ( 2, 2 ),
 ( 0.000000000000000000, 0.05905386983810188145, 0.1149064111471858468, 0.1683363985828629783, 0.2188218083615692255, 0.2690138084820254960, 0.3183377085301799525, 0.3685130492486877740, 0.4209320508175067310, 0.4760462544031611176, 0.5352556472514578001, 0.5992555639452635807, 0.6682508859597999784, 0.7425064992799548236, 0.8221474463707814095, 0.9081608615279551655, 1.000000000000000000 ),
 ( 0.000000000000000000, 1.000000000000000000 ),
 .UNSPECIFIED. ) ;
#6974 = B_SPLINE_CURVE_WITH_KNOTS ( 'NONE', 3,
 ( #4966, #5180, #6227, #5687, #2413, #4025, #2860, #3545, #618, #3445, #3408 ),
 .UNSPECIFIED., .F., .F.,
 ( 4, 1, 1, 1, 1, 1, 1, 1, 4 ),
 ( 0.000000000000000000, 0.1561197495600662177, 0.2960134668503227040, 0.4211393597100632213, 0.5386135333322734642, 0.6515989600344560539, 0.7626670123365520970, 0.8772623139253620250, 1.000000000000000000 ),
 .UNSPECIFIED. ) ;
#6975 = VERTEX_POINT ( 'NONE', #6818 ) ;
#6976 = ORIENTED_EDGE ( 'NONE', *, *, #7198, .T. ) ;
#6977 = CARTESIAN_POINT ( 'NONE',  ( 1.771096072426270984, 0.04000000000000000083, -0.5696252024772485711 ) ) ;
#6978 = DIRECTION ( 'NONE',  ( 0.000000000000000000, 0.000000000000000000, 1.000000000000000000 ) ) ;
#6979 = EDGE_CURVE ( 'NONE', #2778, #7098, #1833, .T. ) ;
#6980 = CARTESIAN_POINT ( 'NONE',  ( 0.6760351562499997691, 0.04000000000000000083, -0.3518749999999999378 ) ) ;
#6981 = ORIENTED_EDGE ( 'NONE', *, *, #6682, .F. ) ;
#6982 = CARTESIAN_POINT ( 'NONE',  ( 1.826961626694030727, 0.04000000000000000083, -0.5996775594966843315 ) ) ;
#6983 = CARTESIAN_POINT ( 'NONE',  ( 1.047429110027002341, 0.000000000000000000, -0.5890032691636850615 ) ) ;
#6984 = ORIENTED_EDGE ( 'NONE', *, *, #6273, .T. ) ;
#6985 = ORIENTED_EDGE ( 'NONE', *, *, #3217, .F. ) ;
#6986 = PLANE ( 'NONE',  #1444 ) ;
#6987 = CARTESIAN_POINT ( 'NONE',  ( 1.566514956392551339, 0.04000000000000000083, -0.3537862860718630764 ) ) ;
#6988 = LINE ( 'NONE', #2998, #745 ) ;
#6989 = EDGE_CURVE ( 'NONE', #4044, #1834, #6364, .T. ) ;
#6990 = CARTESIAN_POINT ( 'NONE',  ( 0.8061553213852260535, 0.04000000000000000083, -0.4028098203996691162 ) ) ;
#6991 = CARTESIAN_POINT ( 'NONE',  ( 1.654892578124999680, 0.000000000000000000, -0.5987499999999996714 ) ) ;
#6992 = CARTESIAN_POINT ( 'NONE',  ( 1.917246093750000213, 0.04000000000000000083, -0.4019238281249996603 ) ) ;
#6993 = VERTEX_POINT ( 'NONE', #879 ) ;
#6994 = CARTESIAN_POINT ( 'NONE',  ( 0.9463329290051681886, 0.04000000000000000083, -0.3812447377360929646 ) ) ;
#6995 = ADVANCED_FACE ( 'NONE', ( #910 ), #5974, .T. ) ;
#6996 = EDGE_CURVE ( 'NONE', #3787, #5450, #321, .T. ) ;
#6997 = CARTESIAN_POINT ( 'NONE',  ( 1.202733263623705806, 0.000000000000000000, -0.3551040809990659852 ) ) ;
#6998 = LINE ( 'NONE', #6478, #6215 ) ;
#6999 = CARTESIAN_POINT ( 'NONE',  ( 2.015146484375000213, 0.04000000000000000083, -0.5293164062499996492 ) ) ;
#7000 = CARTESIAN_POINT ( 'NONE',  ( 1.826961626694030727, 0.000000000000000000, -0.5996775594966843315 ) ) ;
#7001 = CARTESIAN_POINT ( 'NONE',  ( 0.7952688206853276709, 0.000000000000000000, -0.3713931034677105947 ) ) ;
#7002 = DIRECTION ( 'NONE',  ( -0.000000000000000000, -1.000000000000000000, -0.000000000000000000 ) ) ;
#7003 = CARTESIAN_POINT ( 'NONE',  ( 0.9019402472471180765, 0.04000000000000000083, -0.4441215900861946730 ) ) ;
#7004 = CARTESIAN_POINT ( 'NONE',  ( 0.6464751035766497234, 0.000000000000000000, -0.3771976947162836158 ) ) ;
#7005 = CARTESIAN_POINT ( 'NONE',  ( 0.8997117927316486963, 0.04000000000000000083, -0.4957599516431793751 ) ) ;
#7006 = EDGE_LOOP ( 'NONE', ( #2178, #962, #2937, #404 ) ) ;
#7007 = ORIENTED_EDGE ( 'NONE', *, *, #6006, .T. ) ;
#7008 = LINE ( 'NONE', #2023, #2030 ) ;
#7009 = VECTOR ( 'NONE', #6731, 39.37007874015748143 ) ;
#7010 = CARTESIAN_POINT ( 'NONE',  ( 1.229611024350991899, 0.04000000000000000083, -0.3762935857589672084 ) ) ;
#7011 = CARTESIAN_POINT ( 'NONE',  ( 0.9291938420388724529, 0.000000000000000000, -0.4549083667832165001 ) ) ;
#7012 = ORIENTED_EDGE ( 'NONE', *, *, #1871, .F. ) ;
#7013 = CARTESIAN_POINT ( 'NONE',  ( 1.854008865363889313, 0.04000000000000000083, -0.5624299620574714220 ) ) ;
#7014 = AXIS2_PLACEMENT_3D ( 'NONE', #4823, #6933, #1427 ) ;
#7015 = FACE_OUTER_BOUND ( 'NONE', #363, .T. ) ;
#7016 = EDGE_CURVE ( 'NONE', #3634, #2571, #5835, .T. ) ;
#7017 = ORIENTED_EDGE ( 'NONE', *, *, #3738, .F. ) ;
#7018 = ORIENTED_EDGE ( 'NONE', *, *, #3928, .F. ) ;
#7019 = CARTESIAN_POINT ( 'NONE',  ( 2.155587862305276214, 0.000000000000000000, -0.5675001852716956563 ) ) ;
#7020 = CARTESIAN_POINT ( 'NONE',  ( 2.001541966735678635, 0.000000000000000000, -0.3597019483926655603 ) ) ;
#7021 = CARTESIAN_POINT ( 'NONE',  ( 1.274055251591116322, 0.04000000000000000083, -0.5972276466835293451 ) ) ;
#7022 = VECTOR ( 'NONE', #6360, 39.37007874015748143 ) ;
#7023 = CARTESIAN_POINT ( 'NONE',  ( 0.8404941469542028809, 0.04000000000000000083, -0.4513964021319071818 ) ) ;
#7024 = CARTESIAN_POINT ( 'NONE',  ( 2.007177137227762476, 0.04000000000000000083, -0.4412990786661489806 ) ) ;
#7025 = CARTESIAN_POINT ( 'NONE',  ( 1.257024872294380424, 0.04000000000000000083, -0.5706365735033214204 ) ) ;
#7026 = CARTESIAN_POINT ( 'NONE',  ( 1.782027422911111936, 0.000000000000000000, -0.5892853783513849475 ) ) ;
#7027 = ADVANCED_FACE ( 'NONE', ( #3149 ), #5229, .T. ) ;
#7028 = VECTOR ( 'NONE', #6849, 39.37007874015748854 ) ;
#7029 = ORIENTED_EDGE ( 'NONE', *, *, #4838, .F. ) ;
#7030 = LINE ( 'NONE', #4380, #4493 ) ;
#7031 = CARTESIAN_POINT ( 'NONE',  ( 1.949506710947727095, 0.04000000000000000083, -0.4317346291875701625 ) ) ;
#7032 = CARTESIAN_POINT ( 'NONE',  ( 0.8036096864952746444, 0.04000000000000000083, -0.5544947741366481608 ) ) ;
#7033 = DIRECTION ( 'NONE',  ( -0.000000000000000000, -1.000000000000000000, -0.000000000000000000 ) ) ;
#7034 = B_SPLINE_SURFACE_WITH_KNOTS ( 'NONE', 3, 1, ( 
 ( #1926, #1960 ),
 ( #1301, #1993 ),
 ( #334, #1439 ),
 ( #5889, #893 ),
 ( #4078, #3130 ),
 ( #5340, #6281 ),
 ( #1889, #751 ),
 ( #2990, #5783 ),
 ( #6319, #1340 ),
 ( #3572, #789 ),
 ( #3024, #4868 ),
 ( #2763, #2612 ),
 ( #6526, #7011 ),
 ( #3310, #407 ),
 ( #5992, #6492 ) ),
 .UNSPECIFIED., .F., .F., .F.,
 ( 4, 1, 1, 1, 1, 1, 1, 1, 1, 1, 1, 1, 4 ),
 ( 2, 2 ),
 ( 0.000000000000000000, 0.1305022468437830319, 0.2461881223844980537, 0.3472411436464852286, 0.4348805732667463952, 0.5123863974677682620, 0.5836727118363442823, 0.6494861056380286657, 0.7107735052190127245, 0.7731265383694301274, 0.8418090673925526790, 0.9170873637246866883, 1.000000000000000000 ),
 ( 0.000000000000000000, 1.000000000000000000 ),
 .UNSPECIFIED. ) ;
#7035 = CARTESIAN_POINT ( 'NONE',  ( 2.053277509291010272, 0.04000000000000000083, -0.5546854166789314533 ) ) ;
#7036 = VECTOR ( 'NONE', #352, 39.37007874015748143 ) ;
#7037 = DIRECTION ( 'NONE',  ( 0.000000000000000000, 0.000000000000000000, -1.000000000000000000 ) ) ;
#7038 = CARTESIAN_POINT ( 'NONE',  ( 1.479856652782878479, 0.04000000000000000083, -0.5919417975870767679 ) ) ;
#7039 = EDGE_CURVE ( 'NONE', #4802, #1703, #6591, .T. ) ;
#7040 = VECTOR ( 'NONE', #432, 39.37007874015748143 ) ;
#7041 = LINE ( 'NONE', #885, #3092 ) ;
#7042 = CARTESIAN_POINT ( 'NONE',  ( 1.991981818166500773, -0.000000000000000000, -0.5886664441442515106 ) ) ;
#7043 = CARTESIAN_POINT ( 'NONE',  ( 2.005663908221247294, 0.04000000000000000083, -0.4292005998741413308 ) ) ;
#7044 = CARTESIAN_POINT ( 'NONE',  ( 0.8788551225774662301, 0.04000000000000000083, -0.4982900066544706519 ) ) ;
#7045 = VERTEX_POINT ( 'NONE', #1569 ) ;
#7046 = EDGE_LOOP ( 'NONE', ( #5786, #3165, #2517, #897 ) ) ;
#7047 = CARTESIAN_POINT ( 'NONE',  ( 1.796794995144111562, 0.04000000000000000083, -0.5994440785934681548 ) ) ;
#7048 = CARTESIAN_POINT ( 'NONE',  ( 1.202733263623705806, 0.04000000000000000083, -0.3551040809990659852 ) ) ;
#7049 = B_SPLINE_CURVE_WITH_KNOTS ( 'NONE', 3,
 ( #3368, #3983, #1783, #6185, #4997, #2337, #5681, #5646, #5107, #4558, #3474 ),
 .UNSPECIFIED., .F., .F.,
 ( 4, 1, 1, 1, 1, 1, 1, 1, 4 ),
 ( 0.000000000000000000, 0.1271158039212380297, 0.2443141347808983344, 0.3577043942425867096, 0.4710379758892238589, 0.5887044089038869776, 0.7134391316141812656, 0.8491386294085762065, 1.000000000000000000 ),
 .UNSPECIFIED. ) ;
#7050 = DIRECTION ( 'NONE',  ( 0.3615575501799897506, 0.000000000000000000, -0.9323497937511672218 ) ) ;
#7051 = ORIENTED_EDGE ( 'NONE', *, *, #6147, .F. ) ;
#7052 = CARTESIAN_POINT ( 'NONE',  ( 2.015595855502556155, 0.000000000000000000, -0.3569713795882448193 ) ) ;
#7053 = LINE ( 'NONE', #1445, #5626 ) ;
#7054 = EDGE_LOOP ( 'NONE', ( #2151, #1655, #3403, #5167, #3744, #6316, #7164, #5090, #6465, #6231 ) ) ;
#7055 = B_SPLINE_CURVE_WITH_KNOTS ( 'NONE', 3,
 ( #1106, #6054, #4354, #3303, #3344, #1538, #2758, #2128, #3927, #6129, #1028, #1063, #4393, #5476, #5551 ),
 .UNSPECIFIED., .F., .F.,
 ( 4, 1, 1, 1, 1, 1, 1, 1, 1, 1, 1, 1, 4 ),
 ( 0.000000000000000000, 0.08982642785779589023, 0.1767211832472077027, 0.2617204418045054881, 0.3460682841366448659, 0.4289269636933879526, 0.5100703946192473026, 0.5909731262879089897, 0.6722378515367964935, 0.7538291707787544427, 0.8348462629727341211, 0.9170605267361193746, 1.000000000000000000 ),
 .UNSPECIFIED. ) ;
#7056 = ORIENTED_EDGE ( 'NONE', *, *, #4673, .F. ) ;
#7057 = CARTESIAN_POINT ( 'NONE',  ( 2.143599444625457817, 0.000000000000000000, -0.3594036940002886538 ) ) ;
#7058 = CARTESIAN_POINT ( 'NONE',  ( 0.5847892609438765099, 0.000000000000000000, -0.5979503971182402733 ) ) ;
#7059 = B_SPLINE_CURVE_WITH_KNOTS ( 'NONE', 3,
 ( #6001, #2773, #5454, #4992, #2694, #3904, #5383, #382, #6502, #454, #4373 ),
 .UNSPECIFIED., .F., .F.,
 ( 4, 1, 1, 1, 1, 1, 1, 1, 4 ),
 ( 0.000000000000000000, 0.1695619813170891610, 0.3165277154210389687, 0.4426964638035288391, 0.5475101357260250268, 0.6433694748451588286, 0.7460273532091620252, 0.8631196510159431234, 1.000000000000000000 ),
 .UNSPECIFIED. ) ;
#7060 = CARTESIAN_POINT ( 'NONE',  ( 1.268595876722021565, 0.000000000000000000, -0.5950721946915216165 ) ) ;
#7061 = CARTESIAN_POINT ( 'NONE',  ( 1.780722656250000258, 0.04000000000000000083, -0.4549999999999996270 ) ) ;
#7062 = EDGE_CURVE ( 'NONE', #2188, #448, #4889, .T. ) ;
#7063 = CARTESIAN_POINT ( 'NONE',  ( 2.020725600062453164, 0.04000000000000000083, -0.4557134442500487825 ) ) ;
#7064 = CARTESIAN_POINT ( 'NONE',  ( 1.657015423178507918, 0.000000000000000000, -0.5519363073328391600 ) ) ;
#7065 = CARTESIAN_POINT ( 'NONE',  ( 1.994394531249999991, 0.000000000000000000, -0.4849804687499996159 ) ) ;
#7066 = EDGE_LOOP ( 'NONE', ( #1893, #2681, #2558, #6572, #6378, #3065, #1964 ) ) ;
#7067 = DIRECTION ( 'NONE',  ( 1.000000000000000000, 0.000000000000000000, 0.000000000000000000 ) ) ;
#7068 = CARTESIAN_POINT ( 'NONE',  ( 0.7633551266203630892, 0.04000000000000000083, -0.5519369318798944546 ) ) ;
#7069 = CARTESIAN_POINT ( 'NONE',  ( 0.6953778771506584633, 0.04000000000000000083, -0.3599085145677565212 ) ) ;
#7070 = EDGE_CURVE ( 'NONE', #1662, #3897, #4492, .T. ) ;
#7071 = CARTESIAN_POINT ( 'NONE',  ( 2.059187002564436764, 0.04000000000000000083, -0.5549404643962556616 ) ) ;
#7072 = CARTESIAN_POINT ( 'NONE',  ( 0.5987637090795320249, -0.000000000000000000, -0.6018034355877436292 ) ) ;
#7073 = CARTESIAN_POINT ( 'NONE',  ( 0.8200218108931305316, 0.000000000000000000, -0.3519616610747145491 ) ) ;
#7074 = CARTESIAN_POINT ( 'NONE',  ( 0.7995070306306288899, 0.000000000000000000, -0.5229174743512701173 ) ) ;
#7075 = EDGE_CURVE ( 'NONE', #2160, #232, #6119, .T. ) ;
#7076 = CARTESIAN_POINT ( 'NONE',  ( 0.7993749999999999467, 0.04000000000000000083, -0.5294628906249999600 ) ) ;
#7077 = CARTESIAN_POINT ( 'NONE',  ( 2.065390625000000036, 0.04000000000000000083, -0.5549999999999996048 ) ) ;
#7078 = CARTESIAN_POINT ( 'NONE',  ( 0.8903237402554670110, 0.000000000000000000, -0.5545238095568543191 ) ) ;
#7079 = CARTESIAN_POINT ( 'NONE',  ( 1.386129476483686895, 0.04000000000000000083, -0.3645620637580315737 ) ) ;
#7080 = VERTEX_POINT ( 'NONE', #1718 ) ;
#7081 = VERTEX_POINT ( 'NONE', #6079 ) ;
#7082 = LINE ( 'NONE', #3778, #3442 ) ;
#7083 = CARTESIAN_POINT ( 'NONE',  ( 1.200140307599838474, 0.04000000000000000083, -0.3550356571421087182 ) ) ;
#7084 = EDGE_CURVE ( 'NONE', #4739, #3782, #2118, .T. ) ;
#7085 = LINE ( 'NONE', #1508, #5065 ) ;
#7086 = EDGE_LOOP ( 'NONE', ( #4606, #4686, #4660, #3204 ) ) ;
#7087 = CARTESIAN_POINT ( 'NONE',  ( 1.045150328128848338, 0.000000000000000000, -0.5852773747016561945 ) ) ;
#7088 = CARTESIAN_POINT ( 'NONE',  ( 0.8462396176955674365, 0.04000000000000000083, -0.4563549318082902873 ) ) ;
#7089 = ORIENTED_EDGE ( 'NONE', *, *, #6856, .F. ) ;
#7090 = VERTEX_POINT ( 'NONE', #2194 ) ;
#7091 = CARTESIAN_POINT ( 'NONE',  ( 2.154539157330888077, 0.000000000000000000, -0.5775475940967933486 ) ) ;
#7092 = LINE ( 'NONE', #1666, #1663 ) ;
#7093 = CARTESIAN_POINT ( 'NONE',  ( 0.8257133449976300499, 0.04000000000000000083, -0.3519151925537765124 ) ) ;
#7094 = CARTESIAN_POINT ( 'NONE',  ( 2.099375000000000213, 0.000000000000000000, -0.3987499999999996048 ) ) ;
#7095 = CARTESIAN_POINT ( 'NONE',  ( 1.556964818900262726, 0.04000000000000000083, -0.3603044935183252750 ) ) ;
#7096 = CARTESIAN_POINT ( 'NONE',  ( 2.052248194325323460, 0.04000000000000000083, -0.5019851049227387341 ) ) ;
#7097 = CARTESIAN_POINT ( 'NONE',  ( 1.968544188032768982, 0.000000000000000000, -0.5050352964130460087 ) ) ;
#7098 = VERTEX_POINT ( 'NONE', #546 ) ;
#7099 = CARTESIAN_POINT ( 'NONE',  ( 1.822573737908640190, 0.04000000000000000083, -0.6008886294961445218 ) ) ;
#7100 = CARTESIAN_POINT ( 'NONE',  ( 0.8556249999999999689, 0.000000000000000000, -0.5257031249999999378 ) ) ;
#7101 = CARTESIAN_POINT ( 'NONE',  ( 1.227385462816605211, 0.04000000000000000083, -0.5845524987689059149 ) ) ;
#7102 = VERTEX_POINT ( 'NONE', #2783 ) ;
#7103 = CARTESIAN_POINT ( 'NONE',  ( 0.6913780193737223412, 0.04000000000000000083, -0.3562911311559122662 ) ) ;
#7104 = B_SPLINE_CURVE_WITH_KNOTS ( 'NONE', 3,
 ( #2307, #4230, #279, #314, #6955, #5282, #6432, #1385, #4808, #5826, #5898 ),
 .UNSPECIFIED., .F., .F.,
 ( 4, 1, 1, 1, 1, 1, 1, 1, 4 ),
 ( 0.000000000000000000, 0.1697667370961977729, 0.3176794559860904310, 0.4500242076991633478, 0.5714859992495906482, 0.6843530262709511813, 0.7909884223004094439, 0.8939093302669887109, 1.000000000000000000 ),
 .UNSPECIFIED. ) ;
#7105 = CARTESIAN_POINT ( 'NONE',  ( 1.081015625000000036, 0.04000000000000000083, -0.4612499999999997713 ) ) ;
#7106 = CARTESIAN_POINT ( 'NONE',  ( 0.5949659583850825939, 0.000000000000000000, -0.6016660654787081564 ) ) ;
#7107 = DIRECTION ( 'NONE',  ( -1.000000000000000000, 0.000000000000000000, -0.000000000000000000 ) ) ;
#7108 = EDGE_CURVE ( 'NONE', #1479, #601, #1681, .T. ) ;
#7109 = CARTESIAN_POINT ( 'NONE',  ( 0.9758398437499998801, 0.04000000000000000083, -0.3518749999999999378 ) ) ;
#7110 = DIRECTION ( 'NONE',  ( -1.000000000000000000, 0.000000000000000000, 0.000000000000000000 ) ) ;
#7111 = ORIENTED_EDGE ( 'NONE', *, *, #6796, .F. ) ;
#7112 = CARTESIAN_POINT ( 'NONE',  ( 2.005741045961778379, 0.000000000000000000, -0.4342818460117119361 ) ) ;
#7113 = CARTESIAN_POINT ( 'NONE',  ( 0.9236965390493614425, 0.04000000000000000083, -0.4542960171287283022 ) ) ;
#7114 = DIRECTION ( 'NONE',  ( -0.000000000000000000, -1.000000000000000000, -0.000000000000000000 ) ) ;
#7115 = DIRECTION ( 'NONE',  ( -0.000000000000000000, -1.000000000000000000, -0.000000000000000000 ) ) ;
#7116 = EDGE_CURVE ( 'NONE', #5847, #331, #5038, .T. ) ;
#7117 = ORIENTED_EDGE ( 'NONE', *, *, #90, .T. ) ;
#7118 = ORIENTED_EDGE ( 'NONE', *, *, #247, .F. ) ;
#7119 = DIRECTION ( 'NONE',  ( -1.000000000000000000, 0.000000000000000000, 0.000000000000000000 ) ) ;
#7120 = CARTESIAN_POINT ( 'NONE',  ( 1.213155234260911319, 0.000000000000000000, -0.3568643231123033166 ) ) ;
#7121 = CARTESIAN_POINT ( 'NONE',  ( 2.045664062500000213, 0.04000000000000000083, -0.5987499999999995604 ) ) ;
#7122 = VERTEX_POINT ( 'NONE', #7179 ) ;
#7123 = CARTESIAN_POINT ( 'NONE',  ( 1.455877192982278912, 0.000000000000000000, -0.5552573136534085796 ) ) ;
#7124 = EDGE_CURVE ( 'NONE', #5450, #2035, #1343, .T. ) ;
#7125 = VERTEX_POINT ( 'NONE', #5500 ) ;
#7126 = VECTOR ( 'NONE', #1891, 39.37007874015748143 ) ;
#7127 = VERTEX_POINT ( 'NONE', #582 ) ;
#7128 = CARTESIAN_POINT ( 'NONE',  ( 2.140908955550691495, 0.000000000000000000, -0.3580640958642851701 ) ) ;
#7129 = CARTESIAN_POINT ( 'NONE',  ( 1.439267578124999725, 0.000000000000000000, -0.5987499999999996714 ) ) ;
#7130 = CARTESIAN_POINT ( 'NONE',  ( 0.8544779182415332963, 0.04000000000000000083, -0.3735785262336010493 ) ) ;
#7131 = CARTESIAN_POINT ( 'NONE',  ( 1.459800524509937691, 0.000000000000000000, -0.5581541451412856958 ) ) ;
#7132 = CARTESIAN_POINT ( 'NONE',  ( 1.500769627695295094, -0.000000000000000000, -0.5519559003030559685 ) ) ;
#7133 = AXIS2_PLACEMENT_3D ( 'NONE', #5583, #1948, #3593 ) ;
#7134 = CARTESIAN_POINT ( 'NONE',  ( 1.264383706977419086, 0.04000000000000000083, -0.5585927161988896161 ) ) ;
#7135 = CARTESIAN_POINT ( 'NONE',  ( 1.775570675877474525, 0.000000000000000000, -0.5797268948111312659 ) ) ;
#7136 = ORIENTED_EDGE ( 'NONE', *, *, #5706, .F. ) ;
#7137 = CARTESIAN_POINT ( 'NONE',  ( 1.922548998327803682, 0.04000000000000000083, -0.3672395638114488436 ) ) ;
#7138 = CARTESIAN_POINT ( 'NONE',  ( 1.341339818900262770, 0.000000000000000000, -0.3603044935183252750 ) ) ;
#7139 = VECTOR ( 'NONE', #2439, 39.37007874015748854 ) ;
#7140 = FACE_OUTER_BOUND ( 'NONE', #4261, .T. ) ;
#7141 = CARTESIAN_POINT ( 'NONE',  ( 0.7670399669067016202, 0.000000000000000000, -0.5951501550381453898 ) ) ;
#7142 = B_SPLINE_CURVE_WITH_KNOTS ( 'NONE', 3,
 ( #624, #3413, #2868, #5085, #6779, #5006, #1796, #3881, #6125, #6196, #76 ),
 .UNSPECIFIED., .F., .F.,
 ( 4, 1, 1, 1, 1, 1, 1, 1, 4 ),
 ( 0.000000000000000000, 0.1278136221579292409, 0.2513237818880932339, 0.3773041448128575115, 0.5090496017495779180, 0.6394157308705075149, 0.7612157869820057599, 0.8795601774231536218, 1.000000000000000000 ),
 .UNSPECIFIED. ) ;
#7143 = DIRECTION ( 'NONE',  ( -0.000000000000000000, -1.000000000000000000, -0.000000000000000000 ) ) ;
#7144 = CARTESIAN_POINT ( 'NONE',  ( 2.151601626894688923, 0.04000000000000000083, -0.3675381975063522488 ) ) ;
#7145 = VECTOR ( 'NONE', #2666, 39.37007874015748143 ) ;
#7146 = CARTESIAN_POINT ( 'NONE',  ( 1.200140307599838474, 0.04000000000000000083, -0.3550356571421087182 ) ) ;
#7147 = AXIS2_PLACEMENT_3D ( 'NONE', #95, #713, #4552 ) ;
#7148 = CARTESIAN_POINT ( 'NONE',  ( 1.954947228605931508, 0.000000000000000000, -0.3979768764292308525 ) ) ;
#7149 = CARTESIAN_POINT ( 'NONE',  ( 0.9994604331931172814, 0.000000000000000000, -0.5837190644029754960 ) ) ;
#7150 = CARTESIAN_POINT ( 'NONE',  ( 2.021314975229780764, 0.04000000000000000083, -0.5974377634669881809 ) ) ;
#7151 = CARTESIAN_POINT ( 'NONE',  ( 0.6018029364463032271, 0.04000000000000000083, -0.6018554773650260925 ) ) ;
#7152 = EDGE_CURVE ( 'NONE', #1635, #7190, #3805, .T. ) ;
#7153 = CARTESIAN_POINT ( 'NONE',  ( 0.8389257812499998357, 0.000000000000000000, -0.5912304687499998490 ) ) ;
#7154 = CARTESIAN_POINT ( 'NONE',  ( 1.081015625000000036, 0.000000000000000000, -0.4612499999999997713 ) ) ;
#7155 = AXIS2_PLACEMENT_3D ( 'NONE', #6232, #4031, #3451 ) ;
#7156 = ORIENTED_EDGE ( 'NONE', *, *, #2826, .T. ) ;
#7157 = ORIENTED_EDGE ( 'NONE', *, *, #114, .F. ) ;
#7158 = CARTESIAN_POINT ( 'NONE',  ( 1.961904996121838884, 0.04000000000000000083, -0.5509853900523198345 ) ) ;
#7159 = CARTESIAN_POINT ( 'NONE',  ( 1.074485286649408122, 0.04000000000000000083, -0.4614916039958376626 ) ) ;
#7160 = CARTESIAN_POINT ( 'NONE',  ( 0.8793554687499999245, 0.04000000000000000083, -0.4145703124999999267 ) ) ;
#7161 = EDGE_CURVE ( 'NONE', #3972, #1525, #6155, .T. ) ;
#7162 = CARTESIAN_POINT ( 'NONE',  ( 1.043596871207655097, 0.04000000000000000083, -0.5783992718492861895 ) ) ;
#7163 = VERTEX_POINT ( 'NONE', #2158 ) ;
#7164 = ORIENTED_EDGE ( 'NONE', *, *, #2707, .F. ) ;
#7165 = CARTESIAN_POINT ( 'NONE',  ( 0.9709085534721696442, -0.000000000000000000, -0.5987140514120692369 ) ) ;
#7166 = DIRECTION ( 'NONE',  ( 0.8714145482621377115, -0.000000000000000000, 0.4905473321475662396 ) ) ;
#7167 = CARTESIAN_POINT ( 'NONE',  ( 0.8361069543806757265, 0.04000000000000000083, -0.3541086104572788718 ) ) ;
#7168 = CARTESIAN_POINT ( 'NONE',  ( 0.8627864884149806235, 0.04000000000000000083, -0.5446684758754918310 ) ) ;
#7169 = DIRECTION ( 'NONE',  ( 1.000000000000000000, 0.000000000000000000, 0.000000000000000000 ) ) ;
#7170 = EDGE_CURVE ( 'NONE', #1947, #5552, #267, .T. ) ;
#7171 = LINE ( 'NONE', #3246, #6891 ) ;
#7172 = CARTESIAN_POINT ( 'NONE',  ( 1.700881053803499521, 0.000000000000000000, -0.3639637570138780087 ) ) ;
#7173 = PLANE ( 'NONE',  #2724 ) ;
#7174 = ORIENTED_EDGE ( 'NONE', *, *, #2668, .T. ) ;
#7175 = CARTESIAN_POINT ( 'NONE',  ( 1.081015625000000036, 0.000000000000000000, -0.4612499999999997713 ) ) ;
#7176 = CARTESIAN_POINT ( 'NONE',  ( 1.363291015624999769, 0.000000000000000000, -0.3518749999999997713 ) ) ;
#7177 = CARTESIAN_POINT ( 'NONE',  ( 0.7633551266203630892, 0.000000000000000000, -0.5519369318798944546 ) ) ;
#7178 = CARTESIAN_POINT ( 'NONE',  ( 0.6815702274019851403, 0.04000000000000000083, -0.3521196518815560283 ) ) ;
#7179 = CARTESIAN_POINT ( 'NONE',  ( 0.9078710937499999689, 0.04000000000000000083, -0.4956249999999998712 ) ) ;
#7180 = DIRECTION ( 'NONE',  ( -0.000000000000000000, -1.000000000000000000, -0.000000000000000000 ) ) ;
#7181 = FACE_OUTER_BOUND ( 'NONE', #387, .T. ) ;
#7182 = CARTESIAN_POINT ( 'NONE',  ( 0.5740318374469767226, 0.000000000000000000, -0.5729228606004472812 ) ) ;
#7183 = CARTESIAN_POINT ( 'NONE',  ( 0.8578710937499999245, 0.000000000000000000, -0.4626660156249999267 ) ) ;
#7184 = CARTESIAN_POINT ( 'NONE',  ( 2.014140831531316511, 0.000000000000000000, -0.5964726633289825219 ) ) ;
#7185 = CARTESIAN_POINT ( 'NONE',  ( 1.503183593749999769, 0.04000000000000000083, -0.5987499999999996714 ) ) ;
#7186 = CARTESIAN_POINT ( 'NONE',  ( 2.050660436674748510, 0.04000000000000000083, -0.3987857156051995977 ) ) ;
#7187 = DIRECTION ( 'NONE',  ( -0.8552515073215054553, 0.000000000000000000, -0.5182131407290758718 ) ) ;
#7188 = ORIENTED_EDGE ( 'NONE', *, *, #1837, .T. ) ;
#7189 = EDGE_CURVE ( 'NONE', #5715, #5232, #6974, .T. ) ;
#7190 = VERTEX_POINT ( 'NONE', #6740 ) ;
#7191 = CARTESIAN_POINT ( 'NONE',  ( 0.8733496093749999467, 0.04000000000000000083, -0.5516308593749998934 ) ) ;
#7192 = CARTESIAN_POINT ( 'NONE',  ( 0.9045182566459573081, -0.000000000000000000, -0.5549892751282352599 ) ) ;
#7193 = CARTESIAN_POINT ( 'NONE',  ( 0.7995706622988492107, 0.04000000000000000083, -0.5358948575579687290 ) ) ;
#7194 = CARTESIAN_POINT ( 'NONE',  ( 1.462864442998390135, 0.000000000000000000, -0.5616756112620504560 ) ) ;
#7195 = DIRECTION ( 'NONE',  ( -0.000000000000000000, -1.000000000000000000, -0.000000000000000000 ) ) ;
#7196 = ORIENTED_EDGE ( 'NONE', *, *, #884, .T. ) ;
#7197 = VERTEX_POINT ( 'NONE', #2308 ) ;
#7198 = EDGE_CURVE ( 'NONE', #6496, #3304, #1844, .T. ) ;
#7199 = CARTESIAN_POINT ( 'NONE',  ( 0.7291058865463236893, 0.000000000000000000, -0.5950933196900610733 ) ) ;
#7200 = CARTESIAN_POINT ( 'NONE',  ( 1.341339818900262770, 0.04000000000000000083, -0.3603044935183252750 ) ) ;
#7201 = CARTESIAN_POINT ( 'NONE',  ( 1.043515625000000169, 0.000000000000000000, -0.5769726562499998268 ) ) ;
#7202 = DIRECTION ( 'NONE',  ( 1.000000000000000000, 0.000000000000000000, 0.000000000000000000 ) ) ;
#7203 = CARTESIAN_POINT ( 'NONE',  ( 0.5775241918331265323, 0.04000000000000000083, -0.5911377198029297286 ) ) ;
#7204 = CARTESIAN_POINT ( 'NONE',  ( 1.566514956392551339, 0.000000000000000000, -0.3537862860718630764 ) ) ;
#7205 = CARTESIAN_POINT ( 'NONE',  ( 0.8448963237521920355, 0.000000000000000000, -0.4659705951868921003 ) ) ;
#7206 = FACE_OUTER_BOUND ( 'NONE', #5916, .T. ) ;
#7207 = EDGE_LOOP ( 'NONE', ( #2070, #2685, #439, #5303 ) ) ;
#7208 = EDGE_CURVE ( 'NONE', #6424, #4797, #1276, .T. ) ;
#7209 = CARTESIAN_POINT ( 'NONE',  ( 2.054208984375000213, 0.000000000000000000, -0.4612499999999996048 ) ) ;
#7210 = CARTESIAN_POINT ( 'NONE',  ( 0.8877373489994101474, -0.000000000000000000, -0.5987327012354133338 ) ) ;
#7211 = CARTESIAN_POINT ( 'NONE',  ( 0.7688455672825215137, 0.000000000000000000, -0.5615968097073489318 ) ) ;
#7212 = CARTESIAN_POINT ( 'NONE',  ( 1.766367187499999991, 0.04000000000000000083, -0.5573437499999995826 ) ) ;
#7213 = CARTESIAN_POINT ( 'NONE',  ( 1.812851562500000124, 0.04000000000000000083, -0.6018749999999996048 ) ) ;
#7214 = CARTESIAN_POINT ( 'NONE',  ( 2.145669100233534632, 0.000000000000000000, -0.5928387995711422720 ) ) ;
#7215 = CARTESIAN_POINT ( 'NONE',  ( 1.229611024350991899, 0.04000000000000000083, -0.3762935857589672084 ) ) ;
#7216 = EDGE_CURVE ( 'NONE', #1525, #2476, #6294, .T. ) ;
#7217 = CARTESIAN_POINT ( 'NONE',  ( 1.976074589354286593, 0.000000000000000000, -0.3715362533805048328 ) ) ;
#7218 = CARTESIAN_POINT ( 'NONE',  ( 1.051036186825748286, 0.04000000000000000083, -0.3953436677225960483 ) ) ;
#7219 = FACE_OUTER_BOUND ( 'NONE', #3929, .T. ) ;
#7220 = CARTESIAN_POINT ( 'NONE',  ( 2.037146969992610135, 0.04000000000000000083, -0.5986672849666707652 ) ) ;
#7221 = CARTESIAN_POINT ( 'NONE',  ( 1.476546996622273955, 0.04000000000000000083, -0.5882203109763198823 ) ) ;
#7222 = CARTESIAN_POINT ( 'NONE',  ( 2.016125547921755690, 0.04000000000000000083, -0.5224537783426569382 ) ) ;
ENDSEC;
END-ISO-10303-21;
