ISO-10303-21;
HEADER;
FILE_DESCRIPTION (( 'STEP AP214' ),
    '1' );
FILE_NAME ('Eggfinder LCD Case V2 Program Door_STEP.STEP',
    '2026-02-21T02:37:59',
    ( '' ),
    ( '' ),
    'SwSTEP 2.0',
    'SolidWorks 2024',
    '' );
FILE_SCHEMA (( 'AUTOMOTIVE_DESIGN' ));
ENDSEC;

DATA;
#1 = B_SPLINE_CURVE_WITH_KNOTS ( 'NONE', 3,
 ( #3740, #1204, #2202, #4602, #4698, #4730, #338, #306, #1299, #1236, #6032, #5105, #4634, #3643, #1676, #1742, #1170, #6093, #3198 ),
 .UNSPECIFIED., .F., .F.,
 ( 4, 1, 1, 1, 1, 1, 1, 1, 1, 1, 1, 1, 1, 1, 1, 1, 4 ),
 ( 0.000000000000000000, 0.06939722258969714674, 0.1358146130938058249, 0.1999374310785876074, 0.2624119349190583983, 0.3231370129599319685, 0.3822617588893446605, 0.4403934758608926692, 0.4985087807155207940, 0.5566045901593710266, 0.6150207315980802392, 0.6743829798034521872, 0.7356213399213481496, 0.7984768865626264978, 0.8629404959799606978, 0.9301147940872457331, 1.000000000000000000 ),
 .UNSPECIFIED. ) ;
#2 = LINE ( 'NONE', #957, #938 ) ;
#3 = CARTESIAN_POINT ( 'NONE',  ( 1.611959180508165890, 0.04000000000000000083, -0.5065921339596431983 ) ) ;
#4 = CARTESIAN_POINT ( 'NONE',  ( 1.798314247221638684, 0.04000000000000000083, -0.5381625900991808820 ) ) ;
#5 = VECTOR ( 'NONE', #907, 39.37007874015748143 ) ;
#6 = CARTESIAN_POINT ( 'NONE',  ( 1.010304487179906063, 0.000000000000000000, -0.5216015625000001155 ) ) ;
#7 = CARTESIAN_POINT ( 'NONE',  ( 1.565724409054905397, 0.04000000000000000083, -0.7362499999999999600 ) ) ;
#8 = DIRECTION ( 'NONE',  ( 1.724651511151681521E-17, 0.000000000000000000, -1.000000000000000000 ) ) ;
#9 = CARTESIAN_POINT ( 'NONE',  ( 1.987799062737381162, 0.000000000000000000, -0.6372473612529567788 ) ) ;
#10 = CARTESIAN_POINT ( 'NONE',  ( 1.383455271777545681, 0.04000000000000000083, -0.7279091463883348156 ) ) ;
#11 = CARTESIAN_POINT ( 'NONE',  ( 1.728900917347253152, 0.04000000000000000083, -0.6799757533355104133 ) ) ;
#12 = PRODUCT_DEFINITION ( 'UNKNOWN', '', #1536, #1360 ) ;
#13 = CARTESIAN_POINT ( 'NONE',  ( 0.7266619090549053528, 0.04000000000000000083, -0.4893750000000000044 ) ) ;
#14 = EDGE_CURVE ( 'NONE', #5957, #123, #245, .T. ) ;
#15 = ORIENTED_EDGE ( 'NONE', *, *, #4126, .T. ) ;
#16 = VECTOR ( 'NONE', #4757, 39.37007874015748854 ) ;
#17 = VECTOR ( 'NONE', #3265, 39.37007874015748143 ) ;
#18 = CARTESIAN_POINT ( 'NONE',  ( 1.756973919283858043, 0.000000000000000000, -0.6946510964328902471 ) ) ;
#19 = CARTESIAN_POINT ( 'NONE',  ( 1.115870893429905752, 0.000000000000000000, -0.6829296874999999378 ) ) ;
#20 = LINE ( 'NONE', #5902, #142 ) ;
#21 = LINE ( 'NONE', #1483, #2378 ) ;
#22 = ADVANCED_FACE ( 'NONE', ( #3197 ), #1707, .T. ) ;
#23 = CARTESIAN_POINT ( 'NONE',  ( 1.661816482012886009, 0.000000000000000000, -0.5269625847838745880 ) ) ;
#24 = VERTEX_POINT ( 'NONE', #2201 ) ;
#25 = CARTESIAN_POINT ( 'NONE',  ( 0.8995797985643696482, 0.04000000000000000083, -0.7169725059948139911 ) ) ;
#26 = VERTEX_POINT ( 'NONE', #4662 ) ;
#27 = CARTESIAN_POINT ( 'NONE',  ( 2.107111404935126941, 0.000000000000000000, -0.7266000665955246740 ) ) ;
#28 = CARTESIAN_POINT ( 'NONE',  ( 0.9616892447190834581, 0.04000000000000000083, -0.7309173442086571715 ) ) ;
#29 = CARTESIAN_POINT ( 'NONE',  ( 1.119801729226426623, 0.04000000000000000083, -0.6343080054560634728 ) ) ;
#30 = CARTESIAN_POINT ( 'NONE',  ( 1.052239692446510944, 0.04000000000000000083, -0.6434199382235037401 ) ) ;
#31 = CARTESIAN_POINT ( 'NONE',  ( 1.997065884624477983, 0.000000000000000000, -0.7356584067465468113 ) ) ;
#32 = ORIENTED_EDGE ( 'NONE', *, *, #2799, .T. ) ;
#33 = VERTEX_POINT ( 'NONE', #5197 ) ;
#34 = FACE_OUTER_BOUND ( 'NONE', #4530, .T. ) ;
#35 = CARTESIAN_POINT ( 'NONE',  ( 1.745460737179905575, 0.04000000000000000083, -0.5799999999999999600 ) ) ;
#36 = CARTESIAN_POINT ( 'NONE',  ( 1.598617746523097294, 0.000000000000000000, -0.4910786117551032004 ) ) ;
#37 = CARTESIAN_POINT ( 'NONE',  ( 1.763880060268210315, 0.000000000000000000, -0.6954613183098844464 ) ) ;
#38 = CARTESIAN_POINT ( 'NONE',  ( 0.8870561645206488377, 0.04000000000000000083, -0.7343265376928468369 ) ) ;
#39 = CARTESIAN_POINT ( 'NONE',  ( 2.113358348082477800, 0.04000000000000000083, -0.5189743242880153762 ) ) ;
#40 = CARTESIAN_POINT ( 'NONE',  ( 1.612896946833452416, 0.000000000000000000, -0.7146062921768565612 ) ) ;
#41 = CARTESIAN_POINT ( 'NONE',  ( 1.959995555432552550, 0.04000000000000000083, -0.5942874467830964180 ) ) ;
#42 = EDGE_CURVE ( 'NONE', #376, #2342, #4186, .T. ) ;
#43 = CARTESIAN_POINT ( 'NONE',  ( 2.003270906212587743, 0.04000000000000000083, -0.7359727928301215139 ) ) ;
#44 = CARTESIAN_POINT ( 'NONE',  ( 1.426857221554905575, 0.04000000000000000083, -0.7362499999999999600 ) ) ;
#45 = B_SPLINE_CURVE_WITH_KNOTS ( 'NONE', 3,
 ( #2749, #3349, #2778, #1734, #5256, #5160, #392, #359, #3762, #1290, #1320 ),
 .UNSPECIFIED., .F., .F.,
 ( 4, 1, 1, 1, 1, 1, 1, 1, 4 ),
 ( 0.000000000000000000, 0.1402943894369882427, 0.2690238711738889288, 0.3898006988269686057, 0.5083482253201334622, 0.6259820118935320865, 0.7431690458776171182, 0.8666051232822475914, 1.000000000000000000 ),
 .UNSPECIFIED. ) ;
#46 = CARTESIAN_POINT ( 'NONE',  ( 1.710304487179905575, 0.04000000000000000083, -0.5480664062500000266 ) ) ;
#47 = CARTESIAN_POINT ( 'NONE',  ( 0.8759294871799053750, 0.000000000000000000, -0.4893750000000000044 ) ) ;
#48 = ORIENTED_EDGE ( 'NONE', *, *, #207, .F. ) ;
#49 = EDGE_CURVE ( 'NONE', #6136, #5852, #2320, .T. ) ;
#50 = CARTESIAN_POINT ( 'NONE',  ( 1.710304487179905575, 0.04000000000000000083, -0.5480664062500000266 ) ) ;
#51 = CARTESIAN_POINT ( 'NONE',  ( 0.4999999999999998335, 0.000000000000000000, -0.3649999999999999911 ) ) ;
#52 = CARTESIAN_POINT ( 'NONE',  ( 1.208922318698867571, 0.04000000000000000083, -0.7362422922750069265 ) ) ;
#53 = EDGE_CURVE ( 'NONE', #3616, #476, #3705, .T. ) ;
#54 = CARTESIAN_POINT ( 'NONE',  ( 0.9946093181914842374, 0.000000000000000000, -0.7375105510891896143 ) ) ;
#55 = ORIENTED_EDGE ( 'NONE', *, *, #5533, .F. ) ;
#56 = CARTESIAN_POINT ( 'NONE',  ( 1.072807442151357815, 0.000000000000000000, -0.7167076236229926733 ) ) ;
#57 = ORIENTED_EDGE ( 'NONE', *, *, #944, .T. ) ;
#58 = DIRECTION ( 'NONE',  ( -0.000000000000000000, -1.000000000000000000, -0.000000000000000000 ) ) ;
#59 = CARTESIAN_POINT ( 'NONE',  ( 0.9839861278049059079, 0.04000000000000000083, -0.7393750000000001155 ) ) ;
#60 = CARTESIAN_POINT ( 'NONE',  ( 0.8494475127983880380, 0.000000000000000000, -0.5074720540016978143 ) ) ;
#61 = CARTESIAN_POINT ( 'NONE',  ( 1.095981238116829237, 0.04000000000000000083, -0.5908602598766083958 ) ) ;
#62 = CARTESIAN_POINT ( 'NONE',  ( 0.7442187974722289656, 0.000000000000000000, -0.7270785883326325028 ) ) ;
#63 = ADVANCED_FACE ( 'NONE', ( #305 ), #1039, .T. ) ;
#64 = VERTEX_POINT ( 'NONE', #2822 ) ;
#65 = EDGE_CURVE ( 'NONE', #3635, #727, #2329, .T. ) ;
#66 = ORIENTED_EDGE ( 'NONE', *, *, #5714, .F. ) ;
#67 = ORIENTED_EDGE ( 'NONE', *, *, #2203, .T. ) ;
#68 = FACE_OUTER_BOUND ( 'NONE', #1917, .T. ) ;
#69 = CARTESIAN_POINT ( 'NONE',  ( 1.571520055508351055, 0.04000000000000000083, -0.4938218264033372717 ) ) ;
#70 = CARTESIAN_POINT ( 'NONE',  ( 2.029786909054905220, 0.04000000000000000083, -0.6925000000000000044 ) ) ;
#71 = CARTESIAN_POINT ( 'NONE',  ( 1.560376766784887570, -0.000000000000000000, -0.5174596313471864217 ) ) ;
#72 = CARTESIAN_POINT ( 'NONE',  ( 1.010122235186169393, 0.04000000000000000083, -0.5144648697149064587 ) ) ;
#73 = CARTESIAN_POINT ( 'NONE',  ( 2.088699410802785206, 0.04000000000000000083, -0.4894783444736948708 ) ) ;
#74 = CARTESIAN_POINT ( 'NONE',  ( 1.612264134385513747, 0.04000000000000000083, -0.7180788956478462159 ) ) ;
#75 = CIRCLE ( 'NONE', #3961, 0.1250000000000000278 ) ;
#76 = CARTESIAN_POINT ( 'NONE',  ( 1.761735317671229817, 0.000000000000000000, -0.5332466344749231535 ) ) ;
#77 = CARTESIAN_POINT ( 'NONE',  ( 1.100490034054905752, 0.04000000000000000083, -0.7317089843750000933 ) ) ;
#78 = B_SPLINE_SURFACE_WITH_KNOTS ( 'NONE', 3, 1, ( 
 ( #3374, #5886 ),
 ( #5854, #987 ),
 ( #2963, #4903 ),
 ( #511, #2903 ),
 ( #2016, #4840 ),
 ( #6014, #3086 ),
 ( #2051, #2570 ),
 ( #2082, #5984 ),
 ( #3562, #2602 ),
 ( #3497, #1179 ),
 ( #225, #5022 ),
 ( #2177, #1119 ),
 ( #5920, #4487 ),
 ( #4962, #3589 ),
 ( #1530, #5085 ),
 ( #5500, #3142 ),
 ( #3622, #4072 ),
 ( #101, #1086 ),
 ( #5528, #5438 ) ),
 .UNSPECIFIED., .F., .F., .F.,
 ( 4, 1, 1, 1, 1, 1, 1, 1, 1, 1, 1, 1, 1, 1, 1, 1, 4 ),
 ( 2, 2 ),
 ( 0.000000000000000000, 0.07632991237579972443, 0.1475902797655206378, 0.2141341229181883410, 0.2766335995961090588, 0.3354621556079133704, 0.3904701877972195367, 0.4445106943788564302, 0.4965622250395489434, 0.5495416088508521257, 0.6031030765590439380, 0.6597058747106790966, 0.7195927783563121904, 0.7833678860529309507, 0.8506459785148551278, 0.9227992763119452491, 1.000000000000000000 ),
 ( 0.000000000000000000, 1.000000000000000000 ),
 .UNSPECIFIED. ) ;
#79 = CARTESIAN_POINT ( 'NONE',  ( 1.838379791394499918, 0.04000000000000000083, -0.6187231248477531587 ) ) ;
#80 = CARTESIAN_POINT ( 'NONE',  ( 1.944682442151357327, 0.04000000000000000083, -0.7167076236229928954 ) ) ;
#81 = CARTESIAN_POINT ( 'NONE',  ( 1.922804487179905264, 0.000000000000000000, -0.6608593750000000266 ) ) ;
#82 = ORIENTED_EDGE ( 'NONE', *, *, #3697, .F. ) ;
#83 = CARTESIAN_POINT ( 'NONE',  ( 2.113429487179905308, 0.04000000000000000083, -0.5214062499999999600 ) ) ;
#84 = DIRECTION ( 'NONE',  ( 0.000000000000000000, 0.000000000000000000, -1.000000000000000000 ) ) ;
#85 = VECTOR ( 'NONE', #645, 39.37007874015748143 ) ;
#86 = CARTESIAN_POINT ( 'NONE',  ( 2.097528139869468955, 0.04000000000000000083, -0.7333496907531327214 ) ) ;
#87 = CARTESIAN_POINT ( 'NONE',  ( 1.010240318423201833, 0.04000000000000000083, -0.7097608649968422112 ) ) ;
#88 = VERTEX_POINT ( 'NONE', #2480 ) ;
#89 = ADVANCED_FACE ( 'NONE', ( #1474 ), #5412, .T. ) ;
#90 = CARTESIAN_POINT ( 'NONE',  ( 0.9541362347901385377, 0.04000000000000000083, -0.5192325721664362570 ) ) ;
#91 = ORIENTED_EDGE ( 'NONE', *, *, #6267, .T. ) ;
#92 = CARTESIAN_POINT ( 'NONE',  ( 1.474107282438539279, 0.04000000000000000083, -0.4961317259515357625 ) ) ;
#93 = CARTESIAN_POINT ( 'NONE',  ( 0.9542919257015421985, 0.000000000000000000, -0.5147207550859113079 ) ) ;
#94 = CARTESIAN_POINT ( 'NONE',  ( 0.9660916658251496036, 0.04000000000000000083, -0.4940636039383386469 ) ) ;
#95 = CARTESIAN_POINT ( 'NONE',  ( 0.8549813327993925904, 0.04000000000000000083, -0.7363010216256794527 ) ) ;
#96 = CARTESIAN_POINT ( 'NONE',  ( 1.426857221554905575, 0.000000000000000000, -0.7362499999999999600 ) ) ;
#97 = ORIENTED_EDGE ( 'NONE', *, *, #5030, .F. ) ;
#98 = EDGE_CURVE ( 'NONE', #5473, #1010, #3116, .T. ) ;
#99 = EDGE_LOOP ( 'NONE', ( #5595, #3496, #4197, #166, #2893 ) ) ;
#100 = ORIENTED_EDGE ( 'NONE', *, *, #1541, .T. ) ;
#101 = CARTESIAN_POINT ( 'NONE',  ( 2.080797318698867748, 0.04000000000000000083, -0.7362422922750070375 ) ) ;
#102 = CARTESIAN_POINT ( 'NONE',  ( 1.458525488838899875, -0.000000000000000000, -0.5293639032030675873 ) ) ;
#103 = CARTESIAN_POINT ( 'NONE',  ( 0.7266619090549053528, 0.04000000000000000083, -0.4893750000000000044 ) ) ;
#104 = CARTESIAN_POINT ( 'NONE',  ( 1.756973919283858043, 0.000000000000000000, -0.6946510964328902471 ) ) ;
#105 = EDGE_LOOP ( 'NONE', ( #766, #374, #3027, #4951 ) ) ;
#106 = CARTESIAN_POINT ( 'NONE',  ( 1.661816482012886009, 0.04000000000000000083, -0.5269625847838745880 ) ) ;
#107 = CARTESIAN_POINT ( 'NONE',  ( 1.107431421502358626, 0.000000000000000000, -0.6665005902013986239 ) ) ;
#108 = EDGE_CURVE ( 'NONE', #4686, #2215, #5691, .T. ) ;
#109 = CARTESIAN_POINT ( 'NONE',  ( 1.613429487179905530, 0.04000000000000000083, -0.5195996093750000488 ) ) ;
#110 = AXIS2_PLACEMENT_3D ( 'NONE', #347, #408, #4322 ) ;
#111 = CARTESIAN_POINT ( 'NONE',  ( 1.563345906875897251, 0.000000000000000000, -0.7362254443784330693 ) ) ;
#112 = DIRECTION ( 'NONE',  ( 1.000000000000000000, 0.000000000000000000, 0.000000000000000000 ) ) ;
#113 = PLANE ( 'NONE',  #1643 ) ;
#114 = ORIENTED_EDGE ( 'NONE', *, *, #3476, .T. ) ;
#115 = VECTOR ( 'NONE', #1357, 39.37007874015748143 ) ;
#116 = EDGE_LOOP ( 'NONE', ( #4583, #631, #4902, #2801, #2772, #4600, #741, #498, #3364, #985 ) ) ;
#117 = DIRECTION ( 'NONE',  ( 0.000000000000000000, 0.000000000000000000, 1.000000000000000000 ) ) ;
#118 = CARTESIAN_POINT ( 'NONE',  ( 1.524806440304905530, 0.000000000000000000, -0.7020214843750001155 ) ) ;
#119 = CARTESIAN_POINT ( 'NONE',  ( 2.111397415065153549, 0.04000000000000000083, -0.7185264885591116091 ) ) ;
#120 = EDGE_CURVE ( 'NONE', #6104, #1235, #6003, .T. ) ;
#121 = DIRECTION ( 'NONE',  ( 0.1910251177206492290, 0.000000000000000000, 0.9815851488280638026 ) ) ;
#122 = CARTESIAN_POINT ( 'NONE',  ( 1.100490034054905752, 0.000000000000000000, -0.7317089843750000933 ) ) ;
#123 = VERTEX_POINT ( 'NONE', #6112 ) ;
#124 = CARTESIAN_POINT ( 'NONE',  ( 1.560304487179905664, 0.04000000000000000083, -0.5196484375000000044 ) ) ;
#125 = CARTESIAN_POINT ( 'NONE',  ( 0.9817295246001155329, -0.000000000000000000, -0.4894666760164760877 ) ) ;
#126 = CARTESIAN_POINT ( 'NONE',  ( 0.2000000000000000111, 0.1400000000000000133, -0.6792500000000000204 ) ) ;
#127 = CARTESIAN_POINT ( 'NONE',  ( 1.567419642280679648, 0.000000000000000000, -0.4974999878971747003 ) ) ;
#128 = CARTESIAN_POINT ( 'NONE',  ( 1.925673690198496102, 0.000000000000000000, -0.6847626957698803585 ) ) ;
#129 = ORIENTED_EDGE ( 'NONE', *, *, #3543, .F. ) ;
#130 = ADVANCED_FACE ( 'NONE', ( #2249 ), #739, .T. ) ;
#131 = VERTEX_POINT ( 'NONE', #5122 ) ;
#132 = VERTEX_POINT ( 'NONE', #5216 ) ;
#133 = DIRECTION ( 'NONE',  ( 0.000000000000000000, 0.000000000000000000, -1.000000000000000000 ) ) ;
#134 = CARTESIAN_POINT ( 'NONE',  ( 1.560376766784887570, 0.000000000000000000, -0.5174596313471864217 ) ) ;
#135 = VECTOR ( 'NONE', #3209, 39.37007874015748143 ) ;
#136 = CARTESIAN_POINT ( 'NONE',  ( 0.7024987142455111355, 0.04000000000000000083, -0.4977812166467366906 ) ) ;
#137 = EDGE_CURVE ( 'NONE', #4832, #3684, #3822, .T. ) ;
#138 = CARTESIAN_POINT ( 'NONE',  ( 1.715405917995800333, 0.000000000000000000, -0.6619560225051788205 ) ) ;
#139 = ORIENTED_EDGE ( 'NONE', *, *, #2667, .F. ) ;
#140 = DIRECTION ( 'NONE',  ( 0.9999999921008492221, 0.000000000000000000, -0.0001256912946021341237 ) ) ;
#141 = CARTESIAN_POINT ( 'NONE',  ( 1.456182082736453776, 0.04000000000000000083, -0.7269627238124476420 ) ) ;
#142 = VECTOR ( 'NONE', #3421, 39.37007874015748143 ) ;
#143 = CARTESIAN_POINT ( 'NONE',  ( 1.059288929458669370, 0.04000000000000000083, -0.6989466174180837266 ) ) ;
#144 = CARTESIAN_POINT ( 'NONE',  ( 1.552658766736872975, 0.000000000000000000, -0.7355145572601897719 ) ) ;
#145 =( CONVERSION_BASED_UNIT ( 'INCH', #4527 ) LENGTH_UNIT ( ) NAMED_UNIT ( #1876 ) );
#146 = CARTESIAN_POINT ( 'NONE',  ( 1.940932398142129811, 0.000000000000000000, -0.6085854038213164285 ) ) ;
#147 = VERTEX_POINT ( 'NONE', #3310 ) ;
#148 = ORIENTED_EDGE ( 'NONE', *, *, #3149, .T. ) ;
#149 = CARTESIAN_POINT ( 'NONE',  ( 0.9774270794135049290, 0.04000000000000000083, -0.7391118740944179200 ) ) ;
#150 = FACE_BOUND ( 'NONE', #4256, .T. ) ;
#151 = VECTOR ( 'NONE', #2006, 39.37007874015748143 ) ;
#152 = LINE ( 'NONE', #3484, #3095 ) ;
#153 = CARTESIAN_POINT ( 'NONE',  ( 1.214894330929905841, 0.000000000000000000, -0.4893750000000000044 ) ) ;
#154 = ORIENTED_EDGE ( 'NONE', *, *, #2246, .T. ) ;
#155 = LINE ( 'NONE', #2041, #920 ) ;
#156 = CARTESIAN_POINT ( 'NONE',  ( 2.238333333333333730, 0.07833333333333485082, -0.1833333333333345694 ) ) ;
#157 = CARTESIAN_POINT ( 'NONE',  ( 0.9839861278049059079, 0.000000000000000000, -0.4893750000000001155 ) ) ;
#158 = CARTESIAN_POINT ( 'NONE',  ( 1.060044030121990666, 0.04000000000000000083, -0.6209116725288940097 ) ) ;
#159 = CARTESIAN_POINT ( 'NONE',  ( 1.377198421603221590, 0.000000000000000000, -0.7175827911707547413 ) ) ;
#160 = ORIENTED_EDGE ( 'NONE', *, *, #5875, .F. ) ;
#161 = ORIENTED_EDGE ( 'NONE', *, *, #577, .F. ) ;
#162 = ORIENTED_EDGE ( 'NONE', *, *, #5533, .T. ) ;
#163 = CARTESIAN_POINT ( 'NONE',  ( 1.197437334274282561, 0.000000000000000000, -0.4940949613715140409 ) ) ;
#164 = CARTESIAN_POINT ( 'NONE',  ( 1.586386269185758202, 0.04000000000000000083, -0.4894778167403063818 ) ) ;
#165 = DIRECTION ( 'NONE',  ( -0.000000000000000000, -1.000000000000000000, -0.000000000000000000 ) ) ;
#166 = ORIENTED_EDGE ( 'NONE', *, *, #6068, .F. ) ;
#167 = DIRECTION ( 'NONE',  ( 0.000000000000000000, 0.000000000000000000, -1.000000000000000000 ) ) ;
#168 = CARTESIAN_POINT ( 'NONE',  ( 1.145802534054905841, 0.04000000000000000083, -0.5831250000000000044 ) ) ;
#169 = CARTESIAN_POINT ( 'NONE',  ( 1.657621228432649918, 0.04000000000000000083, -0.5390989695264859494 ) ) ;
#170 = CARTESIAN_POINT ( 'NONE',  ( 1.124403443486030385, 0.000000000000000000, -0.6319324330598170558 ) ) ;
#171 = VECTOR ( 'NONE', #354, 39.37007874015748143 ) ;
#172 = CARTESIAN_POINT ( 'NONE',  ( 0.8777482983523854365, 0.04000000000000000083, -0.4894554326371468034 ) ) ;
#173 = VERTEX_POINT ( 'NONE', #322 ) ;
#174 = CARTESIAN_POINT ( 'NONE',  ( 0.6947506969205405891, 0.04000000000000000083, -0.7111116464360122125 ) ) ;
#175 = AXIS2_PLACEMENT_3D ( 'NONE', #4613, #317, #2277 ) ;
#176 = ORIENTED_EDGE ( 'NONE', *, *, #4202, .T. ) ;
#177 = CARTESIAN_POINT ( 'NONE',  ( 1.745531162030891315, 0.000000000000000000, -0.4906680382963545251 ) ) ;
#178 = LINE ( 'NONE', #746, #515 ) ;
#179 = CARTESIAN_POINT ( 'NONE',  ( 1.709930108842510954, 0.000000000000000000, -0.6554230818510524692 ) ) ;
#180 = DIRECTION ( 'NONE',  ( -0.000000000000000000, -1.000000000000000000, -0.000000000000000000 ) ) ;
#181 = ORIENTED_EDGE ( 'NONE', *, *, #2567, .F. ) ;
#182 = CARTESIAN_POINT ( 'NONE',  ( 1.524806440304905530, 0.04000000000000000083, -0.7020214843750001155 ) ) ;
#183 = PLANE ( 'NONE',  #5152 ) ;
#184 = CARTESIAN_POINT ( 'NONE',  ( 0.8478981602852648791, 0.000000000000000000, -0.5176555267358625700 ) ) ;
#185 = CARTESIAN_POINT ( 'NONE',  ( 1.931163929458668882, 0.000000000000000000, -0.6989466174180838376 ) ) ;
#186 = CARTESIAN_POINT ( 'NONE',  ( 1.378345129665667690, 0.000000000000000000, -0.7205800435056687325 ) ) ;
#187 = VERTEX_POINT ( 'NONE', #2712 ) ;
#188 = DIRECTION ( 'NONE',  ( 0.000000000000000000, -0.000000000000000000, 1.000000000000000000 ) ) ;
#189 = ADVANCED_FACE ( 'NONE', ( #1253 ), #5154, .T. ) ;
#190 = ORIENTED_EDGE ( 'NONE', *, *, #2667, .T. ) ;
#191 = ORIENTED_EDGE ( 'NONE', *, *, #1381, .F. ) ;
#192 = CARTESIAN_POINT ( 'NONE',  ( 1.710304487179905575, 0.04000000000000000083, -0.5799999999999999600 ) ) ;
#193 = CARTESIAN_POINT ( 'NONE',  ( 1.383044063519956790, 0.000000000000000000, -0.4975010437442897171 ) ) ;
#194 = CARTESIAN_POINT ( 'NONE',  ( 1.576503429023484726, 0.04000000000000000083, -0.4911699182281333842 ) ) ;
#195 = CARTESIAN_POINT ( 'NONE',  ( 0.6947540883937034506, 0.04000000000000000083, -0.5208762587359284657 ) ) ;
#196 = AXIS2_PLACEMENT_3D ( 'NONE', #4623, #1637, #239 ) ;
#197 = ORIENTED_EDGE ( 'NONE', *, *, #1146, .F. ) ;
#198 = CARTESIAN_POINT ( 'NONE',  ( 1.207521284054905886, 0.04000000000000000083, -0.7362499999999999600 ) ) ;
#199 = CARTESIAN_POINT ( 'NONE',  ( 1.464261349065736573, 0.04000000000000000083, -0.7043165516219213051 ) ) ;
#200 = CARTESIAN_POINT ( 'NONE',  ( 1.560304487179905664, 0.04000000000000000083, -0.6799999999999999378 ) ) ;
#201 = CARTESIAN_POINT ( 'NONE',  ( 1.703399162339077844, 0.000000000000000000, -0.7251547768737167665 ) ) ;
#202 = CARTESIAN_POINT ( 'NONE',  ( 1.662040493455708923, 0.000000000000000000, -0.6116574796490572563 ) ) ;
#203 = CARTESIAN_POINT ( 'NONE',  ( 1.443618306362833170, 0.000000000000000000, -0.7348318188605668100 ) ) ;
#204 = EDGE_LOOP ( 'NONE', ( #5601, #82, #2649, #4790 ) ) ;
#205 = CARTESIAN_POINT ( 'NONE',  ( 0.6962886798552460066, 0.04000000000000000083, -0.7213397502294378594 ) ) ;
#206 = VERTEX_POINT ( 'NONE', #4235 ) ;
#207 = EDGE_CURVE ( 'NONE', #26, #4412, #6171, .T. ) ;
#208 = CARTESIAN_POINT ( 'NONE',  ( 1.207521284054905886, 0.000000000000000000, -0.7362499999999999600 ) ) ;
#209 = EDGE_CURVE ( 'NONE', #1785, #543, #5659, .T. ) ;
#210 = PLANE ( 'NONE',  #5621 ) ;
#211 = EDGE_CURVE ( 'NONE', #3174, #206, #2743, .T. ) ;
#212 = CARTESIAN_POINT ( 'NONE',  ( 1.771767225926073719, 0.04000000000000000083, -0.7392764425951390272 ) ) ;
#213 = CARTESIAN_POINT ( 'NONE',  ( 1.979109395844689478, -0.000000000000000000, -0.6579403409033010020 ) ) ;
#214 = CARTESIAN_POINT ( 'NONE',  ( 1.710304487179905575, 0.04000000000000000083, -0.5480664062500000266 ) ) ;
#215 = CARTESIAN_POINT ( 'NONE',  ( 1.237685893904240775, 0.000000000000000000, -0.5022764856182353466 ) ) ;
#216 = DIRECTION ( 'NONE',  ( 0.000000000000000000, 0.000000000000000000, 1.000000000000000000 ) ) ;
#217 = EDGE_CURVE ( 'NONE', #3737, #1555, #2817, .T. ) ;
#218 = CARTESIAN_POINT ( 'NONE',  ( 1.815029803629884420, 0.04000000000000000083, -0.6803083471560583684 ) ) ;
#219 = CARTESIAN_POINT ( 'NONE',  ( 1.429054487179905575, 0.04000000000000000083, -0.6799999999999999378 ) ) ;
#220 = CARTESIAN_POINT ( 'NONE',  ( 1.458036284001869909, 0.000000000000000000, -0.7235988223764778793 ) ) ;
#221 = EDGE_CURVE ( 'NONE', #5460, #4341, #3297, .T. ) ;
#222 = DIRECTION ( 'NONE',  ( -0.000000000000000000, -1.000000000000000000, -0.000000000000000000 ) ) ;
#223 = ORIENTED_EDGE ( 'NONE', *, *, #2000, .T. ) ;
#224 = ORIENTED_EDGE ( 'NONE', *, *, #4670, .T. ) ;
#225 = CARTESIAN_POINT ( 'NONE',  ( 2.102864168791268362, 0.04000000000000000083, -0.7305022709825920169 ) ) ;
#226 = CARTESIAN_POINT ( 'NONE',  ( 1.402124492928383592, -0.000000000000000000, -0.4894744996973858786 ) ) ;
#227 = VECTOR ( 'NONE', #2235, 39.37007874015748143 ) ;
#228 = VECTOR ( 'NONE', #736, 39.37007874015748143 ) ;
#229 = CARTESIAN_POINT ( 'NONE',  ( 1.922883731520457662, -0.000000000000000000, -0.6578450886893918437 ) ) ;
#230 = CARTESIAN_POINT ( 'NONE',  ( 1.119425891385690042, 0.000000000000000000, -0.7351717324689980293 ) ) ;
#231 = ORIENTED_EDGE ( 'NONE', *, *, #5250, .T. ) ;
#232 = CARTESIAN_POINT ( 'NONE',  ( 1.051163031618342902, 0.000000000000000000, -0.6519758408726168408 ) ) ;
#233 = CARTESIAN_POINT ( 'NONE',  ( 1.214894330929905841, 0.04000000000000000083, -0.4893750000000000044 ) ) ;
#234 = FACE_OUTER_BOUND ( 'NONE', #5359, .T. ) ;
#235 = CARTESIAN_POINT ( 'NONE',  ( 1.665900850217559626, 0.04000000000000000083, -0.6839488409616876208 ) ) ;
#236 = APPLICATION_PROTOCOL_DEFINITION ( 'draft international standard', 'automotive_design', 1998, #1846 ) ;
#237 = CARTESIAN_POINT ( 'NONE',  ( 1.833988177525957219, 0.04000000000000000083, -0.5797518390386818821 ) ) ;
#238 = VERTEX_POINT ( 'NONE', #450 ) ;
#239 = DIRECTION ( 'NONE',  ( 0.000000000000000000, 0.000000000000000000, 1.000000000000000000 ) ) ;
#240 = CARTESIAN_POINT ( 'NONE',  ( 0.6948946821016818154, 0.04000000000000000083, -0.5158284825360056614 ) ) ;
#241 = CARTESIAN_POINT ( 'NONE',  ( 1.219187328429527151, 0.000000000000000000, -0.7352390000847036644 ) ) ;
#242 = CARTESIAN_POINT ( 'NONE',  ( 1.745460737179905575, 0.000000000000000000, -0.5799999999999999600 ) ) ;
#243 = CARTESIAN_POINT ( 'NONE',  ( 1.890142677013845196, 0.04000000000000000083, -0.6538268478142293949 ) ) ;
#244 = CARTESIAN_POINT ( 'NONE',  ( 1.463816727537642803, 0.000000000000000000, -0.5107745593281035612 ) ) ;
#245 = LINE ( 'NONE', #719, #5225 ) ;
#246 = EDGE_CURVE ( 'NONE', #6167, #4491, #6269, .T. ) ;
#247 = CARTESIAN_POINT ( 'NONE',  ( 1.676804996875719045, 0.04000000000000000083, -0.6542057912973630041 ) ) ;
#248 = CARTESIAN_POINT ( 'NONE',  ( 1.998454248247542031, 0.000000000000000000, -0.6888589245931215910 ) ) ;
#249 = EDGE_CURVE ( 'NONE', #64, #2568, #4626, .T. ) ;
#250 = CARTESIAN_POINT ( 'NONE',  ( 1.815029803629884420, 0.000000000000000000, -0.6803083471560583684 ) ) ;
#251 = CARTESIAN_POINT ( 'NONE',  ( 0.7665544871799053750, 0.000000000000000000, -0.5189160156250000044 ) ) ;
#252 = CARTESIAN_POINT ( 'NONE',  ( 1.115870893429905752, 0.04000000000000000083, -0.6829296874999999378 ) ) ;
#253 = CARTESIAN_POINT ( 'NONE',  ( 1.976532787042074135, 0.04000000000000000083, -0.7328658653892226038 ) ) ;
#254 = VERTEX_POINT ( 'NONE', #3851 ) ;
#255 = ORIENTED_EDGE ( 'NONE', *, *, #1725, .F. ) ;
#256 = CARTESIAN_POINT ( 'NONE',  ( 1.377198421603221590, 0.000000000000000000, -0.7175827911707547413 ) ) ;
#257 = CARTESIAN_POINT ( 'NONE',  ( 2.014297921151178894, 0.04000000000000000083, -0.6276072213740757633 ) ) ;
#258 = ORIENTED_EDGE ( 'NONE', *, *, #2194, .F. ) ;
#259 = CARTESIAN_POINT ( 'NONE',  ( 1.524806440304905530, 0.04000000000000000083, -0.7020214843750001155 ) ) ;
#260 = CARTESIAN_POINT ( 'NONE',  ( 1.157911909054905708, 0.04000000000000000083, -0.6268749999999999600 ) ) ;
#261 = ORIENTED_EDGE ( 'NONE', *, *, #2285, .T. ) ;
#262 = B_SPLINE_CURVE_WITH_KNOTS ( 'NONE', 3,
 ( #548, #71, #2020, #2564, #5434, #127, #1592, #3557, #4417, #5493, #5913 ),
 .UNSPECIFIED., .F., .F.,
 ( 4, 1, 1, 1, 1, 1, 1, 1, 4 ),
 ( 0.000000000000000000, 0.1398494190053519437, 0.2681627003714484592, 0.3889048537734010602, 0.5053543800120462448, 0.6211455851889932100, 0.7380783065581103530, 0.8631088051525332983, 1.000000000000000000 ),
 .UNSPECIFIED. ) ;
#263 = CARTESIAN_POINT ( 'NONE',  ( 0.7283223191602938851, 0.000000000000000000, -0.7391253615402667565 ) ) ;
#264 = CARTESIAN_POINT ( 'NONE',  ( 2.080408026208834471, 0.000000000000000000, -0.4896555717446321454 ) ) ;
#265 = LINE ( 'NONE', #2775, #3389 ) ;
#266 = CARTESIAN_POINT ( 'NONE',  ( 1.995730721102108474, 0.04000000000000000083, -0.5842720217304788743 ) ) ;
#267 = CARTESIAN_POINT ( 'NONE',  ( 0.7058091336034709729, 0.04000000000000000083, -0.7349402306124369622 ) ) ;
#268 = CARTESIAN_POINT ( 'NONE',  ( 0.2000000000000000111, 0.1400000000000000133, -0.5507499999999999618 ) ) ;
#269 = CARTESIAN_POINT ( 'NONE',  ( 1.598617746523097294, 0.04000000000000000083, -0.4910786117551032004 ) ) ;
#270 = CARTESIAN_POINT ( 'NONE',  ( 1.881239693776089350, 0.04000000000000000083, -0.5513158088305722959 ) ) ;
#271 = CARTESIAN_POINT ( 'NONE',  ( 0.7208586851107868787, 0.000000000000000000, -0.7392746610202701740 ) ) ;
#272 = CARTESIAN_POINT ( 'NONE',  ( 1.138020144867603278, 0.04000000000000000083, -0.7362523579507952443 ) ) ;
#273 = CARTESIAN_POINT ( 'NONE',  ( 1.745971109681790256, 0.000000000000000000, -0.5353052020652324661 ) ) ;
#274 = CARTESIAN_POINT ( 'NONE',  ( 1.668958520626598663, 0.000000000000000000, -0.6614720397614882730 ) ) ;
#275 = CARTESIAN_POINT ( 'NONE',  ( 1.990610854456254408, 0.000000000000000000, -0.6853627314024504091 ) ) ;
#276 = CARTESIAN_POINT ( 'NONE',  ( 1.881651661052698099, 0.04000000000000000083, -0.6770903126124550031 ) ) ;
#277 = CARTESIAN_POINT ( 'NONE',  ( 1.069057398142129633, 0.04000000000000000083, -0.6085854038213160955 ) ) ;
#278 = CARTESIAN_POINT ( 'NONE',  ( 1.709930108842510954, 0.000000000000000000, -0.6554230818510524692 ) ) ;
#279 = CARTESIAN_POINT ( 'NONE',  ( 1.126579248247542742, 8.537024980200822558E-18, -0.6888589245931213689 ) ) ;
#280 = ORIENTED_EDGE ( 'NONE', *, *, #6181, .T. ) ;
#281 = EDGE_LOOP ( 'NONE', ( #1859, #1838, #91, #2944 ) ) ;
#282 = CYLINDRICAL_SURFACE ( 'NONE', #5201, 0.1250000000000000000 ) ;
#283 = CARTESIAN_POINT ( 'NONE',  ( 2.229999999999999538, 0.1400000000000000133, -0.1250000000000000278 ) ) ;
#284 = CARTESIAN_POINT ( 'NONE',  ( 0.8311052684299053972, 0.04000000000000000083, -0.7079785156249999156 ) ) ;
#285 = B_SPLINE_SURFACE_WITH_KNOTS ( 'NONE', 3, 1, ( 
 ( #1233, #2753 ),
 ( #6152, #271 ),
 ( #4245, #4660 ),
 ( #777, #3224 ),
 ( #5135, #4693 ),
 ( #2228, #4630 ),
 ( #5608, #807 ),
 ( #1199, #6089 ),
 ( #3254, #747 ),
 ( #3640, #5102 ),
 ( #4184, #3287 ) ),
 .UNSPECIFIED., .F., .F., .F.,
 ( 4, 1, 1, 1, 1, 1, 1, 1, 4 ),
 ( 2, 2 ),
 ( 0.000000000000000000, 0.1389097126577631680, 0.2639610228471216957, 0.3808913182282731569, 0.4957771556646393685, 0.6115653426108732527, 0.7318968433117957195, 0.8602132000557086711, 1.000000000000000000 ),
 ( 0.000000000000000000, 1.000000000000000000 ),
 .UNSPECIFIED. ) ;
#286 = CARTESIAN_POINT ( 'NONE',  ( 1.241468419633695586, 0.04000000000000000083, -0.7077921830871947151 ) ) ;
#287 = ADVANCED_FACE ( 'NONE', ( #5348, #34 ), #1020, .T. ) ;
#288 = VECTOR ( 'NONE', #2075, 39.37007874015748143 ) ;
#289 = ORIENTED_EDGE ( 'NONE', *, *, #3242, .T. ) ;
#290 = CARTESIAN_POINT ( 'NONE',  ( 1.404298627804905442, 0.000000000000000000, -0.4893750000000000044 ) ) ;
#291 = DIRECTION ( 'NONE',  ( 0.000000000000000000, 0.000000000000000000, -1.000000000000000000 ) ) ;
#292 = CARTESIAN_POINT ( 'NONE',  ( 1.676658021327765979, 0.000000000000000000, -0.5145513045461380663 ) ) ;
#293 = CARTESIAN_POINT ( 'NONE',  ( 1.463077998984859907, 0.000000000000000000, -0.7086071453434762413 ) ) ;
#294 = ORIENTED_EDGE ( 'NONE', *, *, #4560, .T. ) ;
#295 = CARTESIAN_POINT ( 'NONE',  ( 1.769386518429905797, 0.04000000000000000083, -0.4893750000000000044 ) ) ;
#296 = CARTESIAN_POINT ( 'NONE',  ( 1.710304487179905575, 0.04000000000000000083, -0.5480664062500000266 ) ) ;
#297 = EDGE_CURVE ( 'NONE', #5625, #5460, #2994, .T. ) ;
#298 = EDGE_CURVE ( 'NONE', #1980, #6039, #1919, .T. ) ;
#299 = CYLINDRICAL_SURFACE ( 'NONE', #1826, 0.06249999999999995143 ) ;
#300 = CARTESIAN_POINT ( 'NONE',  ( 2.229999999999999538, 0.000000000000000000, -1.104999999999999982 ) ) ;
#301 = CARTESIAN_POINT ( 'NONE',  ( 1.776353707618672395, 0.000000000000000000, -0.5962752996905649194 ) ) ;
#302 = FACE_OUTER_BOUND ( 'NONE', #566, .T. ) ;
#303 = ORIENTED_EDGE ( 'NONE', *, *, #4320, .F. ) ;
#304 = LINE ( 'NONE', #336, #5578 ) ;
#305 = FACE_OUTER_BOUND ( 'NONE', #4803, .T. ) ;
#306 = CARTESIAN_POINT ( 'NONE',  ( 1.842502878105087394, 0.04000000000000000083, -0.5081351905995079576 ) ) ;
#307 = CARTESIAN_POINT ( 'NONE',  ( 2.029786909054905220, 0.000000000000000000, -0.6925000000000000044 ) ) ;
#308 = CARTESIAN_POINT ( 'NONE',  ( 1.823938795864575635, 0.04000000000000000083, -0.6701617500199026356 ) ) ;
#309 = DIRECTION ( 'NONE',  ( 1.000000000000000000, 0.000000000000000000, 0.000000000000000000 ) ) ;
#310 = CARTESIAN_POINT ( 'NONE',  ( 1.531593549679905575, 0.04000000000000000083, -0.5353710937500000266 ) ) ;
#311 = VECTOR ( 'NONE', #4267, 39.37007874015748143 ) ;
#312 = CARTESIAN_POINT ( 'NONE',  ( 1.155339892973302085, 0.04000000000000000083, -0.6924726754716854504 ) ) ;
#313 = ORIENTED_EDGE ( 'NONE', *, *, #4281, .T. ) ;
#314 = ORIENTED_EDGE ( 'NONE', *, *, #681, .T. ) ;
#315 = CARTESIAN_POINT ( 'NONE',  ( 1.504885159408923423, 0.04000000000000000083, -0.4903065445313095627 ) ) ;
#316 = VERTEX_POINT ( 'NONE', #2472 ) ;
#317 = DIRECTION ( 'NONE',  ( 0.000000000000000000, 1.000000000000000000, 0.000000000000000000 ) ) ;
#318 = CARTESIAN_POINT ( 'NONE',  ( 1.208922318698867571, 0.04000000000000000083, -0.7362422922750069265 ) ) ;
#319 = VECTOR ( 'NONE', #5261, 39.37007874015748143 ) ;
#320 = EDGE_CURVE ( 'NONE', #3084, #728, #2028, .T. ) ;
#321 = ORIENTED_EDGE ( 'NONE', *, *, #5639, .T. ) ;
#322 = CARTESIAN_POINT ( 'NONE',  ( 2.057179487179905397, 0.000000000000000000, -0.6925000000000000044 ) ) ;
#323 = VECTOR ( 'NONE', #4393, 39.37007874015748143 ) ;
#324 = EDGE_CURVE ( 'NONE', #534, #3268, #417, .T. ) ;
#325 = CARTESIAN_POINT ( 'NONE',  ( 2.058978316266319997, 0.04000000000000000083, -0.5080936862799417808 ) ) ;
#326 = CARTESIAN_POINT ( 'NONE',  ( 1.664871923455722325, 0.000000000000000000, -0.6150814801740419613 ) ) ;
#327 = FACE_OUTER_BOUND ( 'NONE', #1219, .T. ) ;
#328 = CARTESIAN_POINT ( 'NONE',  ( 1.691383674748812460, -0.000000000000000000, -0.6501121880039365530 ) ) ;
#329 = DIRECTION ( 'NONE',  ( -0.000000000000000000, -1.000000000000000000, -0.000000000000000000 ) ) ;
#330 = CARTESIAN_POINT ( 'NONE',  ( 1.078731691666809045, 0.04000000000000000083, -0.7215291218473318668 ) ) ;
#331 = DIRECTION ( 'NONE',  ( 0.000000000000000000, -0.000000000000000000, 1.000000000000000000 ) ) ;
#332 = CARTESIAN_POINT ( 'NONE',  ( 1.422321296183318928, 0.04000000000000000083, -0.4970202175162799496 ) ) ;
#333 = ADVANCED_FACE ( 'NONE', ( #2380 ), #6330, .F. ) ;
#334 = CARTESIAN_POINT ( 'NONE',  ( 1.861136782071959317, 0.04000000000000000083, -0.7058083210826882059 ) ) ;
#335 = EDGE_LOOP ( 'NONE', ( #5428, #1467, #4441, #4433, #2543 ) ) ;
#336 = CARTESIAN_POINT ( 'NONE',  ( 0.5624999999999998890, 0.07000000000000000666, -0.3649999999999999911 ) ) ;
#337 = ORIENTED_EDGE ( 'NONE', *, *, #959, .T. ) ;
#338 = CARTESIAN_POINT ( 'NONE',  ( 1.832073469489249540, 0.04000000000000000083, -0.5024235809266067720 ) ) ;
#339 = CARTESIAN_POINT ( 'NONE',  ( 1.732325644947370291, 0.000000000000000000, -0.6832802168751842542 ) ) ;
#340 = CARTESIAN_POINT ( 'NONE',  ( 1.833607059997175659, 0.04000000000000000083, -0.6500644315707517773 ) ) ;
#341 = CARTESIAN_POINT ( 'NONE',  ( 1.141991381153823593, 0.04000000000000000083, -0.5831681608761835056 ) ) ;
#342 = CARTESIAN_POINT ( 'NONE',  ( 1.769923627804905752, 0.000000000000000000, -0.5331249999999999600 ) ) ;
#343 = DIRECTION ( 'NONE',  ( -1.000000000000000000, 0.000000000000000000, 0.000000000000000000 ) ) ;
#344 = B_SPLINE_CURVE_WITH_KNOTS ( 'NONE', 3,
 ( #1784, #1280, #2766, #257, #5682, #4134, #1214, #4612, #2669, #762, #4103, #730, #2214, #4165, #2178 ),
 .UNSPECIFIED., .F., .F.,
 ( 4, 1, 1, 1, 1, 1, 1, 1, 1, 1, 1, 1, 4 ),
 ( 0.000000000000000000, 0.1196246628663752143, 0.2282837097143243510, 0.3263627238658242113, 0.4152666510313157699, 0.4958568814466446373, 0.5702432826981825853, 0.6394510592149723616, 0.7065314550312612463, 0.7732900845859886907, 0.8425412606324501619, 0.9177644306273171626, 1.000000000000000000 ),
 .UNSPECIFIED. ) ;
#345 = ORIENTED_EDGE ( 'NONE', *, *, #2734, .F. ) ;
#346 = ORIENTED_EDGE ( 'NONE', *, *, #2811, .F. ) ;
#347 = CARTESIAN_POINT ( 'NONE',  ( 1.185304487179905886, 0.04000000000000000083, -0.5831250000000000044 ) ) ;
#348 = VERTEX_POINT ( 'NONE', #3948 ) ;
#349 = DIRECTION ( 'NONE',  ( 0.000000000000000000, 0.000000000000000000, -1.000000000000000000 ) ) ;
#350 = LINE ( 'NONE', #2309, #2759 ) ;
#351 = CARTESIAN_POINT ( 'NONE',  ( 1.155159734310539976, -0.000000000000000000, -0.6269035143893506579 ) ) ;
#352 = VERTEX_POINT ( 'NONE', #5405 ) ;
#353 = CARTESIAN_POINT ( 'NONE',  ( 0.7477206009100992867, 0.04000000000000000083, -0.7110595137107713626 ) ) ;
#354 = DIRECTION ( 'NONE',  ( -0.000000000000000000, -1.000000000000000000, -0.000000000000000000 ) ) ;
#355 = DIRECTION ( 'NONE',  ( -0.000000000000000000, -1.000000000000000000, -0.000000000000000000 ) ) ;
#356 = CARTESIAN_POINT ( 'NONE',  ( 1.609980016809673842, 0.04000000000000000083, -0.7239907930556348514 ) ) ;
#357 = DIRECTION ( 'NONE',  ( 0.5773502691896247319, 0.5773502691896310601, 0.5773502691896215122 ) ) ;
#358 = ADVANCED_FACE ( 'NONE', ( #68 ), #78, .T. ) ;
#359 = CARTESIAN_POINT ( 'NONE',  ( 1.202595232313247609, 0.04000000000000000083, -0.4912707174611701255 ) ) ;
#360 = CARTESIAN_POINT ( 'NONE',  ( 2.057179487179905397, 0.000000000000000000, -0.5831250000000000044 ) ) ;
#361 = CARTESIAN_POINT ( 'NONE',  ( 1.804500012064770953, 0.04000000000000000083, -0.6878813029802639534 ) ) ;
#362 = CARTESIAN_POINT ( 'NONE',  ( 1.832073469489249540, 0.04000000000000000083, -0.5024235809266067720 ) ) ;
#363 = CARTESIAN_POINT ( 'NONE',  ( 2.057179487179905397, 0.04000000000000000083, -0.5831250000000000044 ) ) ;
#364 = ORIENTED_EDGE ( 'NONE', *, *, #4601, .F. ) ;
#365 = CARTESIAN_POINT ( 'NONE',  ( 2.113358348082477800, 0.000000000000000000, -0.5189743242880153762 ) ) ;
#366 = LINE ( 'NONE', #1805, #5 ) ;
#367 = CARTESIAN_POINT ( 'NONE',  ( 1.119425891385690042, 0.000000000000000000, -0.7351717324689980293 ) ) ;
#368 = CARTESIAN_POINT ( 'NONE',  ( 1.571520055508351055, 0.04000000000000000083, -0.4938218264033372717 ) ) ;
#369 = LINE ( 'NONE', #814, #4843 ) ;
#370 = CARTESIAN_POINT ( 'NONE',  ( 1.525471009848470061, 0.04000000000000000083, -0.5099781126022837618 ) ) ;
#371 = CARTESIAN_POINT ( 'NONE',  ( 1.973712058032422778, 0.04000000000000000083, -0.7320828900431357589 ) ) ;
#372 = AXIS2_PLACEMENT_3D ( 'NONE', #497, #5842, #943 ) ;
#373 = EDGE_LOOP ( 'NONE', ( #1623, #3894, #5367, #4298 ) ) ;
#374 = ORIENTED_EDGE ( 'NONE', *, *, #4633, .F. ) ;
#375 = FACE_OUTER_BOUND ( 'NONE', #6248, .T. ) ;
#376 = VERTEX_POINT ( 'NONE', #1597 ) ;
#377 = CARTESIAN_POINT ( 'NONE',  ( 1.922804487179905264, 0.04000000000000000083, -0.6608593750000000266 ) ) ;
#378 = CARTESIAN_POINT ( 'NONE',  ( 1.010304487179905841, 0.000000000000000000, -0.5216015625000000044 ) ) ;
#379 = CARTESIAN_POINT ( 'NONE',  ( 1.207521284054905886, 0.04000000000000000083, -0.7362499999999999600 ) ) ;
#380 = CARTESIAN_POINT ( 'NONE',  ( 1.766896284054905619, 0.000000000000000000, -0.7393750000000000044 ) ) ;
#381 = EDGE_CURVE ( 'NONE', #238, #1555, #574, .T. ) ;
#382 = EDGE_CURVE ( 'NONE', #2371, #1398, #5764, .T. ) ;
#383 = ORIENTED_EDGE ( 'NONE', *, *, #1466, .T. ) ;
#384 = DIRECTION ( 'NONE',  ( 0.000000000000000000, -1.000000000000000000, 0.000000000000000000 ) ) ;
#385 = B_SPLINE_CURVE_WITH_KNOTS ( 'NONE', 3,
 ( #3076, #4624, #240, #2195, #4149, #6085, #1974, #885, #5340, #2343, #2434 ),
 .UNSPECIFIED., .F., .F.,
 ( 4, 1, 1, 1, 1, 1, 1, 1, 4 ),
 ( 0.000000000000000000, 0.1495992834452412878, 0.2819353318743840764, 0.4014919506173720287, 0.5122141042476819894, 0.6214475079150043602, 0.7346574448313997197, 0.8594258060854099712, 0.9999999999999998890 ),
 .UNSPECIFIED. ) ;
#386 = CARTESIAN_POINT ( 'NONE',  ( 2.027214892973301819, 0.04000000000000000083, -0.6924726754716854504 ) ) ;
#387 = CARTESIAN_POINT ( 'NONE',  ( 1.010304487179905841, 0.04000000000000000083, -0.7072949218750000933 ) ) ;
#388 = ADVANCED_FACE ( 'NONE', ( #3113 ), #2110, .T. ) ;
#389 = B_SPLINE_SURFACE_WITH_KNOTS ( 'NONE', 3, 1, ( 
 ( #260, #4295 ),
 ( #5592, #3910 ),
 ( #2865, #3370 ),
 ( #4355, #6231 ),
 ( #2501, #1976 ),
 ( #445, #4808 ),
 ( #1014, #2989 ),
 ( #29, #5816 ),
 ( #921, #4926 ),
 ( #5848, #414 ),
 ( #2407, #1433 ),
 ( #6293, #2898 ),
 ( #951, #6264 ),
 ( #5370, #5880 ),
 ( #2376, #4327 ) ),
 .UNSPECIFIED., .F., .F., .F.,
 ( 4, 1, 1, 1, 1, 1, 1, 1, 1, 1, 1, 1, 4 ),
 ( 2, 2 ),
 ( 0.000000000000000000, 0.1196246628663752143, 0.2282837097143243510, 0.3263627238658261542, 0.4152666510313158255, 0.4958568814466465247, 0.5702432826981826963, 0.6394510592149724726, 0.7065314550312626896, 0.7732900845859880246, 0.8425412606324502729, 0.9177644306273172736, 1.000000000000000000 ),
 ( 0.000000000000000000, 1.000000000000000000 ),
 .UNSPECIFIED. ) ;
#390 = CARTESIAN_POINT ( 'NONE',  ( 1.824487736825889606, 0.000000000000000000, -0.5593313761245476412 ) ) ;
#391 = CARTESIAN_POINT ( 'NONE',  ( 0.9839861278049059079, 0.04000000000000000083, -0.4893750000000001155 ) ) ;
#392 = CARTESIAN_POINT ( 'NONE',  ( 1.197437334274282561, 0.04000000000000000083, -0.4940949613715140409 ) ) ;
#393 = FACE_OUTER_BOUND ( 'NONE', #3056, .T. ) ;
#394 = CARTESIAN_POINT ( 'NONE',  ( 1.157911909054905708, 0.000000000000000000, -0.6268749999999999600 ) ) ;
#395 = CARTESIAN_POINT ( 'NONE',  ( 1.852028320624386604, 0.04000000000000000083, -0.5149517904640361632 ) ) ;
#396 = CARTESIAN_POINT ( 'NONE',  ( 0.7450025352503145681, 0.000000000000000000, -0.4939107330302300869 ) ) ;
#397 = VERTEX_POINT ( 'NONE', #608 ) ;
#398 = CARTESIAN_POINT ( 'NONE',  ( 0.4999999999999998335, 0.07000000000000000666, -0.3649999999999999911 ) ) ;
#399 = CARTESIAN_POINT ( 'NONE',  ( 1.766196029182908855, 0.000000000000000000, -0.6204474108498754248 ) ) ;
#400 = CARTESIAN_POINT ( 'NONE',  ( 1.418549276487558020, 0.04000000000000000083, -0.4936193505801174664 ) ) ;
#401 = EDGE_CURVE ( 'NONE', #4522, #2326, #5054, .T. ) ;
#402 = CARTESIAN_POINT ( 'NONE',  ( 1.582851716830929067, -0.000000000000000000, -0.7361789246398285913 ) ) ;
#403 = CYLINDRICAL_SURFACE ( 'NONE', #796, 0.1250000000000000278 ) ;
#404 = DIRECTION ( 'NONE',  ( -1.000000000000000000, 0.000000000000000000, 0.000000000000000000 ) ) ;
#405 = CARTESIAN_POINT ( 'NONE',  ( 1.238370542610794933, 0.04000000000000000083, -0.7215162773531212936 ) ) ;
#406 = LINE ( 'NONE', #2369, #6092 ) ;
#407 = ORIENTED_EDGE ( 'NONE', *, *, #4434, .T. ) ;
#408 = DIRECTION ( 'NONE',  ( 1.000000000000000000, 0.000000000000000000, 0.000000000000000000 ) ) ;
#409 = EDGE_CURVE ( 'NONE', #3927, #5230, #4043, .T. ) ;
#410 = VERTEX_POINT ( 'NONE', #4101 ) ;
#411 = CARTESIAN_POINT ( 'NONE',  ( 2.094430632894472399, 0.000000000000000000, -0.7344148740484145454 ) ) ;
#412 = CARTESIAN_POINT ( 'NONE',  ( 1.157911909054905708, 0.04000000000000000083, -0.6925000000000000044 ) ) ;
#413 = VECTOR ( 'NONE', #3813, 39.37007874015748143 ) ;
#414 = CARTESIAN_POINT ( 'NONE',  ( 1.112670047573996346, 0.000000000000000000, -0.6406349633961225809 ) ) ;
#415 = CARTESIAN_POINT ( 'NONE',  ( 1.010304487179905841, 0.04000000000000000083, -0.7072949218750000933 ) ) ;
#416 = EDGE_LOOP ( 'NONE', ( #2390, #4287, #3527, #100 ) ) ;
#417 = LINE ( 'NONE', #2934, #5735 ) ;
#418 = CARTESIAN_POINT ( 'NONE',  ( 0.8625570961444087859, 0.000000000000000000, -0.7387827557922144184 ) ) ;
#419 = CARTESIAN_POINT ( 'NONE',  ( 1.531593549679905575, 0.000000000000000000, -0.5353710937500000266 ) ) ;
#420 = CARTESIAN_POINT ( 'NONE',  ( 1.777536860385634965, 0.04000000000000000083, -0.5333211429501247824 ) ) ;
#421 = DIRECTION ( 'NONE',  ( 0.000000000000000000, -1.000000000000000000, 0.000000000000000000 ) ) ;
#422 = CARTESIAN_POINT ( 'NONE',  ( 1.815363405212180314, 0.000000000000000000, -0.5489212441863686731 ) ) ;
#423 = CARTESIAN_POINT ( 'NONE',  ( 2.001571731730191317, 0.04000000000000000083, -0.6300410242652461079 ) ) ;
#424 = VECTOR ( 'NONE', #4637, 39.37007874015748143 ) ;
#425 = CARTESIAN_POINT ( 'NONE',  ( 1.785719756999780028, 0.04000000000000000083, -0.6944622703488225746 ) ) ;
#426 = CARTESIAN_POINT ( 'NONE',  ( 1.994202413818217279, 0.000000000000000000, -0.6872853059217896021 ) ) ;
#427 = DIRECTION ( 'NONE',  ( -0.000000000000000000, -1.000000000000000000, -0.000000000000000000 ) ) ;
#428 = EDGE_LOOP ( 'NONE', ( #4680, #5158, #1561, #4914 ) ) ;
#429 = B_SPLINE_CURVE_WITH_KNOTS ( 'NONE', 3,
 ( #5188, #5320, #3315, #5731, #929, #6146, #5663, #4304, #5255, #328, #5221 ),
 .UNSPECIFIED., .F., .F.,
 ( 4, 1, 1, 1, 1, 1, 1, 1, 4 ),
 ( 0.000000000000000000, 0.1083625427723342444, 0.2179321617883494544, 0.3333712092284985551, 0.4596966744870134569, 0.5901616249011426563, 0.7207242691456540173, 0.8558783121450039832, 1.000000000000000000 ),
 .UNSPECIFIED. ) ;
#430 = CYLINDRICAL_SURFACE ( 'NONE', #3785, 0.06425000000000000155 ) ;
#431 = CARTESIAN_POINT ( 'NONE',  ( 1.427597597673662344, 0.04000000000000000083, -0.5066997352566700030 ) ) ;
#432 = CARTESIAN_POINT ( 'NONE',  ( 1.599321718607590759, 0.000000000000000000, -0.7330338142798326073 ) ) ;
#433 = CARTESIAN_POINT ( 'NONE',  ( 1.529658595102607155, 0.000000000000000000, -0.5252131334001274299 ) ) ;
#434 = CARTESIAN_POINT ( 'NONE',  ( 0.9582350277136064687, 0.000000000000000000, -0.7261417824543621169 ) ) ;
#435 = CARTESIAN_POINT ( 'NONE',  ( 2.079999999999999627, 0.1400000000000000133, -1.054999999999999938 ) ) ;
#436 = CARTESIAN_POINT ( 'NONE',  ( 1.658177123033379718, 0.000000000000000000, -0.5356634234653790960 ) ) ;
#437 = EDGE_CURVE ( 'NONE', #254, #3946, #501, .T. ) ;
#438 = ORIENTED_EDGE ( 'NONE', *, *, #585, .F. ) ;
#439 = CARTESIAN_POINT ( 'NONE',  ( 1.769386518429905797, 0.04000000000000000083, -0.4893750000000000044 ) ) ;
#440 = B_SPLINE_SURFACE_WITH_KNOTS ( 'NONE', 3, 1, ( 
 ( #1473, #5442 ),
 ( #2969, #4455 ),
 ( #6038, #5411 ),
 ( #1654, #3139 ),
 ( #5924, #4426 ),
 ( #38, #3033 ),
 ( #1537, #549 ),
 ( #1025, #1176 ),
 ( #3952, #4365 ),
 ( #1957, #4966 ),
 ( #3504, #579 ) ),
 .UNSPECIFIED., .F., .F., .F.,
 ( 4, 1, 1, 1, 1, 1, 1, 1, 4 ),
 ( 2, 2 ),
 ( 0.000000000000000000, 0.1232899105900047976, 0.2445989755350567174, 0.3693748217677472745, 0.4972936742108767794, 0.6256943598673445628, 0.7500965678079896115, 0.8741929308902359752, 1.000000000000000000 ),
 ( 0.000000000000000000, 1.000000000000000000 ),
 .UNSPECIFIED. ) ;
#441 = VECTOR ( 'NONE', #3515, 39.37007874015748143 ) ;
#442 = ORIENTED_EDGE ( 'NONE', *, *, #2208, .F. ) ;
#443 = CARTESIAN_POINT ( 'NONE',  ( 2.112943956533414713, 0.000000000000000000, -0.7116585904362078274 ) ) ;
#444 = CARTESIAN_POINT ( 'NONE',  ( 1.892708143753448535, 0.000000000000000000, -0.6411864590076461479 ) ) ;
#445 = CARTESIAN_POINT ( 'NONE',  ( 1.129696731730191805, 0.04000000000000000083, -0.6300410242652463300 ) ) ;
#446 = CARTESIAN_POINT ( 'NONE',  ( 1.464261349065736573, -0.000000000000000000, -0.7043165516219213051 ) ) ;
#447 = EDGE_CURVE ( 'NONE', #132, #5625, #2455, .T. ) ;
#448 = ORIENTED_EDGE ( 'NONE', *, *, #585, .T. ) ;
#449 = ORIENTED_EDGE ( 'NONE', *, *, #3130, .F. ) ;
#450 = CARTESIAN_POINT ( 'NONE',  ( 1.429054487179905575, 0.04000000000000000083, -0.5196484375000000044 ) ) ;
#451 = CARTESIAN_POINT ( 'NONE',  ( 0.8386757062408136676, 0.04000000000000000083, -0.7202955058092699314 ) ) ;
#452 = CARTESIAN_POINT ( 'NONE',  ( 1.613202667016747638, 0.000000000000000000, -0.5128209222399751077 ) ) ;
#453 = AXIS2_PLACEMENT_3D ( 'NONE', #6094, #5580, #4603 ) ;
#454 = CARTESIAN_POINT ( 'NONE',  ( 1.791801517429670199, 0.000000000000000000, -0.5359145275914167783 ) ) ;
#455 = CARTESIAN_POINT ( 'NONE',  ( 1.983689106504815669, 0.000000000000000000, -0.6783564305222392621 ) ) ;
#456 = CARTESIAN_POINT ( 'NONE',  ( 1.828228106193082958, 0.000000000000000000, -0.5655082474758671429 ) ) ;
#457 = CARTESIAN_POINT ( 'NONE',  ( 1.925934603288674385, 0.04000000000000000083, -0.6353857216656664253 ) ) ;
#458 = CARTESIAN_POINT ( 'NONE',  ( 1.833607059997175659, 0.04000000000000000083, -0.6500644315707517773 ) ) ;
#459 = CARTESIAN_POINT ( 'NONE',  ( 1.987745893429905486, 0.04000000000000000083, -0.6829296875000001599 ) ) ;
#460 = DIRECTION ( 'NONE',  ( 1.000000000000000000, -0.000000000000000000, -0.000000000000000000 ) ) ;
#461 = ORIENTED_EDGE ( 'NONE', *, *, #4394, .T. ) ;
#462 = CARTESIAN_POINT ( 'NONE',  ( 1.397427255402597046, 0.000000000000000000, -0.7347834679733039609 ) ) ;
#463 = DIRECTION ( 'NONE',  ( 0.000000000000000000, 0.000000000000000000, 1.000000000000000000 ) ) ;
#464 = CARTESIAN_POINT ( 'NONE',  ( 1.582290012972215942, 0.04000000000000000083, -0.4896745418457100762 ) ) ;
#465 = LINE ( 'NONE', #435, #3296 ) ;
#466 = CARTESIAN_POINT ( 'NONE',  ( 0.8702165965549053528, 0.04000000000000000083, -0.7393750000000000044 ) ) ;
#467 = ORIENTED_EDGE ( 'NONE', *, *, #864, .F. ) ;
#468 = CARTESIAN_POINT ( 'NONE',  ( 1.766896284054905619, 0.04000000000000000083, -0.7393750000000000044 ) ) ;
#469 = ORIENTED_EDGE ( 'NONE', *, *, #211, .T. ) ;
#470 = CARTESIAN_POINT ( 'NONE',  ( 1.753557752773087897, 0.04000000000000000083, -0.6236842304198113585 ) ) ;
#471 = CARTESIAN_POINT ( 'NONE',  ( 1.890142677013845196, 0.000000000000000000, -0.6538268478142293949 ) ) ;
#472 = FACE_OUTER_BOUND ( 'NONE', #6183, .T. ) ;
#473 = CARTESIAN_POINT ( 'NONE',  ( 1.064187937789624838, 0.000000000000000000, -0.6144818557087915467 ) ) ;
#474 = CIRCLE ( 'NONE', #4875, 0.1250000000000000000 ) ;
#475 = CARTESIAN_POINT ( 'NONE',  ( 0.7283223191602938851, 0.000000000000000000, -0.7391253615402667565 ) ) ;
#476 = VERTEX_POINT ( 'NONE', #3532 ) ;
#477 = ORIENTED_EDGE ( 'NONE', *, *, #5959, .T. ) ;
#478 = CARTESIAN_POINT ( 'NONE',  ( 0.8311052684299053972, 0.000000000000000000, -0.7079785156249999156 ) ) ;
#479 = CARTESIAN_POINT ( 'NONE',  ( 0.8311052684299053972, 0.04000000000000000083, -0.7079785156249999156 ) ) ;
#480 = CARTESIAN_POINT ( 'NONE',  ( 1.613350864161711806, 0.04000000000000000083, -0.5172499027416601614 ) ) ;
#481 = ADVANCED_FACE ( 'NONE', ( #5469 ), #6103, .T. ) ;
#482 = CARTESIAN_POINT ( 'NONE',  ( 1.820135691242227072, 0.04000000000000000083, -0.5538288753223686856 ) ) ;
#483 = B_SPLINE_CURVE_WITH_KNOTS ( 'NONE', 3,
 ( #3493, #2534, #3024, #4957, #4036, #95, #1559, #5464, #1081, #3051, #4986, #602, #2628 ),
 .UNSPECIFIED., .F., .F.,
 ( 4, 1, 1, 1, 1, 1, 1, 1, 1, 1, 4 ),
 ( 0.000000000000000000, 0.07535272531117850892, 0.1457101459564908996, 0.2120494024962112922, 0.2759698615500869590, 0.3943682188678130363, 0.5031898768367717434, 0.6106090348338225615, 0.7233993654665143991, 0.8507550168245121558, 1.000000000000000000 ),
 .UNSPECIFIED. ) ;
#484 = CARTESIAN_POINT ( 'NONE',  ( 1.107179487179905886, 0.04000000000000000083, -0.6598339843749999600 ) ) ;
#485 = DIRECTION ( 'NONE',  ( 0.000000000000000000, -1.000000000000000000, 0.000000000000000000 ) ) ;
#486 = CARTESIAN_POINT ( 'NONE',  ( 2.017677534054905575, 0.04000000000000000083, -0.5831250000000000044 ) ) ;
#487 = CARTESIAN_POINT ( 'NONE',  ( 2.104999999999999982, 0.000000000000000000, -0.1250000000000000278 ) ) ;
#488 = CARTESIAN_POINT ( 'NONE',  ( 1.925673690198496102, 0.04000000000000000083, -0.6847626957698803585 ) ) ;
#489 = CYLINDRICAL_SURFACE ( 'NONE', #5734, 0.06250000000000001388 ) ;
#490 = ORIENTED_EDGE ( 'NONE', *, *, #782, .F. ) ;
#491 = CIRCLE ( 'NONE', #4078, 0.1250000000000000278 ) ;
#492 = B_SPLINE_SURFACE_WITH_KNOTS ( 'NONE', 3, 1, ( 
 ( #4631, #3607 ),
 ( #4185, #6090 ),
 ( #6059, #2165 ),
 ( #4120, #5073 ),
 ( #3641, #2755 ),
 ( #5546, #244 ),
 ( #1168, #4599 ),
 ( #3768, #1801 ),
 ( #3289, #1327 ),
 ( #5231, #5705 ),
 ( #3636, #5097 ),
 ( #3188, #1669 ),
 ( #6025, #5570 ),
 ( #1192, #1608 ),
 ( #5128, #5037 ) ),
 .UNSPECIFIED., .F., .F., .F.,
 ( 4, 1, 1, 1, 1, 1, 1, 1, 1, 1, 1, 1, 4 ),
 ( 2, 2 ),
 ( 0.000000000000000000, 0.1034052082864633099, 0.1942621505951396821, 0.2740690385957843533, 0.3420949973771597041, 0.4058894925794381825, 0.4739550307434834409, 0.5465684191698734207, 0.6247960913698367147, 0.7080746101722659169, 0.7957400007157737765, 0.8922413854497031060, 0.9999999999999998890 ),
 ( 0.000000000000000000, 1.000000000000000000 ),
 .UNSPECIFIED. ) ;
#493 = CARTESIAN_POINT ( 'NONE',  ( 1.745283156712634565, 0.000000000000000000, -0.6912848327287646200 ) ) ;
#494 = CARTESIAN_POINT ( 'NONE',  ( 1.751759565304905619, 0.000000000000000000, -0.6237500000000000266 ) ) ;
#495 = DIRECTION ( 'NONE',  ( -0.000000000000000000, -1.000000000000000000, -0.000000000000000000 ) ) ;
#496 = CARTESIAN_POINT ( 'NONE',  ( 1.208922318698867571, 0.000000000000000000, -0.7362422922750069265 ) ) ;
#497 = CARTESIAN_POINT ( 'NONE',  ( 0.2000000000000000111, 0.07499999999999999722, -0.6149999999999999911 ) ) ;
#498 = ORIENTED_EDGE ( 'NONE', *, *, #1259, .T. ) ;
#499 = CARTESIAN_POINT ( 'NONE',  ( 0.9839861278049059079, 0.04000000000000000083, -0.4893750000000001155 ) ) ;
#500 = ORIENTED_EDGE ( 'NONE', *, *, #3795, .T. ) ;
#501 = CIRCLE ( 'NONE', #2141, 0.06250000000000001388 ) ;
#502 = CARTESIAN_POINT ( 'NONE',  ( 1.383044063519956790, 0.04000000000000000083, -0.4975010437442897171 ) ) ;
#503 = DIRECTION ( 'NONE',  ( 1.000000000000000000, 0.000000000000000000, 0.000000000000000000 ) ) ;
#504 = CARTESIAN_POINT ( 'NONE',  ( 2.329999999999999627, 0.2149999999999981093, -0.9549999999999996270 ) ) ;
#505 = FACE_OUTER_BOUND ( 'NONE', #4228, .T. ) ;
#506 = CARTESIAN_POINT ( 'NONE',  ( 1.973712058032422778, -0.000000000000000000, -0.7320828900431357589 ) ) ;
#507 = ORIENTED_EDGE ( 'NONE', *, *, #5582, .T. ) ;
#508 = ADVANCED_FACE ( 'NONE', ( #3716 ), #282, .T. ) ;
#509 = EDGE_LOOP ( 'NONE', ( #3434, #5178, #1321, #1911 ) ) ;
#510 = ORIENTED_EDGE ( 'NONE', *, *, #5019, .T. ) ;
#511 = CARTESIAN_POINT ( 'NONE',  ( 2.112943956533414713, 0.04000000000000000083, -0.7116585904362078274 ) ) ;
#512 = CARTESIAN_POINT ( 'NONE',  ( 1.747791684523105182, 0.04000000000000000083, -0.5800446072327218872 ) ) ;
#513 = CARTESIAN_POINT ( 'NONE',  ( 2.057179487179905397, 0.04000000000000000083, -0.5831250000000000044 ) ) ;
#514 = LINE ( 'NONE', #1058, #3808 ) ;
#515 = VECTOR ( 'NONE', #5514, 39.37007874015748143 ) ;
#516 = VECTOR ( 'NONE', #4933, 39.37007874015748143 ) ;
#517 = FACE_OUTER_BOUND ( 'NONE', #2125, .T. ) ;
#518 = EDGE_CURVE ( 'NONE', #612, #3531, #4195, .T. ) ;
#519 = CARTESIAN_POINT ( 'NONE',  ( 1.528193775660272591, 0.04000000000000000083, -0.7140213084126223464 ) ) ;
#520 = CARTESIAN_POINT ( 'NONE',  ( 2.079999999999999627, 0.3149999999999992251, -1.054999999999999938 ) ) ;
#521 = CARTESIAN_POINT ( 'NONE',  ( 0.7266619090549053528, 0.04000000000000000083, -0.4893750000000000044 ) ) ;
#522 = ADVANCED_FACE ( 'NONE', ( #3390 ), #4174, .T. ) ;
#523 = CARTESIAN_POINT ( 'NONE',  ( 1.377198421603221590, 0.04000000000000000083, -0.7175827911707547413 ) ) ;
#524 = CARTESIAN_POINT ( 'NONE',  ( 1.988666322972035161, 0.04000000000000000083, -0.6837113544980910618 ) ) ;
#525 = CARTESIAN_POINT ( 'NONE',  ( 1.959995555432552550, 0.04000000000000000083, -0.5942874467830964180 ) ) ;
#526 = ORIENTED_EDGE ( 'NONE', *, *, #217, .T. ) ;
#527 = AXIS2_PLACEMENT_3D ( 'NONE', #3606, #5424, #4948 ) ;
#528 = AXIS2_PLACEMENT_3D ( 'NONE', #4777, #384, #4330 ) ;
#529 = ADVANCED_FACE ( 'NONE', ( #5116 ), #430, .F. ) ;
#530 = DIRECTION ( 'NONE',  ( 0.000000000000000000, 0.000000000000000000, -1.000000000000000000 ) ) ;
#531 = EDGE_CURVE ( 'NONE', #4341, #5460, #1011, .T. ) ;
#532 = CARTESIAN_POINT ( 'NONE',  ( 1.233233418246066027, 0.04000000000000000083, -0.7286887187873851701 ) ) ;
#533 = LINE ( 'NONE', #655, #2011 ) ;
#534 = VERTEX_POINT ( 'NONE', #4373 ) ;
#535 = CARTESIAN_POINT ( 'NONE',  ( 1.085337064746080049, 0.000000000000000000, -0.7256772953896107881 ) ) ;
#536 = EDGE_LOOP ( 'NONE', ( #856, #4961, #976, #5525 ) ) ;
#537 = CARTESIAN_POINT ( 'NONE',  ( 2.057179487179905397, 0.04000000000000000083, -0.5831250000000000044 ) ) ;
#538 = CARTESIAN_POINT ( 'NONE',  ( 2.079999999999999627, 0.3149999999999992251, -1.054999999999999938 ) ) ;
#539 = CARTESIAN_POINT ( 'NONE',  ( 1.712031122953206586, 0.000000000000000000, -0.7291730766818089737 ) ) ;
#540 = PLANE ( 'NONE',  #2998 ) ;
#541 = CARTESIAN_POINT ( 'NONE',  ( 0.8478981602852648791, 0.04000000000000000083, -0.5176555267358625700 ) ) ;
#542 = VERTEX_POINT ( 'NONE', #4720 ) ;
#543 = VERTEX_POINT ( 'NONE', #5697 ) ;
#544 = ORIENTED_EDGE ( 'NONE', *, *, #5797, .T. ) ;
#545 = CARTESIAN_POINT ( 'NONE',  ( 0.8662979170463562806, 0.000000000000000000, -0.7392444795448696038 ) ) ;
#546 = CARTESIAN_POINT ( 'NONE',  ( 1.560304487179905664, 0.04000000000000000083, -0.6799999999999999378 ) ) ;
#547 = CARTESIAN_POINT ( 'NONE',  ( 1.588527143429905530, 0.04000000000000000083, -0.4893750000000000044 ) ) ;
#548 = CARTESIAN_POINT ( 'NONE',  ( 1.560304487179905664, 0.000000000000000000, -0.5196484375000000044 ) ) ;
#549 = CARTESIAN_POINT ( 'NONE',  ( 0.8831483222728963023, 0.000000000000000000, -0.7365684856197703967 ) ) ;
#550 = CARTESIAN_POINT ( 'NONE',  ( 2.102333527385670919, 0.000000000000000000, -0.4939404300633070122 ) ) ;
#551 = CARTESIAN_POINT ( 'NONE',  ( 1.593652242189570911, 0.04000000000000000083, -0.7349146247617434069 ) ) ;
#552 = CARTESIAN_POINT ( 'NONE',  ( 1.980300589604965467, 0.04000000000000000083, -0.6491831046553113715 ) ) ;
#553 = CARTESIAN_POINT ( 'NONE',  ( 1.972365034054905486, 0.04000000000000000083, -0.7317089843750000933 ) ) ;
#554 = CARTESIAN_POINT ( 'NONE',  ( 1.524806440304905530, 0.000000000000000000, -0.7020214843750001155 ) ) ;
#555 = CARTESIAN_POINT ( 'NONE',  ( 1.736104624238639760, 0.04000000000000000083, -0.6862385073715552286 ) ) ;
#556 = CARTESIAN_POINT ( 'NONE',  ( 0.8862177752544848630, 0.04000000000000000083, -0.4911911030535148215 ) ) ;
#557 = EDGE_LOOP ( 'NONE', ( #1586, #1230, #6327, #2157 ) ) ;
#558 = EDGE_CURVE ( 'NONE', #5177, #701, #45, .T. ) ;
#559 = CARTESIAN_POINT ( 'NONE',  ( 0.9616892447190834581, 0.04000000000000000083, -0.7309173442086571715 ) ) ;
#560 = ADVANCED_FACE ( 'NONE', ( #1354 ), #1831, .T. ) ;
#561 = PLANE ( 'NONE',  #5140 ) ;
#562 = CARTESIAN_POINT ( 'NONE',  ( 2.112337753909511839, 0.04000000000000000083, -0.7152455378057739344 ) ) ;
#563 = CARTESIAN_POINT ( 'NONE',  ( 0.5000000000000000000, 0.07000000000000000666, -0.9274999999999998801 ) ) ;
#564 = VERTEX_POINT ( 'NONE', #4689 ) ;
#565 = CARTESIAN_POINT ( 'NONE',  ( 1.092640483710597410, 0.000000000000000000, -0.7291341438346854442 ) ) ;
#566 = EDGE_LOOP ( 'NONE', ( #5243, #1529, #2921, #3173 ) ) ;
#567 = CARTESIAN_POINT ( 'NONE',  ( 1.397994253911368778, 0.000000000000000000, -0.4896635208739297807 ) ) ;
#568 = CARTESIAN_POINT ( 'NONE',  ( 0.9540544871799059301, 0.000000000000000000, -0.5216015625000000044 ) ) ;
#569 = CARTESIAN_POINT ( 'NONE',  ( 0.8831483222728963023, 0.000000000000000000, -0.7365684856197703967 ) ) ;
#570 = CARTESIAN_POINT ( 'NONE',  ( 1.069057398142129633, 0.04000000000000000083, -0.6085854038213160955 ) ) ;
#571 = CARTESIAN_POINT ( 'NONE',  ( 1.969707163975085829, 0.000000000000000000, -0.7308371393224524226 ) ) ;
#572 = B_SPLINE_CURVE_WITH_KNOTS ( 'NONE', 3,
 ( #3782, #886, #5245, #444, #471, #950, #5720, #5847, #2406, #3305, #2344, #6292, #1913, #1431, #3401, #4293, #4863, #2435, #5369 ),
 .UNSPECIFIED., .F., .F.,
 ( 4, 1, 1, 1, 1, 1, 1, 1, 1, 1, 1, 1, 1, 1, 1, 1, 4 ),
 ( 0.000000000000000000, 0.06807904218953644837, 0.1334568085468225696, 0.1970431859788141504, 0.2589951028646220732, 0.3192107792938391753, 0.3780683211263616839, 0.4358361098827949753, 0.4933934818721130711, 0.5511703361136249812, 0.6091929274594467536, 0.6688946999614665545, 0.7301869901136294194, 0.7935211943086338815, 0.8593314533622711249, 0.9278229601315397534, 1.000000000000000000 ),
 .UNSPECIFIED. ) ;
#573 = EDGE_LOOP ( 'NONE', ( #2586, #5747, #1609, #5940 ) ) ;
#574 = LINE ( 'NONE', #2144, #2999 ) ;
#575 = CARTESIAN_POINT ( 'NONE',  ( 1.588527143429905530, 0.000000000000000000, -0.4893750000000000044 ) ) ;
#576 = DIRECTION ( 'NONE',  ( 1.000000000000000000, -0.000000000000000000, 0.000000000000000000 ) ) ;
#577 = EDGE_CURVE ( 'NONE', #6234, #2900, #4305, .T. ) ;
#578 = CARTESIAN_POINT ( 'NONE',  ( 1.713966596554906019, 0.04000000000000000083, -0.6598339843750001821 ) ) ;
#579 = CARTESIAN_POINT ( 'NONE',  ( 0.8702165965549053528, 0.000000000000000000, -0.7393750000000000044 ) ) ;
#580 = CARTESIAN_POINT ( 'NONE',  ( 2.109560893904240508, 0.000000000000000000, -0.5022764856182352355 ) ) ;
#581 = CARTESIAN_POINT ( 'NONE',  ( 1.113822422333190509, 0.000000000000000000, -0.5857795907696653481 ) ) ;
#582 = VECTOR ( 'NONE', #6030, 39.37007874015748143 ) ;
#583 = CARTESIAN_POINT ( 'NONE',  ( 1.107265499518347074, -0.000000000000000000, -0.6621100154890268152 ) ) ;
#584 = CARTESIAN_POINT ( 'NONE',  ( 1.418549276487558020, 0.000000000000000000, -0.4936193505801174664 ) ) ;
#585 = EDGE_CURVE ( 'NONE', #1132, #744, #2288, .T. ) ;
#586 = CARTESIAN_POINT ( 'NONE',  ( 1.114519734441949961, 0.04000000000000000083, -0.6814065122916800332 ) ) ;
#587 = CARTESIAN_POINT ( 'NONE',  ( 2.022310854072205011, 0.04000000000000000083, -0.6924205760502365470 ) ) ;
#588 = CARTESIAN_POINT ( 'NONE',  ( 1.924114692446510455, 0.04000000000000000083, -0.6434199382235037401 ) ) ;
#589 = ORIENTED_EDGE ( 'NONE', *, *, #65, .F. ) ;
#590 = CARTESIAN_POINT ( 'NONE',  ( 1.680909955929905664, 0.000000000000000000, -0.5122265624999999822 ) ) ;
#591 = EDGE_CURVE ( 'NONE', #132, #4341, #5766, .T. ) ;
#592 = CARTESIAN_POINT ( 'NONE',  ( 0.5624375055665796763, 0.07000000000000000666, -0.8622057382686417748 ) ) ;
#593 = DIRECTION ( 'NONE',  ( -0.000000000000000000, -1.000000000000000000, -0.000000000000000000 ) ) ;
#594 = EDGE_CURVE ( 'NONE', #1656, #147, #2353, .T. ) ;
#595 = EDGE_LOOP ( 'NONE', ( #5650, #793, #280, #1456 ) ) ;
#596 = ADVANCED_FACE ( 'NONE', ( #6240 ), #2844, .F. ) ;
#597 = CARTESIAN_POINT ( 'NONE',  ( 0.7652613171323492391, -0.000000000000000000, -0.5170053078946710290 ) ) ;
#598 = ORIENTED_EDGE ( 'NONE', *, *, #3507, .F. ) ;
#599 = CARTESIAN_POINT ( 'NONE',  ( 1.375929487179905486, 0.000000000000000000, -0.5195996093750000488 ) ) ;
#600 = CARTESIAN_POINT ( 'NONE',  ( 0.9543037309410364877, 0.000000000000000000, -0.7141564496431698217 ) ) ;
#601 = DIRECTION ( 'NONE',  ( 0.5126370364104440025, 0.000000000000000000, -0.8586054209590789910 ) ) ;
#602 = CARTESIAN_POINT ( 'NONE',  ( 0.8325133568397476980, 0.04000000000000000083, -0.7102193113138469682 ) ) ;
#603 = CARTESIAN_POINT ( 'NONE',  ( 1.934973356008049539, 0.000000000000000000, -0.7053616767970830592 ) ) ;
#604 = ORIENTED_EDGE ( 'NONE', *, *, #3054, .F. ) ;
#605 = PRODUCT_DEFINITION_SHAPE ( 'NONE', 'NONE',  #12 ) ;
#606 = ORIENTED_EDGE ( 'NONE', *, *, #3465, .T. ) ;
#607 = ORIENTED_EDGE ( 'NONE', *, *, #3266, .T. ) ;
#608 = CARTESIAN_POINT ( 'NONE',  ( 0.8759294871799053750, 0.000000000000000000, -0.4893750000000000044 ) ) ;
#609 = CARTESIAN_POINT ( 'NONE',  ( 1.463816727537642803, 0.000000000000000000, -0.5107745593281035612 ) ) ;
#610 = CARTESIAN_POINT ( 'NONE',  ( 1.125190884624478249, 0.04000000000000000083, -0.7356584067465468113 ) ) ;
#611 = CARTESIAN_POINT ( 'NONE',  ( 1.008670260437244393, 0.04000000000000000083, -0.5079346876839752056 ) ) ;
#612 = VERTEX_POINT ( 'NONE', #4241 ) ;
#613 = CARTESIAN_POINT ( 'NONE',  ( 2.061409850723055381, 0.000000000000000000, -0.5025771258101796590 ) ) ;
#614 = CARTESIAN_POINT ( 'NONE',  ( 1.451056603349967222, 0.04000000000000000083, -0.7319510360970333807 ) ) ;
#615 = CARTESIAN_POINT ( 'NONE',  ( 1.560304487179905664, 0.000000000000000000, -0.6799999999999999378 ) ) ;
#616 = VECTOR ( 'NONE', #2643, 39.37007874015748143 ) ;
#617 = CARTESIAN_POINT ( 'NONE',  ( 1.496241987179905752, 0.04000000000000000083, -0.4893750000000001155 ) ) ;
#618 = CARTESIAN_POINT ( 'NONE',  ( 1.931919030121990399, 0.000000000000000000, -0.6209116725288940097 ) ) ;
#619 = ORIENTED_EDGE ( 'NONE', *, *, #2315, .F. ) ;
#620 = CARTESIAN_POINT ( 'NONE',  ( 1.702075544601744372, 0.04000000000000000083, -0.5021292573646175539 ) ) ;
#621 = FACE_BOUND ( 'NONE', #4901, .T. ) ;
#622 = CARTESIAN_POINT ( 'NONE',  ( 2.105108418246065760, 0.04000000000000000083, -0.7286887187873851701 ) ) ;
#623 = CARTESIAN_POINT ( 'NONE',  ( 0.9839861278049059079, 0.04000000000000000083, -0.7393750000000001155 ) ) ;
#624 = VECTOR ( 'NONE', #832, 39.37007874015748143 ) ;
#625 = ORIENTED_EDGE ( 'NONE', *, *, #5293, .T. ) ;
#626 = LINE ( 'NONE', #2593, #1531 ) ;
#627 = CARTESIAN_POINT ( 'NONE',  ( 0.9660967097892542155, 0.04000000000000000083, -0.7347396469861320334 ) ) ;
#628 = CYLINDRICAL_SURFACE ( 'NONE', #3365, 0.1250000000000000278 ) ;
#629 = CARTESIAN_POINT ( 'NONE',  ( 1.950606691666809445, 0.000000000000000000, -0.7215291218473320889 ) ) ;
#630 = CARTESIAN_POINT ( 'NONE',  ( 1.381421036947733327, 0.000000000000000000, -0.7257794113598587948 ) ) ;
#631 = ORIENTED_EDGE ( 'NONE', *, *, #6192, .T. ) ;
#632 = EDGE_CURVE ( 'NONE', #3753, #2433, #4179, .T. ) ;
#633 = EDGE_LOOP ( 'NONE', ( #1789, #2238, #4041, #5719, #2902 ) ) ;
#634 = ORIENTED_EDGE ( 'NONE', *, *, #2924, .F. ) ;
#635 = CARTESIAN_POINT ( 'NONE',  ( 1.185304487179905886, 0.000000000000000000, -0.5209667968750000266 ) ) ;
#636 = CARTESIAN_POINT ( 'NONE',  ( 1.571520055508351055, 0.000000000000000000, -0.4938218264033372717 ) ) ;
#637 = VECTOR ( 'NONE', #5118, 39.37007874015748143 ) ;
#638 = CARTESIAN_POINT ( 'NONE',  ( 0.6946794871799053528, 0.04000000000000000083, -0.5235546875000000044 ) ) ;
#639 = ADVANCED_FACE ( 'NONE', ( #833 ), #2875, .T. ) ;
#640 = VERTEX_POINT ( 'NONE', #3792 ) ;
#641 = CARTESIAN_POINT ( 'NONE',  ( 2.058978316266319997, 0.000000000000000000, -0.5080936862799417808 ) ) ;
#642 = CARTESIAN_POINT ( 'NONE',  ( 2.069312334274281628, 0.04000000000000000083, -0.4940949613715138189 ) ) ;
#643 = PRESENTATION_LAYER_ASSIGNMENT (  '', '', ( #4535 ) ) ;
#644 = CARTESIAN_POINT ( 'NONE',  ( 1.056211293975100052, 0.04000000000000000083, -0.6920564396778251526 ) ) ;
#645 = DIRECTION ( 'NONE',  ( -0.000000000000000000, -1.000000000000000000, -0.000000000000000000 ) ) ;
#646 = PRODUCT_CONTEXT ( 'NONE', #1846, 'mechanical' ) ;
#647 = CARTESIAN_POINT ( 'NONE',  ( 1.936062937789623462, 0.000000000000000000, -0.6144818557087909916 ) ) ;
#648 = ORIENTED_EDGE ( 'NONE', *, *, #2578, .T. ) ;
#649 = CARTESIAN_POINT ( 'NONE',  ( 1.986394734441949250, 0.04000000000000000083, -0.6814065122916799222 ) ) ;
#650 = ORIENTED_EDGE ( 'NONE', *, *, #902, .T. ) ;
#651 = CARTESIAN_POINT ( 'NONE',  ( 0.8478044871799053084, 0.04000000000000000083, -0.6550000000000000266 ) ) ;
#652 = CARTESIAN_POINT ( 'NONE',  ( 0.7478044871799053306, 0.000000000000000000, -0.7087109374999999156 ) ) ;
#653 = CARTESIAN_POINT ( 'NONE',  ( 1.881239693776089350, 0.000000000000000000, -0.5513158088305722959 ) ) ;
#654 = EDGE_CURVE ( 'NONE', #1596, #6046, #803, .T. ) ;
#655 = CARTESIAN_POINT ( 'NONE',  ( 2.029786909054905220, 0.04000000000000000083, -0.6925000000000000044 ) ) ;
#656 = ORIENTED_EDGE ( 'NONE', *, *, #2642, .F. ) ;
#657 = CARTESIAN_POINT ( 'NONE',  ( 1.465415459423557554, 0.04000000000000000083, -0.5068682642342801081 ) ) ;
#658 = CARTESIAN_POINT ( 'NONE',  ( 0.9557711501985686198, 0.04000000000000000083, -0.7205359440606082799 ) ) ;
#659 = CARTESIAN_POINT ( 'NONE',  ( 0.8937347775914286085, 0.000000000000000000, -0.7284242665971171204 ) ) ;
#660 = LINE ( 'NONE', #4190, #4415 ) ;
#661 = CARTESIAN_POINT ( 'NONE',  ( 1.375929487179905486, 0.000000000000000000, -0.7068066406249999822 ) ) ;
#662 = VERTEX_POINT ( 'NONE', #3829 ) ;
#663 = ORIENTED_EDGE ( 'NONE', *, *, #298, .T. ) ;
#664 = EDGE_LOOP ( 'NONE', ( #4575, #1909, #656, #4745 ) ) ;
#665 = CARTESIAN_POINT ( 'NONE',  ( 1.212719781241064609, -0.000000000000000000, -0.4894709107017727323 ) ) ;
#666 = CARTESIAN_POINT ( 'NONE',  ( 1.512166063596593224, 0.000000000000000000, -0.4933984099248497346 ) ) ;
#667 = FACE_OUTER_BOUND ( 'NONE', #2159, .T. ) ;
#668 = CARTESIAN_POINT ( 'NONE',  ( 1.125190884624478249, 0.000000000000000000, -0.7356584067465468113 ) ) ;
#669 = VERTEX_POINT ( 'NONE', #4270 ) ;
#670 = CARTESIAN_POINT ( 'NONE',  ( 1.051008731520458150, -0.000000000000000000, -0.6578450886893919547 ) ) ;
#671 = EDGE_CURVE ( 'NONE', #2985, #3635, #1384, .T. ) ;
#672 = EDGE_CURVE ( 'NONE', #2433, #2424, #2224, .T. ) ;
#673 = DIRECTION ( 'NONE',  ( -1.000000000000000000, 0.000000000000000000, 0.000000000000000000 ) ) ;
#674 = LINE ( 'NONE', #109, #2361 ) ;
#675 = CARTESIAN_POINT ( 'NONE',  ( 1.731848186306505610, 0.04000000000000000083, -0.7357802255022201088 ) ) ;
#676 = CARTESIAN_POINT ( 'NONE',  ( 1.680930020251101054, 0.000000000000000000, -0.6224926959607453014 ) ) ;
#677 = CARTESIAN_POINT ( 'NONE',  ( 1.451056603349967222, 0.04000000000000000083, -0.7319510360970333807 ) ) ;
#678 = VERTEX_POINT ( 'NONE', #4211 ) ;
#679 = LINE ( 'NONE', #295, #2849 ) ;
#680 = VECTOR ( 'NONE', #4767, 39.37007874015748143 ) ;
#681 = EDGE_CURVE ( 'NONE', #5114, #4974, #2733, .T. ) ;
#682 = ADVANCED_FACE ( 'NONE', ( #3954 ), #4847, .T. ) ;
#683 = FACE_OUTER_BOUND ( 'NONE', #1107, .T. ) ;
#684 = CARTESIAN_POINT ( 'NONE',  ( 1.696437299679905752, 0.04000000000000000083, -0.6237500000000000266 ) ) ;
#685 = DIRECTION ( 'NONE',  ( -0.000000000000000000, -1.000000000000000000, -0.000000000000000000 ) ) ;
#686 = CARTESIAN_POINT ( 'NONE',  ( 1.535891689266108084, 0.000000000000000000, -0.7290154587386727947 ) ) ;
#687 = CARTESIAN_POINT ( 'NONE',  ( 1.815363405212180314, 0.04000000000000000083, -0.5489212441863686731 ) ) ;
#688 = CARTESIAN_POINT ( 'NONE',  ( 1.666365687984099342, 0.04000000000000000083, -0.6656937951576626933 ) ) ;
#689 = CARTESIAN_POINT ( 'NONE',  ( 0.8981951121799053306, 0.000000000000000000, -0.7209667968749999822 ) ) ;
#690 = CARTESIAN_POINT ( 'NONE',  ( 0.9817295246001155329, 0.04000000000000000083, -0.4894666760164760877 ) ) ;
#691 = CARTESIAN_POINT ( 'NONE',  ( 2.104999999999999982, 0.1400000000000000133, 0.000000000000000000 ) ) ;
#692 = CARTESIAN_POINT ( 'NONE',  ( 0.9540544871799059301, 0.04000000000000000083, -0.7072949218750000933 ) ) ;
#693 = CARTESIAN_POINT ( 'NONE',  ( 1.114519734441949961, 0.04000000000000000083, -0.6814065122916800332 ) ) ;
#694 = ORIENTED_EDGE ( 'NONE', *, *, #531, .T. ) ;
#695 = ORIENTED_EDGE ( 'NONE', *, *, #3054, .T. ) ;
#696 = CARTESIAN_POINT ( 'NONE',  ( 1.185532124056223102, 0.000000000000000000, -0.5142886079259293419 ) ) ;
#697 = CARTESIAN_POINT ( 'NONE',  ( 1.745460737179905575, 0.04000000000000000083, -0.5799999999999999600 ) ) ;
#698 = CARTESIAN_POINT ( 'NONE',  ( 0.6946794871799053528, 0.000000000000000000, -0.7089062499999998490 ) ) ;
#699 = CARTESIAN_POINT ( 'NONE',  ( 1.104657787042074624, 0.000000000000000000, -0.7328658653892223818 ) ) ;
#700 = ADVANCED_FACE ( 'NONE', ( #2449 ), #4457, .F. ) ;
#701 = VERTEX_POINT ( 'NONE', #4336 ) ;
#702 = PLANE ( 'NONE',  #4214 ) ;
#703 = CARTESIAN_POINT ( 'NONE',  ( 1.745971109681790256, 0.000000000000000000, -0.5353052020652324661 ) ) ;
#704 = CARTESIAN_POINT ( 'NONE',  ( 1.659002355286515629, 0.04000000000000000083, -0.5325534197047187002 ) ) ;
#705 = CARTESIAN_POINT ( 'NONE',  ( 1.689011453713198829, 0.000000000000000000, -0.7157743846298709745 ) ) ;
#706 = CARTESIAN_POINT ( 'NONE',  ( 1.657290006273648864, 0.000000000000000000, -0.5972788753130612305 ) ) ;
#707 = CARTESIAN_POINT ( 'NONE',  ( 2.013866381153823326, 0.04000000000000000083, -0.5831681608761836166 ) ) ;
#708 = ADVANCED_FACE ( 'NONE', ( #2481 ), #5826, .F. ) ;
#709 = ORIENTED_EDGE ( 'NONE', *, *, #3158, .T. ) ;
#710 = CARTESIAN_POINT ( 'NONE',  ( 1.412013471554905530, 0.04000000000000000083, -0.7362499999999999600 ) ) ;
#711 = ADVANCED_FACE ( 'NONE', ( #5383 ), #3208, .T. ) ;
#712 = CARTESIAN_POINT ( 'NONE',  ( 1.059288929458669370, 0.000000000000000000, -0.6989466174180837266 ) ) ;
#713 = VECTOR ( 'NONE', #2541, 39.37007874015748143 ) ;
#714 = VERTEX_POINT ( 'NONE', #5798 ) ;
#715 = CARTESIAN_POINT ( 'NONE',  ( 1.602922912838602887, 0.04000000000000000083, -0.4935646415454433833 ) ) ;
#716 = CARTESIAN_POINT ( 'NONE',  ( 1.745460737179905575, 0.04000000000000000083, -0.5799999999999999600 ) ) ;
#717 = CARTESIAN_POINT ( 'NONE',  ( 1.892708143753448535, 0.000000000000000000, -0.6411864590076461479 ) ) ;
#718 = CARTESIAN_POINT ( 'NONE',  ( 1.542791287405409717, 0.000000000000000000, -0.7332006196461090530 ) ) ;
#719 = CARTESIAN_POINT ( 'NONE',  ( 0.6946794871799053528, 0.04000000000000000083, -0.5235546875000000044 ) ) ;
#720 = CARTESIAN_POINT ( 'NONE',  ( 1.214894330929905841, 0.04000000000000000083, -0.4893750000000000044 ) ) ;
#721 = CARTESIAN_POINT ( 'NONE',  ( 1.696437299679905752, 0.04000000000000000083, -0.6237500000000000266 ) ) ;
#722 = ADVANCED_FACE ( 'NONE', ( #2419 ), #4366, .T. ) ;
#723 = CARTESIAN_POINT ( 'NONE',  ( 1.771241987179905664, 0.000000000000000000, -0.6956250000000000488 ) ) ;
#724 = LINE ( 'NONE', #1114, #424 ) ;
#725 = CARTESIAN_POINT ( 'NONE',  ( 2.092412491511593142, 0.000000000000000000, -0.4896771582000231104 ) ) ;
#726 = CARTESIAN_POINT ( 'NONE',  ( 0.9858525161510304224, -0.000000000000000000, -0.7392728819672014229 ) ) ;
#727 = VERTEX_POINT ( 'NONE', #1602 ) ;
#728 = VERTEX_POINT ( 'NONE', #5475 ) ;
#729 = CARTESIAN_POINT ( 'NONE',  ( 0.2000000000000000111, 0.1400000000000000133, -0.6149999999999999911 ) ) ;
#730 = CARTESIAN_POINT ( 'NONE',  ( 1.980300589604965467, 0.04000000000000000083, -0.6491831046553113715 ) ) ;
#731 = VECTOR ( 'NONE', #5380, 39.37007874015748143 ) ;
#732 = AXIS2_PLACEMENT_3D ( 'NONE', #192, #133, #1657 ) ;
#733 = LINE ( 'NONE', #284, #2638 ) ;
#734 = CARTESIAN_POINT ( 'NONE',  ( 1.981069553361002100, 0.000000000000000000, -0.6727046574171606785 ) ) ;
#735 = ORIENTED_EDGE ( 'NONE', *, *, #3500, .F. ) ;
#736 = DIRECTION ( 'NONE',  ( 0.000000000000000000, 0.000000000000000000, -1.000000000000000000 ) ) ;
#737 = CARTESIAN_POINT ( 'NONE',  ( 2.074470232313248008, 0.04000000000000000083, -0.4912707174611702365 ) ) ;
#738 = CARTESIAN_POINT ( 'NONE',  ( 0.9946093181914842374, 0.04000000000000000083, -0.7375105510891896143 ) ) ;
#739 = B_SPLINE_SURFACE_WITH_KNOTS ( 'NONE', 3, 1, ( 
 ( #4746, #3275 ),
 ( #353, #798 ),
 ( #6235, #2312 ),
 ( #4299, #4204 ),
 ( #1727, #3755 ),
 ( #827, #2348 ),
 ( #1860, #3691 ),
 ( #2773, #6140 ),
 ( #4714, #263 ),
 ( #1758, #4264 ),
 ( #5758, #6203 ) ),
 .UNSPECIFIED., .F., .F., .F.,
 ( 4, 1, 1, 1, 1, 1, 1, 1, 4 ),
 ( 2, 2 ),
 ( 0.000000000000000000, 0.1581692231159462503, 0.2979152898125614901, 0.4257598827158990962, 0.5443383524022874509, 0.6560061348833443606, 0.7665598615528721460, 0.8789143086602184685, 1.000000000000000000 ),
 ( 0.000000000000000000, 1.000000000000000000 ),
 .UNSPECIFIED. ) ;
#740 = CARTESIAN_POINT ( 'NONE',  ( 1.494777143429905530, 0.000000000000000000, -0.5737499999999999822 ) ) ;
#741 = ORIENTED_EDGE ( 'NONE', *, *, #3193, .T. ) ;
#742 = CARTESIAN_POINT ( 'NONE',  ( 0.7478044871799053306, 0.000000000000000000, -0.5706250000000000488 ) ) ;
#743 = CARTESIAN_POINT ( 'NONE',  ( 2.021782668011069983, 0.04000000000000000083, -0.6269579293438025669 ) ) ;
#744 = VERTEX_POINT ( 'NONE', #3566 ) ;
#745 = CARTESIAN_POINT ( 'NONE',  ( 1.606691871339055222, 0.04000000000000000083, -0.4969210215378405127 ) ) ;
#746 = CARTESIAN_POINT ( 'NONE',  ( 2.229999999999999538, 0.1400000000000000133, -1.104999999999999982 ) ) ;
#747 = CARTESIAN_POINT ( 'NONE',  ( 0.6948872731656431379, 0.000000000000000000, -0.7153414717591428662 ) ) ;
#748 = CARTESIAN_POINT ( 'NONE',  ( 1.531415355931479816, 0.000000000000000000, -0.7228581240702762756 ) ) ;
#749 = CARTESIAN_POINT ( 'NONE',  ( 1.753728998630890379, 0.000000000000000000, -0.5340668624874459480 ) ) ;
#750 = B_SPLINE_SURFACE_WITH_KNOTS ( 'NONE', 3, 1, ( 
 ( #3458, #2986 ),
 ( #1012, #4922 ),
 ( #5672, #2231 ),
 ( #688, #2726 ),
 ( #4664, #274 ),
 ( #2298, #1776 ),
 ( #247, #2657 ),
 ( #811, #2788 ),
 ( #6156, #5611 ),
 ( #3166, #2697 ),
 ( #6062, #6125 ) ),
 .UNSPECIFIED., .F., .F., .F.,
 ( 4, 1, 1, 1, 1, 1, 1, 1, 4 ),
 ( 2, 2 ),
 ( 0.000000000000000000, 0.1083625427723342444, 0.2179321617883494544, 0.3333712092284985551, 0.4596966744870134569, 0.5901616249011426563, 0.7207242691456540173, 0.8558783121450039832, 1.000000000000000000 ),
 ( 0.000000000000000000, 1.000000000000000000 ),
 .UNSPECIFIED. ) ;
#751 = EDGE_CURVE ( 'NONE', #2785, #3174, #1091, .T. ) ;
#752 = CARTESIAN_POINT ( 'NONE',  ( 1.216824410802786138, 0.04000000000000000083, -0.4894783444736948708 ) ) ;
#753 = LINE ( 'NONE', #5674, #5455 ) ;
#754 = VECTOR ( 'NONE', #2299, 39.37007874015748143 ) ;
#755 = CARTESIAN_POINT ( 'NONE',  ( 1.819662547184250689, 0.000000000000000000, -0.6755243741251424350 ) ) ;
#756 = CARTESIAN_POINT ( 'NONE',  ( 1.710304487179905575, 0.04000000000000000083, -0.5799999999999999600 ) ) ;
#757 = CARTESIAN_POINT ( 'NONE',  ( 2.113223367497592431, 0.000000000000000000, -0.5143599453195993876 ) ) ;
#758 = LINE ( 'NONE', #788, #17 ) ;
#759 = ORIENTED_EDGE ( 'NONE', *, *, #4716, .T. ) ;
#760 = ORIENTED_EDGE ( 'NONE', *, *, #5293, .F. ) ;
#761 = CARTESIAN_POINT ( 'NONE',  ( 1.776564252804905708, 0.000000000000000000, -0.6016308593750000488 ) ) ;
#762 = CARTESIAN_POINT ( 'NONE',  ( 1.984545047573996079, 0.04000000000000000083, -0.6406349633961228029 ) ) ;
#763 = PLANE ( 'NONE',  #1803 ) ;
#764 = PLANE ( 'NONE',  #1206 ) ;
#765 = ADVANCED_FACE ( 'NONE', ( #4142 ), #702, .F. ) ;
#766 = ORIENTED_EDGE ( 'NONE', *, *, #3735, .F. ) ;
#767 = DIRECTION ( 'NONE',  ( -0.000000000000000000, -1.000000000000000000, -0.000000000000000000 ) ) ;
#768 = DIRECTION ( 'NONE',  ( 0.000000000000000000, -1.000000000000000000, 0.000000000000000000 ) ) ;
#769 = CARTESIAN_POINT ( 'NONE',  ( 1.680909955929905664, 0.000000000000000000, -0.5122265624999999822 ) ) ;
#770 = CARTESIAN_POINT ( 'NONE',  ( 1.836002695480820401, 0.04000000000000000083, -0.5878216532983788767 ) ) ;
#771 = VERTEX_POINT ( 'NONE', #2675 ) ;
#772 = PLANE ( 'NONE',  #3777 ) ;
#773 = DIRECTION ( 'NONE',  ( 0.000000000000000000, 0.000000000000000000, -1.000000000000000000 ) ) ;
#774 = CARTESIAN_POINT ( 'NONE',  ( 1.097832163975086095, 0.04000000000000000083, -0.7308371393224524226 ) ) ;
#775 = CARTESIAN_POINT ( 'NONE',  ( 1.593726161428278054, 0.04000000000000000083, -0.4896475354661984358 ) ) ;
#776 = CARTESIAN_POINT ( 'NONE',  ( 1.425377796716588374, 0.04000000000000000083, -0.5014018362069876389 ) ) ;
#777 = CARTESIAN_POINT ( 'NONE',  ( 0.7108323930433019244, 0.04000000000000000083, -0.7375787142954144393 ) ) ;
#778 = ORIENTED_EDGE ( 'NONE', *, *, #2488, .T. ) ;
#779 = CARTESIAN_POINT ( 'NONE',  ( 1.101837058032423711, 0.04000000000000000083, -0.7320828900431359809 ) ) ;
#780 = CARTESIAN_POINT ( 'NONE',  ( 1.837365641014719220, 0.04000000000000000083, -0.5965159553965388994 ) ) ;
#781 = CARTESIAN_POINT ( 'NONE',  ( 1.241348367497592697, 0.000000000000000000, -0.5143599453195993876 ) ) ;
#782 = EDGE_CURVE ( 'NONE', #2632, #3268, #3866, .T. ) ;
#783 = CARTESIAN_POINT ( 'NONE',  ( 1.657290006273648864, 0.04000000000000000083, -0.5972788753130612305 ) ) ;
#784 = CARTESIAN_POINT ( 'NONE',  ( 1.792390993416857814, 0.000000000000000000, -0.6929414081459976948 ) ) ;
#785 = CARTESIAN_POINT ( 'NONE',  ( 1.747791684523105182, -0.000000000000000000, -0.5800446072327218872 ) ) ;
#786 = CARTESIAN_POINT ( 'NONE',  ( 1.712615238068587731, 0.04000000000000000083, -0.6583572771525912914 ) ) ;
#787 = B_SPLINE_CURVE_WITH_KNOTS ( 'NONE', 3,
 ( #5647, #785, #1274, #5744, #3263, #1365, #6221, #1844, #3327, #3232, #5269 ),
 .UNSPECIFIED., .F., .F.,
 ( 4, 1, 1, 1, 1, 1, 1, 1, 4 ),
 ( 0.000000000000000000, 0.1615399494669155500, 0.3053584822690652012, 0.4332607637433861791, 0.5478791969258786088, 0.6538167439720030671, 0.7577512807189702437, 0.8719633333694412070, 1.000000000000000000 ),
 .UNSPECIFIED. ) ;
#788 = CARTESIAN_POINT ( 'NONE',  ( 2.229999999999999538, 0.3149999999999992251, -0.000000000000000000 ) ) ;
#789 = EDGE_CURVE ( 'NONE', #2342, #348, #5002, .T. ) ;
#790 = ORIENTED_EDGE ( 'NONE', *, *, #2606, .T. ) ;
#791 = ORIENTED_EDGE ( 'NONE', *, *, #1195, .T. ) ;
#792 = CARTESIAN_POINT ( 'NONE',  ( 1.751759565304905619, 0.04000000000000000083, -0.6237500000000000266 ) ) ;
#793 = ORIENTED_EDGE ( 'NONE', *, *, #3346, .F. ) ;
#794 = DIRECTION ( 'NONE',  ( 0.000000000000000000, -1.000000000000000000, -0.000000000000000000 ) ) ;
#795 = CARTESIAN_POINT ( 'NONE',  ( 1.225653139869469443, 0.04000000000000000083, -0.7333496907531326103 ) ) ;
#796 = AXIS2_PLACEMENT_3D ( 'NONE', #6219, #5300, #969 ) ;
#797 = EDGE_LOOP ( 'NONE', ( #2463, #5294, #5208, #321 ) ) ;
#798 = CARTESIAN_POINT ( 'NONE',  ( 0.7477206009100992867, 0.000000000000000000, -0.7110595137107713626 ) ) ;
#799 = CARTESIAN_POINT ( 'NONE',  ( 0.8480777341973135819, 0.000000000000000000, -0.5134606427243957327 ) ) ;
#800 = DIRECTION ( 'NONE',  ( 0.000000000000000000, 0.000000000000000000, 1.000000000000000000 ) ) ;
#801 = CARTESIAN_POINT ( 'NONE',  ( 1.985697422333190021, 0.04000000000000000083, -0.5857795907696653481 ) ) ;
#802 = DIRECTION ( 'NONE',  ( -0.000000000000000000, -1.000000000000000000, -0.000000000000000000 ) ) ;
#803 = LINE ( 'NONE', #1865, #5331 ) ;
#804 = CARTESIAN_POINT ( 'NONE',  ( 2.017677534054905575, 0.04000000000000000083, -0.5831250000000000044 ) ) ;
#805 = CARTESIAN_POINT ( 'NONE',  ( 1.590294150816323748, 0.000000000000000000, -0.4894676275273492916 ) ) ;
#806 = CARTESIAN_POINT ( 'NONE',  ( 1.774014222424570519, 0.000000000000000000, -0.4894713636712924032 ) ) ;
#807 = CARTESIAN_POINT ( 'NONE',  ( 0.6985316199744912025, 0.000000000000000000, -0.7266548157250078965 ) ) ;
#808 = ORIENTED_EDGE ( 'NONE', *, *, #3628, .T. ) ;
#809 = CARTESIAN_POINT ( 'NONE',  ( 1.528193775660272591, 0.000000000000000000, -0.7140213084126223464 ) ) ;
#810 = CARTESIAN_POINT ( 'NONE',  ( 1.710304487179905575, 0.000000000000000000, -0.5480664062500000266 ) ) ;
#811 = CARTESIAN_POINT ( 'NONE',  ( 1.681828174618588800, 0.04000000000000000083, -0.6517141322442286944 ) ) ;
#812 = CARTESIAN_POINT ( 'NONE',  ( 2.057179487179905397, 0.000000000000000000, -0.6925000000000000044 ) ) ;
#813 = CARTESIAN_POINT ( 'NONE',  ( 1.100490034054905752, 0.04000000000000000083, -0.7317089843750000933 ) ) ;
#814 = CARTESIAN_POINT ( 'NONE',  ( 2.079999999999999627, 0.3149999999999992251, -1.054999999999999938 ) ) ;
#815 = CARTESIAN_POINT ( 'NONE',  ( 1.531253049571068336, 0.04000000000000000083, -0.5335642766421965222 ) ) ;
#816 = AXIS2_PLACEMENT_3D ( 'NONE', #513, #5889, #4873 ) ;
#817 = CARTESIAN_POINT ( 'NONE',  ( 1.987745893429905264, 0.04000000000000000083, -0.6829296874999999378 ) ) ;
#818 = VERTEX_POINT ( 'NONE', #2183 ) ;
#819 = ORIENTED_EDGE ( 'NONE', *, *, #5575, .F. ) ;
#820 = CARTESIAN_POINT ( 'NONE',  ( 1.237685893904240775, 0.04000000000000000083, -0.5022764856182353466 ) ) ;
#821 = ORIENTED_EDGE ( 'NONE', *, *, #447, .F. ) ;
#822 = DIRECTION ( 'NONE',  ( -0.000000000000000000, -1.000000000000000000, -0.000000000000000000 ) ) ;
#823 = CARTESIAN_POINT ( 'NONE',  ( 0.2000000000000000111, 0.07499999999999999722, -0.6149999999999999911 ) ) ;
#824 = CARTESIAN_POINT ( 'NONE',  ( 1.107339530997315746, 0.000000000000000000, -0.6543145289080799509 ) ) ;
#825 = VECTOR ( 'NONE', #460, 39.37007874015748143 ) ;
#826 = ORIENTED_EDGE ( 'NONE', *, *, #5263, .F. ) ;
#827 = CARTESIAN_POINT ( 'NONE',  ( 0.7412875443072729498, 0.04000000000000000083, -0.7315630477927050901 ) ) ;
#828 = VECTOR ( 'NONE', #3728, 39.37007874015748143 ) ;
#829 = CARTESIAN_POINT ( 'NONE',  ( 0.8494475127983880380, 0.000000000000000000, -0.5074720540016978143 ) ) ;
#830 = CARTESIAN_POINT ( 'NONE',  ( 2.104999999999999982, 0.000000000000000000, 0.000000000000000000 ) ) ;
#831 = CARTESIAN_POINT ( 'NONE',  ( 1.115924062737381650, 0.04000000000000000083, -0.6372473612529567788 ) ) ;
#832 = DIRECTION ( 'NONE',  ( 0.0001256912946026835702, 0.000000000000000000, -0.9999999921008492221 ) ) ;
#833 = FACE_OUTER_BOUND ( 'NONE', #5248, .T. ) ;
#834 = CARTESIAN_POINT ( 'NONE',  ( 1.067656165635440191, 0.04000000000000000083, -0.7112607086607196649 ) ) ;
#835 = CARTESIAN_POINT ( 'NONE',  ( 0.9839861278049059079, 0.04000000000000000083, -0.4893750000000001155 ) ) ;
#836 = CARTESIAN_POINT ( 'NONE',  ( 1.808935402057506803, 0.000000000000000000, -0.4939147066958607946 ) ) ;
#837 = CARTESIAN_POINT ( 'NONE',  ( 1.831973276787609795, 0.04000000000000000083, -0.7261232052962024452 ) ) ;
#838 = VERTEX_POINT ( 'NONE', #3091 ) ;
#839 = B_SPLINE_SURFACE_WITH_KNOTS ( 'NONE', 3, 1, ( 
 ( #5422, #590 ),
 ( #5005, #1036 ),
 ( #5936, #4025 ),
 ( #620, #2587 ),
 ( #1004, #5453 ),
 ( #2620, #1640 ),
 ( #4467, #1550 ),
 ( #3575, #177 ),
 ( #2033, #4532 ),
 ( #1072, #4976 ),
 ( #1133, #3101 ) ),
 .UNSPECIFIED., .F., .F., .F.,
 ( 4, 1, 1, 1, 1, 1, 1, 1, 4 ),
 ( 2, 2 ),
 ( 0.000000000000000000, 0.1292762757122593031, 0.2549421511798584672, 0.3773445022293860918, 0.4965462753555073827, 0.6164033901152238260, 0.7399491348754002606, 0.8678354194808639566, 1.000000000000000000 ),
 ( 0.000000000000000000, 1.000000000000000000 ),
 .UNSPECIFIED. ) ;
#840 = CARTESIAN_POINT ( 'NONE',  ( 2.111867746087522590, 0.04000000000000000083, -0.5078715846304679982 ) ) ;
#841 = DIRECTION ( 'NONE',  ( 0.000000000000000000, 0.000000000000000000, -1.000000000000000000 ) ) ;
#842 = CARTESIAN_POINT ( 'NONE',  ( 1.560304487179905664, 0.04000000000000000083, -0.6799999999999999378 ) ) ;
#843 = ADVANCED_FACE ( 'NONE', ( #4492 ), #1186, .F. ) ;
#844 = CARTESIAN_POINT ( 'NONE',  ( 1.517968615889645712, 0.000000000000000000, -0.4979413322131798214 ) ) ;
#845 = DIRECTION ( 'NONE',  ( -0.000000000000000000, -1.000000000000000000, -0.000000000000000000 ) ) ;
#846 = CARTESIAN_POINT ( 'NONE',  ( 1.496241987179905752, 0.04000000000000000083, -0.4893750000000001155 ) ) ;
#847 = CARTESIAN_POINT ( 'NONE',  ( 1.131486889415794339, 0.04000000000000000083, -0.6902494895767093963 ) ) ;
#848 = ORIENTED_EDGE ( 'NONE', *, *, #211, .F. ) ;
#849 = ORIENTED_EDGE ( 'NONE', *, *, #2967, .T. ) ;
#850 = CARTESIAN_POINT ( 'NONE',  ( 1.776564252804905708, 0.04000000000000000083, -0.6016308593750000488 ) ) ;
#851 = ORIENTED_EDGE ( 'NONE', *, *, #4711, .F. ) ;
#852 = CARTESIAN_POINT ( 'NONE',  ( 0.9540544871799059301, 0.04000000000000000083, -0.7072949218750000933 ) ) ;
#853 = CARTESIAN_POINT ( 'NONE',  ( 0.9894199094816070739, 0.000000000000000000, -0.4896848526063652951 ) ) ;
#854 = FACE_BOUND ( 'NONE', #1178, .T. ) ;
#855 = CARTESIAN_POINT ( 'NONE',  ( 1.107234395844689967, -0.000000000000000000, -0.6579403409033011130 ) ) ;
#856 = ORIENTED_EDGE ( 'NONE', *, *, #4116, .F. ) ;
#857 = CARTESIAN_POINT ( 'NONE',  ( 1.428973828345612374, -0.000000000000000000, -0.5173155831521890624 ) ) ;
#858 = CARTESIAN_POINT ( 'NONE',  ( 1.776491450839594366, 0.04000000000000000083, -0.5997790228293909953 ) ) ;
#859 = CARTESIAN_POINT ( 'NONE',  ( 1.010118819068422269, 0.04000000000000000083, -0.7144299674326135552 ) ) ;
#860 = B_SPLINE_CURVE_WITH_KNOTS ( 'NONE', 3,
 ( #5223, #774, #4690, #4721, #330, #4242, #834, #1262, #2319, #4271, #1833, #3794, #5733, #3317, #1701 ),
 .UNSPECIFIED., .F., .F.,
 ( 4, 1, 1, 1, 1, 1, 1, 1, 1, 1, 1, 1, 4 ),
 ( 0.000000000000000000, 0.08979271063555817334, 0.1753942178141328634, 0.2588056349961301850, 0.3398127966891512086, 0.4200621604101829609, 0.4991223246882410258, 0.5788384868517739701, 0.6591082875927595230, 0.7411182879485643804, 0.8251094400327123601, 0.9110392593857606913, 1.000000000000000000 ),
 .UNSPECIFIED. ) ;
#861 = CARTESIAN_POINT ( 'NONE',  ( 1.769923627804905752, 0.04000000000000000083, -0.5331249999999999600 ) ) ;
#862 = PRODUCT_RELATED_PRODUCT_CATEGORY ( 'part', '', ( #2283 ) ) ;
#863 = CARTESIAN_POINT ( 'NONE',  ( 1.185304487179905886, 0.04000000000000000083, -0.5831250000000000044 ) ) ;
#864 = EDGE_CURVE ( 'NONE', #1563, #3355, #5828, .T. ) ;
#865 = CARTESIAN_POINT ( 'NONE',  ( 0.5624999999999998890, 0.000000000000000000, -0.3649999999999999911 ) ) ;
#866 = CARTESIAN_POINT ( 'NONE',  ( 2.229999999999999538, 0.1400000000000000133, -1.054999999999999938 ) ) ;
#867 = CARTESIAN_POINT ( 'NONE',  ( 1.664491007856813143, 0.04000000000000000083, -0.6761815302582975251 ) ) ;
#868 = CARTESIAN_POINT ( 'NONE',  ( 1.868526479374532645, 0.04000000000000000083, -0.5313588354496490140 ) ) ;
#869 = CARTESIAN_POINT ( 'NONE',  ( 0.7289193246192244846, 0.04000000000000000083, -0.4894478294210971026 ) ) ;
#870 = ORIENTED_EDGE ( 'NONE', *, *, #3335, .F. ) ;
#871 = EDGE_CURVE ( 'NONE', #3947, #3587, #3828, .T. ) ;
#872 = CARTESIAN_POINT ( 'NONE',  ( 0.8906855878890969080, 0.04000000000000000083, -0.7316341506825990715 ) ) ;
#873 = EDGE_CURVE ( 'NONE', #2182, #3746, #3857, .T. ) ;
#874 = CARTESIAN_POINT ( 'NONE',  ( 1.772884450528833034, 0.04000000000000000083, -0.6143659011276845217 ) ) ;
#875 = LINE ( 'NONE', #5266, #5319 ) ;
#876 = CARTESIAN_POINT ( 'NONE',  ( 1.593652242189570911, 0.000000000000000000, -0.7349146247617434069 ) ) ;
#877 = CARTESIAN_POINT ( 'NONE',  ( 1.795121136997139821, 0.04000000000000000083, -0.7374563110120658793 ) ) ;
#878 = CARTESIAN_POINT ( 'NONE',  ( 2.229999999999999094, 0.06250000000000000000, -1.054999999999999938 ) ) ;
#879 = CARTESIAN_POINT ( 'NONE',  ( 2.113429487179905308, 0.000000000000000000, -0.5214062499999999600 ) ) ;
#880 = LINE ( 'NONE', #1367, #3146 ) ;
#881 = VECTOR ( 'NONE', #343, 39.37007874015748143 ) ;
#882 = ORIENTED_EDGE ( 'NONE', *, *, #5972, .T. ) ;
#883 = CARTESIAN_POINT ( 'NONE',  ( 1.239992746087522857, 0.04000000000000000083, -0.5078715846304679982 ) ) ;
#884 = ORIENTED_EDGE ( 'NONE', *, *, #1848, .T. ) ;
#885 = CARTESIAN_POINT ( 'NONE',  ( 0.7127769309459734970, 0.04000000000000000083, -0.4912586770440596773 ) ) ;
#886 = CARTESIAN_POINT ( 'NONE',  ( 1.894583119666773063, -0.000000000000000000, -0.6189702593203569858 ) ) ;
#887 = CARTESIAN_POINT ( 'NONE',  ( 0.9541362347901385377, 0.04000000000000000083, -0.5192325721664362570 ) ) ;
#888 = CARTESIAN_POINT ( 'NONE',  ( 1.762758600844492651, 0.04000000000000000083, -0.7392921514118790949 ) ) ;
#889 = ORIENTED_EDGE ( 'NONE', *, *, #2567, .T. ) ;
#890 = B_SPLINE_CURVE_WITH_KNOTS ( 'NONE', 3,
 ( #3986, #3119, #76, #1540, #703, #1572, #6048, #4458, #4018, #3063, #5060 ),
 .UNSPECIFIED., .F., .F.,
 ( 4, 1, 1, 1, 1, 1, 1, 1, 4 ),
 ( 0.000000000000000000, 0.1330733262487469315, 0.2627659362384358599, 0.3887957597851894875, 0.5126889517223318649, 0.6344410886993782084, 0.7564245126272963748, 0.8781791936067050441, 1.000000000000000000 ),
 .UNSPECIFIED. ) ;
#891 = DIRECTION ( 'NONE',  ( 0.000000000000000000, -1.000000000000000000, 0.000000000000000000 ) ) ;
#892 = CARTESIAN_POINT ( 'NONE',  ( 0.8662979170463562806, 0.000000000000000000, -0.7392444795448696038 ) ) ;
#893 = CARTESIAN_POINT ( 'NONE',  ( 1.613429487179905530, 0.000000000000000000, -0.5195996093750000488 ) ) ;
#894 = VECTOR ( 'NONE', #5278, 39.37007874015748143 ) ;
#895 = B_SPLINE_SURFACE_WITH_KNOTS ( 'NONE', 3, 1, ( 
 ( #716, #242 ),
 ( #2198, #6088 ),
 ( #3765, #2752 ),
 ( #1868, #1770 ),
 ( #4756, #2783 ),
 ( #3734, #3702 ),
 ( #1738, #4725 ),
 ( #1798, #6121 ),
 ( #5163, #301 ),
 ( #6212, #6180 ),
 ( #1264, #6246 ) ),
 .UNSPECIFIED., .F., .F., .F.,
 ( 4, 1, 1, 1, 1, 1, 1, 1, 4 ),
 ( 2, 2 ),
 ( 0.000000000000000000, 0.1615399494669155500, 0.3053584822690652012, 0.4332607637433861791, 0.5478791969258786088, 0.6538167439720030671, 0.7577512807189702437, 0.8719633333694412070, 1.000000000000000000 ),
 ( 0.000000000000000000, 1.000000000000000000 ),
 .UNSPECIFIED. ) ;
#896 = CARTESIAN_POINT ( 'NONE',  ( 1.135689165549412794, 0.04000000000000000083, -0.6285930086686676299 ) ) ;
#897 = CARTESIAN_POINT ( 'NONE',  ( 0.9858349916979387562, 0.04000000000000000083, -0.4894804284713953901 ) ) ;
#898 = DIRECTION ( 'NONE',  ( 1.000000000000000000, 0.000000000000000000, 0.000000000000000000 ) ) ;
#899 = CARTESIAN_POINT ( 'NONE',  ( 0.7393959099419196157, 0.04000000000000000083, -0.4912410258914117200 ) ) ;
#900 = DIRECTION ( 'NONE',  ( -0.000000000000000000, -1.000000000000000000, -0.000000000000000000 ) ) ;
#901 = CARTESIAN_POINT ( 'NONE',  ( 1.875431796667851980, 0.04000000000000000083, -0.5408623662470751770 ) ) ;
#902 = EDGE_CURVE ( 'NONE', #701, #1398, #4719, .T. ) ;
#903 = CARTESIAN_POINT ( 'NONE',  ( 0.7332345392384469474, 0.000000000000000000, -0.4895870481753199499 ) ) ;
#904 = EDGE_LOOP ( 'NONE', ( #6326, #5452, #3090, #650 ) ) ;
#905 = EDGE_CURVE ( 'NONE', #3110, #1225, #2741, .T. ) ;
#906 = CARTESIAN_POINT ( 'NONE',  ( 1.753557752773087897, 0.000000000000000000, -0.6236842304198113585 ) ) ;
#907 = DIRECTION ( 'NONE',  ( -0.000000000000000000, -1.000000000000000000, -0.000000000000000000 ) ) ;
#908 = CARTESIAN_POINT ( 'NONE',  ( 1.101837058032423711, -0.000000000000000000, -0.7320828900431359809 ) ) ;
#909 = EDGE_CURVE ( 'NONE', #2900, #669, #3379, .T. ) ;
#910 = CARTESIAN_POINT ( 'NONE',  ( 1.504885159408923423, 0.000000000000000000, -0.4903065445313095627 ) ) ;
#911 = CARTESIAN_POINT ( 'NONE',  ( 1.145802534054905841, 0.04000000000000000083, -0.5831250000000000044 ) ) ;
#912 = CARTESIAN_POINT ( 'NONE',  ( 1.222555632894472888, 0.04000000000000000083, -0.7344148740484145454 ) ) ;
#913 = B_SPLINE_CURVE_WITH_KNOTS ( 'NONE', 3,
 ( #4595, #3222, #4117, #3161, #1671, #4658, #2782, #3604, #4627, #5543, #5637, #3638, #2650, #6056, #241, #2197, #5192, #3127, #208 ),
 .UNSPECIFIED., .F., .F.,
 ( 4, 1, 1, 1, 1, 1, 1, 1, 1, 1, 1, 1, 1, 1, 1, 1, 4 ),
 ( 0.000000000000000000, 0.07632991237579972443, 0.1475902797655206378, 0.2141341229181883410, 0.2766335995961090588, 0.3354621556079133704, 0.3904701877972195367, 0.4445106943788564302, 0.4965622250395489434, 0.5495416088508521257, 0.6031030765590439380, 0.6597058747106790966, 0.7195927783563121904, 0.7833678860529335042, 0.8506459785148551278, 0.9227992763119478026, 1.000000000000000000 ),
 .UNSPECIFIED. ) ;
#914 = CARTESIAN_POINT ( 'NONE',  ( 1.660217759286164219, 0.000000000000000000, -0.5296793320298502916 ) ) ;
#915 = ORIENTED_EDGE ( 'NONE', *, *, #3463, .T. ) ;
#916 = CARTESIAN_POINT ( 'NONE',  ( 1.531253049571068336, 0.04000000000000000083, -0.5335642766421965222 ) ) ;
#917 = EDGE_LOOP ( 'NONE', ( #5307, #3778, #4131, #5832, #3975, #5867 ) ) ;
#918 = CARTESIAN_POINT ( 'NONE',  ( 1.774979853927590057, 0.04000000000000000083, -0.6104769995186635212 ) ) ;
#919 = CARTESIAN_POINT ( 'NONE',  ( 1.008670260437244393, 0.000000000000000000, -0.5079346876839752056 ) ) ;
#920 = VECTOR ( 'NONE', #1044, 39.37007874015748143 ) ;
#921 = CARTESIAN_POINT ( 'NONE',  ( 1.115924062737381650, 0.04000000000000000083, -0.6372473612529567788 ) ) ;
#922 = CARTESIAN_POINT ( 'NONE',  ( 1.972365034054905486, 0.000000000000000000, -0.7317089843750000933 ) ) ;
#923 =( GEOMETRIC_REPRESENTATION_CONTEXT ( 3 ) GLOBAL_UNCERTAINTY_ASSIGNED_CONTEXT ( ( #5474 ) ) GLOBAL_UNIT_ASSIGNED_CONTEXT ( ( #145, #3570, #5034 ) ) REPRESENTATION_CONTEXT ( 'NONE', 'WORKASPACE' ) );
#924 = VERTEX_POINT ( 'NONE', #4816 ) ;
#925 = CARTESIAN_POINT ( 'NONE',  ( 1.950995435182996340, 0.04000000000000000083, -0.5999818517838255705 ) ) ;
#926 = DIRECTION ( 'NONE',  ( 0.000000000000000000, 0.000000000000000000, 1.000000000000000000 ) ) ;
#927 = CARTESIAN_POINT ( 'NONE',  ( 1.609779303471527534, 0.04000000000000000083, -0.5012731594545389857 ) ) ;
#928 = CARTESIAN_POINT ( 'NONE',  ( 1.828228106193082958, 0.04000000000000000083, -0.5655082474758671429 ) ) ;
#929 = CARTESIAN_POINT ( 'NONE',  ( 1.668958520626598663, 0.000000000000000000, -0.6614720397614882730 ) ) ;
#930 = VECTOR ( 'NONE', #1260, 39.37007874015748143 ) ;
#931 = CARTESIAN_POINT ( 'NONE',  ( 1.810088710735638928, 0.000000000000000000, -0.5446912955164561199 ) ) ;
#932 = CARTESIAN_POINT ( 'NONE',  ( 0.7587084062087602332, 0.04000000000000000083, -0.5076686854596073051 ) ) ;
#933 = CARTESIAN_POINT ( 'NONE',  ( 1.830860046329600088, 0.04000000000000000083, -0.6573772749885622435 ) ) ;
#934 = CARTESIAN_POINT ( 'NONE',  ( 1.894585122914099085, 0.04000000000000000083, -0.6097147406940437442 ) ) ;
#935 = CARTESIAN_POINT ( 'NONE',  ( 0.7266619090549053528, 0.04000000000000000083, -0.4893750000000000044 ) ) ;
#936 = EDGE_LOOP ( 'NONE', ( #1177, #4150, #4674, #5215, #663, #778 ) ) ;
#937 = CARTESIAN_POINT ( 'NONE',  ( 1.776334354212897537, 0.000000000000000000, -0.6061951555971232253 ) ) ;
#938 = VECTOR ( 'NONE', #3949, 39.37007874015748143 ) ;
#939 = DIRECTION ( 'NONE',  ( -1.000000000000000000, 0.000000000000000000, 0.000000000000000000 ) ) ;
#940 = CARTESIAN_POINT ( 'NONE',  ( 1.769839029394348229, 0.000000000000000000, -0.6176721814844803315 ) ) ;
#941 = DIRECTION ( 'NONE',  ( 0.000000000000000000, 0.000000000000000000, 1.000000000000000000 ) ) ;
#942 = DIRECTION ( 'NONE',  ( -1.000000000000000000, 0.000000000000000000, 0.000000000000000000 ) ) ;
#943 = DIRECTION ( 'NONE',  ( 0.000000000000000000, 0.000000000000000000, -1.000000000000000000 ) ) ;
#944 = EDGE_CURVE ( 'NONE', #64, #397, #2418, .T. ) ;
#945 = ORIENTED_EDGE ( 'NONE', *, *, #4732, .T. ) ;
#946 = CARTESIAN_POINT ( 'NONE',  ( 0.9009294871799053972, 0.04000000000000000083, -0.7016796874999999822 ) ) ;
#947 = AXIS2_PLACEMENT_3D ( 'NONE', #4469, #970, #2034 ) ;
#948 = EDGE_LOOP ( 'NONE', ( #4673, #5907 ) ) ;
#949 = CARTESIAN_POINT ( 'NONE',  ( 1.766196029182908855, 0.04000000000000000083, -0.6204474108498754248 ) ) ;
#950 = CARTESIAN_POINT ( 'NONE',  ( 1.886340918577241954, 0.000000000000000000, -0.6657903054405369669 ) ) ;
#951 = CARTESIAN_POINT ( 'NONE',  ( 1.107339530997315746, 0.04000000000000000083, -0.6543145289080799509 ) ) ;
#952 = CARTESIAN_POINT ( 'NONE',  ( 0.6946794871799053528, 0.000000000000000000, -0.5235546875000000044 ) ) ;
#953 = ORIENTED_EDGE ( 'NONE', *, *, #632, .T. ) ;
#954 = B_SPLINE_CURVE_WITH_KNOTS ( 'NONE', 3,
 ( #6157, #3611, #275, #3167, #248, #3199, #1300, #1648, #4092, #1171, #307 ),
 .UNSPECIFIED., .F., .F.,
 ( 4, 1, 1, 1, 1, 1, 1, 1, 4 ),
 ( 0.000000000000000000, 0.08220167381014792385, 0.1736621169389050423, 0.2759481427328039360, 0.3912616871088741011, 0.5210725658350752187, 0.6654153851221460414, 0.8245207618702736774, 1.000000000000000000 ),
 .UNSPECIFIED. ) ;
#955 = ORIENTED_EDGE ( 'NONE', *, *, #2408, .F. ) ;
#956 = CARTESIAN_POINT ( 'NONE',  ( 0.8325133568397476980, -0.000000000000000000, -0.7102193113138469682 ) ) ;
#957 = CARTESIAN_POINT ( 'NONE',  ( 0.7665544871799053750, 0.000000000000000000, -0.5189160156250000044 ) ) ;
#958 = FACE_OUTER_BOUND ( 'NONE', #3160, .T. ) ;
#959 = EDGE_CURVE ( 'NONE', #2196, #2850, #3347, .T. ) ;
#960 = CARTESIAN_POINT ( 'NONE',  ( 1.831433209737319601, 0.000000000000000000, -0.5723111445099197114 ) ) ;
#961 = CARTESIAN_POINT ( 'NONE',  ( 1.006420498838386912, 0.04000000000000000083, -0.5022524685038082248 ) ) ;
#962 = CARTESIAN_POINT ( 'NONE',  ( 1.798314247221638684, 0.000000000000000000, -0.5381625900991808820 ) ) ;
#963 = CARTESIAN_POINT ( 'NONE',  ( 2.014297921151178894, 0.000000000000000000, -0.6276072213740757633 ) ) ;
#964 = CARTESIAN_POINT ( 'NONE',  ( 1.695347850284714797, 0.04000000000000000083, -0.6501399421424436387 ) ) ;
#965 = CARTESIAN_POINT ( 'NONE',  ( 1.745283156712634565, 0.04000000000000000083, -0.6912848327287646200 ) ) ;
#966 = LINE ( 'NONE', #2943, #1034 ) ;
#967 = ORIENTED_EDGE ( 'NONE', *, *, #6114, .F. ) ;
#968 = LINE ( 'NONE', #283, #4853 ) ;
#969 = DIRECTION ( 'NONE',  ( 0.000000000000000000, 0.000000000000000000, -1.000000000000000000 ) ) ;
#970 = DIRECTION ( 'NONE',  ( -0.9808598768512358790, 0.000000000000000000, -0.1947149249117246239 ) ) ;
#971 = CARTESIAN_POINT ( 'NONE',  ( 1.219187328429527151, 0.04000000000000000083, -0.7352390000847036644 ) ) ;
#972 = EDGE_CURVE ( 'NONE', #3547, #5177, #2777, .T. ) ;
#973 = CARTESIAN_POINT ( 'NONE',  ( 1.214894330929905841, 0.000000000000000000, -0.4893750000000000044 ) ) ;
#974 = ORIENTED_EDGE ( 'NONE', *, *, #518, .F. ) ;
#975 = CARTESIAN_POINT ( 'NONE',  ( 2.057179487179905397, 0.04000000000000000083, -0.6925000000000000044 ) ) ;
#976 = ORIENTED_EDGE ( 'NONE', *, *, #120, .T. ) ;
#977 = CARTESIAN_POINT ( 'NONE',  ( 1.772884450528833034, 0.04000000000000000083, -0.6143659011276845217 ) ) ;
#978 = CARTESIAN_POINT ( 'NONE',  ( 1.613429487179905530, 0.04000000000000000083, -0.5195996093750000488 ) ) ;
#979 = CARTESIAN_POINT ( 'NONE',  ( 1.664668896976415846, 0.000000000000000000, -0.6792280049237870987 ) ) ;
#980 = CARTESIAN_POINT ( 'NONE',  ( 1.134583499330998446, 0.04000000000000000083, -0.5832520543012010839 ) ) ;
#981 = CIRCLE ( 'NONE', #5678, 0.06249999999999995143 ) ;
#982 = CARTESIAN_POINT ( 'NONE',  ( 0.7478044871799053306, 0.04000000000000000083, -0.5706250000000000488 ) ) ;
#983 = EDGE_CURVE ( 'NONE', #5066, #4412, #429, .T. ) ;
#984 = ORIENTED_EDGE ( 'NONE', *, *, #6242, .T. ) ;
#985 = ORIENTED_EDGE ( 'NONE', *, *, #5635, .T. ) ;
#986 = ORIENTED_EDGE ( 'NONE', *, *, #4844, .T. ) ;
#987 = CARTESIAN_POINT ( 'NONE',  ( 2.113400148475798712, 0.000000000000000000, -0.7051150258839001816 ) ) ;
#988 = CIRCLE ( 'NONE', #175, 0.1249999999999999584 ) ;
#989 = LINE ( 'NONE', #2964, #4529 ) ;
#990 = CARTESIAN_POINT ( 'NONE',  ( 0.000000000000000000, 0.000000000000000000, -0.1250000000000000278 ) ) ;
#991 = CARTESIAN_POINT ( 'NONE',  ( 1.722040335830644420, 0.000000000000000000, -0.6714435597812290490 ) ) ;
#992 = LINE ( 'NONE', #3471, #323 ) ;
#993 = CARTESIAN_POINT ( 'NONE',  ( 2.106366485694179946, 0.000000000000000000, -0.4975879760096892923 ) ) ;
#994 = EDGE_CURVE ( 'NONE', #3927, #3546, #2842, .T. ) ;
#995 = CARTESIAN_POINT ( 'NONE',  ( 1.587301957338526304, 0.04000000000000000083, -0.7360433113835537222 ) ) ;
#996 = CARTESIAN_POINT ( 'NONE',  ( 1.985697422333190021, 0.04000000000000000083, -0.5857795907696653481 ) ) ;
#997 = EDGE_CURVE ( 'NONE', #564, #3235, #4239, .T. ) ;
#998 = CARTESIAN_POINT ( 'NONE',  ( 1.558888402621585678, 0.04000000000000000083, -0.7361794251699712577 ) ) ;
#999 = FACE_OUTER_BOUND ( 'NONE', #1588, .T. ) ;
#1000 = CARTESIAN_POINT ( 'NONE',  ( 2.017677534054905575, 0.04000000000000000083, -0.5831250000000000044 ) ) ;
#1001 = ORIENTED_EDGE ( 'NONE', *, *, #2494, .F. ) ;
#1002 = B_SPLINE_SURFACE_WITH_KNOTS ( 'NONE', 3, 1, ( 
 ( #2112, #2572 ),
 ( #4517, #134 ),
 ( #2636, #4579 ),
 ( #2083, #3498 ),
 ( #3088, #5439 ),
 ( #4044, #1055 ),
 ( #69, #636 ),
 ( #194, #2604 ),
 ( #4073, #4547 ),
 ( #164, #1626 ),
 ( #3591, #575 ) ),
 .UNSPECIFIED., .F., .F., .F.,
 ( 4, 1, 1, 1, 1, 1, 1, 1, 4 ),
 ( 2, 2 ),
 ( 0.000000000000000000, 0.1398494190053519437, 0.2681627003714484592, 0.3889048537734010602, 0.5053543800120462448, 0.6211455851889932100, 0.7380783065581103530, 0.8631088051525332983, 1.000000000000000000 ),
 ( 0.000000000000000000, 1.000000000000000000 ),
 .UNSPECIFIED. ) ;
#1003 = AXIS2_PLACEMENT_3D ( 'NONE', #2815, #1322, #5698 ) ;
#1004 = CARTESIAN_POINT ( 'NONE',  ( 1.712658128297170013, 0.04000000000000000083, -0.4981184784900473117 ) ) ;
#1005 = CARTESIAN_POINT ( 'NONE',  ( 0.6946794871799053528, 0.04000000000000000083, -0.5235546875000000044 ) ) ;
#1006 = CARTESIAN_POINT ( 'NONE',  ( 1.241554487179905797, 0.04000000000000000083, -0.7037304687500000044 ) ) ;
#1007 = CARTESIAN_POINT ( 'NONE',  ( 0.9946093181914842374, 0.04000000000000000083, -0.7375105510891896143 ) ) ;
#1008 = ORIENTED_EDGE ( 'NONE', *, *, #873, .F. ) ;
#1009 = CARTESIAN_POINT ( 'NONE',  ( 0.7500023183947310823, 0.000000000000000000, -0.4977831352683730892 ) ) ;
#1010 = VERTEX_POINT ( 'NONE', #3761 ) ;
#1011 = CIRCLE ( 'NONE', #4598, 0.1250000000000000278 ) ;
#1012 = CARTESIAN_POINT ( 'NONE',  ( 1.664491142161984572, 0.04000000000000000083, -0.6731983133695433885 ) ) ;
#1013 = LINE ( 'NONE', #4539, #2090 ) ;
#1014 = CARTESIAN_POINT ( 'NONE',  ( 1.124403443486030385, 0.04000000000000000083, -0.6319324330598170558 ) ) ;
#1015 = CARTESIAN_POINT ( 'NONE',  ( 1.088120555432553038, 0.000000000000000000, -0.5942874467830964180 ) ) ;
#1016 = CARTESIAN_POINT ( 'NONE',  ( 0.8480777341973135819, 0.04000000000000000083, -0.5134606427243957327 ) ) ;
#1017 = ORIENTED_EDGE ( 'NONE', *, *, #4007, .F. ) ;
#1018 = ORIENTED_EDGE ( 'NONE', *, *, #3279, .T. ) ;
#1019 = ORIENTED_EDGE ( 'NONE', *, *, #1581, .F. ) ;
#1020 = PLANE ( 'NONE',  #4927 ) ;
#1021 = CARTESIAN_POINT ( 'NONE',  ( 1.838379791394499918, -0.000000000000000000, -0.6187231248477531587 ) ) ;
#1022 = LINE ( 'NONE', #70, #516 ) ;
#1023 = EDGE_CURVE ( 'NONE', #5146, #3684, #5695, .T. ) ;
#1024 = LINE ( 'NONE', #5890, #1858 ) ;
#1025 = CARTESIAN_POINT ( 'NONE',  ( 0.8789971827093882029, 0.04000000000000000083, -0.7382221875493851782 ) ) ;
#1026 = CARTESIAN_POINT ( 'NONE',  ( 1.539035552760663172, 0.04000000000000000083, -0.7313131790087699091 ) ) ;
#1027 = CARTESIAN_POINT ( 'NONE',  ( 1.608322235033031289, 0.000000000000000000, -0.7263902811075736432 ) ) ;
#1028 = PLANE ( 'NONE',  #3244 ) ;
#1029 = CARTESIAN_POINT ( 'NONE',  ( 1.428821296707037725, 0.04000000000000000083, -0.5129039883238329933 ) ) ;
#1030 = CARTESIAN_POINT ( 'NONE',  ( 1.409419473140379742, 0.04000000000000000083, -0.7361919806855357074 ) ) ;
#1031 = CARTESIAN_POINT ( 'NONE',  ( 1.994202413818217279, 0.04000000000000000083, -0.6872853059217896021 ) ) ;
#1032 = CARTESIAN_POINT ( 'NONE',  ( 0.8994370279011818514, 0.000000000000000000, -0.5070591035736968788 ) ) ;
#1033 = ORIENTED_EDGE ( 'NONE', *, *, #447, .T. ) ;
#1034 = VECTOR ( 'NONE', #4400, 39.37007874015748143 ) ;
#1035 = VECTOR ( 'NONE', #3132, 39.37007874015748143 ) ;
#1036 = CARTESIAN_POINT ( 'NONE',  ( 1.684434984871821639, 0.000000000000000000, -0.5103719722821387084 ) ) ;
#1037 = SURFACE_STYLE_USAGE ( .BOTH. , #3043 ) ;
#1038 = CARTESIAN_POINT ( 'NONE',  ( 1.838429487179906063, 0.000000000000000000, -0.6155957031250001155 ) ) ;
#1039 = B_SPLINE_SURFACE_WITH_KNOTS ( 'NONE', 3, 1, ( 
 ( #6155, #4908 ),
 ( #73, #3984 ),
 ( #2851, #5706 ),
 ( #5892, #3769 ),
 ( #2360, #550 ),
 ( #4395, #993 ),
 ( #4760, #580 ),
 ( #840, #4794 ),
 ( #5925, #3802 ),
 ( #39, #365 ),
 ( #5861, #5264 ) ),
 .UNSPECIFIED., .F., .F., .F.,
 ( 4, 1, 1, 1, 1, 1, 1, 1, 4 ),
 ( 2, 2 ),
 ( 0.000000000000000000, 0.1229088741204394375, 0.2364516494111389144, 0.3479825443924757788, 0.4617666234886313448, 0.5802917925316443126, 0.7062604613274525711, 0.8451898420971099002, 1.000000000000000000 ),
 ( 0.000000000000000000, 1.000000000000000000 ),
 .UNSPECIFIED. ) ;
#1040 = CARTESIAN_POINT ( 'NONE',  ( 1.751759565304905619, 0.000000000000000000, -0.6237500000000000266 ) ) ;
#1041 = ORIENTED_EDGE ( 'NONE', *, *, #591, .F. ) ;
#1042 = CARTESIAN_POINT ( 'NONE',  ( 1.056211293975100052, 0.000000000000000000, -0.6920564396778251526 ) ) ;
#1043 = ORIENTED_EDGE ( 'NONE', *, *, #1184, .F. ) ;
#1044 = DIRECTION ( 'NONE',  ( -1.000000000000000000, 0.000000000000000000, 0.000000000000000000 ) ) ;
#1045 = CARTESIAN_POINT ( 'NONE',  ( 1.185304487179905886, 0.04000000000000000083, -0.6268749999999999600 ) ) ;
#1046 = ADVANCED_FACE ( 'NONE', ( #4783 ), #4471, .T. ) ;
#1047 = DIRECTION ( 'NONE',  ( 0.000000000000000000, 1.000000000000000000, 0.000000000000000000 ) ) ;
#1048 = CARTESIAN_POINT ( 'NONE',  ( 1.123855721102109406, 0.000000000000000000, -0.5842720217304789854 ) ) ;
#1049 = CARTESIAN_POINT ( 'NONE',  ( 2.057179487179905397, 0.04000000000000000083, -0.5831250000000000044 ) ) ;
#1050 = EDGE_LOOP ( 'NONE', ( #5998, #851, #1570, #4230 ) ) ;
#1051 = ADVANCED_FACE ( 'NONE', ( #517 ), #5296, .T. ) ;
#1052 = EDGE_LOOP ( 'NONE', ( #139, #5681, #759, #4008 ) ) ;
#1053 = VERTEX_POINT ( 'NONE', #2511 ) ;
#1054 = DIRECTION ( 'NONE',  ( 0.000000000000000000, -1.000000000000000000, 0.000000000000000000 ) ) ;
#1055 = CARTESIAN_POINT ( 'NONE',  ( 1.567419642280679648, 0.000000000000000000, -0.4974999878971747003 ) ) ;
#1056 = CARTESIAN_POINT ( 'NONE',  ( 1.144923627804905752, 0.000000000000000000, -0.7362499999999999600 ) ) ;
#1057 = B_SPLINE_SURFACE_WITH_KNOTS ( 'NONE', 3, 1, ( 
 ( #5282, #1861 ),
 ( #3853, #5791 ),
 ( #2349, #892 ),
 ( #2870, #418 ),
 ( #1920, #1953 ),
 ( #4812, #1439 ),
 ( #1408, #5315 ),
 ( #2381, #2935 ),
 ( #4300, #4841 ),
 ( #451, #6270 ),
 ( #2904, #4423 ),
 ( #2415, #3884 ),
 ( #479, #4361 ) ),
 .UNSPECIFIED., .F., .F., .F.,
 ( 4, 1, 1, 1, 1, 1, 1, 1, 1, 1, 4 ),
 ( 2, 2 ),
 ( 0.000000000000000000, 0.07535272531117850892, 0.1457101459564908996, 0.2120494024962112922, 0.2759698615500869590, 0.3943682188678130363, 0.5031898768367717434, 0.6106090348338225615, 0.7233993654665143991, 0.8507550168245121558, 1.000000000000000000 ),
 ( 0.000000000000000000, 1.000000000000000000 ),
 .UNSPECIFIED. ) ;
#1058 = CARTESIAN_POINT ( 'NONE',  ( 2.057179487179905397, 0.04000000000000000083, -0.5209667968750000266 ) ) ;
#1059 = CARTESIAN_POINT ( 'NONE',  ( 1.003085492958266656, 0.000000000000000000, -0.4976146864655981439 ) ) ;
#1060 = CARTESIAN_POINT ( 'NONE',  ( 0.8870561645206488377, 0.04000000000000000083, -0.7343265376928468369 ) ) ;
#1061 = CARTESIAN_POINT ( 'NONE',  ( 1.582851716830929067, 0.000000000000000000, -0.7361789246398285913 ) ) ;
#1062 = EDGE_CURVE ( 'NONE', #6136, #5114, #992, .T. ) ;
#1063 = CARTESIAN_POINT ( 'NONE',  ( 1.429054487179905575, 0.000000000000000000, -0.6799999999999999378 ) ) ;
#1064 = VECTOR ( 'NONE', #4443, 39.37007874015748143 ) ;
#1065 = CARTESIAN_POINT ( 'NONE',  ( 1.067656165635440191, 0.04000000000000000083, -0.7112607086607196649 ) ) ;
#1066 = CARTESIAN_POINT ( 'NONE',  ( 1.531415355931479816, 0.04000000000000000083, -0.7228581240702762756 ) ) ;
#1067 = CARTESIAN_POINT ( 'NONE',  ( 2.008996359965232514, 0.04000000000000000083, -0.6912050257421653576 ) ) ;
#1068 = ADVANCED_FACE ( 'NONE', ( #5860 ), #440, .T. ) ;
#1069 = CARTESIAN_POINT ( 'NONE',  ( 1.928623798460251004, 0.000000000000000000, -0.6279117520509202022 ) ) ;
#1070 = ADVANCED_FACE ( 'NONE', ( #2631 ), #2140, .T. ) ;
#1071 = ORIENTED_EDGE ( 'NONE', *, *, #1350, .F. ) ;
#1072 = CARTESIAN_POINT ( 'NONE',  ( 1.765314851565303433, 0.04000000000000000083, -0.4894335053759544807 ) ) ;
#1073 = DIRECTION ( 'NONE',  ( 0.000000000000000000, 0.000000000000000000, -1.000000000000000000 ) ) ;
#1074 = CARTESIAN_POINT ( 'NONE',  ( 1.852028320624386604, 0.000000000000000000, -0.5149517904640361632 ) ) ;
#1075 = CARTESIAN_POINT ( 'NONE',  ( 1.696437299679905752, 0.04000000000000000083, -0.6237500000000000266 ) ) ;
#1076 = CARTESIAN_POINT ( 'NONE',  ( 0.7393959099419196157, 0.000000000000000000, -0.4912410258914117200 ) ) ;
#1077 = VERTEX_POINT ( 'NONE', #6302 ) ;
#1078 = CARTESIAN_POINT ( 'NONE',  ( 1.383044063519956790, 0.04000000000000000083, -0.4975010437442897171 ) ) ;
#1079 = CARTESIAN_POINT ( 'NONE',  ( 0.9582180331331666689, 0.000000000000000000, -0.5027135717260216019 ) ) ;
#1080 = FACE_OUTER_BOUND ( 'NONE', #4474, .T. ) ;
#1081 = CARTESIAN_POINT ( 'NONE',  ( 0.8421573271858109333, 0.04000000000000000083, -0.7253841327795518268 ) ) ;
#1082 = CARTESIAN_POINT ( 'NONE',  ( 1.944682442151357327, 0.000000000000000000, -0.7167076236229928954 ) ) ;
#1083 = ORIENTED_EDGE ( 'NONE', *, *, #382, .T. ) ;
#1084 = VERTEX_POINT ( 'NONE', #1926 ) ;
#1085 = ORIENTED_EDGE ( 'NONE', *, *, #983, .T. ) ;
#1086 = CARTESIAN_POINT ( 'NONE',  ( 2.080797318698867748, 0.000000000000000000, -0.7362422922750070375 ) ) ;
#1087 = CARTESIAN_POINT ( 'NONE',  ( 1.815029803629884420, 0.000000000000000000, -0.6803083471560583684 ) ) ;
#1088 = FACE_OUTER_BOUND ( 'NONE', #3977, .T. ) ;
#1089 = DIRECTION ( 'NONE',  ( -0.000000000000000000, -1.000000000000000000, -0.000000000000000000 ) ) ;
#1090 = ORIENTED_EDGE ( 'NONE', *, *, #5497, .T. ) ;
#1091 = LINE ( 'NONE', #198, #1443 ) ;
#1092 = CARTESIAN_POINT ( 'NONE',  ( 2.058978316266319997, 0.000000000000000000, -0.5080936862799417808 ) ) ;
#1093 = B_SPLINE_CURVE_WITH_KNOTS ( 'NONE', 3,
 ( #3125, #4115, #3100, #6117, #1733, #649, #5633 ),
 .UNSPECIFIED., .F., .F.,
 ( 4, 1, 1, 1, 4 ),
 ( 0.000000000000000000, 0.2690630086932790932, 0.5190356294881083299, 0.7598120114060945562, 1.000000000000000000 ),
 .UNSPECIFIED. ) ;
#1094 = CARTESIAN_POINT ( 'NONE',  ( 1.672788419108712787, 0.04000000000000000083, -0.5170126222841918695 ) ) ;
#1095 = LINE ( 'NONE', #617, #85 ) ;
#1096 = CARTESIAN_POINT ( 'NONE',  ( 1.685855432617688221, 0.000000000000000000, -0.6232241219072142124 ) ) ;
#1097 = FACE_OUTER_BOUND ( 'NONE', #2764, .T. ) ;
#1098 = ORIENTED_EDGE ( 'NONE', *, *, #3627, .F. ) ;
#1099 = ORIENTED_EDGE ( 'NONE', *, *, #5497, .F. ) ;
#1100 = ADVANCED_FACE ( 'NONE', ( #3887 ), #1458, .T. ) ;
#1101 = LINE ( 'NONE', #3962, #4380 ) ;
#1102 = LINE ( 'NONE', #1612, #2988 ) ;
#1103 = VECTOR ( 'NONE', #601, 39.37007874015748143 ) ;
#1104 = CARTESIAN_POINT ( 'NONE',  ( 1.808935402057506803, 0.000000000000000000, -0.4939147066958607946 ) ) ;
#1105 = EDGE_CURVE ( 'NONE', #2506, #1077, #758, .T. ) ;
#1106 = CARTESIAN_POINT ( 'NONE',  ( 1.769923627804905752, 0.04000000000000000083, -0.5331249999999999600 ) ) ;
#1107 = EDGE_LOOP ( 'NONE', ( #1369, #5632, #808, #2040 ) ) ;
#1108 = EDGE_CURVE ( 'NONE', #6260, #838, #3080, .T. ) ;
#1109 = CARTESIAN_POINT ( 'NONE',  ( 1.050990762372156828, -0.000000000000000000, -0.6636299963044934858 ) ) ;
#1110 = ORIENTED_EDGE ( 'NONE', *, *, #1428, .F. ) ;
#1111 = CARTESIAN_POINT ( 'NONE',  ( 1.458525488838899875, 0.04000000000000000083, -0.5293639032030675873 ) ) ;
#1112 = DIRECTION ( 'NONE',  ( 0.000000000000000000, 0.000000000000000000, -1.000000000000000000 ) ) ;
#1113 = CARTESIAN_POINT ( 'NONE',  ( 0.7665544871799053750, 0.04000000000000000083, -0.5189160156250000044 ) ) ;
#1114 = CARTESIAN_POINT ( 'NONE',  ( 1.241554487179905797, 0.04000000000000000083, -0.7037304687500000044 ) ) ;
#1115 = CARTESIAN_POINT ( 'NONE',  ( 1.383455271777545681, 0.000000000000000000, -0.7279091463883348156 ) ) ;
#1116 = VERTEX_POINT ( 'NONE', #4703 ) ;
#1117 = ORIENTED_EDGE ( 'NONE', *, *, #3006, .F. ) ;
#1118 = EDGE_LOOP ( 'NONE', ( #2830, #2461, #5811, #4465, #2337, #1252, #1973, #148, #4217, #5346, #5951, #3902, #3061, #1164, #5036 ) ) ;
#1119 = CARTESIAN_POINT ( 'NONE',  ( 2.100316344785508438, 0.000000000000000000, -0.7320200826854215137 ) ) ;
#1120 = CARTESIAN_POINT ( 'NONE',  ( 1.835792828667160537, 0.000000000000000000, -0.6421749967205810927 ) ) ;
#1121 = LINE ( 'NONE', #5955, #3976 ) ;
#1122 = EDGE_LOOP ( 'NONE', ( #4107, #4070, #5512, #1511 ) ) ;
#1123 = CARTESIAN_POINT ( 'NONE',  ( 1.657201181744086149, 0.04000000000000000083, -0.5428967921756030490 ) ) ;
#1124 = CARTESIAN_POINT ( 'NONE',  ( 2.064929235405824404, 0.04000000000000000083, -0.4978859496103231752 ) ) ;
#1125 = DIRECTION ( 'NONE',  ( 0.000000000000000000, 0.000000000000000000, 1.000000000000000000 ) ) ;
#1126 = VECTOR ( 'NONE', #4862, 39.37007874015748143 ) ;
#1127 = CARTESIAN_POINT ( 'NONE',  ( 1.565724409054905397, 0.000000000000000000, -0.7362499999999999600 ) ) ;
#1128 = CARTESIAN_POINT ( 'NONE',  ( 1.657217684161891968, -0.000000000000000000, -0.5934167419783636932 ) ) ;
#1129 = CARTESIAN_POINT ( 'NONE',  ( 0.8478044871799053084, 0.000000000000000000, -0.6550000000000000266 ) ) ;
#1130 = VERTEX_POINT ( 'NONE', #4671 ) ;
#1131 = CARTESIAN_POINT ( 'NONE',  ( 0.8986376333861287868, 0.04000000000000000083, -0.7196902923623984538 ) ) ;
#1132 = VERTEX_POINT ( 'NONE', #3682 ) ;
#1133 = CARTESIAN_POINT ( 'NONE',  ( 1.769386518429905797, 0.04000000000000000083, -0.4893750000000000044 ) ) ;
#1134 = DIRECTION ( 'NONE',  ( -0.000000000000000000, -1.000000000000000000, -0.000000000000000000 ) ) ;
#1135 = CARTESIAN_POINT ( 'NONE',  ( 1.860759227425130113, 0.000000000000000000, -0.5226579468159356923 ) ) ;
#1136 = VECTOR ( 'NONE', #3856, 39.37007874015748143 ) ;
#1137 = DIRECTION ( 'NONE',  ( -0.000000000000000000, -1.000000000000000000, -0.000000000000000000 ) ) ;
#1138 = AXIS2_PLACEMENT_3D ( 'NONE', #4574, #188, #5082 ) ;
#1139 = CARTESIAN_POINT ( 'NONE',  ( 1.402124492928383592, 0.04000000000000000083, -0.4894744996973858786 ) ) ;
#1140 = CARTESIAN_POINT ( 'NONE',  ( 0.2000000000000000111, 0.07499999999999999722, -0.6792500000000000204 ) ) ;
#1141 = CARTESIAN_POINT ( 'NONE',  ( 0.8870561645206488377, 0.000000000000000000, -0.7343265376928468369 ) ) ;
#1142 = B_SPLINE_CURVE_WITH_KNOTS ( 'NONE', 3,
 ( #2067, #5999, #149, #2979, #3012, #559, #4435, #3514, #5513, #1582, #1996 ),
 .UNSPECIFIED., .F., .F.,
 ( 4, 1, 1, 1, 1, 1, 1, 1, 4 ),
 ( 0.000000000000000000, 0.1359458605750245852, 0.2591076351429702496, 0.3755067662957188301, 0.4910744644399315795, 0.6077466682551784238, 0.7281929059737897170, 0.8582514089327529794, 1.000000000000000000 ),
 .UNSPECIFIED. ) ;
#1143 = CARTESIAN_POINT ( 'NONE',  ( 1.922865762372156340, -0.000000000000000000, -0.6636299963044934858 ) ) ;
#1144 = CARTESIAN_POINT ( 'NONE',  ( 1.429038886757755478, -0.000000000000000000, -0.7362073259274009018 ) ) ;
#1145 = B_SPLINE_CURVE_WITH_KNOTS ( 'NONE', 3,
 ( #5308, #3846, #5814, #443, #1401, #3429, #1944, #4413, #27, #3907, #5368, #2896, #3938, #411, #6261, #2863, #5276, #3400, #4772 ),
 .UNSPECIFIED., .F., .F.,
 ( 4, 1, 1, 1, 1, 1, 1, 1, 1, 1, 1, 1, 1, 1, 1, 1, 4 ),
 ( 0.000000000000000000, 0.07632991237579972443, 0.1475902797655206378, 0.2141341229181883410, 0.2766335995961090588, 0.3354621556079133704, 0.3904701877972195367, 0.4445106943788564302, 0.4965622250395489434, 0.5495416088508521257, 0.6031030765590439380, 0.6597058747106790966, 0.7195927783563121904, 0.7833678860529309507, 0.8506459785148551278, 0.9227992763119452491, 1.000000000000000000 ),
 .UNSPECIFIED. ) ;
#1146 = EDGE_CURVE ( 'NONE', #2143, #5403, #3299, .T. ) ;
#1147 = ORIENTED_EDGE ( 'NONE', *, *, #2122, .F. ) ;
#1148 = EDGE_CURVE ( 'NONE', #1494, #1225, #1210, .T. ) ;
#1149 = VERTEX_POINT ( 'NONE', #5617 ) ;
#1150 = ORIENTED_EDGE ( 'NONE', *, *, #1852, .T. ) ;
#1151 = CARTESIAN_POINT ( 'NONE',  ( 1.214894330929905841, 0.000000000000000000, -0.4893750000000000044 ) ) ;
#1152 = CARTESIAN_POINT ( 'NONE',  ( 1.241554487179905797, 0.04000000000000000083, -0.5214062499999999600 ) ) ;
#1153 = CARTESIAN_POINT ( 'NONE',  ( 1.138020144867603278, 0.04000000000000000083, -0.7362523579507952443 ) ) ;
#1154 = EDGE_CURVE ( 'NONE', #4100, #6167, #2272, .T. ) ;
#1155 = ORIENTED_EDGE ( 'NONE', *, *, #2967, .F. ) ;
#1156 = CARTESIAN_POINT ( 'NONE',  ( 1.064187937789624838, 0.000000000000000000, -0.6144818557087915467 ) ) ;
#1157 = CARTESIAN_POINT ( 'NONE',  ( 1.613429487179905530, 0.04000000000000000083, -0.5195996093750000488 ) ) ;
#1158 = CARTESIAN_POINT ( 'NONE',  ( 1.053798690198496590, 0.04000000000000000083, -0.6847626957698803585 ) ) ;
#1159 = CARTESIAN_POINT ( 'NONE',  ( 1.762758600844492651, 0.000000000000000000, -0.7392921514118790949 ) ) ;
#1160 = CARTESIAN_POINT ( 'NONE',  ( 1.657179487179905708, 0.000000000000000000, -0.5913769531250000488 ) ) ;
#1161 = CARTESIAN_POINT ( 'NONE',  ( 1.451056603349967222, 0.000000000000000000, -0.7319510360970333807 ) ) ;
#1162 = ORIENTED_EDGE ( 'NONE', *, *, #3189, .F. ) ;
#1163 = CARTESIAN_POINT ( 'NONE',  ( 0.7166972805375858568, 0.04000000000000000083, -0.7390839934332873451 ) ) ;
#1164 = ORIENTED_EDGE ( 'NONE', *, *, #2603, .T. ) ;
#1165 = DIRECTION ( 'NONE',  ( -0.000000000000000000, -1.000000000000000000, -0.000000000000000000 ) ) ;
#1166 = FACE_BOUND ( 'NONE', #6320, .T. ) ;
#1167 = CARTESIAN_POINT ( 'NONE',  ( 0.7665544871799053750, 0.04000000000000000083, -0.5189160156250000044 ) ) ;
#1168 = CARTESIAN_POINT ( 'NONE',  ( 1.465415459423557554, 0.04000000000000000083, -0.5068682642342801081 ) ) ;
#1169 = CARTESIAN_POINT ( 'NONE',  ( 1.731229338394735473, 0.000000000000000000, -0.5393713399673585318 ) ) ;
#1170 = CARTESIAN_POINT ( 'NONE',  ( 1.894400054854275872, 0.04000000000000000083, -0.6005749975862315626 ) ) ;
#1171 = CARTESIAN_POINT ( 'NONE',  ( 2.027214892973301819, -0.000000000000000000, -0.6924726754716854504 ) ) ;
#1172 = ADVANCED_FACE ( 'NONE', ( #3203 ), #6311, .T. ) ;
#1173 = CARTESIAN_POINT ( 'NONE',  ( 0.8550660800290225128, 0.04000000000000000083, -0.4975983446888450623 ) ) ;
#1174 = DIRECTION ( 'NONE',  ( 0.000000000000000000, 0.000000000000000000, -1.000000000000000000 ) ) ;
#1175 = DIRECTION ( 'NONE',  ( -0.000000000000000000, -1.000000000000000000, -0.000000000000000000 ) ) ;
#1176 = CARTESIAN_POINT ( 'NONE',  ( 0.8789971827093882029, 0.000000000000000000, -0.7382221875493851782 ) ) ;
#1177 = ORIENTED_EDGE ( 'NONE', *, *, #2370, .T. ) ;
#1178 = EDGE_LOOP ( 'NONE', ( #6295, #6202 ) ) ;
#1179 = CARTESIAN_POINT ( 'NONE',  ( 2.105108418246065760, 0.000000000000000000, -0.7286887187873851701 ) ) ;
#1180 = CARTESIAN_POINT ( 'NONE',  ( 1.397994253911368778, 0.000000000000000000, -0.4896635208739297807 ) ) ;
#1181 = CARTESIAN_POINT ( 'NONE',  ( 1.924114692446510455, 0.000000000000000000, -0.6434199382235037401 ) ) ;
#1182 = CARTESIAN_POINT ( 'NONE',  ( 0.6964325878483179633, 0.000000000000000000, -0.5087791208421069689 ) ) ;
#1183 = EDGE_CURVE ( 'NONE', #1398, #1520, #5048, .T. ) ;
#1184 = EDGE_CURVE ( 'NONE', #4512, #1628, #5355, .T. ) ;
#1185 = ORIENTED_EDGE ( 'NONE', *, *, #2819, .T. ) ;
#1186 = CYLINDRICAL_SURFACE ( 'NONE', #3913, 0.06249999999999995143 ) ;
#1187 = LINE ( 'NONE', #168, #2111 ) ;
#1188 = LINE ( 'NONE', #3093, #6130 ) ;
#1189 = CARTESIAN_POINT ( 'NONE',  ( 1.108425589604966177, 0.000000000000000000, -0.6491831046553113715 ) ) ;
#1190 = CARTESIAN_POINT ( 'NONE',  ( 0.7375783214138085242, 0.04000000000000000083, -0.7350724542995681343 ) ) ;
#1191 = CARTESIAN_POINT ( 'NONE',  ( 1.838379137025604182, 0.000000000000000000, -0.6122730195714291002 ) ) ;
#1192 = CARTESIAN_POINT ( 'NONE',  ( 1.493973960459992423, 0.04000000000000000083, -0.4894559208444422826 ) ) ;
#1193 = EDGE_CURVE ( 'NONE', #2568, #640, #1425, .T. ) ;
#1194 = VECTOR ( 'NONE', #121, 39.37007874015748143 ) ;
#1195 = EDGE_CURVE ( 'NONE', #4839, #3753, #3382, .T. ) ;
#1196 = ORIENTED_EDGE ( 'NONE', *, *, #5727, .F. ) ;
#1197 = DIRECTION ( 'NONE',  ( 1.000000000000000000, 0.000000000000000000, -0.000000000000000000 ) ) ;
#1198 = CARTESIAN_POINT ( 'NONE',  ( 1.922804487179905264, -8.537024980200822558E-18, -0.6608593750000000266 ) ) ;
#1199 = CARTESIAN_POINT ( 'NONE',  ( 0.6962886798552460066, 0.04000000000000000083, -0.7213397502294378594 ) ) ;
#1200 = CARTESIAN_POINT ( 'NONE',  ( 1.142579538516513615, 0.04000000000000000083, -0.7362508006461742083 ) ) ;
#1201 = B_SPLINE_CURVE_WITH_KNOTS ( 'NONE', 3,
 ( #3823, #4904, #3375, #3468, #6236, #3916, #1379, #5378, #5349, #386, #6298 ),
 .UNSPECIFIED., .F., .F.,
 ( 4, 1, 1, 1, 1, 1, 1, 1, 4 ),
 ( 0.000000000000000000, 0.08220167381014792385, 0.1736621169389050423, 0.2759481427328039360, 0.3912616871088741011, 0.5210725658350752187, 0.6654153851221460414, 0.8245207618702736774, 1.000000000000000000 ),
 .UNSPECIFIED. ) ;
#1202 = B_SPLINE_SURFACE_WITH_KNOTS ( 'NONE', 3, 1, ( 
 ( #5899, #81 ),
 ( #3097, #3512 ),
 ( #2030, #3990 ),
 ( #588, #6024 ),
 ( #5035, #5934 ),
 ( #5451, #1069 ),
 ( #3068, #618 ),
 ( #2550, #647 ),
 ( #2582, #146 ),
 ( #2093, #1636 ),
 ( #2977, #4913 ),
 ( #525, #2746 ),
 ( #2715, #6144 ),
 ( #4652, #3726 ),
 ( #801, #4718 ),
 ( #266, #3634 ),
 ( #2253, #1793 ),
 ( #707, #2776 ),
 ( #4208, #5569 ) ),
 .UNSPECIFIED., .F., .F., .F.,
 ( 4, 1, 1, 1, 1, 1, 1, 1, 1, 1, 1, 1, 1, 1, 1, 1, 4 ),
 ( 2, 2 ),
 ( 0.000000000000000000, 0.06471401816636543347, 0.1260074759657008603, 0.1848404604205492741, 0.2412139089641152645, 0.2962365839730135564, 0.3506218337640996108, 0.4049891146124610652, 0.4601104791148300510, 0.5167961286223607953, 0.5752343926751203318, 0.6364091737907180413, 0.7005078337452679271, 0.7688271593737614484, 0.8409926476957444441, 0.9181950594621315354, 0.9999999999999998890 ),
 ( 0.000000000000000000, 1.000000000000000000 ),
 .UNSPECIFIED. ) ;
#1203 = CARTESIAN_POINT ( 'NONE',  ( 1.769923627804905752, 0.000000000000000000, -0.5331249999999999600 ) ) ;
#1204 = CARTESIAN_POINT ( 'NONE',  ( 1.774014222424570519, 0.04000000000000000083, -0.4894713636712924032 ) ) ;
#1205 = FACE_OUTER_BOUND ( 'NONE', #4514, .T. ) ;
#1206 = AXIS2_PLACEMENT_3D ( 'NONE', #1216, #2803, #4232 ) ;
#1207 = CARTESIAN_POINT ( 'NONE',  ( 1.819662547184250689, 0.04000000000000000083, -0.6755243741251424350 ) ) ;
#1208 = CARTESIAN_POINT ( 'NONE',  ( 1.922986225091002144, 0.000000000000000000, -0.6690768429477937929 ) ) ;
#1209 = CARTESIAN_POINT ( 'NONE',  ( 1.404298627804905442, 0.04000000000000000083, -0.4893750000000000044 ) ) ;
#1210 = LINE ( 'NONE', #817, #4168 ) ;
#1211 = EDGE_LOOP ( 'NONE', ( #589, #3225, #4147, #4697 ) ) ;
#1212 = ORIENTED_EDGE ( 'NONE', *, *, #2779, .T. ) ;
#1213 = CARTESIAN_POINT ( 'NONE',  ( 1.769839029394348229, 0.000000000000000000, -0.6176721814844803315 ) ) ;
#1214 = CARTESIAN_POINT ( 'NONE',  ( 1.996278443486029897, 0.04000000000000000083, -0.6319324330598173889 ) ) ;
#1215 = DIRECTION ( 'NONE',  ( -1.000000000000000000, 0.000000000000000000, -0.000000000000000000 ) ) ;
#1216 = CARTESIAN_POINT ( 'NONE',  ( 2.329999999999999627, 0.000000000000000000, -0.9549999999999996270 ) ) ;
#1217 = ADVANCED_BREP_SHAPE_REPRESENTATION ( 'Eggfinder LCD Case V2 Program Door_STEP', ( #5952, #3796 ), #923 ) ;
#1218 = B_SPLINE_SURFACE_WITH_KNOTS ( 'NONE', 3, 1, ( 
 ( #4045, #1056 ),
 ( #5471, #2054 ),
 ( #1153, #5056 ),
 ( #4012, #4993 ),
 ( #610, #668 ),
 ( #2637, #230 ),
 ( #3626, #4580 ),
 ( #5561, #3145 ),
 ( #5088, #699 ),
 ( #4137, #6074 ),
 ( #1283, #2710 ) ),
 .UNSPECIFIED., .F., .F., .F.,
 ( 4, 1, 1, 1, 1, 1, 1, 1, 4 ),
 ( 2, 2 ),
 ( 0.000000000000000000, 0.1569433403011132877, 0.3052641691385795109, 0.4438862275305977545, 0.5729504529666065160, 0.6925868846920718580, 0.8040351933094564973, 0.9064180598495789054, 0.9999999999999998890 ),
 ( 0.000000000000000000, 1.000000000000000000 ),
 .UNSPECIFIED. ) ;
#1219 = EDGE_LOOP ( 'NONE', ( #1823, #870, #1150, #5499 ) ) ;
#1220 = CARTESIAN_POINT ( 'NONE',  ( 1.672788419108712787, 0.04000000000000000083, -0.5170126222841918695 ) ) ;
#1221 = CARTESIAN_POINT ( 'NONE',  ( 2.057179487179905397, 0.04000000000000000083, -0.5209667968750000266 ) ) ;
#1222 = EDGE_CURVE ( 'NONE', #3718, #2411, #5076, .T. ) ;
#1223 = CARTESIAN_POINT ( 'NONE',  ( 1.657201181744086149, 0.04000000000000000083, -0.5428967921756030490 ) ) ;
#1224 = CARTESIAN_POINT ( 'NONE',  ( 1.837365641014719220, 0.04000000000000000083, -0.5965159553965388994 ) ) ;
#1225 = VERTEX_POINT ( 'NONE', #1847 ) ;
#1226 = CARTESIAN_POINT ( 'NONE',  ( 0.9003140876050503838, 0.04000000000000000083, -0.7124100590933337696 ) ) ;
#1227 = EDGE_CURVE ( 'NONE', #4058, #2411, #880, .T. ) ;
#1228 = CARTESIAN_POINT ( 'NONE',  ( 1.761735317671229817, 0.04000000000000000083, -0.5332466344749231535 ) ) ;
#1229 = AXIS2_PLACEMENT_3D ( 'NONE', #2152, #4998, #4019 ) ;
#1230 = ORIENTED_EDGE ( 'NONE', *, *, #1725, .T. ) ;
#1231 = CARTESIAN_POINT ( 'NONE',  ( 1.613350864161711806, 0.04000000000000000083, -0.5172499027416601614 ) ) ;
#1232 = FACE_BOUND ( 'NONE', #1118, .T. ) ;
#1233 = CARTESIAN_POINT ( 'NONE',  ( 0.7230486278049053084, 0.04000000000000000083, -0.7393750000000000044 ) ) ;
#1234 = CARTESIAN_POINT ( 'NONE',  ( 1.529863366413430237, 0.000000000000000000, -0.7188059347168455071 ) ) ;
#1235 = VERTEX_POINT ( 'NONE', #466 ) ;
#1236 = CARTESIAN_POINT ( 'NONE',  ( 1.860759227425130113, 0.04000000000000000083, -0.5226579468159356923 ) ) ;
#1237 = CARTESIAN_POINT ( 'NONE',  ( 1.662040493455708923, 0.04000000000000000083, -0.6116574796490572563 ) ) ;
#1238 = EDGE_CURVE ( 'NONE', #5680, #669, #1455, .T. ) ;
#1239 = CARTESIAN_POINT ( 'NONE',  ( 1.838379791394499918, 0.000000000000000000, -0.6187231248477531587 ) ) ;
#1240 = CARTESIAN_POINT ( 'NONE',  ( 1.064187937789624838, 0.04000000000000000083, -0.6144818557087915467 ) ) ;
#1241 = CARTESIAN_POINT ( 'NONE',  ( 1.515237353580049406, 0.04000000000000000083, -0.4955375751385837080 ) ) ;
#1242 = CARTESIAN_POINT ( 'NONE',  ( 1.008685021262136328, 0.000000000000000000, -0.7209525945835419947 ) ) ;
#1243 = VERTEX_POINT ( 'NONE', #6256 ) ;
#1244 = ORIENTED_EDGE ( 'NONE', *, *, #1816, .T. ) ;
#1245 = EDGE_CURVE ( 'NONE', #1335, #4439, #75, .T. ) ;
#1246 = CARTESIAN_POINT ( 'NONE',  ( 1.375949032086511536, 0.000000000000000000, -0.7081110065730980008 ) ) ;
#1247 = CARTESIAN_POINT ( 'NONE',  ( 1.525471009848470061, 0.04000000000000000083, -0.5099781126022837618 ) ) ;
#1248 = AXIS2_PLACEMENT_3D ( 'NONE', #5871, #3452, #4977 ) ;
#1249 = CARTESIAN_POINT ( 'NONE',  ( 1.185304487179905886, 0.04000000000000000083, -0.6268749999999999600 ) ) ;
#1250 = DIRECTION ( 'NONE',  ( 1.000000000000000000, 0.000000000000000000, 0.000000000000000000 ) ) ;
#1251 = EDGE_CURVE ( 'NONE', #5146, #3235, #406, .T. ) ;
#1252 = ORIENTED_EDGE ( 'NONE', *, *, #2194, .T. ) ;
#1253 = FACE_OUTER_BOUND ( 'NONE', #4705, .T. ) ;
#1254 = CARTESIAN_POINT ( 'NONE',  ( 1.202595232313247609, 0.000000000000000000, -0.4912707174611701255 ) ) ;
#1255 = CARTESIAN_POINT ( 'NONE',  ( 1.657290006273648864, 0.04000000000000000083, -0.5972788753130612305 ) ) ;
#1256 = CARTESIAN_POINT ( 'NONE',  ( 1.713966596554905575, 0.000000000000000000, -0.6598339843749999600 ) ) ;
#1257 = ORIENTED_EDGE ( 'NONE', *, *, #324, .F. ) ;
#1258 = CARTESIAN_POINT ( 'NONE',  ( 2.017677534054905575, 0.000000000000000000, -0.5831250000000000044 ) ) ;
#1259 = EDGE_CURVE ( 'NONE', #5820, #714, #3842, .T. ) ;
#1260 = DIRECTION ( 'NONE',  ( 0.000000000000000000, 0.000000000000000000, 1.000000000000000000 ) ) ;
#1261 = VECTOR ( 'NONE', #2428, 39.37007874015748143 ) ;
#1262 = CARTESIAN_POINT ( 'NONE',  ( 1.063098356008050915, 0.04000000000000000083, -0.7053616767970833923 ) ) ;
#1263 = CARTESIAN_POINT ( 'NONE',  ( 0.1250000000000000000, 0.1400000000000000133, -1.104999999999999982 ) ) ;
#1264 = CARTESIAN_POINT ( 'NONE',  ( 1.776564252804905708, 0.04000000000000000083, -0.6016308593750000488 ) ) ;
#1265 = EDGE_CURVE ( 'NONE', #2859, #2412, #1585, .T. ) ;
#1266 = CARTESIAN_POINT ( 'NONE',  ( 1.886340918577241954, 0.04000000000000000083, -0.6657903054405369669 ) ) ;
#1267 = ORIENTED_EDGE ( 'NONE', *, *, #6303, .T. ) ;
#1268 = CARTESIAN_POINT ( 'NONE',  ( 1.996278443486029897, 0.000000000000000000, -0.6319324330598173889 ) ) ;
#1269 = CARTESIAN_POINT ( 'NONE',  ( 1.724106526501848036, 0.04000000000000000083, -0.5419057985329381877 ) ) ;
#1270 = CARTESIAN_POINT ( 'NONE',  ( 1.230458527385670742, 0.04000000000000000083, -0.4939404300633070122 ) ) ;
#1271 = CARTESIAN_POINT ( 'NONE',  ( 1.668203108893058451, 0.04000000000000000083, -0.6178426964903311891 ) ) ;
#1272 = AXIS2_PLACEMENT_3D ( 'NONE', #1452, #939, #463 ) ;
#1273 = CARTESIAN_POINT ( 'NONE',  ( 1.894679487179905752, 0.04000000000000000083, -0.6143750000000000044 ) ) ;
#1274 = CARTESIAN_POINT ( 'NONE',  ( 1.752197867299052580, 0.000000000000000000, -0.5801289281510280116 ) ) ;
#1275 = CARTESIAN_POINT ( 'NONE',  ( 1.520271763518826758, 0.04000000000000000083, -0.5006583000933099159 ) ) ;
#1276 = CARTESIAN_POINT ( 'NONE',  ( 2.009895144867603012, 0.04000000000000000083, -0.7362523579507957994 ) ) ;
#1277 = VERTEX_POINT ( 'NONE', #1644 ) ;
#1278 = ORIENTED_EDGE ( 'NONE', *, *, #4202, .F. ) ;
#1279 = CARTESIAN_POINT ( 'NONE',  ( 1.383455271777545681, 0.000000000000000000, -0.7279091463883348156 ) ) ;
#1280 = CARTESIAN_POINT ( 'NONE',  ( 2.027034734310539488, 0.04000000000000000083, -0.6269035143893506579 ) ) ;
#1281 = ORIENTED_EDGE ( 'NONE', *, *, #5603, .F. ) ;
#1282 = FACE_OUTER_BOUND ( 'NONE', #5510, .T. ) ;
#1283 = CARTESIAN_POINT ( 'NONE',  ( 1.100490034054905752, 0.04000000000000000083, -0.7317089843750000933 ) ) ;
#1284 = ORIENTED_EDGE ( 'NONE', *, *, #2055, .F. ) ;
#1285 = CARTESIAN_POINT ( 'NONE',  ( 1.414269197322425509, 0.000000000000000000, -0.4910812313587941125 ) ) ;
#1286 = CARTESIAN_POINT ( 'NONE',  ( 1.185382510028260228, 0.04000000000000000083, -0.5186778385476670250 ) ) ;
#1287 = CARTESIAN_POINT ( 'NONE',  ( 1.662040493455708923, 0.04000000000000000083, -0.6116574796490572563 ) ) ;
#1288 = CARTESIAN_POINT ( 'NONE',  ( 1.459595107145875037, 0.000000000000000000, -0.7194963355705181751 ) ) ;
#1289 = CARTESIAN_POINT ( 'NONE',  ( 2.104999999999999982, 0.1400000000000000133, -1.229999999999999982 ) ) ;
#1290 = CARTESIAN_POINT ( 'NONE',  ( 1.212719781241064609, 0.04000000000000000083, -0.4894709107017727323 ) ) ;
#1291 = CARTESIAN_POINT ( 'NONE',  ( 1.738501658885703183, 0.04000000000000000083, -0.5371477835755119612 ) ) ;
#1292 = AXIS2_PLACEMENT_3D ( 'NONE', #4493, #5990, #5446 ) ;
#1293 = CARTESIAN_POINT ( 'NONE',  ( 1.598617746523097294, 0.000000000000000000, -0.4910786117551032004 ) ) ;
#1294 = LINE ( 'NONE', #5638, #115 ) ;
#1295 = CARTESIAN_POINT ( 'NONE',  ( 1.894679487179905752, 0.04000000000000000083, -0.6143750000000000044 ) ) ;
#1296 = EDGE_LOOP ( 'NONE', ( #3671, #161, #313, #4009 ) ) ;
#1297 = CARTESIAN_POINT ( 'NONE',  ( 1.525398575787976885, -0.000000000000000000, -0.7042213982687018925 ) ) ;
#1298 = CARTESIAN_POINT ( 'NONE',  ( 1.767170879987526755, 0.000000000000000000, -0.5331658911032798320 ) ) ;
#1299 = CARTESIAN_POINT ( 'NONE',  ( 1.852028320624386604, 0.04000000000000000083, -0.5149517904640361632 ) ) ;
#1300 = CARTESIAN_POINT ( 'NONE',  ( 2.008996359965232514, 0.000000000000000000, -0.6912050257421653576 ) ) ;
#1301 = CARTESIAN_POINT ( 'NONE',  ( 0.8698121679576881204, 0.04000000000000000083, -0.4896604978119677987 ) ) ;
#1302 = CARTESIAN_POINT ( 'NONE',  ( 0.9774270794135049290, 0.000000000000000000, -0.7391118740944179200 ) ) ;
#1303 = CARTESIAN_POINT ( 'NONE',  ( 0.7478044871799053306, 0.04000000000000000083, -0.5706250000000000488 ) ) ;
#1304 = CARTESIAN_POINT ( 'NONE',  ( 1.131486889415794339, 8.537024980200822558E-18, -0.6902494895767093963 ) ) ;
#1305 = VERTEX_POINT ( 'NONE', #3045 ) ;
#1306 = EDGE_LOOP ( 'NONE', ( #4193, #1485, #5347, #4982 ) ) ;
#1307 = CARTESIAN_POINT ( 'NONE',  ( 1.520271763518826758, 0.000000000000000000, -0.5006583000933099159 ) ) ;
#1308 = ORIENTED_EDGE ( 'NONE', *, *, #2779, .F. ) ;
#1309 = LINE ( 'NONE', #5210, #4879 ) ;
#1310 = CARTESIAN_POINT ( 'NONE',  ( 1.983689106504815669, 0.04000000000000000083, -0.6783564305222392621 ) ) ;
#1311 = CARTESIAN_POINT ( 'NONE',  ( 1.673936597650692137, 0.04000000000000000083, -0.6998280544597671460 ) ) ;
#1312 = AXIS2_PLACEMENT_3D ( 'NONE', #982, #5402, #2469 ) ;
#1313 = ORIENTED_EDGE ( 'NONE', *, *, #2408, .T. ) ;
#1314 = CARTESIAN_POINT ( 'NONE',  ( 1.406032779645482345, -0.000000000000000000, -0.4894693142053127000 ) ) ;
#1315 = CARTESIAN_POINT ( 'NONE',  ( 1.189534850723055648, 0.000000000000000000, -0.5025771258101797700 ) ) ;
#1316 = VECTOR ( 'NONE', #4306, 39.37007874015748143 ) ;
#1317 = CARTESIAN_POINT ( 'NONE',  ( 1.662040493455708923, 0.000000000000000000, -0.6116574796490572563 ) ) ;
#1318 = CARTESIAN_POINT ( 'NONE',  ( 1.613429487179905530, 0.04000000000000000083, -0.7068066406249999822 ) ) ;
#1319 = CARTESIAN_POINT ( 'NONE',  ( 1.979054487179905397, 0.000000000000000000, -0.6598339843749999600 ) ) ;
#1320 = CARTESIAN_POINT ( 'NONE',  ( 1.214894330929905841, 0.04000000000000000083, -0.4893750000000000044 ) ) ;
#1321 = ORIENTED_EDGE ( 'NONE', *, *, #3130, .T. ) ;
#1322 = DIRECTION ( 'NONE',  ( -1.000000000000000000, 0.000000000000000000, 0.000000000000000000 ) ) ;
#1323 = DIRECTION ( 'NONE',  ( 0.000000000000000000, -0.000000000000000000, 1.000000000000000000 ) ) ;
#1324 = CARTESIAN_POINT ( 'NONE',  ( 1.428973828345612374, 0.04000000000000000083, -0.5173155831521890624 ) ) ;
#1325 = CARTESIAN_POINT ( 'NONE',  ( 1.795121136997139821, 0.000000000000000000, -0.7374563110120658793 ) ) ;
#1326 = VERTEX_POINT ( 'NONE', #1999 ) ;
#1327 = CARTESIAN_POINT ( 'NONE',  ( 1.470629762457503320, 0.000000000000000000, -0.4996377347448205386 ) ) ;
#1328 = CARTESIAN_POINT ( 'NONE',  ( 0.6985316199744912025, 0.000000000000000000, -0.7266548157250078965 ) ) ;
#1329 = CARTESIAN_POINT ( 'NONE',  ( 1.409415925713246587, 0.04000000000000000083, -0.4896533112033676916 ) ) ;
#1330 = CARTESIAN_POINT ( 'NONE',  ( 1.144923627804905752, 0.000000000000000000, -0.7362499999999999600 ) ) ;
#1331 = CARTESIAN_POINT ( 'NONE',  ( 1.773752465236892117, 0.000000000000000000, -0.6955825106874353736 ) ) ;
#1332 = LINE ( 'NONE', #4765, #1956 ) ;
#1333 = CARTESIAN_POINT ( 'NONE',  ( 1.695347850284714797, 0.04000000000000000083, -0.6501399421424436387 ) ) ;
#1334 = CARTESIAN_POINT ( 'NONE',  ( 1.157911909054905708, 0.04000000000000000083, -0.6925000000000000044 ) ) ;
#1335 = VERTEX_POINT ( 'NONE', #5486 ) ;
#1336 = ORIENTED_EDGE ( 'NONE', *, *, #49, .F. ) ;
#1337 = CARTESIAN_POINT ( 'NONE',  ( 1.771241987179906108, 0.04000000000000000083, -0.6956250000000001599 ) ) ;
#1338 = VERTEX_POINT ( 'NONE', #1075 ) ;
#1339 = CARTESIAN_POINT ( 'NONE',  ( 1.691386596499492745, 0.000000000000000000, -0.5067145864463102889 ) ) ;
#1340 = FACE_OUTER_BOUND ( 'NONE', #4868, .T. ) ;
#1341 = ADVANCED_FACE ( 'NONE', ( #3964 ), #4740, .T. ) ;
#1342 = CARTESIAN_POINT ( 'NONE',  ( 1.664668896976415846, 0.000000000000000000, -0.6792280049237870987 ) ) ;
#1343 = EDGE_CURVE ( 'NONE', #2412, #662, #2495, .T. ) ;
#1344 = EDGE_CURVE ( 'NONE', #5852, #4974, #4090, .T. ) ;
#1345 = VECTOR ( 'NONE', #2219, 39.37007874015748143 ) ;
#1346 = ORIENTED_EDGE ( 'NONE', *, *, #1184, .T. ) ;
#1347 = CARTESIAN_POINT ( 'NONE',  ( 1.427597597673662344, 0.000000000000000000, -0.5066997352566700030 ) ) ;
#1348 = CARTESIAN_POINT ( 'NONE',  ( 1.197437334274282561, 0.04000000000000000083, -0.4940949613715140409 ) ) ;
#1349 = CARTESIAN_POINT ( 'NONE',  ( 1.668203108893058451, 0.04000000000000000083, -0.6178426964903311891 ) ) ;
#1350 = EDGE_CURVE ( 'NONE', #771, #1546, #3486, .T. ) ;
#1351 = CARTESIAN_POINT ( 'NONE',  ( 1.155159734310539976, 0.04000000000000000083, -0.6269035143893506579 ) ) ;
#1352 = EDGE_CURVE ( 'NONE', #3947, #1077, #1553, .T. ) ;
#1353 = CARTESIAN_POINT ( 'NONE',  ( 0.000000000000000000, 0.1400000000000000133, -0.1250000000000000278 ) ) ;
#1354 = FACE_OUTER_BOUND ( 'NONE', #2584, .T. ) ;
#1355 = DIRECTION ( 'NONE',  ( -0.000000000000000000, -1.000000000000000000, -0.000000000000000000 ) ) ;
#1356 = CARTESIAN_POINT ( 'NONE',  ( 1.835792828667160537, 0.04000000000000000083, -0.6421749967205810927 ) ) ;
#1357 = DIRECTION ( 'NONE',  ( 1.000000000000000000, 0.000000000000000000, 0.000000000000000000 ) ) ;
#1358 = CARTESIAN_POINT ( 'NONE',  ( 0.7665544871799053750, 0.000000000000000000, -0.5189160156250000044 ) ) ;
#1359 = EDGE_LOOP ( 'NONE', ( #3637, #1683, #5262, #2566 ) ) ;
#1360 = PRODUCT_DEFINITION_CONTEXT ( 'detailed design', #4801, 'design' ) ;
#1361 = CARTESIAN_POINT ( 'NONE',  ( 0.7016800623061106856, 0.000000000000000000, -0.7312576142679250157 ) ) ;
#1362 = CARTESIAN_POINT ( 'NONE',  ( 2.014454538516512905, 0.04000000000000000083, -0.7362508006461742083 ) ) ;
#1363 = CARTESIAN_POINT ( 'NONE',  ( 2.113223367497592431, 0.04000000000000000083, -0.5143599453195993876 ) ) ;
#1364 = LINE ( 'NONE', #3393, #5903 ) ;
#1365 = CARTESIAN_POINT ( 'NONE',  ( 1.768400757564957182, 0.000000000000000000, -0.5845930326826114243 ) ) ;
#1366 = CARTESIAN_POINT ( 'NONE',  ( 1.207521284054905886, 0.000000000000000000, -0.7362499999999999600 ) ) ;
#1367 = CARTESIAN_POINT ( 'NONE',  ( 0.2000000000000000111, 0.1400000000000000133, -0.6792500000000000204 ) ) ;
#1368 = ORIENTED_EDGE ( 'NONE', *, *, #98, .T. ) ;
#1369 = ORIENTED_EDGE ( 'NONE', *, *, #3655, .F. ) ;
#1370 = DIRECTION ( 'NONE',  ( 0.000000000000000000, 1.000000000000000000, 0.000000000000000000 ) ) ;
#1371 = ORIENTED_EDGE ( 'NONE', *, *, #4781, .F. ) ;
#1372 = DIRECTION ( 'NONE',  ( -1.000000000000000000, 0.000000000000000000, 0.000000000000000000 ) ) ;
#1373 = DIRECTION ( 'NONE',  ( 0.000000000000000000, 0.000000000000000000, -1.000000000000000000 ) ) ;
#1374 = CARTESIAN_POINT ( 'NONE',  ( 2.079396284054905397, 0.04000000000000000083, -0.7362499999999999600 ) ) ;
#1375 = CARTESIAN_POINT ( 'NONE',  ( 1.695739057791677995, 0.04000000000000000083, -0.7206459225298146309 ) ) ;
#1376 = EDGE_LOOP ( 'NONE', ( #4713, #438, #4640, #889 ) ) ;
#1377 = CARTESIAN_POINT ( 'NONE',  ( 0.8942947290157428064, 0.04000000000000000083, -0.4972820757421343441 ) ) ;
#1378 = EDGE_CURVE ( 'NONE', #4194, #2685, #3517, .T. ) ;
#1379 = CARTESIAN_POINT ( 'NONE',  ( 2.008996359965232514, 0.04000000000000000083, -0.6912050257421653576 ) ) ;
#1380 = CARTESIAN_POINT ( 'NONE',  ( 1.003152008026783282, 0.04000000000000000083, -0.7312250803505266905 ) ) ;
#1381 = EDGE_CURVE ( 'NONE', #3753, #352, #4536, .T. ) ;
#1382 = LINE ( 'NONE', #3345, #1136 ) ;
#1383 = CARTESIAN_POINT ( 'NONE',  ( 0.9945664885472488281, 0.04000000000000000083, -0.4912168270001306958 ) ) ;
#1384 = LINE ( 'NONE', #6209, #2795 ) ;
#1385 = DIMENSIONAL_EXPONENTS ( 1.000000000000000000, 0.000000000000000000, 0.000000000000000000, 0.000000000000000000, 0.000000000000000000, 0.000000000000000000, 0.000000000000000000 ) ;
#1386 = DIRECTION ( 'NONE',  ( 0.000000000000000000, 0.000000000000000000, 1.000000000000000000 ) ) ;
#1387 = CARTESIAN_POINT ( 'NONE',  ( 1.827661828411983214, 0.04000000000000000083, -0.6640829252053401799 ) ) ;
#1388 = CARTESIAN_POINT ( 'NONE',  ( 1.808935402057506803, 0.04000000000000000083, -0.4939147066958607946 ) ) ;
#1389 = CARTESIAN_POINT ( 'NONE',  ( 1.375929487179905486, 0.04000000000000000083, -0.7068066406249999822 ) ) ;
#1390 = ORIENTED_EDGE ( 'NONE', *, *, #1839, .F. ) ;
#1391 = CARTESIAN_POINT ( 'NONE',  ( 1.761859233006684233, 0.04000000000000000083, -0.6223503111505126473 ) ) ;
#1392 = CARTESIAN_POINT ( 'NONE',  ( 1.078731691666809045, 0.000000000000000000, -0.7215291218473318668 ) ) ;
#1393 = CARTESIAN_POINT ( 'NONE',  ( 2.113358348082477800, 0.04000000000000000083, -0.5189743242880153762 ) ) ;
#1394 = CARTESIAN_POINT ( 'NONE',  ( 1.842602247532375781, 0.04000000000000000083, -0.7203398435468796324 ) ) ;
#1395 = DIRECTION ( 'NONE',  ( 0.000000000000000000, -1.000000000000000000, 0.000000000000000000 ) ) ;
#1396 = CARTESIAN_POINT ( 'NONE',  ( 1.228441344785508704, 0.000000000000000000, -0.7320200826854215137 ) ) ;
#1397 = CARTESIAN_POINT ( 'NONE',  ( 1.663883044790278154, 0.000000000000000000, -0.5243648215944163304 ) ) ;
#1398 = VERTEX_POINT ( 'NONE', #153 ) ;
#1399 = CARTESIAN_POINT ( 'NONE',  ( 0.9839861278049059079, 0.000000000000000000, -0.4893750000000001155 ) ) ;
#1400 = ORIENTED_EDGE ( 'NONE', *, *, #4551, .T. ) ;
#1401 = CARTESIAN_POINT ( 'NONE',  ( 2.112337753909511839, 0.000000000000000000, -0.7152455378057739344 ) ) ;
#1402 = DIRECTION ( 'NONE',  ( -1.000000000000000000, 0.000000000000000000, -0.000000000000000000 ) ) ;
#1403 = CARTESIAN_POINT ( 'NONE',  ( 1.731848186306505610, 0.000000000000000000, -0.7357802255022201088 ) ) ;
#1404 = CARTESIAN_POINT ( 'NONE',  ( 0.6948946821016818154, 0.000000000000000000, -0.5158284825360056614 ) ) ;
#1405 = VERTEX_POINT ( 'NONE', #2558 ) ;
#1406 = ORIENTED_EDGE ( 'NONE', *, *, #4362, .T. ) ;
#1407 = CARTESIAN_POINT ( 'NONE',  ( 2.329999999999999627, 0.06250000000000000000, -0.1750000000000000444 ) ) ;
#1408 = CARTESIAN_POINT ( 'NONE',  ( 0.8504840420974694171, 0.04000000000000000083, -0.7337022499453741409 ) ) ;
#1409 = CARTESIAN_POINT ( 'NONE',  ( 0.6946794871799053528, 0.04000000000000000083, -0.7089062499999998490 ) ) ;
#1410 = AXIS2_PLACEMENT_3D ( 'NONE', #2436, #6323, #1947 ) ;
#1411 = CARTESIAN_POINT ( 'NONE',  ( 1.112670047573996346, 0.04000000000000000083, -0.6406349633961225809 ) ) ;
#1412 = DIRECTION ( 'NONE',  ( -0.000000000000000000, -1.000000000000000000, -0.000000000000000000 ) ) ;
#1413 = DIRECTION ( 'NONE',  ( -1.000000000000000000, 0.000000000000000000, -1.724651511151681521E-17 ) ) ;
#1414 = CARTESIAN_POINT ( 'NONE',  ( 2.001571731730191317, 0.000000000000000000, -0.6300410242652461079 ) ) ;
#1415 = CARTESIAN_POINT ( 'NONE',  ( 1.681828174618588800, 0.04000000000000000083, -0.6517141322442286944 ) ) ;
#1416 = CARTESIAN_POINT ( 'NONE',  ( 1.957212064746079117, 0.04000000000000000083, -0.7256772953896105660 ) ) ;
#1417 = CARTESIAN_POINT ( 'NONE',  ( 1.766896284054905619, 0.000000000000000000, -0.7393750000000000044 ) ) ;
#1418 = EDGE_CURVE ( 'NONE', #5966, #4522, #2100, .T. ) ;
#1419 = ORIENTED_EDGE ( 'NONE', *, *, #1251, .T. ) ;
#1420 = CARTESIAN_POINT ( 'NONE',  ( 1.412013471554905530, 0.000000000000000000, -0.7362499999999999600 ) ) ;
#1421 = PLANE ( 'NONE',  #3528 ) ;
#1422 = CARTESIAN_POINT ( 'NONE',  ( 1.766896284054905619, 0.04000000000000000083, -0.7393750000000000044 ) ) ;
#1423 = CARTESIAN_POINT ( 'NONE',  ( 1.185304487179905886, 0.000000000000000000, -0.6925000000000000044 ) ) ;
#1424 = CARTESIAN_POINT ( 'NONE',  ( 1.241525148475799423, 0.000000000000000000, -0.7051150258839001816 ) ) ;
#1425 = LINE ( 'NONE', #3454, #1699 ) ;
#1426 = ORIENTED_EDGE ( 'NONE', *, *, #594, .F. ) ;
#1427 = PLANE ( 'NONE',  #110 ) ;
#1428 = EDGE_CURVE ( 'NONE', #2424, #5467, #1615, .T. ) ;
#1429 = ORIENTED_EDGE ( 'NONE', *, *, #5306, .T. ) ;
#1430 = CARTESIAN_POINT ( 'NONE',  ( 1.776485828945926215, 0.04000000000000000083, -0.6031878490030767592 ) ) ;
#1431 = CARTESIAN_POINT ( 'NONE',  ( 1.820506218596455339, 0.000000000000000000, -0.7309932627730580945 ) ) ;
#1432 = VECTOR ( 'NONE', #1125, 39.37007874015748143 ) ;
#1433 = CARTESIAN_POINT ( 'NONE',  ( 1.110199592300106897, 0.000000000000000000, -0.6446385603825365296 ) ) ;
#1434 = CARTESIAN_POINT ( 'NONE',  ( 0.8550660800290225128, 0.04000000000000000083, -0.4975983446888450623 ) ) ;
#1435 = EDGE_LOOP ( 'NONE', ( #1916, #2647, #2010, #5556 ) ) ;
#1436 = ORIENTED_EDGE ( 'NONE', *, *, #3256, .F. ) ;
#1437 = ORIENTED_EDGE ( 'NONE', *, *, #4056, .F. ) ;
#1438 = CARTESIAN_POINT ( 'NONE',  ( 0.8386757062408136676, 0.000000000000000000, -0.7202955058092699314 ) ) ;
#1439 = CARTESIAN_POINT ( 'NONE',  ( 0.8549813327993925904, 0.000000000000000000, -0.7363010216256794527 ) ) ;
#1440 = CARTESIAN_POINT ( 'NONE',  ( 0.2000000000000000111, 0.07499999999999999722, -0.5507499999999999618 ) ) ;
#1441 = CARTESIAN_POINT ( 'NONE',  ( 1.107179487179905886, 0.04000000000000000083, -0.6598339843750001821 ) ) ;
#1442 = CARTESIAN_POINT ( 'NONE',  ( 1.111814106504815935, 0.000000000000000000, -0.6783564305222392621 ) ) ;
#1443 = VECTOR ( 'NONE', #5504, 39.37007874015748143 ) ;
#1444 = CARTESIAN_POINT ( 'NONE',  ( 1.831433209737319601, 0.000000000000000000, -0.5723111445099197114 ) ) ;
#1445 = CARTESIAN_POINT ( 'NONE',  ( 1.946531226345996179, 0.04000000000000000083, -0.6032118762582030502 ) ) ;
#1446 = FACE_OUTER_BOUND ( 'NONE', #5084, .T. ) ;
#1447 = CARTESIAN_POINT ( 'NONE',  ( 1.894400054854275872, 0.000000000000000000, -0.6005749975862315626 ) ) ;
#1448 = CARTESIAN_POINT ( 'NONE',  ( 0.7289193246192244846, 0.000000000000000000, -0.4894478294210971026 ) ) ;
#1449 = ORIENTED_EDGE ( 'NONE', *, *, #1662, .T. ) ;
#1450 = EDGE_CURVE ( 'NONE', #542, #5206, #533, .T. ) ;
#1451 = EDGE_CURVE ( 'NONE', #476, #1405, #2557, .T. ) ;
#1452 = CARTESIAN_POINT ( 'NONE',  ( 2.079999999999999627, 0.000000000000000000, 0.000000000000000000 ) ) ;
#1453 = DIRECTION ( 'NONE',  ( 0.5773502691896241767, -0.5773502691896305050, -0.5773502691896226224 ) ) ;
#1454 = CARTESIAN_POINT ( 'NONE',  ( 1.225653139869469443, 0.000000000000000000, -0.7333496907531326103 ) ) ;
#1455 = LINE ( 'NONE', #4802, #680 ) ;
#1456 = ORIENTED_EDGE ( 'NONE', *, *, #381, .T. ) ;
#1457 = CARTESIAN_POINT ( 'NONE',  ( 1.241554487179905797, 0.04000000000000000083, -0.5214062499999999600 ) ) ;
#1458 = B_SPLINE_SURFACE_WITH_KNOTS ( 'NONE', 3, 1, ( 
 ( #5825, #3410 ),
 ( #5352, #5679 ),
 ( #2173, #6191 ),
 ( #1717, #6131 ),
 ( #5144, #279 ),
 ( #4226, #1304 ),
 ( #2732, #1812 ),
 ( #4254, #5175 ),
 ( #2237, #3776 ),
 ( #312, #4608 ),
 ( #1334, #2796 ) ),
 .UNSPECIFIED., .F., .F., .F.,
 ( 4, 1, 1, 1, 1, 1, 1, 1, 4 ),
 ( 2, 2 ),
 ( 0.000000000000000000, 0.08220167381014568952, 0.1736621169389030162, 0.2759481427328021041, 0.3912616871088695492, 0.5210725658350771061, 0.6654153851221421556, 0.8245207618702732333, 1.000000000000000000 ),
 ( 0.000000000000000000, 1.000000000000000000 ),
 .UNSPECIFIED. ) ;
#1459 = VECTOR ( 'NONE', #941, 39.37007874015748143 ) ;
#1460 = VERTEX_POINT ( 'NONE', #4247 ) ;
#1461 = CARTESIAN_POINT ( 'NONE',  ( 1.376002534677285949, 0.04000000000000000083, -0.5174111302577745208 ) ) ;
#1462 = FACE_OUTER_BOUND ( 'NONE', #4085, .T. ) ;
#1463 = CARTESIAN_POINT ( 'NONE',  ( 1.695739057791677995, 0.000000000000000000, -0.7206459225298146309 ) ) ;
#1464 = DIRECTION ( 'NONE',  ( -1.000000000000000000, 0.000000000000000000, 0.000000000000000000 ) ) ;
#1465 = CARTESIAN_POINT ( 'NONE',  ( 0.6988641811770868184, 0.000000000000000000, -0.5027176849446669538 ) ) ;
#1466 = EDGE_CURVE ( 'NONE', #254, #147, #304, .T. ) ;
#1467 = ORIENTED_EDGE ( 'NONE', *, *, #3228, .T. ) ;
#1468 = ORIENTED_EDGE ( 'NONE', *, *, #2210, .T. ) ;
#1469 = DIRECTION ( 'NONE',  ( -0.000000000000000000, -1.000000000000000000, -0.000000000000000000 ) ) ;
#1470 = CARTESIAN_POINT ( 'NONE',  ( 1.774776285444839452, 0.04000000000000000083, -0.5914623805091675512 ) ) ;
#1471 = CARTESIAN_POINT ( 'NONE',  ( 1.613350864161711806, -0.000000000000000000, -0.5172499027416601614 ) ) ;
#1472 = CARTESIAN_POINT ( 'NONE',  ( 1.715405917995800333, 0.04000000000000000083, -0.6619560225051788205 ) ) ;
#1473 = CARTESIAN_POINT ( 'NONE',  ( 0.8981951121799053306, 0.04000000000000000083, -0.7209667968749999822 ) ) ;
#1474 = FACE_OUTER_BOUND ( 'NONE', #335, .T. ) ;
#1475 = CARTESIAN_POINT ( 'NONE',  ( 1.603529295976721780, 0.04000000000000000083, -0.7307674476966626864 ) ) ;
#1476 = CARTESIAN_POINT ( 'NONE',  ( 1.924114692446510455, 0.04000000000000000083, -0.6434199382235037401 ) ) ;
#1477 = CARTESIAN_POINT ( 'NONE',  ( 1.535891689266108084, 0.000000000000000000, -0.7290154587386727947 ) ) ;
#1478 = CARTESIAN_POINT ( 'NONE',  ( 1.922804487179905264, 0.04000000000000000083, -0.6608593750000000266 ) ) ;
#1479 = CARTESIAN_POINT ( 'NONE',  ( 0.7546439343552930890, 0.04000000000000000083, -0.5023460579134045867 ) ) ;
#1480 = VERTEX_POINT ( 'NONE', #4218 ) ;
#1481 = CARTESIAN_POINT ( 'NONE',  ( 1.763880060268210315, 0.000000000000000000, -0.6954613183098844464 ) ) ;
#1482 = CARTESIAN_POINT ( 'NONE',  ( 1.118735854456255119, 0.000000000000000000, -0.6853627314024504091 ) ) ;
#1483 = CARTESIAN_POINT ( 'NONE',  ( 2.329999999999999627, 0.000000000000000000, -0.9549999999999996270 ) ) ;
#1484 = CARTESIAN_POINT ( 'NONE',  ( 1.239992746087522857, 0.000000000000000000, -0.5078715846304679982 ) ) ;
#1485 = ORIENTED_EDGE ( 'NONE', *, *, #1265, .F. ) ;
#1486 = EDGE_CURVE ( 'NONE', #1757, #206, #4154, .T. ) ;
#1487 = CARTESIAN_POINT ( 'NONE',  ( 0.9540544871799059301, 0.04000000000000000083, -0.5216015625000000044 ) ) ;
#1488 = ORIENTED_EDGE ( 'NONE', *, *, #3967, .T. ) ;
#1489 = CARTESIAN_POINT ( 'NONE',  ( 1.145802534054905841, 0.000000000000000000, -0.5831250000000000044 ) ) ;
#1490 = FACE_OUTER_BOUND ( 'NONE', #3620, .T. ) ;
#1491 = CARTESIAN_POINT ( 'NONE',  ( 1.667807909642012865, 0.000000000000000000, -0.6890069819365174375 ) ) ;
#1492 = FACE_OUTER_BOUND ( 'NONE', #4531, .T. ) ;
#1493 = CARTESIAN_POINT ( 'NONE',  ( 0.8738356983049108129, 0.04000000000000000083, -0.4894727179906456782 ) ) ;
#1494 = VERTEX_POINT ( 'NONE', #6154 ) ;
#1495 = VECTOR ( 'NONE', #2590, 39.37007874015748143 ) ;
#1496 = EDGE_LOOP ( 'NONE', ( #3334, #6012, #2742, #2747 ) ) ;
#1497 = ORIENTED_EDGE ( 'NONE', *, *, #3992, .F. ) ;
#1498 = CARTESIAN_POINT ( 'NONE',  ( 0.8759294871799053750, 0.04000000000000000083, -0.4893750000000000044 ) ) ;
#1499 = CARTESIAN_POINT ( 'NONE',  ( 1.772128976813631018, 0.04000000000000000083, -0.5875327545382760253 ) ) ;
#1500 = CARTESIAN_POINT ( 'NONE',  ( 1.613429487179905530, 0.04000000000000000083, -0.5195996093750000488 ) ) ;
#1501 = CARTESIAN_POINT ( 'NONE',  ( 1.732325644947370291, 0.000000000000000000, -0.6832802168751842542 ) ) ;
#1502 = CARTESIAN_POINT ( 'NONE',  ( 1.111814106504815935, 0.04000000000000000083, -0.6783564305222392621 ) ) ;
#1503 = CARTESIAN_POINT ( 'NONE',  ( 1.552658766736872975, 0.04000000000000000083, -0.7355145572601897719 ) ) ;
#1504 = CARTESIAN_POINT ( 'NONE',  ( 1.613429487179905530, 0.000000000000000000, -0.7068066406249999822 ) ) ;
#1505 = CARTESIAN_POINT ( 'NONE',  ( 1.982074592300107074, 0.04000000000000000083, -0.6446385603825367516 ) ) ;
#1506 = VECTOR ( 'NONE', #3849, 39.37007874015748143 ) ;
#1507 = CARTESIAN_POINT ( 'NONE',  ( 1.414269197322425509, 0.04000000000000000083, -0.4910812313587941125 ) ) ;
#1508 = CARTESIAN_POINT ( 'NONE',  ( 1.524806440304905530, 0.04000000000000000083, -0.7020214843750001155 ) ) ;
#1509 = CARTESIAN_POINT ( 'NONE',  ( 1.934973356008049539, 0.04000000000000000083, -0.7053616767970830592 ) ) ;
#1510 = CARTESIAN_POINT ( 'NONE',  ( 1.412013471554905530, 0.04000000000000000083, -0.7362499999999999600 ) ) ;
#1511 = ORIENTED_EDGE ( 'NONE', *, *, #577, .T. ) ;
#1512 = EDGE_CURVE ( 'NONE', #4491, #3110, #1700, .T. ) ;
#1513 = FACE_OUTER_BOUND ( 'NONE', #416, .T. ) ;
#1514 = FACE_OUTER_BOUND ( 'NONE', #1211, .T. ) ;
#1515 = CARTESIAN_POINT ( 'NONE',  ( 1.664406049679905797, 0.000000000000000000, -0.6747265625000000711 ) ) ;
#1516 = EDGE_CURVE ( 'NONE', #3174, #4132, #2328, .T. ) ;
#1517 = CARTESIAN_POINT ( 'NONE',  ( 0.9894561831163073418, 0.04000000000000000083, -0.7390757100430840332 ) ) ;
#1518 = EDGE_LOOP ( 'NONE', ( #2765, #6017, #1726, #5562 ) ) ;
#1519 = CARTESIAN_POINT ( 'NONE',  ( 1.063098356008050915, 0.000000000000000000, -0.7053616767970833923 ) ) ;
#1520 = VERTEX_POINT ( 'NONE', #6184 ) ;
#1521 = VECTOR ( 'NONE', #3316, 39.37007874015748143 ) ;
#1522 = DIRECTION ( 'NONE',  ( -0.000000000000000000, -1.000000000000000000, -0.000000000000000000 ) ) ;
#1523 = DIRECTION ( 'NONE',  ( -0.000000000000000000, -1.000000000000000000, -0.000000000000000000 ) ) ;
#1524 = CARTESIAN_POINT ( 'NONE',  ( 0.8963952433606935388, 0.000000000000000000, -0.7249349314784748755 ) ) ;
#1525 = B_SPLINE_CURVE_WITH_KNOTS ( 'NONE', 3,
 ( #4338, #4368, #5324, #1867, #6277, #5290, #6245, #4398, #2387, #4819, #1797, #4307, #1897, #3285, #3831, #4272, #4849, #867, #2421 ),
 .UNSPECIFIED., .F., .F.,
 ( 4, 1, 1, 1, 1, 1, 1, 1, 1, 1, 1, 1, 1, 1, 1, 1, 4 ),
 ( 0.000000000000000000, 0.09403118419943332085, 0.1833433453235890631, 0.2684563974261002794, 0.3500721697809880961, 0.4272362797519792532, 0.4992283581201434339, 0.5662326547883448358, 0.6289847331196514180, 0.6876689143158525308, 0.7431519811438742629, 0.7948100883308165665, 0.8441840176181645283, 0.8896842298769512825, 0.9307774820599377108, 0.9669399739666799665, 1.000000000000000000 ),
 .UNSPECIFIED. ) ;
#1526 = DIRECTION ( 'NONE',  ( 0.000000000000000000, 0.000000000000000000, 1.000000000000000000 ) ) ;
#1527 = CARTESIAN_POINT ( 'NONE',  ( 2.016798627804905486, 0.000000000000000000, -0.7362499999999999600 ) ) ;
#1528 = EDGE_LOOP ( 'NONE', ( #6329, #2952, #884, #5052 ) ) ;
#1529 = ORIENTED_EDGE ( 'NONE', *, *, #5917, .F. ) ;
#1530 = CARTESIAN_POINT ( 'NONE',  ( 2.091062328429526662, 0.04000000000000000083, -0.7352390000847036644 ) ) ;
#1531 = VECTOR ( 'NONE', #2624, 39.37007874015748143 ) ;
#1532 = CARTESIAN_POINT ( 'NONE',  ( 1.830860046329600088, 0.000000000000000000, -0.6573772749885622435 ) ) ;
#1533 = DIRECTION ( 'NONE',  ( 1.000000000000000000, 0.000000000000000000, -0.000000000000000000 ) ) ;
#1534 = ADVANCED_FACE ( 'NONE', ( #5166 ), #492, .T. ) ;
#1535 = CARTESIAN_POINT ( 'NONE',  ( 1.725682410198084105, 0.000000000000000000, -0.6760040987930447942 ) ) ;
#1536 = PRODUCT_DEFINITION_FORMATION_WITH_SPECIFIED_SOURCE ( 'ANY', '', #2283, .NOT_KNOWN. ) ;
#1537 = CARTESIAN_POINT ( 'NONE',  ( 0.8831483222728963023, 0.04000000000000000083, -0.7365684856197703967 ) ) ;
#1538 = CARTESIAN_POINT ( 'NONE',  ( 1.533394957509973899, 0.04000000000000000083, -0.7262016775290135451 ) ) ;
#1539 = CARTESIAN_POINT ( 'NONE',  ( 1.804396425349244382, 0.000000000000000000, -0.5411194729566484174 ) ) ;
#1540 = CARTESIAN_POINT ( 'NONE',  ( 1.753728998630890379, 0.000000000000000000, -0.5340668624874459480 ) ) ;
#1541 = EDGE_CURVE ( 'NONE', #2704, #5280, #679, .T. ) ;
#1542 = CARTESIAN_POINT ( 'NONE',  ( 1.981037933886112601, 0.04000000000000000083, -0.7337673975142066096 ) ) ;
#1543 = CARTESIAN_POINT ( 'NONE',  ( 1.526503262588267296, 0.000000000000000000, -0.7083255533305482521 ) ) ;
#1544 = CARTESIAN_POINT ( 'NONE',  ( 2.003361889415793406, 0.04000000000000000083, -0.6902494895767088412 ) ) ;
#1545 = LINE ( 'NONE', #4556, #5834 ) ;
#1546 = VERTEX_POINT ( 'NONE', #3667 ) ;
#1547 = VECTOR ( 'NONE', #3015, 39.37007874015748143 ) ;
#1548 = CLOSED_SHELL ( 'NONE', ( #1706, #4180, #529, #6075, #3657, #5597, #3538, #189, #2446, #596, #4460, #3818, #508, #708, #4096, #3929, #333, #5838, #5729, #5777, #1569, #700, #2808, #5317, #765, #843, #2686, #89, #5408, #1714, #3732, #1927, #63, #4290, #358, #3996, #1172, #4761, #287, #6265, #3858, #1804, #3793, #5631, #5873, #3578, #6195, #3545, #4372, #6218, #5176, #4651, #3356, #4831, #5519, #4140, #5443, #22, #1925, #388, #6174, #522, #5057, #1806, #2886, #5905, #2725, #2162, #4453, #1901, #711, #722, #4590, #3348, #3392, #5415, #3820, #481, #5760, #3344, #3437, #5718, #5686, #1534, #639, #5593, #2287, #3042, #2012, #3388, #5795, #5031, #1070, #3855, #3473, #6049, #1100, #1051, #3945, #4452, #2673, #2365, #1046, #682, #1341, #2493, #4792, #4013, #2245, #2099, #560, #4672, #130, #5171, #1661, #3852, #5220, #5115, #3943, #4123, #5390, #1689, #3071, #1068, #5093, #4050, #4513, #5332, #3905 ) ) ;
#1549 = B_SPLINE_CURVE_WITH_KNOTS ( 'NONE', 3,
 ( #3790, #1351, #5254, #5285, #896, #4814, #2383, #5219, #831, #1411, #3377, #2906, #6301, #1924, #1441 ),
 .UNSPECIFIED., .F., .F.,
 ( 4, 1, 1, 1, 1, 1, 1, 1, 1, 1, 1, 1, 4 ),
 ( 0.000000000000000000, 0.1196246628663752143, 0.2282837097143243510, 0.3263627238658261542, 0.4152666510313158255, 0.4958568814466465247, 0.5702432826981826963, 0.6394510592149724726, 0.7065314550312626896, 0.7732900845859880246, 0.8425412606324502729, 0.9177644306273172736, 1.000000000000000000 ),
 .UNSPECIFIED. ) ;
#1550 = CARTESIAN_POINT ( 'NONE',  ( 1.734216351434068271, 0.000000000000000000, -0.4923811934883015606 ) ) ;
#1551 = DIRECTION ( 'NONE',  ( 0.000000000000000000, -1.000000000000000000, 0.000000000000000000 ) ) ;
#1552 = CARTESIAN_POINT ( 'NONE',  ( 1.774014222424570519, -0.000000000000000000, -0.4894713636712924032 ) ) ;
#1553 = LINE ( 'NONE', #3551, #1495 ) ;
#1554 = CARTESIAN_POINT ( 'NONE',  ( 0.9660916658251496036, 0.04000000000000000083, -0.4940636039383386469 ) ) ;
#1555 = VERTEX_POINT ( 'NONE', #2124 ) ;
#1556 = CARTESIAN_POINT ( 'NONE',  ( 1.376142604005369696, 0.000000000000000000, -0.5132146990251265084 ) ) ;
#1557 = CARTESIAN_POINT ( 'NONE',  ( 0.9543037309410364877, 0.04000000000000000083, -0.7141564496431698217 ) ) ;
#1558 = CARTESIAN_POINT ( 'NONE',  ( 0.9557921979920567246, 0.000000000000000000, -0.5083359794443373936 ) ) ;
#1559 = CARTESIAN_POINT ( 'NONE',  ( 0.8504840420974694171, 0.04000000000000000083, -0.7337022499453741409 ) ) ;
#1560 = CARTESIAN_POINT ( 'NONE',  ( 1.453839067587300748, 0.000000000000000000, -0.7296764973674428889 ) ) ;
#1561 = ORIENTED_EDGE ( 'NONE', *, *, #4867, .T. ) ;
#1562 = VECTOR ( 'NONE', #2522, 39.37007874015748143 ) ;
#1563 = VERTEX_POINT ( 'NONE', #2255 ) ;
#1564 = EDGE_LOOP ( 'NONE', ( #3124, #5180, #3205, #3428 ) ) ;
#1565 = DIRECTION ( 'NONE',  ( 0.000000000000000000, 0.000000000000000000, -1.000000000000000000 ) ) ;
#1566 = CARTESIAN_POINT ( 'NONE',  ( 1.838429487179906063, 0.000000000000000000, -0.6155957031250001155 ) ) ;
#1567 = CARTESIAN_POINT ( 'NONE',  ( 0.6947540883937034506, 0.000000000000000000, -0.5208762587359284657 ) ) ;
#1568 = CARTESIAN_POINT ( 'NONE',  ( 0.9858349916979387562, 0.04000000000000000083, -0.4894804284713953901 ) ) ;
#1569 = ADVANCED_FACE ( 'NONE', ( #6054 ), #5067, .F. ) ;
#1570 = ORIENTED_EDGE ( 'NONE', *, *, #1662, .F. ) ;
#1571 = CARTESIAN_POINT ( 'NONE',  ( 1.123855721102109406, 0.000000000000000000, -0.5842720217304789854 ) ) ;
#1572 = CARTESIAN_POINT ( 'NONE',  ( 1.738501658885703183, 0.000000000000000000, -0.5371477835755119612 ) ) ;
#1573 = VECTOR ( 'NONE', #1617, 39.37007874015748143 ) ;
#1574 = B_SPLINE_SURFACE_WITH_KNOTS ( 'NONE', 3, 1, ( 
 ( #459, #1898 ),
 ( #524, #2422 ),
 ( #2484, #3479 ),
 ( #1031, #426 ),
 ( #3009, #5933 ),
 ( #1544, #3511 ),
 ( #1067, #4820 ),
 ( #1931, #5567 ),
 ( #587, #5479 ),
 ( #2581, #2615 ),
 ( #2645, #5508 ) ),
 .UNSPECIFIED., .F., .F., .F.,
 ( 4, 1, 1, 1, 1, 1, 1, 1, 4 ),
 ( 2, 2 ),
 ( 0.000000000000000000, 0.08220167381014792385, 0.1736621169389050423, 0.2759481427328039360, 0.3912616871088741011, 0.5210725658350752187, 0.6654153851221460414, 0.8245207618702736774, 1.000000000000000000 ),
 ( 0.000000000000000000, 1.000000000000000000 ),
 .UNSPECIFIED. ) ;
#1575 = EDGE_CURVE ( 'NONE', #2175, #3288, #6084, .T. ) ;
#1576 = CARTESIAN_POINT ( 'NONE',  ( 1.660217759286164219, 0.04000000000000000083, -0.5296793320298502916 ) ) ;
#1577 = CARTESIAN_POINT ( 'NONE',  ( 1.107431421502358626, 0.04000000000000000083, -0.6665005902013986239 ) ) ;
#1578 = CARTESIAN_POINT ( 'NONE',  ( 0.7477206009100992867, 0.04000000000000000083, -0.7110595137107713626 ) ) ;
#1579 = CARTESIAN_POINT ( 'NONE',  ( 0.8942947290157428064, 0.04000000000000000083, -0.4972820757421343441 ) ) ;
#1580 = ORIENTED_EDGE ( 'NONE', *, *, #1344, .T. ) ;
#1581 = EDGE_CURVE ( 'NONE', #5404, #2176, #5602, .T. ) ;
#1582 = CARTESIAN_POINT ( 'NONE',  ( 0.9541399169134242575, 0.04000000000000000083, -0.7096467500054416400 ) ) ;
#1583 = CARTESIAN_POINT ( 'NONE',  ( 0.9540544871799059301, 0.000000000000000000, -0.5216015625000000044 ) ) ;
#1584 = LINE ( 'NONE', #592, #1547 ) ;
#1585 = LINE ( 'NONE', #4918, #5283 ) ;
#1586 = ORIENTED_EDGE ( 'NONE', *, *, #4473, .T. ) ;
#1587 = CARTESIAN_POINT ( 'NONE',  ( 0.9839861278049059079, 0.04000000000000000083, -0.4893750000000001155 ) ) ;
#1588 = EDGE_LOOP ( 'NONE', ( #6076, #5542, #2013, #4515 ) ) ;
#1589 = CARTESIAN_POINT ( 'NONE',  ( 1.241554487179905797, 0.04000000000000000083, -0.7037304687500000044 ) ) ;
#1590 = DIRECTION ( 'NONE',  ( 0.000000000000000000, 0.000000000000000000, 1.000000000000000000 ) ) ;
#1591 = CARTESIAN_POINT ( 'NONE',  ( 0.9541362347901385377, 0.000000000000000000, -0.5192325721664362570 ) ) ;
#1592 = CARTESIAN_POINT ( 'NONE',  ( 1.571520055508351055, 0.000000000000000000, -0.4938218264033372717 ) ) ;
#1593 = CARTESIAN_POINT ( 'NONE',  ( 1.972365034054905708, 0.04000000000000000083, -0.7317089843750002043 ) ) ;
#1594 = ORIENTED_EDGE ( 'NONE', *, *, #4475, .F. ) ;
#1595 = ORIENTED_EDGE ( 'NONE', *, *, #1183, .T. ) ;
#1596 = VERTEX_POINT ( 'NONE', #742 ) ;
#1597 = CARTESIAN_POINT ( 'NONE',  ( 1.657179487179905708, 0.04000000000000000083, -0.5913769531250000488 ) ) ;
#1598 = B_SPLINE_CURVE_WITH_KNOTS ( 'NONE', 3,
 ( #1273, #5141, #2729, #3293, #4667, #2267, #276, #3742, #5235, #4605, #2366, #1394, #1875, #3451, #1905, #877, #1843, #2917, #1422 ),
 .UNSPECIFIED., .F., .F.,
 ( 4, 1, 1, 1, 1, 1, 1, 1, 1, 1, 1, 1, 1, 1, 1, 1, 4 ),
 ( 0.000000000000000000, 0.06807904218953644837, 0.1334568085468225696, 0.1970431859788141504, 0.2589951028646220732, 0.3192107792938391753, 0.3780683211263616839, 0.4358361098827949753, 0.4933934818721130711, 0.5511703361136249812, 0.6091929274594467536, 0.6688946999614665545, 0.7301869901136294194, 0.7935211943086338815, 0.8593314533622711249, 0.9278229601315397534, 1.000000000000000000 ),
 .UNSPECIFIED. ) ;
#1599 = CARTESIAN_POINT ( 'NONE',  ( 1.496241987179905752, 0.000000000000000000, -0.4893750000000001155 ) ) ;
#1600 = CARTESIAN_POINT ( 'NONE',  ( 2.079999999999999627, 0.3149999999999992251, -1.054999999999999938 ) ) ;
#1601 = VERTEX_POINT ( 'NONE', #1258 ) ;
#1602 = CARTESIAN_POINT ( 'NONE',  ( 1.560304487179905664, 0.000000000000000000, -0.6799999999999999378 ) ) ;
#1603 = CARTESIAN_POINT ( 'NONE',  ( 2.061409850723055381, 0.000000000000000000, -0.5025771258101796590 ) ) ;
#1604 = LINE ( 'NONE', #615, #1432 ) ;
#1605 = CARTESIAN_POINT ( 'NONE',  ( 1.525398575787976885, 0.000000000000000000, -0.7042213982687018925 ) ) ;
#1606 = CARTESIAN_POINT ( 'NONE',  ( 2.329999999999999627, 0.000000000000000000, -0.2750000000000003553 ) ) ;
#1607 = ORIENTED_EDGE ( 'NONE', *, *, #4751, .F. ) ;
#1608 = CARTESIAN_POINT ( 'NONE',  ( 1.493973960459992423, 0.000000000000000000, -0.4894559208444422826 ) ) ;
#1609 = ORIENTED_EDGE ( 'NONE', *, *, #1646, .T. ) ;
#1610 = CARTESIAN_POINT ( 'NONE',  ( 1.150435854072204611, 0.000000000000000000, -0.6924205760502364360 ) ) ;
#1611 = EDGE_CURVE ( 'NONE', #3746, #2685, #2132, .T. ) ;
#1612 = CARTESIAN_POINT ( 'NONE',  ( 1.107179487179905886, 0.04000000000000000083, -0.6598339843750001821 ) ) ;
#1613 = AXIS2_PLACEMENT_3D ( 'NONE', #1263, #1165, #5162 ) ;
#1614 = CARTESIAN_POINT ( 'NONE',  ( 1.429054487179905575, 0.000000000000000000, -0.5196484375000000044 ) ) ;
#1615 = LINE ( 'NONE', #4029, #4779 ) ;
#1616 = CARTESIAN_POINT ( 'NONE',  ( 1.402124492928383592, 0.000000000000000000, -0.4894744996973858786 ) ) ;
#1617 = DIRECTION ( 'NONE',  ( -0.000000000000000000, -1.000000000000000000, -0.000000000000000000 ) ) ;
#1618 = CARTESIAN_POINT ( 'NONE',  ( 0.9582180331331666689, 0.000000000000000000, -0.5027135717260216019 ) ) ;
#1619 = CARTESIAN_POINT ( 'NONE',  ( 1.939531165635440590, 0.000000000000000000, -0.7112607086607197759 ) ) ;
#1620 = CARTESIAN_POINT ( 'NONE',  ( 1.922986225091002144, 0.000000000000000000, -0.6690768429477937929 ) ) ;
#1621 = EDGE_LOOP ( 'NONE', ( #1196, #3026, #2211, #2212, #4641, #5313, #5389, #2797, #4921, #5437 ) ) ;
#1622 = VECTOR ( 'NONE', #2668, 39.37007874015748143 ) ;
#1623 = ORIENTED_EDGE ( 'NONE', *, *, #4262, .F. ) ;
#1624 = ORIENTED_EDGE ( 'NONE', *, *, #2931, .F. ) ;
#1625 = CARTESIAN_POINT ( 'NONE',  ( 1.193054235405824004, 0.000000000000000000, -0.4978859496103228977 ) ) ;
#1626 = CARTESIAN_POINT ( 'NONE',  ( 1.586386269185758202, 0.000000000000000000, -0.4894778167403063818 ) ) ;
#1627 = CARTESIAN_POINT ( 'NONE',  ( 0.7241447959337304896, 0.000000000000000000, -0.4894625474206326099 ) ) ;
#1628 = VERTEX_POINT ( 'NONE', #2192 ) ;
#1629 = CARTESIAN_POINT ( 'NONE',  ( 1.052239692446510944, 0.000000000000000000, -0.6434199382235037401 ) ) ;
#1630 = B_SPLINE_CURVE_WITH_KNOTS ( 'NONE', 3,
 ( #5274, #4860, #4833, #3302, #1815, #2341, #820, #883, #5207, #4381, #1457 ),
 .UNSPECIFIED., .F., .F.,
 ( 4, 1, 1, 1, 1, 1, 1, 1, 4 ),
 ( 0.000000000000000000, 0.1229088741204422824, 0.2364516494111417177, 0.3479825443924760009, 0.4617666234886315113, 0.5802917925316444236, 0.7062604613274525711, 0.8451898420971099002, 1.000000000000000000 ),
 .UNSPECIFIED. ) ;
#1631 = PLANE ( 'NONE',  #2945 ) ;
#1632 = DIRECTION ( 'NONE',  ( -0.000000000000000000, -1.000000000000000000, -0.000000000000000000 ) ) ;
#1633 = CIRCLE ( 'NONE', #2258, 0.06249999999999995143 ) ;
#1634 = CARTESIAN_POINT ( 'NONE',  ( 1.664491007856813143, 0.04000000000000000083, -0.6761815302582975251 ) ) ;
#1635 = DIRECTION ( 'NONE',  ( 0.000000000000000000, 0.000000000000000000, -1.000000000000000000 ) ) ;
#1636 = CARTESIAN_POINT ( 'NONE',  ( 1.946531226345996179, 0.000000000000000000, -0.6032118762582030502 ) ) ;
#1637 = DIRECTION ( 'NONE',  ( 0.000000000000000000, 1.000000000000000000, 0.000000000000000000 ) ) ;
#1638 = EDGE_CURVE ( 'NONE', #187, #6104, #1934, .T. ) ;
#1639 = VERTEX_POINT ( 'NONE', #2717 ) ;
#1640 = CARTESIAN_POINT ( 'NONE',  ( 1.723331972758510355, 0.000000000000000000, -0.4949251846485587802 ) ) ;
#1641 = CARTESIAN_POINT ( 'NONE',  ( 1.838429487179906063, 0.04000000000000000083, -0.6155957031250001155 ) ) ;
#1642 = CARTESIAN_POINT ( 'NONE',  ( 1.713966596554905575, 0.000000000000000000, -0.6598339843749999600 ) ) ;
#1643 = AXIS2_PLACEMENT_3D ( 'NONE', #1606, #4973, #2063 ) ;
#1644 = CARTESIAN_POINT ( 'NONE',  ( 0.9540544871799059301, 0.04000000000000000083, -0.5216015625000000044 ) ) ;
#1645 = CARTESIAN_POINT ( 'NONE',  ( 1.838379137025604182, 0.04000000000000000083, -0.6122730195714291002 ) ) ;
#1646 = EDGE_CURVE ( 'NONE', #5813, #4379, #5750, .T. ) ;
#1647 = CARTESIAN_POINT ( 'NONE',  ( 1.214894330929905841, 0.000000000000000000, -0.4893750000000000044 ) ) ;
#1648 = CARTESIAN_POINT ( 'NONE',  ( 2.015297436579219337, 0.000000000000000000, -0.6920102964326760864 ) ) ;
#1649 = EDGE_CURVE ( 'NONE', #3767, #1494, #1093, .T. ) ;
#1650 = CARTESIAN_POINT ( 'NONE',  ( 0.8494475127983880380, 0.04000000000000000083, -0.5074720540016978143 ) ) ;
#1651 = CARTESIAN_POINT ( 'NONE',  ( 1.957212064746079117, 0.000000000000000000, -0.7256772953896105660 ) ) ;
#1652 = CARTESIAN_POINT ( 'NONE',  ( 1.924068291746614756, 0.04000000000000000083, -0.6770761326926550971 ) ) ;
#1653 = ORIENTED_EDGE ( 'NONE', *, *, #997, .F. ) ;
#1654 = CARTESIAN_POINT ( 'NONE',  ( 0.8937347775914286085, 0.04000000000000000083, -0.7284242665971171204 ) ) ;
#1655 = ORIENTED_EDGE ( 'NONE', *, *, #4434, .F. ) ;
#1656 = VERTEX_POINT ( 'NONE', #5159 ) ;
#1657 = DIRECTION ( 'NONE',  ( -1.000000000000000000, 0.000000000000000000, -0.000000000000000000 ) ) ;
#1658 = CARTESIAN_POINT ( 'NONE',  ( 1.387152977514224839, 0.000000000000000000, -0.4938059999865766492 ) ) ;
#1659 = CARTESIAN_POINT ( 'NONE',  ( 1.462584698831354668, 0.000000000000000000, -0.5150544321967966965 ) ) ;
#1660 = CARTESIAN_POINT ( 'NONE',  ( 0.6988641811770868184, 0.000000000000000000, -0.5027176849446669538 ) ) ;
#1661 = ADVANCED_FACE ( 'NONE', ( #2617 ), #772, .T. ) ;
#1662 = EDGE_CURVE ( 'NONE', #4194, #5724, #1735, .T. ) ;
#1663 = ORIENTED_EDGE ( 'NONE', *, *, #5213, .F. ) ;
#1664 = CARTESIAN_POINT ( 'NONE',  ( 0.5000000000000000000, 0.07000000000000000666, -0.8649999999999998801 ) ) ;
#1665 = CARTESIAN_POINT ( 'NONE',  ( 1.115870893429905752, 0.000000000000000000, -0.6829296874999999378 ) ) ;
#1666 = CARTESIAN_POINT ( 'NONE',  ( 1.659002355286515629, 0.000000000000000000, -0.5325534197047187002 ) ) ;
#1667 = CARTESIAN_POINT ( 'NONE',  ( 0.7477206009100992867, -0.000000000000000000, -0.7110595137107713626 ) ) ;
#1668 = CARTESIAN_POINT ( 'NONE',  ( 1.443618306362833170, 0.04000000000000000083, -0.7348318188605668100 ) ) ;
#1669 = CARTESIAN_POINT ( 'NONE',  ( 1.483617750234937915, 0.000000000000000000, -0.4908385602056248298 ) ) ;
#1670 = EDGE_LOOP ( 'NONE', ( #346, #5988, #984, #5395 ) ) ;
#1671 = CARTESIAN_POINT ( 'NONE',  ( 1.240462753909512106, 0.000000000000000000, -0.7152455378057739344 ) ) ;
#1672 = FACE_BOUND ( 'NONE', #4263, .T. ) ;
#1673 = CARTESIAN_POINT ( 'NONE',  ( 2.229999999999999538, 0.07000000000000074218, -1.054999999999999938 ) ) ;
#1674 = CARTESIAN_POINT ( 'NONE',  ( 1.547304550103224097, 0.000000000000000000, -0.7346194713301407164 ) ) ;
#1675 = CARTESIAN_POINT ( 'NONE',  ( 1.745971109681790256, 0.04000000000000000083, -0.5353052020652324661 ) ) ;
#1676 = CARTESIAN_POINT ( 'NONE',  ( 1.889985985152423664, 0.04000000000000000083, -0.5745310507535678068 ) ) ;
#1677 = CARTESIAN_POINT ( 'NONE',  ( 0.8986376333861287868, -0.000000000000000000, -0.7196902923623984538 ) ) ;
#1678 = CARTESIAN_POINT ( 'NONE',  ( 0.8738356983049108129, 0.000000000000000000, -0.4894727179906456782 ) ) ;
#1679 = CARTESIAN_POINT ( 'NONE',  ( 1.104550237444370753, 0.04000000000000000083, -0.5880286626417446927 ) ) ;
#1680 = CARTESIAN_POINT ( 'NONE',  ( 1.964515483710597588, 0.04000000000000000083, -0.7291341438346857773 ) ) ;
#1681 = CARTESIAN_POINT ( 'NONE',  ( 1.991300891385690219, 0.000000000000000000, -0.7351717324689980293 ) ) ;
#1682 = EDGE_CURVE ( 'NONE', #5852, #6234, #4084, .T. ) ;
#1683 = ORIENTED_EDGE ( 'NONE', *, *, #4200, .T. ) ;
#1684 = ORIENTED_EDGE ( 'NONE', *, *, #2315, .T. ) ;
#1685 = CARTESIAN_POINT ( 'NONE',  ( 1.375949032086511536, 0.04000000000000000083, -0.7081110065730980008 ) ) ;
#1686 = CARTESIAN_POINT ( 'NONE',  ( 0.4375624944334203792, 0.000000000000000000, -0.8622057382686417748 ) ) ;
#1687 = CARTESIAN_POINT ( 'NONE',  ( 1.613429487179905530, 0.04000000000000000083, -0.7068066406249999822 ) ) ;
#1688 = DIRECTION ( 'NONE',  ( 0.000000000000000000, -1.000000000000000000, 0.000000000000000000 ) ) ;
#1689 = ADVANCED_FACE ( 'NONE', ( #3251 ), #3221, .T. ) ;
#1690 = ORIENTED_EDGE ( 'NONE', *, *, #1891, .T. ) ;
#1691 = CARTESIAN_POINT ( 'NONE',  ( 1.095981238116829237, 0.000000000000000000, -0.5908602598766083958 ) ) ;
#1692 = CARTESIAN_POINT ( 'NONE',  ( 1.185304487179905886, 0.000000000000000000, -0.5209667968750000266 ) ) ;
#1693 = CARTESIAN_POINT ( 'NONE',  ( 1.666396295937958794, 0.000000000000000000, -0.5218875421156071726 ) ) ;
#1694 = AXIS2_PLACEMENT_3D ( 'NONE', #2814, #4784, #773 ) ;
#1695 = DIRECTION ( 'NONE',  ( 0.000000000000000000, -1.000000000000000000, 0.000000000000000000 ) ) ;
#1696 = CARTESIAN_POINT ( 'NONE',  ( 1.429038886757755478, 0.04000000000000000083, -0.7362073259274009018 ) ) ;
#1697 = ORIENTED_EDGE ( 'NONE', *, *, #4056, .T. ) ;
#1698 = CARTESIAN_POINT ( 'NONE',  ( 0.8981951121799053306, 0.04000000000000000083, -0.7209667968749999822 ) ) ;
#1699 = VECTOR ( 'NONE', #3363, 39.37007874015748143 ) ;
#1700 = B_SPLINE_CURVE_WITH_KNOTS ( 'NONE', 3,
 ( #5641, #3131, #2723, #6123, #5196, #2653, #1268, #2200, #5609, #1708, #3675, #3164, #3196, #213, #3738 ),
 .UNSPECIFIED., .F., .F.,
 ( 4, 1, 1, 1, 1, 1, 1, 1, 1, 1, 1, 1, 4 ),
 ( 0.000000000000000000, 0.1196246628663752143, 0.2282837097143243510, 0.3263627238658242113, 0.4152666510313157699, 0.4958568814466446373, 0.5702432826981825853, 0.6394510592149723616, 0.7065314550312612463, 0.7732900845859886907, 0.8425412606324501619, 0.9177644306273171626, 1.000000000000000000 ),
 .UNSPECIFIED. ) ;
#1701 = CARTESIAN_POINT ( 'NONE',  ( 1.050929487179905975, 0.04000000000000000083, -0.6608593750000001377 ) ) ;
#1702 = ORIENTED_EDGE ( 'NONE', *, *, #4404, .F. ) ;
#1703 = CARTESIAN_POINT ( 'NONE',  ( 1.609779303471527534, 0.000000000000000000, -0.5012731594545389857 ) ) ;
#1704 = CARTESIAN_POINT ( 'NONE',  ( 1.079120435182996385, 0.04000000000000000083, -0.5999818517838254595 ) ) ;
#1705 = CARTESIAN_POINT ( 'NONE',  ( 1.890142677013845196, 0.000000000000000000, -0.6538268478142293949 ) ) ;
#1706 = ADVANCED_FACE ( 'NONE', ( #393 ), #299, .F. ) ;
#1707 = B_SPLINE_SURFACE_WITH_KNOTS ( 'NONE', 3, 1, ( 
 ( #2295, #1203 ),
 ( #5137, #1298 ),
 ( #4729, #5104 ),
 ( #3642, #749 ),
 ( #1675, #273 ),
 ( #1775, #3258 ),
 ( #4632, #1169 ),
 ( #1269, #5547 ),
 ( #4155, #2264 ),
 ( #6091, #2724 ),
 ( #214, #810 ) ),
 .UNSPECIFIED., .F., .F., .F.,
 ( 4, 1, 1, 1, 1, 1, 1, 1, 4 ),
 ( 2, 2 ),
 ( 0.000000000000000000, 0.1330733262487469315, 0.2627659362384358599, 0.3887957597851894875, 0.5126889517223318649, 0.6344410886993782084, 0.7564245126272963748, 0.8781791936067050441, 1.000000000000000000 ),
 ( 0.000000000000000000, 1.000000000000000000 ),
 .UNSPECIFIED. ) ;
#1708 = CARTESIAN_POINT ( 'NONE',  ( 1.984545047573996079, 0.000000000000000000, -0.6406349633961228029 ) ) ;
#1709 = CARTESIAN_POINT ( 'NONE',  ( 1.820135691242227072, 0.04000000000000000083, -0.5538288753223686856 ) ) ;
#1710 = CARTESIAN_POINT ( 'NONE',  ( 1.225846635246174987, 0.04000000000000000083, -0.4912065637766127035 ) ) ;
#1711 = CARTESIAN_POINT ( 'NONE',  ( 0.8995797985643696482, 0.000000000000000000, -0.7169725059948139911 ) ) ;
#1712 = CIRCLE ( 'NONE', #2546, 0.06425000000000000155 ) ;
#1713 = DIRECTION ( 'NONE',  ( -0.000000000000000000, -1.000000000000000000, -0.000000000000000000 ) ) ;
#1714 = ADVANCED_FACE ( 'NONE', ( #6119 ), #6178, .T. ) ;
#1715 = CARTESIAN_POINT ( 'NONE',  ( 1.924068291746614756, 0.000000000000000000, -0.6770761326926550971 ) ) ;
#1716 = CARTESIAN_POINT ( 'NONE',  ( 2.102333527385670919, 0.000000000000000000, -0.4939404300633070122 ) ) ;
#1717 = CARTESIAN_POINT ( 'NONE',  ( 1.122327413818216213, 0.04000000000000000083, -0.6872853059217891580 ) ) ;
#1718 = ORIENTED_EDGE ( 'NONE', *, *, #5793, .F. ) ;
#1719 = ORIENTED_EDGE ( 'NONE', *, *, #2410, .F. ) ;
#1720 = CARTESIAN_POINT ( 'NONE',  ( 1.383455271777545681, 0.04000000000000000083, -0.7279091463883348156 ) ) ;
#1721 = CARTESIAN_POINT ( 'NONE',  ( 1.497759988432243006, 0.04000000000000000083, -0.4894122655946467337 ) ) ;
#1722 = ORIENTED_EDGE ( 'NONE', *, *, #3385, .F. ) ;
#1723 = CARTESIAN_POINT ( 'NONE',  ( 1.995730721102108474, 0.000000000000000000, -0.5842720217304788743 ) ) ;
#1724 = CARTESIAN_POINT ( 'NONE',  ( 1.238370542610794933, 0.04000000000000000083, -0.7215162773531212936 ) ) ;
#1725 = EDGE_CURVE ( 'NONE', #5205, #3718, #2354, .T. ) ;
#1726 = ORIENTED_EDGE ( 'NONE', *, *, #4407, .T. ) ;
#1727 = CARTESIAN_POINT ( 'NONE',  ( 0.7442187974722289656, 0.04000000000000000083, -0.7270785883326325028 ) ) ;
#1728 = EDGE_CURVE ( 'NONE', #6318, #2632, #2780, .T. ) ;
#1729 = CARTESIAN_POINT ( 'NONE',  ( 1.185532124056223102, 0.000000000000000000, -0.5142886079259293419 ) ) ;
#1730 = CARTESIAN_POINT ( 'NONE',  ( 1.680909955929905664, 0.04000000000000000083, -0.5122265624999999822 ) ) ;
#1731 = B_SPLINE_CURVE_WITH_KNOTS ( 'NONE', 3,
 ( #1221, #2220, #5726, #325, #2281, #4265, #6113, #2250, #4172, #3182, #5251 ),
 .UNSPECIFIED., .F., .F.,
 ( 4, 1, 1, 1, 1, 1, 1, 1, 4 ),
 ( 0.000000000000000000, 0.1402943894369881039, 0.2690238711738882071, 0.3898006988269702155, 0.5083482253201352385, 0.6259820118935296440, 0.7431690458776171182, 0.8666051232822503669, 1.000000000000000000 ),
 .UNSPECIFIED. ) ;
#1732 = CARTESIAN_POINT ( 'NONE',  ( 1.453839067587300748, 0.000000000000000000, -0.7296764973674428889 ) ) ;
#1733 = CARTESIAN_POINT ( 'NONE',  ( 1.983689106504815669, 0.04000000000000000083, -0.6783564305222392621 ) ) ;
#1734 = CARTESIAN_POINT ( 'NONE',  ( 1.187103316266320263, 0.04000000000000000083, -0.5080936862799417808 ) ) ;
#1735 = LINE ( 'NONE', #4212, #2656 ) ;
#1736 = AXIS2_PLACEMENT_3D ( 'NONE', #182, #2133, #4091 ) ;
#1737 = CARTESIAN_POINT ( 'NONE',  ( 1.611959180508165890, 0.04000000000000000083, -0.5065921339596431983 ) ) ;
#1738 = CARTESIAN_POINT ( 'NONE',  ( 1.772128976813631018, 0.04000000000000000083, -0.5875327545382760253 ) ) ;
#1739 = CARTESIAN_POINT ( 'NONE',  ( 1.868989555706127792, 0.04000000000000000083, -0.6971243818934035330 ) ) ;
#1740 = CARTESIAN_POINT ( 'NONE',  ( 1.539035552760663172, 0.000000000000000000, -0.7313131790087699091 ) ) ;
#1741 = CARTESIAN_POINT ( 'NONE',  ( 1.769923627804905752, 0.04000000000000000083, -0.5331249999999999600 ) ) ;
#1742 = CARTESIAN_POINT ( 'NONE',  ( 1.892691377180733658, 0.04000000000000000083, -0.5872266457023426200 ) ) ;
#1743 = DIRECTION ( 'NONE',  ( -0.000000000000000000, -1.000000000000000000, -0.000000000000000000 ) ) ;
#1744 = CARTESIAN_POINT ( 'NONE',  ( 1.804500012064770953, 0.04000000000000000083, -0.6878813029802639534 ) ) ;
#1745 = DIRECTION ( 'NONE',  ( 1.000000000000000000, 0.000000000000000000, 0.000000000000000000 ) ) ;
#1746 = DIRECTION ( 'NONE',  ( 0.000000000000000000, 0.000000000000000000, -1.000000000000000000 ) ) ;
#1747 = AXIS2_PLACEMENT_3D ( 'NONE', #4396, #8, #1413 ) ;
#1748 = CARTESIAN_POINT ( 'NONE',  ( 1.010304487179905841, 0.000000000000000000, -0.7072949218750000933 ) ) ;
#1749 = VERTEX_POINT ( 'NONE', #1796 ) ;
#1750 = ORIENTED_EDGE ( 'NONE', *, *, #1611, .F. ) ;
#1751 = CARTESIAN_POINT ( 'NONE',  ( 1.412013471554905530, 0.04000000000000000083, -0.7362499999999999600 ) ) ;
#1752 = CARTESIAN_POINT ( 'NONE',  ( 1.528618984234911160, 0.000000000000000000, -0.5208600826160169062 ) ) ;
#1753 = VERTEX_POINT ( 'NONE', #2289 ) ;
#1754 = B_SPLINE_CURVE_WITH_KNOTS ( 'NONE', 3,
 ( #1527, #5435, #2866, #2438, #31, #3433, #2959, #4809, #4898, #506, #922 ),
 .UNSPECIFIED., .F., .F.,
 ( 4, 1, 1, 1, 1, 1, 1, 1, 4 ),
 ( 0.000000000000000000, 0.1569433403011107064, 0.3052641691385835077, 0.4438862275305962002, 0.5729504529666084034, 0.6925868846920740785, 0.8040351933094590509, 0.9064180598495786834, 1.000000000000000000 ),
 .UNSPECIFIED. ) ;
#1755 = CARTESIAN_POINT ( 'NONE',  ( 1.922804487179905264, -8.537024980200822558E-18, -0.6608593750000000266 ) ) ;
#1756 = DIRECTION ( 'NONE',  ( 0.000000000000000000, -0.000000000000000000, -1.000000000000000000 ) ) ;
#1757 = VERTEX_POINT ( 'NONE', #3283 ) ;
#1758 = CARTESIAN_POINT ( 'NONE',  ( 0.7248498183248278659, 0.04000000000000000083, -0.7392897378189623447 ) ) ;
#1759 = VECTOR ( 'NONE', #6137, 39.37007874015748143 ) ;
#1760 = CARTESIAN_POINT ( 'NONE',  ( 1.214894330929905841, 0.000000000000000000, -0.4893750000000000044 ) ) ;
#1761 = CARTESIAN_POINT ( 'NONE',  ( 1.691057947734114331, 0.04000000000000000083, -0.6236713845239659770 ) ) ;
#1762 = LINE ( 'NONE', #740, #5125 ) ;
#1763 = ORIENTED_EDGE ( 'NONE', *, *, #3825, .F. ) ;
#1764 = DIRECTION ( 'NONE',  ( 0.000000000000000000, 0.000000000000000000, -1.000000000000000000 ) ) ;
#1765 = CARTESIAN_POINT ( 'NONE',  ( 1.838281702508807403, 0.000000000000000000, -0.6058431670515889156 ) ) ;
#1766 = EDGE_CURVE ( 'NONE', #3309, #1753, #5636, .T. ) ;
#1767 = VECTOR ( 'NONE', #495, 39.37007874015748143 ) ;
#1768 = DIRECTION ( 'NONE',  ( -0.000000000000000000, -1.000000000000000000, -0.000000000000000000 ) ) ;
#1769 = CARTESIAN_POINT ( 'NONE',  ( 1.676804996875719045, 0.04000000000000000083, -0.6542057912973630041 ) ) ;
#1770 = CARTESIAN_POINT ( 'NONE',  ( 1.758396792154359289, 0.000000000000000000, -0.5810554274509128758 ) ) ;
#1771 = EDGE_CURVE ( 'NONE', #4132, #3126, #860, .T. ) ;
#1772 = CARTESIAN_POINT ( 'NONE',  ( 1.852314904582269328, 0.000000000000000000, -0.7135240400532313343 ) ) ;
#1773 = EDGE_LOOP ( 'NONE', ( #3180, #2821, #154, #3914 ) ) ;
#1774 = CARTESIAN_POINT ( 'NONE',  ( 1.119425891385690042, 0.04000000000000000083, -0.7351717324689980293 ) ) ;
#1775 = CARTESIAN_POINT ( 'NONE',  ( 1.738501658885703183, 0.04000000000000000083, -0.5371477835755119612 ) ) ;
#1776 = CARTESIAN_POINT ( 'NONE',  ( 1.672500485702157036, 0.000000000000000000, -0.6575839985045565106 ) ) ;
#1777 = CARTESIAN_POINT ( 'NONE',  ( 1.676278791428718939, 0.04000000000000000083, -0.6215183839780858976 ) ) ;
#1778 = CARTESIAN_POINT ( 'NONE',  ( 1.785719756999780028, 0.000000000000000000, -0.6944622703488225746 ) ) ;
#1779 = DIRECTION ( 'NONE',  ( -0.7071067811865513475, -0.7071067811865436870, 0.000000000000000000 ) ) ;
#1780 = LINE ( 'NONE', #3744, #5945 ) ;
#1781 = CARTESIAN_POINT ( 'NONE',  ( 1.985958081255676522, 0.000000000000000000, -0.7345421172199687598 ) ) ;
#1782 = ORIENTED_EDGE ( 'NONE', *, *, #1343, .T. ) ;
#1783 = ORIENTED_EDGE ( 'NONE', *, *, #3708, .F. ) ;
#1784 = CARTESIAN_POINT ( 'NONE',  ( 2.029786909054905220, 0.04000000000000000083, -0.6268749999999999600 ) ) ;
#1785 = VERTEX_POINT ( 'NONE', #866 ) ;
#1786 = CARTESIAN_POINT ( 'NONE',  ( 0.9009294871799053972, 0.04000000000000000083, -0.5198437500000000488 ) ) ;
#1787 = CARTESIAN_POINT ( 'NONE',  ( 2.016798627804905486, 0.04000000000000000083, -0.7362499999999999600 ) ) ;
#1788 = CARTESIAN_POINT ( 'NONE',  ( 1.695739057791677995, 0.000000000000000000, -0.7206459225298146309 ) ) ;
#1789 = ORIENTED_EDGE ( 'NONE', *, *, #3507, .T. ) ;
#1790 = CARTESIAN_POINT ( 'NONE',  ( 1.144923627804905752, 0.04000000000000000083, -0.7362499999999999600 ) ) ;
#1791 = CARTESIAN_POINT ( 'NONE',  ( 0.8641409577175938050, 0.000000000000000000, -0.4912404362675277802 ) ) ;
#1792 = CARTESIAN_POINT ( 'NONE',  ( 1.679451743075582426, 0.04000000000000000083, -0.5130238392814815418 ) ) ;
#1793 = CARTESIAN_POINT ( 'NONE',  ( 2.006458499330998624, 0.000000000000000000, -0.5832520543012011949 ) ) ;
#1794 = CARTESIAN_POINT ( 'NONE',  ( 1.986394734441949250, -0.000000000000000000, -0.6814065122916799222 ) ) ;
#1795 = DIRECTION ( 'NONE',  ( -0.000000000000000000, -1.000000000000000000, -0.000000000000000000 ) ) ;
#1796 = CARTESIAN_POINT ( 'NONE',  ( 1.426857221554905575, 0.000000000000000000, -0.7362499999999999600 ) ) ;
#1797 = CARTESIAN_POINT ( 'NONE',  ( 1.683242799315642024, 0.04000000000000000083, -0.7105331776193423154 ) ) ;
#1798 = CARTESIAN_POINT ( 'NONE',  ( 1.774776285444839452, 0.04000000000000000083, -0.5914623805091675512 ) ) ;
#1799 = CARTESIAN_POINT ( 'NONE',  ( 1.875803376153104551, 0.04000000000000000083, -0.6875206543491854116 ) ) ;
#1800 = EDGE_LOOP ( 'NONE', ( #1655, #3495, #4738, #3397 ) ) ;
#1801 = CARTESIAN_POINT ( 'NONE',  ( 1.467706553724523966, 0.000000000000000000, -0.5032050347491267006 ) ) ;
#1802 = CARTESIAN_POINT ( 'NONE',  ( 1.535891689266108084, 0.04000000000000000083, -0.7290154587386727947 ) ) ;
#1803 = AXIS2_PLACEMENT_3D ( 'NONE', #5590, #4678, #1215 ) ;
#1804 = ADVANCED_FACE ( 'NONE', ( #2845 ), #5857, .T. ) ;
#1805 = CARTESIAN_POINT ( 'NONE',  ( 0.9540544871799059301, 0.04000000000000000083, -0.7072949218750000933 ) ) ;
#1806 = ADVANCED_FACE ( 'NONE', ( #3860 ), #1028, .T. ) ;
#1807 = EDGE_CURVE ( 'NONE', #6280, #5803, #6008, .T. ) ;
#1808 = CARTESIAN_POINT ( 'NONE',  ( 1.612896946833452416, 0.000000000000000000, -0.7146062921768565612 ) ) ;
#1809 = LINE ( 'NONE', #3262, #4178 ) ;
#1810 = CARTESIAN_POINT ( 'NONE',  ( 0.9540544871799059301, 0.000000000000000000, -0.7072949218750000933 ) ) ;
#1811 = CARTESIAN_POINT ( 'NONE',  ( 1.704782003139035274, 0.000000000000000000, -0.6524058314271993231 ) ) ;
#1812 = CARTESIAN_POINT ( 'NONE',  ( 1.137121359965232115, 8.537024980200822558E-18, -0.6912050257421651356 ) ) ;
#1813 = ORIENTED_EDGE ( 'NONE', *, *, #789, .F. ) ;
#1814 = EDGE_LOOP ( 'NONE', ( #4246, #1147, #1950, #2560 ) ) ;
#1815 = CARTESIAN_POINT ( 'NONE',  ( 1.230458527385670742, 0.04000000000000000083, -0.4939404300633070122 ) ) ;
#1816 = EDGE_CURVE ( 'NONE', #2338, #1941, #2355, .T. ) ;
#1817 = EDGE_LOOP ( 'NONE', ( #255, #4545, #4594, #6069 ) ) ;
#1818 = LINE ( 'NONE', #978, #2950 ) ;
#1819 = B_SPLINE_SURFACE_WITH_KNOTS ( 'NONE', 3, 1, ( 
 ( #2533, #2626 ),
 ( #4569, #184 ),
 ( #2136, #4093 ),
 ( #1650, #60 ),
 ( #3612, #5550 ),
 ( #1173, #3135 ),
 ( #5079, #2007 ),
 ( #3645, #6064 ),
 ( #1301, #4127 ),
 ( #5172, #1678 ),
 ( #4636, #6095 ) ),
 .UNSPECIFIED., .F., .F., .F.,
 ( 4, 1, 1, 1, 1, 1, 1, 1, 4 ),
 ( 2, 2 ),
 ( 0.000000000000000000, 0.1401180047643451332, 0.2686100580034988528, 0.3908975091221431053, 0.5089641436815214304, 0.6263889689773974867, 0.7425663412124188234, 0.8660351272880012496, 1.000000000000000000 ),
 ( 0.000000000000000000, 1.000000000000000000 ),
 .UNSPECIFIED. ) ;
#1820 = EDGE_CURVE ( 'NONE', #2182, #4194, #474, .T. ) ;
#1821 = DIRECTION ( 'NONE',  ( -0.000000000000000000, -1.000000000000000000, -0.000000000000000000 ) ) ;
#1822 = CARTESIAN_POINT ( 'NONE',  ( 1.683242799315642024, 0.000000000000000000, -0.7105331776193423154 ) ) ;
#1823 = ORIENTED_EDGE ( 'NONE', *, *, #4759, .F. ) ;
#1824 = CARTESIAN_POINT ( 'NONE',  ( 0.8702165965549053528, 0.04000000000000000083, -0.7393750000000000044 ) ) ;
#1825 = DIRECTION ( 'NONE',  ( -0.5185576816259125366, 0.000000000000000000, 0.8550426485426084744 ) ) ;
#1826 = AXIS2_PLACEMENT_3D ( 'NONE', #3731, #1768, #5191 ) ;
#1827 = CARTESIAN_POINT ( 'NONE',  ( 1.010240318423201833, 0.04000000000000000083, -0.7097608649968422112 ) ) ;
#1828 = B_SPLINE_CURVE_WITH_KNOTS ( 'NONE', 3,
 ( #2549, #4972, #5063, #1096, #676, #4081, #5993, #5539, #3153, #202, #3096, #2155, #706, #1128, #1160 ),
 .UNSPECIFIED., .F., .F.,
 ( 4, 1, 1, 1, 1, 1, 1, 1, 1, 1, 1, 1, 4 ),
 ( 0.000000000000000000, 0.09272377659486601142, 0.1807643789926703659, 0.2652681729395943711, 0.3457875854624136158, 0.4222225138628163954, 0.4949001608196640367, 0.5671667024153693726, 0.6412352119551114615, 0.7193716595256073321, 0.8039038165697613980, 0.8964316416643115515, 1.000000000000000000 ),
 .UNSPECIFIED. ) ;
#1829 = CARTESIAN_POINT ( 'NONE',  ( 1.565724409054905397, 0.04000000000000000083, -0.7362499999999999600 ) ) ;
#1830 = DIRECTION ( 'NONE',  ( -0.000000000000000000, -1.000000000000000000, -0.000000000000000000 ) ) ;
#1831 = PLANE ( 'NONE',  #1832 ) ;
#1832 = AXIS2_PLACEMENT_3D ( 'NONE', #4817, #5732, #6177 ) ;
#1833 = CARTESIAN_POINT ( 'NONE',  ( 1.053798690198496590, 0.04000000000000000083, -0.6847626957698803585 ) ) ;
#1834 = CARTESIAN_POINT ( 'NONE',  ( 1.815029803629884420, 0.04000000000000000083, -0.6803083471560583684 ) ) ;
#1835 = B_SPLINE_CURVE_WITH_KNOTS ( 'NONE', 3,
 ( #1487, #90, #2684, #4952, #5974, #2039, #1554, #3518, #4440, #3456, #1587 ),
 .UNSPECIFIED., .F., .F.,
 ( 4, 1, 1, 1, 1, 1, 1, 1, 4 ),
 ( 0.000000000000000000, 0.1424398776969912905, 0.2712812560000503193, 0.3923796910592005638, 0.5088161684751046909, 0.6247939480670415824, 0.7414158700954426306, 0.8643288066307963646, 1.000000000000000000 ),
 .UNSPECIFIED. ) ;
#1836 = CARTESIAN_POINT ( 'NONE',  ( 1.842502878105087394, 0.000000000000000000, -0.5081351905995079576 ) ) ;
#1837 = DIRECTION ( 'NONE',  ( -0.000000000000000000, -1.000000000000000000, -0.000000000000000000 ) ) ;
#1838 = ORIENTED_EDGE ( 'NONE', *, *, #4788, .F. ) ;
#1839 = EDGE_CURVE ( 'NONE', #4069, #2326, #3350, .T. ) ;
#1840 = CARTESIAN_POINT ( 'NONE',  ( 1.531593549679905575, 0.000000000000000000, -0.5353710937500000266 ) ) ;
#1841 = CARTESIAN_POINT ( 'NONE',  ( 1.428973828345612374, 0.04000000000000000083, -0.5173155831521890624 ) ) ;
#1842 = CARTESIAN_POINT ( 'NONE',  ( 1.613357473084141569, 0.000000000000000000, -0.7108230314208824341 ) ) ;
#1843 = CARTESIAN_POINT ( 'NONE',  ( 1.781260387671455003, 0.04000000000000000083, -0.7390843603633459047 ) ) ;
#1844 = CARTESIAN_POINT ( 'NONE',  ( 1.774776285444839452, 0.000000000000000000, -0.5914623805091675512 ) ) ;
#1845 = LINE ( 'NONE', #3264, #6043 ) ;
#1846 = APPLICATION_CONTEXT ( 'automotive_design' ) ;
#1847 = CARTESIAN_POINT ( 'NONE',  ( 1.987745893429905264, 0.000000000000000000, -0.6829296874999999378 ) ) ;
#1848 = EDGE_CURVE ( 'NONE', #2064, #3547, #1187, .T. ) ;
#1849 = EDGE_LOOP ( 'NONE', ( #2247, #2639, #114, #2610 ) ) ;
#1850 = ORIENTED_EDGE ( 'NONE', *, *, #6158, .F. ) ;
#1851 = LINE ( 'NONE', #6226, #3895 ) ;
#1852 = EDGE_CURVE ( 'NONE', #3935, #4566, #4037, .T. ) ;
#1853 = ORIENTED_EDGE ( 'NONE', *, *, #2699, .F. ) ;
#1854 = CARTESIAN_POINT ( 'NONE',  ( 1.185304487179905886, 0.000000000000000000, -0.6268749999999999600 ) ) ;
#1855 = CARTESIAN_POINT ( 'NONE',  ( 1.710304487179905575, 0.04000000000000000083, -0.5799999999999999600 ) ) ;
#1856 = CARTESIAN_POINT ( 'NONE',  ( 1.766896284054905619, 0.000000000000000000, -0.7393750000000000044 ) ) ;
#1857 = CARTESIAN_POINT ( 'NONE',  ( 1.670509882653886002, 0.04000000000000000083, -0.6943561838738041558 ) ) ;
#1858 = VECTOR ( 'NONE', #1089, 39.37007874015748143 ) ;
#1859 = ORIENTED_EDGE ( 'NONE', *, *, #4656, .F. ) ;
#1860 = CARTESIAN_POINT ( 'NONE',  ( 0.7375783214138085242, 0.04000000000000000083, -0.7350724542995681343 ) ) ;
#1861 = CARTESIAN_POINT ( 'NONE',  ( 0.8702165965549053528, 0.000000000000000000, -0.7393750000000000044 ) ) ;
#1862 = CARTESIAN_POINT ( 'NONE',  ( 1.972365034054905486, 0.04000000000000000083, -0.7317089843750000933 ) ) ;
#1863 = CARTESIAN_POINT ( 'NONE',  ( 1.784879200717557124, 0.000000000000000000, -0.5343142984488762348 ) ) ;
#1864 = CARTESIAN_POINT ( 'NONE',  ( 0.9894199094816070739, 0.000000000000000000, -0.4896848526063652951 ) ) ;
#1865 = CARTESIAN_POINT ( 'NONE',  ( 0.7478044871799053306, 0.000000000000000000, -0.5706250000000000488 ) ) ;
#1866 = DIRECTION ( 'NONE',  ( 0.000000000000000000, -0.000000000000000000, -1.000000000000000000 ) ) ;
#1867 = CARTESIAN_POINT ( 'NONE',  ( 1.742937513423403750, 0.04000000000000000083, -0.7378313643018082901 ) ) ;
#1868 = CARTESIAN_POINT ( 'NONE',  ( 1.758396792154359289, 0.04000000000000000083, -0.5810554274509128758 ) ) ;
#1869 = CARTESIAN_POINT ( 'NONE',  ( 0.7587084062087602332, 0.000000000000000000, -0.5076686854596073051 ) ) ;
#1870 = ORIENTED_EDGE ( 'NONE', *, *, #5253, .T. ) ;
#1871 = B_SPLINE_SURFACE_WITH_KNOTS ( 'NONE', 3, 1, ( 
 ( #2008, #5371 ),
 ( #4004, #2929 ),
 ( #5979, #2958 ),
 ( #30, #2044 ),
 ( #6324, #3461 ),
 ( #5947, #4509 ),
 ( #2076, #4865 ),
 ( #1977, #473 ),
 ( #570, #5401 ),
 ( #2437, #4445 ),
 ( #4386, #3941 ),
 ( #1948, #1015 ),
 ( #61, #3911 ),
 ( #4897, #2990 ),
 ( #3432, #4481 ),
 ( #3525, #1048 ),
 ( #980, #2502 ),
 ( #5881, #4928 ),
 ( #2468, #5849 ) ),
 .UNSPECIFIED., .F., .F., .F.,
 ( 4, 1, 1, 1, 1, 1, 1, 1, 1, 1, 1, 1, 1, 1, 1, 1, 4 ),
 ( 2, 2 ),
 ( 0.000000000000000000, 0.06471401816636546123, 0.1260074759657009158, 0.1848404604205493573, 0.2412139089641156531, 0.2962365839730131123, 0.3506218337640996663, 0.4049891146124617869, 0.4601104791148301065, 0.5167961286223616835, 0.5752343926751204428, 0.6364091737907190405, 0.7005078337452680382, 0.7688271593737624476, 0.8409926476957445551, 0.9181950594621326456, 1.000000000000000000 ),
 ( 0.000000000000000000, 1.000000000000000000 ),
 .UNSPECIFIED. ) ;
#1872 = CARTESIAN_POINT ( 'NONE',  ( 1.376515128654870690, 0.04000000000000000083, -0.7142347700367687180 ) ) ;
#1873 = DIRECTION ( 'NONE',  ( -0.9739204540951198474, 0.000000000000000000, 0.2268897289327035938 ) ) ;
#1874 = CARTESIAN_POINT ( 'NONE',  ( 1.241554487179905797, 0.04000000000000000083, -0.5214062499999999600 ) ) ;
#1875 = CARTESIAN_POINT ( 'NONE',  ( 1.831973276787609795, 0.04000000000000000083, -0.7261232052962024452 ) ) ;
#1876 = DIMENSIONAL_EXPONENTS ( 1.000000000000000000, 0.000000000000000000, 0.000000000000000000, 0.000000000000000000, 0.000000000000000000, 0.000000000000000000, 0.000000000000000000 ) ;
#1877 = CARTESIAN_POINT ( 'NONE',  ( 0.9543037309410364877, 0.000000000000000000, -0.7141564496431698217 ) ) ;
#1878 = CARTESIAN_POINT ( 'NONE',  ( 1.241525148475799423, 0.04000000000000000083, -0.7051150258839001816 ) ) ;
#1879 = DIRECTION ( 'NONE',  ( 0.000000000000000000, 0.000000000000000000, 1.000000000000000000 ) ) ;
#1880 = VERTEX_POINT ( 'NONE', #5092 ) ;
#1881 = VECTOR ( 'NONE', #5490, 39.37007874015748854 ) ;
#1882 = CARTESIAN_POINT ( 'NONE',  ( 1.680909955929905664, 0.04000000000000000083, -0.5122265624999999822 ) ) ;
#1883 = EDGE_LOOP ( 'NONE', ( #5121, #5498, #5153, #4889 ) ) ;
#1884 = CARTESIAN_POINT ( 'NONE',  ( 2.079396284054905397, 0.04000000000000000083, -0.7362499999999999600 ) ) ;
#1885 = CARTESIAN_POINT ( 'NONE',  ( 1.734216351434068271, 0.000000000000000000, -0.4923811934883015606 ) ) ;
#1886 = CARTESIAN_POINT ( 'NONE',  ( 1.689011453713198829, 0.000000000000000000, -0.7157743846298709745 ) ) ;
#1887 = CARTESIAN_POINT ( 'NONE',  ( 2.057179487179905397, 0.04000000000000000083, -0.6925000000000000044 ) ) ;
#1888 = ORIENTED_EDGE ( 'NONE', *, *, #3266, .F. ) ;
#1889 = CARTESIAN_POINT ( 'NONE',  ( 0.8777482983523854365, 0.04000000000000000083, -0.4894554326371468034 ) ) ;
#1890 = DIRECTION ( 'NONE',  ( 0.000000000000000000, 1.000000000000000000, 0.000000000000000000 ) ) ;
#1891 = EDGE_CURVE ( 'NONE', #4974, #2900, #890, .T. ) ;
#1892 = CARTESIAN_POINT ( 'NONE',  ( 1.593726161428278054, 0.000000000000000000, -0.4896475354661984358 ) ) ;
#1893 = CARTESIAN_POINT ( 'NONE',  ( 1.810088710735638928, 0.04000000000000000083, -0.5446912955164561199 ) ) ;
#1894 = CARTESIAN_POINT ( 'NONE',  ( 1.979140499518346363, -0.000000000000000000, -0.6621100154890268152 ) ) ;
#1895 = CARTESIAN_POINT ( 'NONE',  ( 1.603529295976721780, 0.000000000000000000, -0.7307674476966626864 ) ) ;
#1896 = CARTESIAN_POINT ( 'NONE',  ( 1.979214530997315702, 0.04000000000000000083, -0.6543145289080800620 ) ) ;
#1897 = CARTESIAN_POINT ( 'NONE',  ( 1.673936597650692137, 0.04000000000000000083, -0.6998280544597671460 ) ) ;
#1898 = CARTESIAN_POINT ( 'NONE',  ( 1.987745893429905486, 0.000000000000000000, -0.6829296875000001599 ) ) ;
#1899 = LINE ( 'NONE', #363, #5529 ) ;
#1900 = ORIENTED_EDGE ( 'NONE', *, *, #5306, .F. ) ;
#1901 = ADVANCED_FACE ( 'NONE', ( #4969 ), #1631, .T. ) ;
#1902 = VECTOR ( 'NONE', #898, 39.37007874015748143 ) ;
#1903 = CARTESIAN_POINT ( 'NONE',  ( 1.409419473140379742, 0.04000000000000000083, -0.7361919806855357074 ) ) ;
#1904 = CARTESIAN_POINT ( 'NONE',  ( 1.715405917995800333, -0.000000000000000000, -0.6619560225051788205 ) ) ;
#1905 = CARTESIAN_POINT ( 'NONE',  ( 1.808186265675640669, 0.04000000000000000083, -0.7347176547495120058 ) ) ;
#1906 = CARTESIAN_POINT ( 'NONE',  ( 2.017677534054905575, 0.04000000000000000083, -0.5831250000000000044 ) ) ;
#1907 = CARTESIAN_POINT ( 'NONE',  ( 1.215543124153548371, 0.000000000000000000, -0.7358011333994024517 ) ) ;
#1908 = CARTESIAN_POINT ( 'NONE',  ( 1.225846635246174987, 0.000000000000000000, -0.4912065637766127035 ) ) ;
#1909 = ORIENTED_EDGE ( 'NONE', *, *, #1466, .F. ) ;
#1910 = CARTESIAN_POINT ( 'NONE',  ( 1.684434984871821639, 0.04000000000000000083, -0.5103719722821387084 ) ) ;
#1911 = ORIENTED_EDGE ( 'NONE', *, *, #3159, .T. ) ;
#1912 = CARTESIAN_POINT ( 'NONE',  ( 0.8478044871799053084, 0.000000000000000000, -0.5198437500000000488 ) ) ;
#1913 = CARTESIAN_POINT ( 'NONE',  ( 1.831973276787609795, 0.000000000000000000, -0.7261232052962024452 ) ) ;
#1914 = CARTESIAN_POINT ( 'NONE',  ( 1.678201197137761280, 0.000000000000000000, -0.7052509260326546014 ) ) ;
#1915 = CARTESIAN_POINT ( 'NONE',  ( 1.157911909054905708, 0.04000000000000000083, -0.6268749999999999600 ) ) ;
#1916 = ORIENTED_EDGE ( 'NONE', *, *, #2819, .F. ) ;
#1917 = EDGE_LOOP ( 'NONE', ( #4677, #974, #4371, #695 ) ) ;
#1918 = ORIENTED_EDGE ( 'NONE', *, *, #2400, .T. ) ;
#1919 = LINE ( 'NONE', #4422, #6244 ) ;
#1920 = CARTESIAN_POINT ( 'NONE',  ( 0.8591040579150183154, 0.04000000000000000083, -0.7378883234517279455 ) ) ;
#1921 = CARTESIAN_POINT ( 'NONE',  ( 1.609779303471527534, 0.000000000000000000, -0.5012731594545389857 ) ) ;
#1922 = EDGE_CURVE ( 'NONE', #5468, #3387, #2585, .T. ) ;
#1923 = VECTOR ( 'NONE', #3482, 39.37007874015748143 ) ;
#1924 = CARTESIAN_POINT ( 'NONE',  ( 1.107234395844689967, 0.04000000000000000083, -0.6579403409033011130 ) ) ;
#1925 = ADVANCED_FACE ( 'NONE', ( #3631 ), #4049, .T. ) ;
#1926 = CARTESIAN_POINT ( 'NONE',  ( 2.016798627804905486, 0.04000000000000000083, -0.7362499999999999600 ) ) ;
#1927 = ADVANCED_FACE ( 'NONE', ( #2545 ), #4892, .T. ) ;
#1928 = CARTESIAN_POINT ( 'NONE',  ( 1.613357473084141569, 0.04000000000000000083, -0.7108230314208824341 ) ) ;
#1929 = CARTESIAN_POINT ( 'NONE',  ( 1.982074592300107074, 0.000000000000000000, -0.6446385603825367516 ) ) ;
#1930 = DIRECTION ( 'NONE',  ( 0.000000000000000000, 1.000000000000000000, 0.000000000000000000 ) ) ;
#1931 = CARTESIAN_POINT ( 'NONE',  ( 2.015297436579219337, 0.04000000000000000083, -0.6920102964326760864 ) ) ;
#1932 = CARTESIAN_POINT ( 'NONE',  ( 0.4999999999999998335, 0.07000000000000000666, -0.3649999999999999911 ) ) ;
#1933 = ORIENTED_EDGE ( 'NONE', *, *, #2728, .F. ) ;
#1934 = B_SPLINE_CURVE_WITH_KNOTS ( 'NONE', 3,
 ( #2648, #3603, #4558, #1226, #5541, #1131, #1698 ),
 .UNSPECIFIED., .F., .F.,
 ( 4, 1, 1, 1, 4 ),
 ( 0.000000000000000000, 0.2943402270832192191, 0.5600815636156156740, 0.7933767436914694882, 1.000000000000000000 ),
 .UNSPECIFIED. ) ;
#1935 = DIRECTION ( 'NONE',  ( -0.000000000000000000, -1.000000000000000000, -0.000000000000000000 ) ) ;
#1936 = CARTESIAN_POINT ( 'NONE',  ( 2.106366485694179946, 0.04000000000000000083, -0.4975879760096892923 ) ) ;
#1937 = CARTESIAN_POINT ( 'NONE',  ( 1.131486889415794339, 0.000000000000000000, -0.6902494895767093963 ) ) ;
#1938 = CARTESIAN_POINT ( 'NONE',  ( 0.8981951121799053306, 0.000000000000000000, -0.7209667968749999822 ) ) ;
#1939 = CARTESIAN_POINT ( 'NONE',  ( 1.230989168791269073, 0.04000000000000000083, -0.7305022709825920169 ) ) ;
#1940 = CARTESIAN_POINT ( 'NONE',  ( 1.116791322972035649, 0.04000000000000000083, -0.6837113544980911728 ) ) ;
#1941 = VERTEX_POINT ( 'NONE', #2744 ) ;
#1942 = CARTESIAN_POINT ( 'NONE',  ( 1.375929487179905486, 0.04000000000000000083, -0.5195996093750000488 ) ) ;
#1943 = ORIENTED_EDGE ( 'NONE', *, *, #531, .F. ) ;
#1944 = CARTESIAN_POINT ( 'NONE',  ( 2.110245542610794445, 0.000000000000000000, -0.7215162773531212936 ) ) ;
#1945 = CARTESIAN_POINT ( 'NONE',  ( 2.079999999999999627, 0.3149999999999992251, -1.054999999999999938 ) ) ;
#1946 = AXIS2_PLACEMENT_3D ( 'NONE', #3408, #5407, #3439 ) ;
#1947 = DIRECTION ( 'NONE',  ( 1.000000000000000000, 0.000000000000000000, -0.000000000000000000 ) ) ;
#1948 = CARTESIAN_POINT ( 'NONE',  ( 1.088120555432553038, 0.04000000000000000083, -0.5942874467830964180 ) ) ;
#1949 = CARTESIAN_POINT ( 'NONE',  ( 0.7375783214138085242, 0.000000000000000000, -0.7350724542995681343 ) ) ;
#1950 = ORIENTED_EDGE ( 'NONE', *, *, #4468, .T. ) ;
#1951 = ORIENTED_EDGE ( 'NONE', *, *, #221, .T. ) ;
#1952 = DIRECTION ( 'NONE',  ( 0.000000000000000000, 0.000000000000000000, -1.000000000000000000 ) ) ;
#1953 = CARTESIAN_POINT ( 'NONE',  ( 0.8591040579150183154, 0.000000000000000000, -0.7378883234517279455 ) ) ;
#1954 = CARTESIAN_POINT ( 'NONE',  ( 1.606691871339055222, 0.000000000000000000, -0.4969210215378405127 ) ) ;
#1955 = CARTESIAN_POINT ( 'NONE',  ( 1.772498423178937799, 0.000000000000000000, -0.5331913355487007955 ) ) ;
#1956 = VECTOR ( 'NONE', #845, 39.37007874015748143 ) ;
#1957 = CARTESIAN_POINT ( 'NONE',  ( 0.8717019066464760657, 0.04000000000000000083, -0.7393013101592029734 ) ) ;
#1958 = VECTOR ( 'NONE', #421, 39.37007874015748143 ) ;
#1959 = DIRECTION ( 'NONE',  ( 0.1947149249117245684, 0.000000000000000000, -0.9808598768512357680 ) ) ;
#1960 = CARTESIAN_POINT ( 'NONE',  ( 1.609980016809673842, 0.000000000000000000, -0.7239907930556348514 ) ) ;
#1961 = CARTESIAN_POINT ( 'NONE',  ( 1.996278443486029897, 0.000000000000000000, -0.6319324330598173889 ) ) ;
#1962 = CARTESIAN_POINT ( 'NONE',  ( 1.563345906875897251, 0.04000000000000000083, -0.7362254443784330693 ) ) ;
#1963 = CARTESIAN_POINT ( 'NONE',  ( 1.732325644947370291, 0.04000000000000000083, -0.6832802168751842542 ) ) ;
#1964 = LINE ( 'NONE', #935, #4829 ) ;
#1965 = EDGE_LOOP ( 'NONE', ( #4503, #4810, #5877, #3850 ) ) ;
#1966 = CARTESIAN_POINT ( 'NONE',  ( 1.736104624238639760, 0.000000000000000000, -0.6862385073715552286 ) ) ;
#1967 = CARTESIAN_POINT ( 'NONE',  ( 1.525471009848470061, 0.000000000000000000, -0.5099781126022837618 ) ) ;
#1968 = FACE_OUTER_BOUND ( 'NONE', #1306, .T. ) ;
#1969 = CARTESIAN_POINT ( 'NONE',  ( 1.679451743075582426, -0.000000000000000000, -0.5130238392814815418 ) ) ;
#1970 = ORIENTED_EDGE ( 'NONE', *, *, #2771, .T. ) ;
#1971 = CARTESIAN_POINT ( 'NONE',  ( 0.8981951121799053306, 0.000000000000000000, -0.7209667968749999822 ) ) ;
#1972 = B_SPLINE_SURFACE_WITH_KNOTS ( 'NONE', 3, 1, ( 
 ( #3276, #1692 ),
 ( #1286, #5155 ),
 ( #2713, #1729 ),
 ( #3692, #2184 ),
 ( #4206, #1315 ),
 ( #5627, #4143 ),
 ( #1348, #6142 ),
 ( #3311, #1254 ),
 ( #3246, #3661 ),
 ( #2676, #4617 ),
 ( #233, #1760 ) ),
 .UNSPECIFIED., .F., .F., .F.,
 ( 4, 1, 1, 1, 1, 1, 1, 1, 4 ),
 ( 2, 2 ),
 ( 0.000000000000000000, 0.1402943894369882427, 0.2690238711738889288, 0.3898006988269686057, 0.5083482253201334622, 0.6259820118935320865, 0.7431690458776171182, 0.8666051232822475914, 1.000000000000000000 ),
 ( 0.000000000000000000, 1.000000000000000000 ),
 .UNSPECIFIED. ) ;
#1973 = ORIENTED_EDGE ( 'NONE', *, *, #4751, .T. ) ;
#1974 = CARTESIAN_POINT ( 'NONE',  ( 0.7070973242328877362, 0.04000000000000000083, -0.4938955433169965881 ) ) ;
#1975 = CARTESIAN_POINT ( 'NONE',  ( 0.9660967097892542155, 0.000000000000000000, -0.7347396469861320334 ) ) ;
#1976 = CARTESIAN_POINT ( 'NONE',  ( 1.135689165549412794, 0.000000000000000000, -0.6285930086686676299 ) ) ;
#1977 = CARTESIAN_POINT ( 'NONE',  ( 1.064187937789624838, 0.04000000000000000083, -0.6144818557087915467 ) ) ;
#1978 = CARTESIAN_POINT ( 'NONE',  ( 1.461404679769241488, 0.000000000000000000, -0.7145777509405611960 ) ) ;
#1979 = ORIENTED_EDGE ( 'NONE', *, *, #3075, .T. ) ;
#1980 = VERTEX_POINT ( 'NONE', #5123 ) ;
#1981 = ORIENTED_EDGE ( 'NONE', *, *, #905, .F. ) ;
#1982 = CARTESIAN_POINT ( 'NONE',  ( 0.8688808535651532106, -0.000000000000000000, -0.7393305100684861575 ) ) ;
#1983 = CARTESIAN_POINT ( 'NONE',  ( 0.2000000000000000111, 0.1400000000000000133, -0.6149999999999999911 ) ) ;
#1984 = LINE ( 'NONE', #6299, #3590 ) ;
#1985 = EDGE_CURVE ( 'NONE', #2850, #1546, #981, .T. ) ;
#1986 = CARTESIAN_POINT ( 'NONE',  ( 1.756973919283858043, 0.04000000000000000083, -0.6946510964328902471 ) ) ;
#1987 = CARTESIAN_POINT ( 'NONE',  ( 1.109194553361001923, 0.04000000000000000083, -0.6727046574171605675 ) ) ;
#1988 = CARTESIAN_POINT ( 'NONE',  ( 1.524806440304905530, 0.04000000000000000083, -0.7020214843750001155 ) ) ;
#1989 = CARTESIAN_POINT ( 'NONE',  ( 1.609980016809673842, 0.04000000000000000083, -0.7239907930556348514 ) ) ;
#1990 = CARTESIAN_POINT ( 'NONE',  ( 0.7332345392384469474, 0.04000000000000000083, -0.4895870481753199499 ) ) ;
#1991 = CARTESIAN_POINT ( 'NONE',  ( 1.404298627804905442, 0.000000000000000000, -0.4893750000000000044 ) ) ;
#1992 = CARTESIAN_POINT ( 'NONE',  ( 1.838282755252247602, 0.04000000000000000083, -0.6248297380482389363 ) ) ;
#1993 = CARTESIAN_POINT ( 'NONE',  ( 1.763880060268210315, 0.04000000000000000083, -0.6954613183098844464 ) ) ;
#1994 = CARTESIAN_POINT ( 'NONE',  ( 0.8777482983523854365, 0.000000000000000000, -0.4894554326371468034 ) ) ;
#1995 = ORIENTED_EDGE ( 'NONE', *, *, #5833, .F. ) ;
#1996 = CARTESIAN_POINT ( 'NONE',  ( 0.9540544871799059301, 0.04000000000000000083, -0.7072949218750000933 ) ) ;
#1997 = FILL_AREA_STYLE_COLOUR ( '', #2079 ) ;
#1998 = CARTESIAN_POINT ( 'NONE',  ( 1.783070922449353723, 0.000000000000000000, -0.4896599532753784789 ) ) ;
#1999 = CARTESIAN_POINT ( 'NONE',  ( 2.229999999999999538, 0.000000000000000000, -0.1250000000000000278 ) ) ;
#2000 = EDGE_CURVE ( 'NONE', #3405, #131, #3724, .T. ) ;
#2001 = ORIENTED_EDGE ( 'NONE', *, *, #6159, .F. ) ;
#2002 = EDGE_CURVE ( 'NONE', #3340, #534, #1731, .T. ) ;
#2003 = CARTESIAN_POINT ( 'NONE',  ( 0.8702165965549053528, 0.000000000000000000, -0.7393750000000000044 ) ) ;
#2004 = ORIENTED_EDGE ( 'NONE', *, *, #2618, .T. ) ;
#2005 = CARTESIAN_POINT ( 'NONE',  ( 1.459586459303022332, 0.04000000000000000083, -0.5254169721375746560 ) ) ;
#2006 = DIRECTION ( 'NONE',  ( -0.000000000000000000, -1.000000000000000000, -0.000000000000000000 ) ) ;
#2007 = CARTESIAN_POINT ( 'NONE',  ( 0.8591856055488283905, 0.000000000000000000, -0.4938918121870692901 ) ) ;
#2008 = CARTESIAN_POINT ( 'NONE',  ( 1.050929487179905752, 0.04000000000000000083, -0.6608593750000000266 ) ) ;
#2009 = CARTESIAN_POINT ( 'NONE',  ( 0.7070973242328877362, 0.000000000000000000, -0.4938955433169965881 ) ) ;
#2010 = ORIENTED_EDGE ( 'NONE', *, *, #2410, .T. ) ;
#2011 = VECTOR ( 'NONE', #2527, 39.37007874015748143 ) ;
#2012 = ADVANCED_FACE ( 'NONE', ( #3214 ), #1972, .T. ) ;
#2013 = ORIENTED_EDGE ( 'NONE', *, *, #2086, .T. ) ;
#2014 = EDGE_LOOP ( 'NONE', ( #3800, #3621, #5818, #4576 ) ) ;
#2015 = EDGE_CURVE ( 'NONE', #3255, #397, #2671, .T. ) ;
#2016 = CARTESIAN_POINT ( 'NONE',  ( 2.112337753909511839, 0.04000000000000000083, -0.7152455378057739344 ) ) ;
#2017 = EDGE_CURVE ( 'NONE', #728, #1596, #2313, .T. ) ;
#2018 = CARTESIAN_POINT ( 'NONE',  ( 1.773752465236892117, -0.000000000000000000, -0.6955825106874353736 ) ) ;
#2019 = PLANE ( 'NONE',  #4104 ) ;
#2020 = CARTESIAN_POINT ( 'NONE',  ( 1.560515363671391986, 0.000000000000000000, -0.5132625730204321002 ) ) ;
#2021 = CARTESIAN_POINT ( 'NONE',  ( 1.107265499518347074, 0.04000000000000000083, -0.6621100154890268152 ) ) ;
#2022 = CARTESIAN_POINT ( 'NONE',  ( 0.7108323930433019244, 0.000000000000000000, -0.7375787142954144393 ) ) ;
#2023 = CARTESIAN_POINT ( 'NONE',  ( 1.587301957338526304, 0.000000000000000000, -0.7360433113835537222 ) ) ;
#2024 = CARTESIAN_POINT ( 'NONE',  ( 1.453839067587300748, 0.04000000000000000083, -0.7296764973674428889 ) ) ;
#2025 = VECTOR ( 'NONE', #1821, 39.37007874015748143 ) ;
#2026 = CARTESIAN_POINT ( 'NONE',  ( 1.097832163975086095, 0.000000000000000000, -0.7308371393224524226 ) ) ;
#2027 = DIRECTION ( 'NONE',  ( 0.000000000000000000, 0.000000000000000000, -1.000000000000000000 ) ) ;
#2028 = B_SPLINE_CURVE_WITH_KNOTS ( 'NONE', 3,
 ( #2869, #1982, #545, #6297, #4389, #3883, #3467, #4811, #5821, #1438, #2507, #956, #478 ),
 .UNSPECIFIED., .F., .F.,
 ( 4, 1, 1, 1, 1, 1, 1, 1, 1, 1, 4 ),
 ( 0.000000000000000000, 0.07535272531117850892, 0.1457101459564908996, 0.2120494024962112922, 0.2759698615500869590, 0.3943682188678130363, 0.5031898768367717434, 0.6106090348338225615, 0.7233993654665143991, 0.8507550168245121558, 1.000000000000000000 ),
 .UNSPECIFIED. ) ;
#2029 = CARTESIAN_POINT ( 'NONE',  ( 1.892691377180733658, 0.000000000000000000, -0.5872266457023426200 ) ) ;
#2030 = CARTESIAN_POINT ( 'NONE',  ( 1.923038031618342192, 0.04000000000000000083, -0.6519758408726168408 ) ) ;
#2031 = EDGE_LOOP ( 'NONE', ( #544, #4352, #648, #5703 ) ) ;
#2032 = B_SPLINE_SURFACE_WITH_KNOTS ( 'NONE', 3, 1, ( 
 ( #6102, #5559 ),
 ( #1721, #3237 ),
 ( #3623, #6072 ),
 ( #315, #4676 ),
 ( #3176, #5117 ),
 ( #2707, #666 ),
 ( #3269, #4707 ),
 ( #4643, #3686 ),
 ( #3748, #1307 ),
 ( #4229, #5622 ),
 ( #1247, #3207 ),
 ( #4196, #2738 ),
 ( #6135, #1752 ),
 ( #6166, #5653 ),
 ( #5179, #2635 ),
 ( #916, #5781 ),
 ( #2894, #6319 ) ),
 .UNSPECIFIED., .F., .F., .F.,
 ( 4, 1, 1, 1, 1, 1, 1, 1, 1, 1, 1, 1, 1, 1, 4 ),
 ( 2, 2 ),
 ( 0.000000000000000000, 0.07069536468307452415, 0.1363493445435630391, 0.1987594013957700301, 0.2588602169264461184, 0.3171901101198943418, 0.3731041825817999480, 0.4280200805415859677, 0.4827573213892193960, 0.5927463869171771815, 0.7055645666115499814, 0.7666872951880470133, 0.8368385738096285609, 0.9142487221832366062, 1.000000000000000000 ),
 ( 0.000000000000000000, 1.000000000000000000 ),
 .UNSPECIFIED. ) ;
#2033 = CARTESIAN_POINT ( 'NONE',  ( 1.757303321649497541, 0.04000000000000000083, -0.4895486222519863095 ) ) ;
#2034 = DIRECTION ( 'NONE',  ( -0.1947149249117245962, 0.000000000000000000, 0.9808598768512357680 ) ) ;
#2035 = CARTESIAN_POINT ( 'NONE',  ( 2.094430632894472399, 0.04000000000000000083, -0.7344148740484145454 ) ) ;
#2036 = B_SPLINE_SURFACE_WITH_KNOTS ( 'NONE', 3, 1, ( 
 ( #3633, #380 ),
 ( #888, #1159 ),
 ( #3819, #4554 ),
 ( #2120, #2310 ),
 ( #675, #2644 ),
 ( #5566, #6232 ),
 ( #4587, #6201 ),
 ( #4111, #201 ),
 ( #1375, #1788 ),
 ( #3152, #705 ),
 ( #5095, #1822 ),
 ( #2346, #4296 ),
 ( #1311, #2679 ),
 ( #1857, #5212 ),
 ( #2804, #3339 ),
 ( #235, #2154 ),
 ( #3784, #1342 ),
 ( #1634, #5723 ),
 ( #6052, #3307 ) ),
 .UNSPECIFIED., .F., .F., .F.,
 ( 4, 1, 1, 1, 1, 1, 1, 1, 1, 1, 1, 1, 1, 1, 1, 1, 4 ),
 ( 2, 2 ),
 ( 0.000000000000000000, 0.09403118419943332085, 0.1833433453235890631, 0.2684563974261002794, 0.3500721697809880961, 0.4272362797519792532, 0.4992283581201434339, 0.5662326547883448358, 0.6289847331196514180, 0.6876689143158525308, 0.7431519811438742629, 0.7948100883308165665, 0.8441840176181645283, 0.8896842298769512825, 0.9307774820599377108, 0.9669399739666799665, 1.000000000000000000 ),
 ( 0.000000000000000000, 1.000000000000000000 ),
 .UNSPECIFIED. ) ;
#2037 = CARTESIAN_POINT ( 'NONE',  ( 0.9858525161510304224, 0.000000000000000000, -0.7392728819672014229 ) ) ;
#2038 = ORIENTED_EDGE ( 'NONE', *, *, #5574, .T. ) ;
#2039 = CARTESIAN_POINT ( 'NONE',  ( 0.9617045812454951825, 0.04000000000000000083, -0.4979291817477100590 ) ) ;
#2040 = ORIENTED_EDGE ( 'NONE', *, *, #2392, .T. ) ;
#2041 = CARTESIAN_POINT ( 'NONE',  ( 1.426857221554905575, 0.04000000000000000083, -0.7362499999999999600 ) ) ;
#2042 = CARTESIAN_POINT ( 'NONE',  ( 0.9557711501985686198, 0.000000000000000000, -0.7205359440606082799 ) ) ;
#2043 = CARTESIAN_POINT ( 'NONE',  ( 1.429054487179905575, 0.000000000000000000, -0.6799999999999999378 ) ) ;
#2044 = CARTESIAN_POINT ( 'NONE',  ( 1.052239692446510944, 0.000000000000000000, -0.6434199382235037401 ) ) ;
#2045 = CARTESIAN_POINT ( 'NONE',  ( 1.443618306362833170, 0.000000000000000000, -0.7348318188605668100 ) ) ;
#2046 = EDGE_CURVE ( 'NONE', #5205, #4058, #4225, .T. ) ;
#2047 = ORIENTED_EDGE ( 'NONE', *, *, #2327, .F. ) ;
#2048 = EDGE_CURVE ( 'NONE', #5683, #5403, #2, .T. ) ;
#2049 = ORIENTED_EDGE ( 'NONE', *, *, #4087, .F. ) ;
#2050 = ORIENTED_EDGE ( 'NONE', *, *, #4844, .F. ) ;
#2051 = CARTESIAN_POINT ( 'NONE',  ( 2.110245542610794445, 0.04000000000000000083, -0.7215162773531212936 ) ) ;
#2052 = VECTOR ( 'NONE', #4289, 39.37007874015748143 ) ;
#2053 = CARTESIAN_POINT ( 'NONE',  ( 1.465415459423557554, 0.000000000000000000, -0.5068682642342801081 ) ) ;
#2054 = CARTESIAN_POINT ( 'NONE',  ( 1.142579538516513615, 0.000000000000000000, -0.7362508006461742083 ) ) ;
#2055 = EDGE_CURVE ( 'NONE', #2342, #4512, #5888, .T. ) ;
#2056 = CARTESIAN_POINT ( 'NONE',  ( 1.768716956861621004, 0.04000000000000000083, -0.6955688596395961376 ) ) ;
#2057 = ORIENTED_EDGE ( 'NONE', *, *, #2966, .F. ) ;
#2058 = CARTESIAN_POINT ( 'NONE',  ( 2.084594781241063899, -0.000000000000000000, -0.4894709107017726213 ) ) ;
#2059 = CARTESIAN_POINT ( 'NONE',  ( 2.057179487179905397, 0.04000000000000000083, -0.5209667968750000266 ) ) ;
#2060 = CARTESIAN_POINT ( 'NONE',  ( 0.1250000000000000000, 0.000000000000000000, -3.414809992080329023E-17 ) ) ;
#2061 = CARTESIAN_POINT ( 'NONE',  ( 1.535891689266108084, 0.04000000000000000083, -0.7290154587386727947 ) ) ;
#2062 = CARTESIAN_POINT ( 'NONE',  ( 0.7478044871799053306, 0.04000000000000000083, -0.7087109374999999156 ) ) ;
#2063 = DIRECTION ( 'NONE',  ( 0.000000000000000000, -1.000000000000000000, 0.000000000000000000 ) ) ;
#2064 = VERTEX_POINT ( 'NONE', #4331 ) ;
#2065 = VECTOR ( 'NONE', #5393, 39.37007874015748143 ) ;
#2066 = ORIENTED_EDGE ( 'NONE', *, *, #4394, .F. ) ;
#2067 = CARTESIAN_POINT ( 'NONE',  ( 0.9839861278049059079, 0.04000000000000000083, -0.7393750000000001155 ) ) ;
#2068 = LINE ( 'NONE', #3128, #4102 ) ;
#2069 = FACE_OUTER_BOUND ( 'NONE', #4227, .T. ) ;
#2070 = CARTESIAN_POINT ( 'NONE',  ( 1.010240318423201833, 0.000000000000000000, -0.7097608649968422112 ) ) ;
#2071 = LINE ( 'NONE', #2559, #5008 ) ;
#2072 = EDGE_LOOP ( 'NONE', ( #606, #5426, #1702, #4485 ) ) ;
#2073 = CARTESIAN_POINT ( 'NONE',  ( 1.478404088627531143, 0.04000000000000000083, -0.4930660046446770362 ) ) ;
#2074 = CARTESIAN_POINT ( 'NONE',  ( 0.9817290272152714437, 0.04000000000000000083, -0.7392844530789838275 ) ) ;
#2075 = DIRECTION ( 'NONE',  ( 0.000000000000000000, 0.000000000000000000, 1.000000000000000000 ) ) ;
#2076 = CARTESIAN_POINT ( 'NONE',  ( 1.060044030121990666, 0.04000000000000000083, -0.6209116725288940097 ) ) ;
#2077 = CARTESIAN_POINT ( 'NONE',  ( 1.922865762372156340, 0.000000000000000000, -0.6636299963044934858 ) ) ;
#2078 = ORIENTED_EDGE ( 'NONE', *, *, #4942, .T. ) ;
#2079 = COLOUR_RGB ( '',0.7921568627450980005, 0.8196078431372548767, 0.9333333333333333481 ) ;
#2080 = ORIENTED_EDGE ( 'NONE', *, *, #14, .T. ) ;
#2081 = ORIENTED_EDGE ( 'NONE', *, *, #2771, .F. ) ;
#2082 = CARTESIAN_POINT ( 'NONE',  ( 2.108803341666530162, 0.04000000000000000083, -0.7242062594868183822 ) ) ;
#2083 = CARTESIAN_POINT ( 'NONE',  ( 1.561903426995251865, 0.04000000000000000083, -0.5073008020406500895 ) ) ;
#2084 = LINE ( 'NONE', #2672, #3485 ) ;
#2085 = CARTESIAN_POINT ( 'NONE',  ( 1.010241499067669357, 0.04000000000000000083, -0.5191350500798622702 ) ) ;
#2086 = EDGE_CURVE ( 'NONE', #1494, #542, #1201, .T. ) ;
#2087 = EDGE_LOOP ( 'NONE', ( #490, #55, #2279, #2837 ) ) ;
#2088 = CARTESIAN_POINT ( 'NONE',  ( 1.680909955929905664, 0.04000000000000000083, -0.5122265624999999822 ) ) ;
#2089 = CARTESIAN_POINT ( 'NONE',  ( 1.107179487179905886, 0.000000000000000000, -0.6598339843750001821 ) ) ;
#2090 = VECTOR ( 'NONE', #6005, 39.37007874015748143 ) ;
#2091 = CARTESIAN_POINT ( 'NONE',  ( 1.059288929458669370, 0.000000000000000000, -0.6989466174180837266 ) ) ;
#2092 = CARTESIAN_POINT ( 'NONE',  ( 1.542791287405409717, 0.000000000000000000, -0.7332006196461090530 ) ) ;
#2093 = CARTESIAN_POINT ( 'NONE',  ( 1.946531226345996179, 0.04000000000000000083, -0.6032118762582030502 ) ) ;
#2094 = VERTEX_POINT ( 'NONE', #3342 ) ;
#2095 = ORIENTED_EDGE ( 'NONE', *, *, #6242, .F. ) ;
#2096 = CARTESIAN_POINT ( 'NONE',  ( 1.157911909054905708, 0.000000000000000000, -0.6925000000000000044 ) ) ;
#2097 = CARTESIAN_POINT ( 'NONE',  ( 0.8981951121799053306, 0.04000000000000000083, -0.7209667968749999822 ) ) ;
#2098 = CARTESIAN_POINT ( 'NONE',  ( 1.699237136485957089, 0.000000000000000000, -0.6503816025927658950 ) ) ;
#2099 = ADVANCED_FACE ( 'NONE', ( #4390 ), #1057, .T. ) ;
#2100 = LINE ( 'NONE', #6002, #1194 ) ;
#2101 = B_SPLINE_CURVE_WITH_KNOTS ( 'NONE', 3,
 ( #1330, #2916, #5299, #4250, #5267, #367, #6217, #4855, #2426, #908, #4797 ),
 .UNSPECIFIED., .F., .F.,
 ( 4, 1, 1, 1, 1, 1, 1, 1, 4 ),
 ( 0.000000000000000000, 0.1569433403011132877, 0.3052641691385795109, 0.4438862275305977545, 0.5729504529666065160, 0.6925868846920718580, 0.8040351933094564973, 0.9064180598495789054, 0.9999999999999998890 ),
 .UNSPECIFIED. ) ;
#2102 = CARTESIAN_POINT ( 'NONE',  ( 1.387152977514224839, 0.000000000000000000, -0.4938059999865766492 ) ) ;
#2103 = CARTESIAN_POINT ( 'NONE',  ( 2.104999999999999982, 0.1400000000000000133, -1.104999999999999982 ) ) ;
#2104 = DIRECTION ( 'NONE',  ( 0.000000000000000000, 0.000000000000000000, -1.000000000000000000 ) ) ;
#2105 = CARTESIAN_POINT ( 'NONE',  ( 1.054059603288675318, 0.04000000000000000083, -0.6353857216656665363 ) ) ;
#2106 = CARTESIAN_POINT ( 'NONE',  ( 1.376515128654870690, 0.000000000000000000, -0.7142347700367687180 ) ) ;
#2107 = ORIENTED_EDGE ( 'NONE', *, *, #3772, .T. ) ;
#2108 = EDGE_LOOP ( 'NONE', ( #2439, #3561, #4694, #2895 ) ) ;
#2109 = ORIENTED_EDGE ( 'NONE', *, *, #3425, .T. ) ;
#2110 = PLANE ( 'NONE',  #732 ) ;
#2111 = VECTOR ( 'NONE', #4524, 39.37007874015748143 ) ;
#2112 = CARTESIAN_POINT ( 'NONE',  ( 1.560304487179905664, 0.04000000000000000083, -0.5196484375000000044 ) ) ;
#2113 = CARTESIAN_POINT ( 'NONE',  ( 0.7127769309459734970, 0.04000000000000000083, -0.4912586770440596773 ) ) ;
#2114 = EDGE_CURVE ( 'NONE', #1053, #3011, #5167, .T. ) ;
#2115 = VECTOR ( 'NONE', #5149, 39.37007874015748143 ) ;
#2116 = ORIENTED_EDGE ( 'NONE', *, *, #4323, .T. ) ;
#2117 = CARTESIAN_POINT ( 'NONE',  ( 1.657179487179905708, 0.04000000000000000083, -0.5469433593750000488 ) ) ;
#2118 = CARTESIAN_POINT ( 'NONE',  ( 1.114519734441949961, -0.000000000000000000, -0.6814065122916800332 ) ) ;
#2119 = CARTESIAN_POINT ( 'NONE',  ( 1.658177123033379718, 0.04000000000000000083, -0.5356634234653790960 ) ) ;
#2120 = CARTESIAN_POINT ( 'NONE',  ( 1.742937513423403750, 0.04000000000000000083, -0.7378313643018082901 ) ) ;
#2121 = CARTESIAN_POINT ( 'NONE',  ( 0.8972963424864434101, 0.000000000000000000, -0.5017395451863837508 ) ) ;
#2122 = EDGE_CURVE ( 'NONE', #3530, #5066, #989, .T. ) ;
#2123 = EDGE_LOOP ( 'NONE', ( #2756, #1763, #3727, #3786 ) ) ;
#2124 = CARTESIAN_POINT ( 'NONE',  ( 1.429054487179905575, 0.000000000000000000, -0.5196484375000000044 ) ) ;
#2125 = EDGE_LOOP ( 'NONE', ( #2307, #2619, #3481, #709 ) ) ;
#2126 = DIRECTION ( 'NONE',  ( 1.000000000000000000, -0.000000000000000000, -0.000000000000000000 ) ) ;
#2127 = CARTESIAN_POINT ( 'NONE',  ( 0.8981951121799053306, 0.04000000000000000083, -0.7209667968749999822 ) ) ;
#2128 = VECTOR ( 'NONE', #3462, 39.37007874015748143 ) ;
#2129 = DIRECTION ( 'NONE',  ( -0.5126370364104440025, 0.000000000000000000, 0.8586054209590789910 ) ) ;
#2130 = CARTESIAN_POINT ( 'NONE',  ( 1.003152008026783282, 0.04000000000000000083, -0.7312250803505266905 ) ) ;
#2131 = EDGE_CURVE ( 'NONE', #2326, #5983, #4559, .T. ) ;
#2132 = CIRCLE ( 'NONE', #196, 0.1250000000000000000 ) ;
#2133 = DIRECTION ( 'NONE',  ( 0.9736741784971010283, -0.000000000000000000, 0.2279442785594660015 ) ) ;
#2134 = CARTESIAN_POINT ( 'NONE',  ( 2.079999999999999627, 0.3149999999999992251, -0.1750000000000000444 ) ) ;
#2135 = EDGE_CURVE ( 'NONE', #5304, #5114, #4870, .T. ) ;
#2136 = CARTESIAN_POINT ( 'NONE',  ( 0.8480777341973135819, 0.04000000000000000083, -0.5134606427243957327 ) ) ;
#2137 = CARTESIAN_POINT ( 'NONE',  ( 1.928086293975099341, 0.000000000000000000, -0.6920564396778251526 ) ) ;
#2138 = CARTESIAN_POINT ( 'NONE',  ( 1.939531165635440590, 0.04000000000000000083, -0.7112607086607197759 ) ) ;
#2139 = VERTEX_POINT ( 'NONE', #546 ) ;
#2140 = PLANE ( 'NONE',  #1138 ) ;
#2141 = AXIS2_PLACEMENT_3D ( 'NONE', #6041, #1054, #3029 ) ;
#2142 = EDGE_LOOP ( 'NONE', ( #4708, #1624, #5195, #4544 ) ) ;
#2143 = VERTEX_POINT ( 'NONE', #2508 ) ;
#2144 = CARTESIAN_POINT ( 'NONE',  ( 1.429054487179905575, 0.04000000000000000083, -0.5196484375000000044 ) ) ;
#2145 = DIRECTION ( 'NONE',  ( 0.000000000000000000, 0.000000000000000000, -1.000000000000000000 ) ) ;
#2146 = B_SPLINE_CURVE_WITH_KNOTS ( 'NONE', 3,
 ( #5033, #1030, #3957, #2614, #3008, #2516, #10, #3924, #5897, #2975, #523, #3478, #5062, #5279, #3598 ),
 .UNSPECIFIED., .F., .F.,
 ( 4, 1, 1, 1, 1, 1, 1, 1, 1, 1, 1, 1, 4 ),
 ( 0.000000000000000000, 0.1456817349758525171, 0.2786834729361730156, 0.4002203989206651880, 0.5136386216531620974, 0.5683753864952296730, 0.6227437561373749819, 0.6785936170311778204, 0.7350696838698020930, 0.7955826855105287976, 0.8584107594692896859, 0.9267421627647466353, 0.9999999999999998890 ),
 .UNSPECIFIED. ) ;
#2147 = CARTESIAN_POINT ( 'NONE',  ( 0.000000000000000000, 0.1400000000000000133, -0.1250000000000000278 ) ) ;
#2148 = PLANE ( 'NONE',  #3668 ) ;
#2149 = ORIENTED_EDGE ( 'NONE', *, *, #3735, .T. ) ;
#2150 = CARTESIAN_POINT ( 'NONE',  ( 1.659002355286515629, 0.04000000000000000083, -0.5325534197047187002 ) ) ;
#2151 = CARTESIAN_POINT ( 'NONE',  ( 1.429038886757755478, 0.04000000000000000083, -0.7362073259274009018 ) ) ;
#2152 = CARTESIAN_POINT ( 'NONE',  ( 0.2000000000000000111, 0.1400000000000000133, -0.6149999999999999911 ) ) ;
#2153 = CIRCLE ( 'NONE', #2890, 0.06249999999999995143 ) ;
#2154 = CARTESIAN_POINT ( 'NONE',  ( 1.665900850217559626, 0.000000000000000000, -0.6839488409616876208 ) ) ;
#2155 = CARTESIAN_POINT ( 'NONE',  ( 1.658308644130744192, 0.000000000000000000, -0.6027245569226415967 ) ) ;
#2156 = CARTESIAN_POINT ( 'NONE',  ( 1.438803373186489321, 0.000000000000000000, -0.7356877575278358838 ) ) ;
#2157 = ORIENTED_EDGE ( 'NONE', *, *, #1227, .F. ) ;
#2158 = DIRECTION ( 'NONE',  ( 0.000000000000000000, 0.000000000000000000, -1.000000000000000000 ) ) ;
#2159 = EDGE_LOOP ( 'NONE', ( #2454, #2882, #176, #223 ) ) ;
#2160 = PLANE ( 'NONE',  #2233 ) ;
#2161 = DIRECTION ( 'NONE',  ( -0.000000000000000000, -1.000000000000000000, -0.000000000000000000 ) ) ;
#2162 = ADVANCED_FACE ( 'NONE', ( #667 ), #1002, .T. ) ;
#2163 = CARTESIAN_POINT ( 'NONE',  ( 1.820506218596455339, 0.000000000000000000, -0.7309932627730580945 ) ) ;
#2164 = VECTOR ( 'NONE', #3416, 39.37007874015748143 ) ;
#2165 = CARTESIAN_POINT ( 'NONE',  ( 1.459586459303022332, 0.000000000000000000, -0.5254169721375746560 ) ) ;
#2166 = VECTOR ( 'NONE', #5790, 39.37007874015748143 ) ;
#2167 = CARTESIAN_POINT ( 'NONE',  ( 1.831433209737319601, 0.04000000000000000083, -0.5723111445099197114 ) ) ;
#2168 = FACE_OUTER_BOUND ( 'NONE', #1883, .T. ) ;
#2169 = LINE ( 'NONE', #6126, #5657 ) ;
#2170 = CARTESIAN_POINT ( 'NONE',  ( 1.785719756999780028, 0.04000000000000000083, -0.6944622703488225746 ) ) ;
#2171 = CARTESIAN_POINT ( 'NONE',  ( 1.052239692446510944, 0.04000000000000000083, -0.6434199382235037401 ) ) ;
#2172 = CARTESIAN_POINT ( 'NONE',  ( 1.964515483710597588, 0.000000000000000000, -0.7291341438346857773 ) ) ;
#2173 = CARTESIAN_POINT ( 'NONE',  ( 1.118735854456255119, 0.04000000000000000083, -0.6853627314024504091 ) ) ;
#2174 = B_SPLINE_CURVE_WITH_KNOTS ( 'NONE', 3,
 ( #122, #2529, #565, #535, #5876, #56, #5908, #1519, #712, #1042, #5487, #3936, #5427, #1109, #5011 ),
 .UNSPECIFIED., .F., .F.,
 ( 4, 1, 1, 1, 1, 1, 1, 1, 1, 1, 1, 1, 4 ),
 ( 0.000000000000000000, 0.08979271063555817334, 0.1753942178141328634, 0.2588056349961301850, 0.3398127966891512086, 0.4200621604101829609, 0.4991223246882410258, 0.5788384868517739701, 0.6591082875927595230, 0.7411182879485643804, 0.8251094400327123601, 0.9110392593857606913, 1.000000000000000000 ),
 .UNSPECIFIED. ) ;
#2175 = VERTEX_POINT ( 'NONE', #1152 ) ;
#2176 = VERTEX_POINT ( 'NONE', #3114 ) ;
#2177 = CARTESIAN_POINT ( 'NONE',  ( 2.100316344785508438, 0.04000000000000000083, -0.7320200826854215137 ) ) ;
#2178 = CARTESIAN_POINT ( 'NONE',  ( 1.979054487179905397, 0.04000000000000000083, -0.6598339843749999600 ) ) ;
#2179 = CARTESIAN_POINT ( 'NONE',  ( 1.946531226345996179, 0.000000000000000000, -0.6032118762582030502 ) ) ;
#2180 = B_SPLINE_SURFACE_WITH_KNOTS ( 'NONE', 3, 1, ( 
 ( #1295, #2261 ),
 ( #3163, #5573 ),
 ( #3194, #2722 ),
 ( #6058, #717 ),
 ( #243, #1705 ),
 ( #1266, #2784 ),
 ( #4216, #4726 ),
 ( #1799, #6122 ),
 ( #1739, #3703 ),
 ( #334, #2199 ),
 ( #5640, #1772 ),
 ( #5194, #3736 ),
 ( #837, #5668 ),
 ( #3674, #2163 ),
 ( #4153, #2292 ),
 ( #5701, #1325 ),
 ( #5228, #2820 ),
 ( #212, #4119 ),
 ( #5326, #1417 ) ),
 .UNSPECIFIED., .F., .F., .F.,
 ( 4, 1, 1, 1, 1, 1, 1, 1, 1, 1, 1, 1, 1, 1, 1, 1, 4 ),
 ( 2, 2 ),
 ( 0.000000000000000000, 0.06807904218953644837, 0.1334568085468225696, 0.1970431859788141504, 0.2589951028646220732, 0.3192107792938391753, 0.3780683211263616839, 0.4358361098827949753, 0.4933934818721130711, 0.5511703361136249812, 0.6091929274594467536, 0.6688946999614665545, 0.7301869901136294194, 0.7935211943086338815, 0.8593314533622711249, 0.9278229601315397534, 1.000000000000000000 ),
 ( 0.000000000000000000, 1.000000000000000000 ),
 .UNSPECIFIED. ) ;
#2181 = CARTESIAN_POINT ( 'NONE',  ( 0.6946794871799053528, 0.000000000000000000, -0.5235546875000000044 ) ) ;
#2182 = VERTEX_POINT ( 'NONE', #2147 ) ;
#2183 = CARTESIAN_POINT ( 'NONE',  ( 2.079999999999999627, 0.1400000000000000133, -1.054999999999999938 ) ) ;
#2184 = CARTESIAN_POINT ( 'NONE',  ( 1.187103316266320263, 0.000000000000000000, -0.5080936862799417808 ) ) ;
#2185 = EDGE_CURVE ( 'NONE', #5312, #771, #6149, .T. ) ;
#2186 = CARTESIAN_POINT ( 'NONE',  ( 1.661816482012886009, 0.04000000000000000083, -0.5269625847838745880 ) ) ;
#2187 = EDGE_CURVE ( 'NONE', #6170, #1601, #3423, .T. ) ;
#2188 = CARTESIAN_POINT ( 'NONE',  ( 0.7475625992338678083, 0.000000000000000000, -0.7154831098358276353 ) ) ;
#2189 = CARTESIAN_POINT ( 'NONE',  ( 0.000000000000000000, 0.000000000000000000, 0.000000000000000000 ) ) ;
#2190 = CARTESIAN_POINT ( 'NONE',  ( 1.461404679769241488, 0.000000000000000000, -0.7145777509405611960 ) ) ;
#2191 = ORIENTED_EDGE ( 'NONE', *, *, #4320, .T. ) ;
#2192 = CARTESIAN_POINT ( 'NONE',  ( 1.680909955929905664, 0.000000000000000000, -0.5122265624999999822 ) ) ;
#2193 = B_SPLINE_SURFACE_WITH_KNOTS ( 'NONE', 3, 1, ( 
 ( #638, #2181 ),
 ( #195, #1567 ),
 ( #3534, #3089 ),
 ( #3059, #1182 ),
 ( #4964, #1660 ),
 ( #136, #3031 ),
 ( #4548, #3499 ),
 ( #2113, #4614 ),
 ( #4074, #5986 ),
 ( #4489, #1627 ),
 ( #103, #3592 ) ),
 .UNSPECIFIED., .F., .F., .F.,
 ( 4, 1, 1, 1, 1, 1, 1, 1, 4 ),
 ( 2, 2 ),
 ( 0.000000000000000000, 0.1495992834452412878, 0.2819353318743840764, 0.4014919506173720287, 0.5122141042476819894, 0.6214475079150043602, 0.7346574448313997197, 0.8594258060854099712, 0.9999999999999998890 ),
 ( 0.000000000000000000, 1.000000000000000000 ),
 .UNSPECIFIED. ) ;
#2194 = EDGE_CURVE ( 'NONE', #2215, #123, #5087, .T. ) ;
#2195 = CARTESIAN_POINT ( 'NONE',  ( 0.6964325878483179633, 0.04000000000000000083, -0.5087791208421069689 ) ) ;
#2196 = VERTEX_POINT ( 'NONE', #6105 ) ;
#2197 = CARTESIAN_POINT ( 'NONE',  ( 1.215543124153548371, 0.000000000000000000, -0.7358011333994024517 ) ) ;
#2198 = CARTESIAN_POINT ( 'NONE',  ( 1.747791684523105182, 0.04000000000000000083, -0.5800446072327218872 ) ) ;
#2199 = CARTESIAN_POINT ( 'NONE',  ( 1.861136782071959317, 0.000000000000000000, -0.7058083210826882059 ) ) ;
#2200 = CARTESIAN_POINT ( 'NONE',  ( 1.991676729226425469, 0.000000000000000000, -0.6343080054560629177 ) ) ;
#2201 = CARTESIAN_POINT ( 'NONE',  ( 1.745460737179905575, 0.000000000000000000, -0.5799999999999999600 ) ) ;
#2202 = CARTESIAN_POINT ( 'NONE',  ( 1.783070922449353723, 0.04000000000000000083, -0.4896599532753784789 ) ) ;
#2203 = EDGE_CURVE ( 'NONE', #2424, #4741, #3177, .T. ) ;
#2204 = LINE ( 'NONE', #812, #4040 ) ;
#2205 = CARTESIAN_POINT ( 'NONE',  ( 1.830860046329600088, 0.000000000000000000, -0.6573772749885622435 ) ) ;
#2206 = CARTESIAN_POINT ( 'NONE',  ( 2.057179487179905397, 0.04000000000000000083, -0.6925000000000000044 ) ) ;
#2207 = CARTESIAN_POINT ( 'NONE',  ( 1.375929487179905486, 0.000000000000000000, -0.7068066406249999822 ) ) ;
#2208 = EDGE_CURVE ( 'NONE', #5312, #2850, #5181, .T. ) ;
#2209 = CARTESIAN_POINT ( 'NONE',  ( 1.997065884624477983, 0.000000000000000000, -0.7356584067465468113 ) ) ;
#2210 = EDGE_CURVE ( 'NONE', #2064, #3355, #3750, .T. ) ;
#2211 = ORIENTED_EDGE ( 'NONE', *, *, #1516, .F. ) ;
#2212 = ORIENTED_EDGE ( 'NONE', *, *, #751, .F. ) ;
#2213 = CARTESIAN_POINT ( 'NONE',  ( 1.776485828945926215, 0.04000000000000000083, -0.6031878490030767592 ) ) ;
#2214 = CARTESIAN_POINT ( 'NONE',  ( 1.979214530997315702, 0.04000000000000000083, -0.6543145289080800620 ) ) ;
#2215 = VERTEX_POINT ( 'NONE', #4742 ) ;
#2216 = CARTESIAN_POINT ( 'NONE',  ( 1.923038031618342192, 0.000000000000000000, -0.6519758408726168408 ) ) ;
#2217 = CARTESIAN_POINT ( 'NONE',  ( 1.983689106504815669, 0.000000000000000000, -0.6783564305222392621 ) ) ;
#2218 = ORIENTED_EDGE ( 'NONE', *, *, #5417, .T. ) ;
#2219 = DIRECTION ( 'NONE',  ( -0.000000000000000000, -1.000000000000000000, -0.000000000000000000 ) ) ;
#2220 = CARTESIAN_POINT ( 'NONE',  ( 2.057257510028259517, 0.04000000000000000083, -0.5186778385476670250 ) ) ;
#2221 = CARTESIAN_POINT ( 'NONE',  ( 1.671979584735631352, 0.000000000000000000, -0.6200600494550865260 ) ) ;
#2222 = CARTESIAN_POINT ( 'NONE',  ( 1.464261349065736573, 0.04000000000000000083, -0.7043165516219213051 ) ) ;
#2223 = CARTESIAN_POINT ( 'NONE',  ( 0.6985316199744912025, 0.04000000000000000083, -0.7266548157250078965 ) ) ;
#2224 = LINE ( 'NONE', #3698, #930 ) ;
#2225 = CARTESIAN_POINT ( 'NONE',  ( 1.767170879987526755, 0.04000000000000000083, -0.5331658911032798320 ) ) ;
#2226 = CARTESIAN_POINT ( 'NONE',  ( 1.613429487179905530, 0.000000000000000000, -0.5195996093750000488 ) ) ;
#2227 = CARTESIAN_POINT ( 'NONE',  ( 1.881239693776089350, 0.000000000000000000, -0.5513158088305722959 ) ) ;
#2228 = CARTESIAN_POINT ( 'NONE',  ( 0.7016800623061106856, 0.04000000000000000083, -0.7312576142679250157 ) ) ;
#2229 = CARTESIAN_POINT ( 'NONE',  ( 1.109162933886112645, 0.04000000000000000083, -0.7337673975142066096 ) ) ;
#2230 = ORIENTED_EDGE ( 'NONE', *, *, #4975, .F. ) ;
#2231 = CARTESIAN_POINT ( 'NONE',  ( 1.664662274991622892, 0.000000000000000000, -0.6701247915765811136 ) ) ;
#2232 = CARTESIAN_POINT ( 'NONE',  ( 0.9009156020876871729, -0.000000000000000000, -0.7036024599242634014 ) ) ;
#2233 = AXIS2_PLACEMENT_3D ( 'NONE', #5070, #331, #1197 ) ;
#2234 = CARTESIAN_POINT ( 'NONE',  ( 1.827661828411983214, 0.000000000000000000, -0.6640829252053401799 ) ) ;
#2235 = DIRECTION ( 'NONE',  ( -0.000000000000000000, -1.000000000000000000, -0.000000000000000000 ) ) ;
#2236 = CARTESIAN_POINT ( 'NONE',  ( 1.712615238068587731, 0.000000000000000000, -0.6583572771525912914 ) ) ;
#2237 = CARTESIAN_POINT ( 'NONE',  ( 1.150435854072204611, 0.04000000000000000083, -0.6924205760502364360 ) ) ;
#2238 = ORIENTED_EDGE ( 'NONE', *, *, #5783, .F. ) ;
#2239 = ORIENTED_EDGE ( 'NONE', *, *, #1820, .F. ) ;
#2240 = DIRECTION ( 'NONE',  ( 0.000000000000000000, 0.000000000000000000, -1.000000000000000000 ) ) ;
#2241 = CARTESIAN_POINT ( 'NONE',  ( 1.392167759854682441, 0.000000000000000000, -0.4911824671211253435 ) ) ;
#2242 = ORIENTED_EDGE ( 'NONE', *, *, #1649, .T. ) ;
#2243 = DIRECTION ( 'NONE',  ( -0.5185576816259125366, 0.000000000000000000, 0.8550426485426084744 ) ) ;
#2244 = CARTESIAN_POINT ( 'NONE',  ( 1.986394734441949250, 0.04000000000000000083, -0.6814065122916799222 ) ) ;
#2245 = ADVANCED_FACE ( 'NONE', ( #1282 ), #5560, .T. ) ;
#2246 = EDGE_CURVE ( 'NONE', #1010, #3843, #4709, .T. ) ;
#2247 = ORIENTED_EDGE ( 'NONE', *, *, #5887, .F. ) ;
#2248 = B_SPLINE_CURVE_WITH_KNOTS ( 'NONE', 3,
 ( #4128, #5108, #3613, #1651, #629, #2660, #1619, #3710, #185, #2137, #4606, #1715, #1208, #1143, #3170 ),
 .UNSPECIFIED., .F., .F.,
 ( 4, 1, 1, 1, 1, 1, 1, 1, 1, 1, 1, 1, 4 ),
 ( 0.000000000000000000, 0.08979271063556075461, 0.1753942178141339459, 0.2588056349961311287, 0.3398127966891519858, 0.4200621604101825168, 0.4991223246882413589, 0.5788384868517749693, 0.6591082875927603002, 0.7411182879485650465, 0.8251094400327129152, 0.9110392593857608023, 1.000000000000000000 ),
 .UNSPECIFIED. ) ;
#2249 = FACE_OUTER_BOUND ( 'NONE', #281, .T. ) ;
#2250 = CARTESIAN_POINT ( 'NONE',  ( 2.074470232313248008, 0.04000000000000000083, -0.4912707174611702365 ) ) ;
#2251 = EDGE_CURVE ( 'NONE', #5724, #1639, #988, .T. ) ;
#2252 = CARTESIAN_POINT ( 'NONE',  ( 1.671979584735631352, 0.04000000000000000083, -0.6200600494550865260 ) ) ;
#2253 = CARTESIAN_POINT ( 'NONE',  ( 2.006458499330998624, 0.04000000000000000083, -0.5832520543012011949 ) ) ;
#2254 = EDGE_LOOP ( 'NONE', ( #1308, #848, #6165, #3574 ) ) ;
#2255 = CARTESIAN_POINT ( 'NONE',  ( 1.050929487179905975, 0.000000000000000000, -0.6608593750000001377 ) ) ;
#2256 = DIRECTION ( 'NONE',  ( 1.000000000000000000, 0.000000000000000000, -0.000000000000000000 ) ) ;
#2257 = CARTESIAN_POINT ( 'NONE',  ( 1.724106526501848036, 0.04000000000000000083, -0.5419057985329381877 ) ) ;
#2258 = AXIS2_PLACEMENT_3D ( 'NONE', #2515, #2330, #841 ) ;
#2259 = CARTESIAN_POINT ( 'NONE',  ( 1.664662274991622892, 0.04000000000000000083, -0.6701247915765811136 ) ) ;
#2260 = CARTESIAN_POINT ( 'NONE',  ( 1.428821296707037725, 0.04000000000000000083, -0.5129039883238329933 ) ) ;
#2261 = CARTESIAN_POINT ( 'NONE',  ( 1.894679487179905752, 0.000000000000000000, -0.6143750000000000044 ) ) ;
#2262 = VERTEX_POINT ( 'NONE', #2739 ) ;
#2263 = CARTESIAN_POINT ( 'NONE',  ( 1.207521284054905886, 0.000000000000000000, -0.7362499999999999600 ) ) ;
#2264 = CARTESIAN_POINT ( 'NONE',  ( 1.717106793559112665, 0.000000000000000000, -0.5447731005710385599 ) ) ;
#2265 = CARTESIAN_POINT ( 'NONE',  ( 1.239992746087522857, 0.000000000000000000, -0.5078715846304679982 ) ) ;
#2266 = CARTESIAN_POINT ( 'NONE',  ( 1.657179487179905708, 0.04000000000000000083, -0.5913769531250000488 ) ) ;
#2267 = CARTESIAN_POINT ( 'NONE',  ( 1.886340918577241954, 0.04000000000000000083, -0.6657903054405369669 ) ) ;
#2268 = CARTESIAN_POINT ( 'NONE',  ( 1.241554487179905797, 0.04000000000000000083, -0.5214062499999999600 ) ) ;
#2269 = CARTESIAN_POINT ( 'NONE',  ( 1.693409955929906063, 0.000000000000000000, -0.6500195312500001155 ) ) ;
#2270 = VECTOR ( 'NONE', #1395, 39.37007874015748143 ) ;
#2271 = AXIS2_PLACEMENT_3D ( 'NONE', #520, #485, #2909 ) ;
#2272 = LINE ( 'NONE', #5713, #881 ) ;
#2273 = VERTEX_POINT ( 'NONE', #1687 ) ;
#2274 = ORIENTED_EDGE ( 'NONE', *, *, #6181, .F. ) ;
#2275 = CARTESIAN_POINT ( 'NONE',  ( 1.379845879715390522, 0.000000000000000000, -0.5020266861008524373 ) ) ;
#2276 = ORIENTED_EDGE ( 'NONE', *, *, #4007, .T. ) ;
#2277 = DIRECTION ( 'NONE',  ( 0.000000000000000000, 0.000000000000000000, 1.000000000000000000 ) ) ;
#2278 = CARTESIAN_POINT ( 'NONE',  ( 1.979054487179905397, 0.04000000000000000083, -0.6598339843749999600 ) ) ;
#2279 = ORIENTED_EDGE ( 'NONE', *, *, #2002, .T. ) ;
#2280 = DIRECTION ( 'NONE',  ( 0.000000000000000000, 0.000000000000000000, -1.000000000000000000 ) ) ;
#2281 = CARTESIAN_POINT ( 'NONE',  ( 2.061409850723055381, 0.04000000000000000083, -0.5025771258101796590 ) ) ;
#2282 = CARTESIAN_POINT ( 'NONE',  ( 1.696437299679905752, 0.000000000000000000, -0.6237500000000000266 ) ) ;
#2283 = PRODUCT ( 'Eggfinder LCD Case V2 Program Door_STEP', 'Eggfinder LCD Case V2 Program Door_STEP', '', ( #646 ) ) ;
#2284 = CARTESIAN_POINT ( 'NONE',  ( 1.464894330929905619, 0.000000000000000000, -0.7020214843750001155 ) ) ;
#2285 = EDGE_CURVE ( 'NONE', #5177, #2371, #4231, .T. ) ;
#2286 = CARTESIAN_POINT ( 'NONE',  ( 0.4374999999999998335, 0.000000000000000000, -0.3649999999999999911 ) ) ;
#2287 = ADVANCED_FACE ( 'NONE', ( #6168 ), #763, .T. ) ;
#2288 = LINE ( 'NONE', #6118, #6021 ) ;
#2289 = CARTESIAN_POINT ( 'NONE',  ( 1.560304487179905664, 0.000000000000000000, -0.5196484375000000044 ) ) ;
#2290 = CARTESIAN_POINT ( 'NONE',  ( 1.588527143429905530, 0.04000000000000000083, -0.4893750000000000044 ) ) ;
#2291 = CARTESIAN_POINT ( 'NONE',  ( 1.783070922449353723, 0.04000000000000000083, -0.4896599532753784789 ) ) ;
#2292 = CARTESIAN_POINT ( 'NONE',  ( 1.808186265675640669, 0.000000000000000000, -0.7347176547495120058 ) ) ;
#2293 = ORIENTED_EDGE ( 'NONE', *, *, #672, .T. ) ;
#2294 = CARTESIAN_POINT ( 'NONE',  ( 1.526503262588267296, 0.000000000000000000, -0.7083255533305482521 ) ) ;
#2295 = CARTESIAN_POINT ( 'NONE',  ( 1.769923627804905752, 0.04000000000000000083, -0.5331249999999999600 ) ) ;
#2296 = EDGE_CURVE ( 'NONE', #3690, #88, #733, .T. ) ;
#2297 = B_SPLINE_CURVE_WITH_KNOTS ( 'NONE', 3,
 ( #5784, #1430, #4353, #918, #977, #3876, #949, #2955, #2926, #470, #4292 ),
 .UNSPECIFIED., .F., .F.,
 ( 4, 1, 1, 1, 1, 1, 1, 1, 4 ),
 ( 0.000000000000000000, 0.1249108283483912479, 0.2412637508857340130, 0.3578520569941244789, 0.4774295477735239768, 0.5999512735949174003, 0.7235590086772570872, 0.8556308261798988291, 1.000000000000000000 ),
 .UNSPECIFIED. ) ;
#2298 = CARTESIAN_POINT ( 'NONE',  ( 1.672500485702157036, 0.04000000000000000083, -0.6575839985045565106 ) ) ;
#2299 = DIRECTION ( 'NONE',  ( -0.000000000000000000, -1.000000000000000000, -0.000000000000000000 ) ) ;
#2300 = CARTESIAN_POINT ( 'NONE',  ( 1.835792828667160537, 0.000000000000000000, -0.6421749967205810927 ) ) ;
#2301 = CARTESIAN_POINT ( 'NONE',  ( 1.134583499330998446, 0.04000000000000000083, -0.5832520543012010839 ) ) ;
#2302 = CARTESIAN_POINT ( 'NONE',  ( 2.017677534054905575, 0.04000000000000000083, -0.5831250000000000044 ) ) ;
#2303 = CARTESIAN_POINT ( 'NONE',  ( 2.003270906212587743, 0.04000000000000000083, -0.7359727928301215139 ) ) ;
#2304 = ORIENTED_EDGE ( 'NONE', *, *, #4924, .F. ) ;
#2305 = ORIENTED_EDGE ( 'NONE', *, *, #3618, .T. ) ;
#2306 = CARTESIAN_POINT ( 'NONE',  ( 0.9009156020876871729, 0.04000000000000000083, -0.7036024599242634014 ) ) ;
#2307 = ORIENTED_EDGE ( 'NONE', *, *, #1922, .F. ) ;
#2308 = CARTESIAN_POINT ( 'NONE',  ( 1.936062937789623462, 0.000000000000000000, -0.6144818557087909916 ) ) ;
#2309 = CARTESIAN_POINT ( 'NONE',  ( 1.010304487179905841, 0.000000000000000000, -0.5216015625000000044 ) ) ;
#2310 = CARTESIAN_POINT ( 'NONE',  ( 1.742937513423403750, 0.000000000000000000, -0.7378313643018082901 ) ) ;
#2311 = ORIENTED_EDGE ( 'NONE', *, *, #5884, .F. ) ;
#2312 = CARTESIAN_POINT ( 'NONE',  ( 0.7475625992338678083, 0.000000000000000000, -0.7154831098358276353 ) ) ;
#2313 = LINE ( 'NONE', #6204, #3754 ) ;
#2314 = LINE ( 'NONE', #1862, #311 ) ;
#2315 = EDGE_CURVE ( 'NONE', #2568, #187, #4198, .T. ) ;
#2316 = CARTESIAN_POINT ( 'NONE',  ( 1.582851716830929067, 0.04000000000000000083, -0.7361789246398285913 ) ) ;
#2317 = CARTESIAN_POINT ( 'NONE',  ( 2.329999999999999627, 0.2149999999999981093, 0.000000000000000000 ) ) ;
#2318 = CARTESIAN_POINT ( 'NONE',  ( 0.1250000000000000000, 0.1400000000000000133, -1.229999999999999982 ) ) ;
#2319 = CARTESIAN_POINT ( 'NONE',  ( 1.059288929458669370, 0.04000000000000000083, -0.6989466174180837266 ) ) ;
#2320 = B_SPLINE_CURVE_WITH_KNOTS ( 'NONE', 3,
 ( #3676, #1645, #2787, #780, #6124, #6031, #2167, #5074, #4219, #1709, #687, #3165, #3739, #2654, #2695, #4121, #5610, #4696, #1741 ),
 .UNSPECIFIED., .F., .F.,
 ( 4, 1, 1, 1, 1, 1, 1, 1, 1, 1, 1, 1, 1, 1, 1, 1, 4 ),
 ( 0.000000000000000000, 0.08182733182821372298, 0.1583472116030950338, 0.2306556717352037100, 0.2984336761490579693, 0.3629752137949624480, 0.4241354733974939673, 0.4833404898126505422, 0.5404489010828538165, 0.5965863673725729788, 0.6516263808094682197, 0.7065787043126550149, 0.7618096902813250582, 0.8178554473551580273, 0.8759158008403525875, 0.9365891825421323036, 0.9999999999999998890 ),
 .UNSPECIFIED. ) ;
#2321 = CARTESIAN_POINT ( 'NONE',  ( 1.704782003139035274, 0.04000000000000000083, -0.6524058314271993231 ) ) ;
#2322 = DIRECTION ( 'NONE',  ( 1.000000000000000000, 0.000000000000000000, 0.000000000000000000 ) ) ;
#2323 = EDGE_CURVE ( 'NONE', #3126, #1563, #1309, .T. ) ;
#2324 = DIRECTION ( 'NONE',  ( 0.000000000000000000, 0.000000000000000000, 1.000000000000000000 ) ) ;
#2325 = VECTOR ( 'NONE', #593, 39.37007874015748143 ) ;
#2326 = VERTEX_POINT ( 'NONE', #2802 ) ;
#2327 = EDGE_CURVE ( 'NONE', #1116, #2538, #5277, .T. ) ;
#2328 = B_SPLINE_CURVE_WITH_KNOTS ( 'NONE', 3,
 ( #5670, #1200, #272, #3226, #5136, #1774, #4661, #2229, #2692, #779, #4728 ),
 .UNSPECIFIED., .F., .F.,
 ( 4, 1, 1, 1, 1, 1, 1, 1, 4 ),
 ( 0.000000000000000000, 0.1569433403011132877, 0.3052641691385795109, 0.4438862275305977545, 0.5729504529666065160, 0.6925868846920718580, 0.8040351933094564973, 0.9064180598495789054, 0.9999999999999998890 ),
 .UNSPECIFIED. ) ;
#2329 = LINE ( 'NONE', #1840, #4621 ) ;
#2330 = DIRECTION ( 'NONE',  ( 0.000000000000000000, -1.000000000000000000, 0.000000000000000000 ) ) ;
#2331 = CARTESIAN_POINT ( 'NONE',  ( 2.092412491511593142, 0.04000000000000000083, -0.4896771582000231104 ) ) ;
#2332 = CARTESIAN_POINT ( 'NONE',  ( 1.508745516350300298, 0.000000000000000000, -0.4915347143449858014 ) ) ;
#2333 = PLANE ( 'NONE',  #5629 ) ;
#2334 = CARTESIAN_POINT ( 'NONE',  ( 1.529658595102607155, 0.04000000000000000083, -0.5252131334001274299 ) ) ;
#2335 = CARTESIAN_POINT ( 'NONE',  ( 0.1250000000000000000, 0.000000000000000000, -1.104999999999999982 ) ) ;
#2336 = EDGE_CURVE ( 'NONE', #1628, #5280, #4704, .T. ) ;
#2337 = ORIENTED_EDGE ( 'NONE', *, *, #108, .T. ) ;
#2338 = VERTEX_POINT ( 'NONE', #5785 ) ;
#2339 = VECTOR ( 'NONE', #117, 39.37007874015748143 ) ;
#2340 = EDGE_CURVE ( 'NONE', #5403, #3255, #4326, .T. ) ;
#2341 = CARTESIAN_POINT ( 'NONE',  ( 1.234491485694180657, 0.04000000000000000083, -0.4975879760096892923 ) ) ;
#2342 = VERTEX_POINT ( 'NONE', #2927 ) ;
#2343 = CARTESIAN_POINT ( 'NONE',  ( 0.7241447959337304896, 0.04000000000000000083, -0.4894625474206326099 ) ) ;
#2344 = CARTESIAN_POINT ( 'NONE',  ( 1.852314904582269328, 0.000000000000000000, -0.7135240400532313343 ) ) ;
#2345 = FACE_OUTER_BOUND ( 'NONE', #4769, .T. ) ;
#2346 = CARTESIAN_POINT ( 'NONE',  ( 1.678201197137761280, 0.04000000000000000083, -0.7052509260326546014 ) ) ;
#2347 = ORIENTED_EDGE ( 'NONE', *, *, #381, .F. ) ;
#2348 = CARTESIAN_POINT ( 'NONE',  ( 0.7412875443072729498, 0.000000000000000000, -0.7315630477927050901 ) ) ;
#2349 = CARTESIAN_POINT ( 'NONE',  ( 0.8662979170463562806, 0.04000000000000000083, -0.7392444795448696038 ) ) ;
#2350 = CARTESIAN_POINT ( 'NONE',  ( 1.679451743075582426, 0.000000000000000000, -0.5130238392814815418 ) ) ;
#2351 = CARTESIAN_POINT ( 'NONE',  ( 1.185304487179905886, 0.000000000000000000, -0.6268749999999999600 ) ) ;
#2352 = CARTESIAN_POINT ( 'NONE',  ( 0.9839861278049059079, 0.000000000000000000, -0.4893750000000001155 ) ) ;
#2353 = LINE ( 'NONE', #865, #6220 ) ;
#2354 = LINE ( 'NONE', #268, #4592 ) ;
#2355 = B_SPLINE_CURVE_WITH_KNOTS ( 'NONE', 3,
 ( #521, #2482, #1990, #899, #5414, #3005, #6241, #932, #6276, #4818, #5767 ),
 .UNSPECIFIED., .F., .F.,
 ( 4, 1, 1, 1, 1, 1, 1, 1, 4 ),
 ( 0.000000000000000000, 0.1293235928071807261, 0.2472114869378300994, 0.3634275511446827811, 0.4836271207114492543, 0.6085420377595613939, 0.7362682684320625004, 0.8675229715430915478, 1.000000000000000000 ),
 .UNSPECIFIED. ) ;
#2356 = CARTESIAN_POINT ( 'NONE',  ( 1.712615238068587731, 0.04000000000000000083, -0.6583572771525912914 ) ) ;
#2357 = CARTESIAN_POINT ( 'NONE',  ( 1.406032779645482345, 0.04000000000000000083, -0.4894693142053127000 ) ) ;
#2358 = CARTESIAN_POINT ( 'NONE',  ( 0.7500023183947310823, 0.04000000000000000083, -0.4977831352683730892 ) ) ;
#2359 = ORIENTED_EDGE ( 'NONE', *, *, #3159, .F. ) ;
#2360 = CARTESIAN_POINT ( 'NONE',  ( 2.102333527385670919, 0.04000000000000000083, -0.4939404300633070122 ) ) ;
#2361 = VECTOR ( 'NONE', #3662, 39.37007874015748143 ) ;
#2362 = CARTESIAN_POINT ( 'NONE',  ( 1.409419473140379742, 0.000000000000000000, -0.7361919806855357074 ) ) ;
#2363 = CARTESIAN_POINT ( 'NONE',  ( 1.429054487179905575, 0.04000000000000000083, -0.5196484375000000044 ) ) ;
#2364 = LINE ( 'NONE', #6252, #3219 ) ;
#2365 = ADVANCED_FACE ( 'NONE', ( #1462 ), #4414, .T. ) ;
#2366 = CARTESIAN_POINT ( 'NONE',  ( 1.852314904582269328, 0.04000000000000000083, -0.7135240400532313343 ) ) ;
#2367 = PLANE ( 'NONE',  #4028 ) ;
#2368 = CARTESIAN_POINT ( 'NONE',  ( 1.236928341666530429, 0.000000000000000000, -0.7242062594868183822 ) ) ;
#2369 = CARTESIAN_POINT ( 'NONE',  ( 2.229999999999999538, 0.07000000000000074218, -0.1250000000000000278 ) ) ;
#2370 = EDGE_CURVE ( 'NONE', #3069, #744, #5229, .T. ) ;
#2371 = VERTEX_POINT ( 'NONE', #3908 ) ;
#2372 = CARTESIAN_POINT ( 'NONE',  ( 0.8702165965549053528, 0.04000000000000000083, -0.7393750000000000044 ) ) ;
#2373 = ORIENTED_EDGE ( 'NONE', *, *, #3453, .T. ) ;
#2374 = CARTESIAN_POINT ( 'NONE',  ( 1.397994253911368778, 0.04000000000000000083, -0.4896635208739297807 ) ) ;
#2375 = CARTESIAN_POINT ( 'NONE',  ( 0.9990819392866335802, 0.000000000000000000, -0.4939665818789647500 ) ) ;
#2376 = CARTESIAN_POINT ( 'NONE',  ( 1.107179487179905886, 0.04000000000000000083, -0.6598339843750001821 ) ) ;
#2377 = FACE_OUTER_BOUND ( 'NONE', #428, .T. ) ;
#2378 = VECTOR ( 'NONE', #4828, 39.37007874015748143 ) ;
#2379 = ORIENTED_EDGE ( 'NONE', *, *, #4604, .T. ) ;
#2380 = FACE_OUTER_BOUND ( 'NONE', #2072, .T. ) ;
#2381 = CARTESIAN_POINT ( 'NONE',  ( 0.8458848803077126943, 0.04000000000000000083, -0.7299017421335639577 ) ) ;
#2382 = CARTESIAN_POINT ( 'NONE',  ( 1.588527143429905530, 0.000000000000000000, -0.4893750000000000044 ) ) ;
#2383 = CARTESIAN_POINT ( 'NONE',  ( 1.124403443486030385, 0.04000000000000000083, -0.6319324330598170558 ) ) ;
#2384 = CARTESIAN_POINT ( 'NONE',  ( 0.9990819392866335802, 0.04000000000000000083, -0.4939665818789647500 ) ) ;
#2385 = CARTESIAN_POINT ( 'NONE',  ( 1.613429487179905530, 0.04000000000000000083, -0.7068066406249999822 ) ) ;
#2386 = CARTESIAN_POINT ( 'NONE',  ( 2.013866381153823326, 0.04000000000000000083, -0.5831681608761836166 ) ) ;
#2387 = CARTESIAN_POINT ( 'NONE',  ( 1.695739057791677995, 0.04000000000000000083, -0.7206459225298146309 ) ) ;
#2388 = CARTESIAN_POINT ( 'NONE',  ( 1.894585122914099085, 0.000000000000000000, -0.6097147406940437442 ) ) ;
#2389 = LINE ( 'NONE', #4340, #2164 ) ;
#2390 = ORIENTED_EDGE ( 'NONE', *, *, #2336, .F. ) ;
#2391 = VECTOR ( 'NONE', #1073, 39.37007874015748143 ) ;
#2392 = EDGE_CURVE ( 'NONE', #316, #5909, #1818, .T. ) ;
#2393 = CARTESIAN_POINT ( 'NONE',  ( 1.375986807546271340, 0.000000000000000000, -0.7106320226300181231 ) ) ;
#2394 = CARTESIAN_POINT ( 'NONE',  ( 1.422321296183318928, 0.04000000000000000083, -0.4970202175162799496 ) ) ;
#2395 = CARTESIAN_POINT ( 'NONE',  ( 2.086769330929905131, 0.04000000000000000083, -0.4893750000000000044 ) ) ;
#2396 = CARTESIAN_POINT ( 'NONE',  ( 1.531253049571068336, -0.000000000000000000, -0.5335642766421965222 ) ) ;
#2397 = CARTESIAN_POINT ( 'NONE',  ( 0.9541399169134242575, -0.000000000000000000, -0.7096467500054416400 ) ) ;
#2398 = DIRECTION ( 'NONE',  ( 0.000000000000000000, 0.000000000000000000, 1.000000000000000000 ) ) ;
#2399 = CARTESIAN_POINT ( 'NONE',  ( 1.118735854456255119, 0.04000000000000000083, -0.6853627314024504091 ) ) ;
#2400 = EDGE_CURVE ( 'NONE', #4000, #924, #572, .T. ) ;
#2401 = ORIENTED_EDGE ( 'NONE', *, *, #6249, .T. ) ;
#2402 = VECTOR ( 'NONE', #3359, 39.37007874015748143 ) ;
#2403 = LINE ( 'NONE', #1337, #2571 ) ;
#2404 = ORIENTED_EDGE ( 'NONE', *, *, #1418, .T. ) ;
#2405 = CARTESIAN_POINT ( 'NONE',  ( 2.229999999999999538, 0.07000000000000074218, -0.1750000000000000444 ) ) ;
#2406 = CARTESIAN_POINT ( 'NONE',  ( 1.868989555706127792, 0.000000000000000000, -0.6971243818934035330 ) ) ;
#2407 = CARTESIAN_POINT ( 'NONE',  ( 1.110199592300106897, 0.04000000000000000083, -0.6446385603825365296 ) ) ;
#2408 = EDGE_CURVE ( 'NONE', #3588, #2182, #6322, .T. ) ;
#2409 = CARTESIAN_POINT ( 'NONE',  ( 0.7412875443072729498, 0.000000000000000000, -0.7315630477927050901 ) ) ;
#2410 = EDGE_CURVE ( 'NONE', #5680, #1053, #4895, .T. ) ;
#2411 = VERTEX_POINT ( 'NONE', #1140 ) ;
#2412 = VERTEX_POINT ( 'NONE', #2562 ) ;
#2413 = ORIENTED_EDGE ( 'NONE', *, *, #5241, .F. ) ;
#2414 = CARTESIAN_POINT ( 'NONE',  ( 0.8905803518740539326, 0.04000000000000000083, -0.4937336027666552329 ) ) ;
#2415 = CARTESIAN_POINT ( 'NONE',  ( 0.8325133568397476980, 0.04000000000000000083, -0.7102193113138469682 ) ) ;
#2416 = FACE_BOUND ( 'NONE', #948, .T. ) ;
#2417 = CARTESIAN_POINT ( 'NONE',  ( 1.587301957338526304, 0.04000000000000000083, -0.7360433113835537222 ) ) ;
#2418 = LINE ( 'NONE', #5796, #3404 ) ;
#2419 = FACE_OUTER_BOUND ( 'NONE', #4122, .T. ) ;
#2420 = CARTESIAN_POINT ( 'NONE',  ( 2.021782668011069983, 0.000000000000000000, -0.6269579293438025669 ) ) ;
#2421 = CARTESIAN_POINT ( 'NONE',  ( 1.664406049679905797, 0.04000000000000000083, -0.6747265625000000711 ) ) ;
#2422 = CARTESIAN_POINT ( 'NONE',  ( 1.988666322972035161, 0.000000000000000000, -0.6837113544980910618 ) ) ;
#2423 = CARTESIAN_POINT ( 'NONE',  ( 0.4375624944334203792, 0.07000000000000000666, -0.8622057382686417748 ) ) ;
#2424 = VERTEX_POINT ( 'NONE', #1045 ) ;
#2425 = DIRECTION ( 'NONE',  ( 0.000000000000000000, 0.000000000000000000, -1.000000000000000000 ) ) ;
#2426 = CARTESIAN_POINT ( 'NONE',  ( 1.104657787042074624, 0.000000000000000000, -0.7328658653892223818 ) ) ;
#2427 = CARTESIAN_POINT ( 'NONE',  ( 1.116791322972035649, -0.000000000000000000, -0.6837113544980911728 ) ) ;
#2428 = DIRECTION ( 'NONE',  ( 0.000000000000000000, 0.000000000000000000, -1.000000000000000000 ) ) ;
#2429 = CARTESIAN_POINT ( 'NONE',  ( 1.239522415065154259, 0.04000000000000000083, -0.7185264885591116091 ) ) ;
#2430 = CARTESIAN_POINT ( 'NONE',  ( 1.657621228432649918, 0.000000000000000000, -0.5390989695264859494 ) ) ;
#2431 = EDGE_LOOP ( 'NONE', ( #4329, #5058, #3695, #507, #2505, #5975, #32, #5466, #2498, #477, #2218, #2832, #2655, #6083, #5553, #4047, #526, #4706, #3028, #3204 ) ) ;
#2432 = DIRECTION ( 'NONE',  ( 0.000000000000000000, 0.000000000000000000, 1.000000000000000000 ) ) ;
#2433 = VERTEX_POINT ( 'NONE', #4002 ) ;
#2434 = CARTESIAN_POINT ( 'NONE',  ( 0.7266619090549053528, 0.04000000000000000083, -0.4893750000000000044 ) ) ;
#2435 = CARTESIAN_POINT ( 'NONE',  ( 1.771767225926073719, -0.000000000000000000, -0.7392764425951390272 ) ) ;
#2436 = CARTESIAN_POINT ( 'NONE',  ( 2.079396284054905397, 0.04000000000000000083, -0.7362499999999999600 ) ) ;
#2437 = CARTESIAN_POINT ( 'NONE',  ( 1.074656226345996446, 0.04000000000000000083, -0.6032118762582028282 ) ) ;
#2438 = CARTESIAN_POINT ( 'NONE',  ( 2.003270906212587743, 0.000000000000000000, -0.7359727928301215139 ) ) ;
#2439 = ORIENTED_EDGE ( 'NONE', *, *, #1512, .F. ) ;
#2440 = EDGE_LOOP ( 'NONE', ( #1853, #3487, #1436, #5748, #1719, #3559, #3609, #1336, #2767, #2095, #5586, #3489, #3111, #5651, #1722, #5375, #1813, #6197 ) ) ;
#2441 = ORIENTED_EDGE ( 'NONE', *, *, #4942, .F. ) ;
#2442 = DIRECTION ( 'NONE',  ( -0.000000000000000000, -1.000000000000000000, -0.000000000000000000 ) ) ;
#2443 = CARTESIAN_POINT ( 'NONE',  ( 1.768400757564957182, 0.04000000000000000083, -0.5845930326826114243 ) ) ;
#2444 = PLANE ( 'NONE',  #1946 ) ;
#2445 = CIRCLE ( 'NONE', #6011, 0.1250000000000000278 ) ;
#2446 = ADVANCED_FACE ( 'NONE', ( #1490 ), #2987, .T. ) ;
#2447 = CARTESIAN_POINT ( 'NONE',  ( 1.815363405212180314, 0.04000000000000000083, -0.5489212441863686731 ) ) ;
#2448 = CARTESIAN_POINT ( 'NONE',  ( 1.107431421502358626, 0.000000000000000000, -0.6665005902013986239 ) ) ;
#2449 = FACE_OUTER_BOUND ( 'NONE', #3749, .T. ) ;
#2450 = CARTESIAN_POINT ( 'NONE',  ( 1.922804487179905264, 0.04000000000000000083, -0.6608593750000000266 ) ) ;
#2451 = CARTESIAN_POINT ( 'NONE',  ( 1.241554487179905797, 0.000000000000000000, -0.5214062499999999600 ) ) ;
#2452 = CARTESIAN_POINT ( 'NONE',  ( 1.889985985152423664, 0.04000000000000000083, -0.5745310507535678068 ) ) ;
#2453 = CARTESIAN_POINT ( 'NONE',  ( 0.7393959099419196157, 0.000000000000000000, -0.4912410258914117200 ) ) ;
#2454 = ORIENTED_EDGE ( 'NONE', *, *, #5582, .F. ) ;
#2455 = CIRCLE ( 'NONE', #2664, 0.1250000000000000278 ) ;
#2456 = LINE ( 'NONE', #3930, #2922 ) ;
#2457 = CARTESIAN_POINT ( 'NONE',  ( 1.567419642280679648, 0.04000000000000000083, -0.4974999878971747003 ) ) ;
#2458 = PLANE ( 'NONE',  #947 ) ;
#2459 = CARTESIAN_POINT ( 'NONE',  ( 1.207521284054905886, 0.04000000000000000083, -0.7362499999999999600 ) ) ;
#2460 = CARTESIAN_POINT ( 'NONE',  ( 1.972365034054905486, 0.04000000000000000083, -0.7317089843750000933 ) ) ;
#2461 = ORIENTED_EDGE ( 'NONE', *, *, #2017, .T. ) ;
#2462 = CARTESIAN_POINT ( 'NONE',  ( 1.144923627804905752, 0.04000000000000000083, -0.7362499999999999600 ) ) ;
#2463 = ORIENTED_EDGE ( 'NONE', *, *, #4484, .F. ) ;
#2464 = CARTESIAN_POINT ( 'NONE',  ( 1.402124492928383592, 0.04000000000000000083, -0.4894744996973858786 ) ) ;
#2465 = CARTESIAN_POINT ( 'NONE',  ( 1.702075544601744372, 0.000000000000000000, -0.5021292573646175539 ) ) ;
#2466 = CIRCLE ( 'NONE', #4712, 0.1249999999999999584 ) ;
#2467 = CARTESIAN_POINT ( 'NONE',  ( 1.894679487179905752, 0.000000000000000000, -0.6143750000000000044 ) ) ;
#2468 = CARTESIAN_POINT ( 'NONE',  ( 1.145802534054905841, 0.04000000000000000083, -0.5831250000000000044 ) ) ;
#2469 = DIRECTION ( 'NONE',  ( 0.000000000000000000, 0.000000000000000000, 1.000000000000000000 ) ) ;
#2470 = ORIENTED_EDGE ( 'NONE', *, *, #1350, .T. ) ;
#2471 = ORIENTED_EDGE ( 'NONE', *, *, #3904, .T. ) ;
#2472 = CARTESIAN_POINT ( 'NONE',  ( 1.613429487179905530, 0.04000000000000000083, -0.5195996093750000488 ) ) ;
#2473 = DIRECTION ( 'NONE',  ( -0.000000000000000000, -1.000000000000000000, -0.000000000000000000 ) ) ;
#2474 = CARTESIAN_POINT ( 'NONE',  ( 1.157911909054905708, 0.04000000000000000083, -0.6925000000000000044 ) ) ;
#2475 = CARTESIAN_POINT ( 'NONE',  ( 1.722040335830644420, 0.04000000000000000083, -0.6714435597812290490 ) ) ;
#2476 = VECTOR ( 'NONE', #4285, 39.37007874015748143 ) ;
#2477 = AXIS2_PLACEMENT_3D ( 'NONE', #398, #4427, #4277 ) ;
#2478 = B_SPLINE_CURVE_WITH_KNOTS ( 'NONE', 3,
 ( #2589, #4564, #2098, #4061, #179, #5485, #1642 ),
 .UNSPECIFIED., .F., .F.,
 ( 4, 1, 1, 1, 4 ),
 ( 0.000000000000000000, 0.2466395578083376561, 0.4949969674476933923, 0.7458445846746503127, 1.000000000000000000 ),
 .UNSPECIFIED. ) ;
#2479 = CARTESIAN_POINT ( 'NONE',  ( 1.114519734441949961, 0.000000000000000000, -0.6814065122916800332 ) ) ;
#2480 = CARTESIAN_POINT ( 'NONE',  ( 0.7478044871799053306, 0.04000000000000000083, -0.5706250000000000488 ) ) ;
#2481 = FACE_OUTER_BOUND ( 'NONE', #1050, .T. ) ;
#2482 = CARTESIAN_POINT ( 'NONE',  ( 0.7289193246192244846, 0.04000000000000000083, -0.4894478294210971026 ) ) ;
#2483 = CARTESIAN_POINT ( 'NONE',  ( 2.104999999999999982, 0.000000000000000000, -1.104999999999999982 ) ) ;
#2484 = CARTESIAN_POINT ( 'NONE',  ( 1.990610854456254408, 0.04000000000000000083, -0.6853627314024504091 ) ) ;
#2485 = EDGE_CURVE ( 'NONE', #3946, #2196, #4955, .T. ) ;
#2486 = FACE_OUTER_BOUND ( 'NONE', #1564, .T. ) ;
#2487 = EDGE_CURVE ( 'NONE', #1941, #5683, #3022, .T. ) ;
#2488 = EDGE_CURVE ( 'NONE', #6039, #3069, #5762, .T. ) ;
#2489 = ORIENTED_EDGE ( 'NONE', *, *, #2992, .F. ) ;
#2490 = CARTESIAN_POINT ( 'NONE',  ( 1.143422436579220269, 0.000000000000000000, -0.6920102964326763084 ) ) ;
#2491 = CARTESIAN_POINT ( 'NONE',  ( 1.613429487179905530, 0.000000000000000000, -0.5195996093750000488 ) ) ;
#2492 = CARTESIAN_POINT ( 'NONE',  ( 1.211632787569097980, 0.000000000000000000, -0.7362273807603317843 ) ) ;
#2493 = ADVANCED_FACE ( 'NONE', ( #5911 ), #3019, .T. ) ;
#2494 = EDGE_CURVE ( 'NONE', #2139, #3309, #4507, .T. ) ;
#2495 = LINE ( 'NONE', #1040, #4266 ) ;
#2496 = EDGE_LOOP ( 'NONE', ( #1371, #1019, #2379, #3666 ) ) ;
#2497 = CARTESIAN_POINT ( 'NONE',  ( 0.7289193246192244846, -0.000000000000000000, -0.4894478294210971026 ) ) ;
#2498 = ORIENTED_EDGE ( 'NONE', *, *, #1451, .T. ) ;
#2499 = CARTESIAN_POINT ( 'NONE',  ( 1.457960737179905486, 0.04000000000000000083, -0.5314648437500000266 ) ) ;
#2500 = CARTESIAN_POINT ( 'NONE',  ( 1.010304487179905841, 0.04000000000000000083, -0.7072949218750000933 ) ) ;
#2501 = CARTESIAN_POINT ( 'NONE',  ( 1.135689165549412794, 0.04000000000000000083, -0.6285930086686676299 ) ) ;
#2502 = CARTESIAN_POINT ( 'NONE',  ( 1.134583499330998446, 0.000000000000000000, -0.5832520543012010839 ) ) ;
#2503 = CARTESIAN_POINT ( 'NONE',  ( 0.8641409577175938050, 0.04000000000000000083, -0.4912404362675277802 ) ) ;
#2504 = ORIENTED_EDGE ( 'NONE', *, *, #5915, .T. ) ;
#2505 = ORIENTED_EDGE ( 'NONE', *, *, #3655, .T. ) ;
#2506 = VERTEX_POINT ( 'NONE', #5430 ) ;
#2507 = CARTESIAN_POINT ( 'NONE',  ( 0.8351230133880261919, 0.000000000000000000, -0.7143722516419394042 ) ) ;
#2508 = CARTESIAN_POINT ( 'NONE',  ( 0.8478044871799053084, 0.04000000000000000083, -0.6550000000000000266 ) ) ;
#2509 = FACE_OUTER_BOUND ( 'NONE', #3464, .T. ) ;
#2510 = LINE ( 'NONE', #5956, #731 ) ;
#2511 = CARTESIAN_POINT ( 'NONE',  ( 1.745460737179905575, 0.04000000000000000083, -0.5799999999999999600 ) ) ;
#2512 = CARTESIAN_POINT ( 'NONE',  ( 0.6946794871799053528, 0.000000000000000000, -0.7089062499999998490 ) ) ;
#2513 = CARTESIAN_POINT ( 'NONE',  ( 1.593652242189570911, 0.000000000000000000, -0.7349146247617434069 ) ) ;
#2514 = CARTESIAN_POINT ( 'NONE',  ( 1.979054487179905397, 0.000000000000000000, -0.6598339843749999600 ) ) ;
#2515 = CARTESIAN_POINT ( 'NONE',  ( 0.5000000000000000000, 0.000000000000000000, -0.8649999999999998801 ) ) ;
#2516 = CARTESIAN_POINT ( 'NONE',  ( 1.386586445447966165, 0.04000000000000000083, -0.7303482480404905886 ) ) ;
#2517 = CARTESIAN_POINT ( 'NONE',  ( 1.922986225091002144, 0.04000000000000000083, -0.6690768429477937929 ) ) ;
#2518 = DIRECTION ( 'NONE',  ( 0.000000000000000000, 0.000000000000000000, -1.000000000000000000 ) ) ;
#2519 = ORIENTED_EDGE ( 'NONE', *, *, #4593, .F. ) ;
#2520 = EDGE_CURVE ( 'NONE', #4832, #3235, #5399, .T. ) ;
#2521 = FACE_OUTER_BOUND ( 'NONE', #1518, .T. ) ;
#2522 = DIRECTION ( 'NONE',  ( 0.000000000000000000, 0.000000000000000000, -1.000000000000000000 ) ) ;
#2523 = CARTESIAN_POINT ( 'NONE',  ( 2.107111404935126941, 0.04000000000000000083, -0.7266000665955246740 ) ) ;
#2524 = EDGE_CURVE ( 'NONE', #3099, #173, #1013, .T. ) ;
#2525 = AXIS2_PLACEMENT_3D ( 'NONE', #2318, #5288, #2256 ) ;
#2526 = B_SPLINE_CURVE_WITH_KNOTS ( 'NONE', 3,
 ( #4253, #3171, #725, #4160, #1716, #6097, #5143, #3202, #757, #2731, #879 ),
 .UNSPECIFIED., .F., .F.,
 ( 4, 1, 1, 1, 1, 1, 1, 1, 4 ),
 ( 0.000000000000000000, 0.1229088741204394375, 0.2364516494111389144, 0.3479825443924757788, 0.4617666234886313448, 0.5802917925316443126, 0.7062604613274525711, 0.8451898420971099002, 1.000000000000000000 ),
 .UNSPECIFIED. ) ;
#2527 = DIRECTION ( 'NONE',  ( -0.000000000000000000, -1.000000000000000000, -0.000000000000000000 ) ) ;
#2528 = ORIENTED_EDGE ( 'NONE', *, *, #672, .F. ) ;
#2529 = CARTESIAN_POINT ( 'NONE',  ( 1.097832163975086095, -0.000000000000000000, -0.7308371393224524226 ) ) ;
#2530 = ORIENTED_EDGE ( 'NONE', *, *, #246, .T. ) ;
#2531 = CARTESIAN_POINT ( 'NONE',  ( 1.489674841191251264, 0.04000000000000000083, -0.4896093089674877219 ) ) ;
#2532 = CARTESIAN_POINT ( 'NONE',  ( 0.9541362347901385377, -0.000000000000000000, -0.5192325721664362570 ) ) ;
#2533 = CARTESIAN_POINT ( 'NONE',  ( 0.8478044871799053084, 0.04000000000000000083, -0.5198437500000000488 ) ) ;
#2534 = CARTESIAN_POINT ( 'NONE',  ( 0.8688808535651532106, 0.04000000000000000083, -0.7393305100684861575 ) ) ;
#2535 = CARTESIAN_POINT ( 'NONE',  ( 1.391183730908384097, 0.000000000000000000, -0.7327621706631577414 ) ) ;
#2536 = ORIENTED_EDGE ( 'NONE', *, *, #5134, .F. ) ;
#2537 = VECTOR ( 'NONE', #2786, 39.37007874015748143 ) ;
#2538 = VERTEX_POINT ( 'NONE', #538 ) ;
#2539 = CARTESIAN_POINT ( 'NONE',  ( 0.2000000000000000111, 0.07499999999999999722, -0.6149999999999999911 ) ) ;
#2540 = DIRECTION ( 'NONE',  ( 0.000000000000000000, 0.000000000000000000, -1.000000000000000000 ) ) ;
#2541 = DIRECTION ( 'NONE',  ( 1.000000000000000000, -0.000000000000000000, -0.000000000000000000 ) ) ;
#2542 = CARTESIAN_POINT ( 'NONE',  ( 1.725682410198084105, 0.04000000000000000083, -0.6760040987930447942 ) ) ;
#2543 = ORIENTED_EDGE ( 'NONE', *, *, #2642, .T. ) ;
#2544 = CARTESIAN_POINT ( 'NONE',  ( 1.666396295937958794, 0.04000000000000000083, -0.5218875421156071726 ) ) ;
#2545 = FACE_OUTER_BOUND ( 'NONE', #2087, .T. ) ;
#2546 = AXIS2_PLACEMENT_3D ( 'NONE', #5882, #5787, #2930 ) ;
#2547 = CARTESIAN_POINT ( 'NONE',  ( 1.657186911217147784, 0.04000000000000000083, -0.5455585947241952116 ) ) ;
#2548 = CARTESIAN_POINT ( 'NONE',  ( 1.552658766736872975, 0.04000000000000000083, -0.7355145572601897719 ) ) ;
#2549 = CARTESIAN_POINT ( 'NONE',  ( 1.696437299679905752, 0.000000000000000000, -0.6237500000000000266 ) ) ;
#2550 = CARTESIAN_POINT ( 'NONE',  ( 1.936062937789623462, 0.04000000000000000083, -0.6144818557087909916 ) ) ;
#2551 = ORIENTED_EDGE ( 'NONE', *, *, #2485, .T. ) ;
#2552 = B_SPLINE_SURFACE_WITH_KNOTS ( 'NONE', 3, 1, ( 
 ( #6251, #1991 ),
 ( #3007, #4249 ),
 ( #1329, #2885 ),
 ( #1507, #3770 ),
 ( #400, #584 ),
 ( #2394, #5741 ),
 ( #4824, #5707 ),
 ( #431, #5930 ),
 ( #1029, #5416 ),
 ( #1841, #3803 ),
 ( #2363, #4459 ) ),
 .UNSPECIFIED., .F., .F., .F.,
 ( 4, 1, 1, 1, 1, 1, 1, 1, 4 ),
 ( 2, 2 ),
 ( 0.000000000000000000, 0.1178289174662618122, 0.2298717041193024391, 0.3399627030475842471, 0.4535632596048721488, 0.5726946505010789279, 0.7001359251603210820, 0.8414316731342473821, 1.000000000000000000 ),
 ( 0.000000000000000000, 1.000000000000000000 ),
 .UNSPECIFIED. ) ;
#2553 = LINE ( 'NONE', #5482, #4791 ) ;
#2554 =( NAMED_UNIT ( * ) SI_UNIT ( $, .STERADIAN. ) SOLID_ANGLE_UNIT ( ) );
#2555 = PLANE ( 'NONE',  #4317 ) ;
#2556 = B_SPLINE_SURFACE_WITH_KNOTS ( 'NONE', 3, 1, ( 
 ( #3460, #5400 ),
 ( #887, #1591 ),
 ( #4480, #5014 ),
 ( #3492, #1558 ),
 ( #4003, #1618 ),
 ( #5946, #5463 ),
 ( #94, #4540 ),
 ( #4508, #4035 ),
 ( #3523, #4985 ),
 ( #690, #5491 ),
 ( #5432, #157 ) ),
 .UNSPECIFIED., .F., .F., .F.,
 ( 4, 1, 1, 1, 1, 1, 1, 1, 4 ),
 ( 2, 2 ),
 ( 0.000000000000000000, 0.1424398776969912905, 0.2712812560000503193, 0.3923796910592005638, 0.5088161684751046909, 0.6247939480670415824, 0.7414158700954426306, 0.8643288066307963646, 1.000000000000000000 ),
 ( 0.000000000000000000, 1.000000000000000000 ),
 .UNSPECIFIED. ) ;
#2557 = B_SPLINE_CURVE_WITH_KNOTS ( 'NONE', 3,
 ( #5973, #5517, #5103, #4695, #1674, #718, #1740, #686, #3257, #748, #1234, #809, #2294, #1297, #3704 ),
 .UNSPECIFIED., .F., .F.,
 ( 4, 1, 1, 1, 1, 1, 1, 1, 1, 1, 1, 1, 4 ),
 ( 0.000000000000000000, 0.1174015895797311526, 0.2200200149628016300, 0.3090989580098876255, 0.3851055460046563517, 0.4526885015523732791, 0.5158688681660508202, 0.5762142002903342108, 0.6371455783483166435, 0.7067072651947415851, 0.7900877326000482759, 0.8874825861711249653, 1.000000000000000000 ),
 .UNSPECIFIED. ) ;
#2558 = CARTESIAN_POINT ( 'NONE',  ( 1.524806440304905530, 0.000000000000000000, -0.7020214843750001155 ) ) ;
#2559 = CARTESIAN_POINT ( 'NONE',  ( 1.115870893429905752, 0.04000000000000000083, -0.6829296874999999378 ) ) ;
#2560 = ORIENTED_EDGE ( 'NONE', *, *, #207, .T. ) ;
#2561 = CARTESIAN_POINT ( 'NONE',  ( 1.463816727537642803, 0.04000000000000000083, -0.5107745593281035612 ) ) ;
#2562 = CARTESIAN_POINT ( 'NONE',  ( 1.751759565304905619, 0.000000000000000000, -0.6237500000000000266 ) ) ;
#2563 = DIRECTION ( 'NONE',  ( -0.000000000000000000, -1.000000000000000000, -0.000000000000000000 ) ) ;
#2564 = CARTESIAN_POINT ( 'NONE',  ( 1.561903426995251865, 0.000000000000000000, -0.5073008020406500895 ) ) ;
#2565 = CARTESIAN_POINT ( 'NONE',  ( 1.451056603349967222, 0.000000000000000000, -0.7319510360970333807 ) ) ;
#2566 = ORIENTED_EDGE ( 'NONE', *, *, #1352, .T. ) ;
#2567 = EDGE_CURVE ( 'NONE', #4758, #6260, #3582, .T. ) ;
#2568 = VERTEX_POINT ( 'NONE', #3971 ) ;
#2569 = ORIENTED_EDGE ( 'NONE', *, *, #3308, .F. ) ;
#2570 = CARTESIAN_POINT ( 'NONE',  ( 2.110245542610794445, 0.000000000000000000, -0.7215162773531212936 ) ) ;
#2571 = VECTOR ( 'NONE', #2923, 39.37007874015748143 ) ;
#2572 = CARTESIAN_POINT ( 'NONE',  ( 1.560304487179905664, 0.000000000000000000, -0.5196484375000000044 ) ) ;
#2573 = CARTESIAN_POINT ( 'NONE',  ( 0.000000000000000000, 0.1400000000000000133, -0.1250000000000000278 ) ) ;
#2574 = CARTESIAN_POINT ( 'NONE',  ( 1.010122235186169393, 0.04000000000000000083, -0.5144648697149064587 ) ) ;
#2575 = EDGE_LOOP ( 'NONE', ( #5716, #2057, #1400, #3747 ) ) ;
#2576 = CARTESIAN_POINT ( 'NONE',  ( 2.064929235405824404, 0.000000000000000000, -0.4978859496103231752 ) ) ;
#2577 = CARTESIAN_POINT ( 'NONE',  ( 2.061409850723055381, 0.04000000000000000083, -0.5025771258101796590 ) ) ;
#2578 = EDGE_CURVE ( 'NONE', #1130, #1116, #4568, .T. ) ;
#2579 = CARTESIAN_POINT ( 'NONE',  ( 1.051111225091001966, 0.04000000000000000083, -0.6690768429477933488 ) ) ;
#2580 = CARTESIAN_POINT ( 'NONE',  ( 0.2000000000000000111, 0.07499999999999999722, -0.6149999999999999911 ) ) ;
#2581 = CARTESIAN_POINT ( 'NONE',  ( 2.027214892973301819, 0.04000000000000000083, -0.6924726754716854504 ) ) ;
#2582 = CARTESIAN_POINT ( 'NONE',  ( 1.940932398142129811, 0.04000000000000000083, -0.6085854038213164285 ) ) ;
#2583 = AXIS2_PLACEMENT_3D ( 'NONE', #3035, #2939, #5893 ) ;
#2584 = EDGE_LOOP ( 'NONE', ( #5168, #1017, #4883, #1870 ) ) ;
#2585 = B_SPLINE_CURVE_WITH_KNOTS ( 'NONE', 3,
 ( #2089, #583, #107, #5928, #4552, #2118, #1665 ),
 .UNSPECIFIED., .F., .F.,
 ( 4, 1, 1, 1, 4 ),
 ( 0.000000000000000000, 0.2690630086932779830, 0.5190356294881061094, 0.7598120114060888941, 1.000000000000000000 ),
 .UNSPECIFIED. ) ;
#2586 = ORIENTED_EDGE ( 'NONE', *, *, #108, .F. ) ;
#2587 = CARTESIAN_POINT ( 'NONE',  ( 1.702075544601744372, 0.000000000000000000, -0.5021292573646175539 ) ) ;
#2588 = LINE ( 'NONE', #3605, #3184 ) ;
#2589 = CARTESIAN_POINT ( 'NONE',  ( 1.693409955929905619, 0.000000000000000000, -0.6500195312500000044 ) ) ;
#2590 = DIRECTION ( 'NONE',  ( -0.5773502691896247319, 0.5773502691896310601, -0.5773502691896215122 ) ) ;
#2591 = AXIS2_PLACEMENT_3D ( 'NONE', #1983, #1890, #926 ) ;
#2592 = EDGE_LOOP ( 'NONE', ( #5851, #2347, #790, #2038 ) ) ;
#2593 = CARTESIAN_POINT ( 'NONE',  ( 1.404298627804905442, 0.04000000000000000083, -0.4893750000000000044 ) ) ;
#2594 = CARTESIAN_POINT ( 'NONE',  ( 1.560304487179905664, 0.04000000000000000083, -0.6799999999999999378 ) ) ;
#2595 = CARTESIAN_POINT ( 'NONE',  ( 0.2000000000000000111, 0.07499999999999999722, -0.6149999999999999911 ) ) ;
#2596 = DIRECTION ( 'NONE',  ( 0.9815851488280638026, 0.000000000000000000, -0.1910251177206492290 ) ) ;
#2597 = CARTESIAN_POINT ( 'NONE',  ( 1.928086293975099341, 0.04000000000000000083, -0.6920564396778251526 ) ) ;
#2598 = ORIENTED_EDGE ( 'NONE', *, *, #3328, .F. ) ;
#2599 = CIRCLE ( 'NONE', #3721, 0.06250000000000001388 ) ;
#2600 = EDGE_LOOP ( 'NONE', ( #1098, #735, #1750, #3321, #5557, #2081, #5780, #4573 ) ) ;
#2601 = ORIENTED_EDGE ( 'NONE', *, *, #751, .T. ) ;
#2602 = CARTESIAN_POINT ( 'NONE',  ( 2.107111404935126941, 0.000000000000000000, -0.7266000665955246740 ) ) ;
#2603 = EDGE_CURVE ( 'NONE', #1305, #5919, #2805, .T. ) ;
#2604 = CARTESIAN_POINT ( 'NONE',  ( 1.576503429023484726, 0.000000000000000000, -0.4911699182281333842 ) ) ;
#2605 = LINE ( 'NONE', #1600, #713 ) ;
#2606 = EDGE_CURVE ( 'NONE', #238, #5966, #753, .T. ) ;
#2607 = B_SPLINE_SURFACE_WITH_KNOTS ( 'NONE', 3, 1, ( 
 ( #2613, #4553 ),
 ( #2547, #5094 ),
 ( #1223, #5962 ),
 ( #169, #4079 ),
 ( #2119, #4110 ),
 ( #704, #1666 ),
 ( #1576, #5565 ),
 ( #2186, #4144 ),
 ( #6079, #3540 ),
 ( #5477, #1693 ),
 ( #3183, #5124 ),
 ( #1094, #6115 ),
 ( #2714, #292 ),
 ( #1792, #2350 ),
 ( #1730, #769 ) ),
 .UNSPECIFIED., .F., .F., .F.,
 ( 4, 1, 1, 1, 1, 1, 1, 1, 1, 1, 1, 1, 4 ),
 ( 2, 2 ),
 ( 0.000000000000000000, 0.09205312451680723596, 0.1769450435511222830, 0.2538380710616470748, 0.3234417386752869161, 0.3904016918865663710, 0.4607757796727417476, 0.5324700122916071754, 0.6105580655028191028, 0.6951179418603872229, 0.7882534485539408609, 0.8894766297257150622, 1.000000000000000000 ),
 ( 0.000000000000000000, 1.000000000000000000 ),
 .UNSPECIFIED. ) ;
#2608 = B_SPLINE_CURVE_WITH_KNOTS ( 'NONE', 3,
 ( #2899, #446, #4328, #1978, #4129, #220, #5552, #1560, #2565, #5980, #2045, #6066, #6009, #1144, #96 ),
 .UNSPECIFIED., .F., .F.,
 ( 4, 1, 1, 1, 1, 1, 1, 1, 1, 1, 1, 1, 4 ),
 ( 0.000000000000000000, 0.1222949938864778124, 0.2286286528862490897, 0.3182628567669206210, 0.3913788219531474932, 0.4539022426926815901, 0.5143803733557370528, 0.5744352707559096105, 0.6372430550670444838, 0.7073086258173409968, 0.7906023698698244617, 0.8879324945909642386, 1.000000000000000000 ),
 .UNSPECIFIED. ) ;
#2609 = B_SPLINE_CURVE_WITH_KNOTS ( 'NONE', 3,
 ( #6228, #1461, #5878, #3304, #4894, #502, #4383, #5244, #2374, #2464, #4806 ),
 .UNSPECIFIED., .F., .F.,
 ( 4, 1, 1, 1, 1, 1, 1, 1, 4 ),
 ( 0.000000000000000000, 0.1395642491078828151, 0.2676158841578833436, 0.3871625851447760835, 0.5033746567004202532, 0.6189297495907163382, 0.7365412102021500207, 0.8613167564720007885, 1.000000000000000000 ),
 .UNSPECIFIED. ) ;
#2610 = ORIENTED_EDGE ( 'NONE', *, *, #2924, .T. ) ;
#2611 = CARTESIAN_POINT ( 'NONE',  ( 1.657621228432649918, 0.04000000000000000083, -0.5390989695264859494 ) ) ;
#2612 = CARTESIAN_POINT ( 'NONE',  ( 1.426857221554905575, 0.04000000000000000083, -0.7362499999999999600 ) ) ;
#2613 = CARTESIAN_POINT ( 'NONE',  ( 1.657179487179905708, 0.04000000000000000083, -0.5469433593750000488 ) ) ;
#2614 = CARTESIAN_POINT ( 'NONE',  ( 1.397427255402597046, 0.04000000000000000083, -0.7347834679733039609 ) ) ;
#2615 = CARTESIAN_POINT ( 'NONE',  ( 2.027214892973301819, 0.000000000000000000, -0.6924726754716854504 ) ) ;
#2616 = CARTESIAN_POINT ( 'NONE',  ( 0.8972963424864434101, 0.04000000000000000083, -0.5017395451863837508 ) ) ;
#2617 = FACE_OUTER_BOUND ( 'NONE', #3969, .T. ) ;
#2618 = EDGE_CURVE ( 'NONE', #1225, #5206, #954, .T. ) ;
#2619 = ORIENTED_EDGE ( 'NONE', *, *, #6110, .F. ) ;
#2620 = CARTESIAN_POINT ( 'NONE',  ( 1.723331972758510355, 0.04000000000000000083, -0.4949251846485587802 ) ) ;
#2621 = CARTESIAN_POINT ( 'NONE',  ( 0.8942947290157428064, 0.000000000000000000, -0.4972820757421343441 ) ) ;
#2622 = CARTESIAN_POINT ( 'NONE',  ( 2.083507787569097491, 0.04000000000000000083, -0.7362273807603317843 ) ) ;
#2623 = CARTESIAN_POINT ( 'NONE',  ( 1.010304487179905841, 0.04000000000000000083, -0.7072949218750000933 ) ) ;
#2624 = DIRECTION ( 'NONE',  ( -0.000000000000000000, -1.000000000000000000, -0.000000000000000000 ) ) ;
#2625 = CARTESIAN_POINT ( 'NONE',  ( 0.9617045812454951825, 0.000000000000000000, -0.4979291817477100590 ) ) ;
#2626 = CARTESIAN_POINT ( 'NONE',  ( 0.8478044871799053084, 0.000000000000000000, -0.5198437500000000488 ) ) ;
#2628 = CARTESIAN_POINT ( 'NONE',  ( 0.8311052684299053972, 0.04000000000000000083, -0.7079785156249999156 ) ) ;
#2627 = B_SPLINE_CURVE_WITH_KNOTS ( 'NONE', 3,
 ( #4088, #5071, #2721, #3549, #5039, #2621, #4118, #6027, #5484, #4026, #3639 ),
 .UNSPECIFIED., .F., .F.,
 ( 4, 1, 1, 1, 1, 1, 1, 1, 4 ),
 ( 0.000000000000000000, 0.1223731541130507472, 0.2362811909163045343, 0.3470119684561828177, 0.4604108216925586472, 0.5797917582613334453, 0.7068249063641643959, 0.8448649611941178028, 0.9999999999999998890 ),
 .UNSPECIFIED. ) ;
#2629 = LINE ( 'NONE', #4571, #5089 ) ;
#2630 = ORIENTED_EDGE ( 'NONE', *, *, #3186, .T. ) ;
#2631 = FACE_OUTER_BOUND ( 'NONE', #5043, .T. ) ;
#2632 = VERTEX_POINT ( 'NONE', #5549 ) ;
#2633 = ORIENTED_EDGE ( 'NONE', *, *, #5030, .T. ) ;
#2634 = CARTESIAN_POINT ( 'NONE',  ( 1.457960737179905486, 0.04000000000000000083, -0.5314648437500000266 ) ) ;
#2635 = CARTESIAN_POINT ( 'NONE',  ( 1.530605170206580601, 0.000000000000000000, -0.5301263936895446172 ) ) ;
#2636 = CARTESIAN_POINT ( 'NONE',  ( 1.560515363671391986, 0.04000000000000000083, -0.5132625730204321002 ) ) ;
#2637 = CARTESIAN_POINT ( 'NONE',  ( 1.119425891385690042, 0.04000000000000000083, -0.7351717324689980293 ) ) ;
#2638 = VECTOR ( 'NONE', #2243, 39.37007874015748854 ) ;
#2639 = ORIENTED_EDGE ( 'NONE', *, *, #2392, .F. ) ;
#2640 = CARTESIAN_POINT ( 'NONE',  ( 2.057257510028259517, -0.000000000000000000, -0.5186778385476670250 ) ) ;
#2641 = CARTESIAN_POINT ( 'NONE',  ( 1.459595107145875037, 0.04000000000000000083, -0.7194963355705181751 ) ) ;
#2642 = EDGE_CURVE ( 'NONE', #1880, #254, #5106, .T. ) ;
#2643 = DIRECTION ( 'NONE',  ( 1.000000000000000000, 0.000000000000000000, 1.724651511151681521E-17 ) ) ;
#2644 = CARTESIAN_POINT ( 'NONE',  ( 1.731848186306505610, 0.000000000000000000, -0.7357802255022201088 ) ) ;
#2645 = CARTESIAN_POINT ( 'NONE',  ( 2.029786909054905220, 0.04000000000000000083, -0.6925000000000000044 ) ) ;
#2646 = CARTESIAN_POINT ( 'NONE',  ( 1.433115318383023640, 0.000000000000000000, -0.7361275896145631492 ) ) ;
#2647 = ORIENTED_EDGE ( 'NONE', *, *, #1238, .F. ) ;
#2648 = CARTESIAN_POINT ( 'NONE',  ( 0.9009294871799053972, 0.04000000000000000083, -0.7016796874999999822 ) ) ;
#2649 = ORIENTED_EDGE ( 'NONE', *, *, #1638, .T. ) ;
#2650 = CARTESIAN_POINT ( 'NONE',  ( 1.225653139869469443, 0.000000000000000000, -0.7333496907531326103 ) ) ;
#2651 = DIRECTION ( 'NONE',  ( 0.000000000000000000, -1.000000000000000000, 0.000000000000000000 ) ) ;
#2652 = CARTESIAN_POINT ( 'NONE',  ( 2.113429487179905308, 0.04000000000000000083, -0.7037304687500000044 ) ) ;
#2653 = CARTESIAN_POINT ( 'NONE',  ( 2.001571731730191317, 0.000000000000000000, -0.6300410242652461079 ) ) ;
#2654 = CARTESIAN_POINT ( 'NONE',  ( 1.798314247221638684, 0.04000000000000000083, -0.5381625900991808820 ) ) ;
#2655 = ORIENTED_EDGE ( 'NONE', *, *, #5263, .T. ) ;
#2656 = VECTOR ( 'NONE', #2719, 39.37007874015748143 ) ;
#2657 = CARTESIAN_POINT ( 'NONE',  ( 1.676804996875719045, 0.000000000000000000, -0.6542057912973630041 ) ) ;
#2658 = CARTESIAN_POINT ( 'NONE',  ( 0.1250000000000000000, 0.000000000000000000, -3.414809992080329023E-17 ) ) ;
#2659 = FACE_OUTER_BOUND ( 'NONE', #2575, .T. ) ;
#2660 = CARTESIAN_POINT ( 'NONE',  ( 1.944682442151357327, 0.000000000000000000, -0.7167076236229928954 ) ) ;
#2661 = CARTESIAN_POINT ( 'NONE',  ( 1.931163929458668882, 0.000000000000000000, -0.6989466174180838376 ) ) ;
#2662 = DIRECTION ( 'NONE',  ( -0.000000000000000000, -1.000000000000000000, -0.000000000000000000 ) ) ;
#2663 = EDGE_CURVE ( 'NONE', #1010, #1405, #4221, .T. ) ;
#2664 = AXIS2_PLACEMENT_3D ( 'NONE', #2539, #5953, #1565 ) ;
#2665 = ORIENTED_EDGE ( 'NONE', *, *, #2048, .F. ) ;
#2666 = ORIENTED_EDGE ( 'NONE', *, *, #4205, .F. ) ;
#2667 = EDGE_CURVE ( 'NONE', #173, #5843, #2204, .T. ) ;
#2668 = DIRECTION ( 'NONE',  ( -1.000000000000000000, -0.000000000000000000, -0.000000000000000000 ) ) ;
#2669 = CARTESIAN_POINT ( 'NONE',  ( 1.987799062737381162, 0.04000000000000000083, -0.6372473612529567788 ) ) ;
#2670 = CARTESIAN_POINT ( 'NONE',  ( 0.4375624944334203792, 0.07000000000000000666, -0.8622057382686417748 ) ) ;
#2671 = B_SPLINE_CURVE_WITH_KNOTS ( 'NONE', 3,
 ( #5217, #5185, #799, #829, #6078, #4236, #6172, #1791, #3756, #2809, #4747 ),
 .UNSPECIFIED., .F., .F.,
 ( 4, 1, 1, 1, 1, 1, 1, 1, 4 ),
 ( 0.000000000000000000, 0.1401180047643451332, 0.2686100580034988528, 0.3908975091221431053, 0.5089641436815214304, 0.6263889689773974867, 0.7425663412124188234, 0.8660351272880012496, 1.000000000000000000 ),
 .UNSPECIFIED. ) ;
#2672 = CARTESIAN_POINT ( 'NONE',  ( 1.375929487179905486, 0.04000000000000000083, -0.7068066406249999822 ) ) ;
#2673 = ADVANCED_FACE ( 'NONE', ( #4666 ), #183, .T. ) ;
#2674 = ORIENTED_EDGE ( 'NONE', *, *, #1985, .T. ) ;
#2675 = CARTESIAN_POINT ( 'NONE',  ( 0.5000000000000000000, 0.07000000000000000666, -0.9274999999999998801 ) ) ;
#2676 = CARTESIAN_POINT ( 'NONE',  ( 1.212719781241064609, 0.04000000000000000083, -0.4894709107017727323 ) ) ;
#2677 = CARTESIAN_POINT ( 'NONE',  ( 1.056211293975100052, 0.000000000000000000, -0.6920564396778251526 ) ) ;
#2678 = VECTOR ( 'NONE', #1134, 39.37007874015748143 ) ;
#2679 = CARTESIAN_POINT ( 'NONE',  ( 1.673936597650692137, 0.000000000000000000, -0.6998280544597671460 ) ) ;
#2680 = CARTESIAN_POINT ( 'NONE',  ( 0.7283223191602938851, 0.04000000000000000083, -0.7391253615402667565 ) ) ;
#2681 = CARTESIAN_POINT ( 'NONE',  ( 1.836002695480820401, 0.000000000000000000, -0.5878216532983788767 ) ) ;
#2682 = ORIENTED_EDGE ( 'NONE', *, *, #2114, .T. ) ;
#2683 = DIRECTION ( 'NONE',  ( -0.000000000000000000, -1.000000000000000000, -0.000000000000000000 ) ) ;
#2684 = CARTESIAN_POINT ( 'NONE',  ( 0.9542919257015421985, 0.04000000000000000083, -0.5147207550859113079 ) ) ;
#2685 = VERTEX_POINT ( 'NONE', #2658 ) ;
#2686 = ADVANCED_FACE ( 'NONE', ( #1205 ), #6033, .F. ) ;
#2687 = CARTESIAN_POINT ( 'NONE',  ( 1.606691871339055222, 0.000000000000000000, -0.4969210215378405127 ) ) ;
#2688 = CARTESIAN_POINT ( 'NONE',  ( 2.057179487179905397, 0.000000000000000000, -0.6268749999999999600 ) ) ;
#2689 = EDGE_CURVE ( 'NONE', #3572, #3236, #2169, .T. ) ;
#2690 = FACE_OUTER_BOUND ( 'NONE', #573, .T. ) ;
#2691 = VECTOR ( 'NONE', #3395, 39.37007874015748143 ) ;
#2692 = CARTESIAN_POINT ( 'NONE',  ( 1.104657787042074624, 0.04000000000000000083, -0.7328658653892223818 ) ) ;
#2693 = VECTOR ( 'NONE', #4681, 39.37007874015748143 ) ;
#2694 = B_SPLINE_CURVE_WITH_KNOTS ( 'NONE', 3,
 ( #4020, #3569, #1577, #3510, #3541, #586, #5478 ),
 .UNSPECIFIED., .F., .F.,
 ( 4, 1, 1, 1, 4 ),
 ( 0.000000000000000000, 0.2690630086932779830, 0.5190356294881061094, 0.7598120114060888941, 1.000000000000000000 ),
 .UNSPECIFIED. ) ;
#2695 = CARTESIAN_POINT ( 'NONE',  ( 1.791801517429670199, 0.04000000000000000083, -0.5359145275914167783 ) ) ;
#2696 = B_SPLINE_CURVE_WITH_KNOTS ( 'NONE', 3,
 ( #2499, #1111, #2005, #3021, #5910, #2561, #657, #3048, #4064, #92, #2073, #4001, #2531, #3970, #6004 ),
 .UNSPECIFIED., .F., .F.,
 ( 4, 1, 1, 1, 1, 1, 1, 1, 1, 1, 1, 1, 4 ),
 ( 0.000000000000000000, 0.1034052082864633099, 0.1942621505951396821, 0.2740690385957843533, 0.3420949973771597041, 0.4058894925794381825, 0.4739550307434834409, 0.5465684191698734207, 0.6247960913698367147, 0.7080746101722659169, 0.7957400007157737765, 0.8922413854497031060, 0.9999999999999998890 ),
 .UNSPECIFIED. ) ;
#2697 = CARTESIAN_POINT ( 'NONE',  ( 1.691383674748812460, 0.000000000000000000, -0.6501121880039365530 ) ) ;
#2698 = CARTESIAN_POINT ( 'NONE',  ( 1.671979584735631352, 0.04000000000000000083, -0.6200600494550865260 ) ) ;
#2699 = EDGE_CURVE ( 'NONE', #1338, #376, #2880, .T. ) ;
#2700 = CARTESIAN_POINT ( 'NONE',  ( 1.792390993416857814, 0.04000000000000000083, -0.6929414081459976948 ) ) ;
#2701 = LINE ( 'NONE', #4094, #227 ) ;
#2702 = CARTESIAN_POINT ( 'NONE',  ( 1.512166063596593224, 0.04000000000000000083, -0.4933984099248497346 ) ) ;
#2703 = CARTESIAN_POINT ( 'NONE',  ( 1.981037933886112601, 0.000000000000000000, -0.7337673975142066096 ) ) ;
#2704 = VERTEX_POINT ( 'NONE', #3741 ) ;
#2705 = ORIENTED_EDGE ( 'NONE', *, *, #4138, .T. ) ;
#2706 = CARTESIAN_POINT ( 'NONE',  ( 1.391183730908384097, 0.000000000000000000, -0.7327621706631577414 ) ) ;
#2707 = CARTESIAN_POINT ( 'NONE',  ( 1.512166063596593224, 0.04000000000000000083, -0.4933984099248497346 ) ) ;
#2708 = CARTESIAN_POINT ( 'NONE',  ( 1.928623798460251004, 0.000000000000000000, -0.6279117520509202022 ) ) ;
#2709 = B_SPLINE_SURFACE_WITH_KNOTS ( 'NONE', 3, 1, ( 
 ( #3248, #3665 ),
 ( #5600, #1191 ),
 ( #5157, #3155 ),
 ( #1224, #5096 ),
 ( #770, #2681 ),
 ( #237, #3185 ),
 ( #5126, #960 ),
 ( #928, #4845 ),
 ( #2873, #390 ),
 ( #482, #5824 ),
 ( #2447, #4302 ),
 ( #1893, #4392 ),
 ( #4334, #4268 ),
 ( #4, #5730 ),
 ( #2841, #454 ),
 ( #2812, #1863 ),
 ( #420, #3409 ),
 ( #2937, #1955 ),
 ( #861, #5694 ) ),
 .UNSPECIFIED., .F., .F., .F.,
 ( 4, 1, 1, 1, 1, 1, 1, 1, 1, 1, 1, 1, 1, 1, 1, 1, 4 ),
 ( 2, 2 ),
 ( 0.000000000000000000, 0.08182733182821372298, 0.1583472116030950338, 0.2306556717352037100, 0.2984336761490579693, 0.3629752137949624480, 0.4241354733974939673, 0.4833404898126505422, 0.5404489010828538165, 0.5965863673725729788, 0.6516263808094682197, 0.7065787043126550149, 0.7618096902813250582, 0.8178554473551580273, 0.8759158008403525875, 0.9365891825421323036, 0.9999999999999998890 ),
 ( 0.000000000000000000, 1.000000000000000000 ),
 .UNSPECIFIED. ) ;
#2710 = CARTESIAN_POINT ( 'NONE',  ( 1.100490034054905752, 0.000000000000000000, -0.7317089843750000933 ) ) ;
#2711 = EDGE_LOOP ( 'NONE', ( #3864, #3629, #607, #2798 ) ) ;
#2712 = CARTESIAN_POINT ( 'NONE',  ( 0.9009294871799053972, 0.04000000000000000083, -0.7016796874999999822 ) ) ;
#2713 = CARTESIAN_POINT ( 'NONE',  ( 1.185532124056223102, 0.04000000000000000083, -0.5142886079259293419 ) ) ;
#2714 = CARTESIAN_POINT ( 'NONE',  ( 1.676658021327765979, 0.04000000000000000083, -0.5145513045461380663 ) ) ;
#2715 = CARTESIAN_POINT ( 'NONE',  ( 1.967856238116828749, 0.04000000000000000083, -0.5908602598766081737 ) ) ;
#2716 = ORIENTED_EDGE ( 'NONE', *, *, #4604, .F. ) ;
#2717 = CARTESIAN_POINT ( 'NONE',  ( 2.229999999999999538, 0.1400000000000000133, -0.1250000000000000278 ) ) ;
#2718 = VECTOR ( 'NONE', #5199, 39.37007874015748143 ) ;
#2719 = DIRECTION ( 'NONE',  ( 1.000000000000000000, 0.000000000000000000, 1.724651511151681521E-17 ) ) ;
#2720 = CARTESIAN_POINT ( 'NONE',  ( 1.613429487179905530, 0.04000000000000000083, -0.5195996093750000488 ) ) ;
#2721 = CARTESIAN_POINT ( 'NONE',  ( 0.8812601051126202067, 0.000000000000000000, -0.4896107340137542674 ) ) ;
#2722 = CARTESIAN_POINT ( 'NONE',  ( 1.894394208361081411, 0.000000000000000000, -0.6279784448590506329 ) ) ;
#2723 = CARTESIAN_POINT ( 'NONE',  ( 2.021782668011069983, 0.000000000000000000, -0.6269579293438025669 ) ) ;
#2724 = CARTESIAN_POINT ( 'NONE',  ( 1.712572332975243805, 0.000000000000000000, -0.5469684390282316677 ) ) ;
#2725 = ADVANCED_FACE ( 'NONE', ( #3897 ), #1421, .T. ) ;
#2726 = CARTESIAN_POINT ( 'NONE',  ( 1.666365687984099342, 0.000000000000000000, -0.6656937951576626933 ) ) ;
#2727 = CARTESIAN_POINT ( 'NONE',  ( 1.524806440304905530, 0.04000000000000000083, -0.7020214843750001155 ) ) ;
#2728 = EDGE_CURVE ( 'NONE', #534, #3572, #4240, .T. ) ;
#2729 = CARTESIAN_POINT ( 'NONE',  ( 1.894394208361081411, 0.04000000000000000083, -0.6279784448590506329 ) ) ;
#2730 = PLANE ( 'NONE',  #4722 ) ;
#2731 = CARTESIAN_POINT ( 'NONE',  ( 2.113358348082477800, -0.000000000000000000, -0.5189743242880153762 ) ) ;
#2732 = CARTESIAN_POINT ( 'NONE',  ( 1.137121359965232115, 0.04000000000000000083, -0.6912050257421651356 ) ) ;
#2733 = B_SPLINE_CURVE_WITH_KNOTS ( 'NONE', 3,
 ( #3220, #6147, #1765, #3730, #5664, #5190, #1444, #456, #4877, #3443, #422, #931, #1539, #962, #6275, #3474, #3380, #4937, #4909 ),
 .UNSPECIFIED., .F., .F.,
 ( 4, 1, 1, 1, 1, 1, 1, 1, 1, 1, 1, 1, 1, 1, 1, 1, 4 ),
 ( 0.000000000000000000, 0.08182733182821372298, 0.1583472116030950338, 0.2306556717352037100, 0.2984336761490579693, 0.3629752137949624480, 0.4241354733974939673, 0.4833404898126505422, 0.5404489010828538165, 0.5965863673725729788, 0.6516263808094682197, 0.7065787043126550149, 0.7618096902813250582, 0.8178554473551580273, 0.8759158008403525875, 0.9365891825421323036, 0.9999999999999998890 ),
 .UNSPECIFIED. ) ;
#2734 = EDGE_CURVE ( 'NONE', #1639, #1326, #2364, .T. ) ;
#2735 = ORIENTED_EDGE ( 'NONE', *, *, #2728, .T. ) ;
#2736 = ORIENTED_EDGE ( 'NONE', *, *, #905, .T. ) ;
#2737 = CARTESIAN_POINT ( 'NONE',  ( 1.772884450528833034, 0.000000000000000000, -0.6143659011276845217 ) ) ;
#2738 = CARTESIAN_POINT ( 'NONE',  ( 1.527352189719010322, 0.000000000000000000, -0.5157819592465736624 ) ) ;
#2739 = CARTESIAN_POINT ( 'NONE',  ( 1.894679487179905752, 0.04000000000000000083, -0.6143750000000000044 ) ) ;
#2740 = CARTESIAN_POINT ( 'NONE',  ( 1.987745893429905264, 0.000000000000000000, -0.6829296874999999378 ) ) ;
#2741 = B_SPLINE_CURVE_WITH_KNOTS ( 'NONE', 3,
 ( #1319, #1894, #4846, #3281, #455, #1794, #2874 ),
 .UNSPECIFIED., .F., .F.,
 ( 4, 1, 1, 1, 4 ),
 ( 0.000000000000000000, 0.2690630086932790932, 0.5190356294881083299, 0.7598120114060945562, 1.000000000000000000 ),
 .UNSPECIFIED. ) ;
#2742 = ORIENTED_EDGE ( 'NONE', *, *, #3189, .T. ) ;
#2743 = LINE ( 'NONE', #1790, #2693 ) ;
#2744 = CARTESIAN_POINT ( 'NONE',  ( 0.7665544871799053750, 0.04000000000000000083, -0.5189160156250000044 ) ) ;
#2745 = CARTESIAN_POINT ( 'NONE',  ( 1.680930020251101054, 0.000000000000000000, -0.6224926959607453014 ) ) ;
#2746 = CARTESIAN_POINT ( 'NONE',  ( 1.959995555432552550, 0.000000000000000000, -0.5942874467830964180 ) ) ;
#2747 = ORIENTED_EDGE ( 'NONE', *, *, #5929, .T. ) ;
#2748 = CARTESIAN_POINT ( 'NONE',  ( 0.6946794871799053528, 0.04000000000000000083, -0.7089062499999998490 ) ) ;
#2749 = CARTESIAN_POINT ( 'NONE',  ( 1.185304487179905886, 0.04000000000000000083, -0.5209667968750000266 ) ) ;
#2750 = CARTESIAN_POINT ( 'NONE',  ( 1.717106793559112665, 0.04000000000000000083, -0.5447731005710385599 ) ) ;
#2751 = CARTESIAN_POINT ( 'NONE',  ( 1.664406049679905797, 0.04000000000000000083, -0.6747265625000000711 ) ) ;
#2752 = CARTESIAN_POINT ( 'NONE',  ( 1.752197867299052580, 0.000000000000000000, -0.5801289281510280116 ) ) ;
#2753 = CARTESIAN_POINT ( 'NONE',  ( 0.7230486278049053084, 0.000000000000000000, -0.7393750000000000044 ) ) ;
#2754 = ORIENTED_EDGE ( 'NONE', *, *, #4629, .F. ) ;
#2755 = CARTESIAN_POINT ( 'NONE',  ( 1.462584698831354668, 0.000000000000000000, -0.5150544321967966965 ) ) ;
#2756 = ORIENTED_EDGE ( 'NONE', *, *, #5417, .F. ) ;
#2757 = CARTESIAN_POINT ( 'NONE',  ( 1.241483348082478066, 0.04000000000000000083, -0.5189743242880153762 ) ) ;
#2758 = CARTESIAN_POINT ( 'NONE',  ( 1.657217684161891968, 0.04000000000000000083, -0.5934167419783636932 ) ) ;
#2759 = VECTOR ( 'NONE', #4167, 39.37007874015748143 ) ;
#2760 = CARTESIAN_POINT ( 'NONE',  ( 1.798645790280699375, 0.000000000000000000, -0.6907216911062845632 ) ) ;
#2761 = CARTESIAN_POINT ( 'NONE',  ( 2.329999999999999627, 0.2149999999999981093, 0.000000000000000000 ) ) ;
#2762 = CARTESIAN_POINT ( 'NONE',  ( 1.500687740155434380, 0.04000000000000000083, -0.4894841393225337067 ) ) ;
#2763 = CARTESIAN_POINT ( 'NONE',  ( 1.006398639980607523, 0.000000000000000000, -0.7265893274304040528 ) ) ;
#2764 = EDGE_LOOP ( 'NONE', ( #2001, #3683, #3880, #3519 ) ) ;
#2765 = ORIENTED_EDGE ( 'NONE', *, *, #4294, .F. ) ;
#2766 = CARTESIAN_POINT ( 'NONE',  ( 2.021782668011069983, 0.04000000000000000083, -0.6269579293438025669 ) ) ;
#2767 = ORIENTED_EDGE ( 'NONE', *, *, #4551, .F. ) ;
#2768 = DIRECTION ( 'NONE',  ( -0.2279442785594660015, 0.000000000000000000, 0.9736741784971009173 ) ) ;
#2769 = CARTESIAN_POINT ( 'NONE',  ( 1.979306421502357916, 0.000000000000000000, -0.6665005902013986239 ) ) ;
#2770 = EDGE_CURVE ( 'NONE', #2175, #1520, #3391, .T. ) ;
#2771 = EDGE_CURVE ( 'NONE', #3546, #1335, #4763, .T. ) ;
#2772 = ORIENTED_EDGE ( 'NONE', *, *, #4975, .T. ) ;
#2773 = CARTESIAN_POINT ( 'NONE',  ( 0.7332614639089398700, 0.04000000000000000083, -0.7376097719688642362 ) ) ;
#2774 = CARTESIAN_POINT ( 'NONE',  ( 2.086769330929905131, 0.04000000000000000083, -0.4893750000000000044 ) ) ;
#2775 = CARTESIAN_POINT ( 'NONE',  ( 1.100490034054905752, 0.04000000000000000083, -0.7317089843750000933 ) ) ;
#2776 = CARTESIAN_POINT ( 'NONE',  ( 2.013866381153823326, 0.000000000000000000, -0.5831681608761836166 ) ) ;
#2777 = LINE ( 'NONE', #863, #828 ) ;
#2778 = CARTESIAN_POINT ( 'NONE',  ( 1.185532124056223102, 0.04000000000000000083, -0.5142886079259293419 ) ) ;
#2779 = EDGE_CURVE ( 'NONE', #206, #4995, #2101, .T. ) ;
#2780 = LINE ( 'NONE', #360, #1316 ) ;
#2781 = VECTOR ( 'NONE', #58, 39.37007874015748143 ) ;
#2782 = CARTESIAN_POINT ( 'NONE',  ( 1.238370542610794933, 0.000000000000000000, -0.7215162773531212936 ) ) ;
#2783 = CARTESIAN_POINT ( 'NONE',  ( 1.763777133497301586, 0.000000000000000000, -0.5825476701987745143 ) ) ;
#2784 = CARTESIAN_POINT ( 'NONE',  ( 1.886340918577241954, 0.000000000000000000, -0.6657903054405369669 ) ) ;
#2785 = VERTEX_POINT ( 'NONE', #2887 ) ;
#2786 = DIRECTION ( 'NONE',  ( -1.000000000000000000, 0.000000000000000000, 0.000000000000000000 ) ) ;
#2787 = CARTESIAN_POINT ( 'NONE',  ( 1.838281702508807403, 0.04000000000000000083, -0.6058431670515889156 ) ) ;
#2788 = CARTESIAN_POINT ( 'NONE',  ( 1.681828174618588800, 0.000000000000000000, -0.6517141322442286944 ) ) ;
#2789 = CARTESIAN_POINT ( 'NONE',  ( 1.728900917347253152, 0.000000000000000000, -0.6799757533355104133 ) ) ;
#2790 = CARTESIAN_POINT ( 'NONE',  ( 1.778631139808374284, 0.04000000000000000083, -0.6954999401474570853 ) ) ;
#2791 = FACE_OUTER_BOUND ( 'NONE', #2933, .T. ) ;
#2792 = CARTESIAN_POINT ( 'NONE',  ( 0.8478044871799053084, 0.04000000000000000083, -0.5198437500000000488 ) ) ;
#2793 = VECTOR ( 'NONE', #6162, 39.37007874015748143 ) ;
#2794 = B_SPLINE_CURVE_WITH_KNOTS ( 'NONE', 3,
 ( #1318, #4874, #3886, #6207, #4782, #6238, #356, #3280, #6273, #5794, #4749, #3314, #2417, #2316, #5763 ),
 .UNSPECIFIED., .F., .F.,
 ( 4, 1, 1, 1, 1, 1, 1, 1, 1, 1, 1, 1, 4 ),
 ( 0.000000000000000000, 0.08052749546006585102, 0.1557511882370008760, 0.2241427968279403882, 0.2877648094757402353, 0.3477864607779119210, 0.4043844265791493031, 0.4586476125116776825, 0.5125118302262239300, 0.6218513028698997580, 0.7381902753420745977, 0.8627846496160036516, 1.000000000000000000 ),
 .UNSPECIFIED. ) ;
#2795 = VECTOR ( 'NONE', #5634, 39.37007874015748143 ) ;
#2796 = CARTESIAN_POINT ( 'NONE',  ( 1.157911909054905708, 8.537024980200822558E-18, -0.6925000000000000044 ) ) ;
#2797 = ORIENTED_EDGE ( 'NONE', *, *, #558, .F. ) ;
#2798 = ORIENTED_EDGE ( 'NONE', *, *, #3346, .T. ) ;
#2799 = EDGE_CURVE ( 'NONE', #410, #3616, #6287, .T. ) ;
#2800 = LINE ( 'NONE', #2372, #4501 ) ;
#2801 = ORIENTED_EDGE ( 'NONE', *, *, #782, .T. ) ;
#2802 = CARTESIAN_POINT ( 'NONE',  ( 1.457960737179905486, 0.000000000000000000, -0.5314648437500000266 ) ) ;
#2803 = DIRECTION ( 'NONE',  ( -0.7071067811865455743, 0.000000000000000000, 0.7071067811865494601 ) ) ;
#2804 = CARTESIAN_POINT ( 'NONE',  ( 1.667807909642012865, 0.04000000000000000083, -0.6890069819365174375 ) ) ;
#2805 = B_SPLINE_CURVE_WITH_KNOTS ( 'NONE', 3,
 ( #5612, #2232, #6063, #4699, #1711, #1677, #689 ),
 .UNSPECIFIED., .F., .F.,
 ( 4, 1, 1, 1, 4 ),
 ( 0.000000000000000000, 0.2943402270832192191, 0.5600815636156156740, 0.7933767436914694882, 1.000000000000000000 ),
 .UNSPECIFIED. ) ;
#2806 = EDGE_LOOP ( 'NONE', ( #5853, #5918, #1684, #4209 ) ) ;
#2807 = CARTESIAN_POINT ( 'NONE',  ( 1.418549276487558020, 0.000000000000000000, -0.4936193505801174664 ) ) ;
#2808 = ADVANCED_FACE ( 'NONE', ( #6282 ), #5837, .T. ) ;
#2809 = CARTESIAN_POINT ( 'NONE',  ( 0.8738356983049108129, -0.000000000000000000, -0.4894727179906456782 ) ) ;
#2810 = CARTESIAN_POINT ( 'NONE',  ( 0.7266619090549053528, 0.000000000000000000, -0.4893750000000000044 ) ) ;
#2811 = EDGE_CURVE ( 'NONE', #5421, #5304, #6061, .T. ) ;
#2812 = CARTESIAN_POINT ( 'NONE',  ( 1.784879200717557124, 0.04000000000000000083, -0.5343142984488762348 ) ) ;
#2813 = CARTESIAN_POINT ( 'NONE',  ( 2.648333333333330319, 0.4883333333333356729, -0.6366666666666711549 ) ) ;
#2814 = CARTESIAN_POINT ( 'NONE',  ( 1.522726018945274928, 0.04000000000000000083, -0.5045931464528480292 ) ) ;
#2815 = CARTESIAN_POINT ( 'NONE',  ( 0.9009294871799053972, 0.04000000000000000083, -0.5198437500000000488 ) ) ;
#2816 = CARTESIAN_POINT ( 'NONE',  ( 1.713966596554905575, 0.04000000000000000083, -0.6598339843749999600 ) ) ;
#2817 = B_SPLINE_CURVE_WITH_KNOTS ( 'NONE', 3,
 ( #290, #1314, #3723, #1285, #2807, #5725, #3245, #1347, #5184, #857, #2838 ),
 .UNSPECIFIED., .F., .F.,
 ( 4, 1, 1, 1, 1, 1, 1, 1, 4 ),
 ( 0.000000000000000000, 0.1178289174662618122, 0.2298717041193024391, 0.3399627030475842471, 0.4535632596048721488, 0.5726946505010789279, 0.7001359251603210820, 0.8414316731342473821, 1.000000000000000000 ),
 .UNSPECIFIED. ) ;
#2818 = CARTESIAN_POINT ( 'NONE',  ( 1.820855657916423453, 0.000000000000000000, -0.4977059771700541035 ) ) ;
#2819 = EDGE_CURVE ( 'NONE', #669, #24, #2456, .T. ) ;
#2820 = CARTESIAN_POINT ( 'NONE',  ( 1.781260387671455003, 0.000000000000000000, -0.7390843603633459047 ) ) ;
#2821 = ORIENTED_EDGE ( 'NONE', *, *, #2663, .F. ) ;
#2822 = CARTESIAN_POINT ( 'NONE',  ( 0.8759294871799053750, 0.04000000000000000083, -0.4893750000000000044 ) ) ;
#2823 = FACE_OUTER_BOUND ( 'NONE', #5751, .T. ) ;
#2824 = CARTESIAN_POINT ( 'NONE',  ( 2.097721635246173832, 0.04000000000000000083, -0.4912065637766125370 ) ) ;
#2825 = CARTESIAN_POINT ( 'NONE',  ( 1.776564252804905708, 0.000000000000000000, -0.6016308593750000488 ) ) ;
#2826 = CARTESIAN_POINT ( 'NONE',  ( 0.9713664042163668855, 0.000000000000000000, -0.7374641792590741485 ) ) ;
#2827 = LINE ( 'NONE', #2302, #2476 ) ;
#2828 = CARTESIAN_POINT ( 'NONE',  ( 1.143422436579220269, 0.04000000000000000083, -0.6920102964326763084 ) ) ;
#2829 = EDGE_LOOP ( 'NONE', ( #5004, #48, #5900, #2705 ) ) ;
#2830 = ORIENTED_EDGE ( 'NONE', *, *, #320, .T. ) ;
#2831 = CARTESIAN_POINT ( 'NONE',  ( 1.712658128297170013, 0.04000000000000000083, -0.4981184784900473117 ) ) ;
#2832 = ORIENTED_EDGE ( 'NONE', *, *, #4759, .T. ) ;
#2833 = CARTESIAN_POINT ( 'NONE',  ( 2.086769330929905131, 0.000000000000000000, -0.4893750000000000044 ) ) ;
#2834 = DIRECTION ( 'NONE',  ( -0.000000000000000000, -1.000000000000000000, -0.000000000000000000 ) ) ;
#2835 = PLANE ( 'NONE',  #3873 ) ;
#2836 = DIRECTION ( 'NONE',  ( -0.000000000000000000, -1.000000000000000000, -0.000000000000000000 ) ) ;
#2837 = ORIENTED_EDGE ( 'NONE', *, *, #324, .T. ) ;
#2838 = CARTESIAN_POINT ( 'NONE',  ( 1.429054487179905575, 0.000000000000000000, -0.5196484375000000044 ) ) ;
#2839 = CARTESIAN_POINT ( 'NONE',  ( 1.457960737179905486, 0.000000000000000000, -0.5314648437500000266 ) ) ;
#2840 = CARTESIAN_POINT ( 'NONE',  ( 1.657217684161891968, 0.04000000000000000083, -0.5934167419783636932 ) ) ;
#2841 = CARTESIAN_POINT ( 'NONE',  ( 1.791801517429670199, 0.04000000000000000083, -0.5359145275914167783 ) ) ;
#2842 = LINE ( 'NONE', #1289, #3701 ) ;
#2843 = EDGE_CURVE ( 'NONE', #1639, #564, #968, .T. ) ;
#2844 = PLANE ( 'NONE',  #2525 ) ;
#2845 = FACE_OUTER_BOUND ( 'NONE', #2108, .T. ) ;
#2846 = CARTESIAN_POINT ( 'NONE',  ( 1.778631139808374284, 0.04000000000000000083, -0.6954999401474570853 ) ) ;
#2847 = CARTESIAN_POINT ( 'NONE',  ( 1.429054487179905575, 0.04000000000000000083, -0.5196484375000000044 ) ) ;
#2848 = CARTESIAN_POINT ( 'NONE',  ( 1.185304487179905886, 0.04000000000000000083, -0.5209667968750000266 ) ) ;
#2849 = VECTOR ( 'NONE', #3156, 39.37007874015748143 ) ;
#2850 = VERTEX_POINT ( 'NONE', #1686 ) ;
#2851 = CARTESIAN_POINT ( 'NONE',  ( 2.092412491511593142, 0.04000000000000000083, -0.4896771582000231104 ) ) ;
#2852 = CARTESIAN_POINT ( 'NONE',  ( 1.769839029394348229, 0.04000000000000000083, -0.6176721814844803315 ) ) ;
#2853 = DIRECTION ( 'NONE',  ( 1.000000000000000000, -0.000000000000000000, -0.000000000000000000 ) ) ;
#2854 = CARTESIAN_POINT ( 'NONE',  ( 1.587301957338526304, 0.000000000000000000, -0.7360433113835537222 ) ) ;
#2855 = CARTESIAN_POINT ( 'NONE',  ( 1.586386269185758202, 0.04000000000000000083, -0.4894778167403063818 ) ) ;
#2856 = FACE_OUTER_BOUND ( 'NONE', #797, .T. ) ;
#2857 = LINE ( 'NONE', #4857, #4925 ) ;
#2858 = CARTESIAN_POINT ( 'NONE',  ( 1.241348367497592697, 0.000000000000000000, -0.5143599453195993876 ) ) ;
#2859 = VERTEX_POINT ( 'NONE', #792 ) ;
#2860 = VECTOR ( 'NONE', #3733, 39.37007874015748143 ) ;
#2861 = CARTESIAN_POINT ( 'NONE',  ( 1.745531162030891315, 0.04000000000000000083, -0.4906680382963545251 ) ) ;
#2862 = EDGE_LOOP ( 'NONE', ( #3814, #3455, #4388, #3779 ) ) ;
#2863 = CARTESIAN_POINT ( 'NONE',  ( 2.087418124153548327, 0.000000000000000000, -0.7358011333994025627 ) ) ;
#2864 = CARTESIAN_POINT ( 'NONE',  ( 1.712658128297170013, 0.000000000000000000, -0.4981184784900473117 ) ) ;
#2865 = CARTESIAN_POINT ( 'NONE',  ( 1.149907668011070472, 0.04000000000000000083, -0.6269579293438025669 ) ) ;
#2866 = CARTESIAN_POINT ( 'NONE',  ( 2.009895144867603012, 0.000000000000000000, -0.7362523579507957994 ) ) ;
#2867 = EDGE_CURVE ( 'NONE', #3722, #3737, #5151, .T. ) ;
#2868 = ORIENTED_EDGE ( 'NONE', *, *, #14, .F. ) ;
#2869 = CARTESIAN_POINT ( 'NONE',  ( 0.8702165965549053528, 0.000000000000000000, -0.7393750000000000044 ) ) ;
#2870 = CARTESIAN_POINT ( 'NONE',  ( 0.8625570961444087859, 0.04000000000000000083, -0.7387827557922144184 ) ) ;
#2871 = CARTESIAN_POINT ( 'NONE',  ( 0.9839861278049059079, 0.04000000000000000083, -0.7393750000000001155 ) ) ;
#2872 = EDGE_CURVE ( 'NONE', #1053, #24, #4578, .T. ) ;
#2873 = CARTESIAN_POINT ( 'NONE',  ( 1.824487736825889606, 0.04000000000000000083, -0.5593313761245476412 ) ) ;
#2874 = CARTESIAN_POINT ( 'NONE',  ( 1.987745893429905264, 0.000000000000000000, -0.6829296874999999378 ) ) ;
#2875 = PLANE ( 'NONE',  #1694 ) ;
#2876 = CARTESIAN_POINT ( 'NONE',  ( 1.952926659418518840, 0.04000000000000000083, -0.5984973928187045100 ) ) ;
#2877 = PLANE ( 'NONE',  #3157 ) ;
#2878 = CARTESIAN_POINT ( 'NONE',  ( 1.875431796667851980, 0.000000000000000000, -0.5408623662470751770 ) ) ;
#2879 = CARTESIAN_POINT ( 'NONE',  ( 0.7450025352503145681, 0.04000000000000000083, -0.4939107330302300869 ) ) ;
#2880 = B_SPLINE_CURVE_WITH_KNOTS ( 'NONE', 3,
 ( #721, #3707, #4125, #3678, #5644, #1777, #2698, #1271, #4157, #1237, #3230, #5170, #783, #2758, #2266 ),
 .UNSPECIFIED., .F., .F.,
 ( 4, 1, 1, 1, 1, 1, 1, 1, 1, 1, 1, 1, 4 ),
 ( 0.000000000000000000, 0.09272377659486601142, 0.1807643789926703659, 0.2652681729395943711, 0.3457875854624136158, 0.4222225138628163954, 0.4949001608196640367, 0.5671667024153693726, 0.6412352119551114615, 0.7193716595256073321, 0.8039038165697613980, 0.8964316416643115515, 1.000000000000000000 ),
 .UNSPECIFIED. ) ;
#2881 = EDGE_CURVE ( 'NONE', #6167, #3767, #344, .T. ) ;
#2882 = ORIENTED_EDGE ( 'NONE', *, *, #1766, .F. ) ;
#2883 = VECTOR ( 'NONE', #4618, 39.37007874015748143 ) ;
#2884 = CARTESIAN_POINT ( 'NONE',  ( 1.751759565304905619, 0.04000000000000000083, -0.6237500000000000266 ) ) ;
#2885 = CARTESIAN_POINT ( 'NONE',  ( 1.409415925713246587, 0.000000000000000000, -0.4896533112033676916 ) ) ;
#2886 = ADVANCED_FACE ( 'NONE', ( #5148 ), #2032, .T. ) ;
#2887 = CARTESIAN_POINT ( 'NONE',  ( 1.207521284054905886, 0.04000000000000000083, -0.7362499999999999600 ) ) ;
#2888 = CARTESIAN_POINT ( 'NONE',  ( 1.520271763518826758, 0.000000000000000000, -0.5006583000933099159 ) ) ;
#2889 = DIRECTION ( 'NONE',  ( 0.000000000000000000, 0.000000000000000000, 1.000000000000000000 ) ) ;
#2890 = AXIS2_PLACEMENT_3D ( 'NONE', #3542, #1695, #1635 ) ;
#2891 = CARTESIAN_POINT ( 'NONE',  ( 1.219187328429527151, 0.000000000000000000, -0.7352390000847036644 ) ) ;
#2892 = CARTESIAN_POINT ( 'NONE',  ( 1.126579248247542742, 0.04000000000000000083, -0.6888589245931213689 ) ) ;
#2893 = ORIENTED_EDGE ( 'NONE', *, *, #4200, .F. ) ;
#2894 = CARTESIAN_POINT ( 'NONE',  ( 1.531593549679905575, 0.04000000000000000083, -0.5353710937500000266 ) ) ;
#2895 = ORIENTED_EDGE ( 'NONE', *, *, #4978, .T. ) ;
#2896 = CARTESIAN_POINT ( 'NONE',  ( 2.100316344785508438, 0.000000000000000000, -0.7320200826854215137 ) ) ;
#2897 = CARTESIAN_POINT ( 'NONE',  ( 1.010241499067669357, -0.000000000000000000, -0.5191350500798622702 ) ) ;
#2898 = CARTESIAN_POINT ( 'NONE',  ( 1.108425589604966177, 0.000000000000000000, -0.6491831046553113715 ) ) ;
#2899 = CARTESIAN_POINT ( 'NONE',  ( 1.464894330929905619, 0.000000000000000000, -0.7020214843750001155 ) ) ;
#2900 = VERTEX_POINT ( 'NONE', #3333 ) ;
#2901 = AXIS2_PLACEMENT_3D ( 'NONE', #3840, #309, #5301 ) ;
#2902 = ORIENTED_EDGE ( 'NONE', *, *, #1023, .F. ) ;
#2903 = CARTESIAN_POINT ( 'NONE',  ( 2.112943956533414713, 0.000000000000000000, -0.7116585904362078274 ) ) ;
#2904 = CARTESIAN_POINT ( 'NONE',  ( 0.8351230133880261919, 0.04000000000000000083, -0.7143722516419394042 ) ) ;
#2905 = CARTESIAN_POINT ( 'NONE',  ( 1.611959180508165890, 0.000000000000000000, -0.5065921339596431983 ) ) ;
#2906 = CARTESIAN_POINT ( 'NONE',  ( 1.108425589604966177, 0.04000000000000000083, -0.6491831046553113715 ) ) ;
#2907 = CARTESIAN_POINT ( 'NONE',  ( 1.141991381153823593, -0.000000000000000000, -0.5831681608761835056 ) ) ;
#2908 = VECTOR ( 'NONE', #5759, 39.37007874015748143 ) ;
#2909 = DIRECTION ( 'NONE',  ( 0.000000000000000000, -0.000000000000000000, -1.000000000000000000 ) ) ;
#2910 = DIRECTION ( 'NONE',  ( 0.000000000000000000, 1.000000000000000000, 0.000000000000000000 ) ) ;
#2911 = DIRECTION ( 'NONE',  ( 0.000000000000000000, 0.000000000000000000, 1.000000000000000000 ) ) ;
#2912 = CARTESIAN_POINT ( 'NONE',  ( 1.722040335830644420, 0.04000000000000000083, -0.6714435597812290490 ) ) ;
#2913 = LINE ( 'NONE', #1389, #3909 ) ;
#2914 = ORIENTED_EDGE ( 'NONE', *, *, #1728, .F. ) ;
#2915 = CARTESIAN_POINT ( 'NONE',  ( 1.375929487179905486, 0.04000000000000000083, -0.7068066406249999822 ) ) ;
#2916 = CARTESIAN_POINT ( 'NONE',  ( 1.142579538516513615, -0.000000000000000000, -0.7362508006461742083 ) ) ;
#2917 = CARTESIAN_POINT ( 'NONE',  ( 1.771767225926073719, 0.04000000000000000083, -0.7392764425951390272 ) ) ;
#2918 = LINE ( 'NONE', #4436, #1767 ) ;
#2919 = CARTESIAN_POINT ( 'NONE',  ( 1.241468419633695586, 0.000000000000000000, -0.7077921830871947151 ) ) ;
#2920 = CARTESIAN_POINT ( 'NONE',  ( 1.216824410802786138, -0.000000000000000000, -0.4894783444736948708 ) ) ;
#2921 = ORIENTED_EDGE ( 'NONE', *, *, #4169, .T. ) ;
#2922 = VECTOR ( 'NONE', #3450, 39.37007874015748143 ) ;
#2923 = DIRECTION ( 'NONE',  ( -0.000000000000000000, -1.000000000000000000, -0.000000000000000000 ) ) ;
#2924 = EDGE_CURVE ( 'NONE', #2273, #410, #1851, .T. ) ;
#2925 = ORIENTED_EDGE ( 'NONE', *, *, #5574, .F. ) ;
#2926 = CARTESIAN_POINT ( 'NONE',  ( 1.757000958224330001, 0.04000000000000000083, -0.6235582935077611522 ) ) ;
#2927 = CARTESIAN_POINT ( 'NONE',  ( 1.657179487179905708, 0.04000000000000000083, -0.5469433593750000488 ) ) ;
#2928 = CARTESIAN_POINT ( 'NONE',  ( 1.742937513423403750, 0.000000000000000000, -0.7378313643018082901 ) ) ;
#2929 = CARTESIAN_POINT ( 'NONE',  ( 1.051008731520458150, 0.000000000000000000, -0.6578450886893919547 ) ) ;
#2930 = DIRECTION ( 'NONE',  ( 0.000000000000000000, 0.000000000000000000, -1.000000000000000000 ) ) ;
#2931 = EDGE_CURVE ( 'NONE', #1480, #924, #3903, .T. ) ;
#2932 = EDGE_LOOP ( 'NONE', ( #5950, #3187, #3112, #383 ) ) ;
#2933 = EDGE_LOOP ( 'NONE', ( #6132, #2978, #1900, #4055 ) ) ;
#2934 = CARTESIAN_POINT ( 'NONE',  ( 2.086769330929905131, 0.04000000000000000083, -0.4893750000000000044 ) ) ;
#2935 = CARTESIAN_POINT ( 'NONE',  ( 0.8458848803077126943, 0.000000000000000000, -0.7299017421335639577 ) ) ;
#2936 = PLANE ( 'NONE',  #816 ) ;
#2937 = CARTESIAN_POINT ( 'NONE',  ( 1.772498423178937799, 0.04000000000000000083, -0.5331913355487007955 ) ) ;
#2938 = CARTESIAN_POINT ( 'NONE',  ( 1.010304487179906063, 0.04000000000000000083, -0.5216015625000001155 ) ) ;
#2939 = DIRECTION ( 'NONE',  ( -1.000000000000000000, 0.000000000000000000, 0.000000000000000000 ) ) ;
#2940 = CARTESIAN_POINT ( 'NONE',  ( 1.991676729226425469, 0.000000000000000000, -0.6343080054560629177 ) ) ;
#2941 = CARTESIAN_POINT ( 'NONE',  ( 2.029786909054905220, 0.000000000000000000, -0.6268749999999999600 ) ) ;
#2942 = CARTESIAN_POINT ( 'NONE',  ( 1.756973919283858043, 0.04000000000000000083, -0.6946510964328902471 ) ) ;
#2943 = CARTESIAN_POINT ( 'NONE',  ( 0.7478044871799053306, 0.04000000000000000083, -0.5706250000000000488 ) ) ;
#2944 = ORIENTED_EDGE ( 'NONE', *, *, #5483, .T. ) ;
#2945 = AXIS2_PLACEMENT_3D ( 'NONE', #1157, #673, #3508 ) ;
#2946 = CARTESIAN_POINT ( 'NONE',  ( 1.740454092043963064, 0.000000000000000000, -0.6888545350961746694 ) ) ;
#2947 = CARTESIAN_POINT ( 'NONE',  ( 1.774979853927590057, 0.000000000000000000, -0.6104769995186635212 ) ) ;
#2948 = FACE_OUTER_BOUND ( 'NONE', #4024, .T. ) ;
#2949 = CARTESIAN_POINT ( 'NONE',  ( 1.215543124153548371, 0.04000000000000000083, -0.7358011333994024517 ) ) ;
#2950 = VECTOR ( 'NONE', #2834, 39.37007874015748143 ) ;
#2951 = CARTESIAN_POINT ( 'NONE',  ( 1.220537491511593187, 0.000000000000000000, -0.4896771582000229994 ) ) ;
#2952 = ORIENTED_EDGE ( 'NONE', *, *, #2210, .F. ) ;
#2953 = CARTESIAN_POINT ( 'NONE',  ( 0.7665544871799053750, 0.000000000000000000, -0.5189160156250000044 ) ) ;
#2954 = ORIENTED_EDGE ( 'NONE', *, *, #4978, .F. ) ;
#2955 = CARTESIAN_POINT ( 'NONE',  ( 1.761859233006684233, 0.04000000000000000083, -0.6223503111505126473 ) ) ;
#2956 = DIRECTION ( 'NONE',  ( -0.000000000000000000, -0.000000000000000000, 1.000000000000000000 ) ) ;
#2957 = PLANE ( 'NONE',  #1410 ) ;
#2958 = CARTESIAN_POINT ( 'NONE',  ( 1.051163031618342902, 0.000000000000000000, -0.6519758408726168408 ) ) ;
#2959 = CARTESIAN_POINT ( 'NONE',  ( 1.985958081255676522, 0.000000000000000000, -0.7345421172199687598 ) ) ;
#2960 = ORIENTED_EDGE ( 'NONE', *, *, #994, .T. ) ;
#2961 = ORIENTED_EDGE ( 'NONE', *, *, #5917, .T. ) ;
#2962 = ORIENTED_EDGE ( 'NONE', *, *, #1486, .T. ) ;
#2963 = CARTESIAN_POINT ( 'NONE',  ( 2.113343419633694875, 0.04000000000000000083, -0.7077921830871947151 ) ) ;
#2964 = CARTESIAN_POINT ( 'NONE',  ( 1.664406049679905797, 0.04000000000000000083, -0.6747265625000000711 ) ) ;
#2965 = LINE ( 'NONE', #4391, #5214 ) ;
#2966 = EDGE_CURVE ( 'NONE', #5481, #5304, #2403, .T. ) ;
#2967 = EDGE_CURVE ( 'NONE', #543, #3927, #3179, .T. ) ;
#2968 = CARTESIAN_POINT ( 'NONE',  ( 1.763880060268210315, 0.04000000000000000083, -0.6954613183098844464 ) ) ;
#2969 = CARTESIAN_POINT ( 'NONE',  ( 0.8975919255271859187, 0.04000000000000000083, -0.7222966303625634188 ) ) ;
#2970 = CARTESIAN_POINT ( 'NONE',  ( 1.542791287405409717, 0.04000000000000000083, -0.7332006196461090530 ) ) ;
#2971 = CARTESIAN_POINT ( 'NONE',  ( 1.582851716830929067, 0.04000000000000000083, -0.7361789246398285913 ) ) ;
#2972 = VECTOR ( 'NONE', #4148, 39.37007874015748143 ) ;
#2973 = CARTESIAN_POINT ( 'NONE',  ( 1.979214530997315702, 0.000000000000000000, -0.6543145289080800620 ) ) ;
#2974 = EDGE_CURVE ( 'NONE', #701, #2175, #1630, .T. ) ;
#2975 = CARTESIAN_POINT ( 'NONE',  ( 1.378345129665667690, 0.04000000000000000083, -0.7205800435056687325 ) ) ;
#2976 = CARTESIAN_POINT ( 'NONE',  ( 1.964515483710597588, 0.04000000000000000083, -0.7291341438346857773 ) ) ;
#2977 = CARTESIAN_POINT ( 'NONE',  ( 1.952926659418518840, 0.04000000000000000083, -0.5984973928187045100 ) ) ;
#2978 = ORIENTED_EDGE ( 'NONE', *, *, #5783, .T. ) ;
#2979 = CARTESIAN_POINT ( 'NONE',  ( 0.9713664042163668855, 0.04000000000000000083, -0.7374641792590741485 ) ) ;
#2980 = LINE ( 'NONE', #118, #4233 ) ;
#2981 = CARTESIAN_POINT ( 'NONE',  ( 1.241068956533415202, 0.04000000000000000083, -0.7116585904362078274 ) ) ;
#2982 = CARTESIAN_POINT ( 'NONE',  ( 0.1250000000000000000, 0.1400000000000000133, -3.414809992080329023E-17 ) ) ;
#2983 = ORIENTED_EDGE ( 'NONE', *, *, #3075, .F. ) ;
#2984 = CARTESIAN_POINT ( 'NONE',  ( 0.7587084062087602332, 0.000000000000000000, -0.5076686854596073051 ) ) ;
#2985 = VERTEX_POINT ( 'NONE', #3780 ) ;
#2986 = CARTESIAN_POINT ( 'NONE',  ( 1.664406049679905797, 0.000000000000000000, -0.6747265625000000711 ) ) ;
#2987 = CYLINDRICAL_SURFACE ( 'NONE', #3835, 0.1250000000000000278 ) ;
#2988 = VECTOR ( 'NONE', #2161, 39.37007874015748143 ) ;
#2989 = CARTESIAN_POINT ( 'NONE',  ( 1.124403443486030385, 0.000000000000000000, -0.6319324330598170558 ) ) ;
#2990 = CARTESIAN_POINT ( 'NONE',  ( 1.104550237444370753, 0.000000000000000000, -0.5880286626417446927 ) ) ;
#2991 = CARTESIAN_POINT ( 'NONE',  ( 0.7193935879870801964, 0.000000000000000000, -0.4896277986352555733 ) ) ;
#2992 = EDGE_CURVE ( 'NONE', #1235, #3084, #2800, .T. ) ;
#2993 = ORIENTED_EDGE ( 'NONE', *, *, #3463, .F. ) ;
#2994 = LINE ( 'NONE', #4360, #2166 ) ;
#2995 = CARTESIAN_POINT ( 'NONE',  ( 1.785719756999780028, 0.000000000000000000, -0.6944622703488225746 ) ) ;
#2996 = DIRECTION ( 'NONE',  ( 0.000000000000000000, 0.000000000000000000, 1.000000000000000000 ) ) ;
#2997 = CARTESIAN_POINT ( 'NONE',  ( 0.9839861278049059079, 0.04000000000000000083, -0.4893750000000001155 ) ) ;
#2998 = AXIS2_PLACEMENT_3D ( 'NONE', #3973, #1464, #1526 ) ;
#2999 = VECTOR ( 'NONE', #4577, 39.37007874015748143 ) ;
#3000 = B_SPLINE_CURVE_WITH_KNOTS ( 'NONE', 3,
 ( #4798, #5361, #5839, #910, #2332, #6283, #4826, #844, #2888, #3868, #1967, #3420, #5807, #433, #6253, #2396, #5334 ),
 .UNSPECIFIED., .F., .F.,
 ( 4, 1, 1, 1, 1, 1, 1, 1, 1, 1, 1, 1, 1, 1, 4 ),
 ( 0.000000000000000000, 0.07069536468307452415, 0.1363493445435630391, 0.1987594013957700301, 0.2588602169264461184, 0.3171901101198943418, 0.3731041825817999480, 0.4280200805415859677, 0.4827573213892193960, 0.5927463869171771815, 0.7055645666115499814, 0.7666872951880470133, 0.8368385738096285609, 0.9142487221832366062, 1.000000000000000000 ),
 .UNSPECIFIED. ) ;
#3001 = CARTESIAN_POINT ( 'NONE',  ( 1.115870893429905752, 0.000000000000000000, -0.6829296874999999378 ) ) ;
#3002 = EDGE_CURVE ( 'NONE', #5339, #3722, #3366, .T. ) ;
#3003 = CARTESIAN_POINT ( 'NONE',  ( 1.525398575787976885, 0.04000000000000000083, -0.7042213982687018925 ) ) ;
#3004 = CARTESIAN_POINT ( 'NONE',  ( 1.606462641188736384, 0.000000000000000000, -0.7284961019223472611 ) ) ;
#3005 = CARTESIAN_POINT ( 'NONE',  ( 0.7500023183947310823, 0.04000000000000000083, -0.4977831352683730892 ) ) ;
#3006 = EDGE_CURVE ( 'NONE', #4100, #5843, #3874, .T. ) ;
#3007 = CARTESIAN_POINT ( 'NONE',  ( 1.406032779645482345, 0.04000000000000000083, -0.4894693142053127000 ) ) ;
#3008 = CARTESIAN_POINT ( 'NONE',  ( 1.391183730908384097, 0.04000000000000000083, -0.7327621706631577414 ) ) ;
#3009 = CARTESIAN_POINT ( 'NONE',  ( 1.998454248247542031, 0.04000000000000000083, -0.6888589245931215910 ) ) ;
#3010 = CARTESIAN_POINT ( 'NONE',  ( 0.1250000000000000000, 0.1400000000000000133, -1.229999999999999982 ) ) ;
#3011 = VERTEX_POINT ( 'NONE', #850 ) ;
#3012 = CARTESIAN_POINT ( 'NONE',  ( 0.9660967097892542155, 0.04000000000000000083, -0.7347396469861320334 ) ) ;
#3013 = LENGTH_MEASURE_WITH_UNIT ( LENGTH_MEASURE( 0.02539999999999999897 ), #6315 );
#3014 = EDGE_CURVE ( 'NONE', #348, #2704, #4464, .T. ) ;
#3015 = DIRECTION ( 'NONE',  ( -0.000000000000000000, -1.000000000000000000, -0.000000000000000000 ) ) ;
#3016 = DIRECTION ( 'NONE',  ( -1.000000000000000000, 0.000000000000000000, 0.000000000000000000 ) ) ;
#3017 = ORIENTED_EDGE ( 'NONE', *, *, #5287, .F. ) ;
#3018 = CARTESIAN_POINT ( 'NONE',  ( 0.9008891810162703573, 0.000000000000000000, -0.7072611830166861679 ) ) ;
#3019 = B_SPLINE_SURFACE_WITH_KNOTS ( 'NONE', 3, 1, ( 
 ( #59, #5521 ),
 ( #2074, #4984 ),
 ( #3049, #3106 ),
 ( #4034, #5045 ),
 ( #627, #1975 ),
 ( #28, #3491 ),
 ( #5977, #4479 ),
 ( #658, #2042 ),
 ( #1557, #600 ),
 ( #3521, #4923 ),
 ( #3939, #5462 ) ),
 .UNSPECIFIED., .F., .F., .F.,
 ( 4, 1, 1, 1, 1, 1, 1, 1, 4 ),
 ( 2, 2 ),
 ( 0.000000000000000000, 0.1359458605750245852, 0.2591076351429702496, 0.3755067662957188301, 0.4910744644399315795, 0.6077466682551784238, 0.7281929059737897170, 0.8582514089327529794, 1.000000000000000000 ),
 ( 0.000000000000000000, 1.000000000000000000 ),
 .UNSPECIFIED. ) ;
#3020 = EDGE_LOOP ( 'NONE', ( #4324, #3553, #1951, #1041 ) ) ;
#3021 = CARTESIAN_POINT ( 'NONE',  ( 1.461156639516344669, 0.04000000000000000083, -0.5198684452770315767 ) ) ;
#3022 = LINE ( 'NONE', #4065, #1573 ) ;
#3023 = FACE_OUTER_BOUND ( 'NONE', #5997, .T. ) ;
#3024 = CARTESIAN_POINT ( 'NONE',  ( 0.8662979170463562806, 0.04000000000000000083, -0.7392444795448696038 ) ) ;
#3025 = CARTESIAN_POINT ( 'NONE',  ( 1.412013471554905530, 0.000000000000000000, -0.7362499999999999600 ) ) ;
#3026 = ORIENTED_EDGE ( 'NONE', *, *, #1771, .F. ) ;
#3027 = ORIENTED_EDGE ( 'NONE', *, *, #42, .T. ) ;
#3028 = ORIENTED_EDGE ( 'NONE', *, *, #1839, .T. ) ;
#3029 = DIRECTION ( 'NONE',  ( 0.000000000000000000, 0.000000000000000000, -1.000000000000000000 ) ) ;
#3030 = CARTESIAN_POINT ( 'NONE',  ( 0.5000000000000000000, 0.07000000000000000666, -0.8649999999999998801 ) ) ;
#3031 = CARTESIAN_POINT ( 'NONE',  ( 0.7024987142455111355, 0.000000000000000000, -0.4977812166467366906 ) ) ;
#3032 = CARTESIAN_POINT ( 'NONE',  ( 1.728900917347253152, 0.04000000000000000083, -0.6799757533355104133 ) ) ;
#3033 = CARTESIAN_POINT ( 'NONE',  ( 0.8870561645206488377, 0.000000000000000000, -0.7343265376928468369 ) ) ;
#3034 = CARTESIAN_POINT ( 'NONE',  ( 0.7058091336034709729, 0.000000000000000000, -0.7349402306124369622 ) ) ;
#3035 = CARTESIAN_POINT ( 'NONE',  ( 1.010304487179905841, 0.04000000000000000083, -0.5216015625000000044 ) ) ;
#3036 = CARTESIAN_POINT ( 'NONE',  ( 1.464894330929905619, 0.04000000000000000083, -0.7020214843750001155 ) ) ;
#3037 = CARTESIAN_POINT ( 'NONE',  ( 1.067656165635440191, 0.000000000000000000, -0.7112607086607196649 ) ) ;
#3038 = CARTESIAN_POINT ( 'NONE',  ( 1.539035552760663172, 0.04000000000000000083, -0.7313131790087699091 ) ) ;
#3039 = LINE ( 'NONE', #3010, #4620 ) ;
#3040 = EDGE_LOOP ( 'NONE', ( #1390, #2925, #2404, #5658 ) ) ;
#3041 = CARTESIAN_POINT ( 'NONE',  ( 0.2000000000000000111, 0.000000000000000000, -0.7399999999999999911 ) ) ;
#3042 = ADVANCED_FACE ( 'NONE', ( #375 ), #1427, .T. ) ;
#3043 = SURFACE_SIDE_STYLE ('',( #3994 ) ) ;
#3044 = PLANE ( 'NONE',  #527 ) ;
#3045 = CARTESIAN_POINT ( 'NONE',  ( 0.9009294871799053972, 0.000000000000000000, -0.7016796874999999822 ) ) ;
#3046 = CARTESIAN_POINT ( 'NONE',  ( 0.7546439343552930890, 0.000000000000000000, -0.5023460579134045867 ) ) ;
#3047 = ORIENTED_EDGE ( 'NONE', *, *, #320, .F. ) ;
#3048 = CARTESIAN_POINT ( 'NONE',  ( 1.467706553724523966, 0.04000000000000000083, -0.5032050347491267006 ) ) ;
#3049 = CARTESIAN_POINT ( 'NONE',  ( 0.9774270794135049290, 0.04000000000000000083, -0.7391118740944179200 ) ) ;
#3050 = CARTESIAN_POINT ( 'NONE',  ( 0.8981951121799053306, 0.000000000000000000, -0.7209667968749999822 ) ) ;
#3051 = CARTESIAN_POINT ( 'NONE',  ( 0.8386757062408136676, 0.04000000000000000083, -0.7202955058092699314 ) ) ;
#3052 = FACE_OUTER_BOUND ( 'NONE', #4945, .T. ) ;
#3053 = EDGE_LOOP ( 'NONE', ( #5967, #2359, #3960, #448 ) ) ;
#3054 = EDGE_CURVE ( 'NONE', #3212, #5820, #6259, .T. ) ;
#3055 = ORIENTED_EDGE ( 'NONE', *, *, #3619, .F. ) ;
#3056 = EDGE_LOOP ( 'NONE', ( #3881, #2470, #915, #4163 ) ) ;
#3057 = CARTESIAN_POINT ( 'NONE',  ( 1.208533026208835182, 0.000000000000000000, -0.4896555717446322009 ) ) ;
#3058 = CARTESIAN_POINT ( 'NONE',  ( 1.827661828411983214, 0.000000000000000000, -0.6640829252053401799 ) ) ;
#3059 = CARTESIAN_POINT ( 'NONE',  ( 0.6964325878483179633, 0.04000000000000000083, -0.5087791208421069689 ) ) ;
#3060 = CARTESIAN_POINT ( 'NONE',  ( 0.9990819392866335802, 0.04000000000000000083, -0.4939665818789647500 ) ) ;
#3061 = ORIENTED_EDGE ( 'NONE', *, *, #5704, .T. ) ;
#3062 = CARTESIAN_POINT ( 'NONE',  ( 2.057407124056222614, 0.000000000000000000, -0.5142886079259293419 ) ) ;
#3063 = CARTESIAN_POINT ( 'NONE',  ( 1.712572332975243805, -0.000000000000000000, -0.5469684390282316677 ) ) ;
#3064 = VECTOR ( 'NONE', #4896, 39.37007874015748143 ) ;
#3065 = CARTESIAN_POINT ( 'NONE',  ( 1.053798690198496590, 0.000000000000000000, -0.6847626957698803585 ) ) ;
#3066 = DIRECTION ( 'NONE',  ( 0.000000000000000000, 1.000000000000000000, 0.000000000000000000 ) ) ;
#3067 = CARTESIAN_POINT ( 'NONE',  ( 0.7475625992338678083, 0.04000000000000000083, -0.7154831098358276353 ) ) ;
#3068 = CARTESIAN_POINT ( 'NONE',  ( 1.931919030121990399, 0.04000000000000000083, -0.6209116725288940097 ) ) ;
#3069 = VERTEX_POINT ( 'NONE', #1399 ) ;
#3070 = LINE ( 'NONE', #3993, #1923 ) ;
#3071 = ADVANCED_FACE ( 'NONE', ( #4351 ), #5098, .T. ) ;
#3072 = PLANE ( 'NONE',  #5961 ) ;
#3073 = DIRECTION ( 'NONE',  ( 0.000000000000000000, 0.000000000000000000, -1.000000000000000000 ) ) ;
#3074 = CARTESIAN_POINT ( 'NONE',  ( 1.010304487179905841, 0.000000000000000000, -0.7072949218750000933 ) ) ;
#3075 = EDGE_CURVE ( 'NONE', #4995, #1563, #2174, .T. ) ;
#3076 = CARTESIAN_POINT ( 'NONE',  ( 0.6946794871799053528, 0.04000000000000000083, -0.5235546875000000044 ) ) ;
#3077 = CARTESIAN_POINT ( 'NONE',  ( 1.387152977514224839, 0.04000000000000000083, -0.4938059999865766492 ) ) ;
#3078 = CARTESIAN_POINT ( 'NONE',  ( 0.9713539534111289564, 0.000000000000000000, -0.4912763834839860011 ) ) ;
#3079 = PLANE ( 'NONE',  #4483 ) ;
#3080 = B_SPLINE_CURVE_WITH_KNOTS ( 'NONE', 3,
 ( #1748, #5238, #3745, #1242, #2763, #5585, #4736, #4161, #5204, #726, #6098 ),
 .UNSPECIFIED., .F., .F.,
 ( 4, 1, 1, 1, 1, 1, 1, 1, 4 ),
 ( 0.000000000000000000, 0.1578428353174667897, 0.2988651118194809442, 0.4256063816622773777, 0.5454550476073432019, 0.6584628360853416185, 0.7692520896568657562, 0.8804925052990102419, 1.000000000000000000 ),
 .UNSPECIFIED. ) ;
#3081 = DIRECTION ( 'NONE',  ( 0.000000000000000000, 0.000000000000000000, -1.000000000000000000 ) ) ;
#3082 = CARTESIAN_POINT ( 'NONE',  ( 1.924068291746614756, 0.000000000000000000, -0.6770761326926550971 ) ) ;
#3083 = ORIENTED_EDGE ( 'NONE', *, *, #5727, .T. ) ;
#3084 = VERTEX_POINT ( 'NONE', #2003 ) ;
#3085 = ORIENTED_EDGE ( 'NONE', *, *, #6192, .F. ) ;
#3086 = CARTESIAN_POINT ( 'NONE',  ( 2.111397415065153549, 0.000000000000000000, -0.7185264885591116091 ) ) ;
#3087 = AXIS2_PLACEMENT_3D ( 'NONE', #3477, #1873, #6186 ) ;
#3088 = CARTESIAN_POINT ( 'NONE',  ( 1.564206941234194126, 0.04000000000000000083, -0.5020369708627390182 ) ) ;
#3089 = CARTESIAN_POINT ( 'NONE',  ( 0.6948946821016818154, 0.000000000000000000, -0.5158284825360056614 ) ) ;
#3090 = ORIENTED_EDGE ( 'NONE', *, *, #558, .T. ) ;
#3091 = CARTESIAN_POINT ( 'NONE',  ( 0.9839861278049059079, 0.000000000000000000, -0.7393750000000001155 ) ) ;
#3092 = CARTESIAN_POINT ( 'NONE',  ( 2.057257510028259517, 0.04000000000000000083, -0.5186778385476670250 ) ) ;
#3093 = CARTESIAN_POINT ( 'NONE',  ( 2.229999999999999538, 0.06250000000000000000, -1.054999999999999938 ) ) ;
#3094 = CARTESIAN_POINT ( 'NONE',  ( 1.525398575787976885, 0.04000000000000000083, -0.7042213982687018925 ) ) ;
#3095 = VECTOR ( 'NONE', #685, 39.37007874015748143 ) ;
#3096 = CARTESIAN_POINT ( 'NONE',  ( 1.659822654122398156, 0.000000000000000000, -0.6075281398586190873 ) ) ;
#3097 = CARTESIAN_POINT ( 'NONE',  ( 1.922883731520457662, 0.04000000000000000083, -0.6578450886893918437 ) ) ;
#3098 = VECTOR ( 'NONE', #357, 39.37007874015748143 ) ;
#3099 = VERTEX_POINT ( 'NONE', #975 ) ;
#3100 = CARTESIAN_POINT ( 'NONE',  ( 1.979306421502357916, 0.04000000000000000083, -0.6665005902013986239 ) ) ;
#3101 = CARTESIAN_POINT ( 'NONE',  ( 1.769386518429905797, 0.000000000000000000, -0.4893750000000000044 ) ) ;
#3102 = DIRECTION ( 'NONE',  ( 0.000000000000000000, -1.000000000000000000, 0.000000000000000000 ) ) ;
#3103 = CARTESIAN_POINT ( 'NONE',  ( 1.875431796667851980, 0.000000000000000000, -0.5408623662470751770 ) ) ;
#3104 = CARTESIAN_POINT ( 'NONE',  ( 0.9991646983031481355, 0.000000000000000000, -0.7348674797975486284 ) ) ;
#3105 = CARTESIAN_POINT ( 'NONE',  ( 1.404298627804905442, 0.04000000000000000083, -0.4893750000000000044 ) ) ;
#3106 = CARTESIAN_POINT ( 'NONE',  ( 0.9774270794135049290, 0.000000000000000000, -0.7391118740944179200 ) ) ;
#3107 = CARTESIAN_POINT ( 'NONE',  ( 0.8906855878890969080, 0.000000000000000000, -0.7316341506825990715 ) ) ;
#3108 = CARTESIAN_POINT ( 'NONE',  ( 0.9839861278049059079, 0.04000000000000000083, -0.7393750000000001155 ) ) ;
#3109 = CARTESIAN_POINT ( 'NONE',  ( 1.944682442151357327, 0.04000000000000000083, -0.7167076236229928954 ) ) ;
#3110 = VERTEX_POINT ( 'NONE', #5941 ) ;
#3111 = ORIENTED_EDGE ( 'NONE', *, *, #4520, .F. ) ;
#3112 = ORIENTED_EDGE ( 'NONE', *, *, #437, .F. ) ;
#3113 = FACE_OUTER_BOUND ( 'NONE', #1435, .T. ) ;
#3114 = CARTESIAN_POINT ( 'NONE',  ( 1.412013471554905530, 0.000000000000000000, -0.7362499999999999600 ) ) ;
#3115 = CARTESIAN_POINT ( 'NONE',  ( 1.494777143429905530, 0.04000000000000000083, -0.5737499999999999822 ) ) ;
#3116 = B_SPLINE_CURVE_WITH_KNOTS ( 'NONE', 3,
 ( #7, #3920, #3442, #1503, #5382, #2970, #1026, #1802, #1538, #6215, #4967, #519, #4248, #3003, #1988 ),
 .UNSPECIFIED., .F., .F.,
 ( 4, 1, 1, 1, 1, 1, 1, 1, 1, 1, 1, 1, 4 ),
 ( 0.000000000000000000, 0.1174015895797311526, 0.2200200149628016300, 0.3090989580098876255, 0.3851055460046563517, 0.4526885015523732791, 0.5158688681660508202, 0.5762142002903342108, 0.6371455783483166435, 0.7067072651947415851, 0.7900877326000482759, 0.8874825861711249653, 1.000000000000000000 ),
 .UNSPECIFIED. ) ;
#3117 = ORIENTED_EDGE ( 'NONE', *, *, #409, .T. ) ;
#3118 = CARTESIAN_POINT ( 'NONE',  ( 1.069057398142129633, 0.000000000000000000, -0.6085854038213160955 ) ) ;
#3119 = CARTESIAN_POINT ( 'NONE',  ( 1.767170879987526755, -0.000000000000000000, -0.5331658911032798320 ) ) ;
#3120 = CARTESIAN_POINT ( 'NONE',  ( 1.052193291746615467, 0.04000000000000000083, -0.6770761326926553192 ) ) ;
#3121 = CARTESIAN_POINT ( 'NONE',  ( 1.142422921151178938, 0.000000000000000000, -0.6276072213740757633 ) ) ;
#3122 = CARTESIAN_POINT ( 'NONE',  ( 0.7463846647147023283, 0.04000000000000000083, -0.7217315991900602468 ) ) ;
#3123 = CARTESIAN_POINT ( 'NONE',  ( 1.447660429977835950, 0.04000000000000000083, -0.7336199647703163240 ) ) ;
#3124 = ORIENTED_EDGE ( 'NONE', *, *, #2187, .F. ) ;
#3125 = CARTESIAN_POINT ( 'NONE',  ( 1.979054487179905397, 0.04000000000000000083, -0.6598339843749999600 ) ) ;
#3126 = VERTEX_POINT ( 'NONE', #4476 ) ;
#3127 = CARTESIAN_POINT ( 'NONE',  ( 1.208922318698867571, -0.000000000000000000, -0.7362422922750069265 ) ) ;
#3128 = CARTESIAN_POINT ( 'NONE',  ( 1.580519330929905486, 0.04000000000000000083, -0.7362499999999999600 ) ) ;
#3129 = DIRECTION ( 'NONE',  ( -0.8586054209590789910, 0.000000000000000000, -0.5126370364104440025 ) ) ;
#3130 = EDGE_CURVE ( 'NONE', #1277, #4505, #1835, .T. ) ;
#3131 = CARTESIAN_POINT ( 'NONE',  ( 2.027034734310539488, -0.000000000000000000, -0.6269035143893506579 ) ) ;
#3132 = DIRECTION ( 'NONE',  ( 0.000000000000000000, 0.000000000000000000, 1.000000000000000000 ) ) ;
#3133 = FACE_OUTER_BOUND ( 'NONE', #2123, .T. ) ;
#3134 = CARTESIAN_POINT ( 'NONE',  ( 0.5624999999999998890, 0.07000000000000000666, -0.3649999999999999911 ) ) ;
#3135 = CARTESIAN_POINT ( 'NONE',  ( 0.8550660800290225128, 0.000000000000000000, -0.4975983446888450623 ) ) ;
#3136 = B_SPLINE_CURVE_WITH_KNOTS ( 'NONE', 3,
 ( #3025, #5050, #3585, #5494, #2535, #4958, #1115, #630, #4542, #186, #159, #2106, #4068, #5524, #661 ),
 .UNSPECIFIED., .F., .F.,
 ( 4, 1, 1, 1, 1, 1, 1, 1, 1, 1, 1, 1, 4 ),
 ( 0.000000000000000000, 0.1456817349758525171, 0.2786834729361730156, 0.4002203989206651880, 0.5136386216531620974, 0.5683753864952296730, 0.6227437561373749819, 0.6785936170311778204, 0.7350696838698020930, 0.7955826855105287976, 0.8584107594692896859, 0.9267421627647466353, 0.9999999999999998890 ),
 .UNSPECIFIED. ) ;
#3137 = PLANE ( 'NONE',  #3502 ) ;
#3138 = FACE_OUTER_BOUND ( 'NONE', #1496, .T. ) ;
#3139 = CARTESIAN_POINT ( 'NONE',  ( 0.8937347775914286085, 0.000000000000000000, -0.7284242665971171204 ) ) ;
#3140 = EDGE_LOOP ( 'NONE', ( #6040, #181, #4537, #5021 ) ) ;
#3141 = EDGE_LOOP ( 'NONE', ( #3937, #634, #3227, #4859 ) ) ;
#3142 = CARTESIAN_POINT ( 'NONE',  ( 2.087418124153548327, 0.000000000000000000, -0.7358011333994025627 ) ) ;
#3143 = CARTESIAN_POINT ( 'NONE',  ( 1.376002534677285949, -0.000000000000000000, -0.5174111302577745208 ) ) ;
#3144 = CARTESIAN_POINT ( 'NONE',  ( 2.006458499330998624, 0.000000000000000000, -0.5832520543012011949 ) ) ;
#3145 = CARTESIAN_POINT ( 'NONE',  ( 1.109162933886112645, 0.000000000000000000, -0.7337673975142066096 ) ) ;
#3146 = VECTOR ( 'NONE', #4858, 39.37007874015748143 ) ;
#3147 = ORIENTED_EDGE ( 'NONE', *, *, #1771, .T. ) ;
#3148 = CARTESIAN_POINT ( 'NONE',  ( 1.088120555432553038, 0.000000000000000000, -0.5942874467830964180 ) ) ;
#3149 = EDGE_CURVE ( 'NONE', #3608, #5683, #4278, .T. ) ;
#3150 = CARTESIAN_POINT ( 'NONE',  ( 1.433115318383023640, 0.04000000000000000083, -0.7361275896145631492 ) ) ;
#3151 = FACE_OUTER_BOUND ( 'NONE', #1817, .T. ) ;
#3152 = CARTESIAN_POINT ( 'NONE',  ( 1.689011453713198829, 0.04000000000000000083, -0.7157743846298709745 ) ) ;
#3153 = CARTESIAN_POINT ( 'NONE',  ( 1.664871923455722325, 0.000000000000000000, -0.6150814801740419613 ) ) ;
#3154 = B_SPLINE_SURFACE_WITH_KNOTS ( 'NONE', 3, 1, ( 
 ( #4222, #723 ),
 ( #4189, #1331 ),
 ( #2790, #6160 ),
 ( #2170, #1778 ),
 ( #2700, #784 ),
 ( #3679, #2760 ),
 ( #1744, #4700 ),
 ( #5646, #5675 ),
 ( #218, #250 ),
 ( #1207, #755 ),
 ( #308, #3169 ),
 ( #5107, #2234 ),
 ( #4733, #2205 ),
 ( #340, #4251 ),
 ( #6127, #2300 ),
 ( #3709, #5709 ),
 ( #5613, #6188 ),
 ( #4158, #1239 ),
 ( #3773, #3200 ) ),
 .UNSPECIFIED., .F., .F., .F.,
 ( 4, 1, 1, 1, 1, 1, 1, 1, 1, 1, 1, 1, 1, 1, 1, 1, 4 ),
 ( 2, 2 ),
 ( 0.000000000000000000, 0.06367428536359440172, 0.1237398255667193081, 0.1814634900644866988, 0.2371307894525906401, 0.2918252068321824932, 0.3462646736541583059, 0.4009169421464858774, 0.4570118938865215252, 0.5149554476108593182, 0.5746918512815932800, 0.6375200860453686946, 0.7032845951744762791, 0.7727501022173918210, 0.8450323190435804488, 0.9206353381430476546, 0.9999999999999998890 ),
 ( 0.000000000000000000, 1.000000000000000000 ),
 .UNSPECIFIED. ) ;
#3155 = CARTESIAN_POINT ( 'NONE',  ( 1.838281702508807403, 0.000000000000000000, -0.6058431670515889156 ) ) ;
#3156 = DIRECTION ( 'NONE',  ( -0.000000000000000000, -1.000000000000000000, -0.000000000000000000 ) ) ;
#3157 = AXIS2_PLACEMENT_3D ( 'NONE', #487, #1930, #1323 ) ;
#3158 = EDGE_CURVE ( 'NONE', #4839, #3387, #2071, .T. ) ;
#3159 = EDGE_CURVE ( 'NONE', #4505, #3069, #4030, .T. ) ;
#3160 = EDGE_LOOP ( 'NONE', ( #2914, #4310, #625, #162 ) ) ;
#3161 = CARTESIAN_POINT ( 'NONE',  ( 1.241068956533415202, 0.000000000000000000, -0.7116585904362078274 ) ) ;
#3162 = FACE_OUTER_BOUND ( 'NONE', #6258, .T. ) ;
#3163 = CARTESIAN_POINT ( 'NONE',  ( 1.894583119666773063, 0.04000000000000000083, -0.6189702593203569858 ) ) ;
#3164 = CARTESIAN_POINT ( 'NONE',  ( 1.980300589604965467, 0.000000000000000000, -0.6491831046553113715 ) ) ;
#3165 = CARTESIAN_POINT ( 'NONE',  ( 1.810088710735638928, 0.04000000000000000083, -0.5446912955164561199 ) ) ;
#3166 = CARTESIAN_POINT ( 'NONE',  ( 1.691383674748812460, 0.04000000000000000083, -0.6501121880039365530 ) ) ;
#3167 = CARTESIAN_POINT ( 'NONE',  ( 1.994202413818217279, 0.000000000000000000, -0.6872853059217896021 ) ) ;
#3168 = B_SPLINE_SURFACE_WITH_KNOTS ( 'NONE', 3, 1, ( 
 ( #6237, #2282 ),
 ( #5661, #5693 ),
 ( #1761, #3215 ),
 ( #5728, #3789 ),
 ( #4717, #2745 ),
 ( #5628, #4683 ),
 ( #2252, #2221 ),
 ( #1349, #3725 ),
 ( #6173, #326 ),
 ( #1287, #1317 ),
 ( #3312, #3278 ),
 ( #5218, #4173 ),
 ( #1255, #4237 ),
 ( #2840, #4207 ),
 ( #4780, #4301 ) ),
 .UNSPECIFIED., .F., .F., .F.,
 ( 4, 1, 1, 1, 1, 1, 1, 1, 1, 1, 1, 1, 4 ),
 ( 2, 2 ),
 ( 0.000000000000000000, 0.09272377659486601142, 0.1807643789926703659, 0.2652681729395943711, 0.3457875854624136158, 0.4222225138628163954, 0.4949001608196640367, 0.5671667024153693726, 0.6412352119551114615, 0.7193716595256073321, 0.8039038165697613980, 0.8964316416643115515, 1.000000000000000000 ),
 ( 0.000000000000000000, 1.000000000000000000 ),
 .UNSPECIFIED. ) ;
#3169 = CARTESIAN_POINT ( 'NONE',  ( 1.823938795864575635, 0.000000000000000000, -0.6701617500199026356 ) ) ;
#3170 = CARTESIAN_POINT ( 'NONE',  ( 1.922804487179905264, -8.537024980200822558E-18, -0.6608593750000000266 ) ) ;
#3171 = CARTESIAN_POINT ( 'NONE',  ( 2.088699410802785206, -0.000000000000000000, -0.4894783444736948708 ) ) ;
#3172 = CARTESIAN_POINT ( 'NONE',  ( 1.985958081255676522, 0.04000000000000000083, -0.7345421172199687598 ) ) ;
#3173 = ORIENTED_EDGE ( 'NONE', *, *, #2931, .T. ) ;
#3174 = VERTEX_POINT ( 'NONE', #2462 ) ;
#3175 = CARTESIAN_POINT ( 'NONE',  ( 1.766196029182908855, 0.04000000000000000083, -0.6204474108498754248 ) ) ;
#3176 = CARTESIAN_POINT ( 'NONE',  ( 1.508745516350300298, 0.04000000000000000083, -0.4915347143449858014 ) ) ;
#3177 = LINE ( 'NONE', #1249, #637 ) ;
#3178 = CARTESIAN_POINT ( 'NONE',  ( 1.240462753909512106, 0.04000000000000000083, -0.7152455378057739344 ) ) ;
#3179 = CIRCLE ( 'NONE', #4201, 0.1250000000000000278 ) ;
#3180 = ORIENTED_EDGE ( 'NONE', *, *, #5959, .F. ) ;
#3181 = CARTESIAN_POINT ( 'NONE',  ( 0.8717019066464760657, 0.04000000000000000083, -0.7393013101592029734 ) ) ;
#3182 = CARTESIAN_POINT ( 'NONE',  ( 2.084594781241063899, 0.04000000000000000083, -0.4894709107017726213 ) ) ;
#3183 = CARTESIAN_POINT ( 'NONE',  ( 1.669359781745054949, 0.04000000000000000083, -0.5194307890960563334 ) ) ;
#3184 = VECTOR ( 'NONE', #2651, 39.37007874015748143 ) ;
#3185 = CARTESIAN_POINT ( 'NONE',  ( 1.833988177525957219, 0.000000000000000000, -0.5797518390386818821 ) ) ;
#3186 = EDGE_CURVE ( 'NONE', #5957, #2338, #385, .T. ) ;
#3187 = ORIENTED_EDGE ( 'NONE', *, *, #2485, .F. ) ;
#3188 = CARTESIAN_POINT ( 'NONE',  ( 1.483617750234937915, 0.04000000000000000083, -0.4908385602056248298 ) ) ;
#3189 = EDGE_CURVE ( 'NONE', #2094, #1277, #5752, .T. ) ;
#3190 = CARTESIAN_POINT ( 'NONE',  ( 1.560304487179905664, 0.04000000000000000083, -0.5196484375000000044 ) ) ;
#3191 = CARTESIAN_POINT ( 'NONE',  ( 1.613350864161711806, 0.000000000000000000, -0.5172499027416601614 ) ) ;
#3192 = CARTESIAN_POINT ( 'NONE',  ( 2.104999999999999982, 0.000000000000000000, -0.1250000000000000278 ) ) ;
#3193 = EDGE_CURVE ( 'NONE', #3531, #5820, #1145, .T. ) ;
#3194 = CARTESIAN_POINT ( 'NONE',  ( 1.894394208361081411, 0.04000000000000000083, -0.6279784448590506329 ) ) ;
#3195 = VECTOR ( 'NONE', #4882, 39.37007874015748143 ) ;
#3196 = CARTESIAN_POINT ( 'NONE',  ( 1.979214530997315702, 0.000000000000000000, -0.6543145289080800620 ) ) ;
#3197 = FACE_OUTER_BOUND ( 'NONE', #1122, .T. ) ;
#3198 = CARTESIAN_POINT ( 'NONE',  ( 1.894679487179905752, 0.04000000000000000083, -0.6143750000000000044 ) ) ;
#3199 = CARTESIAN_POINT ( 'NONE',  ( 2.003361889415793406, 0.000000000000000000, -0.6902494895767088412 ) ) ;
#3200 = CARTESIAN_POINT ( 'NONE',  ( 1.838429487179906063, 0.000000000000000000, -0.6155957031250001155 ) ) ;
#3201 = CARTESIAN_POINT ( 'NONE',  ( 1.081051659418518884, 0.04000000000000000083, -0.5984973928187043990 ) ) ;
#3202 = CARTESIAN_POINT ( 'NONE',  ( 2.111867746087522590, 0.000000000000000000, -0.5078715846304679982 ) ) ;
#3203 = FACE_OUTER_BOUND ( 'NONE', #3303, .T. ) ;
#3204 = ORIENTED_EDGE ( 'NONE', *, *, #2131, .T. ) ;
#3205 = ORIENTED_EDGE ( 'NONE', *, *, #1807, .T. ) ;
#3206 = CARTESIAN_POINT ( 'NONE',  ( 1.386586445447966165, 0.000000000000000000, -0.7303482480404905886 ) ) ;
#3207 = CARTESIAN_POINT ( 'NONE',  ( 1.525471009848470061, 0.000000000000000000, -0.5099781126022837618 ) ) ;
#3208 = B_SPLINE_SURFACE_WITH_KNOTS ( 'NONE', 3, 1, ( 
 ( #2385, #1504 ),
 ( #4428, #5321 ),
 ( #1928, #5413 ),
 ( #3888, #40 ),
 ( #74, #3921 ),
 ( #3985, #5445 ),
 ( #1989, #1960 ),
 ( #5862, #1027 ),
 ( #5353, #3004 ),
 ( #1475, #1895 ),
 ( #3412, #3859 ),
 ( #551, #2513 ),
 ( #995, #2023 ),
 ( #2971, #1061 ),
 ( #5927, #3506 ) ),
 .UNSPECIFIED., .F., .F., .F.,
 ( 4, 1, 1, 1, 1, 1, 1, 1, 1, 1, 1, 1, 4 ),
 ( 2, 2 ),
 ( 0.000000000000000000, 0.08052749546006585102, 0.1557511882370008760, 0.2241427968279403882, 0.2877648094757402353, 0.3477864607779119210, 0.4043844265791493031, 0.4586476125116776825, 0.5125118302262239300, 0.6218513028698997580, 0.7381902753420745977, 0.8627846496160036516, 1.000000000000000000 ),
 ( 0.000000000000000000, 1.000000000000000000 ),
 .UNSPECIFIED. ) ;
#3209 = DIRECTION ( 'NONE',  ( -0.000000000000000000, -1.000000000000000000, -0.000000000000000000 ) ) ;
#3210 = CARTESIAN_POINT ( 'NONE',  ( 1.211632787569097980, 0.04000000000000000083, -0.7362273807603317843 ) ) ;
#3211 = AXIS2_PLACEMENT_3D ( 'NONE', #2268, #404, #2889 ) ;
#3212 = VERTEX_POINT ( 'NONE', #1884 ) ;
#3213 = CARTESIAN_POINT ( 'NONE',  ( 0.8789971827093882029, 0.04000000000000000083, -0.7382221875493851782 ) ) ;
#3214 = FACE_OUTER_BOUND ( 'NONE', #904, .T. ) ;
#3215 = CARTESIAN_POINT ( 'NONE',  ( 1.691057947734114331, 0.000000000000000000, -0.6236713845239659770 ) ) ;
#3216 = CARTESIAN_POINT ( 'NONE',  ( 1.453839067587300748, 0.04000000000000000083, -0.7296764973674428889 ) ) ;
#3217 = CARTESIAN_POINT ( 'NONE',  ( 0.7208586851107868787, 0.04000000000000000083, -0.7392746610202701740 ) ) ;
#3218 = B_SPLINE_SURFACE_WITH_KNOTS ( 'NONE', 3, 1, ( 
 ( #720, #1647 ),
 ( #752, #4156 ),
 ( #5579, #3706 ),
 ( #1710, #5138 ),
 ( #1270, #5643 ),
 ( #3677, #3229 ),
 ( #5169, #215 ),
 ( #3259, #2265 ),
 ( #5198, #781 ),
 ( #2757, #4220 ),
 ( #3610, #5548 ) ),
 .UNSPECIFIED., .F., .F., .F.,
 ( 4, 1, 1, 1, 1, 1, 1, 1, 4 ),
 ( 2, 2 ),
 ( 0.000000000000000000, 0.1229088741204422824, 0.2364516494111417177, 0.3479825443924760009, 0.4617666234886315113, 0.5802917925316444236, 0.7062604613274525711, 0.8451898420971099002, 1.000000000000000000 ),
 ( 0.000000000000000000, 1.000000000000000000 ),
 .UNSPECIFIED. ) ;
#3219 = VECTOR ( 'NONE', #4374, 39.37007874015748143 ) ;
#3220 = CARTESIAN_POINT ( 'NONE',  ( 1.838429487179906063, 0.000000000000000000, -0.6155957031250001155 ) ) ;
#3221 = PLANE ( 'NONE',  #1003 ) ;
#3222 = CARTESIAN_POINT ( 'NONE',  ( 1.241525148475799423, -0.000000000000000000, -0.7051150258839001816 ) ) ;
#3223 = CARTESIAN_POINT ( 'NONE',  ( 1.774014222424570519, 0.04000000000000000083, -0.4894713636712924032 ) ) ;
#3224 = CARTESIAN_POINT ( 'NONE',  ( 0.7108323930433019244, 0.000000000000000000, -0.7375787142954144393 ) ) ;
#3225 = ORIENTED_EDGE ( 'NONE', *, *, #671, .F. ) ;
#3226 = CARTESIAN_POINT ( 'NONE',  ( 1.131395906212588676, 0.04000000000000000083, -0.7359727928301216249 ) ) ;
#3227 = ORIENTED_EDGE ( 'NONE', *, *, #5447, .T. ) ;
#3228 = EDGE_CURVE ( 'NONE', #3946, #5312, #5846, .T. ) ;
#3229 = CARTESIAN_POINT ( 'NONE',  ( 1.234491485694180657, 0.000000000000000000, -0.4975879760096892923 ) ) ;
#3230 = CARTESIAN_POINT ( 'NONE',  ( 1.659822654122398156, 0.04000000000000000083, -0.6075281398586190873 ) ) ;
#3231 = LINE ( 'NONE', #5581, #4688 ) ;
#3232 = CARTESIAN_POINT ( 'NONE',  ( 1.776491450839594366, -0.000000000000000000, -0.5997790228293909953 ) ) ;
#3233 = CARTESIAN_POINT ( 'NONE',  ( 1.530605170206580601, 0.04000000000000000083, -0.5301263936895446172 ) ) ;
#3234 = CARTESIAN_POINT ( 'NONE',  ( 2.009895144867603012, 0.000000000000000000, -0.7362523579507957994 ) ) ;
#3235 = VERTEX_POINT ( 'NONE', #2405 ) ;
#3236 = VERTEX_POINT ( 'NONE', #3368 ) ;
#3237 = CARTESIAN_POINT ( 'NONE',  ( 1.497759988432243006, 0.000000000000000000, -0.4894122655946467337 ) ) ;
#3238 = ORIENTED_EDGE ( 'NONE', *, *, #1418, .F. ) ;
#3239 = B_SPLINE_CURVE_WITH_KNOTS ( 'NONE', 3,
 ( #2997, #1568, #3982, #3535, #3060, #4454, #4994, #611, #2574, #2085, #5859 ),
 .UNSPECIFIED., .F., .F.,
 ( 4, 1, 1, 1, 1, 1, 1, 1, 4 ),
 ( 0.000000000000000000, 0.1182764693417158869, 0.2293361993440335977, 0.3395720181782663771, 0.4538680160291304055, 0.5741236693671500912, 0.7016203289588394121, 0.8424135457246765268, 1.000000000000000000 ),
 .UNSPECIFIED. ) ;
#3240 = DIRECTION ( 'NONE',  ( 0.000000000000000000, 0.000000000000000000, 1.000000000000000000 ) ) ;
#3241 = CARTESIAN_POINT ( 'NONE',  ( 1.986394734441949250, 0.000000000000000000, -0.6814065122916799222 ) ) ;
#3242 = EDGE_CURVE ( 'NONE', #6280, #6170, #4835, .T. ) ;
#3243 = ORIENTED_EDGE ( 'NONE', *, *, #3277, .T. ) ;
#3244 = AXIS2_PLACEMENT_3D ( 'NONE', #3830, #4910, #1866 ) ;
#3245 = CARTESIAN_POINT ( 'NONE',  ( 1.425377796716588374, 0.000000000000000000, -0.5014018362069876389 ) ) ;
#3246 = CARTESIAN_POINT ( 'NONE',  ( 1.208533026208835182, 0.04000000000000000083, -0.4896555717446322009 ) ) ;
#3247 = CARTESIAN_POINT ( 'NONE',  ( -1.707404996040164512E-17, 0.1400000000000000133, -1.104999999999999982 ) ) ;
#3248 = CARTESIAN_POINT ( 'NONE',  ( 1.838429487179905841, 0.04000000000000000083, -0.6155957031250000044 ) ) ;
#3249 = CARTESIAN_POINT ( 'NONE',  ( 1.145802534054905841, 0.000000000000000000, -0.5831250000000000044 ) ) ;
#3250 = CARTESIAN_POINT ( 'NONE',  ( 0.2000000000000000111, 0.07499999999999999722, -0.7399999999999999911 ) ) ;
#3251 = FACE_OUTER_BOUND ( 'NONE', #2806, .T. ) ;
#3252 = CARTESIAN_POINT ( 'NONE',  ( 1.602922912838602887, 0.000000000000000000, -0.4935646415454433833 ) ) ;
#3253 = CARTESIAN_POINT ( 'NONE',  ( 1.657179487179905708, 0.04000000000000000083, -0.5913769531250000488 ) ) ;
#3254 = CARTESIAN_POINT ( 'NONE',  ( 0.6948872731656431379, 0.04000000000000000083, -0.7153414717591428662 ) ) ;
#3255 = VERTEX_POINT ( 'NONE', #1912 ) ;
#3256 = EDGE_CURVE ( 'NONE', #3011, #2859, #2297, .T. ) ;
#3257 = CARTESIAN_POINT ( 'NONE',  ( 1.533394957509973899, 0.000000000000000000, -0.7262016775290135451 ) ) ;
#3258 = CARTESIAN_POINT ( 'NONE',  ( 1.738501658885703183, 0.000000000000000000, -0.5371477835755119612 ) ) ;
#3259 = CARTESIAN_POINT ( 'NONE',  ( 1.239992746087522857, 0.04000000000000000083, -0.5078715846304679982 ) ) ;
#3260 = DIRECTION ( 'NONE',  ( 0.0001256912946021341237, -0.000000000000000000, 0.9999999921008492221 ) ) ;
#3261 = VECTOR ( 'NONE', #3764, 39.37007874015748143 ) ;
#3262 = CARTESIAN_POINT ( 'NONE',  ( 1.145802534054905841, 0.000000000000000000, -0.5831250000000000044 ) ) ;
#3263 = CARTESIAN_POINT ( 'NONE',  ( 1.763777133497301586, 0.000000000000000000, -0.5825476701987745143 ) ) ;
#3264 = CARTESIAN_POINT ( 'NONE',  ( 1.531593549679905575, 0.04000000000000000083, -0.5353710937500000266 ) ) ;
#3265 = DIRECTION ( 'NONE',  ( -0.000000000000000000, -0.000000000000000000, -1.000000000000000000 ) ) ;
#3266 = EDGE_CURVE ( 'NONE', #5339, #4960, #2609, .T. ) ;
#3267 = ORIENTED_EDGE ( 'NONE', *, *, #1259, .F. ) ;
#3268 = VERTEX_POINT ( 'NONE', #2833 ) ;
#3269 = CARTESIAN_POINT ( 'NONE',  ( 1.515237353580049406, 0.04000000000000000083, -0.4955375751385837080 ) ) ;
#3270 = ORIENTED_EDGE ( 'NONE', *, *, #3596, .T. ) ;
#3271 = CARTESIAN_POINT ( 'NONE',  ( 1.952926659418518840, 0.000000000000000000, -0.5984973928187045100 ) ) ;
#3272 = CARTESIAN_POINT ( 'NONE',  ( 1.219187328429527151, 0.04000000000000000083, -0.7352390000847036644 ) ) ;
#3273 = CARTESIAN_POINT ( 'NONE',  ( 1.149907668011070472, 0.000000000000000000, -0.6269579293438025669 ) ) ;
#3274 = ORIENTED_EDGE ( 'NONE', *, *, #1985, .F. ) ;
#3275 = CARTESIAN_POINT ( 'NONE',  ( 0.7478044871799054416, 0.000000000000000000, -0.7087109375000000266 ) ) ;
#3276 = CARTESIAN_POINT ( 'NONE',  ( 1.185304487179905886, 0.04000000000000000083, -0.5209667968750000266 ) ) ;
#3277 = EDGE_CURVE ( 'NONE', #5467, #4486, #3815, .T. ) ;
#3278 = CARTESIAN_POINT ( 'NONE',  ( 1.659822654122398156, 0.000000000000000000, -0.6075281398586190873 ) ) ;
#3279 = EDGE_CURVE ( 'NONE', #4776, #6318, #4325, .T. ) ;
#3280 = CARTESIAN_POINT ( 'NONE',  ( 1.608322235033031289, 0.04000000000000000083, -0.7263902811075736432 ) ) ;
#3281 = CARTESIAN_POINT ( 'NONE',  ( 1.981069553361002100, 0.000000000000000000, -0.6727046574171606785 ) ) ;
#3282 = DIRECTION ( 'NONE',  ( 0.0001256912946021341237, -0.000000000000000000, 0.9999999921008492221 ) ) ;
#3283 = CARTESIAN_POINT ( 'NONE',  ( 1.207521284054905886, 0.000000000000000000, -0.7362499999999999600 ) ) ;
#3284 = VECTOR ( 'NONE', #5812, 39.37007874015748143 ) ;
#3285 = CARTESIAN_POINT ( 'NONE',  ( 1.670509882653886002, 0.04000000000000000083, -0.6943561838738041558 ) ) ;
#3286 = CARTESIAN_POINT ( 'NONE',  ( 1.796313817858544937, 0.000000000000000000, -0.4913360111011859654 ) ) ;
#3287 = CARTESIAN_POINT ( 'NONE',  ( 0.6946794871799053528, 0.000000000000000000, -0.7089062499999998490 ) ) ;
#3288 = VERTEX_POINT ( 'NONE', #1589 ) ;
#3289 = CARTESIAN_POINT ( 'NONE',  ( 1.470629762457503320, 0.04000000000000000083, -0.4996377347448205386 ) ) ;
#3290 = CARTESIAN_POINT ( 'NONE',  ( 0.8937347775914286085, 0.04000000000000000083, -0.7284242665971171204 ) ) ;
#3291 = CARTESIAN_POINT ( 'NONE',  ( 1.997065884624477983, 0.04000000000000000083, -0.7356584067465468113 ) ) ;
#3292 = CARTESIAN_POINT ( 'NONE',  ( 2.088699410802785206, 0.04000000000000000083, -0.4894783444736948708 ) ) ;
#3293 = CARTESIAN_POINT ( 'NONE',  ( 1.892708143753448535, 0.04000000000000000083, -0.6411864590076461479 ) ) ;
#3294 = PLANE ( 'NONE',  #3211 ) ;
#3295 = CARTESIAN_POINT ( 'NONE',  ( 1.713966596554905575, 0.000000000000000000, -0.6598339843749999600 ) ) ;
#3296 = VECTOR ( 'NONE', #2398, 39.37007874015748143 ) ;
#3297 = CIRCLE ( 'NONE', #528, 0.1250000000000000278 ) ;
#3298 = B_SPLINE_CURVE_WITH_KNOTS ( 'NONE', 3,
 ( #5247, #1667, #2188, #4145, #62, #2409, #1949, #5311, #475, #3942, #3494 ),
 .UNSPECIFIED., .F., .F.,
 ( 4, 1, 1, 1, 1, 1, 1, 1, 4 ),
 ( 0.000000000000000000, 0.1581692231159462503, 0.2979152898125614901, 0.4257598827158990962, 0.5443383524022874509, 0.6560061348833443606, 0.7665598615528721460, 0.8789143086602184685, 1.000000000000000000 ),
 .UNSPECIFIED. ) ;
#3299 = LINE ( 'NONE', #4639, #5532 ) ;
#3300 = VERTEX_POINT ( 'NONE', #4506 ) ;
#3301 = ORIENTED_EDGE ( 'NONE', *, *, #297, .F. ) ;
#3302 = CARTESIAN_POINT ( 'NONE',  ( 1.225846635246174987, 0.04000000000000000083, -0.4912065637766127035 ) ) ;
#3303 = EDGE_LOOP ( 'NONE', ( #5127, #3449, #2373, #2305 ) ) ;
#3304 = CARTESIAN_POINT ( 'NONE',  ( 1.377517148579386896, 0.04000000000000000083, -0.5072631977476020904 ) ) ;
#3305 = CARTESIAN_POINT ( 'NONE',  ( 1.861136782071959317, 0.000000000000000000, -0.7058083210826882059 ) ) ;
#3306 = FACE_OUTER_BOUND ( 'NONE', #4561, .T. ) ;
#3307 = CARTESIAN_POINT ( 'NONE',  ( 1.664406049679905797, 0.000000000000000000, -0.6747265625000000711 ) ) ;
#3308 = EDGE_CURVE ( 'NONE', #4566, #5404, #155, .T. ) ;
#3309 = VERTEX_POINT ( 'NONE', #124 ) ;
#3310 = CARTESIAN_POINT ( 'NONE',  ( 0.5624999999999998890, 0.000000000000000000, -0.3649999999999999911 ) ) ;
#3311 = CARTESIAN_POINT ( 'NONE',  ( 1.202595232313247609, 0.04000000000000000083, -0.4912707174611701255 ) ) ;
#3312 = CARTESIAN_POINT ( 'NONE',  ( 1.659822654122398156, 0.04000000000000000083, -0.6075281398586190873 ) ) ;
#3313 = B_SPLINE_SURFACE_WITH_KNOTS ( 'NONE', 3, 1, ( 
 ( #578, #3501 ),
 ( #1472, #138 ),
 ( #3918, #3470 ),
 ( #2475, #991 ),
 ( #2542, #1535 ),
 ( #3032, #4521 ),
 ( #4046, #1501 ),
 ( #5441, #4490 ),
 ( #4934, #3440 ),
 ( #4425, #5987 ),
 ( #5410, #5923 ),
 ( #1986, #104 ),
 ( #2968, #37 ),
 ( #2056, #4014 ),
 ( #5472, #4906 ) ),
 .UNSPECIFIED., .F., .F., .F.,
 ( 4, 1, 1, 1, 1, 1, 1, 1, 1, 1, 1, 1, 4 ),
 ( 2, 2 ),
 ( 0.000000000000000000, 0.1075212931455933191, 0.2018531455207841496, 0.2834991629665748469, 0.3522698592065470757, 0.4159778075812734510, 0.4825984022751547697, 0.5530617777884793140, 0.6284494531993556343, 0.7089724738938529836, 0.7972121718589568751, 0.8941376139955272695, 1.000000000000000000 ),
 ( 0.000000000000000000, 1.000000000000000000 ),
 .UNSPECIFIED. ) ;
#3314 = CARTESIAN_POINT ( 'NONE',  ( 1.593652242189570911, 0.04000000000000000083, -0.7349146247617434069 ) ) ;
#3315 = CARTESIAN_POINT ( 'NONE',  ( 1.664662274991622892, 0.000000000000000000, -0.6701247915765811136 ) ) ;
#3316 = DIRECTION ( 'NONE',  ( -0.000000000000000000, -1.000000000000000000, -0.000000000000000000 ) ) ;
#3317 = CARTESIAN_POINT ( 'NONE',  ( 1.050990762372156828, 0.04000000000000000083, -0.6636299963044934858 ) ) ;
#3318 = CARTESIAN_POINT ( 'NONE',  ( 1.709930108842510954, 0.04000000000000000083, -0.6554230818510524692 ) ) ;
#3319 = CARTESIAN_POINT ( 'NONE',  ( 1.820855657916423453, 0.04000000000000000083, -0.4977059771700541035 ) ) ;
#3320 = CARTESIAN_POINT ( 'NONE',  ( 1.657179487179905708, 0.000000000000000000, -0.5913769531250000488 ) ) ;
#3321 = ORIENTED_EDGE ( 'NONE', *, *, #6257, .F. ) ;
#3322 = CARTESIAN_POINT ( 'NONE',  ( 0.6962886798552460066, 0.000000000000000000, -0.7213397502294378594 ) ) ;
#3323 = DIRECTION ( 'NONE',  ( -0.000000000000000000, -1.000000000000000000, -0.000000000000000000 ) ) ;
#3324 = CARTESIAN_POINT ( 'NONE',  ( 2.009895144867603012, 0.04000000000000000083, -0.7362523579507957994 ) ) ;
#3325 = CARTESIAN_POINT ( 'NONE',  ( 2.113429487179905308, 0.04000000000000000083, -0.5214062499999999600 ) ) ;
#3326 = CARTESIAN_POINT ( 'NONE',  ( 1.560515363671391986, 0.04000000000000000083, -0.5132625730204321002 ) ) ;
#3327 = CARTESIAN_POINT ( 'NONE',  ( 1.776353707618672395, 0.000000000000000000, -0.5962752996905649194 ) ) ;
#3328 = EDGE_CURVE ( 'NONE', #4522, #5518, #2696, .T. ) ;
#3329 = CARTESIAN_POINT ( 'NONE',  ( 1.157911909054905708, 0.000000000000000000, -0.6925000000000000044 ) ) ;
#3330 = CARTESIAN_POINT ( 'NONE',  ( 1.659002355286515629, 0.000000000000000000, -0.5325534197047187002 ) ) ;
#3331 = EDGE_LOOP ( 'NONE', ( #6268, #97, #1368, #3821 ) ) ;
#3332 = EDGE_LOOP ( 'NONE', ( #1281, #5027, #3565, #619, #5240, #4861, #2066, #1437, #4291, #4039, #1783, #3872, #3834, #3466, #6139 ) ) ;
#3333 = CARTESIAN_POINT ( 'NONE',  ( 1.710304487179905575, 0.000000000000000000, -0.5480664062500000266 ) ) ;
#3334 = ORIENTED_EDGE ( 'NONE', *, *, #298, .F. ) ;
#3335 = EDGE_CURVE ( 'NONE', #3935, #1243, #4033, .T. ) ;
#3336 = DIRECTION ( 'NONE',  ( 0.000000000000000000, 0.000000000000000000, 1.000000000000000000 ) ) ;
#3337 = CARTESIAN_POINT ( 'NONE',  ( 1.010122235186169393, 0.000000000000000000, -0.5144648697149064587 ) ) ;
#3338 = LINE ( 'NONE', #1374, #3064 ) ;
#3339 = CARTESIAN_POINT ( 'NONE',  ( 1.667807909642012865, 0.000000000000000000, -0.6890069819365174375 ) ) ;
#3340 = VERTEX_POINT ( 'NONE', #5429 ) ;
#3341 = CARTESIAN_POINT ( 'NONE',  ( 0.9008519069861026241, 0.04000000000000000083, -0.5175423311753131195 ) ) ;
#3342 = CARTESIAN_POINT ( 'NONE',  ( 0.9540544871799059301, 0.04000000000000000083, -0.7072949218750000933 ) ) ;
#3343 = CARTESIAN_POINT ( 'NONE',  ( 0.9991646983031481355, 0.04000000000000000083, -0.7348674797975486284 ) ) ;
#3344 = ADVANCED_FACE ( 'NONE', ( #3554 ), #4139, .T. ) ;
#3345 = CARTESIAN_POINT ( 'NONE',  ( 0.7230486278049053084, 0.04000000000000000083, -0.7393750000000000044 ) ) ;
#3346 = EDGE_CURVE ( 'NONE', #4960, #3737, #626, .T. ) ;
#3347 = LINE ( 'NONE', #2286, #624 ) ;
#3348 = ADVANCED_FACE ( 'NONE', ( #5044 ), #4567, .T. ) ;
#3349 = CARTESIAN_POINT ( 'NONE',  ( 1.185382510028260228, 0.04000000000000000083, -0.5186778385476670250 ) ) ;
#3350 = LINE ( 'NONE', #1063, #4063 ) ;
#3351 = DIRECTION ( 'NONE',  ( 0.000000000000000000, 1.000000000000000000, 0.000000000000000000 ) ) ;
#3352 = CARTESIAN_POINT ( 'NONE',  ( 1.842502878105087394, 0.04000000000000000083, -0.5081351905995079576 ) ) ;
#3353 = CARTESIAN_POINT ( 'NONE',  ( 0.2000000000000000111, 0.1400000000000000133, -0.5507499999999999618 ) ) ;
#3354 = AXIS2_PLACEMENT_3D ( 'NONE', #4083, #4591, #2158 ) ;
#3355 = VERTEX_POINT ( 'NONE', #1489 ) ;
#3356 = ADVANCED_FACE ( 'NONE', ( #5398 ), #750, .T. ) ;
#3357 = CARTESIAN_POINT ( 'NONE',  ( 1.757000958224330001, 0.000000000000000000, -0.6235582935077611522 ) ) ;
#3358 = CARTESIAN_POINT ( 'NONE',  ( 1.991300891385690219, 0.04000000000000000083, -0.7351717324689980293 ) ) ;
#3359 = DIRECTION ( 'NONE',  ( -1.000000000000000000, -0.000000000000000000, -0.000000000000000000 ) ) ;
#3360 = CARTESIAN_POINT ( 'NONE',  ( 1.564206941234194126, 0.04000000000000000083, -0.5020369708627390182 ) ) ;
#3361 = CARTESIAN_POINT ( 'NONE',  ( 2.329999999999999627, 0.000000000000000000, 0.000000000000000000 ) ) ;
#3362 = CARTESIAN_POINT ( 'NONE',  ( 1.241554487179905797, 0.000000000000000000, -0.7037304687500000044 ) ) ;
#3363 = DIRECTION ( 'NONE',  ( -0.000000000000000000, -1.000000000000000000, -0.000000000000000000 ) ) ;
#3364 = ORIENTED_EDGE ( 'NONE', *, *, #4752, .T. ) ;
#3365 = AXIS2_PLACEMENT_3D ( 'NONE', #2595, #2563, #2104 ) ;
#3366 = LINE ( 'NONE', #1942, #2052 ) ;
#3367 = VERTEX_POINT ( 'NONE', #4187 ) ;
#3368 = CARTESIAN_POINT ( 'NONE',  ( 2.113429487179905308, 0.000000000000000000, -0.5214062499999999600 ) ) ;
#3369 = CARTESIAN_POINT ( 'NONE',  ( 1.003085492958266656, 0.000000000000000000, -0.4976146864655981439 ) ) ;
#3370 = CARTESIAN_POINT ( 'NONE',  ( 1.149907668011070472, 0.000000000000000000, -0.6269579293438025669 ) ) ;
#3371 = CARTESIAN_POINT ( 'NONE',  ( 0.8494475127983880380, 0.04000000000000000083, -0.5074720540016978143 ) ) ;
#3372 = ORIENTED_EDGE ( 'NONE', *, *, #4484, .T. ) ;
#3373 = EDGE_LOOP ( 'NONE', ( #4255, #4727, #5587, #1580 ) ) ;
#3374 = CARTESIAN_POINT ( 'NONE',  ( 2.113429487179905308, 0.04000000000000000083, -0.7037304687500000044 ) ) ;
#3375 = CARTESIAN_POINT ( 'NONE',  ( 1.990610854456254408, 0.04000000000000000083, -0.6853627314024504091 ) ) ;
#3376 = CARTESIAN_POINT ( 'NONE',  ( 2.104999999999999982, 0.000000000000000000, -0.1250000000000000278 ) ) ;
#3377 = CARTESIAN_POINT ( 'NONE',  ( 1.110199592300106897, 0.04000000000000000083, -0.6446385603825365296 ) ) ;
#3378 = ORIENTED_EDGE ( 'NONE', *, *, #2606, .F. ) ;
#3379 = LINE ( 'NONE', #3791, #4724 ) ;
#3380 = CARTESIAN_POINT ( 'NONE',  ( 1.777536860385634965, 0.000000000000000000, -0.5333211429501247824 ) ) ;
#3381 = CARTESIAN_POINT ( 'NONE',  ( 1.980300589604965467, 0.000000000000000000, -0.6491831046553113715 ) ) ;
#3382 = B_SPLINE_CURVE_WITH_KNOTS ( 'NONE', 3,
 ( #4888, #1940, #2399, #5272, #2892, #847, #4349, #2828, #5337, #5746, #5810 ),
 .UNSPECIFIED., .F., .F.,
 ( 4, 1, 1, 1, 1, 1, 1, 1, 4 ),
 ( 0.000000000000000000, 0.08220167381014568952, 0.1736621169389030162, 0.2759481427328021041, 0.3912616871088695492, 0.5210725658350771061, 0.6654153851221421556, 0.8245207618702732333, 1.000000000000000000 ),
 .UNSPECIFIED. ) ;
#3383 = CARTESIAN_POINT ( 'NONE',  ( 0.6946794871799053528, 0.04000000000000000083, -0.7089062499999998490 ) ) ;
#3384 = CARTESIAN_POINT ( 'NONE',  ( 1.924068291746614756, 0.04000000000000000083, -0.6770761326926550971 ) ) ;
#3385 = EDGE_CURVE ( 'NONE', #2704, #2262, #1, .T. ) ;
#3386 = CARTESIAN_POINT ( 'NONE',  ( 2.079999999999999627, 0.1400000000000000133, -1.054999999999999938 ) ) ;
#3387 = VERTEX_POINT ( 'NONE', #5077 ) ;
#3388 = ADVANCED_FACE ( 'NONE', ( #2168 ), #3218, .T. ) ;
#3389 = VECTOR ( 'NONE', #355, 39.37007874015748143 ) ;
#3390 = FACE_OUTER_BOUND ( 'NONE', #373, .T. ) ;
#3391 = LINE ( 'NONE', #1874, #754 ) ;
#3392 = ADVANCED_FACE ( 'NONE', ( #3133 ), #4124, .T. ) ;
#3393 = CARTESIAN_POINT ( 'NONE',  ( 2.238333333333333730, 0.3066666666666651442, -0.1833333333333345694 ) ) ;
#3394 = CARTESIAN_POINT ( 'NONE',  ( 2.229999999999999538, 0.000000000000000000, -0.1250000000000000278 ) ) ;
#3395 = DIRECTION ( 'NONE',  ( -0.000000000000000000, -1.000000000000000000, -0.000000000000000000 ) ) ;
#3396 = CARTESIAN_POINT ( 'NONE',  ( 1.669359781745054949, 0.000000000000000000, -0.5194307890960563334 ) ) ;
#3397 = ORIENTED_EDGE ( 'NONE', *, *, #5555, .T. ) ;
#3398 = DIRECTION ( 'NONE',  ( -0.000000000000000000, -1.000000000000000000, -0.000000000000000000 ) ) ;
#3399 = ORIENTED_EDGE ( 'NONE', *, *, #2699, .T. ) ;
#3400 = CARTESIAN_POINT ( 'NONE',  ( 2.080797318698867748, -0.000000000000000000, -0.7362422922750070375 ) ) ;
#3401 = CARTESIAN_POINT ( 'NONE',  ( 1.808186265675640669, 0.000000000000000000, -0.7347176547495120058 ) ) ;
#3402 = CARTESIAN_POINT ( 'NONE',  ( 1.673936597650692137, 0.000000000000000000, -0.6998280544597671460 ) ) ;
#3403 = CARTESIAN_POINT ( 'NONE',  ( 0.7230486278049053084, 0.000000000000000000, -0.7393750000000000044 ) ) ;
#3404 = VECTOR ( 'NONE', #1412, 39.37007874015748143 ) ;
#3405 = VERTEX_POINT ( 'NONE', #4762 ) ;
#3406 = CARTESIAN_POINT ( 'NONE',  ( 0.9009294871799053972, 0.04000000000000000083, -0.5198437500000000488 ) ) ;
#3407 = CARTESIAN_POINT ( 'NONE',  ( 1.763777133497301586, 0.04000000000000000083, -0.5825476701987745143 ) ) ;
#3408 = CARTESIAN_POINT ( 'NONE',  ( 2.104999999999999982, 0.1400000000000000133, -0.1250000000000000278 ) ) ;
#3409 = CARTESIAN_POINT ( 'NONE',  ( 1.777536860385634965, 0.000000000000000000, -0.5333211429501247824 ) ) ;
#3410 = CARTESIAN_POINT ( 'NONE',  ( 1.115870893429905752, 8.537024980200822558E-18, -0.6829296874999999378 ) ) ;
#3411 = AXIS2_PLACEMENT_3D ( 'NONE', #3030, #4963, #2540 ) ;
#3412 = CARTESIAN_POINT ( 'NONE',  ( 1.599321718607590759, 0.04000000000000000083, -0.7330338142798326073 ) ) ;
#3413 = CARTESIAN_POINT ( 'NONE',  ( 1.976425237444370486, 0.04000000000000000083, -0.5880286626417449147 ) ) ;
#3414 = CARTESIAN_POINT ( 'NONE',  ( 1.693409955929905619, 0.04000000000000000083, -0.6500195312500000044 ) ) ;
#3415 = CARTESIAN_POINT ( 'NONE',  ( 1.886116638024798453, 0.04000000000000000083, -0.5625483926388011868 ) ) ;
#3416 = DIRECTION ( 'NONE',  ( -1.000000000000000000, 0.000000000000000000, 0.000000000000000000 ) ) ;
#3417 = ORIENTED_EDGE ( 'NONE', *, *, #3149, .F. ) ;
#3418 =( GEOMETRIC_REPRESENTATION_CONTEXT ( 3 ) GLOBAL_UNCERTAINTY_ASSIGNED_CONTEXT ( ( #5926 ) ) GLOBAL_UNIT_ASSIGNED_CONTEXT ( ( #4376, #4406, #2554 ) ) REPRESENTATION_CONTEXT ( 'NONE', 'WORKASPACE' ) );
#3419 = CARTESIAN_POINT ( 'NONE',  ( 1.722040335830644420, 0.000000000000000000, -0.6714435597812290490 ) ) ;
#3420 = CARTESIAN_POINT ( 'NONE',  ( 1.527352189719010322, 0.000000000000000000, -0.5157819592465736624 ) ) ;
#3421 = DIRECTION ( 'NONE',  ( -0.000000000000000000, -1.000000000000000000, -0.000000000000000000 ) ) ;
#3422 = FACE_OUTER_BOUND ( 'NONE', #1800, .T. ) ;
#3423 = B_SPLINE_CURVE_WITH_KNOTS ( 'NONE', 3,
 ( #1755, #229, #2216, #1181, #3719, #2708, #3625, #2308, #3687, #2179, #3271, #5623, #4136, #4166, #5655, #1723, #3144, #4259, #4644 ),
 .UNSPECIFIED., .F., .F.,
 ( 4, 1, 1, 1, 1, 1, 1, 1, 1, 1, 1, 1, 1, 1, 1, 1, 4 ),
 ( 0.000000000000000000, 0.06471401816636543347, 0.1260074759657008603, 0.1848404604205492741, 0.2412139089641152645, 0.2962365839730135564, 0.3506218337640996108, 0.4049891146124610652, 0.4601104791148300510, 0.5167961286223607953, 0.5752343926751203318, 0.6364091737907180413, 0.7005078337452679271, 0.7688271593737614484, 0.8409926476957444441, 0.9181950594621315354, 0.9999999999999998890 ),
 .UNSPECIFIED. ) ;
#3424 = CARTESIAN_POINT ( 'NONE',  ( 1.657201181744086149, 0.000000000000000000, -0.5428967921756030490 ) ) ;
#3425 = EDGE_CURVE ( 'NONE', #2094, #1980, #366, .T. ) ;
#3426 = ORIENTED_EDGE ( 'NONE', *, *, #5555, .F. ) ;
#3427 = CARTESIAN_POINT ( 'NONE',  ( 0.7332345392384469474, 0.000000000000000000, -0.4895870481753199499 ) ) ;
#3428 = ORIENTED_EDGE ( 'NONE', *, *, #5213, .T. ) ;
#3429 = CARTESIAN_POINT ( 'NONE',  ( 2.111397415065153549, 0.000000000000000000, -0.7185264885591116091 ) ) ;
#3430 = CARTESIAN_POINT ( 'NONE',  ( 0.9858349916979387562, -0.000000000000000000, -0.4894804284713953901 ) ) ;
#3431 = CARTESIAN_POINT ( 'NONE',  ( 1.754690887052041459, 0.000000000000000000, -0.7391306120520303446 ) ) ;
#3432 = CARTESIAN_POINT ( 'NONE',  ( 1.113822422333190509, 0.04000000000000000083, -0.5857795907696653481 ) ) ;
#3433 = CARTESIAN_POINT ( 'NONE',  ( 1.991300891385690219, 0.000000000000000000, -0.7351717324689980293 ) ) ;
#3434 = ORIENTED_EDGE ( 'NONE', *, *, #2488, .F. ) ;
#3435 = EDGE_LOOP ( 'NONE', ( #6290, #160, #1426, #2993, #3274 ) ) ;
#3436 = CARTESIAN_POINT ( 'NONE',  ( 0.8862177752544848630, 0.04000000000000000083, -0.4911911030535148215 ) ) ;
#3437 = ADVANCED_FACE ( 'NONE', ( #5233 ), #2552, .T. ) ;
#3438 = CARTESIAN_POINT ( 'NONE',  ( 1.776353707618672395, 0.04000000000000000083, -0.5962752996905649194 ) ) ;
#3439 = DIRECTION ( 'NONE',  ( 0.000000000000000000, -0.000000000000000000, 1.000000000000000000 ) ) ;
#3440 = CARTESIAN_POINT ( 'NONE',  ( 1.740454092043963064, 0.000000000000000000, -0.6888545350961746694 ) ) ;
#3441 = CARTESIAN_POINT ( 'NONE',  ( 1.109194553361001923, 0.000000000000000000, -0.6727046574171605675 ) ) ;
#3442 = CARTESIAN_POINT ( 'NONE',  ( 1.558888402621585678, 0.04000000000000000083, -0.7361794251699712577 ) ) ;
#3443 = CARTESIAN_POINT ( 'NONE',  ( 1.820135691242227072, 0.000000000000000000, -0.5538288753223686856 ) ) ;
#3444 = CARTESIAN_POINT ( 'NONE',  ( 1.967856238116828749, 0.04000000000000000083, -0.5908602598766081737 ) ) ;
#3445 = B_SPLINE_CURVE_WITH_KNOTS ( 'NONE', 3,
 ( #5755, #351, #3273, #3121, #4080, #6022, #170, #4744, #4775, #5538, #3752, #1189, #824, #855, #4261 ),
 .UNSPECIFIED., .F., .F.,
 ( 4, 1, 1, 1, 1, 1, 1, 1, 1, 1, 1, 1, 4 ),
 ( 0.000000000000000000, 0.1196246628663752143, 0.2282837097143243510, 0.3263627238658261542, 0.4152666510313158255, 0.4958568814466465247, 0.5702432826981826963, 0.6394510592149724726, 0.7065314550312626896, 0.7732900845859880246, 0.8425412606324502729, 0.9177644306273172736, 1.000000000000000000 ),
 .UNSPECIFIED. ) ;
#3446 = CARTESIAN_POINT ( 'NONE',  ( 1.528193775660272591, 0.000000000000000000, -0.7140213084126223464 ) ) ;
#3447 = CARTESIAN_POINT ( 'NONE',  ( 1.972365034054905486, 0.000000000000000000, -0.7317089843750000933 ) ) ;
#3448 = CARTESIAN_POINT ( 'NONE',  ( 0.7626869087248968615, 0.000000000000000000, -0.5132015219545007501 ) ) ;
#3449 = ORIENTED_EDGE ( 'NONE', *, *, #3904, .F. ) ;
#3450 = DIRECTION ( 'NONE',  ( 1.000000000000000000, 0.000000000000000000, 0.000000000000000000 ) ) ;
#3451 = CARTESIAN_POINT ( 'NONE',  ( 1.820506218596455339, 0.04000000000000000083, -0.7309932627730580945 ) ) ;
#3452 = DIRECTION ( 'NONE',  ( 0.000000000000000000, -0.000000000000000000, 1.000000000000000000 ) ) ;
#3453 = EDGE_CURVE ( 'NONE', #1084, #5365, #4057, .T. ) ;
#3454 = CARTESIAN_POINT ( 'NONE',  ( 0.9009294871799053972, 0.04000000000000000083, -0.5198437500000000488 ) ) ;
#3455 = ORIENTED_EDGE ( 'NONE', *, *, #6068, .T. ) ;
#3456 = CARTESIAN_POINT ( 'NONE',  ( 0.9817295246001155329, 0.04000000000000000083, -0.4894666760164760877 ) ) ;
#3457 = VERTEX_POINT ( 'NONE', #4796 ) ;
#3458 = CARTESIAN_POINT ( 'NONE',  ( 1.664406049679905797, 0.04000000000000000083, -0.6747265625000000711 ) ) ;
#3459 = CARTESIAN_POINT ( 'NONE',  ( 0.9660916658251496036, 0.000000000000000000, -0.4940636039383386469 ) ) ;
#3460 = CARTESIAN_POINT ( 'NONE',  ( 0.9540544871799059301, 0.04000000000000000083, -0.5216015625000000044 ) ) ;
#3461 = CARTESIAN_POINT ( 'NONE',  ( 1.054059603288675318, 0.000000000000000000, -0.6353857216656665363 ) ) ;
#3462 = DIRECTION ( 'NONE',  ( -0.000000000000000000, -1.000000000000000000, -0.000000000000000000 ) ) ;
#3463 = EDGE_CURVE ( 'NONE', #1546, #1656, #1633, .T. ) ;
#3464 = EDGE_LOOP ( 'NONE', ( #5534, #1117, #4448, #2530 ) ) ;
#3465 = EDGE_CURVE ( 'NONE', #1130, #564, #875, .T. ) ;
#3466 = ORIENTED_EDGE ( 'NONE', *, *, #4867, .F. ) ;
#3467 = CARTESIAN_POINT ( 'NONE',  ( 0.8504840420974694171, 0.000000000000000000, -0.7337022499453741409 ) ) ;
#3468 = CARTESIAN_POINT ( 'NONE',  ( 1.994202413818217279, 0.04000000000000000083, -0.6872853059217896021 ) ) ;
#3469 = CARTESIAN_POINT ( 'NONE',  ( 2.329999999999999627, 0.1700000000000018718, -0.9549999999999996270 ) ) ;
#3470 = CARTESIAN_POINT ( 'NONE',  ( 1.718108001943642105, 0.000000000000000000, -0.6659397922214859156 ) ) ;
#3471 = CARTESIAN_POINT ( 'NONE',  ( 1.838429487179906063, 0.04000000000000000083, -0.6155957031250001155 ) ) ;
#3472 = CARTESIAN_POINT ( 'NONE',  ( 0.6947506969205405891, -0.000000000000000000, -0.7111116464360122125 ) ) ;
#3473 = ADVANCED_FACE ( 'NONE', ( #2823 ), #4031, .T. ) ;
#3474 = CARTESIAN_POINT ( 'NONE',  ( 1.784879200717557124, 0.000000000000000000, -0.5343142984488762348 ) ) ;
#3475 = CARTESIAN_POINT ( 'NONE',  ( 1.922883731520457662, 0.04000000000000000083, -0.6578450886893918437 ) ) ;
#3476 = EDGE_CURVE ( 'NONE', #316, #2273, #674, .T. ) ;
#3477 = CARTESIAN_POINT ( 'NONE',  ( 1.494777143429905530, 0.04000000000000000083, -0.5737499999999999822 ) ) ;
#3478 = CARTESIAN_POINT ( 'NONE',  ( 1.376515128654870690, 0.04000000000000000083, -0.7142347700367687180 ) ) ;
#3479 = CARTESIAN_POINT ( 'NONE',  ( 1.990610854456254408, 0.000000000000000000, -0.6853627314024504091 ) ) ;
#3480 = DIRECTION ( 'NONE',  ( -0.000000000000000000, -1.000000000000000000, -0.000000000000000000 ) ) ;
#3481 = ORIENTED_EDGE ( 'NONE', *, *, #4593, .T. ) ;
#3482 = DIRECTION ( 'NONE',  ( -0.000000000000000000, -1.000000000000000000, -0.000000000000000000 ) ) ;
#3483 = CARTESIAN_POINT ( 'NONE',  ( 1.769923627804905752, 0.04000000000000000083, -0.5331249999999999600 ) ) ;
#3484 = CARTESIAN_POINT ( 'NONE',  ( 1.185304487179905886, 0.04000000000000000083, -0.5831250000000000044 ) ) ;
#3485 = VECTOR ( 'NONE', #5502, 39.37007874015748143 ) ;
#3486 = LINE ( 'NONE', #563, #3656 ) ;
#3487 = ORIENTED_EDGE ( 'NONE', *, *, #5017, .F. ) ;
#3488 = CARTESIAN_POINT ( 'NONE',  ( 0.9008891810162703573, 0.04000000000000000083, -0.7072611830166861679 ) ) ;
#3489 = ORIENTED_EDGE ( 'NONE', *, *, #4468, .F. ) ;
#3490 = CARTESIAN_POINT ( 'NONE',  ( 1.376002534677285949, 0.04000000000000000083, -0.5174111302577745208 ) ) ;
#3491 = CARTESIAN_POINT ( 'NONE',  ( 0.9616892447190834581, 0.000000000000000000, -0.7309173442086571715 ) ) ;
#3492 = CARTESIAN_POINT ( 'NONE',  ( 0.9557921979920567246, 0.04000000000000000083, -0.5083359794443373936 ) ) ;
#3493 = CARTESIAN_POINT ( 'NONE',  ( 0.8702165965549053528, 0.04000000000000000083, -0.7393750000000000044 ) ) ;
#3494 = CARTESIAN_POINT ( 'NONE',  ( 0.7230486278049053084, 0.000000000000000000, -0.7393750000000000044 ) ) ;
#3495 = ORIENTED_EDGE ( 'NONE', *, *, #5639, .F. ) ;
#3496 = ORIENTED_EDGE ( 'NONE', *, *, #997, .T. ) ;
#3497 = CARTESIAN_POINT ( 'NONE',  ( 2.105108418246065760, 0.04000000000000000083, -0.7286887187873851701 ) ) ;
#3498 = CARTESIAN_POINT ( 'NONE',  ( 1.561903426995251865, 0.000000000000000000, -0.5073008020406500895 ) ) ;
#3499 = CARTESIAN_POINT ( 'NONE',  ( 0.7070973242328877362, 0.000000000000000000, -0.4938955433169965881 ) ) ;
#3500 = EDGE_CURVE ( 'NONE', #2685, #3580, #5061, .T. ) ;
#3501 = CARTESIAN_POINT ( 'NONE',  ( 1.713966596554906019, 0.000000000000000000, -0.6598339843750001821 ) ) ;
#3502 = AXIS2_PLACEMENT_3D ( 'NONE', #219, #2596, #4541 ) ;
#3503 = AXIS2_PLACEMENT_3D ( 'NONE', #1407, #1952, #3915 ) ;
#3504 = CARTESIAN_POINT ( 'NONE',  ( 0.8702165965549053528, 0.04000000000000000083, -0.7393750000000000044 ) ) ;
#3505 = CARTESIAN_POINT ( 'NONE',  ( 0.8975919255271859187, 0.04000000000000000083, -0.7222966303625634188 ) ) ;
#3506 = CARTESIAN_POINT ( 'NONE',  ( 1.580519330929905486, 0.000000000000000000, -0.7362499999999999600 ) ) ;
#3507 = EDGE_CURVE ( 'NONE', #5146, #1785, #1188, .T. ) ;
#3508 = DIRECTION ( 'NONE',  ( 0.000000000000000000, 0.000000000000000000, 1.000000000000000000 ) ) ;
#3509 = CARTESIAN_POINT ( 'NONE',  ( 1.078731691666809045, 0.04000000000000000083, -0.7215291218473318668 ) ) ;
#3510 = CARTESIAN_POINT ( 'NONE',  ( 1.109194553361001923, 0.04000000000000000083, -0.6727046574171605675 ) ) ;
#3511 = CARTESIAN_POINT ( 'NONE',  ( 2.003361889415793406, 0.000000000000000000, -0.6902494895767088412 ) ) ;
#3512 = CARTESIAN_POINT ( 'NONE',  ( 1.922883731520457662, 0.000000000000000000, -0.6578450886893918437 ) ) ;
#3513 = ORIENTED_EDGE ( 'NONE', *, *, #6257, .T. ) ;
#3514 = CARTESIAN_POINT ( 'NONE',  ( 0.9557711501985686198, 0.04000000000000000083, -0.7205359440606082799 ) ) ;
#3515 = DIRECTION ( 'NONE',  ( -0.000000000000000000, -1.000000000000000000, -0.000000000000000000 ) ) ;
#3516 = CARTESIAN_POINT ( 'NONE',  ( 1.796313817858544937, 0.000000000000000000, -0.4913360111011859654 ) ) ;
#3517 = LINE ( 'NONE', #2982, #2325 ) ;
#3518 = CARTESIAN_POINT ( 'NONE',  ( 0.9713539534111289564, 0.04000000000000000083, -0.4912763834839860011 ) ) ;
#3519 = ORIENTED_EDGE ( 'NONE', *, *, #1193, .T. ) ;
#3520 = CARTESIAN_POINT ( 'NONE',  ( 1.379845879715390522, 0.04000000000000000083, -0.5020266861008524373 ) ) ;
#3521 = CARTESIAN_POINT ( 'NONE',  ( 0.9541399169134242575, 0.04000000000000000083, -0.7096467500054416400 ) ) ;
#3522 = EDGE_CURVE ( 'NONE', #727, #1753, #1604, .T. ) ;
#3523 = CARTESIAN_POINT ( 'NONE',  ( 0.9774285247949268118, 0.04000000000000000083, -0.4896414070140062136 ) ) ;
#3524 = B_SPLINE_CURVE_WITH_KNOTS ( 'NONE', 3,
 ( #4387, #541, #1016, #3371, #3912, #1434, #6325, #2503, #5850, #1493, #5373 ),
 .UNSPECIFIED., .F., .F.,
 ( 4, 1, 1, 1, 1, 1, 1, 1, 4 ),
 ( 0.000000000000000000, 0.1401180047643451332, 0.2686100580034988528, 0.3908975091221431053, 0.5089641436815214304, 0.6263889689773974867, 0.7425663412124188234, 0.8660351272880012496, 1.000000000000000000 ),
 .UNSPECIFIED. ) ;
#3525 = CARTESIAN_POINT ( 'NONE',  ( 1.123855721102109406, 0.04000000000000000083, -0.5842720217304789854 ) ) ;
#3526 = CARTESIAN_POINT ( 'NONE',  ( 1.969707163975085829, 0.04000000000000000083, -0.7308371393224524226 ) ) ;
#3527 = ORIENTED_EDGE ( 'NONE', *, *, #3014, .T. ) ;
#3528 = AXIS2_PLACEMENT_3D ( 'NONE', #842, #5806, #3838 ) ;
#3529 = EDGE_CURVE ( 'NONE', #3588, #4439, #5599, .T. ) ;
#3530 = VERTEX_POINT ( 'NONE', #5032 ) ;
#3531 = VERTEX_POINT ( 'NONE', #4586 ) ;
#3532 = CARTESIAN_POINT ( 'NONE',  ( 1.565724409054905397, 0.000000000000000000, -0.7362499999999999600 ) ) ;
#3533 = CARTESIAN_POINT ( 'NONE',  ( 1.489674841191251264, 0.000000000000000000, -0.4896093089674877219 ) ) ;
#3534 = CARTESIAN_POINT ( 'NONE',  ( 0.6948946821016818154, 0.04000000000000000083, -0.5158284825360056614 ) ) ;
#3535 = CARTESIAN_POINT ( 'NONE',  ( 0.9945664885472488281, 0.04000000000000000083, -0.4912168270001306958 ) ) ;
#3536 = ORIENTED_EDGE ( 'NONE', *, *, #5019, .F. ) ;
#3537 = CARTESIAN_POINT ( 'NONE',  ( 1.134583499330998446, 0.000000000000000000, -0.5832520543012010839 ) ) ;
#3538 = ADVANCED_FACE ( 'NONE', ( #3151 ), #4525, .F. ) ;
#3539 = CARTESIAN_POINT ( 'NONE',  ( 2.057407124056222614, 0.04000000000000000083, -0.5142886079259293419 ) ) ;
#3540 = CARTESIAN_POINT ( 'NONE',  ( 1.663883044790278154, 0.000000000000000000, -0.5243648215944163304 ) ) ;
#3541 = CARTESIAN_POINT ( 'NONE',  ( 1.111814106504815935, 0.04000000000000000083, -0.6783564305222392621 ) ) ;
#3542 = CARTESIAN_POINT ( 'NONE',  ( 0.5000000000000000000, 0.07000000000000000666, -0.8649999999999998801 ) ) ;
#3543 = EDGE_CURVE ( 'NONE', #2139, #727, #6020, .T. ) ;
#3544 = CARTESIAN_POINT ( 'NONE',  ( 0.8994370279011818514, 0.04000000000000000083, -0.5070591035736968788 ) ) ;
#3545 = ADVANCED_FACE ( 'NONE', ( #234 ), #2607, .T. ) ;
#3546 = VERTEX_POINT ( 'NONE', #3757 ) ;
#3547 = VERTEX_POINT ( 'NONE', #6205 ) ;
#3548 = DIRECTION ( 'NONE',  ( 0.000000000000000000, 0.000000000000000000, 1.000000000000000000 ) ) ;
#3549 = CARTESIAN_POINT ( 'NONE',  ( 0.8862177752544848630, 0.000000000000000000, -0.4911911030535148215 ) ) ;
#3550 = CARTESIAN_POINT ( 'NONE',  ( 2.108803341666530162, 0.04000000000000000083, -0.7242062594868183822 ) ) ;
#3551 = CARTESIAN_POINT ( 'NONE',  ( 2.648333333333330319, -0.1033333333333356224, -0.6366666666666710439 ) ) ;
#3552 = DIRECTION ( 'NONE',  ( -0.000000000000000000, -1.000000000000000000, -0.000000000000000000 ) ) ;
#3553 = ORIENTED_EDGE ( 'NONE', *, *, #297, .T. ) ;
#3554 = FACE_OUTER_BOUND ( 'NONE', #2711, .T. ) ;
#3555 = CARTESIAN_POINT ( 'NONE',  ( 0.9557921979920567246, 0.000000000000000000, -0.5083359794443373936 ) ) ;
#3556 = DIRECTION ( 'NONE',  ( 0.000000000000000000, -0.000000000000000000, 1.000000000000000000 ) ) ;
#3557 = CARTESIAN_POINT ( 'NONE',  ( 1.576503429023484726, 0.000000000000000000, -0.4911699182281333842 ) ) ;
#3558 = CARTESIAN_POINT ( 'NONE',  ( 1.928086293975099341, 0.000000000000000000, -0.6920564396778251526 ) ) ;
#3559 = ORIENTED_EDGE ( 'NONE', *, *, #4281, .F. ) ;
#3560 = ORIENTED_EDGE ( 'NONE', *, *, #4087, .T. ) ;
#3561 = ORIENTED_EDGE ( 'NONE', *, *, #246, .F. ) ;
#3562 = CARTESIAN_POINT ( 'NONE',  ( 2.107111404935126941, 0.04000000000000000083, -0.7266000665955246740 ) ) ;
#3563 = CARTESIAN_POINT ( 'NONE',  ( 1.771241987179906108, 0.000000000000000000, -0.6956250000000001599 ) ) ;
#3564 = CARTESIAN_POINT ( 'NONE',  ( 1.426857221554905575, 0.04000000000000000083, -0.7362499999999999600 ) ) ;
#3565 = ORIENTED_EDGE ( 'NONE', *, *, #1638, .F. ) ;
#3566 = CARTESIAN_POINT ( 'NONE',  ( 1.010304487179905841, 0.000000000000000000, -0.5216015625000000044 ) ) ;
#3567 = DIRECTION ( 'NONE',  ( 0.1910251177206492290, 0.000000000000000000, 0.9815851488280638026 ) ) ;
#3568 = DIRECTION ( 'NONE',  ( 0.000000000000000000, 1.000000000000000000, 0.000000000000000000 ) ) ;
#3569 = CARTESIAN_POINT ( 'NONE',  ( 1.107265499518347074, 0.04000000000000000083, -0.6621100154890268152 ) ) ;
#3570 =( NAMED_UNIT ( * ) PLANE_ANGLE_UNIT ( ) SI_UNIT ( $, .RADIAN. ) );
#3571 = CARTESIAN_POINT ( 'NONE',  ( 0.8905803518740539326, 0.000000000000000000, -0.4937336027666552329 ) ) ;
#3572 = VERTEX_POINT ( 'NONE', #3693 ) ;
#3573 = CARTESIAN_POINT ( 'NONE',  ( 0.7108323930433019244, 0.04000000000000000083, -0.7375787142954144393 ) ) ;
#3574 = ORIENTED_EDGE ( 'NONE', *, *, #3615, .T. ) ;
#3575 = CARTESIAN_POINT ( 'NONE',  ( 1.745531162030891315, 0.04000000000000000083, -0.4906680382963545251 ) ) ;
#3576 = LINE ( 'NONE', #2127, #5041 ) ;
#3577 = FACE_OUTER_BOUND ( 'NONE', #3332, .T. ) ;
#3578 = ADVANCED_FACE ( 'NONE', ( #5156 ), #3168, .T. ) ;
#3579 = CARTESIAN_POINT ( 'NONE',  ( 0.9894561831163073418, 0.000000000000000000, -0.7390757100430840332 ) ) ;
#3580 = VERTEX_POINT ( 'NONE', #830 ) ;
#3581 = CARTESIAN_POINT ( 'NONE',  ( 1.377517148579386896, 0.000000000000000000, -0.5072631977476020904 ) ) ;
#3582 = LINE ( 'NONE', #2500, #151 ) ;
#3583 = CARTESIAN_POINT ( 'NONE',  ( 0.8746523298013867409, 0.000000000000000000, -0.7391549325012293226 ) ) ;
#3584 = FACE_OUTER_BOUND ( 'NONE', #3040, .T. ) ;
#3585 = CARTESIAN_POINT ( 'NONE',  ( 1.404457255419189421, 0.000000000000000000, -0.7360809920015050078 ) ) ;
#3586 = ORIENTED_EDGE ( 'NONE', *, *, #2002, .F. ) ;
#3587 = VERTEX_POINT ( 'NONE', #6143 ) ;
#3588 = VERTEX_POINT ( 'NONE', #3247 ) ;
#3589 = CARTESIAN_POINT ( 'NONE',  ( 2.094430632894472399, 0.000000000000000000, -0.7344148740484145454 ) ) ;
#3590 = VECTOR ( 'NONE', #5823, 39.37007874015748143 ) ;
#3591 = CARTESIAN_POINT ( 'NONE',  ( 1.588527143429905530, 0.04000000000000000083, -0.4893750000000000044 ) ) ;
#3592 = CARTESIAN_POINT ( 'NONE',  ( 0.7266619090549053528, 0.000000000000000000, -0.4893750000000000044 ) ) ;
#3593 = ORIENTED_EDGE ( 'NONE', *, *, #3385, .T. ) ;
#3594 = CARTESIAN_POINT ( 'NONE',  ( 1.056748798460251715, 0.000000000000000000, -0.6279117520509200912 ) ) ;
#3595 = CARTESIAN_POINT ( 'NONE',  ( 2.057407124056222614, 0.000000000000000000, -0.5142886079259293419 ) ) ;
#3596 = EDGE_CURVE ( 'NONE', #5230, #3588, #6029, .T. ) ;
#3597 = CARTESIAN_POINT ( 'NONE',  ( 1.052193291746615467, 0.000000000000000000, -0.6770761326926553192 ) ) ;
#3598 = CARTESIAN_POINT ( 'NONE',  ( 1.375929487179905486, 0.04000000000000000083, -0.7068066406249999822 ) ) ;
#3599 = AXIS2_PLACEMENT_3D ( 'NONE', #692, #6190, #1746 ) ;
#3600 = CARTESIAN_POINT ( 'NONE',  ( 0.7230486278049053084, 0.04000000000000000083, -0.7393750000000000044 ) ) ;
#3601 = B_SPLINE_CURVE_WITH_KNOTS ( 'NONE', 3,
 ( #19, #2427, #1482, #4375, #6314, #1937, #4283, #2490, #1610, #4059, #2096 ),
 .UNSPECIFIED., .F., .F.,
 ( 4, 1, 1, 1, 1, 1, 1, 1, 4 ),
 ( 0.000000000000000000, 0.08220167381014568952, 0.1736621169389030162, 0.2759481427328021041, 0.3912616871088695492, 0.5210725658350771061, 0.6654153851221421556, 0.8245207618702732333, 1.000000000000000000 ),
 .UNSPECIFIED. ) ;
#3602 = CARTESIAN_POINT ( 'NONE',  ( 0.9007052954871305195, 0.000000000000000000, -0.5131930965690219004 ) ) ;
#3603 = CARTESIAN_POINT ( 'NONE',  ( 0.9009156020876871729, 0.04000000000000000083, -0.7036024599242634014 ) ) ;
#3604 = CARTESIAN_POINT ( 'NONE',  ( 1.236928341666530429, 0.000000000000000000, -0.7242062594868183822 ) ) ;
#3605 = CARTESIAN_POINT ( 'NONE',  ( 2.329999999999999627, 0.000000000000000000, -0.2750000000000003553 ) ) ;
#3606 = CARTESIAN_POINT ( 'NONE',  ( 0.8461180787847011331, 0.04000000000000000083, -0.7298756350952343430 ) ) ;
#3607 = CARTESIAN_POINT ( 'NONE',  ( 1.457960737179905486, 0.000000000000000000, -0.5314648437500000266 ) ) ;
#3608 = VERTEX_POINT ( 'NONE', #2810 ) ;
#3609 = ORIENTED_EDGE ( 'NONE', *, *, #1682, .F. ) ;
#3610 = CARTESIAN_POINT ( 'NONE',  ( 1.241554487179905797, 0.04000000000000000083, -0.5214062499999999600 ) ) ;
#3611 = CARTESIAN_POINT ( 'NONE',  ( 1.988666322972035161, -0.000000000000000000, -0.6837113544980910618 ) ) ;
#3612 = CARTESIAN_POINT ( 'NONE',  ( 0.8518084288704442786, 0.04000000000000000083, -0.5021821391456254835 ) ) ;
#3613 = CARTESIAN_POINT ( 'NONE',  ( 1.964515483710597588, 0.000000000000000000, -0.7291341438346857773 ) ) ;
#3614 = CARTESIAN_POINT ( 'NONE',  ( 1.922986225091002144, 0.04000000000000000083, -0.6690768429477937929 ) ) ;
#3615 = EDGE_CURVE ( 'NONE', #4132, #4995, #265, .T. ) ;
#3616 = VERTEX_POINT ( 'NONE', #4748 ) ;
#3617 = CARTESIAN_POINT ( 'NONE',  ( 1.107265499518347074, 0.000000000000000000, -0.6621100154890268152 ) ) ;
#3618 = EDGE_CURVE ( 'NONE', #5365, #6225, #2314, .T. ) ;
#3619 = EDGE_CURVE ( 'NONE', #4758, #5669, #4663, .T. ) ;
#3620 = EDGE_LOOP ( 'NONE', ( #294, #5605, #1155, #5982 ) ) ;
#3621 = ORIENTED_EDGE ( 'NONE', *, *, #3529, .F. ) ;
#3622 = CARTESIAN_POINT ( 'NONE',  ( 2.083507787569097491, 0.04000000000000000083, -0.7362273807603317843 ) ) ;
#3623 = CARTESIAN_POINT ( 'NONE',  ( 1.500687740155434380, 0.04000000000000000083, -0.4894841393225337067 ) ) ;
#3624 = B_SPLINE_CURVE_WITH_KNOTS ( 'NONE', 3,
 ( #3743, #4799, #1302, #2826, #6189, #4827, #434, #5776, #1877, #2397, #1810 ),
 .UNSPECIFIED., .F., .F.,
 ( 4, 1, 1, 1, 1, 1, 1, 1, 4 ),
 ( 0.000000000000000000, 0.1359458605750245852, 0.2591076351429702496, 0.3755067662957188301, 0.4910744644399315795, 0.6077466682551784238, 0.7281929059737897170, 0.8582514089327529794, 1.000000000000000000 ),
 .UNSPECIFIED. ) ;
#3625 = CARTESIAN_POINT ( 'NONE',  ( 1.931919030121990399, 0.000000000000000000, -0.6209116725288940097 ) ) ;
#3626 = CARTESIAN_POINT ( 'NONE',  ( 1.114083081255677454, 0.04000000000000000083, -0.7345421172199687598 ) ) ;
#3627 = EDGE_CURVE ( 'NONE', #3580, #1326, #2466, .T. ) ;
#3628 = EDGE_CURVE ( 'NONE', #3405, #316, #5111, .T. ) ;
#3629 = ORIENTED_EDGE ( 'NONE', *, *, #3002, .F. ) ;
#3630 = CARTESIAN_POINT ( 'NONE',  ( 1.660217759286164219, 0.04000000000000000083, -0.5296793320298502916 ) ) ;
#3631 = FACE_OUTER_BOUND ( 'NONE', #1296, .T. ) ;
#3632 = CARTESIAN_POINT ( 'NONE',  ( 1.063098356008050915, 0.000000000000000000, -0.7053616767970833923 ) ) ;
#3633 = CARTESIAN_POINT ( 'NONE',  ( 1.766896284054905619, 0.04000000000000000083, -0.7393750000000000044 ) ) ;
#3634 = CARTESIAN_POINT ( 'NONE',  ( 1.995730721102108474, 0.000000000000000000, -0.5842720217304788743 ) ) ;
#3635 = VERTEX_POINT ( 'NONE', #419 ) ;
#3636 = CARTESIAN_POINT ( 'NONE',  ( 1.478404088627531143, 0.04000000000000000083, -0.4930660046446770362 ) ) ;
#3637 = ORIENTED_EDGE ( 'NONE', *, *, #1105, .F. ) ;
#3638 = CARTESIAN_POINT ( 'NONE',  ( 1.228441344785508704, 0.000000000000000000, -0.7320200826854215137 ) ) ;
#3639 = CARTESIAN_POINT ( 'NONE',  ( 0.9009294871799053972, 0.000000000000000000, -0.5198437500000000488 ) ) ;
#3640 = CARTESIAN_POINT ( 'NONE',  ( 0.6947506969205405891, 0.04000000000000000083, -0.7111116464360122125 ) ) ;
#3641 = CARTESIAN_POINT ( 'NONE',  ( 1.462584698831354668, 0.04000000000000000083, -0.5150544321967966965 ) ) ;
#3642 = CARTESIAN_POINT ( 'NONE',  ( 1.753728998630890379, 0.04000000000000000083, -0.5340668624874459480 ) ) ;
#3643 = CARTESIAN_POINT ( 'NONE',  ( 1.886116638024798453, 0.04000000000000000083, -0.5625483926388011868 ) ) ;
#3644 = DIRECTION ( 'NONE',  ( 0.000000000000000000, 0.000000000000000000, -1.000000000000000000 ) ) ;
#3645 = CARTESIAN_POINT ( 'NONE',  ( 0.8641409577175938050, 0.04000000000000000083, -0.4912404362675277802 ) ) ;
#3646 = CARTESIAN_POINT ( 'NONE',  ( 0.2000000000000000111, 0.07499999999999999722, -0.4899999999999999911 ) ) ;
#3647 = CARTESIAN_POINT ( 'NONE',  ( 1.950606691666809445, 0.000000000000000000, -0.7215291218473320889 ) ) ;
#3648 = CARTESIAN_POINT ( 'NONE',  ( 1.991300891385690219, 0.04000000000000000083, -0.7351717324689980293 ) ) ;
#3649 = ORIENTED_EDGE ( 'NONE', *, *, #3465, .F. ) ;
#3650 = ORIENTED_EDGE ( 'NONE', *, *, #3328, .T. ) ;
#3651 = DIRECTION ( 'NONE',  ( -0.000000000000000000, -1.000000000000000000, -0.000000000000000000 ) ) ;
#3652 = CARTESIAN_POINT ( 'NONE',  ( 1.376142604005369696, 0.000000000000000000, -0.5132146990251265084 ) ) ;
#3653 = CARTESIAN_POINT ( 'NONE',  ( 1.185304487179905886, 0.04000000000000000083, -0.5209667968750000266 ) ) ;
#3654 = CARTESIAN_POINT ( 'NONE',  ( 1.979140499518346363, 0.000000000000000000, -0.6621100154890268152 ) ) ;
#3655 = EDGE_CURVE ( 'NONE', #131, #5909, #6106, .T. ) ;
#3656 = VECTOR ( 'NONE', #180, 39.37007874015748143 ) ;
#3657 = ADVANCED_FACE ( 'NONE', ( #2416, #3885 ), #2444, .T. ) ;
#3658 = EDGE_LOOP ( 'NONE', ( #6288, #1429, #4203, #849, #3117, #3270, #1313, #3845, #1449, #5771, #4625, #3649 ) ) ;
#3659 = CARTESIAN_POINT ( 'NONE',  ( 0.5624999999999998890, 0.07000000000000000666, -0.3649999999999999911 ) ) ;
#3660 = B_SPLINE_CURVE_WITH_KNOTS ( 'NONE', 3,
 ( #4881, #5325, #6307, #2912, #5865, #11, #1963, #555, #3958, #965, #4462, #2942, #1993, #3891, #3925 ),
 .UNSPECIFIED., .F., .F.,
 ( 4, 1, 1, 1, 1, 1, 1, 1, 1, 1, 1, 1, 4 ),
 ( 0.000000000000000000, 0.1075212931455933191, 0.2018531455207841496, 0.2834991629665748469, 0.3522698592065470757, 0.4159778075812734510, 0.4825984022751547697, 0.5530617777884793140, 0.6284494531993556343, 0.7089724738938529836, 0.7972121718589568751, 0.8941376139955272695, 1.000000000000000000 ),
 .UNSPECIFIED. ) ;
#3661 = CARTESIAN_POINT ( 'NONE',  ( 1.208533026208835182, 0.000000000000000000, -0.4896555717446322009 ) ) ;
#3662 = DIRECTION ( 'NONE',  ( 0.000000000000000000, 0.000000000000000000, -1.000000000000000000 ) ) ;
#3663 = APPLICATION_PROTOCOL_DEFINITION ( 'draft international standard', 'automotive_design', 1998, #4801 ) ;
#3664 = B_SPLINE_SURFACE_WITH_KNOTS ( 'NONE', 3, 1, ( 
 ( #1593, #5948 ),
 ( #3526, #571 ),
 ( #1680, #2172 ),
 ( #5465, #4510 ),
 ( #4005, #3647 ),
 ( #3109, #1082 ),
 ( #2138, #4987 ),
 ( #4095, #603 ),
 ( #6036, #2661 ),
 ( #2597, #3558 ),
 ( #4482, #128 ),
 ( #1652, #3082 ),
 ( #3614, #1620 ),
 ( #4607, #2077 ),
 ( #4038, #5016 ) ),
 .UNSPECIFIED., .F., .F., .F.,
 ( 4, 1, 1, 1, 1, 1, 1, 1, 1, 1, 1, 1, 4 ),
 ( 2, 2 ),
 ( 0.000000000000000000, 0.08979271063556075461, 0.1753942178141339459, 0.2588056349961311287, 0.3398127966891519858, 0.4200621604101825168, 0.4991223246882413589, 0.5788384868517749693, 0.6591082875927603002, 0.7411182879485650465, 0.8251094400327129152, 0.9110392593857608023, 1.000000000000000000 ),
 ( 0.000000000000000000, 1.000000000000000000 ),
 .UNSPECIFIED. ) ;
#3665 = CARTESIAN_POINT ( 'NONE',  ( 1.838429487179905841, 0.000000000000000000, -0.6155957031250000044 ) ) ;
#3666 = ORIENTED_EDGE ( 'NONE', *, *, #5260, .T. ) ;
#3667 = CARTESIAN_POINT ( 'NONE',  ( 0.5000000000000000000, 0.000000000000000000, -0.9274999999999998801 ) ) ;
#3668 = AXIS2_PLACEMENT_3D ( 'NONE', #2573, #576, #6045 ) ;
#3669 = CARTESIAN_POINT ( 'NONE',  ( 2.029786909054905220, 0.000000000000000000, -0.6268749999999999600 ) ) ;
#3670 = B_SPLINE_CURVE_WITH_KNOTS ( 'NONE', 3,
 ( #1856, #5786, #3431, #2928, #1403, #4837, #539, #4385, #1463, #1886, #3817, #1914, #3402, #5343, #1491, #4864, #979, #5754, #3848 ),
 .UNSPECIFIED., .F., .F.,
 ( 4, 1, 1, 1, 1, 1, 1, 1, 1, 1, 1, 1, 1, 1, 1, 1, 4 ),
 ( 0.000000000000000000, 0.09403118419943332085, 0.1833433453235890631, 0.2684563974261002794, 0.3500721697809880961, 0.4272362797519792532, 0.4992283581201434339, 0.5662326547883448358, 0.6289847331196514180, 0.6876689143158525308, 0.7431519811438742629, 0.7948100883308165665, 0.8441840176181645283, 0.8896842298769512825, 0.9307774820599377108, 0.9669399739666799665, 1.000000000000000000 ),
 .UNSPECIFIED. ) ;
#3671 = ORIENTED_EDGE ( 'NONE', *, *, #909, .F. ) ;
#3672 = CARTESIAN_POINT ( 'NONE',  ( 1.611959180508165890, 0.000000000000000000, -0.5065921339596431983 ) ) ;
#3673 = FACE_BOUND ( 'NONE', #116, .T. ) ;
#3674 = CARTESIAN_POINT ( 'NONE',  ( 1.820506218596455339, 0.04000000000000000083, -0.7309932627730580945 ) ) ;
#3675 = CARTESIAN_POINT ( 'NONE',  ( 1.982074592300107074, 0.000000000000000000, -0.6446385603825367516 ) ) ;
#3676 = CARTESIAN_POINT ( 'NONE',  ( 1.838429487179906063, 0.04000000000000000083, -0.6155957031250001155 ) ) ;
#3677 = CARTESIAN_POINT ( 'NONE',  ( 1.234491485694180657, 0.04000000000000000083, -0.4975879760096892923 ) ) ;
#3678 = CARTESIAN_POINT ( 'NONE',  ( 1.685855432617688221, 0.04000000000000000083, -0.6232241219072142124 ) ) ;
#3679 = CARTESIAN_POINT ( 'NONE',  ( 1.798645790280699375, 0.04000000000000000083, -0.6907216911062845632 ) ) ;
#3680 = LINE ( 'NONE', #5551, #4015 ) ;
#3681 = CARTESIAN_POINT ( 'NONE',  ( 1.497759988432243006, 0.04000000000000000083, -0.4894122655946467337 ) ) ;
#3682 = CARTESIAN_POINT ( 'NONE',  ( 1.010304487179905841, 0.04000000000000000083, -0.5216015625000000044 ) ) ;
#3683 = ORIENTED_EDGE ( 'NONE', *, *, #944, .F. ) ;
#3684 = VERTEX_POINT ( 'NONE', #3469 ) ;
#3685 = CARTESIAN_POINT ( 'NONE',  ( 1.378345129665667690, 0.04000000000000000083, -0.7205800435056687325 ) ) ;
#3686 = CARTESIAN_POINT ( 'NONE',  ( 1.517968615889645712, 0.000000000000000000, -0.4979413322131798214 ) ) ;
#3687 = CARTESIAN_POINT ( 'NONE',  ( 1.940932398142129811, 0.000000000000000000, -0.6085854038213164285 ) ) ;
#3688 = CARTESIAN_POINT ( 'NONE',  ( 1.215543124153548371, 0.04000000000000000083, -0.7358011333994024517 ) ) ;
#3689 = VECTOR ( 'NONE', #3398, 39.37007874015748143 ) ;
#3690 = VERTEX_POINT ( 'NONE', #3854 ) ;
#3691 = CARTESIAN_POINT ( 'NONE',  ( 0.7375783214138085242, 0.000000000000000000, -0.7350724542995681343 ) ) ;
#3692 = CARTESIAN_POINT ( 'NONE',  ( 1.187103316266320263, 0.04000000000000000083, -0.5080936862799417808 ) ) ;
#3693 = CARTESIAN_POINT ( 'NONE',  ( 2.113429487179905308, 0.04000000000000000083, -0.5214062499999999600 ) ) ;
#3694 = CARTESIAN_POINT ( 'NONE',  ( 1.456182082736453776, 0.000000000000000000, -0.7269627238124476420 ) ) ;
#3695 = ORIENTED_EDGE ( 'NONE', *, *, #3522, .T. ) ;
#3696 = CARTESIAN_POINT ( 'NONE',  ( 0.6946794871799053528, 0.04000000000000000083, -0.7089062499999998490 ) ) ;
#3697 = EDGE_CURVE ( 'NONE', #187, #1305, #1984, .T. ) ;
#3698 = CARTESIAN_POINT ( 'NONE',  ( 1.185304487179905886, 0.04000000000000000083, -0.6925000000000000044 ) ) ;
#3699 = CARTESIAN_POINT ( 'NONE',  ( 1.745971109681790256, 0.04000000000000000083, -0.5353052020652324661 ) ) ;
#3700 = CARTESIAN_POINT ( 'NONE',  ( 2.113429487179905308, 0.04000000000000000083, -0.5214062499999999600 ) ) ;
#3701 = VECTOR ( 'NONE', #802, 39.37007874015748143 ) ;
#3702 = CARTESIAN_POINT ( 'NONE',  ( 1.768400757564957182, 0.000000000000000000, -0.5845930326826114243 ) ) ;
#3703 = CARTESIAN_POINT ( 'NONE',  ( 1.868989555706127792, 0.000000000000000000, -0.6971243818934035330 ) ) ;
#3704 = CARTESIAN_POINT ( 'NONE',  ( 1.524806440304905530, 0.000000000000000000, -0.7020214843750001155 ) ) ;
#3705 = LINE ( 'NONE', #5642, #4318 ) ;
#3706 = CARTESIAN_POINT ( 'NONE',  ( 1.220537491511593187, 0.000000000000000000, -0.4896771582000229994 ) ) ;
#3707 = CARTESIAN_POINT ( 'NONE',  ( 1.694613477266188939, 0.04000000000000000083, -0.6237233461077282826 ) ) ;
#3708 = EDGE_CURVE ( 'NONE', #4379, #5957, #5284, .T. ) ;
#3709 = CARTESIAN_POINT ( 'NONE',  ( 1.837336015419612334, 0.04000000000000000083, -0.6337440644695004899 ) ) ;
#3710 = CARTESIAN_POINT ( 'NONE',  ( 1.934973356008049539, 0.000000000000000000, -0.7053616767970830592 ) ) ;
#3711 = CARTESIAN_POINT ( 'NONE',  ( 1.693409955929906063, 0.04000000000000000083, -0.6500195312500001155 ) ) ;
#3712 = AXIS2_PLACEMENT_3D ( 'NONE', #6198, #794, #349 ) ;
#3713 = CARTESIAN_POINT ( 'NONE',  ( 2.014454538516512905, 0.04000000000000000083, -0.7362508006461742083 ) ) ;
#3714 = ORIENTED_EDGE ( 'NONE', *, *, #4629, .T. ) ;
#3715 = ORIENTED_EDGE ( 'NONE', *, *, #5756, .F. ) ;
#3716 = FACE_OUTER_BOUND ( 'NONE', #5526, .T. ) ;
#3717 = DIRECTION ( 'NONE',  ( -0.000000000000000000, -1.000000000000000000, -0.000000000000000000 ) ) ;
#3718 = VERTEX_POINT ( 'NONE', #1440 ) ;
#3719 = CARTESIAN_POINT ( 'NONE',  ( 1.925934603288674385, 0.000000000000000000, -0.6353857216656664253 ) ) ;
#3720 = CARTESIAN_POINT ( 'NONE',  ( 1.239522415065154259, 0.04000000000000000083, -0.7185264885591116091 ) ) ;
#3721 = AXIS2_PLACEMENT_3D ( 'NONE', #51, #1551, #4499 ) ;
#3722 = VERTEX_POINT ( 'NONE', #5350 ) ;
#3723 = CARTESIAN_POINT ( 'NONE',  ( 1.409415925713246587, 0.000000000000000000, -0.4896533112033676916 ) ) ;
#3724 = LINE ( 'NONE', #3788, #171 ) ;
#3725 = CARTESIAN_POINT ( 'NONE',  ( 1.668203108893058451, 0.000000000000000000, -0.6178426964903311891 ) ) ;
#3726 = CARTESIAN_POINT ( 'NONE',  ( 1.976425237444370486, 0.000000000000000000, -0.5880286626417449147 ) ) ;
#3727 = ORIENTED_EDGE ( 'NONE', *, *, #5241, .T. ) ;
#3728 = DIRECTION ( 'NONE',  ( 0.000000000000000000, 0.000000000000000000, 1.000000000000000000 ) ) ;
#3729 = VECTOR ( 'NONE', #4635, 39.37007874015748143 ) ;
#3730 = CARTESIAN_POINT ( 'NONE',  ( 1.837365641014719220, 0.000000000000000000, -0.5965159553965388994 ) ) ;
#3731 = CARTESIAN_POINT ( 'NONE',  ( 0.5000000000000000000, 0.07000000000000000666, -0.8649999999999998801 ) ) ;
#3732 = ADVANCED_FACE ( 'NONE', ( #958 ), #2936, .T. ) ;
#3733 = DIRECTION ( 'NONE',  ( 0.000000000000000000, 0.000000000000000000, -1.000000000000000000 ) ) ;
#3734 = CARTESIAN_POINT ( 'NONE',  ( 1.768400757564957182, 0.04000000000000000083, -0.5845930326826114243 ) ) ;
#3735 = EDGE_CURVE ( 'NONE', #5183, #4512, #2965, .T. ) ;
#3736 = CARTESIAN_POINT ( 'NONE',  ( 1.842602247532375781, 0.000000000000000000, -0.7203398435468796324 ) ) ;
#3737 = VERTEX_POINT ( 'NONE', #5379 ) ;
#3738 = CARTESIAN_POINT ( 'NONE',  ( 1.979054487179905397, 0.000000000000000000, -0.6598339843749999600 ) ) ;
#3739 = CARTESIAN_POINT ( 'NONE',  ( 1.804396425349244382, 0.04000000000000000083, -0.5411194729566484174 ) ) ;
#3740 = CARTESIAN_POINT ( 'NONE',  ( 1.769386518429905797, 0.04000000000000000083, -0.4893750000000000044 ) ) ;
#3741 = CARTESIAN_POINT ( 'NONE',  ( 1.769386518429905797, 0.04000000000000000083, -0.4893750000000000044 ) ) ;
#3742 = CARTESIAN_POINT ( 'NONE',  ( 1.875803376153104551, 0.04000000000000000083, -0.6875206543491854116 ) ) ;
#3743 = CARTESIAN_POINT ( 'NONE',  ( 0.9839861278049059079, 0.000000000000000000, -0.7393750000000001155 ) ) ;
#3744 = CARTESIAN_POINT ( 'NONE',  ( 1.157911909054905708, 0.04000000000000000083, -0.6268749999999999600 ) ) ;
#3745 = CARTESIAN_POINT ( 'NONE',  ( 1.010118819068422269, 0.000000000000000000, -0.7144299674326135552 ) ) ;
#3746 = VERTEX_POINT ( 'NONE', #990 ) ;
#3747 = ORIENTED_EDGE ( 'NONE', *, *, #1062, .T. ) ;
#3748 = CARTESIAN_POINT ( 'NONE',  ( 1.520271763518826758, 0.04000000000000000083, -0.5006583000933099159 ) ) ;
#3749 = EDGE_LOOP ( 'NONE', ( #5885, #5618, #2047, #5273 ) ) ;
#3750 = LINE ( 'NONE', #6073, #135 ) ;
#3751 = PLANE ( 'NONE',  #5804 ) ;
#3752 = CARTESIAN_POINT ( 'NONE',  ( 1.110199592300106897, 0.000000000000000000, -0.6446385603825365296 ) ) ;
#3753 = VERTEX_POINT ( 'NONE', #2474 ) ;
#3754 = VECTOR ( 'NONE', #1825, 39.37007874015748854 ) ;
#3755 = CARTESIAN_POINT ( 'NONE',  ( 0.7442187974722289656, 0.000000000000000000, -0.7270785883326325028 ) ) ;
#3756 = CARTESIAN_POINT ( 'NONE',  ( 0.8698121679576881204, 0.000000000000000000, -0.4896604978119677987 ) ) ;
#3757 = CARTESIAN_POINT ( 'NONE',  ( 2.104999999999999982, 0.000000000000000000, -1.229999999999999982 ) ) ;
#3758 = SHAPE_DEFINITION_REPRESENTATION ( #605, #1217 ) ;
#3759 = CARTESIAN_POINT ( 'NONE',  ( 1.464261349065736573, 0.000000000000000000, -0.7043165516219213051 ) ) ;
#3760 = AXIS2_PLACEMENT_3D ( 'NONE', #412, #1373, #1402 ) ;
#3761 = CARTESIAN_POINT ( 'NONE',  ( 1.524806440304905530, 0.04000000000000000083, -0.7020214843750001155 ) ) ;
#3762 = CARTESIAN_POINT ( 'NONE',  ( 1.208533026208835182, 0.04000000000000000083, -0.4896555717446322009 ) ) ;
#3763 = CARTESIAN_POINT ( 'NONE',  ( 1.769923627804905752, 0.04000000000000000083, -0.5331249999999999600 ) ) ;
#3764 = DIRECTION ( 'NONE',  ( 0.000000000000000000, 0.000000000000000000, -1.000000000000000000 ) ) ;
#3765 = CARTESIAN_POINT ( 'NONE',  ( 1.752197867299052580, 0.04000000000000000083, -0.5801289281510280116 ) ) ;
#3766 = CARTESIAN_POINT ( 'NONE',  ( 1.894679487179905752, 0.000000000000000000, -0.6143750000000000044 ) ) ;
#3767 = VERTEX_POINT ( 'NONE', #4424 ) ;
#3768 = CARTESIAN_POINT ( 'NONE',  ( 1.467706553724523966, 0.04000000000000000083, -0.5032050347491267006 ) ) ;
#3769 = CARTESIAN_POINT ( 'NONE',  ( 2.097721635246173832, 0.000000000000000000, -0.4912065637766125370 ) ) ;
#3770 = CARTESIAN_POINT ( 'NONE',  ( 1.414269197322425509, 0.000000000000000000, -0.4910812313587941125 ) ) ;
#3771 = CARTESIAN_POINT ( 'NONE',  ( 1.603529295976721780, 0.000000000000000000, -0.7307674476966626864 ) ) ;
#3772 = EDGE_CURVE ( 'NONE', #542, #3099, #1022, .T. ) ;
#3773 = CARTESIAN_POINT ( 'NONE',  ( 1.838429487179906063, 0.04000000000000000083, -0.6155957031250001155 ) ) ;
#3774 = FACE_OUTER_BOUND ( 'NONE', #4071, .T. ) ;
#3775 = CARTESIAN_POINT ( 'NONE',  ( 1.528618984234911160, 0.04000000000000000083, -0.5208600826160169062 ) ) ;
#3776 = CARTESIAN_POINT ( 'NONE',  ( 1.150435854072204611, 8.537024980200822558E-18, -0.6924205760502364360 ) ) ;
#3777 = AXIS2_PLACEMENT_3D ( 'NONE', #2748, #4687, #6210 ) ;
#3778 = ORIENTED_EDGE ( 'NONE', *, *, #2881, .F. ) ;
#3779 = ORIENTED_EDGE ( 'NONE', *, *, #5046, .T. ) ;
#3780 = CARTESIAN_POINT ( 'NONE',  ( 1.531593549679905575, 0.04000000000000000083, -0.5353710937500000266 ) ) ;
#3781 = ORIENTED_EDGE ( 'NONE', *, *, #1807, .F. ) ;
#3782 = CARTESIAN_POINT ( 'NONE',  ( 1.894679487179905752, 0.000000000000000000, -0.6143750000000000044 ) ) ;
#3783 = CARTESIAN_POINT ( 'NONE',  ( 1.464894330929905619, 0.04000000000000000083, -0.7020214843750001155 ) ) ;
#3784 = CARTESIAN_POINT ( 'NONE',  ( 1.664668896976415846, 0.04000000000000000083, -0.6792280049237870987 ) ) ;
#3785 = AXIS2_PLACEMENT_3D ( 'NONE', #729, #1935, #3896 ) ;
#3786 = ORIENTED_EDGE ( 'NONE', *, *, #3335, .T. ) ;
#3787 = CARTESIAN_POINT ( 'NONE',  ( 2.229999999999999538, 0.1400000000000000133, -0.1250000000000000278 ) ) ;
#3788 = CARTESIAN_POINT ( 'NONE',  ( 1.588527143429905530, 0.04000000000000000083, -0.4893750000000000044 ) ) ;
#3789 = CARTESIAN_POINT ( 'NONE',  ( 1.685855432617688221, 0.000000000000000000, -0.6232241219072142124 ) ) ;
#3790 = CARTESIAN_POINT ( 'NONE',  ( 1.157911909054905708, 0.04000000000000000083, -0.6268749999999999600 ) ) ;
#3791 = CARTESIAN_POINT ( 'NONE',  ( 1.710304487179905575, 0.000000000000000000, -0.5480664062500000266 ) ) ;
#3792 = CARTESIAN_POINT ( 'NONE',  ( 0.9009294871799053972, 0.000000000000000000, -0.5198437500000000488 ) ) ;
#3793 = ADVANCED_FACE ( 'NONE', ( #2509 ), #2019, .T. ) ;
#3794 = CARTESIAN_POINT ( 'NONE',  ( 1.052193291746615467, 0.04000000000000000083, -0.6770761326926553192 ) ) ;
#3795 = EDGE_CURVE ( 'NONE', #5397, #5339, #2084, .T. ) ;
#3796 = AXIS2_PLACEMENT_3D ( 'NONE', #2189, #6081, #112 ) ;
#3797 = CARTESIAN_POINT ( 'NONE',  ( 1.819662547184250689, 0.04000000000000000083, -0.6755243741251424350 ) ) ;
#3798 = DIRECTION ( 'NONE',  ( 0.000000000000000000, 0.000000000000000000, -1.000000000000000000 ) ) ;
#3799 = CARTESIAN_POINT ( 'NONE',  ( 0.7652613171323492391, 0.000000000000000000, -0.5170053078946710290 ) ) ;
#3800 = ORIENTED_EDGE ( 'NONE', *, *, #1245, .T. ) ;
#3801 = EDGE_CURVE ( 'NONE', #2538, #1077, #2605, .T. ) ;
#3802 = CARTESIAN_POINT ( 'NONE',  ( 2.113223367497592431, 0.000000000000000000, -0.5143599453195993876 ) ) ;
#3803 = CARTESIAN_POINT ( 'NONE',  ( 1.428973828345612374, 0.000000000000000000, -0.5173155831521890624 ) ) ;
#3804 = CARTESIAN_POINT ( 'NONE',  ( 1.609980016809673842, 0.000000000000000000, -0.7239907930556348514 ) ) ;
#3805 = CARTESIAN_POINT ( 'NONE',  ( 1.560376766784887570, 0.04000000000000000083, -0.5174596313471864217 ) ) ;
#3806 = DIRECTION ( 'NONE',  ( 0.000000000000000000, 0.000000000000000000, 1.000000000000000000 ) ) ;
#3807 = CARTESIAN_POINT ( 'NONE',  ( 1.241068956533415202, 0.000000000000000000, -0.7116585904362078274 ) ) ;
#3808 = VECTOR ( 'NONE', #3951, 39.37007874015748143 ) ;
#3809 = VECTOR ( 'NONE', #4171, 39.37007874015748143 ) ;
#3810 = CARTESIAN_POINT ( 'NONE',  ( 1.672788419108712787, 0.000000000000000000, -0.5170126222841918695 ) ) ;
#3811 = ORIENTED_EDGE ( 'NONE', *, *, #3708, .T. ) ;
#3812 = ORIENTED_EDGE ( 'NONE', *, *, #4633, .T. ) ;
#3813 = DIRECTION ( 'NONE',  ( -0.000000000000000000, -1.000000000000000000, -0.000000000000000000 ) ) ;
#3814 = ORIENTED_EDGE ( 'NONE', *, *, #871, .T. ) ;
#3815 = LINE ( 'NONE', #1854, #4303 ) ;
#3816 = CARTESIAN_POINT ( 'NONE',  ( 1.723331972758510355, 0.000000000000000000, -0.4949251846485587802 ) ) ;
#3817 = CARTESIAN_POINT ( 'NONE',  ( 1.683242799315642024, 0.000000000000000000, -0.7105331776193423154 ) ) ;
#3818 = ADVANCED_FACE ( 'NONE', ( #6016 ), #2148, .F. ) ;
#3819 = CARTESIAN_POINT ( 'NONE',  ( 1.754690887052041459, 0.04000000000000000083, -0.7391306120520303446 ) ) ;
#3820 = ADVANCED_FACE ( 'NONE', ( #1088 ), #5440, .T. ) ;
#3821 = ORIENTED_EDGE ( 'NONE', *, *, #2663, .T. ) ;
#3822 = LINE ( 'NONE', #5626, #228 ) ;
#3823 = CARTESIAN_POINT ( 'NONE',  ( 1.987745893429905264, 0.04000000000000000083, -0.6829296874999999378 ) ) ;
#3824 = CARTESIAN_POINT ( 'NONE',  ( 1.008685021262136328, 0.04000000000000000083, -0.7209525945835419947 ) ) ;
#3825 = EDGE_CURVE ( 'NONE', #3843, #1460, #1121, .T. ) ;
#3826 = B_SPLINE_SURFACE_WITH_KNOTS ( 'NONE', 3, 1, ( 
 ( #5291, #5227 ),
 ( #3223, #806 ),
 ( #2291, #4244 ),
 ( #5700, #3286 ),
 ( #1388, #836 ),
 ( #3319, #2818 ),
 ( #362, #4273 ),
 ( #3352, #1836 ),
 ( #395, #5737 ),
 ( #4183, #5259 ),
 ( #868, #4787 ),
 ( #901, #2878 ),
 ( #270, #2227 ),
 ( #3415, #4369 ),
 ( #2452, #4431 ),
 ( #4399, #2029 ),
 ( #3862, #1447 ),
 ( #934, #2388 ),
 ( #5357, #4339 ) ),
 .UNSPECIFIED., .F., .F., .F.,
 ( 4, 1, 1, 1, 1, 1, 1, 1, 1, 1, 1, 1, 1, 1, 1, 1, 4 ),
 ( 2, 2 ),
 ( 0.000000000000000000, 0.06939722258969714674, 0.1358146130938058249, 0.1999374310785876074, 0.2624119349190583983, 0.3231370129599319685, 0.3822617588893446605, 0.4403934758608926692, 0.4985087807155207940, 0.5566045901593710266, 0.6150207315980802392, 0.6743829798034521872, 0.7356213399213481496, 0.7984768865626264978, 0.8629404959799606978, 0.9301147940872457331, 1.000000000000000000 ),
 ( 0.000000000000000000, 1.000000000000000000 ),
 .UNSPECIFIED. ) ;
#3827 = CARTESIAN_POINT ( 'NONE',  ( 1.107179487179905886, 0.000000000000000000, -0.6598339843750001821 ) ) ;
#3828 = LINE ( 'NONE', #2317, #5026 ) ;
#3829 = CARTESIAN_POINT ( 'NONE',  ( 1.696437299679905752, 0.000000000000000000, -0.6237500000000000266 ) ) ;
#3830 = CARTESIAN_POINT ( 'NONE',  ( 1.668017666987040792, 0.04000000000000000083, -0.6175696235272623014 ) ) ;
#3831 = CARTESIAN_POINT ( 'NONE',  ( 1.667807909642012865, 0.04000000000000000083, -0.6890069819365174375 ) ) ;
#3832 = CARTESIAN_POINT ( 'NONE',  ( 1.414269197322425509, 0.04000000000000000083, -0.4910812313587941125 ) ) ;
#3833 = CARTESIAN_POINT ( 'NONE',  ( 0.1250000000000000000, 0.1400000000000000133, -1.229999999999999982 ) ) ;
#3834 = ORIENTED_EDGE ( 'NONE', *, *, #6267, .F. ) ;
#3835 = AXIS2_PLACEMENT_3D ( 'NONE', #2103, #1523, #1112 ) ;
#3836 = CARTESIAN_POINT ( 'NONE',  ( 1.397427255402597046, 0.04000000000000000083, -0.7347834679733039609 ) ) ;
#3837 = CARTESIAN_POINT ( 'NONE',  ( 1.085337064746080049, 0.04000000000000000083, -0.7256772953896107881 ) ) ;
#3838 = DIRECTION ( 'NONE',  ( 0.000000000000000000, 0.000000000000000000, -1.000000000000000000 ) ) ;
#3839 = CARTESIAN_POINT ( 'NONE',  ( 0.1250000000000000000, 0.1400000000000000133, -3.414809992080329023E-17 ) ) ;
#3840 = CARTESIAN_POINT ( 'NONE',  ( 1.375929487179905486, 0.04000000000000000083, -0.7068066406249999822 ) ) ;
#3841 = CARTESIAN_POINT ( 'NONE',  ( 1.240462753909512106, 0.04000000000000000083, -0.7152455378057739344 ) ) ;
#3842 = LINE ( 'NONE', #5009, #4466 ) ;
#3843 = VERTEX_POINT ( 'NONE', #3115 ) ;
#3844 = CARTESIAN_POINT ( 'NONE',  ( 2.079396284054905397, 0.04000000000000000083, -0.7362499999999999600 ) ) ;
#3845 = ORIENTED_EDGE ( 'NONE', *, *, #1820, .T. ) ;
#3846 = CARTESIAN_POINT ( 'NONE',  ( 2.113400148475798712, -0.000000000000000000, -0.7051150258839001816 ) ) ;
#3847 = CARTESIAN_POINT ( 'NONE',  ( 1.765314851565303433, -0.000000000000000000, -0.4894335053759544807 ) ) ;
#3848 = CARTESIAN_POINT ( 'NONE',  ( 1.664406049679905797, 0.000000000000000000, -0.6747265625000000711 ) ) ;
#3849 = DIRECTION ( 'NONE',  ( 1.000000000000000000, 0.000000000000000000, 0.000000000000000000 ) ) ;
#3850 = ORIENTED_EDGE ( 'NONE', *, *, #1023, .T. ) ;
#3851 = CARTESIAN_POINT ( 'NONE',  ( 0.5624999999999998890, 0.07000000000000000666, -0.3649999999999999911 ) ) ;
#3852 = ADVANCED_FACE ( 'NONE', ( #4518 ), #2193, .T. ) ;
#3853 = CARTESIAN_POINT ( 'NONE',  ( 0.8688808535651532106, 0.04000000000000000083, -0.7393305100684861575 ) ) ;
#3854 = CARTESIAN_POINT ( 'NONE',  ( 0.8311052684299053972, 0.04000000000000000083, -0.7079785156249999156 ) ) ;
#3855 = ADVANCED_FACE ( 'NONE', ( #5531 ), #1218, .T. ) ;
#3856 = DIRECTION ( 'NONE',  ( -0.000000000000000000, -1.000000000000000000, -0.000000000000000000 ) ) ;
#3857 = LINE ( 'NONE', #1353, #6141 ) ;
#3858 = ADVANCED_FACE ( 'NONE', ( #3306 ), #4333, .T. ) ;
#3859 = CARTESIAN_POINT ( 'NONE',  ( 1.599321718607590759, 0.000000000000000000, -0.7330338142798326073 ) ) ;
#3860 = FACE_OUTER_BOUND ( 'NONE', #2440, .T. ) ;
#3861 = LINE ( 'NONE', #2451, #3261 ) ;
#3862 = CARTESIAN_POINT ( 'NONE',  ( 1.894400054854275872, 0.04000000000000000083, -0.6005749975862315626 ) ) ;
#3863 = CARTESIAN_POINT ( 'NONE',  ( 1.771241987179906108, 0.000000000000000000, -0.6956250000000001599 ) ) ;
#3864 = ORIENTED_EDGE ( 'NONE', *, *, #2867, .F. ) ;
#3865 = CARTESIAN_POINT ( 'NONE',  ( 0.1250000000000000000, 0.1400000000000000133, -0.1250000000000000278 ) ) ;
#3866 = B_SPLINE_CURVE_WITH_KNOTS ( 'NONE', 3,
 ( #5028, #2640, #3062, #641, #613, #2576, #4108, #6047, #4017, #2058, #4523 ),
 .UNSPECIFIED., .F., .F.,
 ( 4, 1, 1, 1, 1, 1, 1, 1, 4 ),
 ( 0.000000000000000000, 0.1402943894369881039, 0.2690238711738882071, 0.3898006988269702155, 0.5083482253201352385, 0.6259820118935296440, 0.7431690458776171182, 0.8666051232822503669, 1.000000000000000000 ),
 .UNSPECIFIED. ) ;
#3867 = CARTESIAN_POINT ( 'NONE',  ( 1.718108001943642105, 0.000000000000000000, -0.6659397922214859156 ) ) ;
#3868 = CARTESIAN_POINT ( 'NONE',  ( 1.522866706948486026, 0.000000000000000000, -0.5045972091795551950 ) ) ;
#3869 = PRESENTATION_STYLE_ASSIGNMENT (( #1037 ) ) ;
#3870 = LINE ( 'NONE', #3329, #2065 ) ;
#3871 = CARTESIAN_POINT ( 'NONE',  ( 1.241554487179905797, 0.000000000000000000, -0.5214062499999999600 ) ) ;
#3872 = ORIENTED_EDGE ( 'NONE', *, *, #1646, .F. ) ;
#3873 = AXIS2_PLACEMENT_3D ( 'NONE', #4774, #1250, #4645 ) ;
#3874 = LINE ( 'NONE', #4804, #3284 ) ;
#3875 = ORIENTED_EDGE ( 'NONE', *, *, #2135, .T. ) ;
#3876 = CARTESIAN_POINT ( 'NONE',  ( 1.769839029394348229, 0.04000000000000000083, -0.6176721814844803315 ) ) ;
#3877 = CARTESIAN_POINT ( 'NONE',  ( 1.680909955929905664, 0.000000000000000000, -0.5122265624999999822 ) ) ;
#3878 = CARTESIAN_POINT ( 'NONE',  ( 0.4374999999999998335, 0.07000000000000000666, -0.3649999999999999911 ) ) ;
#3879 = CARTESIAN_POINT ( 'NONE',  ( 0.6947540883937034506, -0.000000000000000000, -0.5208762587359284657 ) ) ;
#3880 = ORIENTED_EDGE ( 'NONE', *, *, #249, .T. ) ;
#3881 = ORIENTED_EDGE ( 'NONE', *, *, #6300, .F. ) ;
#3882 = ORIENTED_EDGE ( 'NONE', *, *, #5447, .F. ) ;
#3883 = CARTESIAN_POINT ( 'NONE',  ( 0.8549813327993925904, 0.000000000000000000, -0.7363010216256794527 ) ) ;
#3884 = CARTESIAN_POINT ( 'NONE',  ( 0.8325133568397476980, 0.000000000000000000, -0.7102193113138469682 ) ) ;
#3885 = FACE_OUTER_BOUND ( 'NONE', #3658, .T. ) ;
#3886 = CARTESIAN_POINT ( 'NONE',  ( 1.613357473084141569, 0.04000000000000000083, -0.7108230314208824341 ) ) ;
#3887 = FACE_OUTER_BOUND ( 'NONE', #6086, .T. ) ;
#3888 = CARTESIAN_POINT ( 'NONE',  ( 1.612896946833452416, 0.04000000000000000083, -0.7146062921768565612 ) ) ;
#3889 = CARTESIAN_POINT ( 'NONE',  ( 1.928623798460251004, 0.04000000000000000083, -0.6279117520509202022 ) ) ;
#3890 = CARTESIAN_POINT ( 'NONE',  ( 1.657179487179905708, 0.000000000000000000, -0.5469433593750000488 ) ) ;
#3891 = CARTESIAN_POINT ( 'NONE',  ( 1.768716956861621004, 0.04000000000000000083, -0.6955688596395961376 ) ) ;
#3892 = DIRECTION ( 'NONE',  ( -0.000000000000000000, -1.000000000000000000, -0.000000000000000000 ) ) ;
#3893 = EDGE_CURVE ( 'NONE', #744, #6260, #350, .T. ) ;
#3894 = ORIENTED_EDGE ( 'NONE', *, *, #4362, .F. ) ;
#3895 = VECTOR ( 'NONE', #5305, 39.37007874015748143 ) ;
#3896 = DIRECTION ( 'NONE',  ( 0.000000000000000000, 0.000000000000000000, -1.000000000000000000 ) ) ;
#3897 = FACE_OUTER_BOUND ( 'NONE', #6100, .T. ) ;
#3898 = FACE_OUTER_BOUND ( 'NONE', #3020, .T. ) ;
#3899 = CARTESIAN_POINT ( 'NONE',  ( 1.010304487179905841, 0.04000000000000000083, -0.5216015625000000044 ) ) ;
#3900 = LINE ( 'NONE', #4316, #2691 ) ;
#3901 = CARTESIAN_POINT ( 'NONE',  ( 1.237685893904240775, 0.000000000000000000, -0.5022764856182353466 ) ) ;
#3902 = ORIENTED_EDGE ( 'NONE', *, *, #6159, .T. ) ;
#3903 = LINE ( 'NONE', #468, #413 ) ;
#3904 = EDGE_CURVE ( 'NONE', #1084, #714, #5182, .T. ) ;
#3905 = ADVANCED_FACE ( 'NONE', ( #5119 ), #764, .F. ) ;
#3906 = ORIENTED_EDGE ( 'NONE', *, *, #2487, .T. ) ;
#3907 = CARTESIAN_POINT ( 'NONE',  ( 2.105108418246065760, 0.000000000000000000, -0.7286887187873851701 ) ) ;
#3908 = CARTESIAN_POINT ( 'NONE',  ( 1.185304487179905886, 0.000000000000000000, -0.5209667968750000266 ) ) ;
#3909 = VECTOR ( 'NONE', #427, 39.37007874015748143 ) ;
#3910 = CARTESIAN_POINT ( 'NONE',  ( 1.155159734310539976, 0.000000000000000000, -0.6269035143893506579 ) ) ;
#3911 = CARTESIAN_POINT ( 'NONE',  ( 1.095981238116829237, 0.000000000000000000, -0.5908602598766083958 ) ) ;
#3912 = CARTESIAN_POINT ( 'NONE',  ( 0.8518084288704442786, 0.04000000000000000083, -0.5021821391456254835 ) ) ;
#3913 = AXIS2_PLACEMENT_3D ( 'NONE', #1664, #4550, #167 ) ;
#3914 = ORIENTED_EDGE ( 'NONE', *, *, #3825, .T. ) ;
#3915 = DIRECTION ( 'NONE',  ( -1.000000000000000000, 0.000000000000000000, -0.000000000000000000 ) ) ;
#3916 = CARTESIAN_POINT ( 'NONE',  ( 2.003361889415793406, 0.04000000000000000083, -0.6902494895767088412 ) ) ;
#3917 = DIRECTION ( 'NONE',  ( 0.000000000000000000, 0.000000000000000000, 1.000000000000000000 ) ) ;
#3918 = CARTESIAN_POINT ( 'NONE',  ( 1.718108001943642105, 0.04000000000000000083, -0.6659397922214859156 ) ) ;
#3919 = CARTESIAN_POINT ( 'NONE',  ( 1.008670260437244393, 0.000000000000000000, -0.5079346876839752056 ) ) ;
#3920 = CARTESIAN_POINT ( 'NONE',  ( 1.563345906875897251, 0.04000000000000000083, -0.7362254443784330693 ) ) ;
#3921 = CARTESIAN_POINT ( 'NONE',  ( 1.612264134385513747, 0.000000000000000000, -0.7180788956478462159 ) ) ;
#3922 = CARTESIAN_POINT ( 'NONE',  ( 1.979109395844689478, 0.000000000000000000, -0.6579403409033010020 ) ) ;
#3923 = EDGE_CURVE ( 'NONE', #3288, #2785, #5721, .T. ) ;
#3924 = CARTESIAN_POINT ( 'NONE',  ( 1.381421036947733327, 0.04000000000000000083, -0.7257794113598587948 ) ) ;
#3925 = CARTESIAN_POINT ( 'NONE',  ( 1.771241987179906108, 0.04000000000000000083, -0.6956250000000001599 ) ) ;
#3926 = CARTESIAN_POINT ( 'NONE',  ( 0.7546439343552930890, 0.000000000000000000, -0.5023460579134045867 ) ) ;
#3927 = VERTEX_POINT ( 'NONE', #6138 ) ;
#3928 = B_SPLINE_CURVE_WITH_KNOTS ( 'NONE', 3,
 ( #2652, #5545, #4470, #5072, #562, #119, #5007, #3550, #2523, #622, #3995, #4027, #86, #2035, #5515, #5971, #2622, #4534, #4597 ),
 .UNSPECIFIED., .F., .F.,
 ( 4, 1, 1, 1, 1, 1, 1, 1, 1, 1, 1, 1, 1, 1, 1, 1, 4 ),
 ( 0.000000000000000000, 0.07632991237579972443, 0.1475902797655206378, 0.2141341229181883410, 0.2766335995961090588, 0.3354621556079133704, 0.3904701877972195367, 0.4445106943788564302, 0.4965622250395489434, 0.5495416088508521257, 0.6031030765590439380, 0.6597058747106790966, 0.7195927783563121904, 0.7833678860529309507, 0.8506459785148551278, 0.9227992763119452491, 1.000000000000000000 ),
 .UNSPECIFIED. ) ;
#3929 = ADVANCED_FACE ( 'NONE', ( #854, #5624 ), #3751, .T. ) ;
#3930 = CARTESIAN_POINT ( 'NONE',  ( 1.710304487179905575, 0.000000000000000000, -0.5799999999999999600 ) ) ;
#3931 = CARTESIAN_POINT ( 'NONE',  ( 1.757000958224330001, 0.000000000000000000, -0.6235582935077611522 ) ) ;
#3932 = LINE ( 'NONE', #3394, #2391 ) ;
#3933 = PLANE ( 'NONE',  #1248 ) ;
#3934 = CARTESIAN_POINT ( 'NONE',  ( 1.680909955929905664, 0.000000000000000000, -0.5122265624999999822 ) ) ;
#3935 = VERTEX_POINT ( 'NONE', #3783 ) ;
#3936 = CARTESIAN_POINT ( 'NONE',  ( 1.052193291746615467, 0.000000000000000000, -0.6770761326926553192 ) ) ;
#3937 = ORIENTED_EDGE ( 'NONE', *, *, #2799, .F. ) ;
#3938 = CARTESIAN_POINT ( 'NONE',  ( 2.097528139869468955, 0.000000000000000000, -0.7333496907531327214 ) ) ;
#3939 = CARTESIAN_POINT ( 'NONE',  ( 0.9540544871799059301, 0.04000000000000000083, -0.7072949218750000933 ) ) ;
#3940 = FACE_OUTER_BOUND ( 'NONE', #509, .T. ) ;
#3941 = CARTESIAN_POINT ( 'NONE',  ( 1.081051659418518884, 0.000000000000000000, -0.5984973928187043990 ) ) ;
#3942 = CARTESIAN_POINT ( 'NONE',  ( 0.7248498183248278659, -0.000000000000000000, -0.7392897378189623447 ) ) ;
#3943 = ADVANCED_FACE ( 'NONE', ( #1340 ), #2835, .T. ) ;
#3944 = ORIENTED_EDGE ( 'NONE', *, *, #5673, .F. ) ;
#3945 = ADVANCED_FACE ( 'NONE', ( #2345 ), #389, .T. ) ;
#3946 = VERTEX_POINT ( 'NONE', #3878 ) ;
#3947 = VERTEX_POINT ( 'NONE', #504 ) ;
#3948 = CARTESIAN_POINT ( 'NONE',  ( 1.680909955929905664, 0.04000000000000000083, -0.5122265624999999822 ) ) ;
#3949 = DIRECTION ( 'NONE',  ( 0.5126370364104440025, 0.000000000000000000, -0.8586054209590789910 ) ) ;
#3950 = CARTESIAN_POINT ( 'NONE',  ( 0.9858525161510304224, 0.04000000000000000083, -0.7392728819672014229 ) ) ;
#3951 = DIRECTION ( 'NONE',  ( -0.000000000000000000, -1.000000000000000000, -0.000000000000000000 ) ) ;
#3952 = CARTESIAN_POINT ( 'NONE',  ( 0.8746523298013867409, 0.04000000000000000083, -0.7391549325012293226 ) ) ;
#3953 = CARTESIAN_POINT ( 'NONE',  ( 0.7230486278049053084, 0.000000000000000000, -0.7393750000000000044 ) ) ;
#3954 = FACE_OUTER_BOUND ( 'NONE', #1376, .T. ) ;
#3955 = CARTESIAN_POINT ( 'NONE',  ( 2.007564165549411861, 0.04000000000000000083, -0.6285930086686676299 ) ) ;
#3956 = CARTESIAN_POINT ( 'NONE',  ( 1.985958081255676522, 0.04000000000000000083, -0.7345421172199687598 ) ) ;
#3957 = CARTESIAN_POINT ( 'NONE',  ( 1.404457255419189421, 0.04000000000000000083, -0.7360809920015050078 ) ) ;
#3958 = CARTESIAN_POINT ( 'NONE',  ( 1.740454092043963064, 0.04000000000000000083, -0.6888545350961746694 ) ) ;
#3959 = CARTESIAN_POINT ( 'NONE',  ( 0.8812601051126202067, 0.000000000000000000, -0.4896107340137542674 ) ) ;
#3960 = ORIENTED_EDGE ( 'NONE', *, *, #5575, .T. ) ;
#3961 = AXIS2_PLACEMENT_3D ( 'NONE', #2335, #4286, #1879 ) ;
#3962 = CARTESIAN_POINT ( 'NONE',  ( 1.680909955929905664, 0.04000000000000000083, -0.5122265624999999822 ) ) ;
#3963 = CARTESIAN_POINT ( 'NONE',  ( 1.820855657916423453, 0.000000000000000000, -0.4977059771700541035 ) ) ;
#3964 = FACE_OUTER_BOUND ( 'NONE', #3140, .T. ) ;
#3966 = ORIENTED_EDGE ( 'NONE', *, *, #4407, .F. ) ;
#3965 = B_SPLINE_CURVE_WITH_KNOTS ( 'NONE', 3,
 ( #4941, #5450, #2976, #1416, #5898, #80, #5801, #1509, #5830, #5419, #488, #3384, #2517, #4912, #1478 ),
 .UNSPECIFIED., .F., .F.,
 ( 4, 1, 1, 1, 1, 1, 1, 1, 1, 1, 1, 1, 4 ),
 ( 0.000000000000000000, 0.08979271063556075461, 0.1753942178141339459, 0.2588056349961311287, 0.3398127966891519858, 0.4200621604101825168, 0.4991223246882413589, 0.5788384868517749693, 0.6591082875927603002, 0.7411182879485650465, 0.8251094400327129152, 0.9110392593857608023, 1.000000000000000000 ),
 .UNSPECIFIED. ) ;
#3967 = EDGE_CURVE ( 'NONE', #924, #5066, #3670, .T. ) ;
#3968 = CARTESIAN_POINT ( 'NONE',  ( 0.9003140876050503838, 0.000000000000000000, -0.7124100590933337696 ) ) ;
#3969 = EDGE_LOOP ( 'NONE', ( #258, #1594, #3811, #2080 ) ) ;
#3970 = CARTESIAN_POINT ( 'NONE',  ( 1.493973960459992423, 0.04000000000000000083, -0.4894559208444422826 ) ) ;
#3971 = CARTESIAN_POINT ( 'NONE',  ( 0.9009294871799053972, 0.04000000000000000083, -0.5198437500000000488 ) ) ;
#3972 = LINE ( 'NONE', #6034, #288 ) ;
#3973 = CARTESIAN_POINT ( 'NONE',  ( 2.229999999999999538, 0.1400000000000000133, -0.1250000000000000278 ) ) ;
#3974 = CARTESIAN_POINT ( 'NONE',  ( 0.7127769309459734970, 0.000000000000000000, -0.4912586770440596773 ) ) ;
#3975 = ORIENTED_EDGE ( 'NONE', *, *, #3772, .F. ) ;
#3976 = VECTOR ( 'NONE', #165, 39.37007874015748143 ) ;
#3977 = EDGE_LOOP ( 'NONE', ( #826, #1718, #4006, #4953 ) ) ;
#3978 = ORIENTED_EDGE ( 'NONE', *, *, #2208, .T. ) ;
#3979 = CARTESIAN_POINT ( 'NONE',  ( 0.9007052954871305195, 0.04000000000000000083, -0.5131930965690219004 ) ) ;
#3980 = CARTESIAN_POINT ( 'NONE',  ( 1.470629762457503320, 0.000000000000000000, -0.4996377347448205386 ) ) ;
#3981 = CARTESIAN_POINT ( 'NONE',  ( 2.057179487179905397, 0.04000000000000000083, -0.6268749999999999600 ) ) ;
#3982 = CARTESIAN_POINT ( 'NONE',  ( 0.9894199094816070739, 0.04000000000000000083, -0.4896848526063652951 ) ) ;
#3983 = CARTESIAN_POINT ( 'NONE',  ( 1.115870893429905752, 0.04000000000000000083, -0.6829296874999999378 ) ) ;
#3984 = CARTESIAN_POINT ( 'NONE',  ( 2.088699410802785206, 0.000000000000000000, -0.4894783444736948708 ) ) ;
#3985 = CARTESIAN_POINT ( 'NONE',  ( 1.611192039233947160, 0.04000000000000000083, -0.7211664009154009625 ) ) ;
#3986 = CARTESIAN_POINT ( 'NONE',  ( 1.769923627804905752, 0.000000000000000000, -0.5331249999999999600 ) ) ;
#3987 = CARTESIAN_POINT ( 'NONE',  ( 1.092640483710597410, 0.04000000000000000083, -0.7291341438346854442 ) ) ;
#3988 = CARTESIAN_POINT ( 'NONE',  ( 1.565724409054905397, 0.04000000000000000083, -0.7362499999999999600 ) ) ;
#3989 = LINE ( 'NONE', #5387, #5323 ) ;
#3990 = CARTESIAN_POINT ( 'NONE',  ( 1.923038031618342192, 0.000000000000000000, -0.6519758408726168408 ) ) ;
#3991 = EDGE_LOOP ( 'NONE', ( #6133, #3944, #2293, #4834 ) ) ;
#3992 = EDGE_CURVE ( 'NONE', #3212, #1084, #3338, .T. ) ;
#3993 = CARTESIAN_POINT ( 'NONE',  ( 1.776564252804905708, 0.04000000000000000083, -0.6016308593750000488 ) ) ;
#3994 = SURFACE_STYLE_FILL_AREA ( #5423 ) ;
#3995 = CARTESIAN_POINT ( 'NONE',  ( 2.102864168791268362, 0.04000000000000000083, -0.7305022709825920169 ) ) ;
#3996 = ADVANCED_FACE ( 'NONE', ( #472 ), #2957, .T. ) ;
#3997 = VECTOR ( 'NONE', #1522, 39.37007874015748143 ) ;
#3998 = DIRECTION ( 'NONE',  ( -1.000000000000000000, 0.000000000000000000, 0.000000000000000000 ) ) ;
#3999 = CARTESIAN_POINT ( 'NONE',  ( 0.8995797985643696482, 0.000000000000000000, -0.7169725059948139911 ) ) ;
#4000 = VERTEX_POINT ( 'NONE', #2467 ) ;
#4001 = CARTESIAN_POINT ( 'NONE',  ( 1.483617750234937915, 0.04000000000000000083, -0.4908385602056248298 ) ) ;
#4002 = CARTESIAN_POINT ( 'NONE',  ( 1.185304487179905886, 0.04000000000000000083, -0.6925000000000000044 ) ) ;
#4003 = CARTESIAN_POINT ( 'NONE',  ( 0.9582180331331666689, 0.04000000000000000083, -0.5027135717260216019 ) ) ;
#4004 = CARTESIAN_POINT ( 'NONE',  ( 1.051008731520458150, 0.04000000000000000083, -0.6578450886893919547 ) ) ;
#4005 = CARTESIAN_POINT ( 'NONE',  ( 1.950606691666809445, 0.04000000000000000083, -0.7215291218473320889 ) ) ;
#4006 = ORIENTED_EDGE ( 'NONE', *, *, #3308, .T. ) ;
#4007 = EDGE_CURVE ( 'NONE', #3690, #728, #4416, .T. ) ;
#4008 = ORIENTED_EDGE ( 'NONE', *, *, #3006, .T. ) ;
#4009 = ORIENTED_EDGE ( 'NONE', *, *, #1238, .T. ) ;
#4010 = CARTESIAN_POINT ( 'NONE',  ( 1.202595232313247609, 0.000000000000000000, -0.4912707174611701255 ) ) ;
#4011 = CARTESIAN_POINT ( 'NONE',  ( 1.778631139808374284, 0.000000000000000000, -0.6954999401474570853 ) ) ;
#4012 = CARTESIAN_POINT ( 'NONE',  ( 1.131395906212588676, 0.04000000000000000083, -0.7359727928301216249 ) ) ;
#4013 = ADVANCED_FACE ( 'NONE', ( #3940 ), #2556, .T. ) ;
#4014 = CARTESIAN_POINT ( 'NONE',  ( 1.768716956861621004, 0.000000000000000000, -0.6955688596395961376 ) ) ;
#4015 = VECTOR ( 'NONE', #5049, 39.37007874015748143 ) ;
#4016 = ORIENTED_EDGE ( 'NONE', *, *, #221, .F. ) ;
#4017 = CARTESIAN_POINT ( 'NONE',  ( 2.080408026208834471, 0.000000000000000000, -0.4896555717446321454 ) ) ;
#4018 = CARTESIAN_POINT ( 'NONE',  ( 1.717106793559112665, 0.000000000000000000, -0.5447731005710385599 ) ) ;
#4019 = DIRECTION ( 'NONE',  ( 0.000000000000000000, 0.000000000000000000, -1.000000000000000000 ) ) ;
#4020 = CARTESIAN_POINT ( 'NONE',  ( 1.107179487179905886, 0.04000000000000000083, -0.6598339843750001821 ) ) ;
#4021 = CARTESIAN_POINT ( 'NONE',  ( 0.7332614639089398700, 0.04000000000000000083, -0.7376097719688642362 ) ) ;
#4022 = CARTESIAN_POINT ( 'NONE',  ( 0.8759294871799053750, 0.04000000000000000083, -0.4893750000000000044 ) ) ;
#4023 = ORIENTED_EDGE ( 'NONE', *, *, #2494, .T. ) ;
#4024 = EDGE_LOOP ( 'NONE', ( #5053, #5436, #2107, #4653 ) ) ;
#4025 = CARTESIAN_POINT ( 'NONE',  ( 1.691386596499492745, 0.000000000000000000, -0.5067145864463102889 ) ) ;
#4026 = CARTESIAN_POINT ( 'NONE',  ( 0.9008519069861026241, -0.000000000000000000, -0.5175423311753131195 ) ) ;
#4027 = CARTESIAN_POINT ( 'NONE',  ( 2.100316344785508438, 0.04000000000000000083, -0.7320200826854215137 ) ) ;
#4028 = AXIS2_PLACEMENT_3D ( 'NONE', #4315, #4701, #6254 ) ;
#4029 = CARTESIAN_POINT ( 'NONE',  ( 1.185304487179905886, 0.04000000000000000083, -0.6268749999999999600 ) ) ;
#4030 = LINE ( 'NONE', #499, #5616 ) ;
#4031 = B_SPLINE_SURFACE_WITH_KNOTS ( 'NONE', 3, 1, ( 
 ( #77, #4280 ),
 ( #6216, #2026 ),
 ( #3987, #4312 ),
 ( #3837, #5773 ),
 ( #3509, #1392 ),
 ( #5448, #5298 ),
 ( #1065, #3037 ),
 ( #4970, #3632 ),
 ( #143, #2091 ),
 ( #644, #2677 ),
 ( #1158, #3065 ),
 ( #3120, #3597 ),
 ( #2579, #4051 ),
 ( #5991, #4494 ),
 ( #6050, #5537 ) ),
 .UNSPECIFIED., .F., .F., .F.,
 ( 4, 1, 1, 1, 1, 1, 1, 1, 1, 1, 1, 1, 4 ),
 ( 2, 2 ),
 ( 0.000000000000000000, 0.08979271063555817334, 0.1753942178141328634, 0.2588056349961301850, 0.3398127966891512086, 0.4200621604101829609, 0.4991223246882410258, 0.5788384868517739701, 0.6591082875927595230, 0.7411182879485643804, 0.8251094400327123601, 0.9110392593857606913, 1.000000000000000000 ),
 ( 0.000000000000000000, 1.000000000000000000 ),
 .UNSPECIFIED. ) ;
#4032 = ORIENTED_EDGE ( 'NONE', *, *, #1378, .F. ) ;
#4033 = LINE ( 'NONE', #4442, #2781 ) ;
#4034 = CARTESIAN_POINT ( 'NONE',  ( 0.9713664042163668855, 0.04000000000000000083, -0.7374641792590741485 ) ) ;
#4035 = CARTESIAN_POINT ( 'NONE',  ( 0.9713539534111289564, 0.000000000000000000, -0.4912763834839860011 ) ) ;
#4036 = CARTESIAN_POINT ( 'NONE',  ( 0.8591040579150183154, 0.04000000000000000083, -0.7378883234517279455 ) ) ;
#4037 = B_SPLINE_CURVE_WITH_KNOTS ( 'NONE', 3,
 ( #3036, #199, #5960, #5536, #2641, #4585, #141, #2024, #614, #5564, #4109, #5505, #3150, #2151, #2612 ),
 .UNSPECIFIED., .F., .F.,
 ( 4, 1, 1, 1, 1, 1, 1, 1, 1, 1, 1, 1, 4 ),
 ( 0.000000000000000000, 0.1222949938864778124, 0.2286286528862490897, 0.3182628567669206210, 0.3913788219531474932, 0.4539022426926815901, 0.5143803733557370528, 0.5744352707559096105, 0.6372430550670444838, 0.7073086258173409968, 0.7906023698698244617, 0.8879324945909642386, 1.000000000000000000 ),
 .UNSPECIFIED. ) ;
#4038 = CARTESIAN_POINT ( 'NONE',  ( 1.922804487179905264, 0.04000000000000000083, -0.6608593750000000266 ) ) ;
#4039 = ORIENTED_EDGE ( 'NONE', *, *, #3186, .F. ) ;
#4040 = VECTOR ( 'NONE', #216, 39.37007874015748143 ) ;
#4041 = ORIENTED_EDGE ( 'NONE', *, *, #1352, .F. ) ;
#4042 = ORIENTED_EDGE ( 'NONE', *, *, #401, .F. ) ;
#4043 = LINE ( 'NONE', #4516, #1622 ) ;
#4044 = CARTESIAN_POINT ( 'NONE',  ( 1.567419642280679648, 0.04000000000000000083, -0.4974999878971747003 ) ) ;
#4045 = CARTESIAN_POINT ( 'NONE',  ( 1.144923627804905752, 0.04000000000000000083, -0.7362499999999999600 ) ) ;
#4046 = CARTESIAN_POINT ( 'NONE',  ( 1.732325644947370291, 0.04000000000000000083, -0.6832802168751842542 ) ) ;
#4047 = ORIENTED_EDGE ( 'NONE', *, *, #2867, .T. ) ;
#4048 = CARTESIAN_POINT ( 'NONE',  ( 1.657186911217147784, 0.04000000000000000083, -0.5455585947241952116 ) ) ;
#4049 = PLANE ( 'NONE',  #1292 ) ;
#4050 = ADVANCED_FACE ( 'NONE', ( #5978 ), #3079, .F. ) ;
#4051 = CARTESIAN_POINT ( 'NONE',  ( 1.051111225091001966, 0.000000000000000000, -0.6690768429477933488 ) ) ;
#4052 = CARTESIAN_POINT ( 'NONE',  ( 1.539035552760663172, 0.000000000000000000, -0.7313131790087699091 ) ) ;
#4053 = CARTESIAN_POINT ( 'NONE',  ( 0.7248498183248278659, 0.04000000000000000083, -0.7392897378189623447 ) ) ;
#4054 = CARTESIAN_POINT ( 'NONE',  ( 0.9007052954871305195, 0.04000000000000000083, -0.5131930965690219004 ) ) ;
#4055 = ORIENTED_EDGE ( 'NONE', *, *, #5797, .F. ) ;
#4056 = EDGE_CURVE ( 'NONE', #1941, #2143, #4444, .T. ) ;
#4057 = B_SPLINE_CURVE_WITH_KNOTS ( 'NONE', 3,
 ( #4344, #1362, #3324, #43, #3291, #3358, #3956, #1542, #5896, #4939, #553 ),
 .UNSPECIFIED., .F., .F.,
 ( 4, 1, 1, 1, 1, 1, 1, 1, 4 ),
 ( 0.000000000000000000, 0.1569433403011107064, 0.3052641691385835077, 0.4438862275305962002, 0.5729504529666084034, 0.6925868846920740785, 0.8040351933094590509, 0.9064180598495786834, 1.000000000000000000 ),
 .UNSPECIFIED. ) ;
#4058 = VERTEX_POINT ( 'NONE', #126 ) ;
#4059 = CARTESIAN_POINT ( 'NONE',  ( 1.155339892973302085, -0.000000000000000000, -0.6924726754716854504 ) ) ;
#4060 = LINE ( 'NONE', #2688, #4915 ) ;
#4061 = CARTESIAN_POINT ( 'NONE',  ( 1.704782003139035274, 0.000000000000000000, -0.6524058314271993231 ) ) ;
#4062 = CARTESIAN_POINT ( 'NONE',  ( 0.9858525161510304224, 0.04000000000000000083, -0.7392728819672014229 ) ) ;
#4063 = VECTOR ( 'NONE', #3567, 39.37007874015748143 ) ;
#4064 = CARTESIAN_POINT ( 'NONE',  ( 1.470629762457503320, 0.04000000000000000083, -0.4996377347448205386 ) ) ;
#4065 = CARTESIAN_POINT ( 'NONE',  ( 0.7665544871799053750, 0.04000000000000000083, -0.5189160156250000044 ) ) ;
#4066 = CARTESIAN_POINT ( 'NONE',  ( 2.057179487179905397, 0.04000000000000000083, -0.6268749999999999600 ) ) ;
#4067 = CARTESIAN_POINT ( 'NONE',  ( 1.074656226345996446, 0.04000000000000000083, -0.6032118762582028282 ) ) ;
#4068 = CARTESIAN_POINT ( 'NONE',  ( 1.375986807546271340, 0.000000000000000000, -0.7106320226300181231 ) ) ;
#4069 = VERTEX_POINT ( 'NONE', #2043 ) ;
#4070 = ORIENTED_EDGE ( 'NONE', *, *, #1344, .F. ) ;
#4071 = EDGE_LOOP ( 'NONE', ( #3017, #6037, #500, #5083 ) ) ;
#4072 = CARTESIAN_POINT ( 'NONE',  ( 2.083507787569097491, 0.000000000000000000, -0.7362273807603317843 ) ) ;
#4073 = CARTESIAN_POINT ( 'NONE',  ( 1.582290012972215942, 0.04000000000000000083, -0.4896745418457100762 ) ) ;
#4074 = CARTESIAN_POINT ( 'NONE',  ( 0.7193935879870801964, 0.04000000000000000083, -0.4896277986352555733 ) ) ;
#4075 = ORIENTED_EDGE ( 'NONE', *, *, #4601, .T. ) ;
#4076 = CARTESIAN_POINT ( 'NONE',  ( 1.663883044790278154, 0.04000000000000000083, -0.5243648215944163304 ) ) ;
#4077 = CARTESIAN_POINT ( 'NONE',  ( 2.057179487179905397, 0.000000000000000000, -0.5209667968750000266 ) ) ;
#4078 = AXIS2_PLACEMENT_3D ( 'NONE', #2580, #5963, #2027 ) ;
#4079 = CARTESIAN_POINT ( 'NONE',  ( 1.657621228432649918, 0.000000000000000000, -0.5390989695264859494 ) ) ;
#4080 = CARTESIAN_POINT ( 'NONE',  ( 1.135689165549412794, 0.000000000000000000, -0.6285930086686676299 ) ) ;
#4081 = CARTESIAN_POINT ( 'NONE',  ( 1.676278791428718939, 0.000000000000000000, -0.6215183839780858976 ) ) ;
#4082 = CARTESIAN_POINT ( 'NONE',  ( 0.9008519069861026241, 0.000000000000000000, -0.5175423311753131195 ) ) ;
#4083 = CARTESIAN_POINT ( 'NONE',  ( 2.329999999999999627, 0.1700000000000018718, 0.000000000000000000 ) ) ;
#4084 = B_SPLINE_CURVE_WITH_KNOTS ( 'NONE', 3,
 ( #3763, #2225, #1228, #5665, #3699, #1291, #4657, #2257, #2750, #5257, #6148 ),
 .UNSPECIFIED., .F., .F.,
 ( 4, 1, 1, 1, 1, 1, 1, 1, 4 ),
 ( 0.000000000000000000, 0.1330733262487469315, 0.2627659362384358599, 0.3887957597851894875, 0.5126889517223318649, 0.6344410886993782084, 0.7564245126272963748, 0.8781791936067050441, 1.000000000000000000 ),
 .UNSPECIFIED. ) ;
#4085 = EDGE_LOOP ( 'NONE', ( #3536, #191, #953, #4497 ) ) ;
#4086 = DIRECTION ( 'NONE',  ( -1.000000000000000000, 0.000000000000000000, 0.000000000000000000 ) ) ;
#4087 = EDGE_CURVE ( 'NONE', #3457, #2371, #3972, .T. ) ;
#4088 = CARTESIAN_POINT ( 'NONE',  ( 0.8759294871799053750, 0.000000000000000000, -0.4893750000000000044 ) ) ;
#4089 = CARTESIAN_POINT ( 'NONE',  ( 1.889985985152423664, 0.000000000000000000, -0.5745310507535678068 ) ) ;
#4090 = LINE ( 'NONE', #1106, #582 ) ;
#4091 = DIRECTION ( 'NONE',  ( 0.2279442785594659737, 0.000000000000000000, -0.9736741784971009173 ) ) ;
#4092 = CARTESIAN_POINT ( 'NONE',  ( 2.022310854072205011, 0.000000000000000000, -0.6924205760502365470 ) ) ;
#4093 = CARTESIAN_POINT ( 'NONE',  ( 0.8480777341973135819, 0.000000000000000000, -0.5134606427243957327 ) ) ;
#4094 = CARTESIAN_POINT ( 'NONE',  ( 1.185304487179905886, 0.04000000000000000083, -0.6925000000000000044 ) ) ;
#4095 = CARTESIAN_POINT ( 'NONE',  ( 1.934973356008049539, 0.04000000000000000083, -0.7053616767970830592 ) ) ;
#4096 = ADVANCED_FACE ( 'NONE', ( #1080 ), #628, .F. ) ;
#4097 = EDGE_LOOP ( 'NONE', ( #1607, #2868, #2630, #231 ) ) ;
#4098 = CARTESIAN_POINT ( 'NONE',  ( 1.008670260437244393, 0.04000000000000000083, -0.5079346876839752056 ) ) ;
#4099 = EDGE_LOOP ( 'NONE', ( #3417, #6309, #1244, #3906 ) ) ;
#4100 = VERTEX_POINT ( 'NONE', #4066 ) ;
#4101 = CARTESIAN_POINT ( 'NONE',  ( 1.613429487179905530, 0.000000000000000000, -0.7068066406249999822 ) ) ;
#4102 = VECTOR ( 'NONE', #6057, 39.37007874015748143 ) ;
#4103 = CARTESIAN_POINT ( 'NONE',  ( 1.982074592300107074, 0.04000000000000000083, -0.6446385603825367516 ) ) ;
#4104 = AXIS2_PLACEMENT_3D ( 'NONE', #3981, #5922, #1533 ) ;
#4105 = CARTESIAN_POINT ( 'NONE',  ( 1.809936025685241257, 0.000000000000000000, -0.6843817981834026121 ) ) ;
#4106 = DIRECTION ( 'NONE',  ( 1.000000000000000000, 0.000000000000000000, -0.000000000000000000 ) ) ;
#4107 = ORIENTED_EDGE ( 'NONE', *, *, #1891, .F. ) ;
#4108 = CARTESIAN_POINT ( 'NONE',  ( 2.069312334274281628, 0.000000000000000000, -0.4940949613715138189 ) ) ;
#4109 = CARTESIAN_POINT ( 'NONE',  ( 1.443618306362833170, 0.04000000000000000083, -0.7348318188605668100 ) ) ;
#4110 = CARTESIAN_POINT ( 'NONE',  ( 1.658177123033379718, 0.000000000000000000, -0.5356634234653790960 ) ) ;
#4111 = CARTESIAN_POINT ( 'NONE',  ( 1.703399162339077844, 0.04000000000000000083, -0.7251547768737167665 ) ) ;
#4112 = VECTOR ( 'NONE', #3073, 39.37007874015748143 ) ;
#4113 = VECTOR ( 'NONE', #1469, 39.37007874015748143 ) ;
#4114 = CARTESIAN_POINT ( 'NONE',  ( 1.426857221554905575, 0.04000000000000000083, -0.7362499999999999600 ) ) ;
#4115 = CARTESIAN_POINT ( 'NONE',  ( 1.979140499518346363, 0.04000000000000000083, -0.6621100154890268152 ) ) ;
#4116 = EDGE_CURVE ( 'NONE', #5919, #3084, #5342, .T. ) ;
#4117 = CARTESIAN_POINT ( 'NONE',  ( 1.241468419633695586, 0.000000000000000000, -0.7077921830871947151 ) ) ;
#4118 = CARTESIAN_POINT ( 'NONE',  ( 0.8972963424864434101, 0.000000000000000000, -0.5017395451863837508 ) ) ;
#4119 = CARTESIAN_POINT ( 'NONE',  ( 1.771767225926073719, 0.000000000000000000, -0.7392764425951390272 ) ) ;
#4120 = CARTESIAN_POINT ( 'NONE',  ( 1.461156639516344669, 0.04000000000000000083, -0.5198684452770315767 ) ) ;
#4121 = CARTESIAN_POINT ( 'NONE',  ( 1.784879200717557124, 0.04000000000000000083, -0.5343142984488762348 ) ) ;
#4122 = EDGE_LOOP ( 'NONE', ( #5789, #4162, #5739, #2633 ) ) ;
#4123 = ADVANCED_FACE ( 'NONE', ( #3023 ), #1819, .T. ) ;
#4124 = PLANE ( 'NONE',  #3087 ) ;
#4125 = CARTESIAN_POINT ( 'NONE',  ( 1.691057947734114331, 0.04000000000000000083, -0.6236713845239659770 ) ) ;
#4126 = EDGE_CURVE ( 'NONE', #3355, #3457, #1809, .T. ) ;
#4127 = CARTESIAN_POINT ( 'NONE',  ( 0.8698121679576881204, 0.000000000000000000, -0.4896604978119677987 ) ) ;
#4128 = CARTESIAN_POINT ( 'NONE',  ( 1.972365034054905486, 0.000000000000000000, -0.7317089843750000933 ) ) ;
#4129 = CARTESIAN_POINT ( 'NONE',  ( 1.459595107145875037, 0.000000000000000000, -0.7194963355705181751 ) ) ;
#4130 = CARTESIAN_POINT ( 'NONE',  ( 2.003270906212587743, 0.000000000000000000, -0.7359727928301215139 ) ) ;
#4131 = ORIENTED_EDGE ( 'NONE', *, *, #1154, .F. ) ;
#4132 = VERTEX_POINT ( 'NONE', #813 ) ;
#4133 = CARTESIAN_POINT ( 'NONE',  ( 1.381421036947733327, 0.04000000000000000083, -0.7257794113598587948 ) ) ;
#4134 = CARTESIAN_POINT ( 'NONE',  ( 2.001571731730191317, 0.04000000000000000083, -0.6300410242652461079 ) ) ;
#4135 = B_SPLINE_CURVE_WITH_KNOTS ( 'NONE', 3,
 ( #4880, #964, #6306, #2321, #3318, #2356, #2816 ),
 .UNSPECIFIED., .F., .F.,
 ( 4, 1, 1, 1, 4 ),
 ( 0.000000000000000000, 0.2466395578083376561, 0.4949969674476933923, 0.7458445846746503127, 1.000000000000000000 ),
 .UNSPECIFIED. ) ;
#4136 = CARTESIAN_POINT ( 'NONE',  ( 1.967856238116828749, 0.000000000000000000, -0.5908602598766081737 ) ) ;
#4137 = CARTESIAN_POINT ( 'NONE',  ( 1.101837058032423711, 0.04000000000000000083, -0.7320828900431359809 ) ) ;
#4138 = EDGE_CURVE ( 'NONE', #6010, #5421, #3231, .T. ) ;
#4139 = B_SPLINE_SURFACE_WITH_KNOTS ( 'NONE', 3, 1, ( 
 ( #4538, #599 ),
 ( #3490, #4954 ),
 ( #5943, #1556 ),
 ( #5461, #3581 ),
 ( #3520, #5520 ),
 ( #1078, #4478 ),
 ( #3077, #2102 ),
 ( #4983, #5976 ),
 ( #5489, #567 ),
 ( #1139, #1616 ),
 ( #3105, #5012 ) ),
 .UNSPECIFIED., .F., .F., .F.,
 ( 4, 1, 1, 1, 1, 1, 1, 1, 4 ),
 ( 2, 2 ),
 ( 0.000000000000000000, 0.1395642491078828151, 0.2676158841578833436, 0.3871625851447760835, 0.5033746567004202532, 0.6189297495907163382, 0.7365412102021500207, 0.8613167564720007885, 1.000000000000000000 ),
 ( 0.000000000000000000, 1.000000000000000000 ),
 .UNSPECIFIED. ) ;
#4140 = ADVANCED_FACE ( 'NONE', ( #2659 ), #3154, .T. ) ;
#4141 = ORIENTED_EDGE ( 'NONE', *, *, #3628, .F. ) ;
#4142 = FACE_OUTER_BOUND ( 'NONE', #664, .T. ) ;
#4143 = CARTESIAN_POINT ( 'NONE',  ( 1.193054235405824004, 0.000000000000000000, -0.4978859496103228977 ) ) ;
#4144 = CARTESIAN_POINT ( 'NONE',  ( 1.661816482012886009, 0.000000000000000000, -0.5269625847838745880 ) ) ;
#4145 = CARTESIAN_POINT ( 'NONE',  ( 0.7463846647147023283, 0.000000000000000000, -0.7217315991900602468 ) ) ;
#4146 = CARTESIAN_POINT ( 'NONE',  ( 1.438803373186489321, 0.04000000000000000083, -0.7356877575278358838 ) ) ;
#4147 = ORIENTED_EDGE ( 'NONE', *, *, #4944, .T. ) ;
#4148 = DIRECTION ( 'NONE',  ( 0.000000000000000000, 0.000000000000000000, -1.000000000000000000 ) ) ;
#4149 = CARTESIAN_POINT ( 'NONE',  ( 0.6988641811770868184, 0.04000000000000000083, -0.5027176849446669538 ) ) ;
#4150 = ORIENTED_EDGE ( 'NONE', *, *, #3893, .T. ) ;
#4151 = FACE_OUTER_BOUND ( 'NONE', #5527, .T. ) ;
#4152 = CARTESIAN_POINT ( 'NONE',  ( 1.496241987179905752, 0.000000000000000000, -0.4893750000000001155 ) ) ;
#4153 = CARTESIAN_POINT ( 'NONE',  ( 1.808186265675640669, 0.04000000000000000083, -0.7347176547495120058 ) ) ;
#4154 = LINE ( 'NONE', #2263, #2537 ) ;
#4155 = CARTESIAN_POINT ( 'NONE',  ( 1.717106793559112665, 0.04000000000000000083, -0.5447731005710385599 ) ) ;
#4156 = CARTESIAN_POINT ( 'NONE',  ( 1.216824410802786138, 0.000000000000000000, -0.4894783444736948708 ) ) ;
#4157 = CARTESIAN_POINT ( 'NONE',  ( 1.664871923455722325, 0.04000000000000000083, -0.6150814801740419613 ) ) ;
#4158 = CARTESIAN_POINT ( 'NONE',  ( 1.838379791394499918, 0.04000000000000000083, -0.6187231248477531587 ) ) ;
#4159 = FACE_OUTER_BOUND ( 'NONE', #2592, .T. ) ;
#4160 = CARTESIAN_POINT ( 'NONE',  ( 2.097721635246173832, 0.000000000000000000, -0.4912065637766125370 ) ) ;
#4161 = CARTESIAN_POINT ( 'NONE',  ( 0.9946093181914842374, 0.000000000000000000, -0.7375105510891896143 ) ) ;
#4162 = ORIENTED_EDGE ( 'NONE', *, *, #5858, .F. ) ;
#4163 = ORIENTED_EDGE ( 'NONE', *, *, #5068, .F. ) ;
#4164 = CARTESIAN_POINT ( 'NONE',  ( 1.774979853927590057, 0.000000000000000000, -0.6104769995186635212 ) ) ;
#4165 = CARTESIAN_POINT ( 'NONE',  ( 1.979109395844689478, 0.04000000000000000083, -0.6579403409033010020 ) ) ;
#4166 = CARTESIAN_POINT ( 'NONE',  ( 1.976425237444370486, 0.000000000000000000, -0.5880286626417449147 ) ) ;
#4167 = DIRECTION ( 'NONE',  ( 0.000000000000000000, 0.000000000000000000, -1.000000000000000000 ) ) ;
#4168 = VECTOR ( 'NONE', #222, 39.37007874015748143 ) ;
#4169 = EDGE_CURVE ( 'NONE', #2262, #1480, #1598, .T. ) ;
#4170 = ORIENTED_EDGE ( 'NONE', *, *, #6051, .F. ) ;
#4171 = DIRECTION ( 'NONE',  ( 0.000000000000000000, 0.000000000000000000, -1.000000000000000000 ) ) ;
#4172 = CARTESIAN_POINT ( 'NONE',  ( 2.080408026208834471, 0.04000000000000000083, -0.4896555717446321454 ) ) ;
#4173 = CARTESIAN_POINT ( 'NONE',  ( 1.658308644130744192, 0.000000000000000000, -0.6027245569226415967 ) ) ;
#4174 = B_SPLINE_SURFACE_WITH_KNOTS ( 'NONE', 3, 1, ( 
 ( #5265, #761 ),
 ( #2213, #4795 ),
 ( #5772, #937 ),
 ( #4854, #4164 ),
 ( #874, #2737 ),
 ( #2852, #1213 ),
 ( #3175, #399 ),
 ( #1391, #6101 ),
 ( #5805, #3357 ),
 ( #5297, #906 ),
 ( #2884, #4823 ) ),
 .UNSPECIFIED., .F., .F., .F.,
 ( 4, 1, 1, 1, 1, 1, 1, 1, 4 ),
 ( 2, 2 ),
 ( 0.000000000000000000, 0.1249108283483912479, 0.2412637508857340130, 0.3578520569941244789, 0.4774295477735239768, 0.5999512735949174003, 0.7235590086772570872, 0.8556308261798988291, 1.000000000000000000 ),
 ( 0.000000000000000000, 1.000000000000000000 ),
 .UNSPECIFIED. ) ;
#4175 = CARTESIAN_POINT ( 'NONE',  ( 1.461404679769241488, 0.04000000000000000083, -0.7145777509405611960 ) ) ;
#4176 = EDGE_LOOP ( 'NONE', ( #3047, #2489, #4615, #2276 ) ) ;
#4177 = CARTESIAN_POINT ( 'NONE',  ( 0.6948872731656431379, 0.04000000000000000083, -0.7153414717591428662 ) ) ;
#4178 = VECTOR ( 'NONE', #5200, 39.37007874015748143 ) ;
#4179 = LINE ( 'NONE', #5222, #1902 ) ;
#4180 = ADVANCED_FACE ( 'NONE', ( #3898 ), #403, .F. ) ;
#4181 = DIRECTION ( 'NONE',  ( 0.000000000000000000, 0.000000000000000000, -1.000000000000000000 ) ) ;
#4182 = FACE_OUTER_BOUND ( 'NONE', #2014, .T. ) ;
#4183 = CARTESIAN_POINT ( 'NONE',  ( 1.860759227425130113, 0.04000000000000000083, -0.5226579468159356923 ) ) ;
#4184 = CARTESIAN_POINT ( 'NONE',  ( 0.6946794871799053528, 0.04000000000000000083, -0.7089062499999998490 ) ) ;
#4185 = CARTESIAN_POINT ( 'NONE',  ( 1.458525488838899875, 0.04000000000000000083, -0.5293639032030675873 ) ) ;
#4186 = LINE ( 'NONE', #5577, #1035 ) ;
#4187 = CARTESIAN_POINT ( 'NONE',  ( 1.776564252804905708, 0.000000000000000000, -0.6016308593750000488 ) ) ;
#4188 = DIRECTION ( 'NONE',  ( 1.000000000000000000, 0.000000000000000000, 0.000000000000000000 ) ) ;
#4189 = CARTESIAN_POINT ( 'NONE',  ( 1.773752465236892117, 0.04000000000000000083, -0.6955825106874353736 ) ) ;
#4190 = CARTESIAN_POINT ( 'NONE',  ( 0.9009294871799053972, 0.000000000000000000, -0.5198437500000000488 ) ) ;
#4191 = CARTESIAN_POINT ( 'NONE',  ( 1.713966596554905575, 0.04000000000000000083, -0.6598339843749999600 ) ) ;
#4192 = CARTESIAN_POINT ( 'NONE',  ( 2.016798627804905486, 0.000000000000000000, -0.7362499999999999600 ) ) ;
#4193 = ORIENTED_EDGE ( 'NONE', *, *, #1343, .F. ) ;
#4194 = VERTEX_POINT ( 'NONE', #3839 ) ;
#4195 = LINE ( 'NONE', #5652, #5710 ) ;
#4196 = CARTESIAN_POINT ( 'NONE',  ( 1.527352189719010322, 0.04000000000000000083, -0.5157819592465736624 ) ) ;
#4197 = ORIENTED_EDGE ( 'NONE', *, *, #2520, .F. ) ;
#4198 = LINE ( 'NONE', #1786, #6199 ) ;
#4199 = CARTESIAN_POINT ( 'NONE',  ( 1.230989168791269073, 0.04000000000000000083, -0.7305022709825920169 ) ) ;
#4200 = EDGE_CURVE ( 'NONE', #2506, #3587, #1364, .T. ) ;
#4201 = AXIS2_PLACEMENT_3D ( 'NONE', #5749, #1370, #2432 ) ;
#4202 = EDGE_CURVE ( 'NONE', #3309, #3405, #5568, .T. ) ;
#4203 = ORIENTED_EDGE ( 'NONE', *, *, #209, .T. ) ;
#4204 = CARTESIAN_POINT ( 'NONE',  ( 0.7463846647147023283, 0.000000000000000000, -0.7217315991900602468 ) ) ;
#4205 = EDGE_CURVE ( 'NONE', #5983, #3635, #3000, .T. ) ;
#4206 = CARTESIAN_POINT ( 'NONE',  ( 1.189534850723055648, 0.04000000000000000083, -0.5025771258101797700 ) ) ;
#4207 = CARTESIAN_POINT ( 'NONE',  ( 1.657217684161891968, 0.000000000000000000, -0.5934167419783636932 ) ) ;
#4208 = CARTESIAN_POINT ( 'NONE',  ( 2.017677534054905575, 0.04000000000000000083, -0.5831250000000000044 ) ) ;
#4209 = ORIENTED_EDGE ( 'NONE', *, *, #3697, .T. ) ;
#4210 = CARTESIAN_POINT ( 'NONE',  ( 1.241554487179905797, 0.04000000000000000083, -0.5214062499999999600 ) ) ;
#4211 = CARTESIAN_POINT ( 'NONE',  ( 0.7478044871799053306, 0.04000000000000000083, -0.7087109374999999156 ) ) ;
#4212 = CARTESIAN_POINT ( 'NONE',  ( 0.1250000000000000000, 0.1400000000000000133, -3.414809992080329023E-17 ) ) ;
#4213 = CARTESIAN_POINT ( 'NONE',  ( 1.666365687984099342, 0.04000000000000000083, -0.6656937951576626933 ) ) ;
#4214 = AXIS2_PLACEMENT_3D ( 'NONE', #3659, #140, #5596 ) ;
#4215 = FACE_OUTER_BOUND ( 'NONE', #105, .T. ) ;
#4216 = CARTESIAN_POINT ( 'NONE',  ( 1.881651661052698099, 0.04000000000000000083, -0.6770903126124550031 ) ) ;
#4217 = ORIENTED_EDGE ( 'NONE', *, *, #2048, .T. ) ;
#4218 = CARTESIAN_POINT ( 'NONE',  ( 1.766896284054905619, 0.04000000000000000083, -0.7393750000000000044 ) ) ;
#4219 = CARTESIAN_POINT ( 'NONE',  ( 1.824487736825889606, 0.04000000000000000083, -0.5593313761245476412 ) ) ;
#4220 = CARTESIAN_POINT ( 'NONE',  ( 1.241483348082478066, 0.000000000000000000, -0.5189743242880153762 ) ) ;
#4221 = LINE ( 'NONE', #2727, #2718 ) ;
#4222 = CARTESIAN_POINT ( 'NONE',  ( 1.771241987179905664, 0.04000000000000000083, -0.6956250000000000488 ) ) ;
#4223 = FACE_OUTER_BOUND ( 'NONE', #2862, .T. ) ;
#4224 = LINE ( 'NONE', #1303, #2793 ) ;
#4225 = CIRCLE ( 'NONE', #2591, 0.06425000000000000155 ) ;
#4226 = CARTESIAN_POINT ( 'NONE',  ( 1.131486889415794339, 0.04000000000000000083, -0.6902494895767093963 ) ) ;
#4227 = EDGE_LOOP ( 'NONE', ( #2665, #4421, #1697, #4234 ) ) ;
#4228 = EDGE_LOOP ( 'NONE', ( #1653, #5376, #4609, #2504, #967, #4959, #598, #1419 ) ) ;
#4229 = CARTESIAN_POINT ( 'NONE',  ( 1.522866706948486026, 0.04000000000000000083, -0.5045972091795551950 ) ) ;
#4230 = ORIENTED_EDGE ( 'NONE', *, *, #1378, .T. ) ;
#4231 = LINE ( 'NONE', #3653, #2115 ) ;
#4232 = DIRECTION ( 'NONE',  ( 0.000000000000000000, 1.000000000000000000, -0.000000000000000000 ) ) ;
#4233 = VECTOR ( 'NONE', #5808, 39.37007874015748854 ) ;
#4234 = ORIENTED_EDGE ( 'NONE', *, *, #1146, .T. ) ;
#4235 = CARTESIAN_POINT ( 'NONE',  ( 1.144923627804905752, 0.000000000000000000, -0.7362499999999999600 ) ) ;
#4236 = CARTESIAN_POINT ( 'NONE',  ( 0.8550660800290225128, 0.000000000000000000, -0.4975983446888450623 ) ) ;
#4237 = CARTESIAN_POINT ( 'NONE',  ( 1.657290006273648864, 0.000000000000000000, -0.5972788753130612305 ) ) ;
#4238 = CARTESIAN_POINT ( 'NONE',  ( 1.459595107145875037, 0.04000000000000000083, -0.7194963355705181751 ) ) ;
#4239 = LINE ( 'NONE', #6176, #1958 ) ;
#4240 = B_SPLINE_CURVE_WITH_KNOTS ( 'NONE', 3,
 ( #2395, #3292, #2331, #2824, #5774, #1936, #4313, #5333, #1363, #1393, #3325 ),
 .UNSPECIFIED., .F., .F.,
 ( 4, 1, 1, 1, 1, 1, 1, 1, 4 ),
 ( 0.000000000000000000, 0.1229088741204394375, 0.2364516494111389144, 0.3479825443924757788, 0.4617666234886313448, 0.5802917925316443126, 0.7062604613274525711, 0.8451898420971099002, 1.000000000000000000 ),
 .UNSPECIFIED. ) ;
#4241 = CARTESIAN_POINT ( 'NONE',  ( 2.113429487179905308, 0.04000000000000000083, -0.7037304687500000044 ) ) ;
#4242 = CARTESIAN_POINT ( 'NONE',  ( 1.072807442151357815, 0.04000000000000000083, -0.7167076236229926733 ) ) ;
#4243 = CARTESIAN_POINT ( 'NONE',  ( 1.613202667016747638, 0.04000000000000000083, -0.5128209222399751077 ) ) ;
#4244 = CARTESIAN_POINT ( 'NONE',  ( 1.783070922449353723, 0.000000000000000000, -0.4896599532753784789 ) ) ;
#4245 = CARTESIAN_POINT ( 'NONE',  ( 0.7166972805375858568, 0.04000000000000000083, -0.7390839934332873451 ) ) ;
#4246 = ORIENTED_EDGE ( 'NONE', *, *, #983, .F. ) ;
#4247 = CARTESIAN_POINT ( 'NONE',  ( 1.494777143429905530, 0.000000000000000000, -0.5737499999999999822 ) ) ;
#4248 = CARTESIAN_POINT ( 'NONE',  ( 1.526503262588267296, 0.04000000000000000083, -0.7083255533305482521 ) ) ;
#4249 = CARTESIAN_POINT ( 'NONE',  ( 1.406032779645482345, 0.000000000000000000, -0.4894693142053127000 ) ) ;
#4250 = CARTESIAN_POINT ( 'NONE',  ( 1.131395906212588676, 0.000000000000000000, -0.7359727928301216249 ) ) ;
#4251 = CARTESIAN_POINT ( 'NONE',  ( 1.833607059997175659, 0.000000000000000000, -0.6500644315707517773 ) ) ;
#4252 = DIRECTION ( 'NONE',  ( -1.000000000000000000, 0.000000000000000000, 0.000000000000000000 ) ) ;
#4253 = CARTESIAN_POINT ( 'NONE',  ( 2.086769330929905131, 0.000000000000000000, -0.4893750000000000044 ) ) ;
#4254 = CARTESIAN_POINT ( 'NONE',  ( 1.143422436579220269, 0.04000000000000000083, -0.6920102964326763084 ) ) ;
#4255 = ORIENTED_EDGE ( 'NONE', *, *, #681, .F. ) ;
#4256 = EDGE_LOOP ( 'NONE', ( #1267, #2149, #1346, #5654, #5020, #1918, #1488, #1085, #6111, #4822, #3875, #314, #1690, #5113, #1185, #4382, #5782, #1782 ) ) ;
#4257 = CARTESIAN_POINT ( 'NONE',  ( 1.734216351434068271, 0.04000000000000000083, -0.4923811934883015606 ) ) ;
#4258 = ORIENTED_EDGE ( 'NONE', *, *, #1852, .F. ) ;
#4259 = CARTESIAN_POINT ( 'NONE',  ( 2.013866381153823326, -0.000000000000000000, -0.5831681608761836166 ) ) ;
#4260 = CARTESIAN_POINT ( 'NONE',  ( 1.233233418246066027, 0.04000000000000000083, -0.7286887187873851701 ) ) ;
#4261 = CARTESIAN_POINT ( 'NONE',  ( 1.107179487179905886, 0.000000000000000000, -0.6598339843750001821 ) ) ;
#4262 = EDGE_CURVE ( 'NONE', #3367, #2412, #5492, .T. ) ;
#4263 = EDGE_LOOP ( 'NONE', ( #5275, #15, #3560, #1083, #1595, #3372, #407, #2962, #1212, #1979 ) ) ;
#4264 = CARTESIAN_POINT ( 'NONE',  ( 0.7248498183248278659, 0.000000000000000000, -0.7392897378189623447 ) ) ;
#4265 = CARTESIAN_POINT ( 'NONE',  ( 2.064929235405824404, 0.04000000000000000083, -0.4978859496103231752 ) ) ;
#4266 = VECTOR ( 'NONE', #3016, 39.37007874015748143 ) ;
#4267 = DIRECTION ( 'NONE',  ( -0.000000000000000000, -1.000000000000000000, -0.000000000000000000 ) ) ;
#4268 = CARTESIAN_POINT ( 'NONE',  ( 1.804396425349244382, 0.000000000000000000, -0.5411194729566484174 ) ) ;
#4269 = CARTESIAN_POINT ( 'NONE',  ( 1.214894330929905841, 0.04000000000000000083, -0.4893750000000000044 ) ) ;
#4270 = CARTESIAN_POINT ( 'NONE',  ( 1.710304487179905575, 0.000000000000000000, -0.5799999999999999600 ) ) ;
#4271 = CARTESIAN_POINT ( 'NONE',  ( 1.056211293975100052, 0.04000000000000000083, -0.6920564396778251526 ) ) ;
#4272 = CARTESIAN_POINT ( 'NONE',  ( 1.665900850217559626, 0.04000000000000000083, -0.6839488409616876208 ) ) ;
#4273 = CARTESIAN_POINT ( 'NONE',  ( 1.832073469489249540, 0.000000000000000000, -0.5024235809266067720 ) ) ;
#4274 = CARTESIAN_POINT ( 'NONE',  ( 0.7266619090549053528, 0.000000000000000000, -0.4893750000000000044 ) ) ;
#4275 = ORIENTED_EDGE ( 'NONE', *, *, #3476, .F. ) ;
#4276 = B_SPLINE_SURFACE_WITH_KNOTS ( 'NONE', 3, 1, ( 
 ( #3988, #1127 ),
 ( #1962, #111 ),
 ( #998, #5449 ),
 ( #2548, #144 ),
 ( #5932, #4495 ),
 ( #4461, #2092 ),
 ( #3038, #4052 ),
 ( #2061, #1477 ),
 ( #4430, #4999 ),
 ( #1066, #5507 ),
 ( #5992, #4940 ),
 ( #4911, #3446 ),
 ( #5386, #1543 ),
 ( #3094, #1605 ),
 ( #1508, #554 ) ),
 .UNSPECIFIED., .F., .F., .F.,
 ( 4, 1, 1, 1, 1, 1, 1, 1, 1, 1, 1, 1, 4 ),
 ( 2, 2 ),
 ( 0.000000000000000000, 0.1174015895797311526, 0.2200200149628016300, 0.3090989580098876255, 0.3851055460046563517, 0.4526885015523732791, 0.5158688681660508202, 0.5762142002903342108, 0.6371455783483166435, 0.7067072651947415851, 0.7900877326000482759, 0.8874825861711249653, 1.000000000000000000 ),
 ( 0.000000000000000000, 1.000000000000000000 ),
 .UNSPECIFIED. ) ;
#4277 = DIRECTION ( 'NONE',  ( 0.000000000000000000, -0.000000000000000000, -1.000000000000000000 ) ) ;
#4278 = B_SPLINE_CURVE_WITH_KNOTS ( 'NONE', 3,
 ( #4891, #2497, #3427, #1076, #5396, #1009, #3046, #2984, #4981, #597, #2953 ),
 .UNSPECIFIED., .F., .F.,
 ( 4, 1, 1, 1, 1, 1, 1, 1, 4 ),
 ( 0.000000000000000000, 0.1293235928071807261, 0.2472114869378300994, 0.3634275511446827811, 0.4836271207114492543, 0.6085420377595613939, 0.7362682684320625004, 0.8675229715430915478, 1.000000000000000000 ),
 .UNSPECIFIED. ) ;
#4279 = EDGE_CURVE ( 'NONE', #3387, #352, #3601, .T. ) ;
#4280 = CARTESIAN_POINT ( 'NONE',  ( 1.100490034054905752, 0.000000000000000000, -0.7317089843750000933 ) ) ;
#4281 = EDGE_CURVE ( 'NONE', #6234, #5680, #4916, .T. ) ;
#4282 = CARTESIAN_POINT ( 'NONE',  ( 0.1250000000000000000, 0.000000000000000000, -1.229999999999999982 ) ) ;
#4283 = CARTESIAN_POINT ( 'NONE',  ( 1.137121359965232115, 0.000000000000000000, -0.6912050257421651356 ) ) ;
#4284 = CARTESIAN_POINT ( 'NONE',  ( 0.7230486278049053084, 0.04000000000000000083, -0.7393750000000000044 ) ) ;
#4285 = DIRECTION ( 'NONE',  ( 1.000000000000000000, 0.000000000000000000, 0.000000000000000000 ) ) ;
#4286 = DIRECTION ( 'NONE',  ( 0.000000000000000000, 1.000000000000000000, 0.000000000000000000 ) ) ;
#4287 = ORIENTED_EDGE ( 'NONE', *, *, #4323, .F. ) ;
#4288 = ORIENTED_EDGE ( 'NONE', *, *, #2323, .T. ) ;
#4289 = DIRECTION ( 'NONE',  ( -0.000000000000000000, -1.000000000000000000, -0.000000000000000000 ) ) ;
#4290 = ADVANCED_FACE ( 'NONE', ( #2521 ), #4946, .T. ) ;
#4291 = ORIENTED_EDGE ( 'NONE', *, *, #1816, .F. ) ;
#4292 = CARTESIAN_POINT ( 'NONE',  ( 1.751759565304905619, 0.04000000000000000083, -0.6237500000000000266 ) ) ;
#4293 = CARTESIAN_POINT ( 'NONE',  ( 1.795121136997139821, 0.000000000000000000, -0.7374563110120658793 ) ) ;
#4294 = EDGE_CURVE ( 'NONE', #3236, #3531, #2553, .T. ) ;
#4295 = CARTESIAN_POINT ( 'NONE',  ( 1.157911909054905708, 0.000000000000000000, -0.6268749999999999600 ) ) ;
#4296 = CARTESIAN_POINT ( 'NONE',  ( 1.678201197137761280, 0.000000000000000000, -0.7052509260326546014 ) ) ;
#4297 = VECTOR ( 'NONE', #4991, 39.37007874015748143 ) ;
#4298 = ORIENTED_EDGE ( 'NONE', *, *, #1265, .T. ) ;
#4299 = CARTESIAN_POINT ( 'NONE',  ( 0.7463846647147023283, 0.04000000000000000083, -0.7217315991900602468 ) ) ;
#4300 = CARTESIAN_POINT ( 'NONE',  ( 0.8421573271858109333, 0.04000000000000000083, -0.7253841327795518268 ) ) ;
#4301 = CARTESIAN_POINT ( 'NONE',  ( 1.657179487179905930, 0.000000000000000000, -0.5913769531250000488 ) ) ;
#4302 = CARTESIAN_POINT ( 'NONE',  ( 1.815363405212180314, 0.000000000000000000, -0.5489212441863686731 ) ) ;
#4303 = VECTOR ( 'NONE', #1372, 39.37007874015748143 ) ;
#4304 = CARTESIAN_POINT ( 'NONE',  ( 1.681828174618588800, 0.000000000000000000, -0.6517141322442286944 ) ) ;
#4305 = LINE ( 'NONE', #296, #1521 ) ;
#4306 = DIRECTION ( 'NONE',  ( 0.000000000000000000, 0.000000000000000000, 1.000000000000000000 ) ) ;
#4307 = CARTESIAN_POINT ( 'NONE',  ( 1.678201197137761280, 0.04000000000000000083, -0.7052509260326546014 ) ) ;
#4308 = PLANE ( 'NONE',  #6233 ) ;
#4309 = CARTESIAN_POINT ( 'NONE',  ( 0.7393959099419196157, 0.04000000000000000083, -0.4912410258914117200 ) ) ;
#4310 = ORIENTED_EDGE ( 'NONE', *, *, #3279, .F. ) ;
#4311 = CARTESIAN_POINT ( 'NONE',  ( 1.386586445447966165, 0.04000000000000000083, -0.7303482480404905886 ) ) ;
#4312 = CARTESIAN_POINT ( 'NONE',  ( 1.092640483710597410, 0.000000000000000000, -0.7291341438346854442 ) ) ;
#4313 = CARTESIAN_POINT ( 'NONE',  ( 2.109560893904240508, 0.04000000000000000083, -0.5022764856182352355 ) ) ;
#4314 = CARTESIAN_POINT ( 'NONE',  ( 1.588527143429905530, 0.04000000000000000083, -0.4893750000000000044 ) ) ;
#4315 = CARTESIAN_POINT ( 'NONE',  ( 2.329999999999999627, 0.06250000000000000000, -1.054999999999999938 ) ) ;
#4316 = CARTESIAN_POINT ( 'NONE',  ( 1.979054487179905397, 0.04000000000000000083, -0.6598339843749999600 ) ) ;
#4317 = AXIS2_PLACEMENT_3D ( 'NONE', #1167, #3129, #2129 ) ;
#4318 = VECTOR ( 'NONE', #6060, 39.37007874015748143 ) ;
#4319 = DIRECTION ( 'NONE',  ( -0.000000000000000000, -0.000000000000000000, 1.000000000000000000 ) ) ;
#4320 = EDGE_CURVE ( 'NONE', #5669, #2094, #1142, .T. ) ;
#4321 = ORIENTED_EDGE ( 'NONE', *, *, #3529, .T. ) ;
#4322 = DIRECTION ( 'NONE',  ( 0.000000000000000000, 0.000000000000000000, -1.000000000000000000 ) ) ;
#4323 = EDGE_CURVE ( 'NONE', #348, #1628, #1101, .T. ) ;
#4324 = ORIENTED_EDGE ( 'NONE', *, *, #4581, .F. ) ;
#4325 = LINE ( 'NONE', #537, #3997 ) ;
#4326 = LINE ( 'NONE', #6229, #4572 ) ;
#4327 = CARTESIAN_POINT ( 'NONE',  ( 1.107179487179905886, 0.000000000000000000, -0.6598339843750001821 ) ) ;
#4328 = CARTESIAN_POINT ( 'NONE',  ( 1.463077998984859907, 0.000000000000000000, -0.7086071453434762413 ) ) ;
#4329 = ORIENTED_EDGE ( 'NONE', *, *, #4205, .T. ) ;
#4330 = DIRECTION ( 'NONE',  ( 0.000000000000000000, 0.000000000000000000, -1.000000000000000000 ) ) ;
#4331 = CARTESIAN_POINT ( 'NONE',  ( 1.145802534054905841, 0.04000000000000000083, -0.5831250000000000044 ) ) ;
#4332 = DIRECTION ( 'NONE',  ( 0.000000000000000000, 1.000000000000000000, 0.000000000000000000 ) ) ;
#4333 = B_SPLINE_SURFACE_WITH_KNOTS ( 'NONE', 3, 1, ( 
 ( #2278, #5656 ),
 ( #5150, #3654 ),
 ( #5211, #2769 ),
 ( #6107, #734 ),
 ( #1310, #2217 ),
 ( #2244, #3241 ),
 ( #5246, #2740 ) ),
 .UNSPECIFIED., .F., .F., .F.,
 ( 4, 1, 1, 1, 4 ),
 ( 2, 2 ),
 ( 0.000000000000000000, 0.2690630086932790932, 0.5190356294881083299, 0.7598120114060945562, 1.000000000000000000 ),
 ( 0.000000000000000000, 1.000000000000000000 ),
 .UNSPECIFIED. ) ;
#4334 = CARTESIAN_POINT ( 'NONE',  ( 1.804396425349244382, 0.04000000000000000083, -0.5411194729566484174 ) ) ;
#4335 = CARTESIAN_POINT ( 'NONE',  ( 0.9990819392866335802, 0.000000000000000000, -0.4939665818789647500 ) ) ;
#4336 = CARTESIAN_POINT ( 'NONE',  ( 1.214894330929905841, 0.04000000000000000083, -0.4893750000000000044 ) ) ;
#4337 = CARTESIAN_POINT ( 'NONE',  ( 1.995730721102108474, 0.04000000000000000083, -0.5842720217304788743 ) ) ;
#4338 = CARTESIAN_POINT ( 'NONE',  ( 1.766896284054905619, 0.04000000000000000083, -0.7393750000000000044 ) ) ;
#4339 = CARTESIAN_POINT ( 'NONE',  ( 1.894679487179905752, 0.000000000000000000, -0.6143750000000000044 ) ) ;
#4340 = CARTESIAN_POINT ( 'NONE',  ( 1.426857221554905575, 0.000000000000000000, -0.7362499999999999600 ) ) ;
#4341 = VERTEX_POINT ( 'NONE', #3041 ) ;
#4342 = VECTOR ( 'NONE', #503, 39.37007874015748143 ) ;
#4343 = CARTESIAN_POINT ( 'NONE',  ( 1.391183730908384097, 0.04000000000000000083, -0.7327621706631577414 ) ) ;
#4344 = CARTESIAN_POINT ( 'NONE',  ( 2.016798627804905486, 0.04000000000000000083, -0.7362499999999999600 ) ) ;
#4345 = CARTESIAN_POINT ( 'NONE',  ( 1.580519330929905486, 0.000000000000000000, -0.7362499999999999600 ) ) ;
#4346 = CARTESIAN_POINT ( 'NONE',  ( 1.772884450528833034, 0.000000000000000000, -0.6143659011276845217 ) ) ;
#4347 = LINE ( 'NONE', #878, #2270 ) ;
#4348 = CARTESIAN_POINT ( 'NONE',  ( 1.240462753909512106, 0.000000000000000000, -0.7152455378057739344 ) ) ;
#4349 = CARTESIAN_POINT ( 'NONE',  ( 1.137121359965232115, 0.04000000000000000083, -0.6912050257421651356 ) ) ;
#4350 = ORIENTED_EDGE ( 'NONE', *, *, #1541, .F. ) ;
#4351 = FACE_OUTER_BOUND ( 'NONE', #204, .T. ) ;
#4352 = ORIENTED_EDGE ( 'NONE', *, *, #4980, .T. ) ;
#4353 = CARTESIAN_POINT ( 'NONE',  ( 1.776334354212897537, 0.04000000000000000083, -0.6061951555971232253 ) ) ;
#4354 = CARTESIAN_POINT ( 'NONE',  ( 0.9839861278049059079, 0.000000000000000000, -0.4893750000000001155 ) ) ;
#4355 = CARTESIAN_POINT ( 'NONE',  ( 1.142422921151178938, 0.04000000000000000083, -0.6276072213740757633 ) ) ;
#4356 = LINE ( 'NONE', #6266, #2128 ) ;
#4357 = ORIENTED_EDGE ( 'NONE', *, *, #6110, .T. ) ;
#4358 = ORIENTED_EDGE ( 'NONE', *, *, #3228, .F. ) ;
#4359 = B_SPLINE_CURVE_WITH_KNOTS ( 'NONE', 3,
 ( #2751, #4691, #2259, #4213, #6150, #5666, #1769, #1415, #4786, #5226, #3414 ),
 .UNSPECIFIED., .F., .F.,
 ( 4, 1, 1, 1, 1, 1, 1, 1, 4 ),
 ( 0.000000000000000000, 0.1083625427723342444, 0.2179321617883494544, 0.3333712092284985551, 0.4596966744870134569, 0.5901616249011426563, 0.7207242691456540173, 0.8558783121450039832, 1.000000000000000000 ),
 .UNSPECIFIED. ) ;
#4360 = CARTESIAN_POINT ( 'NONE',  ( 0.2000000000000000111, 0.07499999999999999722, -0.4899999999999999911 ) ) ;
#4361 = CARTESIAN_POINT ( 'NONE',  ( 0.8311052684299053972, 0.000000000000000000, -0.7079785156249999156 ) ) ;
#4362 = EDGE_CURVE ( 'NONE', #3011, #3367, #3070, .T. ) ;
#4363 = CARTESIAN_POINT ( 'NONE',  ( 1.590294150816323748, -0.000000000000000000, -0.4894676275273492916 ) ) ;
#4364 = CARTESIAN_POINT ( 'NONE',  ( 0.2000000000000000111, 0.000000000000000000, -0.4899999999999999911 ) ) ;
#4365 = CARTESIAN_POINT ( 'NONE',  ( 0.8746523298013867409, 0.000000000000000000, -0.7391549325012293226 ) ) ;
#4366 = PLANE ( 'NONE',  #4519 ) ;
#4367 = CARTESIAN_POINT ( 'NONE',  ( 1.931919030121990399, 0.04000000000000000083, -0.6209116725288940097 ) ) ;
#4368 = CARTESIAN_POINT ( 'NONE',  ( 1.762758600844492651, 0.04000000000000000083, -0.7392921514118790949 ) ) ;
#4369 = CARTESIAN_POINT ( 'NONE',  ( 1.886116638024798453, 0.000000000000000000, -0.5625483926388011868 ) ) ;
#4370 = CARTESIAN_POINT ( 'NONE',  ( 1.375929487179905486, 0.000000000000000000, -0.7068066406249999822 ) ) ;
#4371 = ORIENTED_EDGE ( 'NONE', *, *, #5129, .T. ) ;
#4372 = ADVANCED_FACE ( 'NONE', ( #1513 ), #839, .T. ) ;
#4373 = CARTESIAN_POINT ( 'NONE',  ( 2.086769330929905131, 0.04000000000000000083, -0.4893750000000000044 ) ) ;
#4374 = DIRECTION ( 'NONE',  ( -0.000000000000000000, -1.000000000000000000, -0.000000000000000000 ) ) ;
#4375 = CARTESIAN_POINT ( 'NONE',  ( 1.122327413818216213, 0.000000000000000000, -0.6872853059217891580 ) ) ;
#4376 =( CONVERSION_BASED_UNIT ( 'INCH', #3013 ) LENGTH_UNIT ( ) NAMED_UNIT ( #1385 ) );
#4377 = CARTESIAN_POINT ( 'NONE',  ( 1.235236404935127430, 0.04000000000000000083, -0.7266000665955246740 ) ) ;
#4378 = CARTESIAN_POINT ( 'NONE',  ( 1.241483348082478066, -0.000000000000000000, -0.5189743242880153762 ) ) ;
#4379 = VERTEX_POINT ( 'NONE', #6026 ) ;
#4380 = VECTOR ( 'NONE', #5901, 39.37007874015748143 ) ;
#4381 = CARTESIAN_POINT ( 'NONE',  ( 1.241483348082478066, 0.04000000000000000083, -0.5189743242880153762 ) ) ;
#4382 = ORIENTED_EDGE ( 'NONE', *, *, #5833, .T. ) ;
#4383 = CARTESIAN_POINT ( 'NONE',  ( 1.387152977514224839, 0.04000000000000000083, -0.4938059999865766492 ) ) ;
#4384 = CARTESIAN_POINT ( 'NONE',  ( 0.000000000000000000, 0.1400000000000000133, -0.1250000000000000278 ) ) ;
#4385 = CARTESIAN_POINT ( 'NONE',  ( 1.703399162339077844, 0.000000000000000000, -0.7251547768737167665 ) ) ;
#4386 = CARTESIAN_POINT ( 'NONE',  ( 1.081051659418518884, 0.04000000000000000083, -0.5984973928187043990 ) ) ;
#4387 = CARTESIAN_POINT ( 'NONE',  ( 0.8478044871799053084, 0.04000000000000000083, -0.5198437500000000488 ) ) ;
#4388 = ORIENTED_EDGE ( 'NONE', *, *, #137, .T. ) ;
#4389 = CARTESIAN_POINT ( 'NONE',  ( 0.8591040579150183154, 0.000000000000000000, -0.7378883234517279455 ) ) ;
#4390 = FACE_OUTER_BOUND ( 'NONE', #4176, .T. ) ;
#4391 = CARTESIAN_POINT ( 'NONE',  ( 1.657179487179905708, 0.000000000000000000, -0.5913769531250000488 ) ) ;
#4392 = CARTESIAN_POINT ( 'NONE',  ( 1.810088710735638928, 0.000000000000000000, -0.5446912955164561199 ) ) ;
#4393 = DIRECTION ( 'NONE',  ( -0.000000000000000000, -1.000000000000000000, -0.000000000000000000 ) ) ;
#4394 = EDGE_CURVE ( 'NONE', #2143, #5788, #4498, .T. ) ;
#4395 = CARTESIAN_POINT ( 'NONE',  ( 2.106366485694179946, 0.04000000000000000083, -0.4975879760096892923 ) ) ;
#4396 = CARTESIAN_POINT ( 'NONE',  ( 0.1250000000000000000, 0.1400000000000000133, -3.414809992080329023E-17 ) ) ;
#4397 = CARTESIAN_POINT ( 'NONE',  ( 2.007564165549411861, 0.000000000000000000, -0.6285930086686676299 ) ) ;
#4398 = CARTESIAN_POINT ( 'NONE',  ( 1.703399162339077844, 0.04000000000000000083, -0.7251547768737167665 ) ) ;
#4399 = CARTESIAN_POINT ( 'NONE',  ( 1.892691377180733658, 0.04000000000000000083, -0.5872266457023426200 ) ) ;
#4400 = DIRECTION ( 'NONE',  ( -0.000000000000000000, -1.000000000000000000, -0.000000000000000000 ) ) ;
#4401 = ORIENTED_EDGE ( 'NONE', *, *, #1766, .T. ) ;
#4402 = VECTOR ( 'NONE', #3336, 39.37007874015748143 ) ;
#4403 = CARTESIAN_POINT ( 'NONE',  ( 1.768716956861621004, -0.000000000000000000, -0.6955688596395961376 ) ) ;
#4404 = EDGE_CURVE ( 'NONE', #1116, #2506, #5038, .T. ) ;
#4405 = CARTESIAN_POINT ( 'NONE',  ( 1.776485828945926215, -0.000000000000000000, -0.6031878490030767592 ) ) ;
#4406 =( NAMED_UNIT ( * ) PLANE_ANGLE_UNIT ( ) SI_UNIT ( $, .RADIAN. ) );
#4407 = EDGE_CURVE ( 'NONE', #3572, #612, #5391, .T. ) ;
#4408 = CARTESIAN_POINT ( 'NONE',  ( 1.225653139869469443, 0.04000000000000000083, -0.7333496907531326103 ) ) ;
#4409 = CARTESIAN_POINT ( 'NONE',  ( 1.666396295937958794, 0.000000000000000000, -0.5218875421156071726 ) ) ;
#4410 = ORIENTED_EDGE ( 'NONE', *, *, #6303, .F. ) ;
#4411 = CARTESIAN_POINT ( 'NONE',  ( 0.8986376333861287868, 0.04000000000000000083, -0.7196902923623984538 ) ) ;
#4412 = VERTEX_POINT ( 'NONE', #5132 ) ;
#4413 = CARTESIAN_POINT ( 'NONE',  ( 2.108803341666530162, 0.000000000000000000, -0.7242062594868183822 ) ) ;
#4414 = PLANE ( 'NONE',  #3760 ) ;
#4415 = VECTOR ( 'NONE', #3081, 39.37007874015748143 ) ;
#4416 = LINE ( 'NONE', #5310, #894 ) ;
#4417 = CARTESIAN_POINT ( 'NONE',  ( 1.582290012972215942, 0.000000000000000000, -0.4896745418457100762 ) ) ;
#4418 = DIRECTION ( 'NONE',  ( 0.000000000000000000, 0.000000000000000000, 1.000000000000000000 ) ) ;
#4419 = EDGE_LOOP ( 'NONE', ( #4410, #4170, #3399, #3812 ) ) ;
#4420 = VERTEX_POINT ( 'NONE', #300 ) ;
#4421 = ORIENTED_EDGE ( 'NONE', *, *, #2487, .F. ) ;
#4422 = CARTESIAN_POINT ( 'NONE',  ( 0.9540544871799059301, 0.000000000000000000, -0.7072949218750000933 ) ) ;
#4423 = CARTESIAN_POINT ( 'NONE',  ( 0.8351230133880261919, 0.000000000000000000, -0.7143722516419394042 ) ) ;
#4424 = CARTESIAN_POINT ( 'NONE',  ( 1.979054487179905397, 0.04000000000000000083, -0.6598339843749999600 ) ) ;
#4425 = CARTESIAN_POINT ( 'NONE',  ( 1.745283156712634565, 0.04000000000000000083, -0.6912848327287646200 ) ) ;
#4426 = CARTESIAN_POINT ( 'NONE',  ( 0.8906855878890969080, 0.000000000000000000, -0.7316341506825990715 ) ) ;
#4427 = DIRECTION ( 'NONE',  ( 0.000000000000000000, -1.000000000000000000, 0.000000000000000000 ) ) ;
#4428 = CARTESIAN_POINT ( 'NONE',  ( 1.613404943642253286, 0.04000000000000000083, -0.7081754898437299106 ) ) ;
#4429 = CARTESIAN_POINT ( 'NONE',  ( 1.979109395844689478, 0.04000000000000000083, -0.6579403409033010020 ) ) ;
#4430 = CARTESIAN_POINT ( 'NONE',  ( 1.533394957509973899, 0.04000000000000000083, -0.7262016775290135451 ) ) ;
#4431 = CARTESIAN_POINT ( 'NONE',  ( 1.889985985152423664, 0.000000000000000000, -0.5745310507535678068 ) ) ;
#4432 = DIRECTION ( 'NONE',  ( 0.000000000000000000, 1.000000000000000000, 0.000000000000000000 ) ) ;
#4433 = ORIENTED_EDGE ( 'NONE', *, *, #6300, .T. ) ;
#4434 = EDGE_CURVE ( 'NONE', #1149, #1757, #913, .T. ) ;
#4435 = CARTESIAN_POINT ( 'NONE',  ( 0.9582350277136064687, 0.04000000000000000083, -0.7261417824543621169 ) ) ;
#4436 = CARTESIAN_POINT ( 'NONE',  ( 0.9540544871799059301, 0.04000000000000000083, -0.5216015625000000044 ) ) ;
#4437 = CARTESIAN_POINT ( 'NONE',  ( 1.241468419633695586, 0.04000000000000000083, -0.7077921830871947151 ) ) ;
#4438 = DIRECTION ( 'NONE',  ( -0.000000000000000000, -1.000000000000000000, -0.000000000000000000 ) ) ;
#4439 = VERTEX_POINT ( 'NONE', #5571 ) ;
#4440 = CARTESIAN_POINT ( 'NONE',  ( 0.9774285247949268118, 0.04000000000000000083, -0.4896414070140062136 ) ) ;
#4441 = ORIENTED_EDGE ( 'NONE', *, *, #2185, .T. ) ;
#4442 = CARTESIAN_POINT ( 'NONE',  ( 1.464894330929905619, 0.04000000000000000083, -0.7020214843750001155 ) ) ;
#4443 = DIRECTION ( 'NONE',  ( -0.000000000000000000, -1.000000000000000000, -0.000000000000000000 ) ) ;
#4444 = LINE ( 'NONE', #1113, #1103 ) ;
#4445 = CARTESIAN_POINT ( 'NONE',  ( 1.074656226345996446, 0.000000000000000000, -0.6032118762582028282 ) ) ;
#4446 = CARTESIAN_POINT ( 'NONE',  ( 2.029786909054905220, 0.000000000000000000, -0.6925000000000000044 ) ) ;
#4447 = ORIENTED_EDGE ( 'NONE', *, *, #2203, .F. ) ;
#4448 = ORIENTED_EDGE ( 'NONE', *, *, #1154, .T. ) ;
#4449 = CARTESIAN_POINT ( 'NONE',  ( 2.029786909054905220, 0.04000000000000000083, -0.6268749999999999600 ) ) ;
#4450 = CARTESIAN_POINT ( 'NONE',  ( 1.478404088627531143, 0.000000000000000000, -0.4930660046446770362 ) ) ;
#4451 = CARTESIAN_POINT ( 'NONE',  ( 1.613202667016747638, 0.04000000000000000083, -0.5128209222399751077 ) ) ;
#4452 = ADVANCED_FACE ( 'NONE', ( #4151 ), #2160, .T. ) ;
#4453 = ADVANCED_FACE ( 'NONE', ( #683 ), #5591, .T. ) ;
#4454 = CARTESIAN_POINT ( 'NONE',  ( 1.003085492958266656, 0.04000000000000000083, -0.4976146864655981439 ) ) ;
#4455 = CARTESIAN_POINT ( 'NONE',  ( 0.8975919255271859187, 0.000000000000000000, -0.7222966303625634188 ) ) ;
#4456 = CARTESIAN_POINT ( 'NONE',  ( 0.8981951121799053306, 0.04000000000000000083, -0.7209667968749999822 ) ) ;
#4457 = PLANE ( 'NONE',  #2271 ) ;
#4458 = CARTESIAN_POINT ( 'NONE',  ( 1.724106526501848036, 0.000000000000000000, -0.5419057985329381877 ) ) ;
#4459 = CARTESIAN_POINT ( 'NONE',  ( 1.429054487179905575, 0.000000000000000000, -0.5196484375000000044 ) ) ;
#4460 = ADVANCED_FACE ( 'NONE', ( #4182 ), #6120, .T. ) ;
#4461 = CARTESIAN_POINT ( 'NONE',  ( 1.542791287405409717, 0.04000000000000000083, -0.7332006196461090530 ) ) ;
#4462 = CARTESIAN_POINT ( 'NONE',  ( 1.750779356921252639, 0.04000000000000000083, -0.6932570329004636989 ) ) ;
#4463 = CARTESIAN_POINT ( 'NONE',  ( 0.9008519069861026241, 0.04000000000000000083, -0.5175423311753131195 ) ) ;
#4464 = B_SPLINE_CURVE_WITH_KNOTS ( 'NONE', 3,
 ( #1882, #1910, #6289, #4739, #2831, #4770, #4257, #2861, #5717, #5338, #439 ),
 .UNSPECIFIED., .F., .F.,
 ( 4, 1, 1, 1, 1, 1, 1, 1, 4 ),
 ( 0.000000000000000000, 0.1292762757122593031, 0.2549421511798584672, 0.3773445022293860918, 0.4965462753555073827, 0.6164033901152238260, 0.7399491348754002606, 0.8678354194808639566, 1.000000000000000000 ),
 .UNSPECIFIED. ) ;
#4465 = ORIENTED_EDGE ( 'NONE', *, *, #4656, .T. ) ;
#4466 = VECTOR ( 'NONE', #3998, 39.37007874015748143 ) ;
#4467 = CARTESIAN_POINT ( 'NONE',  ( 1.734216351434068271, 0.04000000000000000083, -0.4923811934883015606 ) ) ;
#4468 = EDGE_CURVE ( 'NONE', #3530, #26, #4359, .T. ) ;
#4469 = CARTESIAN_POINT ( 'NONE',  ( 1.531593549679905575, 0.04000000000000000083, -0.5353710937500000266 ) ) ;
#4470 = CARTESIAN_POINT ( 'NONE',  ( 2.113343419633694875, 0.04000000000000000083, -0.7077921830871947151 ) ) ;
#4471 = B_SPLINE_SURFACE_WITH_KNOTS ( 'NONE', 3, 1, ( 
 ( #391, #2352 ),
 ( #897, #5765 ),
 ( #6239, #1864 ),
 ( #1383, #5286 ),
 ( #2384, #4335 ),
 ( #6274, #1059 ),
 ( #961, #4907 ),
 ( #4098, #3919 ),
 ( #72, #4876 ),
 ( #5891, #5381 ),
 ( #2938, #6 ) ),
 .UNSPECIFIED., .F., .F., .F.,
 ( 4, 1, 1, 1, 1, 1, 1, 1, 4 ),
 ( 2, 2 ),
 ( 0.000000000000000000, 0.1182764693417158869, 0.2293361993440335977, 0.3395720181782663771, 0.4538680160291304055, 0.5741236693671500912, 0.7016203289588394121, 0.8424135457246765268, 1.000000000000000000 ),
 ( 0.000000000000000000, 1.000000000000000000 ),
 .UNSPECIFIED. ) ;
#4472 = CARTESIAN_POINT ( 'NONE',  ( 1.010118819068422269, 0.000000000000000000, -0.7144299674326135552 ) ) ;
#4473 = EDGE_CURVE ( 'NONE', #4058, #5205, #5496, .T. ) ;
#4474 = EDGE_LOOP ( 'NONE', ( #3301, #821, #5935, #694 ) ) ;
#4475 = EDGE_CURVE ( 'NONE', #4379, #2215, #5356, .T. ) ;
#4476 = CARTESIAN_POINT ( 'NONE',  ( 1.050929487179905975, 0.04000000000000000083, -0.6608593750000001377 ) ) ;
#4477 = ORIENTED_EDGE ( 'NONE', *, *, #1195, .F. ) ;
#4478 = CARTESIAN_POINT ( 'NONE',  ( 1.383044063519956790, 0.000000000000000000, -0.4975010437442897171 ) ) ;
#4479 = CARTESIAN_POINT ( 'NONE',  ( 0.9582350277136064687, 0.000000000000000000, -0.7261417824543621169 ) ) ;
#4480 = CARTESIAN_POINT ( 'NONE',  ( 0.9542919257015421985, 0.04000000000000000083, -0.5147207550859113079 ) ) ;
#4481 = CARTESIAN_POINT ( 'NONE',  ( 1.113822422333190509, 0.000000000000000000, -0.5857795907696653481 ) ) ;
#4482 = CARTESIAN_POINT ( 'NONE',  ( 1.925673690198496102, 0.04000000000000000083, -0.6847626957698803585 ) ) ;
#4483 = AXIS2_PLACEMENT_3D ( 'NONE', #4956, #1047, #3556 ) ;
#4484 = EDGE_CURVE ( 'NONE', #1520, #1149, #3861, .T. ) ;
#4485 = ORIENTED_EDGE ( 'NONE', *, *, #2578, .F. ) ;
#4486 = VERTEX_POINT ( 'NONE', #394 ) ;
#4487 = CARTESIAN_POINT ( 'NONE',  ( 2.097528139869468955, 0.000000000000000000, -0.7333496907531327214 ) ) ;
#4488 = CARTESIAN_POINT ( 'NONE',  ( 1.798645790280699375, 0.000000000000000000, -0.6907216911062845632 ) ) ;
#4489 = CARTESIAN_POINT ( 'NONE',  ( 0.7241447959337304896, 0.04000000000000000083, -0.4894625474206326099 ) ) ;
#4490 = CARTESIAN_POINT ( 'NONE',  ( 1.736104624238639760, 0.000000000000000000, -0.6862385073715552286 ) ) ;
#4491 = VERTEX_POINT ( 'NONE', #2941 ) ;
#4492 = FACE_OUTER_BOUND ( 'NONE', #4737, .T. ) ;
#4493 = CARTESIAN_POINT ( 'NONE',  ( 1.710304487179905575, 0.04000000000000000083, -0.5480664062500000266 ) ) ;
#4494 = CARTESIAN_POINT ( 'NONE',  ( 1.050990762372156828, 0.000000000000000000, -0.6636299963044934858 ) ) ;
#4495 = CARTESIAN_POINT ( 'NONE',  ( 1.547304550103224097, 0.000000000000000000, -0.7346194713301407164 ) ) ;
#4496 = FACE_OUTER_BOUND ( 'NONE', #99, .T. ) ;
#4497 = ORIENTED_EDGE ( 'NONE', *, *, #5673, .T. ) ;
#4498 = LINE ( 'NONE', #651, #2339 ) ;
#4499 = DIRECTION ( 'NONE',  ( 0.000000000000000000, 0.000000000000000000, -1.000000000000000000 ) ) ;
#4500 = LINE ( 'NONE', #1614, #4112 ) ;
#4501 = VECTOR ( 'NONE', #5242, 39.37007874015748143 ) ;
#4502 = CARTESIAN_POINT ( 'NONE',  ( 1.003152008026783282, 0.000000000000000000, -0.7312250803505266905 ) ) ;
#4503 = ORIENTED_EDGE ( 'NONE', *, *, #137, .F. ) ;
#4504 = DIRECTION ( 'NONE',  ( -0.000000000000000000, -1.000000000000000000, -0.000000000000000000 ) ) ;
#4505 = VERTEX_POINT ( 'NONE', #835 ) ;
#4506 = CARTESIAN_POINT ( 'NONE',  ( 1.185304487179905886, 0.000000000000000000, -0.6925000000000000044 ) ) ;
#4507 = LINE ( 'NONE', #2594, #4646 ) ;
#4508 = CARTESIAN_POINT ( 'NONE',  ( 0.9713539534111289564, 0.04000000000000000083, -0.4912763834839860011 ) ) ;
#4509 = CARTESIAN_POINT ( 'NONE',  ( 1.056748798460251715, 0.000000000000000000, -0.6279117520509200912 ) ) ;
#4510 = CARTESIAN_POINT ( 'NONE',  ( 1.957212064746079117, 0.000000000000000000, -0.7256772953896105660 ) ) ;
#4511 = EDGE_CURVE ( 'NONE', #26, #6010, #4135, .T. ) ;
#4512 = VERTEX_POINT ( 'NONE', #3890 ) ;
#4513 = ADVANCED_FACE ( 'NONE', ( #1446 ), #2877, .F. ) ;
#4514 = EDGE_LOOP ( 'NONE', ( #337, #442, #4358, #2551 ) ) ;
#4515 = ORIENTED_EDGE ( 'NONE', *, *, #1450, .T. ) ;
#4516 = CARTESIAN_POINT ( 'NONE',  ( 0.1250000000000000000, 0.1400000000000000133, -1.229999999999999982 ) ) ;
#4517 = CARTESIAN_POINT ( 'NONE',  ( 1.560376766784887570, 0.04000000000000000083, -0.5174596313471864217 ) ) ;
#4518 = FACE_OUTER_BOUND ( 'NONE', #4097, .T. ) ;
#4519 = AXIS2_PLACEMENT_3D ( 'NONE', #6304, #4996, #5091 ) ;
#4520 = EDGE_CURVE ( 'NONE', #1480, #3530, #1525, .T. ) ;
#4521 = CARTESIAN_POINT ( 'NONE',  ( 1.728900917347253152, 0.000000000000000000, -0.6799757533355104133 ) ) ;
#4522 = VERTEX_POINT ( 'NONE', #5258 ) ;
#4523 = CARTESIAN_POINT ( 'NONE',  ( 2.086769330929905131, 0.000000000000000000, -0.4893750000000000044 ) ) ;
#4524 = DIRECTION ( 'NONE',  ( 1.000000000000000000, 0.000000000000000000, 0.000000000000000000 ) ) ;
#4525 = CYLINDRICAL_SURFACE ( 'NONE', #1229, 0.06425000000000000155 ) ;
#4526 = FACE_OUTER_BOUND ( 'NONE', #3331, .T. ) ;
#4527 = LENGTH_MEASURE_WITH_UNIT ( LENGTH_MEASURE( 0.02539999999999999897 ), #6023 );
#4528 = CARTESIAN_POINT ( 'NONE',  ( 0.8862177752544848630, 0.000000000000000000, -0.4911911030535148215 ) ) ;
#4529 = VECTOR ( 'NONE', #2473, 39.37007874015748143 ) ;
#4530 = EDGE_LOOP ( 'NONE', ( #3781, #5328, #5619, #1497, #5495, #3966, #1933, #3586, #760, #2441 ) ) ;
#4531 = EDGE_LOOP ( 'NONE', ( #467, #6227, #3083, #1468 ) ) ;
#4532 = CARTESIAN_POINT ( 'NONE',  ( 1.757303321649497541, 0.000000000000000000, -0.4895486222519863095 ) ) ;
#4533 = DIRECTION ( 'NONE',  ( 0.000000000000000000, 0.000000000000000000, -1.000000000000000000 ) ) ;
#4534 = CARTESIAN_POINT ( 'NONE',  ( 2.080797318698867748, 0.04000000000000000083, -0.7362422922750070375 ) ) ;
#4535 = STYLED_ITEM ( 'NONE', ( #3869 ), #5952 ) ;
#4536 = LINE ( 'NONE', #4979, #5894 ) ;
#4537 = ORIENTED_EDGE ( 'NONE', *, *, #3619, .T. ) ;
#4538 = CARTESIAN_POINT ( 'NONE',  ( 1.375929487179905486, 0.04000000000000000083, -0.5195996093750000488 ) ) ;
#4539 = CARTESIAN_POINT ( 'NONE',  ( 2.057179487179905397, 0.04000000000000000083, -0.6925000000000000044 ) ) ;
#4540 = CARTESIAN_POINT ( 'NONE',  ( 0.9660916658251496036, 0.000000000000000000, -0.4940636039383386469 ) ) ;
#4541 = DIRECTION ( 'NONE',  ( -0.1910251177206492290, 0.000000000000000000, -0.9815851488280638026 ) ) ;
#4542 = CARTESIAN_POINT ( 'NONE',  ( 1.379717071670105266, 0.000000000000000000, -0.7233376626297155498 ) ) ;
#4543 = ORIENTED_EDGE ( 'NONE', *, *, #4944, .F. ) ;
#4544 = ORIENTED_EDGE ( 'NONE', *, *, #2122, .T. ) ;
#4545 = ORIENTED_EDGE ( 'NONE', *, *, #2046, .T. ) ;
#4546 = CARTESIAN_POINT ( 'NONE',  ( 1.185382510028260228, -0.000000000000000000, -0.5186778385476670250 ) ) ;
#4547 = CARTESIAN_POINT ( 'NONE',  ( 1.582290012972215942, 0.000000000000000000, -0.4896745418457100762 ) ) ;
#4548 = CARTESIAN_POINT ( 'NONE',  ( 0.7070973242328877362, 0.04000000000000000083, -0.4938955433169965881 ) ) ;
#4549 = ORIENTED_EDGE ( 'NONE', *, *, #632, .F. ) ;
#4550 = DIRECTION ( 'NONE',  ( -0.000000000000000000, -1.000000000000000000, -0.000000000000000000 ) ) ;
#4551 = EDGE_CURVE ( 'NONE', #5481, #6136, #5271, .T. ) ;
#4552 = CARTESIAN_POINT ( 'NONE',  ( 1.111814106504815935, 0.000000000000000000, -0.6783564305222392621 ) ) ;
#4553 = CARTESIAN_POINT ( 'NONE',  ( 1.657179487179905708, 0.000000000000000000, -0.5469433593750000488 ) ) ;
#4554 = CARTESIAN_POINT ( 'NONE',  ( 1.754690887052041459, 0.000000000000000000, -0.7391306120520303446 ) ) ;
#4555 = CARTESIAN_POINT ( 'NONE',  ( 0.7412875443072729498, 0.04000000000000000083, -0.7315630477927050901 ) ) ;
#4556 = CARTESIAN_POINT ( 'NONE',  ( 2.229999999999999094, 0.06250000000000000000, -0.1750000000000000444 ) ) ;
#4557 = ORIENTED_EDGE ( 'NONE', *, *, #2251, .F. ) ;
#4558 = CARTESIAN_POINT ( 'NONE',  ( 0.9008891810162703573, 0.04000000000000000083, -0.7072611830166861679 ) ) ;
#4559 = B_SPLINE_CURVE_WITH_KNOTS ( 'NONE', 3,
 ( #2839, #102, #5470, #5530, #1659, #609, #2053, #6044, #3980, #5985, #4450, #6015, #3533, #5024, #1599 ),
 .UNSPECIFIED., .F., .F.,
 ( 4, 1, 1, 1, 1, 1, 1, 1, 1, 1, 1, 1, 4 ),
 ( 0.000000000000000000, 0.1034052082864633099, 0.1942621505951396821, 0.2740690385957843533, 0.3420949973771597041, 0.4058894925794381825, 0.4739550307434834409, 0.5465684191698734207, 0.6247960913698367147, 0.7080746101722659169, 0.7957400007157737765, 0.8922413854497031060, 0.9999999999999998890 ),
 .UNSPECIFIED. ) ;
#4560 = EDGE_CURVE ( 'NONE', #4420, #3546, #2445, .T. ) ;
#4561 = EDGE_LOOP ( 'NONE', ( #1981, #2954, #2242, #5715 ) ) ;
#4562 = CARTESIAN_POINT ( 'NONE',  ( 2.079999999999999627, 0.3149999999999992251, -0.1750000000000000444 ) ) ;
#4563 = FACE_OUTER_BOUND ( 'NONE', #2600, .T. ) ;
#4564 = CARTESIAN_POINT ( 'NONE',  ( 1.695347850284714797, -0.000000000000000000, -0.6501399421424436387 ) ) ;
#4565 = CARTESIAN_POINT ( 'NONE',  ( 1.008685021262136328, 0.000000000000000000, -0.7209525945835419947 ) ) ;
#4566 = VERTEX_POINT ( 'NONE', #44 ) ;
#4567 = PLANE ( 'NONE',  #1736 ) ;
#4568 = LINE ( 'NONE', #2134, #3729 ) ;
#4569 = CARTESIAN_POINT ( 'NONE',  ( 0.8478981602852648791, 0.04000000000000000083, -0.5176555267358625700 ) ) ;
#4570 = CARTESIAN_POINT ( 'NONE',  ( 1.050929487179905975, 0.04000000000000000083, -0.6608593750000001377 ) ) ;
#4571 = CARTESIAN_POINT ( 'NONE',  ( 0.7478044871799053306, 0.04000000000000000083, -0.7087109374999999156 ) ) ;
#4572 = VECTOR ( 'NONE', #5341, 39.37007874015748143 ) ;
#4573 = ORIENTED_EDGE ( 'NONE', *, *, #5915, .F. ) ;
#4574 = CARTESIAN_POINT ( 'NONE',  ( 1.207521284054905886, 0.04000000000000000083, -0.7362499999999999600 ) ) ;
#4575 = ORIENTED_EDGE ( 'NONE', *, *, #594, .T. ) ;
#4576 = ORIENTED_EDGE ( 'NONE', *, *, #5327, .T. ) ;
#4577 = DIRECTION ( 'NONE',  ( -0.000000000000000000, -1.000000000000000000, -0.000000000000000000 ) ) ;
#4578 = LINE ( 'NONE', #697, #4815 ) ;
#4579 = CARTESIAN_POINT ( 'NONE',  ( 1.560515363671391986, 0.000000000000000000, -0.5132625730204321002 ) ) ;
#4580 = CARTESIAN_POINT ( 'NONE',  ( 1.114083081255677454, 0.000000000000000000, -0.7345421172199687598 ) ) ;
#4581 = EDGE_CURVE ( 'NONE', #5625, #132, #491, .T. ) ;
#4582 = B_SPLINE_CURVE_WITH_KNOTS ( 'NONE', 3,
 ( #952, #3879, #1404, #4838, #1465, #4866, #2009, #3974, #2991, #4929, #5914 ),
 .UNSPECIFIED., .F., .F.,
 ( 4, 1, 1, 1, 1, 1, 1, 1, 4 ),
 ( 0.000000000000000000, 0.1495992834452412878, 0.2819353318743840764, 0.4014919506173720287, 0.5122141042476819894, 0.6214475079150043602, 0.7346574448313997197, 0.8594258060854099712, 0.9999999999999998890 ),
 .UNSPECIFIED. ) ;
#4583 = ORIENTED_EDGE ( 'NONE', *, *, #2187, .T. ) ;
#4584 = CARTESIAN_POINT ( 'NONE',  ( 1.081051659418518884, 0.000000000000000000, -0.5984973928187043990 ) ) ;
#4585 = CARTESIAN_POINT ( 'NONE',  ( 1.458036284001869909, 0.04000000000000000083, -0.7235988223764778793 ) ) ;
#4586 = CARTESIAN_POINT ( 'NONE',  ( 2.113429487179905308, 0.000000000000000000, -0.7037304687500000044 ) ) ;
#4587 = CARTESIAN_POINT ( 'NONE',  ( 1.712031122953206586, 0.04000000000000000083, -0.7291730766818089737 ) ) ;
#4588 = CARTESIAN_POINT ( 'NONE',  ( 0.7442187974722289656, 0.04000000000000000083, -0.7270785883326325028 ) ) ;
#4589 = CARTESIAN_POINT ( 'NONE',  ( 1.464894330929905619, 0.04000000000000000083, -0.7020214843750001155 ) ) ;
#4590 = ADVANCED_FACE ( 'NONE', ( #4526 ), #4276, .T. ) ;
#4591 = DIRECTION ( 'NONE',  ( -0.7071067811865514585, 0.7071067811865436870, 0.000000000000000000 ) ) ;
#4592 = VECTOR ( 'NONE', #4754, 39.37007874015748143 ) ;
#4593 = EDGE_CURVE ( 'NONE', #33, #4839, #2694, .T. ) ;
#4594 = ORIENTED_EDGE ( 'NONE', *, *, #1227, .T. ) ;
#4595 = CARTESIAN_POINT ( 'NONE',  ( 1.241554487179905797, 0.000000000000000000, -0.7037304687500000044 ) ) ;
#4596 = FACE_BOUND ( 'NONE', #3435, .T. ) ;
#4597 = CARTESIAN_POINT ( 'NONE',  ( 2.079396284054905397, 0.04000000000000000083, -0.7362499999999999600 ) ) ;
#4598 = AXIS2_PLACEMENT_3D ( 'NONE', #6312, #5835, #2425 ) ;
#4599 = CARTESIAN_POINT ( 'NONE',  ( 1.465415459423557554, 0.000000000000000000, -0.5068682642342801081 ) ) ;
#4600 = ORIENTED_EDGE ( 'NONE', *, *, #4294, .T. ) ;
#4601 = EDGE_CURVE ( 'NONE', #5518, #5983, #1095, .T. ) ;
#4602 = CARTESIAN_POINT ( 'NONE',  ( 1.796313817858544937, 0.04000000000000000083, -0.4913360111011859654 ) ) ;
#4603 = DIRECTION ( 'NONE',  ( -0.0001256912946026835702, 0.000000000000000000, 0.9999999921008492221 ) ) ;
#4604 = EDGE_CURVE ( 'NONE', #5404, #5397, #2146, .T. ) ;
#4605 = CARTESIAN_POINT ( 'NONE',  ( 1.861136782071959317, 0.04000000000000000083, -0.7058083210826882059 ) ) ;
#4606 = CARTESIAN_POINT ( 'NONE',  ( 1.925673690198496102, 0.000000000000000000, -0.6847626957698803585 ) ) ;
#4607 = CARTESIAN_POINT ( 'NONE',  ( 1.922865762372156340, 0.04000000000000000083, -0.6636299963044934858 ) ) ;
#4608 = CARTESIAN_POINT ( 'NONE',  ( 1.155339892973302085, 8.537024980200822558E-18, -0.6924726754716854504 ) ) ;
#4609 = ORIENTED_EDGE ( 'NONE', *, *, #2734, .T. ) ;
#4610 = ORIENTED_EDGE ( 'NONE', *, *, #1922, .T. ) ;
#4611 = CARTESIAN_POINT ( 'NONE',  ( 1.187103316266320263, 0.000000000000000000, -0.5080936862799417808 ) ) ;
#4612 = CARTESIAN_POINT ( 'NONE',  ( 1.991676729226425469, 0.04000000000000000083, -0.6343080054560629177 ) ) ;
#4613 = CARTESIAN_POINT ( 'NONE',  ( 2.104999999999999982, 0.1400000000000000133, -0.1250000000000000278 ) ) ;
#4614 = CARTESIAN_POINT ( 'NONE',  ( 0.7127769309459734970, 0.000000000000000000, -0.4912586770440596773 ) ) ;
#4615 = ORIENTED_EDGE ( 'NONE', *, *, #5603, .T. ) ;
#4616 = CARTESIAN_POINT ( 'NONE',  ( 1.679451743075582426, 0.04000000000000000083, -0.5130238392814815418 ) ) ;
#4617 = CARTESIAN_POINT ( 'NONE',  ( 1.212719781241064609, 0.000000000000000000, -0.4894709107017727323 ) ) ;
#4618 = DIRECTION ( 'NONE',  ( -0.000000000000000000, -1.000000000000000000, -0.000000000000000000 ) ) ;
#4619 = CARTESIAN_POINT ( 'NONE',  ( 1.657179487179905708, 0.04000000000000000083, -0.5913769531250000488 ) ) ;
#4620 = VECTOR ( 'NONE', #3480, 39.37007874015748143 ) ;
#4621 = VECTOR ( 'NONE', #1959, 39.37007874015748854 ) ;
#4622 = CARTESIAN_POINT ( 'NONE',  ( 1.447660429977835950, 0.000000000000000000, -0.7336199647703163240 ) ) ;
#4623 = CARTESIAN_POINT ( 'NONE',  ( 0.1250000000000000000, 0.000000000000000000, -0.1250000000000000278 ) ) ;
#4624 = CARTESIAN_POINT ( 'NONE',  ( 0.6947540883937034506, 0.04000000000000000083, -0.5208762587359284657 ) ) ;
#4625 = ORIENTED_EDGE ( 'NONE', *, *, #2843, .T. ) ;
#4626 = B_SPLINE_CURVE_WITH_KNOTS ( 'NONE', 3,
 ( #1498, #1889, #5281, #3436, #2414, #1377, #5314, #4871, #3979, #3341, #3406 ),
 .UNSPECIFIED., .F., .F.,
 ( 4, 1, 1, 1, 1, 1, 1, 1, 4 ),
 ( 0.000000000000000000, 0.1223731541130507472, 0.2362811909163045343, 0.3470119684561828177, 0.4604108216925586472, 0.5797917582613334453, 0.7068249063641643959, 0.8448649611941178028, 0.9999999999999998890 ),
 .UNSPECIFIED. ) ;
#4627 = CARTESIAN_POINT ( 'NONE',  ( 1.235236404935127430, 0.000000000000000000, -0.7266000665955246740 ) ) ;
#4628 = DIRECTION ( 'NONE',  ( -1.000000000000000000, 0.000000000000000000, 0.000000000000000000 ) ) ;
#4629 = EDGE_CURVE ( 'NONE', #4486, #5468, #3445, .T. ) ;
#4630 = CARTESIAN_POINT ( 'NONE',  ( 0.7016800623061106856, 0.000000000000000000, -0.7312576142679250157 ) ) ;
#4631 = CARTESIAN_POINT ( 'NONE',  ( 1.457960737179905486, 0.04000000000000000083, -0.5314648437500000266 ) ) ;
#4632 = CARTESIAN_POINT ( 'NONE',  ( 1.731229338394735473, 0.04000000000000000083, -0.5393713399673585318 ) ) ;
#4633 = EDGE_CURVE ( 'NONE', #376, #5183, #6080, .T. ) ;
#4634 = CARTESIAN_POINT ( 'NONE',  ( 1.881239693776089350, 0.04000000000000000083, -0.5513158088305722959 ) ) ;
#4635 = DIRECTION ( 'NONE',  ( -0.000000000000000000, 1.000000000000000000, -0.000000000000000000 ) ) ;
#4636 = CARTESIAN_POINT ( 'NONE',  ( 0.8759294871799053750, 0.04000000000000000083, -0.4893750000000000044 ) ) ;
#4637 = DIRECTION ( 'NONE',  ( -0.000000000000000000, -1.000000000000000000, -0.000000000000000000 ) ) ;
#4638 = CARTESIAN_POINT ( 'NONE',  ( 1.695347850284714797, 0.000000000000000000, -0.6501399421424436387 ) ) ;
#4639 = CARTESIAN_POINT ( 'NONE',  ( 0.8478044871799053084, 0.04000000000000000083, -0.6550000000000000266 ) ) ;
#4640 = ORIENTED_EDGE ( 'NONE', *, *, #5884, .T. ) ;
#4641 = ORIENTED_EDGE ( 'NONE', *, *, #3923, .F. ) ;
#4642 = CARTESIAN_POINT ( 'NONE',  ( 1.404457255419189421, 0.04000000000000000083, -0.7360809920015050078 ) ) ;
#4643 = CARTESIAN_POINT ( 'NONE',  ( 1.517968615889645712, 0.04000000000000000083, -0.4979413322131798214 ) ) ;
#4644 = CARTESIAN_POINT ( 'NONE',  ( 2.017677534054905575, 0.000000000000000000, -0.5831250000000000044 ) ) ;
#4645 = DIRECTION ( 'NONE',  ( 0.000000000000000000, 0.000000000000000000, -1.000000000000000000 ) ) ;
#4646 = VECTOR ( 'NONE', #1590, 39.37007874015748143 ) ;
#4647 = ORIENTED_EDGE ( 'NONE', *, *, #3795, .F. ) ;
#4648 = CARTESIAN_POINT ( 'NONE',  ( 2.104999999999999982, 0.1400000000000000133, -0.1250000000000000278 ) ) ;
#4649 = CARTESIAN_POINT ( 'NONE',  ( 2.084594781241063899, 0.000000000000000000, -0.4894709107017726213 ) ) ;
#4650 = CARTESIAN_POINT ( 'NONE',  ( 0.9894561831163073418, 0.04000000000000000083, -0.7390757100430840332 ) ) ;
#4651 = ADVANCED_FACE ( 'NONE', ( #5688 ), #2036, .T. ) ;
#4652 = CARTESIAN_POINT ( 'NONE',  ( 1.976425237444370486, 0.04000000000000000083, -0.5880286626417449147 ) ) ;
#4653 = ORIENTED_EDGE ( 'NONE', *, *, #2524, .T. ) ;
#4654 = CARTESIAN_POINT ( 'NONE',  ( 0.7230486278049053084, 0.04000000000000000083, -0.7393750000000000044 ) ) ;
#4655 = B_SPLINE_CURVE_WITH_KNOTS ( 'NONE', 3,
 ( #2062, #1578, #3067, #3122, #4588, #4555, #1190, #4021, #2680, #4053, #3600 ),
 .UNSPECIFIED., .F., .F.,
 ( 4, 1, 1, 1, 1, 1, 1, 1, 4 ),
 ( 0.000000000000000000, 0.1581692231159462503, 0.2979152898125614901, 0.4257598827158990962, 0.5443383524022874509, 0.6560061348833443606, 0.7665598615528721460, 0.8789143086602184685, 1.000000000000000000 ),
 .UNSPECIFIED. ) ;
#4656 = EDGE_CURVE ( 'NONE', #6046, #4686, #3298, .T. ) ;
#4657 = CARTESIAN_POINT ( 'NONE',  ( 1.731229338394735473, 0.04000000000000000083, -0.5393713399673585318 ) ) ;
#4658 = CARTESIAN_POINT ( 'NONE',  ( 1.239522415065154259, 0.000000000000000000, -0.7185264885591116091 ) ) ;
#4659 = DIRECTION ( 'NONE',  ( 0.000000000000000000, -0.000000000000000000, 1.000000000000000000 ) ) ;
#4660 = CARTESIAN_POINT ( 'NONE',  ( 0.7166972805375858568, 0.000000000000000000, -0.7390839934332873451 ) ) ;
#4661 = CARTESIAN_POINT ( 'NONE',  ( 1.114083081255677454, 0.04000000000000000083, -0.7345421172199687598 ) ) ;
#4662 = CARTESIAN_POINT ( 'NONE',  ( 1.693409955929905619, 0.04000000000000000083, -0.6500195312500000044 ) ) ;
#4663 = B_SPLINE_CURVE_WITH_KNOTS ( 'NONE', 3,
 ( #387, #1827, #859, #3824, #5761, #1380, #3343, #738, #4650, #3950, #2871 ),
 .UNSPECIFIED., .F., .F.,
 ( 4, 1, 1, 1, 1, 1, 1, 1, 4 ),
 ( 0.000000000000000000, 0.1578428353174667897, 0.2988651118194809442, 0.4256063816622773777, 0.5454550476073432019, 0.6584628360853416185, 0.7692520896568657562, 0.8804925052990102419, 1.000000000000000000 ),
 .UNSPECIFIED. ) ;
#4664 = CARTESIAN_POINT ( 'NONE',  ( 1.668958520626598663, 0.04000000000000000083, -0.6614720397614882730 ) ) ;
#4665 = EDGE_CURVE ( 'NONE', #2411, #3718, #1712, .T. ) ;
#4666 = FACE_OUTER_BOUND ( 'NONE', #3991, .T. ) ;
#4667 = CARTESIAN_POINT ( 'NONE',  ( 1.890142677013845196, 0.04000000000000000083, -0.6538268478142293949 ) ) ;
#4668 = CARTESIAN_POINT ( 'NONE',  ( 1.088120555432553038, 0.04000000000000000083, -0.5942874467830964180 ) ) ;
#4669 = CARTESIAN_POINT ( 'NONE',  ( 1.508745516350300298, 0.04000000000000000083, -0.4915347143449858014 ) ) ;
#4670 = EDGE_CURVE ( 'NONE', #5788, #64, #3524, .T. ) ;
#4671 = CARTESIAN_POINT ( 'NONE',  ( 2.079999999999999627, 0.1400000000000000133, -0.1750000000000000444 ) ) ;
#4672 = ADVANCED_FACE ( 'NONE', ( #2377 ), #5817, .T. ) ;
#4673 = ORIENTED_EDGE ( 'NONE', *, *, #4473, .F. ) ;
#4674 = ORIENTED_EDGE ( 'NONE', *, *, #1108, .T. ) ;
#4675 = CARTESIAN_POINT ( 'NONE',  ( 1.379717071670105266, 0.04000000000000000083, -0.7233376626297155498 ) ) ;
#4676 = CARTESIAN_POINT ( 'NONE',  ( 1.504885159408923423, 0.000000000000000000, -0.4903065445313095627 ) ) ;
#4677 = ORIENTED_EDGE ( 'NONE', *, *, #3193, .F. ) ;
#4678 = DIRECTION ( 'NONE',  ( 0.000000000000000000, 0.000000000000000000, -1.000000000000000000 ) ) ;
#4679 = CARTESIAN_POINT ( 'NONE',  ( 1.235236404935127430, 0.04000000000000000083, -0.7266000665955246740 ) ) ;
#4680 = ORIENTED_EDGE ( 'NONE', *, *, #654, .F. ) ;
#4681 = DIRECTION ( 'NONE',  ( -0.000000000000000000, -1.000000000000000000, -0.000000000000000000 ) ) ;
#4682 = CARTESIAN_POINT ( 'NONE',  ( 0.5000000000000000000, 0.000000000000000000, -0.8649999999999998801 ) ) ;
#4683 = CARTESIAN_POINT ( 'NONE',  ( 1.676278791428718939, 0.000000000000000000, -0.6215183839780858976 ) ) ;
#4684 = B_SPLINE_SURFACE_WITH_KNOTS ( 'NONE', 3, 1, ( 
 ( #1006, #3362 ),
 ( #1878, #1424 ),
 ( #4437, #2919 ),
 ( #2981, #3807 ),
 ( #3841, #4348 ),
 ( #2429, #5363 ),
 ( #405, #4917 ),
 ( #5270, #2368 ),
 ( #4377, #5778 ),
 ( #532, #5302 ),
 ( #1939, #6285 ),
 ( #5745, #1396 ),
 ( #4408, #1454 ),
 ( #912, #6316 ),
 ( #971, #2891 ),
 ( #2949, #1907 ),
 ( #4887, #2492 ),
 ( #52, #496 ),
 ( #2459, #1366 ) ),
 .UNSPECIFIED., .F., .F., .F.,
 ( 4, 1, 1, 1, 1, 1, 1, 1, 1, 1, 1, 1, 1, 1, 1, 1, 4 ),
 ( 2, 2 ),
 ( 0.000000000000000000, 0.07632991237579972443, 0.1475902797655206378, 0.2141341229181883410, 0.2766335995961090588, 0.3354621556079133704, 0.3904701877972195367, 0.4445106943788564302, 0.4965622250395489434, 0.5495416088508521257, 0.6031030765590439380, 0.6597058747106790966, 0.7195927783563121904, 0.7833678860529335042, 0.8506459785148551278, 0.9227992763119478026, 1.000000000000000000 ),
 ( 0.000000000000000000, 1.000000000000000000 ),
 .UNSPECIFIED. ) ;
#4685 = CARTESIAN_POINT ( 'NONE',  ( 1.463077998984859907, 0.04000000000000000083, -0.7086071453434762413 ) ) ;
#4686 = VERTEX_POINT ( 'NONE', #3403 ) ;
#4687 = DIRECTION ( 'NONE',  ( 1.000000000000000000, 0.000000000000000000, 0.000000000000000000 ) ) ;
#4688 = VECTOR ( 'NONE', #1713, 39.37007874015748143 ) ;
#4689 = CARTESIAN_POINT ( 'NONE',  ( 2.229999999999999538, 0.1400000000000000133, -0.1750000000000000444 ) ) ;
#4690 = CARTESIAN_POINT ( 'NONE',  ( 1.092640483710597410, 0.04000000000000000083, -0.7291341438346854442 ) ) ;
#4691 = CARTESIAN_POINT ( 'NONE',  ( 1.664491142161984572, 0.04000000000000000083, -0.6731983133695433885 ) ) ;
#4692 = CARTESIAN_POINT ( 'NONE',  ( 1.409415925713246587, 0.04000000000000000083, -0.4896533112033676916 ) ) ;
#4693 = CARTESIAN_POINT ( 'NONE',  ( 0.7058091336034709729, 0.000000000000000000, -0.7349402306124369622 ) ) ;
#4694 = ORIENTED_EDGE ( 'NONE', *, *, #2881, .T. ) ;
#4695 = CARTESIAN_POINT ( 'NONE',  ( 1.552658766736872975, 0.000000000000000000, -0.7355145572601897719 ) ) ;
#4696 = CARTESIAN_POINT ( 'NONE',  ( 1.772498423178937799, 0.04000000000000000083, -0.5331913355487007955 ) ) ;
#4697 = ORIENTED_EDGE ( 'NONE', *, *, #3543, .T. ) ;
#4698 = CARTESIAN_POINT ( 'NONE',  ( 1.808935402057506803, 0.04000000000000000083, -0.4939147066958607946 ) ) ;
#4699 = CARTESIAN_POINT ( 'NONE',  ( 0.9003140876050503838, 0.000000000000000000, -0.7124100590933337696 ) ) ;
#4700 = CARTESIAN_POINT ( 'NONE',  ( 1.804500012064770953, 0.000000000000000000, -0.6878813029802639534 ) ) ;
#4701 = DIRECTION ( 'NONE',  ( 0.000000000000000000, 0.000000000000000000, 1.000000000000000000 ) ) ;
#4702 = CARTESIAN_POINT ( 'NONE',  ( 1.517968615889645712, 0.04000000000000000083, -0.4979413322131798214 ) ) ;
#4703 = CARTESIAN_POINT ( 'NONE',  ( 2.079999999999999627, 0.3149999999999992251, -0.1750000000000000444 ) ) ;
#4704 = B_SPLINE_CURVE_WITH_KNOTS ( 'NONE', 3,
 ( #3877, #6262, #1339, #2465, #2864, #3816, #1885, #4836, #5753, #3847, #4773 ),
 .UNSPECIFIED., .F., .F.,
 ( 4, 1, 1, 1, 1, 1, 1, 1, 4 ),
 ( 0.000000000000000000, 0.1292762757122593031, 0.2549421511798584672, 0.3773445022293860918, 0.4965462753555073827, 0.6164033901152238260, 0.7399491348754002606, 0.8678354194808639566, 1.000000000000000000 ),
 .UNSPECIFIED. ) ;
#4705 = EDGE_LOOP ( 'NONE', ( #6194, #345, #4557, #4805 ) ) ;
#4706 = ORIENTED_EDGE ( 'NONE', *, *, #5120, .T. ) ;
#4707 = CARTESIAN_POINT ( 'NONE',  ( 1.515237353580049406, 0.000000000000000000, -0.4955375751385837080 ) ) ;
#4708 = ORIENTED_EDGE ( 'NONE', *, *, #3967, .F. ) ;
#4709 = LINE ( 'NONE', #259, #5385 ) ;
#4710 = CARTESIAN_POINT ( 'NONE',  ( 1.241554487179905797, 0.04000000000000000083, -0.7037304687500000044 ) ) ;
#4711 = EDGE_CURVE ( 'NONE', #5724, #3580, #4356, .T. ) ;
#4712 = AXIS2_PLACEMENT_3D ( 'NONE', #3376, #4332, #5316 ) ;
#4713 = ORIENTED_EDGE ( 'NONE', *, *, #3893, .F. ) ;
#4714 = CARTESIAN_POINT ( 'NONE',  ( 0.7283223191602938851, 0.04000000000000000083, -0.7391253615402667565 ) ) ;
#4715 = CARTESIAN_POINT ( 'NONE',  ( 2.086769330929905131, 0.000000000000000000, -0.4893750000000000044 ) ) ;
#4716 = EDGE_CURVE ( 'NONE', #3099, #4100, #6294, .T. ) ;
#4717 = CARTESIAN_POINT ( 'NONE',  ( 1.680930020251101054, 0.04000000000000000083, -0.6224926959607453014 ) ) ;
#4718 = CARTESIAN_POINT ( 'NONE',  ( 1.985697422333190021, 0.000000000000000000, -0.5857795907696653481 ) ) ;
#4719 = LINE ( 'NONE', #4269, #5836 ) ;
#4720 = CARTESIAN_POINT ( 'NONE',  ( 2.029786909054905220, 0.04000000000000000083, -0.6925000000000000044 ) ) ;
#4721 = CARTESIAN_POINT ( 'NONE',  ( 1.085337064746080049, 0.04000000000000000083, -0.7256772953896107881 ) ) ;
#4722 = AXIS2_PLACEMENT_3D ( 'NONE', #6007, #6096, #5614 ) ;
#4723 = CARTESIAN_POINT ( 'NONE',  ( 1.609779303471527534, 0.04000000000000000083, -0.5012731594545389857 ) ) ;
#4724 = VECTOR ( 'NONE', #1764, 39.37007874015748143 ) ;
#4725 = CARTESIAN_POINT ( 'NONE',  ( 1.772128976813631018, 0.000000000000000000, -0.5875327545382760253 ) ) ;
#4726 = CARTESIAN_POINT ( 'NONE',  ( 1.881651661052698099, 0.000000000000000000, -0.6770903126124550031 ) ) ;
#4727 = ORIENTED_EDGE ( 'NONE', *, *, #1062, .F. ) ;
#4728 = CARTESIAN_POINT ( 'NONE',  ( 1.100490034054905752, 0.04000000000000000083, -0.7317089843750000933 ) ) ;
#4729 = CARTESIAN_POINT ( 'NONE',  ( 1.761735317671229817, 0.04000000000000000083, -0.5332466344749231535 ) ) ;
#4730 = CARTESIAN_POINT ( 'NONE',  ( 1.820855657916423453, 0.04000000000000000083, -0.4977059771700541035 ) ) ;
#4731 = CARTESIAN_POINT ( 'NONE',  ( 1.613429487179905530, 0.000000000000000000, -0.7068066406249999822 ) ) ;
#4732 = EDGE_CURVE ( 'NONE', #5206, #173, #5344, .T. ) ;
#4733 = CARTESIAN_POINT ( 'NONE',  ( 1.830860046329600088, 0.04000000000000000083, -0.6573772749885622435 ) ) ;
#4734 = CARTESIAN_POINT ( 'NONE',  ( 2.057179487179905397, 0.000000000000000000, -0.6268749999999999600 ) ) ;
#4735 = DIRECTION ( 'NONE',  ( -0.000000000000000000, -1.000000000000000000, -0.000000000000000000 ) ) ;
#4736 = CARTESIAN_POINT ( 'NONE',  ( 0.9991646983031481355, 0.000000000000000000, -0.7348674797975486284 ) ) ;
#4737 = EDGE_LOOP ( 'NONE', ( #1071, #6153, #3978, #2674 ) ) ;
#4738 = ORIENTED_EDGE ( 'NONE', *, *, #3923, .T. ) ;
#4739 = CARTESIAN_POINT ( 'NONE',  ( 1.702075544601744372, 0.04000000000000000083, -0.5021292573646175539 ) ) ;
#4740 = B_SPLINE_SURFACE_WITH_KNOTS ( 'NONE', 3, 1, ( 
 ( #2623, #3074 ),
 ( #87, #2070 ),
 ( #5939, #4472 ),
 ( #5042, #4565 ),
 ( #5394, #4950 ),
 ( #2130, #4502 ),
 ( #5906, #3104 ),
 ( #1007, #54 ),
 ( #1517, #3579 ),
 ( #4062, #2037 ),
 ( #623, #5458 ) ),
 .UNSPECIFIED., .F., .F., .F.,
 ( 4, 1, 1, 1, 1, 1, 1, 1, 4 ),
 ( 2, 2 ),
 ( 0.000000000000000000, 0.1578428353174667897, 0.2988651118194809442, 0.4256063816622773777, 0.5454550476073432019, 0.6584628360853416185, 0.7692520896568657562, 0.8804925052990102419, 1.000000000000000000 ),
 ( 0.000000000000000000, 1.000000000000000000 ),
 .UNSPECIFIED. ) ;
#4741 = VERTEX_POINT ( 'NONE', #1915 ) ;
#4742 = CARTESIAN_POINT ( 'NONE',  ( 0.6946794871799053528, 0.000000000000000000, -0.7089062499999998490 ) ) ;
#4743 = CARTESIAN_POINT ( 'NONE',  ( 1.236928341666530429, 0.04000000000000000083, -0.7242062594868183822 ) ) ;
#4744 = CARTESIAN_POINT ( 'NONE',  ( 1.119801729226426623, 0.000000000000000000, -0.6343080054560634728 ) ) ;
#4745 = ORIENTED_EDGE ( 'NONE', *, *, #5068, .T. ) ;
#4746 = CARTESIAN_POINT ( 'NONE',  ( 0.7478044871799054416, 0.04000000000000000083, -0.7087109375000000266 ) ) ;
#4747 = CARTESIAN_POINT ( 'NONE',  ( 0.8759294871799053750, 0.000000000000000000, -0.4893750000000000044 ) ) ;
#4748 = CARTESIAN_POINT ( 'NONE',  ( 1.580519330929905486, 0.000000000000000000, -0.7362499999999999600 ) ) ;
#4749 = CARTESIAN_POINT ( 'NONE',  ( 1.599321718607590759, 0.04000000000000000083, -0.7330338142798326073 ) ) ;
#4750 = DIRECTION ( 'NONE',  ( -0.000000000000000000, -1.000000000000000000, -0.000000000000000000 ) ) ;
#4751 = EDGE_CURVE ( 'NONE', #123, #3608, #4582, .T. ) ;
#4752 = EDGE_CURVE ( 'NONE', #714, #6225, #1754, .T. ) ;
#4753 = DIRECTION ( 'NONE',  ( 0.000000000000000000, 0.000000000000000000, -1.000000000000000000 ) ) ;
#4754 = DIRECTION ( 'NONE',  ( -0.000000000000000000, -1.000000000000000000, -0.000000000000000000 ) ) ;
#4755 = CARTESIAN_POINT ( 'NONE',  ( 1.773752465236892117, 0.04000000000000000083, -0.6955825106874353736 ) ) ;
#4756 = CARTESIAN_POINT ( 'NONE',  ( 1.763777133497301586, 0.04000000000000000083, -0.5825476701987745143 ) ) ;
#4757 = DIRECTION ( 'NONE',  ( -0.2268897289327035660, 0.000000000000000000, -0.9739204540951197364 ) ) ;
#4758 = VERTEX_POINT ( 'NONE', #415 ) ;
#4759 = EDGE_CURVE ( 'NONE', #1243, #1749, #2608, .T. ) ;
#4760 = CARTESIAN_POINT ( 'NONE',  ( 2.109560893904240508, 0.04000000000000000083, -0.5022764856182352355 ) ) ;
#4761 = ADVANCED_FACE ( 'NONE', ( #3052 ), #3664, .T. ) ;
#4762 = CARTESIAN_POINT ( 'NONE',  ( 1.588527143429905530, 0.04000000000000000083, -0.4893750000000000044 ) ) ;
#4763 = LINE ( 'NONE', #4282, #2402 ) ;
#4764 = CARTESIAN_POINT ( 'NONE',  ( 1.776334354212897537, 0.000000000000000000, -0.6061951555971232253 ) ) ;
#4765 = CARTESIAN_POINT ( 'NONE',  ( 1.426857221554905575, 0.04000000000000000083, -0.7362499999999999600 ) ) ;
#4766 = CARTESIAN_POINT ( 'NONE',  ( 1.522866706948486026, 0.04000000000000000083, -0.5045972091795551950 ) ) ;
#4767 = DIRECTION ( 'NONE',  ( -0.000000000000000000, -1.000000000000000000, -0.000000000000000000 ) ) ;
#4768 = ORIENTED_EDGE ( 'NONE', *, *, #4279, .F. ) ;
#4769 = EDGE_LOOP ( 'NONE', ( #2754, #2304, #1090, #4357 ) ) ;
#4770 = CARTESIAN_POINT ( 'NONE',  ( 1.723331972758510355, 0.04000000000000000083, -0.4949251846485587802 ) ) ;
#4771 = ORIENTED_EDGE ( 'NONE', *, *, #3158, .F. ) ;
#4772 = CARTESIAN_POINT ( 'NONE',  ( 2.079396284054905397, 0.000000000000000000, -0.7362499999999999600 ) ) ;
#4773 = CARTESIAN_POINT ( 'NONE',  ( 1.769386518429905797, 0.000000000000000000, -0.4893750000000000044 ) ) ;
#4774 = CARTESIAN_POINT ( 'NONE',  ( 0.8478044871799053084, 0.04000000000000000083, -0.6550000000000000266 ) ) ;
#4775 = CARTESIAN_POINT ( 'NONE',  ( 1.115924062737381650, 0.000000000000000000, -0.6372473612529567788 ) ) ;
#4776 = VERTEX_POINT ( 'NONE', #1049 ) ;
#4777 = CARTESIAN_POINT ( 'NONE',  ( 0.2000000000000000111, 0.000000000000000000, -0.6149999999999999911 ) ) ;
#4778 = CARTESIAN_POINT ( 'NONE',  ( 1.776564252804905708, 0.04000000000000000083, -0.6016308593750000488 ) ) ;
#4779 = VECTOR ( 'NONE', #5425, 39.37007874015748143 ) ;
#4780 = CARTESIAN_POINT ( 'NONE',  ( 1.657179487179905930, 0.04000000000000000083, -0.5913769531250000488 ) ) ;
#4781 = EDGE_CURVE ( 'NONE', #2176, #4869, #3136, .T. ) ;
#4782 = CARTESIAN_POINT ( 'NONE',  ( 1.612264134385513747, 0.04000000000000000083, -0.7180788956478462159 ) ) ;
#4783 = FACE_OUTER_BOUND ( 'NONE', #3053, .T. ) ;
#4784 = DIRECTION ( 'NONE',  ( 0.000000000000000000, -1.000000000000000000, -0.000000000000000000 ) ) ;
#4785 = CARTESIAN_POINT ( 'NONE',  ( 2.029786909054905220, 0.04000000000000000083, -0.6268749999999999600 ) ) ;
#4786 = CARTESIAN_POINT ( 'NONE',  ( 1.687457193133251154, 0.04000000000000000083, -0.6502917361556365128 ) ) ;
#4787 = CARTESIAN_POINT ( 'NONE',  ( 1.868526479374532645, 0.000000000000000000, -0.5313588354496490140 ) ) ;
#4788 = EDGE_CURVE ( 'NONE', #678, #6046, #2629, .T. ) ;
#4789 = LINE ( 'NONE', #1000, #319 ) ;
#4790 = ORIENTED_EDGE ( 'NONE', *, *, #5996, .T. ) ;
#4791 = VECTOR ( 'NONE', #530, 39.37007874015748143 ) ;
#4792 = ADVANCED_FACE ( 'NONE', ( #3138 ), #5081, .T. ) ;
#4793 = B_SPLINE_SURFACE_WITH_KNOTS ( 'NONE', 3, 1, ( 
 ( #4589, #2284 ),
 ( #2222, #3759 ),
 ( #4685, #293 ),
 ( #4175, #2190 ),
 ( #4238, #1288 ),
 ( #6175, #6082 ),
 ( #6116, #3694 ),
 ( #3216, #1732 ),
 ( #677, #1161 ),
 ( #3123, #4622 ),
 ( #1668, #203 ),
 ( #4146, #2156 ),
 ( #5065, #2646 ),
 ( #1696, #5630 ),
 ( #4114, #6053 ) ),
 .UNSPECIFIED., .F., .F., .F.,
 ( 4, 1, 1, 1, 1, 1, 1, 1, 1, 1, 1, 1, 4 ),
 ( 2, 2 ),
 ( 0.000000000000000000, 0.1222949938864778124, 0.2286286528862490897, 0.3182628567669206210, 0.3913788219531474932, 0.4539022426926815901, 0.5143803733557370528, 0.5744352707559096105, 0.6372430550670444838, 0.7073086258173409968, 0.7906023698698244617, 0.8879324945909642386, 1.000000000000000000 ),
 ( 0.000000000000000000, 1.000000000000000000 ),
 .UNSPECIFIED. ) ;
#4794 = CARTESIAN_POINT ( 'NONE',  ( 2.111867746087522590, 0.000000000000000000, -0.5078715846304679982 ) ) ;
#4795 = CARTESIAN_POINT ( 'NONE',  ( 1.776485828945926215, 0.000000000000000000, -0.6031878490030767592 ) ) ;
#4796 = CARTESIAN_POINT ( 'NONE',  ( 1.185304487179905886, 0.000000000000000000, -0.5831250000000000044 ) ) ;
#4797 = CARTESIAN_POINT ( 'NONE',  ( 1.100490034054905752, 0.000000000000000000, -0.7317089843750000933 ) ) ;
#4798 = CARTESIAN_POINT ( 'NONE',  ( 1.496241987179905752, 0.000000000000000000, -0.4893750000000001155 ) ) ;
#4799 = CARTESIAN_POINT ( 'NONE',  ( 0.9817290272152714437, -0.000000000000000000, -0.7392844530789838275 ) ) ;
#4800 = CARTESIAN_POINT ( 'NONE',  ( 1.100490034054905752, 0.000000000000000000, -0.7317089843750000933 ) ) ;
#4801 = APPLICATION_CONTEXT ( 'automotive_design' ) ;
#4802 = CARTESIAN_POINT ( 'NONE',  ( 1.710304487179905575, 0.04000000000000000083, -0.5799999999999999600 ) ) ;
#4803 = EDGE_LOOP ( 'NONE', ( #2230, #1257, #2735, #4988 ) ) ;
#4804 = CARTESIAN_POINT ( 'NONE',  ( 2.057179487179905397, 0.04000000000000000083, -0.6268749999999999600 ) ) ;
#4805 = ORIENTED_EDGE ( 'NONE', *, *, #4711, .T. ) ;
#4806 = CARTESIAN_POINT ( 'NONE',  ( 1.404298627804905442, 0.04000000000000000083, -0.4893750000000000044 ) ) ;
#4807 = DIRECTION ( 'NONE',  ( -0.000000000000000000, -0.000000000000000000, -1.000000000000000000 ) ) ;
#4808 = CARTESIAN_POINT ( 'NONE',  ( 1.129696731730191805, 0.000000000000000000, -0.6300410242652463300 ) ) ;
#4809 = CARTESIAN_POINT ( 'NONE',  ( 1.981037933886112601, 0.000000000000000000, -0.7337673975142066096 ) ) ;
#4810 = ORIENTED_EDGE ( 'NONE', *, *, #2520, .T. ) ;
#4811 = CARTESIAN_POINT ( 'NONE',  ( 0.8458848803077126943, 0.000000000000000000, -0.7299017421335639577 ) ) ;
#4812 = CARTESIAN_POINT ( 'NONE',  ( 0.8549813327993925904, 0.04000000000000000083, -0.7363010216256794527 ) ) ;
#4813 = CARTESIAN_POINT ( 'NONE',  ( 1.590294150816323748, 0.04000000000000000083, -0.4894676275273492916 ) ) ;
#4814 = CARTESIAN_POINT ( 'NONE',  ( 1.129696731730191805, 0.04000000000000000083, -0.6300410242652463300 ) ) ;
#4815 = VECTOR ( 'NONE', #3717, 39.37007874015748143 ) ;
#4816 = CARTESIAN_POINT ( 'NONE',  ( 1.766896284054905619, 0.000000000000000000, -0.7393750000000000044 ) ) ;
#4817 = CARTESIAN_POINT ( 'NONE',  ( 0.8311052684299053972, 0.04000000000000000083, -0.7079785156249999156 ) ) ;
#4818 = CARTESIAN_POINT ( 'NONE',  ( 0.7652613171323492391, 0.04000000000000000083, -0.5170053078946710290 ) ) ;
#4819 = CARTESIAN_POINT ( 'NONE',  ( 1.689011453713198829, 0.04000000000000000083, -0.7157743846298709745 ) ) ;
#4820 = CARTESIAN_POINT ( 'NONE',  ( 2.008996359965232514, 0.000000000000000000, -0.6912050257421653576 ) ) ;
#4821 = FACE_OUTER_BOUND ( 'NONE', #4099, .T. ) ;
#4822 = ORIENTED_EDGE ( 'NONE', *, *, #2811, .T. ) ;
#4823 = CARTESIAN_POINT ( 'NONE',  ( 1.751759565304905619, 0.000000000000000000, -0.6237500000000000266 ) ) ;
#4824 = CARTESIAN_POINT ( 'NONE',  ( 1.425377796716588374, 0.04000000000000000083, -0.5014018362069876389 ) ) ;
#4825 = CARTESIAN_POINT ( 'NONE',  ( 1.613404943642253286, -0.000000000000000000, -0.7081754898437299106 ) ) ;
#4826 = CARTESIAN_POINT ( 'NONE',  ( 1.515237353580049406, 0.000000000000000000, -0.4955375751385837080 ) ) ;
#4827 = CARTESIAN_POINT ( 'NONE',  ( 0.9616892447190834581, 0.000000000000000000, -0.7309173442086571715 ) ) ;
#4828 = DIRECTION ( 'NONE',  ( 0.000000000000000000, 1.000000000000000000, 0.000000000000000000 ) ) ;
#4829 = VECTOR ( 'NONE', #1837, 39.37007874015748143 ) ;
#4830 = CARTESIAN_POINT ( 'NONE',  ( 1.676658021327765979, 0.000000000000000000, -0.5145513045461380663 ) ) ;
#4831 = ADVANCED_FACE ( 'NONE', ( #6222 ), #5457, .T. ) ;
#4832 = VERTEX_POINT ( 'NONE', #5648 ) ;
#4833 = CARTESIAN_POINT ( 'NONE',  ( 1.220537491511593187, 0.04000000000000000083, -0.4896771582000229994 ) ) ;
#4834 = ORIENTED_EDGE ( 'NONE', *, *, #1428, .T. ) ;
#4835 = LINE ( 'NONE', #377, #1126 ) ;
#4836 = CARTESIAN_POINT ( 'NONE',  ( 1.745531162030891315, 0.000000000000000000, -0.4906680382963545251 ) ) ;
#4837 = CARTESIAN_POINT ( 'NONE',  ( 1.721528154462228288, 0.000000000000000000, -0.7327834402532488189 ) ) ;
#4838 = CARTESIAN_POINT ( 'NONE',  ( 0.6964325878483179633, 0.000000000000000000, -0.5087791208421069689 ) ) ;
#4839 = VERTEX_POINT ( 'NONE', #252 ) ;
#4840 = CARTESIAN_POINT ( 'NONE',  ( 2.112337753909511839, 0.000000000000000000, -0.7152455378057739344 ) ) ;
#4841 = CARTESIAN_POINT ( 'NONE',  ( 0.8421573271858109333, 0.000000000000000000, -0.7253841327795518268 ) ) ;
#4842 = CARTESIAN_POINT ( 'NONE',  ( 1.606691871339055222, 0.04000000000000000083, -0.4969210215378405127 ) ) ;
#4844 = EDGE_CURVE ( 'NONE', #5518, #2985, #6328, .T. ) ;
#4843 = VECTOR ( 'NONE', #6284, 39.37007874015748143 ) ;
#4845 = CARTESIAN_POINT ( 'NONE',  ( 1.828228106193082958, 0.000000000000000000, -0.5655082474758671429 ) ) ;
#4846 = CARTESIAN_POINT ( 'NONE',  ( 1.979306421502357916, 0.000000000000000000, -0.6665005902013986239 ) ) ;
#4847 = PLANE ( 'NONE',  #2583 ) ;
#4848 = CARTESIAN_POINT ( 'NONE',  ( 1.991676729226425469, 0.04000000000000000083, -0.6343080054560629177 ) ) ;
#4849 = CARTESIAN_POINT ( 'NONE',  ( 1.664668896976415846, 0.04000000000000000083, -0.6792280049237870987 ) ) ;
#4850 = CARTESIAN_POINT ( 'NONE',  ( 1.010304487179905841, 0.000000000000000000, -0.7072949218750000933 ) ) ;
#4851 = CARTESIAN_POINT ( 'NONE',  ( 0.7652613171323492391, 0.04000000000000000083, -0.5170053078946710290 ) ) ;
#4852 = ORIENTED_EDGE ( 'NONE', *, *, #2246, .F. ) ;
#4853 = VECTOR ( 'NONE', #2145, 39.37007874015748143 ) ;
#4854 = CARTESIAN_POINT ( 'NONE',  ( 1.774979853927590057, 0.04000000000000000083, -0.6104769995186635212 ) ) ;
#4855 = CARTESIAN_POINT ( 'NONE',  ( 1.109162933886112645, 0.000000000000000000, -0.7337673975142066096 ) ) ;
#4856 = CARTESIAN_POINT ( 'NONE',  ( 1.766196029182908855, 0.000000000000000000, -0.6204474108498754248 ) ) ;
#4857 = CARTESIAN_POINT ( 'NONE',  ( 1.751759565304905619, 0.04000000000000000083, -0.6237500000000000266 ) ) ;
#4858 = DIRECTION ( 'NONE',  ( -0.000000000000000000, -1.000000000000000000, -0.000000000000000000 ) ) ;
#4859 = ORIENTED_EDGE ( 'NONE', *, *, #5858, .T. ) ;
#4860 = CARTESIAN_POINT ( 'NONE',  ( 1.216824410802786138, 0.04000000000000000083, -0.4894783444736948708 ) ) ;
#4861 = ORIENTED_EDGE ( 'NONE', *, *, #4670, .F. ) ;
#4862 = DIRECTION ( 'NONE',  ( -0.000000000000000000, -1.000000000000000000, -0.000000000000000000 ) ) ;
#4863 = CARTESIAN_POINT ( 'NONE',  ( 1.781260387671455003, 0.000000000000000000, -0.7390843603633459047 ) ) ;
#4864 = CARTESIAN_POINT ( 'NONE',  ( 1.665900850217559626, 0.000000000000000000, -0.6839488409616876208 ) ) ;
#4865 = CARTESIAN_POINT ( 'NONE',  ( 1.060044030121990666, 0.000000000000000000, -0.6209116725288940097 ) ) ;
#4866 = CARTESIAN_POINT ( 'NONE',  ( 0.7024987142455111355, 0.000000000000000000, -0.4977812166467366906 ) ) ;
#4867 = EDGE_CURVE ( 'NONE', #88, #678, #4224, .T. ) ;
#4868 = EDGE_LOOP ( 'NONE', ( #5075, #197, #461, #4900 ) ) ;
#4869 = VERTEX_POINT ( 'NONE', #2207 ) ;
#4870 = B_SPLINE_CURVE_WITH_KNOTS ( 'NONE', 3,
 ( #3563, #2018, #4011, #2995, #5501, #4488, #5406, #4105, #1087, #5921, #5055, #3058, #1532, #5954, #1120, #4992, #4932, #1021, #1566 ),
 .UNSPECIFIED., .F., .F.,
 ( 4, 1, 1, 1, 1, 1, 1, 1, 1, 1, 1, 1, 1, 1, 1, 1, 4 ),
 ( 0.000000000000000000, 0.06367428536359440172, 0.1237398255667193081, 0.1814634900644866988, 0.2371307894525906401, 0.2918252068321824932, 0.3462646736541583059, 0.4009169421464858774, 0.4570118938865215252, 0.5149554476108593182, 0.5746918512815932800, 0.6375200860453686946, 0.7032845951744762791, 0.7727501022173918210, 0.8450323190435804488, 0.9206353381430476546, 0.9999999999999998890 ),
 .UNSPECIFIED. ) ;
#4871 = CARTESIAN_POINT ( 'NONE',  ( 0.8994370279011818514, 0.04000000000000000083, -0.5070591035736968788 ) ) ;
#4872 = CARTESIAN_POINT ( 'NONE',  ( 1.752197867299052580, 0.04000000000000000083, -0.5801289281510280116 ) ) ;
#4873 = DIRECTION ( 'NONE',  ( 0.000000000000000000, 0.000000000000000000, -1.000000000000000000 ) ) ;
#4874 = CARTESIAN_POINT ( 'NONE',  ( 1.613404943642253286, 0.04000000000000000083, -0.7081754898437299106 ) ) ;
#4875 = AXIS2_PLACEMENT_3D ( 'NONE', #5322, #2910, #1386 ) ;
#4876 = CARTESIAN_POINT ( 'NONE',  ( 1.010122235186169393, 0.000000000000000000, -0.5144648697149064587 ) ) ;
#4877 = CARTESIAN_POINT ( 'NONE',  ( 1.824487736825889606, 0.000000000000000000, -0.5593313761245476412 ) ) ;
#4878 = CARTESIAN_POINT ( 'NONE',  ( 2.006458499330998624, 0.04000000000000000083, -0.5832520543012011949 ) ) ;
#4879 = VECTOR ( 'NONE', #822, 39.37007874015748143 ) ;
#4880 = CARTESIAN_POINT ( 'NONE',  ( 1.693409955929905619, 0.04000000000000000083, -0.6500195312500000044 ) ) ;
#4881 = CARTESIAN_POINT ( 'NONE',  ( 1.713966596554905575, 0.04000000000000000083, -0.6598339843749999600 ) ) ;
#4882 = DIRECTION ( 'NONE',  ( 0.000000000000000000, 0.000000000000000000, 1.000000000000000000 ) ) ;
#4883 = ORIENTED_EDGE ( 'NONE', *, *, #2296, .T. ) ;
#4884 = CARTESIAN_POINT ( 'NONE',  ( 1.750779356921252639, 0.000000000000000000, -0.6932570329004636989 ) ) ;
#4885 = CARTESIAN_POINT ( 'NONE',  ( 1.761859233006684233, 0.000000000000000000, -0.6223503111505126473 ) ) ;
#4886 = CARTESIAN_POINT ( 'NONE',  ( 1.429054487179905575, 0.04000000000000000083, -0.6799999999999999378 ) ) ;
#4887 = CARTESIAN_POINT ( 'NONE',  ( 1.211632787569097980, 0.04000000000000000083, -0.7362273807603317843 ) ) ;
#4888 = CARTESIAN_POINT ( 'NONE',  ( 1.115870893429905752, 0.04000000000000000083, -0.6829296874999999378 ) ) ;
#4889 = ORIENTED_EDGE ( 'NONE', *, *, #2770, .T. ) ;
#4890 = VECTOR ( 'NONE', #2836, 39.37007874015748143 ) ;
#4891 = CARTESIAN_POINT ( 'NONE',  ( 0.7266619090549053528, 0.000000000000000000, -0.4893750000000000044 ) ) ;
#4892 = B_SPLINE_SURFACE_WITH_KNOTS ( 'NONE', 3, 1, ( 
 ( #2059, #4077 ),
 ( #3092, #4997 ),
 ( #3539, #3595 ),
 ( #5476, #1092 ),
 ( #2577, #1603 ),
 ( #1124, #5029 ),
 ( #642, #6019 ),
 ( #737, #5692 ),
 ( #5660, #264 ),
 ( #5598, #4649 ),
 ( #2774, #4715 ) ),
 .UNSPECIFIED., .F., .F., .F.,
 ( 4, 1, 1, 1, 1, 1, 1, 1, 4 ),
 ( 2, 2 ),
 ( 0.000000000000000000, 0.1402943894369881039, 0.2690238711738882071, 0.3898006988269702155, 0.5083482253201352385, 0.6259820118935296440, 0.7431690458776171182, 0.8666051232822503669, 1.000000000000000000 ),
 ( 0.000000000000000000, 1.000000000000000000 ),
 .UNSPECIFIED. ) ;
#4893 = ORIENTED_EDGE ( 'NONE', *, *, #98, .F. ) ;
#4894 = CARTESIAN_POINT ( 'NONE',  ( 1.379845879715390522, 0.04000000000000000083, -0.5020266861008524373 ) ) ;
#4895 = LINE ( 'NONE', #1855, #4342 ) ;
#4896 = DIRECTION ( 'NONE',  ( -1.000000000000000000, 0.000000000000000000, 0.000000000000000000 ) ) ;
#4897 = CARTESIAN_POINT ( 'NONE',  ( 1.104550237444370753, 0.04000000000000000083, -0.5880286626417446927 ) ) ;
#4898 = CARTESIAN_POINT ( 'NONE',  ( 1.976532787042074135, 0.000000000000000000, -0.7328658653892226038 ) ) ;
#4899 = AXIS2_PLACEMENT_3D ( 'NONE', #804, #4181, #5161 ) ;
#4900 = ORIENTED_EDGE ( 'NONE', *, *, #4949, .T. ) ;
#4901 = EDGE_LOOP ( 'NONE', ( #2519, #1099, #4447, #2528, #4549, #4477 ) ) ;
#4902 = ORIENTED_EDGE ( 'NONE', *, *, #1728, .T. ) ;
#4903 = CARTESIAN_POINT ( 'NONE',  ( 2.113343419633694875, 0.000000000000000000, -0.7077921830871947151 ) ) ;
#4904 = CARTESIAN_POINT ( 'NONE',  ( 1.988666322972035161, 0.04000000000000000083, -0.6837113544980910618 ) ) ;
#4905 = CARTESIAN_POINT ( 'NONE',  ( 1.598617746523097294, 0.04000000000000000083, -0.4910786117551032004 ) ) ;
#4906 = CARTESIAN_POINT ( 'NONE',  ( 1.771241987179906108, 0.000000000000000000, -0.6956250000000001599 ) ) ;
#4907 = CARTESIAN_POINT ( 'NONE',  ( 1.006420498838386912, 0.000000000000000000, -0.5022524685038082248 ) ) ;
#4908 = CARTESIAN_POINT ( 'NONE',  ( 2.086769330929905131, 0.000000000000000000, -0.4893750000000000044 ) ) ;
#4909 = CARTESIAN_POINT ( 'NONE',  ( 1.769923627804905752, 0.000000000000000000, -0.5331249999999999600 ) ) ;
#4910 = DIRECTION ( 'NONE',  ( 0.000000000000000000, -1.000000000000000000, 0.000000000000000000 ) ) ;
#4911 = CARTESIAN_POINT ( 'NONE',  ( 1.528193775660272591, 0.04000000000000000083, -0.7140213084126223464 ) ) ;
#4912 = CARTESIAN_POINT ( 'NONE',  ( 1.922865762372156340, 0.04000000000000000083, -0.6636299963044934858 ) ) ;
#4913 = CARTESIAN_POINT ( 'NONE',  ( 1.952926659418518840, 0.000000000000000000, -0.5984973928187045100 ) ) ;
#4914 = ORIENTED_EDGE ( 'NONE', *, *, #4788, .T. ) ;
#4915 = VECTOR ( 'NONE', #4628, 39.37007874015748143 ) ;
#4916 = LINE ( 'NONE', #50, #4989 ) ;
#4917 = CARTESIAN_POINT ( 'NONE',  ( 1.238370542610794933, 0.000000000000000000, -0.7215162773531212936 ) ) ;
#4918 = CARTESIAN_POINT ( 'NONE',  ( 1.751759565304905619, 0.04000000000000000083, -0.6237500000000000266 ) ) ;
#4919 = EDGE_LOOP ( 'NONE', ( #2666, #364, #986, #5010 ) ) ;
#4920 = CARTESIAN_POINT ( 'NONE',  ( 0.9003140876050503838, 0.04000000000000000083, -0.7124100590933337696 ) ) ;
#4921 = ORIENTED_EDGE ( 'NONE', *, *, #972, .F. ) ;
#4922 = CARTESIAN_POINT ( 'NONE',  ( 1.664491142161984572, 0.000000000000000000, -0.6731983133695433885 ) ) ;
#4923 = CARTESIAN_POINT ( 'NONE',  ( 0.9541399169134242575, 0.000000000000000000, -0.7096467500054416400 ) ) ;
#4924 = EDGE_CURVE ( 'NONE', #4741, #4486, #1780, .T. ) ;
#4925 = VECTOR ( 'NONE', #942, 39.37007874015748143 ) ;
#4926 = CARTESIAN_POINT ( 'NONE',  ( 1.115924062737381650, 0.000000000000000000, -0.6372473612529567788 ) ) ;
#4927 = AXIS2_PLACEMENT_3D ( 'NONE', #925, #891, #5377 ) ;
#4928 = CARTESIAN_POINT ( 'NONE',  ( 1.141991381153823593, 0.000000000000000000, -0.5831681608761835056 ) ) ;
#4929 = CARTESIAN_POINT ( 'NONE',  ( 0.7241447959337304896, -0.000000000000000000, -0.4894625474206326099 ) ) ;
#4930 = ORIENTED_EDGE ( 'NONE', *, *, #6108, .T. ) ;
#4931 = DIRECTION ( 'NONE',  ( 0.000000000000000000, 0.000000000000000000, 1.000000000000000000 ) ) ;
#4932 = CARTESIAN_POINT ( 'NONE',  ( 1.838282755252247602, 0.000000000000000000, -0.6248297380482389363 ) ) ;
#4933 = DIRECTION ( 'NONE',  ( 1.000000000000000000, 0.000000000000000000, 0.000000000000000000 ) ) ;
#4934 = CARTESIAN_POINT ( 'NONE',  ( 1.740454092043963064, 0.04000000000000000083, -0.6888545350961746694 ) ) ;
#4935 = CARTESIAN_POINT ( 'NONE',  ( 1.107179487179905886, 0.000000000000000000, -0.6598339843749999600 ) ) ;
#4936 = CARTESIAN_POINT ( 'NONE',  ( 0.6948872731656431379, 0.000000000000000000, -0.7153414717591428662 ) ) ;
#4937 = CARTESIAN_POINT ( 'NONE',  ( 1.772498423178937799, -0.000000000000000000, -0.5331913355487007955 ) ) ;
#4938 = CARTESIAN_POINT ( 'NONE',  ( 1.984545047573996079, 0.04000000000000000083, -0.6406349633961228029 ) ) ;
#4939 = CARTESIAN_POINT ( 'NONE',  ( 1.973712058032422778, 0.04000000000000000083, -0.7320828900431357589 ) ) ;
#4940 = CARTESIAN_POINT ( 'NONE',  ( 1.529863366413430237, 0.000000000000000000, -0.7188059347168455071 ) ) ;
#4941 = CARTESIAN_POINT ( 'NONE',  ( 1.972365034054905486, 0.04000000000000000083, -0.7317089843750000933 ) ) ;
#4942 = EDGE_CURVE ( 'NONE', #5803, #4776, #2827, .T. ) ;
#4943 = CARTESIAN_POINT ( 'NONE',  ( 0.9009294871799053972, 0.000000000000000000, -0.5198437500000000488 ) ) ;
#4944 = EDGE_CURVE ( 'NONE', #2985, #2139, #1845, .T. ) ;
#4945 = EDGE_LOOP ( 'NONE', ( #6164, #5689, #2401, #289 ) ) ;
#4946 = PLANE ( 'NONE',  #5594 ) ;
#4947 = DIRECTION ( 'NONE',  ( -1.000000000000000000, 0.000000000000000000, -0.000000000000000000 ) ) ;
#4948 = DIRECTION ( 'NONE',  ( 0.000000000000000000, -0.000000000000000000, -1.000000000000000000 ) ) ;
#4949 = EDGE_CURVE ( 'NONE', #5788, #3255, #5203, .T. ) ;
#4950 = CARTESIAN_POINT ( 'NONE',  ( 1.006398639980607523, 0.000000000000000000, -0.7265893274304040528 ) ) ;
#4951 = ORIENTED_EDGE ( 'NONE', *, *, #2055, .T. ) ;
#4952 = CARTESIAN_POINT ( 'NONE',  ( 0.9557921979920567246, 0.04000000000000000083, -0.5083359794443373936 ) ) ;
#4953 = ORIENTED_EDGE ( 'NONE', *, *, #1581, .T. ) ;
#4954 = CARTESIAN_POINT ( 'NONE',  ( 1.376002534677285949, 0.000000000000000000, -0.5174111302577745208 ) ) ;
#4955 = LINE ( 'NONE', #5879, #1064 ) ;
#4956 = CARTESIAN_POINT ( 'NONE',  ( 2.104999999999999982, 0.000000000000000000, -0.1250000000000000278 ) ) ;
#4957 = CARTESIAN_POINT ( 'NONE',  ( 0.8625570961444087859, 0.04000000000000000083, -0.7387827557922144184 ) ) ;
#4958 = CARTESIAN_POINT ( 'NONE',  ( 1.386586445447966165, 0.000000000000000000, -0.7303482480404905886 ) ) ;
#4959 = ORIENTED_EDGE ( 'NONE', *, *, #209, .F. ) ;
#4960 = VERTEX_POINT ( 'NONE', #1209 ) ;
#4961 = ORIENTED_EDGE ( 'NONE', *, *, #5996, .F. ) ;
#4962 = CARTESIAN_POINT ( 'NONE',  ( 2.094430632894472399, 0.04000000000000000083, -0.7344148740484145454 ) ) ;
#4963 = DIRECTION ( 'NONE',  ( 0.000000000000000000, -1.000000000000000000, 0.000000000000000000 ) ) ;
#4964 = CARTESIAN_POINT ( 'NONE',  ( 0.6988641811770868184, 0.04000000000000000083, -0.5027176849446669538 ) ) ;
#4965 = FACE_OUTER_BOUND ( 'NONE', #1670, .T. ) ;
#4966 = CARTESIAN_POINT ( 'NONE',  ( 0.8717019066464760657, 0.000000000000000000, -0.7393013101592029734 ) ) ;
#4967 = CARTESIAN_POINT ( 'NONE',  ( 1.529863366413430237, 0.04000000000000000083, -0.7188059347168455071 ) ) ;
#4968 = CARTESIAN_POINT ( 'NONE',  ( 1.104550237444370753, 0.000000000000000000, -0.5880286626417446927 ) ) ;
#4969 = FACE_OUTER_BOUND ( 'NONE', #1849, .T. ) ;
#4970 = CARTESIAN_POINT ( 'NONE',  ( 1.063098356008050915, 0.04000000000000000083, -0.7053616767970833923 ) ) ;
#4971 = CARTESIAN_POINT ( 'NONE',  ( 1.837336015419612334, 0.04000000000000000083, -0.6337440644695004899 ) ) ;
#4972 = CARTESIAN_POINT ( 'NONE',  ( 1.694613477266188939, -0.000000000000000000, -0.6237233461077282826 ) ) ;
#4973 = DIRECTION ( 'NONE',  ( -0.7071067811865465735, -0.000000000000000000, -0.7071067811865485719 ) ) ;
#4974 = VERTEX_POINT ( 'NONE', #342 ) ;
#4975 = EDGE_CURVE ( 'NONE', #3268, #3236, #2526, .T. ) ;
#4976 = CARTESIAN_POINT ( 'NONE',  ( 1.765314851565303433, 0.000000000000000000, -0.4894335053759544807 ) ) ;
#4977 = DIRECTION ( 'NONE',  ( 1.000000000000000000, 0.000000000000000000, -0.000000000000000000 ) ) ;
#4978 = EDGE_CURVE ( 'NONE', #3767, #3110, #3900, .T. ) ;
#4979 = CARTESIAN_POINT ( 'NONE',  ( 1.157911909054905708, 0.04000000000000000083, -0.6925000000000000044 ) ) ;
#4980 = EDGE_CURVE ( 'NONE', #818, #1130, #465, .T. ) ;
#4981 = CARTESIAN_POINT ( 'NONE',  ( 0.7626869087248968615, 0.000000000000000000, -0.5132015219545007501 ) ) ;
#4982 = ORIENTED_EDGE ( 'NONE', *, *, #6051, .T. ) ;
#4983 = CARTESIAN_POINT ( 'NONE',  ( 1.392167759854682441, 0.04000000000000000083, -0.4911824671211253435 ) ) ;
#4984 = CARTESIAN_POINT ( 'NONE',  ( 0.9817290272152714437, 0.000000000000000000, -0.7392844530789838275 ) ) ;
#4985 = CARTESIAN_POINT ( 'NONE',  ( 0.9774285247949268118, 0.000000000000000000, -0.4896414070140062136 ) ) ;
#4986 = CARTESIAN_POINT ( 'NONE',  ( 0.8351230133880261919, 0.04000000000000000083, -0.7143722516419394042 ) ) ;
#4987 = CARTESIAN_POINT ( 'NONE',  ( 1.939531165635440590, 0.000000000000000000, -0.7112607086607197759 ) ) ;
#4988 = ORIENTED_EDGE ( 'NONE', *, *, #2689, .T. ) ;
#4989 = VECTOR ( 'NONE', #5968, 39.37007874015748143 ) ;
#4990 = ORIENTED_EDGE ( 'NONE', *, *, #4924, .T. ) ;
#4991 = DIRECTION ( 'NONE',  ( -0.000000000000000000, -1.000000000000000000, -0.000000000000000000 ) ) ;
#4992 = CARTESIAN_POINT ( 'NONE',  ( 1.837336015419612334, 0.000000000000000000, -0.6337440644695004899 ) ) ;
#4993 = CARTESIAN_POINT ( 'NONE',  ( 1.131395906212588676, 0.000000000000000000, -0.7359727928301216249 ) ) ;
#4994 = CARTESIAN_POINT ( 'NONE',  ( 1.006420498838386912, 0.04000000000000000083, -0.5022524685038082248 ) ) ;
#4995 = VERTEX_POINT ( 'NONE', #4800 ) ;
#4996 = DIRECTION ( 'NONE',  ( 0.000000000000000000, -0.000000000000000000, 1.000000000000000000 ) ) ;
#4997 = CARTESIAN_POINT ( 'NONE',  ( 2.057257510028259517, 0.000000000000000000, -0.5186778385476670250 ) ) ;
#4998 = DIRECTION ( 'NONE',  ( -0.000000000000000000, -1.000000000000000000, -0.000000000000000000 ) ) ;
#4999 = CARTESIAN_POINT ( 'NONE',  ( 1.533394957509973899, 0.000000000000000000, -0.7262016775290135451 ) ) ;
#5000 = CARTESIAN_POINT ( 'NONE',  ( 2.057179487179905397, 0.000000000000000000, -0.5831250000000000044 ) ) ;
#5001 = CARTESIAN_POINT ( 'NONE',  ( 1.375929487179905486, 0.04000000000000000083, -0.5195996093750000488 ) ) ;
#5002 = B_SPLINE_CURVE_WITH_KNOTS ( 'NONE', 3,
 ( #2117, #4048, #1123, #2611, #5958, #2150, #3630, #106, #4076, #2544, #6077, #1220, #5989, #4616, #2088 ),
 .UNSPECIFIED., .F., .F.,
 ( 4, 1, 1, 1, 1, 1, 1, 1, 1, 1, 1, 1, 4 ),
 ( 0.000000000000000000, 0.09205312451680723596, 0.1769450435511222830, 0.2538380710616470748, 0.3234417386752869161, 0.3904016918865663710, 0.4607757796727417476, 0.5324700122916071754, 0.6105580655028191028, 0.6951179418603872229, 0.7882534485539408609, 0.8894766297257150622, 1.000000000000000000 ),
 .UNSPECIFIED. ) ;
#5003 = EDGE_LOOP ( 'NONE', ( #2536, #4350, #3593, #2961 ) ) ;
#5004 = ORIENTED_EDGE ( 'NONE', *, *, #5131, .F. ) ;
#5005 = CARTESIAN_POINT ( 'NONE',  ( 1.684434984871821639, 0.04000000000000000083, -0.5103719722821387084 ) ) ;
#5006 = LINE ( 'NONE', #684, #2678 ) ;
#5007 = CARTESIAN_POINT ( 'NONE',  ( 2.110245542610794445, 0.04000000000000000083, -0.7215162773531212936 ) ) ;
#5008 = VECTOR ( 'NONE', #4504, 39.37007874015748143 ) ;
#5009 = CARTESIAN_POINT ( 'NONE',  ( 2.079396284054905397, 0.000000000000000000, -0.7362499999999999600 ) ) ;
#5010 = ORIENTED_EDGE ( 'NONE', *, *, #671, .T. ) ;
#5011 = CARTESIAN_POINT ( 'NONE',  ( 1.050929487179905975, 0.000000000000000000, -0.6608593750000001377 ) ) ;
#5012 = CARTESIAN_POINT ( 'NONE',  ( 1.404298627804905442, 0.000000000000000000, -0.4893750000000000044 ) ) ;
#5013 = CARTESIAN_POINT ( 'NONE',  ( 0.9774285247949268118, 0.000000000000000000, -0.4896414070140062136 ) ) ;
#5014 = CARTESIAN_POINT ( 'NONE',  ( 0.9542919257015421985, 0.000000000000000000, -0.5147207550859113079 ) ) ;
#5015 = CARTESIAN_POINT ( 'NONE',  ( 1.051008731520458150, 0.04000000000000000083, -0.6578450886893919547 ) ) ;
#5016 = CARTESIAN_POINT ( 'NONE',  ( 1.922804487179905264, 0.000000000000000000, -0.6608593750000000266 ) ) ;
#5017 = EDGE_CURVE ( 'NONE', #2859, #1338, #2857, .T. ) ;
#5018 = VERTEX_POINT ( 'NONE', #5809 ) ;
#5019 = EDGE_CURVE ( 'NONE', #352, #3300, #3870, .T. ) ;
#5020 = ORIENTED_EDGE ( 'NONE', *, *, #5134, .T. ) ;
#5021 = ORIENTED_EDGE ( 'NONE', *, *, #5714, .T. ) ;
#5022 = CARTESIAN_POINT ( 'NONE',  ( 2.102864168791268362, 0.000000000000000000, -0.7305022709825920169 ) ) ;
#5023 = AXIS2_PLACEMENT_3D ( 'NONE', #2761, #1779, #5173 ) ;
#5024 = CARTESIAN_POINT ( 'NONE',  ( 1.493973960459992423, -0.000000000000000000, -0.4894559208444422826 ) ) ;
#5025 = DIRECTION ( 'NONE',  ( 0.000000000000000000, -0.000000000000000000, 1.000000000000000000 ) ) ;
#5026 = VECTOR ( 'NONE', #6208, 39.37007874015748143 ) ;
#5027 = ORIENTED_EDGE ( 'NONE', *, *, #120, .F. ) ;
#5028 = CARTESIAN_POINT ( 'NONE',  ( 2.057179487179905397, 0.000000000000000000, -0.5209667968750000266 ) ) ;
#5029 = CARTESIAN_POINT ( 'NONE',  ( 2.064929235405824404, 0.000000000000000000, -0.4978859496103231752 ) ) ;
#5030 = EDGE_CURVE ( 'NONE', #5473, #476, #5841, .T. ) ;
#5031 = ADVANCED_FACE ( 'NONE', ( #3422 ), #4684, .T. ) ;
#5032 = CARTESIAN_POINT ( 'NONE',  ( 1.664406049679905797, 0.04000000000000000083, -0.6747265625000000711 ) ) ;
#5033 = CARTESIAN_POINT ( 'NONE',  ( 1.412013471554905530, 0.04000000000000000083, -0.7362499999999999600 ) ) ;
#5034 =( NAMED_UNIT ( * ) SI_UNIT ( $, .STERADIAN. ) SOLID_ANGLE_UNIT ( ) );
#5035 = CARTESIAN_POINT ( 'NONE',  ( 1.925934603288674385, 0.04000000000000000083, -0.6353857216656664253 ) ) ;
#5036 = ORIENTED_EDGE ( 'NONE', *, *, #4116, .T. ) ;
#5037 = CARTESIAN_POINT ( 'NONE',  ( 1.496241987179905752, 0.000000000000000000, -0.4893750000000001155 ) ) ;
#5038 = LINE ( 'NONE', #4562, #6310 ) ;
#5039 = CARTESIAN_POINT ( 'NONE',  ( 0.8905803518740539326, 0.000000000000000000, -0.4937336027666552329 ) ) ;
#5040 = CARTESIAN_POINT ( 'NONE',  ( 1.886116638024798453, 0.000000000000000000, -0.5625483926388011868 ) ) ;
#5041 = VECTOR ( 'NONE', #5101, 39.37007874015748143 ) ;
#5042 = CARTESIAN_POINT ( 'NONE',  ( 1.008685021262136328, 0.04000000000000000083, -0.7209525945835419947 ) ) ;
#5043 = EDGE_LOOP ( 'NONE', ( #5051, #3426, #2601, #469 ) ) ;
#5044 = FACE_OUTER_BOUND ( 'NONE', #1773, .T. ) ;
#5045 = CARTESIAN_POINT ( 'NONE',  ( 0.9713664042163668855, 0.000000000000000000, -0.7374641792590741485 ) ) ;
#5046 = EDGE_CURVE ( 'NONE', #3684, #3947, #21, .T. ) ;
#5047 = CARTESIAN_POINT ( 'NONE',  ( 0.8702165965549053528, 0.000000000000000000, -0.7393750000000000044 ) ) ;
#5048 = B_SPLINE_CURVE_WITH_KNOTS ( 'NONE', 3,
 ( #973, #2920, #2951, #1908, #5872, #5303, #3901, #1484, #2858, #4378, #3871 ),
 .UNSPECIFIED., .F., .F.,
 ( 4, 1, 1, 1, 1, 1, 1, 1, 4 ),
 ( 0.000000000000000000, 0.1229088741204422824, 0.2364516494111417177, 0.3479825443924760009, 0.4617666234886315113, 0.5802917925316444236, 0.7062604613274525711, 0.8451898420971099002, 1.000000000000000000 ),
 .UNSPECIFIED. ) ;
#5049 = DIRECTION ( 'NONE',  ( -0.000000000000000000, -1.000000000000000000, -0.000000000000000000 ) ) ;
#5050 = CARTESIAN_POINT ( 'NONE',  ( 1.409419473140379742, -0.000000000000000000, -0.7361919806855357074 ) ) ;
#5051 = ORIENTED_EDGE ( 'NONE', *, *, #1486, .F. ) ;
#5052 = ORIENTED_EDGE ( 'NONE', *, *, #5069, .T. ) ;
#5053 = ORIENTED_EDGE ( 'NONE', *, *, #4732, .F. ) ;
#5054 = LINE ( 'NONE', #2634, #4297 ) ;
#5055 = CARTESIAN_POINT ( 'NONE',  ( 1.823938795864575635, 0.000000000000000000, -0.6701617500199026356 ) ) ;
#5056 = CARTESIAN_POINT ( 'NONE',  ( 1.138020144867603278, 0.000000000000000000, -0.7362523579507952443 ) ) ;
#5057 = ADVANCED_FACE ( 'NONE', ( #1968 ), #3933, .T. ) ;
#5058 = ORIENTED_EDGE ( 'NONE', *, *, #65, .T. ) ;
#5059 = CARTESIAN_POINT ( 'NONE',  ( 1.074656226345996446, 0.000000000000000000, -0.6032118762582028282 ) ) ;
#5060 = CARTESIAN_POINT ( 'NONE',  ( 1.710304487179905575, 0.000000000000000000, -0.5480664062500000266 ) ) ;
#5061 = LINE ( 'NONE', #2060, #616 ) ;
#5062 = CARTESIAN_POINT ( 'NONE',  ( 1.375986807546271340, 0.04000000000000000083, -0.7106320226300181231 ) ) ;
#5063 = CARTESIAN_POINT ( 'NONE',  ( 1.691057947734114331, 0.000000000000000000, -0.6236713845239659770 ) ) ;
#5064 = B_SPLINE_CURVE_WITH_KNOTS ( 'NONE', 3,
 ( #4570, #5015, #5523, #2171, #2105, #6035, #158, #1240, #277, #4067, #3201, #4668, #6065, #1679, #5583, #6128, #2301, #341, #911 ),
 .UNSPECIFIED., .F., .F.,
 ( 4, 1, 1, 1, 1, 1, 1, 1, 1, 1, 1, 1, 1, 1, 1, 1, 4 ),
 ( 0.000000000000000000, 0.06471401816636546123, 0.1260074759657009158, 0.1848404604205493573, 0.2412139089641156531, 0.2962365839730131123, 0.3506218337640996663, 0.4049891146124617869, 0.4601104791148301065, 0.5167961286223616835, 0.5752343926751204428, 0.6364091737907190405, 0.7005078337452680382, 0.7688271593737624476, 0.8409926476957445551, 0.9181950594621326456, 1.000000000000000000 ),
 .UNSPECIFIED. ) ;
#5065 = CARTESIAN_POINT ( 'NONE',  ( 1.433115318383023640, 0.04000000000000000083, -0.7361275896145631492 ) ) ;
#5066 = VERTEX_POINT ( 'NONE', #1515 ) ;
#5067 = PLANE ( 'NONE',  #3354 ) ;
#5068 = EDGE_CURVE ( 'NONE', #1880, #1656, #1584, .T. ) ;
#5069 = EDGE_CURVE ( 'NONE', #3547, #3457, #152, .T. ) ;
#5070 = CARTESIAN_POINT ( 'NONE',  ( 1.185304487179905886, 0.04000000000000000083, -0.6268749999999999600 ) ) ;
#5071 = CARTESIAN_POINT ( 'NONE',  ( 0.8777482983523854365, -0.000000000000000000, -0.4894554326371468034 ) ) ;
#5072 = CARTESIAN_POINT ( 'NONE',  ( 2.112943956533414713, 0.04000000000000000083, -0.7116585904362078274 ) ) ;
#5073 = CARTESIAN_POINT ( 'NONE',  ( 1.461156639516344669, 0.000000000000000000, -0.5198684452770315767 ) ) ;
#5074 = CARTESIAN_POINT ( 'NONE',  ( 1.828228106193082958, 0.04000000000000000083, -0.5655082474758671429 ) ) ;
#5075 = ORIENTED_EDGE ( 'NONE', *, *, #2340, .F. ) ;
#5076 = CIRCLE ( 'NONE', #372, 0.06425000000000000155 ) ;
#5077 = CARTESIAN_POINT ( 'NONE',  ( 1.115870893429905752, 0.000000000000000000, -0.6829296874999999378 ) ) ;
#5078 = CARTESIAN_POINT ( 'NONE',  ( 1.185304487179905886, 0.04000000000000000083, -0.6925000000000000044 ) ) ;
#5079 = CARTESIAN_POINT ( 'NONE',  ( 0.8591856055488283905, 0.04000000000000000083, -0.4938918121870692901 ) ) ;
#5080 = PLANE ( 'NONE',  #5431 ) ;
#5081 = PLANE ( 'NONE',  #3599 ) ;
#5082 = DIRECTION ( 'NONE',  ( 1.000000000000000000, 0.000000000000000000, -0.000000000000000000 ) ) ;
#5083 = ORIENTED_EDGE ( 'NONE', *, *, #3002, .T. ) ;
#5084 = EDGE_LOOP ( 'NONE', ( #5981, #510, #882, #3243, #3714, #4610 ) ) ;
#5085 = CARTESIAN_POINT ( 'NONE',  ( 2.091062328429526662, 0.000000000000000000, -0.7352390000847036644 ) ) ;
#5086 = CARTESIAN_POINT ( 'NONE',  ( 1.404298627804905442, 0.000000000000000000, -0.4893750000000000044 ) ) ;
#5087 = LINE ( 'NONE', #698, #5345 ) ;
#5088 = CARTESIAN_POINT ( 'NONE',  ( 1.104657787042074624, 0.04000000000000000083, -0.7328658653892223818 ) ) ;
#5089 = VECTOR ( 'NONE', #1175, 39.37007874015748143 ) ;
#5090 = ORIENTED_EDGE ( 'NONE', *, *, #873, .T. ) ;
#5091 = DIRECTION ( 'NONE',  ( 1.000000000000000000, 0.000000000000000000, -0.000000000000000000 ) ) ;
#5092 = CARTESIAN_POINT ( 'NONE',  ( 0.5624375055665796763, 0.07000000000000000666, -0.8622057382686417748 ) ) ;
#5093 = ADVANCED_FACE ( 'NONE', ( #3577 ), #3044, .T. ) ;
#5094 = CARTESIAN_POINT ( 'NONE',  ( 1.657186911217147784, 0.000000000000000000, -0.5455585947241952116 ) ) ;
#5095 = CARTESIAN_POINT ( 'NONE',  ( 1.683242799315642024, 0.04000000000000000083, -0.7105331776193423154 ) ) ;
#5096 = CARTESIAN_POINT ( 'NONE',  ( 1.837365641014719220, 0.000000000000000000, -0.5965159553965388994 ) ) ;
#5097 = CARTESIAN_POINT ( 'NONE',  ( 1.478404088627531143, 0.000000000000000000, -0.4930660046446770362 ) ) ;
#5098 = B_SPLINE_SURFACE_WITH_KNOTS ( 'NONE', 3, 1, ( 
 ( #946, #5844 ),
 ( #2306, #6196 ),
 ( #3488, #3018 ),
 ( #4920, #3968 ),
 ( #25, #3999 ),
 ( #4411, #5459 ),
 ( #5366, #1971 ) ),
 .UNSPECIFIED., .F., .F., .F.,
 ( 4, 1, 1, 1, 4 ),
 ( 2, 2 ),
 ( 0.000000000000000000, 0.2943402270832192191, 0.5600815636156156740, 0.7933767436914694882, 1.000000000000000000 ),
 ( 0.000000000000000000, 1.000000000000000000 ),
 .UNSPECIFIED. ) ;
#5099 = ORIENTED_EDGE ( 'NONE', *, *, #3522, .F. ) ;
#5100 = CARTESIAN_POINT ( 'NONE',  ( 1.588527143429905530, 0.000000000000000000, -0.4893750000000000044 ) ) ;
#5101 = DIRECTION ( 'NONE',  ( -0.000000000000000000, -1.000000000000000000, -0.000000000000000000 ) ) ;
#5102 = CARTESIAN_POINT ( 'NONE',  ( 0.6947506969205405891, 0.000000000000000000, -0.7111116464360122125 ) ) ;
#5103 = CARTESIAN_POINT ( 'NONE',  ( 1.558888402621585678, 0.000000000000000000, -0.7361794251699712577 ) ) ;
#5104 = CARTESIAN_POINT ( 'NONE',  ( 1.761735317671229817, 0.000000000000000000, -0.5332466344749231535 ) ) ;
#5105 = CARTESIAN_POINT ( 'NONE',  ( 1.875431796667851980, 0.04000000000000000083, -0.5408623662470751770 ) ) ;
#5106 = LINE ( 'NONE', #3134, #5970 ) ;
#5107 = CARTESIAN_POINT ( 'NONE',  ( 1.827661828411983214, 0.04000000000000000083, -0.6640829252053401799 ) ) ;
#5108 = CARTESIAN_POINT ( 'NONE',  ( 1.969707163975085829, -0.000000000000000000, -0.7308371393224524226 ) ) ;
#5109 = DIRECTION ( 'NONE',  ( -0.000000000000000000, -1.000000000000000000, -0.000000000000000000 ) ) ;
#5110 = VECTOR ( 'NONE', #1632, 39.37007874015748143 ) ;
#5111 = B_SPLINE_CURVE_WITH_KNOTS ( 'NONE', 3,
 ( #547, #4813, #6271, #4905, #5792, #4842, #927, #3, #4451, #480, #1500 ),
 .UNSPECIFIED., .F., .F.,
 ( 4, 1, 1, 1, 1, 1, 1, 1, 4 ),
 ( 0.000000000000000000, 0.1196506913845639536, 0.2323942988104791274, 0.3415846489330138791, 0.4540851286129701792, 0.5719373066527821958, 0.6999891916916327617, 0.8408352924363500236, 1.000000000000000000 ),
 .UNSPECIFIED. ) ;
#5112 = CARTESIAN_POINT ( 'NONE',  ( 1.981037933886112601, 0.04000000000000000083, -0.7337673975142066096 ) ) ;
#5113 = ORIENTED_EDGE ( 'NONE', *, *, #909, .T. ) ;
#5114 = VERTEX_POINT ( 'NONE', #1038 ) ;
#5115 = ADVANCED_FACE ( 'NONE', ( #2069 ), #2555, .T. ) ;
#5116 = FACE_OUTER_BOUND ( 'NONE', #557, .T. ) ;
#5117 = CARTESIAN_POINT ( 'NONE',  ( 1.508745516350300298, 0.000000000000000000, -0.4915347143449858014 ) ) ;
#5118 = DIRECTION ( 'NONE',  ( -1.000000000000000000, 0.000000000000000000, 0.000000000000000000 ) ) ;
#5119 = FACE_OUTER_BOUND ( 'NONE', #633, .T. ) ;
#5120 = EDGE_CURVE ( 'NONE', #1555, #4069, #4500, .T. ) ;
#5121 = ORIENTED_EDGE ( 'NONE', *, *, #1183, .F. ) ;
#5122 = CARTESIAN_POINT ( 'NONE',  ( 1.588527143429905530, 0.000000000000000000, -0.4893750000000000044 ) ) ;
#5123 = CARTESIAN_POINT ( 'NONE',  ( 0.9540544871799059301, 0.000000000000000000, -0.7072949218750000933 ) ) ;
#5124 = CARTESIAN_POINT ( 'NONE',  ( 1.669359781745054949, 0.000000000000000000, -0.5194307890960563334 ) ) ;
#5125 = VECTOR ( 'NONE', #5662, 39.37007874015748854 ) ;
#5126 = CARTESIAN_POINT ( 'NONE',  ( 1.831433209737319601, 0.04000000000000000083, -0.5723111445099197114 ) ) ;
#5127 = ORIENTED_EDGE ( 'NONE', *, *, #4752, .F. ) ;
#5128 = CARTESIAN_POINT ( 'NONE',  ( 1.496241987179905752, 0.04000000000000000083, -0.4893750000000001155 ) ) ;
#5129 = EDGE_CURVE ( 'NONE', #612, #3212, #3928, .T. ) ;
#5130 = CARTESIAN_POINT ( 'NONE',  ( 2.027034734310539488, 0.000000000000000000, -0.6269035143893506579 ) ) ;
#5131 = EDGE_CURVE ( 'NONE', #4412, #5421, #2478, .T. ) ;
#5132 = CARTESIAN_POINT ( 'NONE',  ( 1.693409955929905619, 0.000000000000000000, -0.6500195312500000044 ) ) ;
#5133 = DIRECTION ( 'NONE',  ( 0.000000000000000000, 1.000000000000000000, 0.000000000000000000 ) ) ;
#5134 = EDGE_CURVE ( 'NONE', #5280, #4000, #5372, .T. ) ;
#5135 = CARTESIAN_POINT ( 'NONE',  ( 0.7058091336034709729, 0.04000000000000000083, -0.7349402306124369622 ) ) ;
#5136 = CARTESIAN_POINT ( 'NONE',  ( 1.125190884624478249, 0.04000000000000000083, -0.7356584067465468113 ) ) ;
#5137 = CARTESIAN_POINT ( 'NONE',  ( 1.767170879987526755, 0.04000000000000000083, -0.5331658911032798320 ) ) ;
#5138 = CARTESIAN_POINT ( 'NONE',  ( 1.225846635246174987, 0.000000000000000000, -0.4912065637766127035 ) ) ;
#5139 = DIRECTION ( 'NONE',  ( 0.000000000000000000, 0.000000000000000000, -1.000000000000000000 ) ) ;
#5140 = AXIS2_PLACEMENT_3D ( 'NONE', #5362, #84, #4947 ) ;
#5141 = CARTESIAN_POINT ( 'NONE',  ( 1.894583119666773063, 0.04000000000000000083, -0.6189702593203569858 ) ) ;
#5142 = FACE_OUTER_BOUND ( 'NONE', #1052, .T. ) ;
#5143 = CARTESIAN_POINT ( 'NONE',  ( 2.109560893904240508, 0.000000000000000000, -0.5022764856182352355 ) ) ;
#5144 = CARTESIAN_POINT ( 'NONE',  ( 1.126579248247542742, 0.04000000000000000083, -0.6888589245931213689 ) ) ;
#5145 = ORIENTED_EDGE ( 'NONE', *, *, #5069, .F. ) ;
#5146 = VERTEX_POINT ( 'NONE', #1673 ) ;
#5147 = CARTESIAN_POINT ( 'NONE',  ( 1.375929487179905486, 0.000000000000000000, -0.7068066406249999822 ) ) ;
#5148 = FACE_OUTER_BOUND ( 'NONE', #4919, .T. ) ;
#5149 = DIRECTION ( 'NONE',  ( -0.000000000000000000, -1.000000000000000000, -0.000000000000000000 ) ) ;
#5150 = CARTESIAN_POINT ( 'NONE',  ( 1.979140499518346363, 0.04000000000000000083, -0.6621100154890268152 ) ) ;
#5151 = B_SPLINE_CURVE_WITH_KNOTS ( 'NONE', 3,
 ( #6042, #3143, #3652, #5589, #2275, #193, #1658, #2241, #1180, #226, #5086 ),
 .UNSPECIFIED., .F., .F.,
 ( 4, 1, 1, 1, 1, 1, 1, 1, 4 ),
 ( 0.000000000000000000, 0.1395642491078828151, 0.2676158841578833436, 0.3871625851447760835, 0.5033746567004202532, 0.6189297495907163382, 0.7365412102021500207, 0.8613167564720007885, 1.000000000000000000 ),
 .UNSPECIFIED. ) ;
#5152 = AXIS2_PLACEMENT_3D ( 'NONE', #5078, #4188, #3644 ) ;
#5153 = ORIENTED_EDGE ( 'NONE', *, *, #2974, .T. ) ;
#5154 = CYLINDRICAL_SURFACE ( 'NONE', #5433, 0.1249999999999999584 ) ;
#5155 = CARTESIAN_POINT ( 'NONE',  ( 1.185382510028260228, 0.000000000000000000, -0.5186778385476670250 ) ) ;
#5156 = FACE_OUTER_BOUND ( 'NONE', #4419, .T. ) ;
#5157 = CARTESIAN_POINT ( 'NONE',  ( 1.838281702508807403, 0.04000000000000000083, -0.6058431670515889156 ) ) ;
#5158 = ORIENTED_EDGE ( 'NONE', *, *, #5253, .F. ) ;
#5159 = CARTESIAN_POINT ( 'NONE',  ( 0.5624375055665796763, 0.000000000000000000, -0.8622057382686417748 ) ) ;
#5160 = CARTESIAN_POINT ( 'NONE',  ( 1.193054235405824004, 0.04000000000000000083, -0.4978859496103228977 ) ) ;
#5161 = DIRECTION ( 'NONE',  ( -1.000000000000000000, 0.000000000000000000, -0.000000000000000000 ) ) ;
#5162 = DIRECTION ( 'NONE',  ( 0.000000000000000000, 0.000000000000000000, -1.000000000000000000 ) ) ;
#5163 = CARTESIAN_POINT ( 'NONE',  ( 1.776353707618672395, 0.04000000000000000083, -0.5962752996905649194 ) ) ;
#5164 = CARTESIAN_POINT ( 'NONE',  ( 1.894400054854275872, 0.000000000000000000, -0.6005749975862315626 ) ) ;
#5165 = ORIENTED_EDGE ( 'NONE', *, *, #972, .T. ) ;
#5166 = FACE_OUTER_BOUND ( 'NONE', #6145, .T. ) ;
#5167 = B_SPLINE_CURVE_WITH_KNOTS ( 'NONE', 3,
 ( #35, #512, #4872, #5822, #3407, #2443, #1499, #1470, #3438, #858, #4778 ),
 .UNSPECIFIED., .F., .F.,
 ( 4, 1, 1, 1, 1, 1, 1, 1, 4 ),
 ( 0.000000000000000000, 0.1615399494669155500, 0.3053584822690652012, 0.4332607637433861791, 0.5478791969258786088, 0.6538167439720030671, 0.7577512807189702437, 0.8719633333694412070, 1.000000000000000000 ),
 .UNSPECIFIED. ) ;
#5168 = ORIENTED_EDGE ( 'NONE', *, *, #2017, .F. ) ;
#5169 = CARTESIAN_POINT ( 'NONE',  ( 1.237685893904240775, 0.04000000000000000083, -0.5022764856182353466 ) ) ;
#5170 = CARTESIAN_POINT ( 'NONE',  ( 1.658308644130744192, 0.04000000000000000083, -0.6027245569226415967 ) ) ;
#5171 = ADVANCED_FACE ( 'NONE', ( #2690 ), #285, .T. ) ;
#5172 = CARTESIAN_POINT ( 'NONE',  ( 0.8738356983049108129, 0.04000000000000000083, -0.4894727179906456782 ) ) ;
#5173 = DIRECTION ( 'NONE',  ( 0.000000000000000000, 0.000000000000000000, 1.000000000000000000 ) ) ;
#5174 = CARTESIAN_POINT ( 'NONE',  ( 1.704782003139035274, 0.04000000000000000083, -0.6524058314271993231 ) ) ;
#5175 = CARTESIAN_POINT ( 'NONE',  ( 1.143422436579220269, 8.537024980200822558E-18, -0.6920102964326763084 ) ) ;
#5176 = ADVANCED_FACE ( 'NONE', ( #302 ), #2180, .T. ) ;
#5177 = VERTEX_POINT ( 'NONE', #2848 ) ;
#5178 = ORIENTED_EDGE ( 'NONE', *, *, #5929, .F. ) ;
#5179 = CARTESIAN_POINT ( 'NONE',  ( 1.530605170206580601, 0.04000000000000000083, -0.5301263936895446172 ) ) ;
#5180 = ORIENTED_EDGE ( 'NONE', *, *, #3242, .F. ) ;
#5181 = LINE ( 'NONE', #2670, #1759 ) ;
#5182 = LINE ( 'NONE', #1787, #2025 ) ;
#5183 = VERTEX_POINT ( 'NONE', #3320 ) ;
#5184 = CARTESIAN_POINT ( 'NONE',  ( 1.428821296707037725, 0.000000000000000000, -0.5129039883238329933 ) ) ;
#5185 = CARTESIAN_POINT ( 'NONE',  ( 0.8478981602852648791, -0.000000000000000000, -0.5176555267358625700 ) ) ;
#5186 = DIRECTION ( 'NONE',  ( 0.000000000000000000, 1.000000000000000000, 0.000000000000000000 ) ) ;
#5187 = FACE_OUTER_BOUND ( 'NONE', #3373, .T. ) ;
#5188 = CARTESIAN_POINT ( 'NONE',  ( 1.664406049679905797, 0.000000000000000000, -0.6747265625000000711 ) ) ;
#5189 = VECTOR ( 'NONE', #900, 39.37007874015748143 ) ;
#5190 = CARTESIAN_POINT ( 'NONE',  ( 1.833988177525957219, 0.000000000000000000, -0.5797518390386818821 ) ) ;
#5191 = DIRECTION ( 'NONE',  ( 0.000000000000000000, 0.000000000000000000, -1.000000000000000000 ) ) ;
#5192 = CARTESIAN_POINT ( 'NONE',  ( 1.211632787569097980, 0.000000000000000000, -0.7362273807603317843 ) ) ;
#5193 = FACE_OUTER_BOUND ( 'NONE', #5003, .T. ) ;
#5194 = CARTESIAN_POINT ( 'NONE',  ( 1.842602247532375781, 0.04000000000000000083, -0.7203398435468796324 ) ) ;
#5195 = ORIENTED_EDGE ( 'NONE', *, *, #4520, .T. ) ;
#5196 = CARTESIAN_POINT ( 'NONE',  ( 2.007564165549411861, 0.000000000000000000, -0.6285930086686676299 ) ) ;
#5197 = CARTESIAN_POINT ( 'NONE',  ( 1.107179487179905886, 0.04000000000000000083, -0.6598339843750001821 ) ) ;
#5198 = CARTESIAN_POINT ( 'NONE',  ( 1.241348367497592697, 0.04000000000000000083, -0.5143599453195993876 ) ) ;
#5199 = DIRECTION ( 'NONE',  ( -0.000000000000000000, -1.000000000000000000, -0.000000000000000000 ) ) ;
#5200 = DIRECTION ( 'NONE',  ( 1.000000000000000000, 0.000000000000000000, 0.000000000000000000 ) ) ;
#5201 = AXIS2_PLACEMENT_3D ( 'NONE', #3865, #3651, #2240 ) ;
#5202 = CARTESIAN_POINT ( 'NONE',  ( 2.079396284054905397, 0.000000000000000000, -0.7362499999999999600 ) ) ;
#5203 = LINE ( 'NONE', #2792, #5224 ) ;
#5204 = CARTESIAN_POINT ( 'NONE',  ( 0.9894561831163073418, 0.000000000000000000, -0.7390757100430840332 ) ) ;
#5205 = VERTEX_POINT ( 'NONE', #3353 ) ;
#5206 = VERTEX_POINT ( 'NONE', #5292 ) ;
#5207 = CARTESIAN_POINT ( 'NONE',  ( 1.241348367497592697, 0.04000000000000000083, -0.5143599453195993876 ) ) ;
#5208 = ORIENTED_EDGE ( 'NONE', *, *, #1575, .T. ) ;
#5209 = B_SPLINE_CURVE_WITH_KNOTS ( 'NONE', 3,
 ( #5667, #2357, #4692, #3832, #5769, #332, #776, #6151, #2260, #1324, #2847 ),
 .UNSPECIFIED., .F., .F.,
 ( 4, 1, 1, 1, 1, 1, 1, 1, 4 ),
 ( 0.000000000000000000, 0.1178289174662618122, 0.2298717041193024391, 0.3399627030475842471, 0.4535632596048721488, 0.5726946505010789279, 0.7001359251603210820, 0.8414316731342473821, 1.000000000000000000 ),
 .UNSPECIFIED. ) ;
#5210 = CARTESIAN_POINT ( 'NONE',  ( 1.050929487179905975, 0.04000000000000000083, -0.6608593750000001377 ) ) ;
#5211 = CARTESIAN_POINT ( 'NONE',  ( 1.979306421502357916, 0.04000000000000000083, -0.6665005902013986239 ) ) ;
#5212 = CARTESIAN_POINT ( 'NONE',  ( 1.670509882653886002, 0.000000000000000000, -0.6943561838738041558 ) ) ;
#5213 = EDGE_CURVE ( 'NONE', #5803, #1601, #4789, .T. ) ;
#5214 = VECTOR ( 'NONE', #3917, 39.37007874015748143 ) ;
#5215 = ORIENTED_EDGE ( 'NONE', *, *, #5756, .T. ) ;
#5216 = CARTESIAN_POINT ( 'NONE',  ( 0.2000000000000000111, 0.07499999999999999722, -0.7399999999999999911 ) ) ;
#5217 = CARTESIAN_POINT ( 'NONE',  ( 0.8478044871799053084, 0.000000000000000000, -0.5198437500000000488 ) ) ;
#5218 = CARTESIAN_POINT ( 'NONE',  ( 1.658308644130744192, 0.04000000000000000083, -0.6027245569226415967 ) ) ;
#5219 = CARTESIAN_POINT ( 'NONE',  ( 1.119801729226426623, 0.04000000000000000083, -0.6343080054560634728 ) ) ;
#5220 = ADVANCED_FACE ( 'NONE', ( #4821 ), #6206, .T. ) ;
#5221 = CARTESIAN_POINT ( 'NONE',  ( 1.693409955929905619, 0.000000000000000000, -0.6500195312500000044 ) ) ;
#5222 = CARTESIAN_POINT ( 'NONE',  ( 1.157911909054905708, 0.04000000000000000083, -0.6925000000000000044 ) ) ;
#5223 = CARTESIAN_POINT ( 'NONE',  ( 1.100490034054905752, 0.04000000000000000083, -0.7317089843750000933 ) ) ;
#5224 = VECTOR ( 'NONE', #4735, 39.37007874015748143 ) ;
#5225 = VECTOR ( 'NONE', #5671, 39.37007874015748143 ) ;
#5226 = CARTESIAN_POINT ( 'NONE',  ( 1.691383674748812460, 0.04000000000000000083, -0.6501121880039365530 ) ) ;
#5227 = CARTESIAN_POINT ( 'NONE',  ( 1.769386518429905797, 0.000000000000000000, -0.4893750000000000044 ) ) ;
#5228 = CARTESIAN_POINT ( 'NONE',  ( 1.781260387671455003, 0.04000000000000000083, -0.7390843603633459047 ) ) ;
#5229 = B_SPLINE_CURVE_WITH_KNOTS ( 'NONE', 3,
 ( #4354, #3430, #853, #5815, #2375, #3369, #5309, #919, #3337, #2897, #378 ),
 .UNSPECIFIED., .F., .F.,
 ( 4, 1, 1, 1, 1, 1, 1, 1, 4 ),
 ( 0.000000000000000000, 0.1182764693417158869, 0.2293361993440335977, 0.3395720181782663771, 0.4538680160291304055, 0.5741236693671500912, 0.7016203289588394121, 0.8424135457246765268, 1.000000000000000000 ),
 .UNSPECIFIED. ) ;
#5230 = VERTEX_POINT ( 'NONE', #3833 ) ;
#5231 = CARTESIAN_POINT ( 'NONE',  ( 1.474107282438539279, 0.04000000000000000083, -0.4961317259515357625 ) ) ;
#5232 = CARTESIAN_POINT ( 'NONE',  ( 0.8831483222728963023, 0.04000000000000000083, -0.7365684856197703967 ) ) ;
#5233 = FACE_OUTER_BOUND ( 'NONE', #595, .T. ) ;
#5234 = CARTESIAN_POINT ( 'NONE',  ( 1.612264134385513747, 0.000000000000000000, -0.7180788956478462159 ) ) ;
#5235 = CARTESIAN_POINT ( 'NONE',  ( 1.868989555706127792, 0.04000000000000000083, -0.6971243818934035330 ) ) ;
#5236 = PLANE ( 'NONE',  #2901 ) ;
#5237 = CARTESIAN_POINT ( 'NONE',  ( 1.709930108842510954, 0.04000000000000000083, -0.6554230818510524692 ) ) ;
#5238 = CARTESIAN_POINT ( 'NONE',  ( 1.010240318423201833, -0.000000000000000000, -0.7097608649968422112 ) ) ;
#5239 = ORIENTED_EDGE ( 'NONE', *, *, #2131, .F. ) ;
#5240 = ORIENTED_EDGE ( 'NONE', *, *, #249, .F. ) ;
#5241 = EDGE_CURVE ( 'NONE', #3843, #3935, #5770, .T. ) ;
#5242 = DIRECTION ( 'NONE',  ( -0.000000000000000000, -1.000000000000000000, -0.000000000000000000 ) ) ;
#5243 = ORIENTED_EDGE ( 'NONE', *, *, #2400, .F. ) ;
#5244 = CARTESIAN_POINT ( 'NONE',  ( 1.392167759854682441, 0.04000000000000000083, -0.4911824671211253435 ) ) ;
#5245 = CARTESIAN_POINT ( 'NONE',  ( 1.894394208361081411, 0.000000000000000000, -0.6279784448590506329 ) ) ;
#5246 = CARTESIAN_POINT ( 'NONE',  ( 1.987745893429905264, 0.04000000000000000083, -0.6829296874999999378 ) ) ;
#5247 = CARTESIAN_POINT ( 'NONE',  ( 0.7478044871799053306, 0.000000000000000000, -0.7087109374999999156 ) ) ;
#5248 = EDGE_LOOP ( 'NONE', ( #2050, #2598, #3238, #3378, #2274, #1888, #4647, #2716, #2569, #4258, #2413, #4852, #4893, #1850, #3882, #4275, #4141, #1278, #1001, #4543 ) ) ;
#5249 = CARTESIAN_POINT ( 'NONE',  ( 1.693409955929905619, 0.04000000000000000083, -0.6500195312500000044 ) ) ;
#5250 = EDGE_CURVE ( 'NONE', #2338, #3608, #1964, .T. ) ;
#5251 = CARTESIAN_POINT ( 'NONE',  ( 2.086769330929905131, 0.04000000000000000083, -0.4893750000000000044 ) ) ;
#5252 = CARTESIAN_POINT ( 'NONE',  ( 0.1250000000000000000, 0.1400000000000000133, -1.104999999999999982 ) ) ;
#5253 = EDGE_CURVE ( 'NONE', #88, #1596, #966, .T. ) ;
#5254 = CARTESIAN_POINT ( 'NONE',  ( 1.149907668011070472, 0.04000000000000000083, -0.6269579293438025669 ) ) ;
#5255 = CARTESIAN_POINT ( 'NONE',  ( 1.687457193133251154, 0.000000000000000000, -0.6502917361556365128 ) ) ;
#5256 = CARTESIAN_POINT ( 'NONE',  ( 1.189534850723055648, 0.04000000000000000083, -0.5025771258101797700 ) ) ;
#5257 = CARTESIAN_POINT ( 'NONE',  ( 1.712572332975243805, 0.04000000000000000083, -0.5469684390282316677 ) ) ;
#5258 = CARTESIAN_POINT ( 'NONE',  ( 1.457960737179905486, 0.04000000000000000083, -0.5314648437500000266 ) ) ;
#5259 = CARTESIAN_POINT ( 'NONE',  ( 1.860759227425130113, 0.000000000000000000, -0.5226579468159356923 ) ) ;
#5260 = EDGE_CURVE ( 'NONE', #5397, #4869, #2913, .T. ) ;
#5261 = DIRECTION ( 'NONE',  ( -0.000000000000000000, -1.000000000000000000, -0.000000000000000000 ) ) ;
#5262 = ORIENTED_EDGE ( 'NONE', *, *, #871, .F. ) ;
#5263 = EDGE_CURVE ( 'NONE', #1749, #2176, #2389, .T. ) ;
#5264 = CARTESIAN_POINT ( 'NONE',  ( 2.113429487179905308, 0.000000000000000000, -0.5214062499999999600 ) ) ;
#5265 = CARTESIAN_POINT ( 'NONE',  ( 1.776564252804905708, 0.04000000000000000083, -0.6016308593750000488 ) ) ;
#5266 = CARTESIAN_POINT ( 'NONE',  ( 2.079999999999999627, 0.1400000000000000133, -0.1750000000000000444 ) ) ;
#5267 = CARTESIAN_POINT ( 'NONE',  ( 1.125190884624478249, 0.000000000000000000, -0.7356584067465468113 ) ) ;
#5268 = CARTESIAN_POINT ( 'NONE',  ( 1.560304487179905664, 0.04000000000000000083, -0.5196484375000000044 ) ) ;
#5269 = CARTESIAN_POINT ( 'NONE',  ( 1.776564252804905708, 0.000000000000000000, -0.6016308593750000488 ) ) ;
#5270 = CARTESIAN_POINT ( 'NONE',  ( 1.236928341666530429, 0.04000000000000000083, -0.7242062594868183822 ) ) ;
#5271 = B_SPLINE_CURVE_WITH_KNOTS ( 'NONE', 3,
 ( #5699, #4755, #2846, #425, #5800, #5768, #361, #6211, #1834, #3797, #5736, #1387, #933, #458, #1356, #4971, #1992, #79, #5864 ),
 .UNSPECIFIED., .F., .F.,
 ( 4, 1, 1, 1, 1, 1, 1, 1, 1, 1, 1, 1, 1, 1, 1, 1, 4 ),
 ( 0.000000000000000000, 0.06367428536359440172, 0.1237398255667193081, 0.1814634900644866988, 0.2371307894525906401, 0.2918252068321824932, 0.3462646736541583059, 0.4009169421464858774, 0.4570118938865215252, 0.5149554476108593182, 0.5746918512815932800, 0.6375200860453686946, 0.7032845951744762791, 0.7727501022173918210, 0.8450323190435804488, 0.9206353381430476546, 0.9999999999999998890 ),
 .UNSPECIFIED. ) ;
#5272 = CARTESIAN_POINT ( 'NONE',  ( 1.122327413818216213, 0.04000000000000000083, -0.6872853059217891580 ) ) ;
#5273 = ORIENTED_EDGE ( 'NONE', *, *, #4404, .T. ) ;
#5274 = CARTESIAN_POINT ( 'NONE',  ( 1.214894330929905841, 0.04000000000000000083, -0.4893750000000000044 ) ) ;
#5275 = ORIENTED_EDGE ( 'NONE', *, *, #864, .T. ) ;
#5276 = CARTESIAN_POINT ( 'NONE',  ( 2.083507787569097491, 0.000000000000000000, -0.7362273807603317843 ) ) ;
#5277 = LINE ( 'NONE', #1945, #5685 ) ;
#5278 = DIRECTION ( 'NONE',  ( -0.000000000000000000, -1.000000000000000000, -0.000000000000000000 ) ) ;
#5279 = CARTESIAN_POINT ( 'NONE',  ( 1.375949032086511536, 0.04000000000000000083, -0.7081110065730980008 ) ) ;
#5280 = VERTEX_POINT ( 'NONE', #5866 ) ;
#5281 = CARTESIAN_POINT ( 'NONE',  ( 0.8812601051126202067, 0.04000000000000000083, -0.4896107340137542674 ) ) ;
#5282 = CARTESIAN_POINT ( 'NONE',  ( 0.8702165965549053528, 0.04000000000000000083, -0.7393750000000000044 ) ) ;
#5283 = VECTOR ( 'NONE', #4438, 39.37007874015748143 ) ;
#5284 = LINE ( 'NONE', #1409, #5931 ) ;
#5285 = CARTESIAN_POINT ( 'NONE',  ( 1.142422921151178938, 0.04000000000000000083, -0.6276072213740757633 ) ) ;
#5286 = CARTESIAN_POINT ( 'NONE',  ( 0.9945664885472488281, 0.000000000000000000, -0.4912168270001306958 ) ) ;
#5287 = EDGE_CURVE ( 'NONE', #4869, #3722, #6279, .T. ) ;
#5288 = DIRECTION ( 'NONE',  ( 0.000000000000000000, 0.000000000000000000, 1.000000000000000000 ) ) ;
#5289 = CARTESIAN_POINT ( 'NONE',  ( 1.923038031618342192, 0.04000000000000000083, -0.6519758408726168408 ) ) ;
#5290 = CARTESIAN_POINT ( 'NONE',  ( 1.721528154462228288, 0.04000000000000000083, -0.7327834402532488189 ) ) ;
#5291 = CARTESIAN_POINT ( 'NONE',  ( 1.769386518429905797, 0.04000000000000000083, -0.4893750000000000044 ) ) ;
#5292 = CARTESIAN_POINT ( 'NONE',  ( 2.029786909054905220, 0.000000000000000000, -0.6925000000000000044 ) ) ;
#5293 = EDGE_CURVE ( 'NONE', #4776, #3340, #1899, .T. ) ;
#5294 = ORIENTED_EDGE ( 'NONE', *, *, #2770, .F. ) ;
#5295 = AXIS2_PLACEMENT_3D ( 'NONE', #5829, #3351, #2911 ) ;
#5296 = B_SPLINE_SURFACE_WITH_KNOTS ( 'NONE', 3, 1, ( 
 ( #484, #4935 ),
 ( #2021, #3617 ),
 ( #5554, #2448 ),
 ( #1987, #3441 ),
 ( #1502, #1442 ),
 ( #693, #2479 ),
 ( #3983, #3001 ) ),
 .UNSPECIFIED., .F., .F., .F.,
 ( 4, 1, 1, 1, 4 ),
 ( 2, 2 ),
 ( 0.000000000000000000, 0.2690630086932779830, 0.5190356294881061094, 0.7598120114060888941, 1.000000000000000000 ),
 ( 0.000000000000000000, 1.000000000000000000 ),
 .UNSPECIFIED. ) ;
#5297 = CARTESIAN_POINT ( 'NONE',  ( 1.753557752773087897, 0.04000000000000000083, -0.6236842304198113585 ) ) ;
#5298 = CARTESIAN_POINT ( 'NONE',  ( 1.072807442151357815, 0.000000000000000000, -0.7167076236229926733 ) ) ;
#5299 = CARTESIAN_POINT ( 'NONE',  ( 1.138020144867603278, 0.000000000000000000, -0.7362523579507952443 ) ) ;
#5300 = DIRECTION ( 'NONE',  ( -0.000000000000000000, -1.000000000000000000, -0.000000000000000000 ) ) ;
#5301 = DIRECTION ( 'NONE',  ( 0.000000000000000000, 0.000000000000000000, -1.000000000000000000 ) ) ;
#5302 = CARTESIAN_POINT ( 'NONE',  ( 1.233233418246066027, 0.000000000000000000, -0.7286887187873851701 ) ) ;
#5303 = CARTESIAN_POINT ( 'NONE',  ( 1.234491485694180657, 0.000000000000000000, -0.4975879760096892923 ) ) ;
#5304 = VERTEX_POINT ( 'NONE', #3863 ) ;
#5305 = DIRECTION ( 'NONE',  ( -0.000000000000000000, -1.000000000000000000, -0.000000000000000000 ) ) ;
#5306 = EDGE_CURVE ( 'NONE', #818, #1785, #5802, .T. ) ;
#5307 = ORIENTED_EDGE ( 'NONE', *, *, #1649, .F. ) ;
#5308 = CARTESIAN_POINT ( 'NONE',  ( 2.113429487179905308, 0.000000000000000000, -0.7037304687500000044 ) ) ;
#5309 = CARTESIAN_POINT ( 'NONE',  ( 1.006420498838386912, 0.000000000000000000, -0.5022524685038082248 ) ) ;
#5310 = CARTESIAN_POINT ( 'NONE',  ( 0.8311052684299053972, 0.04000000000000000083, -0.7079785156249999156 ) ) ;
#5311 = CARTESIAN_POINT ( 'NONE',  ( 0.7332614639089398700, 0.000000000000000000, -0.7376097719688642362 ) ) ;
#5312 = VERTEX_POINT ( 'NONE', #2423 ) ;
#5313 = ORIENTED_EDGE ( 'NONE', *, *, #1575, .F. ) ;
#5314 = CARTESIAN_POINT ( 'NONE',  ( 0.8972963424864434101, 0.04000000000000000083, -0.5017395451863837508 ) ) ;
#5315 = CARTESIAN_POINT ( 'NONE',  ( 0.8504840420974694171, 0.000000000000000000, -0.7337022499453741409 ) ) ;
#5316 = DIRECTION ( 'NONE',  ( 0.000000000000000000, 0.000000000000000000, 1.000000000000000000 ) ) ;
#5317 = ADVANCED_FACE ( 'NONE', ( #6308 ), #489, .F. ) ;
#5318 = CARTESIAN_POINT ( 'NONE',  ( 1.771241987179906108, 0.04000000000000000083, -0.6956250000000001599 ) ) ;
#5319 = VECTOR ( 'NONE', #2853, 39.37007874015748143 ) ;
#5320 = CARTESIAN_POINT ( 'NONE',  ( 1.664491142161984572, -0.000000000000000000, -0.6731983133695433885 ) ) ;
#5321 = CARTESIAN_POINT ( 'NONE',  ( 1.613404943642253286, 0.000000000000000000, -0.7081754898437299106 ) ) ;
#5322 = CARTESIAN_POINT ( 'NONE',  ( 0.1250000000000000000, 0.1400000000000000133, -0.1250000000000000278 ) ) ;
#5323 = VECTOR ( 'NONE', #6278, 39.37007874015748143 ) ;
#5324 = CARTESIAN_POINT ( 'NONE',  ( 1.754690887052041459, 0.04000000000000000083, -0.7391306120520303446 ) ) ;
#5325 = CARTESIAN_POINT ( 'NONE',  ( 1.715405917995800333, 0.04000000000000000083, -0.6619560225051788205 ) ) ;
#5326 = CARTESIAN_POINT ( 'NONE',  ( 1.766896284054905619, 0.04000000000000000083, -0.7393750000000000044 ) ) ;
#5327 = EDGE_CURVE ( 'NONE', #5230, #1335, #3039, .T. ) ;
#5328 = ORIENTED_EDGE ( 'NONE', *, *, #6249, .F. ) ;
#5329 = CARTESIAN_POINT ( 'NONE',  ( 1.376515128654870690, 0.000000000000000000, -0.7142347700367687180 ) ) ;
#5330 = EDGE_CURVE ( 'NONE', #564, #2506, #1545, .T. ) ;
#5331 = VECTOR ( 'NONE', #4753, 39.37007874015748143 ) ;
#5332 = ADVANCED_FACE ( 'NONE', ( #4496 ), #113, .F. ) ;
#5333 = CARTESIAN_POINT ( 'NONE',  ( 2.111867746087522590, 0.04000000000000000083, -0.5078715846304679982 ) ) ;
#5334 = CARTESIAN_POINT ( 'NONE',  ( 1.531593549679905575, 0.000000000000000000, -0.5353710937500000266 ) ) ;
#5335 = LINE ( 'NONE', #1423, #1459 ) ;
#5336 = DIRECTION ( 'NONE',  ( -0.000000000000000000, -1.000000000000000000, -0.000000000000000000 ) ) ;
#5337 = CARTESIAN_POINT ( 'NONE',  ( 1.150435854072204611, 0.04000000000000000083, -0.6924205760502364360 ) ) ;
#5338 = CARTESIAN_POINT ( 'NONE',  ( 1.765314851565303433, 0.04000000000000000083, -0.4894335053759544807 ) ) ;
#5339 = VERTEX_POINT ( 'NONE', #5001 ) ;
#5340 = CARTESIAN_POINT ( 'NONE',  ( 0.7193935879870801964, 0.04000000000000000083, -0.4896277986352555733 ) ) ;
#5341 = DIRECTION ( 'NONE',  ( 0.000000000000000000, 0.000000000000000000, 1.000000000000000000 ) ) ;
#5342 = B_SPLINE_CURVE_WITH_KNOTS ( 'NONE', 3,
 ( #3050, #6006, #1524, #659, #3107, #1141, #569, #5912, #3583, #5522, #5047 ),
 .UNSPECIFIED., .F., .F.,
 ( 4, 1, 1, 1, 1, 1, 1, 1, 4 ),
 ( 0.000000000000000000, 0.1232899105900047976, 0.2445989755350567174, 0.3693748217677472745, 0.4972936742108767794, 0.6256943598673445628, 0.7500965678079896115, 0.8741929308902359752, 1.000000000000000000 ),
 .UNSPECIFIED. ) ;
#5343 = CARTESIAN_POINT ( 'NONE',  ( 1.670509882653886002, 0.000000000000000000, -0.6943561838738041558 ) ) ;
#5344 = LINE ( 'NONE', #4446, #1506 ) ;
#5345 = VECTOR ( 'NONE', #3240, 39.37007874015748143 ) ;
#5346 = ORIENTED_EDGE ( 'NONE', *, *, #2340, .T. ) ;
#5347 = ORIENTED_EDGE ( 'NONE', *, *, #5017, .T. ) ;
#5348 = FACE_BOUND ( 'NONE', #917, .T. ) ;
#5349 = CARTESIAN_POINT ( 'NONE',  ( 2.022310854072205011, 0.04000000000000000083, -0.6924205760502365470 ) ) ;
#5350 = CARTESIAN_POINT ( 'NONE',  ( 1.375929487179905486, 0.000000000000000000, -0.5195996093750000488 ) ) ;
#5351 = CARTESIAN_POINT ( 'NONE',  ( 1.496241987179905752, 0.04000000000000000083, -0.4893750000000001155 ) ) ;
#5352 = CARTESIAN_POINT ( 'NONE',  ( 1.116791322972035649, 0.04000000000000000083, -0.6837113544980911728 ) ) ;
#5353 = CARTESIAN_POINT ( 'NONE',  ( 1.606462641188736384, 0.04000000000000000083, -0.7284961019223472611 ) ) ;
#5354 = CARTESIAN_POINT ( 'NONE',  ( 1.979054487179905397, 0.04000000000000000083, -0.6598339843749999600 ) ) ;
#5355 = B_SPLINE_CURVE_WITH_KNOTS ( 'NONE', 3,
 ( #6317, #5779, #3424, #2430, #436, #3330, #914, #23, #1397, #4409, #3396, #3810, #4830, #1969, #3934 ),
 .UNSPECIFIED., .F., .F.,
 ( 4, 1, 1, 1, 1, 1, 1, 1, 1, 1, 1, 1, 4 ),
 ( 0.000000000000000000, 0.09205312451680723596, 0.1769450435511222830, 0.2538380710616470748, 0.3234417386752869161, 0.3904016918865663710, 0.4607757796727417476, 0.5324700122916071754, 0.6105580655028191028, 0.6951179418603872229, 0.7882534485539408609, 0.8894766297257150622, 1.000000000000000000 ),
 .UNSPECIFIED. ) ;
#5356 = LINE ( 'NONE', #3383, #5189 ) ;
#5357 = CARTESIAN_POINT ( 'NONE',  ( 1.894679487179905752, 0.04000000000000000083, -0.6143750000000000044 ) ) ;
#5358 = CARTESIAN_POINT ( 'NONE',  ( 0.7332345392384469474, 0.04000000000000000083, -0.4895870481753199499 ) ) ;
#5359 = EDGE_LOOP ( 'NONE', ( #1043, #1284, #5942, #2116 ) ) ;
#5360 = CARTESIAN_POINT ( 'NONE',  ( 1.725682410198084105, 0.000000000000000000, -0.6760040987930447942 ) ) ;
#5361 = CARTESIAN_POINT ( 'NONE',  ( 1.497759988432243006, -0.000000000000000000, -0.4894122655946467337 ) ) ;
#5362 = CARTESIAN_POINT ( 'NONE',  ( 2.029786909054905220, 0.04000000000000000083, -0.6925000000000000044 ) ) ;
#5363 = CARTESIAN_POINT ( 'NONE',  ( 1.239522415065154259, 0.000000000000000000, -0.7185264885591116091 ) ) ;
#5364 = CARTESIAN_POINT ( 'NONE',  ( 1.976532787042074135, 0.000000000000000000, -0.7328658653892226038 ) ) ;
#5365 = VERTEX_POINT ( 'NONE', #5420 ) ;
#5366 = CARTESIAN_POINT ( 'NONE',  ( 0.8981951121799053306, 0.04000000000000000083, -0.7209667968749999822 ) ) ;
#5367 = ORIENTED_EDGE ( 'NONE', *, *, #3256, .T. ) ;
#5368 = CARTESIAN_POINT ( 'NONE',  ( 2.102864168791268362, 0.000000000000000000, -0.7305022709825920169 ) ) ;
#5369 = CARTESIAN_POINT ( 'NONE',  ( 1.766896284054905619, 0.000000000000000000, -0.7393750000000000044 ) ) ;
#5370 = CARTESIAN_POINT ( 'NONE',  ( 1.107234395844689967, 0.04000000000000000083, -0.6579403409033011130 ) ) ;
#5372 = B_SPLINE_CURVE_WITH_KNOTS ( 'NONE', 3,
 ( #5938, #1552, #1998, #3516, #1104, #3963, #5456, #5904, #1074, #1135, #6001, #3103, #653, #5040, #4089, #6028, #5164, #6182, #3766 ),
 .UNSPECIFIED., .F., .F.,
 ( 4, 1, 1, 1, 1, 1, 1, 1, 1, 1, 1, 1, 1, 1, 1, 1, 4 ),
 ( 0.000000000000000000, 0.06939722258969714674, 0.1358146130938058249, 0.1999374310785876074, 0.2624119349190583983, 0.3231370129599319685, 0.3822617588893446605, 0.4403934758608926692, 0.4985087807155207940, 0.5566045901593710266, 0.6150207315980802392, 0.6743829798034521872, 0.7356213399213481496, 0.7984768865626264978, 0.8629404959799606978, 0.9301147940872457331, 1.000000000000000000 ),
 .UNSPECIFIED. ) ;
#5371 = CARTESIAN_POINT ( 'NONE',  ( 1.050929487179905752, 0.000000000000000000, -0.6608593750000000266 ) ) ;
#5373 = CARTESIAN_POINT ( 'NONE',  ( 0.8759294871799053750, 0.04000000000000000083, -0.4893750000000000044 ) ) ;
#5374 = EDGE_LOOP ( 'NONE', ( #3513, #1008, #955, #4321 ) ) ;
#5375 = ORIENTED_EDGE ( 'NONE', *, *, #3014, .F. ) ;
#5376 = ORIENTED_EDGE ( 'NONE', *, *, #2843, .F. ) ;
#5377 = DIRECTION ( 'NONE',  ( 0.000000000000000000, 0.000000000000000000, -1.000000000000000000 ) ) ;
#5378 = CARTESIAN_POINT ( 'NONE',  ( 2.015297436579219337, 0.04000000000000000083, -0.6920102964326760864 ) ) ;
#5379 = CARTESIAN_POINT ( 'NONE',  ( 1.404298627804905442, 0.000000000000000000, -0.4893750000000000044 ) ) ;
#5380 = DIRECTION ( 'NONE',  ( -0.000000000000000000, -1.000000000000000000, -0.000000000000000000 ) ) ;
#5381 = CARTESIAN_POINT ( 'NONE',  ( 1.010241499067669357, 0.000000000000000000, -0.5191350500798622702 ) ) ;
#5382 = CARTESIAN_POINT ( 'NONE',  ( 1.547304550103224097, 0.04000000000000000083, -0.7346194713301407164 ) ) ;
#5383 = FACE_OUTER_BOUND ( 'NONE', #3141, .T. ) ;
#5384 = CARTESIAN_POINT ( 'NONE',  ( 1.987799062737381162, 0.04000000000000000083, -0.6372473612529567788 ) ) ;
#5385 = VECTOR ( 'NONE', #2768, 39.37007874015748854 ) ;
#5386 = CARTESIAN_POINT ( 'NONE',  ( 1.526503262588267296, 0.04000000000000000083, -0.7083255533305482521 ) ) ;
#5387 = CARTESIAN_POINT ( 'NONE',  ( 0.000000000000000000, 0.000000000000000000, -0.1250000000000000278 ) ) ;
#5388 = CARTESIAN_POINT ( 'NONE',  ( 1.494777143429905530, 0.04000000000000000083, -0.5737499999999999822 ) ) ;
#5389 = ORIENTED_EDGE ( 'NONE', *, *, #2974, .F. ) ;
#5390 = ADVANCED_FACE ( 'NONE', ( #1097 ), #6263, .T. ) ;
#5391 = LINE ( 'NONE', #3700, #2860 ) ;
#5392 = CARTESIAN_POINT ( 'NONE',  ( 1.894679487179905752, 0.04000000000000000083, -0.6143750000000000044 ) ) ;
#5393 = DIRECTION ( 'NONE',  ( 1.000000000000000000, 0.000000000000000000, 0.000000000000000000 ) ) ;
#5394 = CARTESIAN_POINT ( 'NONE',  ( 1.006398639980607523, 0.04000000000000000083, -0.7265893274304040528 ) ) ;
#5395 = ORIENTED_EDGE ( 'NONE', *, *, #2966, .T. ) ;
#5396 = CARTESIAN_POINT ( 'NONE',  ( 0.7450025352503145681, 0.000000000000000000, -0.4939107330302300869 ) ) ;
#5397 = VERTEX_POINT ( 'NONE', #5480 ) ;
#5398 = FACE_OUTER_BOUND ( 'NONE', #1814, .T. ) ;
#5399 = LINE ( 'NONE', #156, #1881 ) ;
#5400 = CARTESIAN_POINT ( 'NONE',  ( 0.9540544871799059301, 0.000000000000000000, -0.5216015625000000044 ) ) ;
#5401 = CARTESIAN_POINT ( 'NONE',  ( 1.069057398142129633, 0.000000000000000000, -0.6085854038213160955 ) ) ;
#5402 = DIRECTION ( 'NONE',  ( -1.000000000000000000, 0.000000000000000000, 0.000000000000000000 ) ) ;
#5403 = VERTEX_POINT ( 'NONE', #1129 ) ;
#5404 = VERTEX_POINT ( 'NONE', #1510 ) ;
#5405 = CARTESIAN_POINT ( 'NONE',  ( 1.157911909054905708, 0.000000000000000000, -0.6925000000000000044 ) ) ;
#5406 = CARTESIAN_POINT ( 'NONE',  ( 1.804500012064770953, 0.000000000000000000, -0.6878813029802639534 ) ) ;
#5407 = DIRECTION ( 'NONE',  ( 0.000000000000000000, 1.000000000000000000, 0.000000000000000000 ) ) ;
#5408 = ADVANCED_FACE ( 'NONE', ( #2486 ), #1202, .T. ) ;
#5409 = VECTOR ( 'NONE', #1795, 39.37007874015748143 ) ;
#5410 = CARTESIAN_POINT ( 'NONE',  ( 1.750779356921252639, 0.04000000000000000083, -0.6932570329004636989 ) ) ;
#5411 = CARTESIAN_POINT ( 'NONE',  ( 0.8963952433606935388, 0.000000000000000000, -0.7249349314784748755 ) ) ;
#5412 = PLANE ( 'NONE',  #2477 ) ;
#5413 = CARTESIAN_POINT ( 'NONE',  ( 1.613357473084141569, 0.000000000000000000, -0.7108230314208824341 ) ) ;
#5414 = CARTESIAN_POINT ( 'NONE',  ( 0.7450025352503145681, 0.04000000000000000083, -0.4939107330302300869 ) ) ;
#5415 = ADVANCED_FACE ( 'NONE', ( #327 ), #4793, .T. ) ;
#5416 = CARTESIAN_POINT ( 'NONE',  ( 1.428821296707037725, 0.000000000000000000, -0.5129039883238329933 ) ) ;
#5417 = EDGE_CURVE ( 'NONE', #1460, #1243, #1762, .T. ) ;
#5418 = DIRECTION ( 'NONE',  ( 0.000000000000000000, 0.000000000000000000, 1.000000000000000000 ) ) ;
#5419 = CARTESIAN_POINT ( 'NONE',  ( 1.928086293975099341, 0.04000000000000000083, -0.6920564396778251526 ) ) ;
#5420 = CARTESIAN_POINT ( 'NONE',  ( 1.972365034054905486, 0.04000000000000000083, -0.7317089843750000933 ) ) ;
#5421 = VERTEX_POINT ( 'NONE', #1256 ) ;
#5422 = CARTESIAN_POINT ( 'NONE',  ( 1.680909955929905664, 0.04000000000000000083, -0.5122265624999999822 ) ) ;
#5423 = FILL_AREA_STYLE ('',( #1997 ) ) ;
#5424 = DIRECTION ( 'NONE',  ( 0.000000000000000000, -1.000000000000000000, 0.000000000000000000 ) ) ;
#5425 = DIRECTION ( 'NONE',  ( -0.000000000000000000, -1.000000000000000000, -0.000000000000000000 ) ) ;
#5426 = ORIENTED_EDGE ( 'NONE', *, *, #5330, .T. ) ;
#5427 = CARTESIAN_POINT ( 'NONE',  ( 1.051111225091001966, 0.000000000000000000, -0.6690768429477933488 ) ) ;
#5428 = ORIENTED_EDGE ( 'NONE', *, *, #437, .T. ) ;
#5429 = CARTESIAN_POINT ( 'NONE',  ( 2.057179487179905397, 0.04000000000000000083, -0.5209667968750000266 ) ) ;
#5430 = CARTESIAN_POINT ( 'NONE',  ( 2.229999999999999538, 0.3149999999999992251, -0.1750000000000000444 ) ) ;
#5431 = AXIS2_PLACEMENT_3D ( 'NONE', #2206, #1745, #1174 ) ;
#5432 = CARTESIAN_POINT ( 'NONE',  ( 0.9839861278049059079, 0.04000000000000000083, -0.4893750000000001155 ) ) ;
#5433 = AXIS2_PLACEMENT_3D ( 'NONE', #4648, #767, #2280 ) ;
#5434 = CARTESIAN_POINT ( 'NONE',  ( 1.564206941234194126, 0.000000000000000000, -0.5020369708627390182 ) ) ;
#5435 = CARTESIAN_POINT ( 'NONE',  ( 2.014454538516512905, -0.000000000000000000, -0.7362508006461742083 ) ) ;
#5436 = ORIENTED_EDGE ( 'NONE', *, *, #1450, .F. ) ;
#5437 = ORIENTED_EDGE ( 'NONE', *, *, #1848, .F. ) ;
#5438 = CARTESIAN_POINT ( 'NONE',  ( 2.079396284054905397, 0.000000000000000000, -0.7362499999999999600 ) ) ;
#5439 = CARTESIAN_POINT ( 'NONE',  ( 1.564206941234194126, 0.000000000000000000, -0.5020369708627390182 ) ) ;
#5440 = PLANE ( 'NONE',  #6109 ) ;
#5441 = CARTESIAN_POINT ( 'NONE',  ( 1.736104624238639760, 0.04000000000000000083, -0.6862385073715552286 ) ) ;
#5442 = CARTESIAN_POINT ( 'NONE',  ( 0.8981951121799053306, 0.000000000000000000, -0.7209667968749999822 ) ) ;
#5443 = ADVANCED_FACE ( 'NONE', ( #5187 ), #2709, .T. ) ;
#5444 = CARTESIAN_POINT ( 'NONE',  ( 0.8963952433606935388, 0.04000000000000000083, -0.7249349314784748755 ) ) ;
#5445 = CARTESIAN_POINT ( 'NONE',  ( 1.611192039233947160, 0.000000000000000000, -0.7211664009154009625 ) ) ;
#5446 = DIRECTION ( 'NONE',  ( 0.000000000000000000, 0.000000000000000000, 1.000000000000000000 ) ) ;
#5447 = EDGE_CURVE ( 'NONE', #2273, #5018, #2794, .T. ) ;
#5448 = CARTESIAN_POINT ( 'NONE',  ( 1.072807442151357815, 0.04000000000000000083, -0.7167076236229926733 ) ) ;
#5449 = CARTESIAN_POINT ( 'NONE',  ( 1.558888402621585678, 0.000000000000000000, -0.7361794251699712577 ) ) ;
#5450 = CARTESIAN_POINT ( 'NONE',  ( 1.969707163975085829, 0.04000000000000000083, -0.7308371393224524226 ) ) ;
#5451 = CARTESIAN_POINT ( 'NONE',  ( 1.928623798460251004, 0.04000000000000000083, -0.6279117520509202022 ) ) ;
#5452 = ORIENTED_EDGE ( 'NONE', *, *, #2285, .F. ) ;
#5453 = CARTESIAN_POINT ( 'NONE',  ( 1.712658128297170013, 0.000000000000000000, -0.4981184784900473117 ) ) ;
#5454 = LINE ( 'NONE', #3899, #1562 ) ;
#5455 = VECTOR ( 'NONE', #5139, 39.37007874015748143 ) ;
#5456 = CARTESIAN_POINT ( 'NONE',  ( 1.832073469489249540, 0.000000000000000000, -0.5024235809266067720 ) ) ;
#5457 = B_SPLINE_SURFACE_WITH_KNOTS ( 'NONE', 3, 1, ( 
 ( #3711, #2269 ),
 ( #1333, #4638 ),
 ( #5615, #5677 ),
 ( #5174, #1811 ),
 ( #5237, #278 ),
 ( #786, #2236 ),
 ( #4191, #3295 ) ),
 .UNSPECIFIED., .F., .F., .F.,
 ( 4, 1, 1, 1, 4 ),
 ( 2, 2 ),
 ( 0.000000000000000000, 0.2466395578083376561, 0.4949969674476933923, 0.7458445846746503127, 1.000000000000000000 ),
 ( 0.000000000000000000, 1.000000000000000000 ),
 .UNSPECIFIED. ) ;
#5458 = CARTESIAN_POINT ( 'NONE',  ( 0.9839861278049059079, 0.000000000000000000, -0.7393750000000001155 ) ) ;
#5459 = CARTESIAN_POINT ( 'NONE',  ( 0.8986376333861287868, 0.000000000000000000, -0.7196902923623984538 ) ) ;
#5460 = VERTEX_POINT ( 'NONE', #4364 ) ;
#5461 = CARTESIAN_POINT ( 'NONE',  ( 1.377517148579386896, 0.04000000000000000083, -0.5072631977476020904 ) ) ;
#5462 = CARTESIAN_POINT ( 'NONE',  ( 0.9540544871799059301, 0.000000000000000000, -0.7072949218750000933 ) ) ;
#5463 = CARTESIAN_POINT ( 'NONE',  ( 0.9617045812454951825, 0.000000000000000000, -0.4979291817477100590 ) ) ;
#5464 = CARTESIAN_POINT ( 'NONE',  ( 0.8458848803077126943, 0.04000000000000000083, -0.7299017421335639577 ) ) ;
#5465 = CARTESIAN_POINT ( 'NONE',  ( 1.957212064746079117, 0.04000000000000000083, -0.7256772953896105660 ) ) ;
#5466 = ORIENTED_EDGE ( 'NONE', *, *, #53, .T. ) ;
#5467 = VERTEX_POINT ( 'NONE', #2351 ) ;
#5468 = VERTEX_POINT ( 'NONE', #3827 ) ;
#5469 = FACE_OUTER_BOUND ( 'NONE', #2496, .T. ) ;
#5470 = CARTESIAN_POINT ( 'NONE',  ( 1.459586459303022332, 0.000000000000000000, -0.5254169721375746560 ) ) ;
#5471 = CARTESIAN_POINT ( 'NONE',  ( 1.142579538516513615, 0.04000000000000000083, -0.7362508006461742083 ) ) ;
#5472 = CARTESIAN_POINT ( 'NONE',  ( 1.771241987179906108, 0.04000000000000000083, -0.6956250000000001599 ) ) ;
#5473 = VERTEX_POINT ( 'NONE', #1829 ) ;
#5474 = UNCERTAINTY_MEASURE_WITH_UNIT (LENGTH_MEASURE( 1.000000000000000082E-05 ), #145, 'distance_accuracy_value', 'NONE');
#5475 = CARTESIAN_POINT ( 'NONE',  ( 0.8311052684299053972, 0.000000000000000000, -0.7079785156249999156 ) ) ;
#5476 = CARTESIAN_POINT ( 'NONE',  ( 2.058978316266319997, 0.04000000000000000083, -0.5080936862799417808 ) ) ;
#5477 = CARTESIAN_POINT ( 'NONE',  ( 1.666396295937958794, 0.04000000000000000083, -0.5218875421156071726 ) ) ;
#5478 = CARTESIAN_POINT ( 'NONE',  ( 1.115870893429905752, 0.04000000000000000083, -0.6829296874999999378 ) ) ;
#5479 = CARTESIAN_POINT ( 'NONE',  ( 2.022310854072205011, 0.000000000000000000, -0.6924205760502365470 ) ) ;
#5480 = CARTESIAN_POINT ( 'NONE',  ( 1.375929487179905486, 0.04000000000000000083, -0.7068066406249999822 ) ) ;
#5481 = VERTEX_POINT ( 'NONE', #5318 ) ;
#5482 = CARTESIAN_POINT ( 'NONE',  ( 2.113429487179905308, 0.000000000000000000, -0.5214062499999999600 ) ) ;
#5483 = EDGE_CURVE ( 'NONE', #5813, #4686, #1382, .T. ) ;
#5484 = CARTESIAN_POINT ( 'NONE',  ( 0.9007052954871305195, 0.000000000000000000, -0.5131930965690219004 ) ) ;
#5485 = CARTESIAN_POINT ( 'NONE',  ( 1.712615238068587731, -0.000000000000000000, -0.6583572771525912914 ) ) ;
#5486 = CARTESIAN_POINT ( 'NONE',  ( 0.1250000000000000000, 0.000000000000000000, -1.229999999999999982 ) ) ;
#5487 = CARTESIAN_POINT ( 'NONE',  ( 1.053798690198496590, 0.000000000000000000, -0.6847626957698803585 ) ) ;
#5488 = EDGE_LOOP ( 'NONE', ( #1033, #5757 ) ) ;
#5489 = CARTESIAN_POINT ( 'NONE',  ( 1.397994253911368778, 0.04000000000000000083, -0.4896635208739297807 ) ) ;
#5490 = DIRECTION ( 'NONE',  ( -0.5773502691896240657, -0.5773502691896305050, 0.5773502691896225114 ) ) ;
#5491 = CARTESIAN_POINT ( 'NONE',  ( 0.9817295246001155329, 0.000000000000000000, -0.4894666760164760877 ) ) ;
#5492 = B_SPLINE_CURVE_WITH_KNOTS ( 'NONE', 3,
 ( #2825, #4405, #4764, #2947, #4346, #940, #4856, #4885, #3931, #5869, #494 ),
 .UNSPECIFIED., .F., .F.,
 ( 4, 1, 1, 1, 1, 1, 1, 1, 4 ),
 ( 0.000000000000000000, 0.1249108283483912479, 0.2412637508857340130, 0.3578520569941244789, 0.4774295477735239768, 0.5999512735949174003, 0.7235590086772570872, 0.8556308261798988291, 1.000000000000000000 ),
 .UNSPECIFIED. ) ;
#5493 = CARTESIAN_POINT ( 'NONE',  ( 1.586386269185758202, -0.000000000000000000, -0.4894778167403063818 ) ) ;
#5494 = CARTESIAN_POINT ( 'NONE',  ( 1.397427255402597046, 0.000000000000000000, -0.7347834679733039609 ) ) ;
#5495 = ORIENTED_EDGE ( 'NONE', *, *, #5129, .F. ) ;
#5496 = CIRCLE ( 'NONE', #5295, 0.06425000000000000155 ) ;
#5497 = EDGE_CURVE ( 'NONE', #4741, #33, #1549, .T. ) ;
#5498 = ORIENTED_EDGE ( 'NONE', *, *, #902, .F. ) ;
#5499 = ORIENTED_EDGE ( 'NONE', *, *, #5793, .T. ) ;
#5500 = CARTESIAN_POINT ( 'NONE',  ( 2.087418124153548327, 0.04000000000000000083, -0.7358011333994025627 ) ) ;
#5501 = CARTESIAN_POINT ( 'NONE',  ( 1.792390993416857814, 0.000000000000000000, -0.6929414081459976948 ) ) ;
#5502 = DIRECTION ( 'NONE',  ( 0.000000000000000000, 0.000000000000000000, 1.000000000000000000 ) ) ;
#5503 = ORIENTED_EDGE ( 'NONE', *, *, #3615, .F. ) ;
#5504 = DIRECTION ( 'NONE',  ( -1.000000000000000000, 0.000000000000000000, 0.000000000000000000 ) ) ;
#5505 = CARTESIAN_POINT ( 'NONE',  ( 1.438803373186489321, 0.04000000000000000083, -0.7356877575278358838 ) ) ;
#5506 = CARTESIAN_POINT ( 'NONE',  ( -1.707404996040164512E-17, 0.1400000000000000133, -1.104999999999999982 ) ) ;
#5507 = CARTESIAN_POINT ( 'NONE',  ( 1.531415355931479816, 0.000000000000000000, -0.7228581240702762756 ) ) ;
#5508 = CARTESIAN_POINT ( 'NONE',  ( 2.029786909054905220, 0.000000000000000000, -0.6925000000000000044 ) ) ;
#5509 = CARTESIAN_POINT ( 'NONE',  ( 0.8942947290157428064, 0.000000000000000000, -0.4972820757421343441 ) ) ;
#5510 = EDGE_LOOP ( 'NONE', ( #819, #449, #1162, #303, #3055, #2311 ) ) ;
#5511 = CARTESIAN_POINT ( 'NONE',  ( 0.7016800623061106856, 0.04000000000000000083, -0.7312576142679250157 ) ) ;
#5512 = ORIENTED_EDGE ( 'NONE', *, *, #1682, .T. ) ;
#5513 = CARTESIAN_POINT ( 'NONE',  ( 0.9543037309410364877, 0.04000000000000000083, -0.7141564496431698217 ) ) ;
#5514 = DIRECTION ( 'NONE',  ( -0.000000000000000000, -1.000000000000000000, -0.000000000000000000 ) ) ;
#5515 = CARTESIAN_POINT ( 'NONE',  ( 2.091062328429526662, 0.04000000000000000083, -0.7352390000847036644 ) ) ;
#5516 = VECTOR ( 'NONE', #6321, 39.37007874015748143 ) ;
#5517 = CARTESIAN_POINT ( 'NONE',  ( 1.563345906875897251, -0.000000000000000000, -0.7362254443784330693 ) ) ;
#5518 = VERTEX_POINT ( 'NONE', #5351 ) ;
#5519 = ADVANCED_FACE ( 'NONE', ( #4965 ), #3313, .T. ) ;
#5520 = CARTESIAN_POINT ( 'NONE',  ( 1.379845879715390522, 0.000000000000000000, -0.5020266861008524373 ) ) ;
#5521 = CARTESIAN_POINT ( 'NONE',  ( 0.9839861278049059079, 0.000000000000000000, -0.7393750000000001155 ) ) ;
#5522 = CARTESIAN_POINT ( 'NONE',  ( 0.8717019066464760657, -0.000000000000000000, -0.7393013101592029734 ) ) ;
#5523 = CARTESIAN_POINT ( 'NONE',  ( 1.051163031618342902, 0.04000000000000000083, -0.6519758408726168408 ) ) ;
#5524 = CARTESIAN_POINT ( 'NONE',  ( 1.375949032086511536, -0.000000000000000000, -0.7081110065730980008 ) ) ;
#5525 = ORIENTED_EDGE ( 'NONE', *, *, #2992, .T. ) ;
#5526 = EDGE_LOOP ( 'NONE', ( #6224, #4032, #2239, #5090 ) ) ;
#5527 = EDGE_LOOP ( 'NONE', ( #5874, #1110, #67, #4990 ) ) ;
#5528 = CARTESIAN_POINT ( 'NONE',  ( 2.079396284054905397, 0.04000000000000000083, -0.7362499999999999600 ) ) ;
#5529 = VECTOR ( 'NONE', #2324, 39.37007874015748143 ) ;
#5530 = CARTESIAN_POINT ( 'NONE',  ( 1.461156639516344669, 0.000000000000000000, -0.5198684452770315767 ) ) ;
#5531 = FACE_OUTER_BOUND ( 'NONE', #2254, .T. ) ;
#5532 = VECTOR ( 'NONE', #2662, 39.37007874015748143 ) ;
#5533 = EDGE_CURVE ( 'NONE', #3340, #2632, #514, .T. ) ;
#5534 = ORIENTED_EDGE ( 'NONE', *, *, #6108, .F. ) ;
#5535 = CARTESIAN_POINT ( 'NONE',  ( 1.060044030121990666, 0.000000000000000000, -0.6209116725288940097 ) ) ;
#5536 = CARTESIAN_POINT ( 'NONE',  ( 1.461404679769241488, 0.04000000000000000083, -0.7145777509405611960 ) ) ;
#5537 = CARTESIAN_POINT ( 'NONE',  ( 1.050929487179905975, 0.000000000000000000, -0.6608593750000001377 ) ) ;
#5538 = CARTESIAN_POINT ( 'NONE',  ( 1.112670047573996346, 0.000000000000000000, -0.6406349633961225809 ) ) ;
#5539 = CARTESIAN_POINT ( 'NONE',  ( 1.668203108893058451, 0.000000000000000000, -0.6178426964903311891 ) ) ;
#5540 = CARTESIAN_POINT ( 'NONE',  ( 0.8812601051126202067, 0.04000000000000000083, -0.4896107340137542674 ) ) ;
#5541 = CARTESIAN_POINT ( 'NONE',  ( 0.8995797985643696482, 0.04000000000000000083, -0.7169725059948139911 ) ) ;
#5542 = ORIENTED_EDGE ( 'NONE', *, *, #1148, .F. ) ;
#5543 = CARTESIAN_POINT ( 'NONE',  ( 1.233233418246066027, 0.000000000000000000, -0.7286887187873851701 ) ) ;
#5544 = FACE_BOUND ( 'NONE', #936, .T. ) ;
#5545 = CARTESIAN_POINT ( 'NONE',  ( 2.113400148475798712, 0.04000000000000000083, -0.7051150258839001816 ) ) ;
#5546 = CARTESIAN_POINT ( 'NONE',  ( 1.463816727537642803, 0.04000000000000000083, -0.5107745593281035612 ) ) ;
#5547 = CARTESIAN_POINT ( 'NONE',  ( 1.724106526501848036, 0.000000000000000000, -0.5419057985329381877 ) ) ;
#5548 = CARTESIAN_POINT ( 'NONE',  ( 1.241554487179905797, 0.000000000000000000, -0.5214062499999999600 ) ) ;
#5549 = CARTESIAN_POINT ( 'NONE',  ( 2.057179487179905397, 0.000000000000000000, -0.5209667968750000266 ) ) ;
#5550 = CARTESIAN_POINT ( 'NONE',  ( 0.8518084288704442786, 0.000000000000000000, -0.5021821391456254835 ) ) ;
#5551 = CARTESIAN_POINT ( 'NONE',  ( 0.9839861278049059079, 0.04000000000000000083, -0.7393750000000001155 ) ) ;
#5552 = CARTESIAN_POINT ( 'NONE',  ( 1.456182082736453776, 0.000000000000000000, -0.7269627238124476420 ) ) ;
#5553 = ORIENTED_EDGE ( 'NONE', *, *, #5287, .T. ) ;
#5554 = CARTESIAN_POINT ( 'NONE',  ( 1.107431421502358626, 0.04000000000000000083, -0.6665005902013986239 ) ) ;
#5555 = EDGE_CURVE ( 'NONE', #2785, #1757, #2510, .T. ) ;
#5556 = ORIENTED_EDGE ( 'NONE', *, *, #2872, .T. ) ;
#5557 = ORIENTED_EDGE ( 'NONE', *, *, #1245, .F. ) ;
#5558 = CARTESIAN_POINT ( 'NONE',  ( 1.189534850723055648, 0.000000000000000000, -0.5025771258101797700 ) ) ;
#5559 = CARTESIAN_POINT ( 'NONE',  ( 1.496241987179905530, 0.000000000000000000, -0.4893750000000000044 ) ) ;
#5560 = PLANE ( 'NONE',  #3712 ) ;
#5561 = CARTESIAN_POINT ( 'NONE',  ( 1.109162933886112645, 0.04000000000000000083, -0.7337673975142066096 ) ) ;
#5562 = ORIENTED_EDGE ( 'NONE', *, *, #518, .T. ) ;
#5563 = CARTESIAN_POINT ( 'NONE',  ( 1.054059603288675318, 0.000000000000000000, -0.6353857216656665363 ) ) ;
#5564 = CARTESIAN_POINT ( 'NONE',  ( 1.447660429977835950, 0.04000000000000000083, -0.7336199647703163240 ) ) ;
#5565 = CARTESIAN_POINT ( 'NONE',  ( 1.660217759286164219, 0.000000000000000000, -0.5296793320298502916 ) ) ;
#5566 = CARTESIAN_POINT ( 'NONE',  ( 1.721528154462228288, 0.04000000000000000083, -0.7327834402532488189 ) ) ;
#5567 = CARTESIAN_POINT ( 'NONE',  ( 2.015297436579219337, 0.000000000000000000, -0.6920102964326760864 ) ) ;
#5568 = B_SPLINE_CURVE_WITH_KNOTS ( 'NONE', 3,
 ( #5268, #3805, #3326, #5775, #3360, #2457, #368, #5743, #464, #2855, #4314 ),
 .UNSPECIFIED., .F., .F.,
 ( 4, 1, 1, 1, 1, 1, 1, 1, 4 ),
 ( 0.000000000000000000, 0.1398494190053519437, 0.2681627003714484592, 0.3889048537734010602, 0.5053543800120462448, 0.6211455851889932100, 0.7380783065581103530, 0.8631088051525332983, 1.000000000000000000 ),
 .UNSPECIFIED. ) ;
#5569 = CARTESIAN_POINT ( 'NONE',  ( 2.017677534054905575, 0.000000000000000000, -0.5831250000000000044 ) ) ;
#5570 = CARTESIAN_POINT ( 'NONE',  ( 1.489674841191251264, 0.000000000000000000, -0.4896093089674877219 ) ) ;
#5571 = CARTESIAN_POINT ( 'NONE',  ( -1.707404996040164512E-17, 0.000000000000000000, -1.104999999999999982 ) ) ;
#5572 = CARTESIAN_POINT ( 'NONE',  ( 2.029786909054905220, 0.04000000000000000083, -0.6268749999999999600 ) ) ;
#5573 = CARTESIAN_POINT ( 'NONE',  ( 1.894583119666773063, 0.000000000000000000, -0.6189702593203569858 ) ) ;
#5574 = EDGE_CURVE ( 'NONE', #5966, #4069, #1024, .T. ) ;
#5575 = EDGE_CURVE ( 'NONE', #4505, #1132, #3239, .T. ) ;
#5576 = DIRECTION ( 'NONE',  ( -0.000000000000000000, -1.000000000000000000, -0.000000000000000000 ) ) ;
#5577 = CARTESIAN_POINT ( 'NONE',  ( 1.657179487179905708, 0.04000000000000000083, -0.5913769531250000488 ) ) ;
#5578 = VECTOR ( 'NONE', #5576, 39.37007874015748143 ) ;
#5579 = CARTESIAN_POINT ( 'NONE',  ( 1.220537491511593187, 0.04000000000000000083, -0.4896771582000229994 ) ) ;
#5580 = DIRECTION ( 'NONE',  ( -0.9999999921008492221, 0.000000000000000000, -0.0001256912946026835702 ) ) ;
#5581 = CARTESIAN_POINT ( 'NONE',  ( 1.713966596554905575, 0.04000000000000000083, -0.6598339843749999600 ) ) ;
#5582 = EDGE_CURVE ( 'NONE', #1753, #131, #262, .T. ) ;
#5583 = CARTESIAN_POINT ( 'NONE',  ( 1.113822422333190509, 0.04000000000000000083, -0.5857795907696653481 ) ) ;
#5584 = DIRECTION ( 'NONE',  ( 0.1947149249117245684, 0.000000000000000000, -0.9808598768512357680 ) ) ;
#5585 = CARTESIAN_POINT ( 'NONE',  ( 1.003152008026783282, 0.000000000000000000, -0.7312250803505266905 ) ) ;
#5586 = ORIENTED_EDGE ( 'NONE', *, *, #4511, .F. ) ;
#5587 = ORIENTED_EDGE ( 'NONE', *, *, #49, .T. ) ;
#5588 = CARTESIAN_POINT ( 'NONE',  ( 1.375986807546271340, 0.04000000000000000083, -0.7106320226300181231 ) ) ;
#5589 = CARTESIAN_POINT ( 'NONE',  ( 1.377517148579386896, 0.000000000000000000, -0.5072631977476020904 ) ) ;
#5590 = CARTESIAN_POINT ( 'NONE',  ( 1.145802534054905841, 0.04000000000000000083, -0.5831250000000000044 ) ) ;
#5591 = B_SPLINE_SURFACE_WITH_KNOTS ( 'NONE', 3, 1, ( 
 ( #2290, #5100 ),
 ( #6179, #805 ),
 ( #775, #6087 ),
 ( #269, #1293 ),
 ( #715, #3252 ),
 ( #745, #2687 ),
 ( #4723, #1703 ),
 ( #1737, #3672 ),
 ( #4243, #5606 ),
 ( #1231, #3191 ),
 ( #2720, #2226 ) ),
 .UNSPECIFIED., .F., .F., .F.,
 ( 4, 1, 1, 1, 1, 1, 1, 1, 4 ),
 ( 2, 2 ),
 ( 0.000000000000000000, 0.1196506913845639536, 0.2323942988104791274, 0.3415846489330138791, 0.4540851286129701792, 0.5719373066527821958, 0.6999891916916327617, 0.8408352924363500236, 1.000000000000000000 ),
 ( 0.000000000000000000, 1.000000000000000000 ),
 .UNSPECIFIED. ) ;
#5592 = CARTESIAN_POINT ( 'NONE',  ( 1.155159734310539976, 0.04000000000000000083, -0.6269035143893506579 ) ) ;
#5593 = ADVANCED_FACE ( 'NONE', ( #1492 ), #1871, .T. ) ;
#5594 = AXIS2_PLACEMENT_3D ( 'NONE', #83, #4086, #3548 ) ;
#5595 = ORIENTED_EDGE ( 'NONE', *, *, #5330, .F. ) ;
#5596 = DIRECTION ( 'NONE',  ( -0.0001256912946021341237, 0.000000000000000000, -0.9999999921008492221 ) ) ;
#5597 = ADVANCED_FACE ( 'NONE', ( #505 ), #540, .F. ) ;
#5598 = CARTESIAN_POINT ( 'NONE',  ( 2.084594781241063899, 0.04000000000000000083, -0.4894709107017726213 ) ) ;
#5599 = LINE ( 'NONE', #5506, #5110 ) ;
#5600 = CARTESIAN_POINT ( 'NONE',  ( 1.838379137025604182, 0.04000000000000000083, -0.6122730195714291002 ) ) ;
#5601 = ORIENTED_EDGE ( 'NONE', *, *, #2603, .F. ) ;
#5602 = LINE ( 'NONE', #710, #5702 ) ;
#5603 = EDGE_CURVE ( 'NONE', #1235, #3690, #483, .T. ) ;
#5604 = CARTESIAN_POINT ( 'NONE',  ( 2.027034734310539488, 0.04000000000000000083, -0.6269035143893506579 ) ) ;
#5605 = ORIENTED_EDGE ( 'NONE', *, *, #994, .F. ) ;
#5606 = CARTESIAN_POINT ( 'NONE',  ( 1.613202667016747638, 0.000000000000000000, -0.5128209222399751077 ) ) ;
#5607 = FACE_OUTER_BOUND ( 'NONE', #1621, .T. ) ;
#5608 = CARTESIAN_POINT ( 'NONE',  ( 0.6985316199744912025, 0.04000000000000000083, -0.7266548157250078965 ) ) ;
#5609 = CARTESIAN_POINT ( 'NONE',  ( 1.987799062737381162, 0.000000000000000000, -0.6372473612529567788 ) ) ;
#5610 = CARTESIAN_POINT ( 'NONE',  ( 1.777536860385634965, 0.04000000000000000083, -0.5333211429501247824 ) ) ;
#5611 = CARTESIAN_POINT ( 'NONE',  ( 1.687457193133251154, 0.000000000000000000, -0.6502917361556365128 ) ) ;
#5612 = CARTESIAN_POINT ( 'NONE',  ( 0.9009294871799053972, 0.000000000000000000, -0.7016796874999999822 ) ) ;
#5613 = CARTESIAN_POINT ( 'NONE',  ( 1.838282755252247602, 0.04000000000000000083, -0.6248297380482389363 ) ) ;
#5614 = DIRECTION ( 'NONE',  ( 0.000000000000000000, 0.000000000000000000, 1.000000000000000000 ) ) ;
#5615 = CARTESIAN_POINT ( 'NONE',  ( 1.699237136485957089, 0.04000000000000000083, -0.6503816025927658950 ) ) ;
#5616 = VECTOR ( 'NONE', #3552, 39.37007874015748143 ) ;
#5617 = CARTESIAN_POINT ( 'NONE',  ( 1.241554487179905797, 0.000000000000000000, -0.7037304687500000044 ) ) ;
#5618 = ORIENTED_EDGE ( 'NONE', *, *, #3801, .F. ) ;
#5619 = ORIENTED_EDGE ( 'NONE', *, *, #3453, .F. ) ;
#5620 = CARTESIAN_POINT ( 'NONE',  ( 1.404457255419189421, 0.000000000000000000, -0.7360809920015050078 ) ) ;
#5621 = AXIS2_PLACEMENT_3D ( 'NONE', #3192, #5133, #4659 ) ;
#5622 = CARTESIAN_POINT ( 'NONE',  ( 1.522866706948486026, 0.000000000000000000, -0.5045972091795551950 ) ) ;
#5623 = CARTESIAN_POINT ( 'NONE',  ( 1.959995555432552550, 0.000000000000000000, -0.5942874467830964180 ) ) ;
#5624 = FACE_OUTER_BOUND ( 'NONE', #5488, .T. ) ;
#5625 = VERTEX_POINT ( 'NONE', #3646 ) ;
#5626 = CARTESIAN_POINT ( 'NONE',  ( 2.329999999999999627, 0.1700000000000018718, 0.000000000000000000 ) ) ;
#5627 = CARTESIAN_POINT ( 'NONE',  ( 1.193054235405824004, 0.04000000000000000083, -0.4978859496103228977 ) ) ;
#5628 = CARTESIAN_POINT ( 'NONE',  ( 1.676278791428718939, 0.04000000000000000083, -0.6215183839780858976 ) ) ;
#5629 = AXIS2_PLACEMENT_3D ( 'NONE', #3361, #4252, #3806 ) ;
#5630 = CARTESIAN_POINT ( 'NONE',  ( 1.429038886757755478, 0.000000000000000000, -0.7362073259274009018 ) ) ;
#5631 = ADVANCED_FACE ( 'NONE', ( #5142 ), #5080, .T. ) ;
#5632 = ORIENTED_EDGE ( 'NONE', *, *, #2000, .F. ) ;
#5633 = CARTESIAN_POINT ( 'NONE',  ( 1.987745893429905264, 0.04000000000000000083, -0.6829296874999999378 ) ) ;
#5634 = DIRECTION ( 'NONE',  ( -0.000000000000000000, -1.000000000000000000, -0.000000000000000000 ) ) ;
#5635 = EDGE_CURVE ( 'NONE', #6225, #6170, #2248, .T. ) ;
#5636 = LINE ( 'NONE', #3190, #5994 ) ;
#5637 = CARTESIAN_POINT ( 'NONE',  ( 1.230989168791269073, 0.000000000000000000, -0.7305022709825920169 ) ) ;
#5638 = CARTESIAN_POINT ( 'NONE',  ( 2.017677534054905575, 0.000000000000000000, -0.5831250000000000044 ) ) ;
#5639 = EDGE_CURVE ( 'NONE', #3288, #1149, #724, .T. ) ;
#5640 = CARTESIAN_POINT ( 'NONE',  ( 1.852314904582269328, 0.04000000000000000083, -0.7135240400532313343 ) ) ;
#5641 = CARTESIAN_POINT ( 'NONE',  ( 2.029786909054905220, 0.000000000000000000, -0.6268749999999999600 ) ) ;
#5642 = CARTESIAN_POINT ( 'NONE',  ( 1.580519330929905486, 0.000000000000000000, -0.7362499999999999600 ) ) ;
#5643 = CARTESIAN_POINT ( 'NONE',  ( 1.230458527385670742, 0.000000000000000000, -0.4939404300633070122 ) ) ;
#5644 = CARTESIAN_POINT ( 'NONE',  ( 1.680930020251101054, 0.04000000000000000083, -0.6224926959607453014 ) ) ;
#5645 = MECHANICAL_DESIGN_GEOMETRIC_PRESENTATION_REPRESENTATION (  '', ( #4535 ), #3418 ) ;
#5646 = CARTESIAN_POINT ( 'NONE',  ( 1.809936025685241257, 0.04000000000000000083, -0.6843817981834026121 ) ) ;
#5647 = CARTESIAN_POINT ( 'NONE',  ( 1.745460737179905575, 0.000000000000000000, -0.5799999999999999600 ) ) ;
#5648 = CARTESIAN_POINT ( 'NONE',  ( 2.329999999999999627, 0.1700000000000018718, -0.2750000000000003553 ) ) ;
#5649 = CARTESIAN_POINT ( 'NONE',  ( 2.014454538516512905, 0.000000000000000000, -0.7362508006461742083 ) ) ;
#5650 = ORIENTED_EDGE ( 'NONE', *, *, #217, .F. ) ;
#5651 = ORIENTED_EDGE ( 'NONE', *, *, #4169, .F. ) ;
#5652 = CARTESIAN_POINT ( 'NONE',  ( 2.113429487179905308, 0.04000000000000000083, -0.7037304687500000044 ) ) ;
#5653 = CARTESIAN_POINT ( 'NONE',  ( 1.529658595102607155, 0.000000000000000000, -0.5252131334001274299 ) ) ;
#5654 = ORIENTED_EDGE ( 'NONE', *, *, #2336, .T. ) ;
#5655 = CARTESIAN_POINT ( 'NONE',  ( 1.985697422333190021, 0.000000000000000000, -0.5857795907696653481 ) ) ;
#5656 = CARTESIAN_POINT ( 'NONE',  ( 1.979054487179905397, 0.000000000000000000, -0.6598339843749999600 ) ) ;
#5657 = VECTOR ( 'NONE', #1743, 39.37007874015748143 ) ;
#5658 = ORIENTED_EDGE ( 'NONE', *, *, #401, .T. ) ;
#5659 = LINE ( 'NONE', #3787, #3809 ) ;
#5660 = CARTESIAN_POINT ( 'NONE',  ( 2.080408026208834471, 0.04000000000000000083, -0.4896555717446321454 ) ) ;
#5661 = CARTESIAN_POINT ( 'NONE',  ( 1.694613477266188939, 0.04000000000000000083, -0.6237233461077282826 ) ) ;
#5662 = DIRECTION ( 'NONE',  ( -0.2268897289327035660, 0.000000000000000000, -0.9739204540951197364 ) ) ;
#5663 = CARTESIAN_POINT ( 'NONE',  ( 1.676804996875719045, 0.000000000000000000, -0.6542057912973630041 ) ) ;
#5664 = CARTESIAN_POINT ( 'NONE',  ( 1.836002695480820401, 0.000000000000000000, -0.5878216532983788767 ) ) ;
#5665 = CARTESIAN_POINT ( 'NONE',  ( 1.753728998630890379, 0.04000000000000000083, -0.5340668624874459480 ) ) ;
#5666 = CARTESIAN_POINT ( 'NONE',  ( 1.672500485702157036, 0.04000000000000000083, -0.6575839985045565106 ) ) ;
#5667 = CARTESIAN_POINT ( 'NONE',  ( 1.404298627804905442, 0.04000000000000000083, -0.4893750000000000044 ) ) ;
#5668 = CARTESIAN_POINT ( 'NONE',  ( 1.831973276787609795, 0.000000000000000000, -0.7261232052962024452 ) ) ;
#5669 = VERTEX_POINT ( 'NONE', #3108 ) ;
#5670 = CARTESIAN_POINT ( 'NONE',  ( 1.144923627804905752, 0.04000000000000000083, -0.7362499999999999600 ) ) ;
#5671 = DIRECTION ( 'NONE',  ( -0.000000000000000000, -1.000000000000000000, -0.000000000000000000 ) ) ;
#5672 = CARTESIAN_POINT ( 'NONE',  ( 1.664662274991622892, 0.04000000000000000083, -0.6701247915765811136 ) ) ;
#5673 = EDGE_CURVE ( 'NONE', #2433, #3300, #2701, .T. ) ;
#5674 = CARTESIAN_POINT ( 'NONE',  ( 1.429054487179905575, 0.04000000000000000083, -0.5196484375000000044 ) ) ;
#5675 = CARTESIAN_POINT ( 'NONE',  ( 1.809936025685241257, 0.000000000000000000, -0.6843817981834026121 ) ) ;
#5676 = CARTESIAN_POINT ( 'NONE',  ( 0.8478044871799053084, 0.04000000000000000083, -0.5198437500000000488 ) ) ;
#5677 = CARTESIAN_POINT ( 'NONE',  ( 1.699237136485957089, 0.000000000000000000, -0.6503816025927658950 ) ) ;
#5678 = AXIS2_PLACEMENT_3D ( 'NONE', #4682, #768, #291 ) ;
#5679 = CARTESIAN_POINT ( 'NONE',  ( 1.116791322972035649, 8.537024980200822558E-18, -0.6837113544980911728 ) ) ;
#5680 = VERTEX_POINT ( 'NONE', #756 ) ;
#5681 = ORIENTED_EDGE ( 'NONE', *, *, #2524, .F. ) ;
#5682 = CARTESIAN_POINT ( 'NONE',  ( 2.007564165549411861, 0.04000000000000000083, -0.6285930086686676299 ) ) ;
#5683 = VERTEX_POINT ( 'NONE', #251 ) ;
#5684 = DIRECTION ( 'NONE',  ( 0.000000000000000000, 0.000000000000000000, -1.000000000000000000 ) ) ;
#5685 = VECTOR ( 'NONE', #4807, 39.37007874015748143 ) ;
#5686 = ADVANCED_FACE ( 'NONE', ( #3584 ), #3137, .T. ) ;
#5687 = CARTESIAN_POINT ( 'NONE',  ( 1.222555632894472888, 0.04000000000000000083, -0.7344148740484145454 ) ) ;
#5688 = FACE_OUTER_BOUND ( 'NONE', #2142, .T. ) ;
#5689 = ORIENTED_EDGE ( 'NONE', *, *, #3618, .F. ) ;
#5690 = CARTESIAN_POINT ( 'NONE',  ( 0.8746523298013867409, 0.04000000000000000083, -0.7391549325012293226 ) ) ;
#5691 = B_SPLINE_CURVE_WITH_KNOTS ( 'NONE', 3,
 ( #3953, #6185, #5740, #2022, #3034, #1361, #1328, #3322, #4936, #3472, #2512 ),
 .UNSPECIFIED., .F., .F.,
 ( 4, 1, 1, 1, 1, 1, 1, 1, 4 ),
 ( 0.000000000000000000, 0.1389097126577631680, 0.2639610228471216957, 0.3808913182282731569, 0.4957771556646393685, 0.6115653426108732527, 0.7318968433117957195, 0.8602132000557086711, 1.000000000000000000 ),
 .UNSPECIFIED. ) ;
#5692 = CARTESIAN_POINT ( 'NONE',  ( 2.074470232313248008, 0.000000000000000000, -0.4912707174611702365 ) ) ;
#5693 = CARTESIAN_POINT ( 'NONE',  ( 1.694613477266188939, 0.000000000000000000, -0.6237233461077282826 ) ) ;
#5694 = CARTESIAN_POINT ( 'NONE',  ( 1.769923627804905752, 0.000000000000000000, -0.5331249999999999600 ) ) ;
#5695 = LINE ( 'NONE', #2813, #3098 ) ;
#5696 = VECTOR ( 'NONE', #4418, 39.37007874015748143 ) ;
#5697 = CARTESIAN_POINT ( 'NONE',  ( 2.229999999999999538, 0.1400000000000000133, -1.104999999999999982 ) ) ;
#5698 = DIRECTION ( 'NONE',  ( 0.000000000000000000, 0.000000000000000000, 1.000000000000000000 ) ) ;
#5699 = CARTESIAN_POINT ( 'NONE',  ( 1.771241987179906108, 0.04000000000000000083, -0.6956250000000001599 ) ) ;
#5700 = CARTESIAN_POINT ( 'NONE',  ( 1.796313817858544937, 0.04000000000000000083, -0.4913360111011859654 ) ) ;
#5701 = CARTESIAN_POINT ( 'NONE',  ( 1.795121136997139821, 0.04000000000000000083, -0.7374563110120658793 ) ) ;
#5702 = VECTOR ( 'NONE', #2683, 39.37007874015748143 ) ;
#5703 = ORIENTED_EDGE ( 'NONE', *, *, #2327, .T. ) ;
#5704 = EDGE_CURVE ( 'NONE', #640, #1305, #660, .T. ) ;
#5705 = CARTESIAN_POINT ( 'NONE',  ( 1.474107282438539279, 0.000000000000000000, -0.4961317259515357625 ) ) ;
#5706 = CARTESIAN_POINT ( 'NONE',  ( 2.092412491511593142, 0.000000000000000000, -0.4896771582000231104 ) ) ;
#5707 = CARTESIAN_POINT ( 'NONE',  ( 1.425377796716588374, 0.000000000000000000, -0.5014018362069876389 ) ) ;
#5708 = CARTESIAN_POINT ( 'NONE',  ( 1.713966596554905575, 0.000000000000000000, -0.6598339843749999600 ) ) ;
#5709 = CARTESIAN_POINT ( 'NONE',  ( 1.837336015419612334, 0.000000000000000000, -0.6337440644695004899 ) ) ;
#5710 = VECTOR ( 'NONE', #3323, 39.37007874015748143 ) ;
#5711 = FACE_OUTER_BOUND ( 'NONE', #1359, .T. ) ;
#5712 = CARTESIAN_POINT ( 'NONE',  ( 1.527352189719010322, 0.04000000000000000083, -0.5157819592465736624 ) ) ;
#5713 = CARTESIAN_POINT ( 'NONE',  ( 2.057179487179905397, 0.04000000000000000083, -0.6268749999999999600 ) ) ;
#5714 = EDGE_CURVE ( 'NONE', #5669, #838, #3680, .T. ) ;
#5715 = ORIENTED_EDGE ( 'NONE', *, *, #1148, .T. ) ;
#5716 = ORIENTED_EDGE ( 'NONE', *, *, #2135, .F. ) ;
#5717 = CARTESIAN_POINT ( 'NONE',  ( 1.757303321649497541, 0.04000000000000000083, -0.4895486222519863095 ) ) ;
#5718 = ADVANCED_FACE ( 'NONE', ( #4159 ), #2730, .T. ) ;
#5719 = ORIENTED_EDGE ( 'NONE', *, *, #5046, .F. ) ;
#5720 = CARTESIAN_POINT ( 'NONE',  ( 1.881651661052698099, 0.000000000000000000, -0.6770903126124550031 ) ) ;
#5721 = B_SPLINE_CURVE_WITH_KNOTS ( 'NONE', 3,
 ( #4710, #5722, #286, #6169, #3178, #3720, #1724, #4743, #4679, #4260, #4199, #6200, #795, #5687, #3272, #3688, #3210, #318, #379 ),
 .UNSPECIFIED., .F., .F.,
 ( 4, 1, 1, 1, 1, 1, 1, 1, 1, 1, 1, 1, 1, 1, 1, 1, 4 ),
 ( 0.000000000000000000, 0.07632991237579972443, 0.1475902797655206378, 0.2141341229181883410, 0.2766335995961090588, 0.3354621556079133704, 0.3904701877972195367, 0.4445106943788564302, 0.4965622250395489434, 0.5495416088508521257, 0.6031030765590439380, 0.6597058747106790966, 0.7195927783563121904, 0.7833678860529335042, 0.8506459785148551278, 0.9227992763119478026, 1.000000000000000000 ),
 .UNSPECIFIED. ) ;
#5722 = CARTESIAN_POINT ( 'NONE',  ( 1.241525148475799423, 0.04000000000000000083, -0.7051150258839001816 ) ) ;
#5723 = CARTESIAN_POINT ( 'NONE',  ( 1.664491007856813143, 0.000000000000000000, -0.6761815302582975251 ) ) ;
#5724 = VERTEX_POINT ( 'NONE', #691 ) ;
#5725 = CARTESIAN_POINT ( 'NONE',  ( 1.422321296183318928, 0.000000000000000000, -0.4970202175162799496 ) ) ;
#5726 = CARTESIAN_POINT ( 'NONE',  ( 2.057407124056222614, 0.04000000000000000083, -0.5142886079259293419 ) ) ;
#5727 = EDGE_CURVE ( 'NONE', #3126, #2064, #5064, .T. ) ;
#5728 = CARTESIAN_POINT ( 'NONE',  ( 1.685855432617688221, 0.04000000000000000083, -0.6232241219072142124 ) ) ;
#5729 = ADVANCED_FACE ( 'NONE', ( #4223 ), #2333, .F. ) ;
#5730 = CARTESIAN_POINT ( 'NONE',  ( 1.798314247221638684, 0.000000000000000000, -0.5381625900991808820 ) ) ;
#5731 = CARTESIAN_POINT ( 'NONE',  ( 1.666365687984099342, 0.000000000000000000, -0.6656937951576626933 ) ) ;
#5732 = DIRECTION ( 'NONE',  ( 0.8550426485426084744, -0.000000000000000000, 0.5185576816259125366 ) ) ;
#5733 = CARTESIAN_POINT ( 'NONE',  ( 1.051111225091001966, 0.04000000000000000083, -0.6690768429477933488 ) ) ;
#5734 = AXIS2_PLACEMENT_3D ( 'NONE', #1932, #3892, #2518 ) ;
#5735 = VECTOR ( 'NONE', #2442, 39.37007874015748143 ) ;
#5736 = CARTESIAN_POINT ( 'NONE',  ( 1.823938795864575635, 0.04000000000000000083, -0.6701617500199026356 ) ) ;
#5737 = CARTESIAN_POINT ( 'NONE',  ( 1.852028320624386604, 0.000000000000000000, -0.5149517904640361632 ) ) ;
#5738 = CARTESIAN_POINT ( 'NONE',  ( 0.7626869087248968615, 0.04000000000000000083, -0.5132015219545007501 ) ) ;
#5739 = ORIENTED_EDGE ( 'NONE', *, *, #6158, .T. ) ;
#5740 = CARTESIAN_POINT ( 'NONE',  ( 0.7166972805375858568, 0.000000000000000000, -0.7390839934332873451 ) ) ;
#5741 = CARTESIAN_POINT ( 'NONE',  ( 1.422321296183318928, 0.000000000000000000, -0.4970202175162799496 ) ) ;
#5742 = CARTESIAN_POINT ( 'NONE',  ( 1.611192039233947160, 0.000000000000000000, -0.7211664009154009625 ) ) ;
#5743 = CARTESIAN_POINT ( 'NONE',  ( 1.576503429023484726, 0.04000000000000000083, -0.4911699182281333842 ) ) ;
#5744 = CARTESIAN_POINT ( 'NONE',  ( 1.758396792154359289, 0.000000000000000000, -0.5810554274509128758 ) ) ;
#5745 = CARTESIAN_POINT ( 'NONE',  ( 1.228441344785508704, 0.04000000000000000083, -0.7320200826854215137 ) ) ;
#5746 = CARTESIAN_POINT ( 'NONE',  ( 1.155339892973302085, 0.04000000000000000083, -0.6924726754716854504 ) ) ;
#5747 = ORIENTED_EDGE ( 'NONE', *, *, #5483, .F. ) ;
#5748 = ORIENTED_EDGE ( 'NONE', *, *, #2114, .F. ) ;
#5749 = CARTESIAN_POINT ( 'NONE',  ( 2.104999999999999982, 0.1400000000000000133, -1.104999999999999982 ) ) ;
#5751 = EDGE_LOOP ( 'NONE', ( #2983, #5503, #3147, #4288 ) ) ;
#5750 = B_SPLINE_CURVE_WITH_KNOTS ( 'NONE', 3,
 ( #4654, #3217, #1163, #3573, #267, #5511, #2223, #205, #4177, #174, #3696 ),
 .UNSPECIFIED., .F., .F.,
 ( 4, 1, 1, 1, 1, 1, 1, 1, 4 ),
 ( 0.000000000000000000, 0.1389097126577631680, 0.2639610228471216957, 0.3808913182282731569, 0.4957771556646393685, 0.6115653426108732527, 0.7318968433117957195, 0.8602132000557086711, 1.000000000000000000 ),
 .UNSPECIFIED. ) ;
#5752 = LINE ( 'NONE', #852, #4402 ) ;
#5753 = CARTESIAN_POINT ( 'NONE',  ( 1.757303321649497541, 0.000000000000000000, -0.4895486222519863095 ) ) ;
#5754 = CARTESIAN_POINT ( 'NONE',  ( 1.664491007856813143, -0.000000000000000000, -0.6761815302582975251 ) ) ;
#5755 = CARTESIAN_POINT ( 'NONE',  ( 1.157911909054905708, 0.000000000000000000, -0.6268749999999999600 ) ) ;
#5756 = EDGE_CURVE ( 'NONE', #838, #1980, #3624, .T. ) ;
#5757 = ORIENTED_EDGE ( 'NONE', *, *, #4581, .T. ) ;
#5758 = CARTESIAN_POINT ( 'NONE',  ( 0.7230486278049053084, 0.04000000000000000083, -0.7393750000000000044 ) ) ;
#5759 = DIRECTION ( 'NONE',  ( -0.000000000000000000, -1.000000000000000000, -0.000000000000000000 ) ) ;
#5760 = ADVANCED_FACE ( 'NONE', ( #3774 ), #5236, .T. ) ;
#5761 = CARTESIAN_POINT ( 'NONE',  ( 1.006398639980607523, 0.04000000000000000083, -0.7265893274304040528 ) ) ;
#5762 = B_SPLINE_CURVE_WITH_KNOTS ( 'NONE', 3,
 ( #568, #2532, #93, #3555, #1079, #2625, #3459, #3078, #5013, #125, #5944 ),
 .UNSPECIFIED., .F., .F.,
 ( 4, 1, 1, 1, 1, 1, 1, 1, 4 ),
 ( 0.000000000000000000, 0.1424398776969912905, 0.2712812560000503193, 0.3923796910592005638, 0.5088161684751046909, 0.6247939480670415824, 0.7414158700954426306, 0.8643288066307963646, 1.000000000000000000 ),
 .UNSPECIFIED. ) ;
#5763 = CARTESIAN_POINT ( 'NONE',  ( 1.580519330929905486, 0.04000000000000000083, -0.7362499999999999600 ) ) ;
#5764 = B_SPLINE_CURVE_WITH_KNOTS ( 'NONE', 3,
 ( #635, #4546, #696, #4611, #5558, #1625, #163, #4010, #3057, #665, #1151 ),
 .UNSPECIFIED., .F., .F.,
 ( 4, 1, 1, 1, 1, 1, 1, 1, 4 ),
 ( 0.000000000000000000, 0.1402943894369882427, 0.2690238711738889288, 0.3898006988269686057, 0.5083482253201334622, 0.6259820118935320865, 0.7431690458776171182, 0.8666051232822475914, 1.000000000000000000 ),
 .UNSPECIFIED. ) ;
#5765 = CARTESIAN_POINT ( 'NONE',  ( 0.9858349916979387562, 0.000000000000000000, -0.4894804284713953901 ) ) ;
#5766 = LINE ( 'NONE', #3250, #5409 ) ;
#5767 = CARTESIAN_POINT ( 'NONE',  ( 0.7665544871799053750, 0.04000000000000000083, -0.5189160156250000044 ) ) ;
#5768 = CARTESIAN_POINT ( 'NONE',  ( 1.798645790280699375, 0.04000000000000000083, -0.6907216911062845632 ) ) ;
#5769 = CARTESIAN_POINT ( 'NONE',  ( 1.418549276487558020, 0.04000000000000000083, -0.4936193505801174664 ) ) ;
#5770 = LINE ( 'NONE', #5388, #16 ) ;
#5771 = ORIENTED_EDGE ( 'NONE', *, *, #2251, .T. ) ;
#5772 = CARTESIAN_POINT ( 'NONE',  ( 1.776334354212897537, 0.04000000000000000083, -0.6061951555971232253 ) ) ;
#5773 = CARTESIAN_POINT ( 'NONE',  ( 1.085337064746080049, 0.000000000000000000, -0.7256772953896107881 ) ) ;
#5774 = CARTESIAN_POINT ( 'NONE',  ( 2.102333527385670919, 0.04000000000000000083, -0.4939404300633070122 ) ) ;
#5775 = CARTESIAN_POINT ( 'NONE',  ( 1.561903426995251865, 0.04000000000000000083, -0.5073008020406500895 ) ) ;
#5776 = CARTESIAN_POINT ( 'NONE',  ( 0.9557711501985686198, 0.000000000000000000, -0.7205359440606082799 ) ) ;
#5777 = ADVANCED_FACE ( 'NONE', ( #5711 ), #6161, .F. ) ;
#5778 = CARTESIAN_POINT ( 'NONE',  ( 1.235236404935127430, 0.000000000000000000, -0.7266000665955246740 ) ) ;
#5779 = CARTESIAN_POINT ( 'NONE',  ( 1.657186911217147784, -0.000000000000000000, -0.5455585947241952116 ) ) ;
#5780 = ORIENTED_EDGE ( 'NONE', *, *, #4560, .F. ) ;
#5781 = CARTESIAN_POINT ( 'NONE',  ( 1.531253049571068336, 0.000000000000000000, -0.5335642766421965222 ) ) ;
#5782 = ORIENTED_EDGE ( 'NONE', *, *, #4262, .T. ) ;
#5783 = EDGE_CURVE ( 'NONE', #1077, #1785, #4347, .T. ) ;
#5784 = CARTESIAN_POINT ( 'NONE',  ( 1.776564252804905708, 0.04000000000000000083, -0.6016308593750000488 ) ) ;
#5785 = CARTESIAN_POINT ( 'NONE',  ( 0.7266619090549053528, 0.04000000000000000083, -0.4893750000000000044 ) ) ;
#5786 = CARTESIAN_POINT ( 'NONE',  ( 1.762758600844492651, -0.000000000000000000, -0.7392921514118790949 ) ) ;
#5787 = DIRECTION ( 'NONE',  ( 0.000000000000000000, -1.000000000000000000, 0.000000000000000000 ) ) ;
#5788 = VERTEX_POINT ( 'NONE', #5676 ) ;
#5789 = ORIENTED_EDGE ( 'NONE', *, *, #53, .F. ) ;
#5790 = DIRECTION ( 'NONE',  ( -0.000000000000000000, -1.000000000000000000, -0.000000000000000000 ) ) ;
#5791 = CARTESIAN_POINT ( 'NONE',  ( 0.8688808535651532106, 0.000000000000000000, -0.7393305100684861575 ) ) ;
#5792 = CARTESIAN_POINT ( 'NONE',  ( 1.602922912838602887, 0.04000000000000000083, -0.4935646415454433833 ) ) ;
#5793 = EDGE_CURVE ( 'NONE', #4566, #1749, #1332, .T. ) ;
#5794 = CARTESIAN_POINT ( 'NONE',  ( 1.603529295976721780, 0.04000000000000000083, -0.7307674476966626864 ) ) ;
#5795 = ADVANCED_FACE ( 'NONE', ( #2856 ), #3294, .T. ) ;
#5796 = CARTESIAN_POINT ( 'NONE',  ( 0.8759294871799053750, 0.04000000000000000083, -0.4893750000000000044 ) ) ;
#5797 = EDGE_CURVE ( 'NONE', #2538, #818, #369, .T. ) ;
#5798 = CARTESIAN_POINT ( 'NONE',  ( 2.016798627804905486, 0.000000000000000000, -0.7362499999999999600 ) ) ;
#5799 = CARTESIAN_POINT ( 'NONE',  ( 1.940932398142129811, 0.04000000000000000083, -0.6085854038213164285 ) ) ;
#5800 = CARTESIAN_POINT ( 'NONE',  ( 1.792390993416857814, 0.04000000000000000083, -0.6929414081459976948 ) ) ;
#5801 = CARTESIAN_POINT ( 'NONE',  ( 1.939531165635440590, 0.04000000000000000083, -0.7112607086607197759 ) ) ;
#5802 = LINE ( 'NONE', #3386, #825 ) ;
#5803 = VERTEX_POINT ( 'NONE', #1906 ) ;
#5804 = AXIS2_PLACEMENT_3D ( 'NONE', #823, #1688, #1756 ) ;
#5805 = CARTESIAN_POINT ( 'NONE',  ( 1.757000958224330001, 0.04000000000000000083, -0.6235582935077611522 ) ) ;
#5806 = DIRECTION ( 'NONE',  ( 1.000000000000000000, 0.000000000000000000, 0.000000000000000000 ) ) ;
#5807 = CARTESIAN_POINT ( 'NONE',  ( 1.528618984234911160, 0.000000000000000000, -0.5208600826160169062 ) ) ;
#5808 = DIRECTION ( 'NONE',  ( -0.2279442785594660015, 0.000000000000000000, 0.9736741784971009173 ) ) ;
#5809 = CARTESIAN_POINT ( 'NONE',  ( 1.580519330929905486, 0.04000000000000000083, -0.7362499999999999600 ) ) ;
#5810 = CARTESIAN_POINT ( 'NONE',  ( 1.157911909054905708, 0.04000000000000000083, -0.6925000000000000044 ) ) ;
#5811 = ORIENTED_EDGE ( 'NONE', *, *, #654, .T. ) ;
#5812 = DIRECTION ( 'NONE',  ( -0.000000000000000000, -1.000000000000000000, -0.000000000000000000 ) ) ;
#5813 = VERTEX_POINT ( 'NONE', #4284 ) ;
#5814 = CARTESIAN_POINT ( 'NONE',  ( 2.113343419633694875, 0.000000000000000000, -0.7077921830871947151 ) ) ;
#5815 = CARTESIAN_POINT ( 'NONE',  ( 0.9945664885472488281, 0.000000000000000000, -0.4912168270001306958 ) ) ;
#5816 = CARTESIAN_POINT ( 'NONE',  ( 1.119801729226426623, 0.000000000000000000, -0.6343080054560634728 ) ) ;
#5817 = PLANE ( 'NONE',  #1312 ) ;
#5818 = ORIENTED_EDGE ( 'NONE', *, *, #3596, .F. ) ;
#5819 = ORIENTED_EDGE ( 'NONE', *, *, #1381, .T. ) ;
#5820 = VERTEX_POINT ( 'NONE', #5202 ) ;
#5821 = CARTESIAN_POINT ( 'NONE',  ( 0.8421573271858109333, 0.000000000000000000, -0.7253841327795518268 ) ) ;
#5822 = CARTESIAN_POINT ( 'NONE',  ( 1.758396792154359289, 0.04000000000000000083, -0.5810554274509128758 ) ) ;
#5823 = DIRECTION ( 'NONE',  ( -0.000000000000000000, -1.000000000000000000, -0.000000000000000000 ) ) ;
#5824 = CARTESIAN_POINT ( 'NONE',  ( 1.820135691242227072, 0.000000000000000000, -0.5538288753223686856 ) ) ;
#5825 = CARTESIAN_POINT ( 'NONE',  ( 1.115870893429905752, 0.04000000000000000083, -0.6829296874999999378 ) ) ;
#5826 = PLANE ( 'NONE',  #1747 ) ;
#5827 = CARTESIAN_POINT ( 'NONE',  ( 1.936062937789623462, 0.04000000000000000083, -0.6144818557087909916 ) ) ;
#5828 = B_SPLINE_CURVE_WITH_KNOTS ( 'NONE', 3,
 ( #6018, #670, #232, #1629, #5563, #3594, #5535, #1156, #3118, #5059, #4584, #3148, #1691, #4968, #581, #1571, #3537, #2907, #3249 ),
 .UNSPECIFIED., .F., .F.,
 ( 4, 1, 1, 1, 1, 1, 1, 1, 1, 1, 1, 1, 1, 1, 1, 1, 4 ),
 ( 0.000000000000000000, 0.06471401816636546123, 0.1260074759657009158, 0.1848404604205493573, 0.2412139089641156531, 0.2962365839730131123, 0.3506218337640996663, 0.4049891146124617869, 0.4601104791148301065, 0.5167961286223616835, 0.5752343926751204428, 0.6364091737907190405, 0.7005078337452680382, 0.7688271593737624476, 0.8409926476957445551, 0.9181950594621326456, 1.000000000000000000 ),
 .UNSPECIFIED. ) ;
#5829 = CARTESIAN_POINT ( 'NONE',  ( 0.2000000000000000111, 0.1400000000000000133, -0.6149999999999999911 ) ) ;
#5830 = CARTESIAN_POINT ( 'NONE',  ( 1.931163929458668882, 0.04000000000000000083, -0.6989466174180838376 ) ) ;
#5831 = CARTESIAN_POINT ( 'NONE',  ( 0.7665544871799053750, 0.04000000000000000083, -0.5189160156250000044 ) ) ;
#5832 = ORIENTED_EDGE ( 'NONE', *, *, #4716, .F. ) ;
#5833 = EDGE_CURVE ( 'NONE', #24, #3367, #787, .T. ) ;
#5834 = VECTOR ( 'NONE', #4432, 39.37007874015748143 ) ;
#5835 = DIRECTION ( 'NONE',  ( 0.000000000000000000, -1.000000000000000000, 0.000000000000000000 ) ) ;
#5836 = VECTOR ( 'NONE', #4750, 39.37007874015748143 ) ;
#5837 = PLANE ( 'NONE',  #1272 ) ;
#5838 = ADVANCED_FACE ( 'NONE', ( #2791 ), #2367, .F. ) ;
#5839 = CARTESIAN_POINT ( 'NONE',  ( 1.500687740155434380, 0.000000000000000000, -0.4894841393225337067 ) ) ;
#5840 = LINE ( 'NONE', #5392, #441 ) ;
#5841 = LINE ( 'NONE', #6255, #6243 ) ;
#5842 = DIRECTION ( 'NONE',  ( 0.000000000000000000, -1.000000000000000000, 0.000000000000000000 ) ) ;
#5843 = VERTEX_POINT ( 'NONE', #4734 ) ;
#5844 = CARTESIAN_POINT ( 'NONE',  ( 0.9009294871799053972, 0.000000000000000000, -0.7016796874999999822 ) ) ;
#5845 = EDGE_LOOP ( 'NONE', ( #1970, #6193, #5883, #2960 ) ) ;
#5846 = LINE ( 'NONE', #6291, #5516 ) ;
#5847 = CARTESIAN_POINT ( 'NONE',  ( 1.875803376153104551, 0.000000000000000000, -0.6875206543491854116 ) ) ;
#5848 = CARTESIAN_POINT ( 'NONE',  ( 1.112670047573996346, 0.04000000000000000083, -0.6406349633961225809 ) ) ;
#5849 = CARTESIAN_POINT ( 'NONE',  ( 1.145802534054905841, 0.000000000000000000, -0.5831250000000000044 ) ) ;
#5850 = CARTESIAN_POINT ( 'NONE',  ( 0.8698121679576881204, 0.04000000000000000083, -0.4896604978119677987 ) ) ;
#5851 = ORIENTED_EDGE ( 'NONE', *, *, #5120, .F. ) ;
#5852 = VERTEX_POINT ( 'NONE', #3483 ) ;
#5853 = ORIENTED_EDGE ( 'NONE', *, *, #5704, .F. ) ;
#5854 = CARTESIAN_POINT ( 'NONE',  ( 2.113400148475798712, 0.04000000000000000083, -0.7051150258839001816 ) ) ;
#5855 = CARTESIAN_POINT ( 'NONE',  ( 1.657179487179905708, 0.04000000000000000083, -0.5469433593750000488 ) ) ;
#5856 = CARTESIAN_POINT ( 'NONE',  ( 1.602922912838602887, 0.000000000000000000, -0.4935646415454433833 ) ) ;
#5857 = B_SPLINE_SURFACE_WITH_KNOTS ( 'NONE', 3, 1, ( 
 ( #4785, #3669 ),
 ( #5604, #5130 ),
 ( #743, #2420 ),
 ( #5895, #963 ),
 ( #3955, #4397 ),
 ( #423, #1414 ),
 ( #5863, #1961 ),
 ( #4848, #2940 ),
 ( #5384, #9 ),
 ( #4938, #6305 ),
 ( #1505, #1929 ),
 ( #552, #3381 ),
 ( #1896, #2973 ),
 ( #4429, #3922 ),
 ( #5354, #2514 ) ),
 .UNSPECIFIED., .F., .F., .F.,
 ( 4, 1, 1, 1, 1, 1, 1, 1, 1, 1, 1, 1, 4 ),
 ( 2, 2 ),
 ( 0.000000000000000000, 0.1196246628663752143, 0.2282837097143243510, 0.3263627238658242113, 0.4152666510313157699, 0.4958568814466446373, 0.5702432826981825853, 0.6394510592149723616, 0.7065314550312612463, 0.7732900845859886907, 0.8425412606324501619, 0.9177644306273171626, 1.000000000000000000 ),
 ( 0.000000000000000000, 1.000000000000000000 ),
 .UNSPECIFIED. ) ;
#5858 = EDGE_CURVE ( 'NONE', #5018, #3616, #20, .T. ) ;
#5859 = CARTESIAN_POINT ( 'NONE',  ( 1.010304487179905841, 0.04000000000000000083, -0.5216015625000000044 ) ) ;
#5860 = FACE_OUTER_BOUND ( 'NONE', #536, .T. ) ;
#5861 = CARTESIAN_POINT ( 'NONE',  ( 2.113429487179905308, 0.04000000000000000083, -0.5214062499999999600 ) ) ;
#5862 = CARTESIAN_POINT ( 'NONE',  ( 1.608322235033031289, 0.04000000000000000083, -0.7263902811075736432 ) ) ;
#5863 = CARTESIAN_POINT ( 'NONE',  ( 1.996278443486029897, 0.04000000000000000083, -0.6319324330598173889 ) ) ;
#5864 = CARTESIAN_POINT ( 'NONE',  ( 1.838429487179906063, 0.04000000000000000083, -0.6155957031250001155 ) ) ;
#5865 = CARTESIAN_POINT ( 'NONE',  ( 1.725682410198084105, 0.04000000000000000083, -0.6760040987930447942 ) ) ;
#5866 = CARTESIAN_POINT ( 'NONE',  ( 1.769386518429905797, 0.000000000000000000, -0.4893750000000000044 ) ) ;
#5867 = ORIENTED_EDGE ( 'NONE', *, *, #2086, .F. ) ;
#5868 = CARTESIAN_POINT ( 'NONE',  ( 1.771241987179906108, 0.000000000000000000, -0.6956250000000001599 ) ) ;
#5869 = CARTESIAN_POINT ( 'NONE',  ( 1.753557752773087897, -0.000000000000000000, -0.6236842304198113585 ) ) ;
#5870 = CARTESIAN_POINT ( 'NONE',  ( 1.613429487179905530, 0.000000000000000000, -0.5195996093750000488 ) ) ;
#5871 = CARTESIAN_POINT ( 'NONE',  ( 1.751759565304905619, 0.04000000000000000083, -0.6237500000000000266 ) ) ;
#5872 = CARTESIAN_POINT ( 'NONE',  ( 1.230458527385670742, 0.000000000000000000, -0.4939404300633070122 ) ) ;
#5873 = ADVANCED_FACE ( 'NONE', ( #2948 ), #561, .T. ) ;
#5874 = ORIENTED_EDGE ( 'NONE', *, *, #3277, .F. ) ;
#5875 = EDGE_CURVE ( 'NONE', #147, #2196, #2599, .T. ) ;
#5876 = CARTESIAN_POINT ( 'NONE',  ( 1.078731691666809045, 0.000000000000000000, -0.7215291218473318668 ) ) ;
#5877 = ORIENTED_EDGE ( 'NONE', *, *, #1251, .F. ) ;
#5878 = CARTESIAN_POINT ( 'NONE',  ( 1.376142604005369696, 0.04000000000000000083, -0.5132146990251265084 ) ) ;
#5879 = CARTESIAN_POINT ( 'NONE',  ( 0.4374999999999998335, 0.07000000000000000666, -0.3649999999999999911 ) ) ;
#5880 = CARTESIAN_POINT ( 'NONE',  ( 1.107234395844689967, 0.000000000000000000, -0.6579403409033011130 ) ) ;
#5881 = CARTESIAN_POINT ( 'NONE',  ( 1.141991381153823593, 0.04000000000000000083, -0.5831681608761835056 ) ) ;
#5882 = CARTESIAN_POINT ( 'NONE',  ( 0.2000000000000000111, 0.07499999999999999722, -0.6149999999999999911 ) ) ;
#5883 = ORIENTED_EDGE ( 'NONE', *, *, #409, .F. ) ;
#5884 = EDGE_CURVE ( 'NONE', #1132, #4758, #5454, .T. ) ;
#5885 = ORIENTED_EDGE ( 'NONE', *, *, #1105, .T. ) ;
#5886 = CARTESIAN_POINT ( 'NONE',  ( 2.113429487179905308, 0.000000000000000000, -0.7037304687500000044 ) ) ;
#5887 = EDGE_CURVE ( 'NONE', #5909, #410, #5937, .T. ) ;
#5888 = LINE ( 'NONE', #5855, #2908 ) ;
#5889 = DIRECTION ( 'NONE',  ( 1.000000000000000000, 0.000000000000000000, 0.000000000000000000 ) ) ;
#5890 = CARTESIAN_POINT ( 'NONE',  ( 1.429054487179905575, 0.04000000000000000083, -0.6799999999999999378 ) ) ;
#5891 = CARTESIAN_POINT ( 'NONE',  ( 1.010241499067669357, 0.04000000000000000083, -0.5191350500798622702 ) ) ;
#5892 = CARTESIAN_POINT ( 'NONE',  ( 2.097721635246173832, 0.04000000000000000083, -0.4912065637766125370 ) ) ;
#5893 = DIRECTION ( 'NONE',  ( 0.000000000000000000, 0.000000000000000000, 1.000000000000000000 ) ) ;
#5894 = VECTOR ( 'NONE', #1137, 39.37007874015748143 ) ;
#5895 = CARTESIAN_POINT ( 'NONE',  ( 2.014297921151178894, 0.04000000000000000083, -0.6276072213740757633 ) ) ;
#5896 = CARTESIAN_POINT ( 'NONE',  ( 1.976532787042074135, 0.04000000000000000083, -0.7328658653892226038 ) ) ;
#5897 = CARTESIAN_POINT ( 'NONE',  ( 1.379717071670105266, 0.04000000000000000083, -0.7233376626297155498 ) ) ;
#5898 = CARTESIAN_POINT ( 'NONE',  ( 1.950606691666809445, 0.04000000000000000083, -0.7215291218473320889 ) ) ;
#5899 = CARTESIAN_POINT ( 'NONE',  ( 1.922804487179905264, 0.04000000000000000083, -0.6608593750000000266 ) ) ;
#5900 = ORIENTED_EDGE ( 'NONE', *, *, #4511, .T. ) ;
#5901 = DIRECTION ( 'NONE',  ( -0.000000000000000000, -1.000000000000000000, -0.000000000000000000 ) ) ;
#5902 = CARTESIAN_POINT ( 'NONE',  ( 1.580519330929905486, 0.04000000000000000083, -0.7362499999999999600 ) ) ;
#5903 = VECTOR ( 'NONE', #1453, 39.37007874015748143 ) ;
#5904 = CARTESIAN_POINT ( 'NONE',  ( 1.842502878105087394, 0.000000000000000000, -0.5081351905995079576 ) ) ;
#5905 = ADVANCED_FACE ( 'NONE', ( #1514 ), #2458, .T. ) ;
#5906 = CARTESIAN_POINT ( 'NONE',  ( 0.9991646983031481355, 0.04000000000000000083, -0.7348674797975486284 ) ) ;
#5907 = ORIENTED_EDGE ( 'NONE', *, *, #2046, .F. ) ;
#5908 = CARTESIAN_POINT ( 'NONE',  ( 1.067656165635440191, 0.000000000000000000, -0.7112607086607196649 ) ) ;
#5909 = VERTEX_POINT ( 'NONE', #5870 ) ;
#5910 = CARTESIAN_POINT ( 'NONE',  ( 1.462584698831354668, 0.04000000000000000083, -0.5150544321967966965 ) ) ;
#5911 = FACE_OUTER_BOUND ( 'NONE', #6214, .T. ) ;
#5912 = CARTESIAN_POINT ( 'NONE',  ( 0.8789971827093882029, 0.000000000000000000, -0.7382221875493851782 ) ) ;
#5913 = CARTESIAN_POINT ( 'NONE',  ( 1.588527143429905530, 0.000000000000000000, -0.4893750000000000044 ) ) ;
#5914 = CARTESIAN_POINT ( 'NONE',  ( 0.7266619090549053528, 0.000000000000000000, -0.4893750000000000044 ) ) ;
#5915 = EDGE_CURVE ( 'NONE', #1326, #4420, #3932, .T. ) ;
#5916 = ORIENTED_EDGE ( 'NONE', *, *, #4949, .F. ) ;
#5917 = EDGE_CURVE ( 'NONE', #2262, #4000, #5840, .T. ) ;
#5918 = ORIENTED_EDGE ( 'NONE', *, *, #1193, .F. ) ;
#5919 = VERTEX_POINT ( 'NONE', #1938 ) ;
#5920 = CARTESIAN_POINT ( 'NONE',  ( 2.097528139869468955, 0.04000000000000000083, -0.7333496907531327214 ) ) ;
#5921 = CARTESIAN_POINT ( 'NONE',  ( 1.819662547184250689, 0.000000000000000000, -0.6755243741251424350 ) ) ;
#5922 = DIRECTION ( 'NONE',  ( 0.000000000000000000, -0.000000000000000000, 1.000000000000000000 ) ) ;
#5923 = CARTESIAN_POINT ( 'NONE',  ( 1.750779356921252639, 0.000000000000000000, -0.6932570329004636989 ) ) ;
#5924 = CARTESIAN_POINT ( 'NONE',  ( 0.8906855878890969080, 0.04000000000000000083, -0.7316341506825990715 ) ) ;
#5925 = CARTESIAN_POINT ( 'NONE',  ( 2.113223367497592431, 0.04000000000000000083, -0.5143599453195993876 ) ) ;
#5926 = UNCERTAINTY_MEASURE_WITH_UNIT (LENGTH_MEASURE( 1.000000000000000082E-05 ), #4376, 'distance_accuracy_value', 'NONE');
#5927 = CARTESIAN_POINT ( 'NONE',  ( 1.580519330929905486, 0.04000000000000000083, -0.7362499999999999600 ) ) ;
#5928 = CARTESIAN_POINT ( 'NONE',  ( 1.109194553361001923, 0.000000000000000000, -0.6727046574171605675 ) ) ;
#5929 = EDGE_CURVE ( 'NONE', #1277, #6039, #2918, .T. ) ;
#5930 = CARTESIAN_POINT ( 'NONE',  ( 1.427597597673662344, 0.000000000000000000, -0.5066997352566700030 ) ) ;
#5931 = VECTOR ( 'NONE', #2996, 39.37007874015748143 ) ;
#5932 = CARTESIAN_POINT ( 'NONE',  ( 1.547304550103224097, 0.04000000000000000083, -0.7346194713301407164 ) ) ;
#5933 = CARTESIAN_POINT ( 'NONE',  ( 1.998454248247542031, 0.000000000000000000, -0.6888589245931215910 ) ) ;
#5934 = CARTESIAN_POINT ( 'NONE',  ( 1.925934603288674385, 0.000000000000000000, -0.6353857216656664253 ) ) ;
#5935 = ORIENTED_EDGE ( 'NONE', *, *, #591, .T. ) ;
#5936 = CARTESIAN_POINT ( 'NONE',  ( 1.691386596499492745, 0.04000000000000000083, -0.5067145864463102889 ) ) ;
#5937 = LINE ( 'NONE', #2491, #1261 ) ;
#5938 = CARTESIAN_POINT ( 'NONE',  ( 1.769386518429905797, 0.000000000000000000, -0.4893750000000000044 ) ) ;
#5939 = CARTESIAN_POINT ( 'NONE',  ( 1.010118819068422269, 0.04000000000000000083, -0.7144299674326135552 ) ) ;
#5940 = ORIENTED_EDGE ( 'NONE', *, *, #4475, .T. ) ;
#5941 = CARTESIAN_POINT ( 'NONE',  ( 1.979054487179905397, 0.000000000000000000, -0.6598339843749999600 ) ) ;
#5942 = ORIENTED_EDGE ( 'NONE', *, *, #789, .T. ) ;
#5943 = CARTESIAN_POINT ( 'NONE',  ( 1.376142604005369696, 0.04000000000000000083, -0.5132146990251265084 ) ) ;
#5944 = CARTESIAN_POINT ( 'NONE',  ( 0.9839861278049059079, 0.000000000000000000, -0.4893750000000001155 ) ) ;
#5945 = VECTOR ( 'NONE', #5109, 39.37007874015748143 ) ;
#5946 = CARTESIAN_POINT ( 'NONE',  ( 0.9617045812454951825, 0.04000000000000000083, -0.4979291817477100590 ) ) ;
#5947 = CARTESIAN_POINT ( 'NONE',  ( 1.056748798460251715, 0.04000000000000000083, -0.6279117520509200912 ) ) ;
#5948 = CARTESIAN_POINT ( 'NONE',  ( 1.972365034054905708, 0.000000000000000000, -0.7317089843750002043 ) ) ;
#5949 = ORIENTED_EDGE ( 'NONE', *, *, #2015, .F. ) ;
#5950 = ORIENTED_EDGE ( 'NONE', *, *, #5875, .T. ) ;
#5951 = ORIENTED_EDGE ( 'NONE', *, *, #2015, .T. ) ;
#5952 = MANIFOLD_SOLID_BREP ( 'Chamfer2', #1548 ) ;
#5953 = DIRECTION ( 'NONE',  ( 0.000000000000000000, -1.000000000000000000, 0.000000000000000000 ) ) ;
#5954 = CARTESIAN_POINT ( 'NONE',  ( 1.833607059997175659, 0.000000000000000000, -0.6500644315707517773 ) ) ;
#5955 = CARTESIAN_POINT ( 'NONE',  ( 1.494777143429905530, 0.04000000000000000083, -0.5737499999999999822 ) ) ;
#5956 = CARTESIAN_POINT ( 'NONE',  ( 1.207521284054905886, 0.04000000000000000083, -0.7362499999999999600 ) ) ;
#5957 = VERTEX_POINT ( 'NONE', #1005 ) ;
#5958 = CARTESIAN_POINT ( 'NONE',  ( 1.658177123033379718, 0.04000000000000000083, -0.5356634234653790960 ) ) ;
#5959 = EDGE_CURVE ( 'NONE', #1405, #1460, #2980, .T. ) ;
#5960 = CARTESIAN_POINT ( 'NONE',  ( 1.463077998984859907, 0.04000000000000000083, -0.7086071453434762413 ) ) ;
#5961 = AXIS2_PLACEMENT_3D ( 'NONE', #1704, #3102, #4533 ) ;
#5962 = CARTESIAN_POINT ( 'NONE',  ( 1.657201181744086149, 0.000000000000000000, -0.5428967921756030490 ) ) ;
#5963 = DIRECTION ( 'NONE',  ( 0.000000000000000000, -1.000000000000000000, 0.000000000000000000 ) ) ;
#5964 = CARTESIAN_POINT ( 'NONE',  ( 1.922804487179905264, 0.04000000000000000083, -0.6608593750000000266 ) ) ;
#5965 = CARTESIAN_POINT ( 'NONE',  ( 0.8905803518740539326, 0.04000000000000000083, -0.4937336027666552329 ) ) ;
#5966 = VERTEX_POINT ( 'NONE', #4886 ) ;
#5967 = ORIENTED_EDGE ( 'NONE', *, *, #2370, .F. ) ;
#5968 = DIRECTION ( 'NONE',  ( 0.000000000000000000, 0.000000000000000000, -1.000000000000000000 ) ) ;
#5969 = CARTESIAN_POINT ( 'NONE',  ( 1.713966596554905575, 0.04000000000000000083, -0.6598339843749999600 ) ) ;
#5970 = VECTOR ( 'NONE', #3260, 39.37007874015748143 ) ;
#5971 = CARTESIAN_POINT ( 'NONE',  ( 2.087418124153548327, 0.04000000000000000083, -0.7358011333994025627 ) ) ;
#5972 = EDGE_CURVE ( 'NONE', #3300, #5467, #5335, .T. ) ;
#5973 = CARTESIAN_POINT ( 'NONE',  ( 1.565724409054905397, 0.000000000000000000, -0.7362499999999999600 ) ) ;
#5974 = CARTESIAN_POINT ( 'NONE',  ( 0.9582180331331666689, 0.04000000000000000083, -0.5027135717260216019 ) ) ;
#5975 = ORIENTED_EDGE ( 'NONE', *, *, #5887, .T. ) ;
#5976 = CARTESIAN_POINT ( 'NONE',  ( 1.392167759854682441, 0.000000000000000000, -0.4911824671211253435 ) ) ;
#5977 = CARTESIAN_POINT ( 'NONE',  ( 0.9582350277136064687, 0.04000000000000000083, -0.7261417824543621169 ) ) ;
#5978 = FACE_OUTER_BOUND ( 'NONE', #6070, .T. ) ;
#5979 = CARTESIAN_POINT ( 'NONE',  ( 1.051163031618342902, 0.04000000000000000083, -0.6519758408726168408 ) ) ;
#5980 = CARTESIAN_POINT ( 'NONE',  ( 1.447660429977835950, 0.000000000000000000, -0.7336199647703163240 ) ) ;
#5981 = ORIENTED_EDGE ( 'NONE', *, *, #4279, .T. ) ;
#5982 = ORIENTED_EDGE ( 'NONE', *, *, #6114, .T. ) ;
#5983 = VERTEX_POINT ( 'NONE', #4152 ) ;
#5984 = CARTESIAN_POINT ( 'NONE',  ( 2.108803341666530162, 0.000000000000000000, -0.7242062594868183822 ) ) ;
#5985 = CARTESIAN_POINT ( 'NONE',  ( 1.474107282438539279, 0.000000000000000000, -0.4961317259515357625 ) ) ;
#5986 = CARTESIAN_POINT ( 'NONE',  ( 0.7193935879870801964, 0.000000000000000000, -0.4896277986352555733 ) ) ;
#5987 = CARTESIAN_POINT ( 'NONE',  ( 1.745283156712634565, 0.000000000000000000, -0.6912848327287646200 ) ) ;
#5988 = ORIENTED_EDGE ( 'NONE', *, *, #4138, .F. ) ;
#5989 = CARTESIAN_POINT ( 'NONE',  ( 1.676658021327765979, 0.04000000000000000083, -0.5145513045461380663 ) ) ;
#5990 = DIRECTION ( 'NONE',  ( -1.000000000000000000, 0.000000000000000000, 0.000000000000000000 ) ) ;
#5991 = CARTESIAN_POINT ( 'NONE',  ( 1.050990762372156828, 0.04000000000000000083, -0.6636299963044934858 ) ) ;
#5992 = CARTESIAN_POINT ( 'NONE',  ( 1.529863366413430237, 0.04000000000000000083, -0.7188059347168455071 ) ) ;
#5993 = CARTESIAN_POINT ( 'NONE',  ( 1.671979584735631352, 0.000000000000000000, -0.6200600494550865260 ) ) ;
#5994 = VECTOR ( 'NONE', #1355, 39.37007874015748143 ) ;
#5995 = CARTESIAN_POINT ( 'NONE',  ( 0.9009294871799053972, 0.04000000000000000083, -0.5198437500000000488 ) ) ;
#5996 = EDGE_CURVE ( 'NONE', #6104, #5919, #3576, .T. ) ;
#5997 = EDGE_LOOP ( 'NONE', ( #5949, #5916, #224, #57 ) ) ;
#5998 = ORIENTED_EDGE ( 'NONE', *, *, #3500, .T. ) ;
#5999 = CARTESIAN_POINT ( 'NONE',  ( 0.9817290272152714437, 0.04000000000000000083, -0.7392844530789838275 ) ) ;
#6000 = FACE_BOUND ( 'NONE', #2431, .T. ) ;
#6001 = CARTESIAN_POINT ( 'NONE',  ( 1.868526479374532645, 0.000000000000000000, -0.5313588354496490140 ) ) ;
#6002 = CARTESIAN_POINT ( 'NONE',  ( 1.429054487179905575, 0.04000000000000000083, -0.6799999999999999378 ) ) ;
#6003 = B_SPLINE_CURVE_WITH_KNOTS ( 'NONE', 3,
 ( #4456, #3505, #5444, #3290, #872, #1060, #5232, #3213, #5690, #3181, #1824 ),
 .UNSPECIFIED., .F., .F.,
 ( 4, 1, 1, 1, 1, 1, 1, 1, 4 ),
 ( 0.000000000000000000, 0.1232899105900047976, 0.2445989755350567174, 0.3693748217677472745, 0.4972936742108767794, 0.6256943598673445628, 0.7500965678079896115, 0.8741929308902359752, 1.000000000000000000 ),
 .UNSPECIFIED. ) ;
#6004 = CARTESIAN_POINT ( 'NONE',  ( 1.496241987179905752, 0.04000000000000000083, -0.4893750000000001155 ) ) ;
#6005 = DIRECTION ( 'NONE',  ( -0.000000000000000000, -1.000000000000000000, -0.000000000000000000 ) ) ;
#6006 = CARTESIAN_POINT ( 'NONE',  ( 0.8975919255271859187, -0.000000000000000000, -0.7222966303625634188 ) ) ;
#6007 = CARTESIAN_POINT ( 'NONE',  ( 1.429054487179905575, 0.04000000000000000083, -0.5196484375000000044 ) ) ;
#6008 = B_SPLINE_CURVE_WITH_KNOTS ( 'NONE', 3,
 ( #2450, #3475, #5289, #1476, #457, #3889, #4367, #5827, #5799, #1445, #2876, #41, #3444, #3413, #996, #4337, #4878, #2386, #486 ),
 .UNSPECIFIED., .F., .F.,
 ( 4, 1, 1, 1, 1, 1, 1, 1, 1, 1, 1, 1, 1, 1, 1, 1, 4 ),
 ( 0.000000000000000000, 0.06471401816636543347, 0.1260074759657008603, 0.1848404604205492741, 0.2412139089641152645, 0.2962365839730135564, 0.3506218337640996108, 0.4049891146124610652, 0.4601104791148300510, 0.5167961286223607953, 0.5752343926751203318, 0.6364091737907180413, 0.7005078337452679271, 0.7688271593737614484, 0.8409926476957444441, 0.9181950594621315354, 0.9999999999999998890 ),
 .UNSPECIFIED. ) ;
#6009 = CARTESIAN_POINT ( 'NONE',  ( 1.433115318383023640, 0.000000000000000000, -0.7361275896145631492 ) ) ;
#6010 = VERTEX_POINT ( 'NONE', #5969 ) ;
#6011 = AXIS2_PLACEMENT_3D ( 'NONE', #2483, #3066, #5418 ) ;
#6012 = ORIENTED_EDGE ( 'NONE', *, *, #3425, .F. ) ;
#6013 = EDGE_LOOP ( 'NONE', ( #3085, #1663, #2078, #1018 ) ) ;
#6014 = CARTESIAN_POINT ( 'NONE',  ( 2.111397415065153549, 0.04000000000000000083, -0.7185264885591116091 ) ) ;
#6015 = CARTESIAN_POINT ( 'NONE',  ( 1.483617750234937915, 0.000000000000000000, -0.4908385602056248298 ) ) ;
#6016 = FACE_OUTER_BOUND ( 'NONE', #5374, .T. ) ;
#6017 = ORIENTED_EDGE ( 'NONE', *, *, #2689, .F. ) ;
#6018 = CARTESIAN_POINT ( 'NONE',  ( 1.050929487179905975, 0.000000000000000000, -0.6608593750000001377 ) ) ;
#6019 = CARTESIAN_POINT ( 'NONE',  ( 2.069312334274281628, 0.000000000000000000, -0.4940949613715138189 ) ) ;
#6020 = LINE ( 'NONE', #200, #2883 ) ;
#6021 = VECTOR ( 'NONE', #329, 39.37007874015748143 ) ;
#6022 = CARTESIAN_POINT ( 'NONE',  ( 1.129696731730191805, 0.000000000000000000, -0.6300410242652463300 ) ) ;
#6023 =( LENGTH_UNIT ( ) NAMED_UNIT ( * ) SI_UNIT ( $, .METRE. ) );
#6024 = CARTESIAN_POINT ( 'NONE',  ( 1.924114692446510455, 0.000000000000000000, -0.6434199382235037401 ) ) ;
#6025 = CARTESIAN_POINT ( 'NONE',  ( 1.489674841191251264, 0.04000000000000000083, -0.4896093089674877219 ) ) ;
#6026 = CARTESIAN_POINT ( 'NONE',  ( 0.6946794871799053528, 0.04000000000000000083, -0.7089062499999998490 ) ) ;
#6027 = CARTESIAN_POINT ( 'NONE',  ( 0.8994370279011818514, 0.000000000000000000, -0.5070591035736968788 ) ) ;
#6028 = CARTESIAN_POINT ( 'NONE',  ( 1.892691377180733658, 0.000000000000000000, -0.5872266457023426200 ) ) ;
#6029 = CIRCLE ( 'NONE', #6230, 0.1250000000000000278 ) ;
#6030 = DIRECTION ( 'NONE',  ( -0.000000000000000000, -1.000000000000000000, -0.000000000000000000 ) ) ;
#6031 = CARTESIAN_POINT ( 'NONE',  ( 1.833988177525957219, 0.04000000000000000083, -0.5797518390386818821 ) ) ;
#6032 = CARTESIAN_POINT ( 'NONE',  ( 1.868526479374532645, 0.04000000000000000083, -0.5313588354496490140 ) ) ;
#6033 = PLANE ( 'NONE',  #453 ) ;
#6034 = CARTESIAN_POINT ( 'NONE',  ( 1.185304487179905886, 0.000000000000000000, -0.5831250000000000044 ) ) ;
#6035 = CARTESIAN_POINT ( 'NONE',  ( 1.056748798460251715, 0.04000000000000000083, -0.6279117520509200912 ) ) ;
#6036 = CARTESIAN_POINT ( 'NONE',  ( 1.931163929458668882, 0.04000000000000000083, -0.6989466174180838376 ) ) ;
#6037 = ORIENTED_EDGE ( 'NONE', *, *, #5260, .F. ) ;
#6038 = CARTESIAN_POINT ( 'NONE',  ( 0.8963952433606935388, 0.04000000000000000083, -0.7249349314784748755 ) ) ;
#6039 = VERTEX_POINT ( 'NONE', #1583 ) ;
#6040 = ORIENTED_EDGE ( 'NONE', *, *, #1108, .F. ) ;
#6041 = CARTESIAN_POINT ( 'NONE',  ( 0.4999999999999998335, 0.07000000000000000666, -0.3649999999999999911 ) ) ;
#6042 = CARTESIAN_POINT ( 'NONE',  ( 1.375929487179905486, 0.000000000000000000, -0.5195996093750000488 ) ) ;
#6043 = VECTOR ( 'NONE', #5584, 39.37007874015748854 ) ;
#6044 = CARTESIAN_POINT ( 'NONE',  ( 1.467706553724523966, 0.000000000000000000, -0.5032050347491267006 ) ) ;
#6045 = DIRECTION ( 'NONE',  ( 0.000000000000000000, 0.000000000000000000, -1.000000000000000000 ) ) ;
#6046 = VERTEX_POINT ( 'NONE', #652 ) ;
#6047 = CARTESIAN_POINT ( 'NONE',  ( 2.074470232313248008, 0.000000000000000000, -0.4912707174611702365 ) ) ;
#6048 = CARTESIAN_POINT ( 'NONE',  ( 1.731229338394735473, 0.000000000000000000, -0.5393713399673585318 ) ) ;
#6049 = ADVANCED_FACE ( 'NONE', ( #621, #5607 ), #3072, .T. ) ;
#6050 = CARTESIAN_POINT ( 'NONE',  ( 1.050929487179905975, 0.04000000000000000083, -0.6608593750000001377 ) ) ;
#6051 = EDGE_CURVE ( 'NONE', #1338, #662, #5006, .T. ) ;
#6052 = CARTESIAN_POINT ( 'NONE',  ( 1.664406049679905797, 0.04000000000000000083, -0.6747265625000000711 ) ) ;
#6053 = CARTESIAN_POINT ( 'NONE',  ( 1.426857221554905575, 0.000000000000000000, -0.7362499999999999600 ) ) ;
#6054 = FACE_OUTER_BOUND ( 'NONE', #1965, .T. ) ;
#6055 = ORIENTED_EDGE ( 'NONE', *, *, #2872, .F. ) ;
#6056 = CARTESIAN_POINT ( 'NONE',  ( 1.222555632894472888, 0.000000000000000000, -0.7344148740484145454 ) ) ;
#6057 = DIRECTION ( 'NONE',  ( -1.000000000000000000, 0.000000000000000000, 0.000000000000000000 ) ) ;
#6058 = CARTESIAN_POINT ( 'NONE',  ( 1.892708143753448535, 0.04000000000000000083, -0.6411864590076461479 ) ) ;
#6059 = CARTESIAN_POINT ( 'NONE',  ( 1.459586459303022332, 0.04000000000000000083, -0.5254169721375746560 ) ) ;
#6060 = DIRECTION ( 'NONE',  ( -1.000000000000000000, 0.000000000000000000, 0.000000000000000000 ) ) ;
#6061 = B_SPLINE_CURVE_WITH_KNOTS ( 'NONE', 3,
 ( #5708, #1904, #3867, #3419, #5360, #2789, #339, #1966, #2946, #493, #4884, #18, #1481, #4403, #5868 ),
 .UNSPECIFIED., .F., .F.,
 ( 4, 1, 1, 1, 1, 1, 1, 1, 1, 1, 1, 1, 4 ),
 ( 0.000000000000000000, 0.1075212931455933191, 0.2018531455207841496, 0.2834991629665748469, 0.3522698592065470757, 0.4159778075812734510, 0.4825984022751547697, 0.5530617777884793140, 0.6284494531993556343, 0.7089724738938529836, 0.7972121718589568751, 0.8941376139955272695, 1.000000000000000000 ),
 .UNSPECIFIED. ) ;
#6062 = CARTESIAN_POINT ( 'NONE',  ( 1.693409955929905619, 0.04000000000000000083, -0.6500195312500000044 ) ) ;
#6063 = CARTESIAN_POINT ( 'NONE',  ( 0.9008891810162703573, 0.000000000000000000, -0.7072611830166861679 ) ) ;
#6064 = CARTESIAN_POINT ( 'NONE',  ( 0.8641409577175938050, 0.000000000000000000, -0.4912404362675277802 ) ) ;
#6065 = CARTESIAN_POINT ( 'NONE',  ( 1.095981238116829237, 0.04000000000000000083, -0.5908602598766083958 ) ) ;
#6066 = CARTESIAN_POINT ( 'NONE',  ( 1.438803373186489321, 0.000000000000000000, -0.7356877575278358838 ) ) ;
#6067 = CARTESIAN_POINT ( 'NONE',  ( 1.997065884624477983, 0.04000000000000000083, -0.7356584067465468113 ) ) ;
#6068 = EDGE_CURVE ( 'NONE', #3587, #4832, #2588, .T. ) ;
#6069 = ORIENTED_EDGE ( 'NONE', *, *, #4665, .T. ) ;
#6070 = EDGE_LOOP ( 'NONE', ( #2004, #945, #190, #4930, #6099, #2736 ) ) ;
#6071 = CARTESIAN_POINT ( 'NONE',  ( 1.378345129665667690, 0.000000000000000000, -0.7205800435056687325 ) ) ;
#6072 = CARTESIAN_POINT ( 'NONE',  ( 1.500687740155434380, 0.000000000000000000, -0.4894841393225337067 ) ) ;
#6073 = CARTESIAN_POINT ( 'NONE',  ( 1.145802534054905841, 0.04000000000000000083, -0.5831250000000000044 ) ) ;
#6074 = CARTESIAN_POINT ( 'NONE',  ( 1.101837058032423711, 0.000000000000000000, -0.7320828900431359809 ) ) ;
#6075 = ADVANCED_FACE ( 'NONE', ( #5544, #6000, #3673, #4596, #1166, #4563, #150, #1672, #1232 ), #210, .F. ) ;
#6076 = ORIENTED_EDGE ( 'NONE', *, *, #2618, .F. ) ;
#6077 = CARTESIAN_POINT ( 'NONE',  ( 1.669359781745054949, 0.04000000000000000083, -0.5194307890960563334 ) ) ;
#6078 = CARTESIAN_POINT ( 'NONE',  ( 0.8518084288704442786, 0.000000000000000000, -0.5021821391456254835 ) ) ;
#6079 = CARTESIAN_POINT ( 'NONE',  ( 1.663883044790278154, 0.04000000000000000083, -0.5243648215944163304 ) ) ;
#6080 = LINE ( 'NONE', #4619, #4890 ) ;
#6081 = DIRECTION ( 'NONE',  ( 0.000000000000000000, 0.000000000000000000, 1.000000000000000000 ) ) ;
#6082 = CARTESIAN_POINT ( 'NONE',  ( 1.458036284001869909, 0.000000000000000000, -0.7235988223764778793 ) ) ;
#6083 = ORIENTED_EDGE ( 'NONE', *, *, #4781, .T. ) ;
#6084 = LINE ( 'NONE', #4210, #2972 ) ;
#6085 = CARTESIAN_POINT ( 'NONE',  ( 0.7024987142455111355, 0.04000000000000000083, -0.4977812166467366906 ) ) ;
#6086 = EDGE_LOOP ( 'NONE', ( #4768, #4771, #791, #5819 ) ) ;
#6087 = CARTESIAN_POINT ( 'NONE',  ( 1.593726161428278054, 0.000000000000000000, -0.4896475354661984358 ) ) ;
#6088 = CARTESIAN_POINT ( 'NONE',  ( 1.747791684523105182, 0.000000000000000000, -0.5800446072327218872 ) ) ;
#6089 = CARTESIAN_POINT ( 'NONE',  ( 0.6962886798552460066, 0.000000000000000000, -0.7213397502294378594 ) ) ;
#6090 = CARTESIAN_POINT ( 'NONE',  ( 1.458525488838899875, 0.000000000000000000, -0.5293639032030675873 ) ) ;
#6091 = CARTESIAN_POINT ( 'NONE',  ( 1.712572332975243805, 0.04000000000000000083, -0.5469684390282316677 ) ) ;
#6092 = VECTOR ( 'NONE', #4319, 39.37007874015748143 ) ;
#6093 = CARTESIAN_POINT ( 'NONE',  ( 1.894585122914099085, 0.04000000000000000083, -0.6097147406940437442 ) ) ;
#6094 = CARTESIAN_POINT ( 'NONE',  ( 0.4374999999999998335, 0.07000000000000000666, -0.3649999999999999911 ) ) ;
#6095 = CARTESIAN_POINT ( 'NONE',  ( 0.8759294871799053750, 0.000000000000000000, -0.4893750000000000044 ) ) ;
#6096 = DIRECTION ( 'NONE',  ( -1.000000000000000000, 0.000000000000000000, 0.000000000000000000 ) ) ;
#6097 = CARTESIAN_POINT ( 'NONE',  ( 2.106366485694179946, 0.000000000000000000, -0.4975879760096892923 ) ) ;
#6098 = CARTESIAN_POINT ( 'NONE',  ( 0.9839861278049059079, 0.000000000000000000, -0.7393750000000001155 ) ) ;
#6099 = ORIENTED_EDGE ( 'NONE', *, *, #1512, .T. ) ;
#6100 = EDGE_LOOP ( 'NONE', ( #5099, #129, #4023, #4401 ) ) ;
#6101 = CARTESIAN_POINT ( 'NONE',  ( 1.761859233006684233, 0.000000000000000000, -0.6223503111505126473 ) ) ;
#6102 = CARTESIAN_POINT ( 'NONE',  ( 1.496241987179905530, 0.04000000000000000083, -0.4893750000000000044 ) ) ;
#6103 = B_SPLINE_SURFACE_WITH_KNOTS ( 'NONE', 3, 1, ( 
 ( #1751, #1420 ),
 ( #1903, #2362 ),
 ( #4642, #5620 ),
 ( #3836, #462 ),
 ( #4343, #2706 ),
 ( #4311, #3206 ),
 ( #1720, #1279 ),
 ( #4133, #6134 ),
 ( #4675, #6250 ),
 ( #3685, #6071 ),
 ( #6281, #256 ),
 ( #1872, #5329 ),
 ( #5588, #2393 ),
 ( #1685, #1246 ),
 ( #2915, #5147 ) ),
 .UNSPECIFIED., .F., .F., .F.,
 ( 4, 1, 1, 1, 1, 1, 1, 1, 1, 1, 1, 1, 4 ),
 ( 2, 2 ),
 ( 0.000000000000000000, 0.1456817349758525171, 0.2786834729361730156, 0.4002203989206651880, 0.5136386216531620974, 0.5683753864952296730, 0.6227437561373749819, 0.6785936170311778204, 0.7350696838698020930, 0.7955826855105287976, 0.8584107594692896859, 0.9267421627647466353, 0.9999999999999998890 ),
 ( 0.000000000000000000, 1.000000000000000000 ),
 .UNSPECIFIED. ) ;
#6104 = VERTEX_POINT ( 'NONE', #2097 ) ;
#6105 = CARTESIAN_POINT ( 'NONE',  ( 0.4374999999999997780, 0.000000000000000000, -0.3649999999999999911 ) ) ;
#6106 = B_SPLINE_CURVE_WITH_KNOTS ( 'NONE', 3,
 ( #2382, #4363, #1892, #36, #5856, #1954, #1921, #2905, #452, #1471, #893 ),
 .UNSPECIFIED., .F., .F.,
 ( 4, 1, 1, 1, 1, 1, 1, 1, 4 ),
 ( 0.000000000000000000, 0.1196506913845639536, 0.2323942988104791274, 0.3415846489330138791, 0.4540851286129701792, 0.5719373066527821958, 0.6999891916916327617, 0.8408352924363500236, 1.000000000000000000 ),
 .UNSPECIFIED. ) ;
#6107 = CARTESIAN_POINT ( 'NONE',  ( 1.981069553361002100, 0.04000000000000000083, -0.6727046574171606785 ) ) ;
#6108 = EDGE_CURVE ( 'NONE', #5843, #4491, #4060, .T. ) ;
#6109 = AXIS2_PLACEMENT_3D ( 'NONE', #3564, #5025, #4106 ) ;
#6110 = EDGE_CURVE ( 'NONE', #33, #5468, #1102, .T. ) ;
#6111 = ORIENTED_EDGE ( 'NONE', *, *, #5131, .T. ) ;
#6112 = CARTESIAN_POINT ( 'NONE',  ( 0.6946794871799053528, 0.000000000000000000, -0.5235546875000000044 ) ) ;
#6113 = CARTESIAN_POINT ( 'NONE',  ( 2.069312334274281628, 0.04000000000000000083, -0.4940949613715138189 ) ) ;
#6114 = EDGE_CURVE ( 'NONE', #543, #4420, #178, .T. ) ;
#6115 = CARTESIAN_POINT ( 'NONE',  ( 1.672788419108712787, 0.000000000000000000, -0.5170126222841918695 ) ) ;
#6116 = CARTESIAN_POINT ( 'NONE',  ( 1.456182082736453776, 0.04000000000000000083, -0.7269627238124476420 ) ) ;
#6117 = CARTESIAN_POINT ( 'NONE',  ( 1.981069553361002100, 0.04000000000000000083, -0.6727046574171606785 ) ) ;
#6118 = CARTESIAN_POINT ( 'NONE',  ( 1.010304487179905841, 0.04000000000000000083, -0.5216015625000000044 ) ) ;
#6119 = FACE_OUTER_BOUND ( 'NONE', #6013, .T. ) ;
#6120 = CYLINDRICAL_SURFACE ( 'NONE', #1613, 0.1250000000000000278 ) ;
#6121 = CARTESIAN_POINT ( 'NONE',  ( 1.774776285444839452, 0.000000000000000000, -0.5914623805091675512 ) ) ;
#6122 = CARTESIAN_POINT ( 'NONE',  ( 1.875803376153104551, 0.000000000000000000, -0.6875206543491854116 ) ) ;
#6123 = CARTESIAN_POINT ( 'NONE',  ( 2.014297921151178894, 0.000000000000000000, -0.6276072213740757633 ) ) ;
#6124 = CARTESIAN_POINT ( 'NONE',  ( 1.836002695480820401, 0.04000000000000000083, -0.5878216532983788767 ) ) ;
#6125 = CARTESIAN_POINT ( 'NONE',  ( 1.693409955929905619, 0.000000000000000000, -0.6500195312500000044 ) ) ;
#6126 = CARTESIAN_POINT ( 'NONE',  ( 2.113429487179905308, 0.04000000000000000083, -0.5214062499999999600 ) ) ;
#6127 = CARTESIAN_POINT ( 'NONE',  ( 1.835792828667160537, 0.04000000000000000083, -0.6421749967205810927 ) ) ;
#6128 = CARTESIAN_POINT ( 'NONE',  ( 1.123855721102109406, 0.04000000000000000083, -0.5842720217304789854 ) ) ;
#6129 = CARTESIAN_POINT ( 'NONE',  ( 1.504885159408923423, 0.04000000000000000083, -0.4903065445313095627 ) ) ;
#6130 = VECTOR ( 'NONE', #3568, 39.37007874015748143 ) ;
#6131 = CARTESIAN_POINT ( 'NONE',  ( 1.122327413818216213, 8.537024980200822558E-18, -0.6872853059217891580 ) ) ;
#6132 = ORIENTED_EDGE ( 'NONE', *, *, #3801, .T. ) ;
#6133 = ORIENTED_EDGE ( 'NONE', *, *, #5972, .F. ) ;
#6134 = CARTESIAN_POINT ( 'NONE',  ( 1.381421036947733327, 0.000000000000000000, -0.7257794113598587948 ) ) ;
#6135 = CARTESIAN_POINT ( 'NONE',  ( 1.528618984234911160, 0.04000000000000000083, -0.5208600826160169062 ) ) ;
#6136 = VERTEX_POINT ( 'NONE', #1641 ) ;
#6137 = DIRECTION ( 'NONE',  ( -0.000000000000000000, -1.000000000000000000, -0.000000000000000000 ) ) ;
#6138 = CARTESIAN_POINT ( 'NONE',  ( 2.104999999999999982, 0.1400000000000000133, -1.229999999999999982 ) ) ;
#6139 = ORIENTED_EDGE ( 'NONE', *, *, #2296, .F. ) ;
#6140 = CARTESIAN_POINT ( 'NONE',  ( 0.7332614639089398700, 0.000000000000000000, -0.7376097719688642362 ) ) ;
#6141 = VECTOR ( 'NONE', #1830, 39.37007874015748143 ) ;
#6142 = CARTESIAN_POINT ( 'NONE',  ( 1.197437334274282561, 0.000000000000000000, -0.4940949613715140409 ) ) ;
#6143 = CARTESIAN_POINT ( 'NONE',  ( 2.329999999999999627, 0.2149999999999981093, -0.2750000000000003553 ) ) ;
#6144 = CARTESIAN_POINT ( 'NONE',  ( 1.967856238116828749, 0.000000000000000000, -0.5908602598766081737 ) ) ;
#6145 = EDGE_LOOP ( 'NONE', ( #5239, #4042, #3650, #4075 ) ) ;
#6146 = CARTESIAN_POINT ( 'NONE',  ( 1.672500485702157036, 0.000000000000000000, -0.6575839985045565106 ) ) ;
#6147 = CARTESIAN_POINT ( 'NONE',  ( 1.838379137025604182, -0.000000000000000000, -0.6122730195714291002 ) ) ;
#6148 = CARTESIAN_POINT ( 'NONE',  ( 1.710304487179905575, 0.04000000000000000083, -0.5480664062500000266 ) ) ;
#6149 = CIRCLE ( 'NONE', #3411, 0.06249999999999995143 ) ;
#6150 = CARTESIAN_POINT ( 'NONE',  ( 1.668958520626598663, 0.04000000000000000083, -0.6614720397614882730 ) ) ;
#6151 = CARTESIAN_POINT ( 'NONE',  ( 1.427597597673662344, 0.04000000000000000083, -0.5066997352566700030 ) ) ;
#6152 = CARTESIAN_POINT ( 'NONE',  ( 0.7208586851107868787, 0.04000000000000000083, -0.7392746610202701740 ) ) ;
#6153 = ORIENTED_EDGE ( 'NONE', *, *, #2185, .F. ) ;
#6154 = CARTESIAN_POINT ( 'NONE',  ( 1.987745893429905264, 0.04000000000000000083, -0.6829296874999999378 ) ) ;
#6155 = CARTESIAN_POINT ( 'NONE',  ( 2.086769330929905131, 0.04000000000000000083, -0.4893750000000000044 ) ) ;
#6156 = CARTESIAN_POINT ( 'NONE',  ( 1.687457193133251154, 0.04000000000000000083, -0.6502917361556365128 ) ) ;
#6157 = CARTESIAN_POINT ( 'NONE',  ( 1.987745893429905264, 0.000000000000000000, -0.6829296874999999378 ) ) ;
#6158 = EDGE_CURVE ( 'NONE', #5018, #5473, #2068, .T. ) ;
#6159 = EDGE_CURVE ( 'NONE', #397, #640, #2627, .T. ) ;
#6160 = CARTESIAN_POINT ( 'NONE',  ( 1.778631139808374284, 0.000000000000000000, -0.6954999401474570853 ) ) ;
#6161 = PLANE ( 'NONE',  #5023 ) ;
#6162 = DIRECTION ( 'NONE',  ( 0.000000000000000000, 0.000000000000000000, -1.000000000000000000 ) ) ;
#6163 = CARTESIAN_POINT ( 'NONE',  ( 2.016798627804905486, 0.04000000000000000083, -0.7362499999999999600 ) ) ;
#6164 = ORIENTED_EDGE ( 'NONE', *, *, #5635, .F. ) ;
#6165 = ORIENTED_EDGE ( 'NONE', *, *, #1516, .T. ) ;
#6166 = CARTESIAN_POINT ( 'NONE',  ( 1.529658595102607155, 0.04000000000000000083, -0.5252131334001274299 ) ) ;
#6167 = VERTEX_POINT ( 'NONE', #5572 ) ;
#6168 = FACE_OUTER_BOUND ( 'NONE', #1528, .T. ) ;
#6169 = CARTESIAN_POINT ( 'NONE',  ( 1.241068956533415202, 0.04000000000000000083, -0.7116585904362078274 ) ) ;
#6170 = VERTEX_POINT ( 'NONE', #1198 ) ;
#6171 = LINE ( 'NONE', #5249, #1345 ) ;
#6172 = CARTESIAN_POINT ( 'NONE',  ( 0.8591856055488283905, 0.000000000000000000, -0.4938918121870692901 ) ) ;
#6173 = CARTESIAN_POINT ( 'NONE',  ( 1.664871923455722325, 0.04000000000000000083, -0.6150814801740419613 ) ) ;
#6174 = ADVANCED_FACE ( 'NONE', ( #3162 ), #895, .T. ) ;
#6175 = CARTESIAN_POINT ( 'NONE',  ( 1.458036284001869909, 0.04000000000000000083, -0.7235988223764778793 ) ) ;
#6176 = CARTESIAN_POINT ( 'NONE',  ( 2.229999999999999538, 0.1400000000000000133, -0.1750000000000000444 ) ) ;
#6177 = DIRECTION ( 'NONE',  ( 0.5185576816259125366, 0.000000000000000000, -0.8550426485426084744 ) ) ;
#6178 = PLANE ( 'NONE',  #4899 ) ;
#6179 = CARTESIAN_POINT ( 'NONE',  ( 1.590294150816323748, 0.04000000000000000083, -0.4894676275273492916 ) ) ;
#6180 = CARTESIAN_POINT ( 'NONE',  ( 1.776491450839594366, 0.000000000000000000, -0.5997790228293909953 ) ) ;
#6181 = EDGE_CURVE ( 'NONE', #4960, #238, #5209, .T. ) ;
#6182 = CARTESIAN_POINT ( 'NONE',  ( 1.894585122914099085, -0.000000000000000000, -0.6097147406940437442 ) ) ;
#6183 = EDGE_LOOP ( 'NONE', ( #3267, #604, #6296, #2471 ) ) ;
#6184 = CARTESIAN_POINT ( 'NONE',  ( 1.241554487179905797, 0.000000000000000000, -0.5214062499999999600 ) ) ;
#6185 = CARTESIAN_POINT ( 'NONE',  ( 0.7208586851107868787, -0.000000000000000000, -0.7392746610202701740 ) ) ;
#6186 = DIRECTION ( 'NONE',  ( 0.2268897289327035660, 0.000000000000000000, 0.9739204540951197364 ) ) ;
#6187 = CARTESIAN_POINT ( 'NONE',  ( 1.606462641188736384, 0.000000000000000000, -0.7284961019223472611 ) ) ;
#6188 = CARTESIAN_POINT ( 'NONE',  ( 1.838282755252247602, 0.000000000000000000, -0.6248297380482389363 ) ) ;
#6189 = CARTESIAN_POINT ( 'NONE',  ( 0.9660967097892542155, 0.000000000000000000, -0.7347396469861320334 ) ) ;
#6190 = DIRECTION ( 'NONE',  ( 1.000000000000000000, 0.000000000000000000, 0.000000000000000000 ) ) ;
#6191 = CARTESIAN_POINT ( 'NONE',  ( 1.118735854456255119, 8.537024980200822558E-18, -0.6853627314024504091 ) ) ;
#6192 = EDGE_CURVE ( 'NONE', #1601, #6318, #1294, .T. ) ;
#6193 = ORIENTED_EDGE ( 'NONE', *, *, #5327, .F. ) ;
#6194 = ORIENTED_EDGE ( 'NONE', *, *, #3627, .T. ) ;
#6195 = ADVANCED_FACE ( 'NONE', ( #4215 ), #4308, .T. ) ;
#6196 = CARTESIAN_POINT ( 'NONE',  ( 0.9009156020876871729, 0.000000000000000000, -0.7036024599242634014 ) ) ;
#6197 = ORIENTED_EDGE ( 'NONE', *, *, #42, .F. ) ;
#6198 = CARTESIAN_POINT ( 'NONE',  ( 1.004259500165513908, 0.04000000000000000083, -0.4993493390962117084 ) ) ;
#6199 = VECTOR ( 'NONE', #5684, 39.37007874015748143 ) ;
#6200 = CARTESIAN_POINT ( 'NONE',  ( 1.228441344785508704, 0.04000000000000000083, -0.7320200826854215137 ) ) ;
#6201 = CARTESIAN_POINT ( 'NONE',  ( 1.712031122953206586, 0.000000000000000000, -0.7291730766818089737 ) ) ;
#6202 = ORIENTED_EDGE ( 'NONE', *, *, #1222, .F. ) ;
#6203 = CARTESIAN_POINT ( 'NONE',  ( 0.7230486278049053084, 0.000000000000000000, -0.7393750000000000044 ) ) ;
#6204 = CARTESIAN_POINT ( 'NONE',  ( 0.8311052684299053972, 0.000000000000000000, -0.7079785156249999156 ) ) ;
#6205 = CARTESIAN_POINT ( 'NONE',  ( 1.185304487179905886, 0.04000000000000000083, -0.5831250000000000044 ) ) ;
#6206 = B_SPLINE_SURFACE_WITH_KNOTS ( 'NONE', 3, 1, ( 
 ( #13, #4274 ),
 ( #869, #1448 ),
 ( #5358, #903 ),
 ( #4309, #2453 ),
 ( #2879, #396 ),
 ( #2358, #6213 ),
 ( #1479, #3926 ),
 ( #6247, #1869 ),
 ( #5738, #3448 ),
 ( #4851, #3799 ),
 ( #5831, #1358 ) ),
 .UNSPECIFIED., .F., .F., .F.,
 ( 4, 1, 1, 1, 1, 1, 1, 1, 4 ),
 ( 2, 2 ),
 ( 0.000000000000000000, 0.1293235928071807261, 0.2472114869378300994, 0.3634275511446827811, 0.4836271207114492543, 0.6085420377595613939, 0.7362682684320625004, 0.8675229715430915478, 1.000000000000000000 ),
 ( 0.000000000000000000, 1.000000000000000000 ),
 .UNSPECIFIED. ) ;
#6207 = CARTESIAN_POINT ( 'NONE',  ( 1.612896946833452416, 0.04000000000000000083, -0.7146062921768565612 ) ) ;
#6208 = DIRECTION ( 'NONE',  ( 0.000000000000000000, 0.000000000000000000, 1.000000000000000000 ) ) ;
#6209 = CARTESIAN_POINT ( 'NONE',  ( 1.531593549679905575, 0.04000000000000000083, -0.5353710937500000266 ) ) ;
#6210 = DIRECTION ( 'NONE',  ( 0.000000000000000000, 0.000000000000000000, -1.000000000000000000 ) ) ;
#6211 = CARTESIAN_POINT ( 'NONE',  ( 1.809936025685241257, 0.04000000000000000083, -0.6843817981834026121 ) ) ;
#6212 = CARTESIAN_POINT ( 'NONE',  ( 1.776491450839594366, 0.04000000000000000083, -0.5997790228293909953 ) ) ;
#6213 = CARTESIAN_POINT ( 'NONE',  ( 0.7500023183947310823, 0.000000000000000000, -0.4977831352683730892 ) ) ;
#6214 = EDGE_LOOP ( 'NONE', ( #3715, #66, #2191, #2109 ) ) ;
#6215 = CARTESIAN_POINT ( 'NONE',  ( 1.531415355931479816, 0.04000000000000000083, -0.7228581240702762756 ) ) ;
#6216 = CARTESIAN_POINT ( 'NONE',  ( 1.097832163975086095, 0.04000000000000000083, -0.7308371393224524226 ) ) ;
#6217 = CARTESIAN_POINT ( 'NONE',  ( 1.114083081255677454, 0.000000000000000000, -0.7345421172199687598 ) ) ;
#6218 = ADVANCED_FACE ( 'NONE', ( #5193 ), #3826, .T. ) ;
#6219 = CARTESIAN_POINT ( 'NONE',  ( 0.2000000000000000111, 0.07499999999999999722, -0.6149999999999999911 ) ) ;
#6220 = VECTOR ( 'NONE', #3282, 39.37007874015748143 ) ;
#6221 = CARTESIAN_POINT ( 'NONE',  ( 1.772128976813631018, 0.000000000000000000, -0.5875327545382760253 ) ) ;
#6222 = FACE_OUTER_BOUND ( 'NONE', #2829, .T. ) ;
#6223 = CARTESIAN_POINT ( 'NONE',  ( 1.972365034054905486, 0.000000000000000000, -0.7317089843750000933 ) ) ;
#6224 = ORIENTED_EDGE ( 'NONE', *, *, #1611, .T. ) ;
#6225 = VERTEX_POINT ( 'NONE', #3447 ) ;
#6226 = CARTESIAN_POINT ( 'NONE',  ( 1.613429487179905530, 0.04000000000000000083, -0.7068066406249999822 ) ) ;
#6227 = ORIENTED_EDGE ( 'NONE', *, *, #2323, .F. ) ;
#6228 = CARTESIAN_POINT ( 'NONE',  ( 1.375929487179905486, 0.04000000000000000083, -0.5195996093750000488 ) ) ;
#6229 = CARTESIAN_POINT ( 'NONE',  ( 0.8478044871799053084, 0.000000000000000000, -0.6550000000000000266 ) ) ;
#6230 = AXIS2_PLACEMENT_3D ( 'NONE', #5252, #5186, #800 ) ;
#6231 = CARTESIAN_POINT ( 'NONE',  ( 1.142422921151178938, 0.000000000000000000, -0.6276072213740757633 ) ) ;
#6232 = CARTESIAN_POINT ( 'NONE',  ( 1.721528154462228288, 0.000000000000000000, -0.7327834402532488189 ) ) ;
#6233 = AXIS2_PLACEMENT_3D ( 'NONE', #3253, #2322, #3798 ) ;
#6234 = VERTEX_POINT ( 'NONE', #46 ) ;
#6235 = CARTESIAN_POINT ( 'NONE',  ( 0.7475625992338678083, 0.04000000000000000083, -0.7154831098358276353 ) ) ;
#6236 = CARTESIAN_POINT ( 'NONE',  ( 1.998454248247542031, 0.04000000000000000083, -0.6888589245931215910 ) ) ;
#6237 = CARTESIAN_POINT ( 'NONE',  ( 1.696437299679905752, 0.04000000000000000083, -0.6237500000000000266 ) ) ;
#6238 = CARTESIAN_POINT ( 'NONE',  ( 1.611192039233947160, 0.04000000000000000083, -0.7211664009154009625 ) ) ;
#6239 = CARTESIAN_POINT ( 'NONE',  ( 0.9894199094816070739, 0.04000000000000000083, -0.4896848526063652951 ) ) ;
#6240 = FACE_OUTER_BOUND ( 'NONE', #5845, .T. ) ;
#6241 = CARTESIAN_POINT ( 'NONE',  ( 0.7546439343552930890, 0.04000000000000000083, -0.5023460579134045867 ) ) ;
#6242 = EDGE_CURVE ( 'NONE', #6010, #5481, #3660, .T. ) ;
#6243 = VECTOR ( 'NONE', #5336, 39.37007874015748143 ) ;
#6244 = VECTOR ( 'NONE', #4931, 39.37007874015748143 ) ;
#6245 = CARTESIAN_POINT ( 'NONE',  ( 1.712031122953206586, 0.04000000000000000083, -0.7291730766818089737 ) ) ;
#6246 = CARTESIAN_POINT ( 'NONE',  ( 1.776564252804905708, 0.000000000000000000, -0.6016308593750000488 ) ) ;
#6247 = CARTESIAN_POINT ( 'NONE',  ( 0.7587084062087602332, 0.04000000000000000083, -0.5076686854596073051 ) ) ;
#6248 = EDGE_LOOP ( 'NONE', ( #2049, #5145, #5165, #261 ) ) ;
#6249 = EDGE_CURVE ( 'NONE', #5365, #6280, #3965, .T. ) ;
#6250 = CARTESIAN_POINT ( 'NONE',  ( 1.379717071670105266, 0.000000000000000000, -0.7233376626297155498 ) ) ;
#6251 = CARTESIAN_POINT ( 'NONE',  ( 1.404298627804905442, 0.04000000000000000083, -0.4893750000000000044 ) ) ;
#6252 = CARTESIAN_POINT ( 'NONE',  ( 2.229999999999999538, 0.1400000000000000133, -0.1250000000000000278 ) ) ;
#6253 = CARTESIAN_POINT ( 'NONE',  ( 1.530605170206580601, 0.000000000000000000, -0.5301263936895446172 ) ) ;
#6254 = DIRECTION ( 'NONE',  ( 1.000000000000000000, 0.000000000000000000, -0.000000000000000000 ) ) ;
#6255 = CARTESIAN_POINT ( 'NONE',  ( 1.565724409054905397, 0.04000000000000000083, -0.7362499999999999600 ) ) ;
#6256 = CARTESIAN_POINT ( 'NONE',  ( 1.464894330929905619, 0.000000000000000000, -0.7020214843750001155 ) ) ;
#6257 = EDGE_CURVE ( 'NONE', #4439, #3746, #3989, .T. ) ;
#6258 = EDGE_LOOP ( 'NONE', ( #1995, #6055, #2682, #1406 ) ) ;
#6259 = LINE ( 'NONE', #3844, #3689 ) ;
#6260 = VERTEX_POINT ( 'NONE', #4850 ) ;
#6261 = CARTESIAN_POINT ( 'NONE',  ( 2.091062328429526662, 0.000000000000000000, -0.7352390000847036644 ) ) ;
#6262 = CARTESIAN_POINT ( 'NONE',  ( 1.684434984871821639, -0.000000000000000000, -0.5103719722821387084 ) ) ;
#6263 = B_SPLINE_SURFACE_WITH_KNOTS ( 'NONE', 3, 1, ( 
 ( #4022, #47 ),
 ( #172, #1994 ),
 ( #5540, #3959 ),
 ( #556, #4528 ),
 ( #5965, #3571 ),
 ( #1579, #5509 ),
 ( #2616, #2121 ),
 ( #3544, #1032 ),
 ( #4054, #3602 ),
 ( #4463, #4082 ),
 ( #5995, #4943 ) ),
 .UNSPECIFIED., .F., .F., .F.,
 ( 4, 1, 1, 1, 1, 1, 1, 1, 4 ),
 ( 2, 2 ),
 ( 0.000000000000000000, 0.1223731541130507472, 0.2362811909163045343, 0.3470119684561828177, 0.4604108216925586472, 0.5797917582613334453, 0.7068249063641643959, 0.8448649611941178028, 0.9999999999999998890 ),
 ( 0.000000000000000000, 1.000000000000000000 ),
 .UNSPECIFIED. ) ;
#6264 = CARTESIAN_POINT ( 'NONE',  ( 1.107339530997315746, 0.000000000000000000, -0.6543145289080799509 ) ) ;
#6265 = ADVANCED_FACE ( 'NONE', ( #999 ), #1574, .T. ) ;
#6266 = CARTESIAN_POINT ( 'NONE',  ( 2.104999999999999982, 0.1400000000000000133, 0.000000000000000000 ) ) ;
#6267 = EDGE_CURVE ( 'NONE', #678, #5813, #4655, .T. ) ;
#6268 = ORIENTED_EDGE ( 'NONE', *, *, #1451, .F. ) ;
#6269 = LINE ( 'NONE', #4449, #4113 ) ;
#6270 = CARTESIAN_POINT ( 'NONE',  ( 0.8386757062408136676, 0.000000000000000000, -0.7202955058092699314 ) ) ;
#6271 = CARTESIAN_POINT ( 'NONE',  ( 1.593726161428278054, 0.04000000000000000083, -0.4896475354661984358 ) ) ;
#6272 = VECTOR ( 'NONE', #2956, 39.37007874015748143 ) ;
#6273 = CARTESIAN_POINT ( 'NONE',  ( 1.606462641188736384, 0.04000000000000000083, -0.7284961019223472611 ) ) ;
#6274 = CARTESIAN_POINT ( 'NONE',  ( 1.003085492958266656, 0.04000000000000000083, -0.4976146864655981439 ) ) ;
#6275 = CARTESIAN_POINT ( 'NONE',  ( 1.791801517429670199, 0.000000000000000000, -0.5359145275914167783 ) ) ;
#6276 = CARTESIAN_POINT ( 'NONE',  ( 0.7626869087248968615, 0.04000000000000000083, -0.5132015219545007501 ) ) ;
#6277 = CARTESIAN_POINT ( 'NONE',  ( 1.731848186306505610, 0.04000000000000000083, -0.7357802255022201088 ) ) ;
#6278 = DIRECTION ( 'NONE',  ( -0.000000000000000000, -0.000000000000000000, 1.000000000000000000 ) ) ;
#6279 = LINE ( 'NONE', #4370, #3195 ) ;
#6280 = VERTEX_POINT ( 'NONE', #5964 ) ;
#6281 = CARTESIAN_POINT ( 'NONE',  ( 1.377198421603221590, 0.04000000000000000083, -0.7175827911707547413 ) ) ;
#6282 = FACE_OUTER_BOUND ( 'NONE', #2031, .T. ) ;
#6283 = CARTESIAN_POINT ( 'NONE',  ( 1.512166063596593224, 0.000000000000000000, -0.4933984099248497346 ) ) ;
#6284 = DIRECTION ( 'NONE',  ( 0.000000000000000000, -1.000000000000000000, 0.000000000000000000 ) ) ;
#6285 = CARTESIAN_POINT ( 'NONE',  ( 1.230989168791269073, 0.000000000000000000, -0.7305022709825920169 ) ) ;
#6286 = CARTESIAN_POINT ( 'NONE',  ( 1.973712058032422778, 0.000000000000000000, -0.7320828900431357589 ) ) ;
#6287 = B_SPLINE_CURVE_WITH_KNOTS ( 'NONE', 3,
 ( #4731, #4825, #1842, #1808, #5234, #5742, #3804, #6313, #6187, #3771, #432, #876, #2854, #402, #4345 ),
 .UNSPECIFIED., .F., .F.,
 ( 4, 1, 1, 1, 1, 1, 1, 1, 1, 1, 1, 1, 4 ),
 ( 0.000000000000000000, 0.08052749546006585102, 0.1557511882370008760, 0.2241427968279403882, 0.2877648094757402353, 0.3477864607779119210, 0.4043844265791493031, 0.4586476125116776825, 0.5125118302262239300, 0.6218513028698997580, 0.7381902753420745977, 0.8627846496160036516, 1.000000000000000000 ),
 .UNSPECIFIED. ) ;
#6288 = ORIENTED_EDGE ( 'NONE', *, *, #4980, .F. ) ;
#6289 = CARTESIAN_POINT ( 'NONE',  ( 1.691386596499492745, 0.04000000000000000083, -0.5067145864463102889 ) ) ;
#6290 = ORIENTED_EDGE ( 'NONE', *, *, #959, .F. ) ;
#6291 = CARTESIAN_POINT ( 'NONE',  ( 0.4374999999999998335, 0.07000000000000000666, -0.3649999999999999911 ) ) ;
#6292 = CARTESIAN_POINT ( 'NONE',  ( 1.842602247532375781, 0.000000000000000000, -0.7203398435468796324 ) ) ;
#6293 = CARTESIAN_POINT ( 'NONE',  ( 1.108425589604966177, 0.04000000000000000083, -0.6491831046553113715 ) ) ;
#6294 = LINE ( 'NONE', #1887, #5696 ) ;
#6295 = ORIENTED_EDGE ( 'NONE', *, *, #4665, .F. ) ;
#6296 = ORIENTED_EDGE ( 'NONE', *, *, #3992, .T. ) ;
#6297 = CARTESIAN_POINT ( 'NONE',  ( 0.8625570961444087859, 0.000000000000000000, -0.7387827557922144184 ) ) ;
#6298 = CARTESIAN_POINT ( 'NONE',  ( 2.029786909054905220, 0.04000000000000000083, -0.6925000000000000044 ) ) ;
#6299 = CARTESIAN_POINT ( 'NONE',  ( 0.9009294871799053972, 0.04000000000000000083, -0.7016796874999999822 ) ) ;
#6300 = EDGE_CURVE ( 'NONE', #771, #1880, #2153, .T. ) ;
#6301 = CARTESIAN_POINT ( 'NONE',  ( 1.107339530997315746, 0.04000000000000000083, -0.6543145289080799509 ) ) ;
#6302 = CARTESIAN_POINT ( 'NONE',  ( 2.229999999999999538, 0.3149999999999992251, -1.054999999999999938 ) ) ;
#6303 = EDGE_CURVE ( 'NONE', #662, #5183, #1828, .T. ) ;
#6304 = CARTESIAN_POINT ( 'NONE',  ( 1.580519330929905486, 0.04000000000000000083, -0.7362499999999999600 ) ) ;
#6305 = CARTESIAN_POINT ( 'NONE',  ( 1.984545047573996079, 0.000000000000000000, -0.6406349633961228029 ) ) ;
#6306 = CARTESIAN_POINT ( 'NONE',  ( 1.699237136485957089, 0.04000000000000000083, -0.6503816025927658950 ) ) ;
#6307 = CARTESIAN_POINT ( 'NONE',  ( 1.718108001943642105, 0.04000000000000000083, -0.6659397922214859156 ) ) ;
#6308 = FACE_OUTER_BOUND ( 'NONE', #2932, .T. ) ;
#6309 = ORIENTED_EDGE ( 'NONE', *, *, #5250, .F. ) ;
#6310 = VECTOR ( 'NONE', #2126, 39.37007874015748143 ) ;
#6311 = B_SPLINE_SURFACE_WITH_KNOTS ( 'NONE', 3, 1, ( 
 ( #6163, #4192 ),
 ( #3713, #5649 ),
 ( #1276, #3234 ),
 ( #2303, #4130 ),
 ( #6067, #2209 ),
 ( #3648, #1681 ),
 ( #3172, #1781 ),
 ( #5112, #2703 ),
 ( #253, #5364 ),
 ( #371, #6286 ),
 ( #2460, #6223 ) ),
 .UNSPECIFIED., .F., .F., .F.,
 ( 4, 1, 1, 1, 1, 1, 1, 1, 4 ),
 ( 2, 2 ),
 ( 0.000000000000000000, 0.1569433403011107064, 0.3052641691385835077, 0.4438862275305962002, 0.5729504529666084034, 0.6925868846920740785, 0.8040351933094590509, 0.9064180598495786834, 1.000000000000000000 ),
 ( 0.000000000000000000, 1.000000000000000000 ),
 .UNSPECIFIED. ) ;
#6312 = CARTESIAN_POINT ( 'NONE',  ( 0.2000000000000000111, 0.000000000000000000, -0.6149999999999999911 ) ) ;
#6313 = CARTESIAN_POINT ( 'NONE',  ( 1.608322235033031289, 0.000000000000000000, -0.7263902811075736432 ) ) ;
#6314 = CARTESIAN_POINT ( 'NONE',  ( 1.126579248247542742, 0.000000000000000000, -0.6888589245931213689 ) ) ;
#6315 =( LENGTH_UNIT ( ) NAMED_UNIT ( * ) SI_UNIT ( $, .METRE. ) );
#6316 = CARTESIAN_POINT ( 'NONE',  ( 1.222555632894472888, 0.000000000000000000, -0.7344148740484145454 ) ) ;
#6317 = CARTESIAN_POINT ( 'NONE',  ( 1.657179487179905708, 0.000000000000000000, -0.5469433593750000488 ) ) ;
#6318 = VERTEX_POINT ( 'NONE', #5000 ) ;
#6319 = CARTESIAN_POINT ( 'NONE',  ( 1.531593549679905575, 0.000000000000000000, -0.5353710937500000266 ) ) ;
#6320 = EDGE_LOOP ( 'NONE', ( #1943, #4016 ) ) ;
#6321 = DIRECTION ( 'NONE',  ( 0.0001256912946026835702, 0.000000000000000000, -0.9999999921008492221 ) ) ;
#6322 = LINE ( 'NONE', #4384, #6272 ) ;
#6323 = DIRECTION ( 'NONE',  ( 0.000000000000000000, -0.000000000000000000, 1.000000000000000000 ) ) ;
#6324 = CARTESIAN_POINT ( 'NONE',  ( 1.054059603288675318, 0.04000000000000000083, -0.6353857216656665363 ) ) ;
#6325 = CARTESIAN_POINT ( 'NONE',  ( 0.8591856055488283905, 0.04000000000000000083, -0.4938918121870692901 ) ) ;
#6326 = ORIENTED_EDGE ( 'NONE', *, *, #382, .F. ) ;
#6327 = ORIENTED_EDGE ( 'NONE', *, *, #1222, .T. ) ;
#6329 = ORIENTED_EDGE ( 'NONE', *, *, #4126, .F. ) ;
#6328 = B_SPLINE_CURVE_WITH_KNOTS ( 'NONE', 3,
 ( #846, #3681, #2762, #6129, #4669, #2702, #1241, #4702, #1275, #4766, #370, #5712, #3775, #2334, #3233, #815, #310 ),
 .UNSPECIFIED., .F., .F.,
 ( 4, 1, 1, 1, 1, 1, 1, 1, 1, 1, 1, 1, 1, 1, 4 ),
 ( 0.000000000000000000, 0.07069536468307452415, 0.1363493445435630391, 0.1987594013957700301, 0.2588602169264461184, 0.3171901101198943418, 0.3731041825817999480, 0.4280200805415859677, 0.4827573213892193960, 0.5927463869171771815, 0.7055645666115499814, 0.7666872951880470133, 0.8368385738096285609, 0.9142487221832366062, 1.000000000000000000 ),
 .UNSPECIFIED. ) ;
#6330 = PLANE ( 'NONE',  #3503 ) ;
ENDSEC;
END-ISO-10303-21;
