0.13, 0, 0, 5, 0.1028533, 0, 1002.413, -2811.316, -2.961042, 0.001233003, 0.03962206, 41.79023, 0.8711591, 0.6355324, 0.2288172
 
0.14, -1, 0, 5, 0.1025115, 1.4758080587164205334376575464, 1177.781, -2814.229, -2.961042, 0.001233003, 0.03962206, 45.29931, 0.8063214, 0.6351069, 0.2291036
 
0.15, -1, -0.01, 5, 0.1021706, 1.3593121943861562356764735695, 1366.767, -2817.146, -2.961042, 0.001233003, 0.03962206, 48.79948, 0.8103055, 0.6346813, 0.22939
 
0.16, -1, -0.02, 5, 0.101828, 1.2583120769784179877884828589, 1569.22, -2820.069, -2.961042, 0.001233003, 0.03962206, 52.29004, 0.813886, 0.6342557, 0.2296764
 
0.17, -1, -0.03, 5, 0.1014837, 1.1694679021256461715164170049, 1784.985, -2822.997, -2.961042, 0.001233003, 0.03962206, 55.77046, 0.8171372, 0.6338302, 0.2299627
 
0.18, -1, -0.04, 5, 0.1011352, 1.0902868710333355863215877604, 2013.908, -2825.93, -2.961042, 0.001233003, 0.03962206, 59.24029, 0.8201185, 0.6334046, 0.2302491
 
0.19, -1, -0.05, 5, 0.1007875, 1.0188747662989880091421264209, 2255.831, -2828.869, -2.961042, 0.001233003, 0.03962206, 62.69918, 0.8228777, 0.6329791, 0.2305355
 
0.2, -1, -0.05999999, 5, 0.1004369, 0.9537648122357013783058750764, 2510.594, -2831.813, -2.961042, 0.001233003, 0.03962206, 66.14677, 0.8254535, 0.6325535, 0.2308218
 
0.21, -1, -0.06999999, 5, 0.1002349, 0.8938054833065140403587972706, 2778.88, -2834.762, -2.961042, 0.001233003, 0.03962206, 69.59336, 0.8278779, 0.6321279, 0.2311082
 
0.22, -0.9838054, -0.07999999, 5, 0.1001785, 0.8379521483596572118964562510, 3060.655, -2837.716, -2.961042, 0.001233003, 0.03962206, 73.03873, 0.8301829, 0.6317024, 0.2313946
 
0.23, -0.8826179, -0.08983804, 5, 0.1001213, 0.7855123708313891128001768369, 3355.884, -2840.676, -2.961042, 0.001233003, 0.03962206, 76.48273, 0.8323891, 0.6312768, 0.231681
 
0.24, -0.7929953, -0.09866422, 5, 0.1000649, 0.7359939204143315437993914151, 3664.536, -2843.641, -2.961042, 0.001233003, 0.03962206, 79.92522, 0.8345107, 0.6308513, 0.2319673
 
0.25, -0.7112575, -0.1065942, 5, 0.1000078, 0.6890458249467134653047204904, 3986.571, -2846.61, -2.961042, 0.001233003, 0.03962206, 83.36604, 0.8365576, 0.6304257, 0.2322537
 
0.26, -0.6345646, -0.1137068, 5, 0.09994871, 0.6443814933831299375449807794, 4321.95, -2849.586, -2.961042, 0.001233003, 0.03962206, 86.80507, 0.8385376, 0.6300001, 0.2325401
 
0.27, -0.5607275, -0.1200524, 5, 0.09989027, 0.6017640466794067183947982913, 4670.634, -2852.567, -2.961042, 0.001233003, 0.03962206, 90.24217, 0.8404572, 0.6295745, 0.2328265
 
0.28, -0.4880948, -0.1256597, 5, 0.09982986, 0.5610018355630059291657410582, 5032.577, -2855.552, -2.961042, 0.001233003, 0.03962206, 93.67721, 0.8423218, 0.629149, 0.2331128
 
0.29, -0.4154427, -0.1305406, 5, 0.09977009, 0.5219387969480572279945475158, 5407.735, -2858.544, -2.961042, 0.001233003, 0.03962206, 97.11005, 0.8441352, 0.6287234, 0.2333992
 
0.3, -0.3419126, -0.1346951, 5, 0.09970964, 0.4844510583068780768069543555, 5796.068, -2861.54, -2.961042, 0.001233003, 0.03962206, 100.5406, 0.8459005, 0.6282979, 0.2336856
 
0.31, -0.266963, -0.1381142, 5, 0.09964727, 0.4484438136917454935466973019, 6197.524, -2864.542, -2.961042, 0.001233003, 0.03962206, 103.9688, 0.8476196, 0.6278723, 0.233972
 
0.32, -0.1902945, -0.1407838, 5, 0.09958548, 0.4138431742264971540896964613, 6612.06, -2867.548, -2.961042, 0.001233003, 0.03962206, 107.3945, 0.8492937, 0.6274468, 0.2342583
 
0.33, -0.1118671, -0.1426868, 5, 0.09952306, 0.3805991562596101279829683333, 7039.621, -2870.561, -2.961042, 0.001233003, 0.03962206, 110.8176, 0.8509231, 0.6270212, 0.2345447
 
0.3399999, -0.03185918, -0.1438054, 5, 0.09945864, 0.3486809274843088784229841626, 7480.154, -2873.578, -2.961042, 0.001233003, 0.03962206, 114.2379, 0.852507, 0.6265957, 0.2348311
 
0.3499999, 0.04938607, -0.144124, 5, 0.09939487, 0.3180689290804246406920284269, 7933.608, -2876.601, -2.961042, 0.001233003, 0.03962206, 117.6554, 0.8540444, 0.6261701, 0.2351175
 
0.3599999, 0.1313114, -0.1436302, 5, 0.09932914, 0.2887616669714228008005452697, 8399.93, -2879.628, -2.961042, 0.001233003, 0.03962206, 121.0701, 0.8555334, 0.6257445, 0.2354038
 
0.3699999, 0.2132367, -0.142317, 5, 0.09926403, 0.2607643025126235210954373308, 8879.058, -2882.662, -2.961042, 0.001233003, 0.03962206, 124.4816, 0.8569717, 0.6253189, 0.2356902
 
0.3799999, 0.2943366, -0.1401847, 5, 0.09919692, 0.2340910973437231754126301967, 9370.936, -2885.7, -2.961042, 0.001233003, 0.03962206, 127.8901, 0.8583567, 0.6248934, 0.2359766
 
0.3899999, 0.3736421, -0.1372413, 5, 0.09913178, 0.2087645984379665477059513161, 9875.505, -2888.744, -2.961042, 0.001233003, 0.03962206, 131.2954, 0.8596851, 0.6244678, 0.2362629
 
0.3999999, 0.4501026, -0.1335049, 5, 0.099062, 0.1848099334462530700970792867, 10392.7, -2891.792, -2.961042, 0.001233003, 0.03962206, 134.6973, 0.8609538, 0.6240423, 0.2365493
 
0.4099999, 0.5225419, -0.1290039, 5, 0.09901269, 0.1622550823474236226771178918, 10922.66, -2894.847, -2.961042, 0.001233003, 0.03962206, 138.097, 0.8621594, 0.6236167, 0.2368357
 
0.4199999, 0.589841, -0.1237784, 5, 0.09897726, 0.1411253086175190000914326832, 11465.32, -2897.906, -2.961042, 0.001233003, 0.03962206, 141.4945, 0.8632985, 0.6231911, 0.2371221
 
0.4299999, 0.6508507, -0.11788, 5, 0.09894127, 0.1214447348014038252730391514, 12020.64, -2900.971, -2.961042, 0.001233003, 0.03962206, 144.8896, 0.8643683, 0.6227656, 0.2374084
 
0.4399998, 0.704425, -0.1113715, 5, 0.09890604, 0.1032346175334890384851189657, 12588.57, -2904.041, -2.961042, 0.001233003, 0.03962206, 148.2822, 0.8653655, 0.62234, 0.2376948
 
0.4499998, 0.7494679, -0.1043273, 5, 0.09887025, 0.0865112558305751524021015142, 13169.05, -2907.116, -2.961042, 0.001233003, 0.03962206, 151.6723, 0.8662878, 0.6219145, 0.2379812
 
0.4599998, 0.7850181, -0.09683259, 5, 0.09883257, 0.0712815360272601119786532051, 13762.03, -2910.197, -2.961042, 0.001233003, 0.03962206, 155.0597, 0.867133, 0.6214889, 0.2382676
 
0.4699998, 0.810283, -0.08898241, 5, 0.09879434, 0.0575419674174459432421404152, 14367.44, -2913.282, -2.961042, 0.001233003, 0.03962206, 158.4444, 0.8679001, 0.6210634, 0.2385539
 
0.4799998, 0.8246183, -0.08087958, 5, 0.09875686, 0.0452805566412704047747688573, 14985.25, -2916.373, -2.961042, 0.001233003, 0.03962206, 161.8264, 0.8685882, 0.6206378, 0.2388403
 
0.4899998, 0.8276066, -0.0726334, 5, 0.09871881, 0.0344737516194563482865680525, 15615.38, -2919.469, -2.961042, 0.001233003, 0.03962206, 165.2054, 0.8691975, 0.6202123, 0.2391267
 
0.4999998, 0.8191026, -0.06435733, 5, 0.09867887, 0.0250848116516330255993484339, 16257.78, -2922.571, -2.961042, 0.001233003, 0.03962206, 168.5815, 0.869729, 0.6197867, 0.239413
 
0.5099998, 0.7992179, -0.05616631, 5, 0.09863969, 0.0170654373180147816627442433, 16912.38, -2925.677, -2.961042, 0.001233003, 0.03962206, 171.9546, 0.8701846, 0.6193612, 0.2396994
 
0.5199998, 0.7683712, -0.04817413, 5, 0.09859863, 0.0103540550078834797209298589, 17579.12, -2928.79, -2.961042, 0.001233003, 0.03962206, 175.3246, 0.870567, 0.6189355, 0.2399858
 
0.5299998, 0.7272955, -0.04049041, 5, 0.09855831, 0.0048761415416729756982455098, 18257.95, -2931.907, -2.961042, 0.001233003, 0.03962206, 178.6913, 0.8708799, 0.61851, 0.2402722
 
0.5399998, 0.6769586, -0.03321746, 5, 0.09851608, 0.0005478850659676519918950038, 18948.79, -2935.029, -2.961042, 0.001233003, 0.03962206, 182.0548, 0.8711277, 0.6180844, 0.2405585
 
0.5499998, 0.6185045, -0.02644787, 5, 0.09847463, -0.0027244254805018813582129398, 19651.58, -2938.157, -2.961042, 0.001233003, 0.03962206, 185.415, 0.871003, 0.6176589, 0.2408449
 
0.5599998, 0.5533547, -0.02026283, 5, 0.09843125, -0.0050425096809100222768288843, 20366.25, -2941.29, -2.961042, 0.001233003, 0.03962206, 188.7717, 0.8708705, 0.6172333, 0.2411313
 
0.5699998, 0.4833843, -0.01472928, 5, 0.09838867, -0.0065176413304292079517637218, 21092.74, -2944.428, -2.961042, 0.001233003, 0.03962206, 192.1249, 0.8707861, 0.6168078, 0.2414176
 
0.5799997, 0.4104118, -0.00989544, 5, 0.09834415, -0.0072619223501106052198390483, 21830.96, -2947.572, -2.961042, 0.001233003, 0.03962206, 195.4745, 0.8707436, 0.6163822, 0.241704
 
0.5899997, 0.3363297, -0.005791322, 5, 0.09830043, -0.0073914017395739050705341101, 22580.86, -2950.721, -2.961042, 0.001233003, 0.03962206, 198.8205, 0.8707362, 0.6159566, 0.2419904
 
0.5999997, 0.263006, -0.002428025, 5, 0.09825473, -0.0070217957268456657835992161, 23342.36, -2953.875, -2.961042, 0.001233003, 0.03962206, 202.1628, 0.8707573, 0.6155311, 0.2422768
 
0.6099997, 0.1921742, 0.0002020344, 5, 0.09826307, -0.0062637447544706218085627942, 24116.28, -2957.034, -2.961042, 0.001233003, 0.03962206, 205.505, 0.8708006, 0.6151055, 0.2425631
 
0.6199997, 0.1255236, 0.002123776, 5, 0.09832294, -0.0052253017960763582953176049, 24902.59, -2960.198, -2.961042, 0.001233003, 0.03962206, 208.8472, 0.87086, 0.61468, 0.2428495
 
0.6299997, 0.06455293, 0.003379012, 5, 0.09838264, -0.0040066759234552272517012658, 25701.26, -2963.368, -2.961042, 0.001233003, 0.03962206, 212.1892, 0.8709297, 0.6142544, 0.2431359
 
0.6399997, 0.01049746, 0.004024541, 5, 0.09844344, -0.0026975198785184486434126275, 26512.23, -2966.543, -2.961042, 0.001233003, 0.03962206, 215.531, 0.8710046, 0.6138288, 0.2434223
 
0.6499997, -0.03559451, 0.004129515, 5, 0.09850131, -0.0013785817069985623450206179, 27335.49, -2969.724, -2.961042, 0.001233003, 0.03962206, 218.8724, 0.8710801, 0.6134033, 0.2437086
 
0.6599997, -0.07299231, 0.00377357, 5, 0.09856167, -0.0001179895198123772796731218, 28171, -2972.909, -2.961042, 0.001233003, 0.03962206, 222.2135, 0.8711523, 0.6129777, 0.243995
 
0.6699997, -0.1013508, 0.003043647, 5, 0.09862185, 0.0010312400153946969495979819, 29018.72, -2976.1, -2.961042, 0.001233003, 0.03962206, 225.5541, 0.8711, 0.6125522, 0.2442814
 
0.6799996, -0.120559, 0.002030139, 5, 0.09867904, 0.0020269402963061560211472563, 29878.61, -2979.296, -2.961042, 0.001233003, 0.03962206, 228.8942, 0.871043, 0.6121266, 0.2445678
 
0.6899996, -0.1309014, 0.0008245489, 5, 0.09873877, 0.0028408140429715422808674637, 30750.62, -2982.497, -2.961042, 0.001233003, 0.03962206, 232.2337, 0.8709964, 0.611701, 0.2448541
 
0.6999996, -0.1329501, -0.0004844654, 5, 0.09879688, 0.0034567090655667284202133683, 31634.74, -2985.704, -2.961042, 0.001233003, 0.03962206, 235.5725, 0.8709611, 0.6112755, 0.2451405
 
0.7099996, -0.1276735, -0.001813966, 5, 0.09885617, 0.0038730076866742228087058521, 32530.91, -2988.916, -2.961042, 0.001233003, 0.03962206, 238.9107, 0.8709373, 0.6108499, 0.2454269
 
0.7199996, -0.1160922, -0.003090701, 5, 0.09891383, 0.0040946580161444082507851044, 33439.1, -2992.133, -2.961042, 0.001233003, 0.03962206, 242.248, 0.8709247, 0.6104244, 0.2457132
 
0.7299996, -0.09960178, -0.004251624, 5, 0.09896992, 0.0041396772587988107177679437, 34359.25, -2995.355, -2.961042, 0.001233003, 0.03962206, 245.5846, 0.8709221, 0.6099988, 0.2459996
 
0.7399996, -0.07963689, -0.005247641, 5, 0.09902852, 0.0040317370200374155313593195, 35291.33, -2998.583, -2.961042, 0.001233003, 0.03962206, 248.9202, 0.8709282, 0.6095732, 0.246286
 
0.7499996, -0.05757703, -0.00604401, 5, 0.09908693, 0.0037974617438038465627256372, 36235.29, -3001.815, -2.961042, 0.001233003, 0.03962206, 252.2548, 0.8709416, 0.6091477, 0.2465724
 
0.7599996, -0.03498727, -0.00661978, 5, 0.09914231, 0.0034706433666797667141276262, 37191.08, -3005.054, -2.961042, 0.001233003, 0.03962206, 255.5884, 0.8709604, 0.6087221, 0.2468587
 
0.7699996, -0.01317488, -0.006969653, 5, 0.09920024, 0.0030830513889121752734739026, 38158.65, -3008.297, -2.961042, 0.001233003, 0.03962206, 258.9208, 0.8709825, 0.6082966, 0.2471451
 
0.7799996, 0.006644455, -0.007101402, 5, 0.09925798, 0.0026667568425588810131500261, 39137.95, -3011.546, -2.961042, 0.001233003, 0.03962206, 262.2521, 0.8710064, 0.607871, 0.2474315
 
0.7899995, 0.02351989, -0.007034957, 5, 0.09931268, 0.0022503169633057821814791543, 40128.94, -3014.799, -2.961042, 0.001233003, 0.03962206, 265.5822, 0.8710302, 0.6074454, 0.2477179
 
0.7999995, 0.03668664, -0.006799758, 5, 0.09936996, 0.0018595521102676909402031764, 41131.57, -3018.059, -2.961042, 0.001233003, 0.03962206, 268.9109, 0.8710526, 0.6070198, 0.2480042
 
0.8099995, 0.04577861, -0.006432891, 5, 0.09940018, 0.0015132862895977993855651669, 42145.19, -3021.323, -2.961042, 0.001233003, 0.03962206, 272.2364, 0.8710724, 0.6065943, 0.2482906
 
0.8199995, 0.05058351, -0.005975105, 5, 0.09940324, 0.0012269553493318930416111911, 43169.73, -3024.593, -2.961042, 0.001233003, 0.03962206, 275.5586, 0.8710888, 0.6061687, 0.248577
 
0.8299995, 0.05132334, -0.00546927, 5, 0.09940872, 0.0010076397181932546183856621, 44205.13, -3027.867, -2.961042, 0.001233003, 0.03962206, 278.8773, 0.8711014, 0.6057432, 0.2488633
 
0.8399995, 0.04836126, -0.004956037, 5, 0.09941242, 0.0008584694865332812124890572, 45251.28, -3031.148, -2.961042, 0.001233003, 0.03962206, 282.1926, 0.8711099, 0.6053176, 0.2491497
 
0.8499995, 0.04234479, -0.004472424, 5, 0.09941568, 0.0007762628146222368160823858, 46308.11, -3034.433, -2.961042, 0.001233003, 0.03962206, 285.5044, 0.8711146, 0.6048921, 0.2494361
 
0.8599995, 0.0340988, -0.004048977, 5, 0.09941856, 0.0007530536938240067890563714, 47375.55, -3037.724, -2.961042, 0.001233003, 0.03962206, 288.8125, 0.8711159, 0.6044665, 0.2497225
 
0.8699995, 0.024504, -0.003707989, 5, 0.09942102, 0.0007780047720427902499106267, 48453.48, -3041.019, -2.961042, 0.001233003, 0.03962206, 292.1169, 0.8711145, 0.604041, 0.2500088
 
0.8799995, 0.01454157, -0.003462949, 5, 0.09942167, 0.0008369045290548029014961073, 49541.85, -3044.321, -2.961042, 0.001233003, 0.03962206, 295.4174, 0.8711112, 0.6036154, 0.2502952
 
0.8899994, 0.004921077, -0.003317533, 5, 0.09942477, 0.0009178556333716505213853681, 50640.55, -3047.627, -2.961042, 0.001233003, 0.03962206, 298.7141, 0.8711065, 0.6031898, 0.2505816
 
0.8999994, -0.003502494, -0.003268322, 5, 0.09942604, 0.0010057474023427150968844101, 51749.5, -3050.939, -2.961042, 0.001233003, 0.03962206, 302.0069, 0.8711014, 0.6027642, 0.250868
 
0.9099994, -0.01009859, -0.003303347, 5, 0.09942547, 0.0010875286699152661124884744, 52868.61, -3054.256, -2.961042, 0.001233003, 0.03962206, 305.2956, 0.8710968, 0.6023387, 0.2511543
 
0.9199994, -0.01466885, -0.003404333, 5, 0.09942735, 0.0011555750276803078223982671, 53997.75, -3057.578, -2.961042, 0.001233003, 0.03962206, 308.5802, 0.8710929, 0.6019132, 0.2514407
 
0.9299994, -0.01688611, -0.003551021, 5, 0.0994274, 0.0012006230652644047776199320, 55136.87, -3060.906, -2.961042, 0.001233003, 0.03962206, 311.8605, 0.8710903, 0.6014876, 0.2517271
 
0.9399994, -0.01591288, -0.003719882, 5, 0.09942703, 0.0012110028854146416176030195, 56285.75, -3051.942, -2.961042, 0.001233003, 0.03962206, 315.1362, 0.8700833, 0.6010621, 0.2520134
 
0.9499994, -0.01228401, -0.003879011, 5, 0.09942485, 0.0011871601916665033195955113, 57443.46, -3031.13, -2.961042, 0.001233003, 0.03962206, 318.4049, 0.8681579, 0.6006364, 0.2522998
 
0.9599994, -0.007751063, -0.004001851, 5, 0.09942511, 0.0011426715849430277945111236, 58608.55, -3009.567, -2.961042, 0.001233003, 0.03962206, 321.663, 0.8662378, 0.6002109, 0.2525862
 
0.9699994, -0.003273271, -0.004079362, 5, 0.09942354, 0.001088470914429355414608, 59781.56, -2987.279, -2.961042, 0.001233003, 0.03962206, 324.9122, 0.8643245, 0.5997853, 0.2528726
 
0.9799994, 0.0009217446, -0.004112095, 5, 0.09942009, 0.001028015147357033245764, 60962.51, -2964.247, -2.961042, 0.001233003, 0.03962206, 328.1528, 0.8624166, 0.5993598, 0.2531589
 
0.9899994, 0.004468583, -0.004102877, 5, 0.09941915, 0.0009668941867040882945661085, 62151.04, -2940.47, -2.961042, 0.001233003, 0.03962206, 331.3843, 0.8605137, 0.5989342, 0.2534453
 
0.9999993, 0.006889328, -0.004058192, 5, 0.09941489, 0.00091271550806227533212, 63347.04, -2915.948, -2.961042, 0.001233003, 0.03962206, 334.6066, 0.8586158, 0.5985087, 0.2537317
 
1.009999, 0.008373032, -0.003989298, 5, 0.09935915, 0.000865667055905956712772, 64548.75, -2890.683, -2.961042, 0.001233003, 0.03962206, 337.8155, 0.8567226, 0.5980831, 0.2540181
 
1.019999, 0.008723238, -0.003905568, 5, 0.09924583, 0.0008301375876100334640181156, 65755.89, -2864.709, -2.961042, 0.001233003, 0.03962206, 341.0106, 0.8548364, 0.5976576, 0.2543044
 
1.029999, 0.008187354, -0.003818336, 5, 0.09913468, 0.000805428498064973087944, 66968.3, -2838.031, -2.961042, 0.001233003, 0.03962206, 344.192, 0.8529574, 0.597232, 0.2545908
 
1.039999, 0.006997291, -0.003736462, 5, 0.09902128, 0.000790479233935899538992, 68185.57, -2810.652, -2.961042, 0.001233003, 0.03962206, 347.3589, 0.8510854, 0.5968065, 0.2548772
 
1.049999, 0.005337124, -0.003666489, 5, 0.09890863, 0.0007842970121526972443551011, 69407.54, -2782.579, -2.961042, 0.001233003, 0.03962206, 350.5116, 0.849221, 0.5963808, 0.2551636
 
1.059999, 0.003379401, -0.003613118, 5, 0.09879224, 0.000785648766972133307052, 70634.03, -2753.814, -2.961042, 0.001233003, 0.03962206, 353.6499, 0.8473641, 0.5959553, 0.2554499
 
1.069999, 0.00160216, -0.003579324, 5, 0.09867653, 0.000789438553960212214596, 71864.63, -2724.362, -2.961042, 0.001233003, 0.03962206, 356.7732, 0.8455153, 0.5955297, 0.2557363
 
1.079999, 1.020973E-05, -0.003563303, 5, 0.09856155, 0.0007951209328348379061944113, 73099.05, -2694.234, -2.961042, 0.001233003, 0.03962206, 359.8812, 0.8436749, 0.5951042, 0.2560227
 
1.089999, -0.0013325, -0.0035632, 5, 0.09844282, 0.0008014963009181748415274303, 74337.12, -2663.428, -2.961042, 0.001233003, 0.03962206, 362.9739, 0.8418428, 0.5946786, 0.256309
 
1.099999, -0.003024902, -0.003576525, 5, 0.09832629, 0.0008131053382601786230505189, 75579.65, -2647.848, -2.961042, 0.001233003, 0.03962206, 366.0538, 0.8404984, 0.5942531, 0.2565954
 
1.109999, -0.004979689, -0.003606774, 5, 0.09820751, 0.0008288008631048023418264247, 76827.9, -2652.381, -2.961042, 0.001233003, 0.03962206, 369.1242, 0.8398178, 0.5938275, 0.2568818
 
1.119999, -0.005920742, -0.003656571, 5, 0.09808796, 0.0008369762070766455520835275, 78081.78, -2656.738, -2.961042, 0.001233003, 0.03962206, 372.1851, 0.8391887, 0.5934019, 0.2571681
 
1.129999, -0.006016461, -0.003715779, 5, 0.09796909, 0.0008376469827903834506532170, 79341.15, -2660.956, -2.961042, 0.001233003, 0.03962206, 375.2366, 0.8386022, 0.5929764, 0.2574545
 
1.139999, -0.005281652, -0.003775943, 5, 0.09784649, 0.0008295626830276586268809410, 80605.91, -2665.056, -2.961042, 0.001233003, 0.03962206, 378.2786, 0.8380511, 0.5925508, 0.2577409
 
1.149999, -0.003814182, -0.00382876, 5, 0.09772607, 0.0008126841152151183909327913, 81875.8, -2668.31, -2.961042, 0.001233003, 0.03962206, 381.3108, 0.8374597, 0.5921253, 0.2580273
 
1.159999, -0.001968279, -0.003866902, 5, 0.09760193, 0.0007894360345755599813930748, 83150.72, -2671.167, -2.961042, 0.001233003, 0.03962206, 384.3332, 0.8368649, 0.5916997, 0.2583137
 
1.169999, 5.69908E-06, -0.003886584, 5, 0.09747995, 0.0007617893298403431750965395, 84430.68, -2673.987, -2.961042, 0.001233003, 0.03962206, 387.3461, 0.8362966, 0.5912741, 0.2586
 
1.179999, 0.002046173, -0.003886527, 5, 0.09735571, 0.0007303184508708453668281214, 85715.3, -2676.77, -2.961042, 0.001233003, 0.03962206, 390.349, 0.8357515, 0.5908486, 0.2588864
 
1.189999, 0.003663021, -0.003866066, 5, 0.09723067, 0.0006999135293491032356864114, 87004.59, -2679.522, -2.961042, 0.001233003, 0.03962206, 393.3421, 0.8352267, 0.590423, 0.2591728
 
1.199999, 0.004953424, -0.003829435, 5, 0.09710487, 0.0006704057117086080641956197, 88298.31, -2682.248, -2.961042, 0.001233003, 0.03962206, 396.3251, 0.8347206, 0.5899975, 0.2594591
 
1.209999, 0.005633781, -0.003779901, 5, 0.09697978, 0.0006451119740749902825428204, 89596.48, -2684.945, -2.961042, 0.001233003, 0.03962206, 399.2983, 0.8342305, 0.5895719, 0.2597455
 
1.219999, 0.005975799, -0.003723563, 5, 0.0968509, 0.0006224172649970347861834112, 90899.12, -2687.621, -2.961042, 0.001233003, 0.03962206, 402.262, 0.8337559, 0.5891463, 0.2600319
 
1.229999, 0.005786428, -0.003663805, 5, 0.09672424, 0.0006046508236614390359396987, 92205.98, -2690.274, -2.961042, 0.001233003, 0.03962206, 405.216, 0.8332946, 0.5887207, 0.2603182
 
1.239999, 0.005147583, -0.003605941, 5, 0.09659375, 0.0005918151055268256261453608, 93517.08, -2692.909, -2.961042, 0.001233003, 0.03962206, 408.1605, 0.832846, 0.5882952, 0.2606046
 
1.249999, 0.004204979, -0.003554465, 5, 0.09646704, 0.0005831833197101585647587892, 94832.19, -2695.525, -2.961042, 0.001233003, 0.03962206, 411.0952, 0.8324087, 0.5878696, 0.260891
 
1.259999, 0.003041443, -0.003512416, 5, 0.09633496, 0.0005783737914600489624686572, 96151.17, -2698.122, -2.961042, 0.001233003, 0.03962206, 414.0201, 0.8319824, 0.5874441, 0.2611774
 
1.269999, 0.001839186, -0.003482001, 5, 0.09620366, 0.0005759935982751051505326270, 97474.08, -2700.704, -2.961042, 0.001233003, 0.03962206, 416.9355, 0.8315662, 0.5870185, 0.2614638
 
1.279999, 0.0008846173, -0.003463609, 5, 0.09607151, 0.0005734974127108132068194921, 98800.64, -2703.273, -2.961042, 0.001233003, 0.03962206, 419.8412, 0.8311599, 0.586593, 0.2617501
 
1.289999, 0.0001824758, -0.003454763, 5, 0.09594012, 0.0005704344052674966190755949, 100130.6, -2705.826, -2.961042, 0.001233003, 0.03962206, 422.7368, 0.8307625, 0.5861674, 0.2620365
 
1.299999, -0.0002446357, -0.003452939, 5, 0.09580486, 0.0005662138616300426081466371, 101464, -2708.366, -2.961042, 0.001233003, 0.03962206, 425.6225, 0.830374, 0.5857419, 0.2623229
 
1.309999, -0.0003488658, -0.003455385, 5, 0.09567188, 0.0005601176746163560550482680, 102800.8, -2710.476, -2.961042, 0.001233003, 0.03962206, 428.4985, 0.8299541, 0.5853163, 0.2626092
 
1.319999, -0.0001184395, -0.003458874, 5, 0.09553657, 0.0005515214169228360986088173, 104140.6, -2712.524, -2.961042, 0.001233003, 0.03962206, 431.3644, 0.8295375, 0.5848907, 0.2628956
 
1.329999, 0.0002143953, -0.003460058, 5, 0.09485199, 0.0005419981944598986435241419, 105463.7, -2714.569, -2.961042, 0.001233003, 0.03962206, 434.1798, 0.8291289, 0.5844651, 0.263182
 
1.339999, 0.0006663656, -0.003457914, 5, 0.09361702, 0.0005312712407004378064334859, 106769.7, -2716.611, -2.961042, 0.001233003, 0.03962206, 436.9447, 0.8287335, 0.5840396, 0.2634684
 
1.349999, 0.00127848, -0.00345125, 5, 0.09237777, 0.0005188671133403358597931041, 108058, -2718.65, -2.961042, 0.001233003, 0.03962206, 439.6588, 0.8283505, 0.5836141, 0.2637547
 
1.359999, 0.001876625, -0.003438466, 5, 0.09113265, 0.0005059905793193882456261715, 109327.9, -2720.69, -2.961042, 0.001233003, 0.03962206, 442.3218, 0.82798, 0.5831885, 0.2640411
 
1.369999, 0.00233969, -0.0034197, 5, 0.0898848, 0.0004936370166413623073408969, 110579.1, -2722.727, -2.961042, 0.001233003, 0.03962206, 444.9337, 0.8276207, 0.5827629, 0.2643275
 
1.379999, 0.002635665, -0.003396303, 5, 0.08863181, 0.0004822409485645578259568265, 111810.8, -2724.766, -2.961042, 0.001233003, 0.03962206, 447.4941, 0.8272726, 0.5823374, 0.2646138
 
1.389999, 0.002644387, -0.003369946, 5, 0.08737606, 0.0004729493674904586244092978, 113022.8, -2726.803, -2.961042, 0.001233003, 0.03962206, 450.0032, 0.8269349, 0.5819118, 0.2649002
 
1.399999, 0.002509246, -0.003343502, 5, 0.08611365, 0.0004650136360448097657012356, 114214.4, -2728.841, -2.961042, 0.001233003, 0.03962206, 452.4605, 0.8266074, 0.5814862, 0.2651866
 
1.409999, 0.002069601, -0.00331841, 5, 0.08484844, 0.0004598206741169137205884264, 115385.3, -2730.881, -2.961042, 0.001233003, 0.03962206, 454.8661, 0.82629, 0.5810607, 0.265473
 
1.419999, 0.001784474, -0.003297714, 5, 0.08357812, 0.0004542634448318627784501530, 116534.8, -2732.923, -2.961042, 0.001233003, 0.03962206, 457.2196, 0.8259823, 0.5806351, 0.2657593
 
1.429999, 0.001352664, -0.003279869, 5, 0.08230424, 0.0004503825232505890172952263, 117662.7, -2734.963, -2.961042, 0.001233003, 0.03962206, 459.5211, 0.8256837, 0.5802096, 0.2660457
 
1.439999, 0.001047011, -0.003266342, 5, 0.08102522, 0.0004463142976062897809080454, 118768.3, -2737.007, -2.961042, 0.001233003, 0.03962206, 461.7703, 0.8253945, 0.579784, 0.2663321
 
1.449999, 0.0008133844, -0.003255872, 5, 0.07974262, 0.0004422852394325650798268117, 119851.3, -2739.054, -2.961042, 0.001233003, 0.03962206, 463.9671, 0.8251143, 0.5793585, 0.2666185
 
1.459999, 0.0006303255, -0.003247738, 5, 0.07845409, 0.0004383507281867894875905833, 120911.2, -2741.103, -2.961042, 0.001233003, 0.03962206, 466.1113, 0.8248427, 0.5789329, 0.2669048
 
1.469999, 0.0003734982, -0.003241435, 5, 0.07716275, 0.0004353360847722208423863376, 121947.6, -2743.156, -2.961042, 0.001233003, 0.03962206, 468.2028, 0.8245798, 0.5785074, 0.2671912
 
1.479999, 0.0003203691, -0.0032377, 5, 0.07586706, 0.0004313294740033180207572334, 122960, -2745.21, -2.961042, 0.001233003, 0.03962206, 470.2414, 0.824325, 0.5780817, 0.2674776
 
1.489999, 0.0002381464, -0.003234496, 5, 0.07456618, 0.0004277361410160897024045324, 123948.3, -2747.27, -2.961042, 0.001233003, 0.03962206, 472.2273, 0.8240786, 0.5776562, 0.2677639
 
1.499999, 0.0003716688, -0.003232115, 5, 0.07326093, 0.0004228570930172778164092008, 124911.8, -2749.333, -2.961042, 0.001233003, 0.03962206, 474.16, 0.8238403, 0.5772306, 0.2680503
 
1.509999, 0.0006008416, -0.003228398, 5, 0.07195126, 0.0004172785910927065576367890, 125850.2, -2751.399, -2.961042, 0.001233003, 0.03962206, 476.0394, 0.8236098, 0.5768051, 0.2683367
 
1.519999, 0.0008922414, -0.00322239, 5, 0.07063881, 0.0004111228292783169183611364, 126763.2, -2753.469, -2.961042, 0.001233003, 0.03962206, 477.8655, 0.823387, 0.5763795, 0.2686231
 
1.529999, 0.001113039, -0.003213467, 5, 0.06932036, 0.0004052383940878214632692047, 127650.5, -2755.545, -2.961042, 0.001233003, 0.03962206, 479.6384, 0.823172, 0.575954, 0.2689095
 
1.539999, 0.001268897, -0.003202337, 5, 0.06799751, 0.0003996709131971182594796321, 128511.7, -2757.627, -2.961042, 0.001233003, 0.03962206, 481.3577, 0.8229642, 0.5755284, 0.2691958
 
1.549999, 0.001250121, -0.003189648, 5, 0.06667023, 0.0003952433998631130987119225, 129346.5, -2759.712, -2.961042, 0.001233003, 0.03962206, 483.0234, 0.8227636, 0.5751029, 0.2694822
 
1.559999, 0.001194577, -0.003177147, 5, 0.06484623, 0.0003912771422782999033566023, 130134.8, -2761.805, -2.961042, 0.001233003, 0.03962206, 484.5988, 0.8225704, 0.5746773, 0.2697686
 
1.569999, 0.001057636, -0.003165201, 5, 0.06252237, 0.0003881013407363283266586531, 130876.6, -2763.905, -2.961042, 0.001233003, 0.03962206, 486.0842, 0.8223882, 0.5742517, 0.2700549
 
1.579999, 0.0009273386, -0.003154624, 5, 0.06018937, 0.0003852121158193567816665385, 131570.9, -2766.016, -2.961042, 0.001233003, 0.03962206, 487.479, 0.822217, 0.5738262, 0.2703413
 
1.589999, 0.000667082, -0.003145351, 5, 0.05785126, 0.0003835059584234858353807739, 132217.6, -2768.137, -2.961042, 0.001233003, 0.03962206, 488.7832, 0.8220568, 0.5734006, 0.2706277
 
1.599999, 0.0005825232, -0.00313868, 5, 0.05550399, 0.0003810929415376258554305597, 132816.2, -2770.27, -2.961042, 0.001233003, 0.03962206, 489.9968, 0.8219075, 0.572975, 0.270914
 
1.609999, 0.0003913618, -0.003132855, 5, 0.05314998, 0.0003796337696740508465234373, 133366.6, -2772.414, -2.961042, 0.001233003, 0.03962206, 491.1197, 0.8217688, 0.5725495, 0.2712004
 
1.619999, 0.0003974342, -0.003128941, 5, 0.0507892, 0.0003772424441310637742619614, 133868.1, -2774.569, -2.961042, 0.001233003, 0.03962206, 492.1517, 0.8216408, 0.5721239, 0.2714868
 
1.629999, 0.0002354306, -0.003124967, 5, 0.04841925, 0.0003760891729375594577534800, 134320.7, -2776.735, -2.961042, 0.001233003, 0.03962206, 493.0928, 0.8215231, 0.5716984, 0.2717732
 
1.639999, 0.0002422249, -0.003122613, 5, 0.04604012, 0.0003741563687213612725580844, 134724.1, -2778.915, -2.961042, 0.001233003, 0.03962206, 493.943, 0.821416, 0.5712728, 0.2720595
 
1.649999, 0.0003144203, -0.00312019, 5, 0.04365743, 0.0003719227069076414914008093, 135078.1, -2781.106, -2.961042, 0.001233003, 0.03962206, 494.7022, 0.8213191, 0.5708472, 0.2723459
 
1.659999, 0.0004199657, -0.003117046, 5, 0.0412639, 0.0003695202347819247130748095, 135382.4, -2783.311, -2.961042, 0.001233003, 0.03962206, 495.3702, 0.8212327, 0.5704217, 0.2726323
 
1.669999, 0.000327683, -0.003112847, 5, 0.03886521, 0.0003684106956092695071131047, 135637, -2785.528, -2.961042, 0.001233003, 0.03962206, 495.9473, 0.8211562, 0.5699961, 0.2729187
 
1.679999, 0.000257101, -0.00310957, 5, 0.03645809, 0.0003673967694082619693079847, 135841.7, -2787.759, -2.961042, 0.001233003, 0.03962206, 496.4331, 0.8210899, 0.5695706, 0.273205
 
1.689999, 0.0001589127, -0.003106999, 5, 0.03404255, 0.0003667699736450890914772228, 135996.6, -2790.004, -2.961042, 0.001233003, 0.03962206, 496.828, 0.8210335, 0.569145, 0.2734914
 
1.699999, 0.0001991586, -0.00310541, 5, 0.03161936, 0.0003654866802110451245436038, 136101.7, -2792.262, -2.961042, 0.001233003, 0.03962206, 497.132, 0.8209874, 0.5687194, 0.2737778
 
1.709999, 5.480411E-05, -0.003103418, 5, 0.03040442, 0.0003653414236852074878823704, 136205.6, -2794.536, -2.961042, 0.001233003, 0.03962206, 497.4341, 0.8209512, 0.5682939, 0.2740642
 
1.719999, -8.430661E-05, -0.00310287, 5, 0.03040091, 0.0003653364969374936282356806, 136308.4, -2796.813, -2.961042, 0.001233003, 0.03962206, 497.7344, 0.8209151, 0.5678684, 0.2743505
 
1.729999, -0.0001240995, -0.003103713, 5, 0.03039728, 0.0003648585676400241410421413, 136410.2, -2799.092, -2.961042, 0.001233003, 0.03962206, 498.0329, 0.8208792, 0.5674428, 0.2746369
 
1.739999, -0.0001636332, -0.003104954, 5, 0.03039764, 0.0003644297600455997982905101, 136510.8, -2801.376, -2.961042, 0.001233003, 0.03962206, 498.3295, 0.8208436, 0.5670172, 0.2749233
 
1.749999, -6.313942E-06, -0.003106591, 5, 0.03039214, 0.0003627860013875792685861364, 136610.4, -2803.663, -2.961042, 0.001233003, 0.03962206, 498.6243, 0.8208084, 0.5665916, 0.2752096
 
1.759999, 9.940461E-05, -0.003106654, 5, 0.03038898, 0.0003612972161763353547662077, 136708.9, -2805.954, -2.961042, 0.001233003, 0.03962206, 498.9173, 0.8207734, 0.566166, 0.275496
 
1.769999, 0.0001931405, -0.00310566, 5, 0.03038651, 0.0003597696740288021895128419, 136806.3, -2808.248, -2.961042, 0.001233003, 0.03962206, 499.2084, 0.8207387, 0.5657405, 0.2757824
 
1.779999, 0.0001402683, -0.003103728, 5, 0.03038312, 0.0003590797730665844656927689, 136902.5, -2810.544, -2.961042, 0.001233003, 0.03962206, 499.4977, 0.8207039, 0.5653149, 0.2760688
 
1.789999, 9.088674E-05, -0.003102326, 5, 0.0303796, 0.0003584341011250726202827685, 136997.8, -2812.845, -2.961042, 0.001233003, 0.03962206, 499.7852, 0.8206695, 0.5648894, 0.2763551
 
1.799999, 3.653356E-05, -0.003101417, 5, 0.03037431, 0.0003578823283988574287159422, 137091.8, -2815.151, -2.961042, 0.001233003, 0.03962206, 500.0708, 0.8206354, 0.5644638, 0.2766415
 
1.809999, -3.059949E-05, -0.003101052, 5, 0.03037303, 0.0003574801800468557980883913, 137184.8, -2817.457, -2.961042, 0.001233003, 0.03962206, 500.3546, 0.8206013, 0.5640383, 0.2769279
 
1.819999, -4.642556E-06, -0.003101357, 5, 0.03036668, 0.0003565658776160976398812742, 137276.8, -2819.769, -2.961042, 0.001233003, 0.03962206, 500.6365, 0.8205677, 0.5636127, 0.2772143
 
1.829999, 4.669182E-06, -0.003101404, 5, 0.03036517, 0.0003557333469503005727913783, 137367.6, -2822.085, -2.961042, 0.001233003, 0.03962206, 500.9167, 0.8205342, 0.5631872, 0.2775006
 
1.839999, -1.214081E-05, -0.003101357, 5, 0.03036022, 0.0003550616252659661125830217, 137457.3, -2824.404, -2.961042, 0.001233003, 0.03962206, 501.1949, 0.820501, 0.5627616, 0.277787
 
1.849999, -4.266842E-05, -0.003101478, 5, 0.03035516, 0.0003545012789018942566268736, 137545.9, -2826.725, -2.961042, 0.001233003, 0.03962206, 501.4714, 0.8204678, 0.562336, 0.2780734
 
1.859999, -7.791247E-05, -0.003101905, 5, 0.0303508, 0.0003540103316516541794265839, 137633.4, -2829.05, -2.961042, 0.001233003, 0.03962206, 501.746, 0.8204348, 0.5619105, 0.2783597
 
1.869999, -1.656764E-05, -0.003102684, 5, 0.03034716, 0.0003529514050322573537452359, 137719.8, -2831.379, -2.961042, 0.001233003, 0.03962206, 502.0188, 0.8204023, 0.5614849, 0.2786461
 
1.879999, 1.796745E-06, -0.00310285, 5, 0.02970302, 0.0003521655370896301153236638, 137779.8, -2833.713, -2.961042, 0.001233003, 0.03962206, 502.2435, 0.82037, 0.5610594, 0.2789325
 
1.889999, 9.396326E-05, -0.003102832, 5, 0.02840956, 0.0003509549046394763952146586, 137813.3, -2836.054, -2.961042, 0.001233003, 0.03962206, 502.4201, 0.8203426, 0.5606338, 0.2792189
 
1.899999, 0.0001115766, -0.003101892, 5, 0.02711288, 0.0003501745064537695771223411, 137820.2, -2838.408, -2.961042, 0.001233003, 0.03962206, 502.5483, 0.8203207, 0.5602083, 0.2795052
 
1.909999, 8.975875E-05, -0.003100777, 5, 0.02581467, 0.0003496852247195324805364105, 137800.8, -2840.772, -2.961042, 0.001233003, 0.03962206, 502.6288, 0.820304, 0.5597826, 0.2797916
 
1.919999, 0.000172038, -0.003099879, 5, 0.02450987, 0.0003486248256168895058767847, 137755, -2843.146, -2.961042, 0.001233003, 0.03962206, 502.6613, 0.8202923, 0.5593571, 0.280078
 
1.929999, 0.0002688081, -0.003098159, 5, 0.02320438, 0.0003474414640897831239160037, 137682.9, -2845.532, -2.961042, 0.001233003, 0.03962206, 502.6456, 0.8202859, 0.5589315, 0.2803644
 
1.939999, 0.0002304511, -0.003095471, 5, 0.02189143, 0.0003470646983430412103584062, 137584.5, -2847.927, -2.961042, 0.001233003, 0.03962206, 502.5819, 0.8202845, 0.558506, 0.2806507
 
1.949998, 0.0001708109, -0.003093166, 5, 0.02057526, 0.0003469265421819038515863893, 137460, -2850.333, -2.961042, 0.001233003, 0.03962206, 502.4704, 0.8202883, 0.5580804, 0.2809371
 
1.959998, -1.055315E-05, -0.003091458, 5, 0.01925416, 0.0003476863017219605881458615, 137309.4, -2852.75, -2.961042, 0.001233003, 0.03962206, 502.3112, 0.8202972, 0.5576549, 0.2812235
 
1.969998, -0.0002028823, -0.003091563, 5, 0.01793151, 0.0003487810752956319770083922, 137132.9, -2855.182, -2.961042, 0.001233003, 0.03962206, 502.1041, 0.8203113, 0.5572293, 0.2815098
 
1.979998, -0.0003345966, -0.003093592, 5, 0.01660477, 0.0003497706311058073886656405, 136930.5, -2857.622, -2.961042, 0.001233003, 0.03962206, 501.8493, 0.8203306, 0.5568038, 0.2817962
 
1.989998, -0.0003278559, -0.003096938, 5, 0.01527054, 0.0003500928124518254191362549, 136702.3, -2860.075, -2.961042, 0.001233003, 0.03962206, 501.5468, 0.8203549, 0.5563782, 0.2820826
 
1.999998, -0.0004221185, -0.003100217, 5, 0.01393391, 0.0003511090665970672635921287, 136448.5, -2862.539, -2.961042, 0.001233003, 0.03962206, 501.1968, 0.8203845, 0.5559527, 0.282369
 
2.009999, -0.0004144018, -0.003104438, 5, 0.01261196, 0.0003516443283910367058065748, 136170, -2865.015, -2.961042, 0.001233003, 0.03962206, 500.8005, 0.8204191, 0.5555271, 0.2826553
 
2.019999, -0.0002509985, -0.003108582, 5, 0.01129964, 0.0003512396443818302550478747, 135866.7, -2867.504, -2.961042, 0.001233003, 0.03962206, 500.358, 0.8204591, 0.5551015, 0.2829417
 
2.029999, -0.0001850129, -0.003111092, 5, 0.009989288, 0.0003513296096156390878415399, 135538.9, -2870.004, -2.961042, 0.001233003, 0.03962206, 499.8693, 0.8205039, 0.5546759, 0.2832281
 
2.039999, -0.0001897265, -0.003112942, 5, 0.008666363, 0.0003518554057272165034245514, 135186.7, -2872.516, -2.961042, 0.001233003, 0.03962206, 499.3347, 0.8205539, 0.5542504, 0.2835145
 
2.049999, -0.0001834319, -0.003114839, 5, 0.007347133, 0.0003523770944659869500295622, 134810.4, -2875.041, -2.961042, 0.001233003, 0.03962206, 498.7541, 0.8206089, 0.5538248, 0.2838008
 
2.059999, -0.0002900281, -0.003116674, 5, 0.006017007, 0.0003536766533565799114075971, 134410, -2877.575, -2.961042, 0.001233003, 0.03962206, 498.1275, 0.8206688, 0.5533993, 0.2840872
 
2.069999, -0.0001988798, -0.003119574, 5, 0.004690596, 0.0003538902132641485440620584, 133985.7, -2880.125, -2.961042, 0.001233003, 0.03962206, 497.4551, 0.820734, 0.5529737, 0.2843736
 
2.079998, -0.0002644882, -0.003121563, 5, 0.00335326, 0.0003550701060764403795762769, 133537.7, -2882.688, -2.961042, 0.001233003, 0.03962206, 496.737, 0.8208044, 0.5525481, 0.28466
 
2.089998, -0.000366145, -0.003124208, 5, 0.002017061, 0.0003566225749935678441043009, 133066.3, -2885.262, -2.961042, 0.001233003, 0.03962206, 495.9733, 0.8208797, 0.5521226, 0.2849463
 
2.099998, -0.0005081443, -0.003127869, 5, 0.0006716353, 0.0003586189107894362130057919, 132571.7, -2887.849, -2.961042, 0.001233003, 0.03962206, 495.1642, 0.8209601, 0.551697, 0.2852327
 
2.109998, -0.0005785985, -0.003132951, 5, 0, 0.0003592920773051699251472180, 132079.3, -2887.979, -2.961042, 0.001233003, 0.03962206, 494.3571, 0.8210459, 0.551697, 0.164956
 
2.119998, -0.0004158951, -0.003138737, 5, 0, 0.0003605631333015350507145614, 131589.2, -2888.108, -2.961042, 0.001233003, 0.03962206, 493.552, 0.8211317, 0.551697, 0.164956
 
2.129998, -0.0004802967, -0.003142896, 5, 0, 0.0003625113551572298716017487, 131101.3, -2888.234, -2.961042, 0.001233003, 0.03962206, 492.7488, 0.8212172, 0.551697, 0.164956
 
2.139998, -0.0002732456, -0.003147699, 5, 0, 0.0003635102388455682869264969, 130615.5, -2888.363, -2.961042, 0.001233003, 0.03962206, 491.9474, 0.821303, 0.551697, 0.164956
 
2.149998, -0.0003313494, -0.003150431, 5, 0, 0.0003652820318907038299447020, 130132.1, -2888.491, -2.961042, 0.001233003, 0.03962206, 491.1482, 0.8213886, 0.551697, 0.164956
 
2.159998, -0.0003423924, -0.003153745, 5, 0, 0.0003669479909895918339876638, 129650.8, -2888.618, -2.961042, 0.001233003, 0.03962206, 490.3507, 0.8214743, 0.551697, 0.164956
 
2.169998, -0.0003158389, -0.003157169, 5, 0, 0.0003684888500280621881209598, 129171.7, -2888.744, -2.961042, 0.001233003, 0.03962206, 489.5552, 0.8215598, 0.551697, 0.164956
 
2.179998, -0.0004204846, -0.003160327, 5, 0, 0.0003705085633112882811991160, 128694.8, -2888.871, -2.961042, 0.001233003, 0.03962206, 488.7617, 0.8216454, 0.551697, 0.164956
 
2.189998, -0.0004878096, -0.003164532, 5, 0, 0.0003725151685379475524894342, 128220, -2888.998, -2.961042, 0.001233003, 0.03962206, 487.9702, 0.8217311, 0.551697, 0.164956
 
2.199998, -0.0003306761, -0.00316941, 5, 0, 0.0003737387942548073120441437, 127747.4, -2889.124, -2.961042, 0.001233003, 0.03962206, 487.1804, 0.8218167, 0.551697, 0.164956
 
2.209998, -0.0003712398, -0.003172717, 5, 0, 0.0003755489015385930318417713, 127277, -2889.25, -2.961042, 0.001233003, 0.03962206, 486.3928, 0.8219024, 0.551697, 0.164956
 
2.219998, -0.0003601717, -0.003176429, 5, 0, 0.0003772124613146412598842347, 126808.7, -2889.376, -2.961042, 0.001233003, 0.03962206, 485.607, 0.821988, 0.551697, 0.164956
 
2.229998, -0.000201303, -0.003180031, 5, 0, 0.0003782897222881403126075817, 126342.5, -2889.501, -2.961042, 0.001233003, 0.03962206, 484.823, 0.8220737, 0.551697, 0.164956
 
2.239998, -0.000191821, -0.003182044, 5, 0, 0.0003797670031951678745417181, 125878.4, -2889.625, -2.961042, 0.001233003, 0.03962206, 484.0409, 0.8221592, 0.551697, 0.164956
 
2.249998, -0.0003510739, -0.003183962, 5, 0, 0.0003819027595982231649973343, 125416.3, -2889.749, -2.961042, 0.001233003, 0.03962206, 483.2606, 0.8222448, 0.551697, 0.164956
 
2.259998, -0.0005858915, -0.003187473, 5, 0, 0.0003845374710776472241409182, 124956.3, -2889.874, -2.961042, 0.001233003, 0.03962206, 482.4822, 0.8223303, 0.551697, 0.164956
 
2.269998, -0.0005463351, -0.003193332, 5, 0, 0.0003863777037233142990037548, 124498.4, -2889.998, -2.961042, 0.001233003, 0.03962206, 481.7056, 0.8224159, 0.551697, 0.164956
 
2.279998, -0.0006616372, -0.003198795, 5, 0, 0.0003887934581210416353315484, 124042.6, -2890.123, -2.961042, 0.001233003, 0.03962206, 480.9311, 0.8225015, 0.551697, 0.164956
 
2.289998, -0.0004112145, -0.003205412, 5, 0, 0.0003898980464582879873653000, 123588.9, -2890.246, -2.961042, 0.001233003, 0.03962206, 480.1584, 0.8225873, 0.551697, 0.164956
 
2.299998, -0.0003473182, -0.003209524, 5, 0, 0.0003914481422416215974874895, 123137.2, -2890.369, -2.961042, 0.001233003, 0.03962206, 479.3876, 0.8226729, 0.551697, 0.164956
 
2.309998, -0.0004487379, -0.003212997, 5, 0, 0.0003935901783513671410477922, 122687.6, -2890.493, -2.961042, 0.001233003, 0.03962206, 478.6187, 0.8227585, 0.551697, 0.164956
 
2.319998, -0.0003180022, -0.003217485, 5, 0, 0.0003949281038239405008658821, 122239.9, -2890.615, -2.961042, 0.001233003, 0.03962206, 477.8515, 0.8228441, 0.551697, 0.164956
 
2.329998, -0.0003659968, -0.003220665, 5, 0, 0.0003968326225732680821090002, 121794.3, -2890.738, -2.961042, 0.001233003, 0.03962206, 477.0862, 0.8229298, 0.551697, 0.164956
 
2.339998, -0.0005367922, -0.003224324, 5, 0, 0.0003993026669782501273926193, 121350.6, -2890.86, -2.961042, 0.001233003, 0.03962206, 476.3228, 0.8230153, 0.551697, 0.164956
 
2.349998, -0.0004603888, -0.003229692, 5, 0, 0.0004009864960530887401145430, 120909, -2890.982, -2.961042, 0.001233003, 0.03962206, 475.5612, 0.823101, 0.551697, 0.164956
 
2.359998, -0.0005377509, -0.003234296, 5, 0, 0.0004032103005280469641993089, 120469.3, -2891.104, -2.961042, 0.001233003, 0.03962206, 474.8014, 0.8231866, 0.551697, 0.164956
 
2.369998, -0.0002454183, -0.003239674, 5, 0, 0.0004040220740709246765662384, 120031.6, -2891.225, -2.961042, 0.001233003, 0.03962206, 474.0434, 0.8232724, 0.551697, 0.164956
 
2.379998, -0.0001519296, -0.003242128, 5, 0, 0.0004052874463468465296990892, 119595.9, -2891.346, -2.961042, 0.001233003, 0.03962206, 473.2873, 0.8233581, 0.551697, 0.164956
 
2.389998, -0.0002457805, -0.003243647, 5, 0, 0.0004072129161890884785013159, 119162, -2891.467, -2.961042, 0.001233003, 0.03962206, 472.5327, 0.8234438, 0.551697, 0.164956
 
2.399998, -0.0005755832, -0.003246105, 5, 0, 0.0004102418624459045115065071, 118730, -2891.585, -2.961042, 0.001233003, 0.03962206, 471.7799, 0.8235293, 0.551697, 0.164956
 
2.409998, -0.0006053825, -0.003251861, 5, 0, 0.0004124526534117674287689567, 118300, -2891.708, -2.961042, 0.001233003, 0.03962206, 471.029, 0.8236151, 0.551697, 0.164956
 
2.419998, -0.0007818287, -0.003257915, 5, 0, 0.0004153220467445060144466259, 117871.9, -2891.827, -2.961042, 0.001233003, 0.03962206, 470.2799, 0.8237008, 0.551697, 0.164956
 
2.429998, -0.0005105861, -0.003265733, 5, 0, 0.0004165545036469260117006474, 117445.8, -2891.945, -2.961042, 0.001233003, 0.03962206, 469.5327, 0.8237864, 0.551697, 0.164956
 
2.439998, -0.0004963006, -0.003270839, 5, 0, 0.0004185227378456557343019504, 117021.5, -2892.067, -2.961042, 0.001233003, 0.03962206, 468.7873, 0.8238724, 0.551697, 0.164956
 
2.449998, -0.0002686575, -0.003275802, 5, 0, 0.0004195815590650017321143762, 116599.1, -2892.184, -2.961042, 0.001233003, 0.03962206, 468.0434, 0.823958, 0.551697, 0.164956
 
2.459998, -0.0003950763, -0.003278489, 5, 0, 0.0004218463147119022780826273, 116178.5, -2892.305, -2.961042, 0.001233003, 0.03962206, 467.3013, 0.824044, 0.551697, 0.164956
 
2.469998, -0.0004552318, -0.003282439, 5, 0, 0.0004240021215714514497403174, 115759.9, -2892.422, -2.961042, 0.001233003, 0.03962206, 466.5611, 0.8241296, 0.551697, 0.164956
 
2.479998, -0.0003051257, -0.003286992, 5, 0, 0.0004253485796357650834574274, 115343, -2892.542, -2.961042, 0.001233003, 0.03962206, 465.8224, 0.8242157, 0.551697, 0.164956
 
2.489998, -0.0004820054, -0.003290043, 5, 0, 0.0004279004579909479377490809, 114927.9, -2892.66, -2.961042, 0.001233003, 0.03962206, 465.0856, 0.8243015, 0.551697, 0.164956
 
2.499998, -0.000556144, -0.003294863, 5, 0, 0.0004302526383668126153896229, 114514.8, -2892.778, -2.961042, 0.001233003, 0.03962206, 464.3506, 0.8243874, 0.551697, 0.164956
 
2.509998, -0.0004161494, -0.003300424, 5, 0, 0.0004317901553739919032425074, 114103.5, -2892.895, -2.961042, 0.001233003, 0.03962206, 463.6174, 0.8244733, 0.551697, 0.164956
 
2.519998, -0.0004365584, -0.003304586, 5, 0, 0.0004338411374462048524888475, 113694, -2893.012, -2.961042, 0.001233003, 0.03962206, 462.8857, 0.8245592, 0.551697, 0.164956
 
2.529998, -0.0005796775, -0.003308951, 5, 0, 0.0004364571991651603742153433, 113286.3, -2893.13, -2.961042, 0.001233003, 0.03962206, 462.1559, 0.8246451, 0.551697, 0.164956
 
2.539998, -0.0004633596, -0.003314748, 5, 0, 0.0004381466958522057259296866, 112880.3, -2893.246, -2.961042, 0.001233003, 0.03962206, 461.4276, 0.8247311, 0.551697, 0.164956
 
2.549998, -0.0005295435, -0.003319382, 5, 0, 0.0004404824433104694229796660, 112476.2, -2893.363, -2.961042, 0.001233003, 0.03962206, 460.7012, 0.8248171, 0.551697, 0.164956
 
2.559998, -0.0003851677, -0.003324677, 5, 0, 0.0004419947898827153232078103, 112073.9, -2893.479, -2.961042, 0.001233003, 0.03962206, 459.9766, 0.8249032, 0.551697, 0.164956
 
2.569998, -0.0002085539, -0.003328529, 5, 0, 0.0004431782496302880526320325, 111673.3, -2893.595, -2.961042, 0.001233003, 0.03962206, 459.2534, 0.8249893, 0.551697, 0.164956
 
2.579998, -0.0004014667, -0.003330614, 5, 0, 0.0004457529659887509789724327, 111274.5, -2893.711, -2.961042, 0.001233003, 0.03962206, 458.5322, 0.8250753, 0.551697, 0.164956
 
2.589998, -0.0001507221, -0.003334629, 5, 0, 0.0004466389544257093393128089, 110877.3, -2893.826, -2.961042, 0.001233003, 0.03962206, 457.8125, 0.8251616, 0.551697, 0.164956
 
2.599998, -0.0002712132, -0.003336136, 5, 0, 0.0004488314294949432199171854, 110482, -2893.942, -2.961042, 0.001233003, 0.03962206, 457.0946, 0.8252478, 0.551697, 0.164956
 
2.609998, -0.0004463514, -0.003338848, 5, 0, 0.0004514375492673792986729171, 110088.4, -2894.057, -2.961042, 0.001233003, 0.03962206, 456.3782, 0.8253338, 0.551697, 0.164956
 
2.619998, -0.0006657986, -0.003343312, 5, 0, 0.0004544880342887832496250411, 109696.5, -2894.171, -2.961042, 0.001233003, 0.03962206, 455.6637, 0.82542, 0.551697, 0.164956
 
2.629998, -0.0005022382, -0.00334997, 5, 0, 0.0004561378339794506021721356, 109306.3, -2894.287, -2.961042, 0.001233003, 0.03962206, 454.9507, 0.8255063, 0.551697, 0.164956
 
2.639998, -0.000630098, -0.003354992, 5, 0, 0.0004588766578640907701157276, 108917.8, -2894.403, -2.961042, 0.001233003, 0.03962206, 454.2393, 0.8255928, 0.551697, 0.164956
 
2.649998, -0.0005562796, -0.003361293, 5, 0, 0.0004608939877613027987707673, 108531, -2894.517, -2.961042, 0.001233003, 0.03962206, 453.5296, 0.8256791, 0.551697, 0.164956
 
2.659998, -0.0005927487, -0.003366856, 5, 0, 0.0004633154078716292611621364, 108145.8, -2894.631, -2.961042, 0.001233003, 0.03962206, 452.8215, 0.8257654, 0.551697, 0.164956
 
2.669998, -0.0004372166, -0.003372784, 5, 0, 0.0004649264166520838298956084, 107762.5, -2894.745, -2.961042, 0.001233003, 0.03962206, 452.1152, 0.8258519, 0.551697, 0.164956
 
2.679998, -0.0002908482, -0.003377156, 5, 0, 0.0004663691372670219995487602, 107380.7, -2894.859, -2.961042, 0.001233003, 0.03962206, 451.4105, 0.8259385, 0.551697, 0.164956
 
2.689998, -0.0004262531, -0.003380064, 5, 0, 0.0004688975882367127685508359, 107000.5, -2894.972, -2.961042, 0.001233003, 0.03962206, 450.7073, 0.8260249, 0.551697, 0.164956
 
2.699998, -0.000359055, -0.003384327, 5, 0, 0.0004706968529410043498367809, 106622.1, -2895.084, -2.961042, 0.001233003, 0.03962206, 450.0059, 0.8261115, 0.551697, 0.164956
 
2.709998, -0.000401896, -0.003387917, 5, 0, 0.0004729129938474317151825148, 106245.3, -2895.198, -2.961042, 0.001233003, 0.03962206, 449.3061, 0.8261981, 0.551697, 0.164956
 
2.719998, -0.0005416589, -0.003391936, 5, 0, 0.0004756431117299548871340702, 105870.1, -2895.31, -2.961042, 0.001233003, 0.03962206, 448.6078, 0.8262847, 0.551697, 0.164956
 
2.729998, -0.000454028, -0.003397353, 5, 0, 0.0004775297946196362633756178, 105496.6, -2895.423, -2.961042, 0.001233003, 0.03962206, 447.9113, 0.8263714, 0.551697, 0.164956
 
2.739998, -0.00045656, -0.003401893, 5, 0, 0.0004797170811259092713263529, 105124.6, -2895.534, -2.961042, 0.001233003, 0.03962206, 447.2163, 0.8264582, 0.551697, 0.164956
 
2.749998, -0.0003167142, -0.003406458, 5, 0, 0.0004812538824340110944419723, 104754.3, -2895.649, -2.961042, 0.001233003, 0.03962206, 446.5229, 0.8265452, 0.551697, 0.164956
 
2.759998, -0.0003085248, -0.003409625, 5, 0, 0.0004832110614003338209803668, 104385.5, -2895.758, -2.961042, 0.001233003, 0.03962206, 445.831, 0.8266319, 0.551697, 0.164956
 
2.769998, -0.000396137, -0.003412711, 5, 0, 0.0004856099079976960896134583, 104018.4, -2895.872, -2.961042, 0.001233003, 0.03962206, 445.141, 0.826719, 0.551697, 0.164956
 
2.779998, -0.0005546744, -0.003416672, 5, 0, 0.0004884754570398448161003832, 103652.9, -2895.983, -2.961042, 0.001233003, 0.03962206, 444.4525, 0.8268059, 0.551697, 0.164956
 
2.789998, -0.0004623256, -0.003422219, 5, 0, 0.0004903983351631424244677668, 103289, -2896.095, -2.961042, 0.001233003, 0.03962206, 443.7654, 0.8268929, 0.551697, 0.164956
 
2.799998, -0.0005261972, -0.003426842, 5, 0, 0.0004929329308275099009841701, 102926.5, -2896.205, -2.961042, 0.001233003, 0.03962206, 443.08, 0.8269799, 0.551697, 0.164956
 
2.809998, -0.0003875044, -0.003432104, 5, 0, 0.0004946092950547192700787278, 102565.7, -2896.315, -2.961042, 0.001233003, 0.03962206, 442.396, 0.8270671, 0.551697, 0.164956
 
2.819998, -0.0004981415, -0.003435979, 5, 0, 0.0004972750226168967342473837, 102206.3, -2896.427, -2.961042, 0.001233003, 0.03962206, 441.7136, 0.8271543, 0.551697, 0.164956
 
2.829998, -0.0007009291, -0.003440961, 5, 0, 0.0005005499958108909253323672, 101848.6, -2896.537, -2.961042, 0.001233003, 0.03962206, 441.0331, 0.8272415, 0.551697, 0.164956
 
2.839998, -0.0005107539, -0.00344797, 5, 0, 0.0005022536076676124211594919, 101492.5, -2896.649, -2.961042, 0.001233003, 0.03962206, 440.354, 0.827329, 0.551697, 0.164956
 
2.849998, -0.0004427375, -0.003453078, 5, 0, 0.0005042715421658247928277956, 101137.8, -2896.759, -2.961042, 0.001233003, 0.03962206, 439.6765, 0.8274164, 0.551697, 0.164956
 
2.859998, -0.0002554138, -0.003457505, 5, 0, 0.0005056221744202493156225987, 100784.7, -2896.869, -2.961042, 0.001233003, 0.03962206, 439.0005, 0.8275039, 0.551697, 0.164956
 
2.869998, -0.0001955913, -0.003460059, 5, 0, 0.0005073162912107102679608833, 100433, -2896.978, -2.961042, 0.001233003, 0.03962206, 438.326, 0.8275915, 0.551697, 0.164956
 
2.879998, -0.0003790817, -0.003462015, 5, 0, 0.0005101054513853267548458096, 100082.9, -2897.088, -2.961042, 0.001233003, 0.03962206, 437.6531, 0.8276791, 0.551697, 0.164956
 
2.889998, -0.0003436657, -0.003465806, 5, 0, 0.0005121122319809474828988579, 99734.29, -2897.197, -2.961042, 0.001233003, 0.03962206, 436.9817, 0.8277668, 0.551697, 0.164956
 
2.899998, -0.0004104606, -0.003469242, 5, 0, 0.0005145710831897591778948609, 99387.14, -2897.306, -2.961042, 0.001233003, 0.03962206, 436.3119, 0.8278545, 0.551697, 0.164956
 
2.909998, -0.000535728, -0.003473347, 5, 0, 0.0005174237835262810122185321, 99041.48, -2897.414, -2.961042, 0.001233003, 0.03962206, 435.6435, 0.8279423, 0.551697, 0.164956
 
2.919998, -0.0004418729, -0.003478704, 5, 0, 0.0005193987900764002307298370, 98697.29, -2897.525, -2.961042, 0.001233003, 0.03962206, 434.9767, 0.8280303, 0.551697, 0.164956
 
2.929998, -0.0004658357, -0.003483123, 5, 0, 0.0005218201294879238156255638, 98354.57, -2897.632, -2.961042, 0.001233003, 0.03962206, 434.3114, 0.8281181, 0.551697, 0.164956
 
2.939998, -0.0005709449, -0.003487781, 5, 0, 0.0005246856864049416310650420, 98013.32, -2897.742, -2.961042, 0.001233003, 0.03962206, 433.6476, 0.8282064, 0.551697, 0.164956
 
2.949998, -0.0004633544, -0.00349349, 5, 0, 0.0005266674645205716680629627, 97673.53, -2897.85, -2.961042, 0.001233003, 0.03962206, 432.9854, 0.8282945, 0.551697, 0.164956
 
2.959998, -0.0004643226, -0.003498124, 5, 0, 0.0005290327477909429432714723, 97335.07, -2897.958, -2.961042, 0.001233003, 0.03962206, 432.3244, 0.8283827, 0.551697, 0.164956
 
2.969998, -0.000442726, -0.003502767, 5, 0, 0.0005312944725640043818588256, 96998.2, -2898.066, -2.961042, 0.001233003, 0.03962206, 431.6653, 0.8284711, 0.551697, 0.164956
 
2.979998, -0.0003565971, -0.003507195, 5, 0, 0.0005332090191994517587834065, 96662.62, -2898.174, -2.961042, 0.001233003, 0.03962206, 431.0073, 0.8285595, 0.551697, 0.164956
 
2.989998, -0.0005345531, -0.003510761, 5, 0, 0.0005363220799294279951147687, 96328.48, -2898.281, -2.961042, 0.001233003, 0.03962206, 430.3509, 0.8286479, 0.551697, 0.164956
 
2.999998, -0.000472031, -0.003516106, 5, 0, 0.0005385092309794757662127837, 95995.8, -2898.388, -2.961042, 0.001233003, 0.03962206, 429.696, 0.8287365, 0.551697, 0.164956
 
3.009998, -0.0005128211, -0.003520827, 5, 0, 0.0005411290601325448417883009, 95664.54, -2898.496, -2.961042, 0.001233003, 0.03962206, 429.0427, 0.8288251, 0.551697, 0.164956
 
3.019998, -0.0003691513, -0.003525955, 5, 0, 0.0005428868532738040006247895, 95334.7, -2898.602, -2.961042, 0.001233003, 0.03962206, 428.3909, 0.8289139, 0.551697, 0.164956
 
3.029998, -0.0003459226, -0.003529646, 5, 0, 0.0005450387010988757304965891, 95006.28, -2898.711, -2.961042, 0.001233003, 0.03962206, 427.7406, 0.829003, 0.551697, 0.164956
 
3.039998, -0.0004072941, -0.003533105, 5, 0, 0.0005475936176840163026604359, 94679.15, -2898.816, -2.961042, 0.001233003, 0.03962206, 427.0915, 0.8290918, 0.551697, 0.164956
 
3.049998, -0.000438875, -0.003537178, 5, 0, 0.0005500996194898819521527660, 94353.41, -2898.925, -2.961042, 0.001233003, 0.03962206, 426.4439, 0.829181, 0.551697, 0.164956
 
3.059998, -0.0005194767, -0.003541567, 5, 0, 0.0005529147715831431361039358, 94029.09, -2899.031, -2.961042, 0.001233003, 0.03962206, 425.7979, 0.8292701, 0.551697, 0.164956
 
3.069998, -0.0006556201, -0.003546762, 5, 0, 0.0005561522807689666549716596, 93706.05, -2899.137, -2.961042, 0.001233003, 0.03962206, 425.1531, 0.8293594, 0.551697, 0.164956
 
3.079998, -0.0005700978, -0.003553318, 5, 0, 0.0005584720852455584422977227, 93384.38, -2899.243, -2.961042, 0.001233003, 0.03962206, 424.5099, 0.8294488, 0.551697, 0.164956
 
3.089998, -0.0005899071, -0.003559019, 5, 0, 0.0005612101616828066516155881, 93064.13, -2899.35, -2.961042, 0.001233003, 0.03962206, 423.8682, 0.8295383, 0.551697, 0.164956
 
3.099998, -0.000426257, -0.003564918, 5, 0, 0.0005630367276295942070742072, 92745.23, -2899.455, -2.961042, 0.001233003, 0.03962206, 423.228, 0.8296279, 0.551697, 0.164956
 
3.109998, -0.0003907046, -0.003569181, 5, 0, 0.0005652770271828991842658780, 92427.59, -2899.561, -2.961042, 0.001233003, 0.03962206, 422.589, 0.8297176, 0.551697, 0.164956
 
3.119998, -0.0003504723, -0.003573088, 5, 0, 0.0005674429298361566271641792, 92111.34, -2899.667, -2.961042, 0.001233003, 0.03962206, 421.9515, 0.8298075, 0.551697, 0.164956
 
3.129997, -0.0003708486, -0.003576593, 5, 0, 0.0005698686804977073321077420, 91796.44, -2899.772, -2.961042, 0.001233003, 0.03962206, 421.3156, 0.8298975, 0.551697, 0.164956
 
3.139997, -0.0003345667, -0.003580301, 5, 0, 0.0005720373335653635412357989, 91482.78, -2899.877, -2.961042, 0.001233003, 0.03962206, 420.6809, 0.8299876, 0.551697, 0.164956
 
3.149997, -0.0005166002, -0.003583647, 5, 0, 0.0005753048962317118911221625, 91170.49, -2899.982, -2.961042, 0.001233003, 0.03962206, 420.0478, 0.8300778, 0.551697, 0.164956
 
3.159997, -0.0004597868, -0.003588813, 5, 0, 0.0005776141771022334000090127, 90859.55, -2900.088, -2.961042, 0.001233003, 0.03962206, 419.4161, 0.8301681, 0.551697, 0.164956
 
3.169997, -0.0005013581, -0.003593411, 5, 0, 0.0005803614483691447406046517, 90549.83, -2900.192, -2.961042, 0.001233003, 0.03962206, 418.7857, 0.8302584, 0.551697, 0.164956
 
3.179997, -0.0004949965, -0.003598425, 5, 0, 0.0005829341967776583815341283, 90241.47, -2900.273, -2.961042, 0.001233003, 0.03962206, 418.1568, 0.830347, 0.551697, 0.164956
 
3.189997, -0.0004326349, -0.003603375, 5, 0, 0.0005852227246078361248223104, 89934.3, -2900.263, -2.961042, 0.001233003, 0.03962206, 417.5291, 0.8304282, 0.551697, 0.164956
 
3.199997, -0.0005750079, -0.003607701, 5, 0, 0.0005885127547020243874048435, 89628.48, -2900.253, -2.961042, 0.001233003, 0.03962206, 416.903, 0.8305094, 0.551697, 0.164956
 
3.209997, -0.0005090635, -0.003613451, 5, 0, 0.0005909292285014631780781040, 89323.85, -2900.243, -2.961042, 0.001233003, 0.03962206, 416.2781, 0.8305908, 0.551697, 0.164956
 
3.219997, -0.0006829841, -0.003618542, 5, 0, 0.0005945373733171751145507003, 89020.56, -2900.232, -2.961042, 0.001233003, 0.03962206, 415.6548, 0.8306724, 0.551697, 0.164956
 
3.229997, -0.0004968096, -0.003625371, 5, 0, 0.0005964996975442165266146732, 88718.46, -2900.22, -2.961042, 0.001233003, 0.03962206, 415.0326, 0.8307542, 0.551697, 0.164956
 
3.239997, -0.0005572714, -0.00363034, 5, 0, 0.0005994974181967272793447323, 88417.69, -2900.21, -2.961042, 0.001233003, 0.03962206, 414.412, 0.830836, 0.551697, 0.164956
 
3.249997, -0.0002866626, -0.003635912, 5, 0, 0.0006008058454788274054894554, 88118.09, -2900.198, -2.961042, 0.001233003, 0.03962206, 413.7926, 0.8309181, 0.551697, 0.164956
 
3.259997, -0.0003225739, -0.003638779, 5, 0, 0.0006033389654684188075640362, 87819.8, -2900.187, -2.961042, 0.001233003, 0.03962206, 413.1747, 0.8310003, 0.551697, 0.164956
 
3.269997, -0.0003986996, -0.003642005, 5, 0, 0.0006061603457342120715719007, 87522.69, -2900.175, -2.961042, 0.001233003, 0.03962206, 412.558, 0.8310825, 0.551697, 0.164956
 
3.279997, -0.0002874178, -0.003645992, 5, 0, 0.0006080888312515780273868736, 87226.88, -2900.163, -2.961042, 0.001233003, 0.03962206, 411.9429, 0.8311651, 0.551697, 0.164956
 
3.289997, -0.0002737077, -0.003648866, 5, 0, 0.0006103735800615347615660389, 86932.24, -2900.151, -2.961042, 0.001233003, 0.03962206, 411.329, 0.8312477, 0.551697, 0.164956
 
3.299997, -0.0004821605, -0.003651603, 5, 0, 0.0006138682544647582772586974, 86638.89, -2900.139, -2.961042, 0.001233003, 0.03962206, 410.7166, 0.8313304, 0.551697, 0.164956
 
3.309997, -0.0002840795, -0.003656425, 5, 0, 0.0006154750711647548589988620, 86346.7, -2900.127, -2.961042, 0.001233003, 0.03962206, 410.1055, 0.8314134, 0.551697, 0.164956
 
3.319997, -0.0003695195, -0.003659265, 5, 0, 0.0006183263753467232901346465, 86055.67, -2900.114, -2.961042, 0.001233003, 0.03962206, 409.4956, 0.8314965, 0.551697, 0.164956
 
3.329997, -0.0006402026, -0.003662961, 5, 0, 0.0006223641841392355879657078, 85765.91, -2900.099, -2.961042, 0.001233003, 0.03962206, 408.8872, 0.8315795, 0.551697, 0.164956
 
3.339997, -0.0005079933, -0.003669363, 5, 0, 0.0006246252240788773387263550, 85477.3, -2900.086, -2.961042, 0.001233003, 0.03962206, 408.28, 0.831663, 0.551697, 0.164956
 
3.349997, -0.0006085055, -0.003674442, 5, 0, 0.0006279729578405928528065765, 85189.84, -2900.073, -2.961042, 0.001233003, 0.03962206, 407.6741, 0.8317465, 0.551697, 0.164956
 
3.359997, -0.0007583609, -0.003680527, 5, 0, 0.0006317818379663381484984538, 84903.64, -2900.059, -2.961042, 0.001233003, 0.03962206, 407.0697, 0.8318303, 0.551697, 0.164956
 
3.369997, -0.0006890561, -0.003688111, 5, 0, 0.0006346262721106512457566253, 84618.58, -2900.045, -2.961042, 0.001233003, 0.03962206, 406.4665, 0.8319142, 0.551697, 0.164956
 
3.379997, -0.0004676884, -0.003695002, 5, 0, 0.0006365006298876038649804847, 84334.66, -2900.032, -2.961042, 0.001233003, 0.03962206, 405.8645, 0.8319984, 0.551697, 0.164956
 
3.389997, -0.0005039367, -0.003699678, 5, 0, 0.0006394597593784124346201815, 84051.97, -2900.018, -2.961042, 0.001233003, 0.03962206, 405.2641, 0.8320827, 0.551697, 0.164956
 
3.399997, -0.0002289548, -0.003704718, 5, 0, 0.0006407198685698686840145142, 83770.41, -2900.001, -2.961042, 0.001233003, 0.03962206, 404.6649, 0.8321672, 0.551697, 0.164956
 
3.409997, -0.0002547214, -0.003707008, 5, 0, 0.0006432214237913110985007727, 83489.97, -2899.987, -2.961042, 0.001233003, 0.03962206, 404.0669, 0.832252, 0.551697, 0.164956
 
3.419997, -0.0003116412, -0.003709555, 5, 0, 0.0006459537665120659492678967, 83210.65, -2899.972, -2.961042, 0.001233003, 0.03962206, 403.4701, 0.8323368, 0.551697, 0.164956
 
3.429997, -0.0005594721, -0.003712671, 5, 0, 0.0006498902472186479131138786, 82932.55, -2899.957, -2.961042, 0.001233003, 0.03962206, 402.8749, 0.832422, 0.551697, 0.164956
 
3.439997, -0.0004113694, -0.003718266, 5, 0, 0.0006519936005218418594101885, 82655.59, -2899.942, -2.961042, 0.001233003, 0.03962206, 402.2809, 0.8325073, 0.551697, 0.164956
 
3.449997, -0.0005045352, -0.003722379, 5, 0, 0.0006552374860567468352247149, 82379.7, -2899.927, -2.961042, 0.001233003, 0.03962206, 401.6881, 0.8325928, 0.551697, 0.164956
 
3.459997, -0.0006162948, -0.003727425, 5, 0, 0.0006587653599416510743823024, 82104.91, -2899.909, -2.961042, 0.001233003, 0.03962206, 401.0965, 0.8326783, 0.551697, 0.164956
 
3.469997, -0.0006872044, -0.003733588, 5, 0, 0.0006622655597238321333394507, 81831.24, -2899.893, -2.961042, 0.001233003, 0.03962206, 400.5062, 0.8327641, 0.551697, 0.164956
 
3.479997, -0.0007828684, -0.00374046, 5, 0, 0.0006660478672333969383063254, 81558.77, -2899.878, -2.961042, 0.001233003, 0.03962206, 399.9174, 0.8328503, 0.551697, 0.164956
 
3.489997, -0.0006778981, -0.003748289, 5, 0, 0.0006688412187059561798235961, 81287.39, -2899.859, -2.961042, 0.001233003, 0.03962206, 399.3297, 0.8329365, 0.551697, 0.164956
 
3.499997, -0.00044502, -0.003755068, 5, 0, 0.0006707048467915847776365192, 81017.1, -2899.843, -2.961042, 0.001233003, 0.03962206, 398.7434, 0.8330232, 0.551697, 0.164956
 
3.509997, -0.0003458036, -0.003759518, 5, 0, 0.0006729432026933125437584319, 80747.88, -2899.826, -2.961042, 0.001233003, 0.03962206, 398.1582, 0.8331101, 0.551697, 0.164956
 
3.519997, -0.0002260974, -0.003762976, 5, 0, 0.0006748887519207316015083295, 80479.74, -2899.807, -2.961042, 0.001233003, 0.03962206, 397.5743, 0.8331971, 0.551697, 0.164956
 
3.529997, -0.0002154313, -0.003765237, 5, 0, 0.0006772684404059701720739216, 80212.68, -2899.79, -2.961042, 0.001233003, 0.03962206, 396.9916, 0.8332844, 0.551697, 0.164956
 
3.539997, -0.0002523519, -0.003767391, 5, 0, 0.0006799178443066374079776821, 79946.68, -2899.773, -2.961042, 0.001233003, 0.03962206, 396.4102, 0.8333721, 0.551697, 0.164956
 
3.549997, -0.000484449, -0.003769915, 5, 0, 0.0006838040676927722117206092, 79681.87, -2899.754, -2.961042, 0.001233003, 0.03962206, 395.8302, 0.8334597, 0.551697, 0.164956
 
3.559997, -0.0005254403, -0.003774759, 5, 0, 0.0006869833212557291151962342, 79418.13, -2899.736, -2.961042, 0.001233003, 0.03962206, 395.2515, 0.8335477, 0.551697, 0.164956
 
3.569997, -0.0004219359, -0.003780013, 5, 0, 0.0006893821701466974903821133, 79155.43, -2899.716, -2.961042, 0.001233003, 0.03962206, 394.674, 0.8336358, 0.551697, 0.164956
 
3.579997, -0.0005163889, -0.003784233, 5, 0, 0.0006927880758612831567227854, 78893.79, -2899.698, -2.961042, 0.001233003, 0.03962206, 394.0977, 0.8337244, 0.551697, 0.164956
 
3.589997, -0.0004232379, -0.003789397, 5, 0, 0.0006952476872002633894464196, 78633.21, -2899.678, -2.961042, 0.001233003, 0.03962206, 393.5227, 0.833813, 0.551697, 0.164956
 
3.599997, -0.00039973, -0.003793629, 5, 0, 0.0006979634769367160868639576, 78373.66, -2899.659, -2.961042, 0.001233003, 0.03962206, 392.9489, 0.8339022, 0.551697, 0.164956
 
3.609997, -0.0005850371, -0.003797626, 5, 0, 0.0007019113309588325093709879, 78115.17, -2899.638, -2.961042, 0.001233003, 0.03962206, 392.3763, 0.8339913, 0.551697, 0.164956
 
3.619997, -0.0005452291, -0.003803477, 5, 0, 0.0007048456535782766219348442, 77857.72, -2899.619, -2.961042, 0.001233003, 0.03962206, 391.8049, 0.8340809, 0.551697, 0.164956
 
3.629997, -0.0005570815, -0.003808929, 5, 0, 0.0007080309258315565436341182, 77601.3, -2899.597, -2.961042, 0.001233003, 0.03962206, 391.2347, 0.8341707, 0.551697, 0.164956
 
3.639997, -0.0005410096, -0.0038145, 5, 0, 0.0007110771783066157294795420, 77345.91, -2899.578, -2.961042, 0.001233003, 0.03962206, 390.6658, 0.8342609, 0.551697, 0.164956
 
3.649997, -0.0005685748, -0.00381991, 5, 0, 0.0007143715026874713154454370, 77091.55, -2899.557, -2.961042, 0.001233003, 0.03962206, 390.0981, 0.8343512, 0.551697, 0.164956
 
3.659997, -0.0004472208, -0.003825595, 5, 0, 0.0007168100212752175641513997, 76838.22, -2899.537, -2.961042, 0.001233003, 0.03962206, 389.5316, 0.8344422, 0.551697, 0.164956
 
3.669997, -0.0005235767, -0.003830068, 5, 0, 0.0007202491660101992209298314, 76585.91, -2899.514, -2.961042, 0.001233003, 0.03962206, 388.9663, 0.8345332, 0.551697, 0.164956
 
3.679997, -0.0004199022, -0.003835303, 5, 0, 0.0007227266286862740709735800, 76334.73, -2899.492, -2.961042, 0.001233003, 0.03962206, 388.4026, 0.8346245, 0.551697, 0.164956
 
3.689997, -0.0004110867, -0.003839502, 5, 0, 0.0007256039035916737635726323, 76084.58, -2899.471, -2.961042, 0.001233003, 0.03962206, 387.8401, 0.8347162, 0.551697, 0.164956
 
3.699997, -0.0004248876, -0.003843613, 5, 0, 0.0007286139726477416657436216, 75835.43, -2899.448, -2.961042, 0.001233003, 0.03962206, 387.2788, 0.8348081, 0.551697, 0.164956
 
3.709997, -0.0004164159, -0.003847862, 5, 0, 0.0007315199257695351182533668, 75587.29, -2899.425, -2.961042, 0.001233003, 0.03962206, 386.7188, 0.8349003, 0.551697, 0.164956
 
3.719997, -0.0004565724, -0.003852026, 5, 0, 0.0007347225993490607252622167, 75340.16, -2899.401, -2.961042, 0.001233003, 0.03962206, 386.1599, 0.8349928, 0.551697, 0.164956
 
3.729997, -0.0005196459, -0.003856592, 5, 0, 0.0007381557582724408745840255, 75094.02, -2899.377, -2.961042, 0.001233003, 0.03962206, 385.6023, 0.8350857, 0.551697, 0.164956
 
3.739997, -0.0005285253, -0.003861789, 5, 0, 0.0007413784484730741151572497, 74848.89, -2899.356, -2.961042, 0.001233003, 0.03962206, 385.0459, 0.835179, 0.551697, 0.164956
 
3.749997, -0.0005958071, -0.003867074, 5, 0, 0.0007449966888177653774555141, 74604.86, -2899.331, -2.961042, 0.001233003, 0.03962206, 384.4911, 0.8352726, 0.551697, 0.164956
 
3.759997, -0.0004750326, -0.003873032, 5, 0, 0.0007475635142469575235297562, 74361.82, -2899.307, -2.961042, 0.001233003, 0.03962206, 383.9374, 0.8353665, 0.551697, 0.164956
 
3.769997, -0.0004182273, -0.003877782, 5, 0, 0.0007503099431661261846343919, 74119.78, -2899.282, -2.961042, 0.001233003, 0.03962206, 383.385, 0.8354608, 0.551697, 0.164956
 
3.779997, -0.0005652353, -0.003881965, 5, 0, 0.0007542538784321633016794097, 73878.72, -2899.257, -2.961042, 0.001233003, 0.03962206, 382.8338, 0.8355554, 0.551697, 0.164956
 
3.789997, -0.0005051495, -0.003887617, 5, 0, 0.0007571716719485527882997155, 73638.63, -2899.232, -2.961042, 0.001233003, 0.03962206, 382.2838, 0.8356504, 0.551697, 0.164956
 
3.799997, -0.0005019713, -0.003892669, 5, 0, 0.0007603453899449093681783006, 73399.52, -2899.206, -2.961042, 0.001233003, 0.03962206, 381.7351, 0.8357457, 0.551697, 0.164956
 
3.809997, -0.0003280419, -0.003897688, 5, 0, 0.0007624225883915403453260513, 73161.39, -2899.18, -2.961042, 0.001233003, 0.03962206, 381.1876, 0.8358417, 0.551697, 0.164956
 
3.819997, -0.0003848777, -0.003900969, 5, 0, 0.0007656520358096394702768794, 72924.23, -2899.154, -2.961042, 0.001233003, 0.03962206, 380.6413, 0.8359378, 0.551697, 0.164956
 
3.829997, -0.000481561, -0.003904817, 5, 0, 0.0007692600394978970703953985, 72688.02, -2899.128, -2.961042, 0.001233003, 0.03962206, 380.0962, 0.8360344, 0.551697, 0.164956
 
3.839997, -0.0003673807, -0.003909633, 5, 0, 0.0007717005748488689363970961, 72452.79, -2899.101, -2.961042, 0.001233003, 0.03962206, 379.5524, 0.8361315, 0.551697, 0.164956
 
3.849997, -0.0004636685, -0.003913307, 5, 0, 0.0007752908172705600001366358, 72218.52, -2899.074, -2.961042, 0.001233003, 0.03962206, 379.0097, 0.8362288, 0.551697, 0.164956
 
3.859997, -0.0005697782, -0.003917943, 5, 0, 0.0007791470155144479411772935, 71985.19, -2899.047, -2.961042, 0.001233003, 0.03962206, 378.4684, 0.8363267, 0.551697, 0.164956
 
3.869997, -0.0004788014, -0.003923641, 5, 0, 0.0007819351889441961557259161, 71752.83, -2899.02, -2.961042, 0.001233003, 0.03962206, 377.9282, 0.8364251, 0.551697, 0.164956
 
3.879997, -0.0005889928, -0.003928429, 5, 0, 0.0007858704158692383135152248, 71521.41, -2898.99, -2.961042, 0.001233003, 0.03962206, 377.3892, 0.8365237, 0.551697, 0.164956
 
3.889997, -0.0004947862, -0.003934319, 5, 0, 0.0007886916120437799432181394, 71290.95, -2898.962, -2.961042, 0.001233003, 0.03962206, 376.8515, 0.836623, 0.551697, 0.164956
 
3.899997, -0.0004734053, -0.003939267, 5, 0, 0.0007918114761420539378249889, 71061.41, -2898.934, -2.961042, 0.001233003, 0.03962206, 376.315, 0.8367227, 0.551697, 0.164956
 
3.909997, -0.0002943864, -0.003944001, 5, 0, 0.0007938533116472066568348061, 70832.72, -2898.904, -2.961042, 0.001233003, 0.03962206, 375.7794, 0.836823, 0.551697, 0.164956
 
3.919997, -0.0003533483, -0.003946945, 5, 0, 0.0007971177569103255504297091, 70604.95, -2898.873, -2.961042, 0.001233003, 0.03962206, 375.245, 0.8369236, 0.551697, 0.164956
 
3.929997, -0.0005486399, -0.003950478, 5, 0, 0.0008014177574092494368694991, 70378.13, -2898.844, -2.961042, 0.001233003, 0.03962206, 374.7119, 0.8370248, 0.551697, 0.164956
 
3.939997, -0.0005304098, -0.003955964, 5, 0, 0.0008047014493273454308279061, 70152.23, -2898.812, -2.961042, 0.001233003, 0.03962206, 374.18, 0.8371264, 0.551697, 0.164956
 
3.949997, -0.0005434921, -0.003961268, 5, 0, 0.0008081659307284000177099580, 69927.27, -2898.782, -2.961042, 0.001233003, 0.03962206, 373.6493, 0.8372288, 0.551697, 0.164956
 
3.959997, -0.0004054107, -0.003966703, 5, 0, 0.0008106509166844743197333230, 69703.22, -2898.75, -2.961042, 0.001233003, 0.03962206, 373.1198, 0.8373315, 0.551697, 0.164956
 
3.969997, -0.000318088, -0.003970757, 5, 0, 0.0008132012408516479168443501, 69479.98, -2898.717, -2.961042, 0.001233003, 0.03962206, 372.5912, 0.8374348, 0.551697, 0.164956
 
3.979997, -0.000453204, -0.003973938, 5, 0, 0.0008170796747341454472420477, 69257.66, -2898.684, -2.961042, 0.001233003, 0.03962206, 372.0639, 0.8375387, 0.551697, 0.164956
 
3.989997, -0.0004946953, -0.00397847, 5, 0, 0.0008206123037175995184909980, 69036.27, -2898.652, -2.961042, 0.001233003, 0.03962206, 371.5378, 0.8376433, 0.551697, 0.164956
 
3.999997, -0.0005631904, -0.003983417, 5, 0, 0.0008244237903800581807541214, 68815.77, -2898.619, -2.961042, 0.001233003, 0.03962206, 371.0129, 0.8377484, 0.551697, 0.164956
 
4.009997, -0.0006273344, -0.003989048, 5, 0, 0.0008283579894376277696580121, 68596.2, -2898.585, -2.961042, 0.001233003, 0.03962206, 370.4893, 0.8378541, 0.551697, 0.164956
 
4.019997, -0.0005145429, -0.003995322, 5, 0, 0.0008312659666069550556393950, 68377.41, -2898.392, -2.961042, 0.001233003, 0.03962206, 369.9666, 0.8379475, 0.551697, 0.164956
 
4.029997, -0.0006087542, -0.004000467, 5, 0, 0.0008353777650136841854044918, 68159.52, -2898.14, -2.961042, 0.001233003, 0.03962206, 369.445, 0.838037, 0.551697, 0.164956
 
4.039998, -0.0005116216, -0.004006555, 5, 0, 0.0008383834494482340019516070, 67942.54, -2897.884, -2.961042, 0.001233003, 0.03962206, 368.9247, 0.8381268, 0.551697, 0.164956
 
4.049998, -0.0004653644, -0.004011671, 5, 0, 0.0008415444365590707306301167, 67726.34, -2897.627, -2.961042, 0.001233003, 0.03962206, 368.4054, 0.8382173, 0.551697, 0.164956
 
4.059998, -0.0003992872, -0.004016325, 5, 0, 0.0008444782489691076151441918, 67511.04, -2897.367, -2.961042, 0.001233003, 0.03962206, 367.8872, 0.8383085, 0.551697, 0.164956
 
4.069998, -0.0003997688, -0.004020318, 5, 0, 0.0008477406074065241707463748, 67296.63, -2897.105, -2.961042, 0.001233003, 0.03962206, 367.3703, 0.8384001, 0.551697, 0.164956
 
4.079998, -0.0004201763, -0.004024316, 5, 0, 0.0008511509307369810943818286, 67082.99, -2896.843, -2.961042, 0.001233003, 0.03962206, 366.8543, 0.8384925, 0.551697, 0.164956
 
4.089999, -0.0004003714, -0.004028517, 5, 0, 0.0008543315414075537685922589, 66870.25, -2896.579, -2.961042, 0.001233003, 0.03962206, 366.3395, 0.8385856, 0.551697, 0.164956
 
4.099999, -0.0004156819, -0.004032521, 5, 0, 0.0008577227126724996696220336, 66658.38, -2896.313, -2.961042, 0.001233003, 0.03962206, 365.8259, 0.8386794, 0.551697, 0.164956
 
4.109999, -0.0004608785, -0.004036678, 5, 0, 0.0008613654791290899132759646, 66447.28, -2896.044, -2.961042, 0.001233003, 0.03962206, 365.3133, 0.8387738, 0.551697, 0.164956
 
4.119999, -0.0004677032, -0.004041287, 5, 0, 0.0008648429242399153548187115, 66237.06, -2895.774, -2.961042, 0.001233003, 0.03962206, 364.8019, 0.8388691, 0.551697, 0.164956
 
4.13, -0.0004966976, -0.004045964, 5, 0, 0.0008685012398452482320254661, 66027.6, -2895.501, -2.961042, 0.001233003, 0.03962206, 364.2914, 0.838965, 0.551697, 0.164956
 
4.14, -0.000492239, -0.00405093, 5, 0, 0.0008719938468149615661678345, 65819.02, -2895.225, -2.961042, 0.001233003, 0.03962206, 363.7821, 0.8390617, 0.551697, 0.164956
 
4.15, -0.000516228, -0.004055853, 5, 0, 0.0008756856924131300720207174, 65611.3, -2894.95, -2.961042, 0.001233003, 0.03962206, 363.274, 0.8391594, 0.551697, 0.164956
 
4.16, -0.0005400257, -0.004061015, 5, 0, 0.0008794384297745185595901781, 65404.34, -2894.67, -2.961042, 0.001233003, 0.03962206, 362.7669, 0.8392577, 0.551697, 0.164956
 
4.170001, -0.0005474798, -0.004066416, 5, 0, 0.0008831350085103636811597531, 65198.24, -2894.388, -2.961042, 0.001233003, 0.03962206, 362.261, 0.839357, 0.551697, 0.164956
 
4.180001, -0.0005686227, -0.00407189, 5, 0, 0.0008869555258025274460745053, 64992.89, -2894.104, -2.961042, 0.001233003, 0.03962206, 361.756, 0.839457, 0.551697, 0.164956
 
4.190001, -0.0005585517, -0.004077577, 5, 0, 0.0008906064641854868823960862, 64788.41, -2893.818, -2.961042, 0.001233003, 0.03962206, 361.2522, 0.8395582, 0.551697, 0.164956
 
4.200001, -0.0005825772, -0.004083162, 5, 0, 0.0008944903226453559160814437, 64584.66, -2893.529, -2.961042, 0.001233003, 0.03962206, 360.7494, 0.8396602, 0.551697, 0.164956
 
4.210001, -0.0005650077, -0.004088988, 5, 0, 0.0008981358140048116158409243, 64381.77, -2893.236, -2.961042, 0.001233003, 0.03962206, 360.2477, 0.839763, 0.551697, 0.164956
 
4.220002, -0.0005769475, -0.004094638, 5, 0, 0.0009019645283498091926194263, 64179.62, -2892.941, -2.961042, 0.001233003, 0.03962206, 359.747, 0.8398671, 0.551697, 0.164956
 
4.230002, -0.0005667909, -0.004100407, 5, 0, 0.0009056676990449605847005894, 63978.31, -2892.642, -2.961042, 0.001233003, 0.03962206, 359.2475, 0.8399721, 0.551697, 0.164956
 
4.240002, -0.0004519945, -0.004106076, 5, 0, 0.0009085958524242950103196115, 63777.74, -2892.344, -2.961042, 0.001233003, 0.03962206, 358.749, 0.8400784, 0.551697, 0.164956
 
4.250002, -0.0003382881, -0.004110596, 5, 0, 0.0009112810191794024122460876, 63578.01, -2892.039, -2.961042, 0.001233003, 0.03962206, 358.2516, 0.8401858, 0.551697, 0.164956
 
4.260003, -0.0002822038, -0.004113979, 5, 0, 0.0009141381549563893905748232, 63379.01, -2891.732, -2.961042, 0.001233003, 0.03962206, 357.7552, 0.8402944, 0.551697, 0.164956
 
4.270003, -0.0003971599, -0.004116801, 5, 0, 0.0009181270468600281241810501, 63180.85, -2891.423, -2.961042, 0.001233003, 0.03962206, 357.26, 0.8404042, 0.551697, 0.164956
 
4.280003, -0.0003334227, -0.004120772, 5, 0, 0.0009210683025036173470951672, 62983.41, -2891.107, -2.961042, 0.001233003, 0.03962206, 356.7657, 0.840515, 0.551697, 0.164956
 
4.290003, -0.0004202682, -0.004124106, 5, 0, 0.0009249788254461185172860019, 62786.8, -2890.79, -2.961042, 0.001233003, 0.03962206, 356.2726, 0.8406274, 0.551697, 0.164956
 
4.300004, -0.0005078358, -0.004128309, 5, 0, 0.0009290985967912947643485295, 62590.91, -2890.469, -2.961042, 0.001233003, 0.03962206, 355.7805, 0.840741, 0.551697, 0.164956
 
4.310004, -0.0006192682, -0.004133387, 5, 0, 0.000933356196776670042853, 62395.96, -2893.181, -2.961042, 0.001233003, 0.03962206, 355.2899, 0.8409311, 0.551697, 0.164956
 
4.320004, -0.0009340317, -0.00413958, 5, 0, 0.000939082291218540499667, 62202.04, -2899.65, -2.961042, 0.001233003, 0.03962206, 354.8011, 0.8412145, 0.551697, 0.164956
 
4.330004, -0.001105613, -0.004148921, 5, 0, 0.000944471189683124183042, 62009.15, -2906.074, -2.961042, 0.001233003, 0.03962206, 354.3141, 0.8414967, 0.551697, 0.164956
 
4.340004, -0.001065487, -0.004159977, 5, 0, 0.000948682957734935692808, 61817.4, -2912.458, -2.961042, 0.001233003, 0.03962206, 353.8293, 0.841778, 0.551697, 0.164956
 
4.350005, -0.00104248, -0.004170632, 5, 0, 0.000952943599136845452176, 61626.68, -2918.797, -2.961042, 0.001233003, 0.03962206, 353.3463, 0.8420581, 0.551697, 0.164956
 
4.360005, -0.0008392413, -0.004181056, 5, 0, 0.0009558124538758473031317343, 61436.97, -2925.096, -2.961042, 0.001233003, 0.03962206, 352.8652, 0.8423373, 0.551697, 0.164956
 
4.370005, -0.0006717791, -0.004189449, 5, 0, 0.000958493570652170755615, 61248.28, -2931.351, -2.961042, 0.001233003, 0.03962206, 352.3859, 0.8426153, 0.551697, 0.164956
 
4.380005, -0.000366497, -0.004196167, 5, 0, 0.0009597575279351591747470056, 61060.71, -2937.571, -2.961042, 0.001233003, 0.03962206, 351.9088, 0.8428926, 0.551697, 0.164956
 
4.390006, -0.0001544335, -0.004199831, 5, 0, 0.000961026304053404253294, 60874.15, -2943.743, -2.961042, 0.001233003, 0.03962206, 351.4335, 0.8431685, 0.551697, 0.164956
 
4.400006, -1.718477E-06, -0.004201375, 5, 0, 0.000962256705350698849025, 60688.59, -2949.871, -2.961042, 0.001233003, 0.03962206, 350.96, 0.8434432, 0.551697, 0.164956
 
4.410006, 0.000116443, -0.004201393, 5, 0, 0.000963395877876766707456, 60504.03, -2955.966, -2.961042, 0.001233003, 0.03962206, 350.4883, 0.8437171, 0.551697, 0.164956
 
4.420006, 5.708352E-05, -0.004200228, 5, 0, 0.000965608814570267148679, 60320.47, -2962.016, -2.961042, 0.001233003, 0.03962206, 350.0185, 0.8439897, 0.551697, 0.164956
 
4.430007, 3.869581E-05, -0.004199657, 5, 0, 0.0009676493545319604897452177, 60137.91, -2968.029, -2.961042, 0.001233003, 0.03962206, 349.5505, 0.8442613, 0.551697, 0.164956
 
4.440007, 3.384676E-05, -0.00419927, 5, 0, 0.00096963058351985688, 59956.33, -2974.004, -2.961042, 0.001233003, 0.03962206, 349.0844, 0.8445319, 0.551697, 0.164956
 
4.450007, 3.042085E-05, -0.004198932, 5, 0, 0.000971615669603037117696, 59775.63, -2979.936, -2.961042, 0.001233003, 0.03962206, 348.6198, 0.8448012, 0.551697, 0.164956
 
4.460007, -0.0001010814, -0.004198628, 5, 0, 0.000974588828754947469046, 59595.92, -2985.839, -2.961042, 0.001233003, 0.03962206, 348.157, 0.8450699, 0.551697, 0.164956
 
4.470007, -0.0001821414, -0.004199638, 5, 0, 0.0009774865902006080064453719, 59417.18, -2991.7, -2.961042, 0.001233003, 0.03962206, 347.6961, 0.8453375, 0.551697, 0.164956
 
4.480008, -0.0002365921, -0.00420146, 5, 0, 0.000980374100493676245048, 59239.42, -2997.52, -2.961042, 0.001233003, 0.03962206, 347.237, 0.8456037, 0.551697, 0.164956
 
4.490008, -8.431875E-05, -0.004203826, 5, 0, 0.0009818021871420092506525760, 59062.53, -3003.306, -2.961042, 0.001233003, 0.03962206, 346.7794, 0.8458693, 0.551697, 0.164956
 
4.500008, -0.0001010176, -0.004204669, 5, 0, 0.00098417769219961453932, 58886.6, -3009.051, -2.961042, 0.001233003, 0.03962206, 346.3237, 0.8461336, 0.551697, 0.164956
 
4.510008, -0.0001021325, -0.004205679, 5, 0, 0.000986473420928186794044, 58711.64, -3014.764, -2.961042, 0.001233003, 0.03962206, 345.8698, 0.846397, 0.551697, 0.164956
 
4.520009, -0.000104188, -0.0042067, 5, 0, 0.0009887827044450349669365338, 58537.53, -3020.44, -2.961042, 0.001233003, 0.03962206, 345.4174, 0.8466595, 0.551697, 0.164956
 
4.530009, -0.0002041899, -0.004207742, 5, 0, 0.000991859470390661178952, 58364.38, -3026.08, -2.961042, 0.001233003, 0.03962206, 344.9669, 0.846921, 0.551697, 0.164956
 
4.540009, -0.0002669621, -0.004209784, 5, 0, 0.000994889585055764954358, 58192.08, -3031.683, -2.961042, 0.001233003, 0.03962206, 344.5179, 0.8471814, 0.551697, 0.164956
 
4.550009, -0.0004506106, -0.004212453, 5, 0, 0.000999015580234824154023, 58020.74, -3037.25, -2.961042, 0.001233003, 0.03962206, 344.0707, 0.8474407, 0.551697, 0.164956
 
4.560009, -0.0002465166, -0.00421696, 5, 0, 0.001000557523389949287972, 57850.23, -3042.781, -2.961042, 0.001233003, 0.03962206, 343.6251, 0.8476992, 0.551697, 0.164956
 
4.57001, -0.0002166946, -0.004219425, 5, 0, 0.0010029797012126230139508041, 57680.57, -3048.281, -2.961042, 0.001233003, 0.03962206, 343.181, 0.8479568, 0.551697, 0.164956
 
4.58001, -0.000318028, -0.004221592, 5, 0, 0.0010063613526748305118420176, 57511.84, -3053.75, -2.961042, 0.001233003, 0.03962206, 342.7387, 0.8482135, 0.551697, 0.164956
 
4.59001, -0.0002510106, -0.004224772, 5, 0, 0.00100866924600223210156, 57343.96, -3059.179, -2.961042, 0.001233003, 0.03962206, 342.298, 0.8484691, 0.551697, 0.164956
 
4.60001, -0.0001431126, -0.004227282, 5, 0, 0.0010104978939354532302313791, 57176.9, -3064.577, -2.961042, 0.001233003, 0.03962206, 341.8588, 0.8487239, 0.551697, 0.164956
 
4.610011, -0.0001781857, -0.004228713, 5, 0, 0.0010131965964608384771505311, 57010.77, -3069.94, -2.961042, 0.001233003, 0.03962206, 341.4214, 0.8489777, 0.551697, 0.164956
 
4.620011, -6.224566E-05, -0.004230495, 5, 0, 0.001014789583292712190224, 56845.46, -3075.268, -2.961042, 0.001233003, 0.03962206, 340.9856, 0.8492306, 0.551697, 0.164956
 
4.630011, -0.0001000686, -0.004231118, 5, 0, 0.001017322659274169769435, 56680.98, -3080.566, -2.961042, 0.001233003, 0.03962206, 340.5512, 0.8494825, 0.551697, 0.164956
 
4.640011, -0.0001076281, -0.004232118, 5, 0, 0.0010197096511791412451618765, 56517.32, -3085.833, -2.961042, 0.001233003, 0.03962206, 340.1185, 0.8497337, 0.551697, 0.164956
 
4.650012, -0.0002204089, -0.004233195, 5, 0, 0.001022956350845387246558, 56354.47, -3091.066, -2.961042, 0.001233003, 0.03962206, 339.6872, 0.8499838, 0.551697, 0.164956
 
4.660012, -0.0002883033, -0.004235398, 5, 0, 0.0010261242352790086335000125, 56192.44, -3096.264, -2.961042, 0.001233003, 0.03962206, 339.2575, 0.8502328, 0.551697, 0.164956
 
4.670012, -0.0004525381, -0.004238281, 5, 0, 0.0010302319752299657613539421, 56031.22, -3101.438, -2.961042, 0.001233003, 0.03962206, 338.8293, 0.8504813, 0.551697, 0.164956
 
4.680012, -0.0003897415, -0.004242807, 5, 0, 0.0010329303714050876880920829, 55870.8, -3106.576, -2.961042, 0.001233003, 0.03962206, 338.4026, 0.8507288, 0.551697, 0.164956
 
4.690012, -0.0003064529, -0.004246704, 5, 0, 0.0010353158097611528708263114, 55711.19, -3111.683, -2.961042, 0.001233003, 0.03962206, 337.9775, 0.8509753, 0.551697, 0.164956
 
4.700013, -0.0003631619, -0.004249769, 5, 0, 0.00103862671144874615225, 55552.38, -3116.76, -2.961042, 0.001233003, 0.03962206, 337.5539, 0.851221, 0.551697, 0.164956
 
4.710013, -0.0002063652, -0.0042534, 5, 0, 0.001040362323398292760671, 55394.37, -3121.805, -2.961042, 0.001233003, 0.03962206, 337.1318, 0.8514659, 0.551697, 0.164956
 
4.720013, -9.889402E-05, -0.004255464, 5, 0, 0.0010421122475701530614915989, 55237.15, -3126.821, -2.961042, 0.001233003, 0.03962206, 336.7113, 0.8517099, 0.551697, 0.164956
 
4.730013, -0.0001100399, -0.004256453, 5, 0, 0.00104455804367853954873, 55080.73, -3131.805, -2.961042, 0.001233003, 0.03962206, 336.2923, 0.851953, 0.551697, 0.164956
 
4.740014, -0.0001079687, -0.004257554, 5, 0, 0.00104692907430798205116, 54925, -3136.76, -2.961042, 0.001233003, 0.03962206, 335.8745, 0.8521952, 0.551697, 0.164956
 
4.750014, -0.0002181605, -0.004258634, 5, 0, 0.001050208763835032030104, 54770.05, -3141.687, -2.961042, 0.001233003, 0.03962206, 335.4583, 0.8524367, 0.551697, 0.164956
 
4.760014, -0.0002741724, -0.004260815, 5, 0, 0.0010533253943885315366686411, 54615.89, -3146.585, -2.961042, 0.001233003, 0.03962206, 335.0435, 0.8526772, 0.551697, 0.164956
 
4.770014, -0.0001221446, -0.004263557, 5, 0, 0.001054888942096804623435, 54462.51, -3151.452, -2.961042, 0.001233003, 0.03962206, 334.6303, 0.852917, 0.551697, 0.164956
 
4.780015, 3.082904E-05, -0.004264778, 5, 0, 0.0010560688682773378996, 54309.81, -3156.29, -2.961042, 0.001233003, 0.03962206, 334.2184, 0.853156, 0.551697, 0.164956
 
4.790015, -0.0001258904, -0.00426447, 5, 0, 0.001059402381763518782854, 54157.89, -3161.101, -2.961042, 0.001233003, 0.03962206, 333.8079, 0.853394, 0.551697, 0.164956
 
4.800015, -0.0002142179, -0.004265729, 5, 0, 0.001062570512885082917604, 54006.74, -3165.883, -2.961042, 0.001233003, 0.03962206, 333.399, 0.8536312, 0.551697, 0.164956
 
4.810015, -0.0002509833, -0.004267871, 5, 0, 0.001065542062938955175108, 53856.26, -3170.636, -2.961042, 0.001233003, 0.03962206, 332.9913, 0.8538675, 0.551697, 0.164956
 
4.820015, -0.000384508, -0.004270381, 5, 0, 0.001069406488206680910242, 53706.55, -3175.363, -2.961042, 0.001233003, 0.03962206, 332.5851, 0.8541031, 0.551697, 0.164956
 
4.830016, -0.0004341182, -0.004274226, 5, 0, 0.0010729221557561521416827575, 53557.52, -3180.061, -2.961042, 0.001233003, 0.03962206, 332.1802, 0.8543378, 0.551697, 0.164956
 
4.840016, -0.0004277787, -0.004278567, 5, 0, 0.001076105514029380507284, 53409.24, -3184.732, -2.961042, 0.001233003, 0.03962206, 331.7768, 0.8545718, 0.551697, 0.164956
 
4.850016, -0.0002505516, -0.004282845, 5, 0, 0.001077863345279316848532, 53261.62, -3189.376, -2.961042, 0.001233003, 0.03962206, 331.3746, 0.8548051, 0.551697, 0.164956
 
4.860016, -0.0002369398, -0.00428535, 5, 0, 0.001080532929921824577585, 53114.77, -3193.994, -2.961042, 0.001233003, 0.03962206, 330.974, 0.8550375, 0.551697, 0.164956
 
4.870017, -3.890093E-05, -0.00428772, 5, 0, 0.0010816380035435436960019346, 52968.57, -3198.584, -2.961042, 0.001233003, 0.03962206, 330.5746, 0.8552693, 0.551697, 0.164956
 
4.880017, 7.794003E-06, -0.004288109, 5, 0, 0.001083502776653256615952, 52823.02, -3203.148, -2.961042, 0.001233003, 0.03962206, 330.1763, 0.8555002, 0.551697, 0.164956
 
4.890017, -8.853769E-05, -0.004288031, 5, 0, 0.001086443290497076109136, 52678.23, -3207.688, -2.961042, 0.001233003, 0.03962206, 329.7797, 0.8557304, 0.551697, 0.164956
 
4.900017, -0.0001096938, -0.004288916, 5, 0, 0.001089005179232615866704, 52534.09, -3212.199, -2.961042, 0.001233003, 0.03962206, 329.3842, 0.8559596, 0.551697, 0.164956
 
4.910017, -0.0002419379, -0.004290013, 5, 0, 0.0010925561222806028129607225, 52390.6, -3216.687, -2.961042, 0.001233003, 0.03962206, 328.99, 0.8561881, 0.551697, 0.164956
 
4.920018, -0.0003022411, -0.004292433, 5, 0, 0.001095844991485804001595, 52247.85, -3221.148, -2.961042, 0.001233003, 0.03962206, 328.5973, 0.856416, 0.551697, 0.164956
 
4.930018, -0.0003133486, -0.004295455, 5, 0, 0.0010988807601450484551540432, 52105.75, -3225.582, -2.961042, 0.001233003, 0.03962206, 328.2058, 0.8566429, 0.551697, 0.164956
 
4.940018, -0.0004194665, -0.004298589, 5, 0, 0.001102752169250886092364, 51964.28, -3229.992, -2.961042, 0.001233003, 0.03962206, 327.8156, 0.8568691, 0.551697, 0.164956
 
4.950018, -0.0004296159, -0.004302783, 5, 0, 0.00110609260893055414930, 51823.46, -3234.378, -2.961042, 0.001233003, 0.03962206, 327.4266, 0.8570946, 0.551697, 0.164956
 
4.960019, -0.0004091969, -0.00430708, 5, 0, 0.0011092070925576901719157032, 51683.27, -3238.739, -2.961042, 0.001233003, 0.03962206, 327.0388, 0.8573194, 0.551697, 0.164956
 
4.970019, -0.0004950878, -0.004311171, 5, 0, 0.001113174623281600488697, 51543.82, -3243.077, -2.961042, 0.001233003, 0.03962206, 326.6525, 0.8575435, 0.551697, 0.164956
 
4.980019, -0.0003459423, -0.004316122, 5, 0, 0.001115374312858029340402, 51405, -3247.387, -2.961042, 0.001233003, 0.03962206, 326.2675, 0.8577668, 0.551697, 0.164956
 
4.990019, -0.0002256112, -0.004319582, 5, 0, 0.001117435753268963930292, 51266.81, -3251.675, -2.961042, 0.001233003, 0.03962206, 325.8837, 0.8579895, 0.551697, 0.164956
 
5.00002, -0.0002442868, -0.004321838, 5, 0, 0.001120374577798494359264, 51129.25, -3255.938, -2.961042, 0.001233003, 0.03962206, 325.5011, 0.8582113, 0.551697, 0.164956
 
5.01002, -6.038881E-05, -0.004324281, 5, 0, 0.001121633481764663253468, 50992.32, -3260.177, -2.961042, 0.001233003, 0.03962206, 325.1197, 0.8584325, 0.551697, 0.164956
 
5.02002, -3.234431E-06, -0.004324885, 5, 0, 0.0011234988649968402579470283, 50856.01, -3264.393, -2.961042, 0.001233003, 0.03962206, 324.7395, 0.8586531, 0.551697, 0.164956
 
5.03002, 4.370361E-06, -0.004324917, 5, 0, 0.001125641500902826115762, 50720.32, -3268.586, -2.961042, 0.001233003, 0.03962206, 324.3606, 0.8588728, 0.551697, 0.164956
 
5.04002, -3.97486E-05, -0.004324873, 5, 0, 0.0011282109656453595439319194, 50585.25, -3272.756, -2.961042, 0.001233003, 0.03962206, 323.9829, 0.8590919, 0.551697, 0.164956
 
5.050021, -7.355145E-05, -0.004325271, 5, 0, 0.0011308098783366266787027137, 50450.81, -3276.902, -2.961042, 0.001233003, 0.03962206, 323.6064, 0.8593102, 0.551697, 0.164956
 
5.060021, -0.0001555114, -0.004326006, 5, 0, 0.001133916914432162434482, 50316.97, -3281.025, -2.961042, 0.001233003, 0.03962206, 323.2312, 0.8595278, 0.551697, 0.164956
 
5.070021, -0.000232294, -0.004327562, 5, 0, 0.001137198880105647928272, 50183.76, -3285.126, -2.961042, 0.001233003, 0.03962206, 322.8572, 0.8597447, 0.551697, 0.164956
 
5.080021, -0.0002944299, -0.004329884, 5, 0, 0.001140561472700945206538, 50051.15, -3289.204, -2.961042, 0.001233003, 0.03962206, 322.4844, 0.8599609, 0.551697, 0.164956
 
5.090022, -0.0003559272, -0.004332829, 5, 0, 0.001144088282236066662778, 49919.16, -3293.259, -2.961042, 0.001233003, 0.03962206, 322.1128, 0.8601763, 0.551697, 0.164956
 
5.100022, -0.000252337, -0.004336388, 5, 0, 0.0011463483732284272292769372, 49787.68, -3297.291, -2.961042, 0.001233003, 0.03962206, 321.7421, 0.8603911, 0.551697, 0.164956
 
5.110022, -0.0003303632, -0.004338911, 5, 0, 0.001149920596981534452897, 49656.8, -3301.304, -2.961042, 0.001233003, 0.03962206, 321.3727, 0.8606053, 0.551697, 0.164956
 
5.120022, -0.0003808306, -0.004342215, 5, 0, 0.0011534649389098615332345495, 49526.53, -3305.295, -2.961042, 0.001233003, 0.03962206, 321.0045, 0.8608188, 0.551697, 0.164956
 
5.130023, -0.0004499915, -0.004346023, 5, 0, 0.001157313531138633958140, 49396.86, -3309.264, -2.961042, 0.001233003, 0.03962206, 320.6375, 0.8610316, 0.551697, 0.164956
 
5.140023, -0.0003213897, -0.004350523, 5, 0, 0.00115962036504423979545, 49267.7, -3313.21, -2.961042, 0.001233003, 0.03962206, 320.2715, 0.8612438, 0.551697, 0.164956
 
5.150023, -0.0003493303, -0.004353737, 5, 0, 0.0011629621089722043085913249, 49139.14, -3317.137, -2.961042, 0.001233003, 0.03962206, 319.9066, 0.8614553, 0.551697, 0.164956
 
5.160023, -0.00036252, -0.00435723, 5, 0, 0.001166253877252811320576, 49011.18, -3321.042, -2.961042, 0.001233003, 0.03962206, 319.543, 0.8616662, 0.551697, 0.164956
 
5.170023, -0.0002216502, -0.004360855, 5, 0, 0.0011682291066196990204584253, 48883.71, -3324.925, -2.961042, 0.001233003, 0.03962206, 319.1803, 0.8618764, 0.551697, 0.164956
 
5.180024, -0.0002503906, -0.004363072, 5, 0, 0.001171325649135955500194, 48756.84, -3328.791, -2.961042, 0.001233003, 0.03962206, 318.8188, 0.8620861, 0.551697, 0.164956
 
5.190024, -0.0002595331, -0.004365575, 5, 0, 0.001174330624196590846437, 48630.55, -3332.633, -2.961042, 0.001233003, 0.03962206, 318.4586, 0.862295, 0.551697, 0.164956
 
5.200024, -0.0002284668, -0.004368171, 5, 0, 0.0011770092352806481943475545, 48504.77, -3336.455, -2.961042, 0.001233003, 0.03962206, 318.0992, 0.8625033, 0.551697, 0.164956
 
5.210024, -0.0001794024, -0.004370455, 5, 0, 0.0011794463789427922374759724, 48379.57, -3340.258, -2.961042, 0.001233003, 0.03962206, 317.7411, 0.8627111, 0.551697, 0.164956
 
5.220025, -0.000103821, -0.004372249, 5, 0, 0.0011815188407945982927646240, 48254.87, -3344.04, -2.961042, 0.001233003, 0.03962206, 317.3839, 0.8629181, 0.551697, 0.164956
 
5.230025, -0.0001940457, -0.004373288, 5, 0, 0.001184866636124809702306, 48130.75, -3347.803, -2.961042, 0.001233003, 0.03962206, 317.028, 0.8631246, 0.551697, 0.164956
 
5.240025, -0.0002247856, -0.004375228, 5, 0, 0.0011879344158533532507292525, 48007.12, -3351.546, -2.961042, 0.001233003, 0.03962206, 316.6729, 0.8633304, 0.551697, 0.164956
 
5.250025, -0.0003491068, -0.004377476, 5, 0, 0.001191927920595963837409, 47884.07, -3355.27, -2.961042, 0.001233003, 0.03962206, 316.3191, 0.8635355, 0.551697, 0.164956
 
5.260026, -0.0004206471, -0.004380967, 5, 0, 0.0011957954776667290614072682, 47761.5, -3358.973, -2.961042, 0.001233003, 0.03962206, 315.9662, 0.86374, 0.551697, 0.164956
 
5.270026, -0.0004124132, -0.004385173, 5, 0, 0.001199146993320910349235, 47639.52, -3362.657, -2.961042, 0.001233003, 0.03962206, 315.6145, 0.863944, 0.551697, 0.164956
 
5.280026, -0.0003511762, -0.004389298, 5, 0, 0.0012020057186848636272913389, 47518.01, -3366.322, -2.961042, 0.001233003, 0.03962206, 315.2637, 0.8641473, 0.551697, 0.164956
 
5.290026, -0.0004097987, -0.004392809, 5, 0, 0.001205781197823894286103, 47397.08, -3369.969, -2.961042, 0.001233003, 0.03962206, 314.9142, 0.8643501, 0.551697, 0.164956
 
5.300026, -0.0002415801, -0.004396907, 5, 0, 0.001207674432600165136376, 47276.63, -3373.594, -2.961042, 0.001233003, 0.03962206, 314.5656, 0.8645521, 0.551697, 0.164956
 
5.310027, -0.0002142985, -0.004399323, 5, 0, 0.0012103814690884730888557475, 47156.74, -3377.202, -2.961042, 0.001233003, 0.03962206, 314.2182, 0.8647537, 0.551697, 0.164956
 
5.320027, -0.0001660781, -0.004401466, 5, 0, 0.0012128277984418840350418697, 47037.34, -3380.79, -2.961042, 0.001233003, 0.03962206, 313.8717, 0.8649546, 0.551697, 0.164956
 
5.330027, -0.0002105604, -0.004403127, 5, 0, 0.001215987914597781504700, 46918.41, -3384.359, -2.961042, 0.001233003, 0.03962206, 313.5261, 0.8651549, 0.551697, 0.164956
 
5.340027, -0.0003195576, -0.004405233, 5, 0, 0.001219862418208703396519, 46800.04, -3387.913, -2.961042, 0.001233003, 0.03962206, 313.1818, 0.8653546, 0.551697, 0.164956
 
5.350028, -0.000173389, -0.004408428, 5, 0, 0.001221716834127576031335, 46682.14, -3391.446, -2.961042, 0.001233003, 0.03962206, 312.8384, 0.8655537, 0.551697, 0.164956
 
5.360028, -0.0001587751, -0.004410162, 5, 0, 0.00122437045736065313616, 46564.72, -3394.96, -2.961042, 0.001233003, 0.03962206, 312.4959, 0.8657523, 0.551697, 0.164956
 
5.370028, -0.0002253036, -0.00441175, 5, 0, 0.0012277285831251654682763490, 46447.85, -3398.459, -2.961042, 0.001233003, 0.03962206, 312.1546, 0.8659503, 0.551697, 0.164956
 
5.380028, -0.0001967419, -0.004414003, 5, 0, 0.0012304055091106401412526446, 46331.46, -3401.937, -2.961042, 0.001233003, 0.03962206, 311.8142, 0.8661476, 0.551697, 0.164956
 
5.390028, -0.0003476795, -0.00441597, 5, 0, 0.0012346534094107079912700492, 46215.7, -3405.397, -2.961042, 0.001233003, 0.03962206, 311.4754, 0.8663443, 0.551697, 0.164956
 
5.400029, -0.0002090397, -0.004419447, 5, 0, 0.0012366618096986923139337281, 46100.51, -3408.835, -2.961042, 0.001233003, 0.03962206, 311.1378, 0.8665402, 0.551697, 0.164956
 
5.410029, -0.0001850059, -0.004421537, 5, 0, 0.001239339737471422287252, 45985.87, -3412.253, -2.961042, 0.001233003, 0.03962206, 310.8014, 0.8667354, 0.551697, 0.164956
 
5.420029, -0.0001885118, -0.004423387, 5, 0, 0.001242207180261122843583, 45871.77, -3415.651, -2.961042, 0.001233003, 0.03962206, 310.4663, 0.8669298, 0.551697, 0.164956
 
5.430029, -0.0002305122, -0.004425272, 5, 0, 0.001245443728024849067334, 45758.23, -3419.029, -2.961042, 0.001233003, 0.03962206, 310.1324, 0.8671235, 0.551697, 0.164956
 
5.44003, -0.0002575534, -0.004427577, 5, 0, 0.001248663263746539503135, 45645.23, -3422.388, -2.961042, 0.001233003, 0.03962206, 309.7997, 0.8673166, 0.551697, 0.164956
 
5.45003, -0.0001039398, -0.004430153, 5, 0, 0.001250281516288903728414, 45532.78, -3425.727, -2.961042, 0.001233003, 0.03962206, 309.4682, 0.867509, 0.551697, 0.164956
 
5.46003, 1.888164E-05, -0.004431192, 5, 0, 0.0012517528490816376028653099, 45420.79, -3429.046, -2.961042, 0.001233003, 0.03962206, 309.1376, 0.8677007, 0.551697, 0.164956
 
5.47003, -2.904008E-05, -0.004431004, 5, 0, 0.001254467799501589707415, 45309.33, -3432.349, -2.961042, 0.001233003, 0.03962206, 308.8083, 0.8678918, 0.551697, 0.164956
 
5.480031, -2.920456E-06, -0.004431294, 5, 0, 0.001256630046079944805669, 45198.32, -3435.633, -2.961042, 0.001233003, 0.03962206, 308.4799, 0.8680822, 0.551697, 0.164956
 
5.490031, -6.515284E-05, -0.004431324, 5, 0, 0.001259547437163765126465, 45087.77, -3438.901, -2.961042, 0.001233003, 0.03962206, 308.1523, 0.868272, 0.551697, 0.164956
 
5.500031, -0.0001765418, -0.004431975, 5, 0, 0.001263107912564776220158, 44977.66, -3442.153, -2.961042, 0.001233003, 0.03962206, 307.8258, 0.8684613, 0.551697, 0.164956
 
5.510031, -0.0003112468, -0.00443374, 5, 0, 0.0012672115506503744942648314, 44868, -3445.388, -2.961042, 0.001233003, 0.03962206, 307.5001, 0.86865, 0.551697, 0.164956
 
5.520031, -0.0004309141, -0.004436853, 5, 0, 0.0012715669341607125668196086, 44758.79, -3448.608, -2.961042, 0.001233003, 0.03962206, 307.1754, 0.8688382, 0.551697, 0.164956
 
5.530032, -0.0005584028, -0.004441162, 5, 0, 0.0012763480620013830757577969, 44650.02, -3451.811, -2.961042, 0.001233003, 0.03962206, 306.8515, 0.8690258, 0.551697, 0.164956
 
5.540032, -0.0004819113, -0.004446746, 5, 0, 0.001279576287933133573635, 44541.66, -3454.999, -2.961042, 0.001233003, 0.03962206, 306.5285, 0.869213, 0.551697, 0.164956
 
5.550032, -0.000476173, -0.004451565, 5, 0, 0.001283261814849423766146, 44433.7, -3458.172, -2.961042, 0.001233003, 0.03962206, 306.2063, 0.8693996, 0.551697, 0.164956
 
5.560032, -0.0003603756, -0.004456327, 5, 0, 0.001285892362949127138254, 44326.15, -3461.331, -2.961042, 0.001233003, 0.03962206, 305.8849, 0.8695859, 0.551697, 0.164956
 
5.570033, -0.0003159209, -0.004459931, 5, 0, 0.001288872181706316560424, 44218.98, -3464.475, -2.961042, 0.001233003, 0.03962206, 305.5641, 0.8697717, 0.551697, 0.164956
 
5.580033, -0.0003574189, -0.00446309, 5, 0, 0.00129254785960979638792, 44112.19, -3467.605, -2.961042, 0.001233003, 0.03962206, 305.2441, 0.8699571, 0.551697, 0.164956
 
5.590033, -0.000248589, -0.004466665, 5, 0, 0.0012949158625405300816890732, 44005.77, -3470.723, -2.961042, 0.001233003, 0.03962206, 304.9248, 0.8701422, 0.551697, 0.164956
 
5.600033, -0.0002113126, -0.00446915, 5, 0, 0.001297656492872431900345, 43899.71, -3473.827, -2.961042, 0.001233003, 0.03962206, 304.6062, 0.8703268, 0.551697, 0.164956
 
5.610034, -0.0002733961, -0.004471263, 5, 0, 0.0013012461318002784100206369, 43794, -3476.918, -2.961042, 0.001233003, 0.03962206, 304.2881, 0.8705109, 0.551697, 0.164956
 
5.620034, -0.0003711522, -0.004473997, 5, 0, 0.001305367009887914602342, 43688.62, -3479.998, -2.961042, 0.001233003, 0.03962206, 303.9707, 0.8706948, 0.551697, 0.164956
 
5.630034, -0.0004922582, -0.004477709, 5, 0, 0.001310007417774457079417, 43583.58, -3483.064, -2.961042, 0.001233003, 0.03962206, 303.6538, 0.8708782, 0.551697, 0.164956
 
5.640034, -0.0004696068, -0.004482631, 5, 0, 0.0013136285183919611311418545, 43478.86, -3486.119, -2.961042, 0.001233003, 0.03962206, 303.3375, 0.8710614, 0.551697, 0.164956
 
5.650034, -0.0002861028, -0.004487327, 5, 0, 0.0013163011264267033519416214, 43374.46, -3486.492, -2.961042, 0.001233003, 0.03962206, 303.0217, 0.8710837, 0.551697, 0.164956
 
5.660035, -9.396598E-06, -0.004490188, 5, 0, 0.0013176280022194064461638606, 43270.4, -3486.492, -2.961042, 0.001233003, 0.03962206, 302.7065, 0.8710836, 0.551697, 0.164956
 
5.670035, 0.0001128159, -0.004490282, 5, 0, 0.0013196371276903482835804565, 43166.65, -3486.492, -2.961042, 0.001233003, 0.03962206, 302.3918, 0.8710835, 0.551697, 0.164956
 
5.680035, 0.0001185085, -0.004489154, 5, 0, 0.0013224193698581957971055531, 43063.21, -3486.492, -2.961042, 0.001233003, 0.03962206, 302.0776, 0.8710833, 0.551697, 0.164956
 
5.690035, 5.306445E-05, -0.004487969, 5, 0, 0.0013258819601523247105157897, 42960.11, -3486.492, -2.961042, 0.001233003, 0.03962206, 301.764, 0.8710831, 0.551697, 0.164956
 
5.700036, -0.0002068341, -0.004487438, 5, 0, 0.0013314463086628783750422959, 42857.31, -3486.492, -2.961042, 0.001233003, 0.03962206, 301.4509, 0.8710828, 0.551697, 0.164956
 
5.710036, -0.000298354, -0.004489507, 5, 0, 0.0013361496616109463157934698, 42754.84, -3486.492, -2.961042, 0.001233003, 0.03962206, 301.1384, 0.8710825, 0.551697, 0.164956
 
5.720036, -0.0004096504, -0.00449249, 5, 0, 0.0013413326131283707002411284, 42652.67, -3486.492, -2.961042, 0.001233003, 0.03962206, 300.8264, 0.8710822, 0.551697, 0.164956
 
5.730036, -0.0005530471, -0.004496587, 5, 0, 0.0013471786629792945837420892, 42550.82, -3486.492, -2.961042, 0.001233003, 0.03962206, 300.5149, 0.8710819, 0.551697, 0.164956
 
5.740036, -0.0007182139, -0.004502117, 5, 0, 0.0013536868603877379363903440, 42449.27, -3486.492, -2.961042, 0.001233003, 0.03962206, 300.2039, 0.8710815, 0.551697, 0.164956
 
5.750037, -0.0006943622, -0.0045093, 5, 0, 0.0013588408811503414108408904, 42348.04, -3486.492, -2.961042, 0.001233003, 0.03962206, 299.8935, 0.8710812, 0.551697, 0.164956
 
5.760037, -0.0006099633, -0.004516243, 5, 0, 0.0013633380515358828662605325, 42247.13, -3486.492, -2.961042, 0.001233003, 0.03962206, 299.5836, 0.871081, 0.551697, 0.164956
 
5.770037, -0.0005868559, -0.004522343, 5, 0, 0.0013682019497994358568548358, 42146.52, -3486.492, -2.961042, 0.001233003, 0.03962206, 299.2743, 0.8710807, 0.551697, 0.164956
 
5.780037, -0.0004821823, -0.004528211, 5, 0, 0.0013721965671669615048129050, 42046.22, -3486.492, -2.961042, 0.001233003, 0.03962206, 298.9655, 0.8710805, 0.551697, 0.164956
 
5.790038, -0.0004739359, -0.004533033, 5, 0, 0.0013768458617093077451938881, 41946.22, -3486.492, -2.961042, 0.001233003, 0.03962206, 298.6571, 0.8710802, 0.551697, 0.164956
 
5.800038, -0.0005124334, -0.004537773, 5, 0, 0.0013819501704706682977360248, 41846.53, -3486.492, -2.961042, 0.001233003, 0.03962206, 298.3494, 0.8710799, 0.551697, 0.164956
 
5.810038, -0.0004508848, -0.004542897, 5, 0, 0.0013861824818332014221961893, 41747.14, -3486.492, -2.961042, 0.001233003, 0.03962206, 298.0421, 0.8710797, 0.551697, 0.164956
 
5.820038, -0.0004507824, -0.004547406, 5, 0, 0.0013908548666493483888659473, 41648.05, -3486.492, -2.961042, 0.001233003, 0.03962206, 297.7353, 0.8710794, 0.551697, 0.164956
 
5.830039, -0.0003743205, -0.004551914, 5, 0, 0.0013947693471842715161747388, 41549.27, -3486.492, -2.961042, 0.001233003, 0.03962206, 297.4291, 0.8710792, 0.551697, 0.164956
 
5.840039, -0.000372764, -0.004555657, 5, 0, 0.0013992162622680113908482235, 41450.77, -3486.492, -2.961042, 0.001233003, 0.03962206, 297.1234, 0.8710789, 0.551697, 0.164956
 
5.850039, -0.0004438458, -0.004559384, 5, 0, 0.0014044034243647745494853764, 41352.59, -3486.492, -2.961042, 0.001233003, 0.03962206, 296.8181, 0.8710786, 0.551697, 0.164956
 
5.860039, -0.0003857466, -0.004563823, 5, 0, 0.0014085134931013038288873205, 41254.69, -3486.492, -2.961042, 0.001233003, 0.03962206, 296.5135, 0.8710784, 0.551697, 0.164956
 
5.870039, -0.0004169992, -0.00456768, 5, 0, 0.0014133624505994563495300635, 41157.09, -3486.492, -2.961042, 0.001233003, 0.03962206, 296.2093, 0.8710781, 0.551697, 0.164956
 
5.88004, -0.0004995166, -0.00457185, 5, 0, 0.0014188457115014288217526836, 41059.79, -3486.492, -2.961042, 0.001233003, 0.03962206, 295.9055, 0.8710778, 0.551697, 0.164956
 
5.89004, -0.0004288874, -0.004576846, 5, 0, 0.0014230318423163604936352981, 40962.77, -3486.492, -2.961042, 0.001233003, 0.03962206, 295.6024, 0.8710776, 0.551697, 0.164956
 
5.90004, -0.0004608276, -0.004581134, 5, 0, 0.0014280614472507186964196335, 40866.05, -3486.492, -2.961042, 0.001233003, 0.03962206, 295.2997, 0.8710773, 0.551697, 0.164956
 
5.91004, -0.0005325692, -0.004585742, 5, 0, 0.0014336126207226933047857094, 40769.63, -3486.492, -2.961042, 0.001233003, 0.03962206, 294.9975, 0.8710769, 0.551697, 0.164956
 
5.920041, -0.0004939949, -0.004591068, 5, 0, 0.0014382687065220397587810380, 40673.48, -3486.492, -2.961042, 0.001233003, 0.03962206, 294.6959, 0.8710767, 0.551697, 0.164956
 
5.930041, -0.0005173628, -0.004596008, 5, 0, 0.0014434531521160028319724526, 40577.63, -3486.492, -2.961042, 0.001233003, 0.03962206, 294.3947, 0.8710764, 0.551697, 0.164956
 
5.940041, -0.0004454281, -0.004601181, 5, 0, 0.0014477411517859377080702508, 40482.07, -3486.492, -2.961042, 0.001233003, 0.03962206, 294.094, 0.8710762, 0.551697, 0.164956
 
5.950041, -0.0004452108, -0.004605636, 5, 0, 0.0014525547947476891179183969, 40386.8, -3486.492, -2.961042, 0.001233003, 0.03962206, 293.7939, 0.8710759, 0.551697, 0.164956
 
5.960042, -0.000357158, -0.004610088, 5, 0, 0.0014564679170312122025043192, 40291.81, -3486.492, -2.961042, 0.001233003, 0.03962206, 293.4942, 0.8710756, 0.551697, 0.164956
 
5.970042, -0.0003637946, -0.004613659, 5, 0, 0.0014610981960539578447651346, 40197.1, -3486.492, -2.961042, 0.001233003, 0.03962206, 293.195, 0.8710754, 0.551697, 0.164956
 
5.980042, -0.0004256275, -0.004617297, 5, 0, 0.0014663369717039226268713138, 40102.68, -3486.492, -2.961042, 0.001233003, 0.03962206, 292.8963, 0.8710751, 0.551697, 0.164956
 
5.990042, -0.0003717661, -0.004621553, 5, 0, 0.0014705760743234559649458239, 40008.54, -3486.492, -2.961042, 0.001233003, 0.03962206, 292.5981, 0.8710749, 0.551697, 0.164956
 
6.000042, -0.0003910616, -0.004625271, 5, 0, 0.0014754209570674083574199596, 39914.67, -3486.492, -2.961042, 0.001233003, 0.03962206, 292.3004, 0.8710746, 0.551697, 0.164956
 
6.010043, -0.0004710763, -0.004629182, 5, 0, 0.0014809775635449831366775119, 39821.09, -3486.492, -2.961042, 0.001233003, 0.03962206, 292.0031, 0.8710743, 0.551697, 0.164956
 
6.020043, -0.0004290018, -0.004633892, 5, 0, 0.0014855195562267260019518348, 39727.78, -3486.492, -2.961042, 0.001233003, 0.03962206, 291.7064, 0.871074, 0.551697, 0.164956
 
6.030043, -0.0004750309, -0.004638182, 5, 0, 0.0014908683502400942446104124, 39634.75, -3486.492, -2.961042, 0.001233003, 0.03962206, 291.4101, 0.8710737, 0.551697, 0.164956
 
6.040043, -0.0005533993, -0.004642933, 5, 0, 0.0014967224137742783801763010, 39542, -3486.492, -2.961042, 0.001233003, 0.03962206, 291.1143, 0.8710734, 0.551697, 0.164956
 
6.050044, -0.0005012875, -0.004648467, 5, 0, 0.0015014599946576273975437765, 39449.53, -3486.492, -2.961042, 0.001233003, 0.03962206, 290.8191, 0.8710731, 0.551697, 0.164956
 
6.060044, -0.0005200927, -0.004653479, 5, 0, 0.0015067965644083952556965321, 39357.33, -3486.492, -2.961042, 0.001233003, 0.03962206, 290.5242, 0.8710728, 0.551697, 0.164956
 
6.070044, -0.000454305, -0.00465868, 5, 0, 0.0015113046008051370528991271, 39265.39, -3486.492, -2.961042, 0.001233003, 0.03962206, 290.2299, 0.8710725, 0.551697, 0.164956
 
6.080044, -0.0004632059, -0.004663223, 5, 0, 0.0015164102678178976481641330, 39173.73, -3486.492, -2.961042, 0.001233003, 0.03962206, 289.936, 0.8710722, 0.551697, 0.164956
 
6.090044, -0.0005428555, -0.004667855, 5, 0, 0.0015223173031566834499219171, 39082.34, -3486.492, -2.961042, 0.001233003, 0.03962206, 289.6426, 0.8710719, 0.551697, 0.164956
 
6.100045, -0.0004913355, -0.004673284, 5, 0, 0.0015270901985764335780839897, 38991.22, -3486.492, -2.961042, 0.001233003, 0.03962206, 289.3497, 0.8710716, 0.551697, 0.164956
 
6.110045, -0.0005184006, -0.004678197, 5, 0, 0.0015325530857074054094635730, 38900.38, -3486.492, -2.961042, 0.001233003, 0.03962206, 289.0573, 0.8710713, 0.551697, 0.164956
 
6.120045, -0.0004406866, -0.004683381, 5, 0, 0.0015369877765285448996312358, 38809.79, -3486.492, -2.961042, 0.001233003, 0.03962206, 288.7653, 0.871071, 0.551697, 0.164956
 
6.130045, -0.0004300303, -0.004687788, 5, 0, 0.0015419046465966995564174346, 38719.48, -3486.492, -2.961042, 0.001233003, 0.03962206, 288.4738, 0.8710707, 0.551697, 0.164956
 
6.140046, -0.0005129608, -0.004692089, 5, 0, 0.0015478130401868854008980878, 38629.42, -3486.492, -2.961042, 0.001233003, 0.03962206, 288.1828, 0.8710704, 0.551697, 0.164956
 
6.150046, -0.0004743157, -0.004697219, 5, 0, 0.0015526905209644388187210823, 38539.64, -3486.492, -2.961042, 0.001233003, 0.03962206, 287.8922, 0.8710701, 0.551697, 0.164956
 
6.160046, -0.0004991436, -0.004701962, 5, 0, 0.0015581439003356103510405818, 38450.11, -3486.492, -2.961042, 0.001233003, 0.03962206, 287.6021, 0.8710698, 0.551697, 0.164956
 
6.170046, -0.0004294114, -0.004706953, 5, 0, 0.0015626628027435524900261297, 38360.85, -3486.492, -2.961042, 0.001233003, 0.03962206, 287.3125, 0.8710696, 0.551697, 0.164956
 
6.180047, -0.000452227, -0.004711248, 5, 0, 0.0015679722074663194937215030, 38271.85, -3486.492, -2.961042, 0.001233003, 0.03962206, 287.0233, 0.8710693, 0.551697, 0.164956
 
6.190047, -0.0005180796, -0.00471577, 5, 0, 0.0015738439282687041846846901, 38183.1, -3486.492, -2.961042, 0.001233003, 0.03962206, 286.7346, 0.871069, 0.551697, 0.164956
 
6.200047, -0.0004771355, -0.004720951, 5, 0, 0.0015787770973536593541453183, 38094.62, -3486.492, -2.961042, 0.001233003, 0.03962206, 286.4463, 0.8710687, 0.551697, 0.164956
 
6.210047, -0.0005181163, -0.004725722, 5, 0, 0.0015844899027422390465328189, 38006.39, -3486.492, -2.961042, 0.001233003, 0.03962206, 286.1585, 0.8710683, 0.551697, 0.164956
 
6.220047, -0.0004403249, -0.004730903, 5, 0, 0.0015890427614351822535900947, 37918.43, -3486.492, -2.961042, 0.001233003, 0.03962206, 285.8712, 0.8710681, 0.551697, 0.164956
 
6.230048, -0.0004463123, -0.004735306, 5, 0, 0.0015942720293253467366361902, 37830.72, -3486.492, -2.961042, 0.001233003, 0.03962206, 285.5844, 0.8710678, 0.551697, 0.164956
 
6.240048, -0.0004912681, -0.004739769, 5, 0, 0.0015999685356971259163492614, 37743.27, -3486.492, -2.961042, 0.001233003, 0.03962206, 285.2979, 0.8710675, 0.551697, 0.164956
 
6.250048, -0.0004434334, -0.004744682, 5, 0, 0.0016047984776756778388718368, 37656.07, -3486.492, -2.961042, 0.001233003, 0.03962206, 285.012, 0.8710672, 0.551697, 0.164956
 
6.260048, -0.0004604981, -0.004749116, 5, 0, 0.0016102029599964478331680481, 37569.13, -3486.492, -2.961042, 0.001233003, 0.03962206, 284.7264, 0.8710669, 0.551697, 0.164956
 
6.270049, -0.0003952987, -0.004753721, 5, 0, 0.0016147612516949912111168004, 37482.43, -3486.492, -2.961042, 0.001233003, 0.03962206, 284.4414, 0.8710666, 0.551697, 0.164956
 
6.280049, -0.0004259661, -0.004757674, 5, 0, 0.0016201806747811616753645720, 37395.99, -3486.492, -2.961042, 0.001233003, 0.03962206, 284.1568, 0.8710663, 0.551697, 0.164956
 
6.290049, -0.0004869612, -0.004761934, 5, 0, 0.0016260591868405465799421048, 37309.8, -3486.492, -2.961042, 0.001233003, 0.03962206, 283.8726, 0.8710659, 0.551697, 0.164956
 
6.300049, -0.0004427436, -0.004766804, 5, 0, 0.0016309787734115013221740418, 37223.85, -3486.492, -2.961042, 0.001233003, 0.03962206, 283.5889, 0.8710657, 0.551697, 0.164956
 
6.31005, -0.0004879384, -0.004771231, 5, 0, 0.0016367676408784834070422129, 37138.16, -3486.492, -2.961042, 0.001233003, 0.03962206, 283.3056, 0.8710653, 0.551697, 0.164956
 
6.32005, -0.0005663711, -0.00477611, 5, 0, 0.0016431025254082826665037685, 37052.71, -3486.492, -2.961042, 0.001233003, 0.03962206, 283.0228, 0.871065, 0.551697, 0.164956
 
6.33005, -0.0005335647, -0.004781774, 5, 0, 0.0016484649019356513363910372, 36967.5, -3486.492, -2.961042, 0.001233003, 0.03962206, 282.7404, 0.8710647, 0.551697, 0.164956
 
6.34005, -0.0005573697, -0.00478711, 5, 0, 0.0016543705790230370954259523, 36882.54, -3486.492, -2.961042, 0.001233003, 0.03962206, 282.4584, 0.8710643, 0.551697, 0.164956
 
6.35005, -0.0005072774, -0.004792683, 5, 0, 0.0016595346508459995277743302, 36797.83, -3486.492, -2.961042, 0.001233003, 0.03962206, 282.1769, 0.871064, 0.551697, 0.164956
 
6.360051, -0.0005186876, -0.004797756, 5, 0, 0.0016652379484747789211017470, 36713.36, -3486.492, -2.961042, 0.001233003, 0.03962206, 281.8958, 0.8710637, 0.551697, 0.164956
 
6.370051, -0.0004398262, -0.004802943, 5, 0, 0.0016699660215983276394091387, 36629.13, -3486.492, -2.961042, 0.001233003, 0.03962206, 281.6152, 0.8710634, 0.551697, 0.164956
 
6.380051, -0.0004681747, -0.004807341, 5, 0, 0.0016756584532159066909536026, 36545.14, -3486.492, -2.961042, 0.001233003, 0.03962206, 281.335, 0.8710631, 0.551697, 0.164956
 
6.390051, -0.0005245902, -0.004812023, 5, 0, 0.0016817868835328994565390526, 36461.4, -3486.492, -2.961042, 0.001233003, 0.03962206, 281.0552, 0.8710628, 0.551697, 0.164956
 
6.400052, -0.0004772824, -0.004817269, 5, 0, 0.0016869360145904614189358702, 36377.89, -3486.492, -2.961042, 0.001233003, 0.03962206, 280.7759, 0.8710625, 0.551697, 0.164956
 
6.410052, -0.0005081351, -0.004822042, 5, 0, 0.0016928335421694469216335705, 36294.63, -3486.492, -2.961042, 0.001233003, 0.03962206, 280.497, 0.8710621, 0.551697, 0.164956
 
6.420052, -0.0004433569, -0.004827123, 5, 0, 0.0016977490539862015356969002, 36211.6, -3486.492, -2.961042, 0.001233003, 0.03962206, 280.2185, 0.8710619, 0.551697, 0.164956
 
6.430052, -0.000460812, -0.004831557, 5, 0, 0.0017034020963131793482781597, 36128.8, -3486.492, -2.961042, 0.001233003, 0.03962206, 279.9404, 0.8710615, 0.551697, 0.164956
 
6.440053, -0.0005359827, -0.004836165, 5, 0, 0.0017098021769101806584374329, 36046.24, -3486.492, -2.961042, 0.001233003, 0.03962206, 279.6628, 0.8710611, 0.551697, 0.164956
 
6.450053, -0.0004926256, -0.004841525, 5, 0, 0.0017151047903759474485184606, 35963.92, -3486.492, -2.961042, 0.001233003, 0.03962206, 279.3856, 0.8710608, 0.551697, 0.164956
 
6.460053, -0.0005074093, -0.004846451, 5, 0, 0.0017209452713961311568556580, 35881.84, -3486.492, -2.961042, 0.001233003, 0.03962206, 279.1089, 0.8710605, 0.551697, 0.164956
 
6.470053, -0.0004503486, -0.004851525, 5, 0, 0.0017260142656210905986031978, 35799.99, -3486.492, -2.961042, 0.001233003, 0.03962206, 278.8326, 0.8710602, 0.551697, 0.164956
 
6.480053, -0.0004544929, -0.004856029, 5, 0, 0.0017316089031378665741010854, 35718.38, -3486.492, -2.961042, 0.001233003, 0.03962206, 278.5566, 0.8710599, 0.551697, 0.164956
 
6.490054, -0.0003982986, -0.004860573, 5, 0, 0.0017365244149546211881644151, 35636.98, -3486.492, -2.961042, 0.001233003, 0.03962206, 278.2811, 0.8710596, 0.551697, 0.164956
 
6.500054, -0.0004027118, -0.004864556, 5, 0, 0.0017419642118117922932552234, 35555.83, -3486.492, -2.961042, 0.001233003, 0.03962206, 278.0061, 0.8710593, 0.551697, 0.164956
 
6.510054, -0.0004760474, -0.004868583, 5, 0, 0.0017482474827883899292477526, 35474.9, -3486.492, -2.961042, 0.001233003, 0.03962206, 277.7314, 0.8710589, 0.551697, 0.164956
 
6.520054, -0.0004410328, -0.004873344, 5, 0, 0.0017535283642317560357628744, 35394.2, -3486.492, -2.961042, 0.001233003, 0.03962206, 277.4572, 0.8710586, 0.551697, 0.164956
 
6.530055, -0.0004682056, -0.004877754, 5, 0, 0.0017594340413191417947977895, 35313.73, -3486.492, -2.961042, 0.001233003, 0.03962206, 277.1833, 0.8710583, 0.551697, 0.164956
 
6.540055, -0.0005382859, -0.004882436, 5, 0, 0.0017659631557991471636296286, 35233.5, -3486.492, -2.961042, 0.001233003, 0.03962206, 276.91, 0.8710579, 0.551697, 0.164956
 
6.550055, -0.0005106885, -0.004887819, 5, 0, 0.0017715998991093244635364587, 35153.48, -3486.492, -2.961042, 0.001233003, 0.03962206, 276.637, 0.8710576, 0.551697, 0.164956
 
6.560055, -0.0005510566, -0.004892926, 5, 0, 0.0017779633069185246201782658, 35073.69, -3486.492, -2.961042, 0.001233003, 0.03962206, 276.3644, 0.8710573, 0.551697, 0.164956
 
6.570055, -0.000493522, -0.004898437, 5, 0, 0.0017833188921888930764511889, 34994.13, -3486.492, -2.961042, 0.001233003, 0.03962206, 276.0923, 0.8710569, 0.551697, 0.164956
 
6.580056, -0.0005127029, -0.004903372, 5, 0, 0.0017893984254554843040133508, 34914.78, -3486.492, -2.961042, 0.001233003, 0.03962206, 275.8205, 0.8710566, 0.551697, 0.164956
 
6.590056, -0.0004589644, -0.004908499, 5, 0, 0.0017946860981558506241428182, 34835.66, -3486.492, -2.961042, 0.001233003, 0.03962206, 275.5492, 0.8710563, 0.551697, 0.164956
 
6.600056, -0.0004440823, -0.004913088, 5, 0, 0.0018002590036502259160747999, 34756.77, -3486.492, -2.961042, 0.001233003, 0.03962206, 275.2782, 0.871056, 0.551697, 0.164956
 
6.610056, -0.0005190729, -0.004917529, 5, 0, 0.0018068777627226341046160007, 34678.1, -3486.492, -2.961042, 0.001233003, 0.03962206, 275.0077, 0.8710556, 0.551697, 0.164956
 
6.620057, -0.0004868198, -0.00492272, 5, 0, 0.0018124914157590106782340558, 34599.64, -3486.492, -2.961042, 0.001233003, 0.03962206, 274.7376, 0.8710552, 0.551697, 0.164956
 
6.630057, -0.0005312637, -0.004927588, 5, 0, 0.0018189308856466132273565333, 34521.41, -3486.492, -2.961042, 0.001233003, 0.03962206, 274.4679, 0.8710549, 0.551697, 0.164956
 
6.640057, -0.0004686099, -0.004932901, 5, 0, 0.0018242484398777804873891213, 34443.39, -3486.492, -2.961042, 0.001233003, 0.03962206, 274.1986, 0.8710546, 0.551697, 0.164956
 
6.650057, -0.000490787, -0.004937587, 5, 0, 0.0018303823032003734238660478, 34365.6, -3486.492, -2.961042, 0.001233003, 0.03962206, 273.9297, 0.8710542, 0.551697, 0.164956
 
6.660058, -0.0005635201, -0.004942495, 5, 0, 0.0018372319650107888752949982, 34288.02, -3486.492, -2.961042, 0.001233003, 0.03962206, 273.6612, 0.8710539, 0.551697, 0.164956
 
6.670058, -0.0005381398, -0.00494813, 5, 0, 0.0018431702401317756596787720, 34210.65, -3486.492, -2.961042, 0.001233003, 0.03962206, 273.3931, 0.8710535, 0.551697, 0.164956
 
6.680058, -0.0005775212, -0.004953512, 5, 0, 0.0018498229554891849162917007, 34133.5, -3486.492, -2.961042, 0.001233003, 0.03962206, 273.1253, 0.8710532, 0.551697, 0.164956
 
6.690058, -0.000529197, -0.004959287, 5, 0, 0.0018555615676543654204137145, 34056.57, -3486.492, -2.961042, 0.001233003, 0.03962206, 272.8581, 0.8710528, 0.551697, 0.164956
 
6.700058, -0.0005428129, -0.004964578, 5, 0, 0.0018618991686869647653210083, 33979.84, -3486.492, -2.961042, 0.001233003, 0.03962206, 272.5911, 0.8710524, 0.551697, 0.164956
 
6.710059, -0.0004769336, -0.004970007, 5, 0, 0.0018673213082759353150145182, 33903.34, -3486.492, -2.961042, 0.001233003, 0.03962206, 272.3246, 0.8710521, 0.551697, 0.164956
 
6.720059, -0.0004952649, -0.004974776, 5, 0, 0.0018735529656993313275380210, 33827.04, -3486.492, -2.961042, 0.001233003, 0.03962206, 272.0585, 0.8710518, 0.551697, 0.164956
 
6.730059, -0.0004243068, -0.004979729, 5, 0, 0.0018787605015670951270182105, 33750.97, -3486.492, -2.961042, 0.001233003, 0.03962206, 271.7928, 0.8710515, 0.551697, 0.164956
 
6.740059, -0.0004215993, -0.004983972, 5, 0, 0.0018845615932966775963922037, 33675.1, -3486.492, -2.961042, 0.001233003, 0.03962206, 271.5274, 0.8710511, 0.551697, 0.164956
 
6.75006, -0.0004832341, -0.004988188, 5, 0, 0.0018911694863578854431504515, 33599.43, -3486.492, -2.961042, 0.001233003, 0.03962206, 271.2625, 0.8710508, 0.551697, 0.164956
 
6.76006, -0.0004597572, -0.00499302, 5, 0, 0.0018969651450818677416329682, 33523.98, -3486.492, -2.961042, 0.001233003, 0.03962206, 270.9979, 0.8710504, 0.551697, 0.164956
 
6.77006, -0.0004802049, -0.004997618, 5, 0, 0.0019032361917958649931196754, 33448.74, -3486.492, -2.961042, 0.001233003, 0.03962206, 270.7338, 0.8710501, 0.551697, 0.164956
 
6.78006, -0.0005578466, -0.005002419, 5, 0, 0.0019103194728470877928821137, 33373.7, -3486.492, -2.961042, 0.001233003, 0.03962206, 270.47, 0.8710496, 0.551697, 0.164956
 
6.790061, -0.0005462717, -0.005007998, 5, 0, 0.0019165959525666852152602973, 33298.88, -3486.492, -2.961042, 0.001233003, 0.03962206, 270.2066, 0.8710493, 0.551697, 0.164956
 
6.800061, -0.0005914183, -0.005013461, 5, 0, 0.0019235597074947042554102535, 33224.25, -3486.492, -2.961042, 0.001233003, 0.03962206, 269.9436, 0.8710489, 0.551697, 0.164956
 
6.810061, -0.0005482322, -0.005019375, 5, 0, 0.0019295984932192942012863419, 33149.84, -3486.492, -2.961042, 0.001233003, 0.03962206, 269.681, 0.8710486, 0.551697, 0.164956
 
6.820061, -0.0005795929, -0.005024857, 5, 0, 0.0019364332142643091827637320, 33075.63, -3486.492, -2.961042, 0.001233003, 0.03962206, 269.4187, 0.8710482, 0.551697, 0.164956
 
6.830061, -0.0005184889, -0.005030653, 5, 0, 0.0019422315894910915666919869, 33001.62, -3486.492, -2.961042, 0.001233003, 0.03962206, 269.1569, 0.8710479, 0.551697, 0.164956
 
6.840062, -0.0005376901, -0.005035838, 5, 0, 0.0019488313330438991571130201, 32927.81, -3486.492, -2.961042, 0.001233003, 0.03962206, 268.8954, 0.8710474, 0.551697, 0.164956
 
6.850062, -0.0004586767, -0.005041215, 5, 0, 0.0019542697716496702194809593, 32854.21, -3486.492, -2.961042, 0.001233003, 0.03962206, 268.6343, 0.8710471, 0.551697, 0.164956
 
6.860062, -0.0004743024, -0.005045802, 5, 0, 0.0019606236716990700770626826, 32780.82, -3486.492, -2.961042, 0.001233003, 0.03962206, 268.3736, 0.8710468, 0.551697, 0.164956
 
6.870062, -0.0005284759, -0.005050545, 5, 0, 0.0019675507538392879636951726, 32707.62, -3486.492, -2.961042, 0.001233003, 0.03962206, 268.1133, 0.8710464, 0.551697, 0.164956
 
6.880063, -0.000509283, -0.00505583, 5, 0, 0.0019737633957430833780985078, 32634.61, -3486.492, -2.961042, 0.001233003, 0.03962206, 267.8533, 0.871046, 0.551697, 0.164956
 
6.890063, -0.0005572691, -0.005060923, 5, 0, 0.0019807814807271041271632286, 32561.82, -3486.492, -2.961042, 0.001233003, 0.03962206, 267.5937, 0.8710456, 0.551697, 0.164956
 
6.900063, -0.0005163575, -0.005066495, 5, 0, 0.0019868596557422953120025213, 32489.23, -3486.492, -2.961042, 0.001233003, 0.03962206, 267.3345, 0.8710453, 0.551697, 0.164956
 
6.910063, -0.0005208827, -0.005071659, 5, 0, 0.0019933819789653004672200149, 32416.82, -3486.492, -2.961042, 0.001233003, 0.03962206, 267.0757, 0.8710449, 0.551697, 0.164956
 
6.920063, -0.0004590912, -0.005076868, 5, 0, 0.0019990784853370796469330861, 32344.62, -3486.492, -2.961042, 0.001233003, 0.03962206, 266.8172, 0.8710446, 0.551697, 0.164956
 
6.930064, -0.0004670746, -0.005081459, 5, 0, 0.0020054514009060801026349769, 32272.61, -3486.492, -2.961042, 0.001233003, 0.03962206, 266.5592, 0.8710442, 0.551697, 0.164956
 
6.940064, -0.000532942, -0.00508613, 5, 0, 0.0020126243265497057221067769, 32200.81, -3486.492, -2.961042, 0.001233003, 0.03962206, 266.3015, 0.8710438, 0.551697, 0.164956
 
6.950064, -0.0005042203, -0.005091459, 5, 0, 0.0020188451179619013928473268, 32129.19, -3486.492, -2.961042, 0.001233003, 0.03962206, 266.0441, 0.8710434, 0.551697, 0.164956
 
6.960064, -0.0005520419, -0.005096501, 5, 0, 0.0020259677883037254315729695, 32057.77, -3486.492, -2.961042, 0.001233003, 0.03962206, 265.7871, 0.871043, 0.551697, 0.164956
 
6.970065, -0.0005032228, -0.005102022, 5, 0, 0.0020320323808049161891835711, 31986.54, -3486.492, -2.961042, 0.001233003, 0.03962206, 265.5305, 0.8710427, 0.551697, 0.164956
 
6.980065, -0.0005276589, -0.005107054, 5, 0, 0.0020388806843639315978896524, 31915.51, -3486.492, -2.961042, 0.001233003, 0.03962206, 265.2743, 0.8710423, 0.551697, 0.164956
 
6.990065, -0.0004796585, -0.00511233, 5, 0, 0.0020448909468091206465854893, 31844.66, -3486.492, -2.961042, 0.001233003, 0.03962206, 265.0184, 0.871042, 0.551697, 0.164956
 
7.000065, -0.0005049371, -0.005117127, 5, 0, 0.0020516903533177345172682825, 31774.02, -3486.492, -2.961042, 0.001233003, 0.03962206, 264.7629, 0.8710416, 0.551697, 0.164956
 
7.010066, -0.000571239, -0.005122176, 5, 0, 0.0020591525865095692367112041, 31703.55, -3486.492, -2.961042, 0.001233003, 0.03962206, 264.5077, 0.8710411, 0.551697, 0.164956
 
7.020066, -0.000553111, -0.005127889, 5, 0, 0.0020657822115931777670353578, 31633.29, -3486.492, -2.961042, 0.001233003, 0.03962206, 264.2529, 0.8710408, 0.551697, 0.164956
 
7.030066, -0.0005978934, -0.00513342, 5, 0, 0.0020731901147290107775635148, 31563.21, -3486.492, -2.961042, 0.001233003, 0.03962206, 263.9985, 0.8710403, 0.551697, 0.164956
 
7.040066, -0.0005470805, -0.005139399, 5, 0, 0.0020795277157616101224708087, 31493.32, -3486.492, -2.961042, 0.001233003, 0.03962206, 263.7444, 0.87104, 0.551697, 0.164956
 
7.050066, -0.0005687356, -0.005144869, 5, 0, 0.0020866435948464339475821058, 31423.62, -3486.492, -2.961042, 0.001233003, 0.03962206, 263.4907, 0.8710396, 0.551697, 0.164956
 
7.060067, -0.0005194381, -0.005150557, 5, 0, 0.0020929159998118312417916821, 31354.11, -3486.492, -2.961042, 0.001233003, 0.03962206, 263.2374, 0.8710392, 0.551697, 0.164956
 
7.070067, -0.0005329589, -0.005155751, 5, 0, 0.0020998471567062492565927794, 31284.78, -3486.492, -2.961042, 0.001233003, 0.03962206, 262.9844, 0.8710388, 0.551697, 0.164956
 
7.080067, -0.0004787093, -0.005161081, 5, 0, 0.0021059402724868409113836324, 31215.63, -3486.492, -2.961042, 0.001233003, 0.03962206, 262.7318, 0.8710384, 0.551697, 0.164956
 
7.090067, -0.0005058066, -0.005165868, 5, 0, 0.0021129203264316604642080180, 31146.68, -3486.492, -2.961042, 0.001233003, 0.03962206, 262.4795, 0.8710381, 0.551697, 0.164956
 
7.100068, -0.0004606232, -0.005170926, 5, 0, 0.0021190569062570534861306827, 31077.9, -3486.492, -2.961042, 0.001233003, 0.03962206, 262.2275, 0.8710377, 0.551697, 0.164956
 
7.110068, -0.0004853587, -0.005175532, 5, 0, 0.0021259676893804708600887434, 31009.32, -3486.492, -2.961042, 0.001233003, 0.03962206, 261.976, 0.8710373, 0.551697, 0.164956
 
7.120068, -0.0005406796, -0.005180386, 5, 0, 0.0021334109070527049814114974, 30940.92, -3486.492, -2.961042, 0.001233003, 0.03962206, 261.7247, 0.8710369, 0.551697, 0.164956
 
7.130068, -0.0005070349, -0.005185793, 5, 0, 0.0021398938409851088976657866, 30872.71, -3486.492, -2.961042, 0.001233003, 0.03962206, 261.4739, 0.8710365, 0.551697, 0.164956
 
7.140069, -0.0005473614, -0.005190863, 5, 0, 0.0021472623548303406692307392, 30804.66, -3486.492, -2.961042, 0.001233003, 0.03962206, 261.2233, 0.8710361, 0.551697, 0.164956
 
7.150069, -0.0005113422, -0.005196336, 5, 0, 0.0021537751702935455253881490, 30736.81, -3486.492, -2.961042, 0.001233003, 0.03962206, 260.9732, 0.8710358, 0.551697, 0.164956
 
7.160069, -0.0005413573, -0.00520145, 5, 0, 0.0021610581143005746054123473, 30669.13, -3486.492, -2.961042, 0.001233003, 0.03962206, 260.7234, 0.8710353, 0.551697, 0.164956
 
7.170069, -0.0004988142, -0.005206863, 5, 0, 0.0021674907929311769409204792, 30601.64, -3486.492, -2.961042, 0.001233003, 0.03962206, 260.4738, 0.8710349, 0.551697, 0.164956
 
7.180069, -0.0005318758, -0.005211852, 5, 0, 0.0021748009019662068754020599, 30534.32, -3486.492, -2.961042, 0.001233003, 0.03962206, 260.2247, 0.8710345, 0.551697, 0.164956
 
7.19007, -0.0005840385, -0.00521717, 5, 0, 0.0021825293524324499685273282, 30467.19, -3486.492, -2.961042, 0.001233003, 0.03962206, 259.976, 0.8710341, 0.551697, 0.164956
 
7.20007, -0.0005735695, -0.005223011, 5, 0, 0.0021896357237574734945785415, 30400.23, -3486.492, -2.961042, 0.001233003, 0.03962206, 259.7275, 0.8710337, 0.551697, 0.164956
 
7.21007, -0.0006200048, -0.005228746, 5, 0, 0.0021975013576151209027135905, 30333.45, -3486.492, -2.961042, 0.001233003, 0.03962206, 259.4794, 0.8710333, 0.551697, 0.164956
 
7.22007, -0.0005804632, -0.005234946, 5, 0, 0.0022043931252189376785514835, 30266.85, -3486.492, -2.961042, 0.001233003, 0.03962206, 259.2316, 0.8710328, 0.551697, 0.164956
 
7.230071, -0.0006067583, -0.005240751, 5, 0, 0.0022120495883609785073646887, 30200.42, -3486.492, -2.961042, 0.001233003, 0.03962206, 258.9842, 0.8710324, 0.551697, 0.164956
 
7.240071, -0.0005616529, -0.005246819, 5, 0, 0.0022188462783667922926017436, 30134.17, -3486.492, -2.961042, 0.001233003, 0.03962206, 258.7372, 0.871032, 0.551697, 0.164956
 
7.250071, -0.0005833924, -0.005252435, 5, 0, 0.0022263995144024298744768960, 30068.1, -3486.492, -2.961042, 0.001233003, 0.03962206, 258.4904, 0.8710316, 0.551697, 0.164956
 
7.260071, -0.0005353526, -0.005258269, 5, 0, 0.0022330916190504403700530290, 30002.2, -3486.492, -2.961042, 0.001233003, 0.03962206, 258.244, 0.8710312, 0.551697, 0.164956
 
7.270072, -0.0005546836, -0.005263622, 5, 0, 0.0022405389114768746195443904, 29936.47, -3486.492, -2.961042, 0.001233003, 0.03962206, 257.998, 0.8710307, 0.551697, 0.164956
 
7.280072, -0.0005139976, -0.005269169, 5, 0, 0.0022472445986388855423492146, 29870.93, -3486.492, -2.961042, 0.001233003, 0.03962206, 257.7523, 0.8710304, 0.551697, 0.164956
 
7.290072, -0.0005216096, -0.005274309, 5, 0, 0.0022544745708413129561815174, 29805.54, -3486.492, -2.961042, 0.001233003, 0.03962206, 257.5069, 0.87103, 0.551697, 0.164956
 
7.300072, -0.0004806438, -0.005279525, 5, 0, 0.0022610702396399204184339432, 29740.34, -3486.492, -2.961042, 0.001233003, 0.03962206, 257.2618, 0.8710296, 0.551697, 0.164956
 
7.310072, -0.0005043689, -0.005284332, 5, 0, 0.0022684197379655515918787283, 29675.3, -3486.492, -2.961042, 0.001233003, 0.03962206, 257.0171, 0.8710291, 0.551697, 0.164956
 
7.320073, -0.0005728203, -0.005289375, 5, 0, 0.0022765230658182064765158725, 29610.45, -3486.492, -2.961042, 0.001233003, 0.03962206, 256.7727, 0.8710287, 0.551697, 0.164956
 
7.330073, -0.0005577643, -0.005295103, 5, 0, 0.0022837598292776341039625209, 29545.75, -3486.492, -2.961042, 0.001233003, 0.03962206, 256.5287, 0.8710283, 0.551697, 0.164956
 
7.340073, -0.0005820558, -0.005300681, 5, 0, 0.0022915086535148778379308259, 29481.23, -3486.492, -2.961042, 0.001233003, 0.03962206, 256.285, 0.8710278, 0.551697, 0.164956
 
7.350073, -0.0005447599, -0.005306502, 5, 0, 0.0022985063647278979461525100, 29416.87, -3486.492, -2.961042, 0.001233003, 0.03962206, 256.0416, 0.8710275, 0.551697, 0.164956
 
7.360074, -0.0005868525, -0.00531195, 5, 0, 0.0023064942412115491993457794, 29352.69, -3486.492, -2.961042, 0.001233003, 0.03962206, 255.7985, 0.871027, 0.551697, 0.164956
 
7.370074, -0.0005535464, -0.005317818, 5, 0, 0.0023136060455421728962884692, 29288.68, -3486.492, -2.961042, 0.001233003, 0.03962206, 255.5558, 0.8710266, 0.551697, 0.164956
 
7.380074, -0.0005731662, -0.005323354, 5, 0, 0.0023213507950252165020881669, 29224.82, -3486.492, -2.961042, 0.001233003, 0.03962206, 255.3134, 0.8710262, 0.551697, 0.164956
 
7.390074, -0.0005163028, -0.005329086, 5, 0, 0.0023280999462320287920248027, 29161.16, -3486.492, -2.961042, 0.001233003, 0.03962206, 255.0714, 0.8710257, 0.551697, 0.164956
 
7.400074, -0.0005355421, -0.005334249, 5, 0, 0.0023357156618320683391519344, 29097.64, -3486.492, -2.961042, 0.001233003, 0.03962206, 254.8296, 0.8710253, 0.551697, 0.164956
 
7.410075, -0.000487077, -0.005339604, 5, 0, 0.0023424593800332804581970939, 29034.29, -3486.492, -2.961042, 0.001233003, 0.03962206, 254.5882, 0.8710249, 0.551697, 0.164956
 
7.420075, -0.0005119822, -0.005344475, 5, 0, 0.0023500655878735197062641417, 28971.1, -3486.492, -2.961042, 0.001233003, 0.03962206, 254.3471, 0.8710245, 0.551697, 0.164956
 
7.430075, -0.0004754635, -0.005349595, 5, 0, 0.0023569111749297350295244848, 28908.08, -3486.492, -2.961042, 0.001233003, 0.03962206, 254.1064, 0.8710241, 0.551697, 0.164956
 
7.440075, -0.0005005642, -0.00535435, 5, 0, 0.0023645078750101739785314489, 28845.23, -3486.492, -2.961042, 0.001233003, 0.03962206, 253.8659, 0.8710237, 0.551697, 0.164956
 
7.450076, -0.0005755855, -0.005359356, 5, 0, 0.0023729629899754399283916941, 28782.54, -3486.492, -2.961042, 0.001233003, 0.03962206, 253.6258, 0.8710232, 0.551697, 0.164956
 
7.460076, -0.0005577782, -0.005365112, 5, 0, 0.0023804170736588879740114015, 28720.01, -3486.492, -2.961042, 0.001233003, 0.03962206, 253.386, 0.8710228, 0.551697, 0.164956
 
7.470076, -0.0005949185, -0.00537069, 5, 0, 0.0023886154791095458492493838, 28657.65, -3486.492, -2.961042, 0.001233003, 0.03962206, 253.1465, 0.8710223, 0.551697, 0.164956
 
7.480076, -0.0005756171, -0.005376639, 5, 0, 0.0023961741481507700195020122, 28595.44, -3486.492, -2.961042, 0.001233003, 0.03962206, 252.9074, 0.8710219, 0.551697, 0.164956
 
7.490077, -0.0006110467, -0.005382395, 5, 0, 0.0024044703477022309707865709, 28533.4, -3486.492, -2.961042, 0.001233003, 0.03962206, 252.6685, 0.8710214, 0.551697, 0.164956
 
7.500077, -0.0005661394, -0.005388505, 5, 0, 0.0024117641577204603925937222, 28471.52, -3486.492, -2.961042, 0.001233003, 0.03962206, 252.43, 0.871021, 0.551697, 0.164956
 
7.510077, -0.0005999508, -0.005394167, 5, 0, 0.0024200359087467341573806372, 28409.8, -3486.492, -2.961042, 0.001233003, 0.03962206, 252.1918, 0.8710205, 0.551697, 0.164956
 
7.520077, -0.0005702383, -0.005400166, 5, 0, 0.0024275443224861567468871083, 28348.23, -3486.492, -2.961042, 0.001233003, 0.03962206, 251.9539, 0.8710201, 0.551697, 0.164956
 
7.530077, -0.0005979285, -0.005405869, 5, 0, 0.0024357875502330160319797714, 28286.83, -3486.492, -2.961042, 0.001233003, 0.03962206, 251.7163, 0.8710196, 0.551697, 0.164956
 
7.540078, -0.0005480039, -0.005411848, 5, 0, 0.0024430243136924572419404203, 28225.59, -3486.492, -2.961042, 0.001233003, 0.03962206, 251.479, 0.8710192, 0.551697, 0.164956
 
7.550078, -0.0005777173, -0.005417328, 5, 0, 0.0024512390181599020473388316, 28164.5, -3486.492, -2.961042, 0.001233003, 0.03962206, 251.2421, 0.8710187, 0.551697, 0.164956
 
7.560078, -0.0005374586, -0.005423105, 5, 0, 0.0024585681427145325799405799, 28103.56, -3486.492, -2.961042, 0.001233003, 0.03962206, 251.0054, 0.8710183, 0.551697, 0.164956
 
7.570078, -0.0005653237, -0.00542848, 5, 0, 0.0024667502491483899425041328, 28042.79, -3486.492, -2.961042, 0.001233003, 0.03962206, 250.7691, 0.8710178, 0.551697, 0.164956
 
7.580079, -0.0005159113, -0.005434133, 5, 0, 0.0024739231747920291444899332, 27982.17, -3486.492, -2.961042, 0.001233003, 0.03962206, 250.5331, 0.8710174, 0.551697, 0.164956
 
7.590079, -0.000545121, -0.005439292, 5, 0, 0.0024820686084380853535360200, 27921.71, -3486.492, -2.961042, 0.001233003, 0.03962206, 250.2973, 0.8710169, 0.551697, 0.164956
 
7.600079, -0.0005052104, -0.005444743, 5, 0, 0.0024893284621713001247574430, 27861.4, -3486.492, -2.961042, 0.001233003, 0.03962206, 250.062, 0.8710165, 0.551697, 0.164956
 
7.610079, -0.0005327145, -0.005449795, 5, 0, 0.0024974399395323552657318019, 27801.26, -3486.492, -2.961042, 0.001233003, 0.03962206, 249.8269, 0.871016, 0.551697, 0.164956
 
7.62008, -0.0005986758, -0.005455122, 5, 0, 0.0025062807978952333488868760, 27741.26, -3486.492, -2.961042, 0.001233003, 0.03962206, 249.5921, 0.8710155, 0.551697, 0.164956
 
7.63008, -0.0006005361, -0.005461108, 5, 0, 0.0025144764868430911386791201, 27681.41, -3486.492, -2.961042, 0.001233003, 0.03962206, 249.3576, 0.8710151, 0.551697, 0.164956
 
7.64008, -0.000640134, -0.005467114, 5, 0, 0.0025232752394125814799392520, 27621.73, -3486.492, -2.961042, 0.001233003, 0.03962206, 249.1234, 0.8710146, 0.551697, 0.164956
 
7.65008, -0.00061513, -0.005473515, 5, 0, 0.0025312997886840203041359871, 27562.18, -3486.492, -2.961042, 0.001233003, 0.03962206, 248.8895, 0.8710141, 0.551697, 0.164956
 
7.66008, -0.0006443848, -0.005479666, 5, 0, 0.0025400550772086956957503068, 27502.81, -3486.492, -2.961042, 0.001233003, 0.03962206, 248.656, 0.8710136, 0.551697, 0.164956
 
7.670081, -0.0006206428, -0.00548611, 5, 0, 0.0025481597633127642056243206, 27443.57, -3486.492, -2.961042, 0.001233003, 0.03962206, 248.4227, 0.8710132, 0.551697, 0.164956
 
7.680081, -0.0006418274, -0.005492317, 5, 0, 0.0025568647965356244339784827, 27384.49, -3486.492, -2.961042, 0.001233003, 0.03962206, 248.1898, 0.8710126, 0.551697, 0.164956
 
7.690081, -0.0006047881, -0.005498735, 5, 0, 0.0025647969847118603530201179, 27325.55, -3486.492, -2.961042, 0.001233003, 0.03962206, 247.9571, 0.8710122, 0.551697, 0.164956
 
7.700081, -0.0005355988, -0.005504783, 5, 0, 0.0025720840034731031437269240, 27266.77, -3486.492, -2.961042, 0.001233003, 0.03962206, 247.7248, 0.8710118, 0.551697, 0.164956
 
7.710082, -0.000525058, -0.005510139, 5, 0, 0.0025799672945989511072592715, 27208.15, -3486.492, -2.961042, 0.001233003, 0.03962206, 247.4927, 0.8710113, 0.551697, 0.164956
 
7.720082, -0.0005790797, -0.00551539, 5, 0, 0.0025888190189730295321972985, 27149.66, -3486.492, -2.961042, 0.001233003, 0.03962206, 247.261, 0.8710108, 0.551697, 0.164956
 
7.730082, -0.0005570219, -0.005521181, 5, 0, 0.0025967702226688660493591013, 27091.33, -3486.492, -2.961042, 0.001233003, 0.03962206, 247.0295, 0.8710104, 0.551697, 0.164956
 
7.740082, -0.0005866206, -0.005526751, 5, 0, 0.0026054399413553387494326668, 27033.14, -3486.492, -2.961042, 0.001233003, 0.03962206, 246.7983, 0.8710099, 0.551697, 0.164956
 
7.750082, -0.0005641181, -0.005532617, 5, 0, 0.0026134604158726046104887954, 26975.11, -3486.492, -2.961042, 0.001233003, 0.03962206, 246.5675, 0.8710094, 0.551697, 0.164956
 
7.760083, -0.0005931615, -0.005538258, 5, 0, 0.0026221980471290794467058167, 26917.22, -3486.492, -2.961042, 0.001233003, 0.03962206, 246.3369, 0.8710089, 0.551697, 0.164956
 
7.770083, -0.0005621688, -0.00554419, 5, 0, 0.0026301614750875299308874420, 26859.47, -3486.492, -2.961042, 0.001233003, 0.03962206, 246.1067, 0.8710085, 0.551697, 0.164956
 
7.780083, -0.0005932656, -0.005549811, 5, 0, 0.0026389670189139933207339186, 26801.88, -3486.492, -2.961042, 0.001233003, 0.03962206, 245.8767, 0.871008, 0.551697, 0.164956
 
7.790083, -0.000555693, -0.005555744, 5, 0, 0.0026468679673080554221775650, 26744.43, -3486.492, -2.961042, 0.001233003, 0.03962206, 245.647, 0.8710075, 0.551697, 0.164956
 
7.800084, -0.0005897779, -0.005561301, 5, 0, 0.0026557359906989343597900214, 26687.12, -3486.492, -2.961042, 0.001233003, 0.03962206, 245.4176, 0.871007, 0.551697, 0.164956
 
7.810084, -0.000554538, -0.005567198, 5, 0, 0.0026636980604059983837627780, 26629.95, -3486.492, -2.961042, 0.001233003, 0.03962206, 245.1885, 0.8710065, 0.551697, 0.164956
 
7.820084, -0.000589953, -0.005572744, 5, 0, 0.0026726272051098792439043446, 26572.94, -3486.492, -2.961042, 0.001233003, 0.03962206, 244.9597, 0.871006, 0.551697, 0.164956
 
7.830084, -0.0005558455, -0.005578643, 5, 0, 0.0026806503961299044428642101, 26516.06, -3486.492, -2.961042, 0.001233003, 0.03962206, 244.7312, 0.8710056, 0.551697, 0.164956
 
7.840085, -0.0005838042, -0.005584202, 5, 0, 0.0026895129865151967920991905, 26459.33, -3486.492, -2.961042, 0.001233003, 0.03962206, 244.503, 0.8710051, 0.551697, 0.164956
 
7.850085, -0.0005685755, -0.00559004, 5, 0, 0.0026978472171058453571100839, 26402.75, -3486.492, -2.961042, 0.001233003, 0.03962206, 244.2751, 0.8710046, 0.551697, 0.164956
 
7.860085, -0.0005774734, -0.005595725, 5, 0, 0.0027065142192895179717379112, 26346.29, -3486.492, -2.961042, 0.001233003, 0.03962206, 244.0474, 0.8710041, 0.551697, 0.164956
 
7.870085, -0.0005650378, -0.0056015, 5, 0, 0.0027149054964389954961373084, 26289.99, -3486.492, -2.961042, 0.001233003, 0.03962206, 243.8201, 0.8710036, 0.551697, 0.164956
 
7.880085, -0.000583585, -0.00560715, 5, 0, 0.0027237531460588602103927276, 26233.83, -3486.492, -2.961042, 0.001233003, 0.03962206, 243.593, 0.8710031, 0.551697, 0.164956
 
7.890086, -0.0005461016, -0.005612986, 5, 0, 0.0027318184428723274813035370, 26177.81, -3486.492, -2.961042, 0.001233003, 0.03962206, 243.3662, 0.8710026, 0.551697, 0.164956
 
7.900086, -0.0005788162, -0.005618447, 5, 0, 0.0027408453816770114174916799, 26121.93, -3486.492, -2.961042, 0.001233003, 0.03962206, 243.1397, 0.8710021, 0.551697, 0.164956
 
7.910086, -0.0005435367, -0.005624235, 5, 0, 0.0027489636502950667720803844, 26066.2, -3486.492, -2.961042, 0.001233003, 0.03962206, 242.9135, 0.8710017, 0.551697, 0.164956
 
7.920086, -0.0005774179, -0.00562967, 5, 0, 0.0027580435609043523744604228, 26010.59, -3486.492, -2.961042, 0.001233003, 0.03962206, 242.6876, 0.8710011, 0.551697, 0.164956
 
7.930087, -0.0006589823, -0.005635445, 5, 0, 0.0027680851135048682246317951, 25955.12, -3486.492, -2.961042, 0.001233003, 0.03962206, 242.4619, 0.8710006, 0.551697, 0.164956
 
7.940087, -0.0006498303, -0.005642035, 5, 0, 0.0027770848872815648888765562, 25899.8, -3486.492, -2.961042, 0.001233003, 0.03962206, 242.2366, 0.8710001, 0.551697, 0.164956
 
7.950087, -0.0006014828, -0.005648533, 5, 0, 0.0027854286256320273354615339, 25844.62, -3486.492, -2.961042, 0.001233003, 0.03962206, 242.0115, 0.8709996, 0.551697, 0.164956
 
7.960087, -0.0006099517, -0.005654548, 5, 0, 0.0027944772964591119552155826, 25789.58, -3486.492, -2.961042, 0.001233003, 0.03962206, 241.7868, 0.870999, 0.551697, 0.164956
 
7.970088, -0.000566197, -0.005660648, 5, 0, 0.0028027422562283583413601512, 25734.67, -3486.492, -2.961042, 0.001233003, 0.03962206, 241.5623, 0.8709986, 0.551697, 0.164956
 
7.980088, -0.0005932846, -0.00566631, 5, 0, 0.0028119661414860484723643159, 25679.9, -3486.492, -2.961042, 0.001233003, 0.03962206, 241.3381, 0.870998, 0.551697, 0.164956
 
7.990088, -0.0005544915, -0.005672242, 5, 0, 0.0028202732070487097654318275, 25625.26, -3486.492, -2.961042, 0.001233003, 0.03962206, 241.1141, 0.8709975, 0.551697, 0.164956
 
8.000088, -0.0005847394, -0.005677788, 5, 0, 0.0028295378398484011781220656, 25570.75, -3486.492, -2.961042, 0.001233003, 0.03962206, 240.8904, 0.8709971, 0.551697, 0.164956
 
8.010088, -0.0005486038, -0.005683635, 5, 0, 0.0028378870112044637955985198, 25516.39, -3486.492, -2.961042, 0.001233003, 0.03962206, 240.667, 0.8709966, 0.551697, 0.164956
 
8.020088, -0.0005882368, -0.005689121, 5, 0, 0.0028473255001833606768160047, 25462.16, -3486.492, -2.961042, 0.001233003, 0.03962206, 240.4439, 0.870996, 0.551697, 0.164956
 
8.030088, -0.0006568189, -0.005695003, 5, 0, 0.0028574634886332795603110843, 25408.07, -3486.492, -2.961042, 0.001233003, 0.03962206, 240.2211, 0.8709955, 0.551697, 0.164956
 
8.040089, -0.0006551177, -0.005701571, 5, 0, 0.0028668123330197600393052072, 25354.1, -3486.492, -2.961042, 0.001233003, 0.03962206, 239.9985, 0.8709949, 0.551697, 0.164956
 
8.050089, -0.0006125725, -0.005708123, 5, 0, 0.0028754997089744468772900716, 25300.28, -3486.492, -2.961042, 0.001233003, 0.03962206, 239.7762, 0.8709944, 0.551697, 0.164956
 
8.060089, -0.0006394258, -0.005714248, 5, 0, 0.0028851473686689367553153999, 25246.58, -3486.492, -2.961042, 0.001233003, 0.03962206, 239.5542, 0.8709939, 0.551697, 0.164956
 
8.070089, -0.0006012177, -0.005720643, 5, 0, 0.0028938741339142248322634687, 25193.02, -3486.492, -2.961042, 0.001233003, 0.03962206, 239.3324, 0.8709934, 0.551697, 0.164956
 
8.08009, -0.0006306508, -0.005726655, 5, 0, 0.0029035584663965158638062632, 25139.58, -3486.492, -2.961042, 0.001233003, 0.03962206, 239.111, 0.8709928, 0.551697, 0.164956
 
8.09009, -0.0005945305, -0.005732961, 5, 0, 0.0029123205461782050515489289, 25086.29, -3486.492, -2.961042, 0.001233003, 0.03962206, 238.8898, 0.8709923, 0.551697, 0.164956
 
8.10009, -0.0006251759, -0.005738907, 5, 0, 0.0029220401931969107764003209, 25033.12, -3486.492, -2.961042, 0.001233003, 0.03962206, 238.6688, 0.8709918, 0.551697, 0.164956
 
8.11009, -0.0005978016, -0.005745159, 5, 0, 0.0029309679796493780113050179, 24980.09, -3486.492, -2.961042, 0.001233003, 0.03962206, 238.4482, 0.8709912, 0.551697, 0.164956
 
8.12009, -0.0006342535, -0.005751137, 5, 0, 0.0029408533333389161133744428, 24927.18, -3486.492, -2.961042, 0.001233003, 0.03962206, 238.2278, 0.8709907, 0.551697, 0.164956
 
8.130091, -0.0006032778, -0.005757479, 5, 0, 0.0029498137178249707911139981, 24874.4, -3486.492, -2.961042, 0.001233003, 0.03962206, 238.0077, 0.8709902, 0.551697, 0.164956
 
8.140091, -0.0006370259, -0.005763512, 5, 0, 0.0029597316695480963360182814, 24821.76, -3486.492, -2.961042, 0.001233003, 0.03962206, 237.7878, 0.8709896, 0.551697, 0.164956
 
8.150091, -0.0006119924, -0.005769882, 5, 0, 0.0029688550442021833055301315, 24769.24, -3486.492, -2.961042, 0.001233003, 0.03962206, 237.5683, 0.8709891, 0.551697, 0.164956
 
8.160091, -0.0006418766, -0.005776002, 5, 0, 0.0029788042357075098330604044, 24716.86, -3486.492, -2.961042, 0.001233003, 0.03962206, 237.3489, 0.8709885, 0.551697, 0.164956
 
8.170092, -0.0006298613, -0.00578242, 5, 0, 0.0029882209926639924481979831, 24664.6, -3486.492, -2.961042, 0.001233003, 0.03962206, 237.1299, 0.870988, 0.551697, 0.164956
 
8.180092, -0.0006607045, -0.005788719, 5, 0, 0.0029983304578345240170268116, 24612.47, -3486.492, -2.961042, 0.001233003, 0.03962206, 236.9111, 0.8709874, 0.551697, 0.164956
 
8.190092, -0.0006339789, -0.005795326, 5, 0, 0.0030076453459359898454352062, 24560.46, -3486.492, -2.961042, 0.001233003, 0.03962206, 236.6926, 0.8709869, 0.551697, 0.164956
 
8.200092, -0.000669878, -0.005801666, 5, 0, 0.0030179150847717264555625904, 24508.6, -3486.492, -2.961042, 0.001233003, 0.03962206, 236.4744, 0.8709863, 0.551697, 0.164956
 
8.210093, -0.0006390525, -0.005808365, 5, 0, 0.0030272571379012203034563681, 24456.85, -3486.492, -2.961042, 0.001233003, 0.03962206, 236.2564, 0.8709857, 0.551697, 0.164956
 
8.220093, -0.0005928333, -0.005814756, 5, 0, 0.0030361971486163015053808876, 24405.22, -3486.492, -2.961042, 0.001233003, 0.03962206, 236.0386, 0.8709852, 0.551697, 0.164956
 
8.230093, -0.0006071336, -0.005820684, 5, 0, 0.0030459616179311950575729599, 24353.72, -3486.492, -2.961042, 0.001233003, 0.03962206, 235.8212, 0.8709847, 0.551697, 0.164956
 
8.240093, -0.0005617889, -0.005826755, 5, 0, 0.0030547956850370729271136884, 24302.35, -3486.492, -2.961042, 0.001233003, 0.03962206, 235.604, 0.8709841, 0.551697, 0.164956
 
8.250093, -0.0005764877, -0.005832373, 5, 0, 0.0030644528524914038517411018, 24251.1, -3486.492, -2.961042, 0.001233003, 0.03962206, 235.387, 0.8709836, 0.551697, 0.164956
 
8.260094, -0.0006480694, -0.005838138, 5, 0, 0.0030751952628143145818849370, 24199.99, -3486.492, -2.961042, 0.001233003, 0.03962206, 235.1703, 0.870983, 0.551697, 0.164956
 
8.270094, -0.0006425934, -0.005844619, 5, 0, 0.0030850086291796232546142979, 24149, -3486.492, -2.961042, 0.001233003, 0.03962206, 234.9539, 0.8709824, 0.551697, 0.164956
 
8.280094, -0.0005990707, -0.005851045, 5, 0, 0.0030941564523589245756517925, 24098.13, -3486.492, -2.961042, 0.001233003, 0.03962206, 234.7378, 0.8709819, 0.551697, 0.164956
 
8.290094, -0.0006068769, -0.005857036, 5, 0, 0.0031039901924952338892241901, 24047.38, -3486.492, -2.961042, 0.001233003, 0.03962206, 234.5219, 0.8709813, 0.551697, 0.164956
 
8.300095, -0.00057267, -0.005863104, 5, 0, 0.0031131583894455222685907211, 23996.76, -3486.492, -2.961042, 0.001233003, 0.03962206, 234.3063, 0.8709808, 0.551697, 0.164956
 
8.310095, -0.0006020089, -0.005868831, 5, 0, 0.0031232800788786542219253716, 23946.26, -3486.492, -2.961042, 0.001233003, 0.03962206, 234.0909, 0.8709803, 0.551697, 0.164956
 
8.320095, -0.0005752923, -0.005874851, 5, 0, 0.0031326017582371338464621122, 23895.88, -3486.492, -2.961042, 0.001233003, 0.03962206, 233.8757, 0.8709797, 0.551697, 0.164956
 
8.330095, -0.0006172332, -0.005880604, 5, 0, 0.0031430100387156748143221462, 23845.62, -3486.492, -2.961042, 0.001233003, 0.03962206, 233.6609, 0.8709791, 0.551697, 0.164956
 
8.340096, -0.0005993866, -0.005886776, 5, 0, 0.0031526183091195634533842702, 23795.48, -3486.492, -2.961042, 0.001233003, 0.03962206, 233.4463, 0.8709785, 0.551697, 0.164956
 
8.350096, -0.0006395625, -0.00589277, 5, 0, 0.0031631800720062956664145139, 23745.47, -3486.492, -2.961042, 0.001233003, 0.03962206, 233.2319, 0.8709779, 0.551697, 0.164956
 
8.360096, -0.000628377, -0.005899166, 5, 0, 0.0031730749334556069025160217, 23695.58, -3486.492, -2.961042, 0.001233003, 0.03962206, 233.0178, 0.8709774, 0.551697, 0.164956
 
8.370096, -0.0006576411, -0.005905449, 5, 0, 0.0031836543536105396709435638, 23645.8, -3486.492, -2.961042, 0.001233003, 0.03962206, 232.8039, 0.8709768, 0.551697, 0.164956
 
8.380096, -0.0006389269, -0.005912026, 5, 0, 0.0031935668723280650449563706, 23596.16, -3486.492, -2.961042, 0.001233003, 0.03962206, 232.5904, 0.8709762, 0.551697, 0.164956
 
8.390097, -0.0006779315, -0.005918415, 5, 0, 0.0032044315252769932026724266, 23546.62, -3486.492, -2.961042, 0.001233003, 0.03962206, 232.377, 0.8709756, 0.551697, 0.164956
 
8.400097, -0.0006660818, -0.005925194, 5, 0, 0.0032146292767885139659737472, 23497.21, -3486.492, -2.961042, 0.001233003, 0.03962206, 232.1639, 0.870975, 0.551697, 0.164956
 
8.410097, -0.0006945389, -0.005931855, 5, 0, 0.0032255088705028561761553639, 23447.92, -3486.492, -2.961042, 0.001233003, 0.03962206, 231.9511, 0.8709744, 0.551697, 0.164956
 
8.420097, -0.0006755077, -0.005938801, 5, 0, 0.0032357215627797909919222453, 23398.75, -3486.492, -2.961042, 0.001233003, 0.03962206, 231.7385, 0.8709738, 0.551697, 0.164956
 
8.430098, -0.0006985872, -0.005945555, 5, 0, 0.0032466147390081336293325531, 23349.7, -3486.492, -2.961042, 0.001233003, 0.03962206, 231.5262, 0.8709732, 0.551697, 0.164956
 
8.440098, -0.0006833891, -0.005952541, 5, 0, 0.0032569754806876323543501668, 23300.75, -3486.492, -2.961042, 0.001233003, 0.03962206, 231.3141, 0.8709726, 0.551697, 0.164956
 
8.450098, -0.0006419618, -0.005959375, 5, 0, 0.0032668051460697687047819579, 23251.94, -3486.492, -2.961042, 0.001233003, 0.03962206, 231.1022, 0.870972, 0.551697, 0.164956
 
8.460098, -0.0006493207, -0.005965795, 5, 0, 0.0032773139371518856691063056, 23203.24, -3486.492, -2.961042, 0.001233003, 0.03962206, 230.8907, 0.8709714, 0.551697, 0.164956
 
8.470098, -0.0006009307, -0.005972288, 5, 0, 0.0032868828182651866517192257, 23154.65, -3486.492, -2.961042, 0.001233003, 0.03962206, 230.6793, 0.8709708, 0.551697, 0.164956
 
8.480099, -0.0006333511, -0.005978297, 5, 0, 0.0032976754838899261276372190, 23106.18, -3486.492, -2.961042, 0.001233003, 0.03962206, 230.4682, 0.8709702, 0.551697, 0.164956
 
8.490099, -0.0006101293, -0.005984631, 5, 0, 0.0033076640646858403116166958, 23057.83, -3486.492, -2.961042, 0.001233003, 0.03962206, 230.2574, 0.8709697, 0.551697, 0.164956
 
8.500099, -0.0006597526, -0.005990732, 5, 0, 0.0033188750717417929461783768, 23009.59, -3486.492, -2.961042, 0.001233003, 0.03962206, 230.0468, 0.8709691, 0.551697, 0.164956
 
8.510099, -0.0006561637, -0.005997329, 5, 0, 0.0033294218938631246892570601, 22961.47, -3486.492, -2.961042, 0.001233003, 0.03962206, 229.8364, 0.8709685, 0.551697, 0.164956
 
8.5201, -0.0006816817, -0.006003891, 5, 0, 0.0033405065835388597680779129, 22913.47, -3486.492, -2.961042, 0.001233003, 0.03962206, 229.6263, 0.8709678, 0.551697, 0.164956
 
8.5301, -0.0006688201, -0.006010708, 5, 0, 0.0033510615551686189325218118, 22865.57, -3486.492, -2.961042, 0.001233003, 0.03962206, 229.4164, 0.8709672, 0.551697, 0.164956
 
8.5401, -0.0007026956, -0.006017396, 5, 0, 0.0033624301193869629404223097, 22817.79, -3486.492, -2.961042, 0.001233003, 0.03962206, 229.2068, 0.8709666, 0.551697, 0.164956
 
8.5501, -0.0006883484, -0.006024423, 5, 0, 0.0033731304239164995111852032, 22770.13, -3486.492, -2.961042, 0.001233003, 0.03962206, 228.9974, 0.870966, 0.551697, 0.164956
 
8.560101, -0.0006256613, -0.006031306, 5, 0, 0.0033828867437230199720680616, 22722.58, -3486.492, -2.961042, 0.001233003, 0.03962206, 228.7883, 0.8709654, 0.551697, 0.164956
 
8.570101, -0.0006545177, -0.006037563, 5, 0, 0.0033940094644379562471292496, 22675.14, -3486.492, -2.961042, 0.001233003, 0.03962206, 228.5793, 0.8709648, 0.551697, 0.164956
 
8.580101, -0.000629488, -0.006044108, 5, 0, 0.0034043240255698942671113146, 22627.81, -3486.492, -2.961042, 0.001233003, 0.03962206, 228.3707, 0.8709642, 0.551697, 0.164956
 
8.590101, -0.0006544809, -0.006050403, 5, 0, 0.0034154535375418307557868482, 22580.6, -3486.492, -2.961042, 0.001233003, 0.03962206, 228.1622, 0.8709635, 0.551697, 0.164956
 
8.600101, -0.0006343313, -0.006056948, 5, 0, 0.0034259134315735597646019082, 22533.5, -3486.492, -2.961042, 0.001233003, 0.03962206, 227.9541, 0.8709629, 0.551697, 0.164956
 
8.610102, -0.0006624018, -0.006063291, 5, 0, 0.0034371855599425143216926993, 22486.52, -3486.492, -2.961042, 0.001233003, 0.03962206, 227.7461, 0.8709623, 0.551697, 0.164956
 
8.620102, -0.0006446132, -0.006069915, 5, 0, 0.0034477894286226478591318855, 22439.64, -3486.492, -2.961042, 0.001233003, 0.03962206, 227.5384, 0.8709617, 0.551697, 0.164956
 
8.630102, -0.0006889143, -0.006076362, 5, 0, 0.0034594826149256156603121025, 22392.87, -3486.492, -2.961042, 0.001233003, 0.03962206, 227.3309, 0.870961, 0.551697, 0.164956
 
8.640102, -0.000682578, -0.006083251, 5, 0, 0.0034705102580425761098004533, 22346.21, -3486.492, -2.961042, 0.001233003, 0.03962206, 227.1237, 0.8709604, 0.551697, 0.164956
 
8.650103, -0.0006335865, -0.006090076, 5, 0, 0.0034807270250736838887079411, 22299.67, -3486.492, -2.961042, 0.001233003, 0.03962206, 226.9167, 0.8709598, 0.551697, 0.164956
 
8.660103, -0.0006412918, -0.006096412, 5, 0, 0.0034917587429448308838508988, 22253.23, -3486.492, -2.961042, 0.001233003, 0.03962206, 226.7099, 0.8709592, 0.551697, 0.164956
 
8.670103, -0.0006244741, -0.006102825, 5, 0, 0.0035024006426641656175304203, 22206.9, -3486.492, -2.961042, 0.001233003, 0.03962206, 226.5034, 0.8709586, 0.551697, 0.164956
 
8.680103, -0.0006468245, -0.00610907, 5, 0, 0.0035137121603237214135844158, 22160.69, -3486.492, -2.961042, 0.001233003, 0.03962206, 226.2971, 0.8709579, 0.551697, 0.164956
 
8.690104, -0.0006254964, -0.006115538, 5, 0, 0.0035243554182944697725008068, 22114.59, -3486.492, -2.961042, 0.001233003, 0.03962206, 226.0911, 0.8709573, 0.551697, 0.164956
 
8.700104, -0.00065185, -0.006121792, 5, 0, 0.0035358081940996164292191899, 22068.6, -3486.492, -2.961042, 0.001233003, 0.03962206, 225.8853, 0.8709566, 0.551697, 0.164956
 
8.710104, -0.0006483129, -0.006128311, 5, 0, 0.0035468738682557644924338754, 22022.71, -3486.492, -2.961042, 0.001233003, 0.03962206, 225.6797, 0.870956, 0.551697, 0.164956
 
8.720104, -0.0006867046, -0.006134794, 5, 0, 0.0035587504184977244786874226, 21976.92, -3486.492, -2.961042, 0.001233003, 0.03962206, 225.4743, 0.8709553, 0.551697, 0.164956
 
8.730104, -0.0006769347, -0.006141661, 5, 0, 0.0035699600673022906530402349, 21931.25, -3486.492, -2.961042, 0.001233003, 0.03962206, 225.2692, 0.8709547, 0.551697, 0.164956
 
8.740105, -0.0007256144, -0.00614843, 5, 0, 0.0035822603919810639688289462, 21885.69, -3486.492, -2.961042, 0.001233003, 0.03962206, 225.0643, 0.870954, 0.551697, 0.164956
 
8.750105, -0.0007082217, -0.006155686, 5, 0, 0.0035936099406798345436372774, 21840.23, -3486.492, -2.961042, 0.001233003, 0.03962206, 224.8597, 0.8709533, 0.551697, 0.164956
 
8.760105, -0.0006672192, -0.006162768, 5, 0, 0.0036044338460867614196672599, 21794.88, -3486.492, -2.961042, 0.001233003, 0.03962206, 224.6552, 0.8709527, 0.551697, 0.164956
 
8.770105, -0.0006938425, -0.00616944, 5, 0, 0.0036163484273679497671891432, 21749.63, -3486.492, -2.961042, 0.001233003, 0.03962206, 224.451, 0.870952, 0.551697, 0.164956
 
8.780106, -0.0006614315, -0.006176379, 5, 0, 0.0036273122326690946261886451, 21704.49, -3486.492, -2.961042, 0.001233003, 0.03962206, 224.2471, 0.8709514, 0.551697, 0.164956
 
8.790106, -0.0007084949, -0.006182993, 5, 0, 0.0036396533048898963886914307, 21659.45, -3486.492, -2.961042, 0.001233003, 0.03962206, 224.0433, 0.8709507, 0.551697, 0.164956
 
8.800106, -0.0006980588, -0.006190078, 5, 0, 0.0036511862175276455660590916, 21614.52, -3486.492, -2.961042, 0.001233003, 0.03962206, 223.8398, 0.87095, 0.551697, 0.164956
 
8.810106, -0.0006474156, -0.006197059, 5, 0, 0.0036619082540795964029018913, 21569.71, -3486.492, -2.961042, 0.001233003, 0.03962206, 223.6365, 0.8709494, 0.551697, 0.164956
 
8.820107, -0.0006596028, -0.006203533, 5, 0, 0.0036735810666115499807250712, 21524.99, -3486.492, -2.961042, 0.001233003, 0.03962206, 223.4335, 0.8709487, 0.551697, 0.164956
 
8.830107, -0.0006323931, -0.006210129, 5, 0, 0.0036845856194546961214106465, 21480.38, -3486.492, -2.961042, 0.001233003, 0.03962206, 223.2307, 0.8709481, 0.551697, 0.164956
 
8.840107, -0.0006532248, -0.006216453, 5, 0, 0.0036963996901322677249262149, 21435.87, -3486.492, -2.961042, 0.001233003, 0.03962206, 223.0281, 0.8709474, 0.551697, 0.164956
 
8.850107, -0.0006394509, -0.006222985, 5, 0, 0.0037076908340208228801371736, 21391.46, -3486.492, -2.961042, 0.001233003, 0.03962206, 222.8257, 0.8709468, 0.551697, 0.164956
 
8.860107, -0.0006769421, -0.00622938, 5, 0, 0.0037199327538893943588425129, 21347.16, -3486.492, -2.961042, 0.001233003, 0.03962206, 222.6235, 0.8709461, 0.551697, 0.164956
 
8.870108, -0.0006601452, -0.006236149, 5, 0, 0.0037313637976721810795369915, 21302.96, -3486.492, -2.961042, 0.001233003, 0.03962206, 222.4216, 0.8709455, 0.551697, 0.164956
 
8.880108, -0.0007024836, -0.006242751, 5, 0, 0.0037438909503347751125588455, 21258.87, -3486.492, -2.961042, 0.001233003, 0.03962206, 222.2199, 0.8709447, 0.551697, 0.164956
 
8.890108, -0.0006964842, -0.006249776, 5, 0, 0.0037557512015599345861379633, 21214.88, -3486.492, -2.961042, 0.001233003, 0.03962206, 222.0184, 0.870944, 0.551697, 0.164956
 
8.900108, -0.0006714938, -0.006256741, 5, 0, 0.0037672297841416956371048601, 21170.98, -3486.492, -2.961042, 0.001233003, 0.03962206, 221.8172, 0.8709434, 0.551697, 0.164956
 
8.910109, -0.0006860303, -0.006263455, 5, 0, 0.0037793711934066639543178848, 21127.19, -3486.492, -2.961042, 0.001233003, 0.03962206, 221.6161, 0.8709427, 0.551697, 0.164956
 
8.920109, -0.0006682713, -0.006270315, 5, 0, 0.0037909896758826294057403005, 21083.5, -3486.492, -2.961042, 0.001233003, 0.03962206, 221.4153, 0.8709421, 0.551697, 0.164956
 
8.930109, -0.0007094674, -0.006276998, 5, 0, 0.0038037069837412294199638307, 21039.92, -3486.492, -2.961042, 0.001233003, 0.03962206, 221.2147, 0.8709413, 0.551697, 0.164956
 
8.940109, -0.0006959478, -0.006284093, 5, 0, 0.0038156147737654311363853689, 20996.43, -3486.492, -2.961042, 0.001233003, 0.03962206, 221.0143, 0.8709406, 0.551697, 0.164956
 
8.950109, -0.0007469952, -0.006291052, 5, 0, 0.0038287640055692447364812779, 20953.05, -3486.492, -2.961042, 0.001233003, 0.03962206, 220.8142, 0.8709399, 0.551697, 0.164956
 
8.96011, -0.0007258348, -0.006298522, 5, 0, 0.0038408130537390101485392028, 20909.77, -3486.492, -2.961042, 0.001233003, 0.03962206, 220.6142, 0.8709392, 0.551697, 0.164956
 
8.97011, -0.000683616, -0.006305781, 5, 0, 0.0038523391751197726948065186, 20866.58, -3486.492, -2.961042, 0.001233003, 0.03962206, 220.4145, 0.8709385, 0.551697, 0.164956
 
8.98011, -0.0007072976, -0.006312617, 5, 0, 0.0038649654801345698465978181, 20823.5, -3486.492, -2.961042, 0.001233003, 0.03962206, 220.215, 0.8709378, 0.551697, 0.164956
 
8.99011, -0.0006891011, -0.00631969, 5, 0, 0.0038769248837119596039743822, 20780.52, -3486.492, -2.961042, 0.001233003, 0.03962206, 220.0158, 0.8709371, 0.551697, 0.164956
 
9.000111, -0.0007146876, -0.006326581, 5, 0, 0.0038896897303695339484703306, 20737.63, -3486.492, -2.961042, 0.001233003, 0.03962206, 219.8167, 0.8709364, 0.551697, 0.164956
 
9.010111, -0.0007054225, -0.006333728, 5, 0, 0.0039019384414951192233040160, 20694.85, -3486.492, -2.961042, 0.001233003, 0.03962206, 219.6179, 0.8709357, 0.551697, 0.164956
 
9.020111, -0.0006716006, -0.006340782, 5, 0, 0.0039136628675802880071102226, 20652.16, -3486.492, -2.961042, 0.001233003, 0.03962206, 219.4193, 0.870935, 0.551697, 0.164956
 
9.030111, -0.0006935456, -0.006347498, 5, 0, 0.0039263462191539141182900259, 20609.57, -3486.492, -2.961042, 0.001233003, 0.03962206, 219.2208, 0.8709343, 0.551697, 0.164956
 
9.040112, -0.0006816731, -0.006354434, 5, 0, 0.0039385093604412831190689565, 20567.07, -3486.492, -2.961042, 0.001233003, 0.03962206, 219.0226, 0.8709336, 0.551697, 0.164956
 
9.050112, -0.0007186405, -0.006361251, 5, 0, 0.0039516259942114956938160067, 20524.69, -3486.492, -2.961042, 0.001233003, 0.03962206, 218.8247, 0.8709328, 0.551697, 0.164956
 
9.060112, -0.0007028318, -0.006368437, 5, 0, 0.0039639290353930962600784571, 20482.39, -3486.492, -2.961042, 0.001233003, 0.03962206, 218.6269, 0.8709322, 0.551697, 0.164956
 
9.070112, -0.0006723765, -0.006375466, 5, 0, 0.0039758653486966717086522458, 20440.18, -3486.492, -2.961042, 0.001233003, 0.03962206, 218.4293, 0.8709314, 0.551697, 0.164956
 
9.080112, -0.0006961031, -0.006382189, 5, 0, 0.0039887565127344636088890225, 20398.08, -3486.492, -2.961042, 0.001233003, 0.03962206, 218.232, 0.8709307, 0.551697, 0.164956
 
9.090113, -0.0006786371, -0.00638915, 5, 0, 0.0040009807753348481147110637, 20356.07, -3486.492, -2.961042, 0.001233003, 0.03962206, 218.0348, 0.87093, 0.551697, 0.164956
 
9.100113, -0.0007113784, -0.006395937, 5, 0, 0.0040141639634236627828787006, 20314.16, -3486.492, -2.961042, 0.001233003, 0.03962206, 217.8379, 0.8709292, 0.551697, 0.164956
 
9.110113, -0.0007074848, -0.006403051, 5, 0, 0.0040268296577290475911192041, 20272.35, -3486.492, -2.961042, 0.001233003, 0.03962206, 217.6412, 0.8709285, 0.551697, 0.164956
 
9.120113, -0.0007561079, -0.006410126, 5, 0, 0.0040405928191656805019519534, 20230.63, -3486.492, -2.961042, 0.001233003, 0.03962206, 217.4447, 0.8709278, 0.551697, 0.164956
 
9.130114, -0.0007423022, -0.006417687, 5, 0, 0.0040534011298680969611217148, 20189.01, -3486.492, -2.961042, 0.001233003, 0.03962206, 217.2484, 0.870927, 0.551697, 0.164956
 
9.140114, -0.0006992453, -0.00642511, 5, 0, 0.0040655493303900790744630856, 20147.49, -3486.492, -2.961042, 0.001233003, 0.03962206, 217.0524, 0.8709263, 0.551697, 0.164956
 
9.150114, -0.0007276036, -0.006432102, 5, 0, 0.0040789457639486868676071732, 20106.06, -3486.492, -2.961042, 0.001233003, 0.03962206, 216.8565, 0.8709255, 0.551697, 0.164956
 
9.160114, -0.0006998478, -0.006439378, 5, 0, 0.0040913859885217053313934047, 20064.71, -3486.492, -2.961042, 0.001233003, 0.03962206, 216.6609, 0.8709248, 0.551697, 0.164956
 
9.170115, -0.0007529873, -0.006446376, 5, 0, 0.0041053759779421182119172955, 20023.47, -3486.492, -2.961042, 0.001233003, 0.03962206, 216.4654, 0.8709241, 0.551697, 0.164956
 
9.180115, -0.0007424647, -0.006453906, 5, 0, 0.0041184043253713415921918537, 19982.33, -3486.492, -2.961042, 0.001233003, 0.03962206, 216.2702, 0.8709233, 0.551697, 0.164956
 
9.190115, -0.000694896, -0.006461331, 5, 0, 0.0041306217967147258843995494, 19941.27, -3486.492, -2.961042, 0.001233003, 0.03962206, 216.0752, 0.8709226, 0.551697, 0.164956
 
9.200115, -0.0007198331, -0.00646828, 5, 0, 0.0041440942923517360700243075, 19900.31, -3486.492, -2.961042, 0.001233003, 0.03962206, 215.8804, 0.8709219, 0.551697, 0.164956
 
9.210115, -0.0007042309, -0.006475478, 5, 0, 0.0041569066778083526573626763, 19859.45, -3486.492, -2.961042, 0.001233003, 0.03962206, 215.6858, 0.8709211, 0.551697, 0.164956
 
9.220116, -0.0007439618, -0.00648252, 5, 0, 0.0041708246799045904386025048, 19818.67, -3486.492, -2.961042, 0.001233003, 0.03962206, 215.4914, 0.8709203, 0.551697, 0.164956
 
9.230116, -0.0007391567, -0.00648996, 5, 0, 0.0041840893630774212526562891, 19777.99, -3486.492, -2.961042, 0.001233003, 0.03962206, 215.2972, 0.8709195, 0.551697, 0.164956
 
9.240116, -0.0007093885, -0.006497351, 5, 0, 0.0041968284029584083679317248, 19737.4, -3486.492, -2.961042, 0.001233003, 0.03962206, 215.1032, 0.8709188, 0.551697, 0.164956
 
9.250116, -0.0007256055, -0.006504445, 5, 0, 0.0042103878266850348703341067, 19696.9, -3486.492, -2.961042, 0.001233003, 0.03962206, 214.9094, 0.870918, 0.551697, 0.164956
 
9.260117, -0.0007179528, -0.006511701, 5, 0, 0.0042235791642822497948389584, 19656.5, -3486.492, -2.961042, 0.001233003, 0.03962206, 214.7158, 0.8709173, 0.551697, 0.164956
 
9.270117, -0.0006870758, -0.00651888, 5, 0, 0.0042362570828502485700992843, 19616.19, -3486.492, -2.961042, 0.001233003, 0.03962206, 214.5225, 0.8709165, 0.551697, 0.164956
 
9.280117, -0.0006948606, -0.006525751, 5, 0, 0.0042495978281014817766337390, 19575.96, -3486.492, -2.961042, 0.001233003, 0.03962206, 214.3293, 0.8709158, 0.551697, 0.164956
 
9.290117, -0.0006822805, -0.0065327, 5, 0, 0.0042625867862400767529170920, 19535.83, -3486.492, -2.961042, 0.001233003, 0.03962206, 214.1363, 0.8709151, 0.551697, 0.164956
 
9.300117, -0.0007304489, -0.006539523, 5, 0, 0.0042768348434265113333001152, 19495.78, -3486.492, -2.961042, 0.001233003, 0.03962206, 213.9435, 0.8709142, 0.551697, 0.164956
 
9.310118, -0.0007246774, -0.006546827, 5, 0, 0.0042902720245271475731582772, 19455.83, -3486.492, -2.961042, 0.001233003, 0.03962206, 213.751, 0.8709134, 0.551697, 0.164956
 
9.320118, -0.0007636143, -0.006554074, 5, 0, 0.0043046708476189868957797722, 19415.97, -3486.492, -2.961042, 0.001233003, 0.03962206, 213.5586, 0.8709127, 0.551697, 0.164956
 
9.330118, -0.0007580429, -0.00656171, 5, 0, 0.0043184041275248324492234014, 19376.2, -3486.492, -2.961042, 0.001233003, 0.03962206, 213.3665, 0.8709118, 0.551697, 0.164956
 
9.340118, -0.0007431713, -0.00656929, 5, 0, 0.0043319350279720716369595324, 19336.52, -3486.492, -2.961042, 0.001233003, 0.03962206, 213.1745, 0.8709111, 0.551697, 0.164956
 
9.350119, -0.0007758368, -0.006576722, 5, 0, 0.0043464357199189141637962111, 19296.93, -3486.492, -2.961042, 0.001233003, 0.03962206, 212.9827, 0.8709102, 0.551697, 0.164956
 
9.360119, -0.000752695, -0.00658448, 5, 0, 0.0043599774863773536933152950, 19257.42, -3486.492, -2.961042, 0.001233003, 0.03962206, 212.7911, 0.8709095, 0.551697, 0.164956
 
9.370119, -0.0007325656, -0.006592007, 5, 0, 0.0043734662810311643916144826, 19218.01, -3486.492, -2.961042, 0.001233003, 0.03962206, 212.5998, 0.8709087, 0.551697, 0.164956
 
9.380119, -0.0007534903, -0.006599333, 5, 0, 0.0043877537275082137934747106, 19178.68, -3486.492, -2.961042, 0.001233003, 0.03962206, 212.4086, 0.8709079, 0.551697, 0.164956
 
9.39012, -0.0007366762, -0.006606868, 5, 0, 0.0044013932880674563990403708, 19139.44, -3486.492, -2.961042, 0.001233003, 0.03962206, 212.2177, 0.8709071, 0.551697, 0.164956
 
9.40012, -0.0007005235, -0.006614234, 5, 0, 0.0044145316538600696573533269, 19100.29, -3486.492, -2.961042, 0.001233003, 0.03962206, 212.0269, 0.8709064, 0.551697, 0.164956
 
9.41012, -0.0007245559, -0.00662124, 5, 0, 0.0044287878605549044940735648, 19061.23, -3486.492, -2.961042, 0.001233003, 0.03962206, 211.8363, 0.8709055, 0.551697, 0.164956
 
9.42012, -0.0007169632, -0.006628485, 5, 0, 0.0044425442307345236087779681, 19022.25, -3486.492, -2.961042, 0.001233003, 0.03962206, 211.6459, 0.8709047, 0.551697, 0.164956
 
9.43012, -0.0007466505, -0.006635655, 5, 0, 0.0044571087604971953086174961, 18983.37, -3486.492, -2.961042, 0.001233003, 0.03962206, 211.4557, 0.8709039, 0.551697, 0.164956
 
9.440121, -0.0007292122, -0.006643122, 5, 0, 0.0044708692054310281340045072, 18944.57, -3486.492, -2.961042, 0.001233003, 0.03962206, 211.2657, 0.8709031, 0.551697, 0.164956
 
9.450121, -0.0006995953, -0.006650414, 5, 0, 0.0044842778632522363116544169, 18905.86, -3486.492, -2.961042, 0.001233003, 0.03962206, 211.076, 0.8709024, 0.551697, 0.164956
 
9.460121, -0.0007273781, -0.00665741, 5, 0, 0.0044987975707187066016392641, 18867.24, -3486.492, -2.961042, 0.001233003, 0.03962206, 210.8864, 0.8709015, 0.551697, 0.164956
 
9.470121, -0.0007226612, -0.006664684, 5, 0, 0.0045128201581727340900260141, 18828.7, -3486.492, -2.961042, 0.001233003, 0.03962206, 210.697, 0.8709008, 0.551697, 0.164956
 
9.480122, -0.0007679493, -0.00667191, 5, 0, 0.0045279619447804239470849163, 18790.25, -3486.492, -2.961042, 0.001233003, 0.03962206, 210.5078, 0.8708999, 0.551697, 0.164956
 
9.490122, -0.0007683204, -0.00667959, 5, 0, 0.0045424504124646796719297734, 18751.88, -3486.492, -2.961042, 0.001233003, 0.03962206, 210.3188, 0.870899, 0.551697, 0.164956
 
9.500122, -0.0007447534, -0.006687273, 5, 0, 0.0045564404018851197174816651, 18713.6, -3486.492, -2.961042, 0.001233003, 0.03962206, 210.13, 0.8708982, 0.551697, 0.164956
 
9.510122, -0.0007832975, -0.006694721, 5, 0, 0.0045717030728673862118479177, 18675.41, -3486.492, -2.961042, 0.001233003, 0.03962206, 209.9414, 0.8708974, 0.551697, 0.164956
 
9.520123, -0.0007722022, -0.006702553, 5, 0, 0.0045861521512610678627575713, 18637.3, -3486.492, -2.961042, 0.001233003, 0.03962206, 209.753, 0.8708965, 0.551697, 0.164956
 
9.530123, -0.0007345757, -0.006710276, 5, 0, 0.0045999655679995023543364779, 18599.28, -3486.492, -2.961042, 0.001233003, 0.03962206, 209.5647, 0.8708957, 0.551697, 0.164956
 
9.540123, -0.0007564216, -0.006717621, 5, 0, 0.0046149036168971722204510123, 18561.33, -3486.492, -2.961042, 0.001233003, 0.03962206, 209.3767, 0.8708949, 0.551697, 0.164956
 
9.550123, -0.0007480651, -0.006725186, 5, 0, 0.0046293445457824264499954504, 18523.48, -3486.492, -2.961042, 0.001233003, 0.03962206, 209.1888, 0.8708941, 0.551697, 0.164956
 
9.560123, -0.0007694988, -0.006732666, 5, 0, 0.0046444428683452877748945400, 18485.71, -3486.492, -2.961042, 0.001233003, 0.03962206, 209.0012, 0.8708932, 0.551697, 0.164956
 
9.570124, -0.0007744073, -0.006740361, 5, 0, 0.0046593551104663568292745612, 18448.02, -3486.492, -2.961042, 0.001233003, 0.03962206, 208.8137, 0.8708923, 0.551697, 0.164956
 
9.580124, -0.0007544477, -0.006748105, 5, 0, 0.0046737729490778239150442248, 18410.42, -3486.492, -2.961042, 0.001233003, 0.03962206, 208.6264, 0.8708915, 0.551697, 0.164956
 
9.590124, -0.000788106, -0.00675565, 5, 0, 0.0046893167780998992530443843, 18372.89, -3486.492, -2.961042, 0.001233003, 0.03962206, 208.4393, 0.8708906, 0.551697, 0.164956
 
9.600124, -0.0007882494, -0.006763531, 5, 0, 0.0047043675618637726651570553, 18335.46, -3486.492, -2.961042, 0.001233003, 0.03962206, 208.2525, 0.8708898, 0.551697, 0.164956
 
9.610125, -0.0007515022, -0.006771414, 5, 0, 0.0047186142607988072028172094, 18298.1, -3486.492, -2.961042, 0.001233003, 0.03962206, 208.0657, 0.8708889, 0.551697, 0.164956
 
9.620125, -0.0007872776, -0.006778928, 5, 0, 0.0047343102139777280733207112, 18260.82, -3486.492, -2.961042, 0.001233003, 0.03962206, 207.8792, 0.8708881, 0.551697, 0.164956
 
9.630125, -0.0007890319, -0.006786801, 5, 0, 0.0047495131218984062703947232, 18223.63, -3486.492, -2.961042, 0.001233003, 0.03962206, 207.6928, 0.8708872, 0.551697, 0.164956
 
9.640125, -0.0007603187, -0.006794692, 5, 0, 0.0047640654273984504207004283, 18186.53, -3486.492, -2.961042, 0.001233003, 0.03962206, 207.5067, 0.8708864, 0.551697, 0.164956
 
9.650126, -0.0007743277, -0.006802295, 5, 0, 0.0047794449080011205892334249, 18149.5, -3486.492, -2.961042, 0.001233003, 0.03962206, 207.3207, 0.8708855, 0.551697, 0.164956
 
9.660126, -0.0007677347, -0.006810038, 5, 0, 0.0047944834675024071993542743, 18112.56, -3486.492, -2.961042, 0.001233003, 0.03962206, 207.1349, 0.8708847, 0.551697, 0.164956
 
9.670126, -0.0007332561, -0.006817716, 5, 0, 0.0048088714245830597627068169, 18075.69, -3486.492, -2.961042, 0.001233003, 0.03962206, 206.9494, 0.8708838, 0.551697, 0.164956
 
9.680126, -0.0007631826, -0.006825048, 5, 0, 0.0048245497204937529127850193, 18038.91, -3486.492, -2.961042, 0.001233003, 0.03962206, 206.7639, 0.8708829, 0.551697, 0.164956
 
9.690126, -0.0007612224, -0.00683268, 5, 0, 0.0048397390459004442651443405, 18002.21, -3486.492, -2.961042, 0.001233003, 0.03962206, 206.5787, 0.870882, 0.551697, 0.164956
 
9.700127, -0.0008134999, -0.006840292, 5, 0, 0.0048562214266399491246470591, 17965.59, -3486.492, -2.961042, 0.001233003, 0.03962206, 206.3937, 0.8708811, 0.551697, 0.164956
 
9.710127, -0.0008137965, -0.006848427, 5, 0, 0.0048719024390534287776569993, 17929.06, -3486.492, -2.961042, 0.001233003, 0.03962206, 206.2089, 0.8708802, 0.551697, 0.164956
 
9.720127, -0.000777945, -0.006856565, 5, 0, 0.0048867793666381103037564240, 17892.6, -3486.492, -2.961042, 0.001233003, 0.03962206, 206.0242, 0.8708794, 0.551697, 0.164956
 
9.730127, -0.0007994505, -0.006864345, 5, 0, 0.0049027890758904138782146906, 17856.22, -3486.492, -2.961042, 0.001233003, 0.03962206, 205.8397, 0.8708785, 0.551697, 0.164956
 
9.740128, -0.000799284, -0.006872339, 5, 0, 0.0049184850290693075836901916, 17819.93, -3486.492, -2.961042, 0.001233003, 0.03962206, 205.6554, 0.8708776, 0.551697, 0.164956
 
9.750128, -0.0007836315, -0.006880332, 5, 0, 0.0049338577184149911211228430, 17783.71, -3486.492, -2.961042, 0.001233003, 0.03962206, 205.4713, 0.8708767, 0.551697, 0.164956
 
9.760128, -0.0008120905, -0.006888168, 5, 0, 0.0049502001992603187451980435, 17747.57, -3486.492, -2.961042, 0.001233003, 0.03962206, 205.2874, 0.8708757, 0.551697, 0.164956
 
9.770128, -0.0008030505, -0.006896289, 5, 0, 0.0049659043019475991244967587, 17711.51, -3486.492, -2.961042, 0.001233003, 0.03962206, 205.1036, 0.8708748, 0.551697, 0.164956
 
9.780128, -0.000781465, -0.006904319, 5, 0, 0.0049812878573044830037123631, 17675.53, -3486.492, -2.961042, 0.001233003, 0.03962206, 204.9201, 0.8708739, 0.551697, 0.164956
 
9.790129, -0.0007379958, -0.006912134, 5, 0, 0.0049960330345033468031794831, 17639.63, -3486.492, -2.961042, 0.001233003, 0.03962206, 204.7367, 0.8708731, 0.551697, 0.164956
 
9.800129, -0.0007536255, -0.006919514, 5, 0, 0.0050119137098726463189651838, 17603.8, -3486.492, -2.961042, 0.001233003, 0.03962206, 204.5535, 0.8708722, 0.551697, 0.164956
 
9.810129, -0.0007498903, -0.00692705, 5, 0, 0.0050274860621741225541455948, 17568.05, -3486.492, -2.961042, 0.001233003, 0.03962206, 204.3704, 0.8708713, 0.551697, 0.164956
 
9.820129, -0.0007931114, -0.006934549, 5, 0, 0.0050441952708974481308814560, 17532.39, -3486.492, -2.961042, 0.001233003, 0.03962206, 204.1876, 0.8708704, 0.551697, 0.164956
 
9.83013, -0.0007947744, -0.00694248, 5, 0, 0.0050602688179655672958285716, 17496.8, -3486.492, -2.961042, 0.001233003, 0.03962206, 204.0049, 0.8708695, 0.551697, 0.164956
 
9.84013, -0.0007740071, -0.006950428, 5, 0, 0.0050758601857866577116431506, 17461.29, -3486.492, -2.961042, 0.001233003, 0.03962206, 203.8224, 0.8708686, 0.551697, 0.164956
 
9.85013, -0.0008056701, -0.006958168, 5, 0, 0.0050926006342921978535190020, 17425.86, -3486.492, -2.961042, 0.001233003, 0.03962206, 203.6401, 0.8708676, 0.551697, 0.164956
 
9.86013, -0.000805403, -0.006966225, 5, 0, 0.0051088480375394953219653635, 17390.5, -3486.492, -2.961042, 0.001233003, 0.03962206, 203.458, 0.8708667, 0.551697, 0.164956
 
9.870131, -0.0007775763, -0.006974279, 5, 0, 0.0051244733616456003883656709, 17355.22, -3486.492, -2.961042, 0.001233003, 0.03962206, 203.276, 0.8708658, 0.551697, 0.164956
 
9.880131, -0.000823594, -0.006982055, 5, 0, 0.0051417217961747293435665706, 17320.02, -3486.492, -2.961042, 0.001233003, 0.03962206, 203.0942, 0.8708647, 0.551697, 0.164956
 
9.890131, -0.0008145246, -0.006990291, 5, 0, 0.0051580180964724419325502207, 17284.9, -3486.492, -2.961042, 0.001233003, 0.03962206, 202.9126, 0.8708639, 0.551697, 0.164956
 
9.900131, -0.0007870985, -0.006998437, 5, 0, 0.0051738471582885534073808955, 17249.85, -3486.492, -2.961042, 0.001233003, 0.03962206, 202.7312, 0.870863, 0.551697, 0.164956
 
9.910131, -0.0008135821, -0.007006308, 5, 0, 0.0051908280172918739461765795, 17214.87, -3486.492, -2.961042, 0.001233003, 0.03962206, 202.5499, 0.8708619, 0.551697, 0.164956
 
9.920132, -0.0008173455, -0.007014444, 5, 0, 0.0052074978367245982839492364, 17179.97, -3486.492, -2.961042, 0.001233003, 0.03962206, 202.3689, 0.870861, 0.551697, 0.164956
 
9.930132, -0.0007924103, -0.007022617, 5, 0, 0.0052235360692563027555877545, 17145.15, -3486.492, -2.961042, 0.001233003, 0.03962206, 202.188, 0.8708601, 0.551697, 0.164956
 
9.940132, -0.0008198667, -0.007030541, 5, 0, 0.0052407152329640431144363298, 17110.41, -3486.492, -2.961042, 0.001233003, 0.03962206, 202.0073, 0.8708591, 0.551697, 0.164956
 
9.950132, -0.0008113345, -0.00703874, 5, 0, 0.0052572614515193771469418976, 17075.74, -3486.492, -2.961042, 0.001233003, 0.03962206, 201.8267, 0.8708582, 0.551697, 0.164956
 
9.960133, -0.0008047284, -0.007046853, 5, 0, 0.0052738361933540849115997160, 17041.14, -3486.492, -2.961042, 0.001233003, 0.03962206, 201.6463, 0.8708572, 0.551697, 0.164956
 
9.970133, -0.0008253361, -0.0070549, 5, 0, 0.0052910764783748271929774015, 17006.63, -3486.492, -2.961042, 0.001233003, 0.03962206, 201.4662, 0.8708562, 0.551697, 0.164956
 
9.980133, -0.0008252951, -0.007063154, 5, 0, 0.0053080084403277461937497973, 16972.18, -3486.492, -2.961042, 0.001233003, 0.03962206, 201.2861, 0.8708553, 0.551697, 0.164956
 
9.990133, -0.0008110476, -0.007071407, 5, 0, 0.0053246347957156827469046430, 16937.81, -3486.492, -2.961042, 0.001233003, 0.03962206, 201.1063, 0.8708543, 0.551697, 0.164956
 
10.00013, -0.0007745752, -0.007079517, 5, 0, 0.0053406445049679863213629096, 16903.52, -3486.492, -2.961042, 0.001233003, 0.03962206, 200.9266, 0.8708534, 0.551697, 0.164956
 
10.01013, -0.0007866975, -0.007087263, 5, 0, 0.0053576294387255205708412014, 16869.3, -3486.492, -2.961042, 0.001233003, 0.03962206, 200.7471, 0.8708524, 0.551697, 0.164956
 
10.02013, -0.0007748126, -0.00709513, 5, 0, 0.0053741539252584403372668629, 16835.15, -3486.492, -2.961042, 0.001233003, 0.03962206, 200.5678, 0.8708515, 0.551697, 0.164956
 
10.03013, -0.0007531893, -0.007102878, 5, 0, 0.0053903891042431510037214028, 16801.07, -3486.492, -2.961042, 0.001233003, 0.03962206, 200.3886, 0.8708506, 0.551697, 0.164956
 
10.04013, -0.0007896239, -0.00711041, 5, 0, 0.0054079553695999171211016765, 16767.08, -3486.492, -2.961042, 0.001233003, 0.03962206, 200.2097, 0.8708495, 0.551697, 0.164956
 
10.05013, -0.0007812956, -0.007118306, 5, 0, 0.0054247216248820309096840402, 16733.15, -3486.492, -2.961042, 0.001233003, 0.03962206, 200.0309, 0.8708486, 0.551697, 0.164956
 
10.06013, -0.0008199688, -0.007126119, 5, 0, 0.0054426505433626084340703678, 16699.3, -3486.492, -2.961042, 0.001233003, 0.03962206, 199.8522, 0.8708476, 0.551697, 0.164956
 
10.07014, -0.0008261822, -0.007134319, 5, 0, 0.0054601081486073303860791110, 16665.52, -3486.492, -2.961042, 0.001233003, 0.03962206, 199.6738, 0.8708466, 0.551697, 0.164956
 
10.08014, -0.0008172982, -0.007142581, 5, 0, 0.0054772791628066840711044720, 16631.81, -3486.492, -2.961042, 0.001233003, 0.03962206, 199.4955, 0.8708456, 0.551697, 0.164956
 
10.09014, -0.0008042022, -0.007150753, 5, 0, 0.0054943238596258066178750044, 16598.17, -3486.492, -2.961042, 0.001233003, 0.03962206, 199.3173, 0.8708446, 0.551697, 0.164956
 
10.10014, -0.0008331542, -0.007158795, 5, 0, 0.0055123750207323879873195524, 16564.61, -3486.492, -2.961042, 0.001233003, 0.03962206, 199.1393, 0.8708436, 0.551697, 0.164956
 
10.11014, -0.0008396805, -0.007167127, 5, 0, 0.0055301300830337464606646328, 16531.12, -3486.492, -2.961042, 0.001233003, 0.03962206, 198.9615, 0.8708426, 0.551697, 0.164956
 
10.12014, -0.000818302, -0.007175524, 5, 0, 0.0055472752904564857514414802, 16497.69, -3486.492, -2.961042, 0.001233003, 0.03962206, 198.7839, 0.8708416, 0.551697, 0.164956
 
10.13014, -0.0008412481, -0.007183707, 5, 0, 0.0055654283204180567425872115, 16464.34, -3486.492, -2.961042, 0.001233003, 0.03962206, 198.6064, 0.8708405, 0.551697, 0.164956
 
10.14014, -0.000831374, -0.007192119, 5, 0, 0.0055829714955010085511647098, 16431.06, -3486.492, -2.961042, 0.001233003, 0.03962206, 198.4291, 0.8708395, 0.551697, 0.164956
 
10.15014, -0.000830814, -0.007200433, 5, 0, 0.0056007251995509669817869210, 16397.85, -3486.492, -2.961042, 0.001233003, 0.03962206, 198.2519, 0.8708385, 0.551697, 0.164956
 
10.16014, -0.0008679585, -0.007208742, 5, 0, 0.0056194894426425571982237543, 16364.71, -3486.492, -2.961042, 0.001233003, 0.03962206, 198.0749, 0.8708375, 0.551697, 0.164956
 
10.17014, -0.0008676766, -0.007217421, 5, 0, 0.0056376302483415413873776640, 16331.65, -3486.492, -2.961042, 0.001233003, 0.03962206, 197.8981, 0.8708364, 0.551697, 0.164956
 
10.18014, -0.0008475034, -0.007226098, 5, 0, 0.0056553065320616838002823352, 16298.65, -3486.492, -2.961042, 0.001233003, 0.03962206, 197.7215, 0.8708354, 0.551697, 0.164956
 
10.19014, -0.0008085818, -0.007234573, 5, 0, 0.0056723906181714075860160719, 16265.72, -3486.492, -2.961042, 0.001233003, 0.03962206, 197.545, 0.8708344, 0.551697, 0.164956
 
10.20014, -0.0008317891, -0.007242659, 5, 0, 0.0056908193731672008324182341, 16232.86, -3486.492, -2.961042, 0.001233003, 0.03962206, 197.3686, 0.8708334, 0.551697, 0.164956
 
10.21014, -0.0008416438, -0.007250977, 5, 0, 0.0057091340350453633250713897, 16200.08, -3486.492, -2.961042, 0.001233003, 0.03962206, 197.1925, 0.8708323, 0.551697, 0.164956
 
10.22014, -0.0008226122, -0.007259393, 5, 0, 0.0057268266177823334156784912, 16167.36, -3486.492, -2.961042, 0.001233003, 0.03962206, 197.0165, 0.8708313, 0.551697, 0.164956
 
10.23014, -0.0008532242, -0.007267619, 5, 0, 0.0057457090287457409315189380, 16134.71, -3486.492, -2.961042, 0.001233003, 0.03962206, 196.8406, 0.8708302, 0.551697, 0.164956
 
10.24014, -0.0008561632, -0.007276151, 5, 0, 0.0057641622322666941993907429, 16102.13, -3486.492, -2.961042, 0.001233003, 0.03962206, 196.6649, 0.8708292, 0.551697, 0.164956
 
10.25014, -0.0008391322, -0.007284713, 5, 0, 0.0057821712875798606619123479, 16069.62, -3486.492, -2.961042, 0.001233003, 0.03962206, 196.4894, 0.8708282, 0.551697, 0.164956
 
10.26014, -0.0008772124, -0.007293104, 5, 0, 0.0058015304447846695909658539, 16037.18, -3486.492, -2.961042, 0.001233003, 0.03962206, 196.314, 0.870827, 0.551697, 0.164956
 
10.27014, -0.0008786039, -0.007301876, 5, 0, 0.0058202878966192731763023421, 16004.8, -3486.492, -2.961042, 0.001233003, 0.03962206, 196.1388, 0.8708259, 0.551697, 0.164956
 
10.28014, -0.0008675287, -0.007310662, 5, 0, 0.0058387777729280683452336145, 15972.49, -3486.492, -2.961042, 0.001233003, 0.03962206, 195.9637, 0.8708249, 0.551697, 0.164956
 
10.29014, -0.0008410838, -0.007319338, 5, 0, 0.0058568275757832225069272925, 15940.25, -3486.492, -2.961042, 0.001233003, 0.03962206, 195.7888, 0.8708239, 0.551697, 0.164956
 
10.30014, -0.0008662252, -0.007327748, 5, 0, 0.0058760712816190142220229232, 15908.08, -3486.492, -2.961042, 0.001233003, 0.03962206, 195.6141, 0.8708228, 0.551697, 0.164956
 
10.31014, -0.000871697, -0.007336411, 5, 0, 0.0058950514866832248139099464, 15875.98, -3486.492, -2.961042, 0.001233003, 0.03962206, 195.4395, 0.8708217, 0.551697, 0.164956
 
10.32014, -0.0008509923, -0.007345128, 5, 0, 0.0059134327028800165650116895, 15843.95, -3486.492, -2.961042, 0.001233003, 0.03962206, 195.2651, 0.8708206, 0.551697, 0.164956
 
10.33014, -0.0008181335, -0.007353638, 5, 0, 0.0059313752038745537690847069, 15811.98, -3486.492, -2.961042, 0.001233003, 0.03962206, 195.0908, 0.8708196, 0.551697, 0.164956
 
10.34014, -0.0008378755, -0.007361819, 5, 0, 0.0059504980253357688468729872, 15780.08, -3486.492, -2.961042, 0.001233003, 0.03962206, 194.9167, 0.8708186, 0.551697, 0.164956
 
10.35014, -0.000839965, -0.007370198, 5, 0, 0.0059693600625281485568423964, 15748.25, -3486.492, -2.961042, 0.001233003, 0.03962206, 194.7428, 0.8708175, 0.551697, 0.164956
 
10.36014, -0.0008176633, -0.007378597, 5, 0, 0.0059876421263727236066606937, 15716.49, -3486.492, -2.961042, 0.001233003, 0.03962206, 194.569, 0.8708164, 0.551697, 0.164956
 
10.37014, -0.0008572843, -0.007386774, 5, 0, 0.0060074467900367737138432705, 15684.79, -3486.492, -2.961042, 0.001233003, 0.03962206, 194.3954, 0.8708153, 0.551697, 0.164956
 
10.38014, -0.0008671959, -0.007395347, 5, 0, 0.0060268344705209563750490270, 15653.15, -3486.492, -2.961042, 0.001233003, 0.03962206, 194.2219, 0.8708141, 0.551697, 0.164956
 
10.39014, -0.0008560264, -0.007404019, 5, 0, 0.0060457875105571661124786679, 15621.59, -3486.492, -2.961042, 0.001233003, 0.03962206, 194.0486, 0.8708131, 0.551697, 0.164956
 
10.40014, -0.0009036548, -0.007412579, 5, 0, 0.0060662848824352108432964928, 15590.08, -3486.492, -2.961042, 0.001233003, 0.03962206, 193.8754, 0.8708119, 0.551697, 0.164956
 
10.41014, -0.0009126629, -0.007421616, 5, 0, 0.0060861873402000368614976451, 15558.65, -3486.492, -2.961042, 0.001233003, 0.03962206, 193.7023, 0.8708107, 0.551697, 0.164956
 
10.42014, -0.0008951201, -0.007430742, 5, 0, 0.0061054962421030442098049938, 15527.29, -3486.492, -2.961042, 0.001233003, 0.03962206, 193.5295, 0.8708097, 0.551697, 0.164956
 
10.43014, -0.0008649657, -0.007439693, 5, 0, 0.0061243732200608379722399637, 15495.99, -3486.492, -2.961042, 0.001233003, 0.03962206, 193.3568, 0.8708086, 0.551697, 0.164956
 
10.44014, -0.0008923212, -0.007448343, 5, 0, 0.0061446193154298747993270022, 15464.74, -3486.492, -2.961042, 0.001233003, 0.03962206, 193.1843, 0.8708074, 0.551697, 0.164956
 
10.45014, -0.000901691, -0.007457266, 5, 0, 0.0061646521653291049189235896, 15433.58, -3486.492, -2.961042, 0.001233003, 0.03962206, 193.0119, 0.8708063, 0.551697, 0.164956
 
10.46014, -0.0008962469, -0.007466283, 5, 0, 0.0061844174397025266221149612, 15402.46, -3486.492, -2.961042, 0.001233003, 0.03962206, 192.8396, 0.8708051, 0.551697, 0.164956
 
10.47014, -0.0008756443, -0.007475246, 5, 0, 0.0062037738804045490482367294, 15371.42, -3486.492, -2.961042, 0.001233003, 0.03962206, 192.6675, 0.8708041, 0.551697, 0.164956
 
10.48014, -0.0008969199, -0.007484002, 5, 0, 0.0062241585174163766505424173, 15340.45, -3486.492, -2.961042, 0.001233003, 0.03962206, 192.4956, 0.8708029, 0.551697, 0.164956
 
10.49014, -0.000907351, -0.007492971, 5, 0, 0.0062444806748638158701101263, 15309.53, -3486.492, -2.961042, 0.001233003, 0.03962206, 192.3238, 0.8708017, 0.551697, 0.164956
 
10.50014, -0.0008911631, -0.007502045, 5, 0, 0.0062642133512036365479526391, 15278.68, -3486.492, -2.961042, 0.001233003, 0.03962206, 192.1521, 0.8708006, 0.551697, 0.164956
 
10.51015, -0.0008691208, -0.007510956, 5, 0, 0.0062837029005428495784015802, 15247.9, -3486.492, -2.961042, 0.001233003, 0.03962206, 191.9807, 0.8707995, 0.551697, 0.164956
 
10.52015, -0.0008958793, -0.007519647, 5, 0, 0.0063044067266337008030955107, 15217.18, -3486.492, -2.961042, 0.001233003, 0.03962206, 191.8093, 0.8707983, 0.551697, 0.164956
 
10.53015, -0.000903752, -0.007528606, 5, 0, 0.0063248687839753308406047382, 15186.53, -3486.492, -2.961042, 0.001233003, 0.03962206, 191.6382, 0.8707972, 0.551697, 0.164956
 
10.54015, -0.0008860131, -0.007537644, 5, 0, 0.0063447454349635696295853777, 15155.93, -3486.492, -2.961042, 0.001233003, 0.03962206, 191.4671, 0.870796, 0.551697, 0.164956
 
10.55015, -0.0008637395, -0.007546504, 5, 0, 0.0063644020492249879149472201, 15125.4, -3486.492, -2.961042, 0.001233003, 0.03962206, 191.2962, 0.8707949, 0.551697, 0.164956
 
10.56015, -0.0009025459, -0.007555142, 5, 0, 0.0063856233690992689995682841, 15094.93, -3486.492, -2.961042, 0.001233003, 0.03962206, 191.1255, 0.8707936, 0.551697, 0.164956
 
10.57015, -0.0009007346, -0.007564167, 5, 0, 0.0064060962924520857963464641, 15064.53, -3486.492, -2.961042, 0.001233003, 0.03962206, 190.9549, 0.8707925, 0.551697, 0.164956
 
10.58015, -0.0009073433, -0.007573174, 5, 0, 0.0064268449408391520134090759, 15034.19, -3486.492, -2.961042, 0.001233003, 0.03962206, 190.7845, 0.8707913, 0.551697, 0.164956
 
10.59015, -0.0008832518, -0.007582248, 5, 0, 0.0064468479092075676105885423, 15003.92, -3486.492, -2.961042, 0.001233003, 0.03962206, 190.6142, 0.8707902, 0.551697, 0.164956
 
10.60015, -0.0009080701, -0.00759108, 5, 0, 0.0064680719455846487806553445, 14973.71, -3486.492, -2.961042, 0.001233003, 0.03962206, 190.444, 0.8707889, 0.551697, 0.164956
 
10.61015, -0.0009150161, -0.007600161, 5, 0, 0.0064890637209722954800835272, 14943.56, -3486.492, -2.961042, 0.001233003, 0.03962206, 190.2741, 0.8707877, 0.551697, 0.164956
 
10.62015, -0.0008972262, -0.007609311, 5, 0, 0.0065094741647607646416657296, 14913.47, -3486.492, -2.961042, 0.001233003, 0.03962206, 190.1042, 0.8707866, 0.551697, 0.164956
 
10.63015, -0.0008753478, -0.007618284, 5, 0, 0.0065296740795821864336612177, 14883.45, -3486.492, -2.961042, 0.001233003, 0.03962206, 189.9346, 0.8707854, 0.551697, 0.164956
 
10.64015, -0.0008950178, -0.007627037, 5, 0, 0.0065509144149760545338884490, 14853.49, -3486.492, -2.961042, 0.001233003, 0.03962206, 189.7651, 0.8707842, 0.551697, 0.164956
 
10.65015, -0.0008985368, -0.007635987, 5, 0, 0.0065719238476319153712279305, 14823.59, -3486.492, -2.961042, 0.001233003, 0.03962206, 189.5957, 0.870783, 0.551697, 0.164956
 
10.66015, -0.0008982113, -0.007644973, 5, 0, 0.0065929129065167755677243754, 14793.75, -3486.492, -2.961042, 0.001233003, 0.03962206, 189.4264, 0.8707818, 0.551697, 0.164956
 
10.67015, -0.0008755687, -0.007653955, 5, 0, 0.0066133247085566040244874456, 14763.98, -3486.492, -2.961042, 0.001233003, 0.03962206, 189.2574, 0.8707806, 0.551697, 0.164956
 
10.68015, -0.0009010827, -0.007662711, 5, 0, 0.0066349643698620982677521972, 14734.26, -3486.492, -2.961042, 0.001233003, 0.03962206, 189.0884, 0.8707794, 0.551697, 0.164956
 
10.69015, -0.0009088779, -0.007671722, 5, 0, 0.0066563799196865854617435448, 14704.61, -3486.492, -2.961042, 0.001233003, 0.03962206, 188.9196, 0.8707782, 0.551697, 0.164956
 
10.70015, -0.000911664, -0.007680811, 5, 0, 0.0066777805287456586032693317, 14675.02, -3486.492, -2.961042, 0.001233003, 0.03962206, 188.751, 0.870777, 0.551697, 0.164956
 
10.71015, -0.0008915266, -0.007689927, 5, 0, 0.0066986065974625000905074822, 14645.48, -3486.492, -2.961042, 0.001233003, 0.03962206, 188.5824, 0.8707758, 0.551697, 0.164956
 
10.72015, -0.0009193309, -0.007698842, 5, 0, 0.0067206849739701945507449578, 14616.02, -3486.492, -2.961042, 0.001233003, 0.03962206, 188.4141, 0.8707745, 0.551697, 0.164956
 
10.73015, -0.0009222236, -0.007708035, 5, 0, 0.0067423572333092898193585683, 14586.6, -3486.492, -2.961042, 0.001233003, 0.03962206, 188.2459, 0.8707733, 0.551697, 0.164956
 
10.74015, -0.0009277375, -0.007717258, 5, 0, 0.0067641856915593492535601257, 14557.26, -3486.492, -2.961042, 0.001233003, 0.03962206, 188.0778, 0.870772, 0.551697, 0.164956
 
10.75015, -0.0009154041, -0.007726535, 5, 0, 0.0067856093908922367038886880, 14527.97, -3486.492, -2.961042, 0.001233003, 0.03962206, 187.9099, 0.8707708, 0.551697, 0.164956
 
10.76015, -0.0008924074, -0.007735689, 5, 0, 0.0068066731536040992501429342, 14498.74, -3486.492, -2.961042, 0.001233003, 0.03962206, 187.7421, 0.8707696, 0.551697, 0.164956
 
10.77015, -0.0009169983, -0.007744613, 5, 0, 0.0068289729250900006742080757, 14469.57, -3486.492, -2.961042, 0.001233003, 0.03962206, 187.5744, 0.8707683, 0.551697, 0.164956
 
10.78015, -0.000925364, -0.007753783, 5, 0, 0.0068510811831284824918346714, 14440.46, -3486.492, -2.961042, 0.001233003, 0.03962206, 187.4069, 0.8707671, 0.551697, 0.164956
 
10.79015, -0.0009161939, -0.007763037, 5, 0, 0.0068728104890263931373227851, 14411.41, -3486.492, -2.961042, 0.001233003, 0.03962206, 187.2396, 0.8707658, 0.551697, 0.164956
 
10.80015, -0.0009012105, -0.007772198, 5, 0, 0.0068943496397282570540672214, 14382.42, -3486.492, -2.961042, 0.001233003, 0.03962206, 187.0724, 0.8707646, 0.551697, 0.164956
 
10.81015, -0.0009247454, -0.00778121, 5, 0, 0.0069169400770137676208263536, 14353.49, -3486.492, -2.961042, 0.001233003, 0.03962206, 186.9053, 0.8707633, 0.551697, 0.164956
 
10.82015, -0.0009383939, -0.007790458, 5, 0, 0.0069395114987796775894653182, 14324.63, -3486.492, -2.961042, 0.001233003, 0.03962206, 186.7384, 0.870762, 0.551697, 0.164956
 
10.83015, -0.0009263952, -0.007799842, 5, 0, 0.0069615138132089560747081229, 14295.81, -3486.492, -2.961042, 0.001233003, 0.03962206, 186.5716, 0.8707607, 0.551697, 0.164956
 
10.84015, -0.0009219007, -0.007809106, 5, 0, 0.0069836927003202808614659139, 14267.06, -3486.492, -2.961042, 0.001233003, 0.03962206, 186.405, 0.8707595, 0.551697, 0.164956
 
10.85015, -0.0009533396, -0.007818324, 5, 0, 0.0070069486807918123624309128, 14238.37, -3486.492, -2.961042, 0.001233003, 0.03962206, 186.2385, 0.8707582, 0.551697, 0.164956
 
10.86015, -0.0009611243, -0.007827858, 5, 0, 0.0070298542324021192583816795, 14209.73, -3486.492, -2.961042, 0.001233003, 0.03962206, 186.0721, 0.8707569, 0.551697, 0.164956
 
10.87015, -0.0009639745, -0.007837469, 5, 0, 0.0070527489180012393950634936, 14181.15, -3486.492, -2.961042, 0.001233003, 0.03962206, 185.9059, 0.8707556, 0.551697, 0.164956
 
10.88015, -0.0009449536, -0.007847109, 5, 0, 0.0070750799292693418017546248, 14152.64, -3486.492, -2.961042, 0.001233003, 0.03962206, 185.7398, 0.8707542, 0.551697, 0.164956
 
10.89015, -0.0009235269, -0.007856558, 5, 0, 0.0070972316513526385690270326, 14124.18, -3486.492, -2.961042, 0.001233003, 0.03962206, 185.5739, 0.870753, 0.551697, 0.164956
 
10.90015, -0.0009494424, -0.007865793, 5, 0, 0.0071206601297519619132824088, 14095.78, -3486.492, -2.961042, 0.001233003, 0.03962206, 185.4081, 0.8707517, 0.551697, 0.164956
 
10.91015, -0.0009585488, -0.007875288, 5, 0, 0.0071438862286927060568582876, 14067.44, -3486.492, -2.961042, 0.001233003, 0.03962206, 185.2424, 0.8707503, 0.551697, 0.164956
 
10.92015, -0.0009627287, -0.007884873, 5, 0, 0.0071671096111306365324744277, 14039.16, -3486.492, -2.961042, 0.001233003, 0.03962206, 185.0769, 0.870749, 0.551697, 0.164956
 
10.93015, -0.0009400084, -0.0078945, 5, 0, 0.0071896280610919448349214968, 14010.93, -3486.492, -2.961042, 0.001233003, 0.03962206, 184.9115, 0.8707477, 0.551697, 0.164956
 
10.94016, -0.0009154401, -0.0079039, 5, 0, 0.0072119495646002469425525441, 13982.76, -3486.492, -2.961042, 0.001233003, 0.03962206, 184.7463, 0.8707464, 0.551697, 0.164956
 
10.95016, -0.0009452982, -0.007913054, 5, 0, 0.0072357461291289818647054507, 13954.65, -3486.492, -2.961042, 0.001233003, 0.03962206, 184.5812, 0.8707451, 0.551697, 0.164956
 
10.96016, -0.00095752, -0.007922507, 5, 0, 0.0072593484637075378425160745, 13926.59, -3486.492, -2.961042, 0.001233003, 0.03962206, 184.4162, 0.8707438, 0.551697, 0.164956
 
10.97016, -0.0009640772, -0.007932082, 5, 0, 0.0072829521565374666980215666, 13898.6, -3486.492, -2.961042, 0.001233003, 0.03962206, 184.2514, 0.8707424, 0.551697, 0.164956
 
10.98016, -0.0009479366, -0.007941723, 5, 0, 0.0073060016827962188701384608, 13870.66, -3486.492, -2.961042, 0.001233003, 0.03962206, 184.0867, 0.8707411, 0.551697, 0.164956
 
10.99016, -0.0009300474, -0.007951202, 5, 0, 0.0073289113091607394767718352, 13842.77, -3486.492, -2.961042, 0.001233003, 0.03962206, 183.9222, 0.8707398, 0.551697, 0.164956
 
11.00016, -0.0009522971, -0.007960502, 5, 0, 0.0073529360599246815763667532, 13814.95, -3486.492, -2.961042, 0.001233003, 0.03962206, 183.7578, 0.8707384, 0.551697, 0.164956
 
11.01016, -0.0009714026, -0.007970025, 5, 0, 0.0073771387416220564376855262, 13787.17, -3486.492, -2.961042, 0.001233003, 0.03962206, 183.5935, 0.870737, 0.551697, 0.164956
 
11.02016, -0.0009652868, -0.007979739, 5, 0, 0.0074008144217761875575030814, 13759.46, -3486.492, -2.961042, 0.001233003, 0.03962206, 183.4294, 0.8707356, 0.551697, 0.164956
 
11.03016, -0.0009527605, -0.007989392, 5, 0, 0.0074243067379913129097333060, 13731.8, -3486.492, -2.961042, 0.001233003, 0.03962206, 183.2654, 0.8707343, 0.551697, 0.164956
 
11.04016, -0.0009376848, -0.007998919, 5, 0, 0.0074476645873178611974274891, 13704.2, -3486.492, -2.961042, 0.001233003, 0.03962206, 183.1015, 0.870733, 0.551697, 0.164956
 
11.05016, -0.0009663622, -0.008008296, 5, 0, 0.0074722883269492493028356879, 13676.66, -3486.492, -2.961042, 0.001233003, 0.03962206, 182.9378, 0.8707316, 0.551697, 0.164956
 
11.06016, -0.0009789437, -0.008017959, 5, 0, 0.0074967585841724054155316758, 13649.17, -3486.492, -2.961042, 0.001233003, 0.03962206, 182.7742, 0.8707302, 0.551697, 0.164956
 
11.07016, -0.0009750093, -0.008027748, 5, 0, 0.0075209028610595648572530764, 13621.73, -3486.492, -2.961042, 0.001233003, 0.03962206, 182.6108, 0.8707288, 0.551697, 0.164956
 
11.08016, -0.0009706724, -0.008037498, 5, 0, 0.0075450647952149248543717755, 13594.35, -3486.492, -2.961042, 0.001233003, 0.03962206, 182.4474, 0.8707274, 0.551697, 0.164956
 
11.09016, -0.0009550627, -0.008047205, 5, 0, 0.0075689048237884747261704942, 13567.03, -3486.492, -2.961042, 0.001233003, 0.03962206, 182.2842, 0.870726, 0.551697, 0.164956
 
11.10016, -0.0009839636, -0.008056756, 5, 0, 0.0075940433407004654410320874, 13539.76, -3486.492, -2.961042, 0.001233003, 0.03962206, 182.1212, 0.8707246, 0.551697, 0.164956
 
11.11016, -0.0009961084, -0.008066596, 5, 0, 0.0076190052849304370194066952, 13512.55, -3486.492, -2.961042, 0.001233003, 0.03962206, 181.9583, 0.8707232, 0.551697, 0.164956
 
11.12016, -0.00099217, -0.008076557, 5, 0, 0.0076436493983328393481719312, 13485.39, -3486.492, -2.961042, 0.001233003, 0.03962206, 181.7955, 0.8707218, 0.551697, 0.164956
 
11.13016, -0.0009770716, -0.008086478, 5, 0, 0.0076679743226561773070069234, 13458.29, -3486.492, -2.961042, 0.001233003, 0.03962206, 181.6328, 0.8707204, 0.551697, 0.164956
 
11.14016, -0.0009643567, -0.008096249, 5, 0, 0.0076923006052309560561067859, 13431.24, -3486.492, -2.961042, 0.001233003, 0.03962206, 181.4703, 0.870719, 0.551697, 0.164956
 
11.15016, -0.0009497395, -0.008105893, 5, 0, 0.0077165114364367040087347727, 13404.25, -3486.492, -2.961042, 0.001233003, 0.03962206, 181.308, 0.8707176, 0.551697, 0.164956
 
11.16016, -0.00097252, -0.00811539, 5, 0, 0.0077418265260307138600833514, 13377.31, -3486.492, -2.961042, 0.001233003, 0.03962206, 181.1457, 0.8707162, 0.551697, 0.164956
 
11.17016, -0.0009936339, -0.008125115, 5, 0, 0.0077673738766141174345285485, 13350.42, -3486.492, -2.961042, 0.001233003, 0.03962206, 180.9836, 0.8707147, 0.551697, 0.164956
 
11.18016, -0.0009962897, -0.008135051, 5, 0, 0.0077926101876269112254367181, 13323.6, -3486.492, -2.961042, 0.001233003, 0.03962206, 180.8216, 0.8707133, 0.551697, 0.164956
 
11.19016, -0.0009787348, -0.008145015, 5, 0, 0.0078173072728338880553658488, 13296.82, -3486.492, -2.961042, 0.001233003, 0.03962206, 180.6598, 0.8707119, 0.551697, 0.164956
 
11.20016, -0.000960911, -0.008154802, 5, 0, 0.0078418970561802615101883193, 13270.1, -3486.492, -2.961042, 0.001233003, 0.03962206, 180.4981, 0.8707104, 0.551697, 0.164956
 
11.21016, -0.0009814339, -0.008164411, 5, 0, 0.0078675938144176697841491191, 13243.44, -3486.492, -2.961042, 0.001233003, 0.03962206, 180.3365, 0.870709, 0.551697, 0.164956
 
11.22016, -0.001000973, -0.008174226, 5, 0, 0.0078935336996556857055034907, 13216.82, -3486.492, -2.961042, 0.001233003, 0.03962206, 180.1751, 0.8707075, 0.551697, 0.164956
 
11.23016, -0.001002783, -0.008184236, 5, 0, 0.0079191666200772919714894420, 13190.26, -3486.492, -2.961042, 0.001233003, 0.03962206, 180.0137, 0.870706, 0.551697, 0.164956
 
11.24016, -0.0009921758, -0.008194263, 5, 0, 0.0079444966504366887102755806, 13163.75, -3486.492, -2.961042, 0.001233003, 0.03962206, 179.8525, 0.8707046, 0.551697, 0.164956
 
11.25016, -0.0009903358, -0.008204184, 5, 0, 0.0079700738825508932246238983, 13137.3, -3486.492, -2.961042, 0.001233003, 0.03962206, 179.6915, 0.8707032, 0.551697, 0.164956
 
11.26016, -0.0009773752, -0.008214088, 5, 0, 0.0079953482246029017942864035, 13110.89, -3486.492, -2.961042, 0.001233003, 0.03962206, 179.5305, 0.8707017, 0.551697, 0.164956
 
11.27016, -0.001018255, -0.008223861, 5, 0, 0.0080222918576255492878410515, 13084.54, -3486.492, -2.961042, 0.001233003, 0.03962206, 179.3697, 0.8707002, 0.551697, 0.164956
 
11.28016, -0.001040468, -0.008234044, 5, 0, 0.0080491091732679792256548714, 13058.25, -3486.492, -2.961042, 0.001233003, 0.03962206, 179.209, 0.8706986, 0.551697, 0.164956
 
11.29016, -0.001038912, -0.008244448, 5, 0, 0.0080754565339260079638699776, 13032.01, -3486.492, -2.961042, 0.001233003, 0.03962206, 179.0485, 0.8706971, 0.551697, 0.164956
 
11.30016, -0.001031775, -0.008254837, 5, 0, 0.0081016830102094328997497326, 13005.81, -3486.492, -2.961042, 0.001233003, 0.03962206, 178.8881, 0.8706956, 0.551697, 0.164956
 
11.31016, -0.001021779, -0.008265155, 5, 0, 0.0081278171253976549304743876, 12979.68, -3486.492, -2.961042, 0.001233003, 0.03962206, 178.7278, 0.8706941, 0.551697, 0.164956
 
11.32016, -0.0009963503, -0.008275373, 5, 0, 0.0081534242390426603847258258, 12953.59, -3486.492, -2.961042, 0.001233003, 0.03962206, 178.5676, 0.8706927, 0.551697, 0.164956
 
11.33016, -0.0009790265, -0.008285336, 5, 0, 0.0081791182807772685732408874, 12927.56, -3486.492, -2.961042, 0.001233003, 0.03962206, 178.4076, 0.8706912, 0.551697, 0.164956
 
11.34016, -0.001011966, -0.008295126, 5, 0, 0.0082063457883425114133611802, 12901.58, -3486.492, -2.961042, 0.001233003, 0.03962206, 178.2477, 0.8706896, 0.551697, 0.164956
 
11.35016, -0.001034325, -0.008305246, 5, 0, 0.0082336344172207833410385840, 12875.64, -3486.492, -2.961042, 0.001233003, 0.03962206, 178.0879, 0.8706881, 0.551697, 0.164956
 
11.36016, -0.001033432, -0.008315589, 5, 0, 0.0082604598823716271177036190, 12849.77, -3486.492, -2.961042, 0.001233003, 0.03962206, 177.9283, 0.8706865, 0.551697, 0.164956
 
11.37016, -0.00103348, -0.008325923, 5, 0, 0.0082873804251204603024554916, 12823.94, -3486.492, -2.961042, 0.001233003, 0.03962206, 177.7688, 0.870685, 0.551697, 0.164956
 
11.38017, -0.001009876, -0.008336258, 5, 0, 0.0083136028266496986926806396, 12798.17, -3486.492, -2.961042, 0.001233003, 0.03962206, 177.6094, 0.8706835, 0.551697, 0.164956
 
11.39017, -0.0009942886, -0.008346356, 5, 0, 0.0083399203057769129084786249, 12772.45, -3486.492, -2.961042, 0.001233003, 0.03962206, 177.4501, 0.870682, 0.551697, 0.164956
 
11.40017, -0.0009788377, -0.008356299, 5, 0, 0.0083661644393285519822696788, 12746.78, -3486.492, -2.961042, 0.001233003, 0.03962206, 177.291, 0.8706805, 0.551697, 0.164956
 
11.41017, -0.001011637, -0.008366087, 5, 0, 0.0083939203066884250241000580, 12721.15, -3486.492, -2.961042, 0.001233003, 0.03962206, 177.132, 0.8706789, 0.551697, 0.164956
 
11.42017, -0.001023759, -0.008376203, 5, 0, 0.0084213977325113028902562689, 12695.58, -3486.492, -2.961042, 0.001233003, 0.03962206, 176.9731, 0.8706774, 0.551697, 0.164956
 
11.43017, -0.00103303, -0.008386442, 5, 0, 0.0084489797436919568810454009, 12670.06, -3486.492, -2.961042, 0.001233003, 0.03962206, 176.8143, 0.8706758, 0.551697, 0.164956
 
11.44017, -0.001023526, -0.008396772, 5, 0, 0.0084761067406536101421873795, 12644.6, -3486.492, -2.961042, 0.001233003, 0.03962206, 176.6557, 0.8706743, 0.551697, 0.164956
 
11.45017, -0.001010622, -0.008407007, 5, 0, 0.0085031019872294592592110539, 12619.18, -3486.492, -2.961042, 0.001233003, 0.03962206, 176.4972, 0.8706727, 0.551697, 0.164956
 
11.46017, -0.001009928, -0.008417113, 5, 0, 0.0085304503791693330666946989, 12593.82, -3486.492, -2.961042, 0.001233003, 0.03962206, 176.3388, 0.8706712, 0.551697, 0.164956
 
11.47017, -0.0009979885, -0.008427212, 5, 0, 0.0085574918062927564712679224, 12568.5, -3486.492, -2.961042, 0.001233003, 0.03962206, 176.1806, 0.8706696, 0.551697, 0.164956
 
11.48017, -0.001027759, -0.008437192, 5, 0, 0.0085858819770564630471921790, 12543.23, -3486.492, -2.961042, 0.001233003, 0.03962206, 176.0225, 0.870668, 0.551697, 0.164956
 
11.49017, -0.001054769, -0.008447469, 5, 0, 0.0086145641718711652260192952, 12518.02, -3486.492, -2.961042, 0.001233003, 0.03962206, 175.8645, 0.8706663, 0.551697, 0.164956
 
11.50017, -0.001051787, -0.008458016, 5, 0, 0.0086425903312596603522146288, 12492.86, -3486.492, -2.961042, 0.001233003, 0.03962206, 175.7066, 0.8706647, 0.551697, 0.164956
 
11.51017, -0.001045492, -0.008468534, 5, 0, 0.0086705580858379400588125901, 12467.74, -3486.492, -2.961042, 0.001233003, 0.03962206, 175.5489, 0.8706631, 0.551697, 0.164956
 
11.52017, -0.00103623, -0.008478989, 5, 0, 0.0086984375540752034059100584, 12442.67, -3486.492, -2.961042, 0.001233003, 0.03962206, 175.3912, 0.8706616, 0.551697, 0.164956
 
11.53017, -0.001020521, -0.008489351, 5, 0, 0.0087260847613230730299109084, 12417.66, -3486.492, -2.961042, 0.001233003, 0.03962206, 175.2337, 0.8706599, 0.551697, 0.164956
 
11.54017, -0.001022562, -0.008499556, 5, 0, 0.0087542453876001723856702845, 12392.69, -3486.492, -2.961042, 0.001233003, 0.03962206, 175.0763, 0.8706583, 0.551697, 0.164956
 
11.55017, -0.001049152, -0.008509782, 5, 0, 0.0087833404908404603872216109, 12367.78, -3486.492, -2.961042, 0.001233003, 0.03962206, 174.9191, 0.8706567, 0.551697, 0.164956
 
11.56017, -0.001069161, -0.008520273, 5, 0, 0.0088125659862151796551963733, 12342.92, -3486.492, -2.961042, 0.001233003, 0.03962206, 174.7619, 0.870655, 0.551697, 0.164956
 
11.57017, -0.001079018, -0.008530965, 5, 0, 0.0088417425845395109676618479, 12318.09, -3486.492, -2.961042, 0.001233003, 0.03962206, 174.6049, 0.8706533, 0.551697, 0.164956
 
11.58017, -0.001082437, -0.008541755, 5, 0, 0.0088708743605676137052446409, 12293.33, -3486.492, -2.961042, 0.001233003, 0.03962206, 174.448, 0.8706517, 0.551697, 0.164956
 
11.59017, -0.001074692, -0.00855258, 5, 0, 0.0088997494270811355332331719, 12268.6, -3486.492, -2.961042, 0.001233003, 0.03962206, 174.2912, 0.8706501, 0.551697, 0.164956
 
11.60017, -0.001071029, -0.008563327, 5, 0, 0.0089287616769860345112034827, 12243.93, -3486.492, -2.961042, 0.001233003, 0.03962206, 174.1346, 0.8706484, 0.551697, 0.164956
 
11.61017, -0.001052468, -0.008574037, 5, 0, 0.0089573066884093323750208181, 12219.31, -3486.492, -2.961042, 0.001233003, 0.03962206, 173.9781, 0.8706468, 0.551697, 0.164956
 
11.62017, -0.001048435, -0.008584562, 5, 0, 0.0089862401597330560400927211, 12194.73, -3486.492, -2.961042, 0.001233003, 0.03962206, 173.8217, 0.8706451, 0.551697, 0.164956
 
11.63017, -0.001035109, -0.008595046, 5, 0, 0.0090148883982627571508481093, 12170.21, -3486.492, -2.961042, 0.001233003, 0.03962206, 173.6654, 0.8706435, 0.551697, 0.164956
 
11.64017, -0.001075516, -0.008605396, 5, 0, 0.0090453349616461148266822067, 12145.73, -3486.492, -2.961042, 0.001233003, 0.03962206, 173.5092, 0.8706417, 0.551697, 0.164956
 
11.65017, -0.001082654, -0.008616151, 5, 0, 0.0090751404303686387548080811, 12121.3, -3486.492, -2.961042, 0.001233003, 0.03962206, 173.3531, 0.87064, 0.551697, 0.164956
 
11.66017, -0.001094553, -0.008626978, 5, 0, 0.0091052732376786001441734132, 12096.92, -3486.492, -2.961042, 0.001233003, 0.03962206, 173.1972, 0.8706383, 0.551697, 0.164956
 
11.67017, -0.001099573, -0.008637924, 5, 0, 0.0091353761634577605936356247, 12072.59, -3486.492, -2.961042, 0.001233003, 0.03962206, 173.0414, 0.8706366, 0.551697, 0.164956
 
11.68017, -0.001098888, -0.00864892, 5, 0, 0.0091654179679238919555407252, 12048.31, -3486.492, -2.961042, 0.001233003, 0.03962206, 172.8857, 0.8706349, 0.551697, 0.164956
 
11.69017, -0.001083879, -0.008659909, 5, 0, 0.0091950346397018235277017929, 12024.07, -3486.492, -2.961042, 0.001233003, 0.03962206, 172.7302, 0.8706332, 0.551697, 0.164956
 
11.70017, -0.001075453, -0.008670747, 5, 0, 0.0092248088686421600557156781, 11999.88, -3486.492, -2.961042, 0.001233003, 0.03962206, 172.5748, 0.8706315, 0.551697, 0.164956
 
11.71017, -0.001060363, -0.008681502, 5, 0, 0.0092543426870846754392677293, 11975.74, -3486.492, -2.961042, 0.001233003, 0.03962206, 172.4195, 0.8706298, 0.551697, 0.164956
 
11.72017, -0.001052145, -0.008692106, 5, 0, 0.0092840354209410229864234679, 11951.66, -3486.492, -2.961042, 0.001233003, 0.03962206, 172.2643, 0.8706281, 0.551697, 0.164956
 
11.73017, -0.001032045, -0.008702627, 5, 0, 0.0093133111716175438351443876, 11927.61, -3486.492, -2.961042, 0.001233003, 0.03962206, 172.1092, 0.8706264, 0.551697, 0.164956
 
11.74017, -0.00107869, -0.008712947, 5, 0, 0.0093448049468303344503105732, 11903.61, -3486.492, -2.961042, 0.001233003, 0.03962206, 171.9542, 0.8706247, 0.551697, 0.164956
 
11.75017, -0.001101896, -0.008723734, 5, 0, 0.0093760664610537177598661400, 11879.66, -3486.492, -2.961042, 0.001233003, 0.03962206, 171.7993, 0.8706229, 0.551697, 0.164956
 
11.76017, -0.001115207, -0.008734753, 5, 0, 0.0094073143927631006421930157, 11855.75, -3486.492, -2.961042, 0.001233003, 0.03962206, 171.6446, 0.8706211, 0.551697, 0.164956
 
11.77017, -0.00111551, -0.008745905, 5, 0, 0.0094383327799858763043550108, 11831.89, -3486.492, -2.961042, 0.001233003, 0.03962206, 171.49, 0.8706193, 0.551697, 0.164956
 
11.78017, -0.001119168, -0.00875706, 5, 0, 0.0094695603379242449633248493, 11808.08, -3486.492, -2.961042, 0.001233003, 0.03962206, 171.3355, 0.8706175, 0.551697, 0.164956
 
11.79017, -0.001117927, -0.008768252, 5, 0, 0.0095007430735664393774680078, 11784.31, -3486.492, -2.961042, 0.001233003, 0.03962206, 171.1811, 0.8706157, 0.551697, 0.164956
 
11.80017, -0.001109445, -0.008779432, 5, 0, 0.0095317370122640142706183588, 11760.6, -3486.492, -2.961042, 0.001233003, 0.03962206, 171.0269, 0.870614, 0.551697, 0.164956
 
11.81017, -0.001099714, -0.008790527, 5, 0, 0.0095626888451681878393597673, 11736.92, -3486.492, -2.961042, 0.001233003, 0.03962206, 170.8727, 0.8706122, 0.551697, 0.164956
 
11.82018, -0.001091604, -0.008801524, 5, 0, 0.0095936773508601625616186418, 11713.3, -3486.492, -2.961042, 0.001233003, 0.03962206, 170.7187, 0.8706104, 0.551697, 0.164956
 
11.83018, -0.001082435, -0.00881244, 5, 0, 0.0096246278255129225051231807, 11689.72, -3486.492, -2.961042, 0.001233003, 0.03962206, 170.5647, 0.8706087, 0.551697, 0.164956
 
11.84018, -0.001078747, -0.008823264, 5, 0, 0.0096557616641047153812430511, 11666.18, -3486.492, -2.961042, 0.001233003, 0.03962206, 170.411, 0.8706069, 0.551697, 0.164956
 
11.85018, -0.001056623, -0.008834052, 5, 0, 0.0096862734235552751077748661, 11642.7, -3486.492, -2.961042, 0.001233003, 0.03962206, 170.2573, 0.8706052, 0.551697, 0.164956
 
11.86018, -0.001084654, -0.008844618, 5, 0, 0.0097184463244681006668896099, 11619.26, -3486.492, -2.961042, 0.001233003, 0.03962206, 170.1038, 0.8706033, 0.551697, 0.164956
 
11.87018, -0.0011069, -0.008855464, 5, 0, 0.0097508093805769050421780292, 11595.87, -3486.492, -2.961042, 0.001233003, 0.03962206, 169.9503, 0.8706015, 0.551697, 0.164956
 
11.88018, -0.001125179, -0.008866533, 5, 0, 0.0097833639501331154413909937, 11572.52, -3486.492, -2.961042, 0.001233003, 0.03962206, 169.797, 0.8705996, 0.551697, 0.164956
 
11.89018, -0.001135596, -0.008877785, 5, 0, 0.0098159307439519669726517815, 11549.21, -3486.492, -2.961042, 0.001233003, 0.03962206, 169.6438, 0.8705977, 0.551697, 0.164956
 
11.90018, -0.001134704, -0.008889141, 5, 0, 0.0098482856505523846741169865, 11525.96, -3486.492, -2.961042, 0.001233003, 0.03962206, 169.4907, 0.8705959, 0.551697, 0.164956
 
11.91018, -0.001131805, -0.008900488, 5, 0, 0.0098806554979181756805057509, 11502.75, -3486.492, -2.961042, 0.001233003, 0.03962206, 169.3377, 0.8705941, 0.551697, 0.164956
 
11.92018, -0.001133828, -0.008911806, 5, 0, 0.0099132657557818149963843500, 11479.58, -3486.492, -2.961042, 0.001233003, 0.03962206, 169.1848, 0.8705922, 0.551697, 0.164956
 
11.93018, -0.00112711, -0.008923144, 5, 0, 0.0099456695594326478183868435, 11456.46, -3486.492, -2.961042, 0.001233003, 0.03962206, 169.0321, 0.8705903, 0.551697, 0.164956
 
11.94018, -0.001115529, -0.008934415, 5, 0, 0.0099779090146640483058941732, 11433.38, -3486.492, -2.961042, 0.001233003, 0.03962206, 168.8795, 0.8705885, 0.551697, 0.164956
 
11.95018, -0.001099378, -0.00894557, 5, 0, 0.0100099460904368560102080051, 11410.35, -3486.492, -2.961042, 0.001233003, 0.03962206, 168.7269, 0.8705867, 0.551697, 0.164956
 
11.96018, -0.001108582, -0.008956564, 5, 0, 0.0100428252820776766201866883, 11387.37, -3486.492, -2.961042, 0.001233003, 0.03962206, 168.5745, 0.8705848, 0.551697, 0.164956
 
11.97018, -0.001101965, -0.008967649, 5, 0, 0.0100753200885723123046214126, 11364.42, -3486.492, -2.961042, 0.001233003, 0.03962206, 168.4222, 0.8705829, 0.551697, 0.164956
 
11.98018, -0.001095695, -0.008978669, 5, 0, 0.0101078434183463353037223879, 11341.52, -3486.492, -2.961042, 0.001233003, 0.03962206, 168.2701, 0.8705811, 0.551697, 0.164956
 
11.99018, -0.001095781, -0.008989626, 5, 0, 0.0101406234576349663774456260, 11318.67, -3486.492, -2.961042, 0.001233003, 0.03962206, 168.118, 0.8705792, 0.551697, 0.164956
 
12.00018, -0.001082033, -0.009000584, 5, 0, 0.0101729824389895977895934388, 11295.87, -3486.492, -2.961042, 0.001233003, 0.03962206, 167.966, 0.8705774, 0.551697, 0.164956
 
12.01018, -0.00112033, -0.009011404, 5, 0, 0.0102072198820304611224412377, 11273.1, -3486.492, -2.961042, 0.001233003, 0.03962206, 167.8142, 0.8705754, 0.551697, 0.164956
 
12.02018, -0.001140444, -0.009022607, 5, 0, 0.0102413079174173469208014347, 11250.38, -3486.492, -2.961042, 0.001233003, 0.03962206, 167.6625, 0.8705735, 0.551697, 0.164956
 
12.03018, -0.001157712, -0.009034011, 5, 0, 0.0102756187060338261431981662, 11227.7, -3486.492, -2.961042, 0.001233003, 0.03962206, 167.5108, 0.8705715, 0.551697, 0.164956
 
12.04018, -0.001168223, -0.009045588, 5, 0, 0.0103099688839408794395301013, 11205.07, -3486.492, -2.961042, 0.001233003, 0.03962206, 167.3593, 0.8705695, 0.551697, 0.164956
 
12.05018, -0.001175082, -0.00905727, 5, 0, 0.0103444032734347761322219228, 11182.48, -3486.492, -2.961042, 0.001233003, 0.03962206, 167.2079, 0.8705676, 0.551697, 0.164956
 
12.06018, -0.001183368, -0.009069021, 5, 0, 0.0103790672074152528800506240, 11159.94, -3486.492, -2.961042, 0.001233003, 0.03962206, 167.0566, 0.8705656, 0.551697, 0.164956
 
12.07018, -0.001182718, -0.009080854, 5, 0, 0.0104135912415015523924518071, 11137.43, -3486.492, -2.961042, 0.001233003, 0.03962206, 166.9054, 0.8705636, 0.551697, 0.164956
 
12.08018, -0.001191999, -0.009092681, 5, 0, 0.0104485784393152664733513587, 11114.97, -3486.492, -2.961042, 0.001233003, 0.03962206, 166.7544, 0.8705617, 0.551697, 0.164956
 
12.09018, -0.001186148, -0.009104601, 5, 0, 0.0104832002675023418967711173, 11092.56, -3486.492, -2.961042, 0.001233003, 0.03962206, 166.6034, 0.8705597, 0.551697, 0.164956
 
12.10018, -0.001180634, -0.009116462, 5, 0, 0.0105178737092426325261739028, 11070.19, -3486.492, -2.961042, 0.001233003, 0.03962206, 166.4526, 0.8705577, 0.551697, 0.164956
 
12.11018, -0.001186836, -0.009128269, 5, 0, 0.0105530198224701244406211400, 11047.86, -3486.492, -2.961042, 0.001233003, 0.03962206, 166.3018, 0.8705557, 0.551697, 0.164956
 
12.12018, -0.001178902, -0.009140138, 5, 0, 0.0105878019243224456528814556, 11025.58, -3486.492, -2.961042, 0.001233003, 0.03962206, 166.1512, 0.8705537, 0.551697, 0.164956
 
12.13018, -0.001172315, -0.009151926, 5, 0, 0.0106226437892363279974060110, 11003.34, -3486.492, -2.961042, 0.001233003, 0.03962206, 166.0007, 0.8705517, 0.551697, 0.164956
 
12.14018, -0.001172571, -0.00916365, 5, 0, 0.0106577749616984330244156884, 10981.13, -3486.492, -2.961042, 0.001233003, 0.03962206, 165.8503, 0.8705497, 0.551697, 0.164956
 
12.15018, -0.001171917, -0.009175375, 5, 0, 0.0106929699719763400594002143, 10958.98, -3486.492, -2.961042, 0.001233003, 0.03962206, 165.7, 0.8705477, 0.551697, 0.164956
 
12.16018, -0.00117154, -0.009187094, 5, 0, 0.0107282709258634504267685311, 10936.87, -3486.492, -2.961042, 0.001233003, 0.03962206, 165.5498, 0.8705457, 0.551697, 0.164956
 
12.17018, -0.001169204, -0.009198809, 5, 0, 0.0107635963282757615631484921, 10914.79, -3486.492, -2.961042, 0.001233003, 0.03962206, 165.3997, 0.8705437, 0.551697, 0.164956
 
12.18018, -0.001162017, -0.009210501, 5, 0, 0.0107987994880620688544702327, 10892.77, -3486.492, -2.961042, 0.001233003, 0.03962206, 165.2498, 0.8705417, 0.551697, 0.164956
 
12.19018, -0.001162075, -0.009222121, 5, 0, 0.0108343082544133857584375243, 10870.78, -3486.492, -2.961042, 0.001233003, 0.03962206, 165.0999, 0.8705397, 0.551697, 0.164956
 
12.20018, -0.001156548, -0.009233742, 5, 0, 0.0108696974946414989027923337, 10848.84, -3486.492, -2.961042, 0.001233003, 0.03962206, 164.9501, 0.8705376, 0.551697, 0.164956
 
12.21018, -0.001156913, -0.009245307, 5, 0, 0.0109053515938926339606206211, 10826.94, -3486.492, -2.961042, 0.001233003, 0.03962206, 164.8005, 0.8705356, 0.551697, 0.164956
 
12.22018, -0.001150463, -0.009256876, 5, 0, 0.0109408467777299368548452211, 10805.09, -3486.492, -2.961042, 0.001233003, 0.03962206, 164.651, 0.8705336, 0.551697, 0.164956
 
12.23018, -0.001157288, -0.009268381, 5, 0, 0.0109768906951328841741369447, 10783.27, -3486.492, -2.961042, 0.001233003, 0.03962206, 164.5016, 0.8705315, 0.551697, 0.164956
 
12.24018, -0.00115663, -0.009279953, 5, 0, 0.0110128245941724144503622695, 10761.49, -3486.492, -2.961042, 0.001233003, 0.03962206, 164.3522, 0.8705295, 0.551697, 0.164956
 
12.25019, -0.001155741, -0.009291519, 5, 0, 0.0110488413465473337501686099, 10739.76, -3486.492, -2.961042, 0.001233003, 0.03962206, 164.2031, 0.8705274, 0.551697, 0.164956
 
12.26019, -0.001154592, -0.009303077, 5, 0, 0.0110849423105090692813068360, 10718.07, -3486.492, -2.961042, 0.001233003, 0.03962206, 164.0539, 0.8705254, 0.551697, 0.164956
 
12.27019, -0.001165401, -0.009314623, 5, 0, 0.0111216042322990088744760064, 10696.42, -3486.492, -2.961042, 0.001233003, 0.03962206, 163.9049, 0.8705233, 0.551697, 0.164956
 
12.28019, -0.001166602, -0.009326276, 5, 0, 0.0111581181046863845583944444, 10674.82, -3486.492, -2.961042, 0.001233003, 0.03962206, 163.7561, 0.8705212, 0.551697, 0.164956
 
12.29019, -0.001162158, -0.009337942, 5, 0, 0.0111945328247215027934874353, 10653.25, -3486.492, -2.961042, 0.001233003, 0.03962206, 163.6073, 0.8705191, 0.551697, 0.164956
 
12.30019, -0.001164894, -0.009349564, 5, 0, 0.0112312775998468721577796226, 10631.73, -3486.492, -2.961042, 0.001233003, 0.03962206, 163.4586, 0.870517, 0.551697, 0.164956
 
12.31019, -0.001166381, -0.009361213, 5, 0, 0.0112681174525702309301586476, 10610.25, -3486.492, -2.961042, 0.001233003, 0.03962206, 163.31, 0.8705149, 0.551697, 0.164956
 
12.32019, -0.001172125, -0.009372877, 5, 0, 0.0113052466128417988025087942, 10588.81, -3486.492, -2.961042, 0.001233003, 0.03962206, 163.1616, 0.8705128, 0.551697, 0.164956
 
12.33019, -0.001166321, -0.009384599, 5, 0, 0.0113420932568221713710161652, 10567.41, -3486.492, -2.961042, 0.001233003, 0.03962206, 163.0132, 0.8705107, 0.551697, 0.164956
 
12.34019, -0.001174142, -0.009396262, 5, 0, 0.0113795185158989349744377786, 10546.05, -3486.492, -2.961042, 0.001233003, 0.03962206, 162.865, 0.8705086, 0.551697, 0.164956
 
12.35019, -0.00117953, -0.009408003, 5, 0, 0.0114170483603335154500343144, 10524.73, -3486.492, -2.961042, 0.001233003, 0.03962206, 162.7169, 0.8705064, 0.551697, 0.164956
 
12.36019, -0.001183281, -0.009419798, 5, 0, 0.0114546855066287128832515107, 10503.46, -3486.492, -2.961042, 0.001233003, 0.03962206, 162.5688, 0.8705043, 0.551697, 0.164956
 
12.37019, -0.001181058, -0.00943163, 5, 0, 0.0114922384413370805026228210, 10482.22, -3486.492, -2.961042, 0.001233003, 0.03962206, 162.4209, 0.8705021, 0.551697, 0.164956
 
12.38019, -0.001179491, -0.009443441, 5, 0, 0.0115299013944088787475745305, 10461.02, -3486.492, -2.961042, 0.001233003, 0.03962206, 162.2731, 0.8705, 0.551697, 0.164956
 
12.39019, -0.001190443, -0.009455237, 5, 0, 0.0115681579033424684973920427, 10439.87, -3486.492, -2.961042, 0.001233003, 0.03962206, 162.1253, 0.8704978, 0.551697, 0.164956
 
12.40019, -0.001188824, -0.009467141, 5, 0, 0.0116061454784988633705954704, 10418.75, -3486.492, -2.961042, 0.001233003, 0.03962206, 161.9777, 0.8704956, 0.551697, 0.164956
 
12.41019, -0.0011973, -0.009479029, 5, 0, 0.0116446356066732876337744714, 10397.68, -3486.492, -2.961042, 0.001233003, 0.03962206, 161.8302, 0.8704934, 0.551697, 0.164956
 
12.42019, -0.001204615, -0.009491002, 5, 0, 0.0116832941580212900295612419, 10376.64, -3486.492, -2.961042, 0.001233003, 0.03962206, 161.6828, 0.8704912, 0.551697, 0.164956
 
12.43019, -0.001194561, -0.009503048, 5, 0, 0.0117214460815970900722318326, 10355.65, -3486.492, -2.961042, 0.001233003, 0.03962206, 161.5355, 0.8704891, 0.551697, 0.164956
 
12.44019, -0.001204341, -0.009514994, 5, 0, 0.0117603980152475152786723325, 10334.7, -3486.492, -2.961042, 0.001233003, 0.03962206, 161.3883, 0.8704868, 0.551697, 0.164956
 
12.45019, -0.00121157, -0.009527038, 5, 0, 0.0117994776245295309185485288, 10313.78, -3486.492, -2.961042, 0.001233003, 0.03962206, 161.2412, 0.8704846, 0.551697, 0.164956
 
12.46019, -0.001224253, -0.009539153, 5, 0, 0.0118389782917455869675421519, 10292.91, -3486.492, -2.961042, 0.001233003, 0.03962206, 161.0942, 0.8704823, 0.551697, 0.164956
 
12.47019, -0.001227484, -0.009551396, 5, 0, 0.0118783675823468259307465070, 10272.07, -3486.492, -2.961042, 0.001233003, 0.03962206, 160.9473, 0.8704801, 0.551697, 0.164956
 
12.48019, -0.001236122, -0.00956367, 5, 0, 0.0119181317503344766854627381, 10251.28, -3486.492, -2.961042, 0.001233003, 0.03962206, 160.8005, 0.8704778, 0.551697, 0.164956
 
12.49019, -0.001232021, -0.009576032, 5, 0, 0.0119575943865113043731880250, 10230.53, -3486.492, -2.961042, 0.001233003, 0.03962206, 160.6539, 0.8704756, 0.551697, 0.164956
 
12.50019, -0.001241531, -0.009588352, 5, 0, 0.0119976818183321924609751065, 10209.81, -3486.492, -2.961042, 0.001233003, 0.03962206, 160.5073, 0.8704733, 0.551697, 0.164956
 
12.51019, -0.001238119, -0.009600768, 5, 0, 0.0120374704348450304021889812, 10189.14, -3486.492, -2.961042, 0.001233003, 0.03962206, 160.3608, 0.870471, 0.551697, 0.164956
 
12.52019, -0.001242251, -0.009613149, 5, 0, 0.0120776447947555076417256856, 10168.5, -3486.492, -2.961042, 0.001233003, 0.03962206, 160.2145, 0.8704687, 0.551697, 0.164956
 
12.53019, -0.001252897, -0.009625572, 5, 0, 0.0121182592281195715584439827, 10147.91, -3486.492, -2.961042, 0.001233003, 0.03962206, 160.0682, 0.8704664, 0.551697, 0.164956
 
12.54019, -0.001260928, -0.009638101, 5, 0, 0.0121590217108862537144690138, 10127.35, -3486.492, -2.961042, 0.001233003, 0.03962206, 159.922, 0.8704641, 0.551697, 0.164956
 
12.55019, -0.001279194, -0.00965071, 5, 0, 0.0122004252883137560356882675, 10106.83, -3486.492, -2.961042, 0.001233003, 0.03962206, 159.776, 0.8704617, 0.551697, 0.164956
 
12.56019, -0.00127611, -0.009663502, 5, 0, 0.0122412909981868278561373509, 10086.35, -3486.492, -2.961042, 0.001233003, 0.03962206, 159.63, 0.8704594, 0.551697, 0.164956
 
12.57019, -0.001286588, -0.009676263, 5, 0, 0.0122828045939777472204230034, 10065.91, -3486.492, -2.961042, 0.001233003, 0.03962206, 159.4841, 0.8704571, 0.551697, 0.164956
 
12.58019, -0.001295972, -0.009689129, 5, 0, 0.0123245260022328731213076307, 10045.51, -3486.492, -2.961042, 0.001233003, 0.03962206, 159.3384, 0.8704547, 0.551697, 0.164956
 
12.59019, -0.00130338, -0.009702088, 5, 0, 0.0123664049676503632305030740, 10025.15, -3486.492, -2.961042, 0.001233003, 0.03962206, 159.1927, 0.8704523, 0.551697, 0.164956
 
12.60019, -0.001310591, -0.009715122, 5, 0, 0.0124084985367890872549398385, 10004.82, -3486.492, -2.961042, 0.001233003, 0.03962206, 159.0471, 0.8704498, 0.551697, 0.164956
 
12.61019, -0.001278179, -0.009728228, 5, 0, 0.0124491333439241653950151727, 9984.537, -3486.492, -2.961042, 0.001233003, 0.03962206, 158.9017, 0.8704476, 0.551697, 0.164956
 
12.62019, -0.001252071, -0.009741009, 5, 0, 0.0124897382695284561777013868, 9964.292, -3486.492, -2.961042, 0.001233003, 0.03962206, 158.7563, 0.8704453, 0.551697, 0.164956
 
12.63019, -0.001246682, -0.00975353, 5, 0, 0.0125310073800673542693565981, 9944.081, -3486.492, -2.961042, 0.001233003, 0.03962206, 158.6111, 0.8704429, 0.551697, 0.164956
 
12.64019, -0.001251229, -0.009765997, 5, 0, 0.0125727505203448672712931307, 9923.906, -3486.492, -2.961042, 0.001233003, 0.03962206, 158.4659, 0.8704405, 0.551697, 0.164956
 
12.65019, -0.001261588, -0.009778509, 5, 0, 0.0126149174350592071852788278, 9903.772, -3486.492, -2.961042, 0.001233003, 0.03962206, 158.3208, 0.8704381, 0.551697, 0.164956
 
12.66019, -0.001259594, -0.009791125, 5, 0, 0.0126568113412421113469398319, 9883.68, -3486.492, -2.961042, 0.001233003, 0.03962206, 158.1758, 0.8704357, 0.551697, 0.164956
 
12.67019, -0.001271074, -0.009803721, 5, 0, 0.0126993857313764640777862638, 9863.619, -3486.492, -2.961042, 0.001233003, 0.03962206, 158.0309, 0.8704333, 0.551697, 0.164956
 
12.68019, -0.001275884, -0.009816431, 5, 0, 0.0127419411059911890454845271, 9843.602, -3486.492, -2.961042, 0.001233003, 0.03962206, 157.8862, 0.8704308, 0.551697, 0.164956
 
12.6902, -0.001283478, -0.009829191, 5, 0, 0.0127848048036737372937880802, 9823.62, -3486.492, -2.961042, 0.001233003, 0.03962206, 157.7415, 0.8704284, 0.551697, 0.164956
 
12.7002, -0.001288485, -0.009842025, 5, 0, 0.0128277825944738891308126390, 9803.677, -3486.492, -2.961042, 0.001233003, 0.03962206, 157.597, 0.8704259, 0.551697, 0.164956
 
12.7102, -0.00129935, -0.00985491, 5, 0, 0.0128711977422248547246010531, 9783.773, -3486.492, -2.961042, 0.001233003, 0.03962206, 157.4525, 0.8704235, 0.551697, 0.164956
 
12.7202, -0.001317116, -0.009867904, 5, 0, 0.0129151833555638382619944957, 9763.907, -3486.492, -2.961042, 0.001233003, 0.03962206, 157.3081, 0.870421, 0.551697, 0.164956
 
12.7302, -0.001323393, -0.009881075, 5, 0, 0.0129590358602656176125467650, 9744.078, -3486.492, -2.961042, 0.001233003, 0.03962206, 157.1638, 0.8704185, 0.551697, 0.164956
 
12.7402, -0.001327619, -0.009894309, 5, 0, 0.0130030092493420007654343856, 9724.287, -3486.492, -2.961042, 0.001233003, 0.03962206, 157.0197, 0.870416, 0.551697, 0.164956
 
12.7502, -0.00130345, -0.009907585, 5, 0, 0.0130459422178459511926042636, 9704.53, -3486.492, -2.961042, 0.001233003, 0.03962206, 156.8756, 0.8704135, 0.551697, 0.164956
 
12.7602, -0.00128958, -0.009920619, 5, 0, 0.0130891291793617096089506662, 9684.813, -3486.492, -2.961042, 0.001233003, 0.03962206, 156.7316, 0.870411, 0.551697, 0.164956
 
12.7702, -0.001290462, -0.009933515, 5, 0, 0.0131329001889794999786447890, 9665.13, -3486.492, -2.961042, 0.001233003, 0.03962206, 156.5877, 0.8704086, 0.551697, 0.164956
 
12.7802, -0.001291323, -0.00994642, 5, 0, 0.0131768043072344809526660847, 9645.49, -3486.492, -2.961042, 0.001233003, 0.03962206, 156.444, 0.8704061, 0.551697, 0.164956
 
12.7902, -0.001286137, -0.009959333, 5, 0, 0.0132205875411148445418380287, 9625.885, -3486.492, -2.961042, 0.001233003, 0.03962206, 156.3003, 0.8704036, 0.551697, 0.164956
 
12.8002, -0.001284026, -0.009972194, 5, 0, 0.0132645650049454142403802562, 9606.317, -3486.492, -2.961042, 0.001233003, 0.03962206, 156.1567, 0.8704011, 0.551697, 0.164956
 
12.8102, -0.001294718, -0.009985034, 5, 0, 0.0133092066537106319954334821, 9586.785, -3486.492, -2.961042, 0.001233003, 0.03962206, 156.0132, 0.8703985, 0.551697, 0.164956
 
12.8202, -0.001302494, -0.009997982, 5, 0, 0.0133539936353756407393197030, 9567.291, -3486.492, -2.961042, 0.001233003, 0.03962206, 155.8698, 0.870396, 0.551697, 0.164956
 
12.8302, -0.00132305, -0.01001101, 5, 0, 0.0133995792688638746042529640, 9547.831, -3486.492, -2.961042, 0.001233003, 0.03962206, 155.7265, 0.8703934, 0.551697, 0.164956
 
12.8402, -0.001334315, -0.01002424, 5, 0, 0.0134451716936091086828005705, 9528.405, -3486.492, -2.961042, 0.001233003, 0.03962206, 155.5833, 0.8703908, 0.551697, 0.164956
 
12.8502, -0.001347144, -0.01003758, 5, 0, 0.0134911159054669402440572775, 9509.019, -3486.492, -2.961042, 0.001233003, 0.03962206, 155.4402, 0.8703882, 0.551697, 0.164956
 
12.8602, -0.001327539, -0.01005105, 5, 0, 0.0135359232609029767938145360, 9489.674, -3486.492, -2.961042, 0.001233003, 0.03962206, 155.2972, 0.8703856, 0.551697, 0.164956
 
12.8702, -0.001311305, -0.01006433, 5, 0, 0.0135807550648641733650414373, 9470.359, -3486.492, -2.961042, 0.001233003, 0.03962206, 155.1543, 0.870383, 0.551697, 0.164956
 
12.8802, -0.001312165, -0.01007744, 5, 0, 0.0136262632780226047947711586, 9451.078, -3486.492, -2.961042, 0.001233003, 0.03962206, 155.0115, 0.8703805, 0.551697, 0.164956
 
12.8902, -0.001320938, -0.01009056, 5, 0, 0.0136722672529420518183481072, 9431.84, -3486.492, -2.961042, 0.001233003, 0.03962206, 154.8687, 0.8703778, 0.551697, 0.164956
 
12.9002, -0.001318979, -0.01010377, 5, 0, 0.0137180403251234915790373061, 9412.639, -3486.492, -2.961042, 0.001233003, 0.03962206, 154.7261, 0.8703752, 0.551697, 0.164956
 
12.9102, -0.001326896, -0.01011696, 5, 0, 0.0137643702803789488561028424, 9393.469, -3486.492, -2.961042, 0.001233003, 0.03962206, 154.5836, 0.8703726, 0.551697, 0.164956
 
12.9202, -0.001333179, -0.01013023, 5, 0, 0.0138108632258024112599126726, 9374.339, -3486.492, -2.961042, 0.001233003, 0.03962206, 154.4412, 0.8703699, 0.551697, 0.164956
 
12.9302, -0.001345628, -0.01014356, 5, 0, 0.0138578587242438894711840757, 9355.244, -3486.492, -2.961042, 0.001233003, 0.03962206, 154.2988, 0.8703672, 0.551697, 0.164956
 
12.9402, -0.001360781, -0.01015702, 5, 0, 0.0139052888631333813537735957, 9336.183, -3486.492, -2.961042, 0.001233003, 0.03962206, 154.1566, 0.8703645, 0.551697, 0.164956
 
12.9502, -0.001336367, -0.01017062, 5, 0, 0.0139512792555388279501218531, 9317.159, -3486.492, -2.961042, 0.001233003, 0.03962206, 154.0144, 0.8703619, 0.551697, 0.164956
 
12.9602, -0.0013305, -0.01018399, 5, 0, 0.0139979216086162950534472860, 9298.169, -3486.492, -2.961042, 0.001233003, 0.03962206, 153.8724, 0.8703593, 0.551697, 0.164956
 
12.9702, -0.001330191, -0.01019729, 5, 0, 0.0140448627770017715558039244, 9279.213, -3486.492, -2.961042, 0.001233003, 0.03962206, 153.7304, 0.8703566, 0.551697, 0.164956
 
12.9802, -0.001336909, -0.01021059, 5, 0, 0.0140922521683492621567073710, 9260.298, -3486.492, -2.961042, 0.001233003, 0.03962206, 153.5885, 0.8703539, 0.551697, 0.164956
 
12.9902, -0.001346957, -0.01022396, 5, 0, 0.0141400354526027651472428611, 9241.413, -3486.492, -2.961042, 0.001233003, 0.03962206, 153.4468, 0.8703512, 0.551697, 0.164956
 
13.0002, -0.001365238, -0.01023743, 5, 0, 0.0141884842800422890719842179, 9222.565, -3486.492, -2.961042, 0.001233003, 0.03962206, 153.3051, 0.8703484, 0.551697, 0.164956
 
13.0102, -0.001377579, -0.01025109, 5, 0, 0.0142370417675938164145551040, 9203.755, -3486.492, -2.961042, 0.001233003, 0.03962206, 153.1635, 0.8703457, 0.551697, 0.164956
 
13.0202, -0.001351864, -0.01026486, 5, 0, 0.0142841730911752988981134186, 9184.978, -3486.492, -2.961042, 0.001233003, 0.03962206, 153.022, 0.870343, 0.551697, 0.164956
 
13.0302, -0.00134819, -0.01027838, 5, 0, 0.0143321193655968070153932026, 9166.233, -3486.492, -2.961042, 0.001233003, 0.03962206, 152.8806, 0.8703402, 0.551697, 0.164956
 
13.0402, -0.001347038, -0.01029186, 5, 0, 0.0143802557952143211138746628, 9147.526, -3486.492, -2.961042, 0.001233003, 0.03962206, 152.7393, 0.8703375, 0.551697, 0.164956
 
13.0502, -0.001350459, -0.01030533, 5, 0, 0.0144287182051678454658447108, 9128.856, -3486.492, -2.961042, 0.001233003, 0.03962206, 152.598, 0.8703347, 0.551697, 0.164956
 
13.0602, -0.001359957, -0.01031884, 5, 0, 0.0144776695856253851980476404, 9110.221, -3486.492, -2.961042, 0.001233003, 0.03962206, 152.4569, 0.8703319, 0.551697, 0.164956
 
13.0702, -0.001375152, -0.01033244, 5, 0, 0.0145271506841289415921695251, 9091.617, -3486.492, -2.961042, 0.001233003, 0.03962206, 152.3159, 0.8703291, 0.551697, 0.164956
 
13.0802, -0.001389967, -0.01034619, 5, 0, 0.0145769849279965090942373800, 9073.051, -3486.492, -2.961042, 0.001233003, 0.03962206, 152.1749, 0.8703263, 0.551697, 0.164956
 
13.0902, -0.001404572, -0.01036009, 5, 0, 0.0146271723172280877042512049, 9054.518, -3486.492, -2.961042, 0.001233003, 0.03962206, 152.0341, 0.8703234, 0.551697, 0.164956
 
13.1002, -0.001384332, -0.01037413, 5, 0, 0.0146760829501436261547680610, 9036.021, -3486.492, -2.961042, 0.001233003, 0.03962206, 151.8933, 0.8703206, 0.551697, 0.164956
 
13.1102, -0.001374707, -0.01038798, 5, 0, 0.0147253603109371761404595784, 9017.558, -3486.492, -2.961042, 0.001233003, 0.03962206, 151.7527, 0.8703178, 0.551697, 0.164956
 
13.1202, -0.001375392, -0.01040172, 5, 0, 0.0147751130597207410791552863, 8999.13, -3486.492, -2.961042, 0.001233003, 0.03962206, 151.6121, 0.870315, 0.551697, 0.164956
 
13.13021, -0.001384691, -0.01041548, 5, 0, 0.0148254362740923239614560227, 8980.735, -3486.492, -2.961042, 0.001233003, 0.03962206, 151.4716, 0.8703122, 0.551697, 0.164956
 
13.14021, -0.001395596, -0.01042932, 5, 0, 0.0148761126338279179517027293, 8962.374, -3486.492, -2.961042, 0.001233003, 0.03962206, 151.3312, 0.8703092, 0.551697, 0.164956
 
13.15021, -0.001407822, -0.01044328, 5, 0, 0.0149271693039555239043527882, 8944.049, -3486.492, -2.961042, 0.001233003, 0.03962206, 151.1909, 0.8703063, 0.551697, 0.164956
 
13.16021, -0.001391112, -0.01045736, 5, 0, 0.0149771665379910965331649369, 8925.761, -3486.492, -2.961042, 0.001233003, 0.03962206, 151.0508, 0.8703035, 0.551697, 0.164956
 
13.17021, -0.001382559, -0.01047127, 5, 0, 0.0150274761698486789882369823, 8907.505, -3486.492, -2.961042, 0.001233003, 0.03962206, 150.9107, 0.8703007, 0.551697, 0.164956
 
13.18021, -0.001378374, -0.01048509, 5, 0, 0.0150780167044442687061967772, 8889.281, -3486.492, -2.961042, 0.001233003, 0.03962206, 150.7706, 0.8702977, 0.551697, 0.164956
 
13.19021, -0.001383143, -0.01049888, 5, 0, 0.0151290733745718746588468362, 8871.091, -3486.492, -2.961042, 0.001233003, 0.03962206, 150.6307, 0.8702949, 0.551697, 0.164956
 
13.20021, -0.001411404, -0.01051271, 5, 0, 0.0151814747135855229071373197, 8852.937, -3486.492, -2.961042, 0.001233003, 0.03962206, 150.4908, 0.8702918, 0.551697, 0.164956
 
13.21021, -0.001428569, -0.01052682, 5, 0, 0.0152339032176271720098851855, 8834.813, -3486.492, -2.961042, 0.001233003, 0.03962206, 150.3511, 0.8702888, 0.551697, 0.164956
 
13.22021, -0.001414337, -0.01054111, 5, 0, 0.0152852451205487869343377587, 8816.725, -3486.492, -2.961042, 0.001233003, 0.03962206, 150.2114, 0.8702859, 0.551697, 0.164956
 
13.23021, -0.001406542, -0.01055525, 5, 0, 0.0153368450912364099761354639, 8798.67, -3486.492, -2.961042, 0.001233003, 0.03962206, 150.0719, 0.870283, 0.551697, 0.164956
 
13.24021, -0.001404547, -0.01056932, 5, 0, 0.0153887574597460428441930658, 8780.648, -3486.492, -2.961042, 0.001233003, 0.03962206, 149.9324, 0.87028, 0.551697, 0.164956
 
13.25021, -0.001408253, -0.01058336, 5, 0, 0.0154410637211616881018827111, 8762.663, -3486.492, -2.961042, 0.001233003, 0.03962206, 149.793, 0.870277, 0.551697, 0.164956
 
13.26021, -0.001422895, -0.01059745, 5, 0, 0.0154941170208473568571503702, 8744.706, -3486.492, -2.961042, 0.001233003, 0.03962206, 149.6537, 0.8702741, 0.551697, 0.164956
 
13.27021, -0.001410346, -0.01061167, 5, 0, 0.0155462331270669961336383393, 8726.785, -3486.492, -2.961042, 0.001233003, 0.03962206, 149.5145, 0.8702711, 0.551697, 0.164956
 
13.28021, -0.001405297, -0.01062578, 5, 0, 0.0155986887961366460908435875, 8708.896, -3486.492, -2.961042, 0.001233003, 0.03962206, 149.3753, 0.8702681, 0.551697, 0.164956
 
13.29021, -0.001411312, -0.01063983, 5, 0, 0.0156517420958223148461112465, 8691.042, -3486.492, -2.961042, 0.001233003, 0.03962206, 149.2363, 0.8702651, 0.551697, 0.164956
 
13.30021, -0.001416356, -0.01065394, 5, 0, 0.0157050127157319904370379640, 8673.221, -3486.492, -2.961042, 0.001233003, 0.03962206, 149.0973, 0.870262, 0.551697, 0.164956
 
13.31021, -0.001432228, -0.01066811, 5, 0, 0.0157590439564256899527713863, 8655.431, -3486.492, -2.961042, 0.001233003, 0.03962206, 148.9585, 0.870259, 0.551697, 0.164956
 
13.32021, -0.001412496, -0.01068243, 5, 0, 0.0158117305282333471728643841, 8637.677, -3486.492, -2.961042, 0.001233003, 0.03962206, 148.8197, 0.8702559, 0.551697, 0.164956
 
13.33021, -0.001411392, -0.01069655, 5, 0, 0.0158651913033390287449927778, 8619.958, -3486.492, -2.961042, 0.001233003, 0.03962206, 148.681, 0.8702529, 0.551697, 0.164956
 
13.34021, -0.001415717, -0.01071067, 5, 0, 0.0159190731363787235612105974, 8602.265, -3486.492, -2.961042, 0.001233003, 0.03962206, 148.5424, 0.8702499, 0.551697, 0.164956
 
13.35021, -0.001432907, -0.01072483, 5, 0, 0.0159738106678004452928359599, 8584.609, -3486.492, -2.961042, 0.001233003, 0.03962206, 148.4039, 0.8702468, 0.551697, 0.164956
 
13.36021, -0.001452896, -0.01073916, 5, 0, 0.0160291050822961845408376598, 8566.982, -3486.492, -2.961042, 0.001233003, 0.03962206, 148.2655, 0.8702436, 0.551697, 0.164956
 
13.37021, -0.001472502, -0.01075368, 5, 0, 0.0160848341372399374601574767, 8549.394, -3486.492, -2.961042, 0.001233003, 0.03962206, 148.1272, 0.8702404, 0.551697, 0.164956
 
13.38021, -0.001455809, -0.01076841, 5, 0, 0.0161392456883256489382942514, 8531.834, -3486.492, -2.961042, 0.001233003, 0.03962206, 147.9889, 0.8702374, 0.551697, 0.164956
 
13.39021, -0.001452669, -0.01078297, 5, 0, 0.0161942412875133787872647459, 8514.31, -3486.492, -2.961042, 0.001233003, 0.03962206, 147.8508, 0.8702342, 0.551697, 0.164956
 
13.40021, -0.001463121, -0.01079749, 5, 0, 0.0162500246725131334154993275, 8496.815, -3486.492, -2.961042, 0.001233003, 0.03962206, 147.7127, 0.870231, 0.551697, 0.164956
 
13.41021, -0.001481661, -0.01081213, 5, 0, 0.0163065415132689111140832315, 8479.354, -3486.492, -2.961042, 0.001233003, 0.03962206, 147.5747, 0.8702278, 0.551697, 0.164956
 
13.42021, -0.001466178, -0.01082694, 5, 0, 0.0163618087627366495076275491, 8461.923, -3486.492, -2.961042, 0.001233003, 0.03962206, 147.4368, 0.8702247, 0.551697, 0.164956
 
13.43021, -0.001457054, -0.0108416, 5, 0, 0.0164173340799703960185169987, 8444.527, -3486.492, -2.961042, 0.001233003, 0.03962206, 147.299, 0.8702215, 0.551697, 0.164956
 
13.44021, -0.001460757, -0.01085617, 5, 0, 0.0164735113578761630363836238, 8427.166, -3486.492, -2.961042, 0.001233003, 0.03962206, 147.1613, 0.8702183, 0.551697, 0.164956
 
13.45021, -0.001471706, -0.01087078, 5, 0, 0.0165302998489119492795413510, 8409.83, -3486.492, -2.961042, 0.001233003, 0.03962206, 147.0237, 0.8702151, 0.551697, 0.164956
 
13.46021, -0.001454509, -0.0108855, 5, 0, 0.0165860017388277013444037856, 8392.531, -3486.492, -2.961042, 0.001233003, 0.03962206, 146.8861, 0.8702119, 0.551697, 0.164956
 
13.47021, -0.001451109, -0.01090004, 5, 0, 0.0166423148418734726345573223, 8375.261, -3486.492, -2.961042, 0.001233003, 0.03962206, 146.7487, 0.8702087, 0.551697, 0.164956
 
13.48021, -0.001454934, -0.01091455, 5, 0, 0.0166990897503952584504863583, 8358.027, -3486.492, -2.961042, 0.001233003, 0.03962206, 146.6113, 0.8702055, 0.551697, 0.164956
 
13.49021, -0.001466097, -0.0109291, 5, 0, 0.0167564894545610639189351875, 8340.819, -3486.492, -2.961042, 0.001233003, 0.03962206, 146.474, 0.8702022, 0.551697, 0.164956
 
13.50021, -0.001485632, -0.01094376, 5, 0, 0.0168146497795108933121907215, 8323.646, -3486.492, -2.961042, 0.001233003, 0.03962206, 146.3368, 0.8701989, 0.551697, 0.164956
 
13.51021, -0.001476117, -0.01095862, 5, 0, 0.0168718049984246910905231100, 8306.506, -3486.492, -2.961042, 0.001233003, 0.03962206, 146.1997, 0.8701956, 0.551697, 0.164956
 
13.52021, -0.001475614, -0.01097338, 5, 0, 0.0169294491878425042490883800, 8289.397, -3486.492, -2.961042, 0.001233003, 0.03962206, 146.0627, 0.8701923, 0.551697, 0.164956
 
13.53021, -0.001488217, -0.01098814, 5, 0, 0.0169879354931283438958325018, 8272.316, -3486.492, -2.961042, 0.001233003, 0.03962206, 145.9257, 0.870189, 0.551697, 0.164956
 
13.54021, -0.001500461, -0.01100302, 5, 0, 0.0170467749437781946505225937, 8255.269, -3486.492, -2.961042, 0.001233003, 0.03962206, 145.7888, 0.8701857, 0.551697, 0.164956
 
13.55021, -0.001490644, -0.01101803, 5, 0, 0.0171048401911300210531772896, 8238.256, -3486.492, -2.961042, 0.001233003, 0.03962206, 145.6521, 0.8701824, 0.551697, 0.164956
 
13.56021, -0.001489859, -0.01103293, 5, 0, 0.0171634079914998632632935583, 8221.271, -3486.492, -2.961042, 0.001233003, 0.03962206, 145.5154, 0.8701791, 0.551697, 0.164956
 
13.57022, -0.001495671, -0.01104783, 5, 0, 0.0172224647623737208536427087, 8204.32, -3486.492, -2.961042, 0.001233003, 0.03962206, 145.3788, 0.8701757, 0.551697, 0.164956
 
13.58022, -0.001517092, -0.01106279, 5, 0, 0.0172826081343676126222871517, 8187.396, -3486.492, -2.961042, 0.001233003, 0.03962206, 145.2422, 0.8701723, 0.551697, 0.164956
 
13.59022, -0.001502855, -0.01107796, 5, 0, 0.0173414340025034629497485524, 8170.505, -3486.492, -2.961042, 0.001233003, 0.03962206, 145.1058, 0.8701689, 0.551697, 0.164956
 
13.60022, -0.001507651, -0.01109299, 5, 0, 0.0174011970641053427559896429, 8153.643, -3486.492, -2.961042, 0.001233003, 0.03962206, 144.9694, 0.8701655, 0.551697, 0.164956
 
13.61022, -0.001520297, -0.01110806, 5, 0, 0.0174616256688932434964366002, 8136.814, -3486.492, -2.961042, 0.001233003, 0.03962206, 144.8331, 0.8701621, 0.551697, 0.164956
 
13.62022, -0.001532851, -0.01112327, 5, 0, 0.0175224210015591557720582186, 8120.019, -3486.492, -2.961042, 0.001233003, 0.03962206, 144.697, 0.8701586, 0.551697, 0.164956
 
13.63022, -0.001519538, -0.0111386, 5, 0, 0.0175822655582450381416714561, 8103.25, -3486.492, -2.961042, 0.001233003, 0.03962206, 144.5609, 0.8701552, 0.551697, 0.164956
 
13.64022, -0.001525219, -0.01115379, 5, 0, 0.0176430744734249508445217658, 8086.513, -3486.492, -2.961042, 0.001233003, 0.03962206, 144.4248, 0.8701518, 0.551697, 0.164956
 
13.65022, -0.001534373, -0.01116904, 5, 0, 0.0177043451940808780731475747, 8069.805, -3486.492, -2.961042, 0.001233003, 0.03962206, 144.2889, 0.8701482, 0.551697, 0.164956
 
13.66022, -0.00152206, -0.01118439, 5, 0, 0.0177648145464107800952806054, 8053.128, -3486.492, -2.961042, 0.001233003, 0.03962206, 144.153, 0.8701448, 0.551697, 0.164956
 
13.67022, -0.001522979, -0.01119961, 5, 0, 0.0178259630244407034788481940, 8036.485, -3486.492, -2.961042, 0.001233003, 0.03962206, 144.0172, 0.8701413, 0.551697, 0.164956
 
13.68022, -0.001533005, -0.01121484, 5, 0, 0.0178878042106846486510790315, 8019.868, -3486.492, -2.961042, 0.001233003, 0.03962206, 143.8815, 0.8701378, 0.551697, 0.164956
 
13.69022, -0.001552368, -0.01123017, 5, 0, 0.0179504739302826198842600297, 8003.285, -3486.492, -2.961042, 0.001233003, 0.03962206, 143.7459, 0.8701342, 0.551697, 0.164956
 
13.70022, -0.001544727, -0.01124569, 5, 0, 0.0180122336214425624931187203, 7986.732, -3486.492, -2.961042, 0.001233003, 0.03962206, 143.6104, 0.8701307, 0.551697, 0.164956
 
13.71022, -0.001542114, -0.01126114, 5, 0, 0.0180743192929385153554659987, 7970.208, -3486.492, -2.961042, 0.001233003, 0.03962206, 143.4749, 0.8701272, 0.551697, 0.164956
 
13.72022, -0.001555521, -0.01127656, 5, 0, 0.0181373964879564994055077315, 7953.716, -3486.492, -2.961042, 0.001233003, 0.03962206, 143.3395, 0.8701236, 0.551697, 0.164956
 
13.73022, -0.001543936, -0.01129211, 5, 0, 0.0181995636545364548312271568, 7937.252, -3486.492, -2.961042, 0.001233003, 0.03962206, 143.2043, 0.8701201, 0.551697, 0.164956
 
13.74022, -0.001542804, -0.01130755, 5, 0, 0.0182622877041904277733229196, 7920.819, -3486.492, -2.961042, 0.001233003, 0.03962206, 143.0691, 0.8701165, 0.551697, 0.164956
 
13.75022, -0.001557315, -0.01132298, 5, 0, 0.0183260304423944327575705191, 7904.416, -3486.492, -2.961042, 0.001233003, 0.03962206, 142.9339, 0.8701129, 0.551697, 0.164956
 
13.76022, -0.00157047, -0.01133856, 5, 0, 0.0183901127434484484225353976, 7888.045, -3486.492, -2.961042, 0.001233003, 0.03962206, 142.7989, 0.8701093, 0.551697, 0.164956
 
13.77022, -0.001559028, -0.01135426, 5, 0, 0.0184532985985784358904066597, 7871.702, -3486.492, -2.961042, 0.001233003, 0.03962206, 142.664, 0.8701057, 0.551697, 0.164956
 
13.78022, -0.001566549, -0.01136985, 5, 0, 0.0185175031422584554004297585, 7855.391, -3486.492, -2.961042, 0.001233003, 0.03962206, 142.5291, 0.870102, 0.551697, 0.164956
 
13.79022, -0.00157872, -0.01138552, 5, 0, 0.0185822917340404932812865771, 7839.106, -3486.492, -2.961042, 0.001233003, 0.03962206, 142.3943, 0.8700983, 0.551697, 0.164956
 
13.80022, -0.001568743, -0.0114013, 5, 0, 0.0186462789574965059556506175, 7822.855, -3486.492, -2.961042, 0.001233003, 0.03962206, 142.2596, 0.8700947, 0.551697, 0.164956
 
13.81022, -0.001571813, -0.01141699, 5, 0, 0.0187109996367085417003639803, 7806.633, -3486.492, -2.961042, 0.001233003, 0.03962206, 142.125, 0.870091, 0.551697, 0.164956
 
13.82022, -0.00158495, -0.01143271, 5, 0, 0.0187765216842466026515701214, 7790.438, -3486.492, -2.961042, 0.001233003, 0.03962206, 141.9904, 0.8700873, 0.551697, 0.164956
 
13.83022, -0.00157875, -0.01144856, 5, 0, 0.0188414053536266435230277781, 7774.275, -3486.492, -2.961042, 0.001233003, 0.03962206, 141.8559, 0.8700836, 0.551697, 0.164956
 
13.84022, -0.001574874, -0.01146435, 5, 0, 0.0189065199257446916573731845, 7758.142, -3486.492, -2.961042, 0.001233003, 0.03962206, 141.7216, 0.8700799, 0.551697, 0.164956
 
13.85022, -0.001582269, -0.01148009, 5, 0, 0.0189723815361327632892966045, 7742.038, -3486.492, -2.961042, 0.001233003, 0.03962206, 141.5872, 0.8700761, 0.551697, 0.164956
 
13.86022, -0.001569404, -0.01149592, 5, 0, 0.0190374553607088101419559374, 7725.963, -3486.492, -2.961042, 0.001233003, 0.03962206, 141.453, 0.8700724, 0.551697, 0.164956
 
13.87022, -0.00156794, -0.01151161, 5, 0, 0.0191031403984148762199063724, 7709.918, -3486.492, -2.961042, 0.001233003, 0.03962206, 141.3189, 0.8700687, 0.551697, 0.164956
 
13.88022, -0.001585377, -0.01152729, 5, 0, 0.0191700478623809807484390115, 7693.902, -3486.492, -2.961042, 0.001233003, 0.03962206, 141.1848, 0.8700649, 0.551697, 0.164956
 
13.89022, -0.001579506, -0.01154314, 5, 0, 0.0192361675405350604977075635, 7677.915, -3486.492, -2.961042, 0.001233003, 0.03962206, 141.0508, 0.8700612, 0.551697, 0.164956
 
13.90022, -0.001583234, -0.01155894, 5, 0, 0.0193029255968471603267245999, 7661.957, -3486.492, -2.961042, 0.001233003, 0.03962206, 140.9169, 0.8700573, 0.551697, 0.164956
 
13.91022, -0.001592042, -0.01157477, 5, 0, 0.0193702405362332776721179737, 7646.025, -3486.492, -2.961042, 0.001233003, 0.03962206, 140.7831, 0.8700535, 0.551697, 0.164956
 
13.92022, -0.001588893, -0.01159069, 5, 0, 0.0194372430777973851912514509, 7630.125, -3486.492, -2.961042, 0.001233003, 0.03962206, 140.6494, 0.8700497, 0.551697, 0.164956
 
13.93022, -0.001594472, -0.01160658, 5, 0, 0.0195048704150055123629047213, 7614.259, -3486.492, -2.961042, 0.001233003, 0.03962206, 140.5157, 0.8700458, 0.551697, 0.164956
 
13.94022, -0.001604497, -0.01162253, 5, 0, 0.0195730682178016574781630203, 7598.414, -3486.492, -2.961042, 0.001233003, 0.03962206, 140.3821, 0.870042, 0.551697, 0.164956
 
13.95022, -0.001595902, -0.01163857, 5, 0, 0.0196405868948977812319867614, 7582.604, -3486.492, -2.961042, 0.001233003, 0.03962206, 140.2486, 0.8700382, 0.551697, 0.164956
 
13.96022, -0.001600166, -0.01165453, 5, 0, 0.0197089069403199301923032809, 7566.818, -3486.492, -2.961042, 0.001233003, 0.03962206, 140.1152, 0.8700343, 0.551697, 0.164956
 
13.97022, -0.001617924, -0.01167053, 5, 0, 0.0197782728393201120492290194, 7551.06, -3486.492, -2.961042, 0.001233003, 0.03962206, 139.9818, 0.8700303, 0.551697, 0.164956
 
13.98022, -0.001617606, -0.01168671, 5, 0, 0.0198471226027882776714644939, 7535.334, -3486.492, -2.961042, 0.001233003, 0.03962206, 139.8486, 0.8700264, 0.551697, 0.164956
 
13.99022, -0.001625262, -0.01170289, 5, 0, 0.0199166243269284638006771440, 7519.637, -3486.492, -2.961042, 0.001233003, 0.03962206, 139.7154, 0.8700225, 0.551697, 0.164956
 
14.00023, -0.001634322, -0.01171914, 5, 0, 0.0199865742740306640284366022, 7503.966, -3486.492, -2.961042, 0.001233003, 0.03962206, 139.5822, 0.8700185, 0.551697, 0.164956
 
14.01023, -0.001628164, -0.01173548, 5, 0, 0.0200560216681148484487344877, 7488.326, -3486.492, -2.961042, 0.001233003, 0.03962206, 139.4492, 0.8700145, 0.551697, 0.164956
 
14.02023, -0.001630535, -0.01175176, 5, 0, 0.0201260666928150516670947840, 7472.712, -3486.492, -2.961042, 0.001233003, 0.03962206, 139.3163, 0.8700106, 0.551697, 0.164956
 
14.03023, -0.00164856, -0.01176807, 5, 0, 0.0201972526486912907726651376, 7457.129, -3486.492, -2.961042, 0.001233003, 0.03962206, 139.1834, 0.8700065, 0.551697, 0.164956
 
14.04023, -0.001647087, -0.01178455, 5, 0, 0.0202678681389795119346304625, 7441.572, -3486.492, -2.961042, 0.001233003, 0.03962206, 139.0506, 0.8700025, 0.551697, 0.164956
 
14.05023, -0.001654642, -0.01180102, 5, 0, 0.0203391899199957553124877276, 7426.047, -3486.492, -2.961042, 0.001233003, 0.03962206, 138.9179, 0.8699985, 0.551697, 0.164956
 
14.06023, -0.001635438, -0.01181757, 5, 0, 0.0204093436048079619486775532, 7410.547, -3486.492, -2.961042, 0.001233003, 0.03962206, 138.7852, 0.8699945, 0.551697, 0.164956
 
14.07023, -0.001634562, -0.01183393, 5, 0, 0.0204804209005721976364183775, 7395.075, -3486.492, -2.961042, 0.001233003, 0.03962206, 138.6527, 0.8699904, 0.551697, 0.164956
 
14.08023, -0.001650824, -0.01185027, 5, 0, 0.0205526934575684709202840236, 7379.633, -3486.492, -2.961042, 0.001233003, 0.03962206, 138.5202, 0.8699863, 0.551697, 0.164956
 
14.09023, -0.001646464, -0.01186678, 5, 0, 0.0206242868888647228427151118, 7364.221, -3486.492, -2.961042, 0.001233003, 0.03962206, 138.3878, 0.8699822, 0.551697, 0.164956
 
14.10023, -0.001649579, -0.01188324, 5, 0, 0.0206964507857489927087512287, 7348.834, -3486.492, -2.961042, 0.001233003, 0.03962206, 138.2554, 0.8699781, 0.551697, 0.164956
 
14.11023, -0.001642818, -0.01189974, 5, 0, 0.0207683430323532540302135224, 7333.473, -3486.492, -2.961042, 0.001233003, 0.03962206, 138.1232, 0.8699741, 0.551697, 0.164956
 
14.12023, -0.001652626, -0.01191617, 5, 0, 0.0208412947150495486755137263, 7318.14, -3486.492, -2.961042, 0.001233003, 0.03962206, 137.991, 0.8699699, 0.551697, 0.164956
 
14.13023, -0.001668819, -0.0119327, 5, 0, 0.0209150070185298672456206350, 7302.837, -3486.492, -2.961042, 0.001233003, 0.03962206, 137.8589, 0.8699657, 0.551697, 0.164956
 
14.14023, -0.001663841, -0.01194938, 5, 0, 0.0209880130312821635998356036, 7287.561, -3486.492, -2.961042, 0.001233003, 0.03962206, 137.7269, 0.8699616, 0.551697, 0.164956
 
14.15023, -0.00167162, -0.01196602, 5, 0, 0.0210619019074444877239154973, 7272.312, -3486.492, -2.961042, 0.001233003, 0.03962206, 137.5949, 0.8699574, 0.551697, 0.164956
 
14.16023, -0.001694451, -0.01198274, 5, 0, 0.0211370267923808507258062864, 7257.091, -3486.492, -2.961042, 0.001233003, 0.03962206, 137.463, 0.8699531, 0.551697, 0.164956
 
14.17023, -0.001697113, -0.01199968, 5, 0, 0.0212116355417851974930068115, 7241.895, -3486.492, -2.961042, 0.001233003, 0.03962206, 137.3312, 0.8699489, 0.551697, 0.164956
 
14.18023, -0.001705743, -0.01201665, 5, 0, 0.0212868555043195634854984386, 7226.73, -3486.492, -2.961042, 0.001233003, 0.03962206, 137.1994, 0.8699446, 0.551697, 0.164956
 
14.19023, -0.00169499, -0.01203371, 5, 0, 0.0213613284285839059804120521, 7211.593, -3486.492, -2.961042, 0.001233003, 0.03962206, 137.0678, 0.8699403, 0.551697, 0.164956
 
14.20023, -0.001696854, -0.01205066, 5, 0, 0.0214366027211742736818184439, 7196.481, -3486.492, -2.961042, 0.001233003, 0.03962206, 136.9362, 0.8699361, 0.551697, 0.164956
 
14.21023, -0.001687305, -0.01206763, 5, 0, 0.0215114695383446285663641010, 7181.397, -3486.492, -2.961042, 0.001233003, 0.03962206, 136.8047, 0.8699318, 0.551697, 0.164956
 
14.22023, -0.001685617, -0.0120845, 5, 0, 0.0215868524910469996856000220, 7166.34, -3486.492, -2.961042, 0.001233003, 0.03962206, 136.6733, 0.8699276, 0.551697, 0.164956
 
14.23023, -0.001704178, -0.01210136, 5, 0, 0.0216636344426914148093911322, 7151.315, -3486.492, -2.961042, 0.001233003, 0.03962206, 136.542, 0.8699232, 0.551697, 0.164956
 
14.24023, -0.001696403, -0.0121184, 5, 0, 0.0217394384533277991727164791, 7136.314, -3486.492, -2.961042, 0.001233003, 0.03962206, 136.4107, 0.8699189, 0.551697, 0.164956
 
14.25023, -0.001707976, -0.01213536, 5, 0, 0.0218164784727382224138527213, 7121.341, -3486.492, -2.961042, 0.001233003, 0.03962206, 136.2795, 0.8699145, 0.551697, 0.164956
 
14.26023, -0.001695559, -0.01215244, 5, 0, 0.0218925541336546153217518913, 7106.395, -3486.492, -2.961042, 0.001233003, 0.03962206, 136.1484, 0.8699102, 0.551697, 0.164956
 
14.27023, -0.001702806, -0.0121694, 5, 0, 0.0219698250558030458257758831, 7091.474, -3486.492, -2.961042, 0.001233003, 0.03962206, 136.0173, 0.8699058, 0.551697, 0.164956
 
14.28023, -0.00169653, -0.01218643, 5, 0, 0.0220466613375034626584817580, 7076.58, -3486.492, -2.961042, 0.001233003, 0.03962206, 135.8864, 0.8699014, 0.551697, 0.164956
 
14.29023, -0.001707542, -0.01220339, 5, 0, 0.0221246521328939158056263811, 7061.713, -3486.492, -2.961042, 0.001233003, 0.03962206, 135.7555, 0.869897, 0.551697, 0.164956
 
14.30023, -0.001722015, -0.01222047, 5, 0, 0.0222033084714703898869768710, 7046.872, -3486.492, -2.961042, 0.001233003, 0.03962206, 135.6246, 0.8698925, 0.551697, 0.164956
 
14.31023, -0.001720575, -0.01223769, 5, 0, 0.0222815030045708494425518615, 7032.061, -3486.492, -2.961042, 0.001233003, 0.03962206, 135.4939, 0.8698881, 0.551697, 0.164956
 
14.32023, -0.001729309, -0.01225489, 5, 0, 0.0223605260710253350590770126, 7017.276, -3486.492, -2.961042, 0.001233003, 0.03962206, 135.3632, 0.8698836, 0.551697, 0.164956
 
14.33023, -0.001725479, -0.01227219, 5, 0, 0.0224392367396578108493422671, 7002.514, -3486.492, -2.961042, 0.001233003, 0.03962206, 135.2326, 0.8698791, 0.551697, 0.164956
 
14.34023, -0.001738551, -0.01228944, 5, 0, 0.0225191019219803229540462699, 6987.785, -3486.492, -2.961042, 0.001233003, 0.03962206, 135.1021, 0.8698746, 0.551697, 0.164956
 
14.35023, -0.001730485, -0.01230683, 5, 0, 0.0225982200660328115611722591, 6973.076, -3486.492, -2.961042, 0.001233003, 0.03962206, 134.9716, 0.8698701, 0.551697, 0.164956
 
14.36023, -0.001736535, -0.01232413, 5, 0, 0.0226782754035513296470779381, 6958.396, -3486.492, -2.961042, 0.001233003, 0.03962206, 134.8412, 0.8698656, 0.551697, 0.164956
 
14.37023, -0.001729707, -0.0123415, 5, 0, 0.0227579096831358344888941912, 6943.745, -3486.492, -2.961042, 0.001233003, 0.03962206, 134.7109, 0.8698611, 0.551697, 0.164956
 
14.38023, -0.001736786, -0.0123588, 5, 0, 0.0228385219037283700911762077, 6929.118, -3486.492, -2.961042, 0.001233003, 0.03962206, 134.5807, 0.8698565, 0.551697, 0.164956
 
14.39023, -0.001755325, -0.01237616, 5, 0, 0.0229202207254409398717535167, 6914.519, -3486.492, -2.961042, 0.001233003, 0.03962206, 134.4506, 0.8698518, 0.551697, 0.164956
 
14.40023, -0.001753771, -0.01239372, 5, 0, 0.0230012947515094899998110325, 6899.946, -3486.492, -2.961042, 0.001233003, 0.03962206, 134.3205, 0.8698472, 0.551697, 0.164956
 
14.41023, -0.001768191, -0.01241126, 5, 0, 0.0230835776213240781512220612, 6885.398, -3486.492, -2.961042, 0.001233003, 0.03962206, 134.1905, 0.8698426, 0.551697, 0.164956
 
14.42023, -0.00176739, -0.01242894, 5, 0, 0.0231654530157186534857723553, 6870.876, -3486.492, -2.961042, 0.001233003, 0.03962206, 134.0605, 0.8698379, 0.551697, 0.164956
 
14.43023, -0.001778698, -0.01244661, 5, 0, 0.0232483199336352600080171038, 6856.381, -3486.492, -2.961042, 0.001233003, 0.03962206, 133.9306, 0.8698332, 0.551697, 0.164956
 
14.44024, -0.001770639, -0.0124644, 5, 0, 0.0233304669783098438871412210, 6841.914, -3486.492, -2.961042, 0.001233003, 0.03962206, 133.8009, 0.8698286, 0.551697, 0.164956
 
14.45024, -0.001785124, -0.0124821, 5, 0, 0.0234141216820384751886500566, 6827.47, -3486.492, -2.961042, 0.001233003, 0.03962206, 133.6711, 0.8698238, 0.551697, 0.164956
 
14.46024, -0.001780256, -0.01249996, 5, 0, 0.0234971108425810855559530255, 6813.053, -3486.492, -2.961042, 0.001233003, 0.03962206, 133.5415, 0.8698191, 0.551697, 0.164956
 
14.47024, -0.001789176, -0.01251776, 5, 0, 0.0235811322741877283926365223, 6798.663, -3486.492, -2.961042, 0.001233003, 0.03962206, 133.4119, 0.8698143, 0.551697, 0.164956
 
14.48024, -0.001783873, -0.01253565, 5, 0, 0.0236647190653463575580019022, 6784.296, -3486.492, -2.961042, 0.001233003, 0.03962206, 133.2824, 0.8698096, 0.551697, 0.164956
 
14.49024, -0.001797317, -0.01255349, 5, 0, 0.0237496097778491635624616373, 6769.959, -3486.492, -2.961042, 0.001233003, 0.03962206, 133.153, 0.8698047, 0.551697, 0.164956
 
14.50024, -0.001787304, -0.01257146, 5, 0, 0.0238335768793995330399503610, 6755.646, -3486.492, -2.961042, 0.001233003, 0.03962206, 133.0236, 0.8698, 0.551697, 0.164956
 
14.51024, -0.001798857, -0.01258934, 5, 0, 0.0239189837274344911042403644, 6741.356, -3486.492, -2.961042, 0.001233003, 0.03962206, 132.8943, 0.8697951, 0.551697, 0.164956
 
14.52024, -0.00179888, -0.01260732, 5, 0, 0.0240041460902171698281339184, 6727.094, -3486.492, -2.961042, 0.001233003, 0.03962206, 132.7651, 0.8697903, 0.551697, 0.164956
 
14.53024, -0.001809477, -0.01262531, 5, 0, 0.0240902456464657422056671580, 6712.86, -3486.492, -2.961042, 0.001233003, 0.03962206, 132.636, 0.8697854, 0.551697, 0.164956
 
14.54024, -0.001801629, -0.01264341, 5, 0, 0.0241756524945002927945371486, 6698.65, -3486.492, -2.961042, 0.001233003, 0.03962206, 132.5069, 0.8697806, 0.551697, 0.164956
 
14.55024, -0.001811345, -0.01266142, 5, 0, 0.0242623089338231543387267341, 6684.467, -3486.492, -2.961042, 0.001233003, 0.03962206, 132.3779, 0.8697757, 0.551697, 0.164956
 
14.56024, -0.001805714, -0.01267954, 5, 0, 0.0243484492376138638230860515, 6670.306, -3486.492, -2.961042, 0.001233003, 0.03962206, 132.249, 0.8697708, 0.551697, 0.164956
 
14.57024, -0.001823394, -0.01269759, 5, 0, 0.0244362330255986250021169988, 6656.172, -3486.492, -2.961042, 0.001233003, 0.03962206, 132.1201, 0.8697658, 0.551697, 0.164956
 
14.58024, -0.001820777, -0.01271583, 5, 0, 0.0245233648529113656741707706, 6642.063, -3486.492, -2.961042, 0.001233003, 0.03962206, 131.9913, 0.8697609, 0.551697, 0.164956
 
14.59024, -0.001834137, -0.01273404, 5, 0, 0.0246117326889980093988954334, 6627.978, -3486.492, -2.961042, 0.001233003, 0.03962206, 131.8626, 0.8697559, 0.551697, 0.164956
 
14.60024, -0.001834422, -0.01275238, 5, 0, 0.0246998017097769153748688993, 6613.923, -3486.492, -2.961042, 0.001233003, 0.03962206, 131.7339, 0.8697509, 0.551697, 0.164956
 
14.61024, -0.001813502, -0.01277072, 5, 0, 0.0247868112944636522018644506, 6599.889, -3486.492, -2.961042, 0.001233003, 0.03962206, 131.6054, 0.8697459, 0.551697, 0.164956
 
14.62024, -0.00181541, -0.01278886, 5, 0, 0.0248751383830085662951830485, 6585.883, -3486.492, -2.961042, 0.001233003, 0.03962206, 131.4769, 0.8697409, 0.551697, 0.164956
 
14.63024, -0.001810445, -0.01280701, 5, 0, 0.0249633568114412053203921086, 6571.902, -3486.492, -2.961042, 0.001233003, 0.03962206, 131.3485, 0.8697359, 0.551697, 0.164956
 
14.64024, -0.001817103, -0.01282512, 5, 0, 0.0250525124333400096495208627, 6557.946, -3486.492, -2.961042, 0.001233003, 0.03962206, 131.2201, 0.8697308, 0.551697, 0.164956
 
14.65024, -0.001815795, -0.01284329, 5, 0, 0.0251415593951269463859600919, 6544.016, -3486.492, -2.961042, 0.001233003, 0.03962206, 131.0918, 0.8697258, 0.551697, 0.164956
 
14.66024, -0.001825616, -0.01286144, 5, 0, 0.0252315978804356426598137670, 6530.109, -3486.492, -2.961042, 0.001233003, 0.03962206, 130.9636, 0.8697207, 0.551697, 0.164956
 
14.67024, -0.001825526, -0.0128797, 5, 0, 0.0253214869580906058844318479, 6516.225, -3486.492, -2.961042, 0.001233003, 0.03962206, 130.8354, 0.8697156, 0.551697, 0.164956
 
14.68024, -0.001844893, -0.01289796, 5, 0, 0.0254128972773134811335233341, 6502.37, -3486.492, -2.961042, 0.001233003, 0.03962206, 130.7074, 0.8697104, 0.551697, 0.164956
 
14.69024, -0.001841818, -0.0129164, 5, 0, 0.0255035469757521966326681113, 6488.538, -3486.492, -2.961042, 0.001233003, 0.03962206, 130.5794, 0.8697053, 0.551697, 0.164956
 
14.70024, -0.001853444, -0.01293482, 5, 0, 0.0255953647703950846986203322, 6474.732, -3486.492, -2.961042, 0.001233003, 0.03962206, 130.4514, 0.8697001, 0.551697, 0.164956
 
14.71024, -0.00185488, -0.01295336, 5, 0, 0.0256870739049261051718830282, 6460.949, -3486.492, -2.961042, 0.001233003, 0.03962206, 130.3235, 0.8696948, 0.551697, 0.164956
 
14.72024, -0.001868768, -0.01297191, 5, 0, 0.0257799103881190252799870859, 6447.189, -3486.492, -2.961042, 0.001233003, 0.03962206, 130.1957, 0.8696896, 0.551697, 0.164956
 
14.73024, -0.001873199, -0.01299059, 5, 0, 0.0258727061237698082812650658, 6433.457, -3486.492, -2.961042, 0.001233003, 0.03962206, 130.068, 0.8696843, 0.551697, 0.164956
 
14.74024, -0.001860292, -0.01300932, 5, 0, 0.0259647276561227027556476541, 6419.751, -3486.492, -2.961042, 0.001233003, 0.03962206, 129.9404, 0.8696791, 0.551697, 0.164956
 
14.75024, -0.001870386, -0.01302793, 5, 0, 0.0260583383426136472157871078, 6406.065, -3486.492, -2.961042, 0.001233003, 0.03962206, 129.8128, 0.8696738, 0.551697, 0.164956
 
14.76024, -0.001866293, -0.01304663, 5, 0, 0.0261514872236285771501510621, 6392.408, -3486.492, -2.961042, 0.001233003, 0.03962206, 129.6852, 0.8696685, 0.551697, 0.164956
 
14.77024, -0.001879781, -0.01306529, 5, 0, 0.0262460351035856869142102098, 6378.77, -3486.492, -2.961042, 0.001233003, 0.03962206, 129.5578, 0.8696632, 0.551697, 0.164956
 
14.78024, -0.001886026, -0.01308409, 5, 0, 0.0263406916436545284458188783, 6365.158, -3486.492, -2.961042, 0.001233003, 0.03962206, 129.4304, 0.8696578, 0.551697, 0.164956
 
14.79024, -0.001902012, -0.01310295, 5, 0, 0.0264363940373014028740367658, 6351.574, -3486.492, -2.961042, 0.001233003, 0.03962206, 129.303, 0.8696524, 0.551697, 0.164956
 
14.80024, -0.001899939, -0.01312197, 5, 0, 0.0265315667129026681157557111, 6338.011, -3486.492, -2.961042, 0.001233003, 0.03962206, 129.1758, 0.869647, 0.551697, 0.164956
 
14.81024, -0.001890538, -0.01314097, 5, 0, 0.0266264813207375177647095115, 6324.475, -3486.492, -2.961042, 0.001233003, 0.03962206, 129.0486, 0.8696416, 0.551697, 0.164956
 
14.82024, -0.001900437, -0.01315988, 5, 0, 0.0267228356750565485250445788, 6310.959, -3486.492, -2.961042, 0.001233003, 0.03962206, 128.9215, 0.8696361, 0.551697, 0.164956
 
14.83024, -0.001897872, -0.01317888, 5, 0, 0.0268188368840115681774336761, 6297.474, -3486.492, -2.961042, 0.001233003, 0.03962206, 128.7945, 0.8696307, 0.551697, 0.164956
 
14.84024, -0.001909265, -0.01319786, 5, 0, 0.0269160469367124900280362821, 6284.009, -3486.492, -2.961042, 0.001233003, 0.03962206, 128.6675, 0.8696252, 0.551697, 0.164956
 
14.85024, -0.001907283, -0.01321695, 5, 0, 0.0270129174265638086733416219, 6270.569, -3486.492, -2.961042, 0.001233003, 0.03962206, 128.5406, 0.8696197, 0.551697, 0.164956
 
14.86024, -0.001900705, -0.01323603, 5, 0, 0.0271097471688725827364008712, 6257.152, -3486.492, -2.961042, 0.001233003, 0.03962206, 128.4138, 0.8696142, 0.551697, 0.164956
 
14.87024, -0.001913229, -0.01325503, 5, 0, 0.0272080438226939462407187826, 6243.76, -3486.492, -2.961042, 0.001233003, 0.03962206, 128.287, 0.8696086, 0.551697, 0.164956
 
14.88025, -0.001912313, -0.01327416, 5, 0, 0.0273060009136648915888994021, 6230.39, -3486.492, -2.961042, 0.001233003, 0.03962206, 128.1603, 0.8696031, 0.551697, 0.164956
 
14.89025, -0.001930544, -0.01329329, 5, 0, 0.0274055743238018877772942694, 6217.045, -3486.492, -2.961042, 0.001233003, 0.03962206, 128.0336, 0.8695974, 0.551697, 0.164956
 
14.90025, -0.00193646, -0.01331259, 5, 0, 0.0275050119087992871688222379, 6203.723, -3486.492, -2.961042, 0.001233003, 0.03962206, 127.907, 0.8695918, 0.551697, 0.164956
 
14.91025, -0.001933934, -0.01333196, 5, 0, 0.0276043136686562748126432821, 6190.425, -3486.492, -2.961042, 0.001233003, 0.03962206, 127.7805, 0.8695862, 0.551697, 0.164956
 
14.92025, -0.001948663, -0.0133513, 5, 0, 0.0277050687575114439950742843, 6177.153, -3486.492, -2.961042, 0.001233003, 0.03962206, 127.6541, 0.8695804, 0.551697, 0.164956
 
14.93025, -0.001947095, -0.01337078, 5, 0, 0.0278053348758624619721324005, 6163.904, -3486.492, -2.961042, 0.001233003, 0.03962206, 127.5277, 0.8695748, 0.551697, 0.164956
 
14.94025, -0.001957912, -0.01339026, 5, 0, 0.0279067555079039237390492780, 6150.678, -3486.492, -2.961042, 0.001233003, 0.03962206, 127.4014, 0.8695691, 0.551697, 0.164956
 
14.95025, -0.001960786, -0.01340983, 5, 0, 0.0280081897224589784577748337, 6137.476, -3486.492, -2.961042, 0.001233003, 0.03962206, 127.2752, 0.8695633, 0.551697, 0.164956
 
14.96025, -0.001955643, -0.01342944, 5, 0, 0.0281094609468461638748960999, 6124.295, -3486.492, -2.961042, 0.001233003, 0.03962206, 127.149, 0.8695576, 0.551697, 0.164956
 
14.97025, -0.001970266, -0.013449, 5, 0, 0.0282123349078853997050029226, 6111.139, -3486.492, -2.961042, 0.001233003, 0.03962206, 127.0229, 0.8695517, 0.551697, 0.164956
 
14.98025, -0.001976262, -0.0134687, 5, 0, 0.0283152360339526363895671276, 6098.008, -3486.492, -2.961042, 0.001233003, 0.03962206, 126.8969, 0.8695459, 0.551697, 0.164956
 
14.99025, -0.001970708, -0.01348846, 5, 0, 0.0284178247621977274227314317, 6084.896, -3486.492, -2.961042, 0.001233003, 0.03962206, 126.7709, 0.8695401, 0.551697, 0.164956
 
15.00025, -0.001987144, -0.01350817, 5, 0, 0.0285221384697211443642195213, 6071.811, -3486.492, -2.961042, 0.001233003, 0.03962206, 126.645, 0.8695342, 0.551697, 0.164956
 
15.01025, -0.0019874, -0.01352804, 5, 0, 0.0286260311193102764113381765, 6058.749, -3486.492, -2.961042, 0.001233003, 0.03962206, 126.5191, 0.8695283, 0.551697, 0.164956
 
15.02025, -0.001978439, -0.01354792, 5, 0, 0.0287295977885638056803882567, 6045.711, -3486.492, -2.961042, 0.001233003, 0.03962206, 126.3934, 0.8695225, 0.551697, 0.164956
 
15.03025, -0.001989775, -0.0135677, 5, 0, 0.0288347536119549774597751895, 6032.698, -3486.492, -2.961042, 0.001233003, 0.03962206, 126.2677, 0.8695165, 0.551697, 0.164956
 
15.04025, -0.001986695, -0.0135876, 5, 0, 0.0289394883774122718202127006, 6019.707, -3486.492, -2.961042, 0.001233003, 0.03962206, 126.142, 0.8695105, 0.551697, 0.164956
 
15.05025, -0.001983478, -0.01360747, 5, 0, 0.0290444812106354384728553395, 6006.737, -3486.492, -2.961042, 0.001233003, 0.03962206, 126.0165, 0.8695046, 0.551697, 0.164956
 
15.06025, -0.001993593, -0.0136273, 5, 0, 0.0291506964701189152263601911, 5993.792, -3486.492, -2.961042, 0.001233003, 0.03962206, 125.8909, 0.8694986, 0.551697, 0.164956
 
15.07025, -0.001999557, -0.01364724, 5, 0, 0.0292571969623962651265275527, 5980.869, -3486.492, -2.961042, 0.001233003, 0.03962206, 125.7655, 0.8694925, 0.551697, 0.164956
 
15.08025, -0.001993496, -0.01366723, 5, 0, 0.0293633035617676026370628707, 5967.971, -3486.492, -2.961042, 0.001233003, 0.03962206, 125.6401, 0.8694866, 0.551697, 0.164956
 
15.09025, -0.002008451, -0.01368717, 5, 0, 0.0294711487229309948328706568, 5955.093, -3486.492, -2.961042, 0.001233003, 0.03962206, 125.5148, 0.8694804, 0.551697, 0.164956
 
15.10025, -0.002011138, -0.01370725, 5, 0, 0.0295787901463843806202480756, 5942.238, -3486.492, -2.961042, 0.001233003, 0.03962206, 125.3895, 0.8694744, 0.551697, 0.164956
 
15.11025, -0.002010787, -0.01372736, 5, 0, 0.0296866217250336365636871663, 5929.407, -3486.492, -2.961042, 0.001233003, 0.03962206, 125.2643, 0.8694683, 0.551697, 0.164956
 
15.12025, -0.00202982, -0.01374747, 5, 0, 0.0297962054479892192699074248, 5916.598, -3486.492, -2.961042, 0.001233003, 0.03962206, 125.1392, 0.869462, 0.551697, 0.164956
 
15.13025, -0.002033421, -0.01376777, 5, 0, 0.0299054224430667904409530220, 5903.815, -3486.492, -2.961042, 0.001233003, 0.03962206, 125.0142, 0.8694559, 0.551697, 0.164956
 
15.14025, -0.002024614, -0.0137881, 5, 0, 0.0300142319627240771448578760, 5891.051, -3486.492, -2.961042, 0.001233003, 0.03962206, 124.8892, 0.8694497, 0.551697, 0.164956
 
15.15025, -0.002044267, -0.01380835, 5, 0, 0.0301252418496494330598106974, 5878.31, -3486.492, -2.961042, 0.001233003, 0.03962206, 124.7642, 0.8694434, 0.551697, 0.164956
 
15.16025, -0.002050955, -0.01382879, 5, 0, 0.0302361023289210559255279246, 5865.594, -3486.492, -2.961042, 0.001233003, 0.03962206, 124.6394, 0.8694372, 0.551697, 0.164956
 
15.17025, -0.002042296, -0.0138493, 5, 0, 0.0303463787600905245952714279, 5852.901, -3486.492, -2.961042, 0.001233003, 0.03962206, 124.5146, 0.8694309, 0.551697, 0.164956
 
15.18025, -0.002031891, -0.01386973, 5, 0, 0.0304566823562881299446123177, 5840.231, -3486.492, -2.961042, 0.001233003, 0.03962206, 124.3899, 0.8694246, 0.551697, 0.164956
 
15.19025, -0.002041752, -0.01389004, 5, 0, 0.0305686022716513786587474423, 5827.583, -3486.492, -2.961042, 0.001233003, 0.03962206, 124.2652, 0.8694183, 0.551697, 0.164956
 
15.20025, -0.0020444, -0.01391046, 5, 0, 0.0306805900995850369844460356, 5814.958, -3486.492, -2.961042, 0.001233003, 0.03962206, 124.1406, 0.869412, 0.551697, 0.164956
 
15.21025, -0.002041025, -0.01393091, 5, 0, 0.0307925779275185594850046246, 5802.355, -3486.492, -2.961042, 0.001233003, 0.03962206, 124.0161, 0.8694056, 0.551697, 0.164956
 
15.22025, -0.002056761, -0.01395132, 5, 0, 0.0309062499871881349619209170, 5789.774, -3486.492, -2.961042, 0.001233003, 0.03962206, 123.8916, 0.8693992, 0.551697, 0.164956
 
15.23025, -0.002062859, -0.01397188, 5, 0, 0.0310199492118857112932945918, 5777.216, -3486.492, -2.961042, 0.001233003, 0.03962206, 123.7672, 0.8693928, 0.551697, 0.164956
 
15.24025, -0.002061429, -0.01399251, 5, 0, 0.0311336076890414221681221973, 5764.68, -3486.492, -2.961042, 0.001233003, 0.03962206, 123.6429, 0.8693864, 0.551697, 0.164956
 
15.25025, -0.002054806, -0.01401313, 5, 0, 0.0312472254186549959361237252, 5752.167, -3486.492, -2.961042, 0.001233003, 0.03962206, 123.5186, 0.8693799, 0.551697, 0.164956
 
15.26025, -0.002069194, -0.01403367, 5, 0, 0.0313626224576026256710837945, 5739.676, -3486.492, -2.961042, 0.001233003, 0.03962206, 123.3944, 0.8693734, 0.551697, 0.164956
 
15.27025, -0.002073726, -0.01405437, 5, 0, 0.0314780059140359833285351642, 5727.206, -3486.492, -2.961042, 0.001233003, 0.03962206, 123.2703, 0.8693669, 0.551697, 0.164956
 
15.28025, -0.002074162, -0.0140751, 5, 0, 0.0315935659431518898405195360, 5714.759, -3486.492, -2.961042, 0.001233003, 0.03962206, 123.1462, 0.8693603, 0.551697, 0.164956
 
15.29025, -0.002067388, -0.01409584, 5, 0, 0.0317090037296413850320256746, 5702.333, -3486.492, -2.961042, 0.001233003, 0.03962206, 123.0222, 0.8693538, 0.551697, 0.164956
 
15.30025, -0.002085421, -0.01411652, 5, 0, 0.0318264924757449447350641779, 5689.932, -3486.492, -2.961042, 0.001233003, 0.03962206, 122.8982, 0.8693472, 0.551697, 0.164956
 
15.31026, -0.002089298, -0.01413737, 5, 0, 0.0319437367365966325731262446, 5677.551, -3486.492, -2.961042, 0.001233003, 0.03962206, 122.7743, 0.8693405, 0.551697, 0.164956
 
15.32026, -0.002088496, -0.01415826, 5, 0, 0.0320611304051024609358439183, 5665.191, -3486.492, -2.961042, 0.001233003, 0.03962206, 122.6505, 0.8693339, 0.551697, 0.164956
 
15.33026, -0.002084134, -0.01417915, 5, 0, 0.0321786055686922918619337390, 5652.855, -3486.492, -2.961042, 0.001233003, 0.03962206, 122.5267, 0.8693272, 0.551697, 0.164956
 
15.34026, -0.002102007, -0.01419999, 5, 0, 0.0322980501968120489110437731, 5640.542, -3486.492, -2.961042, 0.001233003, 0.03962206, 122.403, 0.8693205, 0.551697, 0.164956
 
15.35026, -0.002107506, -0.01422101, 5, 0, 0.0324173997473336671444129649, 5628.245, -3486.492, -2.961042, 0.001233003, 0.03962206, 122.2793, 0.8693137, 0.551697, 0.164956
 
15.36026, -0.002116419, -0.01424209, 5, 0, 0.0325375099186394451277288658, 5615.974, -3486.492, -2.961042, 0.001233003, 0.03962206, 122.1558, 0.8693069, 0.551697, 0.164956
 
15.37026, -0.002110956, -0.01426325, 5, 0, 0.0326571447019550723329005718, 5603.724, -3486.492, -2.961042, 0.001233003, 0.03962206, 122.0322, 0.8693002, 0.551697, 0.164956
 
15.38026, -0.002130862, -0.01428436, 5, 0, 0.0327789798525390403994002539, 5591.494, -3486.492, -2.961042, 0.001233003, 0.03962206, 121.9087, 0.8692933, 0.551697, 0.164956
 
15.39026, -0.002139532, -0.01430567, 5, 0, 0.0329008150031228726407599316, 5579.289, -3486.492, -2.961042, 0.001233003, 0.03962206, 121.7853, 0.8692864, 0.551697, 0.164956
 
15.40026, -0.002136586, -0.01432706, 5, 0, 0.0330224056684545613668631643, 5567.104, -3486.492, -2.961042, 0.001233003, 0.03962206, 121.662, 0.8692795, 0.551697, 0.164956
 
15.41026, -0.002138917, -0.01434843, 5, 0, 0.0331447026245145439591383457, 5554.942, -3486.492, -2.961042, 0.001233003, 0.03962206, 121.5387, 0.8692726, 0.551697, 0.164956
 
15.42026, -0.002130995, -0.01436982, 5, 0, 0.0332667007652665171523823216, 5542.8, -3486.492, -2.961042, 0.001233003, 0.03962206, 121.4155, 0.8692657, 0.551697, 0.164956
 
15.43026, -0.002147608, -0.01439113, 5, 0, 0.0333908177782022853430221095, 5530.679, -3486.492, -2.961042, 0.001233003, 0.03962206, 121.2924, 0.8692587, 0.551697, 0.164956
 
15.44026, -0.002156688, -0.0144126, 5, 0, 0.0335151521113621961944609601, 5518.58, -3486.492, -2.961042, 0.001233003, 0.03962206, 121.1693, 0.8692517, 0.551697, 0.164956
 
15.45026, -0.002163354, -0.01443417, 5, 0, 0.0336399210849701207172179278, 5506.503, -3486.492, -2.961042, 0.001233003, 0.03962206, 121.0462, 0.8692446, 0.551697, 0.164956
 
15.46026, -0.002160428, -0.0144558, 5, 0, 0.0337645542334380409676879839, 5494.446, -3486.492, -2.961042, 0.001233003, 0.03962206, 120.9232, 0.8692375, 0.551697, 0.164956
 
15.47026, -0.002157407, -0.01447741, 5, 0, 0.0338894997797279710444179366, 5482.414, -3486.492, -2.961042, 0.001233003, 0.03962206, 120.8003, 0.8692305, 0.551697, 0.164956
 
15.48026, -0.002169572, -0.01449898, 5, 0, 0.0340159937326138140000786770, 5470.4, -3486.492, -2.961042, 0.001233003, 0.03962206, 120.6775, 0.8692234, 0.551697, 0.164956
 
15.49026, -0.002177821, -0.01452068, 5, 0, 0.0341428951609199414228801605, 5458.409, -3486.492, -2.961042, 0.001233003, 0.03962206, 120.5547, 0.8692162, 0.551697, 0.164956
 
15.50026, -0.002178198, -0.01454246, 5, 0, 0.0342697965892259330205416398, 5446.439, -3486.492, -2.961042, 0.001233003, 0.03962206, 120.432, 0.869209, 0.551697, 0.164956
 
15.51026, -0.002176569, -0.01456424, 5, 0, 0.0343969832503259335900056335, 5434.491, -3486.492, -2.961042, 0.001233003, 0.03962206, 120.3093, 0.8692018, 0.551697, 0.164956
 
15.52026, -0.002172703, -0.014586, 5, 0, 0.0345244008141640772474973810, 5422.563, -3486.492, -2.961042, 0.001233003, 0.03962206, 120.1867, 0.8691946, 0.551697, 0.164956
 
15.53026, -0.002196742, -0.01460773, 5, 0, 0.0346543311430921641171569883, 5410.657, -3486.492, -2.961042, 0.001233003, 0.03962206, 120.0642, 0.8691873, 0.551697, 0.164956
 
15.54026, -0.002201375, -0.0146297, 5, 0, 0.0347837725015159639563037054, 5398.77, -3486.492, -2.961042, 0.001233003, 0.03962206, 119.9417, 0.86918, 0.551697, 0.164956
 
15.55026, -0.002209149, -0.01465171, 5, 0, 0.0349139880632381956229058313, 5386.905, -3486.492, -2.961042, 0.001233003, 0.03962206, 119.8193, 0.8691726, 0.551697, 0.164956
 
15.56026, -0.002213933, -0.0146738, 5, 0, 0.0350445975178663038539999965, 5375.063, -3486.492, -2.961042, 0.001233003, 0.03962206, 119.6969, 0.8691652, 0.551697, 0.164956
 
15.57026, -0.002212177, -0.01469594, 5, 0, 0.0351752748850642783960976131, 5363.238, -3486.492, -2.961042, 0.001233003, 0.03962206, 119.5746, 0.8691579, 0.551697, 0.164956
 
15.58026, -0.002212343, -0.01471806, 5, 0, 0.0353064819703085412503941935, 5351.437, -3486.492, -2.961042, 0.001233003, 0.03962206, 119.4524, 0.8691505, 0.551697, 0.164956
 
15.59026, -0.002207838, -0.01474019, 5, 0, 0.0354377705506366708429229165, 5339.658, -3486.492, -2.961042, 0.001233003, 0.03962206, 119.3302, 0.869143, 0.551697, 0.164956
 
15.60026, -0.002223058, -0.01476227, 5, 0, 0.0355709606829249960726084057, 5327.899, -3486.492, -2.961042, 0.001233003, 0.03962206, 119.2081, 0.8691355, 0.551697, 0.164956
 
15.61026, -0.002230506, -0.0147845, 5, 0, 0.0357043817179511927400416403, 5316.158, -3486.492, -2.961042, 0.001233003, 0.03962206, 119.086, 0.869128, 0.551697, 0.164956
 
15.62026, -0.002243183, -0.0148068, 5, 0, 0.0358388350240414218768554029, 5304.439, -3486.492, -2.961042, 0.001233003, 0.03962206, 118.964, 0.8691204, 0.551697, 0.164956
 
15.63026, -0.002246068, -0.01482923, 5, 0, 0.0359732883301316510136691655, 5292.741, -3486.492, -2.961042, 0.001233003, 0.03962206, 118.842, 0.8691128, 0.551697, 0.164956
 
15.64026, -0.002246926, -0.01485169, 5, 0, 0.0361081083640996200353775807, 5281.063, -3486.492, -2.961042, 0.001233003, 0.03962206, 118.7201, 0.8691052, 0.551697, 0.164956
 
15.65026, -0.002248597, -0.01487416, 5, 0, 0.0362434581161140131944249639, 5269.407, -3486.492, -2.961042, 0.001233003, 0.03962206, 118.5983, 0.8690975, 0.551697, 0.164956
 
15.66026, -0.002241658, -0.01489665, 5, 0, 0.0363786041304181282947619713, 5257.773, -3486.492, -2.961042, 0.001233003, 0.03962206, 118.4765, 0.8690899, 0.551697, 0.164956
 
15.67026, -0.002239922, -0.01491907, 5, 0, 0.0365144971829925385429570007, 5246.158, -3486.492, -2.961042, 0.001233003, 0.03962206, 118.3549, 0.8690822, 0.551697, 0.164956
 
15.68026, -0.002256093, -0.01494147, 5, 0, 0.0366522238749567348167453278, 5234.566, -3486.492, -2.961042, 0.001233003, 0.03962206, 118.2332, 0.8690745, 0.551697, 0.164956
 
15.69026, -0.002260491, -0.01496403, 5, 0, 0.0367898962368652010318988989, 5222.993, -3486.492, -2.961042, 0.001233003, 0.03962206, 118.1116, 0.8690667, 0.551697, 0.164956
 
15.70026, -0.002264833, -0.01498663, 5, 0, 0.0369281390643615493655174942, 5211.439, -3486.492, -2.961042, 0.001233003, 0.03962206, 117.9901, 0.8690588, 0.551697, 0.164956
 
15.71026, -0.002274968, -0.01500928, 5, 0, 0.0370674413279497951978339956, 5199.906, -3486.492, -2.961042, 0.001233003, 0.03962206, 117.8686, 0.869051, 0.551697, 0.164956
 
15.72026, -0.002276853, -0.01503203, 5, 0, 0.0372067843390803139621165789, 5188.394, -3486.492, -2.961042, 0.001233003, 0.03962206, 117.7472, 0.8690431, 0.551697, 0.164956
 
15.73026, -0.002281904, -0.0150548, 5, 0, 0.0373469151360228575056632494, 5176.902, -3486.492, -2.961042, 0.001233003, 0.03962206, 117.6259, 0.8690352, 0.551697, 0.164956
 
15.74026, -0.002282956, -0.01507762, 5, 0, 0.0374873175832450021183637301, 5165.433, -3486.492, -2.961042, 0.001233003, 0.03962206, 117.5046, 0.8690273, 0.551697, 0.164956
 
15.75027, -0.002279984, -0.01510045, 5, 0, 0.0376279237681775606149145911, 5153.98, -3486.492, -2.961042, 0.001233003, 0.03962206, 117.3834, 0.8690194, 0.551697, 0.164956
 
15.76027, -0.002285416, -0.01512325, 5, 0, 0.0377696165542300174646207403, 5142.548, -3486.492, -2.961042, 0.001233003, 0.03962206, 117.2622, 0.8690114, 0.551697, 0.164956
 
15.77027, -0.002288488, -0.0151461, 5, 0, 0.0379117439807304879856450065, 5131.137, -3486.492, -2.961042, 0.001233003, 0.03962206, 117.141, 0.8690034, 0.551697, 0.164956
 
15.78027, -0.002288436, -0.01516898, 5, 0, 0.0380541838050529683329291694, 5119.746, -3486.492, -2.961042, 0.001233003, 0.03962206, 117.02, 0.8689953, 0.551697, 0.164956
 
15.79027, -0.002304011, -0.01519187, 5, 0, 0.0381983893561955042199431826, 5108.377, -3486.492, -2.961042, 0.001233003, 0.03962206, 116.899, 0.8689872, 0.551697, 0.164956
 
15.80027, -0.002318042, -0.01521491, 5, 0, 0.0383433826931499290610812787, 5097.026, -3486.492, -2.961042, 0.001233003, 0.03962206, 116.7781, 0.868979, 0.551697, 0.164956
 
15.81027, -0.002324944, -0.01523809, 5, 0, 0.0384886205153566332426158242, 5085.696, -3486.492, -2.961042, 0.001233003, 0.03962206, 116.6572, 0.8689708, 0.551697, 0.164956
 
15.82027, -0.002332834, -0.01526134, 5, 0, 0.0386346189583472255238170701, 5074.386, -3486.492, -2.961042, 0.001233003, 0.03962206, 116.5363, 0.8689626, 0.551697, 0.164956
 
15.83027, -0.002342681, -0.01528467, 5, 0, 0.0387815002647477097497432370, 5063.096, -3486.492, -2.961042, 0.001233003, 0.03962206, 116.4156, 0.8689543, 0.551697, 0.164956
 
15.84027, -0.002347544, -0.01530809, 5, 0, 0.0389287211339986121318066957, 5051.825, -3486.492, -2.961042, 0.001233003, 0.03962206, 116.2949, 0.868946, 0.551697, 0.164956
 
15.85027, -0.00234592, -0.01533157, 5, 0, 0.0390760234983331096018222884, 5040.576, -3486.492, -2.961042, 0.001233003, 0.03962206, 116.1742, 0.8689377, 0.551697, 0.164956
 
15.86027, -0.002347304, -0.01535503, 5, 0, 0.0392240185708819005107811388, 5029.348, -3486.492, -2.961042, 0.001233003, 0.03962206, 116.0536, 0.8689293, 0.551697, 0.164956
 
15.87027, -0.002346127, -0.0153785, 5, 0, 0.0393723803713084313046346418, 5018.138, -3486.492, -2.961042, 0.001233003, 0.03962206, 115.9331, 0.868921, 0.551697, 0.164956
 
15.88027, -0.00234633, -0.01540196, 5, 0, 0.0395213262198369804693218645, 5006.949, -3486.492, -2.961042, 0.001233003, 0.03962206, 115.8126, 0.8689126, 0.551697, 0.164956
 
15.89027, -0.002353034, -0.01542543, 5, 0, 0.0396713722519997000646730753, 4995.778, -3486.492, -2.961042, 0.001233003, 0.03962206, 115.6922, 0.8689041, 0.551697, 0.164956
 
15.90027, -0.002357001, -0.01544896, 5, 0, 0.0398218529246105691564824073, 4984.628, -3486.492, -2.961042, 0.001233003, 0.03962206, 115.5719, 0.8688956, 0.551697, 0.164956
 
15.91027, -0.002359873, -0.01547253, 5, 0, 0.0399728904802951841143880682, 4973.495, -3486.492, -2.961042, 0.001233003, 0.03962206, 115.4516, 0.8688871, 0.551697, 0.164956
 
15.92027, -0.002365806, -0.01549613, 5, 0, 0.0401247837343620976379812806, 4962.384, -3486.492, -2.961042, 0.001233003, 0.03962206, 115.3313, 0.8688785, 0.551697, 0.164956
 
15.93027, -0.002371839, -0.01551978, 5, 0, 0.0402773696966428971250977377, 4951.292, -3486.492, -2.961042, 0.001233003, 0.03962206, 115.2111, 0.86887, 0.551697, 0.164956
 
15.94027, -0.002378277, -0.0155435, 5, 0, 0.0404306619496517188281061349, 4940.221, -3486.492, -2.961042, 0.001233003, 0.03962206, 115.091, 0.8688613, 0.551697, 0.164956
 
15.95027, -0.002380525, -0.01556729, 5, 0, 0.0405843073480245516390605022, 4929.169, -3486.492, -2.961042, 0.001233003, 0.03962206, 114.9709, 0.8688526, 0.551697, 0.164956
 
15.96027, -0.002380141, -0.01559109, 5, 0, 0.0407383194742755318103295351, 4918.135, -3486.492, -2.961042, 0.001233003, 0.03962206, 114.8509, 0.868844, 0.551697, 0.164956
 
15.97027, -0.002386531, -0.01561489, 5, 0, 0.0408934589491882757912999254, 4907.122, -3486.492, -2.961042, 0.001233003, 0.03962206, 114.7309, 0.8688352, 0.551697, 0.164956
 
15.98027, -0.002389295, -0.01563876, 5, 0, 0.0410489787344931675598136724, 4896.128, -3486.492, -2.961042, 0.001233003, 0.03962206, 114.611, 0.8688264, 0.551697, 0.164956
 
15.99027, -0.002392187, -0.01566265, 5, 0, 0.0412051097329280785536185214, 4885.155, -3486.492, -2.961042, 0.001233003, 0.03962206, 114.4912, 0.8688176, 0.551697, 0.164956
 
16.00027, -0.002398147, -0.01568657, 5, 0, 0.0413621371772868819193769826, 4874.202, -3486.492, -2.961042, 0.001233003, 0.03962206, 114.3714, 0.8688088, 0.551697, 0.164956
 
16.01027, -0.002398904, -0.01571056, 5, 0, 0.0415194362719258296548492711, 4863.265, -3486.492, -2.961042, 0.001233003, 0.03962206, 114.2517, 0.8687999, 0.551697, 0.164956
 
16.02027, -0.002405626, -0.01573454, 5, 0, 0.0416778219676848115686168522, 4852.35, -3486.492, -2.961042, 0.001233003, 0.03962206, 114.132, 0.868791, 0.551697, 0.164956
 
16.03027, -0.002411442, -0.0157586, 5, 0, 0.0418368460416020852124129262, 4841.453, -3486.492, -2.961042, 0.001233003, 0.03962206, 114.0124, 0.868782, 0.551697, 0.164956
 
16.04027, -0.002419458, -0.01578271, 5, 0, 0.0419968208914989812867973684, 4830.573, -3486.492, -2.961042, 0.001233003, 0.03962206, 113.8928, 0.868773, 0.551697, 0.164956
 
16.05027, -0.002429923, -0.01580691, 5, 0, 0.0421577465173760430923301959, 4819.714, -3486.492, -2.961042, 0.001233003, 0.03962206, 113.7733, 0.868764, 0.551697, 0.164956
 
16.06027, -0.002436012, -0.01583121, 5, 0, 0.0423191475312431198508672138, 4808.876, -3486.492, -2.961042, 0.001233003, 0.03962206, 113.6538, 0.8687549, 0.551697, 0.164956
 
16.07027, -0.00244178, -0.01585557, 5, 0, 0.0424812276708100821456987853, 4798.059, -3486.492, -2.961042, 0.001233003, 0.03962206, 113.5344, 0.8687457, 0.551697, 0.164956
 
16.08027, -0.002446788, -0.01587998, 5, 0, 0.0426439869360774732773849275, 4787.256, -3486.492, -2.961042, 0.001233003, 0.03962206, 113.4151, 0.8687366, 0.551697, 0.164956
 
16.09027, -0.00245834, -0.01590445, 5, 0, 0.0428080501226884979476054080, 4776.473, -3486.492, -2.961042, 0.001233003, 0.03962206, 113.2958, 0.8687273, 0.551697, 0.164956
 
16.10027, -0.002465101, -0.01592904, 5, 0, 0.0429725615322618083666527051, 4765.711, -3486.492, -2.961042, 0.001233003, 0.03962206, 113.1765, 0.8687181, 0.551697, 0.164956
 
16.11027, -0.002472107, -0.01595369, 5, 0, 0.0431378335626188710602266985, 4754.97, -3486.492, -2.961042, 0.001233003, 0.03962206, 113.0574, 0.8687088, 0.551697, 0.164956
 
16.12027, -0.002476555, -0.01597841, 5, 0, 0.0433036896410780879497744159, 4744.243, -3486.492, -2.961042, 0.001233003, 0.03962206, 112.9382, 0.8686994, 0.551697, 0.164956
 
16.13027, -0.002486614, -0.01600317, 5, 0, 0.0434707545632833428626756463, 4733.537, -3486.492, -2.961042, 0.001233003, 0.03962206, 112.8192, 0.86869, 0.551697, 0.164956
 
16.14027, -0.00249571, -0.01602804, 5, 0, 0.0436385529412447566710662035, 4722.852, -3486.492, -2.961042, 0.001233003, 0.03962206, 112.7002, 0.8686806, 0.551697, 0.164956
 
16.15027, -0.002483263, -0.016053, 5, 0, 0.0438052783006000009032501549, 4712.186, -3486.492, -2.961042, 0.001233003, 0.03962206, 112.5812, 0.8686712, 0.551697, 0.164956
 
16.16027, -0.002475395, -0.01607783, 5, 0, 0.0439726827856549948465886557, 4701.536, -3486.492, -2.961042, 0.001233003, 0.03962206, 112.4623, 0.8686618, 0.551697, 0.164956
 
16.17027, -0.002479168, -0.01610258, 5, 0, 0.0441414998521663048719910453, 4690.906, -3486.492, -2.961042, 0.001233003, 0.03962206, 112.3435, 0.8686523, 0.551697, 0.164956
 
16.18027, -0.002484479, -0.01612738, 5, 0, 0.0443111454520317767834835998, 4680.296, -3486.492, -2.961042, 0.001233003, 0.03962206, 112.2247, 0.8686427, 0.551697, 0.164956
 
16.19028, -0.002485894, -0.01615222, 5, 0, 0.0444812256923452623662942713, 4669.702, -3486.492, -2.961042, 0.001233003, 0.03962206, 112.106, 0.8686332, 0.551697, 0.164956
 
16.20028, -0.002496929, -0.01617708, 5, 0, 0.0446527864266843870416122661, 4659.128, -3486.492, -2.961042, 0.001233003, 0.03962206, 111.9873, 0.8686235, 0.551697, 0.164956
 
16.21028, -0.002504386, -0.01620205, 5, 0, 0.0448249583741539384176413758, 4648.573, -3486.492, -2.961042, 0.001233003, 0.03962206, 111.8687, 0.8686138, 0.551697, 0.164956
 
16.22028, -0.00251052, -0.01622709, 5, 0, 0.0449977958648093749027363479, 4638.039, -3486.492, -2.961042, 0.001233003, 0.03962206, 111.7501, 0.8686041, 0.551697, 0.164956
 
16.23028, -0.002514642, -0.0162522, 5, 0, 0.0451712445685948306131224220, 4627.521, -3486.492, -2.961042, 0.001233003, 0.03962206, 111.6316, 0.8685943, 0.551697, 0.164956
 
16.24028, -0.002529738, -0.01627734, 5, 0, 0.0453464725817144781156070420, 4617.021, -3486.492, -2.961042, 0.001233003, 0.03962206, 111.5131, 0.8685845, 0.551697, 0.164956
 
16.25028, -0.00252335, -0.01630264, 5, 0, 0.0455207362363396878094345770, 4606.541, -3486.492, -2.961042, 0.001233003, 0.03962206, 111.3947, 0.8685747, 0.551697, 0.164956
 
16.26028, -0.002527687, -0.01632787, 5, 0, 0.0456964260549353498376946963, 4596.08, -3486.492, -2.961042, 0.001233003, 0.03962206, 111.2764, 0.8685648, 0.551697, 0.164956
 
16.27028, -0.002533161, -0.01635315, 5, 0, 0.0458729851544270392085910497, 4585.635, -3486.492, -2.961042, 0.001233003, 0.03962206, 111.1581, 0.8685548, 0.551697, 0.164956
 
16.28028, -0.002537451, -0.01637848, 5, 0, 0.0460502097971043420382732569, 4575.211, -3486.492, -2.961042, 0.001233003, 0.03962206, 111.0398, 0.8685449, 0.551697, 0.164956
 
16.29028, -0.002539264, -0.01640385, 5, 0, 0.0462279369928000681508370498, 4564.806, -3486.492, -2.961042, 0.001233003, 0.03962206, 110.9217, 0.8685349, 0.551697, 0.164956
 
16.30028, -0.002553222, -0.01642925, 5, 0, 0.0464075249929137169685915269, 4554.418, -3486.492, -2.961042, 0.001233003, 0.03962206, 110.8035, 0.8685248, 0.551697, 0.164956
 
16.31028, -0.002560959, -0.01645478, 5, 0, 0.0465875340509613790304354298, 4544.049, -3486.492, -2.961042, 0.001233003, 0.03962206, 110.6854, 0.8685147, 0.551697, 0.164956
 
16.32028, -0.002570059, -0.01648039, 5, 0, 0.0467685753800730735616598607, 4533.696, -3486.492, -2.961042, 0.001233003, 0.03962206, 110.5674, 0.8685045, 0.551697, 0.164956
 
16.33028, -0.002567664, -0.01650609, 5, 0, 0.0469493993889606254320852288, 4523.365, -3486.492, -2.961042, 0.001233003, 0.03962206, 110.4494, 0.8684943, 0.551697, 0.164956
 
16.34028, -0.002569346, -0.01653177, 5, 0, 0.0471312149213706159656250642, 4513.051, -3486.492, -2.961042, 0.001233003, 0.03962206, 110.3315, 0.8684841, 0.551697, 0.164956
 
16.35028, -0.002573707, -0.01655746, 5, 0, 0.0473139676472462285025245766, 4502.754, -3486.492, -2.961042, 0.001233003, 0.03962206, 110.2137, 0.8684738, 0.551697, 0.164956
 
16.36028, -0.002583527, -0.0165832, 5, 0, 0.0474980378769798824806071312, 4492.476, -3486.492, -2.961042, 0.001233003, 0.03962206, 110.0959, 0.8684635, 0.551697, 0.164956
 
16.37028, -0.002593797, -0.01660903, 5, 0, 0.0476830724652078384422067665, 4482.216, -3486.492, -2.961042, 0.001233003, 0.03962206, 109.9781, 0.8684531, 0.551697, 0.164956
 
16.38028, -0.002600135, -0.01663497, 5, 0, 0.0478687046840515415515888041, 4471.974, -3486.492, -2.961042, 0.001233003, 0.03962206, 109.8604, 0.8684427, 0.551697, 0.164956
 
16.39028, -0.00260274, -0.01666097, 5, 0, 0.0480548122908856670893950451, 4461.751, -3486.492, -2.961042, 0.001233003, 0.03962206, 109.7428, 0.8684322, 0.551697, 0.164956
 
16.40028, -0.002599838, -0.016687, 5, 0, 0.0482411643829713928418977141, 4451.545, -3486.492, -2.961042, 0.001233003, 0.03962206, 109.6252, 0.8684217, 0.551697, 0.164956
 
16.41028, -0.002610232, -0.016713, 5, 0, 0.0484293908619891775519597627, 4441.357, -3486.492, -2.961042, 0.001233003, 0.03962206, 109.5076, 0.8684111, 0.551697, 0.164956
 
16.42028, -0.002619811, -0.0167391, 5, 0, 0.0486185002044172616821667451, 4431.188, -3486.492, -2.961042, 0.001233003, 0.03962206, 109.3901, 0.8684005, 0.551697, 0.164956
 
16.43028, -0.002626057, -0.0167653, 5, 0, 0.0488082750900312309214395899, 4421.035, -3486.492, -2.961042, 0.001233003, 0.03962206, 109.2727, 0.8683898, 0.551697, 0.164956
 
16.44028, -0.002643423, -0.01679156, 5, 0, 0.0489999379450912595455005055, 4410.903, -3486.492, -2.961042, 0.001233003, 0.03962206, 109.1553, 0.8683791, 0.551697, 0.164956
 
16.45028, -0.00264363, -0.01681799, 5, 0, 0.0491911933247314111778406907, 4400.787, -3486.492, -2.961042, 0.001233003, 0.03962206, 109.038, 0.8683683, 0.551697, 0.164956
 
16.46028, -0.002639873, -0.01684443, 5, 0, 0.0493827475196794363840720770, 4390.688, -3486.492, -2.961042, 0.001233003, 0.03962206, 108.9207, 0.8683576, 0.551697, 0.164956
 
16.47028, -0.002649861, -0.01687083, 5, 0, 0.0495762032665872497520402168, 4380.609, -3486.492, -2.961042, 0.001233003, 0.03962206, 108.8034, 0.8683468, 0.551697, 0.164956
 
16.48028, -0.002660929, -0.01689733, 5, 0, 0.0497707863621575060554097354, 4370.546, -3486.492, -2.961042, 0.001233003, 0.03962206, 108.6863, 0.8683358, 0.551697, 0.164956
 
16.49028, -0.002663614, -0.01692394, 5, 0, 0.0499655731954376329420696171, 4360.501, -3486.492, -2.961042, 0.001233003, 0.03962206, 108.5691, 0.8683249, 0.551697, 0.164956
 
16.50028, -0.002662762, -0.01695057, 5, 0, 0.0501608082516797739272763070, 4350.474, -3486.492, -2.961042, 0.001233003, 0.03962206, 108.452, 0.8683139, 0.551697, 0.164956
 
16.51028, -0.002673716, -0.0169772, 5, 0, 0.0503578905298259730155849942, 4340.464, -3486.492, -2.961042, 0.001233003, 0.03962206, 108.335, 0.8683028, 0.551697, 0.164956
 
16.52028, -0.002686088, -0.01700394, 5, 0, 0.0505561409041762088455611210, 4330.472, -3486.492, -2.961042, 0.001233003, 0.03962206, 108.218, 0.8682917, 0.551697, 0.164956
 
16.53028, -0.002681146, -0.0170308, 5, 0, 0.0507537800653964254502461456, 4320.498, -3486.492, -2.961042, 0.001233003, 0.03962206, 108.1011, 0.8682806, 0.551697, 0.164956
 
16.54028, -0.002687072, -0.01705761, 5, 0, 0.0509530627108108295747428046, 4310.542, -3486.492, -2.961042, 0.001233003, 0.03962206, 107.9842, 0.8682694, 0.551697, 0.164956
 
16.55028, -0.002695845, -0.01708448, 5, 0, 0.0511534998699149983633982033, 4300.605, -3486.492, -2.961042, 0.001233003, 0.03962206, 107.8674, 0.8682582, 0.551697, 0.164956
 
16.56028, -0.002702215, -0.01711144, 5, 0, 0.0513547383973453281836863845, 4290.684, -3486.492, -2.961042, 0.001233003, 0.03962206, 107.7507, 0.8682469, 0.551697, 0.164956
 
16.57028, -0.002704842, -0.01713846, 5, 0, 0.0515565202253355392679822078, 4280.78, -3486.492, -2.961042, 0.001233003, 0.03962206, 107.634, 0.8682355, 0.551697, 0.164956
 
16.58028, -0.00270204, -0.01716551, 5, 0, 0.0517585737036060305471318627, 4270.894, -3486.492, -2.961042, 0.001233003, 0.03962206, 107.5173, 0.8682242, 0.551697, 0.164956
 
16.59028, -0.002712259, -0.01719253, 5, 0, 0.0519625694813784470948443489, 4261.025, -3486.492, -2.961042, 0.001233003, 0.03962206, 107.4007, 0.8682128, 0.551697, 0.164956
 
16.60028, -0.002727209, -0.01721965, 5, 0, 0.0521680729182049110649415534, 4251.176, -3486.492, -2.961042, 0.001233003, 0.03962206, 107.2842, 0.8682013, 0.551697, 0.164956
 
16.61028, -0.002722045, -0.01724692, 5, 0, 0.0523728021517334865081433662, 4241.343, -3486.492, -2.961042, 0.001233003, 0.03962206, 107.1676, 0.8681898, 0.551697, 0.164956
 
16.62029, -0.002730745, -0.01727414, 5, 0, 0.0525795144323058526764540795, 4231.527, -3486.492, -2.961042, 0.001233003, 0.03962206, 107.0512, 0.8681781, 0.551697, 0.164956
 
16.63029, -0.002735008, -0.01730145, 5, 0, 0.0527867971784662367883698213, 4221.729, -3486.492, -2.961042, 0.001233003, 0.03962206, 106.9348, 0.8681665, 0.551697, 0.164956
 
16.64029, -0.00275031, -0.0173288, 5, 0, 0.0529960901366988199552718586, 4211.947, -3486.492, -2.961042, 0.001233003, 0.03962206, 106.8185, 0.8681548, 0.551697, 0.164956
 
16.65029, -0.002748402, -0.0173563, 5, 0, 0.0532048805419136589649923317, 4202.182, -3486.492, -2.961042, 0.001233003, 0.03962206, 106.7021, 0.8681431, 0.551697, 0.164956
 
16.66029, -0.002757361, -0.01738379, 5, 0, 0.0534154774214901473207087158, 4192.435, -3486.492, -2.961042, 0.001233003, 0.03962206, 106.5859, 0.8681313, 0.551697, 0.164956
 
16.67029, -0.002768732, -0.01741136, 5, 0, 0.0536273646398968120882907641, 4182.706, -3486.492, -2.961042, 0.001233003, 0.03962206, 106.4697, 0.8681194, 0.551697, 0.164956
 
16.68029, -0.002762033, -0.01743905, 5, 0, 0.0538385455675753188148408680, 4172.994, -3486.492, -2.961042, 0.001233003, 0.03962206, 106.3536, 0.8681076, 0.551697, 0.164956
 
16.69029, -0.002770012, -0.01746667, 5, 0, 0.0540517910373821621304320362, 4163.3, -3486.492, -2.961042, 0.001233003, 0.03962206, 106.2375, 0.8680956, 0.551697, 0.164956
 
16.70029, -0.002776914, -0.01749437, 5, 0, 0.0542659737006550349248028943, 4153.621, -3486.492, -2.961042, 0.001233003, 0.03962206, 106.1214, 0.8680836, 0.551697, 0.164956
 
16.71029, -0.002778983, -0.01752214, 5, 0, 0.0544806453344316514491266255, 4143.961, -3486.492, -2.961042, 0.001233003, 0.03962206, 106.0054, 0.8680716, 0.551697, 0.164956
 
16.72029, -0.00278318, -0.01754993, 5, 0, 0.0546964171518425742292543490, 4134.316, -3486.492, -2.961042, 0.001233003, 0.03962206, 105.8895, 0.8680595, 0.551697, 0.164956
 
16.73029, -0.002800021, -0.01757776, 5, 0, 0.0549144165015494312497474179, 4124.689, -3486.492, -2.961042, 0.001233003, 0.03962206, 105.7736, 0.8680472, 0.551697, 0.164956
 
16.74029, -0.002796728, -0.01760576, 5, 0, 0.0551316688129859931223824646, 4115.079, -3486.492, -2.961042, 0.001233003, 0.03962206, 105.6577, 0.8680351, 0.551697, 0.164956
 
16.75029, -0.002810099, -0.01763373, 5, 0, 0.0553513252294010380899158590, 4105.487, -3486.492, -2.961042, 0.001233003, 0.03962206, 105.542, 0.8680227, 0.551697, 0.164956
 
16.76029, -0.002818625, -0.01766183, 5, 0, 0.0555717286840859707298872627, 4095.912, -3486.492, -2.961042, 0.001233003, 0.03962206, 105.4262, 0.8680104, 0.551697, 0.164956
 
16.77029, -0.002817559, -0.01769001, 5, 0, 0.0557921864688270409039134353, 4086.355, -3486.492, -2.961042, 0.001233003, 0.03962206, 105.3105, 0.8679981, 0.551697, 0.164956
 
16.78029, -0.00282577, -0.01771819, 5, 0, 0.0560144235629020312197581452, 4076.813, -3486.492, -2.961042, 0.001233003, 0.03962206, 105.1949, 0.8679856, 0.551697, 0.164956
 
16.79029, -0.002834911, -0.01774645, 5, 0, 0.0562378559182089233065876726, 4067.289, -3486.492, -2.961042, 0.001233003, 0.03962206, 105.0793, 0.8679731, 0.551697, 0.164956
 
16.80029, -0.002834952, -0.0177748, 5, 0, 0.0564614376811699559180728070, 4057.781, -3486.492, -2.961042, 0.001233003, 0.03962206, 104.9638, 0.8679606, 0.551697, 0.164956
 
16.81029, -0.002843692, -0.01780315, 5, 0, 0.0566867715884370436420591007, 4048.291, -3486.492, -2.961042, 0.001233003, 0.03962206, 104.8483, 0.8679479, 0.551697, 0.164956
 
16.82029, -0.002842722, -0.01783158, 5, 0, 0.0569121869907881339294175413, 4038.817, -3486.492, -2.961042, 0.001233003, 0.03962206, 104.7329, 0.8679354, 0.551697, 0.164956
 
16.83029, -0.002845067, -0.01786001, 5, 0, 0.0571387840718573972108121168, 4029.359, -3486.492, -2.961042, 0.001233003, 0.03962206, 104.6175, 0.8679227, 0.551697, 0.164956
 
16.84029, -0.002859395, -0.01788846, 5, 0, 0.0573675543551663213733772647, 4019.919, -3486.492, -2.961042, 0.001233003, 0.03962206, 104.5021, 0.8679098, 0.551697, 0.164956
 
16.85029, -0.002858996, -0.01791706, 5, 0, 0.0575960529881956444667886022, 4010.497, -3486.492, -2.961042, 0.001233003, 0.03962206, 104.3869, 0.867897, 0.551697, 0.164956
 
16.86029, -0.002862496, -0.01794565, 5, 0, 0.0578258147950267356421882087, 4001.091, -3486.492, -2.961042, 0.001233003, 0.03962206, 104.2716, 0.8678842, 0.551697, 0.164956
 
16.87029, -0.00286429, -0.01797427, 5, 0, 0.0580563779701841236743606021, 3991.7, -3486.492, -2.961042, 0.001233003, 0.03962206, 104.1564, 0.8678713, 0.551697, 0.164956
 
16.88029, -0.002874349, -0.01800291, 5, 0, 0.0582887612022174331300376062, 3982.326, -3486.492, -2.961042, 0.001233003, 0.03962206, 104.0413, 0.8678583, 0.551697, 0.164956
 
16.89029, -0.002886059, -0.01803166, 5, 0, 0.0585225162681646499106724129, 3972.969, -3486.492, -2.961042, 0.001233003, 0.03962206, 103.9262, 0.8678452, 0.551697, 0.164956
 
16.90029, -0.002890604, -0.01806052, 5, 0, 0.0587567331395881528673627275, 3963.628, -3486.492, -2.961042, 0.001233003, 0.03962206, 103.8112, 0.8678321, 0.551697, 0.164956
 
16.91029, -0.002896238, -0.01808942, 5, 0, 0.0589921316897295571678091685, 3954.303, -3486.492, -2.961042, 0.001233003, 0.03962206, 103.6962, 0.8678189, 0.551697, 0.164956
 
16.92029, -0.00289945, -0.01811839, 5, 0, 0.0592282908606549853930623142, 3944.996, -3486.492, -2.961042, 0.001233003, 0.03962206, 103.5812, 0.8678057, 0.551697, 0.164956
 
16.93029, -0.008227372, -0.01814738, 5, 0, 0.0594659169430923239338741006, 3973.573, -3486.492, -2.961042, 0.001233003, 0.03962206, 103.4662, 0.8677924, 0.551697, 0.164956
 
16.94029, -0.006594143, -0.01822965, 5, 0, 0.0596992509511057991206994900, 3964.306, -3486.492, -2.961042, 0.001233003, 0.03962206, 103.3511, 0.8677794, 0.551697, 0.164956
 
16.95029, -0.005408891, -0.0182956, 5, 0, 0.0599283607972648697891219211, 3955.056, -3486.492, -2.961042, 0.001233003, 0.03962206, 103.2362, 0.8677666, 0.551697, 0.164956
 
16.96029, -0.004545666, -0.01834968, 5, 0, 0.0601543059176622483886793253, 3945.821, -3486.492, -2.961042, 0.001233003, 0.03962206, 103.1212, 0.8677539, 0.551697, 0.164956
 
16.97029, -0.003922693, -0.01839514, 5, 0, 0.0603787569615191725176606895, 3936.601, -3486.492, -2.961042, 0.001233003, 0.03962206, 103.0063, 0.8677413, 0.551697, 0.164956
 
16.98029, -0.003479368, -0.01843437, 5, 0, 0.0606030178501802264905803818, 3927.398, -3486.492, -2.961042, 0.001233003, 0.03962206, 102.8915, 0.8677288, 0.551697, 0.164956
 
16.99029, -0.003154711, -0.01846916, 5, 0, 0.0608263687104032518391777666, 3918.213, -3486.492, -2.961042, 0.001233003, 0.03962206, 102.7767, 0.8677163, 0.551697, 0.164956
 
17.00029, -0.002924129, -0.01850071, 5, 0, 0.0610500591334762878684924302, 3909.042, -3486.492, -2.961042, 0.001233003, 0.03962206, 102.662, 0.8677039, 0.551697, 0.164956
 
17.01029, -0.002774013, -0.01852995, 5, 0, 0.0612757326035935220983360071, 3899.888, -3486.492, -2.961042, 0.001233003, 0.03962206, 102.5473, 0.8676912, 0.551697, 0.164956
 
17.02029, -0.002664038, -0.01855769, 5, 0, 0.0615016505589624923680160162, 3890.75, -3486.492, -2.961042, 0.001233003, 0.03962206, 102.4327, 0.8676786, 0.551697, 0.164956
 
17.03029, -0.002600343, -0.01858433, 5, 0, 0.0617298367941698056351674571, 3881.625, -3486.492, -2.961042, 0.001233003, 0.03962206, 102.3181, 0.8676658, 0.551697, 0.164956
 
17.04029, -0.002570338, -0.01861033, 5, 0, 0.0619604407168690591238859197, 3872.517, -3486.492, -2.961042, 0.001233003, 0.03962206, 102.2036, 0.867653, 0.551697, 0.164956
 
17.05029, -0.002555268, -0.01863604, 5, 0, 0.0621925387161082237826204053, 3863.426, -3486.492, -2.961042, 0.001233003, 0.03962206, 102.0891, 0.86764, 0.551697, 0.164956
 
17.0603, -0.002560504, -0.01866159, 5, 0, 0.0624272445580356062944035972, 3854.35, -3486.492, -2.961042, 0.001233003, 0.03962206, 101.9746, 0.8676268, 0.551697, 0.164956
 
17.0703, -0.002554538, -0.01868719, 5, 0, 0.0626616923321971165139816615, 3845.292, -3486.492, -2.961042, 0.001233003, 0.03962206, 101.8603, 0.8676138, 0.551697, 0.164956
 
17.0803, -0.002558393, -0.01871274, 5, 0, 0.0628979601632345481570643365, 3836.248, -3486.492, -2.961042, 0.001233003, 0.03962206, 101.7459, 0.8676006, 0.551697, 0.164956
 
17.0903, -0.002575377, -0.01873832, 5, 0, 0.0631367000118199217306287978, 3827.219, -3486.492, -2.961042, 0.001233003, 0.03962206, 101.6316, 0.8675872, 0.551697, 0.164956
 
17.1003, -0.002600865, -0.01876408, 5, 0, 0.0633778303828695063215829070, 3818.207, -3486.492, -2.961042, 0.001233003, 0.03962206, 101.5174, 0.8675737, 0.551697, 0.164956
 
17.1103, -0.002626915, -0.01879008, 5, 0, 0.0636208079758230131904990092, 3809.209, -3486.492, -2.961042, 0.001233003, 0.03962206, 101.4032, 0.8675602, 0.551697, 0.164956
 
17.1203, -0.002656565, -0.01881635, 5, 0, 0.0638660266835869980275691652, 3800.226, -3486.492, -2.961042, 0.001233003, 0.03962206, 101.289, 0.8675465, 0.551697, 0.164956
 
17.1303, -0.002675217, -0.01884292, 5, 0, 0.0641118837695085954689677928, 3791.26, -3486.492, -2.961042, 0.001233003, 0.03962206, 101.1749, 0.8675328, 0.551697, 0.164956
 
17.1403, -0.002694671, -0.01886967, 5, 0, 0.0643593707571103800029493634, 3782.312, -3486.492, -2.961042, 0.001233003, 0.03962206, 101.0609, 0.867519, 0.551697, 0.164956
 
17.1503, -0.002718784, -0.01889662, 5, 0, 0.0646090309469522328935215192, 3773.376, -3486.492, -2.961042, 0.001233003, 0.03962206, 100.9469, 0.867505, 0.551697, 0.164956
 
17.1603, -0.002745279, -0.0189238, 5, 0, 0.0648607285138941498683973484, 3764.457, -3486.492, -2.961042, 0.001233003, 0.03962206, 100.8329, 0.8674909, 0.551697, 0.164956
 
17.1703, -0.002768286, -0.01895126, 5, 0, 0.0651138522448059758771457449, 3755.554, -3486.492, -2.961042, 0.001233003, 0.03962206, 100.719, 0.8674768, 0.551697, 0.164956
 
17.1803, -0.002788812, -0.01897894, 5, 0, 0.0653684972172861213857875596, 3746.664, -3486.492, -2.961042, 0.001233003, 0.03962206, 100.6051, 0.8674626, 0.551697, 0.164956
 
17.1903, -0.002816346, -0.01900683, 5, 0, 0.0656256142073140729997711562, 3737.79, -3486.492, -2.961042, 0.001233003, 0.03962206, 100.4913, 0.8674483, 0.551697, 0.164956
 
17.2003, -0.002834083, -0.01903499, 5, 0, 0.0658835054006401847909301531, 3728.933, -3486.492, -2.961042, 0.001233003, 0.03962206, 100.3775, 0.8674339, 0.551697, 0.164956
 
17.2103, -0.002854087, -0.01906333, 5, 0, 0.0661432166508424896558737692, 3720.092, -3486.492, -2.961042, 0.001233003, 0.03962206, 100.2638, 0.8674194, 0.551697, 0.164956
 
17.2203, -0.002875338, -0.01909187, 5, 0, 0.0664048158704907180804654519, 3711.265, -3486.492, -2.961042, 0.001233003, 0.03962206, 100.1502, 0.8674048, 0.551697, 0.164956
 
17.2303, -0.00289347, -0.01912063, 5, 0, 0.0666677733415389892279262503, 3702.454, -3486.492, -2.961042, 0.001233003, 0.03962206, 100.0365, 0.8673902, 0.551697, 0.164956
 
17.2403, -0.002916191, -0.01914956, 5, 0, 0.0669328904323133283047489427, 3693.658, -3486.492, -2.961042, 0.001233003, 0.03962206, 99.92294, 0.8673754, 0.551697, 0.164956
 
17.2503, -0.002926476, -0.01917872, 5, 0, 0.0671984014159936797712036786, 3684.877, -3486.492, -2.961042, 0.001233003, 0.03962206, 99.8094, 0.8673605, 0.551697, 0.164956
 
17.2603, -0.002946315, -0.01920799, 5, 0, 0.0674663844172221089932802051, 3676.11, -3486.492, -2.961042, 0.001233003, 0.03962206, 99.6959, 0.8673456, 0.551697, 0.164956
 
17.2703, -0.00296012, -0.01923745, 5, 0, 0.0677353996895145706847372595, 3667.36, -3486.492, -2.961042, 0.001233003, 0.03962206, 99.58246, 0.8673306, 0.551697, 0.164956
 
17.2803, -0.002977559, -0.01926705, 5, 0, 0.0680063300962809567902997627, 3658.625, -3486.492, -2.961042, 0.001233003, 0.03962206, 99.46906, 0.8673155, 0.551697, 0.164956
 
17.2903, -0.003002059, -0.01929683, 5, 0, 0.0682797596856236931562214474, 3649.906, -3486.492, -2.961042, 0.001233003, 0.03962206, 99.35571, 0.8673003, 0.551697, 0.164956
 
17.3003, -0.00301442, -0.01932685, 5, 0, 0.0685536918279843095044647006, 3641.2, -3486.492, -2.961042, 0.001233003, 0.03962206, 99.24241, 0.867285, 0.551697, 0.164956
 
17.3103, -0.003023176, -0.01935699, 5, 0, 0.0688286969889510954289145595, 3632.51, -3486.492, -2.961042, 0.001233003, 0.03962206, 99.12914, 0.8672697, 0.551697, 0.164956
 
17.3203, -0.003039449, -0.01938722, 5, 0, 0.0691059432647275443706784464, 3623.835, -3486.492, -2.961042, 0.001233003, 0.03962206, 99.01593, 0.8672542, 0.551697, 0.164956
 
17.3303, -0.003045104, -0.01941762, 5, 0, 0.0693835970159244136047230809, 3615.175, -3486.492, -2.961042, 0.001233003, 0.03962206, 98.90276, 0.8672388, 0.551697, 0.164956
 
17.3403, -0.00306572, -0.01944807, 5, 0, 0.0696642796677432422856258391, 3606.531, -3486.492, -2.961042, 0.001233003, 0.03962206, 98.78965, 0.8672231, 0.551697, 0.164956
 
17.3503, -0.003071848, -0.01947873, 5, 0, 0.0699450573971600739571294354, 3597.902, -3486.492, -2.961042, 0.001233003, 0.03962206, 98.67657, 0.8672075, 0.551697, 0.164956
 
17.3603, -0.0030893, -0.01950945, 5, 0, 0.0702284701342929885109991162, 3589.289, -3486.492, -2.961042, 0.001233003, 0.03962206, 98.56357, 0.8671917, 0.551697, 0.164956
 
17.3703, -0.003096048, -0.01954034, 5, 0, 0.0705123446769020534157843006, 3580.691, -3486.492, -2.961042, 0.001233003, 0.03962206, 98.4506, 0.8671759, 0.551697, 0.164956
 
17.3803, -0.003117003, -0.0195713, 5, 0, 0.0707992888676749432239736778, 3572.105, -3486.492, -2.961042, 0.001233003, 0.03962206, 98.33766, 0.8671599, 0.551697, 0.164956
 
17.3903, -0.003130214, -0.01960247, 5, 0, 0.0710871430868859974816253669, 3563.537, -3486.492, -2.961042, 0.001233003, 0.03962206, 98.22478, 0.8671439, 0.551697, 0.164956
 
17.4003, -0.003131631, -0.01963377, 5, 0, 0.0713751874612930577204787322, 3554.983, -3486.492, -2.961042, 0.001233003, 0.03962206, 98.11195, 0.8671278, 0.551697, 0.164956
 
17.4103, -0.003147211, -0.01966509, 5, 0, 0.0716660705811262072501285493, 3546.446, -3486.492, -2.961042, 0.001233003, 0.03962206, 97.99917, 0.8671116, 0.551697, 0.164956
 
17.4203, -0.003152597, -0.01969656, 5, 0, 0.0719574698364915088396086346, 3537.921, -3486.492, -2.961042, 0.001233003, 0.03962206, 97.88643, 0.8670954, 0.551697, 0.164956
 
17.4303, -0.003157833, -0.01972809, 5, 0, 0.0722501458481724431131656758, 3529.412, -3486.492, -2.961042, 0.001233003, 0.03962206, 97.77373, 0.8670791, 0.551697, 0.164956
 
17.4403, -0.003177069, -0.01975966, 5, 0, 0.0725458779255038809885982402, 3520.917, -3486.492, -2.961042, 0.001233003, 0.03962206, 97.66109, 0.8670627, 0.551697, 0.164956
 
17.4503, -0.003182992, -0.01979143, 5, 0, 0.0728418409055731903017785500, 3512.438, -3486.492, -2.961042, 0.001233003, 0.03962206, 97.54848, 0.8670462, 0.551697, 0.164956
 
17.4603, -0.003188481, -0.01982326, 5, 0, 0.0731391349720145414833705931, 3503.973, -3486.492, -2.961042, 0.001233003, 0.03962206, 97.43591, 0.8670297, 0.551697, 0.164956
 
17.4703, -0.003208204, -0.01985515, 5, 0, 0.0734395258516481258982442243, 3495.523, -3486.492, -2.961042, 0.001233003, 0.03962206, 97.3234, 0.867013, 0.551697, 0.164956
 
17.4803, -0.003213592, -0.01988723, 5, 0, 0.0737400661389355791874934540, 3487.087, -3486.492, -2.961042, 0.001233003, 0.03962206, 97.21093, 0.8669962, 0.551697, 0.164956
 
17.4903, -0.003220469, -0.01991937, 5, 0, 0.0740421276677909445012160889, 3478.668, -3486.492, -2.961042, 0.001233003, 0.03962206, 97.09853, 0.8669794, 0.551697, 0.164956
 
17.50031, -0.003235079, -0.01995157, 5, 0, 0.0743466068841385216867857541, 3470.263, -3486.492, -2.961042, 0.001233003, 0.03962206, 96.98615, 0.8669625, 0.551697, 0.164956
 
17.51031, -0.003245491, -0.01998392, 5, 0, 0.0746523356917742740025350100, 3461.871, -3486.492, -2.961042, 0.001233003, 0.03962206, 96.87382, 0.8669455, 0.551697, 0.164956
 
17.52031, -0.003253634, -0.02001638, 5, 0, 0.0749593005081836577206751483, 3453.496, -3486.492, -2.961042, 0.001233003, 0.03962206, 96.76154, 0.8669285, 0.551697, 0.164956
 
17.53031, -0.00326657, -0.02004891, 5, 0, 0.0752684249443196526687371977, 3445.135, -3486.492, -2.961042, 0.001233003, 0.03962206, 96.64931, 0.8669113, 0.551697, 0.164956
 
17.54031, -0.003276124, -0.02008158, 5, 0, 0.0755788397192851449029648899, 3436.787, -3486.492, -2.961042, 0.001233003, 0.03962206, 96.5371, 0.866894, 0.551697, 0.164956
 
17.55031, -0.00328586, -0.02011434, 5, 0, 0.0758908843959310958800555338, 3428.453, -3486.492, -2.961042, 0.001233003, 0.03962206, 96.42493, 0.8668767, 0.551697, 0.164956
 
17.56031, -0.00329255, -0.0201472, 5, 0, 0.0762040971687809477736736129, 3420.135, -3486.492, -2.961042, 0.001233003, 0.03962206, 96.31284, 0.8668593, 0.551697, 0.164956
 
17.57031, -0.00330593, -0.02018013, 5, 0, 0.0765196732990668740050839533, 3411.831, -3486.492, -2.961042, 0.001233003, 0.03962206, 96.20077, 0.8668417, 0.551697, 0.164956
 
17.58031, -0.003319905, -0.02021319, 5, 0, 0.0768370830687428579123675998, 3403.541, -3486.492, -2.961042, 0.001233003, 0.03962206, 96.08873, 0.8668241, 0.551697, 0.164956
 
17.59031, -0.003330787, -0.02024639, 5, 0, 0.0771558646723328849697490533, 3395.266, -3486.492, -2.961042, 0.001233003, 0.03962206, 95.97677, 0.8668064, 0.551697, 0.164956
 
17.60031, -0.00333251, -0.02027969, 5, 0, 0.0774751488289409278345920795, 3387.006, -3486.492, -2.961042, 0.001233003, 0.03962206, 95.86483, 0.8667887, 0.551697, 0.164956
 
17.61031, -0.003333784, -0.02031302, 5, 0, 0.0777956961593510104317033834, 3378.761, -3486.492, -2.961042, 0.001233003, 0.03962206, 95.75296, 0.8667709, 0.551697, 0.164956
 
17.62031, -0.003343716, -0.02034636, 5, 0, 0.0781186883422811699299790954, 3370.53, -3486.492, -2.961042, 0.001233003, 0.03962206, 95.64113, 0.8667529, 0.551697, 0.164956
 
17.63031, -0.003355755, -0.02037979, 5, 0, 0.0784436092421993900947289518, 3362.313, -3486.492, -2.961042, 0.001233003, 0.03962206, 95.52933, 0.8667349, 0.551697, 0.164956
 
17.64031, -0.003364431, -0.02041335, 5, 0, 0.0787698204809477866713444724, 3354.112, -3486.492, -2.961042, 0.001233003, 0.03962206, 95.41759, 0.8667168, 0.551697, 0.164956
 
17.65031, -0.00336712, -0.020447, 5, 0, 0.0790969281656199397947736007, 3345.924, -3486.492, -2.961042, 0.001233003, 0.03962206, 95.3059, 0.8666986, 0.551697, 0.164956
 
17.66031, -0.003369205, -0.02048067, 5, 0, 0.0794253533541501343593857713, 3337.75, -3486.492, -2.961042, 0.001233003, 0.03962206, 95.19424, 0.8666804, 0.551697, 0.164956
 
17.67031, -0.003386465, -0.02051436, 5, 0, 0.0797571062586105694201672796, 3329.591, -3486.492, -2.961042, 0.001233003, 0.03962206, 95.08263, 0.866662, 0.551697, 0.164956
 
17.68031, -0.003393019, -0.02054822, 5, 0, 0.0800894567936871591041512031, 3321.447, -3486.492, -2.961042, 0.001233003, 0.03962206, 94.97107, 0.8666435, 0.551697, 0.164956
 
17.69031, -0.003402822, -0.02058215, 5, 0, 0.0804238447058638128724388001, 3313.316, -3486.492, -2.961042, 0.001233003, 0.03962206, 94.85954, 0.866625, 0.551697, 0.164956
 
17.70031, -0.003411697, -0.02061618, 5, 0, 0.0807598081896642445489745628, 3305.201, -3486.492, -2.961042, 0.001233003, 0.03962206, 94.74808, 0.8666064, 0.551697, 0.164956
 
17.71031, -0.003412761, -0.0206503, 5, 0, 0.0810964372166508329848561965, 3297.099, -3486.492, -2.961042, 0.001233003, 0.03962206, 94.63665, 0.8665877, 0.551697, 0.164956
 
17.72031, -0.003416617, -0.02068442, 5, 0, 0.0814348455529713415625563674, 3289.011, -3486.492, -2.961042, 0.001233003, 0.03962206, 94.52525, 0.8665689, 0.551697, 0.164956
 
17.73031, -0.003426195, -0.02071859, 5, 0, 0.0817754950041023281084105921, 3280.938, -3486.492, -2.961042, 0.001233003, 0.03962206, 94.41389, 0.86655, 0.551697, 0.164956
 
17.74031, -0.003443851, -0.02075285, 5, 0, 0.0821189560356309956151838734, 3272.877, -3486.492, -2.961042, 0.001233003, 0.03962206, 94.3026, 0.866531, 0.551697, 0.164956
 
17.75031, -0.003456221, -0.02078729, 5, 0, 0.0824637889010738420971949659, 3264.833, -3486.492, -2.961042, 0.001233003, 0.03962206, 94.19135, 0.8665119, 0.551697, 0.164956
 
17.76031, -0.00346431, -0.02082185, 5, 0, 0.0828099664354027308748464828, 3256.801, -3486.492, -2.961042, 0.001233003, 0.03962206, 94.08012, 0.8664927, 0.551697, 0.164956
 
17.77031, -0.003472782, -0.0208565, 5, 0, 0.0831578689490096739105417767, 3248.784, -3486.492, -2.961042, 0.001233003, 0.03962206, 93.96896, 0.8664734, 0.551697, 0.164956
 
17.78031, -0.003473857, -0.02089122, 5, 0, 0.0835065320834006408710437755, 3240.781, -3486.492, -2.961042, 0.001233003, 0.03962206, 93.85783, 0.8664541, 0.551697, 0.164956
 
17.79031, -0.003478409, -0.02092596, 5, 0, 0.0838571103522656680707912273, 3232.792, -3486.492, -2.961042, 0.001233003, 0.03962206, 93.74675, 0.8664347, 0.551697, 0.164956
 
17.80031, -0.003486248, -0.02096075, 5, 0, 0.0842097531632587602092997350, 3224.816, -3486.492, -2.961042, 0.001233003, 0.03962206, 93.6357, 0.8664151, 0.551697, 0.164956
 
17.81031, -0.003495977, -0.02099561, 5, 0, 0.0845643518562679138687397693, 3216.855, -3486.492, -2.961042, 0.001233003, 0.03962206, 93.5247, 0.8663955, 0.551697, 0.164956
 
17.82031, -0.003496069, -0.02103057, 5, 0, 0.0849194802673230841900987587, 3208.908, -3486.492, -2.961042, 0.001233003, 0.03962206, 93.41375, 0.8663759, 0.551697, 0.164956
 
17.83031, -0.003503624, -0.02106553, 5, 0, 0.0852770671134123318398508475, 3200.975, -3486.492, -2.961042, 0.001233003, 0.03962206, 93.30283, 0.8663561, 0.551697, 0.164956
 
17.84031, -0.003511016, -0.02110057, 5, 0, 0.0856363381912376324659606398, 3193.057, -3486.492, -2.961042, 0.001233003, 0.03962206, 93.19198, 0.8663362, 0.551697, 0.164956
 
17.85031, -0.003514392, -0.02113568, 5, 0, 0.0859968181128089711154239450, 3185.152, -3486.492, -2.961042, 0.001233003, 0.03962206, 93.08116, 0.8663163, 0.551697, 0.164956
 
17.86031, -0.003531432, -0.02117082, 5, 0, 0.0863608023229922841647495645, 3177.26, -3486.492, -2.961042, 0.001233003, 0.03962206, 92.97038, 0.8662961, 0.551697, 0.164956
 
17.87031, -0.003548186, -0.02120613, 5, 0, 0.0867268510753039338031162483, 3169.385, -3486.492, -2.961042, 0.001233003, 0.03962206, 92.85966, 0.8662758, 0.551697, 0.164956
 
17.88031, -0.003555589, -0.02124162, 5, 0, 0.0870938506035956133474913132, 3161.522, -3486.492, -2.961042, 0.001233003, 0.03962206, 92.74898, 0.8662555, 0.551697, 0.164956
 
17.89031, -0.003564008, -0.02127717, 5, 0, 0.0874627788488750819080605138, 3153.672, -3486.492, -2.961042, 0.001233003, 0.03962206, 92.63834, 0.8662351, 0.551697, 0.164956
 
17.90031, -0.003574196, -0.02131281, 5, 0, 0.0878338259663387529414455391, 3145.836, -3486.492, -2.961042, 0.001233003, 0.03962206, 92.52773, 0.8662146, 0.551697, 0.164956
 
17.91031, -0.003587511, -0.02134855, 5, 0, 0.0882071685286683603513393657, 3138.015, -3486.492, -2.961042, 0.001233003, 0.03962206, 92.41718, 0.866194, 0.551697, 0.164956
 
17.92031, -0.003592953, -0.02138443, 5, 0, 0.0885815433620621360557537245, 3130.207, -3486.492, -2.961042, 0.001233003, 0.03962206, 92.30666, 0.8661733, 0.551697, 0.164956
 
17.93032, -0.003600326, -0.02142036, 5, 0, 0.0889579284075279749900143745, 3122.413, -3486.492, -2.961042, 0.001233003, 0.03962206, 92.19619, 0.8661525, 0.551697, 0.164956
 
17.94032, -0.003608043, -0.02145636, 5, 0, 0.0893361878399258728818344042, 3114.634, -3486.492, -2.961042, 0.001233003, 0.03962206, 92.08578, 0.8661315, 0.551697, 0.164956
 
17.95032, -0.003612525, -0.02149244, 5, 0, 0.0897158462712659506033496273, 3106.868, -3486.492, -2.961042, 0.001233003, 0.03962206, 91.9754, 0.8661106, 0.551697, 0.164956
 
17.96032, -0.003619087, -0.02152857, 5, 0, 0.0900975828272479578657145932, 3099.115, -3486.492, -2.961042, 0.001233003, 0.03962206, 91.86506, 0.8660895, 0.551697, 0.164956
 
17.97032, -0.003625029, -0.02156476, 5, 0, 0.0904810851100500206678094094, 3091.376, -3486.492, -2.961042, 0.001233003, 0.03962206, 91.75475, 0.8660682, 0.551697, 0.164956
 
17.98032, -0.003627512, -0.02160101, 5, 0, 0.0908658913141961244838585768, 3083.65, -3486.492, -2.961042, 0.001233003, 0.03962206, 91.64449, 0.866047, 0.551697, 0.164956
 
17.99032, -0.003631099, -0.02163729, 5, 0, 0.0912525175752182855485523591, 3075.938, -3486.492, -2.961042, 0.001233003, 0.03962206, 91.53428, 0.8660257, 0.551697, 0.164956
 
18.00032, -0.003628338, -0.0216736, 5, 0, 0.0916399859521084731014249932, 3068.241, -3486.492, -2.961042, 0.001233003, 0.03962206, 91.42411, 0.8660043, 0.551697, 0.164956
 
18.01032, -0.003634875, -0.02170988, 5, 0, 0.0920302930744247499450940791, 3060.555, -3486.492, -2.961042, 0.001233003, 0.03962206, 91.31397, 0.8659827, 0.551697, 0.164956
 
18.02032, -0.003642751, -0.02174623, 5, 0, 0.0924226239913270904458381474, 3052.884, -3486.492, -2.961042, 0.001233003, 0.03962206, 91.20387, 0.8659611, 0.551697, 0.164956
 
18.03032, -0.003652432, -0.02178266, 5, 0, 0.0928171688580115005848588742, 3045.227, -3486.492, -2.961042, 0.001233003, 0.03962206, 91.09384, 0.8659393, 0.551697, 0.164956
 
18.04032, -0.003659053, -0.02181918, 5, 0, 0.0932133028788339607096364665, 3037.583, -3486.492, -2.961042, 0.001233003, 0.03962206, 90.98384, 0.8659174, 0.551697, 0.164956
 
18.05032, -0.003666732, -0.02185577, 5, 0, 0.0936115286068124866276324968, 3029.952, -3486.492, -2.961042, 0.001233003, 0.03962206, 90.87388, 0.8658955, 0.551697, 0.164956
 
18.06032, -0.003678855, -0.02189244, 5, 0, 0.0940123757599930950007659205, 3022.335, -3486.492, -2.961042, 0.001233003, 0.03962206, 90.76395, 0.8658733, 0.551697, 0.164956
 
18.07032, -0.003692087, -0.02192923, 5, 0, 0.0944155183580397755755481497, 3014.732, -3486.492, -2.961042, 0.001233003, 0.03962206, 90.65409, 0.8658511, 0.551697, 0.164956
 
18.08032, -0.003698657, -0.02196615, 5, 0, 0.0948199784599444975915134211, 3007.142, -3486.492, -2.961042, 0.001233003, 0.03962206, 90.54427, 0.8658288, 0.551697, 0.164956
 
18.09032, -0.003709291, -0.02200314, 5, 0, 0.0952269513269392986447865566, 2999.566, -3486.492, -2.961042, 0.001233003, 0.03962206, 90.43447, 0.8658063, 0.551697, 0.164956
 
18.10032, -0.003721135, -0.02204023, 5, 0, 0.0956363011338840386379406402, 2992.002, -3486.492, -2.961042, 0.001233003, 0.03962206, 90.32472, 0.8657838, 0.551697, 0.164956
 
18.11032, -0.003734181, -0.02207744, 5, 0, 0.0960480414632931254736243761, 2984.452, -3486.492, -2.961042, 0.001233003, 0.03962206, 90.215, 0.865761, 0.551697, 0.164956
 
18.12032, -0.003737394, -0.02211478, 5, 0, 0.0964605695785141012634321947, 2976.916, -3486.492, -2.961042, 0.001233003, 0.03962206, 90.10535, 0.8657383, 0.551697, 0.164956
 
18.13032, -0.003737343, -0.02215216, 5, 0, 0.0968745102751911214850238937, 2969.393, -3486.492, -2.961042, 0.001233003, 0.03962206, 89.99573, 0.8657155, 0.551697, 0.164956
 
18.14032, -0.003743292, -0.02218953, 5, 0, 0.0972910723970702241617529859, 2961.883, -3486.492, -2.961042, 0.001233003, 0.03962206, 89.88614, 0.8656926, 0.551697, 0.164956
 
18.15032, -0.003752688, -0.02222697, 5, 0, 0.0977101201190112691961925556, 2954.386, -3486.492, -2.961042, 0.001233003, 0.03962206, 89.7766, 0.8656695, 0.551697, 0.164956
 
18.16032, -0.003765911, -0.02226449, 5, 0, 0.0981318300136968054428756049, 2946.905, -3486.492, -2.961042, 0.001233003, 0.03962206, 89.66711, 0.8656462, 0.551697, 0.164956
 
18.17032, -0.003771827, -0.02230215, 5, 0, 0.0985548709947539760825503748, 2939.435, -3486.492, -2.961042, 0.001233003, 0.03962206, 89.55766, 0.8656229, 0.551697, 0.164956
 
18.18032, -0.003784761, -0.02233987, 5, 0, 0.0989809544589472424214519638, 2931.978, -3486.492, -2.961042, 0.001233003, 0.03962206, 89.44825, 0.8655995, 0.551697, 0.164956
 
18.19032, -0.003785937, -0.02237772, 5, 0, 0.0994076491362707996359246634, 2924.535, -3486.492, -2.961042, 0.001233003, 0.03962206, 89.33887, 0.865576, 0.551697, 0.164956
 
18.20032, -0.003794248, -0.02241558, 5, 0, 0.0998372776366183133066546486, 2917.105, -3486.492, -2.961042, 0.001233003, 0.03962206, 89.22954, 0.8655524, 0.551697, 0.164956
 
18.21032, -0.003804606, -0.02245352, 5, 0, 0.1002693374069719034513203509, 2909.688, -3486.492, -2.961042, 0.001233003, 0.03962206, 89.12026, 0.8655286, 0.551697, 0.164956
 
18.22032, -0.003811339, -0.02249156, 5, 0, 0.1007031629041455491357159037, 2902.285, -3486.492, -2.961042, 0.001233003, 0.03962206, 89.01102, 0.8655047, 0.551697, 0.164956
 
18.23032, -0.003817141, -0.02252968, 5, 0, 0.1011389578658491209431316699, 2894.895, -3486.492, -2.961042, 0.001233003, 0.03962206, 88.90182, 0.8654807, 0.551697, 0.164956
 
18.24032, -0.003819443, -0.02256785, 5, 0, 0.1015763283991770139593556189, 2887.517, -3486.492, -2.961042, 0.001233003, 0.03962206, 88.79265, 0.8654567, 0.551697, 0.164956
 
18.25032, -0.003827233, -0.02260604, 5, 0, 0.1020164018527908561689491038, 2880.154, -3486.492, -2.961042, 0.001233003, 0.03962206, 88.68355, 0.8654325, 0.551697, 0.164956
 
18.26032, -0.003831289, -0.02264431, 5, 0, 0.1024581459556267509276716010, 2872.804, -3486.492, -2.961042, 0.001233003, 0.03962206, 88.57448, 0.8654082, 0.551697, 0.164956
 
18.27032, -0.003841019, -0.02268263, 5, 0, 0.1029028102989726017154226927, 2865.466, -3486.492, -2.961042, 0.001233003, 0.03962206, 88.46545, 0.8653837, 0.551697, 0.164956
 
18.28032, -0.003853686, -0.02272104, 5, 0, 0.1033502454751748113081067890, 2858.142, -3486.492, -2.961042, 0.001233003, 0.03962206, 88.35645, 0.8653591, 0.551697, 0.164956
 
18.29032, -0.003860414, -0.02275957, 5, 0, 0.1037992018929450687504042948, 2850.832, -3486.492, -2.961042, 0.001233003, 0.03962206, 88.24752, 0.8653345, 0.551697, 0.164956
 
18.30032, -0.003862123, -0.02279818, 5, 0, 0.1042495708921712347993456767, 2843.535, -3486.492, -2.961042, 0.001233003, 0.03962206, 88.13863, 0.8653097, 0.551697, 0.164956
 
18.31032, -0.003868864, -0.0228368, 5, 0, 0.1047027650543093538867148150, 2836.249, -3486.492, -2.961042, 0.001233003, 0.03962206, 88.02977, 0.8652848, 0.551697, 0.164956
 
18.32032, -0.003877966, -0.02287549, 5, 0, 0.1051584719815375520113918172, 2828.978, -3486.492, -2.961042, 0.001233003, 0.03962206, 87.92094, 0.8652598, 0.551697, 0.164956
 
18.33032, -0.003882833, -0.02291427, 5, 0, 0.1056159853831280786077647520, 2821.718, -3486.492, -2.961042, 0.001233003, 0.03962206, 87.81216, 0.8652347, 0.551697, 0.164956
 
18.34032, -0.003892624, -0.0229531, 5, 0, 0.1060763918602005603787088988, 2814.471, -3486.492, -2.961042, 0.001233003, 0.03962206, 87.70341, 0.8652094, 0.551697, 0.164956
 
18.35032, -0.003906125, -0.02299202, 5, 0, 0.1065397457428109990331390225, 2807.238, -3486.492, -2.961042, 0.001233003, 0.03962206, 87.59472, 0.8651839, 0.551697, 0.164956
 
18.36032, -0.003912768, -0.02303108, 5, 0, 0.1070046208669897571874625643, 2800.019, -3486.492, -2.961042, 0.001233003, 0.03962206, 87.48607, 0.8651584, 0.551697, 0.164956
 
18.37033, -0.003917974, -0.02307021, 5, 0, 0.1074715876983244453098645399, 2792.812, -3486.492, -2.961042, 0.001233003, 0.03962206, 87.37746, 0.8651328, 0.551697, 0.164956
 
18.38033, -0.003924455, -0.02310939, 5, 0, 0.1079410129646933465857996193, 2785.617, -3486.492, -2.961042, 0.001233003, 0.03962206, 87.26888, 0.8651071, 0.551697, 0.164956
 
18.39033, -0.003937941, -0.02314864, 5, 0, 0.1084138202770480825913987882, 2778.435, -3486.492, -2.961042, 0.001233003, 0.03962206, 87.16034, 0.8650811, 0.551697, 0.164956
 
18.40033, -0.00395377, -0.02318802, 5, 0, 0.1088896836550531863737334759, 2771.265, -3486.492, -2.961042, 0.001233003, 0.03962206, 87.05183, 0.865055, 0.551697, 0.164956
 
18.41033, -0.003961829, -0.02322755, 5, 0, 0.1093670139445700646464868000, 2764.111, -3486.492, -2.961042, 0.001233003, 0.03962206, 86.94339, 0.8650289, 0.551697, 0.164956
 
18.42033, -0.003966816, -0.02326717, 5, 0, 0.1098463544461591419742264197, 2756.967, -3486.492, -2.961042, 0.001233003, 0.03962206, 86.83498, 0.8650026, 0.551697, 0.164956
 
18.43033, -0.003975256, -0.02330684, 5, 0, 0.1103284793631184427089877308, 2749.838, -3486.492, -2.961042, 0.001233003, 0.03962206, 86.72662, 0.8649762, 0.551697, 0.164956
 
18.44033, -0.003980738, -0.02334659, 5, 0, 0.1108126688222055367322300892, 2742.72, -3486.492, -2.961042, 0.001233003, 0.03962206, 86.61829, 0.8649496, 0.551697, 0.164956
 
18.45033, -0.003989452, -0.0233864, 5, 0, 0.1112996698616907191918115171, 2735.615, -3486.492, -2.961042, 0.001233003, 0.03962206, 86.50999, 0.8649229, 0.551697, 0.164956
 
18.46033, -0.004004548, -0.02342629, 5, 0, 0.1117902431023582856628187278, 2728.522, -3486.492, -2.961042, 0.001233003, 0.03962206, 86.40173, 0.8648961, 0.551697, 0.164956
 
18.47033, -0.004009786, -0.02346634, 5, 0, 0.1122820659343138914388655249, 2721.442, -3486.492, -2.961042, 0.001233003, 0.03962206, 86.2935, 0.8648691, 0.551697, 0.164956
 
18.48033, -0.004023187, -0.02350644, 5, 0, 0.1127775152975072038095528481, 2714.376, -3486.492, -2.961042, 0.001233003, 0.03962206, 86.18534, 0.864842, 0.551697, 0.164956
 
18.49033, -0.004021257, -0.02354667, 5, 0, 0.1132733178060647989384661500, 2707.322, -3486.492, -2.961042, 0.001233003, 0.03962206, 86.07722, 0.8648148, 0.551697, 0.164956
 
18.50033, -0.004026295, -0.02358688, 5, 0, 0.1137722714578707648347158088, 2700.281, -3486.492, -2.961042, 0.001233003, 0.03962206, 85.96913, 0.8647875, 0.551697, 0.164956
 
18.51033, -0.004035847, -0.02362714, 5, 0, 0.1142743626704104219453731121, 2693.252, -3486.492, -2.961042, 0.001233003, 0.03962206, 85.86108, 0.86476, 0.551697, 0.164956
 
18.52033, -0.004041063, -0.0236675, 5, 0, 0.1147783690174242751204158727, 2686.236, -3486.492, -2.961042, 0.001233003, 0.03962206, 85.75307, 0.8647324, 0.551697, 0.164956
 
18.53033, -0.0040535, -0.02370791, 5, 0, 0.1152859611481341052586930945, 2679.233, -3486.492, -2.961042, 0.001233003, 0.03962206, 85.64511, 0.8647047, 0.551697, 0.164956
 
18.54033, -0.004060324, -0.02374845, 5, 0, 0.1157954412482902664320383957, 2672.243, -3486.492, -2.961042, 0.001233003, 0.03962206, 85.5372, 0.8646768, 0.551697, 0.164956
 
18.55033, -0.004065127, -0.02378905, 5, 0, 0.1163071217157143609912916600, 2665.266, -3486.492, -2.961042, 0.001233003, 0.03962206, 85.42932, 0.8646489, 0.551697, 0.164956
 
18.56033, -0.004073569, -0.0238297, 5, 0, 0.1168219125788444175607751950, 2658.301, -3486.492, -2.961042, 0.001233003, 0.03962206, 85.32148, 0.8646207, 0.551697, 0.164956
 
18.57033, -0.004077288, -0.02387044, 5, 0, 0.1173385506638786680585007316, 2651.348, -3486.492, -2.961042, 0.001233003, 0.03962206, 85.21368, 0.8645925, 0.551697, 0.164956
 
18.58033, -0.004086426, -0.02391121, 5, 0, 0.1178585164648431590523956060, 2644.407, -3486.492, -2.961042, 0.001233003, 0.03962206, 85.1059, 0.8645641, 0.551697, 0.164956
 
18.59033, -0.004091677, -0.02395207, 5, 0, 0.1183805875554777162667376096, 2637.479, -3486.492, -2.961042, 0.001233003, 0.03962206, 84.99818, 0.8645355, 0.551697, 0.164956
 
18.60033, -0.004104673, -0.02399299, 5, 0, 0.1189064074199762555710583683, 2630.564, -3486.492, -2.961042, 0.001233003, 0.03962206, 84.89051, 0.8645068, 0.551697, 0.164956
 
18.61033, -0.004112682, -0.02403404, 5, 0, 0.1194343189916308606685975652, 2623.663, -3486.492, -2.961042, 0.001233003, 0.03962206, 84.78288, 0.864478, 0.551697, 0.164956
 
18.62033, -0.004116838, -0.02407517, 5, 0, 0.1199644309305535349771847295, 2616.771, -3486.492, -2.961042, 0.001233003, 0.03962206, 84.67525, 0.864449, 0.551697, 0.164956
 
18.63033, -0.004133876, -0.02411633, 5, 0, 0.1204991473417223541162981960, 2609.893, -3486.492, -2.961042, 0.001233003, 0.03962206, 84.5677, 0.8644198, 0.551697, 0.164956
 
18.64033, -0.004134957, -0.02415767, 5, 0, 0.1210343798884230536649619222, 2603.027, -3486.492, -2.961042, 0.001233003, 0.03962206, 84.46017, 0.8643906, 0.551697, 0.164956
 
18.65033, -0.004145953, -0.02419902, 5, 0, 0.1215736871893241530325130040, 2596.174, -3486.492, -2.961042, 0.001233003, 0.03962206, 84.35268, 0.8643612, 0.551697, 0.164956
 
18.66033, -0.004152433, -0.02424048, 5, 0, 0.1221151269449231836498285932, 2589.333, -3486.492, -2.961042, 0.001233003, 0.03962206, 84.24524, 0.8643317, 0.551697, 0.164956
 
18.67033, -0.004165911, -0.024282, 5, 0, 0.1226604920470682019110959224, 2582.505, -3486.492, -2.961042, 0.001233003, 0.03962206, 84.13783, 0.8643019, 0.551697, 0.164956
 
18.68033, -0.004170367, -0.02432366, 5, 0, 0.1232074598858655422356288168, 2575.688, -3486.492, -2.961042, 0.001233003, 0.03962206, 84.03045, 0.8642721, 0.551697, 0.164956
 
18.69033, -0.004184161, -0.02436537, 5, 0, 0.1237586518865167437780046524, 2568.882, -3486.492, -2.961042, 0.001233003, 0.03962206, 83.9231, 0.864242, 0.551697, 0.164956
 
18.70033, -0.004189815, -0.02440721, 5, 0, 0.1243114602063342678108747442, 2562.092, -3486.492, -2.961042, 0.001233003, 0.03962206, 83.81583, 0.8642119, 0.551697, 0.164956
 
18.71033, -0.004199729, -0.02444911, 5, 0, 0.1248677456497354937388697594, 2555.314, -3486.492, -2.961042, 0.001233003, 0.03962206, 83.7086, 0.8641816, 0.551697, 0.164956
 
18.72033, -0.004203071, -0.02449111, 5, 0, 0.1254259190625830507019328539, 2548.547, -3486.492, -2.961042, 0.001233003, 0.03962206, 83.60139, 0.8641512, 0.551697, 0.164956
 
18.73033, -0.004213938, -0.02453314, 5, 0, 0.1259880178219768669592276971, 2541.792, -3486.492, -2.961042, 0.001233003, 0.03962206, 83.49422, 0.8641205, 0.551697, 0.164956
 
18.74033, -0.004218743, -0.02457527, 5, 0, 0.1265520724633866089123140625, 2535.05, -3486.492, -2.961042, 0.001233003, 0.03962206, 83.3871, 0.8640898, 0.551697, 0.164956
 
18.75033, -0.004229367, -0.02461746, 5, 0, 0.1271199302087164704894339520, 2528.32, -3486.492, -2.961042, 0.001233003, 0.03962206, 83.28001, 0.8640589, 0.551697, 0.164956
 
18.76033, -0.004237056, -0.02465975, 5, 0, 0.1276903686317065490651451655, 2521.602, -3486.492, -2.961042, 0.001233003, 0.03962206, 83.17295, 0.8640279, 0.551697, 0.164956
 
18.77033, -0.00425098, -0.02470213, 5, 0, 0.1282648546438684833047263353, 2514.895, -3486.492, -2.961042, 0.001233003, 0.03962206, 83.06593, 0.8639966, 0.551697, 0.164956
 
18.78033, -0.00425799, -0.02474464, 5, 0, 0.1288413916156446178809798740, 2508.201, -3486.492, -2.961042, 0.001233003, 0.03962206, 82.95895, 0.8639652, 0.551697, 0.164956
 
18.79033, -0.004262953, -0.02478722, 5, 0, 0.1294204141874826948149438902, 2501.52, -3486.492, -2.961042, 0.001233003, 0.03962206, 82.85203, 0.8639337, 0.551697, 0.164956
 
18.80033, -0.004268638, -0.02482985, 5, 0, 0.1300023841648590002826738917, 2494.852, -3486.492, -2.961042, 0.001233003, 0.03962206, 82.74515, 0.8639021, 0.551697, 0.164956
 
18.81034, -0.004269861, -0.02487253, 5, 0, 0.1305865001794473732525370960, 2488.196, -3486.492, -2.961042, 0.001233003, 0.03962206, 82.63831, 0.8638703, 0.551697, 0.164956
 
18.82034, -0.004282662, -0.02491523, 5, 0, 0.1311753564914220311503535183, 2481.551, -3486.492, -2.961042, 0.001233003, 0.03962206, 82.53149, 0.8638383, 0.551697, 0.164956
 
18.83034, -0.004290719, -0.02495806, 5, 0, 0.1317666304908886292697369623, 2474.918, -3486.492, -2.961042, 0.001233003, 0.03962206, 82.42472, 0.8638062, 0.551697, 0.164956
 
18.84034, -0.004303908, -0.02500097, 5, 0, 0.1323619384970133542760416799, 2468.298, -3486.492, -2.961042, 0.001233003, 0.03962206, 82.31799, 0.8637738, 0.551697, 0.164956
 
18.85034, -0.004311823, -0.025044, 5, 0, 0.1329597185206860212128281838, 2461.688, -3486.492, -2.961042, 0.001233003, 0.03962206, 82.21129, 0.8637413, 0.551697, 0.164956
 
18.86034, -0.004318845, -0.02508712, 5, 0, 0.1335603780373269145472372173, 2455.092, -3486.492, -2.961042, 0.001233003, 0.03962206, 82.10463, 0.8637087, 0.551697, 0.164956
 
18.87034, -0.004332653, -0.02513031, 5, 0, 0.1341653703759340799927387341, 2448.507, -3486.492, -2.961042, 0.001233003, 0.03962206, 81.99801, 0.8636759, 0.551697, 0.164956
 
18.88034, -0.004339186, -0.02517364, 5, 0, 0.1347725359167811779696908317, 2441.933, -3486.492, -2.961042, 0.001233003, 0.03962206, 81.89142, 0.8636429, 0.551697, 0.164956
 
18.89034, -0.0043456, -0.02521703, 5, 0, 0.1353826624456805049076376058, 2435.374, -3486.492, -2.961042, 0.001233003, 0.03962206, 81.7849, 0.8636098, 0.551697, 0.164956
 
18.90034, -0.004351129, -0.02526049, 5, 0, 0.1359958722052576571762172640, 2428.824, -3486.492, -2.961042, 0.001233003, 0.03962206, 81.67838, 0.8635765, 0.551697, 0.164956
 
18.91034, -0.004361722, -0.025304, 5, 0, 0.1366127899911570619033696123, 2422.289, -3486.492, -2.961042, 0.001233003, 0.03962206, 81.57193, 0.8635431, 0.551697, 0.164956
 
18.92034, -0.00437022, -0.02534761, 5, 0, 0.1372329675804165691654078383, 2415.764, -3486.492, -2.961042, 0.001233003, 0.03962206, 81.46552, 0.8635094, 0.551697, 0.164956
 
18.93034, -0.004378214, -0.02539132, 5, 0, 0.1378561333227561704177581188, 2409.253, -3486.492, -2.961042, 0.001233003, 0.03962206, 81.35915, 0.8634756, 0.551697, 0.164956
 
18.94034, -0.004381967, -0.0254351, 5, 0, 0.1384817439176158485712728075, 2402.752, -3486.492, -2.961042, 0.001233003, 0.03962206, 81.25281, 0.8634418, 0.551697, 0.164956
 
18.95034, -0.004393143, -0.02547892, 5, 0, 0.1391118367420956677102555781, 2396.263, -3486.492, -2.961042, 0.001233003, 0.03962206, 81.14651, 0.8634076, 0.551697, 0.164956
 
18.96034, -0.004402456, -0.02552285, 5, 0, 0.1397451893699355893841242263, 2389.786, -3486.492, -2.961042, 0.001233003, 0.03962206, 81.04024, 0.8633733, 0.551697, 0.164956
 
18.97034, -0.004409177, -0.02556688, 5, 0, 0.1403812585005755965037311059, 2383.322, -3486.492, -2.961042, 0.001233003, 0.03962206, 80.93401, 0.8633388, 0.551697, 0.164956
 
18.98034, -0.004413471, -0.02561097, 5, 0, 0.1410201799591556933413631285, 2376.868, -3486.492, -2.961042, 0.001233003, 0.03962206, 80.82782, 0.8633043, 0.551697, 0.164956
 
18.99034, -0.004424981, -0.0256551, 5, 0, 0.1416637194724959354367501444, 2370.426, -3486.492, -2.961042, 0.001233003, 0.03962206, 80.72166, 0.8632694, 0.551697, 0.164956
 
19.00034, -0.00443534, -0.02569935, 5, 0, 0.1423103829640562757947361264, 2363.997, -3486.492, -2.961042, 0.001233003, 0.03962206, 80.61555, 0.8632344, 0.551697, 0.164956
 
19.01034, -0.004441356, -0.02574371, 5, 0, 0.1429600346086967101430341629, 2357.578, -3486.492, -2.961042, 0.001233003, 0.03962206, 80.50947, 0.8631992, 0.551697, 0.164956
 
19.02034, -0.004455689, -0.02578812, 5, 0, 0.1436143043080972897490871928, 2351.172, -3486.492, -2.961042, 0.001233003, 0.03962206, 80.40343, 0.8631638, 0.551697, 0.164956
 
19.03034, -0.004466769, -0.02583268, 5, 0, 0.1442718338108579718900261004, 2344.778, -3486.492, -2.961042, 0.001233003, 0.03962206, 80.29742, 0.8631283, 0.551697, 0.164956
 
19.04034, -0.004473615, -0.02587734, 5, 0, 0.1449323514666987480212770625, 2338.395, -3486.492, -2.961042, 0.001233003, 0.03962206, 80.19145, 0.8630926, 0.551697, 0.164956
 
19.05034, -0.004480498, -0.02592208, 5, 0, 0.1455961289258996266874139023, 2332.022, -3486.492, -2.961042, 0.001233003, 0.03962206, 80.08552, 0.8630567, 0.551697, 0.164956
 
19.06034, -0.004493603, -0.02596688, 5, 0, 0.1462646602650006548835926469, 2325.663, -3486.492, -2.961042, 0.001233003, 0.03962206, 79.97962, 0.8630206, 0.551697, 0.164956
 
19.07034, -0.004504567, -0.02601182, 5, 0, 0.1469364514074617856146572693, 2319.316, -3486.492, -2.961042, 0.001233003, 0.03962206, 79.87379, 0.8629843, 0.551697, 0.164956
 
19.08034, -0.004506622, -0.02605687, 5, 0, 0.1476102799270229804300255652, 2312.98, -3486.492, -2.961042, 0.001233003, 0.03962206, 79.76797, 0.8629479, 0.551697, 0.164956
 
19.09034, -0.004514931, -0.02610193, 5, 0, 0.1482884548510643119585750313, 2306.657, -3486.492, -2.961042, 0.001233003, 0.03962206, 79.66222, 0.8629113, 0.551697, 0.164956
 
19.10034, -0.004525081, -0.02614708, 5, 0, 0.1489705687041657673834449330, 2300.345, -3486.492, -2.961042, 0.001233003, 0.03962206, 79.5565, 0.8628744, 0.551697, 0.164956
 
19.11034, -0.004530842, -0.02619233, 5, 0, 0.1496556707103473167986268891, 2294.045, -3486.492, -2.961042, 0.001233003, 0.03962206, 79.45081, 0.8628375, 0.551697, 0.164956
 
19.12034, -0.004535818, -0.02623764, 5, 0, 0.1503440325198889687486947229, 2287.756, -3486.492, -2.961042, 0.001233003, 0.03962206, 79.34517, 0.8628004, 0.551697, 0.164956
 
19.13034, -0.004538987, -0.026283, 5, 0, 0.1510355183076507189613615229, 2281.479, -3486.492, -2.961042, 0.001233003, 0.03962206, 79.23956, 0.862763, 0.551697, 0.164956
 
19.14034, -0.004544492, -0.02632839, 5, 0, 0.1517308071993325887980618467, 2275.214, -3486.492, -2.961042, 0.001233003, 0.03962206, 79.13399, 0.8627256, 0.551697, 0.164956
 
19.15034, -0.004556257, -0.02637383, 5, 0, 0.1524308499709146081648040755, 2268.96, -3486.492, -2.961042, 0.001233003, 0.03962206, 79.02846, 0.8626878, 0.551697, 0.164956
 
19.16034, -0.004566666, -0.0264194, 5, 0, 0.1531345600212767428832929167, 2262.717, -3486.492, -2.961042, 0.001233003, 0.03962206, 78.92296, 0.8626499, 0.551697, 0.164956
 
19.17034, -0.004576158, -0.02646506, 5, 0, 0.1538420731755589972258152818, 2256.487, -3486.492, -2.961042, 0.001233003, 0.03962206, 78.8175, 0.8626118, 0.551697, 0.164956
 
19.18034, -0.004583898, -0.02651082, 5, 0, 0.1545529819583413583755104362, 2250.267, -3486.492, -2.961042, 0.001233003, 0.03962206, 78.71208, 0.8625735, 0.551697, 0.164956
 
19.19034, -0.004590514, -0.02655666, 5, 0, 0.1552674221947638306046652913, 2244.06, -3486.492, -2.961042, 0.001233003, 0.03962206, 78.6067, 0.862535, 0.551697, 0.164956
 
19.20034, -0.004597376, -0.02660257, 5, 0, 0.1559858013602464267301405820, 2237.862, -3486.492, -2.961042, 0.001233003, 0.03962206, 78.50135, 0.8624964, 0.551697, 0.164956
 
19.21034, -0.004603872, -0.02664854, 5, 0, 0.1567077119793691339350755735, 2231.678, -3486.492, -2.961042, 0.001233003, 0.03962206, 78.39604, 0.8624575, 0.551697, 0.164956
 
19.22034, -0.004615796, -0.02669458, 5, 0, 0.1574345123035319949423393814, 2225.504, -3486.492, -2.961042, 0.001233003, 0.03962206, 78.29076, 0.8624184, 0.551697, 0.164956
 
19.23034, -0.004625694, -0.02674074, 5, 0, 0.1581649799064749713013498018, 2219.342, -3486.492, -2.961042, 0.001233003, 0.03962206, 78.18553, 0.8623791, 0.551697, 0.164956
 
19.24035, -0.004636087, -0.026787, 5, 0, 0.1588995222636180758289675692, 2213.191, -3486.492, -2.961042, 0.001233003, 0.03962206, 78.08033, 0.8623396, 0.551697, 0.164956
 
19.25035, -0.004644039, -0.02683336, 5, 0, 0.1596377318995412957083319490, 2207.052, -3486.492, -2.961042, 0.001233003, 0.03962206, 77.97517, 0.8622999, 0.551697, 0.164956
 
19.26035, -0.004651382, -0.0268798, 5, 0, 0.1603796088142446309394429412, 2200.924, -3486.492, -2.961042, 0.001233003, 0.03962206, 77.87005, 0.8622601, 0.551697, 0.164956
 
19.27035, -0.004656943, -0.02692631, 5, 0, 0.1611252888328680857945874573, 2194.807, -3486.492, -2.961042, 0.001233003, 0.03962206, 77.76496, 0.86222, 0.551697, 0.164956
 
19.28035, -0.004664154, -0.02697288, 5, 0, 0.1618749077805516645460524090, 2188.702, -3486.492, -2.961042, 0.001233003, 0.03962206, 77.65991, 0.8621798, 0.551697, 0.164956
 
19.29035, -0.00467169, -0.02701952, 5, 0, 0.1626286014824353714661247077, 2182.609, -3486.492, -2.961042, 0.001233003, 0.03962206, 77.5549, 0.8621393, 0.551697, 0.164956
 
19.30035, -0.004678982, -0.02706624, 5, 0, 0.1633863699385192065548043535, 2176.526, -3486.492, -2.961042, 0.001233003, 0.03962206, 77.44993, 0.8620986, 0.551697, 0.164956
 
19.31035, -0.004692128, -0.02711303, 5, 0, 0.1641492997499232039903866389, 2170.455, -3486.492, -2.961042, 0.001233003, 0.03962206, 77.34499, 0.8620577, 0.551697, 0.164956
 
19.32035, -0.004706153, -0.02715995, 5, 0, 0.1649168476160873466837239177, 2164.395, -3486.492, -2.961042, 0.001233003, 0.03962206, 77.2401, 0.8620165, 0.551697, 0.164956
 
19.33035, -0.0047172, -0.02720701, 5, 0, 0.1656881985861716090010947205, 2158.347, -3486.492, -2.961042, 0.001233003, 0.03962206, 77.13523, 0.8619751, 0.551697, 0.164956
 
19.34035, -0.004724938, -0.02725418, 5, 0, 0.1664632168350359866702121356, 2152.309, -3486.492, -2.961042, 0.001233003, 0.03962206, 77.03041, 0.8619336, 0.551697, 0.164956
 
19.35035, -0.004733752, -0.02730143, 5, 0, 0.1672425814883805010525107209, 2146.283, -3486.492, -2.961042, 0.001233003, 0.03962206, 76.92562, 0.8618919, 0.551697, 0.164956
 
19.36035, -0.004742069, -0.02734877, 5, 0, 0.1680261567210651478757035649, 2140.269, -3486.492, -2.961042, 0.001233003, 0.03962206, 76.82087, 0.8618498, 0.551697, 0.164956
 
19.37035, -0.00475017, -0.02739619, 5, 0, 0.1688139425330899271397906676, 2134.265, -3486.492, -2.961042, 0.001233003, 0.03962206, 76.71616, 0.8618076, 0.551697, 0.164956
 
19.38035, -0.004759331, -0.02744369, 5, 0, 0.1696060747495948431170589404, 2128.273, -3486.492, -2.961042, 0.001233003, 0.03962206, 76.61149, 0.8617653, 0.551697, 0.164956
 
19.39035, -0.004767438, -0.02749128, 5, 0, 0.1704024175454398915352214719, 2122.292, -3486.492, -2.961042, 0.001233003, 0.03962206, 76.50685, 0.8617226, 0.551697, 0.164956
 
19.40035, -0.004772867, -0.02753896, 5, 0, 0.1712025634452050595774175274, 2116.322, -3486.492, -2.961042, 0.001233003, 0.03962206, 76.40225, 0.8616798, 0.551697, 0.164956
 
19.41035, -0.004781883, -0.02758669, 5, 0, 0.1720074632248703771496554878, 2110.364, -3486.492, -2.961042, 0.001233003, 0.03962206, 76.29769, 0.8616368, 0.551697, 0.164956
 
19.42035, -0.004790393, -0.02763451, 5, 0, 0.1728168452341558357073615300, 2104.416, -3486.492, -2.961042, 0.001233003, 0.03962206, 76.19317, 0.8615935, 0.551697, 0.164956
 
19.43035, -0.004797401, -0.02768241, 5, 0, 0.1736301661725014181613880077, 2098.48, -3486.492, -2.961042, 0.001233003, 0.03962206, 76.08868, 0.86155, 0.551697, 0.164956
 
19.44035, -0.004805963, -0.02773038, 5, 0, 0.1744481051656071458731694787, 2092.556, -3486.492, -2.961042, 0.001233003, 0.03962206, 75.98424, 0.8615063, 0.551697, 0.164956
 
19.45035, -0.004814406, -0.02777844, 5, 0, 0.1752706622134730188427059431, 2086.641, -3486.492, -2.961042, 0.001233003, 0.03962206, 75.87983, 0.8614624, 0.551697, 0.164956
 
19.46035, -0.004823175, -0.02782659, 5, 0, 0.1760977014909590327977104893, 2080.739, -3486.492, -2.961042, 0.001233003, 0.03962206, 75.77545, 0.8614182, 0.551697, 0.164956
 
19.47035, -0.004830651, -0.02787482, 5, 0, 0.1769289513477851791936092942, 2074.848, -3486.492, -2.961042, 0.001233003, 0.03962206, 75.67112, 0.8613738, 0.551697, 0.164956
 
19.48035, -0.004838783, -0.02792313, 5, 0, 0.1777648192593714708472630924, 2068.968, -3486.492, -2.961042, 0.001233003, 0.03962206, 75.56683, 0.8613292, 0.551697, 0.164956
 
19.49035, -0.004848094, -0.02797151, 5, 0, 0.1786055768759979163032457071, 2063.098, -3486.492, -2.961042, 0.001233003, 0.03962206, 75.46256, 0.8612843, 0.551697, 0.164956
 
19.50035, -0.004855763, -0.02801999, 5, 0, 0.1794506808971044984724094921, 2057.24, -3486.492, -2.961042, 0.001233003, 0.03962206, 75.35835, 0.8612393, 0.551697, 0.164956
 
19.51035, -0.004859867, -0.02806855, 5, 0, 0.1802994521969911959933198894, 2051.393, -3486.492, -2.961042, 0.001233003, 0.03962206, 75.25416, 0.861194, 0.551697, 0.164956
 
19.52035, -0.004863732, -0.02811715, 5, 0, 0.1811525699013580302274114569, 2045.557, -3486.492, -2.961042, 0.001233003, 0.03962206, 75.15002, 0.8611485, 0.551697, 0.164956
 
19.53035, -0.004869985, -0.02816579, 5, 0, 0.1820105773107650182638318409, 2039.732, -3486.492, -2.961042, 0.001233003, 0.03962206, 75.04591, 0.8611028, 0.551697, 0.164956
 
19.54035, -0.004875402, -0.02821449, 5, 0, 0.1828729311246521430134333952, 2033.918, -3486.492, -2.961042, 0.001233003, 0.03962206, 74.94184, 0.8610569, 0.551697, 0.164956
 
19.55035, -0.004882715, -0.02826324, 5, 0, 0.1837401746435794215653637660, 2028.115, -3486.492, -2.961042, 0.001233003, 0.03962206, 74.83781, 0.8610107, 0.551697, 0.164956
 
19.56035, -0.004892028, -0.02831207, 5, 0, 0.1846127153429668667364836879, 2022.323, -3486.492, -2.961042, 0.001233003, 0.03962206, 74.73382, 0.8609643, 0.551697, 0.164956
 
19.57035, -0.004902153, -0.02836099, 5, 0, 0.1854904173976744742545062495, 2016.541, -3486.492, -2.961042, 0.001233003, 0.03962206, 74.62983, 0.8609176, 0.551697, 0.164956
 
19.58035, -0.004917297, -0.02841001, 5, 0, 0.1863739599334022654808660086, 2010.771, -3486.492, -2.961042, 0.001233003, 0.03962206, 74.52591, 0.8608706, 0.551697, 0.164956
 
19.59035, -0.004925587, -0.02845919, 5, 0, 0.1872613055730501763312592916, 2005.012, -3486.492, -2.961042, 0.001233003, 0.03962206, 74.42204, 0.8608234, 0.551697, 0.164956
 
19.60035, -0.00493431, -0.02850844, 5, 0, 0.1881536767428782452562683027, 1999.263, -3486.492, -2.961042, 0.001233003, 0.03962206, 74.31816, 0.8607759, 0.551697, 0.164956
 
19.61035, -0.004942029, -0.02855778, 5, 0, 0.1890508017926064637113192188, 1993.526, -3486.492, -2.961042, 0.001233003, 0.03962206, 74.21436, 0.8607283, 0.551697, 0.164956
 
19.62035, -0.004944945, -0.0286072, 5, 0, 0.1899517299462548017904036587, 1987.799, -3486.492, -2.961042, 0.001233003, 0.03962206, 74.11057, 0.8606805, 0.551697, 0.164956
 
19.63035, -0.004957197, -0.02865665, 5, 0, 0.1908594493569033534838336772, 1982.082, -3486.492, -2.961042, 0.001233003, 0.03962206, 74.00681, 0.8606322, 0.551697, 0.164956
 
19.64035, -0.004967606, -0.02870623, 5, 0, 0.1917720584725920589795925121, 1976.377, -3486.492, -2.961042, 0.001233003, 0.03962206, 73.90309, 0.8605838, 0.551697, 0.164956
 
19.65035, -0.004979425, -0.0287559, 5, 0, 0.1926901005938809353668278098, 1970.682, -3486.492, -2.961042, 0.001233003, 0.03962206, 73.79942, 0.8605351, 0.551697, 0.164956
 
19.66035, -0.004991705, -0.0288057, 5, 0, 0.1936135757207699826455395703, 1964.999, -3486.492, -2.961042, 0.001233003, 0.03962206, 73.69577, 0.8604861, 0.551697, 0.164956
 
19.67035, -0.005001101, -0.02885561, 5, 0, 0.1945418047275591794542932358, 1959.326, -3486.492, -2.961042, 0.001233003, 0.03962206, 73.59217, 0.8604369, 0.551697, 0.164956
 
19.68036, -0.005006672, -0.02890562, 5, 0, 0.1954743801388285129762280714, 1953.664, -3486.492, -2.961042, 0.001233003, 0.03962206, 73.48861, 0.8603875, 0.551697, 0.164956
 
19.69036, -0.005014457, -0.02895569, 5, 0, 0.1964123885556980173896393698, 1948.013, -3486.492, -2.961042, 0.001233003, 0.03962206, 73.38508, 0.8603378, 0.551697, 0.164956
 
19.70036, -0.005021129, -0.02900583, 5, 0, 0.1973552866776076756053794847, 1942.373, -3486.492, -2.961042, 0.001233003, 0.03962206, 73.28159, 0.8602878, 0.551697, 0.164956
 
19.71036, -0.005030806, -0.02905605, 5, 0, 0.1983040252805375175294567971, 1936.744, -3486.492, -2.961042, 0.001233003, 0.03962206, 73.17814, 0.8602377, 0.551697, 0.164956
 
19.72036, -0.005032789, -0.02910635, 5, 0, 0.1992562953371074705329938104, 1931.125, -3486.492, -2.961042, 0.001233003, 0.03962206, 73.07473, 0.8601872, 0.551697, 0.164956
 
19.73036, -0.005038081, -0.02915668, 5, 0, 0.2002142700495576029725811095, 1925.517, -3486.492, -2.961042, 0.001233003, 0.03962206, 72.97136, 0.8601366, 0.551697, 0.164956
 
19.74036, -0.005045454, -0.02920706, 5, 0, 0.2011778135927479105759317830, 1919.921, -3486.492, -2.961042, 0.001233003, 0.03962206, 72.86803, 0.8600856, 0.551697, 0.164956
 
19.75036, -0.005053467, -0.02925752, 5, 0, 0.2021469259666783933430458308, 1914.335, -3486.492, -2.961042, 0.001233003, 0.03962206, 72.76472, 0.8600344, 0.551697, 0.164956
 
19.76036, -0.005063898, -0.02930805, 5, 0, 0.2031220146467690640907839877, 1908.758, -3486.492, -2.961042, 0.001233003, 0.03962206, 72.66144, 0.8599828, 0.551697, 0.164956
 
19.77036, -0.005073891, -0.02935869, 5, 0, 0.2041024005073199014577116957, 1903.194, -3486.492, -2.961042, 0.001233003, 0.03962206, 72.55822, 0.8599311, 0.551697, 0.164956
 
19.78036, -0.005079063, -0.02940943, 5, 0, 0.2050874044226308840823943972, 1897.639, -3486.492, -2.961042, 0.001233003, 0.03962206, 72.45501, 0.8598791, 0.551697, 0.164956
 
19.79036, -0.005091582, -0.02946022, 5, 0, 0.2060794712452220888659965002, 1892.095, -3486.492, -2.961042, 0.001233003, 0.03962206, 72.35184, 0.8598267, 0.551697, 0.164956
 
19.80036, -0.005104878, -0.02951114, 5, 0, 0.2070775143739734816302227123, 1886.561, -3486.492, -2.961042, 0.001233003, 0.03962206, 72.24871, 0.8597741, 0.551697, 0.164956
 
19.81036, -0.005109681, -0.02956219, 5, 0, 0.2080796322569250025630562715, 1881.038, -3486.492, -2.961042, 0.001233003, 0.03962206, 72.14561, 0.8597212, 0.551697, 0.164956
 
19.82036, -0.005117872, -0.02961328, 5, 0, 0.2090877264460367114765139398, 1875.526, -3486.492, -2.961042, 0.001233003, 0.03962206, 72.04256, 0.8596681, 0.551697, 0.164956
 
19.83036, -0.005127952, -0.02966446, 5, 0, 0.2101019327664486126428826286, 1870.025, -3486.492, -2.961042, 0.001233003, 0.03962206, 71.93954, 0.8596146, 0.551697, 0.164956
 
19.84036, -0.005132, -0.02971574, 5, 0, 0.2111206213164806547947193993, 1864.534, -3486.492, -2.961042, 0.001233003, 0.03962206, 71.83656, 0.859561, 0.551697, 0.164956
 
19.85036, -0.005137853, -0.02976706, 5, 0, 0.2121451503475328806548933674, 1859.054, -3486.492, -2.961042, 0.001233003, 0.03962206, 71.73363, 0.859507, 0.551697, 0.164956
 
19.86036, -0.005145411, -0.02981844, 5, 0, 0.2131755198596052902234045331, 1853.585, -3486.492, -2.961042, 0.001233003, 0.03962206, 71.63072, 0.8594528, 0.551697, 0.164956
 
19.87036, -0.005150522, -0.02986989, 5, 0, 0.2142111865521378664111052499, 1848.126, -3486.492, -2.961042, 0.001233003, 0.03962206, 71.52786, 0.8593983, 0.551697, 0.164956
 
19.88036, -0.005156237, -0.0299214, 5, 0, 0.2152525579005506220348562527, 1842.679, -3486.492, -2.961042, 0.001233003, 0.03962206, 71.42504, 0.8593435, 0.551697, 0.164956
 
19.89036, -0.005165983, -0.02997296, 5, 0, 0.2163004488556835827283790108, 1837.241, -3486.492, -2.961042, 0.001233003, 0.03962206, 71.32226, 0.8592885, 0.551697, 0.164956
 
19.90036, -0.005174495, -0.03002462, 5, 0, 0.2173543161169767314025258779, 1831.814, -3486.492, -2.961042, 0.001233003, 0.03962206, 71.21951, 0.859233, 0.551697, 0.164956
 
19.91036, -0.005177728, -0.03007637, 5, 0, 0.2184128014330300253344277384, 1826.397, -3486.492, -2.961042, 0.001233003, 0.03962206, 71.11678, 0.8591775, 0.551697, 0.164956
 
19.92036, -0.005190922, -0.03012814, 5, 0, 0.2194794362574835756035442931, 1820.99, -3486.492, -2.961042, 0.001233003, 0.03962206, 71.01408, 0.8591214, 0.551697, 0.164956
 
19.93036, -0.005199563, -0.03018005, 5, 0, 0.2205513682623972924918503989, 1815.594, -3486.492, -2.961042, 0.001233003, 0.03962206, 70.91142, 0.8590652, 0.551697, 0.164956
 
19.94036, -0.005207789, -0.03023205, 5, 0, 0.2216291407483311930884937023, 1810.209, -3486.492, -2.961042, 0.001233003, 0.03962206, 70.80881, 0.8590087, 0.551697, 0.164956
 
19.95036, -0.005219158, -0.03028413, 5, 0, 0.2227139761415453158440564073, 1804.833, -3486.492, -2.961042, 0.001233003, 0.03962206, 70.70622, 0.8589517, 0.551697, 0.164956
 
19.96036, -0.005224893, -0.03033632, 5, 0, 0.2238037012397995924019479287, 1799.469, -3486.492, -2.961042, 0.001233003, 0.03962206, 70.60368, 0.8588946, 0.551697, 0.164956
 
19.97036, -0.005232142, -0.03038857, 5, 0, 0.2248998101196340697573242940, 1794.115, -3486.492, -2.961042, 0.001233003, 0.03962206, 70.50118, 0.8588372, 0.551697, 0.164956
 
19.98036, -0.005242617, -0.03044089, 5, 0, 0.2260028460816087649993331492, 1788.772, -3486.492, -2.961042, 0.001233003, 0.03962206, 70.39872, 0.8587794, 0.551697, 0.164956
 
19.99036, -0.005245768, -0.03049332, 5, 0, 0.2271103642732036012268100863, 1783.439, -3486.492, -2.961042, 0.001233003, 0.03962206, 70.2963, 0.8587215, 0.551697, 0.164956
 
20.00036, -0.005252888, -0.03054577, 5, 0, 0.2282249453720786596132064250, 1778.117, -3486.492, -2.961042, 0.001233003, 0.03962206, 70.19392, 0.8586631, 0.551697, 0.164956
 
20.01036, -0.005254181, -0.0305983, 5, 0, 0.2293445520011338760742184917, 1772.803, -3486.492, -2.961042, 0.001233003, 0.03962206, 70.09154, 0.8586046, 0.551697, 0.164956
 
20.02036, -0.005267817, -0.03065084, 5, 0, 0.2304729872642893702338798104, 1767.501, -3486.492, -2.961042, 0.001233003, 0.03962206, 69.9892, 0.8585456, 0.551697, 0.164956
 
20.03036, -0.005280858, -0.03070352, 5, 0, 0.2316080779593050737355997961, 1762.209, -3486.492, -2.961042, 0.001233003, 0.03962206, 69.88691, 0.8584863, 0.551697, 0.164956
 
20.04036, -0.005289441, -0.03075633, 5, 0, 0.2327490091353409609456569792, 1756.927, -3486.492, -2.961042, 0.001233003, 0.03962206, 69.78465, 0.8584267, 0.551697, 0.164956
 
20.05036, -0.005298425, -0.03080922, 5, 0, 0.2338965957432370574977728293, 1751.656, -3486.492, -2.961042, 0.001233003, 0.03962206, 69.68243, 0.8583668, 0.551697, 0.164956
 
20.06036, -0.005301769, -0.03086221, 5, 0, 0.2350492078813133121245044074, 1746.395, -3486.492, -2.961042, 0.001233003, 0.03962206, 69.58026, 0.8583066, 0.551697, 0.164956
 
20.07036, -0.005310115, -0.03091522, 5, 0, 0.2362095620523698102715899449, 1741.145, -3486.492, -2.961042, 0.001233003, 0.03962206, 69.47812, 0.8582461, 0.551697, 0.164956
 
20.08036, -0.005312868, -0.03096833, 5, 0, 0.2373748059284651039696042563, 1735.905, -3486.492, -2.961042, 0.001233003, 0.03962206, 69.37602, 0.8581854, 0.551697, 0.164956
 
20.09036, -0.005320976, -0.03102145, 5, 0, 0.2385477918375419994393725698, 1730.676, -3486.492, -2.961042, 0.001233003, 0.03962206, 69.27396, 0.8581243, 0.551697, 0.164956
 
20.10036, -0.005329115, -0.03107466, 5, 0, 0.2397277048287591127957733734, 1725.457, -3486.492, -2.961042, 0.001233003, 0.03962206, 69.17194, 0.8580627, 0.551697, 0.164956
 
20.11036, -0.005333052, -0.03112795, 5, 0, 0.2409131866507191178187376367, 1720.247, -3486.492, -2.961042, 0.001233003, 0.03962206, 69.06993, 0.8580011, 0.551697, 0.164956
 
20.12037, -0.005347937, -0.03118129, 5, 0, 0.2421083120576153514198724933, 1715.048, -3486.492, -2.961042, 0.001233003, 0.03962206, 68.96796, 0.8579388, 0.551697, 0.164956
 
20.13037, -0.005355537, -0.03123477, 5, 0, 0.2433087346449731098915969439, 1709.859, -3486.492, -2.961042, 0.001233003, 0.03962206, 68.86603, 0.8578764, 0.551697, 0.164956
 
20.14037, -0.005363991, -0.03128832, 5, 0, 0.2445163559647524530459277503, 1704.68, -3486.492, -2.961042, 0.001233003, 0.03962206, 68.76414, 0.8578136, 0.551697, 0.164956
 
20.15037, -0.005370077, -0.03134196, 5, 0, 0.2457302252409692762226564035, 1699.512, -3486.492, -2.961042, 0.001233003, 0.03962206, 68.66228, 0.8577505, 0.551697, 0.164956
 
20.16037, -0.005378678, -0.03139566, 5, 0, 0.2469515648998876926265652358, 1694.353, -3486.492, -2.961042, 0.001233003, 0.03962206, 68.56048, 0.8576871, 0.551697, 0.164956
 
20.17037, -0.005381769, -0.03144945, 5, 0, 0.2481786092146862884665243539, 1689.206, -3486.492, -2.961042, 0.001233003, 0.03962206, 68.4587, 0.8576234, 0.551697, 0.164956
 
20.18037, -0.00538759, -0.03150327, 5, 0, 0.2494131239121837610308635657, 1684.068, -3486.492, -2.961042, 0.001233003, 0.03962206, 68.35697, 0.8575593, 0.551697, 0.164956
 
20.19037, -0.005391672, -0.03155714, 5, 0, 0.2506541582164027969163745755, 1678.94, -3486.492, -2.961042, 0.001233003, 0.03962206, 68.25525, 0.857495, 0.551697, 0.164956
 
20.20037, -0.005404408, -0.03161106, 5, 0, 0.2519045644552834858410825263, 1673.822, -3486.492, -2.961042, 0.001233003, 0.03962206, 68.15356, 0.8574301, 0.551697, 0.164956
 
20.21037, -0.005413516, -0.0316651, 5, 0, 0.2531613544757416590604752354, 1668.714, -3486.492, -2.961042, 0.001233003, 0.03962206, 68.05193, 0.857365, 0.551697, 0.164956
 
20.22037, -0.00541815, -0.03171924, 5, 0, 0.2544245282777827495801528738, 1663.616, -3486.492, -2.961042, 0.001233003, 0.03962206, 67.95032, 0.8572996, 0.551697, 0.164956
 
20.23037, -0.005424315, -0.03177342, 5, 0, 0.2556950366373813543005236514, 1658.529, -3486.492, -2.961042, 0.001233003, 0.03962206, 67.84875, 0.8572338, 0.551697, 0.164956
 
20.24037, -0.005427127, -0.03182766, 5, 0, 0.2569719287785628763211793582, 1653.453, -3486.492, -2.961042, 0.001233003, 0.03962206, 67.74723, 0.8571677, 0.551697, 0.164956
 
20.25037, -0.005435143, -0.03188193, 5, 0, 0.2582571062532846589513366708, 1648.386, -3486.492, -2.961042, 0.001233003, 0.03962206, 67.64575, 0.8571013, 0.551697, 0.164956
 
20.26037, -0.005438308, -0.03193628, 5, 0, 0.2595486675095852841275787845, 1643.328, -3486.492, -2.961042, 0.001233003, 0.03962206, 67.54428, 0.8570345, 0.551697, 0.164956
 
20.27037, -0.005450506, -0.03199067, 5, 0, 0.2608498723508248543847915768, 1638.281, -3486.492, -2.961042, 0.001233003, 0.03962206, 67.44285, 0.8569673, 0.551697, 0.164956
 
20.28037, -0.005458634, -0.03204517, 5, 0, 0.2621578684490659965077499903, 1633.244, -3486.492, -2.961042, 0.001233003, 0.03962206, 67.34145, 0.8568997, 0.551697, 0.164956
 
20.29037, -0.005470016, -0.03209976, 5, 0, 0.2634744215311274077847838327, 1628.217, -3486.492, -2.961042, 0.001233003, 0.03962206, 67.2401, 0.8568318, 0.551697, 0.164956
 
20.30037, -0.005475036, -0.03215446, 5, 0, 0.2647972225696290155870156073, 1623.199, -3486.492, -2.961042, 0.001233003, 0.03962206, 67.13879, 0.8567635, 0.551697, 0.164956
 
20.31037, -0.005478506, -0.03220921, 5, 0, 0.2661269506902708412758798719, 1618.193, -3486.492, -2.961042, 0.001233003, 0.03962206, 67.03751, 0.856695, 0.551697, 0.164956
 
20.32037, -0.005485407, -0.03226399, 5, 0, 0.2674649641444542858256457850, 1613.197, -3486.492, -2.961042, 0.001233003, 0.03962206, 66.93629, 0.856626, 0.551697, 0.164956
 
20.33037, -0.005489613, -0.03231885, 5, 0, 0.2688101763310552403038179259, 1608.21, -3486.492, -2.961042, 0.001233003, 0.03962206, 66.83509, 0.8565568, 0.551697, 0.164956
 
20.34037, -0.005496212, -0.03237374, 5, 0, 0.2701636738511978136428917151, 1603.233, -3486.492, -2.961042, 0.001233003, 0.03962206, 66.73391, 0.8564871, 0.551697, 0.164956
 
20.35037, -0.005505482, -0.0324287, 5, 0, 0.2715258641803020186597278876, 1598.266, -3486.492, -2.961042, 0.001233003, 0.03962206, 66.63277, 0.856417, 0.551697, 0.164956
 
20.36037, -0.005509705, -0.03248376, 5, 0, 0.2728947099412650747672226842, 1593.308, -3486.492, -2.961042, 0.001233003, 0.03962206, 66.53167, 0.8563466, 0.551697, 0.164956
 
20.37037, -0.005516952, -0.03253886, 5, 0, 0.2742721126860484000287929097, 1588.361, -3486.492, -2.961042, 0.001233003, 0.03962206, 66.43061, 0.8562758, 0.551697, 0.164956
 
20.38037, -0.005521884, -0.03259403, 5, 0, 0.2756568499883919559938563600, 1583.425, -3486.492, -2.961042, 0.001233003, 0.03962206, 66.32959, 0.8562047, 0.551697, 0.164956
 
20.39037, -0.005524545, -0.03264925, 5, 0, 0.2770490576734357469346999465, 1578.496, -3486.492, -2.961042, 0.001233003, 0.03962206, 66.22858, 0.8561332, 0.551697, 0.164956
 
20.40037, -0.005536869, -0.03270449, 5, 0, 0.2784518597193985128625225928, 1573.578, -3486.492, -2.961042, 0.001233003, 0.03962206, 66.12762, 0.8560612, 0.551697, 0.164956
 
20.41037, -0.005544564, -0.03275986, 5, 0, 0.2798619963229242259966385493, 1568.671, -3486.492, -2.961042, 0.001233003, 0.03962206, 66.02669, 0.8559889, 0.551697, 0.164956
 
20.42037, -0.005555599, -0.03281531, 5, 0, 0.2812813690359675131434644070, 1563.773, -3486.492, -2.961042, 0.001233003, 0.03962206, 65.9258, 0.8559161, 0.551697, 0.164956
 
20.43037, -0.00556061, -0.03287086, 5, 0, 0.2827076688311523764283227975, 1558.885, -3486.492, -2.961042, 0.001233003, 0.03962206, 65.82496, 0.8558431, 0.551697, 0.164956
 
20.44037, -0.005564712, -0.03292647, 5, 0, 0.2841418464844574875058220590, 1554.008, -3486.492, -2.961042, 0.001233003, 0.03962206, 65.72415, 0.8557696, 0.551697, 0.164956
 
20.45037, -0.005571788, -0.03298212, 5, 0, 0.2855851244221428848265443957, 1549.14, -3486.492, -2.961042, 0.001233003, 0.03962206, 65.62338, 0.8556958, 0.551697, 0.164956
 
20.46037, -0.005574924, -0.03303784, 5, 0, 0.2870358727425285171230468686, 1544.281, -3486.492, -2.961042, 0.001233003, 0.03962206, 65.52263, 0.8556216, 0.551697, 0.164956
 
20.47037, -0.005582208, -0.03309359, 5, 0, 0.2884961288227144484796331515, 1539.432, -3486.492, -2.961042, 0.001233003, 0.03962206, 65.42192, 0.855547, 0.551697, 0.164956
 
20.48037, -0.005591119, -0.03314941, 5, 0, 0.2899653493621406618071555979, 1534.594, -3486.492, -2.961042, 0.001233003, 0.03962206, 65.32125, 0.8554719, 0.551697, 0.164956
 
20.49037, -0.005596591, -0.03320532, 5, 0, 0.2914427194099671314718927385, 1529.765, -3486.492, -2.961042, 0.001233003, 0.03962206, 65.22062, 0.8553964, 0.551697, 0.164956
 
20.50037, -0.005600494, -0.03326129, 5, 0, 0.2929276956656351986360969697, 1524.947, -3486.492, -2.961042, 0.001233003, 0.03962206, 65.12003, 0.8553207, 0.551697, 0.164956
 
20.51037, -0.005600628, -0.03331729, 5, 0, 0.2944202781291407885455681634, 1520.138, -3486.492, -2.961042, 0.001233003, 0.03962206, 65.01948, 0.8552446, 0.551697, 0.164956
 
20.52037, -0.005607953, -0.0333733, 5, 0, 0.2959234549535680699448185022, 1515.338, -3486.492, -2.961042, 0.001233003, 0.03962206, 64.91894, 0.855168, 0.551697, 0.164956
 
20.53037, -0.005616438, -0.03342938, 5, 0, 0.2974360037126556461318657392, 1510.547, -3486.492, -2.961042, 0.001233003, 0.03962206, 64.81844, 0.8550909, 0.551697, 0.164956
 
20.54037, -0.005623496, -0.03348555, 5, 0, 0.2989571094555634914729884052, 1505.768, -3486.492, -2.961042, 0.001233003, 0.03962206, 64.71799, 0.8550135, 0.551697, 0.164956
 
20.55037, -0.005631104, -0.03354178, 5, 0, 0.3004874513079929855810211006, 1500.998, -3486.492, -2.961042, 0.001233003, 0.03962206, 64.61757, 0.8549356, 0.551697, 0.164956
 
20.56038, -0.005637344, -0.03359809, 5, 0, 0.3020264859693786783612160082, 1496.237, -3486.492, -2.961042, 0.001233003, 0.03962206, 64.5172, 0.8548574, 0.551697, 0.164956
 
20.57038, -0.005639332, -0.03365447, 5, 0, 0.3035732626637473311645649608, 1491.487, -3486.492, -2.961042, 0.001233003, 0.03962206, 64.41686, 0.8547788, 0.551697, 0.164956
 
20.58038, -0.005638492, -0.03371086, 5, 0, 0.3051283246916589610802156046, 1486.745, -3486.492, -2.961042, 0.001233003, 0.03962206, 64.31654, 0.8546998, 0.551697, 0.164956
 
20.59038, -0.005650147, -0.03376725, 5, 0, 0.3066956109821669007474881614, 1482.014, -3486.492, -2.961042, 0.001233003, 0.03962206, 64.21626, 0.8546202, 0.551697, 0.164956
 
20.60038, -0.005657198, -0.03382375, 5, 0, 0.3082713184313551052965492355, 1477.292, -3486.492, -2.961042, 0.001233003, 0.03962206, 64.11603, 0.8545403, 0.551697, 0.164956
 
20.61038, -0.005660744, -0.03388032, 5, 0, 0.3098554470392249329787988697, 1472.58, -3486.492, -2.961042, 0.001233003, 0.03962206, 64.01583, 0.85446, 0.551697, 0.164956
 
20.62038, -0.005668239, -0.03393693, 5, 0, 0.3114496267074577933130800454, 1467.878, -3486.492, -2.961042, 0.001233003, 0.03962206, 63.91567, 0.8543792, 0.551697, 0.164956
 
20.63038, -0.005671823, -0.03399361, 5, 0, 0.3130526350097868565918103450, 1463.186, -3486.492, -2.961042, 0.001233003, 0.03962206, 63.81556, 0.8542981, 0.551697, 0.164956
 
20.64038, -0.005673452, -0.03405033, 5, 0, 0.3146643361210775515483030278, 1458.502, -3486.492, -2.961042, 0.001233003, 0.03962206, 63.71545, 0.8542165, 0.551697, 0.164956
 
20.65038, -0.005680305, -0.03410706, 5, 0, 0.3162867674184285840154617245, 1453.829, -3486.492, -2.961042, 0.001233003, 0.03962206, 63.61539, 0.8541344, 0.551697, 0.164956
 
20.66038, -0.005689038, -0.03416387, 5, 0, 0.3179196572515599454487126121, 1449.165, -3486.492, -2.961042, 0.001233003, 0.03962206, 63.51537, 0.8540519, 0.551697, 0.164956
 
20.67038, -0.005694894, -0.03422076, 5, 0, 0.3195616473690715931251865748, 1444.511, -3486.492, -2.961042, 0.001233003, 0.03962206, 63.4154, 0.853969, 0.551697, 0.164956
 
20.68038, -0.005698558, -0.0342777, 5, 0, 0.3212126019458221645211966584, 1439.867, -3486.492, -2.961042, 0.001233003, 0.03962206, 63.31546, 0.8538857, 0.551697, 0.164956
 
20.69038, -0.005698519, -0.03433469, 5, 0, 0.3228722493315357258463691679, 1435.231, -3486.492, -2.961042, 0.001233003, 0.03962206, 63.21553, 0.853802, 0.551697, 0.164956
 
20.70038, -0.005705064, -0.03439168, 5, 0, 0.3245435776792882963368160296, 1430.605, -3486.492, -2.961042, 0.001233003, 0.03962206, 63.11565, 0.8537177, 0.551697, 0.164956
 
20.71038, -0.005714438, -0.03444872, 5, 0, 0.3262256362131012043379289053, 1425.99, -3486.492, -2.961042, 0.001233003, 0.03962206, 63.01581, 0.853633, 0.551697, 0.164956
 
20.72038, -0.005718951, -0.03450587, 5, 0, 0.3279166592061543943099779446, 1421.383, -3486.492, -2.961042, 0.001233003, 0.03962206, 62.91602, 0.8535478, 0.551697, 0.164956
 
20.73038, -0.005722897, -0.03456306, 5, 0, 0.3296174616092878918866846169, 1416.787, -3486.492, -2.961042, 0.001233003, 0.03962206, 62.81626, 0.8534623, 0.551697, 0.164956
 
20.74038, -0.005723816, -0.03462029, 5, 0, 0.3313272284716630296857274955, 1412.201, -3486.492, -2.961042, 0.001233003, 0.03962206, 62.71654, 0.8533763, 0.551697, 0.164956
 
20.75038, -0.005724641, -0.03467753, 5, 0, 0.3330470463943957671312017448, 1407.623, -3486.492, -2.961042, 0.001233003, 0.03962206, 62.61684, 0.8532899, 0.551697, 0.164956
 
20.76038, -0.005734759, -0.03473477, 5, 0, 0.3347797677054316269467326786, 1403.054, -3486.492, -2.961042, 0.001233003, 0.03962206, 62.51718, 0.8532029, 0.551697, 0.164956
 
20.77038, -0.005739872, -0.03479212, 5, 0, 0.3365217251259850607749735137, 1398.495, -3486.492, -2.961042, 0.001233003, 0.03962206, 62.41756, 0.8531155, 0.551697, 0.164956
 
20.78038, -0.005744506, -0.03484952, 5, 0, 0.3382741410823215400721066251, 1393.947, -3486.492, -2.961042, 0.001233003, 0.03962206, 62.31798, 0.8530276, 0.551697, 0.164956
 
20.79038, -0.005744501, -0.03490696, 5, 0, 0.3400353856727555805650889031, 1389.406, -3486.492, -2.961042, 0.001233003, 0.03962206, 62.21842, 0.8529394, 0.551697, 0.164956
 
20.80038, -0.005750389, -0.03496441, 5, 0, 0.3418089903509327263389802193, 1384.875, -3486.492, -2.961042, 0.001233003, 0.03962206, 62.1189, 0.8528505, 0.551697, 0.164956
 
20.81038, -0.005759655, -0.03502191, 5, 0, 0.3435942759911488812781458878, 1380.354, -3486.492, -2.961042, 0.001233003, 0.03962206, 62.01942, 0.8527612, 0.551697, 0.164956
 
20.82038, -0.005764487, -0.03507951, 5, 0, 0.3453893410414426273191691038, 1375.843, -3486.492, -2.961042, 0.001233003, 0.03962206, 61.91998, 0.8526714, 0.551697, 0.164956
 
20.83038, -0.005767521, -0.03513715, 5, 0, 0.3471944571520994060122238614, 1371.342, -3486.492, -2.961042, 0.001233003, 0.03962206, 61.82058, 0.8525812, 0.551697, 0.164956
 
20.84038, -0.005768559, -0.03519483, 5, 0, 0.3490098959733978676504839410, 1366.849, -3486.492, -2.961042, 0.001233003, 0.03962206, 61.7212, 0.8524905, 0.551697, 0.164956
 
20.85038, -0.00577478, -0.03525252, 5, 0, 0.3508378307075753640877398423, 1362.365, -3486.492, -2.961042, 0.001233003, 0.03962206, 61.62186, 0.8523993, 0.551697, 0.164956
 
20.86038, -0.005776161, -0.03531026, 5, 0, 0.3526752732015531595850795534, 1357.891, -3486.492, -2.961042, 0.001233003, 0.03962206, 61.52256, 0.8523077, 0.551697, 0.164956
 
20.87038, -0.005782971, -0.03536803, 5, 0, 0.3545250757832713438605282174, 1353.427, -3486.492, -2.961042, 0.001233003, 0.03962206, 61.42331, 0.8522155, 0.551697, 0.164956
 
20.88038, -0.005786192, -0.03542586, 5, 0, 0.3563852010756312110811822033, 1348.972, -3486.492, -2.961042, 0.001233003, 0.03962206, 61.32409, 0.8521229, 0.551697, 0.164956
 
20.89038, -0.005787497, -0.03548372, 5, 0, 0.3582560565540486993097021178, 1344.526, -3486.492, -2.961042, 0.001233003, 0.03962206, 61.2249, 0.8520298, 0.551697, 0.164956
 
20.90038, -0.005794583, -0.03554159, 5, 0, 0.3601399512459079559291655857, 1340.09, -3486.492, -2.961042, 0.001233003, 0.03962206, 61.12574, 0.8519361, 0.551697, 0.164956
 
20.91038, -0.005796222, -0.03559954, 5, 0, 0.3620336253478488784046867293, 1335.663, -3486.492, -2.961042, 0.001233003, 0.03962206, 61.02662, 0.851842, 0.551697, 0.164956
 
20.92038, -0.005797059, -0.0356575, 5, 0, 0.3639380296358487801394738441, 1331.246, -3486.492, -2.961042, 0.001233003, 0.03962206, 60.92755, 0.8517475, 0.551697, 0.164956
 
20.93038, -0.005797424, -0.03571547, 5, 0, 0.3658535715853290322017877077, 1326.838, -3486.492, -2.961042, 0.001233003, 0.03962206, 60.82852, 0.8516524, 0.551697, 0.164956
 
20.94038, -0.005801784, -0.03577344, 5, 0, 0.3677820169231069736285580849, 1322.438, -3486.492, -2.961042, 0.001233003, 0.03962206, 60.7295, 0.8515568, 0.551697, 0.164956
 
20.95038, -0.005807674, -0.03583146, 5, 0, 0.3697226865234893743153506315, 1318.049, -3486.492, -2.961042, 0.001233003, 0.03962206, 60.63053, 0.8514606, 0.551697, 0.164956
 
20.96038, -0.00581198, -0.03588954, 5, 0, 0.3716747654356307756228437072, 1313.669, -3486.492, -2.961042, 0.001233003, 0.03962206, 60.5316, 0.851364, 0.551697, 0.164956
 
20.97038, -0.005815026, -0.03594766, 5, 0, 0.3736382536595311775510373120, 1309.298, -3486.492, -2.961042, 0.001233003, 0.03962206, 60.43272, 0.8512669, 0.551697, 0.164956
 
20.98038, -0.005814581, -0.03600581, 5, 0, 0.3756127437197746420372708394, 1304.936, -3486.492, -2.961042, 0.001233003, 0.03962206, 60.33384, 0.8511692, 0.551697, 0.164956
 
20.99039, -0.005818651, -0.03606395, 5, 0, 0.3776005446437371669562216579, 1300.583, -3486.492, -2.961042, 0.001233003, 0.03962206, 60.23501, 0.8510711, 0.551697, 0.164956
 
21.00039, -0.005821704, -0.03612214, 5, 0, 0.3795998907046014132709600025, 1296.24, -3486.492, -2.961042, 0.001233003, 0.03962206, 60.13622, 0.8509724, 0.551697, 0.164956
 
21.01039, -0.005820632, -0.03618036, 5, 0, 0.3816099669515246388449643184, 1291.906, -3486.492, -2.961042, 0.001233003, 0.03962206, 60.03748, 0.8508732, 0.551697, 0.164956
 
21.02039, -0.005825472, -0.03623857, 5, 0, 0.3836338973627269419408335716, 1287.582, -3486.492, -2.961042, 0.001233003, 0.03962206, 59.93877, 0.8507735, 0.551697, 0.164956
 
21.03039, -0.005826162, -0.03629682, 5, 0, 0.3856692370856923204116034821, 1283.266, -3486.492, -2.961042, 0.001233003, 0.03962206, 59.84009, 0.8506732, 0.551697, 0.164956
 
21.04039, -0.005833469, -0.03635508, 5, 0, 0.3877189742734967934933859762, 1278.96, -3486.492, -2.961042, 0.001233003, 0.03962206, 59.74144, 0.8505723, 0.551697, 0.164956
 
21.05039, -0.005837117, -0.03641342, 5, 0, 0.3897803924233416339918428654, 1274.663, -3486.492, -2.961042, 0.001233003, 0.03962206, 59.64285, 0.850471, 0.551697, 0.164956
 
21.06039, -0.00583614, -0.03647179, 5, 0, 0.3918528124095254622941395489, 1270.375, -3486.492, -2.961042, 0.001233003, 0.03962206, 59.54428, 0.8503692, 0.551697, 0.164956
 
21.07039, -0.005835353, -0.03653015, 5, 0, 0.3939377283085910418982321395, 1266.096, -3486.492, -2.961042, 0.001233003, 0.03962206, 59.44574, 0.8502668, 0.551697, 0.164956
 
21.08039, -0.005838974, -0.0365885, 5, 0, 0.3960364983719370572755897102, 1261.826, -3486.492, -2.961042, 0.001233003, 0.03962206, 59.34724, 0.8501639, 0.551697, 0.164956
 
21.09039, -0.005840012, -0.03664689, 5, 0, 0.3981474926978820989073692794, 1257.566, -3486.492, -2.961042, 0.001233003, 0.03962206, 59.24879, 0.8500604, 0.551697, 0.164956
 
21.10039, -0.005841337, -0.03670529, 5, 0, 0.4002711187618516126160317527, 1253.315, -3486.492, -2.961042, 0.001233003, 0.03962206, 59.15037, 0.8499564, 0.551697, 0.164956
 
21.11039, -0.005838026, -0.03676371, 5, 0, 0.4024062899627174147148815813, 1249.073, -3486.492, -2.961042, 0.001233003, 0.03962206, 59.05198, 0.8498519, 0.551697, 0.164956
 
21.12039, -0.005847025, -0.03682208, 5, 0, 0.4045585751312264716246823531, 1244.839, -3486.492, -2.961042, 0.001233003, 0.03962206, 58.95362, 0.8497467, 0.551697, 0.164956
 
21.13039, -0.005851071, -0.03688055, 5, 0, 0.4067229487371918340138181264, 1240.616, -3486.492, -2.961042, 0.001233003, 0.03962206, 58.85531, 0.849641, 0.551697, 0.164956
 
21.14039, -0.005853366, -0.03693906, 5, 0, 0.4088999540811816684798368038, 1236.401, -3486.492, -2.961042, 0.001233003, 0.03962206, 58.75704, 0.8495347, 0.551697, 0.164956
 
21.15039, -0.005851263, -0.0369976, 5, 0, 0.4110891836877705292002774797, 1232.195, -3486.492, -2.961042, 0.001233003, 0.03962206, 58.65879, 0.8494279, 0.551697, 0.164956
 
21.16039, -0.005854701, -0.03705611, 5, 0, 0.4132936257100385101654522087, 1227.998, -3486.492, -2.961042, 0.001233003, 0.03962206, 58.56058, 0.8493205, 0.551697, 0.164956
 
21.17039, -0.005856265, -0.03711466, 5, 0, 0.4155108352954696092283967106, 1223.811, -3486.492, -2.961042, 0.001233003, 0.03962206, 58.46241, 0.8492125, 0.551697, 0.164956
 
21.18039, -0.005854785, -0.03717322, 5, 0, 0.4177404049686397388180501227, 1219.633, -3486.492, -2.961042, 0.001233003, 0.03962206, 58.36429, 0.849104, 0.551697, 0.164956
 
21.19039, -0.005854253, -0.03723177, 5, 0, 0.4199835571558102956363946917, 1215.464, -3486.492, -2.961042, 0.001233003, 0.03962206, 58.26622, 0.848995, 0.551697, 0.164956
 
21.20039, -0.005851652, -0.03729031, 5, 0, 0.4222401560318412754111435061, 1211.303, -3486.492, -2.961042, 0.001233003, 0.03962206, 58.16815, 0.8488854, 0.551697, 0.164956
 
21.21039, -0.005853014, -0.03734883, 5, 0, 0.4245115598481313626137656388, 1207.152, -3486.492, -2.961042, 0.001233003, 0.03962206, 58.07014, 0.8487752, 0.551697, 0.164956
 
21.22039, -0.005853847, -0.03740736, 5, 0, 0.4267966820035632395687658827, 1203.011, -3486.492, -2.961042, 0.001233003, 0.03962206, 57.97216, 0.8486644, 0.551697, 0.164956
 
21.23039, -0.005854686, -0.0374659, 5, 0, 0.4290962016238369276375787957, 1198.877, -3486.492, -2.961042, 0.001233003, 0.03962206, 57.8742, 0.848553, 0.551697, 0.164956
 
21.24039, -0.005861195, -0.03752444, 5, 0, 0.4314124277363311411976818318, 1194.753, -3486.492, -2.961042, 0.001233003, 0.03962206, 57.77629, 0.8484409, 0.551697, 0.164956
 
21.25039, -0.005862482, -0.03758306, 5, 0, 0.4337411497617030313053806468, 1190.638, -3486.492, -2.961042, 0.001233003, 0.03962206, 57.67842, 0.8483283, 0.551697, 0.164956
 
21.26039, -0.005863375, -0.03764168, 5, 0, 0.4360844050770567367991790425, 1186.532, -3486.492, -2.961042, 0.001233003, 0.03962206, 57.58059, 0.848215, 0.551697, 0.164956
 
21.27039, -0.005859368, -0.03770031, 5, 0, 0.4384404279555708438879471256, 1182.434, -3486.492, -2.961042, 0.001233003, 0.03962206, 57.48278, 0.8481013, 0.551697, 0.164956
 
21.28039, -0.005861692, -0.03775891, 5, 0, 0.4408128856760254679234315087, 1178.346, -3486.492, -2.961042, 0.001233003, 0.03962206, 57.38502, 0.8479869, 0.551697, 0.164956
 
21.29039, -0.005861415, -0.03781753, 5, 0, 0.4431993333859005320044677834, 1174.267, -3486.492, -2.961042, 0.001233003, 0.03962206, 57.2873, 0.8478719, 0.551697, 0.164956
 
21.30039, -0.005858594, -0.03787614, 5, 0, 0.4455992277846346607905082608, 1170.197, -3486.492, -2.961042, 0.001233003, 0.03962206, 57.18962, 0.8477564, 0.551697, 0.164956
 
21.31039, -0.005856062, -0.03793473, 5, 0, 0.4480137912984933257377353159, 1166.136, -3486.492, -2.961042, 0.001233003, 0.03962206, 57.09199, 0.8476403, 0.551697, 0.164956
 
21.32039, -0.005851314, -0.03799329, 5, 0, 0.4504423448017669977249140917, 1162.084, -3486.492, -2.961042, 0.001233003, 0.03962206, 56.99437, 0.8475236, 0.551697, 0.164956
 
21.33039, -0.005852266, -0.0380518, 5, 0, 0.4528878764475439202507568991, 1158.04, -3486.492, -2.961042, 0.001233003, 0.03962206, 56.8968, 0.8474061, 0.551697, 0.164956
 
21.34039, -0.005854535, -0.03811033, 5, 0, 0.4553491638095626966132814913, 1154.006, -3486.492, -2.961042, 0.001233003, 0.03962206, 56.79927, 0.8472881, 0.551697, 0.164956
 
21.35039, -0.005852244, -0.03816887, 5, 0, 0.4578245769861405590422448440, 1149.98, -3486.492, -2.961042, 0.001233003, 0.03962206, 56.70176, 0.8471695, 0.551697, 0.164956
 
21.36039, -0.005856239, -0.03822739, 5, 0, 0.4603176474309203351199067435, 1145.963, -3486.492, -2.961042, 0.001233003, 0.03962206, 56.6043, 0.8470501, 0.551697, 0.164956
 
21.37039, -0.005855283, -0.03828596, 5, 0, 0.4628247078651178347403204491, 1141.956, -3486.492, -2.961042, 0.001233003, 0.03962206, 56.50688, 0.8469302, 0.551697, 0.164956
 
21.38039, -0.005852041, -0.03834451, 5, 0, 0.4653468448898558085845813390, 1137.956, -3486.492, -2.961042, 0.001233003, 0.03962206, 56.40947, 0.8468097, 0.551697, 0.164956
 
21.39039, -0.005854126, -0.03840303, 5, 0, 0.4678863675325184040357670379, 1133.966, -3486.492, -2.961042, 0.001233003, 0.03962206, 56.31211, 0.8466884, 0.551697, 0.164956
 
21.40039, -0.005852695, -0.03846157, 5, 0, 0.4704409667657187572079998356, 1129.985, -3486.492, -2.961042, 0.001233003, 0.03962206, 56.2148, 0.8465666, 0.551697, 0.164956
 
21.41039, -0.005849589, -0.0385201, 5, 0, 0.4730102351140382135358190400, 1126.013, -3486.492, -2.961042, 0.001233003, 0.03962206, 56.11753, 0.8464442, 0.551697, 0.164956
 
21.42039, -0.005843639, -0.0385786, 5, 0, 0.4755947158780395066111723830, 1122.049, -3486.492, -2.961042, 0.001233003, 0.03962206, 56.02028, 0.8463211, 0.551697, 0.164956
 
21.4304, -0.005844486, -0.03863703, 5, 0, 0.4781973972108013721729718762, 1118.094, -3486.492, -2.961042, 0.001233003, 0.03962206, 55.92307, 0.8461974, 0.551697, 0.164956
 
21.4404, -0.005842554, -0.03869548, 5, 0, 0.4808155626095237247754792884, 1114.149, -3486.492, -2.961042, 0.001233003, 0.03962206, 55.82591, 0.846073, 0.551697, 0.164956
 
21.4504, -0.00584194, -0.0387539, 5, 0, 0.4834505703256066071415637351, 1110.212, -3486.492, -2.961042, 0.001233003, 0.03962206, 55.72879, 0.8459479, 0.551697, 0.164956
 
21.4604, -0.005838031, -0.03881232, 5, 0, 0.4861010621076499765483561008, 1106.283, -3486.492, -2.961042, 0.001233003, 0.03962206, 55.6317, 0.8458222, 0.551697, 0.164956
 
21.4704, -0.005839956, -0.0388707, 5, 0, 0.4887704335841552980544292174, 1102.364, -3486.492, -2.961042, 0.001233003, 0.03962206, 55.53465, 0.8456958, 0.551697, 0.164956
 
21.4804, -0.005837622, -0.0389291, 5, 0, 0.4914552891266197483498102101, 1098.454, -3486.492, -2.961042, 0.001233003, 0.03962206, 55.43764, 0.8455687, 0.551697, 0.164956
 
21.4904, -0.005833466, -0.03898748, 5, 0, 0.4941557645601833317067859907, 1094.552, -3486.492, -2.961042, 0.001233003, 0.03962206, 55.34068, 0.8454411, 0.551697, 0.164956
 
21.5004, -0.005826234, -0.03904581, 5, 0, 0.4968721315351287731727304675, 1090.659, -3486.492, -2.961042, 0.001233003, 0.03962206, 55.24373, 0.8453128, 0.551697, 0.164956
 
21.5104, -0.005824171, -0.03910407, 5, 0, 0.4996069707291147956696949178, 1086.775, -3486.492, -2.961042, 0.001233003, 0.03962206, 55.14683, 0.8451838, 0.551697, 0.164956
 
21.5204, -0.00582096, -0.03916232, 5, 0, 0.5023586522404599896788363600, 1082.9, -3486.492, -2.961042, 0.001233003, 0.03962206, 55.04998, 0.8450541, 0.551697, 0.164956
 
21.5304, -0.005816679, -0.03922053, 5, 0, 0.5051266327686070546138072332, 1079.034, -3486.492, -2.961042, 0.001233003, 0.03962206, 54.95317, 0.8449238, 0.551697, 0.164956
 
21.5404, -0.005811879, -0.03927869, 5, 0, 0.5079124063900960374697635648, 1075.176, -3486.492, -2.961042, 0.001233003, 0.03962206, 54.85638, 0.8447927, 0.551697, 0.164956
 
21.5504, -0.005812369, -0.03933681, 5, 0, 0.5107176030066029147599481653, 1071.327, -3486.492, -2.961042, 0.001233003, 0.03962206, 54.75964, 0.8446609, 0.551697, 0.164956
 
21.5604, -0.005809856, -0.03939493, 5, 0, 0.5135395061153316757928229316, 1067.487, -3486.492, -2.961042, 0.001233003, 0.03962206, 54.66294, 0.8445285, 0.551697, 0.164956
 
21.5704, -0.005804103, -0.03945303, 5, 0, 0.5163783873665623291129616868, 1063.654, -3486.492, -2.961042, 0.001233003, 0.03962206, 54.56627, 0.8443954, 0.551697, 0.164956
 
21.5804, -0.005802401, -0.03951107, 5, 0, 0.5192364199625308683227548878, 1059.831, -3486.492, -2.961042, 0.001233003, 0.03962206, 54.46963, 0.8442616, 0.551697, 0.164956
 
21.5904, -0.005797367, -0.0395691, 5, 0, 0.5221114307010026580712121205, 1056.017, -3486.492, -2.961042, 0.001233003, 0.03962206, 54.37304, 0.8441271, 0.551697, 0.164956
 
21.6004, -0.005789554, -0.03962707, 5, 0, 0.5250031479316922568081593908, 1052.211, -3486.492, -2.961042, 0.001233003, 0.03962206, 54.27647, 0.8439919, 0.551697, 0.164956
 
21.6104, -0.005786973, -0.03968497, 5, 0, 0.5279152389333852128909434819, 1048.414, -3486.492, -2.961042, 0.001233003, 0.03962206, 54.17995, 0.843856, 0.551697, 0.164956
 
21.6204, -0.005785647, -0.03974283, 5, 0, 0.5308462096295374045702082384, 1044.626, -3486.492, -2.961042, 0.001233003, 0.03962206, 54.08348, 0.8437193, 0.551697, 0.164956
 
21.6304, -0.005780213, -0.03980069, 5, 0, 0.5337947017687501473744845874, 1040.846, -3486.492, -2.961042, 0.001233003, 0.03962206, 53.98702, 0.843582, 0.551697, 0.164956
 
21.6404, -0.005779036, -0.03985849, 5, 0, 0.5367637035041035352940845834, 1037.074, -3486.492, -2.961042, 0.001233003, 0.03962206, 53.89061, 0.8434438, 0.551697, 0.164956
 
21.6504, -0.005775135, -0.03991628, 5, 0, 0.5397506341579361289041568638, 1033.312, -3486.492, -2.961042, 0.001233003, 0.03962206, 53.79425, 0.843305, 0.551697, 0.164956
 
21.6604, -0.005767795, -0.03997404, 5, 0, 0.5427548146045519815974669990, 1029.558, -3486.492, -2.961042, 0.001233003, 0.03962206, 53.69793, 0.8431655, 0.551697, 0.164956
 
21.6704, -0.005757656, -0.04003172, 5, 0, 0.5457766523193670314366755955, 1025.813, -3486.492, -2.961042, 0.001233003, 0.03962206, 53.60163, 0.8430254, 0.551697, 0.164956
 
21.6804, -0.005753674, -0.04008929, 5, 0, 0.5488199504063027562972162199, 1022.076, -3486.492, -2.961042, 0.001233003, 0.03962206, 53.50538, 0.8428844, 0.551697, 0.164956
 
21.6904, -0.00575039, -0.04014683, 5, 0, 0.5518828073133990963670721104, 1018.349, -3486.492, -2.961042, 0.001233003, 0.03962206, 53.40918, 0.8427427, 0.551697, 0.164956
 
21.7004, -0.005743018, -0.04020434, 5, 0, 0.5549638647892573671747741938, 1014.629, -3486.492, -2.961042, 0.001233003, 0.03962206, 53.31299, 0.8426003, 0.551697, 0.164956
 
21.7104, -0.00573907, -0.04026176, 5, 0, 0.5580658393366722211604605308, 1010.918, -3486.492, -2.961042, 0.001233003, 0.03962206, 53.21685, 0.8424571, 0.551697, 0.164956
 
21.7204, -0.005732737, -0.04031916, 5, 0, 0.5611866935785531019996277469, 1007.216, -3486.492, -2.961042, 0.001233003, 0.03962206, 53.12076, 0.8423132, 0.551697, 0.164956
 
21.7304, -0.005724265, -0.04037648, 5, 0, 0.5643258842143304848433278966, 1003.523, -3486.492, -2.961042, 0.001233003, 0.03962206, 53.02472, 0.8421686, 0.551697, 0.164956
 
21.7404, -0.005715986, -0.04043373, 5, 0, 0.5674854486211098667814648245, 999.8373, -3486.492, -2.961042, 0.001233003, 0.03962206, 52.92869, 0.8420233, 0.551697, 0.164956
 
21.7504, -0.005712819, -0.04049089, 5, 0, 0.5706670167005712990814814693, 996.161, -3486.492, -2.961042, 0.001233003, 0.03962206, 52.83271, 0.8418771, 0.551697, 0.164956
 
21.7604, -0.005704325, -0.04054802, 5, 0, 0.5738669211739292333860310479, 992.4932, -3486.492, -2.961042, 0.001233003, 0.03962206, 52.73678, 0.8417302, 0.551697, 0.164956
 
21.7704, -0.005694603, -0.04060506, 5, 0, 0.5770865202925905036749828895, 988.8334, -3486.492, -2.961042, 0.001233003, 0.03962206, 52.64087, 0.8415827, 0.551697, 0.164956
 
21.7804, -0.005690069, -0.040662, 5, 0, 0.5803286663844938414149620943, 985.1826, -3486.492, -2.961042, 0.001233003, 0.03962206, 52.54501, 0.8414342, 0.551697, 0.164956
 
21.7904, -0.005685138, -0.0407189, 5, 0, 0.5835914578976764702911518149, 981.5406, -3486.492, -2.961042, 0.001233003, 0.03962206, 52.4492, 0.841285, 0.551697, 0.164956
 
21.8004, -0.005676686, -0.04077575, 5, 0, 0.5868736724058810683557699327, 977.9073, -3486.492, -2.961042, 0.001233003, 0.03962206, 52.35343, 0.8411351, 0.551697, 0.164956
 
21.8104, -0.005663851, -0.04083252, 5, 0, 0.5901750382588249105614425390, 974.2816, -3486.492, -2.961042, 0.001233003, 0.03962206, 52.25768, 0.8409845, 0.551697, 0.164956
 
21.8204, -0.005657007, -0.04088916, 5, 0, 0.5934992227352881122599162463, 970.6651, -3486.492, -2.961042, 0.001233003, 0.03962206, 52.16198, 0.840833, 0.551697, 0.164956
 
21.8304, -0.005651078, -0.04094573, 5, 0, 0.5968454108844333643202696706, 967.0571, -3486.492, -2.961042, 0.001233003, 0.03962206, 52.06633, 0.8406807, 0.551697, 0.164956
 
21.8404, -0.005640598, -0.04100224, 5, 0, 0.6002112936788792358622252724, 963.4573, -3486.492, -2.961042, 0.001233003, 0.03962206, 51.9707, 0.8405277, 0.551697, 0.164956
 
21.8504, -0.005634102, -0.04105864, 5, 0, 0.6036005383974058422375296642, 959.8657, -3486.492, -2.961042, 0.001233003, 0.03962206, 51.87512, 0.8403739, 0.551697, 0.164956
 
21.8604, -0.005625359, -0.04111498, 5, 0, 0.6070100210617930851835838798, 956.2835, -3486.492, -2.961042, 0.001233003, 0.03962206, 51.77958, 0.8402193, 0.551697, 0.164956
 
21.87041, -0.005614355, -0.04117123, 5, 0, 0.6104409640983023614023701661, 952.7085, -3486.492, -2.961042, 0.001233003, 0.03962206, 51.68407, 0.8400639, 0.551697, 0.164956
 
21.88041, -0.005608346, -0.04122738, 5, 0, 0.6138959481845896773131397147, 949.1426, -3486.492, -2.961042, 0.001233003, 0.03962206, 51.5886, 0.8399077, 0.551697, 0.164956
 
21.89041, -0.005598092, -0.04128346, 5, 0, 0.6173711702167403462974591727, 945.5853, -3486.492, -2.961042, 0.001233003, 0.03962206, 51.49319, 0.8397507, 0.551697, 0.164956
 
21.90041, -0.005589173, -0.04133944, 5, 0, 0.6208696183478290293400404235, 942.0356, -3486.492, -2.961042, 0.001233003, 0.03962206, 51.39779, 0.8395929, 0.551697, 0.164956
 
21.91041, -0.005583141, -0.04139533, 5, 0, 0.6243921075286984685774050222, 938.4949, -3486.492, -2.961042, 0.001233003, 0.03962206, 51.30244, 0.8394342, 0.551697, 0.164956
 
21.92041, -0.005572002, -0.04145116, 5, 0, 0.6279348346554312608883195301, 934.9628, -3486.492, -2.961042, 0.001233003, 0.03962206, 51.20714, 0.8392748, 0.551697, 0.164956
 
21.93041, -0.005557895, -0.04150688, 5, 0, 0.6314988863291420074454790690, 931.4387, -3486.492, -2.961042, 0.001233003, 0.03962206, 51.11187, 0.8391147, 0.551697, 0.164956
 
21.94041, -0.00555266, -0.04156246, 5, 0, 0.6350898313805763164182471841, 927.9232, -3486.492, -2.961042, 0.001233003, 0.03962206, 51.01664, 0.8389536, 0.551697, 0.164956
 
21.95041, -0.005542596, -0.04161799, 5, 0, 0.6387019651538499336163734613, 924.4162, -3486.492, -2.961042, 0.001233003, 0.03962206, 50.92146, 0.8387917, 0.551697, 0.164956
 
21.96041, -0.005532691, -0.04167341, 5, 0, 0.6423373250260642813755616168, 920.9178, -3486.492, -2.961042, 0.001233003, 0.03962206, 50.82633, 0.8386289, 0.551697, 0.164956
 
21.97041, -0.005519195, -0.04172874, 5, 0, 0.6459945527458193169729425351, 917.4274, -3486.492, -2.961042, 0.001233003, 0.03962206, 50.73122, 0.8384655, 0.551697, 0.164956
 
21.98041, -0.005509175, -0.04178393, 5, 0, 0.6496769081164751429434020937, 913.9455, -3486.492, -2.961042, 0.001233003, 0.03962206, 50.63616, 0.8383011, 0.551697, 0.164956
 
21.99041, -0.005498838, -0.04183902, 5, 0, 0.6533835761871917336532188232, 910.4713, -3486.492, -2.961042, 0.001233003, 0.03962206, 50.54112, 0.8381359, 0.551697, 0.164956
 
22.00041, -0.005489764, -0.04189401, 5, 0, 0.6571145569579690891023927236, 907.0058, -3486.492, -2.961042, 0.001233003, 0.03962206, 50.44613, 0.8379698, 0.551697, 0.164956
 
22.01041, -0.00547777, -0.04194891, 5, 0, 0.6608682205271285162748808988, 903.549, -3486.492, -2.961042, 0.001233003, 0.03962206, 50.35119, 0.8378029, 0.551697, 0.164956
 
22.02041, -0.005465692, -0.04200368, 5, 0, 0.6646456534957859745947785133, 900.101, -3486.492, -2.961042, 0.001233003, 0.03962206, 50.2563, 0.8376353, 0.551697, 0.164956
 
22.03041, -0.005449987, -0.04205834, 5, 0, 0.6684461767382441592034510945, 896.6602, -3486.492, -2.961042, 0.001233003, 0.03962206, 50.16143, 0.8374668, 0.551697, 0.164956
 
22.04041, -0.005441656, -0.04211284, 5, 0, 0.6722745441344059361337406330, 893.2285, -3486.492, -2.961042, 0.001233003, 0.03962206, 50.06661, 0.8372973, 0.551697, 0.164956
 
22.05041, -0.005427201, -0.04216726, 5, 0, 0.6761254585038070640122574492, 889.8041, -3486.492, -2.961042, 0.001233003, 0.03962206, 49.97182, 0.837127, 0.551697, 0.164956
 
22.06041, -0.005416489, -0.04222153, 5, 0, 0.6800028587755090249867220215, 886.3886, -3486.492, -2.961042, 0.001233003, 0.03962206, 49.87707, 0.8369558, 0.551697, 0.164956
 
22.07041, -0.005405265, -0.0422757, 5, 0, 0.6839052508729731303133783652, 882.9815, -3486.492, -2.961042, 0.001233003, 0.03962206, 49.78237, 0.8367838, 0.551697, 0.164956
 
22.08041, -0.005387465, -0.04232975, 5, 0, 0.6878300541185365823159750752, 879.582, -3486.492, -2.961042, 0.001233003, 0.03962206, 49.6877, 0.836611, 0.551697, 0.164956
 
22.09041, -0.005377785, -0.04238363, 5, 0, 0.6917837881189195860642839068, 876.1912, -3486.492, -2.961042, 0.001233003, 0.03962206, 49.59307, 0.8364373, 0.551697, 0.164956
 
22.10041, -0.005363324, -0.0424374, 5, 0, 0.6957607482182446786250546594, 872.809, -3486.492, -2.961042, 0.001233003, 0.03962206, 49.4985, 0.8362627, 0.551697, 0.164956
 
22.11041, -0.005348474, -0.04249104, 5, 0, 0.6997637867444492332135123907, 869.4344, -3486.492, -2.961042, 0.001233003, 0.03962206, 49.40395, 0.8360872, 0.551697, 0.164956
 
22.12041, -0.005336107, -0.04254452, 5, 0, 0.7037939902986587170135525640, 866.0682, -3486.492, -2.961042, 0.001233003, 0.03962206, 49.30945, 0.8359109, 0.551697, 0.164956
 
22.13041, -0.005322264, -0.04259788, 5, 0, 0.7078504081048849506107665421, 862.7097, -3486.492, -2.961042, 0.001233003, 0.03962206, 49.21497, 0.8357335, 0.551697, 0.164956
 
22.14041, -0.005309947, -0.04265111, 5, 0, 0.7119335834636933840999021420, 859.3599, -3486.492, -2.961042, 0.001233003, 0.03962206, 49.12054, 0.8355554, 0.551697, 0.164956
 
22.15041, -0.005296404, -0.04270421, 5, 0, 0.7160428372493826378681247633, 856.0186, -3486.492, -2.961042, 0.001233003, 0.03962206, 49.02617, 0.8353763, 0.551697, 0.164956
 
22.16041, -0.005278799, -0.04275717, 5, 0, 0.7201765395602726606479914670, 852.6857, -3486.492, -2.961042, 0.001233003, 0.03962206, 48.93184, 0.8351964, 0.551697, 0.164956
 
22.17041, -0.005261186, -0.04280996, 5, 0, 0.7243369994237435250683797500, 849.3603, -3486.492, -2.961042, 0.001233003, 0.03962206, 48.83754, 0.8350157, 0.551697, 0.164956
 
22.18041, -0.005248937, -0.04286257, 5, 0, 0.7285273408180139711404885355, 846.0436, -3486.492, -2.961042, 0.001233003, 0.03962206, 48.74328, 0.8348339, 0.551697, 0.164956
 
22.19041, -0.005230676, -0.04291506, 5, 0, 0.7327422665626265487479283577, 842.7344, -3486.492, -2.961042, 0.001233003, 0.03962206, 48.64906, 0.8346514, 0.551697, 0.164956
 
22.20041, -0.005218612, -0.04296736, 5, 0, 0.7369880246140214544158971490, 839.4336, -3486.492, -2.961042, 0.001233003, 0.03962206, 48.55488, 0.8344678, 0.551697, 0.164956
 
22.21041, -0.005203101, -0.04301955, 5, 0, 0.7412594536168758092946921842, 836.1415, -3486.492, -2.961042, 0.001233003, 0.03962206, 48.46075, 0.8342834, 0.551697, 0.164956
 
22.22041, -0.005185047, -0.04307158, 5, 0, 0.7455581834728710229031564448, 832.8568, -3486.492, -2.961042, 0.001233003, 0.03962206, 48.36665, 0.834098, 0.551697, 0.164956
 
22.23041, -0.005172128, -0.04312344, 5, 0, 0.7498874739853685560275758512, 829.5806, -3486.492, -2.961042, 0.001233003, 0.03962206, 48.2726, 0.8339117, 0.551697, 0.164956
 
22.24041, -0.005154151, -0.04317516, 5, 0, 0.7542431145750242014728560167, 826.3121, -3486.492, -2.961042, 0.001233003, 0.03962206, 48.17857, 0.8337244, 0.551697, 0.164956
 
22.25041, -0.005140714, -0.0432267, 5, 0, 0.7586298591217421835232389743, 823.0519, -3486.492, -2.961042, 0.001233003, 0.03962206, 48.0846, 0.8335362, 0.551697, 0.164956
 
22.26041, -0.005125073, -0.04327811, 5, 0, 0.7630439045215996660518911146, 819.8004, -3486.492, -2.961042, 0.001233003, 0.03962206, 47.99068, 0.8333471, 0.551697, 0.164956
 
22.27041, -0.005104539, -0.04332936, 5, 0, 0.7674851149494607195407256543, 816.556, -3486.492, -2.961042, 0.001233003, 0.03962206, 47.89678, 0.8331571, 0.551697, 0.164956
 
22.28041, -0.005089233, -0.0433804, 5, 0, 0.7719577009846600434250366810, 813.3203, -3486.492, -2.961042, 0.001233003, 0.03962206, 47.80293, 0.8329661, 0.551697, 0.164956
 
22.29041, -0.00507277, -0.04343129, 5, 0, 0.7764586744741229767201123113, 810.0931, -3486.492, -2.961042, 0.001233003, 0.03962206, 47.70914, 0.8327742, 0.551697, 0.164956
 
22.30042, -0.005053052, -0.04348202, 5, 0, 0.7809885787184054617609000630, 806.8731, -3486.492, -2.961042, 0.001233003, 0.03962206, 47.61537, 0.8325813, 0.551697, 0.164956
 
22.31042, -0.005035834, -0.04353255, 5, 0, 0.7855489077940475455425559636, 803.6618, -3486.492, -2.961042, 0.001233003, 0.03962206, 47.52165, 0.8323875, 0.551697, 0.164956
 
22.32042, -0.00501745, -0.04358291, 5, 0, 0.7901381676245146140755241567, 800.459, -3486.492, -2.961042, 0.001233003, 0.03962206, 47.42799, 0.8321928, 0.551697, 0.164956
 
22.33042, -0.004997076, -0.04363308, 5, 0, 0.7947571731606385434851258552, 797.2633, -3486.492, -2.961042, 0.001233003, 0.03962206, 47.33435, 0.8319972, 0.551697, 0.164956
 
22.34042, -0.004980332, -0.04368306, 5, 0, 0.7994085050800834896990125074, 794.0762, -3486.492, -2.961042, 0.001233003, 0.03962206, 47.24076, 0.8318004, 0.551697, 0.164956
 
22.35042, -0.004961242, -0.04373286, 5, 0, 0.8040894468800520837742459670, 790.8968, -3486.492, -2.961042, 0.001233003, 0.03962206, 47.1472, 0.8316028, 0.551697, 0.164956
 
22.36042, -0.004942864, -0.04378247, 5, 0, 0.8088017642873616647477559993, 787.7257, -3486.492, -2.961042, 0.001233003, 0.03962206, 47.0537, 0.8314041, 0.551697, 0.164956
 
22.37042, -0.004922512, -0.0438319, 5, 0, 0.8135438274003294648492995797, 784.5626, -3486.492, -2.961042, 0.001233003, 0.03962206, 46.96024, 0.8312047, 0.551697, 0.164956
 
22.38042, -0.004900812, -0.04388113, 5, 0, 0.8183165869949395887390852176, 781.4073, -3486.492, -2.961042, 0.001233003, 0.03962206, 46.86681, 0.8310041, 0.551697, 0.164956
 
22.39042, -0.004883003, -0.04393014, 5, 0, 0.8231230312242721304074249675, 778.2602, -3486.492, -2.961042, 0.001233003, 0.03962206, 46.77343, 0.8308026, 0.551697, 0.164956
 
22.40042, -0.004862929, -0.04397897, 5, 0, 0.8279597644598215500415458691, 775.1215, -3486.492, -2.961042, 0.001233003, 0.03962206, 46.68011, 0.8306001, 0.551697, 0.164956
 
22.41042, -0.004840778, -0.0440276, 5, 0, 0.8328271941770160099667089136, 771.9904, -3486.492, -2.961042, 0.001233003, 0.03962206, 46.58681, 0.8303967, 0.551697, 0.164956
 
22.42042, -0.004821052, -0.044076, 5, 0, 0.8377285801792101797121998078, 768.8673, -3486.492, -2.961042, 0.001233003, 0.03962206, 46.49357, 0.8301922, 0.551697, 0.164956
 
22.43042, -0.00480072, -0.04412421, 5, 0, 0.8426612059636039738322803201, 765.7528, -3486.492, -2.961042, 0.001233003, 0.03962206, 46.40038, 0.8299868, 0.551697, 0.164956
 
22.44042, -0.004777628, -0.04417222, 5, 0, 0.8476256148307628424216982679, 762.6458, -3486.492, -2.961042, 0.001233003, 0.03962206, 46.30722, 0.8297804, 0.551697, 0.164956
 
22.45042, -0.00475729, -0.04422, 5, 0, 0.8526242516331987128732178030, 759.5468, -3486.492, -2.961042, 0.001233003, 0.03962206, 46.21411, 0.829573, 0.551697, 0.164956
 
22.46042, -0.004734474, -0.04426757, 5, 0, 0.8576552148189583166318223771, 756.4554, -3486.492, -2.961042, 0.001233003, 0.03962206, 46.12103, 0.8293645, 0.551697, 0.164956
 
22.47042, -0.004715246, -0.04431491, 5, 0, 0.8627212208908376643890500934, 753.3725, -3486.492, -2.961042, 0.001233003, 0.03962206, 46.028, 0.8291551, 0.551697, 0.164956
 
22.48042, -0.004694072, -0.04436206, 5, 0, 0.8678200966465980460397104095, 750.2975, -3486.492, -2.961042, 0.001233003, 0.03962206, 45.93502, 0.8289446, 0.551697, 0.164956
 
22.49042, -0.004668194, -0.04440901, 5, 0, 0.8729502121845580520649603438, 747.2301, -3486.492, -2.961042, 0.001233003, 0.03962206, 45.84208, 0.8287333, 0.551697, 0.164956
 
22.50042, -0.004647866, -0.04445569, 5, 0, 0.8781172721606019366550503104, 744.1711, -3486.492, -2.961042, 0.001233003, 0.03962206, 45.74919, 0.8285207, 0.551697, 0.164956
 
22.51042, -0.004623529, -0.04450217, 5, 0, 0.8833159793942654584365906300, 741.1201, -3486.492, -2.961042, 0.001233003, 0.03962206, 45.65635, 0.8283073, 0.551697, 0.164956
 
22.52042, -0.004597011, -0.0445484, 5, 0, 0.8885480996123686729493111530, 738.0766, -3486.492, -2.961042, 0.001233003, 0.03962206, 45.56354, 0.8280929, 0.551697, 0.164956
 
22.53042, -0.004573955, -0.04459437, 5, 0, 0.8938163493177143821417501961, 735.0413, -3486.492, -2.961042, 0.001233003, 0.03962206, 45.47078, 0.8278775, 0.551697, 0.164956
 
22.54042, -0.00454969, -0.04464011, 5, 0, 0.8991182836577811508613433085, 732.0144, -3486.492, -2.961042, 0.001233003, 0.03962206, 45.37809, 0.827661, 0.551697, 0.164956
 
22.55042, -0.004522136, -0.04468561, 5, 0, 0.9044540384577089833803774016, 728.9948, -3486.492, -2.961042, 0.001233003, 0.03962206, 45.28541, 0.8274436, 0.551697, 0.164956
 
22.56042, -0.004499645, -0.04473083, 5, 0, 0.9098279601219780164120336458, 725.9833, -3486.492, -2.961042, 0.001233003, 0.03962206, 45.1928, 0.827225, 0.551697, 0.164956
 
22.57042, -0.004473557, -0.04477583, 5, 0, 0.9152361097215294843113916481, 722.9793, -3486.492, -2.961042, 0.001233003, 0.03962206, 45.10021, 0.8270055, 0.551697, 0.164956
 
22.58042, -0.004451319, -0.04482057, 5, 0, 0.9206824261854194362205717161, 719.9835, -3486.492, -2.961042, 0.001233003, 0.03962206, 45.00768, 0.8267848, 0.551697, 0.164956
 
22.59042, -0.004424844, -0.04486508, 5, 0, 0.9261635138851518400866011885, 716.995, -3486.492, -2.961042, 0.001233003, 0.03962206, 44.91517, 0.8265632, 0.551697, 0.164956
 
22.60042, -0.004402378, -0.04490933, 5, 0, 0.9316835834000654700989742813, 714.0146, -3486.492, -2.961042, 0.001233003, 0.03962206, 44.82272, 0.8263404, 0.551697, 0.164956
 
22.61042, -0.00437783, -0.04495335, 5, 0, 0.9372389674513802109059443822, 711.0425, -3486.492, -2.961042, 0.001233003, 0.03962206, 44.73033, 0.8261166, 0.551697, 0.164956
 
22.62042, -0.004349045, -0.04499713, 5, 0, 0.9428289869133946828946768906, 708.0779, -3486.492, -2.961042, 0.001233003, 0.03962206, 44.63797, 0.8258919, 0.551697, 0.164956
 
22.63042, -0.004325919, -0.04504062, 5, 0, 0.9484602972179731701614306015, 705.1212, -3486.492, -2.961042, 0.001233003, 0.03962206, 44.54566, 0.8256659, 0.551697, 0.164956
 
22.64042, -0.00429978, -0.04508388, 5, 0, 0.9541266504086700431754074119, 702.1729, -3486.492, -2.961042, 0.001233003, 0.03962206, 44.45341, 0.825439, 0.551697, 0.164956
 
22.65042, -0.004269255, -0.04512688, 5, 0, 0.9598285897860507520313551390, 699.2317, -3486.492, -2.961042, 0.001233003, 0.03962206, 44.36119, 0.8252111, 0.551697, 0.164956
 
22.66042, -0.004244081, -0.04516957, 5, 0, 0.9655714125305700303428631629, 696.2989, -3486.492, -2.961042, 0.001233003, 0.03962206, 44.26902, 0.824982, 0.551697, 0.164956
 
22.67042, -0.004214566, -0.04521201, 5, 0, 0.9713507722377531744023504845, 693.3732, -3486.492, -2.961042, 0.001233003, 0.03962206, 44.17689, 0.824752, 0.551697, 0.164956
 
22.68042, -0.004189493, -0.04525416, 5, 0, 0.9771712869623562547133719689, 690.4557, -3486.492, -2.961042, 0.001233003, 0.03962206, 44.08481, 0.8245208, 0.551697, 0.164956
 
22.69042, -0.004161472, -0.04529605, 5, 0, 0.9830287461250404970864334002, 687.5463, -3486.492, -2.961042, 0.001233003, 0.03962206, 43.99279, 0.8242885, 0.551697, 0.164956
 
22.70042, -0.004131314, -0.04533767, 5, 0, 0.9889246438023459485166908057, 684.6442, -3486.492, -2.961042, 0.001233003, 0.03962206, 43.9008, 0.8240553, 0.551697, 0.164956
 
22.71042, -0.00410425, -0.04537898, 5, 0, 0.9948614248467926859053085935, 681.7502, -3486.492, -2.961042, 0.001233003, 0.03962206, 43.80887, 0.8238209, 0.551697, 0.164956
 
22.72042, -0.004075146, -0.04542002, 5, 0, 1.0008375951818406622571307365, 678.8636, -3486.492, -2.961042, 0.001233003, 0.03962206, 43.71696, 0.8235854, 0.551697, 0.164956
 
22.73042, -0.004047906, -0.04546077, 5, 0, 1.0068547847091699288396001734, 675.9851, -3486.492, -2.961042, 0.001233003, 0.03962206, 43.62512, 0.8233488, 0.551697, 0.164956
 
22.74043, -0.004018863, -0.04550125, 5, 0, 1.0129109560516790633170131880, 673.1146, -3486.492, -2.961042, 0.001233003, 0.03962206, 43.53333, 0.8231112, 0.551697, 0.164956
 
22.75043, -0.003985787, -0.04554144, 5, 0, 1.0190055659088121233544222623, 670.2513, -3486.492, -2.961042, 0.001233003, 0.03962206, 43.44157, 0.8228726, 0.551697, 0.164956
 
22.76043, -0.003958605, -0.0455813, 5, 0, 1.0251444547615852179059644654, 667.3962, -3486.492, -2.961042, 0.001233003, 0.03962206, 43.34988, 0.8226327, 0.551697, 0.164956
 
22.77043, -0.003928862, -0.04562088, 5, 0, 1.0313228687300995556929979352, 664.5491, -3486.492, -2.961042, 0.001233003, 0.03962206, 43.25824, 0.8223918, 0.551697, 0.164956
 
22.78043, -0.00389453, -0.04566017, 5, 0, 1.0375397212132351025372273792, 661.7094, -3486.492, -2.961042, 0.001233003, 0.03962206, 43.16663, 0.8221499, 0.551697, 0.164956
 
22.79043, -0.003865137, -0.04569911, 5, 0, 1.0438007168668720378747030832, 658.8777, -3486.492, -2.961042, 0.001233003, 0.03962206, 43.07508, 0.8219069, 0.551697, 0.164956
 
22.80043, -0.003832496, -0.04573776, 5, 0, 1.0501030033630702719873999044, 656.0532, -3486.492, -2.961042, 0.001233003, 0.03962206, 42.98356, 0.8216628, 0.551697, 0.164956
 
22.81043, -0.003804154, -0.04577609, 5, 0, 1.0564505196308899287716382781, 653.2366, -3486.492, -2.961042, 0.001233003, 0.03962206, 42.8921, 0.8214175, 0.551697, 0.164956
 
22.82043, -0.003772479, -0.04581413, 5, 0, 1.0628382401401508501528024765, 650.4283, -3486.492, -2.961042, 0.001233003, 0.03962206, 42.8007, 0.821171, 0.551697, 0.164956
 
22.83043, -0.003737541, -0.04585186, 5, 0, 1.0692667081914116949686401029, 647.627, -3486.492, -2.961042, 0.001233003, 0.03962206, 42.70933, 0.8209237, 0.551697, 0.164956
 
22.84043, -0.003706523, -0.04588923, 5, 0, 1.0757410851399980585716539679, 644.8337, -3486.492, -2.961042, 0.001233003, 0.03962206, 42.61802, 0.8206751, 0.551697, 0.164956
 
22.85043, -0.00367237, -0.0459263, 5, 0, 1.0822571604065616590125495566, 642.0478, -3486.492, -2.961042, 0.001233003, 0.03962206, 42.52674, 0.8204255, 0.551697, 0.164956
 
22.86043, -0.003642122, -0.04596302, 5, 0, 1.0888199595212880873715427679, 639.2698, -3486.492, -2.961042, 0.001233003, 0.03962206, 42.43552, 0.8201746, 0.551697, 0.164956
 
22.87043, -0.003610321, -0.04599945, 5, 0, 1.0954255435551158615009131236, 636.5, -3486.492, -2.961042, 0.001233003, 0.03962206, 42.34437, 0.8199226, 0.551697, 0.164956
 
22.88043, -0.003574677, -0.04603555, 5, 0, 1.1020740483331849856729475352, 633.7371, -3486.492, -2.961042, 0.001233003, 0.03962206, 42.25324, 0.8196696, 0.551697, 0.164956
 
22.89043, -0.003543136, -0.04607129, 5, 0, 1.1087695486096955880562533498, 630.9823, -3486.492, -2.961042, 0.001233003, 0.03962206, 42.16218, 0.8194155, 0.551697, 0.164956
 
22.90043, -0.003507602, -0.04610673, 5, 0, 1.1155082412807275490267970435, 628.2349, -3486.492, -2.961042, 0.001233003, 0.03962206, 42.07115, 0.8191602, 0.551697, 0.164956
 
22.91043, -0.003476091, -0.0461418, 5, 0, 1.1222955593518810394760550790, 625.4951, -3486.492, -2.961042, 0.001233003, 0.03962206, 41.98018, 0.8189037, 0.551697, 0.164956
 
22.92043, -0.003442744, -0.04617656, 5, 0, 1.1291268847683972723976725058, 622.7636, -3486.492, -2.961042, 0.001233003, 0.03962206, 41.88927, 0.8186461, 0.551697, 0.164956
 
22.93043, -0.003404857, -0.04621099, 5, 0, 1.1360016742297121559483015493, 620.0391, -3486.492, -2.961042, 0.001233003, 0.03962206, 41.7984, 0.8183875, 0.551697, 0.164956
 
22.94043, -0.003370936, -0.04624504, 5, 0, 1.1429253607414312940250188433, 617.3226, -3486.492, -2.961042, 0.001233003, 0.03962206, 41.70758, 0.8181276, 0.551697, 0.164956
 
22.95043, -0.003332962, -0.04627875, 5, 0, 1.1498930545985090998198954003, 614.6132, -3486.492, -2.961042, 0.001233003, 0.03962206, 41.6168, 0.8178668, 0.551697, 0.164956
 
22.96043, -0.003298664, -0.04631208, 5, 0, 1.1569108679322498403400423692, 611.9117, -3486.492, -2.961042, 0.001233003, 0.03962206, 41.52608, 0.8176047, 0.551697, 0.164956
 
22.97043, -0.003264054, -0.04634507, 5, 0, 1.1639751334638734002337131375, 609.2182, -3486.492, -2.961042, 0.001233003, 0.03962206, 41.43542, 0.8173414, 0.551697, 0.164956
 
22.98043, -0.003225102, -0.04637771, 5, 0, 1.1710847645922543123170122418, 606.5319, -3486.492, -2.961042, 0.001233003, 0.03962206, 41.3448, 0.8170772, 0.551697, 0.164956
 
22.99043, -0.003190077, -0.04640996, 5, 0, 1.1782447868475795259215556239, 603.8533, -3486.492, -2.961042, 0.001233003, 0.03962206, 41.25424, 0.8168117, 0.551697, 0.164956
 
23.00043, -0.003152111, -0.04644186, 5, 0, 1.1854528912024676101670657442, 601.1818, -3486.492, -2.961042, 0.001233003, 0.03962206, 41.16371, 0.816545, 0.551697, 0.164956
 
23.01043, -0.003117169, -0.04647338, 5, 0, 1.1927109792088759083627592794, 598.5184, -3486.492, -2.961042, 0.001233003, 0.03962206, 41.07325, 0.8162772, 0.551697, 0.164956
 
23.02043, -0.003079827, -0.04650455, 5, 0, 1.2000159268885843222460372633, 595.863, -3486.492, -2.961042, 0.001233003, 0.03962206, 40.98285, 0.8160083, 0.551697, 0.164956
 
23.03043, -0.003039351, -0.04653535, 5, 0, 1.2073689566678569650216820282, 593.2145, -3486.492, -2.961042, 0.001233003, 0.03962206, 40.89248, 0.8157383, 0.551697, 0.164956
 
23.04043, -0.003002475, -0.04656575, 5, 0, 1.2147740074757485275804138387, 590.5739, -3486.492, -2.961042, 0.001233003, 0.03962206, 40.80218, 0.8154671, 0.551697, 0.164956
 
23.05043, -0.00296356, -0.04659577, 5, 0, 1.2222286344597430077752684148, 587.9405, -3486.492, -2.961042, 0.001233003, 0.03962206, 40.71191, 0.8151947, 0.551697, 0.164956
 
23.06043, -0.002927381, -0.04662541, 5, 0, 1.2297355541226404910519839879, 585.315, -3486.492, -2.961042, 0.001233003, 0.03962206, 40.6217, 0.8149211, 0.551697, 0.164956
 
23.07043, -0.002889137, -0.04665468, 5, 0, 1.2372920499616381754620222411, 582.6973, -3486.492, -2.961042, 0.001233003, 0.03962206, 40.53156, 0.8146464, 0.551697, 0.164956
 
23.08043, -0.002846338, -0.04668357, 5, 0, 1.2448963562499173637170533667, 580.0866, -3486.492, -2.961042, 0.001233003, 0.03962206, 40.44146, 0.8143707, 0.551697, 0.164956
 
23.09043, -0.002808998, -0.04671203, 5, 0, 1.2525562150204569410860312815, 577.4839, -3486.492, -2.961042, 0.001233003, 0.03962206, 40.35142, 0.8140936, 0.551697, 0.164956
 
23.10043, -0.002767203, -0.04674012, 5, 0, 1.2602649708413994147296974040, 574.8882, -3486.492, -2.961042, 0.001233003, 0.03962206, 40.26142, 0.8138156, 0.551697, 0.164956
 
23.11043, -0.002729366, -0.04676779, 5, 0, 1.2680296866200250068069711358, 572.3003, -3486.492, -2.961042, 0.001233003, 0.03962206, 40.17148, 0.8135362, 0.551697, 0.164956
 
23.12043, -0.002689791, -0.04679509, 5, 0, 1.2758456084764322095364105293, 569.7202, -3486.492, -2.961042, 0.001233003, 0.03962206, 40.0816, 0.8132557, 0.551697, 0.164956
 
23.13043, -0.002645666, -0.04682199, 5, 0, 1.2837108348586582466031987371, 567.1472, -3486.492, -2.961042, 0.001233003, 0.03962206, 39.99176, 0.8129742, 0.551697, 0.164956
 
23.14043, -0.002605679, -0.04684844, 5, 0, 1.2916325644991274191927422004, 564.582, -3486.492, -2.961042, 0.001233003, 0.03962206, 39.90199, 0.8126914, 0.551697, 0.164956
 
23.15043, -0.002563161, -0.0468745, 5, 0, 1.2996065868184982366127466180, 562.024, -3486.492, -2.961042, 0.001233003, 0.03962206, 39.81226, 0.8124075, 0.551697, 0.164956
 
23.16043, -0.002524775, -0.04690013, 5, 0, 1.3076386064726495200478622330, 559.4737, -3486.492, -2.961042, 0.001233003, 0.03962206, 39.72259, 0.8121223, 0.551697, 0.164956
 
23.17043, -0.002483677, -0.04692538, 5, 0, 1.3157227829805638022925519334, 556.9311, -3486.492, -2.961042, 0.001233003, 0.03962206, 39.63298, 0.811836, 0.551697, 0.164956
 
23.18044, -0.002439376, -0.04695021, 5, 0, 1.3238602029433611175251110117, 554.3955, -3486.492, -2.961042, 0.001233003, 0.03962206, 39.54342, 0.8115486, 0.551697, 0.164956
 
23.19044, -0.002398954, -0.04697461, 5, 0, 1.3320557560660802612964682417, 551.8678, -3486.492, -2.961042, 0.001233003, 0.03962206, 39.45392, 0.8112599, 0.551697, 0.164956
 
23.20044, -0.002353814, -0.0469986, 5, 0, 1.3403038735179783419400601637, 549.3471, -3486.492, -2.961042, 0.001233003, 0.03962206, 39.36446, 0.8109702, 0.551697, 0.164956
 
23.21044, -0.002311801, -0.04702213, 5, 0, 1.3486099883046582468501633258, 546.8343, -3486.492, -2.961042, 0.001233003, 0.03962206, 39.27506, 0.8106792, 0.551697, 0.164956
 
23.22044, -0.002270557, -0.04704525, 5, 0, 1.3569732854752826668958563440, 544.3291, -3486.492, -2.961042, 0.001233003, 0.03962206, 39.18573, 0.8103871, 0.551697, 0.164956
 
23.23044, -0.002224799, -0.04706796, 5, 0, 1.3653903694013474205157663011, 541.8309, -3486.492, -2.961042, 0.001233003, 0.03962206, 39.09644, 0.8100938, 0.551697, 0.164956
 
23.24044, -0.002182163, -0.04709021, 5, 0, 1.3738685746404140966647864644, 539.3404, -3486.492, -2.961042, 0.001233003, 0.03962206, 39.00722, 0.8097993, 0.551697, 0.164956
 
23.25044, -0.002136744, -0.04711203, 5, 0, 1.3824011099354824817285712554, 536.857, -3486.492, -2.961042, 0.001233003, 0.03962206, 38.91804, 0.8095037, 0.551697, 0.164956
 
23.26044, -0.002094401, -0.0471334, 5, 0, 1.3909947665435527893214662527, 534.3813, -3486.492, -2.961042, 0.001233003, 0.03962206, 38.82893, 0.8092068, 0.551697, 0.164956
 
23.27044, -0.002049593, -0.04715434, 5, 0, 1.3996454697104248912748641091, 531.9135, -3486.492, -2.961042, 0.001233003, 0.03962206, 38.73988, 0.8089088, 0.551697, 0.164956
 
23.28044, -0.002002792, -0.04717484, 5, 0, 1.4083532194360987875887648247, 529.4523, -3486.492, -2.961042, 0.001233003, 0.03962206, 38.65087, 0.8086097, 0.551697, 0.164956
 
23.29044, -0.001958549, -0.04719486, 5, 0, 1.4171234487261746491546448622, 526.999, -3486.492, -2.961042, 0.001233003, 0.03962206, 38.56193, 0.8083093, 0.551697, 0.164956
 
23.30044, -0.001912085, -0.04721445, 5, 0, 1.4259507245750523050810277589, 524.5528, -3486.492, -2.961042, 0.001233003, 0.03962206, 38.47303, 0.8080079, 0.551697, 0.164956
 
23.31044, -0.001868709, -0.04723357, 5, 0, 1.4348418382397319689822590932, 522.1141, -3486.492, -2.961042, 0.001233003, 0.03962206, 38.3842, 0.8077051, 0.551697, 0.164956
 
23.32044, -0.001821433, -0.04725226, 5, 0, 1.4437913567146134699668624024, 519.6826, -3486.492, -2.961042, 0.001233003, 0.03962206, 38.29542, 0.8074012, 0.551697, 0.164956
 
23.33044, -0.001776415, -0.04727047, 5, 0, 1.4528033547538969362034450335, 517.2585, -3486.492, -2.961042, 0.001233003, 0.03962206, 38.2067, 0.8070961, 0.551697, 0.164956
 
23.34044, -0.001730685, -0.04728824, 5, 0, 1.4618751158547822822462687551, 514.8422, -3486.492, -2.961042, 0.001233003, 0.03962206, 38.11805, 0.8067899, 0.551697, 0.164956
 
23.35044, -0.001681008, -0.04730554, 5, 0, 1.4710079982686695508182026830, 512.4329, -3486.492, -2.961042, 0.001233003, 0.03962206, 38.02944, 0.8064826, 0.551697, 0.164956
 
23.36044, -0.001635673, -0.04732235, 5, 0, 1.4802060767497588700878541642, 510.0311, -3486.492, -2.961042, 0.001233003, 0.03962206, 37.94091, 0.8061739, 0.551697, 0.164956
 
23.37044, -0.001587521, -0.04733871, 5, 0, 1.4894652765438501118866158517, 507.6363, -3486.492, -2.961042, 0.001233003, 0.03962206, 37.85241, 0.8058642, 0.551697, 0.164956
 
23.38044, -0.001541849, -0.04735458, 5, 0, 1.4987896724051434043830950924, 505.2491, -3486.492, -2.961042, 0.001233003, 0.03962206, 37.76399, 0.8055532, 0.551697, 0.164956
 
23.39044, -0.001494715, -0.04737, 5, 0, 1.5081765478308386621315536551, 502.8698, -3486.492, -2.961042, 0.001233003, 0.03962206, 37.67563, 0.8052411, 0.551697, 0.164956
 
23.40044, -0.001444419, -0.04738495, 5, 0, 1.5176259028209358851319915398, 500.4971, -3486.492, -2.961042, 0.001233003, 0.03962206, 37.58732, 0.8049278, 0.551697, 0.164956
 
23.41044, -0.001397106, -0.04739939, 5, 0, 1.5271404538782351588301469777, 498.1322, -3486.492, -2.961042, 0.001233003, 0.03962206, 37.49908, 0.8046134, 0.551697, 0.164956
 
23.42044, -0.001347193, -0.04741336, 5, 0, 1.5367202010027364832260199690, 495.7743, -3486.492, -2.961042, 0.001233003, 0.03962206, 37.41088, 0.8042978, 0.551697, 0.164956
 
23.43044, -0.00129976, -0.04742683, 5, 0, 1.5463678606972399437653487450, 493.4238, -3486.492, -2.961042, 0.001233003, 0.03962206, 37.32276, 0.8039809, 0.551697, 0.164956
 
23.44044, -0.00125131, -0.04743983, 5, 0, 1.5560793582075454122795259586, 491.081, -3486.492, -2.961042, 0.001233003, 0.03962206, 37.23471, 0.803663, 0.551697, 0.164956
 
23.45044, -0.001199498, -0.04745234, 5, 0, 1.5658560517850529314914207256, 488.7451, -3486.492, -2.961042, 0.001233003, 0.03962206, 37.1467, 0.8033438, 0.551697, 0.164956
 
23.46044, -0.001152797, -0.04746434, 5, 0, 1.5757020161839626295696403929, 486.4168, -3486.492, -2.961042, 0.001233003, 0.03962206, 37.05877, 0.8030235, 0.551697, 0.164956
 
23.47044, -0.001100354, -0.04747587, 5, 0, 1.5856131766500743783455776136, 484.0953, -3486.492, -2.961042, 0.001233003, 0.03962206, 36.97087, 0.8027021, 0.551697, 0.164956
 
23.48044, -0.00105154, -0.04748687, 5, 0, 1.5955963244403883914335779660, 481.7814, -3486.492, -2.961042, 0.001233003, 0.03962206, 36.88305, 0.8023793, 0.551697, 0.164956
 
23.49044, -0.001001861, -0.04749739, 5, 0, 1.6056433100465044124964267561, 479.4751, -3486.492, -2.961042, 0.001233003, 0.03962206, 36.79531, 0.8020555, 0.551697, 0.164956
 
23.50044, -0.0009485947, -0.04750741, 5, 0, 1.6157582082226225697027313309, 477.1757, -3486.492, -2.961042, 0.001233003, 0.03962206, 36.70761, 0.8017306, 0.551697, 0.164956
 
23.51044, -0.0008992877, -0.04751689, 5, 0, 1.6259464519743430339439681532, 474.8838, -3486.492, -2.961042, 0.001233003, 0.03962206, 36.61998, 0.8014045, 0.551697, 0.164956
 
23.52044, -0.0008471593, -0.04752588, 5, 0, 1.6362012500446655916057916445, 472.5988, -3486.492, -2.961042, 0.001233003, 0.03962206, 36.5324, 0.8010772, 0.551697, 0.164956
 
23.53044, -0.0007984164, -0.04753435, 5, 0, 1.6465307519419904990254164990, 470.3214, -3486.492, -2.961042, 0.001233003, 0.03962206, 36.4449, 0.8007486, 0.551697, 0.164956
 
23.54044, -0.0007468036, -0.04754234, 5, 0, 1.6569281664093175425884971382, 468.0514, -3486.492, -2.961042, 0.001233003, 0.03962206, 36.35746, 0.800419, 0.551697, 0.164956
 
23.55044, -0.0006931481, -0.04754981, 5, 0, 1.6673948516980467650179026778, 465.7883, -3486.492, -2.961042, 0.001233003, 0.03962206, 36.27008, 0.8000883, 0.551697, 0.164956
 
23.56044, -0.0006425495, -0.04755674, 5, 0, 1.6779362408137783372051095806, 463.5327, -3486.492, -2.961042, 0.001233003, 0.03962206, 36.18277, 0.7997563, 0.551697, 0.164956
 
23.57044, -0.0005877427, -0.04756317, 5, 0, 1.6885469007509120882586413838, 461.284, -3486.492, -2.961042, 0.001233003, 0.03962206, 36.09551, 0.7994232, 0.551697, 0.164956
 
23.58044, -0.0005376366, -0.04756904, 5, 0, 1.6992349810178482745157127815, 459.0428, -3486.492, -2.961042, 0.001233003, 0.03962206, 36.00832, 0.7990889, 0.551697, 0.164956
 
23.59044, -0.0004837537, -0.04757442, 5, 0, 1.7099923321061866396391090797, 456.8086, -3486.492, -2.961042, 0.001233003, 0.03962206, 35.9212, 0.7987536, 0.551697, 0.164956
 
23.60044, -0.000431357, -0.04757926, 5, 0, 1.7208257452729273972431758567, 454.5818, -3486.492, -2.961042, 0.001233003, 0.03962206, 35.83414, 0.798417, 0.551697, 0.164956
 
23.61045, -0.0003794812, -0.04758357, 5, 0, 1.7317352205180705473279131126, 452.3622, -3486.492, -2.961042, 0.001233003, 0.03962206, 35.74715, 0.7980792, 0.551697, 0.164956
 
23.62045, -0.000326404, -0.04758737, 5, 0, 1.7427180413388160044475826160, 450.1499, -3486.492, -2.961042, 0.001233003, 0.03962206, 35.66022, 0.7977403, 0.551697, 0.164956
 
23.63045, -0.000273152, -0.04759063, 5, 0, 1.7537769242379638540479225983, 447.9446, -3486.492, -2.961042, 0.001233003, 0.03962206, 35.57336, 0.7974002, 0.551697, 0.164956
 
23.64045, -0.0002200746, -0.04759336, 5, 0, 1.7649118692155140961289330595, 445.7466, -3486.492, -2.961042, 0.001233003, 0.03962206, 35.48656, 0.7970591, 0.551697, 0.164956
 
23.65045, -0.0001648234, -0.04759556, 5, 0, 1.7761215180200666879677448838, 443.5557, -3486.492, -2.961042, 0.001233003, 0.03962206, 35.39983, 0.7967167, 0.551697, 0.164956
 
23.66045, -0.0001104494, -0.04759721, 5, 0, 1.7874085871544217150100963027, 441.3721, -3486.492, -2.961042, 0.001233003, 0.03962206, 35.31316, 0.7963733, 0.551697, 0.164956
 
23.67045, -5.633102E-05, -0.04759831, 5, 0, 1.7987744348699792199788564319, 439.1955, -3486.492, -2.961042, 0.001233003, 0.03962206, 35.22657, 0.7960287, 0.551697, 0.164956
 
23.68045, -2.330426E-06, -0.04759888, 5, 0, 1.8102177029153391601511561556, 437.0262, -3486.492, -2.961042, 0.001233003, 0.03962206, 35.14003, 0.795683, 0.551697, 0.164956
 
23.69045, 5.283385E-05, -0.0475989, 5, 0, 1.8217397495419015782498645896, 434.864, -3486.492, -2.961042, 0.001233003, 0.03962206, 35.05357, 0.7953361, 0.551697, 0.164956
 
23.70045, 0.0001069877, -0.04759837, 5, 0, 1.8333405747496664742749817339, 432.7091, -3486.492, -2.961042, 0.001233003, 0.03962206, 34.96718, 0.7949882, 0.551697, 0.164956
 
23.71045, 0.0001623524, -0.0475973, 5, 0, 1.8450228950414339336722458198, 430.5611, -3486.492, -2.961042, 0.001233003, 0.03962206, 34.88085, 0.7946391, 0.551697, 0.164956
 
23.72045, 0.0002180386, -0.04759568, 5, 0, 1.8567839939144038709959186160, 428.4204, -3486.492, -2.961042, 0.001233003, 0.03962206, 34.7946, 0.7942888, 0.551697, 0.164956
 
23.73045, 0.0002731008, -0.0475935, 5, 0, 1.8686252296199763289688692381, 426.287, -3486.492, -2.961042, 0.001233003, 0.03962206, 34.70841, 0.7939375, 0.551697, 0.164956
 
23.74045, 0.0003283267, -0.04759077, 5, 0, 1.8805506769123514357597050333, 424.1606, -3486.492, -2.961042, 0.001233003, 0.03962206, 34.62229, 0.793585, 0.551697, 0.164956
 
23.75045, 0.0003840285, -0.04758748, 5, 0, 1.8925562610373290631998186545, 422.0413, -3486.492, -2.961042, 0.001233003, 0.03962206, 34.53624, 0.7932315, 0.551697, 0.164956
 
23.76045, 0.0004402419, -0.04758364, 5, 0, 1.9046446984977092967349483329, 419.9291, -3486.492, -2.961042, 0.001233003, 0.03962206, 34.45026, 0.7928768, 0.551697, 0.164956
 
23.77045, 0.0004958659, -0.04757924, 5, 0, 1.9168187057962922218108323002, 417.8241, -3486.492, -2.961042, 0.001233003, 0.03962206, 34.36435, 0.7925209, 0.551697, 0.164956
 
23.78045, 0.0005515683, -0.04757428, 5, 0, 1.9290742081788777102588632090, 415.7262, -3486.492, -2.961042, 0.001233003, 0.03962206, 34.27851, 0.792164, 0.551697, 0.164956
 
23.79045, 0.0006074781, -0.04756876, 5, 0, 1.9414152803996658902476484067, 413.6353, -3486.492, -2.961042, 0.001233003, 0.03962206, 34.19274, 0.791806, 0.551697, 0.164956
 
23.80045, 0.0006647346, -0.04756269, 5, 0, 1.9538405642072567190543187773, 411.5516, -3486.492, -2.961042, 0.001233003, 0.03962206, 34.10705, 0.7914469, 0.551697, 0.164956
 
23.81045, 0.0007215636, -0.04755604, 5, 0, 1.9663514178530502394017434367, 409.4749, -3486.492, -2.961042, 0.001233003, 0.03962206, 34.02142, 0.7910868, 0.551697, 0.164956
 
23.82045, 0.0007781969, -0.04754883, 5, 0, 1.9789491995884464940127915005, 407.4054, -3486.492, -2.961042, 0.001233003, 0.03962206, 33.93586, 0.7907255, 0.551697, 0.164956
 
23.83045, 0.0008347181, -0.04754104, 5, 0, 1.9916339094134454828874629688, 405.343, -3486.492, -2.961042, 0.001233003, 0.03962206, 33.85039, 0.7903631, 0.551697, 0.164956
 
23.84045, 0.0008917412, -0.0475327, 5, 0, 2.0044055473280472060257578414, 403.2877, -3486.492, -2.961042, 0.001233003, 0.03962206, 33.76498, 0.7899997, 0.551697, 0.164956
 
23.85045, 0.0009487904, -0.04752378, 5, 0, 2.0172641133322516634276761186, 401.2394, -3486.492, -2.961042, 0.001233003, 0.03962206, 33.67965, 0.7896352, 0.551697, 0.164956
 
23.86045, 0.001006933, -0.04751429, 5, 0, 2.0302123239288589405389560315, 399.1981, -3486.492, -2.961042, 0.001233003, 0.03962206, 33.59438, 0.7892696, 0.551697, 0.164956
 
23.87045, 0.001063292, -0.04750422, 5, 0, 2.0432515373692690800824666959, 397.1639, -3486.492, -2.961042, 0.001233003, 0.03962206, 33.50919, 0.7889029, 0.551697, 0.164956
 
23.88045, 0.001120871, -0.04749359, 5, 0, 2.0563817536534820820582081119, 395.1368, -3486.492, -2.961042, 0.001233003, 0.03962206, 33.42408, 0.7885351, 0.551697, 0.164956
 
23.89045, 0.001178834, -0.04748238, 5, 0, 2.0695988980272978182975729322, 393.1167, -3486.492, -2.961042, 0.001233003, 0.03962206, 33.33904, 0.7881663, 0.551697, 0.164956
 
23.90045, 0.001236507, -0.04747059, 5, 0, 2.0829084034963164596920376198, 391.1037, -3486.492, -2.961042, 0.001233003, 0.03962206, 33.25408, 0.7877965, 0.551697, 0.164956
 
23.91045, 0.001295014, -0.04745823, 5, 0, 2.0963089118091379635187330589, 389.0977, -3486.492, -2.961042, 0.001233003, 0.03962206, 33.16919, 0.7874256, 0.551697, 0.164956
 
23.92045, 0.001353212, -0.04744528, 5, 0, 2.1098017812171623725005283652, 387.0987, -3486.492, -2.961042, 0.001233003, 0.03962206, 33.08437, 0.7870537, 0.551697, 0.164956
 
23.93045, 0.001411058, -0.04743175, 5, 0, 2.1233897282231897720831617701, 385.1068, -3486.492, -2.961042, 0.001233003, 0.03962206, 32.99964, 0.7866807, 0.551697, 0.164956
 
23.94045, 0.001468601, -0.04741764, 5, 0, 2.1370713945758201195437641579, 383.1219, -3486.492, -2.961042, 0.001233003, 0.03962206, 32.91497, 0.7863067, 0.551697, 0.164956
 
23.95045, 0.001526659, -0.04740295, 5, 0, 2.1508467802750534148823355286, 381.1439, -3486.492, -2.961042, 0.001233003, 0.03962206, 32.83039, 0.7859316, 0.551697, 0.164956
 
23.96045, 0.001585246, -0.04738769, 5, 0, 2.1647172435722897008217449979, 379.173, -3486.492, -2.961042, 0.001233003, 0.03962206, 32.74588, 0.7855555, 0.551697, 0.164956
 
23.97045, 0.001643808, -0.04737183, 5, 0, 2.1786827844675289773619925658, 377.2091, -3486.492, -2.961042, 0.001233003, 0.03962206, 32.66145, 0.7851785, 0.551697, 0.164956
 
23.98045, 0.00170208, -0.04735539, 5, 0, 2.1927447612121712872259473480, 375.2522, -3486.492, -2.961042, 0.001233003, 0.03962206, 32.5771, 0.7848004, 0.551697, 0.164956
 
23.99045, 0.001760314, -0.04733837, 5, 0, 2.2069045320576166731364784602, 373.3023, -3486.492, -2.961042, 0.001233003, 0.03962206, 32.49283, 0.7844213, 0.551697, 0.164956
 
24.00045, 0.001819037, -0.04732077, 5, 0, 2.2211620970038651350935859023, 371.3595, -3486.492, -2.961042, 0.001233003, 0.03962206, 32.40864, 0.7840412, 0.551697, 0.164956
 
24.01045, 0.001878117, -0.04730258, 5, 0, 2.2355174560509166730972696744, 369.4235, -3486.492, -2.961042, 0.001233003, 0.03962206, 32.32452, 0.7836601, 0.551697, 0.164956
 
24.02045, 0.001936091, -0.0472838, 5, 0, 2.2499733257015713725932680079, 367.4945, -3486.492, -2.961042, 0.001233003, 0.03962206, 32.24049, 0.783278, 0.551697, 0.164956
 
24.03045, 0.001994942, -0.04726444, 5, 0, 2.2645283477044291908587117871, 365.5725, -3486.492, -2.961042, 0.001233003, 0.03962206, 32.15654, 0.7828949, 0.551697, 0.164956
 
24.04045, 0.002054246, -0.04724449, 5, 0, 2.2791838803108901706164701277, 363.6574, -3486.492, -2.961042, 0.001233003, 0.03962206, 32.07267, 0.7825108, 0.551697, 0.164956
 
24.05046, 0.002112458, -0.04722395, 5, 0, 2.2939412817723543545894121453, 361.7493, -3486.492, -2.961042, 0.001233003, 0.03962206, 31.98887, 0.7821258, 0.551697, 0.164956
 
24.06046, 0.002171422, -0.04720282, 5, 0, 2.3087991938374217000546687243, 359.8482, -3486.492, -2.961042, 0.001233003, 0.03962206, 31.90516, 0.7817398, 0.551697, 0.164956
 
24.07046, 0.002230693, -0.04718111, 5, 0, 2.3237603330088922924579780960, 357.9539, -3486.492, -2.961042, 0.001233003, 0.03962206, 31.82153, 0.7813528, 0.551697, 0.164956
 
24.08046, 0.002289768, -0.0471588, 5, 0, 2.3388246992867661317993402605, 356.0667, -3486.492, -2.961042, 0.001233003, 0.03962206, 31.73798, 0.7809649, 0.551697, 0.164956
 
24.09046, 0.002348238, -0.0471359, 5, 0, 2.3539950091738433035244934492, 354.1863, -3486.492, -2.961042, 0.001233003, 0.03962206, 31.65452, 0.7805761, 0.551697, 0.164956
 
24.10046, 0.002407034, -0.04711242, 5, 0, 2.3692685461673237221876994306, 352.3129, -3486.492, -2.961042, 0.001233003, 0.03962206, 31.57114, 0.7801862, 0.551697, 0.164956
 
24.11046, 0.002465141, -0.04708835, 5, 0, 2.3846480267700074732346964362, 350.4465, -3486.492, -2.961042, 0.001233003, 0.03962206, 31.48784, 0.7797955, 0.551697, 0.164956
 
24.12046, 0.002524984, -0.0470637, 5, 0, 2.4001348092332945993883535816, 348.5868, -3486.492, -2.961042, 0.001233003, 0.03962206, 31.40462, 0.7794038, 0.551697, 0.164956
 
24.13046, 0.002583743, -0.04703845, 5, 0, 2.4157275353057850579258017511, 346.7341, -3486.492, -2.961042, 0.001233003, 0.03962206, 31.32149, 0.7790112, 0.551697, 0.164956
 
24.14046, 0.00264271, -0.04701261, 5, 0, 2.4314275632388788915699100605, 344.8883, -3486.492, -2.961042, 0.001233003, 0.03962206, 31.23845, 0.7786177, 0.551697, 0.164956
 
24.15046, 0.002701497, -0.04698618, 5, 0, 2.4472362512839897255575480527, 343.0495, -3486.492, -2.961042, 0.001233003, 0.03962206, 31.15549, 0.7782233, 0.551697, 0.164956
 
24.16046, 0.002760003, -0.04695917, 5, 0, 2.4631563159438633152784522501, 341.2175, -3486.492, -2.961042, 0.001233003, 0.03962206, 31.07261, 0.777828, 0.551697, 0.164956
 
24.17046, 0.002818642, -0.04693156, 5, 0, 2.4791850407157674878568865575, 339.3923, -3486.492, -2.961042, 0.001233003, 0.03962206, 30.98983, 0.7774318, 0.551697, 0.164956
 
24.18046, 0.0028776, -0.04690338, 5, 0, 2.4953251421024751637105883518, 337.5741, -3486.492, -2.961042, 0.001233003, 0.03962206, 30.90713, 0.7770347, 0.551697, 0.164956
 
24.19046, 0.002936748, -0.04687461, 5, 0, 2.5115766201039863428395576331, 335.7626, -3486.492, -2.961042, 0.001233003, 0.03962206, 30.82451, 0.7766367, 0.551697, 0.164956
 
24.20046, 0.002995059, -0.04684524, 5, 0, 2.5279394747203010252437944013, 333.9581, -3486.492, -2.961042, 0.001233003, 0.03962206, 30.74198, 0.7762379, 0.551697, 0.164956
 
24.21046, 0.003053497, -0.04681529, 5, 0, 2.5444177807056329216059064307, 332.1605, -3486.492, -2.961042, 0.001233003, 0.03962206, 30.65955, 0.7758382, 0.551697, 0.164956
 
24.22046, 0.003111969, -0.04678475, 5, 0, 2.5610088215571411989381542083, 330.3697, -3486.492, -2.961042, 0.001233003, 0.03962206, 30.5772, 0.7754377, 0.551697, 0.164956
 
24.23046, 0.003170542, -0.04675363, 5, 0, 2.5777153137776666902282772471, 328.5857, -3486.492, -2.961042, 0.001233003, 0.03962206, 30.49494, 0.7750362, 0.551697, 0.164956
 
24.24046, 0.003228771, -0.04672192, 5, 0, 2.5945345408644093100305373157, 326.8086, -3486.492, -2.961042, 0.001233003, 0.03962206, 30.41277, 0.7746341, 0.551697, 0.164956
 
24.25046, 0.003287463, -0.04668964, 5, 0, 2.6114719358229420642084100226, 325.0383, -3486.492, -2.961042, 0.001233003, 0.03962206, 30.33069, 0.774231, 0.551697, 0.164956
 
24.26046, 0.003345243, -0.04665676, 5, 0, 2.6285274986532785352758957948, 323.2749, -3486.492, -2.961042, 0.001233003, 0.03962206, 30.2487, 0.7738271, 0.551697, 0.164956
 
24.27046, 0.003402696, -0.04662331, 5, 0, 2.6457012293554187232329946324, 321.5183, -3486.492, -2.961042, 0.001233003, 0.03962206, 30.16681, 0.7734224, 0.551697, 0.164956
 
24.28046, 0.003461542, -0.04658928, 5, 0, 2.6629931279293626280797065354, 319.7685, -3486.492, -2.961042, 0.001233003, 0.03962206, 30.085, 0.7730169, 0.551697, 0.164956
 
24.29046, 0.003519251, -0.04655467, 5, 0, 2.6804031943751102498160315038, 318.0255, -3486.492, -2.961042, 0.001233003, 0.03962206, 30.00329, 0.7726106, 0.551697, 0.164956
 
24.30046, 0.003577345, -0.04651947, 5, 0, 2.6979341451954480913737073418, 316.2893, -3486.492, -2.961042, 0.001233003, 0.03962206, 29.92167, 0.7722036, 0.551697, 0.164956
 
24.31046, 0.003634333, -0.0464837, 5, 0, 2.7155873386418169430176044467, 314.56, -3486.492, -2.961042, 0.001233003, 0.03962206, 29.84015, 0.7717957, 0.551697, 0.164956
 
24.32046, 0.003692193, -0.04644736, 5, 0, 2.7333627747141896397197219641, 312.8375, -3486.492, -2.961042, 0.001233003, 0.03962206, 29.75872, 0.771387, 0.551697, 0.164956
 
24.33046, 0.003749445, -0.04641043, 5, 0, 2.7512590951611389737291899238, 311.1217, -3486.492, -2.961042, 0.001233003, 0.03962206, 29.67738, 0.7709777, 0.551697, 0.164956
 
24.34046, 0.003806732, -0.04637294, 5, 0, 2.7692817329883058634794860703, 309.4128, -3486.492, -2.961042, 0.001233003, 0.03962206, 29.59614, 0.7705676, 0.551697, 0.164956
 
24.35046, 0.003863371, -0.04633487, 5, 0, 2.7874279716928766410108717450, 307.7106, -3486.492, -2.961042, 0.001233003, 0.03962206, 29.515, 0.7701567, 0.551697, 0.164956
 
24.36046, 0.003920248, -0.04629624, 5, 0, 2.8057005277776513917690851792, 306.0152, -3486.492, -2.961042, 0.001233003, 0.03962206, 29.43395, 0.7697451, 0.551697, 0.164956
 
24.37046, 0.003977525, -0.04625703, 5, 0, 2.8240994012426165332401259458, 304.3264, -3486.492, -2.961042, 0.001233003, 0.03962206, 29.353, 0.7693328, 0.551697, 0.164956
 
24.38046, 0.004033644, -0.04621726, 5, 0, 2.8426245920877992304519948991, 302.6446, -3486.492, -2.961042, 0.001233003, 0.03962206, 29.27214, 0.7689198, 0.551697, 0.164956
 
24.39046, 0.004089551, -0.04617692, 5, 0, 2.8612788168159995688504302707, 300.9695, -3486.492, -2.961042, 0.001233003, 0.03962206, 29.19139, 0.7685061, 0.551697, 0.164956
 
24.40046, 0.004146263, -0.04613603, 5, 0, 2.8800607171757903406845620903, 299.3011, -3486.492, -2.961042, 0.001233003, 0.03962206, 29.11073, 0.7680916, 0.551697, 0.164956
 
24.41046, 0.004201908, -0.04609456, 5, 0, 2.8989743679213988391509985594, 297.6395, -3486.492, -2.961042, 0.001233003, 0.03962206, 29.03017, 0.7676765, 0.551697, 0.164956
 
24.42046, 0.004258075, -0.04605255, 5, 0, 2.9180170525499842312620001650, 295.9846, -3486.492, -2.961042, 0.001233003, 0.03962206, 28.94972, 0.7672608, 0.551697, 0.164956
 
24.43046, 0.004313733, -0.04600997, 5, 0, 2.9371914875643873500053064202, 294.3365, -3486.492, -2.961042, 0.001233003, 0.03962206, 28.86936, 0.7668443, 0.551697, 0.164956
 
24.44046, 0.004369247, -0.04596683, 5, 0, 2.9564990312159946555897860134, 292.695, -3486.492, -2.961042, 0.001233003, 0.03962206, 28.7891, 0.7664273, 0.551697, 0.164956
 
24.45046, 0.004424362, -0.04592313, 5, 0, 2.9759396835047925655014385175, 291.0603, -3486.492, -2.961042, 0.001233003, 0.03962206, 28.70895, 0.7660096, 0.551697, 0.164956
 
24.46046, 0.004478593, -0.04587889, 5, 0, 2.9955161609336354952420038726, 289.4324, -3486.492, -2.961042, 0.001233003, 0.03962206, 28.62889, 0.7655912, 0.551697, 0.164956
 
24.47046, 0.004533713, -0.0458341, 5, 0, 3.0152271052510283244906099726, 287.8111, -3486.492, -2.961042, 0.001233003, 0.03962206, 28.54894, 0.7651722, 0.551697, 0.164956
 
24.48046, 0.004587984, -0.04578876, 5, 0, 3.0350738747084797560821293509, 286.1965, -3486.492, -2.961042, 0.001233003, 0.03962206, 28.4691, 0.7647527, 0.551697, 0.164956
 
24.49047, 0.004642832, -0.04574288, 5, 0, 3.0550578275573083376554285598, 284.5887, -3486.492, -2.961042, 0.001233003, 0.03962206, 28.38936, 0.7643325, 0.551697, 0.164956
 
24.50047, 0.004696263, -0.04569646, 5, 0, 3.0751803220489276944473771423, 282.9875, -3486.492, -2.961042, 0.001233003, 0.03962206, 28.30972, 0.7639117, 0.551697, 0.164956
 
24.51047, 0.004749801, -0.04564949, 5, 0, 3.0954413581833514089719755257, 281.393, -3486.492, -2.961042, 0.001233003, 0.03962206, 28.23019, 0.7634904, 0.551697, 0.164956
 
24.52047, 0.00480335, -0.045602, 5, 0, 3.1158436524633931491889623684, 279.8052, -3486.492, -2.961042, 0.001233003, 0.03962206, 28.15077, 0.7630685, 0.551697, 0.164956
 
24.53047, 0.004856362, -0.04555396, 5, 0, 3.1363858466376392898614681277, 278.2241, -3486.492, -2.961042, 0.001233003, 0.03962206, 28.07145, 0.7626461, 0.551697, 0.164956
 
24.54047, 0.004908686, -0.0455054, 5, 0, 3.1570706572089034989492314621, 276.6497, -3486.492, -2.961042, 0.001233003, 0.03962206, 27.99224, 0.7622231, 0.551697, 0.164956
 
24.55047, 0.004961631, -0.04545631, 5, 0, 3.1778980841771721939382519444, 275.0819, -3486.492, -2.961042, 0.001233003, 0.03962206, 27.91314, 0.7617996, 0.551697, 0.164956
 
24.56047, 0.005013771, -0.0454067, 5, 0, 3.1988681275424182098005287201, 273.5208, -3486.492, -2.961042, 0.001233003, 0.03962206, 27.83414, 0.7613755, 0.551697, 0.164956
 
24.57047, 0.00506663, -0.04535656, 5, 0, 3.2199821455560823368009321866, 271.9663, -3486.492, -2.961042, 0.001233003, 0.03962206, 27.75526, 0.760951, 0.551697, 0.164956
 
24.58047, 0.005118261, -0.04530589, 5, 0, 3.2412414964695510351483310324, 270.4185, -3486.492, -2.961042, 0.001233003, 0.03962206, 27.67649, 0.7605261, 0.551697, 0.164956
 
24.59047, 0.005168767, -0.04525471, 5, 0, 3.2626516132884380582482021475, 268.8774, -3486.492, -2.961042, 0.001233003, 0.03962206, 27.59783, 0.7601005, 0.551697, 0.164956
 
24.60047, 0.005219429, -0.04520302, 5, 0, 3.2842084212585161129039373304, 267.3429, -3486.492, -2.961042, 0.001233003, 0.03962206, 27.51928, 0.7596745, 0.551697, 0.164956
 
24.61047, 0.005270851, -0.04515082, 5, 0, 3.3059119203797851991155365809, 265.8149, -3486.492, -2.961042, 0.001233003, 0.03962206, 27.44084, 0.7592481, 0.551697, 0.164956
 
24.62047, 0.005320922, -0.04509811, 5, 0, 3.3277661854064861925936085280, 264.2936, -3486.492, -2.961042, 0.001233003, 0.03962206, 27.36251, 0.7588213, 0.551697, 0.164956
 
24.63047, 0.005370947, -0.04504491, 5, 0, 3.3497698580871783030732827743, 262.779, -3486.492, -2.961042, 0.001233003, 0.03962206, 27.2843, 0.758394, 0.551697, 0.164956
 
24.64047, 0.005419762, -0.0449912, 5, 0, 3.3719270131760480762091662395, 261.271, -3486.492, -2.961042, 0.001233003, 0.03962206, 27.2062, 0.7579663, 0.551697, 0.164956
 
24.65047, 0.005468566, -0.044937, 5, 0, 3.3942376506731498420572606326, 259.7696, -3486.492, -2.961042, 0.001233003, 0.03962206, 27.12822, 0.7575381, 0.551697, 0.164956
 
24.66047, 0.005517078, -0.04488231, 5, 0, 3.4167017705784564355895650992, 258.2747, -3486.492, -2.961042, 0.001233003, 0.03962206, 27.05036, 0.7571096, 0.551697, 0.164956
 
24.67047, 0.005566137, -0.04482714, 5, 0, 3.4393193728919814393200800665, 256.7865, -3486.492, -2.961042, 0.001233003, 0.03962206, 26.97261, 0.7566807, 0.551697, 0.164956
 
24.68047, 0.005613569, -0.04477148, 5, 0, 3.4620945323678842338754115998, 255.3049, -3486.492, -2.961042, 0.001233003, 0.03962206, 26.89498, 0.7562515, 0.551697, 0.164956
 
24.69047, 0.005661194, -0.04471534, 5, 0, 3.4850272490062055667975609809, 253.8298, -3486.492, -2.961042, 0.001233003, 0.03962206, 26.81747, 0.7558218, 0.551697, 0.164956
 
24.70047, 0.005708345, -0.04465873, 5, 0, 3.5081161645555453953636590940, 252.3614, -3486.492, -2.961042, 0.001233003, 0.03962206, 26.74007, 0.7553918, 0.551697, 0.164956
 
24.71047, 0.005755014, -0.04460165, 5, 0, 3.5313653537700902652283128591, 250.8995, -3486.492, -2.961042, 0.001233003, 0.03962206, 26.6628, 0.7549616, 0.551697, 0.164956
 
24.72047, 0.005801213, -0.0445441, 5, 0, 3.5547734583984129686406523059, 249.4442, -3486.492, -2.961042, 0.001233003, 0.03962206, 26.58565, 0.754531, 0.551697, 0.164956
 
24.73047, 0.005847139, -0.04448608, 5, 0, 3.5783431949433679211024173748, 247.9954, -3486.492, -2.961042, 0.001233003, 0.03962206, 26.50862, 0.7541, 0.551697, 0.164956
 
24.74047, 0.005891928, -0.04442761, 5, 0, 3.6020759216563008352804754725, 246.5532, -3486.492, -2.961042, 0.001233003, 0.03962206, 26.43171, 0.7536688, 0.551697, 0.164956
 
24.75047, 0.005936414, -0.04436869, 5, 0, 3.6259729967886525014396969965, 245.1176, -3486.492, -2.961042, 0.001233003, 0.03962206, 26.35493, 0.7532374, 0.551697, 0.164956
 
24.76047, 0.005980864, -0.04430933, 5, 0, 3.6500344203404093370660815195, 243.6885, -3486.492, -2.961042, 0.001233003, 0.03962206, 26.27826, 0.7528056, 0.551697, 0.164956
 
24.77047, 0.00602503, -0.04424952, 5, 0, 3.6742615505629713848824981572, 242.266, -3486.492, -2.961042, 0.001233003, 0.03962206, 26.20173, 0.7523736, 0.551697, 0.164956
 
24.78047, 0.006067989, -0.04418927, 5, 0, 3.6986543874563250623749464823, 240.85, -3486.492, -2.961042, 0.001233003, 0.03962206, 26.12532, 0.7519414, 0.551697, 0.164956
 
24.79047, 0.006111341, -0.04412859, 5, 0, 3.7232142892719111598082968923, 239.4405, -3486.492, -2.961042, 0.001233003, 0.03962206, 26.04903, 0.751509, 0.551697, 0.164956
 
24.80047, 0.006153694, -0.04406748, 5, 0, 3.7479426142610889723634172211, 238.0375, -3486.492, -2.961042, 0.001233003, 0.03962206, 25.97287, 0.7510763, 0.551697, 0.164956
 
24.81047, 0.006196057, -0.04400594, 5, 0, 3.7728407206752857077911774389, 236.6411, -3486.492, -2.961042, 0.001233003, 0.03962206, 25.89684, 0.7506435, 0.551697, 0.164956
 
24.82047, 0.006237152, -0.04394398, 5, 0, 3.7979113250172607039953144955, 235.2513, -3486.492, -2.961042, 0.001233003, 0.03962206, 25.82095, 0.7502105, 0.551697, 0.164956
 
24.83047, 0.006277933, -0.04388161, 5, 0, 3.8231530690356546657949605567, 233.8678, -3486.492, -2.961042, 0.001233003, 0.03962206, 25.74518, 0.7497774, 0.551697, 0.164956
 
24.84047, 0.006318488, -0.04381883, 5, 0, 3.8485686692332540961218534268, 232.491, -3486.492, -2.961042, 0.001233003, 0.03962206, 25.66954, 0.7493441, 0.551697, 0.164956
 
24.85047, 0.00635813, -0.04375564, 5, 0, 3.8741581256100454124619926785, 231.1205, -3486.492, -2.961042, 0.001233003, 0.03962206, 25.59404, 0.7489107, 0.551697, 0.164956
 
24.86047, 0.006397232, -0.04369206, 5, 0, 3.8999227964174694050802487093, 229.7567, -3486.492, -2.961042, 0.001233003, 0.03962206, 25.51866, 0.7484771, 0.551697, 0.164956
 
24.87047, 0.006435827, -0.04362809, 5, 0, 3.9258653981582854118803584687, 228.3993, -3486.492, -2.961042, 0.001233003, 0.03962206, 25.44342, 0.7480435, 0.551697, 0.164956
 
24.88047, 0.00647383, -0.04356373, 5, 0, 3.9519859308325070153763223841, 227.0484, -3486.492, -2.961042, 0.001233003, 0.03962206, 25.36832, 0.7476097, 0.551697, 0.164956
 
24.89047, 0.006511733, -0.043499, 5, 0, 3.9782843944401342155681404555, 225.7039, -3486.492, -2.961042, 0.001233003, 0.03962206, 25.29335, 0.7471759, 0.551697, 0.164956
 
24.90047, 0.006548916, -0.04343388, 5, 0, 4.0047648637353535581104196026, 224.3659, -3486.492, -2.961042, 0.001233003, 0.03962206, 25.21852, 0.746742, 0.551697, 0.164956
 
24.91047, 0.006584406, -0.04336839, 5, 0, 4.0314259804668193303362924188, 223.0344, -3486.492, -2.961042, 0.001233003, 0.03962206, 25.14382, 0.7463081, 0.551697, 0.164956
 
24.92048, 0.006620015, -0.04330254, 5, 0, 4.0582691028858636623986258835, 221.7094, -3486.492, -2.961042, 0.001233003, 0.03962206, 25.06927, 0.7458742, 0.551697, 0.164956
 
24.93048, 0.006655964, -0.04323635, 5, 0, 4.0852969474953138047711590826, 220.3907, -3486.492, -2.961042, 0.001233003, 0.03962206, 24.99485, 0.7454402, 0.551697, 0.164956
 
24.94048, 0.00668998, -0.04316979, 5, 0, 4.1125081560437697147310229005, 219.0786, -3486.492, -2.961042, 0.001233003, 0.03962206, 24.92057, 0.7450063, 0.551697, 0.164956
 
24.95048, 0.006723864, -0.04310289, 5, 0, 4.1399068032854043554188238296, 217.7729, -3486.492, -2.961042, 0.001233003, 0.03962206, 24.84644, 0.7445724, 0.551697, 0.164956
 
24.96048, 0.006756807, -0.04303565, 5, 0, 4.1674915309688991791956953179, 216.4737, -3486.492, -2.961042, 0.001233003, 0.03962206, 24.77245, 0.7441386, 0.551697, 0.164956
 
24.97048, 0.006789558, -0.04296808, 5, 0, 4.1952650555969591939093726059, 215.1809, -3486.492, -2.961042, 0.001233003, 0.03962206, 24.6986, 0.7437047, 0.551697, 0.164956
 
24.98048, 0.006821465, -0.04290018, 5, 0, 4.2232273771696387296158574026, 213.8945, -3486.492, -2.961042, 0.001233003, 0.03962206, 24.62489, 0.7432711, 0.551697, 0.164956
 
24.99048, 0.006852676, -0.04283197, 5, 0, 4.2513825704411243319697566280, 212.6145, -3486.492, -2.961042, 0.001233003, 0.03962206, 24.55133, 0.7428374, 0.551697, 0.164956
 
25.00048, 0.006882896, -0.04276344, 5, 0, 4.2797306354114160009710702819, 211.3409, -3486.492, -2.961042, 0.001233003, 0.03962206, 24.47792, 0.7424038, 0.551697, 0.164956
 
25.01048, 0.00691285, -0.04269461, 5, 0, 4.3082702138291136938969292487, 210.0738, -3486.492, -2.961042, 0.001233003, 0.03962206, 24.40465, 0.7419704, 0.551697, 0.164956
 
25.02048, 0.006942186, -0.04262548, 5, 0, 4.3370053804484175389159408754, 208.813, -3486.492, -2.961042, 0.001233003, 0.03962206, 24.33154, 0.741537, 0.551697, 0.164956
 
25.03048, 0.0069711, -0.04255606, 5, 0, 4.3659347770179274933052360464, 207.5587, -3486.492, -2.961042, 0.001233003, 0.03962206, 24.25857, 0.7411039, 0.551697, 0.164956
 
25.04048, 0.006998437, -0.04248635, 5, 0, 4.3950611200404572250245534204, 206.3108, -3486.492, -2.961042, 0.001233003, 0.03962206, 24.18575, 0.7406709, 0.551697, 0.164956
 
25.05048, 0.007025572, -0.04241637, 5, 0, 4.4243871260187796544916303741, 205.0692, -3486.492, -2.961042, 0.001233003, 0.03962206, 24.11308, 0.7402381, 0.551697, 0.164956
 
25.06048, 0.007051208, -0.04234611, 5, 0, 4.4539141532042812419153355961, 203.8341, -3486.492, -2.961042, 0.001233003, 0.03962206, 24.04058, 0.7398055, 0.551697, 0.164956
 
25.07048, 0.007077035, -0.0422756, 5, 0, 4.4836394850942298144199329912, 202.6052, -3486.492, -2.961042, 0.001233003, 0.03962206, 23.96822, 0.7393731, 0.551697, 0.164956
 
25.08048, 0.007101826, -0.04220483, 5, 0, 4.5135699129455848380777668561, 201.3828, -3486.492, -2.961042, 0.001233003, 0.03962206, 23.89601, 0.738941, 0.551697, 0.164956
 
25.09048, 0.007125597, -0.04213381, 5, 0, 4.5437013620041190196922289893, 200.1668, -3486.492, -2.961042, 0.001233003, 0.03962206, 23.82397, 0.7385091, 0.551697, 0.164956
 
25.10048, 0.007149316, -0.04206255, 5, 0, 4.5740365487726731922510589038, 198.9571, -3486.492, -2.961042, 0.001233003, 0.03962206, 23.75208, 0.7380774, 0.551697, 0.164956
 
25.11048, 0.007171711, -0.04199106, 5, 0, 4.6045795480054474839228639468, 197.7538, -3486.492, -2.961042, 0.001233003, 0.03962206, 23.68035, 0.737646, 0.551697, 0.164956
 
25.12048, 0.007192917, -0.04191935, 5, 0, 4.6353290014510011044427737208, 196.5568, -3486.492, -2.961042, 0.001233003, 0.03962206, 23.60878, 0.737215, 0.551697, 0.164956
 
25.13048, 0.007214282, -0.04184742, 5, 0, 4.6662876256121748867985277390, 195.3662, -3486.492, -2.961042, 0.001233003, 0.03962206, 23.53737, 0.7367843, 0.551697, 0.164956
 
25.14048, 0.007234171, -0.04177528, 5, 0, 4.6974554204889688309901260013, 194.1819, -3486.492, -2.961042, 0.001233003, 0.03962206, 23.46613, 0.7363539, 0.551697, 0.164956
 
25.15048, 0.007253401, -0.04170293, 5, 0, 4.7288337443327422321984363418, 193.004, -3486.492, -2.961042, 0.001233003, 0.03962206, 23.39504, 0.7359238, 0.551697, 0.164956
 
25.16048, 0.007272018, -0.0416304, 5, 0, 4.7604239553949358806883291578, 191.8323, -3486.492, -2.961042, 0.001233003, 0.03962206, 23.32412, 0.7354942, 0.551697, 0.164956
 
25.17048, 0.007289695, -0.04155768, 5, 0, 4.7922287701783226968775418262, 190.667, -3486.492, -2.961042, 0.001233003, 0.03962206, 23.25336, 0.7350649, 0.551697, 0.164956
 
25.18048, 0.007306627, -0.04148478, 5, 0, 4.8242481886829434283080756288, 189.508, -3486.492, -2.961042, 0.001233003, 0.03962206, 23.18278, 0.7346361, 0.551697, 0.164956
 
25.19048, 0.00732287, -0.04141171, 5, 0, 4.8564822109087437449239288566, 188.3554, -3486.492, -2.961042, 0.001233003, 0.03962206, 23.11236, 0.7342076, 0.551697, 0.164956
 
25.20048, 0.007339111, -0.04133848, 5, 0, 4.8889335533585780622268414500, 187.209, -3486.492, -2.961042, 0.001233003, 0.03962206, 23.04211, 0.7337796, 0.551697, 0.164956
 
25.21048, 0.007352935, -0.04126509, 5, 0, 4.9216008577810055899519430115, 186.069, -3486.492, -2.961042, 0.001233003, 0.03962206, 22.97203, 0.7333521, 0.551697, 0.164956
 
25.22048, 0.007366293, -0.04119156, 5, 0, 4.9544922736844401669504486625, 184.9352, -3486.492, -2.961042, 0.001233003, 0.03962206, 22.90212, 0.7329251, 0.551697, 0.164956
 
25.23048, 0.007379351, -0.0411179, 5, 0, 4.9876037263146816650537510560, 183.8077, -3486.492, -2.961042, 0.001233003, 0.03962206, 22.83239, 0.7324985, 0.551697, 0.164956
 
25.24048, 0.007390728, -0.0410441, 5, 0, 5.0209365739231165444707188805, 182.6865, -3486.492, -2.961042, 0.001233003, 0.03962206, 22.76283, 0.7320725, 0.551697, 0.164956
 
25.25048, 0.00740184, -0.0409702, 5, 0, 5.0544935330125992207030920761, 181.5716, -3486.492, -2.961042, 0.001233003, 0.03962206, 22.69345, 0.7316471, 0.551697, 0.164956
 
25.26048, 0.007411724, -0.04089618, 5, 0, 5.0882773200858347015986058838, 180.463, -3486.492, -2.961042, 0.001233003, 0.03962206, 22.62424, 0.7312221, 0.551697, 0.164956
 
25.27048, 0.007420924, -0.04082206, 5, 0, 5.1222838603887315191006563743, 179.3607, -3486.492, -2.961042, 0.001233003, 0.03962206, 22.55522, 0.7307978, 0.551697, 0.164956
 
25.28048, 0.007429046, -0.04074785, 5, 0, 5.1565213034295948519484552510, 178.2646, -3486.492, -2.961042, 0.001233003, 0.03962206, 22.48637, 0.730374, 0.551697, 0.164956
 
25.29048, 0.007435901, -0.04067357, 5, 0, 5.1909869327056789447522659917, 177.1748, -3486.492, -2.961042, 0.001233003, 0.03962206, 22.41771, 0.7299508, 0.551697, 0.164956
 
25.30048, 0.00744229, -0.0405992, 5, 0, 5.2256821064683566752069568574, 176.0912, -3486.492, -2.961042, 0.001233003, 0.03962206, 22.34922, 0.7295283, 0.551697, 0.164956
 
25.31048, 0.007448124, -0.04052478, 5, 0, 5.2606081829690688335773982456, 175.0139, -3486.492, -2.961042, 0.001233003, 0.03962206, 22.28092, 0.7291064, 0.551697, 0.164956
 
25.32048, 0.007452774, -0.0404503, 5, 0, 5.2957678787105611752533266788, 173.9428, -3486.492, -2.961042, 0.001233003, 0.03962206, 22.21281, 0.7286852, 0.551697, 0.164956
 
25.33048, 0.007455755, -0.04037577, 5, 0, 5.3311611936928744477767434385, 172.878, -3486.492, -2.961042, 0.001233003, 0.03962206, 22.14489, 0.7282647, 0.551697, 0.164956
 
25.34048, 0.007457693, -0.04030121, 5, 0, 5.3667908444188223191073871836, 171.8194, -3486.492, -2.961042, 0.001233003, 0.03962206, 22.07715, 0.7278449, 0.551697, 0.164956
 
25.35048, 0.007459535, -0.04022664, 5, 0, 5.4026581891397233368841244662, 170.7671, -3486.492, -2.961042, 0.001233003, 0.03962206, 22.0096, 0.7274258, 0.551697, 0.164956
 
25.36049, 0.007459873, -0.04015204, 5, 0, 5.4387632278556725787049582770, 169.721, -3486.492, -2.961042, 0.001233003, 0.03962206, 21.94225, 0.7270074, 0.551697, 0.164956
 
25.37049, 0.007459207, -0.04007744, 5, 0, 5.4751073188180021747227555955, 168.6811, -3486.492, -2.961042, 0.001233003, 0.03962206, 21.87508, 0.7265898, 0.551697, 0.164956
 
25.38049, 0.007458149, -0.04000285, 5, 0, 5.5116918202781664977163872463, 167.6473, -3486.492, -2.961042, 0.001233003, 0.03962206, 21.80811, 0.726173, 0.551697, 0.164956
 
25.39049, 0.00745565, -0.03992827, 5, 0, 5.5485180904875112603527206363, 166.6198, -3486.492, -2.961042, 0.001233003, 0.03962206, 21.74134, 0.725757, 0.551697, 0.164956
 
25.40049, 0.007451949, -0.03985371, 5, 0, 5.5855874876974772528966261627, 165.5986, -3486.492, -2.961042, 0.001233003, 0.03962206, 21.67476, 0.7253418, 0.551697, 0.164956
 
25.41049, 0.007447007, -0.03977919, 5, 0, 5.6229027284108509782798416298, 164.5835, -3486.492, -2.961042, 0.001233003, 0.03962206, 21.60839, 0.7249275, 0.551697, 0.164956
 
25.42049, 0.0074413, -0.03970473, 5, 0, 5.6604624543762595588074987763, 163.5746, -3486.492, -2.961042, 0.001233003, 0.03962206, 21.54221, 0.724514, 0.551697, 0.164956
 
25.43049, 0.007435231, -0.03963031, 5, 0, 5.6982693820964351673553336975, 162.5719, -3486.492, -2.961042, 0.001233003, 0.03962206, 21.47623, 0.7241014, 0.551697, 0.164956
 
25.44049, 0.007427113, -0.03955596, 5, 0, 5.7363262280742322194250863336, 161.5754, -3486.492, -2.961042, 0.001233003, 0.03962206, 21.41046, 0.7236897, 0.551697, 0.164956
 
25.45049, 0.007417972, -0.03948169, 5, 0, 5.7746329923096371325027562575, 160.5851, -3486.492, -2.961042, 0.001233003, 0.03962206, 21.34489, 0.7232789, 0.551697, 0.164956
 
25.46049, 0.007408488, -0.03940751, 5, 0, 5.8131910330540499493112125848, 159.601, -3486.492, -2.961042, 0.001233003, 0.03962206, 21.27954, 0.722869, 0.551697, 0.164956
 
25.47049, 0.007397593, -0.03933343, 5, 0, 5.8520017085588707125733244312, 158.623, -3486.492, -2.961042, 0.001233003, 0.03962206, 21.21438, 0.7224601, 0.551697, 0.164956
 
25.48049, 0.007385763, -0.03925945, 5, 0, 5.8910636605727129620802231083, 157.6511, -3486.492, -2.961042, 0.001233003, 0.03962206, 21.14944, 0.7220522, 0.551697, 0.164956
 
25.49049, 0.007372509, -0.03918559, 5, 0, 5.9303823221011225386673833699, 156.6854, -3486.492, -2.961042, 0.001233003, 0.03962206, 21.08471, 0.7216453, 0.551697, 0.164956
 
25.50049, 0.007358443, -0.03911187, 5, 0, 5.9699563348927944772099390909, 155.7259, -3486.492, -2.961042, 0.001233003, 0.03962206, 21.02019, 0.7212394, 0.551697, 0.164956
 
25.51049, 0.007343267, -0.03903828, 5, 0, 6.0097870571990473253467568237, 154.7726, -3486.492, -2.961042, 0.001233003, 0.03962206, 20.95589, 0.7208345, 0.551697, 0.164956
 
25.52049, 0.007326543, -0.03896485, 5, 0, 6.0498772055226947510375752268, 153.8253, -3486.492, -2.961042, 0.001233003, 0.03962206, 20.8918, 0.7204307, 0.551697, 0.164956
 
25.53049, 0.007309044, -0.03889158, 5, 0, 6.0902281381151503795192638433, 152.8843, -3486.492, -2.961042, 0.001233003, 0.03962206, 20.82793, 0.720028, 0.551697, 0.164956
 
25.54049, 0.007290746, -0.03881849, 5, 0, 6.1308398549764549583338239547, 151.9492, -3486.492, -2.961042, 0.001233003, 0.03962206, 20.76428, 0.7196264, 0.551697, 0.164956
 
25.55049, 0.007270378, -0.03874559, 5, 0, 6.1717137143579270351201221134, 151.0204, -3486.492, -2.961042, 0.001233003, 0.03962206, 20.70085, 0.7192259, 0.551697, 0.164956
 
25.56049, 0.007249264, -0.03867288, 5, 0, 6.2128524327624210253798982597, 150.0977, -3486.492, -2.961042, 0.001233003, 0.03962206, 20.63765, 0.7188265, 0.551697, 0.164956
 
25.57049, 0.007227609, -0.03860039, 5, 0, 6.2542532936871096786394133077, 149.1811, -3486.492, -2.961042, 0.001233003, 0.03962206, 20.57467, 0.7184283, 0.551697, 0.164956
 
25.58049, 0.007204224, -0.03852811, 5, 0, 6.2959203718862338706092758863, 148.2706, -3486.492, -2.961042, 0.001233003, 0.03962206, 20.51191, 0.7180313, 0.551697, 0.164956
 
25.59049, 0.007179686, -0.03845607, 5, 0, 6.3378550256111528964703538294, 147.3662, -3486.492, -2.961042, 0.001233003, 0.03962206, 20.44939, 0.7176355, 0.551697, 0.164956
 
25.60049, 0.007153935, -0.03838427, 5, 0, 6.3800599713646804241823857957, 146.4679, -3486.492, -2.961042, 0.001233003, 0.03962206, 20.38709, 0.7172409, 0.551697, 0.164956
 
25.61049, 0.007127188, -0.03831273, 5, 0, 6.4225338508954299935365030966, 145.5757, -3486.492, -2.961042, 0.001233003, 0.03962206, 20.32503, 0.7168476, 0.551697, 0.164956
 
25.62049, 0.007099167, -0.03824146, 5, 0, 6.4652766642033608569907044505, 144.6896, -3486.492, -2.961042, 0.001233003, 0.03962206, 20.2632, 0.7164555, 0.551697, 0.164956
 
25.63049, 0.00706983, -0.03817047, 5, 0, 6.5082924860427138902555984863, 143.8096, -3486.492, -2.961042, 0.001233003, 0.03962206, 20.2016, 0.7160648, 0.551697, 0.164956
 
25.64049, 0.007039052, -0.03809977, 5, 0, 6.5515799581620754680943156608, 142.9356, -3486.492, -2.961042, 0.001233003, 0.03962206, 20.14025, 0.7156753, 0.551697, 0.164956
 
25.65049, 0.007007781, -0.03802938, 5, 0, 6.5951431553156457186754633213, 142.0677, -3486.492, -2.961042, 0.001233003, 0.03962206, 20.07913, 0.7152871, 0.551697, 0.164956
 
25.66049, 0.006974181, -0.0379593, 5, 0, 6.6389807192520245992761723520, 141.206, -3486.492, -2.961042, 0.001233003, 0.03962206, 20.01826, 0.7149003, 0.551697, 0.164956
 
25.67049, 0.006939947, -0.03788956, 5, 0, 6.6830953664739986128281805571, 140.3503, -3486.492, -2.961042, 0.001233003, 0.03962206, 19.95763, 0.7145149, 0.551697, 0.164956
 
25.68049, 0.006904545, -0.03782016, 5, 0, 6.7274898134843950098052270224, 139.5006, -3486.492, -2.961042, 0.001233003, 0.03962206, 19.89724, 0.7141308, 0.551697, 0.164956
 
25.69049, 0.00686821, -0.03775112, 5, 0, 6.7721572690262271591069665967, 138.657, -3486.492, -2.961042, 0.001233003, 0.03962206, 19.8371, 0.7137482, 0.551697, 0.164956
 
25.70049, 0.006830189, -0.03768244, 5, 0, 6.8171058826078274045006118381, 137.8194, -3486.492, -2.961042, 0.001233003, 0.03962206, 19.7772, 0.713367, 0.551697, 0.164956
 
25.71049, 0.006790409, -0.03761413, 5, 0, 6.8623342959778500333192953396, 136.9879, -3486.492, -2.961042, 0.001233003, 0.03962206, 19.71756, 0.7129874, 0.551697, 0.164956
 
25.72049, 0.006750313, -0.03754623, 5, 0, 6.9078465838904951737316244485, 136.1624, -3486.492, -2.961042, 0.001233003, 0.03962206, 19.65817, 0.7126091, 0.551697, 0.164956
 
25.73049, 0.006708086, -0.03747873, 5, 0, 6.9536400298429219927498596517, 135.343, -3486.492, -2.961042, 0.001233003, 0.03962206, 19.59904, 0.7122324, 0.551697, 0.164956
 
25.74049, 0.006665544, -0.03741165, 5, 0, 6.9997173503379713233617404621, 134.5295, -3486.492, -2.961042, 0.001233003, 0.03962206, 19.54016, 0.7118571, 0.551697, 0.164956
 
25.75049, 0.006620751, -0.03734499, 5, 0, 7.0460771871242431228443977642, 133.7221, -3486.492, -2.961042, 0.001233003, 0.03962206, 19.48154, 0.7114834, 0.551697, 0.164956
 
25.76049, 0.006575023, -0.03727878, 5, 0, 7.0927236149558967718244376233, 132.9207, -3486.492, -2.961042, 0.001233003, 0.03962206, 19.42318, 0.7111113, 0.551697, 0.164956
 
25.77049, 0.006527673, -0.03721303, 5, 0, 7.1396566338329594353298608939, 132.1254, -3486.492, -2.961042, 0.001233003, 0.03962206, 19.36509, 0.7107407, 0.551697, 0.164956
 
25.78049, 0.006478914, -0.03714775, 5, 0, 7.1868776020068583211115375461, 131.336, -3486.492, -2.961042, 0.001233003, 0.03962206, 19.30725, 0.7103719, 0.551697, 0.164956
 
25.79049, 0.006429359, -0.03708296, 5, 0, 7.2343865194775526816274662983, 130.5527, -3486.492, -2.961042, 0.001233003, 0.03962206, 19.24969, 0.7100045, 0.551697, 0.164956
 
25.8005, 0.006378096, -0.03701867, 5, 0, 7.2821861027478561848373858090, 129.7753, -3486.492, -2.961042, 0.001233003, 0.03962206, 19.19239, 0.7096388, 0.551697, 0.164956
 
25.8105, 0.006325761, -0.03695489, 5, 0, 7.3302749935663687880184269626, 129.0039, -3486.492, -2.961042, 0.001233003, 0.03962206, 19.13536, 0.7092748, 0.551697, 0.164956
 
25.8205, 0.006271456, -0.03689163, 5, 0, 7.3786531919330904911705897590, 128.2385, -3486.492, -2.961042, 0.001233003, 0.03962206, 19.07861, 0.7089126, 0.551697, 0.164956
 
25.8305, 0.006216301, -0.03682891, 5, 0, 7.4273247726022350049764819727, 127.4791, -3486.492, -2.961042, 0.001233003, 0.03962206, 19.02213, 0.7085519, 0.551697, 0.164956
 
25.8405, 0.006159061, -0.03676675, 5, 0, 7.4762870190709614964483640904, 126.7257, -3486.492, -2.961042, 0.001233003, 0.03962206, 18.96593, 0.7081931, 0.551697, 0.164956
 
25.8505, 0.006101262, -0.03670516, 5, 0, 7.5255440060935108412968447410, 125.9782, -3486.492, -2.961042, 0.001233003, 0.03962206, 18.91001, 0.707836, 0.551697, 0.164956
 
25.8605, 0.006041898, -0.03664415, 5, 0, 7.5750930171670557890481848386, 125.2367, -3486.492, -2.961042, 0.001233003, 0.03962206, 18.85436, 0.7074807, 0.551697, 0.164956
 
25.8705, 0.005980914, -0.03658373, 5, 0, 7.6249381270458236328989925848, 124.5012, -3486.492, -2.961042, 0.001233003, 0.03962206, 18.799, 0.7071272, 0.551697, 0.164956
 
25.8805, 0.0059181, -0.03652392, 5, 0, 7.6750779774784143301263988639, 123.7716, -3486.492, -2.961042, 0.001233003, 0.03962206, 18.74393, 0.7067755, 0.551697, 0.164956
 
25.8905, 0.005854527, -0.03646474, 5, 0, 7.7255139267162007584252719371, 123.0479, -3486.492, -2.961042, 0.001233003, 0.03962206, 18.68914, 0.7064256, 0.551697, 0.164956
 
25.9005, 0.00578889, -0.03640619, 5, 0, 7.7762446165077964575867431159, 122.3303, -3486.492, -2.961042, 0.001233003, 0.03962206, 18.63465, 0.7060776, 0.551697, 0.164956
 
25.9105, 0.005723121, -0.0363483, 5, 0, 7.8272714051046014703336815161, 121.6185, -3486.492, -2.961042, 0.001233003, 0.03962206, 18.58044, 0.7057315, 0.551697, 0.164956
 
25.9205, 0.005654646, -0.03629107, 5, 0, 7.8785956507580158393889562533, 120.9127, -3486.492, -2.961042, 0.001233003, 0.03962206, 18.52653, 0.7053874, 0.551697, 0.164956
 
25.9305, 0.005584924, -0.03623452, 5, 0, 7.930221428222239692921174675, 120.2128, -3486.492, -2.961042, 0.001233003, 0.03962206, 18.47292, 0.705045, 0.551697, 0.164956
 
25.9405, 0.005513959, -0.03617867, 5, 0, 7.982144662743072902761729433, 119.5188, -3486.492, -2.961042, 0.001233003, 0.03962206, 18.4196, 0.7047047, 0.551697, 0.164956
 
25.9505, 0.00544141, -0.03612354, 5, 0, 8.034363996069115426187751413, 118.8308, -3486.492, -2.961042, 0.001233003, 0.03962206, 18.36659, 0.7043664, 0.551697, 0.164956
 
25.9605, 0.005367308, -0.03606912, 5, 0, 8.086882144703167348644978845, 118.1487, -3486.492, -2.961042, 0.001233003, 0.03962206, 18.31388, 0.70403, 0.551697, 0.164956
 
25.9705, 0.005291782, -0.03601545, 5, 0, 8.139703183399428798302019077, 117.4724, -3486.492, -2.961042, 0.001233003, 0.03962206, 18.26147, 0.7036957, 0.551697, 0.164956
 
25.9805, 0.005214387, -0.03596253, 5, 0, 8.192823037403699646990264762, 116.8021, -3486.492, -2.961042, 0.001233003, 0.03962206, 18.20937, 0.7033634, 0.551697, 0.164956
 
25.9905, 0.005135846, -0.03591039, 5, 0, 8.246241706715979894709715900, 116.1376, -3486.492, -2.961042, 0.001233003, 0.03962206, 18.15758, 0.7030332, 0.551697, 0.164956
 
26.0005, 0.005055773, -0.03585903, 5, 0, 8.299961907839069626906110722, 115.4791, -3486.492, -2.961042, 0.001233003, 0.03962206, 18.1061, 0.702705, 0.551697, 0.164956
 
26.0105, 0.004973745, -0.03580847, 5, 0, 8.353982282521555218342579685, 114.8265, -3486.492, -2.961042, 0.001233003, 0.03962206, 18.05493, 0.702379, 0.551697, 0.164956
 
26.0205, 0.004890755, -0.03575874, 5, 0, 8.408302830763477416561124071, 114.1796, -3486.492, -2.961042, 0.001233003, 0.03962206, 18.00408, 0.7020551, 0.551697, 0.164956
 
26.0305, 0.004806537, -0.03570983, 5, 0, 8.462926269067595559465480829, 113.5387, -3486.492, -2.961042, 0.001233003, 0.03962206, 17.95355, 0.7017333, 0.551697, 0.164956
 
26.0405, 0.00471994, -0.03566176, 5, 0, 8.517847164428323058678173924, 112.9037, -3486.492, -2.961042, 0.001233003, 0.03962206, 17.90334, 0.7014137, 0.551697, 0.164956
 
26.0505, 0.00463214, -0.03561457, 5, 0, 8.573072308102660127813548935, 112.2745, -3486.492, -2.961042, 0.001233003, 0.03962206, 17.85345, 0.7010962, 0.551697, 0.164956
 
26.0605, 0.004542665, -0.03556824, 5, 0, 8.628596267084993013466128972, 111.6511, -3486.492, -2.961042, 0.001233003, 0.03962206, 17.80389, 0.700781, 0.551697, 0.164956
 
26.0705, 0.004451488, -0.03552282, 5, 0, 8.684423116129562591346522663, 111.0336, -3486.492, -2.961042, 0.001233003, 0.03962206, 17.75466, 0.7004681, 0.551697, 0.164956
 
26.0805, 0.004359209, -0.03547831, 5, 0, 8.740550138733528028466990495, 110.422, -3486.492, -2.961042, 0.001233003, 0.03962206, 17.70575, 0.7001573, 0.551697, 0.164956
 
26.0905, 0.004265027, -0.03543471, 5, 0, 8.796978693148302950064402011, 109.8161, -3486.492, -2.961042, 0.001233003, 0.03962206, 17.65718, 0.6998488, 0.551697, 0.164956
 
26.1005, 0.004168673, -0.03539206, 5, 0, 8.853706062871087270693018979, 109.2162, -3486.492, -2.961042, 0.001233003, 0.03962206, 17.60894, 0.6995427, 0.551697, 0.164956
 
26.1105, 0.004071715, -0.03535037, 5, 0, 8.910734964404681075798579632, 108.622, -3486.492, -2.961042, 0.001233003, 0.03962206, 17.56104, 0.6992388, 0.551697, 0.164956
 
26.1205, 0.003972741, -0.03530966, 5, 0, 8.968062681246297862449346165, 108.0336, -3486.492, -2.961042, 0.001233003, 0.03962206, 17.51348, 0.6989373, 0.551697, 0.164956
 
26.1305, 0.003871765, -0.03526993, 5, 0, 9.025690571647310508340186839, 107.4511, -3486.492, -2.961042, 0.001233003, 0.03962206, 17.46626, 0.6986381, 0.551697, 0.164956
 
26.1405, 0.003769036, -0.03523121, 5, 0, 9.083617277356305388234232112, 106.8744, -3486.492, -2.961042, 0.001233003, 0.03962206, 17.41938, 0.6983414, 0.551697, 0.164956
 
26.1505, 0.003665104, -0.03519353, 5, 0, 9.141844156624750457424353234, 106.3035, -3486.492, -2.961042, 0.001233003, 0.03962206, 17.37285, 0.698047, 0.551697, 0.164956
 
26.1605, 0.003559542, -0.03515688, 5, 0, 9.200369851201191343131679382, 105.7383, -3486.492, -2.961042, 0.001233003, 0.03962206, 17.32667, 0.697755, 0.551697, 0.164956
 
26.1705, 0.003451627, -0.03512128, 5, 0, 9.259193002834255167661342294, 105.179, -3486.492, -2.961042, 0.001233003, 0.03962206, 17.28083, 0.6974655, 0.551697, 0.164956
 
26.1805, 0.003342491, -0.03508677, 5, 0, 9.318310895021114680539602885, 104.6255, -3486.492, -2.961042, 0.001233003, 0.03962206, 17.23536, 0.6971784, 0.551697, 0.164956
 
26.1905, 0.003232318, -0.03505334, 5, 0, 9.377724886013169924489330269, 104.0776, -3486.492, -2.961042, 0.001233003, 0.03962206, 17.19023, 0.6968938, 0.551697, 0.164956
 
26.2005, 0.003119826, -0.03502102, 5, 0, 9.437439050564634610193132222, 103.5356, -3486.492, -2.961042, 0.001233003, 0.03962206, 17.14546, 0.6966117, 0.551697, 0.164956
 
26.2105, 0.003005225, -0.03498982, 5, 0, 9.497445239167135646341794904, 102.9994, -3486.492, -2.961042, 0.001233003, 0.03962206, 17.10106, 0.6963322, 0.551697, 0.164956
 
26.2205, 0.002889516, -0.03495977, 5, 0, 9.557746168323432370839055265, 102.4688, -3486.492, -2.961042, 0.001233003, 0.03962206, 17.05701, 0.6960551, 0.551697, 0.164956
 
26.2305, 0.002771691, -0.03493087, 5, 0, 9.618340479782124740962044187, 101.9441, -3486.492, -2.961042, 0.001233003, 0.03962206, 17.01333, 0.6957806, 0.551697, 0.164956
 
26.24051, 0.002652391, -0.03490316, 5, 0, 9.679228173543253504252762955, 101.4251, -3486.492, -2.961042, 0.001233003, 0.03962206, 16.97001, 0.6955087, 0.551697, 0.164956
 
26.25051, 0.002531487, -0.03487663, 5, 0, 9.740403816601177742277733822, 100.9118, -3486.492, -2.961042, 0.001233003, 0.03962206, 16.92706, 0.6952394, 0.551697, 0.164956
 
26.26051, 0.002408863, -0.03485132, 5, 0, 9.801870125458711122996695448, 100.4042, -3486.492, -2.961042, 0.001233003, 0.03962206, 16.88449, 0.6949728, 0.551697, 0.164956
 
26.27051, 0.002284069, -0.03482723, 5, 0, 9.863625741864440021172778290, 99.90239, -3486.492, -2.961042, 0.001233003, 0.03962206, 16.84229, 0.6947087, 0.551697, 0.164956
 
26.28051, 0.002157546, -0.03480439, 5, 0, 9.925670665818405184347983628, 99.40627, -3486.492, -2.961042, 0.001233003, 0.03962206, 16.80046, 0.6944473, 0.551697, 0.164956
 
26.29051, 0.002029752, -0.03478282, 5, 0, 9.987999464314965694088833720, 98.91585, -3486.492, -2.961042, 0.001233003, 0.03962206, 16.75901, 0.6941886, 0.551697, 0.164956
 
26.30051, 0.001899534, -0.03476252, 5, 0, 10.050616212108321678563935912, 98.43111, -3486.492, -2.961042, 0.001233003, 0.03962206, 16.71794, 0.6939326, 0.551697, 0.164956
 
26.31051, 0.001768085, -0.03474352, 5, 0, 10.113515476192913714423815022, 97.95206, -3486.492, -2.961042, 0.001233003, 0.03962206, 16.67725, 0.6936793, 0.551697, 0.164956
 
26.32051, 0.001634325, -0.03472584, 5, 0, 10.176697256568701054126469770, 97.47874, -3486.492, -2.961042, 0.001233003, 0.03962206, 16.63695, 0.6934287, 0.551697, 0.164956
 
26.33051, 0.00149901, -0.0347095, 5, 0, 10.240160194984297237463031466, 97.01106, -3486.492, -2.961042, 0.001233003, 0.03962206, 16.59703, 0.6931809, 0.551697, 0.164956
 
26.34051, 0.001361814, -0.03469451, 5, 0, 10.303900216685502136264892764, 96.54905, -3486.492, -2.961042, 0.001233003, 0.03962206, 16.5575, 0.6929358, 0.551697, 0.164956
 
26.35051, 0.001222894, -0.03468089, 5, 0, 10.367918679923715793254922780, 96.09272, -3486.492, -2.961042, 0.001233003, 0.03962206, 16.51837, 0.6926935, 0.551697, 0.164956
 
26.36051, 0.0010819, -0.03466866, 5, 0, 10.432211509944738080264514165, 95.64202, -3486.492, -2.961042, 0.001233003, 0.03962206, 16.47962, 0.6924541, 0.551697, 0.164956
 
26.37051, 0.0009395179, -0.03465784, 5, 0, 10.496778706748568997293666921, 95.197, -3486.492, -2.961042, 0.001233003, 0.03962206, 16.44127, 0.6922174, 0.551697, 0.164956
 
26.38051, 0.0007946245, -0.03464844, 5, 0, 10.561617553832408458896642816, 94.7576, -3486.492, -2.961042, 0.001233003, 0.03962206, 16.40332, 0.6919836, 0.551697, 0.164956
 
26.39051, 0.0006487541, -0.0346405, 5, 0, 10.626726692944842839836572306, 94.3238, -3486.492, -2.961042, 0.001233003, 0.03962206, 16.36577, 0.6917527, 0.551697, 0.164956
 
26.40051, 0.000500704, -0.03463401, 5, 0, 10.692102049331712759486849327, 93.89566, -3486.492, -2.961042, 0.001233003, 0.03962206, 16.32862, 0.6915246, 0.551697, 0.164956
 
26.41051, 0.0003501987, -0.03462901, 5, 0, 10.757746339495777555751210828, 93.47313, -3486.492, -2.961042, 0.001233003, 0.03962206, 16.29187, 0.6912994, 0.551697, 0.164956
 
26.42051, 0.0001985168, -0.0346255, 5, 0, 10.823651413928650554806442543, 93.0562, -3486.492, -2.961042, 0.001233003, 0.03962206, 16.25553, 0.6910771, 0.551697, 0.164956
 
26.43051, 4.467377E-05, -0.03462352, 5, 0, 10.889818630881731799375413587, 92.64484, -3486.492, -2.961042, 0.001233003, 0.03962206, 16.21959, 0.6908577, 0.551697, 0.164956
 
26.44051, -0.0001108095, -0.03462307, 5, 0, 10.956245273852234786526386155, 92.23908, -3486.492, -2.961042, 0.001233003, 0.03962206, 16.18406, 0.6906412, 0.551697, 0.164956
 
26.45051, -0.0002682646, -0.03462418, 5, 0, 11.022928626337305100757620308, 91.83889, -3486.492, -2.961042, 0.001233003, 0.03962206, 16.14895, 0.6904277, 0.551697, 0.164956
 
26.46051, -0.0004277508, -0.03462686, 5, 0, 11.089865971834224151707380377, 91.44427, -3486.492, -2.961042, 0.001233003, 0.03962206, 16.11424, 0.6902172, 0.551697, 0.164956
 
26.47051, -0.0005894648, -0.03463114, 5, 0, 11.157054593840137523873926423, 91.05523, -3486.492, -2.961042, 0.001233003, 0.03962206, 16.07996, 0.6900097, 0.551697, 0.164956
 
26.48051, -0.0007531777, -0.03463703, 5, 0, 11.224491775852258714325520640, 90.67173, -3486.492, -2.961042, 0.001233003, 0.03962206, 16.04609, 0.6898052, 0.551697, 0.164956
 
26.49051, -0.000917914, -0.03464456, 5, 0, 11.292174801367787637616424799, 90.29377, -3486.492, -2.961042, 0.001233003, 0.03962206, 16.01263, 0.6896036, 0.551697, 0.164956
 
26.50051, -0.00108561, -0.03465374, 5, 0, 11.360102312135310668509769355, 89.92136, -3486.492, -2.961042, 0.001233003, 0.03962206, 15.9796, 0.6894051, 0.551697, 0.164956
 
26.51051, -0.001254645, -0.0346646, 5, 0, 11.428270233400668426378948243, 89.55447, -3486.492, -2.961042, 0.001233003, 0.03962206, 15.94699, 0.6892096, 0.551697, 0.164956
 
26.52051, -0.001425583, -0.03467714, 5, 0, 11.496677206912420120959091066, 89.19305, -3486.492, -2.961042, 0.001233003, 0.03962206, 15.91481, 0.6890172, 0.551697, 0.164956
 
26.53051, -0.001598229, -0.0346914, 5, 0, 11.565316441413592703663853101, 88.83715, -3486.492, -2.961042, 0.001233003, 0.03962206, 15.88305, 0.6888278, 0.551697, 0.164956
 
26.54051, -0.001773562, -0.03470738, 5, 0, 11.634189295155531887160101753, 88.48676, -3486.492, -2.961042, 0.001233003, 0.03962206, 15.85172, 0.6886415, 0.551697, 0.164956
 
26.55051, -0.001950375, -0.03472512, 5, 0, 11.703291693384119038363232239, 88.14185, -3486.492, -2.961042, 0.001233003, 0.03962206, 15.82081, 0.6884583, 0.551697, 0.164956
 
26.56051, -0.002129471, -0.03474462, 5, 0, 11.772619561345099699048635503, 87.80241, -3486.492, -2.961042, 0.001233003, 0.03962206, 15.79034, 0.6882783, 0.551697, 0.164956
 
26.57051, -0.002310432, -0.03476591, 5, 0, 11.842170182535687366284573740, 87.46841, -3486.492, -2.961042, 0.001233003, 0.03962206, 15.7603, 0.6881013, 0.551697, 0.164956
 
26.58051, -0.002492827, -0.03478902, 5, 0, 11.911940840453081954625308721, 87.13985, -3486.492, -2.961042, 0.001233003, 0.03962206, 15.73069, 0.6879274, 0.551697, 0.164956
 
26.59051, -0.002678109, -0.03481395, 5, 0, 11.981926102091683293179363981, 86.81678, -3486.492, -2.961042, 0.001233003, 0.03962206, 15.70152, 0.6877567, 0.551697, 0.164956
 
26.60051, -0.002864193, -0.03484073, 5, 0, 12.052123250948691296501001289, 86.49908, -3486.492, -2.961042, 0.001233003, 0.03962206, 15.67278, 0.6875891, 0.551697, 0.164956
 
26.61051, -0.003053169, -0.03486937, 5, 0, 12.122529570521305879144482414, 86.18682, -3486.492, -2.961042, 0.001233003, 0.03962206, 15.64448, 0.6874247, 0.551697, 0.164956
 
26.62051, -0.003244128, -0.03489991, 5, 0, 12.193142344306726955664069125, 85.87997, -3486.492, -2.961042, 0.001233003, 0.03962206, 15.61662, 0.6872635, 0.551697, 0.164956
 
26.63051, -0.003436838, -0.03493235, 5, 0, 12.263957497550754397891154074, 85.57849, -3486.492, -2.961042, 0.001233003, 0.03962206, 15.5892, 0.6871054, 0.551697, 0.164956
 
26.64051, -0.003632049, -0.03496671, 5, 0, 12.334969597247788034934260799, 85.28242, -3486.492, -2.961042, 0.001233003, 0.03962206, 15.56223, 0.6869506, 0.551697, 0.164956
 
26.65051, -0.003828617, -0.03500304, 5, 0, 12.406174568643641321138782379, 84.99171, -3486.492, -2.961042, 0.001233003, 0.03962206, 15.53569, 0.6867989, 0.551697, 0.164956
 
26.66051, -0.004027652, -0.03504132, 5, 0, 12.477572411738273508962717534, 84.70637, -3486.492, -2.961042, 0.001233003, 0.03962206, 15.50961, 0.6866504, 0.551697, 0.164956
 
26.67052, -0.004228265, -0.0350816, 5, 0, 12.549159051777525217779460198, 84.42633, -3486.492, -2.961042, 0.001233003, 0.03962206, 15.48396, 0.6865051, 0.551697, 0.164956
 
26.68052, -0.004431158, -0.03512388, 5, 0, 12.620926339252969026223794821, 84.15164, -3486.492, -2.961042, 0.001233003, 0.03962206, 15.45876, 0.6863631, 0.551697, 0.164956
 
26.69052, -0.004636199, -0.03516819, 5, 0, 12.692874274164645681837722687, 83.88229, -3486.492, -2.961042, 0.001233003, 0.03962206, 15.43401, 0.6862243, 0.551697, 0.164956
 
26.70052, -0.004843384, -0.03521455, 5, 0, 12.764996065255514223464896934, 83.61826, -3486.492, -2.961042, 0.001233003, 0.03962206, 15.40971, 0.6860887, 0.551697, 0.164956
 
26.71052, -0.005052336, -0.03526299, 5, 0, 12.837290354274174608382448446, 83.35947, -3486.492, -2.961042, 0.001233003, 0.03962206, 15.38586, 0.6859564, 0.551697, 0.164956
 
26.72052, -0.005263475, -0.03531351, 5, 0, 12.909750349963653788004032501, 83.106, -3486.492, -2.961042, 0.001233003, 0.03962206, 15.36245, 0.6858273, 0.551697, 0.164956
 
26.73052, -0.005476672, -0.03536614, 5, 0, 12.982374694072551719606779982, 82.85779, -3486.492, -2.961042, 0.001233003, 0.03962206, 15.3395, 0.6857014, 0.551697, 0.164956
 
26.74052, -0.00569122, -0.03542091, 5, 0, 13.055156595343841024548344457, 82.61479, -3486.492, -2.961042, 0.001233003, 0.03962206, 15.317, 0.6855788, 0.551697, 0.164956
 
26.75052, -0.005908971, -0.03547782, 5, 0, 13.128093337274735199896988120, 82.37707, -3486.492, -2.961042, 0.001233003, 0.03962206, 15.29495, 0.6854596, 0.551697, 0.164956
 
26.76052, -0.006128308, -0.03553691, 5, 0, 13.201180845111034117484103626, 82.14458, -3486.492, -2.961042, 0.001233003, 0.03962206, 15.27336, 0.6853435, 0.551697, 0.164956
 
26.77052, -0.006349561, -0.0355982, 5, 0, 13.274415044098537649141083626, 81.91728, -3486.492, -2.961042, 0.001233003, 0.03962206, 15.25221, 0.6852307, 0.551697, 0.164956
 
26.78052, -0.006572986, -0.03566169, 5, 0, 13.347791859483032084185320348, 81.69518, -3486.492, -2.961042, 0.001233003, 0.03962206, 15.23153, 0.6851212, 0.551697, 0.164956
 
26.79052, -0.006798717, -0.03572742, 5, 0, 13.421305858258971581781339036, 81.47826, -3486.492, -2.961042, 0.001233003, 0.03962206, 15.2113, 0.685015, 0.551697, 0.164956
 
26.80052, -0.007026511, -0.03579541, 5, 0, 13.494952965672074518676529780, 81.26653, -3486.492, -2.961042, 0.001233003, 0.03962206, 15.19152, 0.6849121, 0.551697, 0.164956
 
26.81052, -0.007255535, -0.03586567, 5, 0, 13.568729106968195096758286942, 81.0599, -3486.492, -2.961042, 0.001233003, 0.03962206, 15.1722, 0.6848124, 0.551697, 0.164956
 
26.82052, -0.007487272, -0.03593823, 5, 0, 13.642630207393119605344002749, 80.85843, -3486.492, -2.961042, 0.001233003, 0.03962206, 15.15333, 0.684716, 0.551697, 0.164956
 
